rank,gene,celltype_id,IDH_status,compartment,deg_is_sig,deg_log2fc,deg_abs_log2fc,deg_neglog10_padj,deg_pct_e2,deg_pct_e1,deg_pct_diff,deg_dir,deg_other_idh_sig,deg_other_idh_same_dir,deg_pooled_log2fc,deg_pooled_sig,deg_n_celltypes_sig,cc_lig_edges,cc_rec_edges,cc_edges_e2,cc_edges_e1,cc_max_prob,cc_mean_prob,cc_max_pval,cc_n_pathways,cc_n_partners,cc_cross_compartment_edges,cc_edges,cc_ephys_bias,cc_edges_total,cc_is_ligand,cc_is_receptor,cc_n_pathways_total,cc_n_celltypes_total,cc_n_cells_e1,cc_n_cells_e2,ctx_n_e1,ctx_n_e2,ctx_min_n,ctx_low_n,deg_cc_concordance,idh_mutant,rule_pass,lit_tier,lit_compartments,lit_hypothesis,lit_reference,label,score,score_sd,top_reasons,status
1,GRIA4,OPC_GABA_like_tumor,IDH_Mutant,tumor,1.0,1.402974154449864,1.402974154449864,204.40813729381244,0.774,0.46,0.314,1.0,1.0,0.0,1.528990554097498,1.0,4.0,0.0,6.0,3.0,3.0,0.0396835918506492,0.011420645031546101,0.0,1.0,2.0,2.0,6.0,0.0,15,0,1,1,4,6741,14114,1658,11741,1658,0,0.0,1,1,2.0,tumor,neuron_tumor,"AMPAR subunit family; Venkatesh et al., Nature 2019",0,0.9445729555477695,0.010725147178826014,cc_n_partners=2 (+1.23); deg_log2fc=1.4 (+0.63); deg_n_celltypes_sig=4 (+0.62),literature tier 2 (unlabeled)
2,GRIK2,cycling_tumor,IDH_Mutant,tumor,1.0,4.395623567045501,4.395623567045501,18.556434461649925,0.39,0.019,0.371,1.0,1.0,1.0,4.631978706508267,1.0,3.0,0.0,3.0,3.0,0.0,0.0065597772960454,0.0031500068338564404,0.0,1.0,2.0,1.0,3.0,1.0,6,0,1,1,2,6410,814,270,136,136,0,1.0,1,1,,,,,0,0.9259531102266241,0.017920455395470155,cc_n_partners=2 (+1.22); deg_log2fc=4.4 (+0.55); deg_n_celltypes_sig=3 (+0.50),novel
3,PDGFRA,cycling_tumor,IDH_WT,tumor,1.0,4.463580373741013,4.463580373741013,300.0,0.664,0.036,0.628,1.0,1.0,1.0,3.948858685997316,1.0,4.0,0.0,2.0,2.0,0.0,0.0119692946711039,0.0077375447327477,0.0,1.0,2.0,1.0,2.0,1.0,6,0,1,1,3,6410,814,5847,663,663,0,1.0,0,1,1.0,tumor,growth,"Brennan et al., Cell 2013; Verhaak et al., Cancer Cell 2010",1,0.9191072852602135,0.04871360508465557,cc_n_partners=2 (+1.23); deg_log2fc=4.46 (+0.67); deg_n_celltypes_sig=4 (+0.64),literature tier 1 (label)
4,GRIA4,cycling_tumor,IDH_Mutant,tumor,1.0,3.821438449183044,3.821438449183044,38.10029134533499,0.654,0.026,0.628,1.0,1.0,1.0,1.8628651002395609,1.0,4.0,0.0,3.0,3.0,0.0,0.0081863349032921,0.003932559284510067,0.0,1.0,2.0,1.0,3.0,1.0,15,0,1,1,4,6410,814,270,136,136,0,1.0,1,1,2.0,tumor,neuron_tumor,"AMPAR subunit family; Venkatesh et al., Nature 2019",0,0.9188703794789778,0.03361977518950981,cc_n_partners=2 (+1.19); deg_log2fc=3.82 (+0.64); deg_n_celltypes_sig=4 (+0.62),literature tier 2 (unlabeled)
5,PDGFRA,OPC_GABA_like_tumor,IDH_Mutant,tumor,1.0,2.0619251384266706,2.0619251384266706,207.62676451085866,0.615,0.183,0.432,1.0,1.0,1.0,2.676631319433065,1.0,4.0,0.0,2.0,2.0,0.0,0.0135999473904176,0.0087930875886892,0.0,1.0,2.0,1.0,2.0,1.0,6,0,1,1,3,6741,14114,1658,11741,1658,0,1.0,1,1,1.0,tumor,growth,"Brennan et al., Cell 2013; Verhaak et al., Cancer Cell 2010",1,0.9183158098543412,0.0344261665852895,cc_n_partners=2 (+1.24); deg_log2fc=2.06 (+0.65); deg_n_celltypes_sig=4 (+0.63),literature tier 1 (label)
6,PDGFRA,OPC_GABA_like_tumor,IDH_WT,tumor,1.0,3.474013477544889,3.474013477544889,300.0,0.758,0.108,0.65,1.0,1.0,1.0,2.676631319433065,1.0,4.0,0.0,2.0,2.0,0.0,0.0135999473904176,0.0087930875886892,0.0,1.0,2.0,1.0,2.0,1.0,6,0,1,1,3,6741,14114,5040,1935,1935,0,1.0,0,1,1.0,tumor,growth,"Brennan et al., Cell 2013; Verhaak et al., Cancer Cell 2010",1,0.9172448907083444,0.04444165277412034,cc_n_partners=2 (+1.23); deg_log2fc=3.47 (+0.65); deg_n_celltypes_sig=4 (+0.64),literature tier 1 (label)
7,PDGFRA,cycling_tumor,IDH_Mutant,tumor,1.0,3.761880760378688,3.761880760378688,30.936948110625547,0.551,0.019,0.532,1.0,1.0,1.0,3.948858685997316,1.0,4.0,0.0,2.0,2.0,0.0,0.0119692946711039,0.0077375447327477,0.0,1.0,2.0,1.0,2.0,1.0,6,0,1,1,3,6410,814,270,136,136,0,1.0,1,1,1.0,tumor,growth,"Brennan et al., Cell 2013; Verhaak et al., Cancer Cell 2010",1,0.9106169190740288,0.045953841879093814,cc_n_partners=2 (+1.23); deg_log2fc=3.76 (+0.64); deg_n_celltypes_sig=4 (+0.62),literature tier 1 (label)
8,GRIA4,AC_like_tumor,IDH_Mutant,tumor,1.0,1.7343749854518906,1.7343749854518906,22.540380180773678,0.442,0.195,0.247,1.0,0.0,0.0,1.4946478019091822,1.0,4.0,0.0,3.0,3.0,0.0,0.0114997280346777,0.0055284985840857335,0.0,1.0,2.0,1.0,3.0,1.0,15,0,1,1,4,72549,446,4249,283,283,0,1.0,1,1,2.0,tumor,neuron_tumor,"AMPAR subunit family; Venkatesh et al., Nature 2019",0,0.9103663925198843,0.03726060314958437,cc_n_partners=2 (+1.21); deg_log2fc=1.73 (+0.63); deg_n_celltypes_sig=4 (+0.62),literature tier 2 (unlabeled)
9,GRIA4,OPC_GABA_AC_like_tumor,IDH_Mutant,tumor,1.0,1.2109919608963953,1.2109919608963953,4.885473816716232,0.295,0.116,0.179,1.0,0.0,0.0,1.374186037740927,1.0,4.0,0.0,3.0,3.0,0.0,0.0019474653876835,0.0009341804119280841,0.0,1.0,2.0,1.0,3.0,1.0,15,0,1,1,4,6202,1012,352,742,352,0,1.0,1,1,2.0,tumor,neuron_tumor,"AMPAR subunit family; Venkatesh et al., Nature 2019",0,0.909739855585664,0.03770440389292812,cc_n_partners=2 (+1.13); deg_n_celltypes_sig=4 (+0.62); deg_log2fc=1.21 (+0.60),literature tier 2 (unlabeled)
10,GRIK2,cycling_tumor,IDH_WT,tumor,1.0,4.528205178189482,4.528205178189482,300.0,0.389,0.012,0.377,1.0,1.0,1.0,4.631978706508267,1.0,2.0,0.0,3.0,3.0,0.0,0.0065597772960454,0.0031500068338564404,0.0,1.0,2.0,1.0,3.0,1.0,6,0,1,1,2,6410,814,5847,663,663,0,1.0,0,1,,,,,0,0.9047587182796951,0.02618249003847861,cc_n_partners=2 (+1.19); deg_log2fc=4.53 (+0.57); cc_cross_compartment_edges=1 (+0.34),novel
11,PDGFRA,AC_like_tumor,IDH_WT,tumor,1.0,4.767666592412518,4.767666592412518,65.41537255550234,0.231,0.016,0.21500000000000002,1.0,1.0,1.0,4.140372631192878,1.0,4.0,0.0,2.0,2.0,0.0,0.0036612226418427,0.0023634613000852,0.0,1.0,2.0,1.0,2.0,1.0,6,0,1,1,3,72549,446,64812,108,108,0,1.0,0,1,1.0,tumor,growth,"Brennan et al., Cell 2013; Verhaak et al., Cancer Cell 2010",1,0.8840382614526074,0.04717152626203454,cc_n_partners=2 (+1.20); deg_log2fc=4.77 (+0.65); deg_n_celltypes_sig=4 (+0.64),literature tier 1 (label)
12,PDGFRA,AC_like_tumor,IDH_Mutant,tumor,1.0,1.4255408215478016,1.4255408215478016,13.220185656542728,0.307,0.123,0.184,1.0,1.0,1.0,4.140372631192878,1.0,4.0,0.0,2.0,2.0,0.0,0.0036612226418427,0.0023634613000852,0.0,1.0,2.0,1.0,2.0,1.0,6,0,1,1,3,72549,446,4249,283,283,0,1.0,1,1,1.0,tumor,growth,"Brennan et al., Cell 2013; Verhaak et al., Cancer Cell 2010",1,0.8837119938027153,0.03978454664205352,cc_n_partners=2 (+1.20); deg_log2fc=1.43 (+0.64); deg_n_celltypes_sig=4 (+0.62),literature tier 1 (label)
13,GRIK2,OPC_GABA_like_tumor,IDH_WT,tumor,1.0,2.355477324856107,2.355477324856107,254.8408924152123,0.415,0.069,0.346,1.0,1.0,1.0,1.945958225080222,1.0,2.0,0.0,3.0,3.0,0.0,0.0104304704349845,0.0050132069452765,0.0,1.0,2.0,1.0,3.0,1.0,6,0,1,1,2,6741,14114,5040,1935,1935,0,1.0,0,1,,,,,0,0.8798985518751126,0.03532655775127578,cc_n_partners=2 (+1.19); deg_log2fc=2.36 (+0.55); cc_cross_compartment_edges=1 (+0.42),novel
14,GRIK2,OPC_GABA_like_tumor,IDH_Mutant,tumor,1.0,0.7077504020705077,0.7077504020705077,46.94851154767892,0.442,0.237,0.20500000000000002,1.0,1.0,1.0,1.945958225080222,1.0,3.0,0.0,3.0,3.0,0.0,0.0104304704349845,0.0050132069452765,0.0,1.0,2.0,1.0,3.0,1.0,6,0,1,1,2,6741,14114,1658,11741,1658,0,1.0,1,1,,,,,0,0.866286804212983,0.025444132881967,cc_n_partners=2 (+1.24); deg_n_celltypes_sig=3 (+0.48); cc_cross_compartment_edges=1 (+0.46),novel
15,GRIA2,cycling_tumor,IDH_Mutant,tumor,1.0,4.653403958396013,4.653403958396013,37.39719059706227,0.647,0.03,0.617,1.0,1.0,1.0,2.6067381794114644,1.0,4.0,0.0,3.0,3.0,0.0,0.0081782421612816,0.003928664324832367,0.0,1.0,2.0,1.0,3.0,1.0,12,0,1,1,3,6410,814,270,136,136,0,1.0,1,1,1.0,tumor,neuron_tumor,"Venkatesh et al., Nature 2019; Venkataramani et al., Nature 2019",1,0.8596723816377922,0.06420187061213932,cc_n_partners=2 (+1.20); deg_log2fc=4.65 (+0.66); deg_n_celltypes_sig=4 (+0.62),literature tier 1 (label)
16,GRIA2,OPC_GABA_like_tumor,IDH_Mutant,tumor,1.0,1.2280166001478816,1.2280166001478816,223.51190941461152,0.857,0.589,0.268,1.0,1.0,1.0,2.0244922440570936,1.0,4.0,0.0,6.0,3.0,3.0,0.0580182501147297,0.01588006951036475,0.0,1.0,2.0,2.0,6.0,0.0,12,0,1,1,3,6741,14114,1658,11741,1658,0,0.0,1,1,1.0,tumor,neuron_tumor,"Venkatesh et al., Nature 2019; Venkataramani et al., Nature 2019",1,0.8581759292742592,0.1467473749935358,cc_n_partners=2 (+1.24); deg_log2fc=1.23 (+0.63); deg_n_celltypes_sig=4 (+0.61),literature tier 1 (label)
17,GRIA4,cycling_tumor,IDH_WT,tumor,1.0,1.3035883785292304,1.3035883785292304,133.11939523115862,0.412,0.074,0.33799999999999997,1.0,1.0,1.0,1.8628651002395609,1.0,2.0,0.0,3.0,3.0,0.0,0.0081863349032921,0.003932559284510067,0.0,1.0,2.0,1.0,3.0,1.0,15,0,1,1,4,6410,814,5847,663,663,0,1.0,0,1,2.0,tumor,neuron_tumor,"AMPAR subunit family; Venkatesh et al., Nature 2019",0,0.834126354419694,0.055571613152696354,cc_n_partners=2 (+1.18); deg_log2fc=1.3 (+0.63); cc_cross_compartment_edges=1 (+0.39),literature tier 2 (unlabeled)
18,SLIT1,OPC_GABA_like_tumor,IDH_Mutant,tumor,1.0,1.4881294612799278,1.4881294612799278,75.18350582055096,0.302,0.071,0.23099999999999998,1.0,1.0,1.0,2.794243236803573,1.0,3.0,2.0,0.0,2.0,0.0,0.0026014314511136,0.00193069735608075,0.0,1.0,2.0,0.0,2.0,1.0,2,1,0,1,1,6741,14114,1658,11741,1658,0,1.0,1,1,,,,,0,0.8327638573715361,0.16926745827727904,cc_n_partners=2 (+1.20); cc_edges_total=2 (+0.85); deg_n_celltypes_sig=3 (+0.49),novel
19,ROBO1,AC_like_tumor,IDH_Mutant,tumor,1.0,0.9483749138816352,0.9483749138816352,3.8017152446429767,0.244,0.123,0.121,1.0,0.0,0.0,2.540399297294049,1.0,3.0,0.0,0.0,0.0,0.0,0.0,0.0,,0.0,0.0,0.0,0.0,,2,0,1,1,2,72549,446,4249,283,283,0,0.0,1,0,,,,,0,0.8130249018055032,0.0722498792796788,cc_edges_total=2 (+0.52); deg_n_celltypes_sig=3 (+0.44); deg_log2fc=0.948 (+0.35),novel
20,NRCAM,OPC_GABA_like_tumor,IDH_Mutant,tumor,1.0,1.3087184686449176,1.3087184686449176,181.6424703645547,0.789,0.517,0.272,1.0,0.0,0.0,0.6672142674371304,1.0,4.0,0.0,4.0,2.0,2.0,0.0122804136302003,0.00784968670479935,0.0,1.0,2.0,0.0,4.0,0.0,12,0,1,1,4,6741,14114,1658,11741,1658,0,0.0,1,1,,,,,0,0.812703539278161,0.15903301745825177,cc_n_partners=2 (+1.23); deg_log2fc=1.31 (+0.62); deg_n_celltypes_sig=4 (+0.62),novel
21,THY1,OPC_GABA_like_tumor,IDH_WT,tumor,1.0,2.4060124996105,2.4060124996105,300.0,0.617,0.102,0.515,1.0,1.0,1.0,2.0397824898375645,1.0,4.0,1.0,0.0,1.0,0.0,0.0075597332050079,0.0075597332050079,0.0,1.0,1.0,1.0,1.0,1.0,2,1,0,1,2,6741,14114,5040,1935,1935,0,1.0,0,1,,,,,0,0.8081018436504177,0.17595730300298199,cc_edges_total=2 (+0.76); deg_n_celltypes_sig=4 (+0.58); deg_log2fc=2.41 (+0.47),novel
22,NRCAM,AC_like_tumor,IDH_Mutant,tumor,1.0,1.418778113763021,1.418778113763021,17.882406924454987,0.495,0.253,0.242,1.0,0.0,0.0,0.6015202490648668,1.0,4.0,0.0,4.0,2.0,2.0,0.0036696350326655,0.00316495639881815,0.0,1.0,2.0,0.0,4.0,0.0,12,0,1,1,4,72549,446,4249,283,283,0,0.0,1,1,,,,,0,0.8076407499204074,0.14995857260596038,cc_n_partners=2 (+1.20); deg_n_celltypes_sig=4 (+0.62); deg_log2fc=1.42 (+0.61),novel
23,THY1,cycling_tumor,IDH_WT,tumor,1.0,2.086533598784398,2.086533598784398,300.0,0.617,0.071,0.546,1.0,1.0,1.0,2.0196759371826856,1.0,4.0,1.0,0.0,1.0,0.0,0.0141911373026763,0.0141911373026763,0.0,1.0,1.0,1.0,1.0,1.0,2,1,0,1,2,6410,814,5847,663,663,0,1.0,0,1,,,,,0,0.8001406284291118,0.1970636049040506,cc_edges_total=2 (+0.75); deg_n_celltypes_sig=4 (+0.57); deg_log2fc=2.09 (+0.46),novel
24,KLRC2,OPC_GABA_like_tumor,IDH_Mutant,tumor,1.0,1.8705339182188103,1.8705339182188103,170.01044008276833,0.563,0.195,0.36799999999999994,1.0,0.0,0.0,3.444669840971268,1.0,3.0,0.0,6.0,6.0,0.0,0.0287367317117394,0.018077051350929785,0.0,1.0,4.0,5.0,6.0,1.0,6,0,1,1,1,6741,14114,1658,11741,1658,0,1.0,1,1,,,,,0,0.7986349812869793,0.045385924069627166,deg_log2fc=1.87 (+0.54); deg_n_celltypes_sig=3 (+0.47); cc_cross_compartment_edges=5 (+0.41),novel
25,GRIA2,AC_like_tumor,IDH_Mutant,tumor,1.0,1.2753291835796072,1.2753291835796072,12.021992749400278,0.452,0.256,0.196,1.0,0.0,0.0,2.218869375056152,1.0,4.0,0.0,3.0,3.0,0.0,0.01334006204483,0.006415987940346833,0.0,1.0,2.0,1.0,3.0,1.0,12,0,1,1,3,72549,446,4249,283,283,0,1.0,1,1,1.0,tumor,neuron_tumor,"Venkatesh et al., Nature 2019; Venkataramani et al., Nature 2019",1,0.797486562965334,0.1393288080590862,cc_n_partners=2 (+1.23); deg_n_celltypes_sig=4 (+0.63); deg_log2fc=1.28 (+0.63),literature tier 1 (label)
26,GRIA4,OPC_GABA_like_tumor,IDH_WT,tumor,1.0,-0.5617661326101477,0.5617661326101477,10.56906676096856,0.343,0.205,0.13800000000000004,-1.0,1.0,0.0,1.528990554097498,1.0,2.0,0.0,6.0,3.0,3.0,0.0396835918506492,0.011420645031546101,0.0,1.0,2.0,2.0,6.0,0.0,15,0,1,1,4,6741,14114,5040,1935,1935,0,-0.0,0,1,2.0,tumor,neuron_tumor,"AMPAR subunit family; Venkatesh et al., Nature 2019",0,0.7752042206452403,0.016905619164273262,cc_n_partners=2 (+1.22); cc_cross_compartment_edges=2 (+0.53); cc_is_ligand=0 (+0.34),literature tier 2 (unlabeled)
27,NCL,TAM1/TAM2/microglia,IDH_Mutant,TAM_microglia,0.0,0.0,0.0,0.0,,,0.0,0.0,0.0,0.0,,0.0,3.0,0.0,14.0,7.0,7.0,0.0999996120429012,0.07275541938109083,0.0,2.0,4.0,14.0,14.0,0.0,70,0,1,2,7,12086,25922,2106,21701,2106,0,0.0,1,0,,,,,0,0.7606760481599888,0.1219778427396353,cc_edges_total=70 (+0.72); cc_cross_compartment_edges=14 (+0.66); deg_n_celltypes_sig=3 (+0.52),novel
28,NRCAM,cycling_tumor,IDH_Mutant,tumor,1.0,3.4835751532088644,3.4835751532088644,26.77674310433104,0.559,0.041,0.518,1.0,1.0,1.0,0.3838670058278617,1.0,4.0,0.0,2.0,2.0,0.0,0.005371724448235,0.005233137050460249,0.0,1.0,2.0,0.0,2.0,1.0,12,0,1,1,4,6410,814,270,136,136,0,1.0,1,1,,,,,0,0.7578487743987145,0.17899186560247402,cc_n_partners=2 (+1.19); deg_log2fc=3.48 (+0.64); deg_n_celltypes_sig=4 (+0.62),novel
29,THY1,OPC_GABA_like_tumor,IDH_Mutant,tumor,1.0,1.6376439269674128,1.6376439269674128,131.8425047459547,0.461,0.129,0.332,1.0,1.0,1.0,2.0397824898375645,1.0,3.0,1.0,0.0,1.0,0.0,0.0075597332050079,0.0075597332050079,0.0,1.0,1.0,1.0,1.0,1.0,2,1,0,1,2,6741,14114,1658,11741,1658,0,1.0,1,1,,,,,0,0.7523582162842478,0.17556261728344355,cc_edges_total=2 (+0.76); deg_log2fc=1.64 (+0.45); deg_n_celltypes_sig=3 (+0.44),novel
30,SLIT1,OPC_GABA_like_tumor,IDH_WT,tumor,1.0,2.292751832614345,2.292751832614345,68.99620307387318,0.128,0.021,0.107,1.0,1.0,1.0,2.794243236803573,1.0,2.0,2.0,0.0,2.0,0.0,0.0026014314511136,0.00193069735608075,0.0,1.0,2.0,0.0,2.0,1.0,2,1,0,1,1,6741,14114,5040,1935,1935,0,1.0,0,1,,,,,0,0.7509397570124687,0.18865810107409242,cc_n_partners=2 (+1.16); cc_edges_total=2 (+0.85); deg_log2fc=2.29 (+0.43),novel
31,BSG,OPC_GABA_like_tumor,IDH_WT,tumor,1.0,1.0060499171543125,1.0060499171543125,184.95248526242392,0.777,0.317,0.46,1.0,0.0,0.0,,0.0,3.0,0.0,26.0,13.0,13.0,0.0371646066923417,0.028620767883067635,0.04,1.0,7.0,10.0,26.0,0.0,56,0,1,1,4,6741,14114,5040,1935,1935,0,0.0,0,1,,,,,0,0.7451212055928864,0.09422695093856745,cc_cross_compartment_edges=10 (+0.62); deg_n_celltypes_sig=3 (+0.54); cc_edges_total=56 (+0.53),novel
32,NCL,cycling_tumor,IDH_Mutant,tumor,1.0,0.5154348925750831,0.5154348925750831,2.8279806111916863,0.853,0.452,0.40099999999999997,1.0,1.0,1.0,0.8838980851522424,1.0,3.0,0.0,16.0,9.0,7.0,0.1944223049077292,0.11037823575024061,0.0,2.0,4.0,0.0,16.0,0.125,70,0,1,2,7,6410,814,270,136,136,0,0.125,1,1,,,,,0,0.7446155562025014,0.13019238535581049,deg_n_celltypes_sig=3 (+0.53); cc_edges_total=70 (+0.41); cc_is_ligand=0 (+0.28),novel
33,THY1,cycling_tumor,IDH_Mutant,tumor,1.0,5.287322438007705,5.287322438007705,17.07447583658411,0.338,0.007,0.331,1.0,1.0,1.0,2.0196759371826856,1.0,3.0,1.0,0.0,1.0,0.0,0.0141911373026763,0.0141911373026763,0.0,1.0,1.0,1.0,1.0,1.0,2,1,0,1,2,6410,814,270,136,136,0,1.0,1,1,,,,,0,0.7410830958988663,0.22642190868913273,cc_edges_total=2 (+0.75); deg_log2fc=5.29 (+0.46); deg_n_celltypes_sig=3 (+0.44),novel
34,NRCAM,OPC_GABA_AC_like_tumor,IDH_Mutant,tumor,1.0,0.6382263569517461,0.6382263569517461,2.0352546465739065,0.309,0.151,0.158,1.0,0.0,0.0,0.435211459282609,1.0,4.0,0.0,2.0,2.0,0.0,0.0028041239019692,0.00273160202415355,0.0,1.0,2.0,0.0,2.0,1.0,12,0,1,1,4,6202,1012,352,742,352,0,1.0,1,1,,,,,0,0.7376962585617266,0.14104015455172988,cc_n_partners=2 (+1.21); deg_n_celltypes_sig=4 (+0.64); deg_log2fc=0.638 (+0.32),novel
35,ROBO1,cycling_tumor,IDH_Mutant,tumor,1.0,3.2409438371447967,3.2409438371447967,18.521222297210237,0.404,0.022,0.382,1.0,1.0,1.0,2.651080049820704,1.0,3.0,0.0,1.0,1.0,0.0,0.0012599632610479,0.0012599632610479,0.0,1.0,1.0,0.0,1.0,1.0,2,0,1,1,2,6410,814,270,136,136,0,1.0,1,1,,,,,0,0.7350465454469863,0.08289943952846625,cc_edges_total=2 (+0.49); deg_n_celltypes_sig=3 (+0.43); deg_log2fc=3.24 (+0.41),novel
36,NCL,OPC_GABA_like_tumor,IDH_Mutant,tumor,1.0,0.5853743688956974,0.5853743688956974,75.52939428058913,0.834,0.706,0.128,1.0,1.0,1.0,0.4633000810855576,1.0,3.0,0.0,18.0,9.0,9.0,0.1742786165151618,0.1032529440862241,0.0,2.0,4.0,0.0,18.0,0.0,70,0,1,2,7,6741,14114,1658,11741,1658,0,0.0,1,1,,,,,0,0.7299068625933198,0.1484996028079474,deg_n_celltypes_sig=3 (+0.52); cc_edges_total=70 (+0.42); cc_is_ligand=0 (+0.27),novel
37,KLRC2,cycling_tumor,IDH_Mutant,tumor,1.0,4.705482006974403,4.705482006974403,16.48061373591137,0.331,0.007,0.324,1.0,0.0,0.0,5.614705635497958,1.0,3.0,0.0,0.0,0.0,0.0,0.0,0.0,,0.0,0.0,0.0,0.0,,6,0,1,1,1,6410,814,270,136,136,0,0.0,1,0,,,,,0,0.728825456282516,0.06377807107290585,deg_log2fc=4.71 (+0.50); deg_n_celltypes_sig=3 (+0.43); cc_is_ligand=0 (+0.30),novel
38,KLRC2,AC_like_tumor,IDH_Mutant,tumor,1.0,2.8021189931330643,2.8021189931330643,38.5073853247511,0.314,0.076,0.238,1.0,0.0,0.0,5.7559447110761335,1.0,3.0,0.0,0.0,0.0,0.0,0.0,0.0,,0.0,0.0,0.0,0.0,,6,0,1,1,1,72549,446,4249,283,283,0,0.0,1,0,,,,,0,0.7283694908893819,0.054164543029816686,deg_log2fc=2.8 (+0.48); deg_n_celltypes_sig=3 (+0.43); cc_is_ligand=0 (+0.30),novel
39,GRIA4,AC_like_tumor,IDH_WT,tumor,0.0,0.0,0.0,0.0,,,0.0,0.0,0.0,0.0,,0.0,2.0,0.0,3.0,3.0,0.0,0.0114997280346777,0.0055284985840857335,0.0,1.0,2.0,1.0,3.0,1.0,15,0,1,1,4,72549,446,64812,108,108,0,0.0,0,0,2.0,tumor,neuron_tumor,"AMPAR subunit family; Venkatesh et al., Nature 2019",0,0.7258834203204384,0.042906780107314635,cc_n_partners=2 (+1.17); cc_cross_compartment_edges=1 (+0.47); cc_is_ligand=0 (+0.33),literature tier 2 (unlabeled)
40,GRIA2,OPC_GABA_like_tumor,IDH_WT,tumor,1.0,0.9728237493385066,0.9728237493385066,191.16403911691194,0.594,0.182,0.412,1.0,1.0,1.0,2.0244922440570936,1.0,2.0,0.0,6.0,3.0,3.0,0.0580182501147297,0.01588006951036475,0.0,1.0,2.0,2.0,6.0,0.0,12,0,1,1,3,6741,14114,5040,1935,1935,0,0.0,0,1,1.0,tumor,neuron_tumor,"Venkatesh et al., Nature 2019; Venkataramani et al., Nature 2019",1,0.7177483954613221,0.21794824671233592,cc_n_partners=2 (+1.23); deg_log2fc=0.973 (+0.62); cc_cross_compartment_edges=2 (+0.53),literature tier 1 (label)
41,GRIA4,OPC_GABA_AC_like_tumor,IDH_WT,tumor,0.0,0.0,0.0,0.0,,,0.0,0.0,0.0,0.0,,0.0,2.0,0.0,3.0,3.0,0.0,0.0019474653876835,0.0009341804119280841,0.0,1.0,2.0,1.0,3.0,1.0,15,0,1,1,4,6202,1012,5384,171,171,0,0.0,0,0,2.0,tumor,neuron_tumor,"AMPAR subunit family; Venkatesh et al., Nature 2019",0,0.7161931638607542,0.03659540944340441,cc_n_partners=2 (+1.10); cc_cross_compartment_edges=1 (+0.43); cc_is_ligand=0 (+0.33),literature tier 2 (unlabeled)
42,GRIA3,cycling_tumor,IDH_Mutant,tumor,1.0,5.380637217529915,5.380637217529915,13.383804944810485,0.287,0.007,0.27999999999999997,1.0,1.0,1.0,1.3787508387172114,1.0,2.0,0.0,3.0,3.0,0.0,0.0040368629211877,0.0019373749634117178,0.0,1.0,2.0,1.0,3.0,1.0,6,0,1,1,2,6410,814,270,136,136,0,1.0,1,1,2.0,tumor,neuron_tumor,"AMPAR subunit family; Venkatesh et al., Nature 2019",0,0.7070110027367574,0.21167710463789327,cc_n_partners=2 (+1.19); deg_log2fc=5.38 (+0.54); cc_is_ligand=0 (+0.36),literature tier 2 (unlabeled)
43,BSG,cycling_tumor,IDH_WT,tumor,1.0,1.634504647128292,1.634504647128292,200.83427001293353,0.851,0.25,0.601,1.0,0.0,0.0,1.472420085272131,1.0,3.0,0.0,13.0,13.0,0.0,0.1356608701322122,0.10899925749619775,0.0,1.0,7.0,5.0,13.0,1.0,56,0,1,1,4,6410,814,5847,663,663,0,1.0,0,1,,,,,0,0.7034863788404406,0.12485548873926759,cc_cross_compartment_edges=5 (+0.55); cc_edges_total=56 (+0.52); deg_n_celltypes_sig=3 (+0.52),novel
44,EGFR,cycling_tumor,IDH_Mutant,tumor,1.0,3.583022084327702,3.583022084327702,35.3294962415499,0.669,0.041,0.628,1.0,1.0,0.0,,0.0,3.0,0.0,4.0,2.0,2.0,0.0064027402138418,0.003551269548778375,0.0,1.0,2.0,4.0,4.0,0.0,14,0,1,1,4,6410,814,270,136,136,0,0.0,1,1,1.0,tumor,growth,"Brennan et al., Cell 2013 (TCGA GBM)",1,0.6998367507148961,0.13309638655649378,cc_n_partners=2 (+1.22); deg_log2fc=3.58 (+0.58); deg_n_celltypes_sig=3 (+0.53),literature tier 1 (label)
45,SLIT1,AC_like_tumor,IDH_Mutant,tumor,1.0,2.6990954050249907,2.6990954050249907,27.0414179322696,0.177,0.032,0.145,1.0,0.0,0.0,4.503828232956093,1.0,3.0,0.0,0.0,0.0,0.0,0.0,0.0,,0.0,0.0,0.0,0.0,,2,1,0,1,1,72549,446,4249,283,283,0,0.0,1,0,,,,,0,0.6963810401201567,0.2595034644262789,cc_edges_total=2 (+0.83); deg_n_celltypes_sig=3 (+0.44); deg_log2fc=2.7 (+0.38),novel
46,TYROBP,TAM1/TAM2/microglia,IDH_WT,TAM_microglia,0.0,0.0,0.0,0.0,,,0.0,0.0,0.0,0.0,,0.0,5.0,0.0,38.0,19.0,19.0,0.2392234722575476,0.08750399753816233,0.03,2.0,7.0,34.0,38.0,0.0,57,0,1,2,2,12086,25922,9696,2745,2745,0,0.0,0,0,2.0,TAM_microglia,myeloid_bridge,TREM2 adaptor (pathway-level),0,0.6933614529829051,0.07208138267632584,cc_edges_total=57 (+0.70); deg_n_celltypes_sig=5 (+0.62); cc_cross_compartment_edges=34 (+0.58),literature tier 2 (unlabeled)
47,GRIA3,cycling_tumor,IDH_WT,tumor,1.0,1.2123710868250694,1.2123710868250694,63.0246063381897,0.252,0.055,0.197,1.0,1.0,1.0,1.3787508387172114,1.0,1.0,0.0,3.0,3.0,0.0,0.0040368629211877,0.0019373749634117178,0.0,1.0,2.0,1.0,3.0,1.0,6,0,1,1,2,6410,814,5847,663,663,0,1.0,0,1,2.0,tumor,neuron_tumor,"AMPAR subunit family; Venkatesh et al., Nature 2019",0,0.6926128659726959,0.21157362780078773,cc_n_partners=2 (+1.19); deg_log2fc=1.21 (+0.53); cc_cross_compartment_edges=1 (+0.35),literature tier 2 (unlabeled)
48,TYROBP,TAM1/TAM2/microglia,IDH_Mutant,TAM_microglia,1.0,-0.7382940458645026,0.7382940458645026,265.51725895517706,0.92,0.973,-0.052999999999999936,-1.0,0.0,0.0,-0.6159331215141179,1.0,6.0,0.0,38.0,19.0,19.0,0.2392234722575476,0.08750399753816233,0.03,2.0,7.0,34.0,38.0,0.0,57,0,1,2,2,12086,25922,2106,21701,2106,0,-0.0,1,1,2.0,TAM_microglia,myeloid_bridge,TREM2 adaptor (pathway-level),0,0.6823517507247083,0.04890748828582001,cc_edges_total=57 (+0.71); cc_cross_compartment_edges=34 (+0.58); deg_n_celltypes_sig=6 (+0.56),literature tier 2 (unlabeled)
49,SLIT1,cycling_tumor,IDH_Mutant,tumor,1.0,1.5041912208461443,1.5041912208461443,1.4560958694825672,0.11,0.007,0.103,1.0,1.0,1.0,2.852813420732657,1.0,3.0,0.0,0.0,0.0,0.0,0.0,0.0,,0.0,0.0,0.0,0.0,,2,1,0,1,1,6410,814,270,136,136,0,0.0,1,0,,,,,0,0.6818673160764444,0.24697320205222226,cc_edges_total=2 (+0.84); deg_n_celltypes_sig=3 (+0.44); deg_log2fc=1.5 (+0.39),novel
50,DLL1,cycling_tumor,IDH_Mutant,tumor,1.0,3.886858107459028,3.886858107459028,2.604609347040156,0.147,0.015,0.132,1.0,1.0,1.0,5.212429076298599,1.0,3.0,2.0,0.0,2.0,0.0,0.000707569088656626,0.0006363527970828948,0.0,1.0,2.0,0.0,2.0,1.0,4,1,0,1,2,6410,814,270,136,136,0,1.0,1,1,,,,,0,0.6769458553700444,0.1686034404881465,cc_n_partners=2 (+1.02); deg_n_celltypes_sig=3 (+0.52); deg_log2fc=3.89 (+0.48),novel
51,GRIA2,cycling_tumor,IDH_WT,tumor,1.0,2.075188020547772,2.075188020547772,187.21850578965217,0.377,0.043,0.334,1.0,1.0,1.0,2.6067381794114644,1.0,2.0,0.0,3.0,3.0,0.0,0.0081782421612816,0.003928664324832367,0.0,1.0,2.0,1.0,3.0,1.0,12,0,1,1,3,6410,814,5847,663,663,0,1.0,0,1,1.0,tumor,neuron_tumor,"Venkatesh et al., Nature 2019; Venkataramani et al., Nature 2019",1,0.6690853039801026,0.14996074307047969,cc_n_partners=2 (+1.19); deg_log2fc=2.08 (+0.64); cc_cross_compartment_edges=1 (+0.39),literature tier 1 (label)
52,EGFR,AC_like_tumor,IDH_Mutant,tumor,1.0,0.9910509980827282,0.9910509980827282,6.212669893078216,0.371,0.2,0.17099999999999999,1.0,0.0,0.0,,0.0,3.0,0.0,4.0,2.0,2.0,0.0139104095399897,0.00775991270306315,0.0,1.0,2.0,4.0,4.0,0.0,14,0,1,1,4,72549,446,4249,283,283,0,0.0,1,1,1.0,tumor,growth,"Brennan et al., Cell 2013 (TCGA GBM)",1,0.6683489355437077,0.15515865178326638,cc_n_partners=2 (+1.26); deg_log2fc=0.991 (+0.58); deg_n_celltypes_sig=3 (+0.53),literature tier 1 (label)
53,THY1,OPC_GABA_AC_like_tumor,IDH_WT,tumor,1.0,2.818797499216989,2.818797499216989,43.1572602022785,0.263,0.035,0.228,1.0,0.0,0.0,2.061025788677575,1.0,4.0,0.0,0.0,0.0,0.0,0.0,0.0,,0.0,0.0,0.0,0.0,,2,1,0,1,2,6202,1012,5384,171,171,0,0.0,0,0,,,,,0,0.6637548933652313,0.28957972897825657,cc_edges_total=2 (+0.81); deg_n_celltypes_sig=4 (+0.59); deg_log2fc=2.82 (+0.41),novel
54,THY1,AC_like_tumor,IDH_WT,tumor,1.0,2.52139659583966,2.52139659583966,2.4490698577526384,0.139,0.04,0.099,1.0,1.0,1.0,2.3596125280247646,1.0,4.0,0.0,0.0,0.0,0.0,0.0,0.0,,0.0,0.0,0.0,0.0,,2,1,0,1,2,72549,446,64812,108,108,0,0.0,0,0,,,,,0,0.6636530451540548,0.27982099226544727,cc_edges_total=2 (+0.83); deg_n_celltypes_sig=4 (+0.57); deg_log2fc=2.52 (+0.41),novel
55,ROBO1,OPC_GABA_AC_like_tumor,IDH_Mutant,tumor,0.0,0.0,0.0,0.0,,,0.0,0.0,0.0,0.0,,0.0,3.0,0.0,0.0,0.0,0.0,0.0,0.0,,0.0,0.0,0.0,0.0,,2,0,1,1,2,6202,1012,352,742,352,0,0.0,1,0,,,,,0,0.649490559225171,0.10685369048589784,cc_edges_total=2 (+0.69); deg_n_celltypes_sig=3 (+0.47); cc_is_ligand=0 (+0.17),novel
56,PCDHGC3,cycling_tumor,IDH_WT,tumor,1.0,2.997778423563167,2.997778423563167,256.31077114322164,0.353,0.023,0.32999999999999996,1.0,1.0,1.0,2.766243443713352,1.0,3.0,1.0,1.0,2.0,0.0,0.000909242078728849,0.000909242078728849,0.0,1.0,1.0,0.0,2.0,1.0,2,1,1,1,1,6410,814,5847,663,663,0,1.0,0,1,,,,,0,0.6486033002204309,0.12258156449189478,cc_edges_total=2 (+0.69); deg_n_celltypes_sig=3 (+0.47); deg_log2fc=3 (+0.41),novel
57,APOE,TAM1/TAM2/microglia,IDH_Mutant,TAM_microglia,1.0,-0.3471822166621594,0.3471822166621594,25.414853480777044,0.985,0.892,0.09299999999999997,-1.0,1.0,1.0,-0.9791405155287736,1.0,5.0,6.0,0.0,3.0,3.0,0.2392234722575476,0.20058439002568906,0.0,1.0,2.0,2.0,6.0,0.0,36,1,0,1,7,12086,25922,2106,21701,2106,0,-0.0,1,1,2.0,TAM_microglia,myeloid_bridge,TAM lipid program (pathway-level),0,0.6475384962639785,0.07426735341368525,cc_n_partners=2 (+1.21); cc_cross_compartment_edges=2 (+0.48); deg_n_celltypes_sig=5 (+0.48),literature tier 2 (unlabeled)
58,APOE,T cell,IDH_WT,T_cell,1.0,0.8944727118022824,0.8944727118022824,14.578698204018728,0.662,0.545,0.11699999999999999,1.0,0.0,0.0,0.935825120187781,1.0,6.0,6.0,0.0,3.0,3.0,0.1125528420381205,0.06786869683633903,0.02,1.0,2.0,6.0,6.0,0.0,36,1,0,1,7,2662,1463,1681,1118,1118,0,0.0,0,1,2.0,TAM_microglia,myeloid_bridge,TAM lipid program (pathway-level),0,0.6398116149653361,0.06362536457906195,cc_n_partners=2 (+1.23); deg_log2fc=0.894 (+0.53); cc_cross_compartment_edges=6 (+0.46),"literature gene, other compartment"
59,BSG,OPC_GABA_AC_like_tumor,IDH_WT,tumor,1.0,1.3234847186944911,1.3234847186944911,14.531889683304207,0.503,0.203,0.3,1.0,1.0,1.0,,0.0,3.0,0.0,11.0,11.0,0.0,0.0364716239047509,0.030268695875044747,0.0,1.0,7.0,3.0,11.0,1.0,56,0,1,1,4,6202,1012,5384,171,171,0,1.0,0,1,,,,,0,0.6393323308523591,0.10245521133440427,cc_cross_compartment_edges=3 (+0.56); cc_edges_total=56 (+0.54); deg_n_celltypes_sig=3 (+0.54),novel
60,APOE,TAM1/TAM2/microglia,IDH_WT,TAM_microglia,1.0,-0.2688031221302287,0.2688031221302287,13.176939930705021,0.995,0.978,0.017000000000000015,-1.0,1.0,1.0,-0.9791405155287736,1.0,6.0,6.0,0.0,3.0,3.0,0.2392234722575476,0.20058439002568906,0.0,1.0,2.0,2.0,6.0,0.0,36,1,0,1,7,12086,25922,9696,2745,2745,0,-0.0,0,1,2.0,TAM_microglia,myeloid_bridge,TAM lipid program (pathway-level),0,0.6249301651540651,0.10447938957051585,cc_n_partners=2 (+1.21); deg_n_celltypes_sig=6 (+0.49); cc_cross_compartment_edges=2 (+0.48),literature tier 2 (unlabeled)
61,NCL,AC_like_tumor,IDH_Mutant,tumor,1.0,0.7528633734722951,0.7528633734722951,13.188503693061056,0.664,0.419,0.24500000000000005,1.0,0.0,0.0,0.580118032400988,1.0,3.0,0.0,10.0,9.0,1.0,0.1384156467333893,0.08741232974037678,0.0,2.0,4.0,0.0,10.0,0.8,70,0,1,2,7,72549,446,4249,283,283,0,0.8,1,1,,,,,0,0.6218616696462461,0.16303391612806706,deg_n_celltypes_sig=3 (+0.51); cc_edges_total=70 (+0.41); cc_is_ligand=0 (+0.28),novel
62,LRRTM3,cycling_tumor,IDH_WT,tumor,1.0,2.229641767151908,2.229641767151908,94.016110190004,0.145,0.011,0.13399999999999998,1.0,1.0,1.0,2.6774603953839025,1.0,2.0,0.0,0.0,0.0,0.0,0.0,0.0,,0.0,0.0,0.0,0.0,,6,0,1,1,1,6410,814,5847,663,663,0,0.0,0,0,,,,,0,0.6212507565551266,0.21928501122174285,deg_log2fc=2.23 (+0.49); cc_is_ligand=0 (+0.35); cc_edges_total=6 (+0.20),novel
63,DLL1,OPC_GABA_like_tumor,IDH_Mutant,tumor,1.0,2.042191813925619,2.042191813925619,65.90282349589543,0.248,0.052,0.196,1.0,1.0,1.0,2.8282909085737167,1.0,3.0,2.0,0.0,2.0,0.0,0.000913646620500901,0.0008217039288996302,0.0,1.0,2.0,0.0,2.0,1.0,4,1,0,1,2,6741,14114,1658,11741,1658,0,1.0,1,1,,,,,0,0.620893838680521,0.1896013956587552,cc_n_partners=2 (+1.03); deg_n_celltypes_sig=3 (+0.52); deg_log2fc=2.04 (+0.50),novel
64,THY1,AC_like_tumor,IDH_Mutant,tumor,1.0,2.3129413973167683,2.3129413973167683,22.475625012904374,0.279,0.084,0.195,1.0,1.0,1.0,2.3596125280247646,1.0,3.0,0.0,0.0,0.0,0.0,0.0,0.0,,0.0,0.0,0.0,0.0,,2,1,0,1,2,72549,446,4249,283,283,0,0.0,1,0,,,,,0,0.6175347313061146,0.27136046217462134,cc_edges_total=2 (+0.81); deg_n_celltypes_sig=3 (+0.45); deg_log2fc=2.31 (+0.40),novel
65,PCDHGC3,OPC_GABA_AC_like_tumor,IDH_WT,tumor,1.0,2.536771371473165,2.536771371473165,16.26857990252447,0.129,0.019,0.11,1.0,0.0,0.0,,0.0,3.0,0.0,0.0,0.0,0.0,0.0,0.0,,0.0,0.0,0.0,0.0,,2,1,1,1,1,6202,1012,5384,171,171,0,0.0,0,0,,,,,0,0.6133340029009378,0.19540973757517263,cc_edges_total=2 (+0.75); deg_n_celltypes_sig=3 (+0.46); deg_log2fc=2.54 (+0.36),novel
66,NCL,OPC_GABA_like_tumor,IDH_WT,tumor,1.0,0.8775570359008116,0.8775570359008116,168.6242011385509,0.9,0.519,0.381,1.0,1.0,1.0,0.4633000810855576,1.0,2.0,0.0,18.0,9.0,9.0,0.1742786165151618,0.1032529440862241,0.0,2.0,4.0,0.0,18.0,0.0,70,0,1,2,7,6741,14114,5040,1935,1935,0,0.0,0,1,,,,,0,0.6131480331132758,0.19095125116347195,cc_edges_total=70 (+0.43); deg_log2fc=0.878 (+0.39); cc_is_ligand=0 (+0.33),novel
67,NCL,TAM1/TAM2/microglia,IDH_WT,TAM_microglia,0.0,0.0,0.0,0.0,,,0.0,0.0,0.0,0.0,,0.0,2.0,0.0,14.0,7.0,7.0,0.0999996120429012,0.07275541938109083,0.0,2.0,4.0,14.0,14.0,0.0,70,0,1,2,7,12086,25922,9696,2745,2745,0,0.0,0,0,,,,,0,0.6115540657886098,0.1322636373601579,cc_edges_total=70 (+0.76); cc_cross_compartment_edges=14 (+0.66); cc_is_ligand=0 (+0.26),novel
68,DAG1,cycling_tumor,IDH_Mutant,tumor,1.0,2.3691077077899365,2.3691077077899365,7.607543301074982,0.257,0.026,0.231,1.0,1.0,1.0,1.150522854828894,1.0,2.0,0.0,6.0,6.0,0.0,0.0134431326010437,0.004370217139411733,0.0,1.0,4.0,0.0,6.0,1.0,6,0,1,1,1,6410,814,270,136,136,0,1.0,1,1,,,,,0,0.6090524292699047,0.07491238057134081,deg_log2fc=2.37 (+0.56); cc_is_ligand=0 (+0.35); cc_edges_total=6 (+0.21),novel
69,NCL,cycling_tumor,IDH_WT,tumor,1.0,0.9511838022011868,0.9511838022011868,81.64712147971439,0.908,0.51,0.398,1.0,1.0,1.0,0.8838980851522424,1.0,2.0,0.0,16.0,9.0,7.0,0.1944223049077292,0.11037823575024061,0.0,2.0,4.0,0.0,16.0,0.125,70,0,1,2,7,6410,814,5847,663,663,0,0.125,0,1,,,,,0,0.6087980326671686,0.2110754469391839,cc_edges_total=70 (+0.43); deg_log2fc=0.951 (+0.41); cc_is_ligand=0 (+0.33),novel
70,NRXN1,cycling_tumor,IDH_Mutant,tumor,1.0,3.708429971077246,3.708429971077246,44.15627315584702,0.779,0.048,0.731,1.0,1.0,1.0,2.043076640812517,1.0,3.0,10.0,0.0,10.0,0.0,0.0028593048615199,0.0017488561969960198,0.0,1.0,3.0,0.0,10.0,1.0,50,1,0,1,4,6410,814,270,136,136,0,1.0,1,1,2.0,tumor,neuron_tumor,Presynaptic partner of NLGN3 (pathway-level),0,0.6027860719125133,0.13885041494072958,deg_n_celltypes_sig=3 (+0.53); deg_log2fc=3.71 (+0.48); cc_edges_total=50 (+0.27),literature tier 2 (unlabeled)
71,GRIA3,OPC_GABA_like_tumor,IDH_Mutant,tumor,0.0,0.0,0.0,0.0,,,0.0,0.0,0.0,0.0,,0.0,2.0,0.0,3.0,3.0,0.0,0.0082709493177436,0.003973284274476866,0.0,1.0,2.0,1.0,3.0,1.0,6,0,1,1,2,6741,14114,1658,11741,1658,0,0.0,1,0,2.0,tumor,neuron_tumor,"AMPAR subunit family; Venkatesh et al., Nature 2019",0,0.5993852170161782,0.10532798022598748,cc_n_partners=2 (+1.18); cc_cross_compartment_edges=1 (+0.40); cc_is_ligand=0 (+0.32),literature tier 2 (unlabeled)
72,SLIT1,cycling_tumor,IDH_WT,tumor,1.0,3.0824325708061653,3.0824325708061653,119.62328321696671,0.143,0.006,0.13699999999999998,1.0,1.0,1.0,2.852813420732657,1.0,2.0,0.0,0.0,0.0,0.0,0.0,0.0,,0.0,0.0,0.0,0.0,,2,1,0,1,1,6410,814,5847,663,663,0,0.0,0,0,,,,,0,0.5934097086036189,0.22522570663198943,cc_edges_total=2 (+0.83); deg_log2fc=3.08 (+0.40); deg_pct_diff=0.137 (+0.17),novel
73,PDGFRA,OPC_GABA_AC_like_tumor,IDH_WT,tumor,1.0,4.321853541570501,4.321853541570501,101.86863129492527,0.298,0.019,0.27899999999999997,1.0,1.0,1.0,2.445327706295491,1.0,4.0,0.0,0.0,0.0,0.0,0.0,0.0,,0.0,0.0,0.0,0.0,,6,0,1,1,3,6202,1012,5384,171,171,0,0.0,0,0,1.0,tumor,growth,"Brennan et al., Cell 2013; Verhaak et al., Cancer Cell 2010",1,0.5893666336927497,0.11363545166754357,deg_log2fc=4.32 (+0.62); deg_n_celltypes_sig=4 (+0.58); cc_is_ligand=0 (+0.33),literature tier 1 (label)
74,PCDHGA10,cycling_tumor,IDH_Mutant,tumor,1.0,3.7778153773002607,3.7778153773002607,6.261467363513313,0.213,0.019,0.194,1.0,1.0,1.0,2.410925101596722,1.0,1.0,0.0,0.0,0.0,0.0,0.0,0.0,,0.0,0.0,0.0,0.0,,2,1,1,1,1,6410,814,270,136,136,0,0.0,1,0,,,,,0,0.5840355040878034,0.14109315653223564,cc_edges_total=2 (+0.71); deg_log2fc=3.78 (+0.40); deg_pct_diff=0.194 (+0.15),novel
75,MPZL1,cycling_tumor,IDH_WT,tumor,1.0,2.127937477347736,2.127937477347736,191.79615545642392,0.493,0.081,0.412,1.0,0.0,0.0,1.8598006636625044,1.0,4.0,2.0,2.0,4.0,0.0,0.0023450528994386,0.0022104610097024,0.0,1.0,2.0,2.0,4.0,1.0,8,1,1,1,2,6410,814,5847,663,663,0,1.0,0,1,,,,,0,0.5840300747621578,0.19867682995709465,cc_n_partners=2 (+1.20); deg_n_celltypes_sig=4 (+0.65); deg_log2fc=2.13 (+0.52),novel
76,ITGAV,TAM1/TAM2/microglia,IDH_Mutant,TAM_microglia,1.0,1.4214269757136222,1.4214269757136222,51.61833925135819,0.299,0.138,0.16099999999999998,1.0,1.0,1.0,0.4690205660040947,1.0,3.0,0.0,12.0,12.0,0.0,0.0342673920775937,0.01516661356754101,0.0,2.0,7.0,10.0,12.0,1.0,39,0,1,3,3,12086,25922,2106,21701,2106,0,1.0,1,1,,,,,0,0.5831008891121601,0.11210862862208566,deg_log2fc=1.42 (+0.63); deg_n_celltypes_sig=3 (+0.52); cc_cross_compartment_edges=10 (+0.41),novel
77,GRIA2,OPC_GABA_AC_like_tumor,IDH_Mutant,tumor,1.0,1.0039010485398163,1.0039010485398163,3.086937256619465,0.276,0.119,0.15700000000000003,1.0,0.0,0.0,2.0500061429439427,1.0,4.0,0.0,0.0,0.0,0.0,0.0,0.0,,0.0,0.0,0.0,0.0,,12,0,1,1,3,6202,1012,352,742,352,0,0.0,1,0,1.0,tumor,neuron_tumor,"Venkatesh et al., Nature 2019; Venkataramani et al., Nature 2019",1,0.5819880890335294,0.12869949011651852,deg_log2fc=1 (+0.58); deg_n_celltypes_sig=4 (+0.57); cc_is_ligand=0 (+0.32),literature tier 1 (label)
78,GRIA3,OPC_GABA_like_tumor,IDH_WT,tumor,0.0,0.0,0.0,0.0,,,0.0,0.0,0.0,0.0,,0.0,1.0,0.0,3.0,3.0,0.0,0.0082709493177436,0.003973284274476866,0.0,1.0,2.0,1.0,3.0,1.0,6,0,1,1,2,6741,14114,5040,1935,1935,0,0.0,0,0,2.0,tumor,neuron_tumor,"AMPAR subunit family; Venkatesh et al., Nature 2019",0,0.5810964394581564,0.10675354844415906,cc_n_partners=2 (+1.18); cc_cross_compartment_edges=1 (+0.40); cc_is_ligand=0 (+0.29),literature tier 2 (unlabeled)
79,SLIT1,OPC_GABA_AC_like_tumor,IDH_Mutant,tumor,0.0,0.0,0.0,0.0,,,0.0,0.0,0.0,0.0,,0.0,3.0,0.0,0.0,0.0,0.0,0.0,0.0,,0.0,0.0,0.0,0.0,,2,1,0,1,1,6202,1012,352,742,352,0,0.0,1,0,,,,,0,0.5801170517156244,0.27817562059232825,cc_edges_total=2 (+1.01); deg_n_celltypes_sig=3 (+0.47); cc_n_cells_e1=6.2e+03 (+0.13),novel
80,MPZL1,TAM1/TAM2/microglia,IDH_WT,TAM_microglia,1.0,0.5439794830751375,0.5439794830751375,13.78804312919027,0.198,0.13,0.068,1.0,1.0,1.0,0.9956801272371408,1.0,4.0,2.0,2.0,4.0,0.0,0.0020758691199662,0.0019566982996453,0.0,1.0,2.0,2.0,4.0,1.0,8,1,1,1,2,12086,25922,9696,2745,2745,0,1.0,0,1,,,,,0,0.5780478034580352,0.21059762139881386,cc_n_partners=2 (+1.21); deg_n_celltypes_sig=4 (+0.64); cc_cross_compartment_edges=2 (+0.30),novel
81,PDGFRA,OPC_GABA_AC_like_tumor,IDH_Mutant,tumor,1.0,0.8930651334301924,0.8930651334301924,2.9745111319393667,0.222,0.08,0.14200000000000002,1.0,1.0,1.0,2.445327706295491,1.0,4.0,0.0,0.0,0.0,0.0,0.0,0.0,,0.0,0.0,0.0,0.0,,6,0,1,1,3,6202,1012,352,742,352,0,0.0,1,0,1.0,tumor,growth,"Brennan et al., Cell 2013; Verhaak et al., Cancer Cell 2010",1,0.5762949229880316,0.08708557891865144,deg_n_celltypes_sig=4 (+0.56); deg_log2fc=0.893 (+0.51); cc_is_ligand=0 (+0.32),literature tier 1 (label)
82,EGFR,OPC_GABA_like_tumor,IDH_Mutant,tumor,1.0,0.9416551344956996,0.9416551344956996,60.08480607195075,0.613,0.427,0.186,1.0,1.0,0.0,-2.881688130255577,1.0,3.0,0.0,4.0,2.0,2.0,0.0324842206972956,0.01927997356641785,0.0,1.0,2.0,4.0,4.0,0.0,14,0,1,1,4,6741,14114,1658,11741,1658,0,0.0,1,1,1.0,tumor,growth,"Brennan et al., Cell 2013 (TCGA GBM)",1,0.5748474377214703,0.13958159949769583,cc_n_partners=2 (+1.26); cc_cross_compartment_edges=4 (+0.52); deg_n_celltypes_sig=3 (+0.51),literature tier 1 (label)
83,ROBO1,OPC_GABA_like_tumor,IDH_Mutant,tumor,1.0,1.2380361790727927,1.2380361790727927,59.073468799273066,0.439,0.238,0.201,1.0,1.0,1.0,1.9488059339044457,1.0,3.0,0.0,1.0,1.0,0.0,0.0026014314511136,0.0026014314511136,0.0,1.0,1.0,0.0,1.0,1.0,2,0,1,1,2,6741,14114,1658,11741,1658,0,1.0,1,1,,,,,0,0.5737118814954318,0.07835680837755375,cc_edges_total=2 (+0.51); deg_log2fc=1.24 (+0.44); deg_n_celltypes_sig=3 (+0.41),novel
84,CD4,OPC_GABA_AC_like_tumor,IDH_WT,tumor,0.0,0.0,0.0,0.0,,,0.0,0.0,0.0,0.0,,0.0,1.0,0.0,0.0,0.0,0.0,0.0,0.0,,0.0,0.0,0.0,0.0,,88,0,1,1,1,6202,1012,5384,171,171,0,0.0,0,0,2.0,T_cell,immune_synapse,MHC-II co-receptor (pathway-level),0,0.5716353175546619,0.07402705392986485,cc_edges_total=88 (+0.71); cc_is_ligand=0 (+0.30); cc_n_cells_e1=6.2e+03 (+0.14),"literature gene, other compartment"
85,GRIK2,AC_like_tumor,IDH_Mutant,tumor,1.0,0.5109836578628133,0.5109836578628133,5.752684337080595,0.247,0.111,0.136,1.0,0.0,0.0,3.416141471364228,1.0,3.0,0.0,0.0,0.0,0.0,0.0,0.0,,0.0,0.0,0.0,0.0,,6,0,1,1,2,72549,446,4249,283,283,0,0.0,1,0,,,,,0,0.571531788360297,0.10135460712378655,deg_n_celltypes_sig=3 (+0.47); cc_is_ligand=0 (+0.29); deg_pct_diff=0.136 (+0.19),novel
86,CD4,AC_like_tumor,IDH_Mutant,tumor,0.0,0.0,0.0,0.0,,,0.0,0.0,0.0,0.0,,0.0,1.0,0.0,0.0,0.0,0.0,0.0,0.0,,0.0,0.0,0.0,0.0,,88,0,1,1,1,72549,446,4249,283,283,0,0.0,1,0,2.0,T_cell,immune_synapse,MHC-II co-receptor (pathway-level),0,0.5689628479060589,0.07866403103307623,cc_edges_total=88 (+0.71); cc_is_ligand=0 (+0.30); cc_n_cells_e1=7.25e+04 (+0.13),"literature gene, other compartment"
87,ROBO1,TAM1/TAM2/microglia,IDH_Mutant,TAM_microglia,0.0,0.0,0.0,0.0,,,0.0,0.0,0.0,0.0,,0.0,3.0,0.0,0.0,0.0,0.0,0.0,0.0,,0.0,0.0,0.0,0.0,,2,0,1,1,2,12086,25922,2106,21701,2106,0,0.0,1,0,,,,,0,0.568429120471149,0.13111977806147457,cc_edges_total=2 (+0.70); deg_n_celltypes_sig=3 (+0.47); cc_n_cells_e1=1.21e+04 (+0.14),novel
88,CD4,cycling_tumor,IDH_WT,tumor,0.0,0.0,0.0,0.0,,,0.0,0.0,0.0,0.0,,0.0,1.0,0.0,0.0,0.0,0.0,0.0,0.0,,0.0,0.0,0.0,0.0,,88,0,1,1,1,6410,814,5847,663,663,0,0.0,0,0,2.0,T_cell,immune_synapse,MHC-II co-receptor (pathway-level),0,0.565968286214955,0.07643639401176186,cc_edges_total=88 (+0.71); cc_is_ligand=0 (+0.30); cc_n_cells_e1=6.41e+03 (+0.13),"literature gene, other compartment"
89,PCDHGC3,cycling_tumor,IDH_Mutant,tumor,1.0,2.8886950190210867,2.8886950190210867,2.231402592410646,0.11,0.004,0.106,1.0,1.0,1.0,2.766243443713352,1.0,2.0,1.0,1.0,2.0,0.0,0.000909242078728849,0.000909242078728849,0.0,1.0,1.0,0.0,2.0,1.0,2,1,1,1,1,6410,814,270,136,136,0,1.0,1,1,,,,,0,0.5656928607772688,0.10648088034461949,cc_edges_total=2 (+0.71); deg_log2fc=2.89 (+0.42); deg_pct_diff=0.106 (+0.16),novel
90,SORT1,cycling_tumor,IDH_WT,tumor,1.0,0.4802925311537963,0.4802925311537963,47.401025083636924,0.344,0.11,0.23399999999999999,1.0,0.0,0.0,0.3962583541004341,1.0,3.0,0.0,3.0,3.0,0.0,0.005960292884092,0.004312044914191967,0.0,1.0,2.0,2.0,3.0,1.0,3,0,1,1,1,6410,814,5847,663,663,0,1.0,0,1,,,,,0,0.5656461845663563,0.13976261503500048,cc_n_partners=2 (+1.22); deg_n_celltypes_sig=3 (+0.51); cc_cross_compartment_edges=2 (+0.31),novel
91,CD4,AC_like_tumor,IDH_WT,tumor,0.0,0.0,0.0,0.0,,,0.0,0.0,0.0,0.0,,0.0,1.0,0.0,0.0,0.0,0.0,0.0,0.0,,0.0,0.0,0.0,0.0,,88,0,1,1,1,72549,446,64812,108,108,0,0.0,0,0,2.0,T_cell,immune_synapse,MHC-II co-receptor (pathway-level),0,0.5644419848799742,0.07949209718116027,cc_edges_total=88 (+0.71); cc_is_ligand=0 (+0.30); cc_n_cells_e1=7.25e+04 (+0.13),"literature gene, other compartment"
92,BSG,TAM1/TAM2/microglia,IDH_WT,TAM_microglia,0.0,0.0,0.0,0.0,,,0.0,0.0,0.0,0.0,,0.0,3.0,0.0,0.0,0.0,0.0,0.0,0.0,,0.0,0.0,0.0,0.0,,56,0,1,1,4,12086,25922,9696,2745,2745,0,0.0,0,0,,,,,0,0.5640062329787066,0.08791687775164962,cc_edges_total=56 (+0.70); deg_n_celltypes_sig=3 (+0.50); cc_is_ligand=0 (+0.25),novel
93,APOE,OPC_GABA_like_tumor,IDH_WT,tumor,1.0,-2.254642753807273,2.254642753807273,11.809222181100063,0.411,0.416,-0.0050000000000000044,-1.0,1.0,1.0,-4.072788361263858,1.0,6.0,6.0,0.0,3.0,3.0,0.1006178802379461,0.052596146898227066,0.04,1.0,2.0,6.0,6.0,0.0,36,1,0,1,7,6741,14114,5040,1935,1935,0,-0.0,0,1,2.0,TAM_microglia,myeloid_bridge,TAM lipid program (pathway-level),0,0.5639149325029745,0.18301995958677675,cc_n_partners=2 (+1.21); deg_n_celltypes_sig=6 (+0.47); cc_cross_compartment_edges=6 (+0.46),"literature gene, other compartment"
94,ROBO1,cycling_tumor,IDH_WT,tumor,1.0,2.5105739662255626,2.5105739662255626,175.6872582312553,0.279,0.023,0.256,1.0,1.0,1.0,2.651080049820704,1.0,2.0,0.0,1.0,1.0,0.0,0.0012599632610479,0.0012599632610479,0.0,1.0,1.0,0.0,1.0,1.0,2,0,1,1,2,6410,814,5847,663,663,0,1.0,0,1,,,,,0,0.5590282290301467,0.07251259391941772,cc_edges_total=2 (+0.49); deg_log2fc=2.51 (+0.43); cc_is_ligand=0 (+0.22),novel
95,PCDHGC3,OPC_GABA_like_tumor,IDH_WT,tumor,1.0,2.1005042395025733,2.1005042395025733,247.05046728195472,0.421,0.075,0.346,1.0,1.0,0.0,0.5451015335846257,1.0,3.0,0.0,0.0,0.0,0.0,0.0,0.0,,0.0,0.0,0.0,0.0,,2,1,1,1,1,6741,14114,5040,1935,1935,0,0.0,0,0,,,,,0,0.5567025375581804,0.2058121528479857,cc_edges_total=2 (+0.71); deg_n_celltypes_sig=3 (+0.45); deg_log2fc=2.1 (+0.40),novel
96,CD4,OPC_GABA_AC_like_tumor,IDH_Mutant,tumor,0.0,0.0,0.0,0.0,,,0.0,0.0,0.0,0.0,,0.0,1.0,0.0,0.0,0.0,0.0,0.0,0.0,,0.0,0.0,0.0,0.0,,88,0,1,1,1,6202,1012,352,742,352,0,0.0,1,0,2.0,T_cell,immune_synapse,MHC-II co-receptor (pathway-level),0,0.5565983159995547,0.07886803854361328,cc_edges_total=88 (+0.71); cc_is_ligand=0 (+0.30); cc_n_cells_e1=6.2e+03 (+0.14),"literature gene, other compartment"
97,APP,OPC_GABA_like_tumor,IDH_Mutant,tumor,1.0,-0.3167626362650033,0.3167626362650033,7.989395620186939,0.665,0.7,-0.03499999999999992,-1.0,0.0,0.0,,0.0,3.0,26.0,0.0,13.0,13.0,0.1172844910109071,0.0531219860188931,0.0,1.0,6.0,20.0,26.0,0.0,78,1,0,1,4,6741,14114,1658,11741,1658,0,-0.0,1,1,,,,,0,0.551887809819475,0.12792875040665597,cc_edges_total=78 (+0.63); cc_cross_compartment_edges=20 (+0.61); deg_n_celltypes_sig=3 (+0.57),novel
98,CD44,OPC_GABA_AC_like_tumor,IDH_WT,tumor,0.0,0.0,0.0,0.0,,,0.0,0.0,0.0,0.0,,0.0,4.0,0.0,0.0,0.0,0.0,0.0,0.0,,0.0,0.0,0.0,0.0,,48,0,1,4,1,6202,1012,5384,171,171,0,0.0,0,0,1.0,tumor,myeloid_bridge,"Pietras et al., Cell Stem Cell 2014",1,0.5502652689664059,0.07282610908185008,cc_edges_total=48 (+1.92); deg_n_celltypes_sig=4 (+0.50); cc_n_pathways_total=4 (+0.49),literature tier 1 (label)
99,APP,AC_like_tumor,IDH_Mutant,tumor,0.0,0.0,0.0,0.0,,,0.0,0.0,0.0,0.0,,0.0,3.0,20.0,0.0,10.0,10.0,0.0466729998846793,0.02494242887230293,0.04,1.0,4.0,16.0,20.0,0.0,78,1,0,1,4,72549,446,4249,283,283,0,0.0,1,0,,,,,0,0.5501458415582705,0.1538905001377463,cc_edges_total=78 (+0.63); cc_cross_compartment_edges=16 (+0.62); deg_n_celltypes_sig=3 (+0.58),novel
100,NCAM1,cycling_tumor,IDH_WT,tumor,1.0,2.4549849661677747,2.4549849661677747,300.0,0.691,0.094,0.597,1.0,1.0,1.0,2.6541876782611045,1.0,4.0,6.0,5.0,11.0,0.0,0.0539088305225066,0.022144309504525565,0.0,1.0,4.0,0.0,11.0,1.0,55,1,1,1,4,6410,814,5847,663,663,0,1.0,0,1,2.0,tumor,neuron_tumor,Synaptic adhesion (pathway-level),0,0.5489690251648394,0.24144862853242646,deg_n_celltypes_sig=4 (+0.80); deg_log2fc=2.45 (+0.53); cc_edges_total=55 (+0.26),literature tier 2 (unlabeled)
101,DAG1,cycling_tumor,IDH_WT,tumor,1.0,1.1621359187782838,1.1621359187782838,127.72158240460338,0.463,0.096,0.367,1.0,1.0,1.0,1.150522854828894,1.0,1.0,0.0,6.0,6.0,0.0,0.0134431326010437,0.004370217139411733,0.0,1.0,4.0,0.0,6.0,1.0,6,0,1,1,1,6410,814,5847,663,663,0,1.0,0,1,,,,,0,0.5442341701906384,0.09350810498628741,deg_log2fc=1.16 (+0.56); cc_is_ligand=0 (+0.31); cc_edges_total=6 (+0.21),novel
102,LRRTM3,cycling_tumor,IDH_Mutant,tumor,1.0,5.510581338267147,5.510581338267147,10.916043997926128,0.25,0.007,0.243,1.0,1.0,1.0,2.6774603953839025,1.0,1.0,0.0,0.0,0.0,0.0,0.0,0.0,,0.0,0.0,0.0,0.0,,6,0,1,1,1,6410,814,270,136,136,0,0.0,1,0,,,,,0,0.5434542331970309,0.22504716676671468,deg_log2fc=5.51 (+0.52); cc_is_ligand=0 (+0.32); cc_edges_total=6 (+0.19),novel
103,HAVCR2,AC_like_tumor,IDH_Mutant,tumor,0.0,0.0,0.0,0.0,,,0.0,0.0,0.0,0.0,,0.0,3.0,0.0,0.0,0.0,0.0,0.0,0.0,,0.0,0.0,0.0,0.0,,2,0,1,1,1,72549,446,4249,283,283,0,0.0,1,0,1.0,T_cell,immune_synapse,"Kim et al., Clin Cancer Res 2017",0,0.5424748497271739,0.0360612810486718,cc_edges_total=2 (+0.70); deg_n_celltypes_sig=3 (+0.45); cc_is_ligand=0 (+0.16),"literature gene, other compartment"
104,CD44,AC_like_tumor,IDH_WT,tumor,0.0,0.0,0.0,0.0,,,0.0,0.0,0.0,0.0,,0.0,4.0,0.0,0.0,0.0,0.0,0.0,0.0,,0.0,0.0,0.0,0.0,,48,0,1,4,1,72549,446,64812,108,108,0,0.0,0,0,1.0,tumor,myeloid_bridge,"Pietras et al., Cell Stem Cell 2014",1,0.5423699470379784,0.07444311866946077,cc_edges_total=48 (+1.92); deg_n_celltypes_sig=4 (+0.50); cc_n_pathways_total=4 (+0.49),literature tier 1 (label)
105,LRRTM2,cycling_tumor,IDH_Mutant,tumor,1.0,4.007836668405867,4.007836668405867,5.2846177479249645,0.169,0.007,0.162,1.0,1.0,1.0,1.001053071696476,1.0,3.0,0.0,6.0,6.0,0.0,0.0103806915753576,0.00337061154555855,0.0,1.0,4.0,0.0,6.0,1.0,12,0,1,1,2,6410,814,270,136,136,0,1.0,1,1,,,,,0,0.5411503618505378,0.12896616375826492,deg_log2fc=4.01 (+0.54); deg_n_celltypes_sig=3 (+0.48); cc_is_ligand=0 (+0.32),novel
106,APP,OPC_GABA_AC_like_tumor,IDH_Mutant,tumor,0.0,0.0,0.0,0.0,,,0.0,0.0,0.0,0.0,,0.0,3.0,19.0,0.0,9.0,10.0,0.0432295489429381,0.021942976615914607,0.02,1.0,4.0,16.0,19.0,-0.05263157894736842,78,1,0,1,4,6202,1012,352,742,352,0,-0.0,1,0,,,,,0,0.5411056910050619,0.1509672930654806,cc_edges_total=78 (+0.63); cc_cross_compartment_edges=16 (+0.62); deg_n_celltypes_sig=3 (+0.58),novel
107,NRXN1,TAM1/TAM2/microglia,IDH_Mutant,TAM_microglia,0.0,0.0,0.0,0.0,,,0.0,0.0,0.0,0.0,,0.0,3.0,0.0,0.0,0.0,0.0,0.0,0.0,,0.0,0.0,0.0,0.0,,50,1,0,1,4,12086,25922,2106,21701,2106,0,0.0,1,0,2.0,tumor,neuron_tumor,Presynaptic partner of NLGN3 (pathway-level),0,0.5404903031037994,0.1996327282041085,cc_edges_total=50 (+0.60); deg_n_celltypes_sig=3 (+0.50); cc_n_cells_e1=1.21e+04 (+0.16),"literature gene, other compartment"
108,NLGN1,cycling_tumor,IDH_WT,tumor,1.0,1.8692054620801803,1.8692054620801803,214.48714471695223,0.472,0.062,0.41,1.0,1.0,1.0,2.041365180521054,1.0,2.0,0.0,6.0,6.0,0.0,0.0149916283128588,0.004876576865905467,0.0,1.0,4.0,0.0,6.0,1.0,18,0,1,1,3,6410,814,5847,663,663,0,1.0,0,1,2.0,tumor,neuron_tumor,Neuroligin family (pathway-level),0,0.5400263316080481,0.14799382462031566,deg_log2fc=1.87 (+0.65); cc_is_ligand=0 (+0.35); deg_pct_diff=0.41 (+0.15),literature tier 2 (unlabeled)
109,NCAM1,AC_like_tumor,IDH_WT,tumor,1.0,1.2998359248681246,1.2998359248681246,1.8793646417452232,0.213,0.079,0.134,1.0,1.0,1.0,2.194451284307587,1.0,4.0,6.0,5.0,11.0,0.0,0.0240611309936104,0.009776743985464673,0.0,1.0,4.0,0.0,11.0,1.0,55,1,1,1,4,72549,446,64812,108,108,0,1.0,0,1,2.0,tumor,neuron_tumor,Synaptic adhesion (pathway-level),0,0.5399455782973357,0.25319911353883423,deg_n_celltypes_sig=4 (+0.79); deg_log2fc=1.3 (+0.52); cc_edges_total=55 (+0.26),literature tier 2 (unlabeled)
110,HAVCR2,OPC_GABA_AC_like_tumor,IDH_Mutant,tumor,0.0,0.0,0.0,0.0,,,0.0,0.0,0.0,0.0,,0.0,3.0,0.0,0.0,0.0,0.0,0.0,0.0,,0.0,0.0,0.0,0.0,,2,0,1,1,1,6202,1012,352,742,352,0,0.0,1,0,1.0,T_cell,immune_synapse,"Kim et al., Clin Cancer Res 2017",0,0.5373179326739075,0.033361281381225044,cc_edges_total=2 (+0.70); deg_n_celltypes_sig=3 (+0.45); cc_is_ligand=0 (+0.16),"literature gene, other compartment"
111,SLIT1,TAM1/TAM2/microglia,IDH_Mutant,TAM_microglia,0.0,0.0,0.0,0.0,,,0.0,0.0,0.0,0.0,,0.0,3.0,0.0,0.0,0.0,0.0,0.0,0.0,,0.0,0.0,0.0,0.0,,2,1,0,1,1,12086,25922,2106,21701,2106,0,0.0,1,0,,,,,0,0.5365871228050809,0.26279398810389965,cc_edges_total=2 (+1.02); deg_n_celltypes_sig=3 (+0.47); cc_n_cells_e1=1.21e+04 (+0.13),novel
112,CD4,OPC_GABA_like_tumor,IDH_WT,tumor,0.0,0.0,0.0,0.0,,,0.0,0.0,0.0,0.0,,0.0,1.0,0.0,0.0,0.0,0.0,0.0,0.0,,0.0,0.0,0.0,0.0,,88,0,1,1,1,6741,14114,5040,1935,1935,0,0.0,0,0,2.0,T_cell,immune_synapse,MHC-II co-receptor (pathway-level),0,0.5346800065813839,0.06821086751971439,cc_edges_total=88 (+0.70); cc_is_ligand=0 (+0.29); cc_n_cells_e1=6.74e+03 (+0.13),"literature gene, other compartment"
113,PCDHGA10,cycling_tumor,IDH_WT,tumor,1.0,2.383876659691345,2.383876659691345,79.5937431068842,0.17,0.021,0.14900000000000002,1.0,1.0,1.0,2.410925101596722,1.0,2.0,0.0,0.0,0.0,0.0,0.0,0.0,,0.0,0.0,0.0,0.0,,2,1,1,1,1,6410,814,5847,663,663,0,0.0,0,0,,,,,0,0.5338924723181951,0.1561138431213063,cc_edges_total=2 (+0.71); deg_log2fc=2.38 (+0.41); deg_pct_diff=0.149 (+0.16),novel
114,DLL1,cycling_tumor,IDH_WT,tumor,1.0,5.679976711877195,5.679976711877195,300.0,0.287,0.004,0.283,1.0,1.0,1.0,5.212429076298599,1.0,2.0,2.0,0.0,2.0,0.0,0.000707569088656626,0.0006363527970828948,0.0,1.0,2.0,0.0,2.0,1.0,4,1,0,1,2,6410,814,5847,663,663,0,1.0,0,1,,,,,0,0.5324401827276707,0.17533384214592193,cc_n_partners=2 (+1.00); deg_log2fc=5.68 (+0.53); deg_pct_diff=0.283 (+0.18),novel
115,NCL,OPC_GABA_AC_like_tumor,IDH_Mutant,tumor,0.0,0.0,0.0,0.0,,,0.0,0.0,0.0,0.0,,0.0,3.0,0.0,9.0,7.0,2.0,0.1031600242652839,0.06558699115813464,0.03,2.0,4.0,0.0,9.0,0.5555555555555556,70,0,1,2,7,6202,1012,352,742,352,0,0.0,1,0,,,,,0,0.5314786425069102,0.12148833770481464,cc_edges_total=70 (+0.55); deg_n_celltypes_sig=3 (+0.52); cc_is_ligand=0 (+0.29),novel
116,PTPRD,cycling_tumor,IDH_WT,tumor,1.0,3.184850354471642,3.184850354471642,120.30182883676825,0.178,0.012,0.16599999999999998,1.0,1.0,1.0,2.9733404170939792,1.0,3.0,0.0,0.0,0.0,0.0,0.0,0.0,,0.0,0.0,0.0,0.0,,1,0,1,1,1,6410,814,5847,663,663,0,0.0,0,0,,,,,0,0.5286766936154661,0.06266382159242496,deg_n_celltypes_sig=3 (+0.44); deg_log2fc=3.18 (+0.39); cc_is_ligand=0 (+0.18),novel
117,NCAM1,cycling_tumor,IDH_Mutant,tumor,1.0,4.828096259857139,4.828096259857139,49.45073162514205,0.787,0.037,0.75,1.0,1.0,1.0,2.6541876782611045,1.0,5.0,6.0,5.0,11.0,0.0,0.0539088305225066,0.022144309504525565,0.0,1.0,4.0,0.0,11.0,1.0,55,1,1,1,4,6410,814,270,136,136,0,1.0,1,1,2.0,tumor,neuron_tumor,Synaptic adhesion (pathway-level),0,0.5284301582699126,0.24747907687255227,deg_n_celltypes_sig=5 (+0.67); deg_log2fc=4.83 (+0.57); cc_edges_total=55 (+0.27),literature tier 2 (unlabeled)
118,NLGN1,cycling_tumor,IDH_Mutant,tumor,1.0,4.222105667455327,4.222105667455327,20.223256249987532,0.419,0.022,0.39699999999999996,1.0,1.0,1.0,2.041365180521054,1.0,2.0,0.0,6.0,6.0,0.0,0.0149916283128588,0.004876576865905467,0.0,1.0,4.0,0.0,6.0,1.0,18,0,1,1,3,6410,814,270,136,136,0,1.0,1,1,2.0,tumor,neuron_tumor,Neuroligin family (pathway-level),0,0.526315035540577,0.1394766165105769,deg_log2fc=4.22 (+0.68); cc_is_ligand=0 (+0.35); deg_pct_diff=0.397 (+0.15),literature tier 2 (unlabeled)
119,NCAM1,OPC_GABA_like_tumor,IDH_WT,tumor,1.0,1.9092615944633489,1.9092615944633489,300.0,0.761,0.194,0.567,1.0,1.0,1.0,1.8163051390488365,1.0,4.0,12.0,10.0,11.0,11.0,0.0937493977547745,0.022859245563446106,0.0,1.0,4.0,0.0,22.0,0.0,55,1,1,1,4,6741,14114,5040,1935,1935,0,0.0,0,1,2.0,tumor,neuron_tumor,Synaptic adhesion (pathway-level),0,0.5245628700522965,0.22114458780618762,deg_n_celltypes_sig=4 (+0.77); deg_log2fc=1.91 (+0.52); cc_edges_total=55 (+0.27),literature tier 2 (unlabeled)
120,CD4,OPC_GABA_like_tumor,IDH_Mutant,tumor,0.0,0.0,0.0,0.0,,,0.0,0.0,0.0,0.0,,0.0,1.0,0.0,0.0,0.0,0.0,0.0,0.0,,0.0,0.0,0.0,0.0,,88,0,1,1,1,6741,14114,1658,11741,1658,0,0.0,1,0,2.0,T_cell,immune_synapse,MHC-II co-receptor (pathway-level),0,0.5236640501661418,0.07672643441207394,cc_edges_total=88 (+0.70); cc_is_ligand=0 (+0.28); cc_n_cells_e1=6.74e+03 (+0.13),"literature gene, other compartment"
121,PTN,T cell,IDH_WT,T_cell,1.0,1.3269534362612545,1.3269534362612545,16.507693913022326,0.333,0.184,0.14900000000000002,1.0,0.0,0.0,1.5663569147652017,1.0,3.0,2.0,0.0,2.0,0.0,0.0410665978377485,0.0213998994445401,0.0,1.0,2.0,2.0,2.0,1.0,137,1,0,1,7,2662,1463,1681,1118,1118,0,1.0,0,1,1.0,TAM_microglia,myeloid_bridge,"Shi et al., Cell Stem Cell 2017",0,0.521608804658219,0.09346944414438402,cc_n_partners=2 (+1.14); cc_cross_compartment_edges=2 (+0.58); deg_log2fc=1.33 (+0.54),"literature gene, other compartment"
122,KLRC2,OPC_GABA_AC_like_tumor,IDH_Mutant,tumor,0.0,0.0,0.0,0.0,,,0.0,0.0,0.0,0.0,,0.0,3.0,0.0,0.0,0.0,0.0,0.0,0.0,,0.0,0.0,0.0,0.0,,6,0,1,1,1,6202,1012,352,742,352,0,0.0,1,0,,,,,0,0.5195447046143037,0.028961909974361273,deg_n_celltypes_sig=3 (+0.47); cc_is_ligand=0 (+0.30); cc_n_cells_e1=6.2e+03 (+0.14),novel
123,PTPRD,AC_like_tumor,IDH_WT,tumor,1.0,2.9682478856266057,2.9682478856266057,9.399019584061854,0.12,0.019,0.10099999999999999,1.0,0.0,0.0,2.8870189652680502,1.0,3.0,0.0,0.0,0.0,0.0,0.0,0.0,,0.0,0.0,0.0,0.0,,1,0,1,1,1,72549,446,64812,108,108,0,0.0,0,0,,,,,0,0.515219600693472,0.046364301758628976,deg_n_celltypes_sig=3 (+0.45); deg_log2fc=2.97 (+0.37); deg_pct_diff=0.101 (+0.18),novel
124,THY1,TAM1/TAM2/microglia,IDH_WT,TAM_microglia,0.0,0.0,0.0,0.0,,,0.0,0.0,0.0,0.0,,0.0,4.0,0.0,0.0,0.0,0.0,0.0,0.0,,0.0,0.0,0.0,0.0,,2,1,0,1,2,12086,25922,9696,2745,2745,0,0.0,0,0,,,,,0,0.5126866082159464,0.2622559689228274,cc_edges_total=2 (+1.01); deg_n_celltypes_sig=4 (+0.58); cc_n_cells_e1=1.21e+04 (+0.14),novel
125,NCAM1,OPC_GABA_AC_like_tumor,IDH_WT,tumor,1.0,1.5368251044595398,1.5368251044595398,4.561371074498678,0.152,0.047,0.105,1.0,1.0,1.0,1.9838758817197129,1.0,4.0,6.0,5.0,11.0,0.0,0.0228642376149114,0.00928642507819179,0.0,1.0,4.0,0.0,11.0,1.0,55,1,1,1,4,6202,1012,5384,171,171,0,1.0,0,1,2.0,tumor,neuron_tumor,Synaptic adhesion (pathway-level),0,0.5110614273830366,0.2388703460939286,deg_n_celltypes_sig=4 (+0.77); deg_log2fc=1.54 (+0.52); cc_edges_total=55 (+0.26),literature tier 2 (unlabeled)
126,GPR37L1,OPC_GABA_like_tumor,IDH_Mutant,tumor,1.0,0.8292562148931141,0.8292562148931141,11.253425680509837,0.217,0.133,0.08399999999999999,1.0,0.0,0.0,-0.3643140305703578,1.0,1.0,0.0,9.0,9.0,0.0,0.0103328573239385,0.0037123086690787114,0.0,1.0,5.0,3.0,9.0,1.0,9,0,1,1,1,6741,14114,1658,11741,1658,0,1.0,1,1,,,,,0,0.5094770062130565,0.1456621485949792,deg_log2fc=0.829 (+0.43); cc_is_ligand=0 (+0.32); cc_cross_compartment_edges=3 (+0.30),novel
127,THY1,OPC_GABA_AC_like_tumor,IDH_Mutant,tumor,0.0,0.0,0.0,0.0,,,0.0,0.0,0.0,0.0,,0.0,3.0,0.0,0.0,0.0,0.0,0.0,0.0,,0.0,0.0,0.0,0.0,,2,1,0,1,2,6202,1012,352,742,352,0,0.0,1,0,,,,,0,0.5089078171154499,0.26705989148672726,cc_edges_total=2 (+1.00); deg_n_celltypes_sig=3 (+0.49); cc_n_cells_e1=6.2e+03 (+0.14),novel
128,PTPRZ1,cycling_tumor,IDH_Mutant,tumor,1.0,3.9950683487464,3.9950683487464,54.06263865962284,0.882,0.063,0.819,1.0,1.0,1.0,2.045027084086322,1.0,4.0,0.0,17.0,10.0,7.0,0.2412077448909423,0.11252141689864227,0.0,2.0,5.0,1.0,17.0,0.17647058823529413,77,0,1,2,4,6410,814,270,136,136,0,0.17647058823529413,1,1,1.0,tumor,myeloid_bridge,"Shi et al., Cell Stem Cell 2017",1,0.5077394180619852,0.15457809711694323,deg_n_celltypes_sig=4 (+0.75); cc_cross_compartment_edges=1 (+0.63); cc_edges_total=77 (+0.55),literature tier 1 (label)
129,PCDHGC3,AC_like_tumor,IDH_WT,tumor,0.0,0.0,0.0,0.0,,,0.0,0.0,0.0,0.0,,0.0,3.0,0.0,0.0,0.0,0.0,0.0,0.0,,0.0,0.0,0.0,0.0,,2,1,1,1,1,72549,446,64812,108,108,0,0.0,0,0,,,,,0,0.506781991234998,0.2351879235097499,cc_edges_total=2 (+0.89); deg_n_celltypes_sig=3 (+0.49); cc_n_cells_e1=7.25e+04 (+0.13),novel
130,BSG,T cell,IDH_WT,T_cell,0.0,0.0,0.0,0.0,,,0.0,0.0,0.0,0.0,,0.0,3.0,0.0,0.0,0.0,0.0,0.0,0.0,,0.0,0.0,0.0,0.0,,56,0,1,1,4,2662,1463,1681,1118,1118,0,0.0,0,0,,,,,0,0.5063671137641309,0.06792787443972603,cc_edges_total=56 (+0.64); deg_n_celltypes_sig=3 (+0.43); cc_is_ligand=0 (+0.30),novel
131,CD74,OPC_GABA_AC_like_tumor,IDH_Mutant,tumor,1.0,-3.614543750610336,3.614543750610336,23.210025313781884,0.049,0.276,-0.22700000000000004,-1.0,1.0,1.0,-2.7587158941915417,1.0,4.0,0.0,3.0,0.0,3.0,0.0151993918896934,0.013638357598851734,0.0,1.0,2.0,0.0,3.0,-1.0,109,0,1,2,6,6202,1012,352,742,352,0,1.0,1,1,1.0,TAM_microglia,myeloid_bridge,"Ghoochani et al., Oncotarget 2016",0,0.504650118735863,0.15945364148945582,cc_n_partners=2 (+1.08); cc_edges_total=109 (+0.57); deg_n_celltypes_sig=4 (+0.41),"literature gene, other compartment"
132,CD74,OPC_GABA_AC_like_tumor,IDH_WT,tumor,1.0,-5.750809206703872,5.750809206703872,8.57196556734812,0.012,0.266,-0.254,-1.0,1.0,1.0,-2.7587158941915417,1.0,5.0,0.0,3.0,0.0,3.0,0.0151993918896934,0.013638357598851734,0.0,1.0,2.0,0.0,3.0,-1.0,109,0,1,2,6,6202,1012,5384,171,171,0,1.0,0,1,1.0,TAM_microglia,myeloid_bridge,"Ghoochani et al., Oncotarget 2016",0,0.5045249543035375,0.10529889965584992,cc_n_partners=2 (+1.08); cc_edges_total=109 (+0.57); cc_is_ligand=0 (+0.34),"literature gene, other compartment"
133,SORL1,TAM1/TAM2/microglia,IDH_WT,TAM_microglia,1.0,0.6752151769204435,0.6752151769204435,92.25877261688396,0.629,0.404,0.22499999999999998,1.0,1.0,1.0,0.9799051202538605,1.0,3.0,0.0,14.0,7.0,7.0,0.0511641001611375,0.019258193673017707,0.0,1.0,4.0,14.0,14.0,0.0,14,0,1,1,1,12086,25922,9696,2745,2745,0,0.0,0,1,,,,,0,0.5028325172224608,0.1712097121677487,deg_n_celltypes_sig=3 (+0.49); cc_cross_compartment_edges=14 (+0.48); deg_log2fc=0.675 (+0.26),novel
134,APP,TAM1/TAM2/microglia,IDH_Mutant,TAM_microglia,1.0,0.9549248139270824,0.9549248139270824,14.02637333862547,0.15,0.078,0.072,1.0,0.0,0.0,,0.0,3.0,0.0,0.0,0.0,0.0,0.0,0.0,,0.0,0.0,0.0,0.0,,78,1,0,1,4,12086,25922,2106,21701,2106,0,0.0,1,0,,,,,0,0.5013547419550204,0.07559361476392917,deg_n_celltypes_sig=3 (+0.47); cc_edges_total=78 (+0.42); deg_log2fc=0.955 (+0.35),novel
135,APOE,cycling_tumor,IDH_WT,tumor,1.0,-4.621149299509157,4.621149299509157,149.35901737537023,0.379,0.744,-0.365,-1.0,1.0,1.0,-4.340427960083712,1.0,6.0,6.0,0.0,3.0,3.0,0.1534655254557488,0.07382589628953852,0.04,1.0,2.0,6.0,6.0,0.0,36,1,0,1,7,6410,814,5847,663,663,0,-0.0,0,1,2.0,TAM_microglia,myeloid_bridge,TAM lipid program (pathway-level),0,0.5007524557403846,0.18233341810443854,cc_n_partners=2 (+1.21); cc_cross_compartment_edges=6 (+0.44); deg_n_celltypes_sig=6 (+0.35),"literature gene, other compartment"
136,APOE,AC_like_tumor,IDH_Mutant,tumor,1.0,-2.469452304338339,2.469452304338339,87.88636264094083,0.523,0.936,-0.41300000000000003,-1.0,1.0,1.0,-1.6879053025953432,1.0,5.0,6.0,0.0,3.0,3.0,0.1531399133496586,0.086822863458268,0.0,1.0,2.0,6.0,6.0,0.0,36,1,0,1,7,72549,446,4249,283,283,0,-0.0,1,1,2.0,TAM_microglia,myeloid_bridge,TAM lipid program (pathway-level),0,0.49930694452448615,0.14364688047350174,cc_n_partners=2 (+1.21); cc_cross_compartment_edges=6 (+0.44); deg_n_celltypes_sig=5 (+0.33),"literature gene, other compartment"
137,APOE,AC_like_tumor,IDH_WT,tumor,1.0,-2.450072114398831,2.450072114398831,10.322505545962061,0.352,0.672,-0.32000000000000006,-1.0,1.0,1.0,-1.6879053025953432,1.0,6.0,6.0,0.0,3.0,3.0,0.1531399133496586,0.086822863458268,0.0,1.0,2.0,6.0,6.0,0.0,36,1,0,1,7,72549,446,64812,108,108,0,-0.0,0,1,2.0,TAM_microglia,myeloid_bridge,TAM lipid program (pathway-level),0,0.49899257191423196,0.14874391989844984,cc_n_partners=2 (+1.21); cc_cross_compartment_edges=6 (+0.44); deg_n_celltypes_sig=6 (+0.34),"literature gene, other compartment"
138,THY1,TAM1/TAM2/microglia,IDH_Mutant,TAM_microglia,0.0,0.0,0.0,0.0,,,0.0,0.0,0.0,0.0,,0.0,3.0,0.0,0.0,0.0,0.0,0.0,0.0,,0.0,0.0,0.0,0.0,,2,1,0,1,2,12086,25922,2106,21701,2106,0,0.0,1,0,,,,,0,0.4975468334266388,0.25715592151679645,cc_edges_total=2 (+1.01); deg_n_celltypes_sig=3 (+0.49); cc_n_cells_e1=1.21e+04 (+0.14),novel
139,NRXN1,OPC_GABA_AC_like_tumor,IDH_Mutant,tumor,1.0,0.9711430925721845,0.9711430925721845,7.351884471257842,0.371,0.145,0.226,1.0,0.0,0.0,1.907627706950044,1.0,3.0,10.0,0.0,10.0,0.0,0.0046552822689749,0.0028490387553084797,0.0,1.0,3.0,0.0,10.0,1.0,50,1,0,1,4,6202,1012,352,742,352,0,1.0,1,1,2.0,tumor,neuron_tumor,Presynaptic partner of NLGN3 (pathway-level),0,0.4957463355337568,0.12263923429456232,deg_n_celltypes_sig=3 (+0.53); deg_log2fc=0.971 (+0.48); cc_edges_total=50 (+0.29),literature tier 2 (unlabeled)
140,APOE,OPC_GABA_like_tumor,IDH_Mutant,tumor,1.0,-5.737107541929249,5.737107541929249,300.0,0.317,0.91,-0.593,-1.0,1.0,1.0,-4.072788361263858,1.0,5.0,6.0,0.0,3.0,3.0,0.1006178802379461,0.052596146898227066,0.04,1.0,2.0,6.0,6.0,0.0,36,1,0,1,7,6741,14114,1658,11741,1658,0,-0.0,1,1,2.0,TAM_microglia,myeloid_bridge,TAM lipid program (pathway-level),0,0.4953591312965915,0.19044731498661713,cc_n_partners=2 (+1.21); cc_cross_compartment_edges=6 (+0.45); deg_n_celltypes_sig=5 (+0.33),"literature gene, other compartment"
141,ITGAV,cycling_tumor,IDH_Mutant,tumor,1.0,0.539067686834929,0.539067686834929,1.8568969586238986,0.368,0.13,0.238,1.0,1.0,1.0,0.3303134313322708,1.0,3.0,0.0,13.0,13.0,0.0,0.029255088299547,0.012036451921385891,0.0,3.0,7.0,5.0,13.0,1.0,39,0,1,3,3,6410,814,270,136,136,0,1.0,1,1,,,,,0,0.4919578063618852,0.14395472760179423,deg_n_celltypes_sig=3 (+0.54); cc_cross_compartment_edges=5 (+0.37); cc_is_ligand=0 (+0.29),novel
142,CD4,cycling_tumor,IDH_Mutant,tumor,1.0,-5.401511792661634,5.401511792661634,2.188992436607403,0.007,0.189,-0.182,-1.0,0.0,0.0,,0.0,1.0,0.0,0.0,0.0,0.0,0.0,0.0,,0.0,0.0,0.0,0.0,,88,0,1,1,1,6410,814,270,136,136,0,-0.0,1,0,2.0,T_cell,immune_synapse,MHC-II co-receptor (pathway-level),0,0.4914007700253249,0.10985591573989792,cc_edges_total=88 (+0.71); cc_is_ligand=0 (+0.33); cc_n_cells_e1=6.41e+03 (+0.12),"literature gene, other compartment"
143,HAVCR2,OPC_GABA_like_tumor,IDH_Mutant,tumor,0.0,0.0,0.0,0.0,,,0.0,0.0,0.0,0.0,,0.0,3.0,0.0,0.0,0.0,0.0,0.0,0.0,,0.0,0.0,0.0,0.0,,2,0,1,1,1,6741,14114,1658,11741,1658,0,0.0,1,0,1.0,T_cell,immune_synapse,"Kim et al., Clin Cancer Res 2017",0,0.49015041216933203,0.036533101688742804,cc_edges_total=2 (+0.71); deg_n_celltypes_sig=3 (+0.45); cc_is_ligand=0 (+0.15),"literature gene, other compartment"
144,NRCAM,AC_like_tumor,IDH_WT,tumor,0.0,0.0,0.0,0.0,,,0.0,0.0,0.0,0.0,,0.0,1.0,0.0,4.0,2.0,2.0,0.0036696350326655,0.00316495639881815,0.0,1.0,2.0,0.0,4.0,0.0,12,0,1,1,4,72549,446,64812,108,108,0,0.0,0,0,,,,,0,0.47849166837342116,0.17259263268908284,cc_n_partners=2 (+1.16); cc_is_ligand=0 (+0.30); cc_n_cells_e1=7.25e+04 (+0.13),novel
145,TNFRSF1B,cycling_tumor,IDH_Mutant,tumor,0.0,0.0,0.0,0.0,,,0.0,0.0,0.0,0.0,,0.0,1.0,0.0,0.0,0.0,0.0,0.0,0.0,,0.0,0.0,0.0,0.0,,2,0,1,1,1,6410,814,270,136,136,0,0.0,1,0,,,,,0,0.4781434852241522,0.09522395775892817,cc_edges_total=2 (+0.71); cc_is_ligand=0 (+0.17); cc_n_cells_e1=6.41e+03 (+0.12),novel
146,LRRTM2,AC_like_tumor,IDH_Mutant,tumor,1.0,1.6209291707314872,1.6209291707314872,4.293315804316049,0.177,0.074,0.103,1.0,0.0,0.0,0.4798341793656784,1.0,3.0,0.0,0.0,0.0,0.0,0.0,0.0,,0.0,0.0,0.0,0.0,,12,0,1,1,2,72549,446,4249,283,283,0,0.0,1,0,,,,,0,0.47755303728896914,0.08809602442355856,deg_log2fc=1.62 (+0.47); deg_n_celltypes_sig=3 (+0.44); cc_is_ligand=0 (+0.32),novel
147,ROBO1,OPC_GABA_AC_like_tumor,IDH_WT,tumor,0.0,0.0,0.0,0.0,,,0.0,0.0,0.0,0.0,,0.0,2.0,0.0,0.0,0.0,0.0,0.0,0.0,,0.0,0.0,0.0,0.0,,2,0,1,1,2,6202,1012,5384,171,171,0,0.0,0,0,,,,,0,0.47691981004183165,0.08577483184508511,cc_edges_total=2 (+0.69); cc_is_ligand=0 (+0.20); cc_n_cells_e1=6.2e+03 (+0.14),novel
148,TNFRSF1B,AC_like_tumor,IDH_Mutant,tumor,0.0,0.0,0.0,0.0,,,0.0,0.0,0.0,0.0,,0.0,1.0,0.0,0.0,0.0,0.0,0.0,0.0,,0.0,0.0,0.0,0.0,,2,0,1,1,1,72549,446,4249,283,283,0,0.0,1,0,,,,,0,0.476174947357663,0.09076145785415636,cc_edges_total=2 (+0.72); cc_is_ligand=0 (+0.16); cc_n_cells_e1=7.25e+04 (+0.12),novel
149,APOE,OPC_GABA_AC_like_tumor,IDH_WT,tumor,1.0,-2.668709091510955,2.668709091510955,20.1000560887845,0.216,0.584,-0.368,-1.0,1.0,1.0,-2.253725601633628,1.0,6.0,3.0,0.0,0.0,3.0,0.122364695000407,0.10778539957778387,0.0,1.0,2.0,3.0,3.0,-1.0,36,1,0,1,7,6202,1012,5384,171,171,0,1.0,0,1,2.0,TAM_microglia,myeloid_bridge,TAM lipid program (pathway-level),0,0.4741527063739177,0.14851177254121206,cc_n_partners=2 (+1.20); cc_cross_compartment_edges=3 (+0.43); deg_n_celltypes_sig=6 (+0.32),"literature gene, other compartment"
150,TNFRSF1B,OPC_GABA_AC_like_tumor,IDH_WT,tumor,0.0,0.0,0.0,0.0,,,0.0,0.0,0.0,0.0,,0.0,1.0,0.0,0.0,0.0,0.0,0.0,0.0,,0.0,0.0,0.0,0.0,,2,0,1,1,1,6202,1012,5384,171,171,0,0.0,0,0,,,,,0,0.4733827573217189,0.09485276406554424,cc_edges_total=2 (+0.72); cc_is_ligand=0 (+0.17); cc_n_cells_e1=6.2e+03 (+0.12),novel
151,APOE,cycling_tumor,IDH_Mutant,tumor,1.0,-4.071242219853939,4.071242219853939,40.5734791065612,0.404,0.926,-0.522,-1.0,1.0,1.0,-4.340427960083712,1.0,5.0,6.0,0.0,3.0,3.0,0.1534655254557488,0.07382589628953852,0.04,1.0,2.0,6.0,6.0,0.0,36,1,0,1,7,6410,814,270,136,136,0,-0.0,1,1,2.0,TAM_microglia,myeloid_bridge,TAM lipid program (pathway-level),0,0.47303893585445234,0.1856810767915941,cc_n_partners=2 (+1.21); cc_cross_compartment_edges=6 (+0.44); deg_n_celltypes_sig=5 (+0.33),"literature gene, other compartment"
152,ROBO1,AC_like_tumor,IDH_WT,tumor,0.0,0.0,0.0,0.0,,,0.0,0.0,0.0,0.0,,0.0,2.0,0.0,0.0,0.0,0.0,0.0,0.0,,0.0,0.0,0.0,0.0,,2,0,1,1,2,72549,446,64812,108,108,0,0.0,0,0,,,,,0,0.47042715117173783,0.07996956616700873,cc_edges_total=2 (+0.69); cc_is_ligand=0 (+0.20); cc_n_cells_e1=7.25e+04 (+0.13),novel
153,ITGAV,AC_like_tumor,IDH_Mutant,tumor,0.0,0.0,0.0,0.0,,,0.0,0.0,0.0,0.0,,0.0,3.0,0.0,0.0,0.0,0.0,0.0,0.0,,0.0,0.0,0.0,0.0,,39,0,1,3,3,72549,446,4249,283,283,0,0.0,1,0,,,,,0,0.4698513173260139,0.20749588757237242,deg_n_celltypes_sig=3 (+0.49); cc_is_ligand=0 (+0.30); cc_n_cells_e1=7.25e+04 (+0.14),novel
154,SLIT1,OPC_GABA_AC_like_tumor,IDH_WT,tumor,0.0,0.0,0.0,0.0,,,0.0,0.0,0.0,0.0,,0.0,2.0,0.0,0.0,0.0,0.0,0.0,0.0,,0.0,0.0,0.0,0.0,,2,1,0,1,1,6202,1012,5384,171,171,0,0.0,0,0,,,,,0,0.4695101449667125,0.2267221269434557,cc_edges_total=2 (+1.02); cc_n_cells_e1=6.2e+03 (+0.13); cc_is_receptor=0 (+0.08),novel
155,TNFRSF1B,OPC_GABA_AC_like_tumor,IDH_Mutant,tumor,0.0,0.0,0.0,0.0,,,0.0,0.0,0.0,0.0,,0.0,1.0,0.0,0.0,0.0,0.0,0.0,0.0,,0.0,0.0,0.0,0.0,,2,0,1,1,1,6202,1012,352,742,352,0,0.0,1,0,,,,,0,0.46889680525490746,0.09029419667809147,cc_edges_total=2 (+0.72); cc_is_ligand=0 (+0.16); cc_n_cells_e1=6.2e+03 (+0.12),novel
156,TNFRSF1B,AC_like_tumor,IDH_WT,tumor,0.0,0.0,0.0,0.0,,,0.0,0.0,0.0,0.0,,0.0,1.0,0.0,0.0,0.0,0.0,0.0,0.0,,0.0,0.0,0.0,0.0,,2,0,1,1,1,72549,446,64812,108,108,0,0.0,0,0,,,,,0,0.46741371463125975,0.0933682719725697,cc_edges_total=2 (+0.72); cc_is_ligand=0 (+0.17); cc_n_cells_e1=7.25e+04 (+0.12),novel
157,ROBO1,T cell,IDH_Mutant,T_cell,0.0,0.0,0.0,0.0,,,0.0,0.0,0.0,0.0,,0.0,3.0,0.0,0.0,0.0,0.0,0.0,0.0,,0.0,0.0,0.0,0.0,,2,0,1,1,2,2662,1463,941,334,334,0,0.0,1,0,,,,,0,0.4670229389598422,0.1288749158301013,cc_edges_total=2 (+0.73); deg_n_celltypes_sig=3 (+0.42); cc_is_ligand=0 (+0.17),novel
158,NRCAM,OPC_GABA_like_tumor,IDH_WT,tumor,0.0,0.0,0.0,0.0,,,0.0,0.0,0.0,0.0,,0.0,1.0,0.0,4.0,2.0,2.0,0.0122804136302003,0.00784968670479935,0.0,1.0,2.0,0.0,4.0,0.0,12,0,1,1,4,6741,14114,5040,1935,1935,0,0.0,0,0,,,,,0,0.4667260722423284,0.17700488394934302,cc_n_partners=2 (+1.19); cc_is_ligand=0 (+0.29); cc_n_cells_e1=6.74e+03 (+0.13),novel
159,TYROBP,T cell,IDH_Mutant,T_cell,1.0,2.763077394886178,2.763077394886178,63.33832579476073,0.653,0.192,0.461,1.0,1.0,1.0,1.703711589095218,1.0,6.0,0.0,0.0,0.0,0.0,0.0,0.0,,0.0,0.0,0.0,0.0,,57,0,1,2,2,2662,1463,941,334,334,0,0.0,1,0,2.0,TAM_microglia,myeloid_bridge,TREM2 adaptor (pathway-level),0,0.46659492796944557,0.13843210295830416,cc_edges_total=57 (+0.46); deg_log2fc=2.76 (+0.45); deg_n_celltypes_sig=6 (+0.32),"literature gene, other compartment"
160,LRRTM3,OPC_GABA_like_tumor,IDH_WT,tumor,1.0,1.1239498134434314,1.1239498134434314,82.02165362923598,0.217,0.054,0.163,1.0,0.0,0.0,1.1319662468646243,1.0,2.0,0.0,6.0,6.0,0.0,0.0130790509330356,0.004251251790534683,0.0,1.0,4.0,0.0,6.0,1.0,6,0,1,1,1,6741,14114,5040,1935,1935,0,1.0,0,1,,,,,0,0.46571689401928584,0.23150836733711505,deg_log2fc=1.12 (+0.55); cc_is_ligand=0 (+0.34); cc_edges_total=6 (+0.21),novel
161,APP,cycling_tumor,IDH_Mutant,tumor,1.0,3.047695379909121,3.047695379909121,30.167954522455883,0.662,0.074,0.5880000000000001,1.0,1.0,1.0,0.699568325640972,1.0,3.0,13.0,0.0,13.0,0.0,0.0953371521546039,0.04503520625305321,0.0,1.0,6.0,10.0,13.0,1.0,78,1,0,1,4,6410,814,270,136,136,0,1.0,1,1,,,,,0,0.46568102679859474,0.20759819106403313,deg_n_celltypes_sig=3 (+0.53); cc_cross_compartment_edges=10 (+0.51); deg_log2fc=3.05 (+0.50),novel
162,CD99,OPC_GABA_AC_like_tumor,IDH_Mutant,tumor,0.0,0.0,0.0,0.0,,,0.0,0.0,0.0,0.0,,0.0,3.0,0.0,0.0,0.0,0.0,0.0,0.0,,0.0,0.0,0.0,0.0,,86,1,1,1,4,6202,1012,352,742,352,0,0.0,1,0,2.0,tumor,immune_synapse,Glioma invasion marker (limited functional data),0,0.46475407002104474,0.12007224299600364,cc_edges_total=86 (+0.63); deg_n_celltypes_sig=3 (+0.50); cc_n_cells_e1=6.2e+03 (+0.16),literature tier 2 (unlabeled)
163,DLL1,OPC_GABA_like_tumor,IDH_WT,tumor,1.0,3.431461094504926,3.431461094504926,285.6993976242018,0.333,0.026,0.307,1.0,1.0,1.0,2.8282909085737167,1.0,2.0,2.0,0.0,2.0,0.0,0.000913646620500901,0.0008217039288996302,0.0,1.0,2.0,0.0,2.0,1.0,4,1,0,1,2,6741,14114,5040,1935,1935,0,1.0,0,1,,,,,0,0.4635513657117832,0.18456708875947045,cc_n_partners=2 (+1.00); deg_log2fc=3.43 (+0.51); deg_pct_diff=0.307 (+0.18),novel
164,SLIT1,AC_like_tumor,IDH_WT,tumor,0.0,0.0,0.0,0.0,,,0.0,0.0,0.0,0.0,,0.0,2.0,0.0,0.0,0.0,0.0,0.0,0.0,,0.0,0.0,0.0,0.0,,2,1,0,1,1,72549,446,64812,108,108,0,0.0,0,0,,,,,0,0.4622378279176796,0.22353510292633702,cc_edges_total=2 (+1.02); cc_n_cells_e1=7.25e+04 (+0.13); cc_is_receptor=0 (+0.08),novel
165,EGFR,OPC_GABA_AC_like_tumor,IDH_Mutant,tumor,0.0,0.0,0.0,0.0,,,0.0,0.0,0.0,0.0,,0.0,3.0,0.0,2.0,0.0,2.0,0.0131137600897326,0.0103901636652432,0.0,1.0,2.0,2.0,2.0,-1.0,14,0,1,1,4,6202,1012,352,742,352,0,-0.0,1,0,1.0,tumor,growth,"Brennan et al., Cell 2013 (TCGA GBM)",1,0.46201729855220136,0.09849515103469485,cc_n_partners=2 (+1.22); deg_n_celltypes_sig=3 (+0.54); cc_cross_compartment_edges=2 (+0.49),literature tier 1 (label)
166,ITGAV,OPC_GABA_AC_like_tumor,IDH_Mutant,tumor,0.0,0.0,0.0,0.0,,,0.0,0.0,0.0,0.0,,0.0,3.0,0.0,0.0,0.0,0.0,0.0,0.0,,0.0,0.0,0.0,0.0,,39,0,1,3,3,6202,1012,352,742,352,0,0.0,1,0,,,,,0,0.46125795203445535,0.20157347715150606,deg_n_celltypes_sig=3 (+0.49); cc_is_ligand=0 (+0.30); cc_n_cells_e1=6.2e+03 (+0.15),novel
167,PTPRZ1,cycling_tumor,IDH_WT,tumor,1.0,2.072682953667877,2.072682953667877,201.28664276591905,0.941,0.403,0.5379999999999999,1.0,1.0,1.0,2.045027084086322,1.0,5.0,0.0,17.0,10.0,7.0,0.2412077448909423,0.11252141689864227,0.0,2.0,5.0,1.0,17.0,0.17647058823529413,77,0,1,2,4,6410,814,5847,663,663,0,0.17647058823529413,0,1,1.0,tumor,myeloid_bridge,"Shi et al., Cell Stem Cell 2017",1,0.4606476181509544,0.1714644843644545,cc_cross_compartment_edges=1 (+0.67); deg_n_celltypes_sig=5 (+0.66); cc_edges_total=77 (+0.56),literature tier 1 (label)
168,NRCAM,OPC_GABA_AC_like_tumor,IDH_WT,tumor,0.0,0.0,0.0,0.0,,,0.0,0.0,0.0,0.0,,0.0,1.0,0.0,2.0,2.0,0.0,0.0028041239019692,0.00273160202415355,0.0,1.0,2.0,0.0,2.0,1.0,12,0,1,1,4,6202,1012,5384,171,171,0,0.0,0,0,,,,,0,0.45847872351380764,0.15020019960338882,cc_n_partners=2 (+1.16); cc_is_ligand=0 (+0.30); cc_n_cells_e1=6.2e+03 (+0.13),novel
169,PCDHGC3,TAM1/TAM2/microglia,IDH_WT,TAM_microglia,0.0,0.0,0.0,0.0,,,0.0,0.0,0.0,0.0,,0.0,3.0,0.0,0.0,0.0,0.0,0.0,0.0,,0.0,0.0,0.0,0.0,,2,1,1,1,1,12086,25922,9696,2745,2745,0,0.0,0,0,,,,,0,0.45763954211372726,0.21660293282485835,cc_edges_total=2 (+0.90); deg_n_celltypes_sig=3 (+0.50); cc_n_cells_e1=1.21e+04 (+0.13),novel
170,NCAM1,AC_like_tumor,IDH_Mutant,tumor,1.0,0.7769346462815693,0.7769346462815693,5.175877672512749,0.463,0.3,0.16300000000000003,1.0,1.0,1.0,2.194451284307587,1.0,5.0,6.0,5.0,11.0,0.0,0.0240611309936104,0.009776743985464673,0.0,1.0,4.0,0.0,11.0,1.0,55,1,1,1,4,72549,446,4249,283,283,0,1.0,1,1,2.0,tumor,neuron_tumor,Synaptic adhesion (pathway-level),0,0.4567677645345346,0.21262345651234998,deg_n_celltypes_sig=5 (+0.66); deg_log2fc=0.777 (+0.40); cc_edges_total=55 (+0.29),literature tier 2 (unlabeled)
171,TNFRSF1B,cycling_tumor,IDH_WT,tumor,0.0,0.0,0.0,0.0,,,0.0,0.0,0.0,0.0,,0.0,1.0,0.0,0.0,0.0,0.0,0.0,0.0,,0.0,0.0,0.0,0.0,,2,0,1,1,1,6410,814,5847,663,663,0,0.0,0,0,,,,,0,0.45508254634844125,0.08928146439007227,cc_edges_total=2 (+0.72); cc_is_ligand=0 (+0.16); cc_n_cells_e1=6.41e+03 (+0.12),novel
172,PCDHGA10,OPC_GABA_AC_like_tumor,IDH_Mutant,tumor,0.0,0.0,0.0,0.0,,,0.0,0.0,0.0,0.0,,0.0,1.0,0.0,0.0,0.0,0.0,0.0,0.0,,0.0,0.0,0.0,0.0,,2,1,1,1,1,6202,1012,352,742,352,0,0.0,1,0,,,,,0,0.45472025843553315,0.09538138236886194,cc_edges_total=2 (+0.90); cc_n_cells_e1=6.2e+03 (+0.12); cc_n_celltypes_total=1 (+0.07),novel
173,PCDHGA10,AC_like_tumor,IDH_Mutant,tumor,0.0,0.0,0.0,0.0,,,0.0,0.0,0.0,0.0,,0.0,1.0,0.0,0.0,0.0,0.0,0.0,0.0,,0.0,0.0,0.0,0.0,,2,1,1,1,1,72549,446,4249,283,283,0,0.0,1,0,,,,,0,0.4544979460782427,0.10307678169431389,cc_edges_total=2 (+0.90); cc_n_cells_e1=7.25e+04 (+0.12); cc_n_celltypes_total=1 (+0.07),novel
174,EGFR,AC_like_tumor,IDH_WT,tumor,0.0,0.0,0.0,0.0,,,0.0,0.0,0.0,0.0,,0.0,3.0,0.0,4.0,2.0,2.0,0.0139104095399897,0.00775991270306315,0.0,1.0,2.0,4.0,4.0,0.0,14,0,1,1,4,72549,446,64812,108,108,0,0.0,0,0,1.0,tumor,growth,"Brennan et al., Cell 2013 (TCGA GBM)",1,0.45380510617133635,0.12547784637668755,cc_n_partners=2 (+1.23); deg_n_celltypes_sig=3 (+0.57); cc_cross_compartment_edges=4 (+0.49),literature tier 1 (label)
175,PTGES3,cycling_tumor,IDH_WT,tumor,1.0,0.6006606876266547,0.6006606876266547,51.20752449890364,0.925,0.502,0.42300000000000004,1.0,0.0,0.0,0.5784650055884835,1.0,3.0,2.0,0.0,1.0,1.0,0.0142202862652484,0.0090526384523239,0.0,1.0,1.0,2.0,2.0,0.0,13,1,0,1,7,6410,814,5847,663,663,0,0.0,0,1,,,,,0,0.4535091356221013,0.1595045499483125,deg_n_celltypes_sig=3 (+0.52); cc_cross_compartment_edges=2 (+0.45); deg_log2fc=0.601 (+0.33),novel
176,DLL1,AC_like_tumor,IDH_Mutant,tumor,1.0,1.8687986210370748,1.8687986210370748,8.494743350033454,0.148,0.046,0.102,1.0,0.0,0.0,4.327056568079775,1.0,3.0,0.0,0.0,0.0,0.0,0.0,0.0,,0.0,0.0,0.0,0.0,,4,1,0,1,2,72549,446,4249,283,283,0,0.0,1,0,,,,,0,0.4526039647014316,0.0961098866703328,deg_n_celltypes_sig=3 (+0.47); deg_log2fc=1.87 (+0.45); deg_pct_diff=0.102 (+0.20),novel
177,NCAM1,OPC_GABA_like_tumor,IDH_Mutant,tumor,1.0,0.8179474277147007,0.8179474277147007,112.0896766779872,0.836,0.671,0.16499999999999992,1.0,1.0,1.0,1.8163051390488365,1.0,5.0,12.0,10.0,11.0,11.0,0.0937493977547745,0.022859245563446106,0.0,1.0,4.0,0.0,22.0,0.0,55,1,1,1,4,6741,14114,1658,11741,1658,0,0.0,1,1,2.0,tumor,neuron_tumor,Synaptic adhesion (pathway-level),0,0.45227953555796746,0.16919386880466394,deg_n_celltypes_sig=5 (+0.64); deg_log2fc=0.818 (+0.40); cc_edges_total=55 (+0.28),literature tier 2 (unlabeled)
178,APOE,OPC_GABA_AC_like_tumor,IDH_Mutant,tumor,1.0,-2.609371925660078,2.609371925660078,55.955528044708835,0.225,0.682,-0.4570000000000001,-1.0,1.0,1.0,-2.253725601633628,1.0,5.0,3.0,0.0,0.0,3.0,0.122364695000407,0.10778539957778387,0.0,1.0,2.0,3.0,3.0,-1.0,36,1,0,1,7,6202,1012,352,742,352,0,1.0,1,1,2.0,TAM_microglia,myeloid_bridge,TAM lipid program (pathway-level),0,0.4515829760377493,0.15383272116408786,cc_n_partners=2 (+1.20); cc_cross_compartment_edges=3 (+0.44); deg_n_celltypes_sig=5 (+0.31),"literature gene, other compartment"
179,TYROBP,T cell,IDH_WT,T_cell,1.0,1.2607220385718412,1.2607220385718412,32.24922802084761,0.453,0.234,0.219,1.0,1.0,1.0,1.703711589095218,1.0,5.0,0.0,0.0,0.0,0.0,0.0,0.0,,0.0,0.0,0.0,0.0,,57,0,1,2,2,2662,1463,1681,1118,1118,0,0.0,0,0,2.0,TAM_microglia,myeloid_bridge,TREM2 adaptor (pathway-level),0,0.4491221603006528,0.1355756526161541,cc_edges_total=57 (+0.46); deg_log2fc=1.26 (+0.44); cc_is_ligand=0 (+0.32),"literature gene, other compartment"
180,HLA-E,TAM1/TAM2/microglia,IDH_WT,TAM_microglia,1.0,0.4478134585811877,0.4478134585811877,61.13491279946608,0.807,0.684,0.123,1.0,1.0,0.0,0.2621640472722299,1.0,3.0,2.0,0.0,1.0,1.0,0.0287367317117394,0.02515848644454735,0.0,1.0,1.0,2.0,2.0,0.0,6,1,0,1,4,12086,25922,9696,2745,2745,0,0.0,0,1,,,,,0,0.444284413656009,0.15623515453806028,deg_n_celltypes_sig=3 (+0.53); cc_cross_compartment_edges=2 (+0.47); deg_log2fc=0.448 (+0.24),novel
181,NRXN2,AC_like_tumor,IDH_Mutant,tumor,1.0,0.7874073224983326,0.7874073224983326,2.7413452040349524,0.191,0.09,0.101,1.0,0.0,0.0,1.2901965486045013,1.0,3.0,0.0,0.0,0.0,0.0,0.0,0.0,,0.0,0.0,0.0,0.0,,10,1,0,1,1,72549,446,4249,283,283,0,0.0,1,0,,,,,0,0.4422737252706129,0.13010854744319816,deg_n_celltypes_sig=3 (+0.45); deg_log2fc=0.787 (+0.39); deg_pct_diff=0.101 (+0.20),novel
182,NRXN2,cycling_tumor,IDH_Mutant,tumor,1.0,5.363354862664815,5.363354862664815,7.377522825770371,0.199,0.007,0.192,1.0,1.0,1.0,1.0493405799743036,1.0,3.0,0.0,0.0,0.0,0.0,0.0,0.0,,0.0,0.0,0.0,0.0,,10,1,0,1,1,6410,814,270,136,136,0,0.0,1,0,,,,,0,0.44155937451711613,0.14055647290905832,deg_log2fc=5.36 (+0.51); deg_n_celltypes_sig=3 (+0.45); deg_pct_diff=0.192 (+0.19),novel
183,CD74,AC_like_tumor,IDH_Mutant,tumor,0.0,0.0,0.0,0.0,,,0.0,0.0,0.0,0.0,,0.0,4.0,0.0,6.0,0.0,6.0,0.0223694210384319,0.013996717026047665,0.04,1.0,4.0,0.0,6.0,-1.0,109,0,1,2,6,72549,446,4249,283,283,0,-0.0,1,0,1.0,TAM_microglia,myeloid_bridge,"Ghoochani et al., Oncotarget 2016",0,0.44122715533700907,0.11494803631156568,deg_n_celltypes_sig=4 (+0.67); cc_edges_total=109 (+0.57); cc_is_ligand=0 (+0.29),"literature gene, other compartment"
184,CNTN1,cycling_tumor,IDH_WT,tumor,1.0,4.193702883339663,4.193702883339663,300.0,0.428,0.015,0.413,1.0,1.0,1.0,3.9210720403512047,1.0,4.0,8.0,0.0,8.0,0.0,0.0116509341895663,0.003926612890837995,0.0,1.0,4.0,0.0,8.0,1.0,16,1,0,1,2,6410,814,5847,663,663,0,1.0,0,1,2.0,tumor,neuron_tumor,Synaptic adhesion (pathway-level),0,0.43853326872877807,0.12334977452595895,deg_n_celltypes_sig=4 (+0.80); deg_log2fc=4.19 (+0.60); deg_pct_diff=0.413 (+0.21),literature tier 2 (unlabeled)
185,PTGES3,OPC_GABA_AC_like_tumor,IDH_WT,tumor,1.0,1.0975112537670988,1.0975112537670988,17.78369834434546,0.69,0.313,0.37699999999999995,1.0,0.0,0.0,0.5129413175721254,1.0,3.0,2.0,0.0,1.0,1.0,0.0083171818782097,0.00599865319317245,0.0,1.0,1.0,2.0,2.0,0.0,13,1,0,1,7,6202,1012,5384,171,171,0,0.0,0,1,,,,,0,0.43529689434989444,0.09980202092937909,deg_log2fc=1.1 (+0.59); deg_n_celltypes_sig=3 (+0.50); cc_cross_compartment_edges=2 (+0.37),novel
186,TYROBP,AC_like_tumor,IDH_Mutant,tumor,1.0,-2.040433949003196,2.040433949003196,1.9330292016245856,0.346,0.412,-0.066,-1.0,1.0,1.0,-1.884641691716887,1.0,6.0,0.0,0.0,0.0,0.0,0.0,0.0,,0.0,0.0,0.0,0.0,,57,0,1,2,2,72549,446,4249,283,283,0,-0.0,1,0,2.0,TAM_microglia,myeloid_bridge,TREM2 adaptor (pathway-level),0,0.4336639564274824,0.16692314918324982,cc_edges_total=57 (+0.71); cc_is_ligand=0 (+0.35); deg_n_celltypes_sig=6 (+0.29),"literature gene, other compartment"
187,CLDN11,cycling_tumor,IDH_WT,tumor,1.0,4.00677585319188,4.00677585319188,300.0,0.354,0.015,0.33899999999999997,1.0,0.0,0.0,3.772049796151734,1.0,2.0,1.0,1.0,2.0,0.0,0.0009540821944767284,0.0009540821944767284,0.0,1.0,1.0,0.0,2.0,1.0,2,1,1,1,1,6410,814,5847,663,663,0,1.0,0,1,,,,,0,0.43326516558157974,0.18340921598240612,cc_edges_total=2 (+0.69); deg_log2fc=4.01 (+0.41); deg_pct_diff=0.339 (+0.14),novel
188,TNFRSF1B,OPC_GABA_like_tumor,IDH_Mutant,tumor,0.0,0.0,0.0,0.0,,,0.0,0.0,0.0,0.0,,0.0,1.0,0.0,0.0,0.0,0.0,0.0,0.0,,0.0,0.0,0.0,0.0,,2,0,1,1,1,6741,14114,1658,11741,1658,0,0.0,1,0,,,,,0,0.432789272572898,0.09449595397388906,cc_edges_total=2 (+0.73); cc_is_ligand=0 (+0.15); cc_n_cells_e1=6.74e+03 (+0.12),novel
189,TYROBP,OPC_GABA_like_tumor,IDH_WT,tumor,1.0,-2.0097468367970213,2.0097468367970213,7.3440244443724705,0.079,0.134,-0.05500000000000001,-1.0,1.0,1.0,-1.735676282906917,1.0,5.0,0.0,0.0,0.0,0.0,0.0,0.0,,0.0,0.0,0.0,0.0,,57,0,1,2,2,6741,14114,5040,1935,1935,0,-0.0,0,0,2.0,TAM_microglia,myeloid_bridge,TREM2 adaptor (pathway-level),0,0.43224905245546663,0.14103385544471264,cc_edges_total=57 (+0.69); cc_is_ligand=0 (+0.34); deg_n_celltypes_sig=5 (+0.34),"literature gene, other compartment"
190,PCDHGA10,OPC_GABA_AC_like_tumor,IDH_WT,tumor,0.0,0.0,0.0,0.0,,,0.0,0.0,0.0,0.0,,0.0,2.0,0.0,0.0,0.0,0.0,0.0,0.0,,0.0,0.0,0.0,0.0,,2,1,1,1,1,6202,1012,5384,171,171,0,0.0,0,0,,,,,0,0.42780568892891635,0.1167492446349038,cc_edges_total=2 (+0.89); cc_n_cells_e1=6.2e+03 (+0.13); cc_n_celltypes_total=1 (+0.07),novel
191,TNFRSF1B,OPC_GABA_like_tumor,IDH_WT,tumor,0.0,0.0,0.0,0.0,,,0.0,0.0,0.0,0.0,,0.0,1.0,0.0,0.0,0.0,0.0,0.0,0.0,,0.0,0.0,0.0,0.0,,2,0,1,1,1,6741,14114,5040,1935,1935,0,0.0,0,0,,,,,0,0.42737893904136304,0.09829358586842143,cc_edges_total=2 (+0.73); cc_is_ligand=0 (+0.16); cc_n_cells_e1=6.74e+03 (+0.12),novel
192,SORL1,OPC_GABA_AC_like_tumor,IDH_WT,tumor,0.0,0.0,0.0,0.0,,,0.0,0.0,0.0,0.0,,0.0,3.0,0.0,0.0,0.0,0.0,0.0,0.0,,0.0,0.0,0.0,0.0,,14,0,1,1,1,6202,1012,5384,171,171,0,0.0,0,0,,,,,0,0.4226145426051816,0.05673032877906987,deg_n_celltypes_sig=3 (+0.48); cc_is_ligand=0 (+0.30); cc_n_cells_e1=6.2e+03 (+0.14),novel
193,PCDHGA10,AC_like_tumor,IDH_WT,tumor,0.0,0.0,0.0,0.0,,,0.0,0.0,0.0,0.0,,0.0,2.0,0.0,0.0,0.0,0.0,0.0,0.0,,0.0,0.0,0.0,0.0,,2,1,1,1,1,72549,446,64812,108,108,0,0.0,0,0,,,,,0,0.42233462845341974,0.11510311553335423,cc_edges_total=2 (+0.89); cc_n_cells_e1=7.25e+04 (+0.13); cc_n_celltypes_total=1 (+0.07),novel
194,ROBO1,OPC_GABA_like_tumor,IDH_WT,tumor,1.0,1.510352374701229,1.510352374701229,129.75483408769708,0.339,0.091,0.24800000000000003,1.0,1.0,1.0,1.9488059339044457,1.0,2.0,0.0,1.0,1.0,0.0,0.0026014314511136,0.0026014314511136,0.0,1.0,1.0,0.0,1.0,1.0,2,0,1,1,2,6741,14114,5040,1935,1935,0,1.0,0,1,,,,,0,0.4207443849101806,0.14285808803191222,cc_edges_total=2 (+0.51); deg_log2fc=1.51 (+0.45); cc_is_ligand=0 (+0.21),novel
195,NRXN1,TAM1/TAM2/microglia,IDH_WT,TAM_microglia,0.0,0.0,0.0,0.0,,,0.0,0.0,0.0,0.0,,0.0,2.0,0.0,0.0,0.0,0.0,0.0,0.0,,0.0,0.0,0.0,0.0,,50,1,0,1,4,12086,25922,9696,2745,2745,0,0.0,0,0,2.0,tumor,neuron_tumor,Presynaptic partner of NLGN3 (pathway-level),0,0.4195993453320039,0.22115780518893255,cc_edges_total=50 (+0.64); cc_n_cells_e1=1.21e+04 (+0.15); cc_edges_e2=0 (+0.04),"literature gene, other compartment"
196,TYROBP,OPC_GABA_AC_like_tumor,IDH_WT,tumor,1.0,-4.419009973403889,4.419009973403889,5.529212901490993,0.018,0.225,-0.20700000000000002,-1.0,1.0,1.0,-2.4518281529797026,1.0,5.0,0.0,0.0,0.0,0.0,0.0,0.0,,0.0,0.0,0.0,0.0,,57,0,1,2,2,6202,1012,5384,171,171,0,-0.0,0,0,2.0,TAM_microglia,myeloid_bridge,TREM2 adaptor (pathway-level),0,0.41886291771186634,0.15498808793688212,cc_edges_total=57 (+0.70); cc_is_ligand=0 (+0.35); deg_n_celltypes_sig=5 (+0.22),"literature gene, other compartment"
197,CD99,OPC_GABA_like_tumor,IDH_WT,tumor,0.0,0.0,0.0,0.0,,,0.0,0.0,0.0,0.0,,0.0,1.0,6.0,4.0,0.0,10.0,0.0094000310679316,0.00473842761049317,0.03,1.0,3.0,9.0,10.0,-1.0,86,1,1,1,4,6741,14114,5040,1935,1935,0,-0.0,0,0,2.0,tumor,immune_synapse,Glioma invasion marker (limited functional data),0,0.41779049020528153,0.059977450653120074,cc_edges_total=86 (+0.69); cc_cross_compartment_edges=9 (+0.54); cc_n_cells_e1=6.74e+03 (+0.13),literature tier 2 (unlabeled)
198,PTGES3,OPC_GABA_like_tumor,IDH_WT,tumor,1.0,0.5399867921172341,0.5399867921172341,98.23142148732953,0.84,0.427,0.413,1.0,0.0,0.0,,0.0,3.0,2.0,0.0,1.0,1.0,0.0101086430064245,0.0067944103372843,0.0,1.0,1.0,2.0,2.0,0.0,13,1,0,1,7,6741,14114,5040,1935,1935,0,0.0,0,1,,,,,0,0.41752775853755103,0.14883102144836294,deg_n_celltypes_sig=3 (+0.54); cc_cross_compartment_edges=2 (+0.39); deg_log2fc=0.54 (+0.24),novel
199,SORL1,AC_like_tumor,IDH_WT,tumor,0.0,0.0,0.0,0.0,,,0.0,0.0,0.0,0.0,,0.0,3.0,0.0,0.0,0.0,0.0,0.0,0.0,,0.0,0.0,0.0,0.0,,14,0,1,1,1,72549,446,64812,108,108,0,0.0,0,0,,,,,0,0.41619454858189975,0.05400108171206379,deg_n_celltypes_sig=3 (+0.48); cc_is_ligand=0 (+0.30); cc_n_cells_e1=7.25e+04 (+0.14),novel
200,GAS6,AC_like_tumor,IDH_WT,tumor,0.0,0.0,0.0,0.0,,,0.0,0.0,0.0,0.0,,0.0,1.0,0.0,0.0,0.0,0.0,0.0,0.0,,0.0,0.0,0.0,0.0,,2,1,0,1,1,72549,446,64812,108,108,0,0.0,0,0,,,,,0,0.4161376891965164,0.2039515620122417,cc_edges_total=2 (+1.03); cc_n_cells_e1=7.25e+04 (+0.12); cc_is_receptor=0 (+0.08),novel
201,TYROBP,cycling_tumor,IDH_WT,tumor,1.0,-5.788001085697912,5.788001085697912,90.99910315405569,0.066,0.483,-0.417,-1.0,1.0,1.0,-5.684061677509295,1.0,5.0,0.0,0.0,0.0,0.0,0.0,0.0,,0.0,0.0,0.0,0.0,,57,0,1,2,2,6410,814,5847,663,663,0,-0.0,0,0,2.0,TAM_microglia,myeloid_bridge,TREM2 adaptor (pathway-level),0,0.4156390144989658,0.16382997382249428,cc_edges_total=57 (+0.70); cc_is_ligand=0 (+0.35); deg_n_celltypes_sig=5 (+0.21),"literature gene, other compartment"
202,PCDHGA10,TAM1/TAM2/microglia,IDH_Mutant,TAM_microglia,0.0,0.0,0.0,0.0,,,0.0,0.0,0.0,0.0,,0.0,1.0,0.0,0.0,0.0,0.0,0.0,0.0,,0.0,0.0,0.0,0.0,,2,1,1,1,1,12086,25922,2106,21701,2106,0,0.0,1,0,,,,,0,0.415499194635789,0.08942972487709572,cc_edges_total=2 (+0.91); cc_n_cells_e1=1.21e+04 (+0.12); cc_n_celltypes_total=1 (+0.07),novel
203,TYROBP,cycling_tumor,IDH_Mutant,tumor,1.0,-6.014119325408155,6.014119325408155,31.160106747980016,0.059,0.737,-0.6779999999999999,-1.0,1.0,1.0,-5.684061677509295,1.0,6.0,0.0,0.0,0.0,0.0,0.0,0.0,,0.0,0.0,0.0,0.0,,57,0,1,2,2,6410,814,270,136,136,0,-0.0,1,0,2.0,TAM_microglia,myeloid_bridge,TREM2 adaptor (pathway-level),0,0.4154200523368442,0.16473532233282195,cc_edges_total=57 (+0.71); cc_is_ligand=0 (+0.35); deg_n_celltypes_sig=6 (+0.20),"literature gene, other compartment"
204,DAG1,OPC_GABA_AC_like_tumor,IDH_Mutant,tumor,0.0,0.0,0.0,0.0,,,0.0,0.0,0.0,0.0,,0.0,2.0,0.0,0.0,0.0,0.0,0.0,0.0,,0.0,0.0,0.0,0.0,,6,0,1,1,1,6202,1012,352,742,352,0,0.0,1,0,,,,,0,0.41456755980259813,0.03208689096359045,cc_is_ligand=0 (+0.33); cc_n_cells_e1=6.2e+03 (+0.14); cc_edges_total=6 (+0.10),novel
205,GAS6,OPC_GABA_AC_like_tumor,IDH_WT,tumor,0.0,0.0,0.0,0.0,,,0.0,0.0,0.0,0.0,,0.0,1.0,0.0,0.0,0.0,0.0,0.0,0.0,,0.0,0.0,0.0,0.0,,2,1,0,1,1,6202,1012,5384,171,171,0,0.0,0,0,,,,,0,0.41354357990252144,0.20269375796663966,cc_edges_total=2 (+1.03); cc_n_cells_e1=6.2e+03 (+0.12); cc_is_receptor=0 (+0.08),novel
206,CD99,TAM1/TAM2/microglia,IDH_Mutant,TAM_microglia,0.0,0.0,0.0,0.0,,,0.0,0.0,0.0,0.0,,0.0,3.0,16.0,12.0,16.0,12.0,0.0335568293583414,0.010434864974017268,0.03,1.0,4.0,18.0,28.0,0.14285714285714285,86,1,1,1,4,12086,25922,2106,21701,2106,0,0.0,1,0,2.0,tumor,immune_synapse,Glioma invasion marker (limited functional data),0,0.41332688395537076,0.14163374772488638,cc_edges_total=86 (+0.64); cc_cross_compartment_edges=18 (+0.61); deg_n_celltypes_sig=3 (+0.57),"literature gene, other compartment"
207,GRIK2,OPC_GABA_AC_like_tumor,IDH_Mutant,tumor,0.0,0.0,0.0,0.0,,,0.0,0.0,0.0,0.0,,0.0,3.0,0.0,0.0,0.0,0.0,0.0,0.0,,0.0,0.0,0.0,0.0,,6,0,1,1,2,6202,1012,352,742,352,0,0.0,1,0,,,,,0,0.41287447696722274,0.04784969183773192,deg_n_celltypes_sig=3 (+0.48); cc_is_ligand=0 (+0.30); cc_n_cells_e1=6.2e+03 (+0.15),novel
208,SORL1,TAM1/TAM2/microglia,IDH_Mutant,TAM_microglia,1.0,0.4988742202019969,0.4988742202019969,52.23560904181951,0.712,0.585,0.127,1.0,1.0,1.0,0.9799051202538605,1.0,3.0,0.0,14.0,7.0,7.0,0.0511641001611375,0.019258193673017707,0.0,1.0,4.0,14.0,14.0,0.0,14,0,1,1,1,12086,25922,2106,21701,2106,0,0.0,1,1,,,,,0,0.41239880658319006,0.179689988770049,deg_n_celltypes_sig=3 (+0.48); cc_cross_compartment_edges=14 (+0.48); cc_is_ligand=0 (+0.21),novel
209,DAG1,AC_like_tumor,IDH_Mutant,tumor,0.0,0.0,0.0,0.0,,,0.0,0.0,0.0,0.0,,0.0,2.0,0.0,0.0,0.0,0.0,0.0,0.0,,0.0,0.0,0.0,0.0,,6,0,1,1,1,72549,446,4249,283,283,0,0.0,1,0,,,,,0,0.41189890501125737,0.03181031530415971,cc_is_ligand=0 (+0.33); cc_n_cells_e1=7.25e+04 (+0.13); cc_edges_total=6 (+0.10),novel
210,BSG,AC_like_tumor,IDH_WT,tumor,0.0,0.0,0.0,0.0,,,0.0,0.0,0.0,0.0,,0.0,3.0,0.0,6.0,6.0,0.0,0.027815192477311,0.02515049437541185,0.04,1.0,4.0,0.0,6.0,1.0,56,0,1,1,4,72549,446,64812,108,108,0,0.0,0,0,,,,,0,0.41108923364618805,0.04266202984636306,cc_edges_total=56 (+0.55); deg_n_celltypes_sig=3 (+0.54); cc_is_ligand=0 (+0.30),novel
211,SLIT1,TAM1/TAM2/microglia,IDH_WT,TAM_microglia,0.0,0.0,0.0,0.0,,,0.0,0.0,0.0,0.0,,0.0,2.0,0.0,0.0,0.0,0.0,0.0,0.0,,0.0,0.0,0.0,0.0,,2,1,0,1,1,12086,25922,9696,2745,2745,0,0.0,0,0,,,,,0,0.41068852122972643,0.2052277843319614,cc_edges_total=2 (+1.03); cc_n_cells_e1=1.21e+04 (+0.13); cc_is_receptor=0 (+0.09),novel
212,GAS6,cycling_tumor,IDH_WT,tumor,0.0,0.0,0.0,0.0,,,0.0,0.0,0.0,0.0,,0.0,1.0,0.0,0.0,0.0,0.0,0.0,0.0,,0.0,0.0,0.0,0.0,,2,1,0,1,1,6410,814,5847,663,663,0,0.0,0,0,,,,,0,0.41046045991953317,0.20113507079205914,cc_edges_total=2 (+1.03); cc_n_cells_e1=6.41e+03 (+0.12); cc_is_receptor=0 (+0.08),novel
213,SORL1,AC_like_tumor,IDH_Mutant,tumor,0.0,0.0,0.0,0.0,,,0.0,0.0,0.0,0.0,,0.0,3.0,0.0,0.0,0.0,0.0,0.0,0.0,,0.0,0.0,0.0,0.0,,14,0,1,1,1,72549,446,4249,283,283,0,0.0,1,0,,,,,0,0.4097176419036563,0.0540986979717681,deg_n_celltypes_sig=3 (+0.47); cc_is_ligand=0 (+0.30); cc_n_cells_e1=7.25e+04 (+0.14),novel
214,SLIT1,T cell,IDH_Mutant,T_cell,0.0,0.0,0.0,0.0,,,0.0,0.0,0.0,0.0,,0.0,3.0,0.0,0.0,0.0,0.0,0.0,0.0,,0.0,0.0,0.0,0.0,,2,1,0,1,1,2662,1463,941,334,334,0,0.0,1,0,,,,,0,0.40802887769442153,0.23774362232881194,cc_edges_total=2 (+1.06); deg_n_celltypes_sig=3 (+0.43); cc_is_receptor=0 (+0.08),novel
215,APOE,T cell,IDH_Mutant,T_cell,0.0,0.0,0.0,0.0,,,0.0,0.0,0.0,0.0,,0.0,5.0,6.0,0.0,3.0,3.0,0.1125528420381205,0.06786869683633903,0.02,1.0,2.0,6.0,6.0,0.0,36,1,0,1,7,2662,1463,941,334,334,0,0.0,1,0,2.0,TAM_microglia,myeloid_bridge,TAM lipid program (pathway-level),0,0.4071900205498073,0.14063927638985924,cc_n_partners=2 (+1.20); cc_cross_compartment_edges=6 (+0.45); deg_n_celltypes_sig=5 (+0.44),"literature gene, other compartment"
216,TREM2,OPC_GABA_AC_like_tumor,IDH_WT,tumor,0.0,0.0,0.0,0.0,,,0.0,0.0,0.0,0.0,,0.0,2.0,0.0,0.0,0.0,0.0,0.0,0.0,,0.0,0.0,0.0,0.0,,57,0,1,2,2,6202,1012,5384,171,171,0,0.0,0,0,2.0,TAM_microglia,myeloid_bridge,TAM marker (pathway-level),0,0.40705131335377304,0.21130612138151747,cc_edges_total=57 (+0.74); cc_is_ligand=0 (+0.33); cc_n_cells_e1=6.2e+03 (+0.15),"literature gene, other compartment"
217,NCAM2,cycling_tumor,IDH_WT,tumor,1.0,1.865944413135866,1.865944413135866,140.9311777197438,0.305,0.038,0.267,1.0,1.0,1.0,1.9479715419887156,1.0,2.0,0.0,5.0,5.0,0.0,0.0081777990732763,0.0035688930945901197,0.0,1.0,4.0,0.0,5.0,1.0,5,0,1,1,1,6410,814,5847,663,663,0,1.0,0,1,,,,,0,0.4068754470598351,0.16136996045911253,deg_log2fc=1.87 (+0.54); cc_is_ligand=0 (+0.28); deg_pct_e1=0.038 (+0.17),novel
218,HLA-DRB1,AC_like_tumor,IDH_Mutant,tumor,0.0,0.0,0.0,0.0,,,0.0,0.0,0.0,0.0,,0.0,4.0,2.0,0.0,0.0,2.0,0.0041600414779594,0.0022543680300073665,0.0,1.0,1.0,2.0,2.0,-1.0,14,1,0,1,5,72549,446,4249,283,283,0,-0.0,1,0,,,,,0,0.4067873003465376,0.10260148967574674,deg_n_celltypes_sig=4 (+0.59); cc_cross_compartment_edges=2 (+0.35); cc_n_cells_e1=7.25e+04 (+0.15),novel
219,CD99,OPC_GABA_like_tumor,IDH_Mutant,tumor,1.0,-4.965495413104343,4.965495413104343,300.0,0.032,0.467,-0.43500000000000005,-1.0,0.0,0.0,-2.7545762012994364,1.0,3.0,6.0,4.0,0.0,10.0,0.0094000310679316,0.00473842761049317,0.03,1.0,3.0,9.0,10.0,-1.0,86,1,1,1,4,6741,14114,1658,11741,1658,0,1.0,1,1,2.0,tumor,immune_synapse,Glioma invasion marker (limited functional data),0,0.40671344543612664,0.02903043979694667,cc_edges_total=86 (+0.66); cc_cross_compartment_edges=9 (+0.54); deg_n_celltypes_sig=3 (+0.38),literature tier 2 (unlabeled)
220,JAM2,cycling_tumor,IDH_Mutant,tumor,1.0,0.7960758978451711,0.7960758978451711,7.596818806928833,0.441,0.104,0.337,1.0,1.0,1.0,0.8274191381313104,1.0,2.0,5.0,1.0,6.0,0.0,0.0021428578601446,0.0016103557452642166,0.0,1.0,3.0,1.0,6.0,1.0,6,1,1,1,1,6410,814,270,136,136,0,1.0,1,1,,,,,0,0.4049683666087624,0.17101014528287176,deg_log2fc=0.796 (+0.43); cc_cross_compartment_edges=1 (+0.27); deg_pct_diff=0.337 (+0.16),novel
221,SORL1,OPC_GABA_AC_like_tumor,IDH_Mutant,tumor,0.0,0.0,0.0,0.0,,,0.0,0.0,0.0,0.0,,0.0,3.0,0.0,0.0,0.0,0.0,0.0,0.0,,0.0,0.0,0.0,0.0,,14,0,1,1,1,6202,1012,352,742,352,0,0.0,1,0,,,,,0,0.40426779530664325,0.058841023540411534,deg_n_celltypes_sig=3 (+0.47); cc_is_ligand=0 (+0.30); cc_n_cells_e1=6.2e+03 (+0.14),novel
222,JAM2,cycling_tumor,IDH_WT,tumor,1.0,0.814318605370147,0.814318605370147,87.44936647563978,0.407,0.1,0.30699999999999994,1.0,1.0,1.0,0.8274191381313104,1.0,2.0,5.0,1.0,6.0,0.0,0.0021428578601446,0.0016103557452642166,0.0,1.0,3.0,1.0,6.0,1.0,6,1,1,1,1,6410,814,5847,663,663,0,1.0,0,1,,,,,0,0.40306695110581375,0.17244359541553764,deg_log2fc=0.814 (+0.43); cc_cross_compartment_edges=1 (+0.27); deg_pct_diff=0.307 (+0.16),novel
223,HLA-DRB1,AC_like_tumor,IDH_WT,tumor,0.0,0.0,0.0,0.0,,,0.0,0.0,0.0,0.0,,0.0,3.0,2.0,0.0,0.0,2.0,0.0041600414779594,0.0022543680300073665,0.0,1.0,1.0,2.0,2.0,-1.0,14,1,0,1,5,72549,446,64812,108,108,0,-0.0,0,0,,,,,0,0.4016727905372301,0.08892154140369234,deg_n_celltypes_sig=3 (+0.55); cc_cross_compartment_edges=2 (+0.35); cc_n_cells_e1=7.25e+04 (+0.15),novel
224,HAVCR2,TAM1/TAM2/microglia,IDH_Mutant,TAM_microglia,1.0,0.6459388801766974,0.6459388801766974,39.23439518936956,0.622,0.499,0.123,1.0,1.0,1.0,1.1433285772866246,1.0,3.0,0.0,2.0,1.0,1.0,0.0101934918944621,0.00658942667833445,0.0,1.0,1.0,0.0,2.0,0.0,2,0,1,1,1,12086,25922,2106,21701,2106,0,0.0,1,1,1.0,T_cell,immune_synapse,"Kim et al., Clin Cancer Res 2017",0,0.40128289078661883,0.030706117788595708,cc_edges_total=2 (+0.54); deg_n_celltypes_sig=3 (+0.41); deg_log2fc=0.646 (+0.24),"literature gene, other compartment"
225,GRIA2,AC_like_tumor,IDH_WT,tumor,0.0,0.0,0.0,0.0,,,0.0,0.0,0.0,0.0,,0.0,2.0,0.0,3.0,3.0,0.0,0.01334006204483,0.006415987940346833,0.0,1.0,2.0,1.0,3.0,1.0,12,0,1,1,3,72549,446,64812,108,108,0,0.0,0,0,1.0,tumor,neuron_tumor,"Venkatesh et al., Nature 2019; Venkataramani et al., Nature 2019",1,0.4012250742710684,0.16100753590218322,cc_n_partners=2 (+1.19); cc_cross_compartment_edges=1 (+0.51); cc_is_ligand=0 (+0.33),literature tier 1 (label)
226,GAS6,OPC_GABA_like_tumor,IDH_WT,tumor,0.0,0.0,0.0,0.0,,,0.0,0.0,0.0,0.0,,0.0,1.0,0.0,0.0,0.0,0.0,0.0,0.0,,0.0,0.0,0.0,0.0,,2,1,0,1,1,6741,14114,5040,1935,1935,0,0.0,0,0,,,,,0,0.4009613107091344,0.19565381409788749,cc_edges_total=2 (+1.04); cc_n_cells_e1=6.74e+03 (+0.12); cc_is_receptor=0 (+0.08),novel
227,LRRTM2,cycling_tumor,IDH_WT,tumor,1.0,1.0132404394620282,1.0132404394620282,99.16417413485708,0.359,0.072,0.287,1.0,1.0,1.0,1.001053071696476,1.0,2.0,0.0,6.0,6.0,0.0,0.0103806915753576,0.00337061154555855,0.0,1.0,4.0,0.0,6.0,1.0,12,0,1,1,2,6410,814,5847,663,663,0,1.0,0,1,,,,,0,0.3995492765521839,0.17090284477213805,deg_log2fc=1.01 (+0.56); cc_is_ligand=0 (+0.34); cc_edges_total=12 (+0.16),novel
228,JAM3,cycling_tumor,IDH_WT,tumor,1.0,2.630915976788741,2.630915976788741,204.82074201969834,0.33,0.028,0.302,1.0,1.0,1.0,2.3973352035949205,1.0,3.0,1.0,2.0,3.0,0.0,0.001159002926699,0.0009328306067242937,0.0,1.0,1.0,0.0,3.0,1.0,3,1,1,1,1,6410,814,5847,663,663,0,1.0,0,1,,,,,0,0.39910569025172654,0.05077177061442584,deg_log2fc=2.63 (+0.48); deg_n_celltypes_sig=3 (+0.47); deg_pct_diff=0.302 (+0.18),novel
229,NRCAM,cycling_tumor,IDH_WT,tumor,1.0,0.2765338723748298,0.2765338723748298,51.43144348375306,0.603,0.228,0.375,1.0,1.0,1.0,0.3838670058278617,1.0,1.0,0.0,2.0,2.0,0.0,0.005371724448235,0.005233137050460249,0.0,1.0,2.0,0.0,2.0,1.0,12,0,1,1,4,6410,814,5847,663,663,0,1.0,0,1,,,,,0,0.3987514914577046,0.1635541299917948,cc_n_partners=2 (+1.19); cc_is_ligand=0 (+0.30); deg_pct_diff=0.375 (+0.15),novel
230,NCAM2,cycling_tumor,IDH_Mutant,tumor,1.0,4.01083004443889,4.01083004443889,9.949480699379908,0.25,0.011,0.239,1.0,1.0,1.0,1.9479715419887156,1.0,2.0,0.0,5.0,5.0,0.0,0.0081777990732763,0.0035688930945901197,0.0,1.0,4.0,0.0,5.0,1.0,5,0,1,1,1,6410,814,270,136,136,0,1.0,1,1,,,,,0,0.39780311608624225,0.1639668243060155,deg_log2fc=4.01 (+0.54); cc_is_ligand=0 (+0.28); deg_pct_diff=0.239 (+0.14),novel
231,HAVCR2,cycling_tumor,IDH_Mutant,tumor,1.0,-8.033902757974692,8.033902757974692,5.449057838611597,0.0,0.256,-0.256,-1.0,0.0,0.0,,0.0,3.0,0.0,0.0,0.0,0.0,0.0,0.0,,0.0,0.0,0.0,0.0,,2,0,1,1,1,6410,814,270,136,136,0,-0.0,1,0,1.0,T_cell,immune_synapse,"Kim et al., Clin Cancer Res 2017",0,0.3977872734848343,0.05000696096285134,cc_edges_total=2 (+0.61); deg_n_celltypes_sig=3 (+0.33); cc_is_ligand=0 (+0.19),"literature gene, other compartment"
232,TREM2,AC_like_tumor,IDH_WT,tumor,0.0,0.0,0.0,0.0,,,0.0,0.0,0.0,0.0,,0.0,2.0,0.0,0.0,0.0,0.0,0.0,0.0,,0.0,0.0,0.0,0.0,,57,0,1,2,2,72549,446,64812,108,108,0,0.0,0,0,2.0,TAM_microglia,myeloid_bridge,TAM marker (pathway-level),0,0.3971178574741754,0.21570507945866224,cc_edges_total=57 (+0.74); cc_is_ligand=0 (+0.33); cc_n_cells_e1=7.25e+04 (+0.15),"literature gene, other compartment"
233,CD4,T cell,IDH_WT,T_cell,0.0,0.0,0.0,0.0,,,0.0,0.0,0.0,0.0,,0.0,1.0,0.0,0.0,0.0,0.0,0.0,0.0,,0.0,0.0,0.0,0.0,,88,0,1,1,1,2662,1463,1681,1118,1118,0,0.0,0,0,2.0,T_cell,immune_synapse,MHC-II co-receptor (pathway-level),0,0.3963363408749407,0.13816151769916438,cc_edges_total=88 (+0.65); cc_is_ligand=0 (+0.30); cc_n_celltypes_total=1 (+0.08),literature tier 2 (unlabeled)
234,TYROBP,AC_like_tumor,IDH_WT,tumor,1.0,-2.907676299760296,2.907676299760296,2.6351556806273595,0.102,0.33,-0.22800000000000004,-1.0,1.0,1.0,-1.884641691716887,1.0,5.0,0.0,0.0,0.0,0.0,0.0,0.0,,0.0,0.0,0.0,0.0,,57,0,1,2,2,72549,446,64812,108,108,0,-0.0,0,0,2.0,TAM_microglia,myeloid_bridge,TREM2 adaptor (pathway-level),0,0.3960827067614353,0.15915050187031818,cc_edges_total=57 (+0.71); cc_is_ligand=0 (+0.35); deg_n_celltypes_sig=5 (+0.22),"literature gene, other compartment"
235,PCDHGC3,OPC_GABA_AC_like_tumor,IDH_Mutant,tumor,0.0,0.0,0.0,0.0,,,0.0,0.0,0.0,0.0,,0.0,2.0,0.0,0.0,0.0,0.0,0.0,0.0,,0.0,0.0,0.0,0.0,,2,1,1,1,1,6202,1012,352,742,352,0,0.0,1,0,,,,,0,0.39377596364537487,0.19424186564892612,cc_edges_total=2 (+0.89); cc_n_cells_e1=6.2e+03 (+0.13); cc_n_celltypes_total=1 (+0.07),novel
236,PCDHGC3,AC_like_tumor,IDH_Mutant,tumor,0.0,0.0,0.0,0.0,,,0.0,0.0,0.0,0.0,,0.0,2.0,0.0,0.0,0.0,0.0,0.0,0.0,,0.0,0.0,0.0,0.0,,2,1,1,1,1,72549,446,4249,283,283,0,0.0,1,0,,,,,0,0.3934106718042122,0.19707549810040073,cc_edges_total=2 (+0.89); cc_n_cells_e1=7.25e+04 (+0.13); cc_n_celltypes_total=1 (+0.07),novel
237,ROBO1,TAM1/TAM2/microglia,IDH_WT,TAM_microglia,0.0,0.0,0.0,0.0,,,0.0,0.0,0.0,0.0,,0.0,2.0,0.0,0.0,0.0,0.0,0.0,0.0,,0.0,0.0,0.0,0.0,,2,0,1,1,2,12086,25922,9696,2745,2745,0,0.0,0,0,,,,,0,0.39262863288668853,0.0817065752792176,cc_edges_total=2 (+0.70); cc_is_ligand=0 (+0.15); cc_n_cells_e1=1.21e+04 (+0.13),novel
238,TYROBP,OPC_GABA_like_tumor,IDH_Mutant,tumor,1.0,-1.7901404802287604,1.7901404802287604,17.353977302000875,0.108,0.185,-0.077,-1.0,1.0,1.0,-1.735676282906917,1.0,6.0,0.0,0.0,0.0,0.0,0.0,0.0,,0.0,0.0,0.0,0.0,,57,0,1,2,2,6741,14114,1658,11741,1658,0,-0.0,1,0,2.0,TAM_microglia,myeloid_bridge,TREM2 adaptor (pathway-level),0,0.3911219464468575,0.14708044145076263,cc_edges_total=57 (+0.70); cc_is_ligand=0 (+0.34); deg_n_celltypes_sig=6 (+0.28),"literature gene, other compartment"
239,NCL,T cell,IDH_Mutant,T_cell,0.0,0.0,0.0,0.0,,,0.0,0.0,0.0,0.0,,0.0,3.0,0.0,2.0,1.0,1.0,0.0030244750425369,0.0029730166141975004,0.0,1.0,1.0,2.0,2.0,0.0,70,0,1,2,7,2662,1463,941,334,334,0,0.0,1,0,,,,,0,0.39111212444680726,0.20639275202110133,cc_edges_total=70 (+0.82); cc_cross_compartment_edges=2 (+0.56); deg_n_celltypes_sig=3 (+0.43),novel
240,CD4,T cell,IDH_Mutant,T_cell,0.0,0.0,0.0,0.0,,,0.0,0.0,0.0,0.0,,0.0,1.0,0.0,0.0,0.0,0.0,0.0,0.0,,0.0,0.0,0.0,0.0,,88,0,1,1,1,2662,1463,941,334,334,0,0.0,1,0,2.0,T_cell,immune_synapse,MHC-II co-receptor (pathway-level),0,0.39068244607805436,0.1460262175680354,cc_edges_total=88 (+0.65); cc_is_ligand=0 (+0.30); cc_n_celltypes_total=1 (+0.08),literature tier 2 (unlabeled)
241,KLRC2,TAM1/TAM2/microglia,IDH_Mutant,TAM_microglia,0.0,0.0,0.0,0.0,,,0.0,0.0,0.0,0.0,,0.0,3.0,0.0,0.0,0.0,0.0,0.0,0.0,,0.0,0.0,0.0,0.0,,6,0,1,1,1,12086,25922,2106,21701,2106,0,0.0,1,0,,,,,0,0.3900511134876942,0.06565383741470801,deg_n_celltypes_sig=3 (+0.47); cc_is_ligand=0 (+0.24); cc_n_cells_e1=1.21e+04 (+0.14),novel
242,ITGAV,OPC_GABA_AC_like_tumor,IDH_WT,tumor,0.0,0.0,0.0,0.0,,,0.0,0.0,0.0,0.0,,0.0,2.0,0.0,0.0,0.0,0.0,0.0,0.0,,0.0,0.0,0.0,0.0,,39,0,1,3,3,6202,1012,5384,171,171,0,0.0,0,0,,,,,0,0.38980855503556067,0.22283301628012026,cc_is_ligand=0 (+0.33); cc_n_cells_e1=6.2e+03 (+0.14); cc_n_cells_e2=1.01e+03 (+0.06),novel
243,BSG,TAM1/TAM2/microglia,IDH_Mutant,TAM_microglia,0.0,0.0,0.0,0.0,,,0.0,0.0,0.0,0.0,,0.0,1.0,0.0,0.0,0.0,0.0,0.0,0.0,,0.0,0.0,0.0,0.0,,56,0,1,1,4,12086,25922,2106,21701,2106,0,0.0,1,0,,,,,0,0.38759627991889395,0.07683625019243917,cc_edges_total=56 (+0.73); cc_is_ligand=0 (+0.25); cc_n_cells_e1=1.21e+04 (+0.14),novel
244,NLGN1,OPC_GABA_like_tumor,IDH_WT,tumor,1.0,1.0585738938253402,1.0585738938253402,152.14806400699962,0.456,0.137,0.319,1.0,0.0,0.0,0.769254745758341,1.0,2.0,0.0,6.0,6.0,0.0,0.0202156564962208,0.0065894255343515165,0.0,1.0,4.0,0.0,6.0,1.0,18,0,1,1,3,6741,14114,5040,1935,1935,0,1.0,0,1,2.0,tumor,neuron_tumor,Neuroligin family (pathway-level),0,0.38737882325261935,0.14089740938794726,deg_log2fc=1.06 (+0.64); cc_is_ligand=0 (+0.34); deg_pct_diff=0.319 (+0.14),literature tier 2 (unlabeled)
245,MPZL1,TAM1/TAM2/microglia,IDH_Mutant,TAM_microglia,1.0,0.4276836194255389,0.4276836194255389,5.594055246589277,0.268,0.201,0.067,1.0,1.0,1.0,0.9956801272371408,1.0,1.0,2.0,2.0,4.0,0.0,0.0020758691199662,0.0019566982996453,0.0,1.0,2.0,2.0,4.0,1.0,8,1,1,1,2,12086,25922,2106,21701,2106,0,1.0,1,1,,,,,0,0.3865805375796417,0.21862173906828686,cc_n_partners=2 (+1.21); cc_cross_compartment_edges=2 (+0.34); deg_log2fc=0.428 (+0.22),novel
246,NRXN1,T cell,IDH_Mutant,T_cell,0.0,0.0,0.0,0.0,,,0.0,0.0,0.0,0.0,,0.0,3.0,0.0,0.0,0.0,0.0,0.0,0.0,,0.0,0.0,0.0,0.0,,50,1,0,1,4,2662,1463,941,334,334,0,0.0,1,0,2.0,tumor,neuron_tumor,Presynaptic partner of NLGN3 (pathway-level),0,0.3846767019473907,0.2433984506726604,cc_edges_total=50 (+0.55); deg_n_celltypes_sig=3 (+0.45); deg_pooled_log2fc=nan (+0.04),"literature gene, other compartment"
247,BSG,OPC_GABA_like_tumor,IDH_Mutant,tumor,0.0,0.0,0.0,0.0,,,0.0,0.0,0.0,0.0,,0.0,1.0,0.0,26.0,13.0,13.0,0.0371646066923417,0.028620767883067635,0.04,1.0,7.0,10.0,26.0,0.0,56,0,1,1,4,6741,14114,1658,11741,1658,0,0.0,1,0,,,,,0,0.3835333671763073,0.1355721067411267,cc_edges_total=56 (+0.73); cc_cross_compartment_edges=10 (+0.61); cc_is_ligand=0 (+0.28),novel
248,ITGAV,AC_like_tumor,IDH_WT,tumor,0.0,0.0,0.0,0.0,,,0.0,0.0,0.0,0.0,,0.0,2.0,0.0,0.0,0.0,0.0,0.0,0.0,,0.0,0.0,0.0,0.0,,39,0,1,3,3,72549,446,64812,108,108,0,0.0,0,0,,,,,0,0.38305577190259943,0.22259286374911438,cc_is_ligand=0 (+0.33); cc_n_cells_e1=7.25e+04 (+0.14); cc_n_cells_e2=446 (+0.06),novel
249,NRXN1,OPC_GABA_like_tumor,IDH_Mutant,tumor,0.0,0.0,0.0,0.0,,,0.0,0.0,0.0,0.0,,0.0,3.0,20.0,0.0,10.0,10.0,0.0202156564962208,0.007657003490098835,0.0,1.0,3.0,0.0,20.0,0.0,50,1,0,1,4,6741,14114,1658,11741,1658,0,0.0,1,0,2.0,tumor,neuron_tumor,Presynaptic partner of NLGN3 (pathway-level),0,0.38245525530838115,0.15973855770424436,deg_n_celltypes_sig=3 (+0.57); cc_edges_total=50 (+0.44); cc_n_cells_e1=6.74e+03 (+0.14),literature tier 2 (unlabeled)
250,TYROBP,OPC_GABA_AC_like_tumor,IDH_Mutant,tumor,1.0,-3.477348411641988,3.477348411641988,30.553483819257792,0.053,0.324,-0.271,-1.0,1.0,1.0,-2.4518281529797026,1.0,6.0,0.0,0.0,0.0,0.0,0.0,0.0,,0.0,0.0,0.0,0.0,,57,0,1,2,2,6202,1012,352,742,352,0,-0.0,1,0,2.0,TAM_microglia,myeloid_bridge,TREM2 adaptor (pathway-level),0,0.38230573902195675,0.14782900635423546,cc_edges_total=57 (+0.70); cc_is_ligand=0 (+0.35); deg_n_celltypes_sig=6 (+0.20),"literature gene, other compartment"
251,LRRTM3,OPC_GABA_AC_like_tumor,IDH_WT,tumor,0.0,0.0,0.0,0.0,,,0.0,0.0,0.0,0.0,,0.0,2.0,0.0,0.0,0.0,0.0,0.0,0.0,,0.0,0.0,0.0,0.0,,6,0,1,1,1,6202,1012,5384,171,171,0,0.0,0,0,,,,,0,0.3812442778499902,0.13680104111744784,cc_is_ligand=0 (+0.33); cc_n_cells_e1=6.2e+03 (+0.14); cc_edges_total=6 (+0.10),novel
252,NRXN1,cycling_tumor,IDH_WT,tumor,1.0,0.9602406200106864,0.9602406200106864,36.6289552866046,0.259,0.083,0.176,1.0,1.0,1.0,2.043076640812517,1.0,2.0,10.0,0.0,10.0,0.0,0.0028593048615199,0.0017488561969960198,0.0,1.0,3.0,0.0,10.0,1.0,50,1,0,1,4,6410,814,5847,663,663,0,1.0,0,1,2.0,tumor,neuron_tumor,Presynaptic partner of NLGN3 (pathway-level),0,0.38109593225993443,0.1700910806163226,deg_log2fc=0.96 (+0.40); cc_edges_total=50 (+0.31); deg_pct_diff=0.176 (+0.13),literature tier 2 (unlabeled)
253,PCDHGA10,TAM1/TAM2/microglia,IDH_WT,TAM_microglia,0.0,0.0,0.0,0.0,,,0.0,0.0,0.0,0.0,,0.0,2.0,0.0,0.0,0.0,0.0,0.0,0.0,,0.0,0.0,0.0,0.0,,2,1,1,1,1,12086,25922,9696,2745,2745,0,0.0,0,0,,,,,0,0.3810222780481325,0.08951919965093631,cc_edges_total=2 (+0.90); cc_n_cells_e1=1.21e+04 (+0.13); cc_n_celltypes_total=1 (+0.07),novel
254,SORT1,cycling_tumor,IDH_Mutant,tumor,0.0,0.0,0.0,0.0,,,0.0,0.0,0.0,0.0,,0.0,2.0,0.0,3.0,3.0,0.0,0.005960292884092,0.004312044914191967,0.0,1.0,2.0,2.0,3.0,1.0,3,0,1,1,1,6410,814,270,136,136,0,0.0,1,0,,,,,0,0.38033032343583617,0.10896368460066012,cc_n_partners=2 (+1.18); cc_cross_compartment_edges=2 (+0.34); cc_is_ligand=0 (+0.26),novel
255,PTPRD,OPC_GABA_like_tumor,IDH_WT,tumor,1.0,2.24469629915764,2.24469629915764,153.68192307334738,0.265,0.043,0.22200000000000003,1.0,0.0,0.0,1.3999679783885448,1.0,3.0,0.0,1.0,1.0,0.0,0.0011930593981233,0.0011930593981233,0.0,1.0,1.0,0.0,1.0,1.0,1,0,1,1,1,6741,14114,5040,1935,1935,0,1.0,0,1,,,,,0,0.3790621348015172,0.12581623279652832,deg_n_celltypes_sig=3 (+0.43); deg_log2fc=2.24 (+0.41); cc_is_ligand=0 (+0.17),novel
256,NCAM1,T cell,IDH_Mutant,T_cell,1.0,3.3377055436951317,3.3377055436951317,17.58587983808966,0.147,0.013,0.13399999999999998,1.0,0.0,0.0,,0.0,5.0,0.0,0.0,0.0,0.0,0.0,0.0,,0.0,0.0,0.0,0.0,,55,1,1,1,4,2662,1463,941,334,334,0,0.0,1,0,2.0,tumor,neuron_tumor,Synaptic adhesion (pathway-level),0,0.37880997831099994,0.20691500258347753,deg_log2fc=3.34 (+0.51); cc_edges_total=55 (+0.39); deg_n_celltypes_sig=5 (+0.38),"literature gene, other compartment"
257,DAG1,OPC_GABA_AC_like_tumor,IDH_WT,tumor,0.0,0.0,0.0,0.0,,,0.0,0.0,0.0,0.0,,0.0,1.0,0.0,0.0,0.0,0.0,0.0,0.0,,0.0,0.0,0.0,0.0,,6,0,1,1,1,6202,1012,5384,171,171,0,0.0,0,0,,,,,0,0.37816092197495604,0.02369023600215539,cc_is_ligand=0 (+0.30); cc_n_cells_e1=6.2e+03 (+0.13); cc_edges_total=6 (+0.10),novel
258,NCAM1,TAM1/TAM2/microglia,IDH_WT,TAM_microglia,0.0,0.0,0.0,0.0,,,0.0,0.0,0.0,0.0,,0.0,4.0,0.0,0.0,0.0,0.0,0.0,0.0,,0.0,0.0,0.0,0.0,,55,1,1,1,4,12086,25922,9696,2745,2745,0,0.0,0,0,2.0,tumor,neuron_tumor,Synaptic adhesion (pathway-level),0,0.37667253571910686,0.11738810263948744,cc_edges_total=55 (+0.63); deg_n_celltypes_sig=4 (+0.58); cc_n_cells_e1=1.21e+04 (+0.16),"literature gene, other compartment"
259,GAS6,AC_like_tumor,IDH_Mutant,tumor,0.0,0.0,0.0,0.0,,,0.0,0.0,0.0,0.0,,0.0,2.0,0.0,0.0,0.0,0.0,0.0,0.0,,0.0,0.0,0.0,0.0,,2,1,0,1,1,72549,446,4249,283,283,0,0.0,1,0,,,,,0,0.3755736276234856,0.18628468216866434,cc_edges_total=2 (+1.02); cc_n_cells_e1=7.25e+04 (+0.13); cc_is_receptor=0 (+0.08),novel
260,PTGES2,cycling_tumor,IDH_WT,tumor,1.0,0.91692452860917,0.91692452860917,108.21754135330681,0.341,0.062,0.279,1.0,0.0,0.0,0.7845764451819432,1.0,2.0,1.0,0.0,1.0,0.0,0.0010258920066067,0.0010258920066067,0.0,1.0,1.0,1.0,1.0,1.0,1,1,0,1,1,6410,814,5847,663,663,0,1.0,0,1,,,,,0,0.374675896331635,0.18755683033088066,deg_log2fc=0.917 (+0.36); cc_cross_compartment_edges=1 (+0.30); deg_pct_diff=0.279 (+0.15),novel
261,BSG,cycling_tumor,IDH_Mutant,tumor,0.0,0.0,0.0,0.0,,,0.0,0.0,0.0,0.0,,0.0,1.0,0.0,13.0,13.0,0.0,0.1356608701322122,0.10899925749619775,0.0,1.0,7.0,5.0,13.0,1.0,56,0,1,1,4,6410,814,270,136,136,0,0.0,1,0,,,,,0,0.3742252949011741,0.10899247395185166,cc_edges_total=56 (+0.74); cc_cross_compartment_edges=5 (+0.54); cc_is_ligand=0 (+0.30),novel
262,DAG1,AC_like_tumor,IDH_WT,tumor,0.0,0.0,0.0,0.0,,,0.0,0.0,0.0,0.0,,0.0,1.0,0.0,0.0,0.0,0.0,0.0,0.0,,0.0,0.0,0.0,0.0,,6,0,1,1,1,72549,446,64812,108,108,0,0.0,0,0,,,,,0,0.3740581780082639,0.021251439585231145,cc_is_ligand=0 (+0.30); cc_n_cells_e1=7.25e+04 (+0.12); cc_edges_total=6 (+0.10),novel
263,PTPRD,cycling_tumor,IDH_Mutant,tumor,1.0,2.676089364051008,2.676089364051008,6.426116947992638,0.199,0.011,0.188,1.0,1.0,1.0,2.9733404170939792,1.0,1.0,0.0,0.0,0.0,0.0,0.0,0.0,,0.0,0.0,0.0,0.0,,1,0,1,1,1,6410,814,270,136,136,0,0.0,1,0,,,,,0,0.37237882096073655,0.05843309668119245,deg_log2fc=2.68 (+0.40); cc_is_ligand=0 (+0.18); deg_pct_diff=0.188 (+0.13),novel
264,LRRTM3,AC_like_tumor,IDH_WT,tumor,0.0,0.0,0.0,0.0,,,0.0,0.0,0.0,0.0,,0.0,2.0,0.0,0.0,0.0,0.0,0.0,0.0,,0.0,0.0,0.0,0.0,,6,0,1,1,1,72549,446,64812,108,108,0,0.0,0,0,,,,,0,0.37196284961841736,0.13198786722403236,cc_is_ligand=0 (+0.33); cc_n_cells_e1=7.25e+04 (+0.13); cc_edges_total=6 (+0.10),novel
265,CD44,OPC_GABA_like_tumor,IDH_WT,tumor,1.0,-2.247235162422041,2.247235162422041,9.787569044410544,0.049,0.107,-0.057999999999999996,-1.0,1.0,1.0,-4.828150112039511,1.0,4.0,0.0,0.0,0.0,0.0,0.0,0.0,,0.0,0.0,0.0,0.0,,48,0,1,4,1,6741,14114,5040,1935,1935,0,-0.0,0,0,1.0,tumor,myeloid_bridge,"Pietras et al., Cell Stem Cell 2014",1,0.371870893124044,0.09565034016661697,cc_edges_total=48 (+1.91); cc_n_pathways_total=4 (+0.50); deg_n_celltypes_sig=4 (+0.45),literature tier 1 (label)
266,GAS6,OPC_GABA_AC_like_tumor,IDH_Mutant,tumor,0.0,0.0,0.0,0.0,,,0.0,0.0,0.0,0.0,,0.0,2.0,0.0,0.0,0.0,0.0,0.0,0.0,,0.0,0.0,0.0,0.0,,2,1,0,1,1,6202,1012,352,742,352,0,0.0,1,0,,,,,0,0.3716334730310744,0.18444191849717348,cc_edges_total=2 (+1.02); cc_n_cells_e1=6.2e+03 (+0.13); cc_is_receptor=0 (+0.08),novel
267,PTGES2,cycling_tumor,IDH_Mutant,tumor,0.0,0.0,0.0,0.0,,,0.0,0.0,0.0,0.0,,0.0,2.0,1.0,0.0,1.0,0.0,0.0010258920066067,0.0010258920066067,0.0,1.0,1.0,1.0,1.0,1.0,1,1,0,1,1,6410,814,270,136,136,0,0.0,1,0,,,,,0,0.3711232749009788,0.19347291177246523,cc_cross_compartment_edges=1 (+0.33); cc_n_cells_e1=6.41e+03 (+0.13); cc_is_receptor=0 (+0.08),novel
268,THY1,T cell,IDH_WT,T_cell,0.0,0.0,0.0,0.0,,,0.0,0.0,0.0,0.0,,0.0,4.0,0.0,0.0,0.0,0.0,0.0,0.0,,0.0,0.0,0.0,0.0,,2,1,0,1,2,2662,1463,1681,1118,1118,0,0.0,0,0,,,,,0,0.3678955246058466,0.21851959347865704,cc_edges_total=2 (+1.05); deg_n_celltypes_sig=4 (+0.50); cc_is_receptor=0 (+0.08),novel
269,DAG1,OPC_GABA_like_tumor,IDH_Mutant,tumor,1.0,-0.5659966388372857,0.5659966388372857,7.401699025526686,0.147,0.217,-0.07,-1.0,0.0,0.0,,0.0,2.0,0.0,0.0,0.0,0.0,0.0,0.0,,0.0,0.0,0.0,0.0,,6,0,1,1,1,6741,14114,1658,11741,1658,0,-0.0,1,0,,,,,0,0.36757353675733634,0.04218245638247291,cc_is_ligand=0 (+0.33); cc_n_cells_e1=6.74e+03 (+0.13); cc_edges_total=6 (+0.12),novel
270,NCAM1,OPC_GABA_AC_like_tumor,IDH_Mutant,tumor,1.0,0.5713532922208646,0.5713532922208646,1.6095869100475486,0.334,0.168,0.166,1.0,1.0,1.0,1.9838758817197129,1.0,5.0,6.0,5.0,11.0,0.0,0.0228642376149114,0.00928642507819179,0.0,1.0,4.0,0.0,11.0,1.0,55,1,1,1,4,6202,1012,352,742,352,0,1.0,1,1,2.0,tumor,neuron_tumor,Synaptic adhesion (pathway-level),0,0.36739193361090045,0.1903300921136408,deg_n_celltypes_sig=5 (+0.65); cc_edges_total=55 (+0.31); deg_pct_diff=0.166 (+0.17),literature tier 2 (unlabeled)
271,NCL,AC_like_tumor,IDH_WT,tumor,0.0,0.0,0.0,0.0,,,0.0,0.0,0.0,0.0,,0.0,2.0,0.0,10.0,9.0,1.0,0.1384156467333893,0.08741232974037678,0.0,2.0,4.0,0.0,10.0,0.8,70,0,1,2,7,72549,446,64812,108,108,0,0.0,0,0,,,,,0,0.36713076182715637,0.15668132733482504,cc_edges_total=70 (+0.58); cc_is_ligand=0 (+0.32); cc_n_cells_e1=7.25e+04 (+0.14),novel
272,MPZL1,OPC_GABA_AC_like_tumor,IDH_WT,tumor,1.0,2.018500626331633,2.018500626331633,16.693818731605994,0.181,0.035,0.146,1.0,0.0,0.0,,0.0,4.0,0.0,0.0,0.0,0.0,0.0,0.0,,0.0,0.0,0.0,0.0,,8,1,1,1,2,6202,1012,5384,171,171,0,0.0,0,0,,,,,0,0.3668362799409625,0.08747176607306587,deg_n_celltypes_sig=4 (+0.59); deg_log2fc=2.02 (+0.48); deg_pct_diff=0.146 (+0.21),novel
273,THY1,T cell,IDH_Mutant,T_cell,0.0,0.0,0.0,0.0,,,0.0,0.0,0.0,0.0,,0.0,3.0,0.0,0.0,0.0,0.0,0.0,0.0,,0.0,0.0,0.0,0.0,,2,1,0,1,2,2662,1463,941,334,334,0,0.0,1,0,,,,,0,0.36646387900621474,0.22291617939863595,cc_edges_total=2 (+1.05); deg_n_celltypes_sig=3 (+0.44); cc_is_receptor=0 (+0.08),novel
274,TREM2,OPC_GABA_like_tumor,IDH_WT,tumor,0.0,0.0,0.0,0.0,,,0.0,0.0,0.0,0.0,,0.0,2.0,0.0,0.0,0.0,0.0,0.0,0.0,,0.0,0.0,0.0,0.0,,57,0,1,2,2,6741,14114,5040,1935,1935,0,0.0,0,0,2.0,TAM_microglia,myeloid_bridge,TAM marker (pathway-level),0,0.364046405052521,0.2084668154904231,cc_edges_total=57 (+0.73); cc_is_ligand=0 (+0.32); cc_n_cells_e1=6.74e+03 (+0.15),"literature gene, other compartment"
275,GAS6,OPC_GABA_like_tumor,IDH_Mutant,tumor,0.0,0.0,0.0,0.0,,,0.0,0.0,0.0,0.0,,0.0,2.0,0.0,0.0,0.0,0.0,0.0,0.0,,0.0,0.0,0.0,0.0,,2,1,0,1,1,6741,14114,1658,11741,1658,0,0.0,1,0,,,,,0,0.36363661776044864,0.1784965888065545,cc_edges_total=2 (+1.03); cc_n_cells_e1=6.74e+03 (+0.13); cc_is_receptor=0 (+0.08),novel
276,PTPRZ1,TAM1/TAM2/microglia,IDH_Mutant,TAM_microglia,0.0,0.0,0.0,0.0,,,0.0,0.0,0.0,0.0,,0.0,4.0,0.0,0.0,0.0,0.0,0.0,0.0,,0.0,0.0,0.0,0.0,,77,0,1,2,4,12086,25922,2106,21701,2106,0,0.0,1,0,1.0,tumor,myeloid_bridge,"Shi et al., Cell Stem Cell 2017",0,0.36362342690147786,0.14752054528188957,cc_edges_total=77 (+0.70); deg_n_celltypes_sig=4 (+0.54); cc_is_ligand=0 (+0.24),"literature gene, other compartment"
277,LRP1,OPC_GABA_AC_like_tumor,IDH_WT,tumor,0.0,0.0,0.0,0.0,,,0.0,0.0,0.0,0.0,,0.0,2.0,0.0,0.0,0.0,0.0,0.0,0.0,,0.0,0.0,0.0,0.0,,7,0,1,1,4,6202,1012,5384,171,171,0,0.0,0,0,,,,,0,0.3631908679310676,0.0912442981161757,cc_is_ligand=0 (+0.33); cc_n_cells_e1=6.2e+03 (+0.14); cc_n_cells_e2=1.01e+03 (+0.06),novel
278,HAVCR2,OPC_GABA_AC_like_tumor,IDH_WT,tumor,0.0,0.0,0.0,0.0,,,0.0,0.0,0.0,0.0,,0.0,1.0,0.0,0.0,0.0,0.0,0.0,0.0,,0.0,0.0,0.0,0.0,,2,0,1,1,1,6202,1012,5384,171,171,0,0.0,0,0,1.0,T_cell,immune_synapse,"Kim et al., Clin Cancer Res 2017",0,0.362541929092765,0.05886308956674451,cc_edges_total=2 (+0.72); cc_is_ligand=0 (+0.17); cc_n_cells_e1=6.2e+03 (+0.12),"literature gene, other compartment"
279,MRC1,TAM1/TAM2/microglia,IDH_Mutant,TAM_microglia,0.0,0.0,0.0,0.0,,,0.0,0.0,0.0,0.0,,0.0,0.0,0.0,4.0,4.0,0.0,0.0190396652672054,0.014954905079611875,0.0,1.0,2.0,2.0,4.0,1.0,4,0,1,1,1,12086,25922,2106,21701,2106,0,0.0,1,0,,,,,0,0.3624810954863088,0.09711625941895503,cc_n_partners=2 (+1.20); cc_cross_compartment_edges=2 (+0.44); cc_is_ligand=0 (+0.16),novel
280,CLDN11,OPC_GABA_like_tumor,IDH_WT,tumor,1.0,1.0606088887957328,1.0606088887957328,57.393290997983975,0.228,0.079,0.14900000000000002,1.0,0.0,0.0,,0.0,2.0,0.0,0.0,0.0,0.0,0.0,0.0,,0.0,0.0,0.0,0.0,,2,1,1,1,1,6741,14114,5040,1935,1935,0,0.0,0,0,,,,,0,0.3620538968316171,0.19052405154790303,cc_edges_total=2 (+0.76); deg_log2fc=1.06 (+0.39); deg_pct_diff=0.149 (+0.16),novel
281,TREM2,AC_like_tumor,IDH_Mutant,tumor,0.0,0.0,0.0,0.0,,,0.0,0.0,0.0,0.0,,0.0,1.0,0.0,0.0,0.0,0.0,0.0,0.0,,0.0,0.0,0.0,0.0,,57,0,1,2,2,72549,446,4249,283,283,0,0.0,1,0,2.0,TAM_microglia,myeloid_bridge,TAM marker (pathway-level),0,0.3601807852510658,0.20335761997729315,cc_edges_total=57 (+0.73); cc_is_ligand=0 (+0.30); cc_n_cells_e1=7.25e+04 (+0.14),"literature gene, other compartment"
282,TREM2,OPC_GABA_AC_like_tumor,IDH_Mutant,tumor,0.0,0.0,0.0,0.0,,,0.0,0.0,0.0,0.0,,0.0,1.0,0.0,0.0,0.0,0.0,0.0,0.0,,0.0,0.0,0.0,0.0,,57,0,1,2,2,6202,1012,352,742,352,0,0.0,1,0,2.0,TAM_microglia,myeloid_bridge,TAM marker (pathway-level),0,0.3597985354330369,0.19560334303562865,cc_edges_total=57 (+0.73); cc_is_ligand=0 (+0.30); cc_n_cells_e1=6.2e+03 (+0.14),"literature gene, other compartment"
283,MRC1,TAM1/TAM2/microglia,IDH_WT,TAM_microglia,0.0,0.0,0.0,0.0,,,0.0,0.0,0.0,0.0,,0.0,0.0,0.0,4.0,4.0,0.0,0.0190396652672054,0.014954905079611875,0.0,1.0,2.0,2.0,4.0,1.0,4,0,1,1,1,12086,25922,9696,2745,2745,0,0.0,0,0,,,,,0,0.3597731287866913,0.0995182481648984,cc_n_partners=2 (+1.20); cc_cross_compartment_edges=2 (+0.44); cc_is_ligand=0 (+0.16),novel
284,NCAM1,TAM1/TAM2/microglia,IDH_Mutant,TAM_microglia,0.0,0.0,0.0,0.0,,,0.0,0.0,0.0,0.0,,0.0,5.0,0.0,0.0,0.0,0.0,0.0,0.0,,0.0,0.0,0.0,0.0,,55,1,1,1,4,12086,25922,2106,21701,2106,0,0.0,1,0,2.0,tumor,neuron_tumor,Synaptic adhesion (pathway-level),0,0.359719502919132,0.11641885259014799,cc_edges_total=55 (+0.63); deg_n_celltypes_sig=5 (+0.41); cc_n_cells_e1=1.21e+04 (+0.16),"literature gene, other compartment"
285,MPZL1,cycling_tumor,IDH_Mutant,tumor,0.0,0.0,0.0,0.0,,,0.0,0.0,0.0,0.0,,0.0,1.0,2.0,2.0,4.0,0.0,0.0023450528994386,0.0022104610097024,0.0,1.0,2.0,2.0,4.0,1.0,8,1,1,1,2,6410,814,270,136,136,0,0.0,1,0,,,,,0,0.3593494891074503,0.18721397701285236,cc_n_partners=2 (+1.18); cc_cross_compartment_edges=2 (+0.31); cc_n_cells_e1=6.41e+03 (+0.13),novel
286,CD44,cycling_tumor,IDH_WT,tumor,1.0,-3.681574892229917,3.681574892229917,7.900324204016451,0.044,0.139,-0.09500000000000001,-1.0,0.0,0.0,-3.838968159960016,1.0,4.0,0.0,0.0,0.0,0.0,0.0,0.0,,0.0,0.0,0.0,0.0,,48,0,1,4,1,6410,814,5847,663,663,0,-0.0,0,0,1.0,tumor,myeloid_bridge,"Pietras et al., Cell Stem Cell 2014",1,0.3593079408169766,0.1183560890461845,cc_edges_total=48 (+1.93); cc_n_pathways_total=4 (+0.50); deg_n_celltypes_sig=4 (+0.41),literature tier 1 (label)
287,GRIK2,OPC_GABA_AC_like_tumor,IDH_WT,tumor,0.0,0.0,0.0,0.0,,,0.0,0.0,0.0,0.0,,0.0,2.0,0.0,0.0,0.0,0.0,0.0,0.0,,0.0,0.0,0.0,0.0,,6,0,1,1,2,6202,1012,5384,171,171,0,0.0,0,0,,,,,0,0.35793125249592983,0.05364381977031462,cc_is_ligand=0 (+0.33); cc_n_cells_e1=6.2e+03 (+0.14); cc_edges_total=6 (+0.10),novel
288,PILRB,OPC_GABA_like_tumor,IDH_WT,tumor,1.0,1.0051135037907433,1.0051135037907433,90.86360947852387,0.254,0.069,0.185,1.0,0.0,0.0,,0.0,2.0,0.0,0.0,0.0,0.0,0.0,0.0,,0.0,0.0,0.0,0.0,,7,0,1,1,1,6741,14114,5040,1935,1935,0,0.0,0,0,,,,,0,0.3566601330665035,0.28377213167276627,deg_log2fc=1.01 (+0.48); cc_is_ligand=0 (+0.33); deg_pct_e1=0.069 (+0.15),novel
289,MIF,OPC_GABA_AC_like_tumor,IDH_WT,tumor,1.0,0.8205378996943107,0.8205378996943107,2.5517273503598554,0.468,0.264,0.20400000000000001,1.0,0.0,0.0,0.6652176027471779,1.0,3.0,12.0,0.0,6.0,6.0,0.0397126271796259,0.020401029579696084,0.0,1.0,2.0,12.0,12.0,0.0,66,1,0,1,6,6202,1012,5384,171,171,0,0.0,0,1,1.0,tumor,myeloid_bridge,"Ghoochani et al., Oncotarget 2016",1,0.35627001908374956,0.11540766820254313,cc_n_partners=2 (+1.15); cc_cross_compartment_edges=12 (+0.67); deg_n_celltypes_sig=3 (+0.53),literature tier 1 (label)
290,PTPRZ1,OPC_GABA_like_tumor,IDH_Mutant,tumor,1.0,1.4270032774712194,1.4270032774712194,300.0,0.975,0.848,0.127,1.0,1.0,1.0,0.8111005866360368,1.0,4.0,0.0,21.0,11.0,10.0,0.2619954091305924,0.15587502599335212,0.0,2.0,6.0,3.0,21.0,0.047619047619047616,77,0,1,2,4,6741,14114,1658,11741,1658,0,0.047619047619047616,1,1,1.0,tumor,myeloid_bridge,"Shi et al., Cell Stem Cell 2017",1,0.355943740378155,0.13097197224502,deg_n_celltypes_sig=4 (+0.73); cc_cross_compartment_edges=3 (+0.61); cc_edges_total=77 (+0.57),literature tier 1 (label)
291,NCL,OPC_GABA_AC_like_tumor,IDH_WT,tumor,0.0,0.0,0.0,0.0,,,0.0,0.0,0.0,0.0,,0.0,2.0,0.0,9.0,7.0,2.0,0.1031600242652839,0.06558699115813464,0.03,2.0,4.0,0.0,9.0,0.5555555555555556,70,0,1,2,7,6202,1012,5384,171,171,0,0.0,0,0,,,,,0,0.3557379582099514,0.14408295062900817,cc_edges_total=70 (+0.58); cc_is_ligand=0 (+0.33); cc_n_cells_e1=6.2e+03 (+0.15),novel
292,HAVCR2,AC_like_tumor,IDH_WT,tumor,0.0,0.0,0.0,0.0,,,0.0,0.0,0.0,0.0,,0.0,1.0,0.0,0.0,0.0,0.0,0.0,0.0,,0.0,0.0,0.0,0.0,,2,0,1,1,1,72549,446,64812,108,108,0,0.0,0,0,1.0,T_cell,immune_synapse,"Kim et al., Clin Cancer Res 2017",0,0.3552120278944508,0.05877225524884857,cc_edges_total=2 (+0.72); cc_is_ligand=0 (+0.17); cc_n_cells_e1=7.25e+04 (+0.12),"literature gene, other compartment"
293,ITGAV,OPC_GABA_like_tumor,IDH_Mutant,tumor,1.0,-0.9361237616918576,0.9361237616918576,54.22678460579605,0.218,0.399,-0.18100000000000002,-1.0,0.0,0.0,-0.7919279087119326,1.0,3.0,0.0,14.0,13.0,1.0,0.0204651750303783,0.007934104333780162,0.0,3.0,7.0,5.0,14.0,0.8571428571428571,39,0,1,3,3,6741,14114,1658,11741,1658,0,-0.8571428571428571,1,1,,,,,0,0.3543535681117415,0.16583081028353872,cc_cross_compartment_edges=5 (+0.42); deg_n_celltypes_sig=3 (+0.42); cc_is_ligand=0 (+0.33),novel
294,LRRTM2,OPC_GABA_like_tumor,IDH_Mutant,tumor,1.0,0.4967458162778178,0.4967458162778178,15.476820739469032,0.317,0.201,0.11599999999999999,1.0,1.0,0.0,-0.2621371104223258,1.0,3.0,0.0,6.0,6.0,0.0,0.0156105918756343,0.005079151850641467,0.0,1.0,4.0,0.0,6.0,1.0,12,0,1,1,2,6741,14114,1658,11741,1658,0,1.0,1,1,,,,,0,0.3542509139944092,0.09092000672975442,deg_n_celltypes_sig=3 (+0.51); cc_is_ligand=0 (+0.29); deg_pct_diff=0.116 (+0.19),novel
295,PTPRZ1,T cell,IDH_WT,T_cell,1.0,1.5626918692468383,1.5626918692468383,7.295678250287096,0.114,0.043,0.07100000000000001,1.0,0.0,0.0,,0.0,5.0,0.0,0.0,0.0,0.0,0.0,0.0,,0.0,0.0,0.0,0.0,,77,0,1,2,4,2662,1463,1681,1118,1118,0,0.0,0,0,1.0,tumor,myeloid_bridge,"Shi et al., Cell Stem Cell 2017",0,0.35304928793657975,0.15953878180087086,deg_log2fc=1.56 (+0.49); cc_edges_total=77 (+0.46); deg_n_celltypes_sig=5 (+0.35),"literature gene, other compartment"
296,NRXN1,AC_like_tumor,IDH_Mutant,tumor,1.0,0.6008951540009626,0.6008951540009626,5.218712506067573,0.583,0.377,0.20599999999999996,1.0,0.0,0.0,1.6117118674623212,1.0,3.0,10.0,0.0,10.0,0.0,0.0049699357888254,0.00304192474785722,0.0,1.0,3.0,0.0,10.0,1.0,50,1,0,1,4,72549,446,4249,283,283,0,1.0,1,1,2.0,tumor,neuron_tumor,Presynaptic partner of NLGN3 (pathway-level),0,0.35252992910154346,0.12270604504592784,deg_n_celltypes_sig=3 (+0.55); cc_edges_total=50 (+0.31); deg_log2fc=0.601 (+0.25),literature tier 2 (unlabeled)
297,DAG1,OPC_GABA_like_tumor,IDH_WT,tumor,0.0,0.0,0.0,0.0,,,0.0,0.0,0.0,0.0,,0.0,1.0,0.0,0.0,0.0,0.0,0.0,0.0,,0.0,0.0,0.0,0.0,,6,0,1,1,1,6741,14114,5040,1935,1935,0,0.0,0,0,,,,,0,0.35191741498414525,0.01356487270942875,cc_is_ligand=0 (+0.29); cc_n_cells_e1=6.74e+03 (+0.12); cc_edges_total=6 (+0.10),novel
298,LRP1,AC_like_tumor,IDH_WT,tumor,0.0,0.0,0.0,0.0,,,0.0,0.0,0.0,0.0,,0.0,2.0,0.0,2.0,1.0,1.0,0.0013213158667165,0.00126051260428745,0.0,1.0,1.0,0.0,2.0,0.0,7,0,1,1,4,72549,446,64812,108,108,0,0.0,0,0,,,,,0,0.3518269010816413,0.12028212284047358,cc_is_ligand=0 (+0.33); cc_n_cells_e1=7.25e+04 (+0.14); cc_edges_total=7 (+0.06),novel
299,MIF,cycling_tumor,IDH_Mutant,tumor,1.0,0.4621335145429552,0.4621335145429552,4.692467784437853,0.662,0.259,0.403,1.0,0.0,0.0,,0.0,4.0,12.0,0.0,6.0,6.0,0.0917041673934359,0.03640828598905308,0.0,1.0,2.0,12.0,12.0,0.0,66,1,0,1,6,6410,814,270,136,136,0,0.0,1,1,1.0,tumor,myeloid_bridge,"Ghoochani et al., Oncotarget 2016",1,0.3513511049990675,0.1414524381341987,cc_n_partners=2 (+1.13); cc_cross_compartment_edges=12 (+0.67); deg_n_celltypes_sig=4 (+0.64),literature tier 1 (label)
300,HLA-DPA1,AC_like_tumor,IDH_Mutant,tumor,0.0,0.0,0.0,0.0,,,0.0,0.0,0.0,0.0,,0.0,4.0,2.0,0.0,0.0,2.0,0.0056489295785856,0.003061536101100413,0.0,1.0,1.0,2.0,2.0,-1.0,14,1,0,1,5,72549,446,4249,283,283,0,-0.0,1,0,,,,,0,0.3494532288860888,0.12843861793835346,deg_n_celltypes_sig=4 (+0.59); cc_cross_compartment_edges=2 (+0.35); cc_n_cells_e1=7.25e+04 (+0.15),novel
301,PTN,cycling_tumor,IDH_WT,tumor,1.0,0.9780783020521522,0.9780783020521522,87.89866688909946,0.985,0.716,0.269,1.0,1.0,1.0,0.9083364290477598,1.0,3.0,35.0,0.0,18.0,17.0,0.2619954091305924,0.12375513685284249,0.03,1.0,5.0,4.0,35.0,0.02857142857142857,137,1,0,1,7,6410,814,5847,663,663,0,0.02857142857142857,0,1,1.0,TAM_microglia,myeloid_bridge,"Shi et al., Cell Stem Cell 2017",0,0.3493682409706421,0.21191091979468615,deg_n_celltypes_sig=3 (+0.54); cc_cross_compartment_edges=4 (+0.54); cc_edges_total=137 (+0.48),"literature gene, other compartment"
302,BSG,T cell,IDH_Mutant,T_cell,0.0,0.0,0.0,0.0,,,0.0,0.0,0.0,0.0,,0.0,1.0,0.0,0.0,0.0,0.0,0.0,0.0,,0.0,0.0,0.0,0.0,,56,0,1,1,4,2662,1463,941,334,334,0,0.0,1,0,,,,,0,0.3478043745425031,0.0987633470455794,cc_edges_total=56 (+0.67); cc_is_ligand=0 (+0.31); cc_edges_e2=0 (+0.04),novel
303,TREM2,cycling_tumor,IDH_WT,tumor,1.0,-6.7851625968802,6.7851625968802,36.551837621686865,0.012,0.24,-0.22799999999999998,-1.0,1.0,1.0,-6.42350936441021,1.0,2.0,0.0,0.0,0.0,0.0,0.0,0.0,,0.0,0.0,0.0,0.0,,57,0,1,2,2,6410,814,5847,663,663,0,-0.0,0,0,2.0,TAM_microglia,myeloid_bridge,TAM marker (pathway-level),0,0.3476229703164685,0.21100702952964953,cc_edges_total=57 (+0.74); cc_is_ligand=0 (+0.38); cc_n_cells_e1=6.41e+03 (+0.14),"literature gene, other compartment"
304,CD99,OPC_GABA_AC_like_tumor,IDH_WT,tumor,0.0,0.0,0.0,0.0,,,0.0,0.0,0.0,0.0,,0.0,1.0,0.0,0.0,0.0,0.0,0.0,0.0,,0.0,0.0,0.0,0.0,,86,1,1,1,4,6202,1012,5384,171,171,0,0.0,0,0,2.0,tumor,immune_synapse,Glioma invasion marker (limited functional data),0,0.3469986357385153,0.10571772338796442,cc_edges_total=86 (+0.66); cc_n_cells_e1=6.2e+03 (+0.14); cc_n_cells_e2=1.01e+03 (+0.05),literature tier 2 (unlabeled)
305,PTPRZ1,TAM1/TAM2/microglia,IDH_WT,TAM_microglia,0.0,0.0,0.0,0.0,,,0.0,0.0,0.0,0.0,,0.0,5.0,0.0,0.0,0.0,0.0,0.0,0.0,,0.0,0.0,0.0,0.0,,77,0,1,2,4,12086,25922,9696,2745,2745,0,0.0,0,0,1.0,tumor,myeloid_bridge,"Shi et al., Cell Stem Cell 2017",0,0.34640228179464005,0.14379074833790703,cc_edges_total=77 (+0.70); deg_n_celltypes_sig=5 (+0.41); cc_is_ligand=0 (+0.25),"literature gene, other compartment"
306,HAVCR2,cycling_tumor,IDH_WT,tumor,0.0,0.0,0.0,0.0,,,0.0,0.0,0.0,0.0,,0.0,1.0,0.0,0.0,0.0,0.0,0.0,0.0,,0.0,0.0,0.0,0.0,,2,0,1,1,1,6410,814,5847,663,663,0,0.0,0,0,1.0,T_cell,immune_synapse,"Kim et al., Clin Cancer Res 2017",0,0.34578152068375123,0.05487991874198881,cc_edges_total=2 (+0.72); cc_is_ligand=0 (+0.16); cc_n_cells_e1=6.41e+03 (+0.12),"literature gene, other compartment"
307,CD99,AC_like_tumor,IDH_WT,tumor,0.0,0.0,0.0,0.0,,,0.0,0.0,0.0,0.0,,0.0,1.0,0.0,0.0,0.0,0.0,0.0,0.0,,0.0,0.0,0.0,0.0,,86,1,1,1,4,72549,446,64812,108,108,0,0.0,0,0,2.0,tumor,immune_synapse,Glioma invasion marker (limited functional data),0,0.34513815942979387,0.10060072016007171,cc_edges_total=86 (+0.66); cc_n_cells_e1=7.25e+04 (+0.14); cc_n_cells_e2=446 (+0.05),literature tier 2 (unlabeled)
308,PCDHGC3,TAM1/TAM2/microglia,IDH_Mutant,TAM_microglia,0.0,0.0,0.0,0.0,,,0.0,0.0,0.0,0.0,,0.0,2.0,0.0,0.0,0.0,0.0,0.0,0.0,,0.0,0.0,0.0,0.0,,2,1,1,1,1,12086,25922,2106,21701,2106,0,0.0,1,0,,,,,0,0.34179664261572557,0.1725922276264328,cc_edges_total=2 (+0.90); cc_n_cells_e1=1.21e+04 (+0.13); cc_n_celltypes_total=1 (+0.07),novel
309,GLS,OPC_GABA_like_tumor,IDH_WT,tumor,1.0,1.189970242600572,1.189970242600572,125.73392048350394,0.332,0.087,0.24500000000000002,1.0,0.0,0.0,0.5942774403272952,1.0,3.0,0.0,0.0,0.0,0.0,0.0,0.0,,0.0,0.0,0.0,0.0,,39,1,0,1,2,6741,14114,5040,1935,1935,0,0.0,0,0,,,,,0,0.3417154572454811,0.06512379228362278,deg_log2fc=1.19 (+0.48); deg_n_celltypes_sig=3 (+0.47); deg_pct_diff=0.245 (+0.20),novel
310,LRRTM2,OPC_GABA_AC_like_tumor,IDH_Mutant,tumor,0.0,0.0,0.0,0.0,,,0.0,0.0,0.0,0.0,,0.0,3.0,0.0,0.0,0.0,0.0,0.0,0.0,,0.0,0.0,0.0,0.0,,12,0,1,1,2,6202,1012,352,742,352,0,0.0,1,0,,,,,0,0.3413476511438277,0.07569427486802839,deg_n_celltypes_sig=3 (+0.48); cc_is_ligand=0 (+0.30); cc_n_cells_e1=6.2e+03 (+0.15),novel
311,GRIK2,AC_like_tumor,IDH_WT,tumor,0.0,0.0,0.0,0.0,,,0.0,0.0,0.0,0.0,,0.0,2.0,0.0,0.0,0.0,0.0,0.0,0.0,,0.0,0.0,0.0,0.0,,6,0,1,1,2,72549,446,64812,108,108,0,0.0,0,0,,,,,0,0.34042044021836626,0.05233951638421531,cc_is_ligand=0 (+0.33); cc_n_cells_e1=7.25e+04 (+0.14); cc_edges_total=6 (+0.10),novel
312,PTGER4,OPC_GABA_AC_like_tumor,IDH_WT,tumor,0.0,0.0,0.0,0.0,,,0.0,0.0,0.0,0.0,,0.0,2.0,0.0,0.0,0.0,0.0,0.0,0.0,,0.0,0.0,0.0,0.0,,14,0,1,1,1,6202,1012,5384,171,171,0,0.0,0,0,,,,,0,0.33767233354071585,0.08900920719390108,cc_is_ligand=0 (+0.33); cc_n_cells_e1=6.2e+03 (+0.14); cc_n_cells_e2=1.01e+03 (+0.06),novel
313,ANXA1,AC_like_tumor,IDH_WT,tumor,0.0,0.0,0.0,0.0,,,0.0,0.0,0.0,0.0,,0.0,4.0,2.0,0.0,0.0,2.0,0.0059288892579909,0.0052353810136908,0.0,1.0,1.0,2.0,2.0,-1.0,10,1,0,1,4,72549,446,64812,108,108,0,-0.0,0,0,,,,,0,0.33737294258753303,0.06641955771913001,deg_n_celltypes_sig=4 (+0.61); cc_cross_compartment_edges=2 (+0.35); cc_n_cells_e1=7.25e+04 (+0.15),novel
314,SLITRK2,AC_like_tumor,IDH_Mutant,tumor,0.0,0.0,0.0,0.0,,,0.0,0.0,0.0,0.0,,0.0,1.0,0.0,0.0,0.0,0.0,0.0,0.0,,0.0,0.0,0.0,0.0,,1,1,0,1,1,72549,446,4249,283,283,0,0.0,1,0,,,,,0,0.33621251480219383,0.17162004798839472,cc_n_cells_e1=7.25e+04 (+0.12); cc_is_receptor=0 (+0.08); cc_n_celltypes_total=1 (+0.07),novel
315,ANXA1,AC_like_tumor,IDH_Mutant,tumor,0.0,0.0,0.0,0.0,,,0.0,0.0,0.0,0.0,,0.0,3.0,2.0,0.0,0.0,2.0,0.0059288892579909,0.0052353810136908,0.0,1.0,1.0,2.0,2.0,-1.0,10,1,0,1,4,72549,446,4249,283,283,0,-0.0,1,0,,,,,0,0.3358889237720012,0.06576403595939628,deg_n_celltypes_sig=3 (+0.53); cc_cross_compartment_edges=2 (+0.35); cc_n_cells_e1=7.25e+04 (+0.15),novel
316,PDGFB,TAM1/TAM2/microglia,IDH_WT,TAM_microglia,1.0,0.8549951478664709,0.8549951478664709,49.691500856358125,0.246,0.124,0.122,1.0,1.0,1.0,1.5049818546076257,1.0,1.0,3.0,0.0,3.0,0.0,0.0135999473904176,0.009743488234454733,0.0,1.0,3.0,3.0,3.0,1.0,3,1,0,1,1,12086,25922,9696,2745,2745,0,1.0,0,1,,,,,0,0.3351790867299723,0.15436215815780716,deg_log2fc=0.855 (+0.43); cc_cross_compartment_edges=3 (+0.33); deg_pct_diff=0.122 (+0.20),novel
317,PTPRZ1,OPC_GABA_like_tumor,IDH_WT,tumor,1.0,1.3379625570858416,1.3379625570858416,300.0,0.983,0.86,0.123,1.0,1.0,1.0,0.8111005866360368,1.0,5.0,0.0,21.0,11.0,10.0,0.2619954091305924,0.15587502599335212,0.0,2.0,6.0,3.0,21.0,0.047619047619047616,77,0,1,2,4,6741,14114,5040,1935,1935,0,0.047619047619047616,0,1,1.0,tumor,myeloid_bridge,"Shi et al., Cell Stem Cell 2017",1,0.3348544352012017,0.12398729052749938,deg_n_celltypes_sig=5 (+0.64); cc_cross_compartment_edges=3 (+0.61); cc_edges_total=77 (+0.57),literature tier 1 (label)
318,PTPRD,OPC_GABA_AC_like_tumor,IDH_WT,tumor,0.0,0.0,0.0,0.0,,,0.0,0.0,0.0,0.0,,0.0,3.0,0.0,0.0,0.0,0.0,0.0,0.0,,0.0,0.0,0.0,0.0,,1,0,1,1,1,6202,1012,5384,171,171,0,0.0,0,0,,,,,0,0.3344537231483603,0.09066743894660134,deg_n_celltypes_sig=3 (+0.48); cc_is_ligand=0 (+0.16); cc_n_cells_e1=6.2e+03 (+0.13),novel
319,GRIA3,AC_like_tumor,IDH_Mutant,tumor,1.0,0.48452149802399,0.48452149802399,1.5931581494345577,0.205,0.106,0.09899999999999999,1.0,0.0,0.0,0.728766352401378,1.0,2.0,0.0,0.0,0.0,0.0,0.0,0.0,,0.0,0.0,0.0,0.0,,6,0,1,1,2,72549,446,4249,283,283,0,0.0,1,0,2.0,tumor,neuron_tumor,"AMPAR subunit family; Venkatesh et al., Nature 2019",0,0.3343844460197561,0.19061385698663738,cc_is_ligand=0 (+0.33); deg_log2fc=0.485 (+0.18); deg_pct_diff=0.099 (+0.15),literature tier 2 (unlabeled)
320,NCAM2,OPC_GABA_like_tumor,IDH_WT,tumor,1.0,0.9460828142842912,0.9460828142842912,129.16628029383946,0.379,0.108,0.271,1.0,1.0,0.0,,0.0,2.0,0.0,0.0,0.0,0.0,0.0,0.0,,0.0,0.0,0.0,0.0,,5,0,1,1,1,6741,14114,5040,1935,1935,0,0.0,0,0,,,,,0,0.3341544909428694,0.10915979239076586,deg_log2fc=0.946 (+0.41); cc_is_ligand=0 (+0.25); deg_pct_e1=0.108 (+0.15),novel
321,LRP1,TAM1/TAM2/microglia,IDH_WT,TAM_microglia,0.0,0.0,0.0,0.0,,,0.0,0.0,0.0,0.0,,0.0,2.0,0.0,2.0,1.0,1.0,0.0018372268831769,0.001612222102132,0.0,1.0,1.0,2.0,2.0,0.0,7,0,1,1,4,12086,25922,9696,2745,2745,0,0.0,0,0,,,,,0,0.3340853173287076,0.12191919808448361,cc_cross_compartment_edges=2 (+0.42); cc_is_ligand=0 (+0.28); cc_n_cells_e1=1.21e+04 (+0.14),novel
322,NLGN1,AC_like_tumor,IDH_Mutant,tumor,1.0,0.7595203165593838,0.7595203165593838,2.4222764046244936,0.279,0.156,0.12300000000000003,1.0,0.0,0.0,1.93614498517714,1.0,2.0,0.0,6.0,6.0,0.0,0.0072948300004392,0.002365786006153625,0.0,1.0,4.0,0.0,6.0,1.0,18,0,1,1,3,72549,446,4249,283,283,0,1.0,1,1,2.0,tumor,neuron_tumor,Neuroligin family (pathway-level),0,0.33391968097178254,0.16064418271842565,deg_log2fc=0.76 (+0.34); cc_is_ligand=0 (+0.33); deg_pct_diff=0.123 (+0.15),literature tier 2 (unlabeled)
323,CLSTN1,OPC_GABA_AC_like_tumor,IDH_WT,tumor,0.0,0.0,0.0,0.0,,,0.0,0.0,0.0,0.0,,0.0,2.0,0.0,0.0,0.0,0.0,0.0,0.0,,0.0,0.0,0.0,0.0,,12,0,1,1,2,6202,1012,5384,171,171,0,0.0,0,0,,,,,0,0.3333718915491814,0.08713267448442924,cc_is_ligand=0 (+0.33); cc_n_cells_e1=6.2e+03 (+0.14); cc_n_cells_e2=1.01e+03 (+0.06),novel
324,ITGAV,TAM1/TAM2/microglia,IDH_WT,TAM_microglia,1.0,0.6594635228753861,0.6594635228753861,47.98864885266488,0.4,0.25,0.15000000000000002,1.0,1.0,1.0,0.4690205660040947,1.0,2.0,0.0,12.0,12.0,0.0,0.0342673920775937,0.01516661356754101,0.0,2.0,7.0,10.0,12.0,1.0,39,0,1,3,3,12086,25922,9696,2745,2745,0,1.0,0,1,,,,,0,0.332388607947291,0.1256694450917162,cc_cross_compartment_edges=10 (+0.45); deg_log2fc=0.659 (+0.34); cc_is_ligand=0 (+0.26),novel
325,TREM2,OPC_GABA_like_tumor,IDH_Mutant,tumor,0.0,0.0,0.0,0.0,,,0.0,0.0,0.0,0.0,,0.0,1.0,0.0,0.0,0.0,0.0,0.0,0.0,,0.0,0.0,0.0,0.0,,57,0,1,2,2,6741,14114,1658,11741,1658,0,0.0,1,0,2.0,TAM_microglia,myeloid_bridge,TAM marker (pathway-level),0,0.3315722701377465,0.18975265615841713,cc_edges_total=57 (+0.73); cc_is_ligand=0 (+0.29); cc_n_cells_e1=6.74e+03 (+0.14),"literature gene, other compartment"
326,ANXA1,cycling_tumor,IDH_Mutant,tumor,0.0,0.0,0.0,0.0,,,0.0,0.0,0.0,0.0,,0.0,3.0,2.0,0.0,0.0,2.0,0.005857065867727,0.00517192095952055,0.0,1.0,1.0,2.0,2.0,-1.0,10,1,0,1,4,6410,814,270,136,136,0,-0.0,1,0,,,,,0,0.33130497923641394,0.06105683354098279,deg_n_celltypes_sig=3 (+0.53); cc_cross_compartment_edges=2 (+0.35); cc_n_cells_e1=6.41e+03 (+0.15),novel
327,CNTN1,OPC_GABA_AC_like_tumor,IDH_WT,tumor,1.0,3.2457320655466555,3.2457320655466555,52.87836963837663,0.216,0.019,0.197,1.0,0.0,0.0,1.8901011720500247,1.0,4.0,0.0,0.0,0.0,0.0,0.0,0.0,,0.0,0.0,0.0,0.0,,16,1,0,1,2,6202,1012,5384,171,171,0,0.0,0,0,2.0,tumor,neuron_tumor,Synaptic adhesion (pathway-level),0,0.33044858095264434,0.1071643391061341,deg_n_celltypes_sig=4 (+0.58); deg_log2fc=3.25 (+0.48); deg_pct_diff=0.197 (+0.21),literature tier 2 (unlabeled)
328,GPR37L1,AC_like_tumor,IDH_Mutant,tumor,0.0,0.0,0.0,0.0,,,0.0,0.0,0.0,0.0,,0.0,1.0,0.0,0.0,0.0,0.0,0.0,0.0,,0.0,0.0,0.0,0.0,,9,0,1,1,1,72549,446,4249,283,283,0,0.0,1,0,,,,,0,0.3297973895995268,0.04325141759544842,cc_is_ligand=0 (+0.30); cc_n_cells_e1=7.25e+04 (+0.12); cc_n_cells_e2=446 (+0.06),novel
329,SLITRK2,OPC_GABA_AC_like_tumor,IDH_Mutant,tumor,0.0,0.0,0.0,0.0,,,0.0,0.0,0.0,0.0,,0.0,1.0,0.0,0.0,0.0,0.0,0.0,0.0,,0.0,0.0,0.0,0.0,,1,1,0,1,1,6202,1012,352,742,352,0,0.0,1,0,,,,,0,0.32970614210077115,0.16909271342360824,cc_n_cells_e1=6.2e+03 (+0.12); cc_is_receptor=0 (+0.08); cc_n_celltypes_total=1 (+0.07),novel
330,CD74,OPC_GABA_like_tumor,IDH_Mutant,tumor,1.0,-2.342910580514916,2.342910580514916,52.573378704302705,0.092,0.218,-0.126,-1.0,1.0,1.0,-2.3041532751923843,1.0,4.0,0.0,0.0,0.0,0.0,0.0,0.0,,0.0,0.0,0.0,0.0,,109,0,1,2,6,6741,14114,1658,11741,1658,0,-0.0,1,0,1.0,TAM_microglia,myeloid_bridge,"Ghoochani et al., Oncotarget 2016",0,0.3287805589213121,0.13085275735578886,cc_edges_total=109 (+0.71); deg_n_celltypes_sig=4 (+0.37); cc_is_ligand=0 (+0.33),"literature gene, other compartment"
331,PTN,OPC_GABA_like_tumor,IDH_WT,tumor,1.0,0.7469822389516407,0.7469822389516407,139.8483440448737,0.988,0.896,0.09199999999999997,1.0,0.0,0.0,-0.5882571766672164,1.0,3.0,34.0,0.0,17.0,17.0,0.2305449409125061,0.1188353571612105,0.0,1.0,5.0,4.0,34.0,0.0,137,1,0,1,7,6741,14114,5040,1935,1935,0,0.0,0,1,1.0,TAM_microglia,myeloid_bridge,"Shi et al., Cell Stem Cell 2017",0,0.32875749439758806,0.20614706416010942,cc_cross_compartment_edges=4 (+0.55); deg_n_celltypes_sig=3 (+0.54); cc_edges_total=137 (+0.51),"literature gene, other compartment"
332,CD99,AC_like_tumor,IDH_Mutant,tumor,1.0,-2.8581028430954847,2.8581028430954847,3.7843392613021116,0.131,0.266,-0.135,-1.0,0.0,0.0,,0.0,3.0,0.0,0.0,0.0,0.0,0.0,0.0,,0.0,0.0,0.0,0.0,,86,1,1,1,4,72549,446,4249,283,283,0,-0.0,1,0,2.0,tumor,immune_synapse,Glioma invasion marker (limited functional data),0,0.3280598827717894,0.10231704085337308,cc_edges_total=86 (+0.63); deg_n_celltypes_sig=3 (+0.37); cc_n_cells_e1=7.25e+04 (+0.14),literature tier 2 (unlabeled)
333,GPR37L1,cycling_tumor,IDH_Mutant,tumor,0.0,0.0,0.0,0.0,,,0.0,0.0,0.0,0.0,,0.0,1.0,0.0,0.0,0.0,0.0,0.0,0.0,,0.0,0.0,0.0,0.0,,9,0,1,1,1,6410,814,270,136,136,0,0.0,1,0,,,,,0,0.3273987236005139,0.04729383401221032,cc_is_ligand=0 (+0.30); cc_n_cells_e1=6.41e+03 (+0.12); cc_n_cells_e2=814 (+0.06),novel
334,GPR37L1,OPC_GABA_AC_like_tumor,IDH_Mutant,tumor,0.0,0.0,0.0,0.0,,,0.0,0.0,0.0,0.0,,0.0,1.0,0.0,0.0,0.0,0.0,0.0,0.0,,0.0,0.0,0.0,0.0,,9,0,1,1,1,6202,1012,352,742,352,0,0.0,1,0,,,,,0,0.3260427266915561,0.03971209068627352,cc_is_ligand=0 (+0.30); cc_n_cells_e1=6.2e+03 (+0.13); cc_n_cells_e2=1.01e+03 (+0.06),novel
335,PTGER4,AC_like_tumor,IDH_WT,tumor,0.0,0.0,0.0,0.0,,,0.0,0.0,0.0,0.0,,0.0,2.0,0.0,0.0,0.0,0.0,0.0,0.0,,0.0,0.0,0.0,0.0,,14,0,1,1,1,72549,446,64812,108,108,0,0.0,0,0,,,,,0,0.32503275345311755,0.08052340688796801,cc_is_ligand=0 (+0.33); cc_n_cells_e1=7.25e+04 (+0.13); cc_n_cells_e2=446 (+0.06),novel
336,PTPRZ1,OPC_GABA_AC_like_tumor,IDH_WT,tumor,1.0,1.3972861912109875,1.3972861912109875,18.340556017846417,0.871,0.614,0.257,1.0,1.0,1.0,0.6077021780204617,1.0,5.0,0.0,20.0,10.0,10.0,0.1818786977548719,0.1144304780832373,0.0,2.0,5.0,2.0,20.0,0.0,77,0,1,2,4,6202,1012,5384,171,171,0,0.0,0,1,1.0,tumor,myeloid_bridge,"Shi et al., Cell Stem Cell 2017",1,0.3249942522048557,0.12866190832651708,deg_n_celltypes_sig=5 (+0.64); cc_cross_compartment_edges=2 (+0.63); cc_edges_total=77 (+0.58),literature tier 1 (label)
337,SDC3,OPC_GABA_like_tumor,IDH_WT,tumor,1.0,0.4231309699266402,0.4231309699266402,46.08594189123909,0.335,0.154,0.18100000000000002,1.0,1.0,0.0,,0.0,2.0,0.0,0.0,0.0,0.0,0.0,0.0,,0.0,0.0,0.0,0.0,,11,0,1,1,1,6741,14114,5040,1935,1935,0,0.0,0,0,,,,,0,0.32488075597547283,0.13222140080276307,cc_is_ligand=0 (+0.30); deg_log2fc=0.423 (+0.17); deg_pct_diff=0.181 (+0.14),novel
338,MPZL1,OPC_GABA_like_tumor,IDH_WT,tumor,1.0,1.5909624238121245,1.5909624238121245,211.9303025670252,0.5,0.13,0.37,1.0,0.0,0.0,0.4241823273895091,1.0,4.0,0.0,0.0,0.0,0.0,0.0,0.0,,0.0,0.0,0.0,0.0,,8,1,1,1,2,6741,14114,5040,1935,1935,0,0.0,0,0,,,,,0,0.32463857266112983,0.10650617862662093,deg_n_celltypes_sig=4 (+0.58); deg_log2fc=1.59 (+0.50); deg_pct_diff=0.37 (+0.20),novel
339,PTPRZ1,AC_like_tumor,IDH_Mutant,tumor,1.0,1.1924080438665343,1.1924080438665343,22.332642659821058,0.689,0.453,0.23599999999999993,1.0,1.0,1.0,0.8452853049688347,1.0,4.0,0.0,19.0,10.0,9.0,0.1953178125352112,0.12154979763396631,0.0,2.0,5.0,1.0,19.0,0.05263157894736842,77,0,1,2,4,72549,446,4249,283,283,0,0.05263157894736842,1,1,1.0,tumor,myeloid_bridge,"Shi et al., Cell Stem Cell 2017",1,0.3242927649177077,0.11739062500529977,deg_n_celltypes_sig=4 (+0.73); cc_cross_compartment_edges=1 (+0.67); cc_edges_total=77 (+0.58),literature tier 1 (label)
340,BSG,OPC_GABA_AC_like_tumor,IDH_Mutant,tumor,1.0,0.5692270483188733,0.5692270483188733,1.3611990434991594,0.247,0.111,0.136,1.0,1.0,1.0,,0.0,1.0,0.0,11.0,11.0,0.0,0.0364716239047509,0.030268695875044747,0.0,1.0,7.0,3.0,11.0,1.0,56,0,1,1,4,6202,1012,352,742,352,0,1.0,1,1,,,,,0,0.32361031724812883,0.06918145438664933,cc_edges_total=56 (+0.58); cc_cross_compartment_edges=3 (+0.52); cc_is_ligand=0 (+0.29),novel
341,NRXN2,cycling_tumor,IDH_WT,tumor,1.0,0.8403773221055575,0.8403773221055575,40.97247610785651,0.175,0.039,0.13599999999999998,1.0,1.0,1.0,1.0493405799743036,1.0,1.0,0.0,0.0,0.0,0.0,0.0,0.0,,0.0,0.0,0.0,0.0,,10,1,0,1,1,6410,814,5847,663,663,0,0.0,0,0,,,,,0,0.3216647841169504,0.13135960762624938,deg_log2fc=0.84 (+0.42); deg_pct_diff=0.136 (+0.18); deg_pct_e1=0.039 (+0.17),novel
342,SORT1,TAM1/TAM2/microglia,IDH_WT,TAM_microglia,1.0,0.6720279111030947,0.6720279111030947,22.752652152886284,0.195,0.114,0.081,1.0,1.0,1.0,0.9190227635249396,1.0,3.0,0.0,0.0,0.0,0.0,0.0,0.0,,0.0,0.0,0.0,0.0,,3,0,1,1,1,12086,25922,9696,2745,2745,0,0.0,0,0,,,,,0,0.3209764208081435,0.15502327285811596,deg_n_celltypes_sig=3 (+0.44); deg_log2fc=0.672 (+0.26); cc_is_ligand=0 (+0.18),novel
343,CLSTN1,AC_like_tumor,IDH_WT,tumor,0.0,0.0,0.0,0.0,,,0.0,0.0,0.0,0.0,,0.0,2.0,0.0,0.0,0.0,0.0,0.0,0.0,,0.0,0.0,0.0,0.0,,12,0,1,1,2,72549,446,64812,108,108,0,0.0,0,0,,,,,0,0.32084564058164844,0.08643995338079209,cc_is_ligand=0 (+0.33); cc_n_cells_e1=7.25e+04 (+0.14); cc_n_cells_e2=446 (+0.06),novel
344,PCDHGA10,T cell,IDH_Mutant,T_cell,0.0,0.0,0.0,0.0,,,0.0,0.0,0.0,0.0,,0.0,1.0,0.0,0.0,0.0,0.0,0.0,0.0,,0.0,0.0,0.0,0.0,,2,1,1,1,1,2662,1463,941,334,334,0,0.0,1,0,,,,,0,0.3204658086642555,0.10755512406376845,cc_edges_total=2 (+0.95); cc_n_celltypes_total=1 (+0.09); deg_pooled_log2fc=nan (+0.04),novel
345,HLA-E,TAM1/TAM2/microglia,IDH_Mutant,TAM_microglia,1.0,-0.4085553860479263,0.4085553860479263,54.38145665264017,0.865,0.927,-0.062000000000000055,-1.0,1.0,0.0,0.2621640472722299,1.0,4.0,2.0,0.0,1.0,1.0,0.0287367317117394,0.02515848644454735,0.0,1.0,1.0,2.0,2.0,0.0,6,1,0,1,4,12086,25922,2106,21701,2106,0,-0.0,1,1,,,,,0,0.32039598661275,0.084287382470544,deg_n_celltypes_sig=4 (+0.52); cc_cross_compartment_edges=2 (+0.46); cc_n_cells_e1=1.21e+04 (+0.14),novel
346,MIF,AC_like_tumor,IDH_Mutant,tumor,1.0,0.5947941119482809,0.5947941119482809,3.026633942473719,0.463,0.297,0.16600000000000004,1.0,0.0,0.0,,0.0,4.0,12.0,0.0,6.0,6.0,0.0301326100099938,0.01579069311718281,0.0,1.0,2.0,12.0,12.0,0.0,66,1,0,1,6,72549,446,4249,283,283,0,0.0,1,1,1.0,tumor,myeloid_bridge,"Ghoochani et al., Oncotarget 2016",1,0.3192020080068795,0.10892285965641867,cc_n_partners=2 (+1.13); cc_cross_compartment_edges=12 (+0.67); deg_n_celltypes_sig=4 (+0.65),literature tier 1 (label)
347,HAVCR2,OPC_GABA_like_tumor,IDH_WT,tumor,0.0,0.0,0.0,0.0,,,0.0,0.0,0.0,0.0,,0.0,1.0,0.0,0.0,0.0,0.0,0.0,0.0,,0.0,0.0,0.0,0.0,,2,0,1,1,1,6741,14114,5040,1935,1935,0,0.0,0,0,1.0,T_cell,immune_synapse,"Kim et al., Clin Cancer Res 2017",0,0.3182057046796016,0.052553096592325745,cc_edges_total=2 (+0.73); cc_is_ligand=0 (+0.16); cc_n_cells_e1=6.74e+03 (+0.12),"literature gene, other compartment"
348,PTGER4,cycling_tumor,IDH_WT,tumor,0.0,0.0,0.0,0.0,,,0.0,0.0,0.0,0.0,,0.0,2.0,0.0,0.0,0.0,0.0,0.0,0.0,,0.0,0.0,0.0,0.0,,14,0,1,1,1,6410,814,5847,663,663,0,0.0,0,0,,,,,0,0.31738802027857327,0.07723584609187022,cc_is_ligand=0 (+0.33); cc_n_cells_e1=6.41e+03 (+0.13); cc_n_cells_e2=814 (+0.06),novel
349,TGFBR1,OPC_GABA_like_tumor,IDH_WT,tumor,1.0,1.231373244136207,1.231373244136207,85.7454350088719,0.231,0.06,0.171,1.0,1.0,1.0,0.8082512819379097,1.0,2.0,0.0,0.0,0.0,0.0,0.0,0.0,,0.0,0.0,0.0,0.0,,4,0,1,1,1,6741,14114,5040,1935,1935,0,0.0,0,0,,,,,0,0.31690318518701943,0.17835039988111276,deg_log2fc=1.23 (+0.48); cc_is_ligand=0 (+0.27); deg_pct_e1=0.06 (+0.14),novel
350,PTPRZ1,OPC_GABA_AC_like_tumor,IDH_Mutant,tumor,1.0,0.6193622334057673,0.6193622334057673,8.918134252223007,0.712,0.415,0.297,1.0,1.0,1.0,0.6077021780204617,1.0,4.0,0.0,20.0,10.0,10.0,0.1818786977548719,0.1144304780832373,0.0,2.0,5.0,2.0,20.0,0.0,77,0,1,2,4,6202,1012,352,742,352,0,0.0,1,1,1.0,tumor,myeloid_bridge,"Shi et al., Cell Stem Cell 2017",1,0.3164389660899515,0.1558872011287348,deg_n_celltypes_sig=4 (+0.75); cc_cross_compartment_edges=2 (+0.63); cc_edges_total=77 (+0.61),literature tier 1 (label)
351,HLA-DPB1,T cell,IDH_Mutant,T_cell,1.0,1.0076233680161066,1.0076233680161066,2.5272494314732996,0.461,0.323,0.138,1.0,1.0,1.0,0.7594494955326812,1.0,5.0,4.0,0.0,2.0,2.0,0.0064620288945377,0.0032153495971184065,0.0,1.0,1.0,4.0,4.0,0.0,14,1,0,1,5,2662,1463,941,334,334,0,0.0,1,1,,,,,0,0.31553269319003824,0.043218693414643815,deg_log2fc=1.01 (+0.69); deg_n_celltypes_sig=5 (+0.41); cc_cross_compartment_edges=4 (+0.37),novel
352,ADORA3,OPC_GABA_AC_like_tumor,IDH_WT,tumor,0.0,0.0,0.0,0.0,,,0.0,0.0,0.0,0.0,,0.0,1.0,0.0,0.0,0.0,0.0,0.0,0.0,,0.0,0.0,0.0,0.0,,1,1,0,1,1,6202,1012,5384,171,171,0,0.0,0,0,,,,,0,0.31550589926841094,0.11535596555453774,cc_n_cells_e1=6.2e+03 (+0.12); cc_is_receptor=0 (+0.08); cc_n_celltypes_total=1 (+0.07),novel
353,TREM2,cycling_tumor,IDH_Mutant,tumor,1.0,-5.887620041796613,5.887620041796613,8.05588985656043,0.051,0.378,-0.327,-1.0,1.0,1.0,-6.42350936441021,1.0,1.0,0.0,0.0,0.0,0.0,0.0,0.0,,0.0,0.0,0.0,0.0,,57,0,1,2,2,6410,814,270,136,136,0,-0.0,1,0,2.0,TAM_microglia,myeloid_bridge,TAM marker (pathway-level),0,0.315337353072348,0.19231673464825064,cc_edges_total=57 (+0.74); cc_is_ligand=0 (+0.35); cc_n_cells_e1=6.41e+03 (+0.13),"literature gene, other compartment"
354,SLITRK2,OPC_GABA_like_tumor,IDH_Mutant,tumor,0.0,0.0,0.0,0.0,,,0.0,0.0,0.0,0.0,,0.0,1.0,0.0,0.0,0.0,0.0,0.0,0.0,,0.0,0.0,0.0,0.0,,1,1,0,1,1,6741,14114,1658,11741,1658,0,0.0,1,0,,,,,0,0.3145435552943111,0.1582633607778258,cc_n_cells_e1=6.74e+03 (+0.12); cc_is_receptor=0 (+0.08); cc_n_celltypes_total=1 (+0.07),novel
355,DAG1,TAM1/TAM2/microglia,IDH_Mutant,TAM_microglia,0.0,0.0,0.0,0.0,,,0.0,0.0,0.0,0.0,,0.0,2.0,0.0,0.0,0.0,0.0,0.0,0.0,,0.0,0.0,0.0,0.0,,6,0,1,1,1,12086,25922,2106,21701,2106,0,0.0,1,0,,,,,0,0.3144561337327175,0.032424712319942435,cc_is_ligand=0 (+0.27); cc_n_cells_e1=1.21e+04 (+0.13); cc_edges_total=6 (+0.10),novel
356,JAM3,AC_like_tumor,IDH_WT,tumor,1.0,2.570917308287093,2.570917308287093,5.122174430323846,0.12,0.025,0.095,1.0,0.0,0.0,1.475909573326524,1.0,3.0,0.0,0.0,0.0,0.0,0.0,0.0,,0.0,0.0,0.0,0.0,,3,1,1,1,1,72549,446,64812,108,108,0,0.0,0,0,,,,,0,0.3127922280174175,0.10220305588612194,deg_n_celltypes_sig=3 (+0.46); deg_log2fc=2.57 (+0.45); deg_pct_diff=0.095 (+0.18),novel
357,GAS6,TAM1/TAM2/microglia,IDH_WT,TAM_microglia,1.0,1.0297449427302867,1.0297449427302867,51.35063053791812,0.254,0.13,0.124,1.0,1.0,1.0,1.354641382858478,1.0,1.0,2.0,0.0,2.0,0.0,0.012077162692356,0.00795189203387295,0.0,1.0,1.0,0.0,2.0,1.0,2,1,0,1,1,12086,25922,9696,2745,2745,0,1.0,0,1,,,,,0,0.31150601702776165,0.17162407543256983,cc_edges_total=2 (+0.84); deg_log2fc=1.03 (+0.46); deg_pct_diff=0.124 (+0.18),novel
358,PILRA,AC_like_tumor,IDH_Mutant,tumor,0.0,0.0,0.0,0.0,,,0.0,0.0,0.0,0.0,,0.0,1.0,0.0,0.0,0.0,0.0,0.0,0.0,,0.0,0.0,0.0,0.0,,7,0,1,1,1,72549,446,4249,283,283,0,0.0,1,0,,,,,0,0.31135533087466677,0.034611091857571816,cc_is_ligand=0 (+0.30); cc_n_cells_e1=7.25e+04 (+0.12); cc_n_cells_e2=446 (+0.06),novel
359,ITGAV,OPC_GABA_like_tumor,IDH_WT,tumor,0.0,0.0,0.0,0.0,,,0.0,0.0,0.0,0.0,,0.0,2.0,0.0,14.0,13.0,1.0,0.0204651750303783,0.007934104333780162,0.0,3.0,7.0,5.0,14.0,0.8571428571428571,39,0,1,3,3,6741,14114,5040,1935,1935,0,0.0,0,0,,,,,0,0.3108568470119163,0.18631844175903567,cc_cross_compartment_edges=5 (+0.42); cc_is_ligand=0 (+0.32); cc_n_cells_e1=6.74e+03 (+0.12),novel
360,ADORA3,AC_like_tumor,IDH_WT,tumor,0.0,0.0,0.0,0.0,,,0.0,0.0,0.0,0.0,,0.0,1.0,0.0,0.0,0.0,0.0,0.0,0.0,,0.0,0.0,0.0,0.0,,1,1,0,1,1,72549,446,64812,108,108,0,0.0,0,0,,,,,0,0.3098061910016058,0.11645577421299202,cc_n_cells_e1=7.25e+04 (+0.12); cc_is_receptor=0 (+0.08); cc_n_celltypes_total=1 (+0.07),novel
361,SDC3,OPC_GABA_AC_like_tumor,IDH_WT,tumor,0.0,0.0,0.0,0.0,,,0.0,0.0,0.0,0.0,,0.0,2.0,0.0,0.0,0.0,0.0,0.0,0.0,,0.0,0.0,0.0,0.0,,11,0,1,1,1,6202,1012,5384,171,171,0,0.0,0,0,,,,,0,0.30930985070022626,0.11989458592247487,cc_is_ligand=0 (+0.33); cc_n_cells_e1=6.2e+03 (+0.14); cc_n_cells_e2=1.01e+03 (+0.06),novel
362,SLITRK2,OPC_GABA_AC_like_tumor,IDH_WT,tumor,0.0,0.0,0.0,0.0,,,0.0,0.0,0.0,0.0,,0.0,2.0,0.0,0.0,0.0,0.0,0.0,0.0,,0.0,0.0,0.0,0.0,,1,1,0,1,1,6202,1012,5384,171,171,0,0.0,0,0,,,,,0,0.3090669647180453,0.1621251085264787,cc_n_cells_e1=6.2e+03 (+0.13); cc_is_receptor=0 (+0.08); cc_n_celltypes_total=1 (+0.07),novel
363,CXCR4,OPC_GABA_AC_like_tumor,IDH_Mutant,tumor,0.0,0.0,0.0,0.0,,,0.0,0.0,0.0,0.0,,0.0,3.0,0.0,0.0,0.0,0.0,0.0,0.0,,0.0,0.0,0.0,0.0,,44,0,1,1,2,6202,1012,352,742,352,0,0.0,1,0,1.0,tumor,growth,"Rubin et al., PNAS 2003",1,0.30888707748454314,0.08379653787059041,cc_edges_total=44 (+1.94); deg_n_celltypes_sig=3 (+0.45); cc_is_ligand=0 (+0.30),literature tier 1 (label)
364,PILRB,cycling_tumor,IDH_WT,tumor,1.0,1.8090647293403197,1.8090647293403197,124.71699438149511,0.278,0.036,0.24200000000000002,1.0,0.0,0.0,1.719810137348749,1.0,2.0,0.0,7.0,7.0,0.0,0.0037171475539804,0.0016564278310690797,0.0,1.0,4.0,4.0,7.0,1.0,7,0,1,1,1,6410,814,5847,663,663,0,1.0,0,1,,,,,0,0.30880909902166137,0.2706734888110872,deg_log2fc=1.81 (+0.53); cc_is_ligand=0 (+0.35); cc_cross_compartment_edges=4 (+0.28),novel
365,CNTN1,AC_like_tumor,IDH_WT,tumor,1.0,1.794278055377577,1.794278055377577,3.7547594681386682,0.13,0.031,0.099,1.0,0.0,0.0,0.5105957887362043,1.0,4.0,0.0,0.0,0.0,0.0,0.0,0.0,,0.0,0.0,0.0,0.0,,16,1,0,1,2,72549,446,64812,108,108,0,0.0,0,0,2.0,tumor,neuron_tumor,Synaptic adhesion (pathway-level),0,0.30866300457059703,0.11907214656451855,deg_n_celltypes_sig=4 (+0.57); deg_log2fc=1.79 (+0.48); deg_pct_diff=0.099 (+0.20),literature tier 2 (unlabeled)
366,APP,OPC_GABA_AC_like_tumor,IDH_WT,tumor,0.0,0.0,0.0,0.0,,,0.0,0.0,0.0,0.0,,0.0,1.0,19.0,0.0,9.0,10.0,0.0432295489429381,0.021942976615914607,0.02,1.0,4.0,16.0,19.0,-0.05263157894736842,78,1,0,1,4,6202,1012,5384,171,171,0,-0.0,0,0,,,,,0,0.30837037066638595,0.11166036095978141,cc_edges_total=78 (+0.66); cc_cross_compartment_edges=16 (+0.62); cc_n_cells_e1=6.2e+03 (+0.12),novel
367,CD4,TAM1/TAM2/microglia,IDH_Mutant,TAM_microglia,0.0,0.0,0.0,0.0,,,0.0,0.0,0.0,0.0,,0.0,1.0,0.0,88.0,44.0,44.0,0.0431531889546866,0.007870965558880417,0.0,1.0,7.0,52.0,88.0,0.0,88,0,1,1,1,12086,25922,2106,21701,2106,0,0.0,1,0,2.0,T_cell,immune_synapse,MHC-II co-receptor (pathway-level),0,0.30798096729118263,0.12482463041907305,cc_edges_total=88 (+0.73); cc_cross_compartment_edges=52 (+0.57); cc_is_ligand=0 (+0.22),"literature gene, other compartment"
368,CXCR4,AC_like_tumor,IDH_Mutant,tumor,0.0,0.0,0.0,0.0,,,0.0,0.0,0.0,0.0,,0.0,3.0,0.0,0.0,0.0,0.0,0.0,0.0,,0.0,0.0,0.0,0.0,,44,0,1,1,2,72549,446,4249,283,283,0,0.0,1,0,1.0,tumor,growth,"Rubin et al., PNAS 2003",1,0.3074753977733403,0.0755049772541323,cc_edges_total=44 (+1.94); deg_n_celltypes_sig=3 (+0.45); cc_is_ligand=0 (+0.30),literature tier 1 (label)
369,APP,OPC_GABA_like_tumor,IDH_WT,tumor,0.0,0.0,0.0,0.0,,,0.0,0.0,0.0,0.0,,0.0,1.0,26.0,0.0,13.0,13.0,0.1172844910109071,0.0531219860188931,0.0,1.0,6.0,20.0,26.0,0.0,78,1,0,1,4,6741,14114,5040,1935,1935,0,0.0,0,0,,,,,0,0.3074050088351291,0.07096097703281783,cc_edges_total=78 (+0.65); cc_cross_compartment_edges=20 (+0.60); cc_n_cells_e1=6.74e+03 (+0.12),novel
370,APP,AC_like_tumor,IDH_WT,tumor,0.0,0.0,0.0,0.0,,,0.0,0.0,0.0,0.0,,0.0,1.0,20.0,0.0,10.0,10.0,0.0466729998846793,0.02494242887230293,0.04,1.0,4.0,16.0,20.0,0.0,78,1,0,1,4,72549,446,64812,108,108,0,0.0,0,0,,,,,0,0.3073822008036928,0.11166876269310634,cc_edges_total=78 (+0.66); cc_cross_compartment_edges=16 (+0.62); cc_n_cells_e1=7.25e+04 (+0.12),novel
371,SLITRK2,cycling_tumor,IDH_Mutant,tumor,1.0,5.80559623923372,5.80559623923372,8.628322959583064,0.206,0.004,0.20199999999999999,1.0,1.0,1.0,2.4674687064605023,1.0,1.0,1.0,0.0,1.0,0.0,0.0011930593981233,0.0011930593981233,0.0,1.0,1.0,0.0,1.0,1.0,1,1,0,1,1,6410,814,270,136,136,0,1.0,1,1,,,,,0,0.3073732646800759,0.09684824224439931,deg_log2fc=5.81 (+0.45); deg_pct_diff=0.202 (+0.15); deg_pct_e1=0.004 (+0.11),novel
372,SLITRK2,AC_like_tumor,IDH_WT,tumor,0.0,0.0,0.0,0.0,,,0.0,0.0,0.0,0.0,,0.0,2.0,0.0,0.0,0.0,0.0,0.0,0.0,,0.0,0.0,0.0,0.0,,1,1,0,1,1,72549,446,64812,108,108,0,0.0,0,0,,,,,0,0.3071099017259864,0.1613313410265565,cc_n_cells_e1=7.25e+04 (+0.13); cc_is_receptor=0 (+0.08); cc_n_celltypes_total=1 (+0.07),novel
373,ROBO1,T cell,IDH_WT,T_cell,0.0,0.0,0.0,0.0,,,0.0,0.0,0.0,0.0,,0.0,2.0,0.0,0.0,0.0,0.0,0.0,0.0,,0.0,0.0,0.0,0.0,,2,0,1,1,2,2662,1463,1681,1118,1118,0,0.0,0,0,,,,,0,0.306983684681972,0.07606229490605859,cc_edges_total=2 (+0.74); cc_is_ligand=0 (+0.20); cc_edges_e2=0 (+0.04),novel
374,PDGFRA,TAM1/TAM2/microglia,IDH_WT,TAM_microglia,0.0,0.0,0.0,0.0,,,0.0,0.0,0.0,0.0,,0.0,4.0,0.0,0.0,0.0,0.0,0.0,0.0,,0.0,0.0,0.0,0.0,,6,0,1,1,3,12086,25922,9696,2745,2745,0,0.0,0,0,1.0,tumor,growth,"Brennan et al., Cell 2013; Verhaak et al., Cancer Cell 2010",0,0.30693522270803114,0.07860952107189549,deg_n_celltypes_sig=4 (+0.57); cc_is_ligand=0 (+0.25); cc_n_cells_e1=1.21e+04 (+0.14),"literature gene, other compartment"
375,SDC3,cycling_tumor,IDH_WT,tumor,1.0,0.6181945221876667,0.6181945221876667,45.43056657574756,0.291,0.087,0.204,1.0,0.0,0.0,0.6175999945696687,1.0,2.0,0.0,11.0,11.0,0.0,0.0141883084146195,0.008330391207846137,0.0,1.0,7.0,3.0,11.0,1.0,11,0,1,1,1,6410,814,5847,663,663,0,1.0,0,1,,,,,0,0.3068520971918665,0.15803944809891507,cc_cross_compartment_edges=3 (+0.32); cc_is_ligand=0 (+0.32); deg_log2fc=0.618 (+0.23),novel
376,SDC3,AC_like_tumor,IDH_WT,tumor,0.0,0.0,0.0,0.0,,,0.0,0.0,0.0,0.0,,0.0,2.0,0.0,0.0,0.0,0.0,0.0,0.0,,0.0,0.0,0.0,0.0,,11,0,1,1,1,72549,446,64812,108,108,0,0.0,0,0,,,,,0,0.30627438342338315,0.11642373451456141,cc_is_ligand=0 (+0.33); cc_n_cells_e1=7.25e+04 (+0.13); cc_n_cells_e2=446 (+0.06),novel
377,ADORA3,cycling_tumor,IDH_WT,tumor,0.0,0.0,0.0,0.0,,,0.0,0.0,0.0,0.0,,0.0,1.0,0.0,0.0,0.0,0.0,0.0,0.0,,0.0,0.0,0.0,0.0,,1,1,0,1,1,6410,814,5847,663,663,0,0.0,0,0,,,,,0,0.3062411745531478,0.116571195645534,cc_n_cells_e1=6.41e+03 (+0.12); cc_is_receptor=0 (+0.08); cc_n_celltypes_total=1 (+0.07),novel
378,SLITRK2,OPC_GABA_like_tumor,IDH_WT,tumor,1.0,2.365256056536932,2.365256056536932,232.18221614121134,0.367,0.057,0.31,1.0,0.0,0.0,1.1380986445112933,1.0,2.0,0.0,0.0,0.0,0.0,0.0,0.0,,0.0,0.0,0.0,0.0,,1,1,0,1,1,6741,14114,5040,1935,1935,0,0.0,0,0,,,,,0,0.30537668129753665,0.1179957331021943,deg_log2fc=2.37 (+0.41); deg_pct_diff=0.31 (+0.15); deg_pct_e1=0.057 (+0.14),novel
379,CD44,T cell,IDH_WT,T_cell,1.0,-0.5177355818729936,0.5177355818729936,4.846343131158478,0.28,0.399,-0.119,-1.0,0.0,0.0,-0.5212805239261107,1.0,4.0,0.0,48.0,24.0,24.0,0.0602207357854614,0.016896345135416935,0.0,4.0,7.0,40.0,48.0,0.0,48,0,1,4,1,2662,1463,1681,1118,1118,0,-0.0,0,1,1.0,tumor,myeloid_bridge,"Pietras et al., Cell Stem Cell 2014",0,0.30500227045408107,0.14330937602443214,cc_edges_total=48 (+1.68); deg_n_celltypes_sig=4 (+0.48); cc_n_pathways_total=4 (+0.40),"literature gene, other compartment"
380,PTGES3,AC_like_tumor,IDH_WT,tumor,0.0,0.0,0.0,0.0,,,0.0,0.0,0.0,0.0,,0.0,3.0,2.0,0.0,1.0,1.0,0.0074110138974112,0.0054116476705227,0.0,1.0,1.0,2.0,2.0,0.0,13,1,0,1,7,72549,446,64812,108,108,0,0.0,0,0,,,,,0,0.30344673264001243,0.10612113736386558,deg_n_celltypes_sig=3 (+0.55); cc_cross_compartment_edges=2 (+0.35); cc_n_cells_e1=7.25e+04 (+0.15),novel
381,GAS6,T cell,IDH_WT,T_cell,0.0,0.0,0.0,0.0,,,0.0,0.0,0.0,0.0,,0.0,1.0,0.0,0.0,0.0,0.0,0.0,0.0,,0.0,0.0,0.0,0.0,,2,1,0,1,1,2662,1463,1681,1118,1118,0,0.0,0,0,,,,,0,0.3033896435325507,0.14725131120101642,cc_edges_total=2 (+1.08); cc_n_celltypes_total=1 (+0.09); cc_is_receptor=0 (+0.08),novel
382,CD74,OPC_GABA_like_tumor,IDH_WT,tumor,1.0,-2.952578685908728,2.952578685908728,34.839183550101225,0.067,0.188,-0.121,-1.0,1.0,1.0,-2.3041532751923843,1.0,5.0,0.0,0.0,0.0,0.0,0.0,0.0,,0.0,0.0,0.0,0.0,,109,0,1,2,6,6741,14114,5040,1935,1935,0,-0.0,0,0,1.0,TAM_microglia,myeloid_bridge,"Ghoochani et al., Oncotarget 2016",0,0.30323239627975646,0.09108635622830068,cc_edges_total=109 (+0.71); cc_is_ligand=0 (+0.34); deg_n_celltypes_sig=5 (+0.24),"literature gene, other compartment"
383,LRP1,cycling_tumor,IDH_WT,tumor,1.0,0.4402104935675045,0.4402104935675045,44.599803754901764,0.493,0.193,0.3,1.0,0.0,0.0,0.3361807236365826,1.0,2.0,0.0,1.0,1.0,0.0,0.0014757899052933,0.0014757899052933,0.0,1.0,1.0,0.0,1.0,1.0,7,0,1,1,4,6410,814,5847,663,663,0,1.0,0,1,,,,,0,0.3032259582384391,0.08469391020469354,cc_is_ligand=0 (+0.32); deg_log2fc=0.44 (+0.21); deg_pct_diff=0.3 (+0.14),novel
384,PILRA,cycling_tumor,IDH_Mutant,tumor,0.0,0.0,0.0,0.0,,,0.0,0.0,0.0,0.0,,0.0,1.0,0.0,0.0,0.0,0.0,0.0,0.0,,0.0,0.0,0.0,0.0,,7,0,1,1,1,6410,814,270,136,136,0,0.0,1,0,,,,,0,0.3027992996286731,0.04287793660269989,cc_is_ligand=0 (+0.30); cc_n_cells_e1=6.41e+03 (+0.12); cc_n_cells_e2=814 (+0.06),novel
385,PDGFRA,TAM1/TAM2/microglia,IDH_Mutant,TAM_microglia,0.0,0.0,0.0,0.0,,,0.0,0.0,0.0,0.0,,0.0,4.0,0.0,0.0,0.0,0.0,0.0,0.0,,0.0,0.0,0.0,0.0,,6,0,1,1,3,12086,25922,2106,21701,2106,0,0.0,1,0,1.0,tumor,growth,"Brennan et al., Cell 2013; Verhaak et al., Cancer Cell 2010",0,0.30154008862939635,0.07685755315234394,deg_n_celltypes_sig=4 (+0.55); cc_is_ligand=0 (+0.25); cc_n_cells_e1=1.21e+04 (+0.14),"literature gene, other compartment"
386,PILRA,OPC_GABA_AC_like_tumor,IDH_Mutant,tumor,0.0,0.0,0.0,0.0,,,0.0,0.0,0.0,0.0,,0.0,1.0,0.0,0.0,0.0,0.0,0.0,0.0,,0.0,0.0,0.0,0.0,,7,0,1,1,1,6202,1012,352,742,352,0,0.0,1,0,,,,,0,0.3011798334317454,0.04134008858952958,cc_is_ligand=0 (+0.30); cc_n_cells_e1=6.2e+03 (+0.13); cc_n_cells_e2=1.01e+03 (+0.06),novel
387,CLSTN1,TAM1/TAM2/microglia,IDH_WT,TAM_microglia,1.0,0.5704274130975062,0.5704274130975062,14.513223633066772,0.129,0.073,0.05600000000000001,1.0,1.0,1.0,0.6226957303874081,1.0,2.0,0.0,0.0,0.0,0.0,0.0,0.0,,0.0,0.0,0.0,0.0,,12,0,1,1,2,12086,25922,9696,2745,2745,0,0.0,0,0,,,,,0,0.30102183823240614,0.11087556007189714,cc_is_ligand=0 (+0.29); deg_log2fc=0.57 (+0.19); deg_pct_e1=0.073 (+0.15),novel
388,FPR1,TAM1/TAM2/microglia,IDH_Mutant,TAM_microglia,1.0,0.6963076000213524,0.6963076000213524,39.53221449842776,0.511,0.367,0.14400000000000002,1.0,1.0,1.0,0.6383606487062171,1.0,2.0,0.0,10.0,5.0,5.0,0.0086008858847479,0.00602697727173577,0.0,1.0,4.0,8.0,10.0,0.0,10,0,1,1,1,12086,25922,2106,21701,2106,0,0.0,1,1,,,,,0,0.3003264756965943,0.12974021608732234,cc_cross_compartment_edges=8 (+0.39); deg_log2fc=0.696 (+0.27); cc_is_ligand=0 (+0.25),novel
389,NRCAM,TAM1/TAM2/microglia,IDH_Mutant,TAM_microglia,0.0,0.0,0.0,0.0,,,0.0,0.0,0.0,0.0,,0.0,4.0,0.0,0.0,0.0,0.0,0.0,0.0,,0.0,0.0,0.0,0.0,,12,0,1,1,4,12086,25922,2106,21701,2106,0,0.0,1,0,,,,,0,0.30018725465298607,0.05894741691359776,deg_n_celltypes_sig=4 (+0.57); cc_is_ligand=0 (+0.25); cc_n_cells_e1=1.21e+04 (+0.14),novel
390,HLA-E,AC_like_tumor,IDH_Mutant,tumor,0.0,0.0,0.0,0.0,,,0.0,0.0,0.0,0.0,,0.0,4.0,0.0,0.0,0.0,0.0,0.0,0.0,,0.0,0.0,0.0,0.0,,6,1,0,1,4,72549,446,4249,283,283,0,0.0,1,0,,,,,0,0.30018636358597284,0.10227213248139493,deg_n_celltypes_sig=4 (+0.59); cc_n_cells_e1=7.25e+04 (+0.15); cc_n_cells_e2=446 (+0.05),novel
391,CD74,T cell,IDH_WT,T_cell,1.0,0.6546071138404836,0.6546071138404836,1.950123902297721,0.44,0.371,0.069,1.0,0.0,0.0,0.7998421542708241,1.0,5.0,0.0,50.0,25.0,25.0,0.0485948380951234,0.015620824906069038,0.0,2.0,6.0,42.0,50.0,0.0,109,0,1,2,6,2662,1463,1681,1118,1118,0,0.0,0,1,1.0,TAM_microglia,myeloid_bridge,"Ghoochani et al., Oncotarget 2016",0,0.2987860297764963,0.19676871753829334,cc_cross_compartment_edges=42 (+0.62); deg_n_celltypes_sig=5 (+0.56); cc_edges_total=109 (+0.54),"literature gene, other compartment"
392,CD74,TAM1/TAM2/microglia,IDH_WT,TAM_microglia,0.0,0.0,0.0,0.0,,,0.0,0.0,0.0,0.0,,0.0,5.0,0.0,36.0,18.0,18.0,0.1172844910109071,0.05013193574605534,0.0,2.0,6.0,34.0,36.0,0.0,109,0,1,2,6,12086,25922,9696,2745,2745,0,0.0,0,0,1.0,TAM_microglia,myeloid_bridge,"Ghoochani et al., Oncotarget 2016",1,0.2987205234218157,0.16798806939966476,cc_edges_total=109 (+0.74); deg_n_celltypes_sig=5 (+0.64); cc_cross_compartment_edges=34 (+0.61),literature tier 1 (label)
393,DLL3,OPC_GABA_AC_like_tumor,IDH_WT,tumor,1.0,4.580287125563434,4.580287125563434,146.18534377114162,0.509,0.044,0.465,1.0,1.0,1.0,3.733594881806671,1.0,4.0,2.0,0.0,2.0,0.0,0.0089272829550743,0.0080346715704097,0.0,1.0,2.0,0.0,2.0,1.0,8,1,0,1,4,6202,1012,5384,171,171,0,1.0,0,1,1.0,tumor,growth,"Spino et al., Clin Cancer Res 2019 (IDH-mutant glioma)",1,0.2986671404616706,0.1375824024096222,cc_n_partners=2 (+1.21); deg_n_celltypes_sig=4 (+0.68); deg_log2fc=4.58 (+0.68),literature tier 1 (label)
394,CD74,cycling_tumor,IDH_Mutant,tumor,1.0,-5.536727835775332,5.536727835775332,28.934841700234518,0.162,0.752,-0.59,-1.0,1.0,1.0,-5.927962019903013,1.0,4.0,0.0,7.0,0.0,7.0,0.0612864457630957,0.03553958875203499,0.0,1.0,4.0,0.0,7.0,-1.0,109,0,1,2,6,6410,814,270,136,136,0,1.0,1,1,1.0,TAM_microglia,myeloid_bridge,"Ghoochani et al., Oncotarget 2016",0,0.298627170990903,0.09167851229211892,cc_edges_total=109 (+0.57); deg_n_celltypes_sig=4 (+0.49); cc_is_ligand=0 (+0.34),"literature gene, other compartment"
395,PTPRZ1,AC_like_tumor,IDH_WT,tumor,1.0,1.4127205516116723,1.4127205516116723,3.264752982945147,0.685,0.597,0.08800000000000008,1.0,1.0,1.0,0.8452853049688347,1.0,5.0,0.0,19.0,10.0,9.0,0.1953178125352112,0.12154979763396631,0.0,2.0,5.0,1.0,19.0,0.05263157894736842,77,0,1,2,4,72549,446,64812,108,108,0,0.05263157894736842,0,1,1.0,tumor,myeloid_bridge,"Shi et al., Cell Stem Cell 2017",1,0.29782867582045247,0.11278962613365483,cc_cross_compartment_edges=1 (+0.67); deg_n_celltypes_sig=5 (+0.63); cc_edges_total=77 (+0.58),literature tier 1 (label)
396,MIF,OPC_GABA_AC_like_tumor,IDH_Mutant,tumor,0.0,0.0,0.0,0.0,,,0.0,0.0,0.0,0.0,,0.0,4.0,12.0,0.0,6.0,6.0,0.0397126271796259,0.020401029579696084,0.0,1.0,2.0,12.0,12.0,0.0,66,1,0,1,6,6202,1012,352,742,352,0,0.0,1,0,1.0,tumor,myeloid_bridge,"Ghoochani et al., Oncotarget 2016",1,0.2977211636185736,0.10599020424635743,cc_n_partners=2 (+1.10); cc_cross_compartment_edges=12 (+0.66); cc_edges_total=66 (+0.64),literature tier 1 (label)
397,PTGER4,TAM1/TAM2/microglia,IDH_WT,TAM_microglia,1.0,0.7164989116131302,0.7164989116131302,45.615669939247255,0.33,0.195,0.135,1.0,0.0,0.0,,0.0,2.0,0.0,14.0,14.0,0.0,0.0142202862652484,0.0057523660417539,0.0,1.0,7.0,12.0,14.0,1.0,14,0,1,1,1,12086,25922,9696,2745,2745,0,1.0,0,1,,,,,0,0.2976875111754609,0.12360188398148435,cc_cross_compartment_edges=12 (+0.40); deg_log2fc=0.716 (+0.26); cc_is_ligand=0 (+0.24),novel
398,PTGER4,OPC_GABA_like_tumor,IDH_WT,tumor,0.0,0.0,0.0,0.0,,,0.0,0.0,0.0,0.0,,0.0,2.0,0.0,0.0,0.0,0.0,0.0,0.0,,0.0,0.0,0.0,0.0,,14,0,1,1,1,6741,14114,5040,1935,1935,0,0.0,0,0,,,,,0,0.29725937834284705,0.0628080216994294,cc_is_ligand=0 (+0.32); cc_n_cells_e1=6.74e+03 (+0.13); cc_n_celltypes_total=1 (+0.05),novel
399,ITGAV,cycling_tumor,IDH_WT,tumor,1.0,0.2979974162568404,0.2979974162568404,54.56349993519065,0.501,0.177,0.324,1.0,1.0,1.0,0.3303134313322708,1.0,2.0,0.0,13.0,13.0,0.0,0.029255088299547,0.012036451921385891,0.0,3.0,7.0,5.0,13.0,1.0,39,0,1,3,3,6410,814,5847,663,663,0,1.0,0,1,,,,,0,0.2972146778374493,0.13340021280305078,cc_cross_compartment_edges=5 (+0.40); cc_is_ligand=0 (+0.33); deg_pct_diff=0.324 (+0.14),novel
400,PCDHGA10,OPC_GABA_like_tumor,IDH_Mutant,tumor,0.0,0.0,0.0,0.0,,,0.0,0.0,0.0,0.0,,0.0,1.0,1.0,1.0,2.0,0.0,0.0020400387040252,0.0020400387040252,0.0,1.0,1.0,0.0,2.0,1.0,2,1,1,1,1,6741,14114,1658,11741,1658,0,0.0,1,0,,,,,0,0.29625163332010895,0.06293978158974556,cc_edges_total=2 (+0.91); cc_n_cells_e1=6.74e+03 (+0.12); cc_n_celltypes_total=1 (+0.07),novel
401,HLA-DRA,T cell,IDH_WT,T_cell,1.0,1.201388345282215,1.201388345282215,24.578605438052506,0.535,0.355,0.18000000000000005,1.0,0.0,0.0,1.2241026217571085,1.0,5.0,4.0,0.0,2.0,2.0,0.0155067311054044,0.005776417214999927,0.0,1.0,1.0,4.0,4.0,0.0,20,1,0,1,7,2662,1463,1681,1118,1118,0,0.0,0,1,2.0,TAM_microglia,immune_synapse,MHC-II antigen presentation (pathway-level),0,0.29612709450780095,0.11910872153753689,deg_log2fc=1.2 (+0.67); cc_cross_compartment_edges=4 (+0.46); deg_n_celltypes_sig=5 (+0.42),"literature gene, other compartment"
402,PCDHGC3,T cell,IDH_WT,T_cell,0.0,0.0,0.0,0.0,,,0.0,0.0,0.0,0.0,,0.0,3.0,0.0,0.0,0.0,0.0,0.0,0.0,,0.0,0.0,0.0,0.0,,2,1,1,1,1,2662,1463,1681,1118,1118,0,0.0,0,0,,,,,0,0.2960727113646292,0.16956506875454908,cc_edges_total=2 (+0.93); deg_n_celltypes_sig=3 (+0.43); cc_n_celltypes_total=1 (+0.08),novel
403,HLA-E,OPC_GABA_AC_like_tumor,IDH_WT,tumor,0.0,0.0,0.0,0.0,,,0.0,0.0,0.0,0.0,,0.0,3.0,0.0,0.0,0.0,0.0,0.0,0.0,,0.0,0.0,0.0,0.0,,6,1,0,1,4,6202,1012,5384,171,171,0,0.0,0,0,,,,,0,0.2958640265422815,0.09324779395885317,deg_n_celltypes_sig=3 (+0.54); cc_n_cells_e1=6.2e+03 (+0.15); cc_n_cells_e2=1.01e+03 (+0.05),novel
404,HLA-E,AC_like_tumor,IDH_WT,tumor,0.0,0.0,0.0,0.0,,,0.0,0.0,0.0,0.0,,0.0,3.0,0.0,0.0,0.0,0.0,0.0,0.0,,0.0,0.0,0.0,0.0,,6,1,0,1,4,72549,446,64812,108,108,0,0.0,0,0,,,,,0,0.2949935903763709,0.0957968586958404,deg_n_celltypes_sig=3 (+0.54); cc_n_cells_e1=7.25e+04 (+0.15); cc_n_cells_e2=446 (+0.05),novel
405,NCL,T cell,IDH_WT,T_cell,0.0,0.0,0.0,0.0,,,0.0,0.0,0.0,0.0,,0.0,2.0,0.0,2.0,1.0,1.0,0.0030244750425369,0.0029730166141975004,0.0,1.0,1.0,2.0,2.0,0.0,70,0,1,2,7,2662,1463,1681,1118,1118,0,0.0,0,0,,,,,0,0.2947830125827117,0.1675395084657539,cc_edges_total=70 (+0.85); cc_cross_compartment_edges=2 (+0.56); cc_is_ligand=0 (+0.33),novel
406,CXCR4,TAM1/TAM2/microglia,IDH_Mutant,TAM_microglia,1.0,-0.4659316323543718,0.4659316323543718,44.34663990905859,0.499,0.658,-0.15900000000000003,-1.0,0.0,0.0,,0.0,3.0,0.0,22.0,11.0,11.0,0.0917041673934359,0.03878429271831302,0.0,1.0,6.0,20.0,22.0,0.0,44,0,1,1,2,12086,25922,2106,21701,2106,0,-0.0,1,1,1.0,tumor,growth,"Rubin et al., PNAS 2003",0,0.29471347312596197,0.08056891367298692,cc_edges_total=44 (+1.75); cc_cross_compartment_edges=20 (+0.44); deg_n_celltypes_sig=3 (+0.40),"literature gene, other compartment"
407,NRXN1,T cell,IDH_WT,T_cell,0.0,0.0,0.0,0.0,,,0.0,0.0,0.0,0.0,,0.0,2.0,0.0,0.0,0.0,0.0,0.0,0.0,,0.0,0.0,0.0,0.0,,50,1,0,1,4,2662,1463,1681,1118,1118,0,0.0,0,0,2.0,tumor,neuron_tumor,Presynaptic partner of NLGN3 (pathway-level),0,0.2946826565853705,0.21024690286908435,cc_edges_total=50 (+0.58); cc_edges_e2=0 (+0.04); cc_max_prob=0 (+0.03),"literature gene, other compartment"
408,MIF,AC_like_tumor,IDH_WT,tumor,0.0,0.0,0.0,0.0,,,0.0,0.0,0.0,0.0,,0.0,3.0,12.0,0.0,6.0,6.0,0.0301326100099938,0.01579069311718281,0.0,1.0,2.0,12.0,12.0,0.0,66,1,0,1,6,72549,446,64812,108,108,0,0.0,0,0,1.0,tumor,myeloid_bridge,"Ghoochani et al., Oncotarget 2016",1,0.29441690778443635,0.08207765207664439,cc_n_partners=2 (+1.12); cc_cross_compartment_edges=12 (+0.66); cc_edges_total=66 (+0.64),literature tier 1 (label)
409,CD99,cycling_tumor,IDH_Mutant,tumor,1.0,-3.2447778625322616,3.2447778625322616,2.9915981843791757,0.096,0.33,-0.234,-1.0,1.0,1.0,-0.6162220488602379,1.0,3.0,10.0,6.0,8.0,8.0,0.0093598934920334,0.004668256872639797,0.01,1.0,3.0,14.0,16.0,0.0,86,1,1,1,4,6410,814,270,136,136,0,-0.0,1,1,2.0,tumor,immune_synapse,Glioma invasion marker (limited functional data),0,0.29425247797033516,0.1263701668626932,cc_edges_total=86 (+0.67); cc_cross_compartment_edges=14 (+0.55); deg_n_celltypes_sig=3 (+0.43),literature tier 2 (unlabeled)
410,PTN,OPC_GABA_AC_like_tumor,IDH_WT,tumor,0.0,0.0,0.0,0.0,,,0.0,0.0,0.0,0.0,,0.0,3.0,29.0,0.0,12.0,17.0,0.2435689856404543,0.12399226609018335,0.0,1.0,5.0,2.0,29.0,-0.1724137931034483,137,1,0,1,7,6202,1012,5384,171,171,0,-0.0,0,0,1.0,TAM_microglia,myeloid_bridge,"Shi et al., Cell Stem Cell 2017",0,0.29389297469246434,0.189907761038574,cc_edges_total=137 (+0.65); deg_n_celltypes_sig=3 (+0.59); cc_cross_compartment_edges=2 (+0.52),"literature gene, other compartment"
411,CD99,cycling_tumor,IDH_WT,tumor,1.0,-0.4001546013152632,0.4001546013152632,20.568767120890698,0.572,0.267,0.30499999999999994,-1.0,1.0,1.0,-0.6162220488602379,1.0,1.0,10.0,6.0,8.0,8.0,0.0093598934920334,0.004668256872639797,0.01,1.0,3.0,14.0,16.0,0.0,86,1,1,1,4,6410,814,5847,663,663,0,-0.0,0,1,2.0,tumor,immune_synapse,Glioma invasion marker (limited functional data),0,0.29294414623882836,0.1297125239314289,cc_edges_total=86 (+0.66); cc_cross_compartment_edges=14 (+0.56); deg_pct_diff=0.305 (+0.12),literature tier 2 (unlabeled)
412,GRIA4,TAM1/TAM2/microglia,IDH_Mutant,TAM_microglia,0.0,0.0,0.0,0.0,,,0.0,0.0,0.0,0.0,,0.0,4.0,0.0,0.0,0.0,0.0,0.0,0.0,,0.0,0.0,0.0,0.0,,15,0,1,1,4,12086,25922,2106,21701,2106,0,0.0,1,0,2.0,tumor,neuron_tumor,"AMPAR subunit family; Venkatesh et al., Nature 2019",0,0.2920211829623694,0.06503263753825086,deg_n_celltypes_sig=4 (+0.57); cc_is_ligand=0 (+0.25); cc_n_cells_e1=1.21e+04 (+0.14),"literature gene, other compartment"
413,GAS6,cycling_tumor,IDH_Mutant,tumor,1.0,-6.232159625747492,6.232159625747492,4.162071336067185,0.015,0.248,-0.23299999999999998,-1.0,0.0,0.0,,0.0,2.0,0.0,0.0,0.0,0.0,0.0,0.0,,0.0,0.0,0.0,0.0,,2,1,0,1,1,6410,814,270,136,136,0,-0.0,1,0,,,,,0,0.29198530175043536,0.13406647672873212,cc_edges_total=2 (+0.93); cc_n_cells_e1=6.41e+03 (+0.12); cc_is_receptor=0 (+0.08),novel
414,DLL3,OPC_GABA_like_tumor,IDH_WT,tumor,1.0,4.5360143154011725,4.5360143154011725,300.0,0.71,0.066,0.6439999999999999,1.0,1.0,1.0,4.047193945889483,1.0,4.0,2.0,0.0,2.0,0.0,0.0102880806075418,0.00926053756614685,0.0,1.0,2.0,0.0,2.0,1.0,8,1,0,1,4,6741,14114,5040,1935,1935,0,1.0,0,1,1.0,tumor,growth,"Spino et al., Clin Cancer Res 2019 (IDH-mutant glioma)",1,0.2916527107537632,0.1321663774768445,cc_n_partners=2 (+1.21); deg_log2fc=4.54 (+0.69); deg_n_celltypes_sig=4 (+0.68),literature tier 1 (label)
415,SLIT1,T cell,IDH_WT,T_cell,0.0,0.0,0.0,0.0,,,0.0,0.0,0.0,0.0,,0.0,2.0,0.0,0.0,0.0,0.0,0.0,0.0,,0.0,0.0,0.0,0.0,,2,1,0,1,1,2662,1463,1681,1118,1118,0,0.0,0,0,,,,,0,0.29153153324339787,0.17032677450814074,cc_edges_total=2 (+1.07); cc_n_celltypes_total=1 (+0.09); cc_is_receptor=0 (+0.08),novel
416,PTN,AC_like_tumor,IDH_WT,tumor,0.0,0.0,0.0,0.0,,,0.0,0.0,0.0,0.0,,0.0,3.0,29.0,0.0,12.0,17.0,0.2396805306048765,0.12107655797708905,0.0,1.0,5.0,2.0,29.0,-0.1724137931034483,137,1,0,1,7,72549,446,64812,108,108,0,-0.0,0,0,1.0,TAM_microglia,myeloid_bridge,"Shi et al., Cell Stem Cell 2017",0,0.29128524326410266,0.1880143744201782,cc_edges_total=137 (+0.65); deg_n_celltypes_sig=3 (+0.59); cc_cross_compartment_edges=2 (+0.52),"literature gene, other compartment"
417,PTGES2,AC_like_tumor,IDH_Mutant,tumor,1.0,1.0875593556585337,1.0875593556585337,2.558557645756527,0.177,0.083,0.09399999999999999,1.0,0.0,0.0,1.007974502288211,1.0,2.0,0.0,0.0,0.0,0.0,0.0,0.0,,0.0,0.0,0.0,0.0,,1,1,0,1,1,72549,446,4249,283,283,0,0.0,1,0,,,,,0,0.2904315297758984,0.15960808106003163,deg_log2fc=1.09 (+0.39); deg_pct_e1=0.083 (+0.14); deg_pct_diff=0.094 (+0.13),novel
418,KLRB1,T cell,IDH_Mutant,T_cell,1.0,0.9926731949392452,0.9926731949392452,16.27715074713764,0.59,0.298,0.292,1.0,0.0,0.0,,0.0,1.0,0.0,14.0,7.0,7.0,0.0319079660883083,0.010231129628040679,0.0,1.0,2.0,4.0,14.0,0.0,14,0,1,1,1,2662,1463,941,334,334,0,0.0,1,1,1.0,T_cell,immune_synapse,"Mathewson et al., Cell 2021",1,0.2895278100433408,0.1299898647123963,cc_n_partners=2 (+1.23); deg_log2fc=0.993 (+0.55); cc_cross_compartment_edges=4 (+0.48),literature tier 1 (label)
419,ADORA3,OPC_GABA_like_tumor,IDH_WT,tumor,0.0,0.0,0.0,0.0,,,0.0,0.0,0.0,0.0,,0.0,1.0,0.0,0.0,0.0,0.0,0.0,0.0,,0.0,0.0,0.0,0.0,,1,1,0,1,1,6741,14114,5040,1935,1935,0,0.0,0,0,,,,,0,0.2892288075822668,0.10360428879127918,cc_n_cells_e1=6.74e+03 (+0.12); cc_is_receptor=0 (+0.08); cc_n_celltypes_total=1 (+0.07),novel
420,C3,OPC_GABA_AC_like_tumor,IDH_WT,tumor,0.0,0.0,0.0,0.0,,,0.0,0.0,0.0,0.0,,0.0,2.0,0.0,0.0,0.0,0.0,0.0,0.0,,0.0,0.0,0.0,0.0,,6,1,0,1,1,6202,1012,5384,171,171,0,0.0,0,0,,,,,0,0.2883502216304052,0.03644722988761395,cc_n_cells_e1=6.2e+03 (+0.14); cc_n_celltypes_total=1 (+0.07); cc_n_cells_e2=1.01e+03 (+0.05),novel
421,ITGAV,T cell,IDH_Mutant,T_cell,0.0,0.0,0.0,0.0,,,0.0,0.0,0.0,0.0,,0.0,3.0,0.0,0.0,0.0,0.0,0.0,0.0,,0.0,0.0,0.0,0.0,,39,0,1,3,3,2662,1463,941,334,334,0,0.0,1,0,,,,,0,0.28832966438593766,0.2301747531311191,deg_n_celltypes_sig=3 (+0.44); cc_is_ligand=0 (+0.30); cc_max_prob=0 (+0.03),novel
422,ANXA1,OPC_GABA_AC_like_tumor,IDH_Mutant,tumor,0.0,0.0,0.0,0.0,,,0.0,0.0,0.0,0.0,,0.0,3.0,0.0,0.0,0.0,0.0,0.0,0.0,,0.0,0.0,0.0,0.0,,10,1,0,1,4,6202,1012,352,742,352,0,0.0,1,0,,,,,0,0.28781992927360367,0.06487908642944348,deg_n_celltypes_sig=3 (+0.53); cc_n_cells_e1=6.2e+03 (+0.15); cc_n_cells_e2=1.01e+03 (+0.05),novel
423,PCDHGA10,OPC_GABA_like_tumor,IDH_WT,tumor,1.0,0.840786297737504,0.840786297737504,72.55478677722016,0.252,0.078,0.174,1.0,0.0,0.0,0.8608372392302766,1.0,2.0,1.0,1.0,2.0,0.0,0.0020400387040252,0.0020400387040252,0.0,1.0,1.0,0.0,2.0,1.0,2,1,1,1,1,6741,14114,5040,1935,1935,0,1.0,0,1,,,,,0,0.2873342654680859,0.1969927353923619,cc_edges_total=2 (+0.73); deg_log2fc=0.841 (+0.36); deg_pct_e1=0.078 (+0.15),novel
424,C3,AC_like_tumor,IDH_Mutant,tumor,0.0,0.0,0.0,0.0,,,0.0,0.0,0.0,0.0,,0.0,2.0,0.0,0.0,0.0,0.0,0.0,0.0,,0.0,0.0,0.0,0.0,,6,1,0,1,1,72549,446,4249,283,283,0,0.0,1,0,,,,,0,0.287243340971152,0.034792662486681385,cc_n_cells_e1=7.25e+04 (+0.14); cc_n_celltypes_total=1 (+0.07); cc_n_cells_e2=446 (+0.05),novel
425,SORL1,OPC_GABA_like_tumor,IDH_WT,tumor,1.0,-2.095248528363715,2.095248528363715,7.077334313600507,0.079,0.133,-0.054000000000000006,-1.0,1.0,1.0,-2.7243142298484098,1.0,3.0,0.0,0.0,0.0,0.0,0.0,0.0,,0.0,0.0,0.0,0.0,,14,0,1,1,1,6741,14114,5040,1935,1935,0,-0.0,0,0,,,,,0,0.28717489421325587,0.08283966341085315,deg_n_celltypes_sig=3 (+0.45); cc_is_ligand=0 (+0.34); cc_n_cells_e1=6.74e+03 (+0.12),novel
426,NRXN2,OPC_GABA_AC_like_tumor,IDH_Mutant,tumor,0.0,0.0,0.0,0.0,,,0.0,0.0,0.0,0.0,,0.0,3.0,0.0,0.0,0.0,0.0,0.0,0.0,,0.0,0.0,0.0,0.0,,10,1,0,1,1,6202,1012,352,742,352,0,0.0,1,0,,,,,0,0.2868893064858593,0.041492855984812345,deg_n_celltypes_sig=3 (+0.49); cc_n_cells_e1=6.2e+03 (+0.14); cc_n_celltypes_total=1 (+0.05),novel
427,FPR1,AC_like_tumor,IDH_Mutant,tumor,0.0,0.0,0.0,0.0,,,0.0,0.0,0.0,0.0,,0.0,2.0,0.0,0.0,0.0,0.0,0.0,0.0,,0.0,0.0,0.0,0.0,,10,0,1,1,1,72549,446,4249,283,283,0,0.0,1,0,,,,,0,0.2865364233195397,0.11518544606197523,cc_is_ligand=0 (+0.33); cc_n_cells_e1=7.25e+04 (+0.13); cc_n_cells_e2=446 (+0.06),novel
428,CLDN11,OPC_GABA_AC_like_tumor,IDH_WT,tumor,0.0,0.0,0.0,0.0,,,0.0,0.0,0.0,0.0,,0.0,2.0,0.0,0.0,0.0,0.0,0.0,0.0,,0.0,0.0,0.0,0.0,,2,1,1,1,1,6202,1012,5384,171,171,0,0.0,0,0,,,,,0,0.28624825948278293,0.2111621736365758,cc_edges_total=2 (+0.89); cc_n_cells_e1=6.2e+03 (+0.13); cc_n_celltypes_total=1 (+0.07),novel
429,PCDHGA10,T cell,IDH_WT,T_cell,0.0,0.0,0.0,0.0,,,0.0,0.0,0.0,0.0,,0.0,2.0,0.0,0.0,0.0,0.0,0.0,0.0,,0.0,0.0,0.0,0.0,,2,1,1,1,1,2662,1463,1681,1118,1118,0,0.0,0,0,,,,,0,0.28575059367758765,0.10132086169053793,cc_edges_total=2 (+0.94); cc_n_celltypes_total=1 (+0.09); deg_pooled_log2fc=nan (+0.04),novel
430,TGFBR1,OPC_GABA_like_tumor,IDH_Mutant,tumor,1.0,0.7979879393682399,0.7979879393682399,7.420984590469203,0.126,0.066,0.06,1.0,1.0,1.0,0.8082512819379097,1.0,2.0,0.0,0.0,0.0,0.0,0.0,0.0,,0.0,0.0,0.0,0.0,,4,0,1,1,1,6741,14114,1658,11741,1658,0,0.0,1,0,,,,,0,0.2851181868107494,0.17878516957819343,deg_log2fc=0.798 (+0.40); cc_is_ligand=0 (+0.27); deg_pct_e1=0.066 (+0.15),novel
431,JAM3,OPC_GABA_like_tumor,IDH_WT,tumor,1.0,1.3398998392869823,1.3398998392869823,108.55574591193887,0.286,0.074,0.21199999999999997,1.0,0.0,0.0,0.5046479726210078,1.0,3.0,0.0,0.0,0.0,0.0,0.0,0.0,,0.0,0.0,0.0,0.0,,3,1,1,1,1,6741,14114,5040,1935,1935,0,0.0,0,0,,,,,0,0.2851021303344401,0.10427282359240239,deg_log2fc=1.34 (+0.46); deg_n_celltypes_sig=3 (+0.45); deg_pct_diff=0.212 (+0.18),novel
432,CXCR4,OPC_GABA_like_tumor,IDH_Mutant,tumor,0.0,0.0,0.0,0.0,,,0.0,0.0,0.0,0.0,,0.0,3.0,0.0,0.0,0.0,0.0,0.0,0.0,,0.0,0.0,0.0,0.0,,44,0,1,1,2,6741,14114,1658,11741,1658,0,0.0,1,0,1.0,tumor,growth,"Rubin et al., PNAS 2003",1,0.28445508819467824,0.07246274648570236,cc_edges_total=44 (+1.93); deg_n_celltypes_sig=3 (+0.45); cc_is_ligand=0 (+0.29),literature tier 1 (label)
433,CD74,cycling_tumor,IDH_WT,tumor,1.0,-6.387483746847463,6.387483746847463,121.72889883276908,0.057,0.56,-0.503,-1.0,1.0,1.0,-5.927962019903013,1.0,5.0,0.0,7.0,0.0,7.0,0.0612864457630957,0.03553958875203499,0.0,1.0,4.0,0.0,7.0,-1.0,109,0,1,2,6,6410,814,5847,663,663,0,1.0,0,1,1.0,TAM_microglia,myeloid_bridge,"Ghoochani et al., Oncotarget 2016",0,0.28417198980084335,0.09132659993351752,cc_edges_total=109 (+0.57); deg_n_celltypes_sig=5 (+0.39); cc_is_ligand=0 (+0.34),"literature gene, other compartment"
434,KLRC2,T cell,IDH_Mutant,T_cell,0.0,0.0,0.0,0.0,,,0.0,0.0,0.0,0.0,,0.0,3.0,0.0,0.0,0.0,0.0,0.0,0.0,,0.0,0.0,0.0,0.0,,6,0,1,1,1,2662,1463,941,334,334,0,0.0,1,0,,,,,0,0.28411426250563343,0.06844044792540548,deg_n_celltypes_sig=3 (+0.42); cc_is_ligand=0 (+0.30); cc_edges_total=6 (+0.10),novel
435,ITGB8,cycling_tumor,IDH_Mutant,tumor,1.0,5.549588231393137,5.549588231393137,22.45225181148334,0.419,0.011,0.408,1.0,0.0,0.0,,0.0,2.0,0.0,1.0,1.0,0.0,0.0013090159462151,0.0013090159462151,0.0,1.0,1.0,0.0,1.0,1.0,3,0,1,1,2,6410,814,270,136,136,0,1.0,1,1,,,,,0,0.28406412268193815,0.07473913254728427,deg_log2fc=5.55 (+0.50); cc_is_ligand=0 (+0.27); deg_pct_diff=0.408 (+0.14),novel
436,DAG1,TAM1/TAM2/microglia,IDH_WT,TAM_microglia,0.0,0.0,0.0,0.0,,,0.0,0.0,0.0,0.0,,0.0,1.0,0.0,0.0,0.0,0.0,0.0,0.0,,0.0,0.0,0.0,0.0,,6,0,1,1,1,12086,25922,9696,2745,2745,0,0.0,0,0,,,,,0,0.28375678091031314,0.03187461803206634,cc_is_ligand=0 (+0.25); cc_n_cells_e1=1.21e+04 (+0.12); cc_edges_total=6 (+0.10),novel
437,PTGES2,OPC_GABA_like_tumor,IDH_WT,tumor,1.0,0.6897206684758025,0.6897206684758025,95.1186861057939,0.324,0.1,0.224,1.0,1.0,1.0,0.4487218261609763,1.0,2.0,0.0,0.0,0.0,0.0,0.0,0.0,,0.0,0.0,0.0,0.0,,1,1,0,1,1,6741,14114,5040,1935,1935,0,0.0,0,0,,,,,0,0.2836880074004643,0.14798676707600622,deg_log2fc=0.69 (+0.28); deg_pct_diff=0.224 (+0.15); deg_pct_e1=0.1 (+0.15),novel
438,KLRC2,OPC_GABA_like_tumor,IDH_WT,tumor,0.0,0.0,0.0,0.0,,,0.0,0.0,0.0,0.0,,0.0,0.0,0.0,6.0,6.0,0.0,0.0287367317117394,0.018077051350929785,0.0,1.0,4.0,5.0,6.0,1.0,6,0,1,1,1,6741,14114,5040,1935,1935,0,0.0,0,0,,,,,0,0.28353782619641194,0.09912142310979508,cc_cross_compartment_edges=5 (+0.40); cc_is_ligand=0 (+0.28); cc_edges_total=6 (+0.11),novel
439,CLDN11,AC_like_tumor,IDH_WT,tumor,0.0,0.0,0.0,0.0,,,0.0,0.0,0.0,0.0,,0.0,2.0,0.0,0.0,0.0,0.0,0.0,0.0,,0.0,0.0,0.0,0.0,,2,1,1,1,1,72549,446,64812,108,108,0,0.0,0,0,,,,,0,0.2829392828249285,0.21089239569252588,cc_edges_total=2 (+0.89); cc_n_cells_e1=7.25e+04 (+0.13); cc_n_celltypes_total=1 (+0.07),novel
440,FPR1,OPC_GABA_AC_like_tumor,IDH_Mutant,tumor,0.0,0.0,0.0,0.0,,,0.0,0.0,0.0,0.0,,0.0,2.0,0.0,0.0,0.0,0.0,0.0,0.0,,0.0,0.0,0.0,0.0,,10,0,1,1,1,6202,1012,352,742,352,0,0.0,1,0,,,,,0,0.28238180720265227,0.1095007616719609,cc_is_ligand=0 (+0.33); cc_n_cells_e1=6.2e+03 (+0.14); cc_n_cells_e2=1.01e+03 (+0.06),novel
441,MPZL1,AC_like_tumor,IDH_WT,tumor,0.0,0.0,0.0,0.0,,,0.0,0.0,0.0,0.0,,0.0,4.0,0.0,0.0,0.0,0.0,0.0,0.0,,0.0,0.0,0.0,0.0,,8,1,1,1,2,72549,446,64812,108,108,0,0.0,0,0,,,,,0,0.2819147371916366,0.044749559768792115,deg_n_celltypes_sig=4 (+0.58); cc_n_cells_e1=7.25e+04 (+0.15); cc_n_cells_e2=446 (+0.05),novel
442,SLITRK2,TAM1/TAM2/microglia,IDH_Mutant,TAM_microglia,0.0,0.0,0.0,0.0,,,0.0,0.0,0.0,0.0,,0.0,1.0,0.0,0.0,0.0,0.0,0.0,0.0,,0.0,0.0,0.0,0.0,,1,1,0,1,1,12086,25922,2106,21701,2106,0,0.0,1,0,,,,,0,0.28055565804672467,0.1393484310757862,cc_n_cells_e1=1.21e+04 (+0.12); cc_is_receptor=0 (+0.09); cc_n_celltypes_total=1 (+0.07),novel
443,PILRA,OPC_GABA_like_tumor,IDH_Mutant,tumor,0.0,0.0,0.0,0.0,,,0.0,0.0,0.0,0.0,,0.0,1.0,0.0,0.0,0.0,0.0,0.0,0.0,,0.0,0.0,0.0,0.0,,7,0,1,1,1,6741,14114,1658,11741,1658,0,0.0,1,0,,,,,0,0.2802450713820994,0.0399980491419767,cc_is_ligand=0 (+0.29); cc_n_cells_e1=6.74e+03 (+0.12); cc_n_celltypes_total=1 (+0.06),novel
444,HLA-E,OPC_GABA_like_tumor,IDH_WT,tumor,0.0,0.0,0.0,0.0,,,0.0,0.0,0.0,0.0,,0.0,3.0,0.0,0.0,0.0,0.0,0.0,0.0,,0.0,0.0,0.0,0.0,,6,1,0,1,4,6741,14114,5040,1935,1935,0,0.0,0,0,,,,,0,0.28018042544588156,0.09390014452703423,deg_n_celltypes_sig=3 (+0.54); cc_n_cells_e1=6.74e+03 (+0.15); deg_pooled_log2fc=nan (+0.04),novel
445,LRRTM3,OPC_GABA_AC_like_tumor,IDH_Mutant,tumor,0.0,0.0,0.0,0.0,,,0.0,0.0,0.0,0.0,,0.0,1.0,0.0,0.0,0.0,0.0,0.0,0.0,,0.0,0.0,0.0,0.0,,6,0,1,1,1,6202,1012,352,742,352,0,0.0,1,0,,,,,0,0.27993263201687835,0.10797146809599734,cc_is_ligand=0 (+0.30); cc_n_cells_e1=6.2e+03 (+0.13); cc_edges_total=6 (+0.10),novel
446,PCDHGC3,OPC_GABA_like_tumor,IDH_Mutant,tumor,1.0,-0.5413855275816069,0.5413855275816069,5.706887393118725,0.124,0.182,-0.057999999999999996,-1.0,1.0,0.0,0.5451015335846257,1.0,2.0,0.0,0.0,0.0,0.0,0.0,0.0,,0.0,0.0,0.0,0.0,,2,1,1,1,1,6741,14114,1658,11741,1658,0,-0.0,1,0,,,,,0,0.27942916955629304,0.14963110427398213,cc_edges_total=2 (+0.78); cc_n_cells_e1=6.74e+03 (+0.12); cc_n_celltypes_total=1 (+0.07),novel
447,C3,AC_like_tumor,IDH_WT,tumor,0.0,0.0,0.0,0.0,,,0.0,0.0,0.0,0.0,,0.0,2.0,0.0,0.0,0.0,0.0,0.0,0.0,,0.0,0.0,0.0,0.0,,6,1,0,1,1,72549,446,64812,108,108,0,0.0,0,0,,,,,0,0.27927547700475686,0.028936142423642727,cc_n_cells_e1=7.25e+04 (+0.14); cc_n_celltypes_total=1 (+0.07); cc_n_cells_e2=446 (+0.05),novel
448,HAVCR2,T cell,IDH_Mutant,T_cell,1.0,1.9362697654948275,1.9362697654948275,3.13850499040765,0.129,0.043,0.08600000000000001,1.0,0.0,0.0,,0.0,3.0,0.0,0.0,0.0,0.0,0.0,0.0,,0.0,0.0,0.0,0.0,,2,0,1,1,1,2662,1463,941,334,334,0,0.0,1,0,1.0,T_cell,immune_synapse,"Kim et al., Clin Cancer Res 2017",1,0.27878495987702057,0.027237947011101833,cc_edges_total=2 (+0.62); deg_log2fc=1.94 (+0.43); deg_n_celltypes_sig=3 (+0.38),literature tier 1 (label)
449,MIF,cycling_tumor,IDH_WT,tumor,0.0,0.0,0.0,0.0,,,0.0,0.0,0.0,0.0,,0.0,3.0,12.0,0.0,6.0,6.0,0.0917041673934359,0.03640828598905308,0.0,1.0,2.0,12.0,12.0,0.0,66,1,0,1,6,6410,814,5847,663,663,0,0.0,0,0,1.0,tumor,myeloid_bridge,"Ghoochani et al., Oncotarget 2016",1,0.27863951361738204,0.07875714091184428,cc_n_partners=2 (+1.12); cc_cross_compartment_edges=12 (+0.66); cc_edges_total=66 (+0.64),literature tier 1 (label)
450,C3,TAM1/TAM2/microglia,IDH_WT,TAM_microglia,1.0,0.9200044734354852,0.9200044734354852,195.78743316022954,0.808,0.543,0.265,1.0,0.0,0.0,0.6393895524981916,1.0,2.0,6.0,0.0,3.0,3.0,0.0977093082783739,0.04598645097470667,0.0,1.0,1.0,0.0,6.0,0.0,6,1,0,1,1,12086,25922,9696,2745,2745,0,0.0,0,1,,,,,0,0.27800044523235334,0.0325389574876591,deg_log2fc=0.92 (+0.46); deg_pct_diff=0.265 (+0.17); cc_n_cells_e1=1.21e+04 (+0.13),novel
451,PTPRD,TAM1/TAM2/microglia,IDH_WT,TAM_microglia,0.0,0.0,0.0,0.0,,,0.0,0.0,0.0,0.0,,0.0,3.0,0.0,0.0,0.0,0.0,0.0,0.0,,0.0,0.0,0.0,0.0,,1,0,1,1,1,12086,25922,9696,2745,2745,0,0.0,0,0,,,,,0,0.2770098802313784,0.10093577499408501,deg_n_celltypes_sig=3 (+0.49); cc_n_cells_e1=1.21e+04 (+0.13); cc_is_ligand=0 (+0.11),novel
452,GRIK2,TAM1/TAM2/microglia,IDH_Mutant,TAM_microglia,0.0,0.0,0.0,0.0,,,0.0,0.0,0.0,0.0,,0.0,3.0,0.0,0.0,0.0,0.0,0.0,0.0,,0.0,0.0,0.0,0.0,,6,0,1,1,2,12086,25922,2106,21701,2106,0,0.0,1,0,,,,,0,0.27642486639930136,0.04984698767534657,deg_n_celltypes_sig=3 (+0.48); cc_is_ligand=0 (+0.25); cc_n_cells_e1=1.21e+04 (+0.14),novel
453,LRRTM3,TAM1/TAM2/microglia,IDH_WT,TAM_microglia,0.0,0.0,0.0,0.0,,,0.0,0.0,0.0,0.0,,0.0,2.0,0.0,0.0,0.0,0.0,0.0,0.0,,0.0,0.0,0.0,0.0,,6,0,1,1,1,12086,25922,9696,2745,2745,0,0.0,0,0,,,,,0,0.27639099314937127,0.08613459962417035,cc_is_ligand=0 (+0.28); cc_n_cells_e1=1.21e+04 (+0.13); cc_edges_total=6 (+0.10),novel
454,LRRTM3,AC_like_tumor,IDH_Mutant,tumor,0.0,0.0,0.0,0.0,,,0.0,0.0,0.0,0.0,,0.0,1.0,0.0,0.0,0.0,0.0,0.0,0.0,,0.0,0.0,0.0,0.0,,6,0,1,1,1,72549,446,4249,283,283,0,0.0,1,0,,,,,0,0.2758323589104984,0.10902514374498208,cc_is_ligand=0 (+0.30); cc_n_cells_e1=7.25e+04 (+0.12); cc_edges_total=6 (+0.10),novel
455,PTPRC,OPC_GABA_AC_like_tumor,IDH_WT,tumor,0.0,0.0,0.0,0.0,,,0.0,0.0,0.0,0.0,,0.0,3.0,0.0,0.0,0.0,0.0,0.0,0.0,,0.0,0.0,0.0,0.0,,8,1,1,2,2,6202,1012,5384,171,171,0,0.0,0,0,,,,,0,0.2754567622531237,0.0979170420766598,deg_n_celltypes_sig=3 (+0.52); cc_n_cells_e1=6.2e+03 (+0.15); cc_n_cells_e2=1.01e+03 (+0.05),novel
456,GLS,OPC_GABA_AC_like_tumor,IDH_WT,tumor,0.0,0.0,0.0,0.0,,,0.0,0.0,0.0,0.0,,0.0,3.0,0.0,0.0,0.0,0.0,0.0,0.0,,0.0,0.0,0.0,0.0,,39,1,0,1,2,6202,1012,5384,171,171,0,0.0,0,0,,,,,0,0.2752100155484346,0.09203582865129724,deg_n_celltypes_sig=3 (+0.52); cc_n_cells_e1=6.2e+03 (+0.15); cc_n_cells_e2=1.01e+03 (+0.05),novel
457,PDGFB,TAM1/TAM2/microglia,IDH_Mutant,TAM_microglia,1.0,0.6381750604527303,0.6381750604527303,16.712892227312814,0.396,0.299,0.09700000000000003,1.0,1.0,1.0,1.5049818546076257,1.0,1.0,3.0,0.0,3.0,0.0,0.0135999473904176,0.009743488234454733,0.0,1.0,3.0,3.0,3.0,1.0,3,1,0,1,1,12086,25922,2106,21701,2106,0,1.0,1,1,,,,,0,0.2751435636279294,0.14743055537187894,cc_cross_compartment_edges=3 (+0.38); deg_log2fc=0.638 (+0.27); deg_pct_diff=0.097 (+0.18),novel
458,SORL1,cycling_tumor,IDH_WT,tumor,1.0,-2.466763379747383,2.466763379747383,2.297328495447522,0.084,0.151,-0.06699999999999999,-1.0,1.0,1.0,-2.2103367780249705,1.0,3.0,0.0,0.0,0.0,0.0,0.0,0.0,,0.0,0.0,0.0,0.0,,14,0,1,1,1,6410,814,5847,663,663,0,-0.0,0,0,,,,,0,0.27498284424968544,0.07376647955875437,deg_n_celltypes_sig=3 (+0.41); cc_is_ligand=0 (+0.34); cc_n_cells_e1=6.41e+03 (+0.12),novel
459,SLITRK2,cycling_tumor,IDH_WT,tumor,1.0,2.495374877771578,2.495374877771578,168.2567280558554,0.299,0.029,0.26999999999999996,1.0,1.0,1.0,2.4674687064605023,1.0,2.0,1.0,0.0,1.0,0.0,0.0011930593981233,0.0011930593981233,0.0,1.0,1.0,0.0,1.0,1.0,1,1,0,1,1,6410,814,5847,663,663,0,1.0,0,1,,,,,0,0.2745085202540952,0.08661594865186883,deg_log2fc=2.5 (+0.42); deg_pct_diff=0.27 (+0.15); deg_pct_e1=0.029 (+0.13),novel
460,GLS,AC_like_tumor,IDH_WT,tumor,0.0,0.0,0.0,0.0,,,0.0,0.0,0.0,0.0,,0.0,3.0,0.0,0.0,0.0,0.0,0.0,0.0,,0.0,0.0,0.0,0.0,,39,1,0,1,2,72549,446,64812,108,108,0,0.0,0,0,,,,,0,0.27329005284137176,0.09102403323677667,deg_n_celltypes_sig=3 (+0.52); cc_n_cells_e1=7.25e+04 (+0.15); cc_n_cells_e2=446 (+0.05),novel
461,PTPRC,AC_like_tumor,IDH_WT,tumor,0.0,0.0,0.0,0.0,,,0.0,0.0,0.0,0.0,,0.0,3.0,0.0,0.0,0.0,0.0,0.0,0.0,,0.0,0.0,0.0,0.0,,8,1,1,2,2,72549,446,64812,108,108,0,0.0,0,0,,,,,0,0.2729370301085428,0.09917559631287953,deg_n_celltypes_sig=3 (+0.52); cc_n_cells_e1=7.25e+04 (+0.15); cc_n_cells_e2=446 (+0.05),novel
462,LRP1,OPC_GABA_like_tumor,IDH_WT,tumor,1.0,-0.2986299695038781,0.2986299695038781,12.025838310554176,0.624,0.382,0.242,-1.0,1.0,0.0,-0.3970250506283217,1.0,2.0,0.0,2.0,1.0,1.0,0.0022437004159293,0.00209525130186495,0.0,1.0,1.0,0.0,2.0,0.0,7,0,1,1,4,6741,14114,5040,1935,1935,0,-0.0,0,1,,,,,0,0.27284690819520324,0.1053730247352875,cc_is_ligand=0 (+0.34); deg_pct_diff=0.242 (+0.14); cc_n_cells_e1=6.74e+03 (+0.13),novel
463,SDC3,OPC_GABA_AC_like_tumor,IDH_Mutant,tumor,0.0,0.0,0.0,0.0,,,0.0,0.0,0.0,0.0,,0.0,1.0,0.0,0.0,0.0,0.0,0.0,0.0,,0.0,0.0,0.0,0.0,,11,0,1,1,1,6202,1012,352,742,352,0,0.0,1,0,,,,,0,0.2723502426699732,0.0865998997479024,cc_is_ligand=0 (+0.30); cc_n_cells_e1=6.2e+03 (+0.13); cc_n_cells_e2=1.01e+03 (+0.06),novel
464,NOTCH1,OPC_GABA_AC_like_tumor,IDH_WT,tumor,0.0,0.0,0.0,0.0,,,0.0,0.0,0.0,0.0,,0.0,2.0,0.0,0.0,0.0,0.0,0.0,0.0,,0.0,0.0,0.0,0.0,,16,0,1,2,2,6202,1012,5384,171,171,0,0.0,0,0,2.0,tumor,growth,Notch pathway (pathway-level),0,0.2722498072314493,0.05824488699036437,cc_is_ligand=0 (+0.33); cc_n_cells_e1=6.2e+03 (+0.14); cc_n_cells_e2=1.01e+03 (+0.06),literature tier 2 (unlabeled)
465,SDC3,AC_like_tumor,IDH_Mutant,tumor,0.0,0.0,0.0,0.0,,,0.0,0.0,0.0,0.0,,0.0,1.0,0.0,0.0,0.0,0.0,0.0,0.0,,0.0,0.0,0.0,0.0,,11,0,1,1,1,72549,446,4249,283,283,0,0.0,1,0,,,,,0,0.2722165242937483,0.08707920753512732,cc_is_ligand=0 (+0.30); cc_n_cells_e1=7.25e+04 (+0.12); cc_n_cells_e2=446 (+0.06),novel
466,PTGES2,OPC_GABA_AC_like_tumor,IDH_Mutant,tumor,0.0,0.0,0.0,0.0,,,0.0,0.0,0.0,0.0,,0.0,2.0,0.0,0.0,0.0,0.0,0.0,0.0,,0.0,0.0,0.0,0.0,,1,1,0,1,1,6202,1012,352,742,352,0,0.0,1,0,,,,,0,0.2719820639787206,0.13328076353425752,cc_n_cells_e1=6.2e+03 (+0.13); cc_is_receptor=0 (+0.08); cc_n_celltypes_total=1 (+0.07),novel
467,MERTK,AC_like_tumor,IDH_Mutant,tumor,0.0,0.0,0.0,0.0,,,0.0,0.0,0.0,0.0,,0.0,2.0,0.0,0.0,0.0,0.0,0.0,0.0,,0.0,0.0,0.0,0.0,,1,0,1,1,1,72549,446,4249,283,283,0,0.0,1,0,,,,,0,0.2717759447105263,0.12047656409320393,cc_is_ligand=0 (+0.19); cc_n_cells_e1=7.25e+04 (+0.13); cc_n_celltypes_total=1 (+0.06),novel
468,KLRC2,OPC_GABA_AC_like_tumor,IDH_WT,tumor,0.0,0.0,0.0,0.0,,,0.0,0.0,0.0,0.0,,0.0,0.0,0.0,0.0,0.0,0.0,0.0,0.0,,0.0,0.0,0.0,0.0,,6,0,1,1,1,6202,1012,5384,171,171,0,0.0,0,0,,,,,0,0.27045501754875956,0.06642904375324676,cc_is_ligand=0 (+0.29); cc_n_cells_e1=6.2e+03 (+0.11); cc_edges_total=6 (+0.10),novel
469,TREM2,TAM1/TAM2/microglia,IDH_WT,TAM_microglia,1.0,0.4580206192774372,0.4580206192774372,64.2337844280178,0.777,0.571,0.20600000000000007,1.0,0.0,0.0,,0.0,2.0,0.0,38.0,19.0,19.0,0.2392234722575476,0.08750399753816233,0.03,2.0,7.0,34.0,38.0,0.0,57,0,1,2,2,12086,25922,9696,2745,2745,0,0.0,0,1,2.0,TAM_microglia,myeloid_bridge,TAM marker (pathway-level),0,0.2693823451925929,0.11651799136015994,cc_edges_total=57 (+0.60); cc_cross_compartment_edges=34 (+0.59); cc_is_ligand=0 (+0.24),literature tier 2 (unlabeled)
470,HAVCR2,TAM1/TAM2/microglia,IDH_WT,TAM_microglia,1.0,0.9651001381198132,0.9651001381198132,108.82802450474641,0.546,0.331,0.21500000000000002,1.0,1.0,1.0,1.1433285772866246,1.0,1.0,0.0,2.0,1.0,1.0,0.0101934918944621,0.00658942667833445,0.0,1.0,1.0,0.0,2.0,0.0,2,0,1,1,1,12086,25922,9696,2745,2745,0,0.0,0,1,1.0,T_cell,immune_synapse,"Kim et al., Clin Cancer Res 2017",0,0.268904316329837,0.06192420819027556,cc_edges_total=2 (+0.52); deg_log2fc=0.965 (+0.39); deg_pct_diff=0.215 (+0.13),"literature gene, other compartment"
471,CLSTN1,OPC_GABA_AC_like_tumor,IDH_Mutant,tumor,0.0,0.0,0.0,0.0,,,0.0,0.0,0.0,0.0,,0.0,1.0,0.0,0.0,0.0,0.0,0.0,0.0,,0.0,0.0,0.0,0.0,,12,0,1,1,2,6202,1012,352,742,352,0,0.0,1,0,,,,,0,0.268444165222306,0.0704079050189348,cc_is_ligand=0 (+0.30); cc_n_cells_e1=6.2e+03 (+0.13); cc_n_cells_e2=1.01e+03 (+0.06),novel
472,C3AR1,TAM1/TAM2/microglia,IDH_Mutant,TAM_microglia,1.0,0.893722014349404,0.893722014349404,107.45626348949514,0.745,0.589,0.15600000000000003,1.0,1.0,1.0,1.4998452390535073,1.0,2.0,0.0,4.0,2.0,2.0,0.0977093082783739,0.05098393546440895,0.0,1.0,1.0,0.0,4.0,0.0,4,0,1,1,1,12086,25922,2106,21701,2106,0,0.0,1,1,,,,,0,0.26821955565357236,0.06490805746077268,deg_log2fc=0.894 (+0.44); cc_is_ligand=0 (+0.21); deg_pct_diff=0.156 (+0.16),novel
473,PTGES2,OPC_GABA_AC_like_tumor,IDH_WT,tumor,0.0,0.0,0.0,0.0,,,0.0,0.0,0.0,0.0,,0.0,2.0,0.0,0.0,0.0,0.0,0.0,0.0,,0.0,0.0,0.0,0.0,,1,1,0,1,1,6202,1012,5384,171,171,0,0.0,0,0,,,,,0,0.26793796295924305,0.13191486345374348,cc_n_cells_e1=6.2e+03 (+0.13); cc_is_receptor=0 (+0.08); cc_n_celltypes_total=1 (+0.07),novel
474,MERTK,cycling_tumor,IDH_Mutant,tumor,0.0,0.0,0.0,0.0,,,0.0,0.0,0.0,0.0,,0.0,2.0,0.0,0.0,0.0,0.0,0.0,0.0,,0.0,0.0,0.0,0.0,,1,0,1,1,1,6410,814,270,136,136,0,0.0,1,0,,,,,0,0.2677778857862767,0.11906983383015393,cc_is_ligand=0 (+0.19); cc_n_cells_e1=6.41e+03 (+0.13); cc_n_celltypes_total=1 (+0.06),novel
475,NOTCH1,cycling_tumor,IDH_WT,tumor,1.0,2.186278539926624,2.186278539926624,186.2528481982885,0.383,0.046,0.337,1.0,0.0,0.0,2.0468222299775896,1.0,2.0,0.0,8.0,8.0,0.0,0.0102880806075418,0.004045192693051016,0.0,2.0,4.0,0.0,8.0,1.0,16,0,1,2,2,6410,814,5847,663,663,0,1.0,0,1,2.0,tumor,growth,Notch pathway (pathway-level),0,0.2676752665149311,0.16390614947024287,deg_log2fc=2.19 (+0.55); cc_is_ligand=0 (+0.35); deg_pct_e1=0.046 (+0.14),literature tier 2 (unlabeled)
476,DLL3,OPC_GABA_like_tumor,IDH_Mutant,tumor,1.0,2.934704346904793,2.934704346904793,300.0,0.769,0.133,0.636,1.0,1.0,1.0,4.047193945889483,1.0,4.0,2.0,0.0,2.0,0.0,0.0102880806075418,0.00926053756614685,0.0,1.0,2.0,0.0,2.0,1.0,8,1,0,1,4,6741,14114,1658,11741,1658,0,1.0,1,1,1.0,tumor,growth,"Spino et al., Clin Cancer Res 2019 (IDH-mutant glioma)",1,0.26764180772942636,0.12726505646566483,cc_n_partners=2 (+1.21); deg_n_celltypes_sig=4 (+0.67); deg_log2fc=2.93 (+0.65),literature tier 1 (label)
477,GPR37L1,OPC_GABA_like_tumor,IDH_WT,tumor,0.0,0.0,0.0,0.0,,,0.0,0.0,0.0,0.0,,0.0,0.0,0.0,9.0,9.0,0.0,0.0103328573239385,0.0037123086690787114,0.0,1.0,5.0,3.0,9.0,1.0,9,0,1,1,1,6741,14114,5040,1935,1935,0,0.0,0,0,,,,,0,0.2675446013061856,0.11408373004791807,cc_cross_compartment_edges=3 (+0.33); cc_is_ligand=0 (+0.28); cc_n_cells_e1=6.74e+03 (+0.10),novel
478,CNTN1,OPC_GABA_like_tumor,IDH_WT,tumor,1.0,2.582221557836003,2.582221557836003,300.0,0.575,0.089,0.486,1.0,1.0,0.0,0.7700451578531753,1.0,4.0,8.0,0.0,8.0,0.0,0.0122804136302003,0.00413992983265115,0.0,1.0,4.0,0.0,8.0,1.0,16,1,0,1,2,6741,14114,5040,1935,1935,0,1.0,0,1,2.0,tumor,neuron_tumor,Synaptic adhesion (pathway-level),0,0.26626350518947767,0.07737608504686319,deg_n_celltypes_sig=4 (+0.79); deg_log2fc=2.58 (+0.57); deg_pct_diff=0.486 (+0.21),literature tier 2 (unlabeled)
479,CLSTN1,AC_like_tumor,IDH_Mutant,tumor,0.0,0.0,0.0,0.0,,,0.0,0.0,0.0,0.0,,0.0,1.0,0.0,0.0,0.0,0.0,0.0,0.0,,0.0,0.0,0.0,0.0,,12,0,1,1,2,72549,446,4249,283,283,0,0.0,1,0,,,,,0,0.26597234007527104,0.07270165037621751,cc_is_ligand=0 (+0.30); cc_n_cells_e1=7.25e+04 (+0.13); cc_n_cells_e2=446 (+0.06),novel
480,ITGB1,OPC_GABA_AC_like_tumor,IDH_WT,tumor,0.0,0.0,0.0,0.0,,,0.0,0.0,0.0,0.0,,0.0,2.0,0.0,0.0,0.0,0.0,0.0,0.0,,0.0,0.0,0.0,0.0,,36,0,1,2,3,6202,1012,5384,171,171,0,0.0,0,0,,,,,0,0.265939550780496,0.09040541170746988,cc_is_ligand=0 (+0.33); cc_n_cells_e1=6.2e+03 (+0.14); cc_n_cells_e2=1.01e+03 (+0.06),novel
481,DLL3,OPC_GABA_AC_like_tumor,IDH_Mutant,tumor,1.0,1.6916183380530057,1.6916183380530057,17.69848372220046,0.567,0.247,0.31999999999999995,1.0,1.0,1.0,3.733594881806671,1.0,4.0,2.0,0.0,2.0,0.0,0.0089272829550743,0.0080346715704097,0.0,1.0,2.0,0.0,2.0,1.0,8,1,0,1,4,6202,1012,352,742,352,0,1.0,1,1,1.0,tumor,growth,"Spino et al., Clin Cancer Res 2019 (IDH-mutant glioma)",1,0.26590094234686334,0.13327934995112964,cc_n_partners=2 (+1.22); deg_n_celltypes_sig=4 (+0.66); deg_log2fc=1.69 (+0.65),literature tier 1 (label)
482,MERTK,OPC_GABA_AC_like_tumor,IDH_Mutant,tumor,0.0,0.0,0.0,0.0,,,0.0,0.0,0.0,0.0,,0.0,2.0,0.0,0.0,0.0,0.0,0.0,0.0,,0.0,0.0,0.0,0.0,,1,0,1,1,1,6202,1012,352,742,352,0,0.0,1,0,,,,,0,0.2653220779118207,0.11347683595172682,cc_is_ligand=0 (+0.19); cc_n_cells_e1=6.2e+03 (+0.13); cc_n_celltypes_total=1 (+0.06),novel
483,CD99,TAM1/TAM2/microglia,IDH_WT,TAM_microglia,0.0,0.0,0.0,0.0,,,0.0,0.0,0.0,0.0,,0.0,1.0,16.0,12.0,16.0,12.0,0.0335568293583414,0.010434864974017268,0.03,1.0,4.0,18.0,28.0,0.14285714285714285,86,1,1,1,4,12086,25922,9696,2745,2745,0,0.0,0,0,2.0,tumor,immune_synapse,Glioma invasion marker (limited functional data),0,0.26518099181933136,0.10744619286366451,cc_edges_total=86 (+0.67); cc_cross_compartment_edges=18 (+0.61); cc_n_cells_e1=1.21e+04 (+0.12),"literature gene, other compartment"
484,SPP1,TAM1/TAM2/microglia,IDH_Mutant,TAM_microglia,1.0,0.9724987470856216,0.9724987470856216,228.2688017447793,0.896,0.63,0.266,1.0,0.0,0.0,-0.8376686343080255,1.0,4.0,10.0,0.0,5.0,5.0,0.0600743503220592,0.03767848687725736,0.0,1.0,4.0,8.0,10.0,0.0,55,1,0,1,7,12086,25922,2106,21701,2106,0,0.0,1,1,1.0,TAM_microglia,myeloid_bridge,"Wei et al., J Clin Invest 2019",1,0.26492806981237615,0.0941289072479637,deg_n_celltypes_sig=4 (+0.70); cc_cross_compartment_edges=8 (+0.64); deg_log2fc=0.972 (+0.49),literature tier 1 (label)
485,FPR1,OPC_GABA_like_tumor,IDH_Mutant,tumor,0.0,0.0,0.0,0.0,,,0.0,0.0,0.0,0.0,,0.0,2.0,0.0,0.0,0.0,0.0,0.0,0.0,,0.0,0.0,0.0,0.0,,10,0,1,1,1,6741,14114,1658,11741,1658,0,0.0,1,0,,,,,0,0.26427746030480054,0.1044121548259862,cc_is_ligand=0 (+0.31); cc_n_cells_e1=6.74e+03 (+0.13); cc_n_celltypes_total=1 (+0.06),novel
486,KLRC2,AC_like_tumor,IDH_WT,tumor,0.0,0.0,0.0,0.0,,,0.0,0.0,0.0,0.0,,0.0,0.0,0.0,0.0,0.0,0.0,0.0,0.0,,0.0,0.0,0.0,0.0,,6,0,1,1,1,72549,446,64812,108,108,0,0.0,0,0,,,,,0,0.26414647708866645,0.0704093859885456,cc_is_ligand=0 (+0.29); cc_n_cells_e1=7.25e+04 (+0.11); cc_edges_total=6 (+0.10),novel
487,CD4,TAM1/TAM2/microglia,IDH_WT,TAM_microglia,1.0,0.4949366086264276,0.4949366086264276,32.26112882942621,0.344,0.221,0.12299999999999997,1.0,0.0,0.0,0.5416554649180666,1.0,1.0,0.0,88.0,44.0,44.0,0.0431531889546866,0.007870965558880417,0.0,1.0,7.0,52.0,88.0,0.0,88,0,1,1,1,12086,25922,9696,2745,2745,0,0.0,0,1,2.0,T_cell,immune_synapse,MHC-II co-receptor (pathway-level),0,0.2638956682350592,0.09225656206401114,cc_edges_total=88 (+0.60); cc_cross_compartment_edges=52 (+0.58); cc_is_ligand=0 (+0.22),"literature gene, other compartment"
488,CD44,TAM1/TAM2/microglia,IDH_WT,TAM_microglia,1.0,-1.2385395206382168,1.2385395206382168,40.20401467498641,0.15,0.275,-0.12500000000000003,-1.0,0.0,0.0,-3.14422938584434,1.0,4.0,0.0,0.0,0.0,0.0,0.0,0.0,,0.0,0.0,0.0,0.0,,48,0,1,4,1,12086,25922,9696,2745,2745,0,-0.0,0,0,1.0,tumor,myeloid_bridge,"Pietras et al., Cell Stem Cell 2014",0,0.2633560534125336,0.054778357440876065,cc_edges_total=48 (+1.92); cc_n_pathways_total=4 (+0.50); deg_n_celltypes_sig=4 (+0.34),"literature gene, other compartment"
489,GAS6,T cell,IDH_Mutant,T_cell,0.0,0.0,0.0,0.0,,,0.0,0.0,0.0,0.0,,0.0,2.0,0.0,0.0,0.0,0.0,0.0,0.0,,0.0,0.0,0.0,0.0,,2,1,0,1,1,2662,1463,941,334,334,0,0.0,1,0,,,,,0,0.2633024174650481,0.12839062908860038,cc_edges_total=2 (+1.07); cc_n_celltypes_total=1 (+0.09); cc_is_receptor=0 (+0.08),novel
490,NOTCH1,AC_like_tumor,IDH_WT,tumor,0.0,0.0,0.0,0.0,,,0.0,0.0,0.0,0.0,,0.0,2.0,0.0,0.0,0.0,0.0,0.0,0.0,,0.0,0.0,0.0,0.0,,16,0,1,2,2,72549,446,64812,108,108,0,0.0,0,0,2.0,tumor,growth,Notch pathway (pathway-level),0,0.2630542408327602,0.05091207090923222,cc_is_ligand=0 (+0.33); cc_n_cells_e1=7.25e+04 (+0.14); cc_n_cells_e2=446 (+0.06),literature tier 2 (unlabeled)
491,PILRA,OPC_GABA_AC_like_tumor,IDH_WT,tumor,0.0,0.0,0.0,0.0,,,0.0,0.0,0.0,0.0,,0.0,0.0,0.0,0.0,0.0,0.0,0.0,0.0,,0.0,0.0,0.0,0.0,,7,0,1,1,1,6202,1012,5384,171,171,0,0.0,0,0,,,,,0,0.2629473259570962,0.035763011535715115,cc_is_ligand=0 (+0.29); cc_n_cells_e1=6.2e+03 (+0.11); cc_n_cells_e2=1.01e+03 (+0.06),novel
492,PTN,T cell,IDH_Mutant,T_cell,0.0,0.0,0.0,0.0,,,0.0,0.0,0.0,0.0,,0.0,1.0,2.0,0.0,2.0,0.0,0.0410665978377485,0.0213998994445401,0.0,1.0,2.0,2.0,2.0,1.0,137,1,0,1,7,2662,1463,941,334,334,0,0.0,1,0,1.0,TAM_microglia,myeloid_bridge,"Shi et al., Cell Stem Cell 2017",0,0.26246260712816716,0.11911631938252966,cc_n_partners=2 (+1.09); cc_edges_total=137 (+0.63); cc_cross_compartment_edges=2 (+0.57),"literature gene, other compartment"
493,GPR37L1,OPC_GABA_AC_like_tumor,IDH_WT,tumor,0.0,0.0,0.0,0.0,,,0.0,0.0,0.0,0.0,,0.0,0.0,0.0,0.0,0.0,0.0,0.0,0.0,,0.0,0.0,0.0,0.0,,9,0,1,1,1,6202,1012,5384,171,171,0,0.0,0,0,,,,,0,0.26228889752723666,0.02499868211968081,cc_is_ligand=0 (+0.29); cc_n_cells_e1=6.2e+03 (+0.11); cc_n_cells_e2=1.01e+03 (+0.06),novel
494,JAM2,OPC_GABA_AC_like_tumor,IDH_WT,tumor,0.0,0.0,0.0,0.0,,,0.0,0.0,0.0,0.0,,0.0,2.0,0.0,0.0,0.0,0.0,0.0,0.0,,0.0,0.0,0.0,0.0,,6,1,1,1,1,6202,1012,5384,171,171,0,0.0,0,0,,,,,0,0.2622770186284372,0.0866111908506058,cc_n_cells_e1=6.2e+03 (+0.14); cc_n_celltypes_total=1 (+0.07); cc_n_cells_e2=1.01e+03 (+0.05),novel
495,CD74,AC_like_tumor,IDH_WT,tumor,1.0,-2.534226072156967,2.534226072156967,2.836070694942039,0.157,0.389,-0.232,-1.0,0.0,0.0,-1.6785643130973755,1.0,5.0,0.0,6.0,0.0,6.0,0.0223694210384319,0.013996717026047665,0.04,1.0,4.0,0.0,6.0,-1.0,109,0,1,2,6,72549,446,64812,108,108,0,1.0,0,1,1.0,TAM_microglia,myeloid_bridge,"Ghoochani et al., Oncotarget 2016",0,0.2612163572624078,0.10083662182787992,cc_edges_total=109 (+0.57); deg_n_celltypes_sig=5 (+0.39); cc_is_ligand=0 (+0.34),"literature gene, other compartment"
496,CLSTN1,cycling_tumor,IDH_WT,tumor,1.0,0.3741938401972891,0.3741938401972891,42.137859847371836,0.314,0.101,0.213,1.0,0.0,0.0,0.3377777166282039,1.0,2.0,0.0,6.0,6.0,0.0,0.0084269247922976,0.002734139854995377,0.0,1.0,4.0,0.0,6.0,1.0,12,0,1,1,2,6410,814,5847,663,663,0,1.0,0,1,,,,,0,0.261008771946945,0.09939488176390035,cc_is_ligand=0 (+0.34); deg_pct_e1=0.101 (+0.14); deg_pct_diff=0.213 (+0.14),novel
497,PTGES2,AC_like_tumor,IDH_WT,tumor,0.0,0.0,0.0,0.0,,,0.0,0.0,0.0,0.0,,0.0,2.0,0.0,0.0,0.0,0.0,0.0,0.0,,0.0,0.0,0.0,0.0,,1,1,0,1,1,72549,446,64812,108,108,0,0.0,0,0,,,,,0,0.2600622678597082,0.12982919228430453,cc_n_cells_e1=7.25e+04 (+0.13); cc_is_receptor=0 (+0.08); cc_n_celltypes_total=1 (+0.07),novel
498,JAM2,AC_like_tumor,IDH_Mutant,tumor,0.0,0.0,0.0,0.0,,,0.0,0.0,0.0,0.0,,0.0,2.0,0.0,0.0,0.0,0.0,0.0,0.0,,0.0,0.0,0.0,0.0,,6,1,1,1,1,72549,446,4249,283,283,0,0.0,1,0,,,,,0,0.25952518565727734,0.085931270324142,cc_n_cells_e1=7.25e+04 (+0.14); cc_n_celltypes_total=1 (+0.07); cc_n_cells_e2=446 (+0.05),novel
499,GRN,AC_like_tumor,IDH_Mutant,tumor,0.0,0.0,0.0,0.0,,,0.0,0.0,0.0,0.0,,0.0,3.0,0.0,0.0,0.0,0.0,0.0,0.0,,0.0,0.0,0.0,0.0,,3,1,0,1,2,72549,446,4249,283,283,0,0.0,1,0,,,,,0,0.25944768571183796,0.037864649921223355,deg_n_celltypes_sig=3 (+0.50); cc_n_cells_e1=7.25e+04 (+0.14); cc_n_cells_e2=446 (+0.04),novel
500,HLA-DPB1,AC_like_tumor,IDH_Mutant,tumor,0.0,0.0,0.0,0.0,,,0.0,0.0,0.0,0.0,,0.0,5.0,2.0,0.0,0.0,2.0,0.0056623552726468,0.0030688153298774434,0.0,1.0,1.0,2.0,2.0,-1.0,14,1,0,1,5,72549,446,4249,283,283,0,-0.0,1,0,,,,,0,0.25785467915308996,0.07465628047537458,deg_n_celltypes_sig=5 (+0.44); cc_cross_compartment_edges=2 (+0.35); cc_n_cells_e1=7.25e+04 (+0.15),novel
501,SORL1,T cell,IDH_WT,T_cell,0.0,0.0,0.0,0.0,,,0.0,0.0,0.0,0.0,,0.0,3.0,0.0,0.0,0.0,0.0,0.0,0.0,,0.0,0.0,0.0,0.0,,14,0,1,1,1,2662,1463,1681,1118,1118,0,0.0,0,0,,,,,0,0.2572594770103084,0.07347856156616431,deg_n_celltypes_sig=3 (+0.42); cc_is_ligand=0 (+0.30); cc_n_celltypes_total=1 (+0.06),novel
502,SLITRK2,TAM1/TAM2/microglia,IDH_WT,TAM_microglia,0.0,0.0,0.0,0.0,,,0.0,0.0,0.0,0.0,,0.0,2.0,0.0,0.0,0.0,0.0,0.0,0.0,,0.0,0.0,0.0,0.0,,1,1,0,1,1,12086,25922,9696,2745,2745,0,0.0,0,0,,,,,0,0.25671296320691706,0.13499304720072547,cc_n_cells_e1=1.21e+04 (+0.13); cc_is_receptor=0 (+0.09); cc_n_celltypes_total=1 (+0.06),novel
503,KLRC2,cycling_tumor,IDH_WT,tumor,0.0,0.0,0.0,0.0,,,0.0,0.0,0.0,0.0,,0.0,0.0,0.0,0.0,0.0,0.0,0.0,0.0,,0.0,0.0,0.0,0.0,,6,0,1,1,1,6410,814,5847,663,663,0,0.0,0,0,,,,,0,0.256523204704037,0.06988723018874474,cc_is_ligand=0 (+0.29); cc_n_cells_e1=6.41e+03 (+0.11); cc_edges_total=6 (+0.10),novel
504,NLGN1,OPC_GABA_AC_like_tumor,IDH_WT,tumor,0.0,0.0,0.0,0.0,,,0.0,0.0,0.0,0.0,,0.0,2.0,0.0,0.0,0.0,0.0,0.0,0.0,,0.0,0.0,0.0,0.0,,18,0,1,1,3,6202,1012,5384,171,171,0,0.0,0,0,2.0,tumor,neuron_tumor,Neuroligin family (pathway-level),0,0.25626521959749793,0.044840776245375996,cc_is_ligand=0 (+0.33); cc_n_cells_e1=6.2e+03 (+0.14); cc_n_cells_e2=1.01e+03 (+0.06),literature tier 2 (unlabeled)
505,GRIA3,OPC_GABA_AC_like_tumor,IDH_Mutant,tumor,0.0,0.0,0.0,0.0,,,0.0,0.0,0.0,0.0,,0.0,2.0,0.0,0.0,0.0,0.0,0.0,0.0,,0.0,0.0,0.0,0.0,,6,0,1,1,2,6202,1012,352,742,352,0,0.0,1,0,2.0,tumor,neuron_tumor,"AMPAR subunit family; Venkatesh et al., Nature 2019",0,0.2562645040591186,0.12748366576185355,cc_is_ligand=0 (+0.33); cc_n_cells_e1=6.2e+03 (+0.14); cc_edges_total=6 (+0.10),literature tier 2 (unlabeled)
506,ITGB1,OPC_GABA_like_tumor,IDH_WT,tumor,1.0,0.4100098388857025,0.4100098388857025,88.859551487124,0.447,0.175,0.272,1.0,1.0,1.0,,0.0,2.0,0.0,12.0,12.0,0.0,0.0204651750303783,0.00902374051798539,0.0,2.0,7.0,5.0,12.0,1.0,36,0,1,2,3,6741,14114,5040,1935,1935,0,1.0,0,1,,,,,0,0.255989727022953,0.07313230189327935,cc_cross_compartment_edges=5 (+0.42); cc_is_ligand=0 (+0.30); deg_pct_diff=0.272 (+0.14),novel
507,GPR37L1,AC_like_tumor,IDH_WT,tumor,0.0,0.0,0.0,0.0,,,0.0,0.0,0.0,0.0,,0.0,0.0,0.0,0.0,0.0,0.0,0.0,0.0,,0.0,0.0,0.0,0.0,,9,0,1,1,1,72549,446,64812,108,108,0,0.0,0,0,,,,,0,0.2558199540840178,0.027414485609026998,cc_is_ligand=0 (+0.29); cc_n_cells_e1=7.25e+04 (+0.11); cc_n_cells_e2=446 (+0.06),novel
508,SORL1,T cell,IDH_Mutant,T_cell,0.0,0.0,0.0,0.0,,,0.0,0.0,0.0,0.0,,0.0,3.0,0.0,0.0,0.0,0.0,0.0,0.0,,0.0,0.0,0.0,0.0,,14,0,1,1,1,2662,1463,941,334,334,0,0.0,1,0,,,,,0,0.2556871247556168,0.07565423411689576,deg_n_celltypes_sig=3 (+0.42); cc_is_ligand=0 (+0.30); cc_n_celltypes_total=1 (+0.06),novel
509,DLL3,AC_like_tumor,IDH_WT,tumor,1.0,4.882733549903664,4.882733549903664,75.67565799261446,0.222,0.013,0.209,1.0,1.0,1.0,5.406757172021811,1.0,4.0,2.0,0.0,2.0,0.0,0.0036567591714335,0.0032895772168579,0.0,1.0,2.0,0.0,2.0,1.0,8,1,0,1,4,72549,446,64812,108,108,0,1.0,0,1,1.0,tumor,growth,"Spino et al., Clin Cancer Res 2019 (IDH-mutant glioma)",1,0.2556355566230237,0.11194374438174219,cc_n_partners=2 (+1.18); deg_n_celltypes_sig=4 (+0.68); deg_log2fc=4.88 (+0.67),literature tier 1 (label)
510,CD99,T cell,IDH_Mutant,T_cell,0.0,0.0,0.0,0.0,,,0.0,0.0,0.0,0.0,,0.0,3.0,18.0,14.0,16.0,16.0,0.0173369733225027,0.0069529135025373345,0.01,1.0,4.0,24.0,32.0,0.0,86,1,1,1,4,2662,1463,941,334,334,0,0.0,1,0,2.0,tumor,immune_synapse,Glioma invasion marker (limited functional data),0,0.25555529526258436,0.08009241449401233,cc_cross_compartment_edges=24 (+0.60); cc_edges_total=86 (+0.59); deg_n_celltypes_sig=3 (+0.53),"literature gene, other compartment"
511,ITGB1,AC_like_tumor,IDH_WT,tumor,0.0,0.0,0.0,0.0,,,0.0,0.0,0.0,0.0,,0.0,2.0,0.0,0.0,0.0,0.0,0.0,0.0,,0.0,0.0,0.0,0.0,,36,0,1,2,3,72549,446,64812,108,108,0,0.0,0,0,,,,,0,0.25498632448154523,0.08821988064991361,cc_is_ligand=0 (+0.33); cc_n_cells_e1=7.25e+04 (+0.14); cc_n_cells_e2=446 (+0.06),novel
512,C3,OPC_GABA_like_tumor,IDH_Mutant,tumor,0.0,0.0,0.0,0.0,,,0.0,0.0,0.0,0.0,,0.0,2.0,0.0,0.0,0.0,0.0,0.0,0.0,,0.0,0.0,0.0,0.0,,6,1,0,1,1,6741,14114,1658,11741,1658,0,0.0,1,0,,,,,0,0.254674149909225,0.03229232319027672,cc_n_cells_e1=6.74e+03 (+0.14); cc_n_celltypes_total=1 (+0.07); cc_edges_e2=0 (+0.04),novel
513,TNFRSF1B,TAM1/TAM2/microglia,IDH_Mutant,TAM_microglia,1.0,0.4559028803841813,0.4559028803841813,14.137941532261937,0.478,0.388,0.08999999999999997,1.0,1.0,1.0,0.6814223135822395,1.0,1.0,0.0,2.0,1.0,1.0,0.0066747111237441,0.005640853623166599,0.0,1.0,1.0,0.0,2.0,0.0,2,0,1,1,1,12086,25922,2106,21701,2106,0,0.0,1,1,,,,,0,0.25448523555367986,0.04639209063480322,cc_edges_total=2 (+0.64); deg_log2fc=0.456 (+0.18); deg_pct_diff=0.09 (+0.14),novel
514,TNFRSF1B,TAM1/TAM2/microglia,IDH_WT,TAM_microglia,1.0,0.4711961123327896,0.4711961123327896,29.512725596677058,0.423,0.294,0.129,1.0,1.0,1.0,0.6814223135822395,1.0,1.0,0.0,2.0,1.0,1.0,0.0066747111237441,0.005640853623166599,0.0,1.0,1.0,0.0,2.0,0.0,2,0,1,1,1,12086,25922,9696,2745,2745,0,0.0,0,1,,,,,0,0.25427556720354544,0.0391871246035548,cc_edges_total=2 (+0.64); deg_log2fc=0.471 (+0.18); deg_pct_diff=0.129 (+0.15),novel
515,DLL3,cycling_tumor,IDH_WT,tumor,1.0,5.320873161724935,5.320873161724935,300.0,0.587,0.016,0.571,1.0,1.0,1.0,5.0483654431734255,1.0,4.0,2.0,0.0,2.0,0.0,0.0053419001169697,0.00480623530933965,0.0,1.0,2.0,0.0,2.0,1.0,8,1,0,1,4,6410,814,5847,663,663,0,1.0,0,1,1.0,tumor,growth,"Spino et al., Clin Cancer Res 2019 (IDH-mutant glioma)",1,0.2535445826874577,0.11293818867086293,cc_n_partners=2 (+1.19); deg_n_celltypes_sig=4 (+0.68); deg_log2fc=5.32 (+0.68),literature tier 1 (label)
516,PILRA,AC_like_tumor,IDH_WT,tumor,0.0,0.0,0.0,0.0,,,0.0,0.0,0.0,0.0,,0.0,0.0,0.0,0.0,0.0,0.0,0.0,0.0,,0.0,0.0,0.0,0.0,,7,0,1,1,1,72549,446,64812,108,108,0,0.0,0,0,,,,,0,0.2533283704444794,0.038339813326990595,cc_is_ligand=0 (+0.29); cc_n_cells_e1=7.25e+04 (+0.11); cc_n_cells_e2=446 (+0.06),novel
517,JAM2,AC_like_tumor,IDH_WT,tumor,0.0,0.0,0.0,0.0,,,0.0,0.0,0.0,0.0,,0.0,2.0,0.0,0.0,0.0,0.0,0.0,0.0,,0.0,0.0,0.0,0.0,,6,1,1,1,1,72549,446,64812,108,108,0,0.0,0,0,,,,,0,0.2531934174469833,0.08079595489256403,cc_n_cells_e1=7.25e+04 (+0.14); cc_n_celltypes_total=1 (+0.07); cc_n_cells_e2=446 (+0.05),novel
518,GRN,OPC_GABA_AC_like_tumor,IDH_Mutant,tumor,0.0,0.0,0.0,0.0,,,0.0,0.0,0.0,0.0,,0.0,3.0,0.0,0.0,0.0,0.0,0.0,0.0,,0.0,0.0,0.0,0.0,,3,1,0,1,2,6202,1012,352,742,352,0,0.0,1,0,,,,,0,0.25294657057652964,0.03819447131071946,deg_n_celltypes_sig=3 (+0.50); cc_n_cells_e1=6.2e+03 (+0.14); cc_n_cells_e2=1.01e+03 (+0.04),novel
519,CD44,AC_like_tumor,IDH_Mutant,tumor,0.0,0.0,0.0,0.0,,,0.0,0.0,0.0,0.0,,0.0,1.0,0.0,0.0,0.0,0.0,0.0,0.0,,0.0,0.0,0.0,0.0,,48,0,1,4,1,72549,446,4249,283,283,0,0.0,1,0,1.0,tumor,myeloid_bridge,"Pietras et al., Cell Stem Cell 2014",1,0.25189534086564275,0.06267061494267659,cc_edges_total=48 (+1.97); cc_n_pathways_total=4 (+0.51); cc_is_ligand=0 (+0.30),literature tier 1 (label)
520,C3,OPC_GABA_like_tumor,IDH_WT,tumor,0.0,0.0,0.0,0.0,,,0.0,0.0,0.0,0.0,,0.0,2.0,0.0,0.0,0.0,0.0,0.0,0.0,,0.0,0.0,0.0,0.0,,6,1,0,1,1,6741,14114,5040,1935,1935,0,0.0,0,0,,,,,0,0.251714375469336,0.032180914863377874,cc_n_cells_e1=6.74e+03 (+0.14); cc_n_celltypes_total=1 (+0.07); cc_edges_e2=0 (+0.04),novel
521,MIF,OPC_GABA_like_tumor,IDH_WT,tumor,1.0,0.5105359474324811,0.5105359474324811,99.86773086790213,0.726,0.335,0.39099999999999996,1.0,1.0,1.0,0.3824996223615886,1.0,3.0,12.0,0.0,6.0,6.0,0.07070325655545,0.027424934791117333,0.0,1.0,2.0,12.0,12.0,0.0,66,1,0,1,6,6741,14114,5040,1935,1935,0,0.0,0,1,1.0,tumor,myeloid_bridge,"Ghoochani et al., Oncotarget 2016",1,0.2514740305680302,0.07416626429139854,cc_n_partners=2 (+1.15); cc_cross_compartment_edges=12 (+0.69); deg_n_celltypes_sig=3 (+0.54),literature tier 1 (label)
522,PTPRC,OPC_GABA_like_tumor,IDH_WT,tumor,0.0,0.0,0.0,0.0,,,0.0,0.0,0.0,0.0,,0.0,3.0,0.0,0.0,0.0,0.0,0.0,0.0,,0.0,0.0,0.0,0.0,,8,1,1,2,2,6741,14114,5040,1935,1935,0,0.0,0,0,,,,,0,0.2510209175515243,0.08638159628767603,deg_n_celltypes_sig=3 (+0.52); cc_n_cells_e1=6.74e+03 (+0.15); deg_pooled_log2fc=nan (+0.04),novel
523,PTGES2,OPC_GABA_like_tumor,IDH_Mutant,tumor,1.0,0.5203070980984175,0.5203070980984175,4.752674253474743,0.214,0.153,0.061,1.0,1.0,1.0,0.4487218261609763,1.0,2.0,0.0,0.0,0.0,0.0,0.0,0.0,,0.0,0.0,0.0,0.0,,1,1,0,1,1,6741,14114,1658,11741,1658,0,0.0,1,0,,,,,0,0.2509514054313562,0.13805845870506564,deg_log2fc=0.52 (+0.21); cc_n_cells_e1=6.74e+03 (+0.12); cc_is_receptor=0 (+0.08),novel
524,JAM2,OPC_GABA_AC_like_tumor,IDH_Mutant,tumor,0.0,0.0,0.0,0.0,,,0.0,0.0,0.0,0.0,,0.0,2.0,0.0,0.0,0.0,0.0,0.0,0.0,,0.0,0.0,0.0,0.0,,6,1,1,1,1,6202,1012,352,742,352,0,0.0,1,0,,,,,0,0.2506915154348925,0.0811626189287692,cc_n_cells_e1=6.2e+03 (+0.14); cc_n_celltypes_total=1 (+0.07); cc_n_cells_e2=1.01e+03 (+0.05),novel
525,LRRTM2,TAM1/TAM2/microglia,IDH_Mutant,TAM_microglia,0.0,0.0,0.0,0.0,,,0.0,0.0,0.0,0.0,,0.0,3.0,0.0,0.0,0.0,0.0,0.0,0.0,,0.0,0.0,0.0,0.0,,12,0,1,1,2,12086,25922,2106,21701,2106,0,0.0,1,0,,,,,0,0.2506897578818153,0.04580098781806419,deg_n_celltypes_sig=3 (+0.48); cc_is_ligand=0 (+0.25); cc_n_cells_e1=1.21e+04 (+0.14),novel
526,NRXN1,OPC_GABA_like_tumor,IDH_WT,tumor,1.0,0.4389322273675187,0.4389322273675187,39.704888127724416,0.396,0.201,0.195,1.0,0.0,0.0,1.3470831036683468,1.0,2.0,20.0,0.0,10.0,10.0,0.0202156564962208,0.007657003490098835,0.0,1.0,3.0,0.0,20.0,0.0,50,1,0,1,4,6741,14114,5040,1935,1935,0,0.0,0,1,2.0,tumor,neuron_tumor,Presynaptic partner of NLGN3 (pathway-level),0,0.25023485793627726,0.13584718200671178,cc_edges_total=50 (+0.35); deg_log2fc=0.439 (+0.15); deg_pct_diff=0.195 (+0.13),literature tier 2 (unlabeled)
527,GRIK2,T cell,IDH_Mutant,T_cell,0.0,0.0,0.0,0.0,,,0.0,0.0,0.0,0.0,,0.0,3.0,0.0,0.0,0.0,0.0,0.0,0.0,,0.0,0.0,0.0,0.0,,6,0,1,1,2,2662,1463,941,334,334,0,0.0,1,0,,,,,0,0.24976284510571425,0.05461597636841434,deg_n_celltypes_sig=3 (+0.44); cc_is_ligand=0 (+0.30); cc_edges_total=6 (+0.09),novel
528,MERTK,OPC_GABA_AC_like_tumor,IDH_WT,tumor,0.0,0.0,0.0,0.0,,,0.0,0.0,0.0,0.0,,0.0,1.0,0.0,0.0,0.0,0.0,0.0,0.0,,0.0,0.0,0.0,0.0,,1,0,1,1,1,6202,1012,5384,171,171,0,0.0,0,0,,,,,0,0.24908327606706684,0.10435701804286512,cc_is_ligand=0 (+0.17); cc_n_cells_e1=6.2e+03 (+0.12); cc_n_celltypes_total=1 (+0.07),novel
529,GPR37L1,cycling_tumor,IDH_WT,tumor,0.0,0.0,0.0,0.0,,,0.0,0.0,0.0,0.0,,0.0,0.0,0.0,0.0,0.0,0.0,0.0,0.0,,0.0,0.0,0.0,0.0,,9,0,1,1,1,6410,814,5847,663,663,0,0.0,0,0,,,,,0,0.2488620487938599,0.026049594523539058,cc_is_ligand=0 (+0.29); cc_n_cells_e1=6.41e+03 (+0.11); cc_n_cells_e2=814 (+0.06),novel
530,PILRA,cycling_tumor,IDH_WT,tumor,0.0,0.0,0.0,0.0,,,0.0,0.0,0.0,0.0,,0.0,0.0,0.0,0.0,0.0,0.0,0.0,0.0,,0.0,0.0,0.0,0.0,,7,0,1,1,1,6410,814,5847,663,663,0,0.0,0,0,,,,,0,0.24830787126528633,0.03351701470255298,cc_is_ligand=0 (+0.29); cc_n_cells_e1=6.41e+03 (+0.11); cc_n_cells_e2=814 (+0.06),novel
531,CLSTN1,TAM1/TAM2/microglia,IDH_Mutant,TAM_microglia,1.0,0.562912599527329,0.562912599527329,4.935691868432048,0.132,0.084,0.048,1.0,1.0,1.0,0.6226957303874081,1.0,1.0,0.0,0.0,0.0,0.0,0.0,0.0,,0.0,0.0,0.0,0.0,,12,0,1,1,2,12086,25922,2106,21701,2106,0,0.0,1,0,,,,,0,0.24715096517613802,0.09205671998424066,cc_is_ligand=0 (+0.25); deg_log2fc=0.563 (+0.19); deg_pct_e1=0.084 (+0.15),novel
532,NLGN1,OPC_GABA_AC_like_tumor,IDH_Mutant,tumor,0.0,0.0,0.0,0.0,,,0.0,0.0,0.0,0.0,,0.0,2.0,0.0,0.0,0.0,0.0,0.0,0.0,,0.0,0.0,0.0,0.0,,18,0,1,1,3,6202,1012,352,742,352,0,0.0,1,0,2.0,tumor,neuron_tumor,Neuroligin family (pathway-level),0,0.2469207035934728,0.04241788179911489,cc_is_ligand=0 (+0.33); cc_n_cells_e1=6.2e+03 (+0.14); cc_n_cells_e2=1.01e+03 (+0.06),literature tier 2 (unlabeled)
533,ITGB1,cycling_tumor,IDH_WT,tumor,1.0,0.3451924412793004,0.3451924412793004,53.24341452936317,0.51,0.181,0.329,1.0,0.0,0.0,,0.0,2.0,0.0,12.0,12.0,0.0,0.029255088299547,0.01293040491931679,0.0,2.0,7.0,5.0,12.0,1.0,36,0,1,2,3,6410,814,5847,663,663,0,1.0,0,1,,,,,0,0.24688771669542603,0.0700243451523823,cc_cross_compartment_edges=5 (+0.40); cc_is_ligand=0 (+0.32); deg_pct_diff=0.329 (+0.14),novel
534,JAM2,OPC_GABA_like_tumor,IDH_WT,tumor,1.0,0.2939359786475706,0.2939359786475706,58.72263953844598,0.335,0.135,0.2,1.0,1.0,0.0,,0.0,2.0,0.0,0.0,0.0,0.0,0.0,0.0,,0.0,0.0,0.0,0.0,,6,1,1,1,1,6741,14114,5040,1935,1935,0,0.0,0,0,,,,,0,0.2466035639848509,0.07781397263177307,deg_pct_diff=0.2 (+0.15); cc_n_cells_e1=6.74e+03 (+0.13); deg_pct_e1=0.135 (+0.09),novel
535,PSAP,OPC_GABA_AC_like_tumor,IDH_Mutant,tumor,0.0,0.0,0.0,0.0,,,0.0,0.0,0.0,0.0,,0.0,3.0,0.0,0.0,0.0,0.0,0.0,0.0,,0.0,0.0,0.0,0.0,,9,1,0,1,5,6202,1012,352,742,352,0,0.0,1,0,,,,,0,0.24629591426852562,0.09932790749347642,deg_n_celltypes_sig=3 (+0.53); cc_n_cells_e1=6.2e+03 (+0.15); cc_n_cells_e2=1.01e+03 (+0.05),novel
536,PTGES2,TAM1/TAM2/microglia,IDH_Mutant,TAM_microglia,0.0,0.0,0.0,0.0,,,0.0,0.0,0.0,0.0,,0.0,2.0,0.0,0.0,0.0,0.0,0.0,0.0,,0.0,0.0,0.0,0.0,,1,1,0,1,1,12086,25922,2106,21701,2106,0,0.0,1,0,,,,,0,0.24555006896481935,0.13291425994295195,cc_n_cells_e1=1.21e+04 (+0.13); cc_is_receptor=0 (+0.09); cc_n_celltypes_total=1 (+0.06),novel
537,HBEGF,cycling_tumor,IDH_WT,tumor,1.0,-0.9029527762983448,0.9029527762983448,2.017577129885317,0.143,0.077,0.06599999999999999,-1.0,0.0,0.0,,0.0,2.0,0.0,0.0,0.0,0.0,0.0,0.0,,0.0,0.0,0.0,0.0,,7,1,0,1,1,6410,814,5847,663,663,0,-0.0,0,0,,,,,0,0.24526560535635902,0.082286429748969,deg_pct_e1=0.077 (+0.15); cc_n_cells_e1=6.41e+03 (+0.13); cc_n_celltypes_total=1 (+0.06),novel
538,DLL3,cycling_tumor,IDH_Mutant,tumor,1.0,4.335342191136341,4.335342191136341,22.566148752467672,0.485,0.037,0.448,1.0,1.0,1.0,5.0483654431734255,1.0,4.0,2.0,0.0,2.0,0.0,0.0053419001169697,0.00480623530933965,0.0,1.0,2.0,0.0,2.0,1.0,8,1,0,1,4,6410,814,270,136,136,0,1.0,1,1,1.0,tumor,growth,"Spino et al., Clin Cancer Res 2019 (IDH-mutant glioma)",1,0.2448356535255284,0.12271270521900611,cc_n_partners=2 (+1.19); deg_log2fc=4.34 (+0.68); deg_n_celltypes_sig=4 (+0.67),literature tier 1 (label)
539,NRXN2,TAM1/TAM2/microglia,IDH_Mutant,TAM_microglia,0.0,0.0,0.0,0.0,,,0.0,0.0,0.0,0.0,,0.0,3.0,0.0,0.0,0.0,0.0,0.0,0.0,,0.0,0.0,0.0,0.0,,10,1,0,1,1,12086,25922,2106,21701,2106,0,0.0,1,0,,,,,0,0.2447448451859427,0.03611618787634792,deg_n_celltypes_sig=3 (+0.49); cc_n_cells_e1=1.21e+04 (+0.14); cc_n_celltypes_total=1 (+0.05),novel
540,CD44,OPC_GABA_AC_like_tumor,IDH_Mutant,tumor,0.0,0.0,0.0,0.0,,,0.0,0.0,0.0,0.0,,0.0,1.0,0.0,0.0,0.0,0.0,0.0,0.0,,0.0,0.0,0.0,0.0,,48,0,1,4,1,6202,1012,352,742,352,0,0.0,1,0,1.0,tumor,myeloid_bridge,"Pietras et al., Cell Stem Cell 2014",1,0.24470760857412807,0.04568170271377928,cc_edges_total=48 (+1.97); cc_n_pathways_total=4 (+0.51); cc_is_ligand=0 (+0.30),literature tier 1 (label)
541,CLDN11,AC_like_tumor,IDH_Mutant,tumor,0.0,0.0,0.0,0.0,,,0.0,0.0,0.0,0.0,,0.0,0.0,0.0,0.0,0.0,0.0,0.0,0.0,,0.0,0.0,0.0,0.0,,2,1,1,1,1,72549,446,4249,283,283,0,0.0,1,0,,,,,0,0.24430085680825608,0.1865649663772199,cc_edges_total=2 (+0.90); cc_n_cells_e1=7.25e+04 (+0.10); cc_n_celltypes_total=1 (+0.07),novel
542,APP,TAM1/TAM2/microglia,IDH_WT,TAM_microglia,0.0,0.0,0.0,0.0,,,0.0,0.0,0.0,0.0,,0.0,1.0,0.0,0.0,0.0,0.0,0.0,0.0,,0.0,0.0,0.0,0.0,,78,1,0,1,4,12086,25922,9696,2745,2745,0,0.0,0,0,,,,,0,0.24270010227068567,0.11128304265279487,cc_edges_total=78 (+0.63); cc_n_cells_e1=1.21e+04 (+0.14); cc_edges_e2=0 (+0.04),novel
543,LRP1,AC_like_tumor,IDH_Mutant,tumor,0.0,0.0,0.0,0.0,,,0.0,0.0,0.0,0.0,,0.0,1.0,0.0,2.0,1.0,1.0,0.0013213158667165,0.00126051260428745,0.0,1.0,1.0,0.0,2.0,0.0,7,0,1,1,4,72549,446,4249,283,283,0,0.0,1,0,,,,,0,0.24268240204345784,0.06738113848361241,cc_is_ligand=0 (+0.30); cc_n_cells_e1=7.25e+04 (+0.13); cc_n_cells_e2=446 (+0.06),novel
544,DLL3,AC_like_tumor,IDH_Mutant,tumor,1.0,2.840524073739076,2.840524073739076,82.25445682802959,0.491,0.101,0.39,1.0,1.0,1.0,5.406757172021811,1.0,4.0,2.0,0.0,2.0,0.0,0.0036567591714335,0.0032895772168579,0.0,1.0,2.0,0.0,2.0,1.0,8,1,0,1,4,72549,446,4249,283,283,0,1.0,1,1,1.0,tumor,growth,"Spino et al., Clin Cancer Res 2019 (IDH-mutant glioma)",1,0.24267632304916503,0.12480154211018031,cc_n_partners=2 (+1.19); deg_n_celltypes_sig=4 (+0.67); deg_log2fc=2.84 (+0.65),literature tier 1 (label)
545,CLDN11,OPC_GABA_AC_like_tumor,IDH_Mutant,tumor,0.0,0.0,0.0,0.0,,,0.0,0.0,0.0,0.0,,0.0,0.0,0.0,0.0,0.0,0.0,0.0,0.0,,0.0,0.0,0.0,0.0,,2,1,1,1,1,6202,1012,352,742,352,0,0.0,1,0,,,,,0,0.2422050220128745,0.18630698874055127,cc_edges_total=2 (+0.90); cc_n_cells_e1=6.2e+03 (+0.10); cc_n_celltypes_total=1 (+0.07),novel
546,CD74,T cell,IDH_Mutant,T_cell,0.0,0.0,0.0,0.0,,,0.0,0.0,0.0,0.0,,0.0,4.0,0.0,50.0,25.0,25.0,0.0485948380951234,0.015620824906069038,0.0,2.0,6.0,42.0,50.0,0.0,109,0,1,2,6,2662,1463,941,334,334,0,0.0,1,0,1.0,TAM_microglia,myeloid_bridge,"Ghoochani et al., Oncotarget 2016",0,0.24132352031485813,0.1408645844632778,deg_n_celltypes_sig=4 (+0.69); cc_edges_total=109 (+0.68); cc_cross_compartment_edges=42 (+0.60),"literature gene, other compartment"
547,LRRTM3,T cell,IDH_WT,T_cell,0.0,0.0,0.0,0.0,,,0.0,0.0,0.0,0.0,,0.0,2.0,0.0,0.0,0.0,0.0,0.0,0.0,,0.0,0.0,0.0,0.0,,6,0,1,1,1,2662,1463,1681,1118,1118,0,0.0,0,0,,,,,0,0.24127869891313763,0.10465260185382165,cc_is_ligand=0 (+0.33); cc_edges_total=6 (+0.10); cc_n_celltypes_total=1 (+0.08),novel
548,CD44,cycling_tumor,IDH_Mutant,tumor,0.0,0.0,0.0,0.0,,,0.0,0.0,0.0,0.0,,0.0,1.0,0.0,0.0,0.0,0.0,0.0,0.0,,0.0,0.0,0.0,0.0,,48,0,1,4,1,6410,814,270,136,136,0,0.0,1,0,1.0,tumor,myeloid_bridge,"Pietras et al., Cell Stem Cell 2014",1,0.24121452074120892,0.05507145534072749,cc_edges_total=48 (+1.97); cc_n_pathways_total=4 (+0.51); cc_is_ligand=0 (+0.30),literature tier 1 (label)
549,GPR37L1,TAM1/TAM2/microglia,IDH_Mutant,TAM_microglia,0.0,0.0,0.0,0.0,,,0.0,0.0,0.0,0.0,,0.0,1.0,0.0,0.0,0.0,0.0,0.0,0.0,,0.0,0.0,0.0,0.0,,9,0,1,1,1,12086,25922,2106,21701,2106,0,0.0,1,0,,,,,0,0.23992601239001093,0.035219937495063136,cc_is_ligand=0 (+0.24); cc_n_cells_e1=1.21e+04 (+0.12); cc_n_celltypes_total=1 (+0.06),novel
550,LRP1,OPC_GABA_AC_like_tumor,IDH_Mutant,tumor,0.0,0.0,0.0,0.0,,,0.0,0.0,0.0,0.0,,0.0,1.0,0.0,0.0,0.0,0.0,0.0,0.0,,0.0,0.0,0.0,0.0,,7,0,1,1,4,6202,1012,352,742,352,0,0.0,1,0,,,,,0,0.23980687523473038,0.061910825070865476,cc_is_ligand=0 (+0.30); cc_n_cells_e1=6.2e+03 (+0.13); cc_n_cells_e2=1.01e+03 (+0.06),novel
551,TNFRSF1B,T cell,IDH_Mutant,T_cell,0.0,0.0,0.0,0.0,,,0.0,0.0,0.0,0.0,,0.0,1.0,0.0,0.0,0.0,0.0,0.0,0.0,,0.0,0.0,0.0,0.0,,2,0,1,1,1,2662,1463,941,334,334,0,0.0,1,0,,,,,0,0.23976077642554489,0.15200100039097827,cc_edges_total=2 (+0.76); cc_is_ligand=0 (+0.17); cc_n_celltypes_total=1 (+0.09),novel
552,MERTK,AC_like_tumor,IDH_WT,tumor,0.0,0.0,0.0,0.0,,,0.0,0.0,0.0,0.0,,0.0,1.0,0.0,0.0,0.0,0.0,0.0,0.0,,0.0,0.0,0.0,0.0,,1,0,1,1,1,72549,446,64812,108,108,0,0.0,0,0,,,,,0,0.23861812833151327,0.10521235480899765,cc_is_ligand=0 (+0.17); cc_n_cells_e1=7.25e+04 (+0.11); cc_n_celltypes_total=1 (+0.07),novel
553,MERTK,OPC_GABA_like_tumor,IDH_Mutant,tumor,1.0,-2.3388235291459014,2.3388235291459014,70.6881251564773,0.019,0.1,-0.081,-1.0,0.0,0.0,,0.0,2.0,0.0,0.0,0.0,0.0,0.0,0.0,,0.0,0.0,0.0,0.0,,1,0,1,1,1,6741,14114,1658,11741,1658,0,-0.0,1,0,,,,,0,0.2385555320886029,0.061047844746265234,cc_is_ligand=0 (+0.21); deg_pct_e1=0.1 (+0.15); cc_n_cells_e1=6.74e+03 (+0.11),novel
554,HLA-DRB1,T cell,IDH_Mutant,T_cell,0.0,0.0,0.0,0.0,,,0.0,0.0,0.0,0.0,,0.0,4.0,4.0,0.0,2.0,2.0,0.0055041634560057,0.00280821876967937,0.0,1.0,1.0,4.0,4.0,0.0,14,1,0,1,5,2662,1463,941,334,334,0,0.0,1,0,,,,,0,0.23797018454434066,0.03532625762160761,deg_n_celltypes_sig=4 (+0.56); cc_cross_compartment_edges=4 (+0.36); cc_edges_e2=2 (+0.05),novel
555,C3AR1,AC_like_tumor,IDH_Mutant,tumor,0.0,0.0,0.0,0.0,,,0.0,0.0,0.0,0.0,,0.0,2.0,0.0,0.0,0.0,0.0,0.0,0.0,,0.0,0.0,0.0,0.0,,4,0,1,1,1,72549,446,4249,283,283,0,0.0,1,0,,,,,0,0.23761591830708198,0.024321489654878646,cc_is_ligand=0 (+0.26); cc_n_cells_e1=7.25e+04 (+0.13); cc_n_celltypes_total=1 (+0.07),novel
556,TNFRSF1B,T cell,IDH_WT,T_cell,0.0,0.0,0.0,0.0,,,0.0,0.0,0.0,0.0,,0.0,1.0,0.0,0.0,0.0,0.0,0.0,0.0,,0.0,0.0,0.0,0.0,,2,0,1,1,1,2662,1463,1681,1118,1118,0,0.0,0,0,,,,,0,0.23734687732846962,0.15375032320228688,cc_edges_total=2 (+0.76); cc_is_ligand=0 (+0.17); cc_n_celltypes_total=1 (+0.09),novel
557,EGFR,TAM1/TAM2/microglia,IDH_WT,TAM_microglia,0.0,0.0,0.0,0.0,,,0.0,0.0,0.0,0.0,,0.0,3.0,0.0,0.0,0.0,0.0,0.0,0.0,,0.0,0.0,0.0,0.0,,14,0,1,1,4,12086,25922,9696,2745,2745,0,0.0,0,0,1.0,tumor,growth,"Brennan et al., Cell 2013 (TCGA GBM)",0,0.23734072936520229,0.04134959479033219,deg_n_celltypes_sig=3 (+0.53); cc_is_ligand=0 (+0.25); cc_n_cells_e1=1.21e+04 (+0.14),"literature gene, other compartment"
558,HLA-DPA1,TAM1/TAM2/microglia,IDH_WT,TAM_microglia,0.0,0.0,0.0,0.0,,,0.0,0.0,0.0,0.0,,0.0,5.0,4.0,0.0,2.0,2.0,0.0333971442545754,0.016534185100048025,0.0,1.0,1.0,0.0,4.0,0.0,14,1,0,1,5,12086,25922,9696,2745,2745,0,0.0,0,0,,,,,0,0.2372302130670562,0.04584106201179702,deg_n_celltypes_sig=5 (+0.48); cc_n_cells_e1=1.21e+04 (+0.15); cc_edges_e2=2 (+0.05),novel
559,FPR1,OPC_GABA_AC_like_tumor,IDH_WT,tumor,0.0,0.0,0.0,0.0,,,0.0,0.0,0.0,0.0,,0.0,1.0,0.0,0.0,0.0,0.0,0.0,0.0,,0.0,0.0,0.0,0.0,,10,0,1,1,1,6202,1012,5384,171,171,0,0.0,0,0,,,,,0,0.23619552213574407,0.09513983311055338,cc_is_ligand=0 (+0.30); cc_n_cells_e1=6.2e+03 (+0.13); cc_n_cells_e2=1.01e+03 (+0.06),novel
560,DLL1,OPC_GABA_AC_like_tumor,IDH_Mutant,tumor,0.0,0.0,0.0,0.0,,,0.0,0.0,0.0,0.0,,0.0,3.0,0.0,0.0,0.0,0.0,0.0,0.0,,0.0,0.0,0.0,0.0,,4,1,0,1,2,6202,1012,352,742,352,0,0.0,1,0,,,,,0,0.23593659497730438,0.05750824958229866,deg_n_celltypes_sig=3 (+0.50); cc_n_cells_e1=6.2e+03 (+0.14); cc_n_cells_e2=1.01e+03 (+0.04),novel
561,SORT1,OPC_GABA_AC_like_tumor,IDH_WT,tumor,0.0,0.0,0.0,0.0,,,0.0,0.0,0.0,0.0,,0.0,3.0,0.0,0.0,0.0,0.0,0.0,0.0,,0.0,0.0,0.0,0.0,,3,0,1,1,1,6202,1012,5384,171,171,0,0.0,0,0,,,,,0,0.23586976782633706,0.07414154276488065,deg_n_celltypes_sig=3 (+0.48); cc_is_ligand=0 (+0.23); cc_n_cells_e1=6.2e+03 (+0.14),novel
562,CLDN11,OPC_GABA_like_tumor,IDH_Mutant,tumor,0.0,0.0,0.0,0.0,,,0.0,0.0,0.0,0.0,,0.0,0.0,0.0,0.0,0.0,0.0,0.0,0.0,,0.0,0.0,0.0,0.0,,2,1,1,1,1,6741,14114,1658,11741,1658,0,0.0,1,0,,,,,0,0.23580425927504395,0.18408067661438407,cc_edges_total=2 (+0.91); cc_n_cells_e1=6.74e+03 (+0.10); cc_n_celltypes_total=1 (+0.07),novel
563,CLDN11,TAM1/TAM2/microglia,IDH_WT,TAM_microglia,0.0,0.0,0.0,0.0,,,0.0,0.0,0.0,0.0,,0.0,2.0,0.0,0.0,0.0,0.0,0.0,0.0,,0.0,0.0,0.0,0.0,,2,1,1,1,1,12086,25922,9696,2745,2745,0,0.0,0,0,,,,,0,0.2353190167388966,0.18339132422023077,cc_edges_total=2 (+0.90); cc_n_cells_e1=1.21e+04 (+0.13); cc_n_celltypes_total=1 (+0.07),novel
564,LRP1,TAM1/TAM2/microglia,IDH_Mutant,TAM_microglia,0.0,0.0,0.0,0.0,,,0.0,0.0,0.0,0.0,,0.0,1.0,0.0,2.0,1.0,1.0,0.0018372268831769,0.001612222102132,0.0,1.0,1.0,2.0,2.0,0.0,7,0,1,1,4,12086,25922,2106,21701,2106,0,0.0,1,0,,,,,0,0.2352331963296191,0.08844764670468387,cc_cross_compartment_edges=2 (+0.42); cc_is_ligand=0 (+0.25); cc_n_cells_e1=1.21e+04 (+0.13),novel
565,MERTK,TAM1/TAM2/microglia,IDH_Mutant,TAM_microglia,1.0,1.037790316934118,1.037790316934118,74.79312828350913,0.588,0.4,0.18799999999999994,1.0,1.0,1.0,1.885323092163253,1.0,2.0,0.0,1.0,1.0,0.0,0.012077162692356,0.012077162692356,0.0,1.0,1.0,0.0,1.0,1.0,1,0,1,1,1,12086,25922,2106,21701,2106,0,1.0,1,1,,,,,0,0.2351977515837099,0.02941209638498327,deg_log2fc=1.04 (+0.46); cc_is_ligand=0 (+0.15); deg_pct_diff=0.188 (+0.14),novel
566,SORT1,AC_like_tumor,IDH_WT,tumor,0.0,0.0,0.0,0.0,,,0.0,0.0,0.0,0.0,,0.0,3.0,0.0,0.0,0.0,0.0,0.0,0.0,,0.0,0.0,0.0,0.0,,3,0,1,1,1,72549,446,64812,108,108,0,0.0,0,0,,,,,0,0.23485468311186358,0.08275325762247988,deg_n_celltypes_sig=3 (+0.48); cc_is_ligand=0 (+0.23); cc_n_cells_e1=7.25e+04 (+0.13),novel
567,ITGAX,TAM1/TAM2/microglia,IDH_WT,TAM_microglia,1.0,0.4162680857907228,0.4162680857907228,15.961042523381522,0.318,0.228,0.09,1.0,0.0,0.0,0.5453920909801828,1.0,1.0,0.0,4.0,4.0,0.0,0.0442420541942578,0.0234334586245721,0.0,2.0,3.0,2.0,4.0,1.0,4,0,1,2,1,12086,25922,9696,2745,2745,0,1.0,0,1,,,,,0,0.23437172021095418,0.09675139665224523,cc_cross_compartment_edges=2 (+0.43); cc_is_ligand=0 (+0.18); deg_pct_diff=0.09 (+0.14),novel
568,GRIA3,OPC_GABA_AC_like_tumor,IDH_WT,tumor,0.0,0.0,0.0,0.0,,,0.0,0.0,0.0,0.0,,0.0,1.0,0.0,0.0,0.0,0.0,0.0,0.0,,0.0,0.0,0.0,0.0,,6,0,1,1,2,6202,1012,5384,171,171,0,0.0,0,0,2.0,tumor,neuron_tumor,"AMPAR subunit family; Venkatesh et al., Nature 2019",0,0.2343329912275053,0.10856517841176509,cc_is_ligand=0 (+0.30); cc_n_cells_e1=6.2e+03 (+0.13); cc_edges_total=6 (+0.09),literature tier 2 (unlabeled)
569,FPR1,AC_like_tumor,IDH_WT,tumor,0.0,0.0,0.0,0.0,,,0.0,0.0,0.0,0.0,,0.0,1.0,0.0,0.0,0.0,0.0,0.0,0.0,,0.0,0.0,0.0,0.0,,10,0,1,1,1,72549,446,64812,108,108,0,0.0,0,0,,,,,0,0.23395387311385324,0.0924735171602256,cc_is_ligand=0 (+0.30); cc_n_cells_e1=7.25e+04 (+0.12); cc_n_cells_e2=446 (+0.06),novel
570,PTPRZ1,T cell,IDH_Mutant,T_cell,0.0,0.0,0.0,0.0,,,0.0,0.0,0.0,0.0,,0.0,4.0,0.0,0.0,0.0,0.0,0.0,0.0,,0.0,0.0,0.0,0.0,,77,0,1,2,4,2662,1463,941,334,334,0,0.0,1,0,1.0,tumor,myeloid_bridge,"Shi et al., Cell Stem Cell 2017",0,0.23382852451534997,0.11651271725643352,cc_edges_total=77 (+0.64); deg_n_celltypes_sig=4 (+0.49); cc_is_ligand=0 (+0.30),"literature gene, other compartment"
571,TNFRSF1A,OPC_GABA_AC_like_tumor,IDH_Mutant,tumor,0.0,0.0,0.0,0.0,,,0.0,0.0,0.0,0.0,,0.0,1.0,0.0,0.0,0.0,0.0,0.0,0.0,,0.0,0.0,0.0,0.0,,1,0,1,1,1,6202,1012,352,742,352,0,0.0,1,0,,,,,0,0.23353625110037704,0.09321457786833504,cc_is_ligand=0 (+0.16); cc_n_cells_e1=6.2e+03 (+0.12); cc_n_celltypes_total=1 (+0.07),novel
572,MERTK,cycling_tumor,IDH_WT,tumor,0.0,0.0,0.0,0.0,,,0.0,0.0,0.0,0.0,,0.0,1.0,0.0,0.0,0.0,0.0,0.0,0.0,,0.0,0.0,0.0,0.0,,1,0,1,1,1,6410,814,5847,663,663,0,0.0,0,0,,,,,0,0.23350184513106126,0.10340913840547805,cc_is_ligand=0 (+0.16); cc_n_cells_e1=6.41e+03 (+0.11); cc_n_celltypes_total=1 (+0.07),novel
573,MIF,OPC_GABA_like_tumor,IDH_Mutant,tumor,1.0,0.4138481077866298,0.4138481077866298,19.995133091697035,0.623,0.507,0.11599999999999999,1.0,1.0,1.0,0.3824996223615886,1.0,4.0,12.0,0.0,6.0,6.0,0.07070325655545,0.027424934791117333,0.0,1.0,2.0,12.0,12.0,0.0,66,1,0,1,6,6741,14114,1658,11741,1658,0,0.0,1,1,1.0,tumor,myeloid_bridge,"Ghoochani et al., Oncotarget 2016",1,0.23300713632616069,0.08254422465822765,cc_n_partners=2 (+1.13); cc_cross_compartment_edges=12 (+0.69); deg_n_celltypes_sig=4 (+0.62),literature tier 1 (label)
574,ADORA3,AC_like_tumor,IDH_Mutant,tumor,0.0,0.0,0.0,0.0,,,0.0,0.0,0.0,0.0,,0.0,0.0,0.0,0.0,0.0,0.0,0.0,0.0,,0.0,0.0,0.0,0.0,,1,1,0,1,1,72549,446,4249,283,283,0,0.0,1,0,,,,,0,0.23273062571875996,0.08248148512282759,cc_n_cells_e1=7.25e+04 (+0.10); cc_is_receptor=0 (+0.08); cc_n_celltypes_total=1 (+0.07),novel
575,TNFRSF1A,cycling_tumor,IDH_Mutant,tumor,0.0,0.0,0.0,0.0,,,0.0,0.0,0.0,0.0,,0.0,1.0,0.0,0.0,0.0,0.0,0.0,0.0,,0.0,0.0,0.0,0.0,,1,0,1,1,1,6410,814,270,136,136,0,0.0,1,0,,,,,0,0.23264608836704972,0.09783985715587223,cc_is_ligand=0 (+0.17); cc_n_cells_e1=6.41e+03 (+0.11); cc_n_celltypes_total=1 (+0.07),novel
576,SDC3,TAM1/TAM2/microglia,IDH_WT,TAM_microglia,0.0,0.0,0.0,0.0,,,0.0,0.0,0.0,0.0,,0.0,2.0,0.0,0.0,0.0,0.0,0.0,0.0,,0.0,0.0,0.0,0.0,,11,0,1,1,1,12086,25922,9696,2745,2745,0,0.0,0,0,,,,,0,0.23251389426936253,0.09165587382510701,cc_is_ligand=0 (+0.28); cc_n_cells_e1=1.21e+04 (+0.13); cc_n_celltypes_total=1 (+0.05),novel
577,ITGB1,OPC_GABA_like_tumor,IDH_Mutant,tumor,1.0,0.4572861542023095,0.4572861542023095,2.338109442974838,0.247,0.195,0.05199999999999999,1.0,1.0,1.0,,0.0,1.0,0.0,12.0,12.0,0.0,0.0204651750303783,0.00902374051798539,0.0,2.0,7.0,5.0,12.0,1.0,36,0,1,2,3,6741,14114,1658,11741,1658,0,1.0,1,1,,,,,0,0.23214869604753735,0.1181048381567405,cc_cross_compartment_edges=5 (+0.42); cc_is_ligand=0 (+0.28); deg_log2fc=0.457 (+0.17),novel
578,TNFRSF1A,AC_like_tumor,IDH_Mutant,tumor,0.0,0.0,0.0,0.0,,,0.0,0.0,0.0,0.0,,0.0,1.0,0.0,0.0,0.0,0.0,0.0,0.0,,0.0,0.0,0.0,0.0,,1,0,1,1,1,72549,446,4249,283,283,0,0.0,1,0,,,,,0,0.23210149252587858,0.09675380333058667,cc_is_ligand=0 (+0.16); cc_n_cells_e1=7.25e+04 (+0.11); cc_n_celltypes_total=1 (+0.07),novel
579,C3AR1,OPC_GABA_AC_like_tumor,IDH_Mutant,tumor,0.0,0.0,0.0,0.0,,,0.0,0.0,0.0,0.0,,0.0,2.0,0.0,0.0,0.0,0.0,0.0,0.0,,0.0,0.0,0.0,0.0,,4,0,1,1,1,6202,1012,352,742,352,0,0.0,1,0,,,,,0,0.23064995824103735,0.023135860579909087,cc_is_ligand=0 (+0.26); cc_n_cells_e1=6.2e+03 (+0.13); cc_n_celltypes_total=1 (+0.07),novel
580,TNFRSF1A,OPC_GABA_AC_like_tumor,IDH_WT,tumor,0.0,0.0,0.0,0.0,,,0.0,0.0,0.0,0.0,,0.0,1.0,0.0,0.0,0.0,0.0,0.0,0.0,,0.0,0.0,0.0,0.0,,1,0,1,1,1,6202,1012,5384,171,171,0,0.0,0,0,,,,,0,0.23036498309039932,0.08350585540807338,cc_is_ligand=0 (+0.17); cc_n_cells_e1=6.2e+03 (+0.12); cc_n_celltypes_total=1 (+0.07),novel
581,ITGAV,T cell,IDH_WT,T_cell,0.0,0.0,0.0,0.0,,,0.0,0.0,0.0,0.0,,0.0,2.0,0.0,0.0,0.0,0.0,0.0,0.0,,0.0,0.0,0.0,0.0,,39,0,1,3,3,2662,1463,1681,1118,1118,0,0.0,0,0,,,,,0,0.23012139273797788,0.22737777093244,cc_is_ligand=0 (+0.34); cc_edges_e2=0 (+0.04); cc_max_prob=0 (+0.03),novel
582,PTGES2,TAM1/TAM2/microglia,IDH_WT,TAM_microglia,0.0,0.0,0.0,0.0,,,0.0,0.0,0.0,0.0,,0.0,2.0,0.0,0.0,0.0,0.0,0.0,0.0,,0.0,0.0,0.0,0.0,,1,1,0,1,1,12086,25922,9696,2745,2745,0,0.0,0,0,,,,,0,0.23006104786605436,0.12578370970016303,cc_n_cells_e1=1.21e+04 (+0.13); cc_is_receptor=0 (+0.09); cc_n_celltypes_total=1 (+0.06),novel
583,FPR1,cycling_tumor,IDH_Mutant,tumor,1.0,-3.886882400796423,3.886882400796423,2.1537092049596174,0.015,0.204,-0.189,-1.0,0.0,0.0,,0.0,2.0,0.0,0.0,0.0,0.0,0.0,0.0,,0.0,0.0,0.0,0.0,,10,0,1,1,1,6410,814,270,136,136,0,-0.0,1,0,,,,,0,0.2298440045172235,0.09503529906623631,cc_is_ligand=0 (+0.36); cc_n_cells_e1=6.41e+03 (+0.12); deg_abs_log2fc=3.89 (+0.08),novel
584,PILRA,OPC_GABA_like_tumor,IDH_WT,tumor,0.0,0.0,0.0,0.0,,,0.0,0.0,0.0,0.0,,0.0,0.0,0.0,0.0,0.0,0.0,0.0,0.0,,0.0,0.0,0.0,0.0,,7,0,1,1,1,6741,14114,5040,1935,1935,0,0.0,0,0,,,,,0,0.22977351170476829,0.031189814240366064,cc_is_ligand=0 (+0.28); cc_n_cells_e1=6.74e+03 (+0.11); cc_n_celltypes_total=1 (+0.06),novel
585,ADORA3,cycling_tumor,IDH_Mutant,tumor,0.0,0.0,0.0,0.0,,,0.0,0.0,0.0,0.0,,0.0,0.0,0.0,0.0,0.0,0.0,0.0,0.0,,0.0,0.0,0.0,0.0,,1,1,0,1,1,6410,814,270,136,136,0,0.0,1,0,,,,,0,0.22956286248976837,0.08127266781259625,cc_n_cells_e1=6.41e+03 (+0.10); cc_is_receptor=0 (+0.08); cc_n_celltypes_total=1 (+0.07),novel
586,GRIA2,TAM1/TAM2/microglia,IDH_Mutant,TAM_microglia,0.0,0.0,0.0,0.0,,,0.0,0.0,0.0,0.0,,0.0,4.0,0.0,0.0,0.0,0.0,0.0,0.0,,0.0,0.0,0.0,0.0,,12,0,1,1,3,12086,25922,2106,21701,2106,0,0.0,1,0,1.0,tumor,neuron_tumor,"Venkatesh et al., Nature 2019; Venkataramani et al., Nature 2019",0,0.22870907625412862,0.03532317687394204,deg_n_celltypes_sig=4 (+0.55); cc_is_ligand=0 (+0.25); cc_n_cells_e1=1.21e+04 (+0.14),"literature gene, other compartment"
587,GRIA3,AC_like_tumor,IDH_WT,tumor,0.0,0.0,0.0,0.0,,,0.0,0.0,0.0,0.0,,0.0,1.0,0.0,0.0,0.0,0.0,0.0,0.0,,0.0,0.0,0.0,0.0,,6,0,1,1,2,72549,446,64812,108,108,0,0.0,0,0,2.0,tumor,neuron_tumor,"AMPAR subunit family; Venkatesh et al., Nature 2019",0,0.22863572563762605,0.10588763500653096,cc_is_ligand=0 (+0.30); cc_n_cells_e1=7.25e+04 (+0.13); cc_edges_total=6 (+0.09),literature tier 2 (unlabeled)
588,LRRTM2,OPC_GABA_AC_like_tumor,IDH_WT,tumor,0.0,0.0,0.0,0.0,,,0.0,0.0,0.0,0.0,,0.0,2.0,0.0,0.0,0.0,0.0,0.0,0.0,,0.0,0.0,0.0,0.0,,12,0,1,1,2,6202,1012,5384,171,171,0,0.0,0,0,,,,,0,0.2279853277254321,0.08701579218073206,cc_is_ligand=0 (+0.33); cc_n_cells_e1=6.2e+03 (+0.14); cc_n_cells_e2=1.01e+03 (+0.06),novel
589,LRP1,OPC_GABA_like_tumor,IDH_Mutant,tumor,1.0,0.5191434707941005,0.5191434707941005,20.01171849108677,0.464,0.334,0.13,1.0,1.0,0.0,-0.3970250506283217,1.0,1.0,0.0,2.0,1.0,1.0,0.0022437004159293,0.00209525130186495,0.0,1.0,1.0,0.0,2.0,0.0,7,0,1,1,4,6741,14114,1658,11741,1658,0,0.0,1,1,,,,,0,0.22797450199551936,0.05837489193051895,cc_is_ligand=0 (+0.28); deg_log2fc=0.519 (+0.21); deg_pct_diff=0.13 (+0.15),novel
590,PILRB,OPC_GABA_AC_like_tumor,IDH_WT,tumor,0.0,0.0,0.0,0.0,,,0.0,0.0,0.0,0.0,,0.0,2.0,0.0,0.0,0.0,0.0,0.0,0.0,,0.0,0.0,0.0,0.0,,7,0,1,1,1,6202,1012,5384,171,171,0,0.0,0,0,,,,,0,0.22757574320200863,0.15929611381107184,cc_is_ligand=0 (+0.33); cc_n_cells_e1=6.2e+03 (+0.14); cc_n_cells_e2=1.01e+03 (+0.06),novel
591,C3AR1,TAM1/TAM2/microglia,IDH_WT,TAM_microglia,1.0,0.8191693115065118,0.8191693115065118,93.9981608544624,0.574,0.363,0.21099999999999997,1.0,1.0,1.0,1.4998452390535073,1.0,1.0,0.0,4.0,2.0,2.0,0.0977093082783739,0.05098393546440895,0.0,1.0,1.0,0.0,4.0,0.0,4,0,1,1,1,12086,25922,9696,2745,2745,0,0.0,0,1,,,,,0,0.2270923784811114,0.07895777207770463,deg_log2fc=0.819 (+0.42); cc_is_ligand=0 (+0.18); deg_pct_diff=0.211 (+0.14),novel
592,FPR1,cycling_tumor,IDH_WT,tumor,0.0,0.0,0.0,0.0,,,0.0,0.0,0.0,0.0,,0.0,1.0,0.0,0.0,0.0,0.0,0.0,0.0,,0.0,0.0,0.0,0.0,,10,0,1,1,1,6410,814,5847,663,663,0,0.0,0,0,,,,,0,0.227019232776747,0.08870551427868936,cc_is_ligand=0 (+0.30); cc_n_cells_e1=6.41e+03 (+0.12); cc_n_cells_e2=814 (+0.06),novel
593,SPP1,AC_like_tumor,IDH_Mutant,tumor,0.0,0.0,0.0,0.0,,,0.0,0.0,0.0,0.0,,0.0,4.0,10.0,0.0,5.0,5.0,0.0305221727622704,0.01142515717792402,0.0,1.0,4.0,6.0,10.0,0.0,55,1,0,1,7,72549,446,4249,283,283,0,0.0,1,0,1.0,TAM_microglia,myeloid_bridge,"Wei et al., J Clin Invest 2019",0,0.2265919500764027,0.11112284836167481,deg_n_celltypes_sig=4 (+0.71); cc_edges_total=55 (+0.63); cc_cross_compartment_edges=6 (+0.55),"literature gene, other compartment"
594,GLS,TAM1/TAM2/microglia,IDH_WT,TAM_microglia,1.0,0.8886823854089718,0.8886823854089718,71.8248014029961,0.386,0.214,0.17200000000000001,1.0,1.0,1.0,1.3231426999977598,1.0,3.0,13.0,0.0,13.0,0.0,0.0580182501147297,0.014240210546249892,0.0,1.0,4.0,13.0,13.0,1.0,39,1,0,1,2,12086,25922,9696,2745,2745,0,1.0,0,1,,,,,0,0.226526354803445,0.17798919640401706,deg_n_celltypes_sig=3 (+0.56); deg_log2fc=0.889 (+0.45); cc_cross_compartment_edges=13 (+0.40),novel
595,TREM2,T cell,IDH_WT,T_cell,0.0,0.0,0.0,0.0,,,0.0,0.0,0.0,0.0,,0.0,2.0,0.0,0.0,0.0,0.0,0.0,0.0,,0.0,0.0,0.0,0.0,,57,0,1,2,2,2662,1463,1681,1118,1118,0,0.0,0,0,2.0,TAM_microglia,myeloid_bridge,TAM marker (pathway-level),0,0.22619680337399162,0.16314889224549486,cc_edges_total=57 (+0.67); cc_is_ligand=0 (+0.34); cc_edges_e2=0 (+0.04),"literature gene, other compartment"
596,TREM2,TAM1/TAM2/microglia,IDH_Mutant,TAM_microglia,0.0,0.0,0.0,0.0,,,0.0,0.0,0.0,0.0,,0.0,1.0,0.0,38.0,19.0,19.0,0.2392234722575476,0.08750399753816233,0.03,2.0,7.0,34.0,38.0,0.0,57,0,1,2,2,12086,25922,2106,21701,2106,0,0.0,1,0,2.0,TAM_microglia,myeloid_bridge,TAM marker (pathway-level),0,0.22561132562471506,0.13395672897616667,cc_edges_total=57 (+0.73); cc_cross_compartment_edges=34 (+0.58); cc_is_ligand=0 (+0.23),literature tier 2 (unlabeled)
597,HLA-DRB1,T cell,IDH_WT,T_cell,0.0,0.0,0.0,0.0,,,0.0,0.0,0.0,0.0,,0.0,3.0,4.0,0.0,2.0,2.0,0.0055041634560057,0.00280821876967937,0.0,1.0,1.0,4.0,4.0,0.0,14,1,0,1,5,2662,1463,1681,1118,1118,0,0.0,0,0,,,,,0,0.22559233515620622,0.03265909086216922,deg_n_celltypes_sig=3 (+0.50); cc_cross_compartment_edges=4 (+0.36); cc_edges_e2=2 (+0.05),novel
598,HLA-DRB1,TAM1/TAM2/microglia,IDH_WT,TAM_microglia,0.0,0.0,0.0,0.0,,,0.0,0.0,0.0,0.0,,0.0,3.0,4.0,0.0,2.0,2.0,0.0334073134215138,0.017249044865644925,0.0,1.0,1.0,0.0,4.0,0.0,14,1,0,1,5,12086,25922,9696,2745,2745,0,0.0,0,0,,,,,0,0.2248916041285498,0.07666841673553938,deg_n_celltypes_sig=3 (+0.57); cc_n_cells_e1=1.21e+04 (+0.15); cc_edges_e2=2 (+0.05),novel
599,PTGER4,OPC_GABA_AC_like_tumor,IDH_Mutant,tumor,0.0,0.0,0.0,0.0,,,0.0,0.0,0.0,0.0,,0.0,0.0,0.0,0.0,0.0,0.0,0.0,0.0,,0.0,0.0,0.0,0.0,,14,0,1,1,1,6202,1012,352,742,352,0,0.0,1,0,,,,,0,0.22458428826701513,0.03550823749970696,cc_is_ligand=0 (+0.29); cc_n_cells_e1=6.2e+03 (+0.11); cc_n_cells_e2=1.01e+03 (+0.06),novel
600,CXCR4,TAM1/TAM2/microglia,IDH_WT,TAM_microglia,0.0,0.0,0.0,0.0,,,0.0,0.0,0.0,0.0,,0.0,2.0,0.0,22.0,11.0,11.0,0.0917041673934359,0.03878429271831302,0.0,1.0,6.0,20.0,22.0,0.0,44,0,1,1,2,12086,25922,9696,2745,2745,0,0.0,0,0,1.0,tumor,growth,"Rubin et al., PNAS 2003",0,0.22381757918665418,0.07122031694081325,cc_edges_total=44 (+1.80); cc_cross_compartment_edges=20 (+0.43); cc_is_ligand=0 (+0.26),"literature gene, other compartment"
601,ADORA3,OPC_GABA_AC_like_tumor,IDH_Mutant,tumor,0.0,0.0,0.0,0.0,,,0.0,0.0,0.0,0.0,,0.0,0.0,0.0,0.0,0.0,0.0,0.0,0.0,,0.0,0.0,0.0,0.0,,1,1,0,1,1,6202,1012,352,742,352,0,0.0,1,0,,,,,0,0.22349111867547267,0.08117131760035518,cc_n_cells_e1=6.2e+03 (+0.10); cc_is_receptor=0 (+0.08); cc_n_celltypes_total=1 (+0.07),novel
602,TNFRSF1A,AC_like_tumor,IDH_WT,tumor,0.0,0.0,0.0,0.0,,,0.0,0.0,0.0,0.0,,0.0,1.0,0.0,0.0,0.0,0.0,0.0,0.0,,0.0,0.0,0.0,0.0,,1,0,1,1,1,72549,446,64812,108,108,0,0.0,0,0,,,,,0,0.22271857187579697,0.08292872373850081,cc_is_ligand=0 (+0.17); cc_n_cells_e1=7.25e+04 (+0.11); cc_n_celltypes_total=1 (+0.07),novel
603,P4HB,cycling_tumor,IDH_WT,tumor,1.0,0.4675273117630814,0.4675273117630814,62.59660512793237,0.704,0.27,0.43399999999999994,1.0,0.0,0.0,0.3466102924640853,1.0,2.0,0.0,2.0,1.0,1.0,0.006613979542561,0.00406302455001975,0.0,1.0,1.0,2.0,2.0,0.0,5,0,1,1,3,6410,814,5847,663,663,0,0.0,0,1,,,,,0,0.22259196985427865,0.06829394373125086,cc_cross_compartment_edges=2 (+0.42); cc_is_ligand=0 (+0.25); deg_log2fc=0.468 (+0.20),novel
604,PILRB,AC_like_tumor,IDH_WT,tumor,0.0,0.0,0.0,0.0,,,0.0,0.0,0.0,0.0,,0.0,2.0,0.0,0.0,0.0,0.0,0.0,0.0,,0.0,0.0,0.0,0.0,,7,0,1,1,1,72549,446,64812,108,108,0,0.0,0,0,,,,,0,0.22253734594896665,0.15595180715993323,cc_is_ligand=0 (+0.33); cc_n_cells_e1=7.25e+04 (+0.13); cc_n_cells_e2=446 (+0.06),novel
605,EGFR,TAM1/TAM2/microglia,IDH_Mutant,TAM_microglia,0.0,0.0,0.0,0.0,,,0.0,0.0,0.0,0.0,,0.0,3.0,0.0,0.0,0.0,0.0,0.0,0.0,,0.0,0.0,0.0,0.0,,14,0,1,1,4,12086,25922,2106,21701,2106,0,0.0,1,0,1.0,tumor,growth,"Brennan et al., Cell 2013 (TCGA GBM)",0,0.2217786653257897,0.032111453738310695,deg_n_celltypes_sig=3 (+0.50); cc_is_ligand=0 (+0.25); cc_n_cells_e1=1.21e+04 (+0.14),"literature gene, other compartment"
606,C3,OPC_GABA_AC_like_tumor,IDH_Mutant,tumor,1.0,-3.2271467093959534,3.2271467093959534,6.20874983405437,0.019,0.111,-0.092,-1.0,0.0,0.0,,0.0,2.0,0.0,0.0,0.0,0.0,0.0,0.0,,0.0,0.0,0.0,0.0,,6,1,0,1,1,6202,1012,352,742,352,0,-0.0,1,0,,,,,0,0.2214121626417025,0.03435029469210196,deg_pct_e1=0.111 (+0.15); cc_n_cells_e1=6.2e+03 (+0.13); cc_n_celltypes_total=1 (+0.07),novel
607,HBEGF,AC_like_tumor,IDH_WT,tumor,0.0,0.0,0.0,0.0,,,0.0,0.0,0.0,0.0,,0.0,2.0,0.0,0.0,0.0,0.0,0.0,0.0,,0.0,0.0,0.0,0.0,,7,1,0,1,1,72549,446,64812,108,108,0,0.0,0,0,,,,,0,0.22120716414706135,0.07411055197790682,cc_n_cells_e1=7.25e+04 (+0.14); cc_n_celltypes_total=1 (+0.06); cc_n_cells_e2=446 (+0.05),novel
608,CD69,TAM1/TAM2/microglia,IDH_WT,TAM_microglia,1.0,1.0733640866463734,1.0733640866463734,83.44111632462776,0.365,0.189,0.176,1.0,0.0,0.0,0.7006783248470634,1.0,2.0,2.0,0.0,2.0,0.0,0.0054582771010761,0.0049009474620876,0.0,1.0,1.0,2.0,2.0,1.0,6,1,0,1,2,12086,25922,9696,2745,2745,0,1.0,0,1,,,,,0,0.22118857816266163,0.10751202760321388,deg_log2fc=1.07 (+0.54); cc_cross_compartment_edges=2 (+0.32); deg_pct_diff=0.176 (+0.17),novel
609,APP,cycling_tumor,IDH_WT,tumor,1.0,0.5635272019122394,0.5635272019122394,78.444029319751,0.695,0.241,0.45399999999999996,1.0,1.0,1.0,0.699568325640972,1.0,1.0,13.0,0.0,13.0,0.0,0.0953371521546039,0.04503520625305321,0.0,1.0,6.0,10.0,13.0,1.0,78,1,0,1,4,6410,814,5847,663,663,0,1.0,0,1,,,,,0,0.22094585643088033,0.07565959291635459,cc_cross_compartment_edges=10 (+0.55); cc_edges_total=78 (+0.53); deg_log2fc=0.564 (+0.16),novel
610,PTGER4,AC_like_tumor,IDH_Mutant,tumor,0.0,0.0,0.0,0.0,,,0.0,0.0,0.0,0.0,,0.0,0.0,0.0,0.0,0.0,0.0,0.0,0.0,,0.0,0.0,0.0,0.0,,14,0,1,1,1,72549,446,4249,283,283,0,0.0,1,0,,,,,0,0.22067271221016366,0.040243305780582335,cc_is_ligand=0 (+0.29); cc_n_cells_e1=7.25e+04 (+0.11); cc_n_cells_e2=446 (+0.06),novel
611,CLDN11,cycling_tumor,IDH_Mutant,tumor,0.0,0.0,0.0,0.0,,,0.0,0.0,0.0,0.0,,0.0,0.0,1.0,1.0,2.0,0.0,0.0009540821944767284,0.0009540821944767284,0.0,1.0,1.0,0.0,2.0,1.0,2,1,1,1,1,6410,814,270,136,136,0,0.0,1,0,,,,,0,0.22042190672236983,0.16868786831146418,cc_edges_total=2 (+0.89); cc_n_cells_e1=6.41e+03 (+0.10); cc_n_celltypes_total=1 (+0.07),novel
612,DAG1,T cell,IDH_Mutant,T_cell,0.0,0.0,0.0,0.0,,,0.0,0.0,0.0,0.0,,0.0,2.0,0.0,0.0,0.0,0.0,0.0,0.0,,0.0,0.0,0.0,0.0,,6,0,1,1,1,2662,1463,941,334,334,0,0.0,1,0,,,,,0,0.22037233545471158,0.07132882886101648,cc_is_ligand=0 (+0.33); cc_edges_total=6 (+0.10); cc_n_celltypes_total=1 (+0.08),novel
613,JAM3,OPC_GABA_AC_like_tumor,IDH_WT,tumor,0.0,0.0,0.0,0.0,,,0.0,0.0,0.0,0.0,,0.0,3.0,0.0,0.0,0.0,0.0,0.0,0.0,,0.0,0.0,0.0,0.0,,3,1,1,1,1,6202,1012,5384,171,171,0,0.0,0,0,,,,,0,0.2202778797736976,0.10146148861464052,deg_n_celltypes_sig=3 (+0.50); cc_n_cells_e1=6.2e+03 (+0.14); cc_n_celltypes_total=1 (+0.06),novel
614,HBEGF,OPC_GABA_AC_like_tumor,IDH_WT,tumor,0.0,0.0,0.0,0.0,,,0.0,0.0,0.0,0.0,,0.0,2.0,0.0,0.0,0.0,0.0,0.0,0.0,,0.0,0.0,0.0,0.0,,7,1,0,1,1,6202,1012,5384,171,171,0,0.0,0,0,,,,,0,0.22020581742435424,0.07274617132732285,cc_n_cells_e1=6.2e+03 (+0.14); cc_n_celltypes_total=1 (+0.06); cc_n_cells_e2=1.01e+03 (+0.05),novel
615,LRRTM2,AC_like_tumor,IDH_WT,tumor,0.0,0.0,0.0,0.0,,,0.0,0.0,0.0,0.0,,0.0,2.0,0.0,0.0,0.0,0.0,0.0,0.0,,0.0,0.0,0.0,0.0,,12,0,1,1,2,72549,446,64812,108,108,0,0.0,0,0,,,,,0,0.2201979060545181,0.08203541199201406,cc_is_ligand=0 (+0.33); cc_n_cells_e1=7.25e+04 (+0.14); cc_n_cells_e2=446 (+0.06),novel
616,JAM2,TAM1/TAM2/microglia,IDH_Mutant,TAM_microglia,0.0,0.0,0.0,0.0,,,0.0,0.0,0.0,0.0,,0.0,2.0,0.0,0.0,0.0,0.0,0.0,0.0,,0.0,0.0,0.0,0.0,,6,1,1,1,1,12086,25922,2106,21701,2106,0,0.0,1,0,,,,,0,0.22010186338779994,0.07651629092469195,cc_n_cells_e1=1.21e+04 (+0.14); cc_n_celltypes_total=1 (+0.07); cc_edges_e2=0 (+0.04),novel
617,PTPRC,TAM1/TAM2/microglia,IDH_WT,TAM_microglia,1.0,0.5505794805630595,0.5505794805630595,66.96322637680849,0.707,0.524,0.18299999999999994,1.0,0.0,0.0,0.5658096020231276,1.0,3.0,2.0,2.0,2.0,2.0,0.0145823282133185,0.01200059842780445,0.0,2.0,1.0,0.0,4.0,0.0,8,1,1,2,2,12086,25922,9696,2745,2745,0,0.0,0,1,,,,,0,0.2200978211876373,0.10527173142182351,deg_n_celltypes_sig=3 (+0.53); deg_log2fc=0.551 (+0.23); deg_pct_diff=0.183 (+0.20),novel
618,JAM3,cycling_tumor,IDH_Mutant,tumor,1.0,2.592247044781339,2.592247044781339,2.8828515932834065,0.132,0.007,0.125,1.0,1.0,1.0,2.3973352035949205,1.0,1.0,1.0,2.0,3.0,0.0,0.001159002926699,0.0009328306067242937,0.0,1.0,1.0,0.0,3.0,1.0,3,1,1,1,1,6410,814,270,136,136,0,1.0,1,1,,,,,0,0.21978663599445297,0.06753574371102328,deg_log2fc=2.59 (+0.48); deg_pct_diff=0.125 (+0.16); deg_pct_e1=0.007 (+0.11),novel
619,SDC3,cycling_tumor,IDH_Mutant,tumor,0.0,0.0,0.0,0.0,,,0.0,0.0,0.0,0.0,,0.0,1.0,0.0,11.0,11.0,0.0,0.0141883084146195,0.008330391207846137,0.0,1.0,7.0,3.0,11.0,1.0,11,0,1,1,1,6410,814,270,136,136,0,0.0,1,0,,,,,0,0.21962704104075073,0.06015582503364376,cc_cross_compartment_edges=3 (+0.35); cc_is_ligand=0 (+0.30); cc_n_cells_e1=6.41e+03 (+0.11),novel
620,BSG,AC_like_tumor,IDH_Mutant,tumor,0.0,0.0,0.0,0.0,,,0.0,0.0,0.0,0.0,,0.0,1.0,0.0,6.0,6.0,0.0,0.027815192477311,0.02515049437541185,0.04,1.0,4.0,0.0,6.0,1.0,56,0,1,1,4,72549,446,4249,283,283,0,0.0,1,0,,,,,0,0.21806777345018022,0.05315946039664816,cc_edges_total=56 (+0.58); cc_is_ligand=0 (+0.30); cc_n_cells_e1=7.25e+04 (+0.14),novel
621,TNFRSF1A,OPC_GABA_like_tumor,IDH_Mutant,tumor,1.0,-3.88817063153229,3.88817063153229,205.98384563800875,0.009,0.133,-0.12400000000000001,-1.0,0.0,0.0,-2.030791555039734,1.0,1.0,0.0,0.0,0.0,0.0,0.0,0.0,,0.0,0.0,0.0,0.0,,1,0,1,1,1,6741,14114,1658,11741,1658,0,-0.0,1,0,,,,,0,0.2178576673058492,0.05280645373539959,cc_is_ligand=0 (+0.20); cc_n_cells_e1=6.74e+03 (+0.10); deg_pct_e1=0.133 (+0.09),novel
622,EGFR,cycling_tumor,IDH_WT,tumor,1.0,-2.992594636900289,2.992594636900289,10.242048894764032,0.17,0.28,-0.11000000000000001,-1.0,1.0,0.0,,0.0,3.0,0.0,4.0,2.0,2.0,0.0064027402138418,0.003551269548778375,0.0,1.0,2.0,4.0,4.0,0.0,14,0,1,1,4,6410,814,5847,663,663,0,-0.0,0,1,1.0,tumor,growth,"Brennan et al., Cell 2013 (TCGA GBM)",1,0.21762245618710008,0.09469764147132094,cc_n_partners=2 (+1.22); deg_n_celltypes_sig=3 (+0.51); cc_cross_compartment_edges=4 (+0.41),literature tier 1 (label)
623,PTGER4,cycling_tumor,IDH_Mutant,tumor,0.0,0.0,0.0,0.0,,,0.0,0.0,0.0,0.0,,0.0,0.0,0.0,0.0,0.0,0.0,0.0,0.0,,0.0,0.0,0.0,0.0,,14,0,1,1,1,6410,814,270,136,136,0,0.0,1,0,,,,,0,0.21751437676438323,0.030823793797363813,cc_is_ligand=0 (+0.29); cc_n_cells_e1=6.41e+03 (+0.11); cc_n_cells_e2=814 (+0.06),novel
624,ITGB1,AC_like_tumor,IDH_Mutant,tumor,0.0,0.0,0.0,0.0,,,0.0,0.0,0.0,0.0,,0.0,1.0,0.0,0.0,0.0,0.0,0.0,0.0,,0.0,0.0,0.0,0.0,,36,0,1,2,3,72549,446,4249,283,283,0,0.0,1,0,,,,,0,0.2174933963862325,0.08337345215227013,cc_is_ligand=0 (+0.30); cc_n_cells_e1=7.25e+04 (+0.13); cc_n_cells_e2=446 (+0.06),novel
625,MIF,T cell,IDH_Mutant,T_cell,0.0,0.0,0.0,0.0,,,0.0,0.0,0.0,0.0,,0.0,4.0,12.0,0.0,6.0,6.0,0.0339427181697322,0.01835433728957329,0.0,1.0,2.0,4.0,12.0,0.0,66,1,0,1,6,2662,1463,941,334,334,0,0.0,1,0,1.0,tumor,myeloid_bridge,"Ghoochani et al., Oncotarget 2016",0,0.21684929482566973,0.07923986930867538,cc_n_partners=2 (+1.11); cc_cross_compartment_edges=4 (+0.60); cc_edges_total=66 (+0.58),"literature gene, other compartment"
626,GRIK2,TAM1/TAM2/microglia,IDH_WT,TAM_microglia,0.0,0.0,0.0,0.0,,,0.0,0.0,0.0,0.0,,0.0,2.0,0.0,0.0,0.0,0.0,0.0,0.0,,0.0,0.0,0.0,0.0,,6,0,1,1,2,12086,25922,9696,2745,2745,0,0.0,0,0,,,,,0,0.21679562091118337,0.026176879665055972,cc_is_ligand=0 (+0.28); cc_n_cells_e1=1.21e+04 (+0.14); cc_edges_total=6 (+0.09),novel
627,HLA-E,T cell,IDH_Mutant,T_cell,0.0,0.0,0.0,0.0,,,0.0,0.0,0.0,0.0,,0.0,4.0,2.0,0.0,1.0,1.0,0.0243335020236749,0.0230551639814484,0.0,1.0,1.0,2.0,2.0,0.0,6,1,0,1,4,2662,1463,941,334,334,0,0.0,1,0,,,,,0,0.2164913324739029,0.057607161856389935,deg_n_celltypes_sig=4 (+0.54); cc_cross_compartment_edges=2 (+0.45); deg_pooled_log2fc=nan (+0.04),novel
628,NCAM2,OPC_GABA_AC_like_tumor,IDH_WT,tumor,0.0,0.0,0.0,0.0,,,0.0,0.0,0.0,0.0,,0.0,2.0,0.0,0.0,0.0,0.0,0.0,0.0,,0.0,0.0,0.0,0.0,,5,0,1,1,1,6202,1012,5384,171,171,0,0.0,0,0,,,,,0,0.21631764646983784,0.06115832572954987,cc_is_ligand=0 (+0.26); cc_n_cells_e1=6.2e+03 (+0.13); cc_n_celltypes_total=1 (+0.07),novel
629,PCDHGC3,T cell,IDH_Mutant,T_cell,0.0,0.0,0.0,0.0,,,0.0,0.0,0.0,0.0,,0.0,2.0,0.0,0.0,0.0,0.0,0.0,0.0,,0.0,0.0,0.0,0.0,,2,1,1,1,1,2662,1463,941,334,334,0,0.0,1,0,,,,,0,0.21630417873986835,0.1282375062272957,cc_edges_total=2 (+0.94); cc_n_celltypes_total=1 (+0.09); deg_pooled_log2fc=nan (+0.04),novel
630,APP,T cell,IDH_Mutant,T_cell,0.0,0.0,0.0,0.0,,,0.0,0.0,0.0,0.0,,0.0,3.0,0.0,0.0,0.0,0.0,0.0,0.0,,0.0,0.0,0.0,0.0,,78,1,0,1,4,2662,1463,941,334,334,0,0.0,1,0,,,,,0,0.2162243791478339,0.09172838074591101,cc_edges_total=78 (+0.54); deg_n_celltypes_sig=3 (+0.45); deg_pooled_log2fc=nan (+0.04),novel
631,NCAM1,T cell,IDH_WT,T_cell,0.0,0.0,0.0,0.0,,,0.0,0.0,0.0,0.0,,0.0,4.0,0.0,0.0,0.0,0.0,0.0,0.0,,0.0,0.0,0.0,0.0,,55,1,1,1,4,2662,1463,1681,1118,1118,0,0.0,0,0,2.0,tumor,neuron_tumor,Synaptic adhesion (pathway-level),0,0.21548450137749656,0.15000000429715254,cc_edges_total=55 (+0.57); deg_n_celltypes_sig=4 (+0.51); deg_pooled_log2fc=nan (+0.04),"literature gene, other compartment"
632,ITGB1,OPC_GABA_AC_like_tumor,IDH_Mutant,tumor,0.0,0.0,0.0,0.0,,,0.0,0.0,0.0,0.0,,0.0,1.0,0.0,0.0,0.0,0.0,0.0,0.0,,0.0,0.0,0.0,0.0,,36,0,1,2,3,6202,1012,352,742,352,0,0.0,1,0,,,,,0,0.2153666539586921,0.07872152991020777,cc_is_ligand=0 (+0.30); cc_n_cells_e1=6.2e+03 (+0.13); cc_n_cells_e2=1.01e+03 (+0.06),novel
633,CLSTN1,cycling_tumor,IDH_Mutant,tumor,0.0,0.0,0.0,0.0,,,0.0,0.0,0.0,0.0,,0.0,1.0,0.0,6.0,6.0,0.0,0.0084269247922976,0.002734139854995377,0.0,1.0,4.0,0.0,6.0,1.0,12,0,1,1,2,6410,814,270,136,136,0,0.0,1,0,,,,,0,0.21485807976554677,0.10130389245412105,cc_is_ligand=0 (+0.30); cc_n_cells_e1=6.41e+03 (+0.13); cc_edges_total=12 (+0.08),novel
634,MERTK,TAM1/TAM2/microglia,IDH_WT,TAM_microglia,1.0,0.9037251374118256,0.9037251374118256,54.62848412842265,0.336,0.193,0.14300000000000002,1.0,1.0,1.0,1.885323092163253,1.0,1.0,0.0,1.0,1.0,0.0,0.012077162692356,0.012077162692356,0.0,1.0,1.0,0.0,1.0,1.0,1,0,1,1,1,12086,25922,9696,2745,2745,0,1.0,0,1,,,,,0,0.21462236121307168,0.03284997351854405,deg_log2fc=0.904 (+0.39); deg_pct_diff=0.143 (+0.15); cc_is_ligand=0 (+0.13),novel
635,JAM2,TAM1/TAM2/microglia,IDH_WT,TAM_microglia,0.0,0.0,0.0,0.0,,,0.0,0.0,0.0,0.0,,0.0,2.0,0.0,0.0,0.0,0.0,0.0,0.0,,0.0,0.0,0.0,0.0,,6,1,1,1,1,12086,25922,9696,2745,2745,0,0.0,0,0,,,,,0,0.21459525524324988,0.07000122815017919,cc_n_cells_e1=1.21e+04 (+0.14); cc_n_celltypes_total=1 (+0.07); cc_edges_e2=0 (+0.04),novel
636,NCAM2,AC_like_tumor,IDH_Mutant,tumor,0.0,0.0,0.0,0.0,,,0.0,0.0,0.0,0.0,,0.0,2.0,0.0,0.0,0.0,0.0,0.0,0.0,,0.0,0.0,0.0,0.0,,5,0,1,1,1,72549,446,4249,283,283,0,0.0,1,0,,,,,0,0.21448109369846313,0.05931213705760702,cc_is_ligand=0 (+0.26); cc_n_cells_e1=7.25e+04 (+0.13); cc_n_celltypes_total=1 (+0.07),novel
637,C3AR1,OPC_GABA_like_tumor,IDH_Mutant,tumor,0.0,0.0,0.0,0.0,,,0.0,0.0,0.0,0.0,,0.0,2.0,0.0,0.0,0.0,0.0,0.0,0.0,,0.0,0.0,0.0,0.0,,4,0,1,1,1,6741,14114,1658,11741,1658,0,0.0,1,0,,,,,0,0.2139752681800507,0.02463257470406192,cc_is_ligand=0 (+0.24); cc_n_cells_e1=6.74e+03 (+0.13); cc_n_celltypes_total=1 (+0.07),novel
638,PDGFA,TAM1/TAM2/microglia,IDH_WT,TAM_microglia,1.0,0.7501813064898899,0.7501813064898899,11.777955462787475,0.107,0.061,0.046,1.0,1.0,1.0,1.0941414152147104,1.0,2.0,0.0,0.0,0.0,0.0,0.0,0.0,,0.0,0.0,0.0,0.0,,3,1,0,1,1,12086,25922,9696,2745,2745,0,0.0,0,0,,,,,0,0.21377256427569172,0.1387805540096374,deg_log2fc=0.75 (+0.31); deg_pct_e1=0.061 (+0.15); cc_n_cells_e1=1.21e+04 (+0.12),novel
639,FPR1,OPC_GABA_like_tumor,IDH_WT,tumor,0.0,0.0,0.0,0.0,,,0.0,0.0,0.0,0.0,,0.0,1.0,0.0,0.0,0.0,0.0,0.0,0.0,,0.0,0.0,0.0,0.0,,10,0,1,1,1,6741,14114,5040,1935,1935,0,0.0,0,0,,,,,0,0.2136747754209448,0.07963440118779225,cc_is_ligand=0 (+0.29); cc_n_cells_e1=6.74e+03 (+0.12); cc_n_celltypes_total=1 (+0.06),novel
640,CD69,OPC_GABA_AC_like_tumor,IDH_WT,tumor,0.0,0.0,0.0,0.0,,,0.0,0.0,0.0,0.0,,0.0,2.0,0.0,0.0,0.0,0.0,0.0,0.0,,0.0,0.0,0.0,0.0,,6,1,0,1,2,6202,1012,5384,171,171,0,0.0,0,0,,,,,0,0.21341508977282486,0.060297304716576045,cc_n_cells_e1=6.2e+03 (+0.14); cc_n_cells_e2=1.01e+03 (+0.05); cc_edges_e2=0 (+0.04),novel
641,MIF,TAM1/TAM2/microglia,IDH_Mutant,TAM_microglia,1.0,-0.5368933237581076,0.5368933237581076,11.671983520987483,0.126,0.191,-0.065,-1.0,1.0,1.0,-2.387004410374148,1.0,4.0,6.0,0.0,0.0,6.0,0.0301801420527412,0.016768099215291734,0.0,1.0,2.0,4.0,6.0,-1.0,66,1,0,1,6,12086,25922,2106,21701,2106,0,1.0,1,1,1.0,tumor,myeloid_bridge,"Ghoochani et al., Oncotarget 2016",0,0.2128806218889232,0.08560620925517466,cc_n_partners=2 (+1.10); cc_edges_total=66 (+0.64); cc_cross_compartment_edges=4 (+0.60),"literature gene, other compartment"
642,TNFRSF1A,cycling_tumor,IDH_WT,tumor,0.0,0.0,0.0,0.0,,,0.0,0.0,0.0,0.0,,0.0,1.0,0.0,0.0,0.0,0.0,0.0,0.0,,0.0,0.0,0.0,0.0,,1,0,1,1,1,6410,814,5847,663,663,0,0.0,0,0,,,,,0,0.21266646075191087,0.07886884140609285,cc_is_ligand=0 (+0.16); cc_n_cells_e1=6.41e+03 (+0.11); cc_n_celltypes_total=1 (+0.07),novel
643,CXCR4,T cell,IDH_Mutant,T_cell,1.0,-0.4630383510607161,0.4630383510607161,4.7046834136164355,0.823,0.905,-0.08200000000000007,-1.0,1.0,1.0,-0.7432503531791435,1.0,3.0,0.0,22.0,11.0,11.0,0.0485948380951234,0.020411046457200894,0.0,1.0,6.0,18.0,22.0,0.0,44,0,1,1,2,2662,1463,941,334,334,0,-0.0,1,1,1.0,tumor,growth,"Rubin et al., PNAS 2003",0,0.21226385635568928,0.041720102833897696,cc_edges_total=44 (+1.70); cc_cross_compartment_edges=18 (+0.43); deg_n_celltypes_sig=3 (+0.41),"literature gene, other compartment"
644,CLDN11,TAM1/TAM2/microglia,IDH_Mutant,TAM_microglia,0.0,0.0,0.0,0.0,,,0.0,0.0,0.0,0.0,,0.0,0.0,0.0,0.0,0.0,0.0,0.0,0.0,,0.0,0.0,0.0,0.0,,2,1,1,1,1,12086,25922,2106,21701,2106,0,0.0,1,0,,,,,0,0.21165745834936733,0.16709814987284743,cc_edges_total=2 (+0.91); cc_n_cells_e1=1.21e+04 (+0.10); cc_n_celltypes_total=1 (+0.07),novel
645,NRXN1,OPC_GABA_AC_like_tumor,IDH_WT,tumor,0.0,0.0,0.0,0.0,,,0.0,0.0,0.0,0.0,,0.0,2.0,10.0,0.0,10.0,0.0,0.0046552822689749,0.0028490387553084797,0.0,1.0,3.0,0.0,10.0,1.0,50,1,0,1,4,6202,1012,5384,171,171,0,0.0,0,0,2.0,tumor,neuron_tumor,Presynaptic partner of NLGN3 (pathway-level),0,0.21133299522202242,0.12452267069941952,cc_edges_total=50 (+0.50); cc_n_cells_e1=6.2e+03 (+0.15); cc_n_cells_e2=1.01e+03 (+0.05),literature tier 2 (unlabeled)
646,NRXN1,AC_like_tumor,IDH_WT,tumor,0.0,0.0,0.0,0.0,,,0.0,0.0,0.0,0.0,,0.0,2.0,10.0,0.0,10.0,0.0,0.0049699357888254,0.00304192474785722,0.0,1.0,3.0,0.0,10.0,1.0,50,1,0,1,4,72549,446,64812,108,108,0,0.0,0,0,2.0,tumor,neuron_tumor,Presynaptic partner of NLGN3 (pathway-level),0,0.21127320606540212,0.12218932749346376,cc_edges_total=50 (+0.50); cc_n_cells_e1=7.25e+04 (+0.14); cc_n_cells_e2=446 (+0.05),literature tier 2 (unlabeled)
647,NCAM2,AC_like_tumor,IDH_WT,tumor,0.0,0.0,0.0,0.0,,,0.0,0.0,0.0,0.0,,0.0,2.0,0.0,0.0,0.0,0.0,0.0,0.0,,0.0,0.0,0.0,0.0,,5,0,1,1,1,72549,446,64812,108,108,0,0.0,0,0,,,,,0,0.2112600909326146,0.059327425310371246,cc_is_ligand=0 (+0.26); cc_n_cells_e1=7.25e+04 (+0.13); cc_n_celltypes_total=1 (+0.07),novel
648,MERTK,OPC_GABA_like_tumor,IDH_WT,tumor,0.0,0.0,0.0,0.0,,,0.0,0.0,0.0,0.0,,0.0,1.0,0.0,0.0,0.0,0.0,0.0,0.0,,0.0,0.0,0.0,0.0,,1,0,1,1,1,6741,14114,5040,1935,1935,0,0.0,0,0,,,,,0,0.21120558878707918,0.09238937678022638,cc_is_ligand=0 (+0.16); cc_n_cells_e1=6.74e+03 (+0.11); cc_n_celltypes_total=1 (+0.06),novel
649,SPP1,TAM1/TAM2/microglia,IDH_WT,TAM_microglia,0.0,0.0,0.0,0.0,,,0.0,0.0,0.0,0.0,,0.0,4.0,10.0,0.0,5.0,5.0,0.0600743503220592,0.03767848687725736,0.0,1.0,4.0,8.0,10.0,0.0,55,1,0,1,7,12086,25922,9696,2745,2745,0,0.0,0,0,1.0,TAM_microglia,myeloid_bridge,"Wei et al., J Clin Invest 2019",1,0.21113402093173733,0.10757264562219318,deg_n_celltypes_sig=4 (+0.73); cc_cross_compartment_edges=8 (+0.63); cc_edges_total=55 (+0.62),literature tier 1 (label)
650,NCAM2,OPC_GABA_AC_like_tumor,IDH_Mutant,tumor,0.0,0.0,0.0,0.0,,,0.0,0.0,0.0,0.0,,0.0,2.0,0.0,0.0,0.0,0.0,0.0,0.0,,0.0,0.0,0.0,0.0,,5,0,1,1,1,6202,1012,352,742,352,0,0.0,1,0,,,,,0,0.21071980345160762,0.0557561900379985,cc_is_ligand=0 (+0.26); cc_n_cells_e1=6.2e+03 (+0.13); cc_n_celltypes_total=1 (+0.07),novel
651,DAG1,T cell,IDH_WT,T_cell,0.0,0.0,0.0,0.0,,,0.0,0.0,0.0,0.0,,0.0,1.0,0.0,0.0,0.0,0.0,0.0,0.0,,0.0,0.0,0.0,0.0,,6,0,1,1,1,2662,1463,1681,1118,1118,0,0.0,0,0,,,,,0,0.2101395465081283,0.06701399922097795,cc_is_ligand=0 (+0.30); cc_edges_total=6 (+0.09); cc_n_celltypes_total=1 (+0.09),novel
652,ADORA3,OPC_GABA_like_tumor,IDH_Mutant,tumor,0.0,0.0,0.0,0.0,,,0.0,0.0,0.0,0.0,,0.0,0.0,0.0,0.0,0.0,0.0,0.0,0.0,,0.0,0.0,0.0,0.0,,1,1,0,1,1,6741,14114,1658,11741,1658,0,0.0,1,0,,,,,0,0.20999018476777268,0.07065309596684519,cc_n_cells_e1=6.74e+03 (+0.10); cc_is_receptor=0 (+0.08); cc_n_celltypes_total=1 (+0.07),novel
653,DLL1,TAM1/TAM2/microglia,IDH_Mutant,TAM_microglia,0.0,0.0,0.0,0.0,,,0.0,0.0,0.0,0.0,,0.0,3.0,0.0,0.0,0.0,0.0,0.0,0.0,,0.0,0.0,0.0,0.0,,4,1,0,1,2,12086,25922,2106,21701,2106,0,0.0,1,0,,,,,0,0.20946551939393193,0.058535108123718364,deg_n_celltypes_sig=3 (+0.50); cc_n_cells_e1=1.21e+04 (+0.14); deg_pooled_log2fc=nan (+0.04),novel
654,HBEGF,TAM1/TAM2/microglia,IDH_WT,TAM_microglia,1.0,0.9095021993511432,0.9095021993511432,64.75167939892984,0.485,0.316,0.16899999999999998,1.0,0.0,0.0,-0.7193658289602208,1.0,2.0,7.0,0.0,0.0,7.0,0.0191470332237848,0.0075573265473107285,0.0,1.0,4.0,7.0,7.0,-1.0,7,1,0,1,1,12086,25922,9696,2745,2745,0,-1.0,0,1,,,,,0,0.2094638120992403,0.0774812338526354,deg_log2fc=0.91 (+0.45); cc_cross_compartment_edges=7 (+0.38); deg_pct_diff=0.169 (+0.17),novel
655,HLA-DPA1,T cell,IDH_WT,T_cell,1.0,0.6387378387373901,0.6387378387373901,5.048767892887816,0.42,0.316,0.10399999999999998,1.0,0.0,0.0,0.6837834330624064,1.0,5.0,4.0,0.0,2.0,2.0,0.0064586265870979,0.0031475290013926347,0.0,1.0,1.0,4.0,4.0,0.0,14,1,0,1,5,2662,1463,1681,1118,1118,0,0.0,0,1,,,,,0,0.209035067628963,0.08642682220551352,deg_n_celltypes_sig=5 (+0.42); cc_cross_compartment_edges=4 (+0.37); deg_log2fc=0.639 (+0.36),novel
656,SORT1,TAM1/TAM2/microglia,IDH_Mutant,TAM_microglia,1.0,0.6508113762136554,0.6508113762136554,11.424311327706015,0.234,0.155,0.07900000000000001,1.0,1.0,1.0,0.9190227635249396,1.0,2.0,0.0,0.0,0.0,0.0,0.0,0.0,,0.0,0.0,0.0,0.0,,3,0,1,1,1,12086,25922,2106,21701,2106,0,0.0,1,0,,,,,0,0.208994230350996,0.11257801527435632,deg_log2fc=0.651 (+0.28); cc_is_ligand=0 (+0.21); deg_pct_diff=0.079 (+0.14),novel
657,FPR1,TAM1/TAM2/microglia,IDH_WT,TAM_microglia,1.0,0.5470222097655603,0.5470222097655603,46.002602613239794,0.493,0.332,0.16099999999999998,1.0,1.0,1.0,0.6383606487062171,1.0,1.0,0.0,10.0,5.0,5.0,0.0086008858847479,0.00602697727173577,0.0,1.0,4.0,8.0,10.0,0.0,10,0,1,1,1,12086,25922,9696,2745,2745,0,0.0,0,1,,,,,0,0.2084276891448389,0.06734052452348821,cc_cross_compartment_edges=8 (+0.39); cc_is_ligand=0 (+0.22); deg_log2fc=0.547 (+0.18),novel
658,PSAP,AC_like_tumor,IDH_Mutant,tumor,0.0,0.0,0.0,0.0,,,0.0,0.0,0.0,0.0,,0.0,3.0,2.0,0.0,1.0,1.0,0.0021302161985696,0.0018567956874288999,0.0,1.0,1.0,0.0,2.0,0.0,9,1,0,1,5,72549,446,4249,283,283,0,0.0,1,0,,,,,0,0.2079285672999486,0.06598764464993812,deg_n_celltypes_sig=3 (+0.53); cc_n_cells_e1=7.25e+04 (+0.15); cc_n_cells_e2=446 (+0.05),novel
659,ITGB1,TAM1/TAM2/microglia,IDH_WT,TAM_microglia,0.0,0.0,0.0,0.0,,,0.0,0.0,0.0,0.0,,0.0,2.0,0.0,12.0,12.0,0.0,0.0342673920775937,0.01516661356754101,0.0,2.0,7.0,10.0,12.0,1.0,36,0,1,2,3,12086,25922,9696,2745,2745,0,0.0,0,0,,,,,0,0.20704119413561967,0.06874340341905552,cc_cross_compartment_edges=10 (+0.44); cc_is_ligand=0 (+0.26); cc_n_cells_e1=1.21e+04 (+0.13),novel
660,SORL1,cycling_tumor,IDH_Mutant,tumor,1.0,-2.9869407328145727,2.9869407328145727,3.1188414720966398,0.066,0.304,-0.238,-1.0,1.0,1.0,-2.2103367780249705,1.0,3.0,0.0,0.0,0.0,0.0,0.0,0.0,,0.0,0.0,0.0,0.0,,14,0,1,1,1,6410,814,270,136,136,0,-0.0,1,0,,,,,0,0.20690720610070673,0.05317013362870542,cc_is_ligand=0 (+0.35); deg_n_celltypes_sig=3 (+0.32); cc_n_cells_e1=6.41e+03 (+0.13),novel
661,PTN,cycling_tumor,IDH_Mutant,tumor,1.0,3.4586284775785563,3.4586284775785563,52.05251881221618,0.926,0.089,0.8370000000000001,1.0,1.0,1.0,0.9083364290477598,1.0,1.0,35.0,0.0,18.0,17.0,0.2619954091305924,0.12375513685284249,0.03,1.0,5.0,4.0,35.0,0.02857142857142857,137,1,0,1,7,6410,814,270,136,136,0,0.02857142857142857,1,1,1.0,TAM_microglia,myeloid_bridge,"Shi et al., Cell Stem Cell 2017",0,0.20644877364384978,0.12054482304288132,cc_edges_total=137 (+0.51); deg_log2fc=3.46 (+0.50); cc_cross_compartment_edges=4 (+0.49),"literature gene, other compartment"
662,CXCR4,OPC_GABA_AC_like_tumor,IDH_WT,tumor,0.0,0.0,0.0,0.0,,,0.0,0.0,0.0,0.0,,0.0,2.0,0.0,0.0,0.0,0.0,0.0,0.0,,0.0,0.0,0.0,0.0,,44,0,1,1,2,6202,1012,5384,171,171,0,0.0,0,0,1.0,tumor,growth,"Rubin et al., PNAS 2003",1,0.20632489214942978,0.12581778924382025,cc_edges_total=44 (+1.99); cc_is_ligand=0 (+0.33); cc_n_cells_e1=6.2e+03 (+0.15),literature tier 1 (label)
663,HLA-DRB1,OPC_GABA_like_tumor,IDH_WT,tumor,1.0,-2.102524416392644,2.102524416392644,2.8791467680297225,0.065,0.103,-0.03799999999999999,-1.0,1.0,1.0,-2.1010067905604157,1.0,3.0,0.0,0.0,0.0,0.0,0.0,0.0,,0.0,0.0,0.0,0.0,,14,1,0,1,5,6741,14114,5040,1935,1935,0,-0.0,0,0,,,,,0,0.20574561844585415,0.08488332605403397,deg_n_celltypes_sig=3 (+0.50); deg_pct_e1=0.103 (+0.14); cc_n_cells_e1=6.74e+03 (+0.13),novel
664,HBEGF,OPC_GABA_like_tumor,IDH_WT,tumor,0.0,0.0,0.0,0.0,,,0.0,0.0,0.0,0.0,,0.0,2.0,0.0,0.0,0.0,0.0,0.0,0.0,,0.0,0.0,0.0,0.0,,7,1,0,1,1,6741,14114,5040,1935,1935,0,0.0,0,0,,,,,0,0.20517154978807514,0.06867174758686703,cc_n_cells_e1=6.74e+03 (+0.14); cc_n_celltypes_total=1 (+0.06); cc_edges_e2=0 (+0.04),novel
665,CLSTN1,OPC_GABA_like_tumor,IDH_WT,tumor,0.0,0.0,0.0,0.0,,,0.0,0.0,0.0,0.0,,0.0,2.0,0.0,6.0,6.0,0.0,0.012676328998952,0.004119700281260216,0.0,1.0,4.0,0.0,6.0,1.0,12,0,1,1,2,6741,14114,5040,1935,1935,0,0.0,0,0,,,,,0,0.20510500936822443,0.08936760396704153,cc_is_ligand=0 (+0.32); cc_n_cells_e1=6.74e+03 (+0.14); cc_edges_total=12 (+0.08),novel
666,LRP1,cycling_tumor,IDH_Mutant,tumor,0.0,0.0,0.0,0.0,,,0.0,0.0,0.0,0.0,,0.0,1.0,0.0,1.0,1.0,0.0,0.0014757899052933,0.0014757899052933,0.0,1.0,1.0,0.0,1.0,1.0,7,0,1,1,4,6410,814,270,136,136,0,0.0,1,0,,,,,0,0.2046813365838008,0.057676475682632074,cc_is_ligand=0 (+0.30); cc_n_cells_e1=6.41e+03 (+0.13); cc_n_cells_e2=814 (+0.06),novel
667,PTPRC,cycling_tumor,IDH_WT,tumor,1.0,-5.81135211004621,5.81135211004621,12.986010701771058,0.008,0.116,-0.10800000000000001,-1.0,1.0,1.0,-5.434248611522105,1.0,3.0,0.0,0.0,0.0,0.0,0.0,0.0,,0.0,0.0,0.0,0.0,,8,1,1,2,2,6410,814,5847,663,663,0,-0.0,0,0,,,,,0,0.20440231885298768,0.0719990206497046,deg_n_celltypes_sig=3 (+0.44); deg_pct_e1=0.116 (+0.15); cc_n_cells_e1=6.41e+03 (+0.13),novel
668,GRIK2,T cell,IDH_WT,T_cell,0.0,0.0,0.0,0.0,,,0.0,0.0,0.0,0.0,,0.0,2.0,0.0,0.0,0.0,0.0,0.0,0.0,,0.0,0.0,0.0,0.0,,6,0,1,1,2,2662,1463,1681,1118,1118,0,0.0,0,0,,,,,0,0.20398601489214058,0.05856300672137859,cc_is_ligand=0 (+0.34); cc_edges_total=6 (+0.09); cc_edges_e2=0 (+0.04),novel
669,HLA-DRB1,cycling_tumor,IDH_WT,tumor,1.0,-6.54685114339685,6.54685114339685,88.82559256879834,0.047,0.463,-0.41600000000000004,-1.0,1.0,1.0,-5.978607762733578,1.0,3.0,2.0,0.0,0.0,2.0,0.0072428603962872,0.003925841771916736,0.0,1.0,1.0,2.0,2.0,-1.0,14,1,0,1,5,6410,814,5847,663,663,0,1.0,0,1,,,,,0,0.20396409098373866,0.04745729349252092,deg_n_celltypes_sig=3 (+0.39); cc_cross_compartment_edges=2 (+0.35); cc_n_cells_e1=6.41e+03 (+0.14),novel
670,GRIA2,OPC_GABA_AC_like_tumor,IDH_WT,tumor,0.0,0.0,0.0,0.0,,,0.0,0.0,0.0,0.0,,0.0,2.0,0.0,0.0,0.0,0.0,0.0,0.0,,0.0,0.0,0.0,0.0,,12,0,1,1,3,6202,1012,5384,171,171,0,0.0,0,0,1.0,tumor,neuron_tumor,"Venkatesh et al., Nature 2019; Venkataramani et al., Nature 2019",1,0.20382637643691964,0.08201524082604869,cc_is_ligand=0 (+0.33); cc_n_cells_e1=6.2e+03 (+0.14); cc_n_cells_e2=1.01e+03 (+0.06),literature tier 1 (label)
671,ITGB1,cycling_tumor,IDH_Mutant,tumor,0.0,0.0,0.0,0.0,,,0.0,0.0,0.0,0.0,,0.0,1.0,0.0,12.0,12.0,0.0,0.029255088299547,0.01293040491931679,0.0,2.0,7.0,5.0,12.0,1.0,36,0,1,2,3,6410,814,270,136,136,0,0.0,1,0,,,,,0,0.20380678151217407,0.09930527426756637,cc_cross_compartment_edges=5 (+0.39); cc_is_ligand=0 (+0.30); cc_n_cells_e1=6.41e+03 (+0.12),novel
672,TREM2,T cell,IDH_Mutant,T_cell,0.0,0.0,0.0,0.0,,,0.0,0.0,0.0,0.0,,0.0,1.0,0.0,0.0,0.0,0.0,0.0,0.0,,0.0,0.0,0.0,0.0,,57,0,1,2,2,2662,1463,941,334,334,0,0.0,1,0,2.0,TAM_microglia,myeloid_bridge,TAM marker (pathway-level),0,0.2035478955181412,0.15446301288145703,cc_edges_total=57 (+0.67); cc_is_ligand=0 (+0.31); cc_edges_e2=0 (+0.04),"literature gene, other compartment"
673,TNFRSF1A,OPC_GABA_like_tumor,IDH_WT,tumor,0.0,0.0,0.0,0.0,,,0.0,0.0,0.0,0.0,,0.0,1.0,0.0,0.0,0.0,0.0,0.0,0.0,,0.0,0.0,0.0,0.0,,1,0,1,1,1,6741,14114,5040,1935,1935,0,0.0,0,0,,,,,0,0.2035280275946259,0.08216859651574923,cc_is_ligand=0 (+0.16); cc_n_cells_e1=6.74e+03 (+0.11); cc_n_celltypes_total=1 (+0.06),novel
674,PTPRD,OPC_GABA_AC_like_tumor,IDH_Mutant,tumor,0.0,0.0,0.0,0.0,,,0.0,0.0,0.0,0.0,,0.0,1.0,0.0,0.0,0.0,0.0,0.0,0.0,,0.0,0.0,0.0,0.0,,1,0,1,1,1,6202,1012,352,742,352,0,0.0,1,0,,,,,0,0.20306551290576755,0.04972685157894957,cc_is_ligand=0 (+0.16); cc_n_cells_e1=6.2e+03 (+0.12); cc_n_celltypes_total=1 (+0.07),novel
675,CD69,AC_like_tumor,IDH_WT,tumor,0.0,0.0,0.0,0.0,,,0.0,0.0,0.0,0.0,,0.0,2.0,0.0,0.0,0.0,0.0,0.0,0.0,,0.0,0.0,0.0,0.0,,6,1,0,1,2,72549,446,64812,108,108,0,0.0,0,0,,,,,0,0.2029475852902264,0.05382728600387308,cc_n_cells_e1=7.25e+04 (+0.14); cc_n_cells_e2=446 (+0.05); cc_edges_e2=0 (+0.04),novel
676,GLS,AC_like_tumor,IDH_Mutant,tumor,1.0,0.5776595965084482,0.5776595965084482,1.6526299934287525,0.216,0.113,0.103,1.0,0.0,0.0,1.0697997501902503,1.0,2.0,0.0,0.0,0.0,0.0,0.0,0.0,,0.0,0.0,0.0,0.0,,39,1,0,1,2,72549,446,4249,283,283,0,0.0,1,0,,,,,0,0.20290708923545347,0.06249994190972808,deg_log2fc=0.578 (+0.22); deg_pct_diff=0.103 (+0.16); deg_pct_e1=0.113 (+0.14),novel
677,CD69,cycling_tumor,IDH_WT,tumor,0.0,0.0,0.0,0.0,,,0.0,0.0,0.0,0.0,,0.0,2.0,0.0,0.0,0.0,0.0,0.0,0.0,,0.0,0.0,0.0,0.0,,6,1,0,1,2,6410,814,5847,663,663,0,0.0,0,0,,,,,0,0.2022759017290146,0.05627714955461951,cc_n_cells_e1=6.41e+03 (+0.14); cc_n_cells_e2=814 (+0.05); cc_edges_e2=0 (+0.04),novel
678,HLA-DRB1,cycling_tumor,IDH_Mutant,tumor,1.0,-5.53062790437838,5.53062790437838,21.61862166400782,0.103,0.641,-0.538,-1.0,1.0,1.0,-5.978607762733578,1.0,4.0,2.0,0.0,0.0,2.0,0.0072428603962872,0.003925841771916736,0.0,1.0,1.0,2.0,2.0,-1.0,14,1,0,1,5,6410,814,270,136,136,0,1.0,1,1,,,,,0,0.20201767625922668,0.05535273245001489,deg_n_celltypes_sig=4 (+0.42); cc_cross_compartment_edges=2 (+0.35); cc_n_cells_e1=6.41e+03 (+0.14),novel
679,PTGER4,OPC_GABA_like_tumor,IDH_Mutant,tumor,0.0,0.0,0.0,0.0,,,0.0,0.0,0.0,0.0,,0.0,0.0,0.0,0.0,0.0,0.0,0.0,0.0,,0.0,0.0,0.0,0.0,,14,0,1,1,1,6741,14114,1658,11741,1658,0,0.0,1,0,,,,,0,0.2018872860341808,0.024929267091694504,cc_is_ligand=0 (+0.27); cc_n_cells_e1=6.74e+03 (+0.11); cc_n_celltypes_total=1 (+0.06),novel
680,CXCR4,cycling_tumor,IDH_Mutant,tumor,1.0,-5.197459349206778,5.197459349206778,3.432866052814531,0.015,0.233,-0.21800000000000003,-1.0,1.0,1.0,-3.621523269376044,1.0,3.0,0.0,0.0,0.0,0.0,0.0,0.0,,0.0,0.0,0.0,0.0,,44,0,1,1,2,6410,814,270,136,136,0,-0.0,1,0,1.0,tumor,growth,"Rubin et al., PNAS 2003",1,0.2017227042639777,0.09424512580452724,cc_edges_total=44 (+1.95); cc_is_ligand=0 (+0.35); deg_n_celltypes_sig=3 (+0.30),literature tier 1 (label)
681,ADORA3,TAM1/TAM2/microglia,IDH_WT,TAM_microglia,1.0,0.5865694265585446,0.5865694265585446,32.10623758005057,0.319,0.2,0.119,1.0,0.0,0.0,0.8332713766127892,1.0,1.0,1.0,0.0,1.0,0.0,0.0039014203393133,0.0039014203393133,0.0,1.0,1.0,0.0,1.0,1.0,1,1,0,1,1,12086,25922,9696,2745,2745,0,1.0,0,1,,,,,0,0.20161512337314963,0.08539956818902827,deg_log2fc=0.587 (+0.22); deg_pct_diff=0.119 (+0.17); cc_n_cells_e1=1.21e+04 (+0.10),novel
682,NLGN1,AC_like_tumor,IDH_WT,tumor,0.0,0.0,0.0,0.0,,,0.0,0.0,0.0,0.0,,0.0,2.0,0.0,6.0,6.0,0.0,0.0072948300004392,0.002365786006153625,0.0,1.0,4.0,0.0,6.0,1.0,18,0,1,1,3,72549,446,64812,108,108,0,0.0,0,0,2.0,tumor,neuron_tumor,Neuroligin family (pathway-level),0,0.20153375583117034,0.07148046763520227,cc_is_ligand=0 (+0.33); cc_n_cells_e1=7.25e+04 (+0.14); cc_n_cells_e2=446 (+0.07),literature tier 2 (unlabeled)
683,NRXN2,OPC_GABA_like_tumor,IDH_Mutant,tumor,1.0,0.5319644209094596,0.5319644209094596,3.4758479554755,0.271,0.216,0.05500000000000002,1.0,0.0,0.0,0.647356780047149,1.0,3.0,10.0,0.0,10.0,0.0,0.0021343800502624,0.0013051518474101863,0.0,1.0,3.0,0.0,10.0,1.0,10,1,0,1,1,6741,14114,1658,11741,1658,0,1.0,1,1,,,,,0,0.20034621087293733,0.11187549804750378,deg_n_celltypes_sig=3 (+0.55); deg_log2fc=0.532 (+0.21); cc_n_cells_e1=6.74e+03 (+0.12),novel
684,PTPRD,AC_like_tumor,IDH_Mutant,tumor,0.0,0.0,0.0,0.0,,,0.0,0.0,0.0,0.0,,0.0,1.0,0.0,0.0,0.0,0.0,0.0,0.0,,0.0,0.0,0.0,0.0,,1,0,1,1,1,72549,446,4249,283,283,0,0.0,1,0,,,,,0,0.20022631017452897,0.04595460969344413,cc_is_ligand=0 (+0.16); cc_n_cells_e1=7.25e+04 (+0.11); cc_n_celltypes_total=1 (+0.07),novel
685,HLA-DRB5,AC_like_tumor,IDH_Mutant,tumor,0.0,0.0,0.0,0.0,,,0.0,0.0,0.0,0.0,,0.0,3.0,0.0,0.0,0.0,0.0,0.0,0.0,,0.0,0.0,0.0,0.0,,4,1,0,1,1,72549,446,4249,283,283,0,0.0,1,0,,,,,0,0.19970708103115414,0.1471851615447033,deg_n_celltypes_sig=3 (+0.48); cc_n_cells_e1=7.25e+04 (+0.14); cc_n_celltypes_total=1 (+0.06),novel
686,SDC3,TAM1/TAM2/microglia,IDH_Mutant,TAM_microglia,0.0,0.0,0.0,0.0,,,0.0,0.0,0.0,0.0,,0.0,1.0,0.0,0.0,0.0,0.0,0.0,0.0,,0.0,0.0,0.0,0.0,,11,0,1,1,1,12086,25922,2106,21701,2106,0,0.0,1,0,,,,,0,0.19905608122831883,0.0657597833162124,cc_is_ligand=0 (+0.24); cc_n_cells_e1=1.21e+04 (+0.12); cc_n_celltypes_total=1 (+0.06),novel
687,LRRTM3,TAM1/TAM2/microglia,IDH_Mutant,TAM_microglia,0.0,0.0,0.0,0.0,,,0.0,0.0,0.0,0.0,,0.0,1.0,0.0,0.0,0.0,0.0,0.0,0.0,,0.0,0.0,0.0,0.0,,6,0,1,1,1,12086,25922,2106,21701,2106,0,0.0,1,0,,,,,0,0.19890959058435742,0.07382198097264853,cc_is_ligand=0 (+0.24); cc_n_cells_e1=1.21e+04 (+0.12); cc_edges_total=6 (+0.10),novel
688,NRCAM,T cell,IDH_Mutant,T_cell,0.0,0.0,0.0,0.0,,,0.0,0.0,0.0,0.0,,0.0,4.0,0.0,0.0,0.0,0.0,0.0,0.0,,0.0,0.0,0.0,0.0,,12,0,1,1,4,2662,1463,941,334,334,0,0.0,1,0,,,,,0,0.19873115122833296,0.07335445372211404,deg_n_celltypes_sig=4 (+0.52); cc_is_ligand=0 (+0.30); cc_edges_total=12 (+0.05),novel
689,HLA-E,OPC_GABA_AC_like_tumor,IDH_Mutant,tumor,1.0,-3.0950851419943675,3.0950851419943675,8.232795862160836,0.022,0.131,-0.10900000000000001,-1.0,0.0,0.0,-2.0956343316487085,1.0,4.0,0.0,0.0,0.0,0.0,0.0,0.0,,0.0,0.0,0.0,0.0,,6,1,0,1,4,6202,1012,352,742,352,0,-0.0,1,0,,,,,0,0.19862737755212195,0.07004008736913149,deg_n_celltypes_sig=4 (+0.50); cc_n_cells_e1=6.2e+03 (+0.14); deg_pct_e1=0.131 (+0.10),novel
690,LRRTM3,T cell,IDH_Mutant,T_cell,0.0,0.0,0.0,0.0,,,0.0,0.0,0.0,0.0,,0.0,1.0,0.0,0.0,0.0,0.0,0.0,0.0,,0.0,0.0,0.0,0.0,,6,0,1,1,1,2662,1463,941,334,334,0,0.0,1,0,,,,,0,0.19825676895267647,0.09590865375140474,cc_is_ligand=0 (+0.30); cc_edges_total=6 (+0.09); cc_n_celltypes_total=1 (+0.09),novel
691,C3AR1,AC_like_tumor,IDH_WT,tumor,0.0,0.0,0.0,0.0,,,0.0,0.0,0.0,0.0,,0.0,1.0,0.0,0.0,0.0,0.0,0.0,0.0,,0.0,0.0,0.0,0.0,,4,0,1,1,1,72549,446,64812,108,108,0,0.0,0,0,,,,,0,0.19782570736384025,0.030131276127204648,cc_is_ligand=0 (+0.23); cc_n_cells_e1=7.25e+04 (+0.12); cc_n_celltypes_total=1 (+0.07),novel
692,HLA-DPB1,OPC_GABA_like_tumor,IDH_WT,tumor,0.0,0.0,0.0,0.0,,,0.0,0.0,0.0,0.0,,0.0,5.0,0.0,0.0,0.0,0.0,0.0,0.0,,0.0,0.0,0.0,0.0,,14,1,0,1,5,6741,14114,5040,1935,1935,0,0.0,0,0,,,,,0,0.197281471180701,0.1072857519359644,deg_n_celltypes_sig=5 (+0.45); cc_n_cells_e1=6.74e+03 (+0.15); deg_pooled_log2fc=nan (+0.04),novel
693,MIF,T cell,IDH_WT,T_cell,0.0,0.0,0.0,0.0,,,0.0,0.0,0.0,0.0,,0.0,3.0,12.0,0.0,6.0,6.0,0.0339427181697322,0.01835433728957329,0.0,1.0,2.0,4.0,12.0,0.0,66,1,0,1,6,2662,1463,1681,1118,1118,0,0.0,0,0,1.0,tumor,myeloid_bridge,"Ghoochani et al., Oncotarget 2016",0,0.19682454049815262,0.06481370242042654,cc_n_partners=2 (+1.12); cc_cross_compartment_edges=4 (+0.60); cc_edges_total=66 (+0.58),"literature gene, other compartment"
694,CXCR4,AC_like_tumor,IDH_WT,tumor,0.0,0.0,0.0,0.0,,,0.0,0.0,0.0,0.0,,0.0,2.0,0.0,0.0,0.0,0.0,0.0,0.0,,0.0,0.0,0.0,0.0,,44,0,1,1,2,72549,446,64812,108,108,0,0.0,0,0,1.0,tumor,growth,"Rubin et al., PNAS 2003",1,0.19680425885972413,0.11733306887311766,cc_edges_total=44 (+1.99); cc_is_ligand=0 (+0.33); cc_n_cells_e1=7.25e+04 (+0.15),literature tier 1 (label)
695,C3AR1,OPC_GABA_AC_like_tumor,IDH_WT,tumor,0.0,0.0,0.0,0.0,,,0.0,0.0,0.0,0.0,,0.0,1.0,0.0,0.0,0.0,0.0,0.0,0.0,,0.0,0.0,0.0,0.0,,4,0,1,1,1,6202,1012,5384,171,171,0,0.0,0,0,,,,,0,0.1966638659430386,0.03076389041254017,cc_is_ligand=0 (+0.23); cc_n_cells_e1=6.2e+03 (+0.12); cc_n_celltypes_total=1 (+0.07),novel
696,MIF,TAM1/TAM2/microglia,IDH_WT,TAM_microglia,1.0,-1.7007417161567784,1.7007417161567784,103.14721343765696,0.254,0.452,-0.198,-1.0,1.0,1.0,-2.387004410374148,1.0,3.0,6.0,0.0,0.0,6.0,0.0301801420527412,0.016768099215291734,0.0,1.0,2.0,4.0,6.0,-1.0,66,1,0,1,6,12086,25922,9696,2745,2745,0,1.0,0,1,1.0,tumor,myeloid_bridge,"Ghoochani et al., Oncotarget 2016",0,0.19633197898290075,0.08238000298875238,cc_n_partners=2 (+1.13); cc_edges_total=66 (+0.64); cc_cross_compartment_edges=4 (+0.60),"literature gene, other compartment"
697,HLA-DRA,cycling_tumor,IDH_WT,tumor,1.0,-6.331888195860917,6.331888195860917,154.87616933734833,0.09,0.652,-0.562,-1.0,1.0,1.0,-5.913342503557029,1.0,5.0,2.0,0.0,0.0,2.0,0.0226256983458374,0.0122774795947623,0.0,1.0,1.0,2.0,2.0,-1.0,20,1,0,1,7,6410,814,5847,663,663,0,1.0,0,1,2.0,TAM_microglia,immune_synapse,MHC-II antigen presentation (pathway-level),0,0.1960095402850678,0.1020173764233878,cc_cross_compartment_edges=2 (+0.43); deg_n_celltypes_sig=5 (+0.29); cc_n_cells_e1=6.41e+03 (+0.14),"literature gene, other compartment"
698,CD44,TAM1/TAM2/microglia,IDH_Mutant,TAM_microglia,0.0,0.0,0.0,0.0,,,0.0,0.0,0.0,0.0,,0.0,1.0,0.0,0.0,0.0,0.0,0.0,0.0,,0.0,0.0,0.0,0.0,,48,0,1,4,1,12086,25922,2106,21701,2106,0,0.0,1,0,1.0,tumor,myeloid_bridge,"Pietras et al., Cell Stem Cell 2014",0,0.19590315107835032,0.06264858266202662,cc_edges_total=48 (+1.96); cc_n_pathways_total=4 (+0.51); cc_is_ligand=0 (+0.24),"literature gene, other compartment"
699,GRIA3,TAM1/TAM2/microglia,IDH_Mutant,TAM_microglia,0.0,0.0,0.0,0.0,,,0.0,0.0,0.0,0.0,,0.0,2.0,0.0,0.0,0.0,0.0,0.0,0.0,,0.0,0.0,0.0,0.0,,6,0,1,1,2,12086,25922,2106,21701,2106,0,0.0,1,0,2.0,tumor,neuron_tumor,"AMPAR subunit family; Venkatesh et al., Nature 2019",0,0.19503738638071025,0.09126915843400857,cc_is_ligand=0 (+0.28); cc_n_cells_e1=1.21e+04 (+0.14); cc_edges_total=6 (+0.09),"literature gene, other compartment"
700,PTGER4,T cell,IDH_WT,T_cell,1.0,-1.0150101641759006,1.0150101641759006,2.7069500239619932,0.076,0.142,-0.06599999999999999,-1.0,0.0,0.0,-0.9382289511343168,1.0,2.0,0.0,0.0,0.0,0.0,0.0,0.0,,0.0,0.0,0.0,0.0,,14,0,1,1,1,2662,1463,1681,1118,1118,0,-0.0,0,0,,,,,0,0.19498807875110358,0.06876873635646745,cc_is_ligand=0 (+0.38); cc_n_celltypes_total=1 (+0.07); deg_abs_log2fc=1.02 (+0.06),novel
701,EGFR,OPC_GABA_AC_like_tumor,IDH_WT,tumor,1.0,-3.884741073233089,3.884741073233089,14.342600748057844,0.064,0.407,-0.34299999999999997,-1.0,0.0,0.0,-2.635357256382062,1.0,3.0,0.0,2.0,0.0,2.0,0.0131137600897326,0.0103901636652432,0.0,1.0,2.0,2.0,2.0,-1.0,14,0,1,1,4,6202,1012,5384,171,171,0,1.0,0,1,1.0,tumor,growth,"Brennan et al., Cell 2013 (TCGA GBM)",1,0.19463269880488665,0.0681946035612252,cc_n_partners=2 (+1.23); cc_cross_compartment_edges=2 (+0.48); deg_n_celltypes_sig=3 (+0.41),literature tier 1 (label)
702,HLA-DRB5,T cell,IDH_Mutant,T_cell,1.0,0.967642772811686,0.967642772811686,1.4481237247366432,0.186,0.085,0.10099999999999999,1.0,0.0,0.0,0.7803796499122759,1.0,3.0,0.0,0.0,0.0,0.0,0.0,0.0,,0.0,0.0,0.0,0.0,,4,1,0,1,1,2662,1463,941,334,334,0,0.0,1,0,,,,,0,0.19397727363716352,0.09968919498299839,deg_log2fc=0.968 (+0.44); deg_n_celltypes_sig=3 (+0.40); deg_pct_diff=0.101 (+0.21),novel
703,AXL,AC_like_tumor,IDH_Mutant,tumor,0.0,0.0,0.0,0.0,,,0.0,0.0,0.0,0.0,,0.0,0.0,0.0,0.0,0.0,0.0,0.0,0.0,,0.0,0.0,0.0,0.0,,1,0,1,1,1,72549,446,4249,283,283,0,0.0,1,0,2.0,"TAM_microglia,tumor",myeloid_bridge,TAM receptor family (pathway-level),0,0.19394113598936752,0.06712734539075413,cc_is_ligand=0 (+0.15); cc_n_cells_e1=7.25e+04 (+0.10); cc_n_celltypes_total=1 (+0.06),literature tier 2 (unlabeled)
704,HLA-DRB5,OPC_GABA_AC_like_tumor,IDH_Mutant,tumor,0.0,0.0,0.0,0.0,,,0.0,0.0,0.0,0.0,,0.0,3.0,0.0,0.0,0.0,0.0,0.0,0.0,,0.0,0.0,0.0,0.0,,4,1,0,1,1,6202,1012,352,742,352,0,0.0,1,0,,,,,0,0.19373140422398277,0.14317273427499497,deg_n_celltypes_sig=3 (+0.48); cc_n_cells_e1=6.2e+03 (+0.14); cc_n_celltypes_total=1 (+0.06),novel
705,SLC1A3,TAM1/TAM2/microglia,IDH_Mutant,TAM_microglia,1.0,0.5232657214623875,0.5232657214623875,70.94462165138104,0.9,0.783,0.11699999999999999,1.0,1.0,1.0,1.4026188000090016,1.0,3.0,13.0,0.0,13.0,0.0,0.0580182501147297,0.014240210546249892,0.0,1.0,4.0,13.0,13.0,1.0,26,1,0,1,2,12086,25922,2106,21701,2106,0,1.0,1,1,,,,,0,0.19351527545432093,0.05439769801039233,deg_n_celltypes_sig=3 (+0.55); cc_cross_compartment_edges=13 (+0.41); deg_pct_diff=0.117 (+0.22),novel
706,CLSTN1,T cell,IDH_WT,T_cell,0.0,0.0,0.0,0.0,,,0.0,0.0,0.0,0.0,,0.0,2.0,0.0,0.0,0.0,0.0,0.0,0.0,,0.0,0.0,0.0,0.0,,12,0,1,1,2,2662,1463,1681,1118,1118,0,0.0,0,0,,,,,0,0.19331965502401938,0.05055996316935504,cc_is_ligand=0 (+0.34); cc_edges_total=12 (+0.05); cc_edges_e2=0 (+0.04),novel
707,NOTCH1,OPC_GABA_like_tumor,IDH_WT,tumor,1.0,1.948206935844322,1.948206935844322,219.237885823532,0.381,0.066,0.315,1.0,0.0,0.0,0.9602272582073454,1.0,2.0,0.0,8.0,8.0,0.0,0.0082329945247519,0.0032351133071600855,0.0,2.0,4.0,0.0,8.0,1.0,16,0,1,2,2,6741,14114,5040,1935,1935,0,1.0,0,1,2.0,tumor,growth,Notch pathway (pathway-level),0,0.19250295364494258,0.11939020239446867,deg_log2fc=1.95 (+0.55); cc_is_ligand=0 (+0.34); deg_pct_e1=0.066 (+0.14),literature tier 2 (unlabeled)
708,AREG,cycling_tumor,IDH_Mutant,tumor,0.0,0.0,0.0,0.0,,,0.0,0.0,0.0,0.0,,0.0,2.0,0.0,0.0,0.0,0.0,0.0,0.0,,0.0,0.0,0.0,0.0,,7,1,0,1,1,6410,814,270,136,136,0,0.0,1,0,,,,,0,0.19196474672944588,0.08518340495892941,cc_n_cells_e1=6.41e+03 (+0.14); cc_n_celltypes_total=1 (+0.06); cc_n_cells_e2=814 (+0.05),novel
709,AXL,OPC_GABA_AC_like_tumor,IDH_Mutant,tumor,0.0,0.0,0.0,0.0,,,0.0,0.0,0.0,0.0,,0.0,0.0,0.0,0.0,0.0,0.0,0.0,0.0,,0.0,0.0,0.0,0.0,,1,0,1,1,1,6202,1012,352,742,352,0,0.0,1,0,2.0,"TAM_microglia,tumor",myeloid_bridge,TAM receptor family (pathway-level),0,0.19157855297224888,0.06649358017355185,cc_is_ligand=0 (+0.15); cc_n_cells_e1=6.2e+03 (+0.10); cc_n_celltypes_total=1 (+0.06),literature tier 2 (unlabeled)
710,TNF,TAM1/TAM2/microglia,IDH_Mutant,TAM_microglia,1.0,1.3132675410875527,1.3132675410875527,80.4831079865942,0.506,0.299,0.20700000000000002,1.0,1.0,1.0,1.9618168414402013,1.0,1.0,3.0,0.0,3.0,0.0,0.0066747111237441,0.005627865693459934,0.0,1.0,1.0,0.0,3.0,1.0,3,1,0,1,1,12086,25922,2106,21701,2106,0,1.0,1,1,,,,,0,0.1914993453569473,0.07531448466746232,deg_log2fc=1.31 (+0.53); deg_pct_diff=0.207 (+0.17); cc_n_cells_e1=1.21e+04 (+0.10),novel
711,NLGN1,OPC_GABA_like_tumor,IDH_Mutant,tumor,0.0,0.0,0.0,0.0,,,0.0,0.0,0.0,0.0,,0.0,2.0,0.0,6.0,6.0,0.0,0.0202156564962208,0.0065894255343515165,0.0,1.0,4.0,0.0,6.0,1.0,18,0,1,1,3,6741,14114,1658,11741,1658,0,0.0,1,0,2.0,tumor,neuron_tumor,Neuroligin family (pathway-level),0,0.19144176238350039,0.0679814908152018,cc_is_ligand=0 (+0.32); cc_n_cells_e1=6.74e+03 (+0.14); cc_edges_e2=6 (+0.03),literature tier 2 (unlabeled)
712,CXCR4,cycling_tumor,IDH_WT,tumor,1.0,-3.752771544044781,3.752771544044781,8.281028437853859,0.026,0.117,-0.09100000000000001,-1.0,1.0,1.0,-3.621523269376044,1.0,2.0,0.0,0.0,0.0,0.0,0.0,0.0,,0.0,0.0,0.0,0.0,,44,0,1,1,2,6410,814,5847,663,663,0,-0.0,0,0,1.0,tumor,growth,"Rubin et al., PNAS 2003",1,0.19033437623122193,0.1257297351144222,cc_edges_total=44 (+1.98); cc_is_ligand=0 (+0.38); cc_n_cells_e1=6.41e+03 (+0.14),literature tier 1 (label)
713,C3AR1,cycling_tumor,IDH_WT,tumor,0.0,0.0,0.0,0.0,,,0.0,0.0,0.0,0.0,,0.0,1.0,0.0,0.0,0.0,0.0,0.0,0.0,,0.0,0.0,0.0,0.0,,4,0,1,1,1,6410,814,5847,663,663,0,0.0,0,0,,,,,0,0.1900459782198604,0.028153667847022477,cc_is_ligand=0 (+0.23); cc_n_cells_e1=6.41e+03 (+0.12); cc_n_celltypes_total=1 (+0.07),novel
714,AXL,cycling_tumor,IDH_Mutant,tumor,0.0,0.0,0.0,0.0,,,0.0,0.0,0.0,0.0,,0.0,0.0,0.0,0.0,0.0,0.0,0.0,0.0,,0.0,0.0,0.0,0.0,,1,0,1,1,1,6410,814,270,136,136,0,0.0,1,0,2.0,"TAM_microglia,tumor",myeloid_bridge,TAM receptor family (pathway-level),0,0.189995061423557,0.06911339677907159,cc_is_ligand=0 (+0.15); cc_n_cells_e1=6.41e+03 (+0.10); cc_n_celltypes_total=1 (+0.06),literature tier 2 (unlabeled)
715,PDGFA,TAM1/TAM2/microglia,IDH_Mutant,TAM_microglia,1.0,1.8013384616413457,1.8013384616413457,18.0269292351144,0.1,0.034,0.066,1.0,1.0,1.0,1.0941414152147104,1.0,1.0,0.0,0.0,0.0,0.0,0.0,0.0,,0.0,0.0,0.0,0.0,,3,1,0,1,1,12086,25922,2106,21701,2106,0,0.0,1,0,,,,,0,0.1898438728817261,0.12685312125567114,deg_log2fc=1.8 (+0.48); deg_pct_e1=0.034 (+0.17); cc_n_cells_e1=1.21e+04 (+0.10),novel
716,AREG,OPC_GABA_AC_like_tumor,IDH_Mutant,tumor,0.0,0.0,0.0,0.0,,,0.0,0.0,0.0,0.0,,0.0,2.0,0.0,0.0,0.0,0.0,0.0,0.0,,0.0,0.0,0.0,0.0,,7,1,0,1,1,6202,1012,352,742,352,0,0.0,1,0,,,,,0,0.18956664960113284,0.08505166967649214,cc_n_cells_e1=6.2e+03 (+0.14); cc_n_celltypes_total=1 (+0.06); cc_n_cells_e2=1.01e+03 (+0.05),novel
717,SORL1,OPC_GABA_like_tumor,IDH_Mutant,tumor,1.0,-3.531974069723913,3.531974069723913,300.0,0.043,0.403,-0.36000000000000004,-1.0,1.0,1.0,-2.7243142298484098,1.0,3.0,0.0,0.0,0.0,0.0,0.0,0.0,,0.0,0.0,0.0,0.0,,14,0,1,1,1,6741,14114,1658,11741,1658,0,-0.0,1,0,,,,,0,0.18915006415345995,0.061085748328191865,cc_is_ligand=0 (+0.33); deg_n_celltypes_sig=3 (+0.32); cc_n_cells_e1=6.74e+03 (+0.13),novel
718,SLC1A3,OPC_GABA_AC_like_tumor,IDH_Mutant,tumor,0.0,0.0,0.0,0.0,,,0.0,0.0,0.0,0.0,,0.0,3.0,0.0,0.0,0.0,0.0,0.0,0.0,,0.0,0.0,0.0,0.0,,26,1,0,1,2,6202,1012,352,742,352,0,0.0,1,0,,,,,0,0.18910921925931395,0.05520803881314486,deg_n_celltypes_sig=3 (+0.50); cc_n_cells_e1=6.2e+03 (+0.15); cc_n_cells_e2=1.01e+03 (+0.05),novel
719,P4HB,OPC_GABA_like_tumor,IDH_WT,tumor,0.0,0.0,0.0,0.0,,,0.0,0.0,0.0,0.0,,0.0,2.0,0.0,2.0,1.0,1.0,0.0013611245332281,0.00135107769115995,0.0,1.0,1.0,2.0,2.0,0.0,5,0,1,1,3,6741,14114,5040,1935,1935,0,0.0,0,0,,,,,0,0.1887007973518117,0.06726845517192523,cc_cross_compartment_edges=2 (+0.42); cc_is_ligand=0 (+0.25); cc_n_cells_e1=6.74e+03 (+0.14),novel
720,HLA-DRA,TAM1/TAM2/microglia,IDH_WT,TAM_microglia,0.0,0.0,0.0,0.0,,,0.0,0.0,0.0,0.0,,0.0,5.0,4.0,0.0,2.0,2.0,0.0431531889546866,0.02156299090804295,0.0,1.0,1.0,0.0,4.0,0.0,20,1,0,1,7,12086,25922,9696,2745,2745,0,0.0,0,0,2.0,TAM_microglia,immune_synapse,MHC-II antigen presentation (pathway-level),0,0.18832232706850813,0.06883152497512778,deg_n_celltypes_sig=5 (+0.48); cc_n_cells_e1=1.21e+04 (+0.15); cc_edges_e2=2 (+0.05),literature tier 2 (unlabeled)
721,JAM3,TAM1/TAM2/microglia,IDH_WT,TAM_microglia,0.0,0.0,0.0,0.0,,,0.0,0.0,0.0,0.0,,0.0,3.0,0.0,0.0,0.0,0.0,0.0,0.0,,0.0,0.0,0.0,0.0,,3,1,1,1,1,12086,25922,9696,2745,2745,0,0.0,0,0,,,,,0,0.18798646489919407,0.08972840122074698,deg_n_celltypes_sig=3 (+0.51); cc_n_cells_e1=1.21e+04 (+0.14); cc_n_celltypes_total=1 (+0.06),novel
722,PDGFRA,T cell,IDH_WT,T_cell,0.0,0.0,0.0,0.0,,,0.0,0.0,0.0,0.0,,0.0,4.0,0.0,0.0,0.0,0.0,0.0,0.0,,0.0,0.0,0.0,0.0,,6,0,1,1,3,2662,1463,1681,1118,1118,0,0.0,0,0,1.0,tumor,growth,"Brennan et al., Cell 2013; Verhaak et al., Cancer Cell 2010",0,0.18773012898440136,0.07880582961913062,deg_n_celltypes_sig=4 (+0.50); cc_is_ligand=0 (+0.30); cc_edges_total=6 (+0.09),"literature gene, other compartment"
723,AXL,OPC_GABA_AC_like_tumor,IDH_WT,tumor,0.0,0.0,0.0,0.0,,,0.0,0.0,0.0,0.0,,0.0,0.0,0.0,0.0,0.0,0.0,0.0,0.0,,0.0,0.0,0.0,0.0,,1,0,1,1,1,6202,1012,5384,171,171,0,0.0,0,0,2.0,"TAM_microglia,tumor",myeloid_bridge,TAM receptor family (pathway-level),0,0.18702683053732802,0.05931393703002247,cc_is_ligand=0 (+0.15); cc_n_cells_e1=6.2e+03 (+0.10); cc_n_celltypes_total=1 (+0.06),literature tier 2 (unlabeled)
724,PDGFRA,T cell,IDH_Mutant,T_cell,0.0,0.0,0.0,0.0,,,0.0,0.0,0.0,0.0,,0.0,4.0,0.0,0.0,0.0,0.0,0.0,0.0,,0.0,0.0,0.0,0.0,,6,0,1,1,3,2662,1463,941,334,334,0,0.0,1,0,1.0,tumor,growth,"Brennan et al., Cell 2013; Verhaak et al., Cancer Cell 2010",0,0.18686958229244252,0.07814581106102217,deg_n_celltypes_sig=4 (+0.50); cc_is_ligand=0 (+0.30); cc_edges_total=6 (+0.09),"literature gene, other compartment"
725,AREG,AC_like_tumor,IDH_Mutant,tumor,0.0,0.0,0.0,0.0,,,0.0,0.0,0.0,0.0,,0.0,2.0,0.0,0.0,0.0,0.0,0.0,0.0,,0.0,0.0,0.0,0.0,,7,1,0,1,1,72549,446,4249,283,283,0,0.0,1,0,,,,,0,0.18638377664629807,0.07990323245683438,cc_n_cells_e1=7.25e+04 (+0.14); cc_n_celltypes_total=1 (+0.06); cc_n_cells_e2=446 (+0.05),novel
726,TGFBR2,cycling_tumor,IDH_Mutant,tumor,1.0,-6.8844254226233375,6.8844254226233375,1.458308263742727,0.0,0.156,-0.156,-1.0,0.0,0.0,,0.0,2.0,0.0,0.0,0.0,0.0,0.0,0.0,,0.0,0.0,0.0,0.0,,4,0,1,1,1,6410,814,270,136,136,0,-0.0,1,0,,,,,0,0.18628414664777332,0.0581114417177482,cc_is_ligand=0 (+0.29); cc_n_cells_e1=6.41e+03 (+0.12); cc_n_celltypes_total=1 (+0.06),novel
727,COL9A1,cycling_tumor,IDH_WT,tumor,1.0,4.55887403212976,4.55887403212976,300.0,0.341,0.011,0.33,1.0,0.0,0.0,4.418977772799232,1.0,2.0,5.0,0.0,5.0,0.0,0.0026257015067272,0.00177275463141162,0.0,1.0,3.0,2.0,5.0,1.0,5,1,0,1,1,6410,814,5847,663,663,0,1.0,0,1,,,,,0,0.18602133971057716,0.03685191175055883,deg_log2fc=4.56 (+0.52); cc_cross_compartment_edges=2 (+0.21); deg_pct_diff=0.33 (+0.17),novel
728,DLL3,TAM1/TAM2/microglia,IDH_WT,TAM_microglia,0.0,0.0,0.0,0.0,,,0.0,0.0,0.0,0.0,,0.0,4.0,0.0,0.0,0.0,0.0,0.0,0.0,,0.0,0.0,0.0,0.0,,8,1,0,1,4,12086,25922,9696,2745,2745,0,0.0,0,0,1.0,tumor,growth,"Spino et al., Clin Cancer Res 2019 (IDH-mutant glioma)",0,0.18589682342000727,0.046946019787928416,deg_n_celltypes_sig=4 (+0.61); cc_n_cells_e1=1.21e+04 (+0.15); deg_pooled_log2fc=nan (+0.04),"literature gene, other compartment"
729,GPR37L1,TAM1/TAM2/microglia,IDH_WT,TAM_microglia,0.0,0.0,0.0,0.0,,,0.0,0.0,0.0,0.0,,0.0,0.0,0.0,0.0,0.0,0.0,0.0,0.0,,0.0,0.0,0.0,0.0,,9,0,1,1,1,12086,25922,9696,2745,2745,0,0.0,0,0,,,,,0,0.1857132009498086,0.02924431537639926,cc_is_ligand=0 (+0.24); cc_n_cells_e1=1.21e+04 (+0.11); cc_n_celltypes_total=1 (+0.06),novel
730,HLA-DMA,AC_like_tumor,IDH_Mutant,tumor,0.0,0.0,0.0,0.0,,,0.0,0.0,0.0,0.0,,0.0,2.0,0.0,0.0,0.0,0.0,0.0,0.0,,0.0,0.0,0.0,0.0,,8,1,0,1,3,72549,446,4249,283,283,0,0.0,1,0,,,,,0,0.18538248029783763,0.045260616424633346,cc_n_cells_e1=7.25e+04 (+0.14); cc_n_cells_e2=446 (+0.05); cc_edges_e2=0 (+0.04),novel
731,HLA-DRA,AC_like_tumor,IDH_Mutant,tumor,1.0,-1.6811244989658287,1.6811244989658287,1.6692340129231094,0.339,0.42,-0.08099999999999996,-1.0,1.0,1.0,-2.076948134283445,1.0,5.0,4.0,0.0,2.0,2.0,0.0076760484327047,0.002627653342575854,0.0,1.0,1.0,4.0,4.0,0.0,20,1,0,1,7,72549,446,4249,283,283,0,-0.0,1,1,2.0,TAM_microglia,immune_synapse,MHC-II antigen presentation (pathway-level),0,0.18517721789868885,0.08341735476315557,deg_n_celltypes_sig=5 (+0.38); cc_cross_compartment_edges=4 (+0.35); cc_n_cells_e1=7.25e+04 (+0.14),"literature gene, other compartment"
732,CD74,TAM1/TAM2/microglia,IDH_Mutant,TAM_microglia,1.0,-0.6488107755664014,0.6488107755664014,154.4193713096651,0.961,0.979,-0.018000000000000016,-1.0,0.0,0.0,-0.3063398180010166,1.0,4.0,0.0,36.0,18.0,18.0,0.1172844910109071,0.05013193574605534,0.0,2.0,6.0,34.0,36.0,0.0,109,0,1,2,6,12086,25922,2106,21701,2106,0,-0.0,1,1,1.0,TAM_microglia,myeloid_bridge,"Ghoochani et al., Oncotarget 2016",1,0.18427545394900116,0.14026521468230807,cc_edges_total=109 (+0.75); deg_n_celltypes_sig=4 (+0.72); cc_cross_compartment_edges=34 (+0.63),literature tier 1 (label)
733,TNF,TAM1/TAM2/microglia,IDH_WT,TAM_microglia,1.0,1.3848520706951286,1.3848520706951286,103.47837557536793,0.332,0.146,0.18600000000000003,1.0,1.0,1.0,1.9618168414402013,1.0,1.0,3.0,0.0,3.0,0.0,0.0066747111237441,0.005627865693459934,0.0,1.0,1.0,0.0,3.0,1.0,3,1,0,1,1,12086,25922,9696,2745,2745,0,1.0,0,1,,,,,0,0.18426167411584043,0.06610517626329944,deg_log2fc=1.38 (+0.53); deg_pct_diff=0.186 (+0.18); cc_n_cells_e1=1.21e+04 (+0.10),novel
734,PTPRD,T cell,IDH_WT,T_cell,0.0,0.0,0.0,0.0,,,0.0,0.0,0.0,0.0,,0.0,3.0,0.0,0.0,0.0,0.0,0.0,0.0,,0.0,0.0,0.0,0.0,,1,0,1,1,1,2662,1463,1681,1118,1118,0,0.0,0,0,,,,,0,0.18407675308079732,0.05603861354277033,deg_n_celltypes_sig=3 (+0.42); cc_is_ligand=0 (+0.17); cc_n_celltypes_total=1 (+0.07),novel
735,LRP1,T cell,IDH_WT,T_cell,0.0,0.0,0.0,0.0,,,0.0,0.0,0.0,0.0,,0.0,2.0,0.0,0.0,0.0,0.0,0.0,0.0,,0.0,0.0,0.0,0.0,,7,0,1,1,4,2662,1463,1681,1118,1118,0,0.0,0,0,,,,,0,0.18399361862270186,0.04607094036681772,cc_is_ligand=0 (+0.34); cc_edges_total=7 (+0.05); cc_edges_e2=0 (+0.04),novel
736,TGFBR1,OPC_GABA_AC_like_tumor,IDH_WT,tumor,0.0,0.0,0.0,0.0,,,0.0,0.0,0.0,0.0,,0.0,2.0,0.0,0.0,0.0,0.0,0.0,0.0,,0.0,0.0,0.0,0.0,,4,0,1,1,1,6202,1012,5384,171,171,0,0.0,0,0,,,,,0,0.18392330391753753,0.09092417191606157,cc_is_ligand=0 (+0.26); cc_n_cells_e1=6.2e+03 (+0.13); cc_n_celltypes_total=1 (+0.07),novel
737,C3AR1,cycling_tumor,IDH_Mutant,tumor,1.0,-4.2010625640353165,4.2010625640353165,3.7295459675818354,0.037,0.274,-0.23700000000000002,-1.0,0.0,0.0,,0.0,2.0,0.0,0.0,0.0,0.0,0.0,0.0,,0.0,0.0,0.0,0.0,,4,0,1,1,1,6410,814,270,136,136,0,-0.0,1,0,,,,,0,0.1838126328839337,0.04060496660889528,cc_is_ligand=0 (+0.29); cc_n_cells_e1=6.41e+03 (+0.12); deg_abs_log2fc=4.2 (+0.07),novel
738,KLRC2,TAM1/TAM2/microglia,IDH_WT,TAM_microglia,0.0,0.0,0.0,0.0,,,0.0,0.0,0.0,0.0,,0.0,0.0,0.0,0.0,0.0,0.0,0.0,0.0,,0.0,0.0,0.0,0.0,,6,0,1,1,1,12086,25922,9696,2745,2745,0,0.0,0,0,,,,,0,0.18380831632362135,0.07225407337549461,cc_is_ligand=0 (+0.24); cc_n_cells_e1=1.21e+04 (+0.11); cc_edges_total=6 (+0.10),novel
739,PTGES3,TAM1/TAM2/microglia,IDH_WT,TAM_microglia,0.0,0.0,0.0,0.0,,,0.0,0.0,0.0,0.0,,0.0,3.0,2.0,0.0,1.0,1.0,0.0070705546616578,0.00699289006561315,0.0,1.0,1.0,0.0,2.0,0.0,13,1,0,1,7,12086,25922,9696,2745,2745,0,0.0,0,0,,,,,0,0.18372520812560456,0.06631722208136458,deg_n_celltypes_sig=3 (+0.55); cc_n_cells_e1=1.21e+04 (+0.15); deg_pooled_log2fc=nan (+0.04),novel
740,CD69,AC_like_tumor,IDH_Mutant,tumor,0.0,0.0,0.0,0.0,,,0.0,0.0,0.0,0.0,,0.0,1.0,0.0,0.0,0.0,0.0,0.0,0.0,,0.0,0.0,0.0,0.0,,6,1,0,1,2,72549,446,4249,283,283,0,0.0,1,0,,,,,0,0.18363290585273717,0.04372345840055234,cc_n_cells_e1=7.25e+04 (+0.13); cc_n_cells_e2=446 (+0.05); cc_edges_e2=0 (+0.04),novel
741,LILRB4,AC_like_tumor,IDH_Mutant,tumor,0.0,0.0,0.0,0.0,,,0.0,0.0,0.0,0.0,,0.0,2.0,0.0,0.0,0.0,0.0,0.0,0.0,,0.0,0.0,0.0,0.0,,4,0,1,1,1,72549,446,4249,283,283,0,0.0,1,0,2.0,TAM_microglia,myeloid_bridge,Myeloid checkpoint (pathway-level),0,0.18343975409199145,0.06737239550477814,cc_is_ligand=0 (+0.26); cc_n_cells_e1=7.25e+04 (+0.13); cc_n_celltypes_total=1 (+0.07),"literature gene, other compartment"
742,GPR37L1,T cell,IDH_Mutant,T_cell,0.0,0.0,0.0,0.0,,,0.0,0.0,0.0,0.0,,0.0,1.0,0.0,0.0,0.0,0.0,0.0,0.0,,0.0,0.0,0.0,0.0,,9,0,1,1,1,2662,1463,941,334,334,0,0.0,1,0,,,,,0,0.18338149733843553,0.06027665339438513,cc_is_ligand=0 (+0.30); cc_n_celltypes_total=1 (+0.08); cc_edges_e2=0 (+0.04),novel
743,SLITRK2,T cell,IDH_Mutant,T_cell,0.0,0.0,0.0,0.0,,,0.0,0.0,0.0,0.0,,0.0,1.0,0.0,0.0,0.0,0.0,0.0,0.0,,0.0,0.0,0.0,0.0,,1,1,0,1,1,2662,1463,941,334,334,0,0.0,1,0,,,,,0,0.1829286195081521,0.09046569188149065,cc_n_celltypes_total=1 (+0.09); cc_is_receptor=0 (+0.08); deg_pooled_log2fc=nan (+0.04),novel
744,AREG,OPC_GABA_AC_like_tumor,IDH_WT,tumor,0.0,0.0,0.0,0.0,,,0.0,0.0,0.0,0.0,,0.0,2.0,0.0,0.0,0.0,0.0,0.0,0.0,,0.0,0.0,0.0,0.0,,7,1,0,1,1,6202,1012,5384,171,171,0,0.0,0,0,,,,,0,0.1828641561030281,0.07456402962731885,cc_n_cells_e1=6.2e+03 (+0.14); cc_n_celltypes_total=1 (+0.06); cc_n_cells_e2=1.01e+03 (+0.05),novel
745,ITGB1,TAM1/TAM2/microglia,IDH_Mutant,TAM_microglia,0.0,0.0,0.0,0.0,,,0.0,0.0,0.0,0.0,,0.0,1.0,0.0,12.0,12.0,0.0,0.0342673920775937,0.01516661356754101,0.0,2.0,7.0,10.0,12.0,1.0,36,0,1,2,3,12086,25922,2106,21701,2106,0,0.0,1,0,,,,,0,0.18268543451170546,0.09001735070495669,cc_cross_compartment_edges=10 (+0.44); cc_is_ligand=0 (+0.23); cc_n_cells_e1=1.21e+04 (+0.12),novel
746,AXL,AC_like_tumor,IDH_WT,tumor,0.0,0.0,0.0,0.0,,,0.0,0.0,0.0,0.0,,0.0,0.0,0.0,0.0,0.0,0.0,0.0,0.0,,0.0,0.0,0.0,0.0,,1,0,1,1,1,72549,446,64812,108,108,0,0.0,0,0,2.0,"TAM_microglia,tumor",myeloid_bridge,TAM receptor family (pathway-level),0,0.18266618178973132,0.05645460272600686,cc_is_ligand=0 (+0.15); cc_n_cells_e1=7.25e+04 (+0.10); cc_n_celltypes_total=1 (+0.06),literature tier 2 (unlabeled)
747,LILRB4,OPC_GABA_AC_like_tumor,IDH_Mutant,tumor,0.0,0.0,0.0,0.0,,,0.0,0.0,0.0,0.0,,0.0,2.0,0.0,0.0,0.0,0.0,0.0,0.0,,0.0,0.0,0.0,0.0,,4,0,1,1,1,6202,1012,352,742,352,0,0.0,1,0,2.0,TAM_microglia,myeloid_bridge,Myeloid checkpoint (pathway-level),0,0.18248319900307058,0.06482864259320405,cc_is_ligand=0 (+0.26); cc_n_cells_e1=6.2e+03 (+0.13); cc_n_celltypes_total=1 (+0.07),"literature gene, other compartment"
748,TGFBR1,TAM1/TAM2/microglia,IDH_Mutant,TAM_microglia,1.0,1.1879902171924317,1.1879902171924317,57.04143479649057,0.418,0.247,0.17099999999999999,1.0,1.0,1.0,1.00198735485986,1.0,2.0,0.0,4.0,2.0,2.0,0.0050238491740621,0.003124057670555575,0.0,1.0,1.0,0.0,4.0,0.0,4,0,1,1,1,12086,25922,2106,21701,2106,0,0.0,1,1,,,,,0,0.18245740337030528,0.10774185551592351,deg_log2fc=1.19 (+0.51); cc_is_ligand=0 (+0.22); deg_pct_diff=0.171 (+0.14),novel
749,CD69,OPC_GABA_like_tumor,IDH_WT,tumor,0.0,0.0,0.0,0.0,,,0.0,0.0,0.0,0.0,,0.0,2.0,0.0,0.0,0.0,0.0,0.0,0.0,,0.0,0.0,0.0,0.0,,6,1,0,1,2,6741,14114,5040,1935,1935,0,0.0,0,0,,,,,0,0.18225912523707566,0.04810514585575684,cc_n_cells_e1=6.74e+03 (+0.14); cc_edges_e2=0 (+0.04); cc_max_prob=0 (+0.03),novel
750,TGFBR1,AC_like_tumor,IDH_Mutant,tumor,0.0,0.0,0.0,0.0,,,0.0,0.0,0.0,0.0,,0.0,2.0,0.0,0.0,0.0,0.0,0.0,0.0,,0.0,0.0,0.0,0.0,,4,0,1,1,1,72549,446,4249,283,283,0,0.0,1,0,,,,,0,0.18186156847353968,0.09114333343590461,cc_is_ligand=0 (+0.26); cc_n_cells_e1=7.25e+04 (+0.13); cc_n_celltypes_total=1 (+0.07),novel
751,PSAP,TAM1/TAM2/microglia,IDH_Mutant,TAM_microglia,1.0,-0.2812494639765921,0.2812494639765921,11.093660131024475,0.799,0.832,-0.03299999999999992,-1.0,0.0,0.0,-0.4280789159029763,1.0,3.0,2.0,0.0,1.0,1.0,0.0103328573239385,0.0097178938974877,0.0,1.0,1.0,2.0,2.0,0.0,9,1,0,1,5,12086,25922,2106,21701,2106,0,-0.0,1,1,,,,,0,0.1818266940264277,0.04998960689073567,deg_n_celltypes_sig=3 (+0.51); cc_cross_compartment_edges=2 (+0.39); cc_n_cells_e1=1.21e+04 (+0.14),novel
752,ITGB8,AC_like_tumor,IDH_Mutant,tumor,0.0,0.0,0.0,0.0,,,0.0,0.0,0.0,0.0,,0.0,2.0,0.0,0.0,0.0,0.0,0.0,0.0,,0.0,0.0,0.0,0.0,,3,0,1,1,2,72549,446,4249,283,283,0,0.0,1,0,,,,,0,0.18106138984192324,0.030058707960240707,cc_is_ligand=0 (+0.26); cc_n_cells_e1=7.25e+04 (+0.14); cc_n_cells_e2=446 (+0.06),novel
753,GRIA3,TAM1/TAM2/microglia,IDH_WT,TAM_microglia,0.0,0.0,0.0,0.0,,,0.0,0.0,0.0,0.0,,0.0,1.0,0.0,0.0,0.0,0.0,0.0,0.0,,0.0,0.0,0.0,0.0,,6,0,1,1,2,12086,25922,9696,2745,2745,0,0.0,0,0,2.0,tumor,neuron_tumor,"AMPAR subunit family; Venkatesh et al., Nature 2019",0,0.18048780579773532,0.07833673855422295,cc_is_ligand=0 (+0.25); cc_n_cells_e1=1.21e+04 (+0.13); cc_edges_total=6 (+0.09),"literature gene, other compartment"
754,LRRTM2,OPC_GABA_like_tumor,IDH_WT,tumor,1.0,-0.6935439039610407,0.6935439039610407,12.85607413289099,0.328,0.19,0.138,-1.0,1.0,0.0,-0.2621371104223258,1.0,2.0,0.0,6.0,6.0,0.0,0.0156105918756343,0.005079151850641467,0.0,1.0,4.0,0.0,6.0,1.0,12,0,1,1,2,6741,14114,5040,1935,1935,0,-1.0,0,1,,,,,0,0.18036918799385665,0.10320011335354198,cc_is_ligand=0 (+0.35); deg_pct_diff=0.138 (+0.15); cc_n_cells_e1=6.74e+03 (+0.13),novel
755,C3AR1,OPC_GABA_like_tumor,IDH_WT,tumor,0.0,0.0,0.0,0.0,,,0.0,0.0,0.0,0.0,,0.0,1.0,0.0,0.0,0.0,0.0,0.0,0.0,,0.0,0.0,0.0,0.0,,4,0,1,1,1,6741,14114,5040,1935,1935,0,0.0,0,0,,,,,0,0.18005885351082457,0.024265976358185795,cc_is_ligand=0 (+0.22); cc_n_cells_e1=6.74e+03 (+0.12); cc_n_celltypes_total=1 (+0.07),novel
756,HLA-DMA,OPC_GABA_AC_like_tumor,IDH_Mutant,tumor,0.0,0.0,0.0,0.0,,,0.0,0.0,0.0,0.0,,0.0,2.0,0.0,0.0,0.0,0.0,0.0,0.0,,0.0,0.0,0.0,0.0,,8,1,0,1,3,6202,1012,352,742,352,0,0.0,1,0,,,,,0,0.1791074970818934,0.04164963843273465,cc_n_cells_e1=6.2e+03 (+0.15); cc_n_cells_e2=1.01e+03 (+0.05); cc_edges_e2=0 (+0.04),novel
757,NLGN1,TAM1/TAM2/microglia,IDH_WT,TAM_microglia,0.0,0.0,0.0,0.0,,,0.0,0.0,0.0,0.0,,0.0,2.0,0.0,0.0,0.0,0.0,0.0,0.0,,0.0,0.0,0.0,0.0,,18,0,1,1,3,12086,25922,9696,2745,2745,0,0.0,0,0,2.0,tumor,neuron_tumor,Neuroligin family (pathway-level),0,0.17900885276473794,0.04207173676303321,cc_is_ligand=0 (+0.28); cc_n_cells_e1=1.21e+04 (+0.14); cc_edges_e2=0 (+0.04),"literature gene, other compartment"
758,AREG,AC_like_tumor,IDH_WT,tumor,0.0,0.0,0.0,0.0,,,0.0,0.0,0.0,0.0,,0.0,2.0,0.0,0.0,0.0,0.0,0.0,0.0,,0.0,0.0,0.0,0.0,,7,1,0,1,1,72549,446,64812,108,108,0,0.0,0,0,,,,,0,0.17869503513829701,0.07091863387979641,cc_n_cells_e1=7.25e+04 (+0.14); cc_n_celltypes_total=1 (+0.06); cc_n_cells_e2=446 (+0.05),novel
759,KLRB1,AC_like_tumor,IDH_Mutant,tumor,0.0,0.0,0.0,0.0,,,0.0,0.0,0.0,0.0,,0.0,1.0,0.0,0.0,0.0,0.0,0.0,0.0,,0.0,0.0,0.0,0.0,,14,0,1,1,1,72549,446,4249,283,283,0,0.0,1,0,1.0,T_cell,immune_synapse,"Mathewson et al., Cell 2021",0,0.17835707026891612,0.03326349201023693,cc_is_ligand=0 (+0.30); cc_n_cells_e1=7.25e+04 (+0.12); cc_n_cells_e2=446 (+0.06),"literature gene, other compartment"
760,SORT1,OPC_GABA_like_tumor,IDH_WT,tumor,1.0,-0.4897114363380846,0.4897114363380846,5.179604958279772,0.227,0.148,0.07900000000000001,-1.0,1.0,1.0,-1.2758171498785147,1.0,3.0,0.0,0.0,0.0,0.0,0.0,0.0,,0.0,0.0,0.0,0.0,,3,0,1,1,1,6741,14114,5040,1935,1935,0,-0.0,0,0,,,,,0,0.17835381600299746,0.05087824525907098,deg_n_celltypes_sig=3 (+0.45); cc_is_ligand=0 (+0.25); deg_pct_diff=0.079 (+0.17),novel
761,CD69,OPC_GABA_AC_like_tumor,IDH_Mutant,tumor,0.0,0.0,0.0,0.0,,,0.0,0.0,0.0,0.0,,0.0,1.0,0.0,0.0,0.0,0.0,0.0,0.0,,0.0,0.0,0.0,0.0,,6,1,0,1,2,6202,1012,352,742,352,0,0.0,1,0,,,,,0,0.1781571362797875,0.03912826347902796,cc_n_cells_e1=6.2e+03 (+0.13); cc_n_cells_e2=1.01e+03 (+0.05); cc_edges_e2=0 (+0.04),novel
762,TGFBR1,cycling_tumor,IDH_Mutant,tumor,0.0,0.0,0.0,0.0,,,0.0,0.0,0.0,0.0,,0.0,2.0,0.0,0.0,0.0,0.0,0.0,0.0,,0.0,0.0,0.0,0.0,,4,0,1,1,1,6410,814,270,136,136,0,0.0,1,0,,,,,0,0.17804895117695912,0.08900425253556125,cc_is_ligand=0 (+0.26); cc_n_cells_e1=6.41e+03 (+0.13); cc_n_celltypes_total=1 (+0.07),novel
763,TNFRSF1A,T cell,IDH_Mutant,T_cell,0.0,0.0,0.0,0.0,,,0.0,0.0,0.0,0.0,,0.0,1.0,0.0,0.0,0.0,0.0,0.0,0.0,,0.0,0.0,0.0,0.0,,1,0,1,1,1,2662,1463,941,334,334,0,0.0,1,0,,,,,0,0.17762302906339236,0.039148625165544806,cc_is_ligand=0 (+0.17); cc_n_celltypes_total=1 (+0.09); cc_edges_e2=0 (+0.04),novel
764,TNFRSF1A,T cell,IDH_WT,T_cell,0.0,0.0,0.0,0.0,,,0.0,0.0,0.0,0.0,,0.0,1.0,0.0,0.0,0.0,0.0,0.0,0.0,,0.0,0.0,0.0,0.0,,1,0,1,1,1,2662,1463,1681,1118,1118,0,0.0,0,0,,,,,0,0.17758775381739694,0.040322881275637504,cc_is_ligand=0 (+0.17); cc_n_celltypes_total=1 (+0.09); cc_edges_e2=0 (+0.04),novel
765,ITGB8,OPC_GABA_AC_like_tumor,IDH_Mutant,tumor,0.0,0.0,0.0,0.0,,,0.0,0.0,0.0,0.0,,0.0,2.0,0.0,0.0,0.0,0.0,0.0,0.0,,0.0,0.0,0.0,0.0,,3,0,1,1,2,6202,1012,352,742,352,0,0.0,1,0,,,,,0,0.17756681208249883,0.0277108430124022,cc_is_ligand=0 (+0.26); cc_n_cells_e1=6.2e+03 (+0.14); cc_n_cells_e2=1.01e+03 (+0.06),novel
766,GRIA4,TAM1/TAM2/microglia,IDH_WT,TAM_microglia,0.0,0.0,0.0,0.0,,,0.0,0.0,0.0,0.0,,0.0,2.0,0.0,0.0,0.0,0.0,0.0,0.0,,0.0,0.0,0.0,0.0,,15,0,1,1,4,12086,25922,9696,2745,2745,0,0.0,0,0,2.0,tumor,neuron_tumor,"AMPAR subunit family; Venkatesh et al., Nature 2019",0,0.1772693121204954,0.01831737414390276,cc_is_ligand=0 (+0.28); cc_n_cells_e1=1.21e+04 (+0.14); cc_edges_e2=0 (+0.04),"literature gene, other compartment"
767,AXL,OPC_GABA_like_tumor,IDH_Mutant,tumor,0.0,0.0,0.0,0.0,,,0.0,0.0,0.0,0.0,,0.0,0.0,0.0,0.0,0.0,0.0,0.0,0.0,,0.0,0.0,0.0,0.0,,1,0,1,1,1,6741,14114,1658,11741,1658,0,0.0,1,0,2.0,"TAM_microglia,tumor",myeloid_bridge,TAM receptor family (pathway-level),0,0.17688420214814315,0.06450360391504245,cc_is_ligand=0 (+0.14); cc_n_cells_e1=6.74e+03 (+0.10); cc_n_celltypes_total=1 (+0.06),literature tier 2 (unlabeled)
768,CLEC2B,OPC_GABA_AC_like_tumor,IDH_WT,tumor,0.0,0.0,0.0,0.0,,,0.0,0.0,0.0,0.0,,0.0,2.0,0.0,0.0,0.0,0.0,0.0,0.0,,0.0,0.0,0.0,0.0,,6,1,0,1,2,6202,1012,5384,171,171,0,0.0,0,0,,,,,0,0.1767680771770319,0.08152116544701753,cc_n_cells_e1=6.2e+03 (+0.14); cc_n_cells_e2=1.01e+03 (+0.05); cc_edges_e2=0 (+0.04),novel
769,TGFBR1,AC_like_tumor,IDH_WT,tumor,0.0,0.0,0.0,0.0,,,0.0,0.0,0.0,0.0,,0.0,2.0,0.0,0.0,0.0,0.0,0.0,0.0,,0.0,0.0,0.0,0.0,,4,0,1,1,1,72549,446,64812,108,108,0,0.0,0,0,,,,,0,0.17669668159788207,0.08935492097263294,cc_is_ligand=0 (+0.26); cc_n_cells_e1=7.25e+04 (+0.13); cc_n_celltypes_total=1 (+0.07),novel
770,TGFBR1,cycling_tumor,IDH_WT,tumor,0.0,0.0,0.0,0.0,,,0.0,0.0,0.0,0.0,,0.0,2.0,0.0,0.0,0.0,0.0,0.0,0.0,,0.0,0.0,0.0,0.0,,4,0,1,1,1,6410,814,5847,663,663,0,0.0,0,0,,,,,0,0.17661803885931554,0.08518380177855289,cc_is_ligand=0 (+0.26); cc_n_cells_e1=6.41e+03 (+0.13); cc_n_celltypes_total=1 (+0.07),novel
771,CXCR4,OPC_GABA_like_tumor,IDH_WT,tumor,0.0,0.0,0.0,0.0,,,0.0,0.0,0.0,0.0,,0.0,2.0,0.0,0.0,0.0,0.0,0.0,0.0,,0.0,0.0,0.0,0.0,,44,0,1,1,2,6741,14114,5040,1935,1935,0,0.0,0,0,1.0,tumor,growth,"Rubin et al., PNAS 2003",1,0.17650291854885677,0.09662370366628575,cc_edges_total=44 (+1.98); cc_is_ligand=0 (+0.32); cc_n_cells_e1=6.74e+03 (+0.15),literature tier 1 (label)
772,SDC3,OPC_GABA_like_tumor,IDH_Mutant,tumor,1.0,-1.4206875002699166,1.4206875002699166,87.74539551126912,0.143,0.343,-0.20000000000000004,-1.0,1.0,0.0,,0.0,1.0,0.0,0.0,0.0,0.0,0.0,0.0,,0.0,0.0,0.0,0.0,,11,0,1,1,1,6741,14114,1658,11741,1658,0,-0.0,1,0,,,,,0,0.1763929628748036,0.03431522222029418,cc_is_ligand=0 (+0.32); cc_n_cells_e1=6.74e+03 (+0.11); cc_n_celltypes_total=1 (+0.06),novel
773,KLRB1,OPC_GABA_AC_like_tumor,IDH_Mutant,tumor,0.0,0.0,0.0,0.0,,,0.0,0.0,0.0,0.0,,0.0,1.0,0.0,0.0,0.0,0.0,0.0,0.0,,0.0,0.0,0.0,0.0,,14,0,1,1,1,6202,1012,352,742,352,0,0.0,1,0,1.0,T_cell,immune_synapse,"Mathewson et al., Cell 2021",0,0.17599033986321816,0.038950284214464434,cc_is_ligand=0 (+0.30); cc_n_cells_e1=6.2e+03 (+0.13); cc_n_cells_e2=1.01e+03 (+0.06),"literature gene, other compartment"
774,GAS6,TAM1/TAM2/microglia,IDH_Mutant,TAM_microglia,1.0,0.3876737388378609,0.3876737388378609,7.680681181946396,0.363,0.28,0.08299999999999996,1.0,1.0,1.0,1.354641382858478,1.0,2.0,2.0,0.0,2.0,0.0,0.012077162692356,0.00795189203387295,0.0,1.0,1.0,0.0,2.0,1.0,2,1,0,1,1,12086,25922,2106,21701,2106,0,1.0,1,1,,,,,0,0.1759400825867243,0.09410694111232387,cc_edges_total=2 (+0.95); deg_pct_diff=0.083 (+0.14); cc_n_cells_e1=1.21e+04 (+0.12),novel
775,KLRB1,cycling_tumor,IDH_Mutant,tumor,0.0,0.0,0.0,0.0,,,0.0,0.0,0.0,0.0,,0.0,1.0,0.0,0.0,0.0,0.0,0.0,0.0,,0.0,0.0,0.0,0.0,,14,0,1,1,1,6410,814,270,136,136,0,0.0,1,0,1.0,T_cell,immune_synapse,"Mathewson et al., Cell 2021",0,0.17590222326161592,0.03932380905742263,cc_is_ligand=0 (+0.30); cc_n_cells_e1=6.41e+03 (+0.12); cc_n_cells_e2=814 (+0.06),"literature gene, other compartment"
776,NLGN1,TAM1/TAM2/microglia,IDH_Mutant,TAM_microglia,0.0,0.0,0.0,0.0,,,0.0,0.0,0.0,0.0,,0.0,2.0,0.0,0.0,0.0,0.0,0.0,0.0,,0.0,0.0,0.0,0.0,,18,0,1,1,3,12086,25922,2106,21701,2106,0,0.0,1,0,2.0,tumor,neuron_tumor,Neuroligin family (pathway-level),0,0.1758696732269736,0.03603352257619804,cc_is_ligand=0 (+0.28); cc_n_cells_e1=1.21e+04 (+0.14); cc_edges_e2=0 (+0.04),"literature gene, other compartment"
777,LILRB4,OPC_GABA_AC_like_tumor,IDH_WT,tumor,0.0,0.0,0.0,0.0,,,0.0,0.0,0.0,0.0,,0.0,1.0,0.0,0.0,0.0,0.0,0.0,0.0,,0.0,0.0,0.0,0.0,,4,0,1,1,1,6202,1012,5384,171,171,0,0.0,0,0,2.0,TAM_microglia,myeloid_bridge,Myeloid checkpoint (pathway-level),0,0.17573338554654763,0.056590735024614376,cc_is_ligand=0 (+0.23); cc_n_cells_e1=6.2e+03 (+0.12); cc_n_celltypes_total=1 (+0.07),"literature gene, other compartment"
778,AREG,OPC_GABA_like_tumor,IDH_Mutant,tumor,0.0,0.0,0.0,0.0,,,0.0,0.0,0.0,0.0,,0.0,2.0,0.0,0.0,0.0,0.0,0.0,0.0,,0.0,0.0,0.0,0.0,,7,1,0,1,1,6741,14114,1658,11741,1658,0,0.0,1,0,,,,,0,0.17534319203558896,0.08108942117412068,cc_n_cells_e1=6.74e+03 (+0.14); cc_n_celltypes_total=1 (+0.06); cc_edges_e2=0 (+0.04),novel
779,TGFBR1,OPC_GABA_AC_like_tumor,IDH_Mutant,tumor,0.0,0.0,0.0,0.0,,,0.0,0.0,0.0,0.0,,0.0,2.0,0.0,0.0,0.0,0.0,0.0,0.0,,0.0,0.0,0.0,0.0,,4,0,1,1,1,6202,1012,352,742,352,0,0.0,1,0,,,,,0,0.174833340403692,0.08274691370886432,cc_is_ligand=0 (+0.26); cc_n_cells_e1=6.2e+03 (+0.13); cc_n_celltypes_total=1 (+0.07),novel
780,CD69,cycling_tumor,IDH_Mutant,tumor,0.0,0.0,0.0,0.0,,,0.0,0.0,0.0,0.0,,0.0,1.0,0.0,0.0,0.0,0.0,0.0,0.0,,0.0,0.0,0.0,0.0,,6,1,0,1,2,6410,814,270,136,136,0,0.0,1,0,,,,,0,0.17480990676659358,0.0385107110137178,cc_n_cells_e1=6.41e+03 (+0.13); cc_n_cells_e2=814 (+0.05); cc_edges_e2=0 (+0.04),novel
781,ITGAX,AC_like_tumor,IDH_WT,tumor,0.0,0.0,0.0,0.0,,,0.0,0.0,0.0,0.0,,0.0,1.0,0.0,0.0,0.0,0.0,0.0,0.0,,0.0,0.0,0.0,0.0,,4,0,1,2,1,72549,446,64812,108,108,0,0.0,0,0,,,,,0,0.17454841507930416,0.0475418288442663,cc_is_ligand=0 (+0.23); cc_n_cells_e1=7.25e+04 (+0.12); cc_n_celltypes_total=1 (+0.07),novel
782,ITGB2,cycling_tumor,IDH_WT,tumor,1.0,-5.68408205321323,5.68408205321323,13.836336925601357,0.011,0.126,-0.115,-1.0,1.0,1.0,-5.015485281475216,1.0,2.0,0.0,0.0,0.0,0.0,0.0,0.0,,0.0,0.0,0.0,0.0,,4,0,1,2,1,6410,814,5847,663,663,0,-0.0,0,0,,,,,0,0.17443470948850476,0.07280103365946619,cc_is_ligand=0 (+0.31); cc_n_cells_e1=6.41e+03 (+0.12); deg_pct_e1=0.126 (+0.09),novel
783,ITGAX,OPC_GABA_AC_like_tumor,IDH_WT,tumor,0.0,0.0,0.0,0.0,,,0.0,0.0,0.0,0.0,,0.0,1.0,0.0,0.0,0.0,0.0,0.0,0.0,,0.0,0.0,0.0,0.0,,4,0,1,2,1,6202,1012,5384,171,171,0,0.0,0,0,,,,,0,0.1742833465667832,0.04742813171749857,cc_is_ligand=0 (+0.23); cc_n_cells_e1=6.2e+03 (+0.12); cc_n_celltypes_total=1 (+0.07),novel
784,AXL,cycling_tumor,IDH_WT,tumor,0.0,0.0,0.0,0.0,,,0.0,0.0,0.0,0.0,,0.0,0.0,0.0,0.0,0.0,0.0,0.0,0.0,,0.0,0.0,0.0,0.0,,1,0,1,1,1,6410,814,5847,663,663,0,0.0,0,0,2.0,"TAM_microglia,tumor",myeloid_bridge,TAM receptor family (pathway-level),0,0.17406787731465828,0.05178513387023885,cc_is_ligand=0 (+0.15); cc_n_cells_e1=6.41e+03 (+0.10); cc_n_celltypes_total=1 (+0.06),literature tier 2 (unlabeled)
785,C3,TAM1/TAM2/microglia,IDH_Mutant,TAM_microglia,0.0,0.0,0.0,0.0,,,0.0,0.0,0.0,0.0,,0.0,2.0,6.0,0.0,3.0,3.0,0.0977093082783739,0.04598645097470667,0.0,1.0,1.0,0.0,6.0,0.0,6,1,0,1,1,12086,25922,2106,21701,2106,0,0.0,1,0,,,,,0,0.17352084018944852,0.019584518516490755,cc_n_cells_e1=1.21e+04 (+0.14); cc_n_celltypes_total=1 (+0.06); deg_pooled_log2fc=nan (+0.03),novel
786,CLEC2B,AC_like_tumor,IDH_Mutant,tumor,0.0,0.0,0.0,0.0,,,0.0,0.0,0.0,0.0,,0.0,2.0,0.0,0.0,0.0,0.0,0.0,0.0,,0.0,0.0,0.0,0.0,,6,1,0,1,2,72549,446,4249,283,283,0,0.0,1,0,,,,,0,0.17300493647379564,0.07862210015283062,cc_n_cells_e1=7.25e+04 (+0.14); cc_n_cells_e2=446 (+0.05); cc_edges_e2=0 (+0.04),novel
787,EGFR,OPC_GABA_like_tumor,IDH_WT,tumor,1.0,-4.810347400142153,4.810347400142153,300.0,0.239,0.664,-0.42500000000000004,-1.0,1.0,0.0,-2.881688130255577,1.0,3.0,0.0,4.0,2.0,2.0,0.0324842206972956,0.01927997356641785,0.0,1.0,2.0,4.0,4.0,0.0,14,0,1,1,4,6741,14114,5040,1935,1935,0,-0.0,0,1,1.0,tumor,growth,"Brennan et al., Cell 2013 (TCGA GBM)",1,0.17265507045250572,0.07060705761559967,cc_n_partners=2 (+1.25); cc_cross_compartment_edges=4 (+0.51); deg_n_celltypes_sig=3 (+0.42),literature tier 1 (label)
788,AREG,cycling_tumor,IDH_WT,tumor,0.0,0.0,0.0,0.0,,,0.0,0.0,0.0,0.0,,0.0,2.0,0.0,0.0,0.0,0.0,0.0,0.0,,0.0,0.0,0.0,0.0,,7,1,0,1,1,6410,814,5847,663,663,0,0.0,0,0,,,,,0,0.1725698305295695,0.06653496038796199,cc_n_cells_e1=6.41e+03 (+0.14); cc_n_celltypes_total=1 (+0.06); cc_n_cells_e2=814 (+0.05),novel
789,LILRB4,AC_like_tumor,IDH_WT,tumor,0.0,0.0,0.0,0.0,,,0.0,0.0,0.0,0.0,,0.0,1.0,0.0,0.0,0.0,0.0,0.0,0.0,,0.0,0.0,0.0,0.0,,4,0,1,1,1,72549,446,64812,108,108,0,0.0,0,0,2.0,TAM_microglia,myeloid_bridge,Myeloid checkpoint (pathway-level),0,0.17203551125218017,0.052749942161349435,cc_is_ligand=0 (+0.23); cc_n_cells_e1=7.25e+04 (+0.12); cc_n_celltypes_total=1 (+0.07),"literature gene, other compartment"
790,DLL3,TAM1/TAM2/microglia,IDH_Mutant,TAM_microglia,0.0,0.0,0.0,0.0,,,0.0,0.0,0.0,0.0,,0.0,4.0,0.0,0.0,0.0,0.0,0.0,0.0,,0.0,0.0,0.0,0.0,,8,1,0,1,4,12086,25922,2106,21701,2106,0,0.0,1,0,1.0,tumor,growth,"Spino et al., Clin Cancer Res 2019 (IDH-mutant glioma)",0,0.17199923754003335,0.048716376601040855,deg_n_celltypes_sig=4 (+0.59); cc_n_cells_e1=1.21e+04 (+0.15); deg_pooled_log2fc=nan (+0.04),"literature gene, other compartment"
791,ANXA1,OPC_GABA_like_tumor,IDH_Mutant,tumor,1.0,-5.457329276245706,5.457329276245706,275.2474577239009,0.003,0.13,-0.127,-1.0,1.0,1.0,-6.165433524380917,1.0,3.0,0.0,0.0,0.0,0.0,0.0,0.0,,0.0,0.0,0.0,0.0,,10,1,0,1,4,6741,14114,1658,11741,1658,0,-0.0,1,0,,,,,0,0.17182779443520207,0.050145548087350916,deg_n_celltypes_sig=3 (+0.37); cc_n_cells_e1=6.74e+03 (+0.13); deg_pct_e1=0.13 (+0.09),novel
792,TGFBR2,AC_like_tumor,IDH_Mutant,tumor,0.0,0.0,0.0,0.0,,,0.0,0.0,0.0,0.0,,0.0,2.0,0.0,0.0,0.0,0.0,0.0,0.0,,0.0,0.0,0.0,0.0,,4,0,1,1,1,72549,446,4249,283,283,0,0.0,1,0,,,,,0,0.17147352675346658,0.0762348239939513,cc_is_ligand=0 (+0.26); cc_n_cells_e1=7.25e+04 (+0.13); cc_n_celltypes_total=1 (+0.07),novel
793,CLSTN1,OPC_GABA_like_tumor,IDH_Mutant,tumor,0.0,0.0,0.0,0.0,,,0.0,0.0,0.0,0.0,,0.0,1.0,0.0,6.0,6.0,0.0,0.012676328998952,0.004119700281260216,0.0,1.0,4.0,0.0,6.0,1.0,12,0,1,1,2,6741,14114,1658,11741,1658,0,0.0,1,0,,,,,0,0.1712671349945919,0.09146780186672779,cc_is_ligand=0 (+0.29); cc_n_cells_e1=6.74e+03 (+0.13); cc_edges_total=12 (+0.07),novel
794,HLA-DRB1,OPC_GABA_AC_like_tumor,IDH_WT,tumor,1.0,-6.121355775572992,6.121355775572992,3.1711417563496536,0.006,0.164,-0.158,-1.0,1.0,1.0,-2.665883246001089,1.0,3.0,0.0,0.0,0.0,0.0,0.0,0.0,,0.0,0.0,0.0,0.0,,14,1,0,1,5,6202,1012,5384,171,171,0,-0.0,0,0,,,,,0,0.1710153744049896,0.06101305176903065,deg_n_celltypes_sig=3 (+0.39); cc_n_cells_e1=6.2e+03 (+0.14); deg_abs_log2fc=6.12 (+0.05),novel
795,CLDN11,T cell,IDH_WT,T_cell,0.0,0.0,0.0,0.0,,,0.0,0.0,0.0,0.0,,0.0,2.0,0.0,0.0,0.0,0.0,0.0,0.0,,0.0,0.0,0.0,0.0,,2,1,1,1,1,2662,1463,1681,1118,1118,0,0.0,0,0,,,,,0,0.17098455303291699,0.12216840290117917,cc_edges_total=2 (+0.94); cc_n_celltypes_total=1 (+0.09); deg_pooled_log2fc=nan (+0.04),novel
796,NOTCH1,TAM1/TAM2/microglia,IDH_WT,TAM_microglia,0.0,0.0,0.0,0.0,,,0.0,0.0,0.0,0.0,,0.0,2.0,0.0,0.0,0.0,0.0,0.0,0.0,,0.0,0.0,0.0,0.0,,16,0,1,2,2,12086,25922,9696,2745,2745,0,0.0,0,0,2.0,tumor,growth,Notch pathway (pathway-level),0,0.17097766268795583,0.04465923911936808,cc_is_ligand=0 (+0.28); cc_n_cells_e1=1.21e+04 (+0.14); cc_edges_e2=0 (+0.04),"literature gene, other compartment"
797,C3,cycling_tumor,IDH_WT,tumor,1.0,-5.515786341867351,5.515786341867351,19.951250467066693,0.012,0.161,-0.149,-1.0,1.0,1.0,-5.025493283963822,1.0,2.0,0.0,0.0,0.0,0.0,0.0,0.0,,0.0,0.0,0.0,0.0,,6,1,0,1,1,6410,814,5847,663,663,0,-0.0,0,0,,,,,0,0.1704950267955836,0.024576326171784492,cc_n_cells_e1=6.41e+03 (+0.12); cc_n_celltypes_total=1 (+0.07); deg_abs_log2fc=5.52 (+0.05),novel
798,HLA-DRA,cycling_tumor,IDH_Mutant,tumor,1.0,-5.352105679335363,5.352105679335363,29.607013521346605,0.176,0.767,-0.591,-1.0,1.0,1.0,-5.913342503557029,1.0,5.0,2.0,0.0,0.0,2.0,0.0226256983458374,0.0122774795947623,0.0,1.0,1.0,2.0,2.0,-1.0,20,1,0,1,7,6410,814,270,136,136,0,1.0,1,1,2.0,TAM_microglia,immune_synapse,MHC-II antigen presentation (pathway-level),0,0.170422311459494,0.08987578870212784,cc_cross_compartment_edges=2 (+0.43); deg_n_celltypes_sig=5 (+0.27); cc_n_cells_e1=6.41e+03 (+0.14),"literature gene, other compartment"
799,TMIGD3,TAM1/TAM2/microglia,IDH_WT,TAM_microglia,1.0,0.7440367137161494,0.7440367137161494,85.54630245605291,0.583,0.374,0.20899999999999996,1.0,1.0,1.0,0.6447823146095524,1.0,2.0,0.0,2.0,1.0,1.0,0.0134956831199029,0.0091541146819648,0.0,1.0,1.0,0.0,2.0,0.0,3,0,1,1,2,12086,25922,9696,2745,2745,0,0.0,0,1,,,,,0,0.17004685167816808,0.09184403382102448,deg_log2fc=0.744 (+0.28); cc_is_ligand=0 (+0.19); deg_pct_diff=0.209 (+0.15),novel
800,HLA-DRB5,OPC_GABA_like_tumor,IDH_Mutant,tumor,0.0,0.0,0.0,0.0,,,0.0,0.0,0.0,0.0,,0.0,3.0,0.0,0.0,0.0,0.0,0.0,0.0,,0.0,0.0,0.0,0.0,,4,1,0,1,1,6741,14114,1658,11741,1658,0,0.0,1,0,,,,,0,0.16976708168460566,0.12302393887033215,deg_n_celltypes_sig=3 (+0.48); cc_n_cells_e1=6.74e+03 (+0.14); cc_n_celltypes_total=1 (+0.06),novel
801,ITGAX,cycling_tumor,IDH_WT,tumor,0.0,0.0,0.0,0.0,,,0.0,0.0,0.0,0.0,,0.0,1.0,0.0,0.0,0.0,0.0,0.0,0.0,,0.0,0.0,0.0,0.0,,4,0,1,2,1,6410,814,5847,663,663,0,0.0,0,0,,,,,0,0.16951101469485796,0.045954724209095625,cc_is_ligand=0 (+0.23); cc_n_cells_e1=6.41e+03 (+0.12); cc_n_celltypes_total=1 (+0.07),novel
802,CLEC2B,OPC_GABA_AC_like_tumor,IDH_Mutant,tumor,0.0,0.0,0.0,0.0,,,0.0,0.0,0.0,0.0,,0.0,2.0,0.0,0.0,0.0,0.0,0.0,0.0,,0.0,0.0,0.0,0.0,,6,1,0,1,2,6202,1012,352,742,352,0,0.0,1,0,,,,,0,0.1695036028803714,0.07298451507866133,cc_n_cells_e1=6.2e+03 (+0.14); cc_n_cells_e2=1.01e+03 (+0.05); cc_edges_e2=0 (+0.04),novel
803,MDK,OPC_GABA_like_tumor,IDH_WT,tumor,1.0,0.4880890728665839,0.4880890728665839,54.96951463507859,0.306,0.125,0.181,1.0,0.0,0.0,,0.0,2.0,0.0,0.0,0.0,0.0,0.0,0.0,,0.0,0.0,0.0,0.0,,28,1,0,1,1,6741,14114,5040,1935,1935,0,0.0,0,0,,,,,0,0.16894383358796367,0.05639819496509709,deg_log2fc=0.488 (+0.19); deg_pct_diff=0.181 (+0.16); deg_pct_e1=0.125 (+0.14),novel
804,PILRB,TAM1/TAM2/microglia,IDH_WT,TAM_microglia,0.0,0.0,0.0,0.0,,,0.0,0.0,0.0,0.0,,0.0,2.0,0.0,0.0,0.0,0.0,0.0,0.0,,0.0,0.0,0.0,0.0,,7,0,1,1,1,12086,25922,9696,2745,2745,0,0.0,0,0,,,,,0,0.1688462482720178,0.10358071025108781,cc_is_ligand=0 (+0.28); cc_n_cells_e1=1.21e+04 (+0.13); cc_n_celltypes_total=1 (+0.05),novel
805,CLEC2B,AC_like_tumor,IDH_WT,tumor,0.0,0.0,0.0,0.0,,,0.0,0.0,0.0,0.0,,0.0,2.0,0.0,0.0,0.0,0.0,0.0,0.0,,0.0,0.0,0.0,0.0,,6,1,0,1,2,72549,446,64812,108,108,0,0.0,0,0,,,,,0,0.1685450219578975,0.07747411606512575,cc_n_cells_e1=7.25e+04 (+0.14); cc_n_cells_e2=446 (+0.05); cc_edges_e2=0 (+0.04),novel
806,TGFBR2,OPC_GABA_AC_like_tumor,IDH_Mutant,tumor,0.0,0.0,0.0,0.0,,,0.0,0.0,0.0,0.0,,0.0,2.0,0.0,0.0,0.0,0.0,0.0,0.0,,0.0,0.0,0.0,0.0,,4,0,1,1,1,6202,1012,352,742,352,0,0.0,1,0,,,,,0,0.16839628847860838,0.07109504356934347,cc_is_ligand=0 (+0.26); cc_n_cells_e1=6.2e+03 (+0.13); cc_n_celltypes_total=1 (+0.07),novel
807,LILRB4,OPC_GABA_like_tumor,IDH_Mutant,tumor,0.0,0.0,0.0,0.0,,,0.0,0.0,0.0,0.0,,0.0,2.0,0.0,0.0,0.0,0.0,0.0,0.0,,0.0,0.0,0.0,0.0,,4,0,1,1,1,6741,14114,1658,11741,1658,0,0.0,1,0,2.0,TAM_microglia,myeloid_bridge,Myeloid checkpoint (pathway-level),0,0.16751320243611553,0.0590305611725269,cc_is_ligand=0 (+0.24); cc_n_cells_e1=6.74e+03 (+0.13); cc_n_celltypes_total=1 (+0.07),"literature gene, other compartment"
808,AXL,OPC_GABA_like_tumor,IDH_WT,tumor,0.0,0.0,0.0,0.0,,,0.0,0.0,0.0,0.0,,0.0,0.0,0.0,0.0,0.0,0.0,0.0,0.0,,0.0,0.0,0.0,0.0,,1,0,1,1,1,6741,14114,5040,1935,1935,0,0.0,0,0,2.0,"TAM_microglia,tumor",myeloid_bridge,TAM receptor family (pathway-level),0,0.1673288263575246,0.053316535937449394,cc_is_ligand=0 (+0.14); cc_n_cells_e1=6.74e+03 (+0.10); cc_n_celltypes_total=1 (+0.06),literature tier 2 (unlabeled)
809,PTN,AC_like_tumor,IDH_Mutant,tumor,0.0,0.0,0.0,0.0,,,0.0,0.0,0.0,0.0,,0.0,1.0,29.0,0.0,12.0,17.0,0.2396805306048765,0.12107655797708905,0.0,1.0,5.0,2.0,29.0,-0.1724137931034483,137,1,0,1,7,72549,446,4249,283,283,0,-0.0,1,0,1.0,TAM_microglia,myeloid_bridge,"Shi et al., Cell Stem Cell 2017",0,0.1671994343851527,0.13088621102642103,cc_edges_total=137 (+0.68); cc_cross_compartment_edges=2 (+0.52); cc_n_cells_e1=7.25e+04 (+0.12),"literature gene, other compartment"
810,GLS,OPC_GABA_AC_like_tumor,IDH_Mutant,tumor,0.0,0.0,0.0,0.0,,,0.0,0.0,0.0,0.0,,0.0,2.0,0.0,0.0,0.0,0.0,0.0,0.0,,0.0,0.0,0.0,0.0,,39,1,0,1,2,6202,1012,352,742,352,0,0.0,1,0,,,,,0,0.16689735328509275,0.0634471532162946,cc_n_cells_e1=6.2e+03 (+0.14); cc_n_cells_e2=1.01e+03 (+0.05); cc_edges_e2=0 (+0.04),novel
811,LILRB4,cycling_tumor,IDH_Mutant,tumor,1.0,-6.44723680022447,6.44723680022447,3.3958658272093682,0.007,0.219,-0.212,-1.0,0.0,0.0,,0.0,2.0,0.0,0.0,0.0,0.0,0.0,0.0,,0.0,0.0,0.0,0.0,,4,0,1,1,1,6410,814,270,136,136,0,-0.0,1,0,2.0,TAM_microglia,myeloid_bridge,Myeloid checkpoint (pathway-level),0,0.16684047441376132,0.06337514039727964,cc_is_ligand=0 (+0.29); cc_n_cells_e1=6.41e+03 (+0.12); cc_n_celltypes_total=1 (+0.06),"literature gene, other compartment"
812,EGFR,T cell,IDH_WT,T_cell,0.0,0.0,0.0,0.0,,,0.0,0.0,0.0,0.0,,0.0,3.0,0.0,0.0,0.0,0.0,0.0,0.0,,0.0,0.0,0.0,0.0,,14,0,1,1,4,2662,1463,1681,1118,1118,0,0.0,0,0,1.0,tumor,growth,"Brennan et al., Cell 2013 (TCGA GBM)",0,0.16679504790096175,0.061233323571447625,deg_n_celltypes_sig=3 (+0.46); cc_is_ligand=0 (+0.30); cc_edges_total=14 (+0.05),"literature gene, other compartment"
813,PTN,TAM1/TAM2/microglia,IDH_WT,TAM_microglia,0.0,0.0,0.0,0.0,,,0.0,0.0,0.0,0.0,,0.0,3.0,1.0,0.0,0.0,1.0,0.0010558520129411,0.0010558520129411,0.0,1.0,1.0,1.0,1.0,-1.0,137,1,0,1,7,12086,25922,9696,2745,2745,0,-0.0,0,0,1.0,TAM_microglia,myeloid_bridge,"Shi et al., Cell Stem Cell 2017",1,0.1666246801054984,0.09774710222001734,cc_edges_total=137 (+0.81); cc_cross_compartment_edges=1 (+0.60); deg_n_celltypes_sig=3 (+0.52),literature tier 1 (label)
814,NRXN2,OPC_GABA_AC_like_tumor,IDH_WT,tumor,0.0,0.0,0.0,0.0,,,0.0,0.0,0.0,0.0,,0.0,1.0,0.0,0.0,0.0,0.0,0.0,0.0,,0.0,0.0,0.0,0.0,,10,1,0,1,1,6202,1012,5384,171,171,0,0.0,0,0,,,,,0,0.16590099441687203,0.04555223598181694,cc_n_cells_e1=6.2e+03 (+0.13); cc_n_celltypes_total=1 (+0.06); cc_n_cells_e2=1.01e+03 (+0.05),novel
815,EGFR,T cell,IDH_Mutant,T_cell,0.0,0.0,0.0,0.0,,,0.0,0.0,0.0,0.0,,0.0,3.0,0.0,0.0,0.0,0.0,0.0,0.0,,0.0,0.0,0.0,0.0,,14,0,1,1,4,2662,1463,941,334,334,0,0.0,1,0,1.0,tumor,growth,"Brennan et al., Cell 2013 (TCGA GBM)",0,0.1658596460447097,0.06353547084538698,deg_n_celltypes_sig=3 (+0.46); cc_is_ligand=0 (+0.30); cc_edges_total=14 (+0.05),"literature gene, other compartment"
816,AREG,OPC_GABA_like_tumor,IDH_WT,tumor,0.0,0.0,0.0,0.0,,,0.0,0.0,0.0,0.0,,0.0,2.0,0.0,0.0,0.0,0.0,0.0,0.0,,0.0,0.0,0.0,0.0,,7,1,0,1,1,6741,14114,5040,1935,1935,0,0.0,0,0,,,,,0,0.16502440962009793,0.06679166897398478,cc_n_cells_e1=6.74e+03 (+0.14); cc_n_celltypes_total=1 (+0.06); cc_edges_e2=0 (+0.04),novel
817,GRIA4,T cell,IDH_Mutant,T_cell,0.0,0.0,0.0,0.0,,,0.0,0.0,0.0,0.0,,0.0,4.0,0.0,0.0,0.0,0.0,0.0,0.0,,0.0,0.0,0.0,0.0,,15,0,1,1,4,2662,1463,941,334,334,0,0.0,1,0,2.0,tumor,neuron_tumor,"AMPAR subunit family; Venkatesh et al., Nature 2019",0,0.16463504224108294,0.07154133849720372,deg_n_celltypes_sig=4 (+0.52); cc_is_ligand=0 (+0.30); cc_max_prob=0 (+0.03),"literature gene, other compartment"
818,CLSTN1,T cell,IDH_Mutant,T_cell,0.0,0.0,0.0,0.0,,,0.0,0.0,0.0,0.0,,0.0,1.0,0.0,0.0,0.0,0.0,0.0,0.0,,0.0,0.0,0.0,0.0,,12,0,1,1,2,2662,1463,941,334,334,0,0.0,1,0,,,,,0,0.1645412424559161,0.04150325986419528,cc_is_ligand=0 (+0.31); cc_edges_total=12 (+0.04); cc_edges_e2=0 (+0.04),novel
819,PTN,OPC_GABA_AC_like_tumor,IDH_Mutant,tumor,0.0,0.0,0.0,0.0,,,0.0,0.0,0.0,0.0,,0.0,1.0,29.0,0.0,12.0,17.0,0.2435689856404543,0.12399226609018335,0.0,1.0,5.0,2.0,29.0,-0.1724137931034483,137,1,0,1,7,6202,1012,352,742,352,0,-0.0,1,0,1.0,TAM_microglia,myeloid_bridge,"Shi et al., Cell Stem Cell 2017",0,0.16421731018105762,0.12658034839399526,cc_edges_total=137 (+0.68); cc_cross_compartment_edges=2 (+0.52); cc_n_cells_e1=6.2e+03 (+0.12),"literature gene, other compartment"
820,KLRB1,OPC_GABA_like_tumor,IDH_Mutant,tumor,0.0,0.0,0.0,0.0,,,0.0,0.0,0.0,0.0,,0.0,1.0,0.0,0.0,0.0,0.0,0.0,0.0,,0.0,0.0,0.0,0.0,,14,0,1,1,1,6741,14114,1658,11741,1658,0,0.0,1,0,1.0,T_cell,immune_synapse,"Mathewson et al., Cell 2021",0,0.16421201892978193,0.045342029007546664,cc_is_ligand=0 (+0.29); cc_n_cells_e1=6.74e+03 (+0.12); cc_n_celltypes_total=1 (+0.06),"literature gene, other compartment"
821,LILRB4,cycling_tumor,IDH_WT,tumor,0.0,0.0,0.0,0.0,,,0.0,0.0,0.0,0.0,,0.0,1.0,0.0,0.0,0.0,0.0,0.0,0.0,,0.0,0.0,0.0,0.0,,4,0,1,1,1,6410,814,5847,663,663,0,0.0,0,0,2.0,TAM_microglia,myeloid_bridge,Myeloid checkpoint (pathway-level),0,0.1640025847984745,0.047310931454910526,cc_is_ligand=0 (+0.23); cc_n_cells_e1=6.41e+03 (+0.12); cc_n_celltypes_total=1 (+0.07),"literature gene, other compartment"
822,HLA-DMA,OPC_GABA_AC_like_tumor,IDH_WT,tumor,0.0,0.0,0.0,0.0,,,0.0,0.0,0.0,0.0,,0.0,1.0,0.0,0.0,0.0,0.0,0.0,0.0,,0.0,0.0,0.0,0.0,,8,1,0,1,3,6202,1012,5384,171,171,0,0.0,0,0,,,,,0,0.16395501461429526,0.03440363220714303,cc_n_cells_e1=6.2e+03 (+0.13); cc_n_cells_e2=1.01e+03 (+0.05); cc_edges_e2=0 (+0.04),novel
823,HLA-DMA,OPC_GABA_like_tumor,IDH_Mutant,tumor,0.0,0.0,0.0,0.0,,,0.0,0.0,0.0,0.0,,0.0,2.0,0.0,0.0,0.0,0.0,0.0,0.0,,0.0,0.0,0.0,0.0,,8,1,0,1,3,6741,14114,1658,11741,1658,0,0.0,1,0,,,,,0,0.16369883067082186,0.02517001069666958,cc_n_cells_e1=6.74e+03 (+0.14); cc_edges_e2=0 (+0.04); cc_max_prob=0 (+0.03),novel
824,LRRTM3,OPC_GABA_like_tumor,IDH_Mutant,tumor,0.0,0.0,0.0,0.0,,,0.0,0.0,0.0,0.0,,0.0,1.0,0.0,6.0,6.0,0.0,0.0130790509330356,0.004251251790534683,0.0,1.0,4.0,0.0,6.0,1.0,6,0,1,1,1,6741,14114,1658,11741,1658,0,0.0,1,0,,,,,0,0.163640400101918,0.11477111791719881,cc_is_ligand=0 (+0.28); cc_edges_total=6 (+0.12); cc_n_cells_e1=6.74e+03 (+0.12),novel
825,HLA-DPA1,T cell,IDH_Mutant,T_cell,0.0,0.0,0.0,0.0,,,0.0,0.0,0.0,0.0,,0.0,4.0,4.0,0.0,2.0,2.0,0.0064586265870979,0.0031475290013926347,0.0,1.0,1.0,4.0,4.0,0.0,14,1,0,1,5,2662,1463,941,334,334,0,0.0,1,0,,,,,0,0.16348743983145667,0.06736057320336275,deg_n_celltypes_sig=4 (+0.56); cc_cross_compartment_edges=4 (+0.36); cc_edges_e2=2 (+0.05),novel
826,TGFBR1,TAM1/TAM2/microglia,IDH_WT,TAM_microglia,1.0,0.7085082473982679,0.7085082473982679,53.24782227465695,0.412,0.256,0.15599999999999997,1.0,1.0,1.0,1.00198735485986,1.0,2.0,0.0,4.0,2.0,2.0,0.0050238491740621,0.003124057670555575,0.0,1.0,1.0,0.0,4.0,0.0,4,0,1,1,1,12086,25922,9696,2745,2745,0,0.0,0,1,,,,,0,0.16342700929772896,0.09933895655763429,deg_log2fc=0.709 (+0.28); cc_is_ligand=0 (+0.20); deg_pct_diff=0.156 (+0.15),novel
827,C3,cycling_tumor,IDH_Mutant,tumor,1.0,-5.7893548254696,5.7893548254696,16.716723966679133,0.051,0.533,-0.48200000000000004,-1.0,1.0,1.0,-5.025493283963822,1.0,2.0,0.0,0.0,0.0,0.0,0.0,0.0,,0.0,0.0,0.0,0.0,,6,1,0,1,1,6410,814,270,136,136,0,-0.0,1,0,,,,,0,0.16340595784662465,0.02400395367863411,cc_n_cells_e1=6.41e+03 (+0.13); cc_n_celltypes_total=1 (+0.07); deg_abs_log2fc=5.79 (+0.05),novel
828,HLA-E,cycling_tumor,IDH_WT,tumor,1.0,-2.98578670334208,2.98578670334208,11.220255953942393,0.164,0.276,-0.11200000000000002,-1.0,1.0,1.0,-3.141242191234189,1.0,3.0,1.0,0.0,0.0,1.0,0.0040438839943757,0.0040438839943757,0.0,1.0,1.0,0.0,1.0,-1.0,6,1,0,1,4,6410,814,5847,663,663,0,1.0,0,1,,,,,0,0.16311222354519242,0.06601634915360031,deg_n_celltypes_sig=3 (+0.46); cc_n_cells_e1=6.41e+03 (+0.13); cc_n_cells_e2=814 (+0.04),novel
829,PILRA,T cell,IDH_Mutant,T_cell,0.0,0.0,0.0,0.0,,,0.0,0.0,0.0,0.0,,0.0,1.0,0.0,0.0,0.0,0.0,0.0,0.0,,0.0,0.0,0.0,0.0,,7,0,1,1,1,2662,1463,941,334,334,0,0.0,1,0,,,,,0,0.1630499845142166,0.06706580210284664,cc_is_ligand=0 (+0.30); cc_n_celltypes_total=1 (+0.08); cc_edges_e2=0 (+0.04),novel
830,HLA-DMA,AC_like_tumor,IDH_WT,tumor,0.0,0.0,0.0,0.0,,,0.0,0.0,0.0,0.0,,0.0,1.0,0.0,0.0,0.0,0.0,0.0,0.0,,0.0,0.0,0.0,0.0,,8,1,0,1,3,72549,446,64812,108,108,0,0.0,0,0,,,,,0,0.16282123973800194,0.028311471046600086,cc_n_cells_e1=7.25e+04 (+0.13); cc_n_cells_e2=446 (+0.05); cc_edges_e2=0 (+0.04),novel
831,CD44,OPC_GABA_like_tumor,IDH_Mutant,tumor,1.0,-6.825348049382173,6.825348049382173,300.0,0.004,0.298,-0.294,-1.0,1.0,1.0,-4.828150112039511,1.0,1.0,0.0,0.0,0.0,0.0,0.0,0.0,,0.0,0.0,0.0,0.0,,48,0,1,4,1,6741,14114,1658,11741,1658,0,-0.0,1,0,1.0,tumor,myeloid_bridge,"Pietras et al., Cell Stem Cell 2014",1,0.1627701130598419,0.02593911403106068,cc_edges_total=48 (+1.97); cc_n_pathways_total=4 (+0.52); cc_is_ligand=0 (+0.33),literature tier 1 (label)
832,HLA-DPA1,cycling_tumor,IDH_Mutant,tumor,1.0,-6.414590555331722,6.414590555331722,23.73277137125242,0.066,0.644,-0.5780000000000001,-1.0,1.0,1.0,-6.10068956686858,1.0,4.0,2.0,0.0,0.0,2.0,0.0128370136176889,0.00696083524510625,0.0,1.0,1.0,2.0,2.0,-1.0,14,1,0,1,5,6410,814,270,136,136,0,1.0,1,1,,,,,0,0.16216712752511944,0.08128082328926259,cc_cross_compartment_edges=2 (+0.43); deg_n_celltypes_sig=4 (+0.42); cc_n_cells_e1=6.41e+03 (+0.14),novel
833,CLDN11,T cell,IDH_Mutant,T_cell,0.0,0.0,0.0,0.0,,,0.0,0.0,0.0,0.0,,0.0,0.0,0.0,0.0,0.0,0.0,0.0,0.0,,0.0,0.0,0.0,0.0,,2,1,1,1,1,2662,1463,941,334,334,0,0.0,1,0,,,,,0,0.16196467905043588,0.11796539289020526,cc_edges_total=2 (+0.95); cc_n_celltypes_total=1 (+0.09); deg_pooled_log2fc=nan (+0.04),novel
834,PILRA,TAM1/TAM2/microglia,IDH_WT,TAM_microglia,0.0,0.0,0.0,0.0,,,0.0,0.0,0.0,0.0,,0.0,0.0,0.0,7.0,7.0,0.0,0.0082024937284372,0.0036620741932491857,0.0,1.0,4.0,5.0,7.0,1.0,7,0,1,1,1,12086,25922,9696,2745,2745,0,0.0,0,0,,,,,0,0.16189027991291266,0.08024863711867075,cc_cross_compartment_edges=5 (+0.32); cc_is_ligand=0 (+0.23); cc_n_cells_e1=1.21e+04 (+0.10),novel
835,NRXN2,AC_like_tumor,IDH_WT,tumor,0.0,0.0,0.0,0.0,,,0.0,0.0,0.0,0.0,,0.0,1.0,0.0,0.0,0.0,0.0,0.0,0.0,,0.0,0.0,0.0,0.0,,10,1,0,1,1,72549,446,64812,108,108,0,0.0,0,0,,,,,0,0.16150334029860355,0.04251185849410197,cc_n_cells_e1=7.25e+04 (+0.12); cc_n_celltypes_total=1 (+0.06); cc_n_cells_e2=446 (+0.05),novel
836,HLA-DRB1,TAM1/TAM2/microglia,IDH_Mutant,TAM_microglia,1.0,-1.1518370213164628,1.1518370213164628,268.9874824299002,0.893,0.962,-0.06899999999999995,-1.0,0.0,0.0,-0.5067458686879718,1.0,4.0,4.0,0.0,2.0,2.0,0.0334073134215138,0.017249044865644925,0.0,1.0,1.0,0.0,4.0,0.0,14,1,0,1,5,12086,25922,2106,21701,2106,0,-0.0,1,1,,,,,0,0.16122329239529284,0.05909891567583419,deg_n_celltypes_sig=4 (+0.53); cc_n_cells_e1=1.21e+04 (+0.14); deg_neglog10_padj=269 (+0.10),novel
837,HLA-DRB1,OPC_GABA_AC_like_tumor,IDH_Mutant,tumor,1.0,-3.609782457201693,3.609782457201693,13.083996487363262,0.032,0.182,-0.15,-1.0,1.0,1.0,-2.665883246001089,1.0,4.0,0.0,0.0,0.0,0.0,0.0,0.0,,0.0,0.0,0.0,0.0,,14,1,0,1,5,6202,1012,352,742,352,0,-0.0,1,0,,,,,0,0.16106609903013042,0.06552608635101313,deg_n_celltypes_sig=4 (+0.42); cc_n_cells_e1=6.2e+03 (+0.14); deg_abs_log2fc=3.61 (+0.06),novel
838,HLA-DPA1,OPC_GABA_like_tumor,IDH_WT,tumor,1.0,-2.1868810300022616,2.1868810300022616,10.241781102379683,0.071,0.134,-0.06300000000000001,-1.0,1.0,1.0,-2.044615793932649,1.0,5.0,0.0,0.0,0.0,0.0,0.0,0.0,,0.0,0.0,0.0,0.0,,14,1,0,1,5,6741,14114,5040,1935,1935,0,-0.0,0,0,,,,,0,0.1607562537114299,0.08974183039102995,deg_n_celltypes_sig=5 (+0.37); cc_n_cells_e1=6.74e+03 (+0.14); deg_pct_e1=0.134 (+0.09),novel
839,P4HB,OPC_GABA_AC_like_tumor,IDH_WT,tumor,0.0,0.0,0.0,0.0,,,0.0,0.0,0.0,0.0,,0.0,2.0,0.0,0.0,0.0,0.0,0.0,0.0,,0.0,0.0,0.0,0.0,,5,0,1,1,3,6202,1012,5384,171,171,0,0.0,0,0,,,,,0,0.1605038912336249,0.0440737667756865,cc_is_ligand=0 (+0.26); cc_n_cells_e1=6.2e+03 (+0.14); cc_n_cells_e2=1.01e+03 (+0.06),novel
840,LGALS9,OPC_GABA_AC_like_tumor,IDH_WT,tumor,0.0,0.0,0.0,0.0,,,0.0,0.0,0.0,0.0,,0.0,1.0,0.0,0.0,0.0,0.0,0.0,0.0,,0.0,0.0,0.0,0.0,,13,1,0,1,1,6202,1012,5384,171,171,0,0.0,0,0,2.0,"tumor,TAM_microglia",immune_synapse,HAVCR2 ligand (pathway-level),0,0.1604731093834721,0.06927342898396469,cc_n_cells_e1=6.2e+03 (+0.13); cc_n_celltypes_total=1 (+0.06); cc_n_cells_e2=1.01e+03 (+0.05),literature tier 2 (unlabeled)
841,ITGB2,cycling_tumor,IDH_Mutant,tumor,1.0,-5.376244031262254,5.376244031262254,11.710319236366402,0.015,0.415,-0.39999999999999997,-1.0,1.0,1.0,-5.015485281475216,1.0,2.0,0.0,0.0,0.0,0.0,0.0,0.0,,0.0,0.0,0.0,0.0,,4,0,1,2,1,6410,814,270,136,136,0,-0.0,1,0,,,,,0,0.16036889762851872,0.06412440718351504,cc_is_ligand=0 (+0.31); cc_n_cells_e1=6.41e+03 (+0.12); cc_n_celltypes_total=1 (+0.06),novel
842,CD69,OPC_GABA_like_tumor,IDH_Mutant,tumor,0.0,0.0,0.0,0.0,,,0.0,0.0,0.0,0.0,,0.0,1.0,0.0,0.0,0.0,0.0,0.0,0.0,,0.0,0.0,0.0,0.0,,6,1,0,1,2,6741,14114,1658,11741,1658,0,0.0,1,0,,,,,0,0.15987260132774395,0.03398346336704921,cc_n_cells_e1=6.74e+03 (+0.13); cc_edges_e2=0 (+0.04); cc_max_prob=0 (+0.03),novel
843,NRCAM,TAM1/TAM2/microglia,IDH_WT,TAM_microglia,0.0,0.0,0.0,0.0,,,0.0,0.0,0.0,0.0,,0.0,1.0,0.0,0.0,0.0,0.0,0.0,0.0,,0.0,0.0,0.0,0.0,,12,0,1,1,4,12086,25922,9696,2745,2745,0,0.0,0,0,,,,,0,0.15969900993106864,0.012707294056464846,cc_is_ligand=0 (+0.25); cc_n_cells_e1=1.21e+04 (+0.13); cc_edges_total=12 (+0.04),novel
844,HLA-DRA,AC_like_tumor,IDH_WT,tumor,1.0,-2.9185997793086567,2.9185997793086567,8.45303885621402,0.139,0.491,-0.352,-1.0,1.0,1.0,-2.076948134283445,1.0,5.0,4.0,0.0,2.0,2.0,0.0076760484327047,0.002627653342575854,0.0,1.0,1.0,4.0,4.0,0.0,20,1,0,1,7,72549,446,64812,108,108,0,-0.0,0,1,2.0,TAM_microglia,immune_synapse,MHC-II antigen presentation (pathway-level),0,0.15957667304256454,0.08444833801437937,cc_cross_compartment_edges=4 (+0.35); deg_n_celltypes_sig=5 (+0.30); cc_n_cells_e1=7.25e+04 (+0.14),"literature gene, other compartment"
845,LGALS9,AC_like_tumor,IDH_Mutant,tumor,0.0,0.0,0.0,0.0,,,0.0,0.0,0.0,0.0,,0.0,1.0,0.0,0.0,0.0,0.0,0.0,0.0,,0.0,0.0,0.0,0.0,,13,1,0,1,1,72549,446,4249,283,283,0,0.0,1,0,2.0,"tumor,TAM_microglia",immune_synapse,HAVCR2 ligand (pathway-level),0,0.15940602196344233,0.07323456262549698,cc_n_cells_e1=7.25e+04 (+0.12); cc_n_celltypes_total=1 (+0.06); cc_n_cells_e2=446 (+0.05),literature tier 2 (unlabeled)
846,ITGAX,OPC_GABA_like_tumor,IDH_WT,tumor,0.0,0.0,0.0,0.0,,,0.0,0.0,0.0,0.0,,0.0,1.0,0.0,0.0,0.0,0.0,0.0,0.0,,0.0,0.0,0.0,0.0,,4,0,1,2,1,6741,14114,5040,1935,1935,0,0.0,0,0,,,,,0,0.15861469453968066,0.03760340087621114,cc_is_ligand=0 (+0.22); cc_n_cells_e1=6.74e+03 (+0.12); cc_n_celltypes_total=1 (+0.07),novel
847,PILRB,OPC_GABA_AC_like_tumor,IDH_Mutant,tumor,0.0,0.0,0.0,0.0,,,0.0,0.0,0.0,0.0,,0.0,0.0,0.0,0.0,0.0,0.0,0.0,0.0,,0.0,0.0,0.0,0.0,,7,0,1,1,1,6202,1012,352,742,352,0,0.0,1,0,,,,,0,0.15848525315856832,0.09815044681574234,cc_is_ligand=0 (+0.29); cc_n_cells_e1=6.2e+03 (+0.11); cc_n_cells_e2=1.01e+03 (+0.06),novel
848,PILRB,AC_like_tumor,IDH_Mutant,tumor,0.0,0.0,0.0,0.0,,,0.0,0.0,0.0,0.0,,0.0,0.0,0.0,0.0,0.0,0.0,0.0,0.0,,0.0,0.0,0.0,0.0,,7,0,1,1,1,72549,446,4249,283,283,0,0.0,1,0,,,,,0,0.15795465359790808,0.10051482815599624,cc_is_ligand=0 (+0.29); cc_n_cells_e1=7.25e+04 (+0.11); cc_n_cells_e2=446 (+0.06),novel
849,HLA-DPA1,cycling_tumor,IDH_WT,tumor,1.0,-6.148412632684496,6.148412632684496,104.62802093879925,0.063,0.52,-0.457,-1.0,1.0,1.0,-6.10068956686858,1.0,5.0,2.0,0.0,0.0,2.0,0.0128370136176889,0.00696083524510625,0.0,1.0,1.0,2.0,2.0,-1.0,14,1,0,1,5,6410,814,5847,663,663,0,1.0,0,1,,,,,0,0.15782607903928753,0.07939591778308992,cc_cross_compartment_edges=2 (+0.43); deg_n_celltypes_sig=5 (+0.29); cc_n_cells_e1=6.41e+03 (+0.14),novel
850,GLS,cycling_tumor,IDH_WT,tumor,1.0,0.9918381704077932,0.9918381704077932,90.22591303170422,0.339,0.073,0.266,1.0,0.0,0.0,0.6564354416742404,1.0,3.0,26.0,0.0,26.0,0.0,0.0180971001094363,0.0031970323399380897,0.0,1.0,4.0,0.0,26.0,1.0,39,1,0,1,2,6410,814,5847,663,663,0,1.0,0,1,,,,,0,0.15780778797965814,0.09526735149795611,deg_n_celltypes_sig=3 (+0.55); deg_log2fc=0.992 (+0.53); deg_pct_diff=0.266 (+0.20),novel
851,LILRB4,OPC_GABA_like_tumor,IDH_WT,tumor,0.0,0.0,0.0,0.0,,,0.0,0.0,0.0,0.0,,0.0,1.0,0.0,0.0,0.0,0.0,0.0,0.0,,0.0,0.0,0.0,0.0,,4,0,1,1,1,6741,14114,5040,1935,1935,0,0.0,0,0,2.0,TAM_microglia,myeloid_bridge,Myeloid checkpoint (pathway-level),0,0.157707164998747,0.04408368291086239,cc_is_ligand=0 (+0.22); cc_n_cells_e1=6.74e+03 (+0.12); cc_n_celltypes_total=1 (+0.07),"literature gene, other compartment"
852,NCAM2,OPC_GABA_like_tumor,IDH_Mutant,tumor,1.0,-1.0657710328346646,1.0657710328346646,26.996001133225274,0.194,0.309,-0.11499999999999999,-1.0,1.0,0.0,,0.0,2.0,0.0,0.0,0.0,0.0,0.0,0.0,,0.0,0.0,0.0,0.0,,5,0,1,1,1,6741,14114,1658,11741,1658,0,-0.0,1,0,,,,,0,0.15758298898960452,0.03815836343210307,cc_is_ligand=0 (+0.28); cc_n_cells_e1=6.74e+03 (+0.12); cc_n_celltypes_total=1 (+0.06),novel
853,PPIA,TAM1/TAM2/microglia,IDH_WT,TAM_microglia,1.0,-0.367224250145898,0.367224250145898,32.65124251150428,0.835,0.842,-0.007000000000000006,-1.0,1.0,1.0,-0.7277355094696292,1.0,2.0,7.0,0.0,3.0,4.0,0.0978378557322367,0.04184953839754516,0.04,1.0,3.0,7.0,7.0,-0.14285714285714285,56,1,0,1,7,12086,25922,9696,2745,2745,0,0.14285714285714285,0,1,,,,,0,0.1573518448314341,0.11512685213284579,cc_edges_total=56 (+0.67); cc_cross_compartment_edges=7 (+0.59); cc_n_cells_e1=1.21e+04 (+0.14),novel
854,SORT1,OPC_GABA_AC_like_tumor,IDH_Mutant,tumor,0.0,0.0,0.0,0.0,,,0.0,0.0,0.0,0.0,,0.0,2.0,0.0,0.0,0.0,0.0,0.0,0.0,,0.0,0.0,0.0,0.0,,3,0,1,1,1,6202,1012,352,742,352,0,0.0,1,0,,,,,0,0.15726751490430127,0.0512794238253524,cc_is_ligand=0 (+0.26); cc_n_cells_e1=6.2e+03 (+0.13); cc_n_celltypes_total=1 (+0.07),novel
855,PTPRD,TAM1/TAM2/microglia,IDH_Mutant,TAM_microglia,0.0,0.0,0.0,0.0,,,0.0,0.0,0.0,0.0,,0.0,1.0,0.0,0.0,0.0,0.0,0.0,0.0,,0.0,0.0,0.0,0.0,,1,0,1,1,1,12086,25922,2106,21701,2106,0,0.0,1,0,,,,,0,0.1569518457659775,0.05256667002997802,cc_n_cells_e1=1.21e+04 (+0.11); cc_is_ligand=0 (+0.11); cc_n_celltypes_total=1 (+0.06),novel
856,GLS,OPC_GABA_like_tumor,IDH_Mutant,tumor,0.0,0.0,0.0,0.0,,,0.0,0.0,0.0,0.0,,0.0,2.0,0.0,0.0,0.0,0.0,0.0,0.0,,0.0,0.0,0.0,0.0,,39,1,0,1,2,6741,14114,1658,11741,1658,0,0.0,1,0,,,,,0,0.15691600632517053,0.06892899578760063,cc_n_cells_e1=6.74e+03 (+0.14); cc_edges_e2=0 (+0.04); cc_max_prob=0 (+0.03),novel
857,PTPRC,AC_like_tumor,IDH_Mutant,tumor,0.0,0.0,0.0,0.0,,,0.0,0.0,0.0,0.0,,0.0,2.0,0.0,0.0,0.0,0.0,0.0,0.0,,0.0,0.0,0.0,0.0,,8,1,1,2,2,72549,446,4249,283,283,0,0.0,1,0,,,,,0,0.15670649330920644,0.06639660137350759,cc_n_cells_e1=7.25e+04 (+0.14); cc_n_cells_e2=446 (+0.05); cc_edges_e2=0 (+0.04),novel
858,SORT1,AC_like_tumor,IDH_Mutant,tumor,0.0,0.0,0.0,0.0,,,0.0,0.0,0.0,0.0,,0.0,2.0,0.0,0.0,0.0,0.0,0.0,0.0,,0.0,0.0,0.0,0.0,,3,0,1,1,1,72549,446,4249,283,283,0,0.0,1,0,,,,,0,0.15642930301215213,0.055582724691143615,cc_is_ligand=0 (+0.26); cc_n_cells_e1=7.25e+04 (+0.13); cc_n_celltypes_total=1 (+0.07),novel
859,CNTN1,TAM1/TAM2/microglia,IDH_WT,TAM_microglia,0.0,0.0,0.0,0.0,,,0.0,0.0,0.0,0.0,,0.0,4.0,0.0,0.0,0.0,0.0,0.0,0.0,,0.0,0.0,0.0,0.0,,16,1,0,1,2,12086,25922,9696,2745,2745,0,0.0,0,0,2.0,tumor,neuron_tumor,Synaptic adhesion (pathway-level),0,0.15642232034608067,0.0890578647346822,deg_n_celltypes_sig=4 (+0.59); cc_n_cells_e1=1.21e+04 (+0.15); deg_pooled_log2fc=nan (+0.04),"literature gene, other compartment"
860,MPZL1,AC_like_tumor,IDH_Mutant,tumor,0.0,0.0,0.0,0.0,,,0.0,0.0,0.0,0.0,,0.0,1.0,0.0,0.0,0.0,0.0,0.0,0.0,,0.0,0.0,0.0,0.0,,8,1,1,1,2,72549,446,4249,283,283,0,0.0,1,0,,,,,0,0.15625322252740032,0.06270743826929581,cc_n_cells_e1=7.25e+04 (+0.13); cc_n_cells_e2=446 (+0.05); cc_edges_e2=0 (+0.04),novel
861,CD99,T cell,IDH_WT,T_cell,0.0,0.0,0.0,0.0,,,0.0,0.0,0.0,0.0,,0.0,1.0,18.0,14.0,16.0,16.0,0.0173369733225027,0.0069529135025373345,0.01,1.0,4.0,24.0,32.0,0.0,86,1,1,1,4,2662,1463,1681,1118,1118,0,0.0,0,0,2.0,tumor,immune_synapse,Glioma invasion marker (limited functional data),0,0.15622648307598147,0.06203616071387114,cc_edges_total=86 (+0.62); cc_cross_compartment_edges=24 (+0.60); cc_rec_edges=14 (+0.14),"literature gene, other compartment"
862,LRRTM2,T cell,IDH_Mutant,T_cell,0.0,0.0,0.0,0.0,,,0.0,0.0,0.0,0.0,,0.0,3.0,0.0,0.0,0.0,0.0,0.0,0.0,,0.0,0.0,0.0,0.0,,12,0,1,1,2,2662,1463,941,334,334,0,0.0,1,0,,,,,0,0.15585785158379065,0.07406215636418033,deg_n_celltypes_sig=3 (+0.44); cc_is_ligand=0 (+0.30); cc_edges_total=12 (+0.05),novel
863,PDGFA,OPC_GABA_AC_like_tumor,IDH_WT,tumor,0.0,0.0,0.0,0.0,,,0.0,0.0,0.0,0.0,,0.0,2.0,0.0,0.0,0.0,0.0,0.0,0.0,,0.0,0.0,0.0,0.0,,3,1,0,1,1,6202,1012,5384,171,171,0,0.0,0,0,,,,,0,0.15579648873684704,0.06305811608163071,cc_n_cells_e1=6.2e+03 (+0.13); cc_n_celltypes_total=1 (+0.07); cc_n_cells_e2=1.01e+03 (+0.04),novel
864,P4HB,AC_like_tumor,IDH_WT,tumor,0.0,0.0,0.0,0.0,,,0.0,0.0,0.0,0.0,,0.0,2.0,0.0,0.0,0.0,0.0,0.0,0.0,,0.0,0.0,0.0,0.0,,5,0,1,1,3,72549,446,64812,108,108,0,0.0,0,0,,,,,0,0.15577029983874424,0.0456883580635642,cc_is_ligand=0 (+0.26); cc_n_cells_e1=7.25e+04 (+0.14); cc_n_cells_e2=446 (+0.06),novel
865,CD44,T cell,IDH_Mutant,T_cell,0.0,0.0,0.0,0.0,,,0.0,0.0,0.0,0.0,,0.0,1.0,0.0,48.0,24.0,24.0,0.0602207357854614,0.016896345135416935,0.0,4.0,7.0,40.0,48.0,0.0,48,0,1,4,1,2662,1463,941,334,334,0,0.0,1,0,1.0,tumor,myeloid_bridge,"Pietras et al., Cell Stem Cell 2014",0,0.15565037853045016,0.10669680823192576,cc_edges_total=48 (+1.72); cc_n_pathways_total=4 (+0.40); cc_cross_compartment_edges=40 (+0.37),"literature gene, other compartment"
866,PTPRC,OPC_GABA_AC_like_tumor,IDH_Mutant,tumor,0.0,0.0,0.0,0.0,,,0.0,0.0,0.0,0.0,,0.0,2.0,0.0,0.0,0.0,0.0,0.0,0.0,,0.0,0.0,0.0,0.0,,8,1,1,2,2,6202,1012,352,742,352,0,0.0,1,0,,,,,0,0.15560523670727575,0.06562856468552225,cc_n_cells_e1=6.2e+03 (+0.14); cc_n_cells_e2=1.01e+03 (+0.05); cc_edges_e2=0 (+0.04),novel
867,HLA-DRA,OPC_GABA_AC_like_tumor,IDH_WT,tumor,1.0,-4.562986762043151,4.562986762043151,12.262862327823234,0.041,0.352,-0.311,-1.0,1.0,1.0,-2.792402915110826,1.0,5.0,2.0,0.0,0.0,2.0,0.0062435412835112,0.0033839399211915686,0.0,1.0,1.0,2.0,2.0,-1.0,20,1,0,1,7,6202,1012,5384,171,171,0,1.0,0,1,2.0,TAM_microglia,immune_synapse,MHC-II antigen presentation (pathway-level),0,0.1554330927746507,0.07733679579076562,cc_cross_compartment_edges=2 (+0.35); deg_n_celltypes_sig=5 (+0.29); cc_n_cells_e1=6.2e+03 (+0.14),"literature gene, other compartment"
868,PTN,OPC_GABA_like_tumor,IDH_Mutant,tumor,0.0,0.0,0.0,0.0,,,0.0,0.0,0.0,0.0,,0.0,1.0,34.0,0.0,17.0,17.0,0.2305449409125061,0.1188353571612105,0.0,1.0,5.0,4.0,34.0,0.0,137,1,0,1,7,6741,14114,1658,11741,1658,0,0.0,1,0,1.0,TAM_microglia,myeloid_bridge,"Shi et al., Cell Stem Cell 2017",0,0.15530773116600907,0.11073073966996483,cc_edges_total=137 (+0.68); cc_cross_compartment_edges=4 (+0.54); cc_n_cells_e1=6.74e+03 (+0.12),"literature gene, other compartment"
869,ANXA1,cycling_tumor,IDH_WT,tumor,1.0,-3.9272321735779694,3.9272321735779694,50.643246931574936,0.056,0.353,-0.297,-1.0,0.0,0.0,-4.111965521490045,1.0,4.0,2.0,0.0,0.0,2.0,0.005857065867727,0.00517192095952055,0.0,1.0,1.0,2.0,2.0,-1.0,10,1,0,1,4,6410,814,5847,663,663,0,1.0,0,1,,,,,0,0.15439067858764216,0.039536541780276276,deg_n_celltypes_sig=4 (+0.44); cc_cross_compartment_edges=2 (+0.35); cc_n_cells_e1=6.41e+03 (+0.14),novel
870,HLA-DRB1,OPC_GABA_like_tumor,IDH_Mutant,tumor,1.0,-2.321572108689232,2.321572108689232,62.50989822527345,0.053,0.166,-0.11300000000000002,-1.0,1.0,1.0,-2.1010067905604157,1.0,4.0,0.0,0.0,0.0,0.0,0.0,0.0,,0.0,0.0,0.0,0.0,,14,1,0,1,5,6741,14114,1658,11741,1658,0,-0.0,1,0,,,,,0,0.15433661213565353,0.06363025433074251,deg_n_celltypes_sig=4 (+0.49); cc_n_cells_e1=6.74e+03 (+0.14); cc_max_prob=0 (+0.03),novel
871,SLC1A1,OPC_GABA_like_tumor,IDH_WT,tumor,1.0,1.0278539750876812,1.0278539750876812,157.27479345786205,0.344,0.073,0.27099999999999996,1.0,1.0,1.0,0.7993808583361037,1.0,2.0,0.0,0.0,0.0,0.0,0.0,0.0,,0.0,0.0,0.0,0.0,,13,1,0,1,1,6741,14114,5040,1935,1935,0,0.0,0,0,,,,,0,0.15389215320613497,0.029343494970144254,deg_log2fc=1.03 (+0.51); deg_pct_diff=0.271 (+0.16); deg_pct_e1=0.073 (+0.14),novel
872,GLS,T cell,IDH_WT,T_cell,0.0,0.0,0.0,0.0,,,0.0,0.0,0.0,0.0,,0.0,3.0,0.0,0.0,0.0,0.0,0.0,0.0,,0.0,0.0,0.0,0.0,,39,1,0,1,2,2662,1463,1681,1118,1118,0,0.0,0,0,,,,,0,0.15318279746760824,0.0727077233808902,deg_n_celltypes_sig=3 (+0.46); deg_pooled_log2fc=nan (+0.04); cc_max_prob=0 (+0.03),novel
873,MPZL1,OPC_GABA_AC_like_tumor,IDH_Mutant,tumor,0.0,0.0,0.0,0.0,,,0.0,0.0,0.0,0.0,,0.0,1.0,0.0,0.0,0.0,0.0,0.0,0.0,,0.0,0.0,0.0,0.0,,8,1,1,1,2,6202,1012,352,742,352,0,0.0,1,0,,,,,0,0.1529258692209428,0.05953287437747906,cc_n_cells_e1=6.2e+03 (+0.13); cc_n_cells_e2=1.01e+03 (+0.05); cc_edges_e2=0 (+0.04),novel
874,SLC1A3,TAM1/TAM2/microglia,IDH_WT,TAM_microglia,1.0,0.7048990104468937,0.7048990104468937,110.2670297906098,0.737,0.51,0.22699999999999998,1.0,1.0,1.0,1.4026188000090016,1.0,2.0,13.0,0.0,13.0,0.0,0.0580182501147297,0.014240210546249892,0.0,1.0,4.0,13.0,13.0,1.0,26,1,0,1,2,12086,25922,9696,2745,2745,0,1.0,0,1,,,,,0,0.15264433666933924,0.04569530204439277,cc_cross_compartment_edges=13 (+0.41); deg_log2fc=0.705 (+0.32); deg_pct_diff=0.227 (+0.18),novel
875,LGALS9,AC_like_tumor,IDH_WT,tumor,0.0,0.0,0.0,0.0,,,0.0,0.0,0.0,0.0,,0.0,1.0,0.0,0.0,0.0,0.0,0.0,0.0,,0.0,0.0,0.0,0.0,,13,1,0,1,1,72549,446,64812,108,108,0,0.0,0,0,2.0,"tumor,TAM_microglia",immune_synapse,HAVCR2 ligand (pathway-level),0,0.15263140956913523,0.06824509533020291,cc_n_cells_e1=7.25e+04 (+0.12); cc_n_celltypes_total=1 (+0.06); cc_n_cells_e2=446 (+0.05),literature tier 2 (unlabeled)
876,LGALS9,OPC_GABA_AC_like_tumor,IDH_Mutant,tumor,0.0,0.0,0.0,0.0,,,0.0,0.0,0.0,0.0,,0.0,1.0,0.0,0.0,0.0,0.0,0.0,0.0,,0.0,0.0,0.0,0.0,,13,1,0,1,1,6202,1012,352,742,352,0,0.0,1,0,2.0,"tumor,TAM_microglia",immune_synapse,HAVCR2 ligand (pathway-level),0,0.1525875665641731,0.07019826891411513,cc_n_cells_e1=6.2e+03 (+0.13); cc_n_celltypes_total=1 (+0.06); cc_n_cells_e2=1.01e+03 (+0.05),literature tier 2 (unlabeled)
877,ANXA1,OPC_GABA_AC_like_tumor,IDH_WT,tumor,1.0,-3.3981163625903408,3.3981163625903408,3.7126320094508953,0.029,0.21,-0.181,-1.0,0.0,0.0,-5.405165505232273,1.0,4.0,0.0,0.0,0.0,0.0,0.0,0.0,,0.0,0.0,0.0,0.0,,10,1,0,1,4,6202,1012,5384,171,171,0,-0.0,0,0,,,,,0,0.15168832751112618,0.03242520014086675,deg_n_celltypes_sig=4 (+0.44); cc_n_cells_e1=6.2e+03 (+0.14); cc_n_cells_e2=1.01e+03 (+0.04),novel
878,CADM1,cycling_tumor,IDH_Mutant,tumor,1.0,3.528013664644946,3.528013664644946,17.323256391110135,0.434,0.044,0.39,1.0,0.0,0.0,0.2657044225772538,1.0,2.0,4.0,4.0,8.0,0.0,0.0099681326072411,0.00696732355166845,0.0,1.0,3.0,0.0,8.0,1.0,32,1,1,1,3,6410,814,270,136,136,0,1.0,1,1,,,,,0,0.1516761690678672,0.04208260607562248,deg_log2fc=3.53 (+0.64); deg_pct_diff=0.39 (+0.16); deg_pct_e1=0.044 (+0.14),novel
879,CNTN1,cycling_tumor,IDH_Mutant,tumor,1.0,2.3951382460271518,2.3951382460271518,11.256414135215593,0.272,0.011,0.261,1.0,1.0,1.0,3.9210720403512047,1.0,2.0,8.0,0.0,8.0,0.0,0.0116509341895663,0.003926612890837995,0.0,1.0,4.0,0.0,8.0,1.0,16,1,0,1,2,6410,814,270,136,136,0,1.0,1,1,2.0,tumor,neuron_tumor,Synaptic adhesion (pathway-level),0,0.15156110263066147,0.06100708098222507,deg_log2fc=2.4 (+0.56); deg_pct_diff=0.261 (+0.17); deg_pooled_log2fc=3.92 (+0.16),literature tier 2 (unlabeled)
880,HLA-DRA,T cell,IDH_Mutant,T_cell,0.0,0.0,0.0,0.0,,,0.0,0.0,0.0,0.0,,0.0,5.0,4.0,0.0,2.0,2.0,0.0155067311054044,0.005776417214999927,0.0,1.0,1.0,4.0,4.0,0.0,20,1,0,1,7,2662,1463,941,334,334,0,0.0,1,0,2.0,TAM_microglia,immune_synapse,MHC-II antigen presentation (pathway-level),0,0.1514994536639274,0.06941533774109199,cc_cross_compartment_edges=4 (+0.44); deg_n_celltypes_sig=5 (+0.41); cc_edges_e2=2 (+0.05),"literature gene, other compartment"
881,FPR1,T cell,IDH_Mutant,T_cell,0.0,0.0,0.0,0.0,,,0.0,0.0,0.0,0.0,,0.0,2.0,0.0,0.0,0.0,0.0,0.0,0.0,,0.0,0.0,0.0,0.0,,10,0,1,1,1,2662,1463,941,334,334,0,0.0,1,0,,,,,0,0.1512158759419522,0.06585644287913786,cc_is_ligand=0 (+0.33); cc_n_celltypes_total=1 (+0.08); cc_edges_e2=0 (+0.04),novel
882,SPP1,OPC_GABA_like_tumor,IDH_WT,tumor,1.0,-1.524564223802985,1.524564223802985,15.838803479491808,0.352,0.406,-0.05400000000000005,-1.0,1.0,1.0,-3.020977670875521,1.0,4.0,5.0,0.0,0.0,5.0,0.0085137702615473,0.0053990624157255595,0.0,1.0,4.0,3.0,5.0,-1.0,55,1,0,1,7,6741,14114,5040,1935,1935,0,1.0,0,1,1.0,TAM_microglia,myeloid_bridge,"Wei et al., J Clin Invest 2019",0,0.15110626722964907,0.061308826206106525,deg_n_celltypes_sig=4 (+0.66); cc_edges_total=55 (+0.63); cc_cross_compartment_edges=3 (+0.48),"literature gene, other compartment"
883,HLA-E,OPC_GABA_like_tumor,IDH_Mutant,tumor,1.0,-3.530087658998165,3.530087658998165,300.0,0.051,0.417,-0.366,-1.0,0.0,0.0,-2.6572544460266494,1.0,4.0,0.0,0.0,0.0,0.0,0.0,0.0,,0.0,0.0,0.0,0.0,,6,1,0,1,4,6741,14114,1658,11741,1658,0,-0.0,1,0,,,,,0,0.1509229353373158,0.04637225625852787,deg_n_celltypes_sig=4 (+0.43); cc_n_cells_e1=6.74e+03 (+0.14); deg_neglog10_padj=300 (+0.10),novel
884,LRRTM2,TAM1/TAM2/microglia,IDH_WT,TAM_microglia,0.0,0.0,0.0,0.0,,,0.0,0.0,0.0,0.0,,0.0,2.0,0.0,0.0,0.0,0.0,0.0,0.0,,0.0,0.0,0.0,0.0,,12,0,1,1,2,12086,25922,9696,2745,2745,0,0.0,0,0,,,,,0,0.150794156506281,0.04309712721623872,cc_is_ligand=0 (+0.28); cc_n_cells_e1=1.21e+04 (+0.14); cc_edges_total=12 (+0.05),novel
885,PDGFA,AC_like_tumor,IDH_Mutant,tumor,0.0,0.0,0.0,0.0,,,0.0,0.0,0.0,0.0,,0.0,1.0,0.0,0.0,0.0,0.0,0.0,0.0,,0.0,0.0,0.0,0.0,,3,1,0,1,1,72549,446,4249,283,283,0,0.0,1,0,,,,,0,0.15068968044747438,0.05893901361464051,cc_n_cells_e1=7.25e+04 (+0.12); cc_n_celltypes_total=1 (+0.07); cc_n_cells_e2=446 (+0.04),novel
886,SORT1,T cell,IDH_WT,T_cell,0.0,0.0,0.0,0.0,,,0.0,0.0,0.0,0.0,,0.0,3.0,0.0,0.0,0.0,0.0,0.0,0.0,,0.0,0.0,0.0,0.0,,3,0,1,1,1,2662,1463,1681,1118,1118,0,0.0,0,0,,,,,0,0.15059424517041448,0.04483053088018962,deg_n_celltypes_sig=3 (+0.42); cc_is_ligand=0 (+0.23); cc_n_celltypes_total=1 (+0.07),novel
887,HLA-DPA1,AC_like_tumor,IDH_WT,tumor,1.0,-3.751590719019638,3.751590719019638,3.9772946821387603,0.065,0.321,-0.256,-1.0,0.0,0.0,-2.2401095392091683,1.0,5.0,2.0,0.0,0.0,2.0,0.0056489295785856,0.003061536101100413,0.0,1.0,1.0,2.0,2.0,-1.0,14,1,0,1,5,72549,446,64812,108,108,0,1.0,0,1,,,,,0,0.14997131155899246,0.08201848105830845,cc_cross_compartment_edges=2 (+0.35); deg_n_celltypes_sig=5 (+0.29); cc_n_cells_e1=7.25e+04 (+0.14),novel
888,LGALS9,cycling_tumor,IDH_WT,tumor,0.0,0.0,0.0,0.0,,,0.0,0.0,0.0,0.0,,0.0,1.0,0.0,0.0,0.0,0.0,0.0,0.0,,0.0,0.0,0.0,0.0,,13,1,0,1,1,6410,814,5847,663,663,0,0.0,0,0,2.0,"tumor,TAM_microglia",immune_synapse,HAVCR2 ligand (pathway-level),0,0.14985892377692572,0.06352060809606196,cc_n_cells_e1=6.41e+03 (+0.12); cc_n_celltypes_total=1 (+0.06); cc_n_cells_e2=814 (+0.05),literature tier 2 (unlabeled)
889,PDGFA,AC_like_tumor,IDH_WT,tumor,0.0,0.0,0.0,0.0,,,0.0,0.0,0.0,0.0,,0.0,2.0,0.0,0.0,0.0,0.0,0.0,0.0,,0.0,0.0,0.0,0.0,,3,1,0,1,1,72549,446,64812,108,108,0,0.0,0,0,,,,,0,0.14977970451210254,0.05958389154550144,cc_n_cells_e1=7.25e+04 (+0.13); cc_n_celltypes_total=1 (+0.07); cc_n_cells_e2=446 (+0.04),novel
890,GRIA2,T cell,IDH_Mutant,T_cell,0.0,0.0,0.0,0.0,,,0.0,0.0,0.0,0.0,,0.0,4.0,0.0,0.0,0.0,0.0,0.0,0.0,,0.0,0.0,0.0,0.0,,12,0,1,1,3,2662,1463,941,334,334,0,0.0,1,0,1.0,tumor,neuron_tumor,"Venkatesh et al., Nature 2019; Venkataramani et al., Nature 2019",0,0.14964149120371967,0.07107520281354641,deg_n_celltypes_sig=4 (+0.50); cc_is_ligand=0 (+0.30); cc_edges_total=12 (+0.05),"literature gene, other compartment"
891,PILRA,TAM1/TAM2/microglia,IDH_Mutant,TAM_microglia,1.0,-0.4645349062652938,0.4645349062652938,7.194463352071841,0.289,0.351,-0.062,-1.0,0.0,0.0,0.2995228177781359,1.0,1.0,0.0,7.0,7.0,0.0,0.0082024937284372,0.0036620741932491857,0.0,1.0,4.0,5.0,7.0,1.0,7,0,1,1,1,12086,25922,2106,21701,2106,0,-1.0,1,1,,,,,0,0.1490942459325971,0.08220633904955635,cc_cross_compartment_edges=5 (+0.33); cc_is_ligand=0 (+0.28); cc_n_cells_e1=1.21e+04 (+0.11),novel
892,COL9A1,OPC_GABA_like_tumor,IDH_WT,tumor,1.0,3.3090813573742643,3.3090813573742643,207.37671229646364,0.281,0.031,0.25,1.0,0.0,0.0,,0.0,2.0,0.0,0.0,0.0,0.0,0.0,0.0,,0.0,0.0,0.0,0.0,,5,1,0,1,1,6741,14114,5040,1935,1935,0,0.0,0,0,,,,,0,0.14896292565381647,0.06724089499211482,deg_log2fc=3.31 (+0.46); deg_pct_diff=0.25 (+0.16); deg_pct_e1=0.031 (+0.13),novel
893,NCAM2,TAM1/TAM2/microglia,IDH_Mutant,TAM_microglia,0.0,0.0,0.0,0.0,,,0.0,0.0,0.0,0.0,,0.0,2.0,0.0,0.0,0.0,0.0,0.0,0.0,,0.0,0.0,0.0,0.0,,5,0,1,1,1,12086,25922,2106,21701,2106,0,0.0,1,0,,,,,0,0.14895120275974344,0.038158322284526286,cc_is_ligand=0 (+0.20); cc_n_cells_e1=1.21e+04 (+0.13); cc_n_celltypes_total=1 (+0.06),novel
894,SLITRK2,T cell,IDH_WT,T_cell,0.0,0.0,0.0,0.0,,,0.0,0.0,0.0,0.0,,0.0,2.0,0.0,0.0,0.0,0.0,0.0,0.0,,0.0,0.0,0.0,0.0,,1,1,0,1,1,2662,1463,1681,1118,1118,0,0.0,0,0,,,,,0,0.14894521886255535,0.06736450053650044,cc_n_celltypes_total=1 (+0.09); cc_is_receptor=0 (+0.08); deg_pooled_log2fc=nan (+0.04),novel
895,NOTCH1,OPC_GABA_AC_like_tumor,IDH_Mutant,tumor,0.0,0.0,0.0,0.0,,,0.0,0.0,0.0,0.0,,0.0,0.0,0.0,0.0,0.0,0.0,0.0,0.0,,0.0,0.0,0.0,0.0,,16,0,1,2,2,6202,1012,352,742,352,0,0.0,1,0,2.0,tumor,growth,Notch pathway (pathway-level),0,0.148785489997234,0.04138537401513967,cc_is_ligand=0 (+0.29); cc_n_cells_e1=6.2e+03 (+0.12); cc_n_cells_e2=1.01e+03 (+0.06),literature tier 2 (unlabeled)
896,NOTCH1,AC_like_tumor,IDH_Mutant,tumor,0.0,0.0,0.0,0.0,,,0.0,0.0,0.0,0.0,,0.0,0.0,0.0,0.0,0.0,0.0,0.0,0.0,,0.0,0.0,0.0,0.0,,16,0,1,2,2,72549,446,4249,283,283,0,0.0,1,0,2.0,tumor,growth,Notch pathway (pathway-level),0,0.14876935563776592,0.040600347822184676,cc_is_ligand=0 (+0.29); cc_n_cells_e1=7.25e+04 (+0.11); cc_n_cells_e2=446 (+0.06),literature tier 2 (unlabeled)
897,CDH2,OPC_GABA_AC_like_tumor,IDH_WT,tumor,0.0,0.0,0.0,0.0,,,0.0,0.0,0.0,0.0,,0.0,1.0,0.0,0.0,0.0,0.0,0.0,0.0,,0.0,0.0,0.0,0.0,,32,1,1,1,3,6202,1012,5384,171,171,0,0.0,0,0,,,,,0,0.14857327748581206,0.022033077677538117,cc_n_cells_e1=6.2e+03 (+0.13); cc_n_cells_e2=1.01e+03 (+0.05); cc_edges_e2=0 (+0.04),novel
898,HBEGF,cycling_tumor,IDH_Mutant,tumor,0.0,0.0,0.0,0.0,,,0.0,0.0,0.0,0.0,,0.0,0.0,0.0,0.0,0.0,0.0,0.0,0.0,,0.0,0.0,0.0,0.0,,7,1,0,1,1,6410,814,270,136,136,0,0.0,1,0,,,,,0,0.1479339329357054,0.07054603923190918,cc_n_cells_e1=6.41e+03 (+0.11); cc_n_celltypes_total=1 (+0.06); cc_n_cells_e2=814 (+0.04),novel
899,TGFBR2,OPC_GABA_like_tumor,IDH_Mutant,tumor,0.0,0.0,0.0,0.0,,,0.0,0.0,0.0,0.0,,0.0,2.0,0.0,0.0,0.0,0.0,0.0,0.0,,0.0,0.0,0.0,0.0,,4,0,1,1,1,6741,14114,1658,11741,1658,0,0.0,1,0,,,,,0,0.1479027541527805,0.05627364826673351,cc_is_ligand=0 (+0.24); cc_n_cells_e1=6.74e+03 (+0.13); cc_n_celltypes_total=1 (+0.07),novel
900,MDK,OPC_GABA_AC_like_tumor,IDH_WT,tumor,0.0,0.0,0.0,0.0,,,0.0,0.0,0.0,0.0,,0.0,2.0,0.0,0.0,0.0,0.0,0.0,0.0,,0.0,0.0,0.0,0.0,,28,1,0,1,1,6202,1012,5384,171,171,0,0.0,0,0,,,,,0,0.14759917337188594,0.0375898271516904,cc_n_cells_e1=6.2e+03 (+0.14); cc_n_celltypes_total=1 (+0.06); cc_n_cells_e2=1.01e+03 (+0.05),novel
901,HBEGF,OPC_GABA_AC_like_tumor,IDH_Mutant,tumor,0.0,0.0,0.0,0.0,,,0.0,0.0,0.0,0.0,,0.0,0.0,0.0,0.0,0.0,0.0,0.0,0.0,,0.0,0.0,0.0,0.0,,7,1,0,1,1,6202,1012,352,742,352,0,0.0,1,0,,,,,0,0.14737781985460746,0.07035707973359236,cc_n_cells_e1=6.2e+03 (+0.11); cc_n_celltypes_total=1 (+0.06); cc_n_cells_e2=1.01e+03 (+0.05),novel
902,ITGB2,OPC_GABA_AC_like_tumor,IDH_WT,tumor,0.0,0.0,0.0,0.0,,,0.0,0.0,0.0,0.0,,0.0,2.0,0.0,0.0,0.0,0.0,0.0,0.0,,0.0,0.0,0.0,0.0,,4,0,1,2,1,6202,1012,5384,171,171,0,0.0,0,0,,,,,0,0.14734214405100138,0.04733324890198655,cc_is_ligand=0 (+0.26); cc_n_cells_e1=6.2e+03 (+0.13); cc_n_celltypes_total=1 (+0.07),novel
903,AREG,T cell,IDH_WT,T_cell,1.0,0.9672239572986688,0.9672239572986688,4.436011743196359,0.226,0.141,0.08500000000000002,1.0,1.0,1.0,1.3790139787467863,1.0,2.0,7.0,0.0,7.0,0.0,0.0324842206972956,0.012891952110335543,0.0,1.0,4.0,7.0,7.0,1.0,7,1,0,1,1,2662,1463,1681,1118,1118,0,1.0,0,1,,,,,0,0.14721632831487771,0.08922224045293178,deg_log2fc=0.967 (+0.47); cc_cross_compartment_edges=7 (+0.35); deg_pct_diff=0.085 (+0.16),novel
904,PTPRD,OPC_GABA_like_tumor,IDH_Mutant,tumor,0.0,0.0,0.0,0.0,,,0.0,0.0,0.0,0.0,,0.0,1.0,0.0,1.0,1.0,0.0,0.0011930593981233,0.0011930593981233,0.0,1.0,1.0,0.0,1.0,1.0,1,0,1,1,1,6741,14114,1658,11741,1658,0,0.0,1,0,,,,,0,0.14693743002790485,0.04293642762218233,cc_is_ligand=0 (+0.15); cc_n_cells_e1=6.74e+03 (+0.11); cc_n_celltypes_total=1 (+0.07),novel
905,HBEGF,AC_like_tumor,IDH_Mutant,tumor,0.0,0.0,0.0,0.0,,,0.0,0.0,0.0,0.0,,0.0,0.0,0.0,0.0,0.0,0.0,0.0,0.0,,0.0,0.0,0.0,0.0,,7,1,0,1,1,72549,446,4249,283,283,0,0.0,1,0,,,,,0,0.14663084521153288,0.06836771119117939,cc_n_cells_e1=7.25e+04 (+0.11); cc_n_celltypes_total=1 (+0.06); cc_n_cells_e2=446 (+0.05),novel
906,KLRC2,T cell,IDH_WT,T_cell,0.0,0.0,0.0,0.0,,,0.0,0.0,0.0,0.0,,0.0,0.0,0.0,0.0,0.0,0.0,0.0,0.0,,0.0,0.0,0.0,0.0,,6,0,1,1,1,2662,1463,1681,1118,1118,0,0.0,0,0,,,,,0,0.14615035354760647,0.05097998826765261,cc_is_ligand=0 (+0.29); cc_edges_total=6 (+0.09); cc_n_celltypes_total=1 (+0.09),novel
907,CDH2,OPC_GABA_AC_like_tumor,IDH_Mutant,tumor,0.0,0.0,0.0,0.0,,,0.0,0.0,0.0,0.0,,0.0,1.0,0.0,0.0,0.0,0.0,0.0,0.0,,0.0,0.0,0.0,0.0,,32,1,1,1,3,6202,1012,352,742,352,0,0.0,1,0,,,,,0,0.14595020622592,0.01944950984713463,cc_n_cells_e1=6.2e+03 (+0.13); cc_n_cells_e2=1.01e+03 (+0.05); cc_edges_e2=0 (+0.04),novel
908,ITGAX,TAM1/TAM2/microglia,IDH_Mutant,TAM_microglia,0.0,0.0,0.0,0.0,,,0.0,0.0,0.0,0.0,,0.0,0.0,0.0,4.0,4.0,0.0,0.0442420541942578,0.0234334586245721,0.0,2.0,3.0,2.0,4.0,1.0,4,0,1,2,1,12086,25922,2106,21701,2106,0,0.0,1,0,,,,,0,0.14584741270812504,0.03614269564448709,cc_cross_compartment_edges=2 (+0.41); cc_is_ligand=0 (+0.16); cc_n_cells_e1=1.21e+04 (+0.10),novel
909,HLA-DMA,OPC_GABA_like_tumor,IDH_WT,tumor,0.0,0.0,0.0,0.0,,,0.0,0.0,0.0,0.0,,0.0,1.0,0.0,0.0,0.0,0.0,0.0,0.0,,0.0,0.0,0.0,0.0,,8,1,0,1,3,6741,14114,5040,1935,1935,0,0.0,0,0,,,,,0,0.1456994194327994,0.014953744143285071,cc_n_cells_e1=6.74e+03 (+0.13); cc_edges_e2=0 (+0.04); cc_max_prob=0 (+0.03),novel
910,PTGES3,cycling_tumor,IDH_Mutant,tumor,0.0,0.0,0.0,0.0,,,0.0,0.0,0.0,0.0,,0.0,0.0,2.0,0.0,1.0,1.0,0.0142202862652484,0.0090526384523239,0.0,1.0,1.0,2.0,2.0,0.0,13,1,0,1,7,6410,814,270,136,136,0,0.0,1,0,,,,,0,0.14566174351512662,0.06566388500340474,cc_cross_compartment_edges=2 (+0.43); cc_n_cells_e1=6.41e+03 (+0.12); cc_edges_e2=1 (+0.04),novel
911,P4HB,cycling_tumor,IDH_Mutant,tumor,0.0,0.0,0.0,0.0,,,0.0,0.0,0.0,0.0,,0.0,0.0,0.0,2.0,1.0,1.0,0.006613979542561,0.00406302455001975,0.0,1.0,1.0,2.0,2.0,0.0,5,0,1,1,3,6410,814,270,136,136,0,0.0,1,0,,,,,0,0.14565632044478305,0.06788968486366267,cc_cross_compartment_edges=2 (+0.40); cc_is_ligand=0 (+0.22); cc_n_cells_e1=6.41e+03 (+0.11),novel
912,HLA-DPB1,T cell,IDH_WT,T_cell,1.0,0.6068722189030684,0.6068722189030684,2.7934385720594177,0.458,0.375,0.08300000000000002,1.0,1.0,1.0,0.7594494955326812,1.0,5.0,4.0,0.0,2.0,2.0,0.0064620288945377,0.0032153495971184065,0.0,1.0,1.0,4.0,4.0,0.0,14,1,0,1,5,2662,1463,1681,1118,1118,0,0.0,0,1,,,,,0,0.14529662458824397,0.019516706716491795,deg_n_celltypes_sig=5 (+0.41); cc_cross_compartment_edges=4 (+0.37); deg_log2fc=0.607 (+0.37),novel
913,ANXA1,OPC_GABA_like_tumor,IDH_WT,tumor,1.0,-4.239461302670273,4.239461302670273,87.51851321505721,0.039,0.247,-0.208,-1.0,1.0,1.0,-6.165433524380917,1.0,4.0,0.0,0.0,0.0,0.0,0.0,0.0,,0.0,0.0,0.0,0.0,,10,1,0,1,4,6741,14114,5040,1935,1935,0,-0.0,0,0,,,,,0,0.145108481967866,0.03972714767667808,deg_n_celltypes_sig=4 (+0.43); cc_n_cells_e1=6.74e+03 (+0.13); deg_abs_log2fc=4.24 (+0.06),novel
914,GPR37L1,T cell,IDH_WT,T_cell,0.0,0.0,0.0,0.0,,,0.0,0.0,0.0,0.0,,0.0,0.0,0.0,0.0,0.0,0.0,0.0,0.0,,0.0,0.0,0.0,0.0,,9,0,1,1,1,2662,1463,1681,1118,1118,0,0.0,0,0,,,,,0,0.14486034198139544,0.04344556883320062,cc_is_ligand=0 (+0.29); cc_n_celltypes_total=1 (+0.08); cc_edges_e2=0 (+0.04),novel
915,HLA-DQB1,OPC_GABA_AC_like_tumor,IDH_Mutant,tumor,0.0,0.0,0.0,0.0,,,0.0,0.0,0.0,0.0,,0.0,2.0,0.0,0.0,0.0,0.0,0.0,0.0,,0.0,0.0,0.0,0.0,,6,1,0,1,2,6202,1012,352,742,352,0,0.0,1,0,,,,,0,0.1448140999554056,0.06181394404419757,cc_n_cells_e1=6.2e+03 (+0.14); cc_n_cells_e2=1.01e+03 (+0.05); cc_edges_e2=0 (+0.04),novel
916,TGFBR2,OPC_GABA_AC_like_tumor,IDH_WT,tumor,0.0,0.0,0.0,0.0,,,0.0,0.0,0.0,0.0,,0.0,1.0,0.0,0.0,0.0,0.0,0.0,0.0,,0.0,0.0,0.0,0.0,,4,0,1,1,1,6202,1012,5384,171,171,0,0.0,0,0,,,,,0,0.1448109946130767,0.04839397414085105,cc_is_ligand=0 (+0.23); cc_n_cells_e1=6.2e+03 (+0.12); cc_n_celltypes_total=1 (+0.07),novel
917,HLA-DPA1,OPC_GABA_like_tumor,IDH_Mutant,tumor,1.0,-2.0794392844152565,2.0794392844152565,34.04359575430023,0.076,0.169,-0.09300000000000001,-1.0,1.0,1.0,-2.044615793932649,1.0,4.0,0.0,0.0,0.0,0.0,0.0,0.0,,0.0,0.0,0.0,0.0,,14,1,0,1,5,6741,14114,1658,11741,1658,0,-0.0,1,0,,,,,0,0.14471878718594755,0.08268470823036454,deg_n_celltypes_sig=4 (+0.50); cc_n_cells_e1=6.74e+03 (+0.14); cc_max_prob=0 (+0.03),novel
918,HLA-DRA,OPC_GABA_like_tumor,IDH_WT,tumor,1.0,-2.6403241447077264,2.6403241447077264,47.235486409090676,0.113,0.266,-0.15300000000000002,-1.0,1.0,1.0,-2.303886554092712,1.0,5.0,2.0,0.0,0.0,2.0,0.0029418197824012,0.0015940634976052007,0.0,1.0,1.0,2.0,2.0,-1.0,20,1,0,1,7,6741,14114,5040,1935,1935,0,1.0,0,1,2.0,TAM_microglia,immune_synapse,MHC-II antigen presentation (pathway-level),0,0.14431842992835045,0.07366019797713562,cc_cross_compartment_edges=2 (+0.37); deg_n_celltypes_sig=5 (+0.29); cc_n_cells_e1=6.74e+03 (+0.13),"literature gene, other compartment"
919,SDC3,T cell,IDH_WT,T_cell,0.0,0.0,0.0,0.0,,,0.0,0.0,0.0,0.0,,0.0,2.0,0.0,0.0,0.0,0.0,0.0,0.0,,0.0,0.0,0.0,0.0,,11,0,1,1,1,2662,1463,1681,1118,1118,0,0.0,0,0,,,,,0,0.1442325008451796,0.07664290381896147,cc_is_ligand=0 (+0.33); cc_n_celltypes_total=1 (+0.08); cc_edges_e2=0 (+0.04),novel
920,ITGB2,OPC_GABA_AC_like_tumor,IDH_Mutant,tumor,0.0,0.0,0.0,0.0,,,0.0,0.0,0.0,0.0,,0.0,2.0,0.0,0.0,0.0,0.0,0.0,0.0,,0.0,0.0,0.0,0.0,,4,0,1,2,1,6202,1012,352,742,352,0,0.0,1,0,,,,,0,0.14395828515163928,0.05150785454102792,cc_is_ligand=0 (+0.26); cc_n_cells_e1=6.2e+03 (+0.13); cc_n_celltypes_total=1 (+0.07),novel
921,LAIR1,AC_like_tumor,IDH_Mutant,tumor,0.0,0.0,0.0,0.0,,,0.0,0.0,0.0,0.0,,0.0,1.0,0.0,0.0,0.0,0.0,0.0,0.0,,0.0,0.0,0.0,0.0,,4,1,0,1,1,72549,446,4249,283,283,0,0.0,1,0,,,,,0,0.14395756595378614,0.06823894955154229,cc_n_cells_e1=7.25e+04 (+0.12); cc_n_celltypes_total=1 (+0.07); cc_n_cells_e2=446 (+0.04),novel
922,KLRB1,OPC_GABA_AC_like_tumor,IDH_WT,tumor,0.0,0.0,0.0,0.0,,,0.0,0.0,0.0,0.0,,0.0,0.0,0.0,0.0,0.0,0.0,0.0,0.0,,0.0,0.0,0.0,0.0,,14,0,1,1,1,6202,1012,5384,171,171,0,0.0,0,0,1.0,T_cell,immune_synapse,"Mathewson et al., Cell 2021",0,0.14394119261087795,0.016171833881822254,cc_is_ligand=0 (+0.29); cc_n_cells_e1=6.2e+03 (+0.11); cc_n_cells_e2=1.01e+03 (+0.06),"literature gene, other compartment"
923,NCAM2,TAM1/TAM2/microglia,IDH_WT,TAM_microglia,0.0,0.0,0.0,0.0,,,0.0,0.0,0.0,0.0,,0.0,2.0,0.0,0.0,0.0,0.0,0.0,0.0,,0.0,0.0,0.0,0.0,,5,0,1,1,1,12086,25922,9696,2745,2745,0,0.0,0,0,,,,,0,0.143935009317201,0.038440952476966155,cc_is_ligand=0 (+0.21); cc_n_cells_e1=1.21e+04 (+0.13); cc_n_celltypes_total=1 (+0.06),novel
924,HLA-DPB1,cycling_tumor,IDH_WT,tumor,1.0,-4.828056235059979,4.828056235059979,83.956454746946,0.133,0.508,-0.375,-1.0,1.0,1.0,-4.736421498877837,1.0,5.0,2.0,0.0,0.0,2.0,0.0102525480035964,0.0055583801922202076,0.0,1.0,1.0,2.0,2.0,-1.0,14,1,0,1,5,6410,814,5847,663,663,0,1.0,0,1,,,,,0,0.14368472309060898,0.026375938443630436,cc_cross_compartment_edges=2 (+0.35); deg_n_celltypes_sig=5 (+0.29); cc_n_cells_e1=6.41e+03 (+0.14),novel
925,PDGFA,OPC_GABA_AC_like_tumor,IDH_Mutant,tumor,0.0,0.0,0.0,0.0,,,0.0,0.0,0.0,0.0,,0.0,1.0,0.0,0.0,0.0,0.0,0.0,0.0,,0.0,0.0,0.0,0.0,,3,1,0,1,1,6202,1012,352,742,352,0,0.0,1,0,,,,,0,0.14325613683625268,0.05499920863292902,cc_n_cells_e1=6.2e+03 (+0.12); cc_n_celltypes_total=1 (+0.07); cc_n_cells_e2=1.01e+03 (+0.04),novel
926,ADORA3,T cell,IDH_WT,T_cell,0.0,0.0,0.0,0.0,,,0.0,0.0,0.0,0.0,,0.0,1.0,0.0,0.0,0.0,0.0,0.0,0.0,,0.0,0.0,0.0,0.0,,1,1,0,1,1,2662,1463,1681,1118,1118,0,0.0,0,0,,,,,0,0.1431237058954385,0.021144803091233746,cc_n_celltypes_total=1 (+0.09); cc_is_receptor=0 (+0.08); deg_pooled_log2fc=nan (+0.04),novel
927,PILRB,T cell,IDH_WT,T_cell,0.0,0.0,0.0,0.0,,,0.0,0.0,0.0,0.0,,0.0,2.0,0.0,0.0,0.0,0.0,0.0,0.0,,0.0,0.0,0.0,0.0,,7,0,1,1,1,2662,1463,1681,1118,1118,0,0.0,0,0,,,,,0,0.14303969813057432,0.11714441660775896,cc_is_ligand=0 (+0.33); cc_n_celltypes_total=1 (+0.08); cc_edges_total=7 (+0.04),novel
928,MDK,AC_like_tumor,IDH_WT,tumor,0.0,0.0,0.0,0.0,,,0.0,0.0,0.0,0.0,,0.0,2.0,0.0,0.0,0.0,0.0,0.0,0.0,,0.0,0.0,0.0,0.0,,28,1,0,1,1,72549,446,64812,108,108,0,0.0,0,0,,,,,0,0.14302179056308686,0.0358366479392289,cc_n_cells_e1=7.25e+04 (+0.14); cc_n_celltypes_total=1 (+0.06); cc_n_cells_e2=446 (+0.05),novel
929,HLA-DQB1,AC_like_tumor,IDH_Mutant,tumor,0.0,0.0,0.0,0.0,,,0.0,0.0,0.0,0.0,,0.0,2.0,0.0,0.0,0.0,0.0,0.0,0.0,,0.0,0.0,0.0,0.0,,6,1,0,1,2,72549,446,4249,283,283,0,0.0,1,0,,,,,0,0.14300060566771128,0.06472212042759826,cc_n_cells_e1=7.25e+04 (+0.14); cc_n_cells_e2=446 (+0.05); cc_edges_e2=0 (+0.04),novel
930,ITGB2,AC_like_tumor,IDH_Mutant,tumor,0.0,0.0,0.0,0.0,,,0.0,0.0,0.0,0.0,,0.0,2.0,0.0,0.0,0.0,0.0,0.0,0.0,,0.0,0.0,0.0,0.0,,4,0,1,2,1,72549,446,4249,283,283,0,0.0,1,0,,,,,0,0.1429271313345762,0.05164706454724848,cc_is_ligand=0 (+0.26); cc_n_cells_e1=7.25e+04 (+0.13); cc_n_celltypes_total=1 (+0.07),novel
931,HBEGF,OPC_GABA_like_tumor,IDH_Mutant,tumor,0.0,0.0,0.0,0.0,,,0.0,0.0,0.0,0.0,,0.0,0.0,0.0,0.0,0.0,0.0,0.0,0.0,,0.0,0.0,0.0,0.0,,7,1,0,1,1,6741,14114,1658,11741,1658,0,0.0,1,0,,,,,0,0.14289074241578054,0.06830591561184972,cc_n_cells_e1=6.74e+03 (+0.11); cc_n_celltypes_total=1 (+0.06); cc_edges_e2=0 (+0.04),novel
932,ITGB2,AC_like_tumor,IDH_WT,tumor,0.0,0.0,0.0,0.0,,,0.0,0.0,0.0,0.0,,0.0,2.0,0.0,0.0,0.0,0.0,0.0,0.0,,0.0,0.0,0.0,0.0,,4,0,1,2,1,72549,446,64812,108,108,0,0.0,0,0,,,,,0,0.14210202459035726,0.04830364894797067,cc_is_ligand=0 (+0.26); cc_n_cells_e1=7.25e+04 (+0.13); cc_n_celltypes_total=1 (+0.07),novel
933,NLGN1,T cell,IDH_Mutant,T_cell,0.0,0.0,0.0,0.0,,,0.0,0.0,0.0,0.0,,0.0,2.0,0.0,0.0,0.0,0.0,0.0,0.0,,0.0,0.0,0.0,0.0,,18,0,1,1,3,2662,1463,941,334,334,0,0.0,1,0,2.0,tumor,neuron_tumor,Neuroligin family (pathway-level),0,0.14188382434353244,0.04835498125860413,cc_is_ligand=0 (+0.34); cc_edges_e2=0 (+0.04); cc_max_prob=0 (+0.03),"literature gene, other compartment"
934,DLL1,AC_like_tumor,IDH_WT,tumor,0.0,0.0,0.0,0.0,,,0.0,0.0,0.0,0.0,,0.0,2.0,0.0,0.0,0.0,0.0,0.0,0.0,,0.0,0.0,0.0,0.0,,4,1,0,1,2,72549,446,64812,108,108,0,0.0,0,0,,,,,0,0.14152820572279529,0.030927632907649556,cc_n_cells_e1=7.25e+04 (+0.14); cc_n_cells_e2=446 (+0.04); cc_edges_e2=0 (+0.04),novel
935,CLEC2B,OPC_GABA_like_tumor,IDH_WT,tumor,0.0,0.0,0.0,0.0,,,0.0,0.0,0.0,0.0,,0.0,2.0,0.0,0.0,0.0,0.0,0.0,0.0,,0.0,0.0,0.0,0.0,,6,1,0,1,2,6741,14114,5040,1935,1935,0,0.0,0,0,,,,,0,0.14094778453871287,0.06704250577615821,cc_n_cells_e1=6.74e+03 (+0.14); cc_edges_e2=0 (+0.04); cc_max_prob=0 (+0.03),novel
936,TGFBR2,AC_like_tumor,IDH_WT,tumor,0.0,0.0,0.0,0.0,,,0.0,0.0,0.0,0.0,,0.0,1.0,0.0,0.0,0.0,0.0,0.0,0.0,,0.0,0.0,0.0,0.0,,4,0,1,1,1,72549,446,64812,108,108,0,0.0,0,0,,,,,0,0.14082217176644485,0.05014343388381443,cc_is_ligand=0 (+0.23); cc_n_cells_e1=7.25e+04 (+0.12); cc_n_celltypes_total=1 (+0.07),novel
937,PILRA,T cell,IDH_WT,T_cell,0.0,0.0,0.0,0.0,,,0.0,0.0,0.0,0.0,,0.0,0.0,0.0,0.0,0.0,0.0,0.0,0.0,,0.0,0.0,0.0,0.0,,7,0,1,1,1,2662,1463,1681,1118,1118,0,0.0,0,0,,,,,0,0.1407600705311574,0.05724676940484616,cc_is_ligand=0 (+0.29); cc_n_celltypes_total=1 (+0.08); cc_edges_e2=0 (+0.04),novel
938,CLEC2B,OPC_GABA_like_tumor,IDH_Mutant,tumor,0.0,0.0,0.0,0.0,,,0.0,0.0,0.0,0.0,,0.0,2.0,0.0,0.0,0.0,0.0,0.0,0.0,,0.0,0.0,0.0,0.0,,6,1,0,1,2,6741,14114,1658,11741,1658,0,0.0,1,0,,,,,0,0.14068693186365996,0.06242231556295515,cc_n_cells_e1=6.74e+03 (+0.14); cc_edges_e2=0 (+0.04); cc_max_prob=0 (+0.03),novel
939,ITGB1,T cell,IDH_WT,T_cell,0.0,0.0,0.0,0.0,,,0.0,0.0,0.0,0.0,,0.0,2.0,0.0,0.0,0.0,0.0,0.0,0.0,,0.0,0.0,0.0,0.0,,36,0,1,2,3,2662,1463,1681,1118,1118,0,0.0,0,0,,,,,0,0.1406275758369418,0.06386344679554776,cc_is_ligand=0 (+0.34); cc_edges_e2=0 (+0.04); cc_max_prob=0 (+0.03),novel
940,ITGAX,cycling_tumor,IDH_Mutant,tumor,0.0,0.0,0.0,0.0,,,0.0,0.0,0.0,0.0,,0.0,0.0,0.0,0.0,0.0,0.0,0.0,0.0,,0.0,0.0,0.0,0.0,,4,0,1,2,1,6410,814,270,136,136,0,0.0,1,0,,,,,0,0.1404970596552636,0.032047653528742656,cc_is_ligand=0 (+0.22); cc_n_cells_e1=6.41e+03 (+0.10); cc_n_celltypes_total=1 (+0.07),novel
941,PTPRC,OPC_GABA_like_tumor,IDH_Mutant,tumor,0.0,0.0,0.0,0.0,,,0.0,0.0,0.0,0.0,,0.0,2.0,0.0,0.0,0.0,0.0,0.0,0.0,,0.0,0.0,0.0,0.0,,8,1,1,2,2,6741,14114,1658,11741,1658,0,0.0,1,0,,,,,0,0.14025304662445898,0.05671111356769384,cc_n_cells_e1=6.74e+03 (+0.14); cc_edges_e2=0 (+0.04); cc_max_prob=0 (+0.03),novel
942,NLGN1,T cell,IDH_WT,T_cell,0.0,0.0,0.0,0.0,,,0.0,0.0,0.0,0.0,,0.0,2.0,0.0,0.0,0.0,0.0,0.0,0.0,,0.0,0.0,0.0,0.0,,18,0,1,1,3,2662,1463,1681,1118,1118,0,0.0,0,0,2.0,tumor,neuron_tumor,Neuroligin family (pathway-level),0,0.14022293496518823,0.05108720266360575,cc_is_ligand=0 (+0.34); cc_edges_e2=0 (+0.04); cc_max_prob=0 (+0.03),"literature gene, other compartment"
943,GRN,OPC_GABA_like_tumor,IDH_Mutant,tumor,1.0,-0.7791388283861211,0.7791388283861211,4.891738789273467,0.116,0.169,-0.053000000000000005,-1.0,0.0,0.0,-1.0374745400121972,1.0,3.0,0.0,0.0,0.0,0.0,0.0,0.0,,0.0,0.0,0.0,0.0,,3,1,0,1,2,6741,14114,1658,11741,1658,0,-0.0,1,0,,,,,0,0.14016133658921426,0.01808244068302328,deg_n_celltypes_sig=3 (+0.47); cc_n_cells_e1=6.74e+03 (+0.13); cc_max_prob=0 (+0.03),novel
944,DLL1,OPC_GABA_AC_like_tumor,IDH_WT,tumor,0.0,0.0,0.0,0.0,,,0.0,0.0,0.0,0.0,,0.0,2.0,0.0,0.0,0.0,0.0,0.0,0.0,,0.0,0.0,0.0,0.0,,4,1,0,1,2,6202,1012,5384,171,171,0,0.0,0,0,,,,,0,0.13997096551209237,0.030588048787074842,cc_n_cells_e1=6.2e+03 (+0.14); cc_n_cells_e2=1.01e+03 (+0.04); cc_edges_e2=0 (+0.04),novel
945,PILRB,OPC_GABA_like_tumor,IDH_Mutant,tumor,0.0,0.0,0.0,0.0,,,0.0,0.0,0.0,0.0,,0.0,0.0,0.0,0.0,0.0,0.0,0.0,0.0,,0.0,0.0,0.0,0.0,,7,0,1,1,1,6741,14114,1658,11741,1658,0,0.0,1,0,,,,,0,0.13996310210046548,0.08575952360084559,cc_is_ligand=0 (+0.27); cc_n_cells_e1=6.74e+03 (+0.11); cc_n_celltypes_total=1 (+0.06),novel
946,JAM2,OPC_GABA_like_tumor,IDH_Mutant,tumor,1.0,-1.274293620355111,1.274293620355111,77.6154783934257,0.206,0.41,-0.204,-1.0,1.0,0.0,,0.0,2.0,0.0,0.0,0.0,0.0,0.0,0.0,,0.0,0.0,0.0,0.0,,6,1,1,1,1,6741,14114,1658,11741,1658,0,-0.0,1,0,,,,,0,0.1399000164509719,0.041446784884064065,cc_n_cells_e1=6.74e+03 (+0.13); cc_n_celltypes_total=1 (+0.07); cc_edges_total=6 (+0.05),novel
947,KLRB1,AC_like_tumor,IDH_WT,tumor,0.0,0.0,0.0,0.0,,,0.0,0.0,0.0,0.0,,0.0,0.0,0.0,0.0,0.0,0.0,0.0,0.0,,0.0,0.0,0.0,0.0,,14,0,1,1,1,72549,446,64812,108,108,0,0.0,0,0,1.0,T_cell,immune_synapse,"Mathewson et al., Cell 2021",0,0.13950573082251244,0.01866270812437413,cc_is_ligand=0 (+0.29); cc_n_cells_e1=7.25e+04 (+0.11); cc_n_cells_e2=446 (+0.06),"literature gene, other compartment"
948,LRP1,T cell,IDH_Mutant,T_cell,0.0,0.0,0.0,0.0,,,0.0,0.0,0.0,0.0,,0.0,1.0,0.0,0.0,0.0,0.0,0.0,0.0,,0.0,0.0,0.0,0.0,,7,0,1,1,4,2662,1463,941,334,334,0,0.0,1,0,,,,,0,0.13943448248701218,0.049752443605421894,cc_is_ligand=0 (+0.31); cc_edges_total=7 (+0.05); cc_edges_e2=0 (+0.04),novel
949,HLA-DRA,OPC_GABA_AC_like_tumor,IDH_Mutant,tumor,1.0,-3.106786146530202,3.106786146530202,18.113623634583856,0.08,0.295,-0.21499999999999997,-1.0,1.0,1.0,-2.792402915110826,1.0,5.0,2.0,0.0,0.0,2.0,0.0062435412835112,0.0033839399211915686,0.0,1.0,1.0,2.0,2.0,-1.0,20,1,0,1,7,6202,1012,352,742,352,0,1.0,1,1,2.0,TAM_microglia,immune_synapse,MHC-II antigen presentation (pathway-level),0,0.13929604652051647,0.06639221017874387,cc_cross_compartment_edges=2 (+0.35); deg_n_celltypes_sig=5 (+0.27); cc_n_cells_e1=6.2e+03 (+0.14),"literature gene, other compartment"
950,SLC1A1,OPC_GABA_like_tumor,IDH_Mutant,tumor,1.0,2.579610842378,2.579610842378,54.441250844640095,0.177,0.021,0.156,1.0,1.0,1.0,0.7993808583361037,1.0,1.0,0.0,0.0,0.0,0.0,0.0,0.0,,0.0,0.0,0.0,0.0,,13,1,0,1,1,6741,14114,1658,11741,1658,0,0.0,1,0,,,,,0,0.1392133018605001,0.015423176135019409,deg_log2fc=2.58 (+0.50); deg_pct_diff=0.156 (+0.17); deg_pct_e1=0.021 (+0.12),novel
951,KLRB1,cycling_tumor,IDH_WT,tumor,0.0,0.0,0.0,0.0,,,0.0,0.0,0.0,0.0,,0.0,0.0,0.0,0.0,0.0,0.0,0.0,0.0,,0.0,0.0,0.0,0.0,,14,0,1,1,1,6410,814,5847,663,663,0,0.0,0,0,1.0,T_cell,immune_synapse,"Mathewson et al., Cell 2021",0,0.1391544544246424,0.015373362856560388,cc_is_ligand=0 (+0.29); cc_n_cells_e1=6.41e+03 (+0.11); cc_n_cells_e2=814 (+0.06),"literature gene, other compartment"
952,MPZL1,OPC_GABA_like_tumor,IDH_Mutant,tumor,0.0,0.0,0.0,0.0,,,0.0,0.0,0.0,0.0,,0.0,1.0,0.0,0.0,0.0,0.0,0.0,0.0,,0.0,0.0,0.0,0.0,,8,1,1,1,2,6741,14114,1658,11741,1658,0,0.0,1,0,,,,,0,0.1391048060675589,0.04907964762257249,cc_n_cells_e1=6.74e+03 (+0.13); cc_edges_e2=0 (+0.04); cc_max_prob=0 (+0.03),novel
953,PDGFA,OPC_GABA_like_tumor,IDH_WT,tumor,0.0,0.0,0.0,0.0,,,0.0,0.0,0.0,0.0,,0.0,2.0,0.0,0.0,0.0,0.0,0.0,0.0,,0.0,0.0,0.0,0.0,,3,1,0,1,1,6741,14114,5040,1935,1935,0,0.0,0,0,,,,,0,0.13904144954966519,0.05291678321080178,cc_n_cells_e1=6.74e+03 (+0.13); cc_n_celltypes_total=1 (+0.07); cc_edges_e2=0 (+0.04),novel
954,LAIR1,AC_like_tumor,IDH_WT,tumor,0.0,0.0,0.0,0.0,,,0.0,0.0,0.0,0.0,,0.0,1.0,0.0,0.0,0.0,0.0,0.0,0.0,,0.0,0.0,0.0,0.0,,4,1,0,1,1,72549,446,64812,108,108,0,0.0,0,0,,,,,0,0.1388904638529767,0.06699678721042146,cc_n_cells_e1=7.25e+04 (+0.12); cc_n_celltypes_total=1 (+0.07); cc_n_cells_e2=446 (+0.04),novel
955,NRXN2,TAM1/TAM2/microglia,IDH_WT,TAM_microglia,0.0,0.0,0.0,0.0,,,0.0,0.0,0.0,0.0,,0.0,1.0,0.0,0.0,0.0,0.0,0.0,0.0,,0.0,0.0,0.0,0.0,,10,1,0,1,1,12086,25922,9696,2745,2745,0,0.0,0,0,,,,,0,0.138850517226345,0.03751841978405477,cc_n_cells_e1=1.21e+04 (+0.12); cc_n_celltypes_total=1 (+0.06); cc_edges_e2=0 (+0.04),novel
956,ADORA3,TAM1/TAM2/microglia,IDH_Mutant,TAM_microglia,0.0,0.0,0.0,0.0,,,0.0,0.0,0.0,0.0,,0.0,0.0,1.0,0.0,1.0,0.0,0.0039014203393133,0.0039014203393133,0.0,1.0,1.0,0.0,1.0,1.0,1,1,0,1,1,12086,25922,2106,21701,2106,0,0.0,1,0,,,,,0,0.13877119052355386,0.043779289398414856,cc_n_cells_e1=1.21e+04 (+0.10); cc_is_receptor=0 (+0.09); cc_n_celltypes_total=1 (+0.06),novel
957,GRIA3,T cell,IDH_Mutant,T_cell,0.0,0.0,0.0,0.0,,,0.0,0.0,0.0,0.0,,0.0,2.0,0.0,0.0,0.0,0.0,0.0,0.0,,0.0,0.0,0.0,0.0,,6,0,1,1,2,2662,1463,941,334,334,0,0.0,1,0,2.0,tumor,neuron_tumor,"AMPAR subunit family; Venkatesh et al., Nature 2019",0,0.13843663074875892,0.07110072787852245,cc_is_ligand=0 (+0.34); cc_edges_total=6 (+0.09); cc_edges_e2=0 (+0.04),"literature gene, other compartment"
958,LAIR1,OPC_GABA_AC_like_tumor,IDH_WT,tumor,0.0,0.0,0.0,0.0,,,0.0,0.0,0.0,0.0,,0.0,1.0,0.0,0.0,0.0,0.0,0.0,0.0,,0.0,0.0,0.0,0.0,,4,1,0,1,1,6202,1012,5384,171,171,0,0.0,0,0,,,,,0,0.1384201534360328,0.06485972656659783,cc_n_cells_e1=6.2e+03 (+0.12); cc_n_celltypes_total=1 (+0.07); cc_n_cells_e2=1.01e+03 (+0.04),novel
959,MRC1,OPC_GABA_AC_like_tumor,IDH_WT,tumor,0.0,0.0,0.0,0.0,,,0.0,0.0,0.0,0.0,,0.0,0.0,0.0,0.0,0.0,0.0,0.0,0.0,,0.0,0.0,0.0,0.0,,4,0,1,1,1,6202,1012,5384,171,171,0,0.0,0,0,,,,,0,0.13829258547731474,0.04182619846839285,cc_is_ligand=0 (+0.22); cc_n_cells_e1=6.2e+03 (+0.11); cc_n_celltypes_total=1 (+0.07),novel
960,PILRB,cycling_tumor,IDH_Mutant,tumor,0.0,0.0,0.0,0.0,,,0.0,0.0,0.0,0.0,,0.0,0.0,0.0,7.0,7.0,0.0,0.0037171475539804,0.0016564278310690797,0.0,1.0,4.0,4.0,7.0,1.0,7,0,1,1,1,6410,814,270,136,136,0,0.0,1,0,,,,,0,0.1382462214412456,0.10857258620684998,cc_cross_compartment_edges=4 (+0.31); cc_is_ligand=0 (+0.29); cc_n_cells_e1=6.41e+03 (+0.10),novel
961,FPR1,T cell,IDH_WT,T_cell,0.0,0.0,0.0,0.0,,,0.0,0.0,0.0,0.0,,0.0,1.0,0.0,0.0,0.0,0.0,0.0,0.0,,0.0,0.0,0.0,0.0,,10,0,1,1,1,2662,1463,1681,1118,1118,0,0.0,0,0,,,,,0,0.13819556885067216,0.07274968003065715,cc_is_ligand=0 (+0.30); cc_n_celltypes_total=1 (+0.08); cc_edges_e2=0 (+0.04),novel
962,ITGAX,OPC_GABA_AC_like_tumor,IDH_Mutant,tumor,0.0,0.0,0.0,0.0,,,0.0,0.0,0.0,0.0,,0.0,0.0,0.0,0.0,0.0,0.0,0.0,0.0,,0.0,0.0,0.0,0.0,,4,0,1,2,1,6202,1012,352,742,352,0,0.0,1,0,,,,,0,0.13815686505584993,0.03286891252445034,cc_is_ligand=0 (+0.22); cc_n_cells_e1=6.2e+03 (+0.11); cc_n_celltypes_total=1 (+0.07),novel
963,CXCR4,T cell,IDH_WT,T_cell,1.0,-0.7068557756501592,0.7068557756501592,17.379151935254022,0.515,0.663,-0.14800000000000002,-1.0,1.0,1.0,-0.7432503531791435,1.0,2.0,0.0,22.0,11.0,11.0,0.0485948380951234,0.020411046457200894,0.0,1.0,6.0,18.0,22.0,0.0,44,0,1,1,2,2662,1463,1681,1118,1118,0,-0.0,0,1,1.0,tumor,growth,"Rubin et al., PNAS 2003",0,0.1380476228945477,0.06887798438897225,cc_edges_total=44 (+1.75); cc_cross_compartment_edges=18 (+0.42); cc_is_ligand=0 (+0.35),"literature gene, other compartment"
964,LAIR1,OPC_GABA_AC_like_tumor,IDH_Mutant,tumor,0.0,0.0,0.0,0.0,,,0.0,0.0,0.0,0.0,,0.0,1.0,0.0,0.0,0.0,0.0,0.0,0.0,,0.0,0.0,0.0,0.0,,4,1,0,1,1,6202,1012,352,742,352,0,0.0,1,0,,,,,0,0.13796100920493493,0.06614570867158535,cc_n_cells_e1=6.2e+03 (+0.12); cc_n_celltypes_total=1 (+0.07); cc_n_cells_e2=1.01e+03 (+0.04),novel
965,HLA-DPA1,TAM1/TAM2/microglia,IDH_Mutant,TAM_microglia,1.0,-1.5185155949667548,1.5185155949667548,300.0,0.843,0.958,-0.11499999999999999,-1.0,0.0,0.0,-0.8565881023929776,1.0,4.0,4.0,0.0,2.0,2.0,0.0333971442545754,0.016534185100048025,0.0,1.0,1.0,0.0,4.0,0.0,14,1,0,1,5,12086,25922,2106,21701,2106,0,-0.0,1,1,,,,,0,0.1378778393686912,0.031774947295595615,deg_n_celltypes_sig=4 (+0.45); cc_n_cells_e1=1.21e+04 (+0.14); deg_neglog10_padj=300 (+0.10),novel
966,ITGAX,AC_like_tumor,IDH_Mutant,tumor,0.0,0.0,0.0,0.0,,,0.0,0.0,0.0,0.0,,0.0,0.0,0.0,0.0,0.0,0.0,0.0,0.0,,0.0,0.0,0.0,0.0,,4,0,1,2,1,72549,446,4249,283,283,0,0.0,1,0,,,,,0,0.1377163053576939,0.033205904328794285,cc_is_ligand=0 (+0.21); cc_n_cells_e1=7.25e+04 (+0.10); cc_n_celltypes_total=1 (+0.07),novel
967,KLRB1,TAM1/TAM2/microglia,IDH_Mutant,TAM_microglia,0.0,0.0,0.0,0.0,,,0.0,0.0,0.0,0.0,,0.0,1.0,0.0,0.0,0.0,0.0,0.0,0.0,,0.0,0.0,0.0,0.0,,14,0,1,1,1,12086,25922,2106,21701,2106,0,0.0,1,0,1.0,T_cell,immune_synapse,"Mathewson et al., Cell 2021",0,0.13765696010523465,0.041955597598583215,cc_is_ligand=0 (+0.24); cc_n_cells_e1=1.21e+04 (+0.12); cc_n_celltypes_total=1 (+0.06),"literature gene, other compartment"
968,HLA-DPB1,OPC_GABA_AC_like_tumor,IDH_Mutant,tumor,1.0,-1.8830586279192316,1.8830586279192316,2.4143426019449548,0.055,0.148,-0.093,-1.0,1.0,1.0,-2.489416554329811,1.0,5.0,0.0,0.0,0.0,0.0,0.0,0.0,,0.0,0.0,0.0,0.0,,14,1,0,1,5,6202,1012,352,742,352,0,-0.0,1,0,,,,,0,0.13753682255309446,0.0537240895571494,deg_n_celltypes_sig=5 (+0.35); cc_n_cells_e1=6.2e+03 (+0.14); cc_n_cells_e2=1.01e+03 (+0.04),novel
969,TGFBR2,cycling_tumor,IDH_WT,tumor,0.0,0.0,0.0,0.0,,,0.0,0.0,0.0,0.0,,0.0,1.0,0.0,0.0,0.0,0.0,0.0,0.0,,0.0,0.0,0.0,0.0,,4,0,1,1,1,6410,814,5847,663,663,0,0.0,0,0,,,,,0,0.137378890840876,0.0459502104660268,cc_is_ligand=0 (+0.23); cc_n_cells_e1=6.41e+03 (+0.12); cc_n_celltypes_total=1 (+0.07),novel
970,LAIR1,cycling_tumor,IDH_Mutant,tumor,0.0,0.0,0.0,0.0,,,0.0,0.0,0.0,0.0,,0.0,1.0,0.0,0.0,0.0,0.0,0.0,0.0,,0.0,0.0,0.0,0.0,,4,1,0,1,1,6410,814,270,136,136,0,0.0,1,0,,,,,0,0.13712376056895473,0.06471160064727398,cc_n_cells_e1=6.41e+03 (+0.12); cc_n_celltypes_total=1 (+0.07); cc_n_cells_e2=814 (+0.04),novel
971,CD69,TAM1/TAM2/microglia,IDH_Mutant,TAM_microglia,0.0,0.0,0.0,0.0,,,0.0,0.0,0.0,0.0,,0.0,1.0,2.0,0.0,2.0,0.0,0.0054582771010761,0.0049009474620876,0.0,1.0,1.0,2.0,2.0,1.0,6,1,0,1,2,12086,25922,2106,21701,2106,0,0.0,1,0,,,,,0,0.13640071014690405,0.053205951403990016,cc_cross_compartment_edges=2 (+0.31); cc_n_cells_e1=1.21e+04 (+0.13); cc_edges_e2=2 (+0.04),novel
972,AREG,TAM1/TAM2/microglia,IDH_Mutant,TAM_microglia,1.0,-3.777906881760644,3.777906881760644,168.48894456347006,0.016,0.115,-0.099,-1.0,1.0,1.0,-3.319258461992185,1.0,2.0,0.0,0.0,0.0,0.0,0.0,0.0,,0.0,0.0,0.0,0.0,,7,1,0,1,1,12086,25922,2106,21701,2106,0,-0.0,1,0,,,,,0,0.13612194226315943,0.06311817345335091,deg_pct_e1=0.115 (+0.15); cc_n_cells_e1=1.21e+04 (+0.12); deg_neglog10_padj=168 (+0.09),novel
973,GRN,OPC_GABA_AC_like_tumor,IDH_WT,tumor,0.0,0.0,0.0,0.0,,,0.0,0.0,0.0,0.0,,0.0,1.0,0.0,0.0,0.0,0.0,0.0,0.0,,0.0,0.0,0.0,0.0,,3,1,0,1,2,6202,1012,5384,171,171,0,0.0,0,0,,,,,0,0.13606863181892007,0.028259229452512514,cc_n_cells_e1=6.2e+03 (+0.13); cc_n_cells_e2=1.01e+03 (+0.04); cc_edges_e2=0 (+0.04),novel
974,MRC1,AC_like_tumor,IDH_Mutant,tumor,0.0,0.0,0.0,0.0,,,0.0,0.0,0.0,0.0,,0.0,0.0,0.0,0.0,0.0,0.0,0.0,0.0,,0.0,0.0,0.0,0.0,,4,0,1,1,1,72549,446,4249,283,283,0,0.0,1,0,,,,,0,0.13603822263756662,0.04334039298866697,cc_is_ligand=0 (+0.21); cc_n_cells_e1=7.25e+04 (+0.10); cc_n_celltypes_total=1 (+0.07),novel
975,PDGFA,OPC_GABA_like_tumor,IDH_Mutant,tumor,0.0,0.0,0.0,0.0,,,0.0,0.0,0.0,0.0,,0.0,1.0,0.0,0.0,0.0,0.0,0.0,0.0,,0.0,0.0,0.0,0.0,,3,1,0,1,1,6741,14114,1658,11741,1658,0,0.0,1,0,,,,,0,0.13597060347172735,0.0515503200203625,cc_n_cells_e1=6.74e+03 (+0.12); cc_n_celltypes_total=1 (+0.07); cc_edges_e2=0 (+0.04),novel
976,HLA-DPB1,cycling_tumor,IDH_Mutant,tumor,1.0,-4.349260628345878,4.349260628345878,14.827909673894155,0.118,0.563,-0.44499999999999995,-1.0,1.0,1.0,-4.736421498877837,1.0,5.0,2.0,0.0,0.0,2.0,0.0102525480035964,0.0055583801922202076,0.0,1.0,1.0,2.0,2.0,-1.0,14,1,0,1,5,6410,814,270,136,136,0,1.0,1,1,,,,,0,0.13557944274361025,0.017578714424932425,cc_cross_compartment_edges=2 (+0.35); deg_n_celltypes_sig=5 (+0.27); cc_n_cells_e1=6.41e+03 (+0.14),novel
977,PSAP,TAM1/TAM2/microglia,IDH_WT,TAM_microglia,0.0,0.0,0.0,0.0,,,0.0,0.0,0.0,0.0,,0.0,0.0,2.0,0.0,1.0,1.0,0.0103328573239385,0.0097178938974877,0.0,1.0,1.0,2.0,2.0,0.0,9,1,0,1,5,12086,25922,9696,2745,2745,0,0.0,0,0,,,,,0,0.1352732651710987,0.04580114431761579,cc_cross_compartment_edges=2 (+0.38); cc_n_cells_e1=1.21e+04 (+0.12); cc_edges_e2=1 (+0.04),novel
978,LGALS9,OPC_GABA_like_tumor,IDH_Mutant,tumor,0.0,0.0,0.0,0.0,,,0.0,0.0,0.0,0.0,,0.0,1.0,0.0,0.0,0.0,0.0,0.0,0.0,,0.0,0.0,0.0,0.0,,13,1,0,1,1,6741,14114,1658,11741,1658,0,0.0,1,0,2.0,"tumor,TAM_microglia",immune_synapse,HAVCR2 ligand (pathway-level),0,0.135119691769993,0.061390215975207725,cc_n_cells_e1=6.74e+03 (+0.12); cc_n_celltypes_total=1 (+0.06); cc_edges_e2=0 (+0.04),literature tier 2 (unlabeled)
979,HLA-DPB1,OPC_GABA_AC_like_tumor,IDH_WT,tumor,1.0,-4.098250410606293,4.098250410606293,5.378167038295328,0.029,0.236,-0.207,-1.0,1.0,1.0,-2.489416554329811,1.0,5.0,0.0,0.0,0.0,0.0,0.0,0.0,,0.0,0.0,0.0,0.0,,14,1,0,1,5,6202,1012,5384,171,171,0,-0.0,0,0,,,,,0,0.13490648398116806,0.055542568182665925,deg_n_celltypes_sig=5 (+0.29); cc_n_cells_e1=6.2e+03 (+0.14); deg_abs_log2fc=4.1 (+0.06),novel
980,HLA-E,cycling_tumor,IDH_Mutant,tumor,1.0,-5.300401047119455,5.300401047119455,18.74604355532581,0.066,0.578,-0.512,-1.0,1.0,1.0,-3.141242191234189,1.0,4.0,1.0,0.0,0.0,1.0,0.0040438839943757,0.0040438839943757,0.0,1.0,1.0,0.0,1.0,-1.0,6,1,0,1,4,6410,814,270,136,136,0,1.0,1,1,,,,,0,0.1348273724589201,0.04780721536377192,deg_n_celltypes_sig=4 (+0.42); cc_n_cells_e1=6.41e+03 (+0.14); deg_abs_log2fc=5.3 (+0.05),novel
981,HLA-DMB,AC_like_tumor,IDH_Mutant,tumor,0.0,0.0,0.0,0.0,,,0.0,0.0,0.0,0.0,,0.0,2.0,0.0,0.0,0.0,0.0,0.0,0.0,,0.0,0.0,0.0,0.0,,4,1,0,1,1,72549,446,4249,283,283,0,0.0,1,0,,,,,0,0.13459045368786016,0.09617764953914264,cc_n_cells_e1=7.25e+04 (+0.13); cc_n_celltypes_total=1 (+0.07); cc_n_cells_e2=446 (+0.04),novel
982,LGALS9,OPC_GABA_like_tumor,IDH_WT,tumor,0.0,0.0,0.0,0.0,,,0.0,0.0,0.0,0.0,,0.0,1.0,0.0,0.0,0.0,0.0,0.0,0.0,,0.0,0.0,0.0,0.0,,13,1,0,1,1,6741,14114,5040,1935,1935,0,0.0,0,0,2.0,"tumor,TAM_microglia",immune_synapse,HAVCR2 ligand (pathway-level),0,0.1345651397184559,0.05932166915336959,cc_n_cells_e1=6.74e+03 (+0.12); cc_n_celltypes_total=1 (+0.06); cc_edges_e2=0 (+0.04),literature tier 2 (unlabeled)
983,HLA-DPA1,OPC_GABA_AC_like_tumor,IDH_Mutant,tumor,1.0,-2.898038598205624,2.898038598205624,10.204042220102679,0.055,0.205,-0.15,-1.0,1.0,1.0,-2.7854179706402324,1.0,4.0,0.0,0.0,0.0,0.0,0.0,0.0,,0.0,0.0,0.0,0.0,,14,1,0,1,5,6202,1012,352,742,352,0,-0.0,1,0,,,,,0,0.13428689133598792,0.07289427471591425,deg_n_celltypes_sig=4 (+0.42); cc_n_cells_e1=6.2e+03 (+0.14); cc_n_cells_e2=1.01e+03 (+0.04),novel
984,TMIGD3,OPC_GABA_AC_like_tumor,IDH_WT,tumor,0.0,0.0,0.0,0.0,,,0.0,0.0,0.0,0.0,,0.0,2.0,0.0,0.0,0.0,0.0,0.0,0.0,,0.0,0.0,0.0,0.0,,3,0,1,1,2,6202,1012,5384,171,171,0,0.0,0,0,,,,,0,0.1342087468028781,0.023265644837533035,cc_is_ligand=0 (+0.26); cc_n_cells_e1=6.2e+03 (+0.14); cc_n_cells_e2=1.01e+03 (+0.06),novel
985,HLA-DPA1,OPC_GABA_AC_like_tumor,IDH_WT,tumor,1.0,-3.592023626396724,3.592023626396724,3.885823160280731,0.035,0.218,-0.183,-1.0,1.0,1.0,-2.7854179706402324,1.0,5.0,0.0,0.0,0.0,0.0,0.0,0.0,,0.0,0.0,0.0,0.0,,14,1,0,1,5,6202,1012,5384,171,171,0,-0.0,0,0,,,,,0,0.13411732444269928,0.07025505085068193,deg_n_celltypes_sig=5 (+0.29); cc_n_cells_e1=6.2e+03 (+0.14); deg_abs_log2fc=3.59 (+0.05),novel
986,P4HB,OPC_GABA_like_tumor,IDH_Mutant,tumor,0.0,0.0,0.0,0.0,,,0.0,0.0,0.0,0.0,,0.0,0.0,0.0,2.0,1.0,1.0,0.0013611245332281,0.00135107769115995,0.0,1.0,1.0,2.0,2.0,0.0,5,0,1,1,3,6741,14114,1658,11741,1658,0,0.0,1,0,,,,,0,0.13403720819192916,0.06915425666087349,cc_cross_compartment_edges=2 (+0.41); cc_is_ligand=0 (+0.21); cc_n_cells_e1=6.74e+03 (+0.11),novel
987,NRXN2,T cell,IDH_Mutant,T_cell,0.0,0.0,0.0,0.0,,,0.0,0.0,0.0,0.0,,0.0,3.0,0.0,0.0,0.0,0.0,0.0,0.0,,0.0,0.0,0.0,0.0,,10,1,0,1,1,2662,1463,941,334,334,0,0.0,1,0,,,,,0,0.13394817920347796,0.014814440142719392,deg_n_celltypes_sig=3 (+0.44); cc_n_celltypes_total=1 (+0.07); deg_pooled_log2fc=nan (+0.04),novel
988,HLA-DQB1,OPC_GABA_AC_like_tumor,IDH_WT,tumor,0.0,0.0,0.0,0.0,,,0.0,0.0,0.0,0.0,,0.0,1.0,0.0,0.0,0.0,0.0,0.0,0.0,,0.0,0.0,0.0,0.0,,6,1,0,1,2,6202,1012,5384,171,171,0,0.0,0,0,,,,,0,0.13346408482961392,0.05897978956570091,cc_n_cells_e1=6.2e+03 (+0.13); cc_n_cells_e2=1.01e+03 (+0.05); cc_edges_e2=0 (+0.04),novel
989,TMIGD3,OPC_GABA_AC_like_tumor,IDH_Mutant,tumor,0.0,0.0,0.0,0.0,,,0.0,0.0,0.0,0.0,,0.0,2.0,0.0,0.0,0.0,0.0,0.0,0.0,,0.0,0.0,0.0,0.0,,3,0,1,1,2,6202,1012,352,742,352,0,0.0,1,0,,,,,0,0.13301340492837682,0.022981213933630052,cc_is_ligand=0 (+0.26); cc_n_cells_e1=6.2e+03 (+0.14); cc_n_cells_e2=1.01e+03 (+0.06),novel
990,HLA-DMB,OPC_GABA_AC_like_tumor,IDH_Mutant,tumor,0.0,0.0,0.0,0.0,,,0.0,0.0,0.0,0.0,,0.0,2.0,0.0,0.0,0.0,0.0,0.0,0.0,,0.0,0.0,0.0,0.0,,4,1,0,1,1,6202,1012,352,742,352,0,0.0,1,0,,,,,0,0.13282381158179102,0.09473300361067409,cc_n_cells_e1=6.2e+03 (+0.13); cc_n_celltypes_total=1 (+0.07); cc_n_cells_e2=1.01e+03 (+0.04),novel
991,APP,T cell,IDH_WT,T_cell,0.0,0.0,0.0,0.0,,,0.0,0.0,0.0,0.0,,0.0,1.0,0.0,0.0,0.0,0.0,0.0,0.0,,0.0,0.0,0.0,0.0,,78,1,0,1,4,2662,1463,1681,1118,1118,0,0.0,0,0,,,,,0,0.13277178910713366,0.07396133270269314,cc_edges_total=78 (+0.57); cc_edges_e2=0 (+0.04); cc_max_prob=0 (+0.03),novel
992,ITGB2,TAM1/TAM2/microglia,IDH_WT,TAM_microglia,1.0,0.2804559967618028,0.2804559967618028,15.993354138889703,0.598,0.489,0.10899999999999999,1.0,1.0,0.0,,0.0,2.0,0.0,4.0,4.0,0.0,0.0442420541942578,0.0234334586245721,0.0,2.0,3.0,2.0,4.0,1.0,4,0,1,2,1,12086,25922,9696,2745,2745,0,1.0,0,1,,,,,0,0.132637722338182,0.07669633313893436,cc_cross_compartment_edges=2 (+0.43); cc_is_ligand=0 (+0.20); deg_pct_diff=0.109 (+0.16),novel
993,TMIGD3,AC_like_tumor,IDH_Mutant,tumor,0.0,0.0,0.0,0.0,,,0.0,0.0,0.0,0.0,,0.0,2.0,0.0,0.0,0.0,0.0,0.0,0.0,,0.0,0.0,0.0,0.0,,3,0,1,1,2,72549,446,4249,283,283,0,0.0,1,0,,,,,0,0.1326164087122755,0.026099713420513114,cc_is_ligand=0 (+0.26); cc_n_cells_e1=7.25e+04 (+0.14); cc_n_cells_e2=446 (+0.06),novel
994,TMIGD3,AC_like_tumor,IDH_WT,tumor,0.0,0.0,0.0,0.0,,,0.0,0.0,0.0,0.0,,0.0,2.0,0.0,0.0,0.0,0.0,0.0,0.0,,0.0,0.0,0.0,0.0,,3,0,1,1,2,72549,446,64812,108,108,0,0.0,0,0,,,,,0,0.1325442690770225,0.02751759508066742,cc_is_ligand=0 (+0.26); cc_n_cells_e1=7.25e+04 (+0.14); cc_n_cells_e2=446 (+0.06),novel
995,KLRB1,T cell,IDH_WT,T_cell,0.0,0.0,0.0,0.0,,,0.0,0.0,0.0,0.0,,0.0,0.0,0.0,14.0,7.0,7.0,0.0319079660883083,0.010231129628040679,0.0,1.0,2.0,4.0,14.0,0.0,14,0,1,1,1,2662,1463,1681,1118,1118,0,0.0,0,0,1.0,T_cell,immune_synapse,"Mathewson et al., Cell 2021",1,0.13251670283209832,0.07250174880171205,cc_n_partners=2 (+1.21); cc_cross_compartment_edges=4 (+0.46); cc_is_ligand=0 (+0.29),literature tier 1 (label)
996,HLA-DPB1,AC_like_tumor,IDH_WT,tumor,1.0,-3.190074886074954,3.190074886074954,3.215687969356039,0.093,0.333,-0.24000000000000002,-1.0,0.0,0.0,-2.435579781563539,1.0,5.0,2.0,0.0,0.0,2.0,0.0056623552726468,0.0030688153298774434,0.0,1.0,1.0,2.0,2.0,-1.0,14,1,0,1,5,72549,446,64812,108,108,0,1.0,0,1,,,,,0,0.1324480876428738,0.028706286992193915,cc_cross_compartment_edges=2 (+0.35); deg_n_celltypes_sig=5 (+0.29); cc_n_cells_e1=7.25e+04 (+0.14),novel
997,TGFB1,AC_like_tumor,IDH_Mutant,tumor,0.0,0.0,0.0,0.0,,,0.0,0.0,0.0,0.0,,0.0,1.0,0.0,0.0,0.0,0.0,0.0,0.0,,0.0,0.0,0.0,0.0,,4,1,0,1,1,72549,446,4249,283,283,0,0.0,1,0,2.0,"tumor,TAM_microglia",immune_synapse,Immunosuppressive cytokine (pathway-level),0,0.1320856701873741,0.07323240726687989,cc_n_cells_e1=7.25e+04 (+0.12); cc_n_celltypes_total=1 (+0.07); cc_n_cells_e2=446 (+0.04),literature tier 2 (unlabeled)
998,GRN,AC_like_tumor,IDH_WT,tumor,0.0,0.0,0.0,0.0,,,0.0,0.0,0.0,0.0,,0.0,1.0,0.0,0.0,0.0,0.0,0.0,0.0,,0.0,0.0,0.0,0.0,,3,1,0,1,2,72549,446,64812,108,108,0,0.0,0,0,,,,,0,0.13178887449403046,0.02606645343121038,cc_n_cells_e1=7.25e+04 (+0.13); cc_n_cells_e2=446 (+0.04); cc_edges_e2=0 (+0.04),novel
999,LAIR1,cycling_tumor,IDH_WT,tumor,0.0,0.0,0.0,0.0,,,0.0,0.0,0.0,0.0,,0.0,1.0,0.0,0.0,0.0,0.0,0.0,0.0,,0.0,0.0,0.0,0.0,,4,1,0,1,1,6410,814,5847,663,663,0,0.0,0,0,,,,,0,0.1317799469490421,0.06423291105618598,cc_n_cells_e1=6.41e+03 (+0.12); cc_n_celltypes_total=1 (+0.07); cc_n_cells_e2=814 (+0.04),novel
1000,TGFB1,OPC_GABA_AC_like_tumor,IDH_Mutant,tumor,0.0,0.0,0.0,0.0,,,0.0,0.0,0.0,0.0,,0.0,1.0,0.0,0.0,0.0,0.0,0.0,0.0,,0.0,0.0,0.0,0.0,,4,1,0,1,1,6202,1012,352,742,352,0,0.0,1,0,2.0,"tumor,TAM_microglia",immune_synapse,Immunosuppressive cytokine (pathway-level),0,0.13119414056091194,0.07214401655136322,cc_n_cells_e1=6.2e+03 (+0.12); cc_n_celltypes_total=1 (+0.07); cc_n_cells_e2=1.01e+03 (+0.04),literature tier 2 (unlabeled)
1001,PTGER4,T cell,IDH_Mutant,T_cell,0.0,0.0,0.0,0.0,,,0.0,0.0,0.0,0.0,,0.0,0.0,0.0,0.0,0.0,0.0,0.0,0.0,,0.0,0.0,0.0,0.0,,14,0,1,1,1,2662,1463,941,334,334,0,0.0,1,0,,,,,0,0.13089106973290388,0.03800783963355112,cc_is_ligand=0 (+0.29); cc_n_celltypes_total=1 (+0.08); cc_edges_e2=0 (+0.04),novel
1002,KLRB1,OPC_GABA_like_tumor,IDH_WT,tumor,0.0,0.0,0.0,0.0,,,0.0,0.0,0.0,0.0,,0.0,0.0,0.0,0.0,0.0,0.0,0.0,0.0,,0.0,0.0,0.0,0.0,,14,0,1,1,1,6741,14114,5040,1935,1935,0,0.0,0,0,1.0,T_cell,immune_synapse,"Mathewson et al., Cell 2021",0,0.13067906962469067,0.021122968518404277,cc_is_ligand=0 (+0.28); cc_n_cells_e1=6.74e+03 (+0.11); cc_n_celltypes_total=1 (+0.06),"literature gene, other compartment"
1003,GRIA2,TAM1/TAM2/microglia,IDH_WT,TAM_microglia,0.0,0.0,0.0,0.0,,,0.0,0.0,0.0,0.0,,0.0,2.0,0.0,0.0,0.0,0.0,0.0,0.0,,0.0,0.0,0.0,0.0,,12,0,1,1,3,12086,25922,9696,2745,2745,0,0.0,0,0,1.0,tumor,neuron_tumor,"Venkatesh et al., Nature 2019; Venkataramani et al., Nature 2019",0,0.13029176285058622,0.03131455038102052,cc_is_ligand=0 (+0.28); cc_n_cells_e1=1.21e+04 (+0.14); cc_edges_total=12 (+0.05),"literature gene, other compartment"
1004,SORT1,OPC_GABA_like_tumor,IDH_Mutant,tumor,1.0,-1.013349127742366,1.013349127742366,14.98635608123007,0.084,0.154,-0.06999999999999999,-1.0,1.0,1.0,-1.2758171498785147,1.0,2.0,0.0,0.0,0.0,0.0,0.0,0.0,,0.0,0.0,0.0,0.0,,3,0,1,1,1,6741,14114,1658,11741,1658,0,-0.0,1,0,,,,,0,0.13019847829335757,0.04262767838687264,cc_is_ligand=0 (+0.29); cc_n_cells_e1=6.74e+03 (+0.12); cc_n_celltypes_total=1 (+0.06),novel
1005,MRC1,AC_like_tumor,IDH_WT,tumor,0.0,0.0,0.0,0.0,,,0.0,0.0,0.0,0.0,,0.0,0.0,0.0,0.0,0.0,0.0,0.0,0.0,,0.0,0.0,0.0,0.0,,4,0,1,1,1,72549,446,64812,108,108,0,0.0,0,0,,,,,0,0.13010585194242158,0.03929175598547433,cc_is_ligand=0 (+0.22); cc_n_cells_e1=7.25e+04 (+0.10); cc_n_celltypes_total=1 (+0.07),novel
1006,HLA-DQB1,AC_like_tumor,IDH_WT,tumor,0.0,0.0,0.0,0.0,,,0.0,0.0,0.0,0.0,,0.0,1.0,0.0,0.0,0.0,0.0,0.0,0.0,,0.0,0.0,0.0,0.0,,6,1,0,1,2,72549,446,64812,108,108,0,0.0,0,0,,,,,0,0.1299567429121761,0.05978491580871051,cc_n_cells_e1=7.25e+04 (+0.13); cc_n_cells_e2=446 (+0.05); cc_edges_e2=0 (+0.04),novel
1007,HLA-DRB5,OPC_GABA_AC_like_tumor,IDH_WT,tumor,0.0,0.0,0.0,0.0,,,0.0,0.0,0.0,0.0,,0.0,2.0,0.0,0.0,0.0,0.0,0.0,0.0,,0.0,0.0,0.0,0.0,,4,1,0,1,1,6202,1012,5384,171,171,0,0.0,0,0,,,,,0,0.12937006810898052,0.08984119964911808,cc_n_cells_e1=6.2e+03 (+0.13); cc_n_celltypes_total=1 (+0.07); cc_n_cells_e2=1.01e+03 (+0.04),novel
1008,ITGAX,OPC_GABA_like_tumor,IDH_Mutant,tumor,0.0,0.0,0.0,0.0,,,0.0,0.0,0.0,0.0,,0.0,0.0,0.0,0.0,0.0,0.0,0.0,0.0,,0.0,0.0,0.0,0.0,,4,0,1,2,1,6741,14114,1658,11741,1658,0,0.0,1,0,,,,,0,0.1293344628087741,0.032714601218124466,cc_is_ligand=0 (+0.20); cc_n_cells_e1=6.74e+03 (+0.10); cc_n_celltypes_total=1 (+0.07),novel
1009,TMIGD3,TAM1/TAM2/microglia,IDH_Mutant,TAM_microglia,1.0,0.5176325944833349,0.5176325944833349,33.76859297279575,0.587,0.438,0.14899999999999997,1.0,1.0,1.0,0.6447823146095524,1.0,2.0,0.0,2.0,1.0,1.0,0.0134956831199029,0.0091541146819648,0.0,1.0,1.0,0.0,2.0,0.0,3,0,1,1,2,12086,25922,2106,21701,2106,0,0.0,1,1,,,,,0,0.12905768461136874,0.08590563272366103,cc_is_ligand=0 (+0.19); deg_log2fc=0.518 (+0.18); deg_pct_diff=0.149 (+0.16),novel
1010,MRC1,OPC_GABA_AC_like_tumor,IDH_Mutant,tumor,0.0,0.0,0.0,0.0,,,0.0,0.0,0.0,0.0,,0.0,0.0,0.0,0.0,0.0,0.0,0.0,0.0,,0.0,0.0,0.0,0.0,,4,0,1,1,1,6202,1012,352,742,352,0,0.0,1,0,,,,,0,0.1287882345317457,0.04014564666569466,cc_is_ligand=0 (+0.22); cc_n_cells_e1=6.2e+03 (+0.11); cc_n_celltypes_total=1 (+0.07),novel
1011,MRC1,cycling_tumor,IDH_Mutant,tumor,0.0,0.0,0.0,0.0,,,0.0,0.0,0.0,0.0,,0.0,0.0,0.0,0.0,0.0,0.0,0.0,0.0,,0.0,0.0,0.0,0.0,,4,0,1,1,1,6410,814,270,136,136,0,0.0,1,0,,,,,0,0.12873062118986886,0.04264521502263042,cc_is_ligand=0 (+0.22); cc_n_cells_e1=6.41e+03 (+0.10); cc_n_celltypes_total=1 (+0.07),novel
1012,HLA-DRA,OPC_GABA_like_tumor,IDH_Mutant,tumor,1.0,-2.2542419956913298,2.2542419956913298,94.50657435120421,0.119,0.306,-0.187,-1.0,1.0,1.0,-2.303886554092712,1.0,5.0,2.0,0.0,0.0,2.0,0.0029418197824012,0.0015940634976052007,0.0,1.0,1.0,2.0,2.0,-1.0,20,1,0,1,7,6741,14114,1658,11741,1658,0,1.0,1,1,2.0,TAM_microglia,immune_synapse,MHC-II antigen presentation (pathway-level),0,0.1286927350349308,0.07025606916035579,cc_cross_compartment_edges=2 (+0.37); deg_n_celltypes_sig=5 (+0.27); cc_n_cells_e1=6.74e+03 (+0.14),"literature gene, other compartment"
1013,GRIA3,T cell,IDH_WT,T_cell,0.0,0.0,0.0,0.0,,,0.0,0.0,0.0,0.0,,0.0,1.0,0.0,0.0,0.0,0.0,0.0,0.0,,0.0,0.0,0.0,0.0,,6,0,1,1,2,2662,1463,1681,1118,1118,0,0.0,0,0,2.0,tumor,neuron_tumor,"AMPAR subunit family; Venkatesh et al., Nature 2019",0,0.12854801951795936,0.06504769846433579,cc_is_ligand=0 (+0.31); cc_edges_total=6 (+0.09); cc_edges_e2=0 (+0.04),"literature gene, other compartment"
1014,ITGB2,OPC_GABA_like_tumor,IDH_Mutant,tumor,0.0,0.0,0.0,0.0,,,0.0,0.0,0.0,0.0,,0.0,2.0,0.0,0.0,0.0,0.0,0.0,0.0,,0.0,0.0,0.0,0.0,,4,0,1,2,1,6741,14114,1658,11741,1658,0,0.0,1,0,,,,,0,0.12844206868754815,0.04671941626261899,cc_is_ligand=0 (+0.24); cc_n_cells_e1=6.74e+03 (+0.13); cc_n_celltypes_total=1 (+0.07),novel
1015,HLA-DQB1,OPC_GABA_like_tumor,IDH_Mutant,tumor,0.0,0.0,0.0,0.0,,,0.0,0.0,0.0,0.0,,0.0,2.0,0.0,0.0,0.0,0.0,0.0,0.0,,0.0,0.0,0.0,0.0,,6,1,0,1,2,6741,14114,1658,11741,1658,0,0.0,1,0,,,,,0,0.12822136807475246,0.05691088441581446,cc_n_cells_e1=6.74e+03 (+0.14); cc_edges_e2=0 (+0.04); cc_max_prob=0 (+0.03),novel
1016,SLC1A3,OPC_GABA_AC_like_tumor,IDH_WT,tumor,0.0,0.0,0.0,0.0,,,0.0,0.0,0.0,0.0,,0.0,2.0,0.0,0.0,0.0,0.0,0.0,0.0,,0.0,0.0,0.0,0.0,,26,1,0,1,2,6202,1012,5384,171,171,0,0.0,0,0,,,,,0,0.12783174205673492,0.03931920321564655,cc_n_cells_e1=6.2e+03 (+0.14); cc_n_cells_e2=1.01e+03 (+0.05); cc_edges_e2=0 (+0.04),novel
1017,AREG,T cell,IDH_Mutant,T_cell,1.0,2.621978049134785,2.621978049134785,45.230029365178375,0.524,0.143,0.381,1.0,1.0,1.0,1.3790139787467863,1.0,2.0,7.0,0.0,7.0,0.0,0.0324842206972956,0.012891952110335543,0.0,1.0,4.0,7.0,7.0,1.0,7,1,0,1,1,2662,1463,941,334,334,0,1.0,1,1,,,,,0,0.12772755882990922,0.06788630205827895,deg_log2fc=2.62 (+0.63); cc_cross_compartment_edges=7 (+0.35); deg_pct_diff=0.381 (+0.18),novel
1018,LAIR1,OPC_GABA_like_tumor,IDH_Mutant,tumor,0.0,0.0,0.0,0.0,,,0.0,0.0,0.0,0.0,,0.0,1.0,0.0,0.0,0.0,0.0,0.0,0.0,,0.0,0.0,0.0,0.0,,4,1,0,1,1,6741,14114,1658,11741,1658,0,0.0,1,0,,,,,0,0.12767505951228533,0.0606812602897296,cc_n_cells_e1=6.74e+03 (+0.12); cc_n_celltypes_total=1 (+0.07); cc_edges_e2=0 (+0.04),novel
1019,PPIA,TAM1/TAM2/microglia,IDH_Mutant,TAM_microglia,1.0,-0.4132315534024129,0.4132315534024129,55.166869464907194,0.768,0.848,-0.07999999999999996,-1.0,1.0,1.0,-0.7277355094696292,1.0,1.0,7.0,0.0,3.0,4.0,0.0978378557322367,0.04184953839754516,0.04,1.0,3.0,7.0,7.0,-0.14285714285714285,56,1,0,1,7,12086,25922,2106,21701,2106,0,0.14285714285714285,1,1,,,,,0,0.1276418621385294,0.08500246411728435,cc_edges_total=56 (+0.65); cc_cross_compartment_edges=7 (+0.58); cc_n_cells_e1=1.21e+04 (+0.13),novel
1020,CDH2,TAM1/TAM2/microglia,IDH_Mutant,TAM_microglia,0.0,0.0,0.0,0.0,,,0.0,0.0,0.0,0.0,,0.0,1.0,0.0,0.0,0.0,0.0,0.0,0.0,,0.0,0.0,0.0,0.0,,32,1,1,1,3,12086,25922,2106,21701,2106,0,0.0,1,0,,,,,0,0.12748554019915562,0.019241188658254783,cc_n_cells_e1=1.21e+04 (+0.13); cc_edges_e2=0 (+0.04); cc_max_prob=0 (+0.03),novel
1021,SDC3,T cell,IDH_Mutant,T_cell,0.0,0.0,0.0,0.0,,,0.0,0.0,0.0,0.0,,0.0,1.0,0.0,0.0,0.0,0.0,0.0,0.0,,0.0,0.0,0.0,0.0,,11,0,1,1,1,2662,1463,941,334,334,0,0.0,1,0,,,,,0,0.1272666252298712,0.06441264810009956,cc_is_ligand=0 (+0.30); cc_n_celltypes_total=1 (+0.08); cc_edges_e2=0 (+0.04),novel
1022,ITGB2,OPC_GABA_like_tumor,IDH_WT,tumor,0.0,0.0,0.0,0.0,,,0.0,0.0,0.0,0.0,,0.0,2.0,0.0,0.0,0.0,0.0,0.0,0.0,,0.0,0.0,0.0,0.0,,4,0,1,2,1,6741,14114,5040,1935,1935,0,0.0,0,0,,,,,0,0.12714913028122693,0.041490965214178145,cc_is_ligand=0 (+0.25); cc_n_cells_e1=6.74e+03 (+0.13); cc_n_celltypes_total=1 (+0.06),novel
1023,HLA-DRB5,AC_like_tumor,IDH_WT,tumor,0.0,0.0,0.0,0.0,,,0.0,0.0,0.0,0.0,,0.0,2.0,0.0,0.0,0.0,0.0,0.0,0.0,,0.0,0.0,0.0,0.0,,4,1,0,1,1,72549,446,64812,108,108,0,0.0,0,0,,,,,0,0.12672596037397674,0.08795805529024833,cc_n_cells_e1=7.25e+04 (+0.13); cc_n_celltypes_total=1 (+0.07); cc_n_cells_e2=446 (+0.04),novel
1024,PDGFB,AC_like_tumor,IDH_Mutant,tumor,0.0,0.0,0.0,0.0,,,0.0,0.0,0.0,0.0,,0.0,1.0,0.0,0.0,0.0,0.0,0.0,0.0,,0.0,0.0,0.0,0.0,,3,1,0,1,1,72549,446,4249,283,283,0,0.0,1,0,,,,,0,0.126586156034387,0.06330924373403317,cc_n_cells_e1=7.25e+04 (+0.12); cc_n_celltypes_total=1 (+0.07); cc_n_cells_e2=446 (+0.04),novel
1025,PDGFB,OPC_GABA_AC_like_tumor,IDH_WT,tumor,0.0,0.0,0.0,0.0,,,0.0,0.0,0.0,0.0,,0.0,1.0,0.0,0.0,0.0,0.0,0.0,0.0,,0.0,0.0,0.0,0.0,,3,1,0,1,1,6202,1012,5384,171,171,0,0.0,0,0,,,,,0,0.12657566334310402,0.062415072469155716,cc_n_cells_e1=6.2e+03 (+0.12); cc_n_celltypes_total=1 (+0.07); cc_n_cells_e2=1.01e+03 (+0.04),novel
1026,MRC1,cycling_tumor,IDH_WT,tumor,0.0,0.0,0.0,0.0,,,0.0,0.0,0.0,0.0,,0.0,0.0,0.0,0.0,0.0,0.0,0.0,0.0,,0.0,0.0,0.0,0.0,,4,0,1,1,1,6410,814,5847,663,663,0,0.0,0,0,,,,,0,0.12616907396474603,0.035292851503931695,cc_is_ligand=0 (+0.21); cc_n_cells_e1=6.41e+03 (+0.10); cc_n_celltypes_total=1 (+0.07),novel
1027,CDH2,TAM1/TAM2/microglia,IDH_WT,TAM_microglia,0.0,0.0,0.0,0.0,,,0.0,0.0,0.0,0.0,,0.0,1.0,0.0,0.0,0.0,0.0,0.0,0.0,,0.0,0.0,0.0,0.0,,32,1,1,1,3,12086,25922,9696,2745,2745,0,0.0,0,0,,,,,0,0.12572623298340796,0.020444646934721193,cc_n_cells_e1=1.21e+04 (+0.13); cc_edges_e2=0 (+0.04); cc_max_prob=0 (+0.03),novel
1028,MDK,TAM1/TAM2/microglia,IDH_WT,TAM_microglia,0.0,0.0,0.0,0.0,,,0.0,0.0,0.0,0.0,,0.0,2.0,0.0,0.0,0.0,0.0,0.0,0.0,,0.0,0.0,0.0,0.0,,28,1,0,1,1,12086,25922,9696,2745,2745,0,0.0,0,0,,,,,0,0.12562005263768025,0.039024394645750575,cc_n_cells_e1=1.21e+04 (+0.14); cc_n_celltypes_total=1 (+0.06); cc_edges_e2=0 (+0.04),novel
1029,SPP1,OPC_GABA_like_tumor,IDH_Mutant,tumor,1.0,-2.144547480960237,2.144547480960237,17.584618427709376,0.104,0.181,-0.077,-1.0,1.0,1.0,-3.020977670875521,1.0,4.0,5.0,0.0,0.0,5.0,0.0085137702615473,0.0053990624157255595,0.0,1.0,4.0,3.0,5.0,-1.0,55,1,0,1,7,6741,14114,1658,11741,1658,0,1.0,1,1,1.0,TAM_microglia,myeloid_bridge,"Wei et al., J Clin Invest 2019",0,0.12552538804151547,0.04779256235675316,cc_edges_total=55 (+0.63); deg_n_celltypes_sig=4 (+0.60); cc_cross_compartment_edges=3 (+0.48),"literature gene, other compartment"
1030,SPP1,cycling_tumor,IDH_WT,tumor,1.0,-5.034519235889427,5.034519235889427,122.415346717611,0.327,0.689,-0.36199999999999993,-1.0,1.0,1.0,-5.147553036495236,1.0,4.0,10.0,0.0,5.0,5.0,0.0364060099743201,0.012435470878227977,0.0,1.0,4.0,6.0,10.0,0.0,55,1,0,1,7,6410,814,5847,663,663,0,-0.0,0,1,1.0,TAM_microglia,myeloid_bridge,"Wei et al., J Clin Invest 2019",0,0.12505289625072818,0.04547565662723177,cc_edges_total=55 (+0.63); deg_n_celltypes_sig=4 (+0.56); cc_cross_compartment_edges=6 (+0.55),"literature gene, other compartment"
1031,PDGFB,OPC_GABA_AC_like_tumor,IDH_Mutant,tumor,0.0,0.0,0.0,0.0,,,0.0,0.0,0.0,0.0,,0.0,1.0,0.0,0.0,0.0,0.0,0.0,0.0,,0.0,0.0,0.0,0.0,,3,1,0,1,1,6202,1012,352,742,352,0,0.0,1,0,,,,,0,0.12488812232643612,0.06192036799228994,cc_n_cells_e1=6.2e+03 (+0.12); cc_n_celltypes_total=1 (+0.07); cc_n_cells_e2=1.01e+03 (+0.04),novel
1032,TGFBR2,OPC_GABA_like_tumor,IDH_WT,tumor,0.0,0.0,0.0,0.0,,,0.0,0.0,0.0,0.0,,0.0,1.0,0.0,0.0,0.0,0.0,0.0,0.0,,0.0,0.0,0.0,0.0,,4,0,1,1,1,6741,14114,5040,1935,1935,0,0.0,0,0,,,,,0,0.1244573384921017,0.0339359183735547,cc_is_ligand=0 (+0.22); cc_n_cells_e1=6.74e+03 (+0.12); cc_n_celltypes_total=1 (+0.07),novel
1033,GLS,TAM1/TAM2/microglia,IDH_Mutant,TAM_microglia,1.0,1.1064324236649108,1.1064324236649108,59.4595764004668,0.46,0.286,0.17400000000000004,1.0,1.0,1.0,1.3231426999977598,1.0,2.0,13.0,0.0,13.0,0.0,0.0580182501147297,0.014240210546249892,0.0,1.0,4.0,13.0,13.0,1.0,39,1,0,1,2,12086,25922,2106,21701,2106,0,1.0,1,1,,,,,0,0.12429451530646791,0.11564980057858947,deg_log2fc=1.11 (+0.56); cc_cross_compartment_edges=13 (+0.40); deg_pct_diff=0.174 (+0.17),novel
1034,PDGFB,AC_like_tumor,IDH_WT,tumor,0.0,0.0,0.0,0.0,,,0.0,0.0,0.0,0.0,,0.0,1.0,0.0,0.0,0.0,0.0,0.0,0.0,,0.0,0.0,0.0,0.0,,3,1,0,1,1,72549,446,64812,108,108,0,0.0,0,0,,,,,0,0.12418209712522725,0.06114617303413539,cc_n_cells_e1=7.25e+04 (+0.12); cc_n_celltypes_total=1 (+0.07); cc_n_cells_e2=446 (+0.04),novel
1035,MERTK,T cell,IDH_Mutant,T_cell,0.0,0.0,0.0,0.0,,,0.0,0.0,0.0,0.0,,0.0,2.0,0.0,0.0,0.0,0.0,0.0,0.0,,0.0,0.0,0.0,0.0,,1,0,1,1,1,2662,1463,941,334,334,0,0.0,1,0,,,,,0,0.12411252136800006,0.025090870839548175,cc_is_ligand=0 (+0.20); cc_n_celltypes_total=1 (+0.08); cc_edges_e2=0 (+0.04),novel
1036,JAM3,T cell,IDH_WT,T_cell,0.0,0.0,0.0,0.0,,,0.0,0.0,0.0,0.0,,0.0,3.0,0.0,0.0,0.0,0.0,0.0,0.0,,0.0,0.0,0.0,0.0,,3,1,1,1,1,2662,1463,1681,1118,1118,0,0.0,0,0,,,,,0,0.12370577830204069,0.05901860217509091,deg_n_celltypes_sig=3 (+0.44); cc_n_celltypes_total=1 (+0.08); deg_pooled_log2fc=nan (+0.04),novel
1037,HLA-DMB,OPC_GABA_AC_like_tumor,IDH_WT,tumor,0.0,0.0,0.0,0.0,,,0.0,0.0,0.0,0.0,,0.0,1.0,0.0,0.0,0.0,0.0,0.0,0.0,,0.0,0.0,0.0,0.0,,4,1,0,1,1,6202,1012,5384,171,171,0,0.0,0,0,,,,,0,0.12354673526320448,0.08737030818855643,cc_n_cells_e1=6.2e+03 (+0.12); cc_n_celltypes_total=1 (+0.07); cc_n_cells_e2=1.01e+03 (+0.04),novel
1038,ITGB1,T cell,IDH_Mutant,T_cell,0.0,0.0,0.0,0.0,,,0.0,0.0,0.0,0.0,,0.0,1.0,0.0,0.0,0.0,0.0,0.0,0.0,,0.0,0.0,0.0,0.0,,36,0,1,2,3,2662,1463,941,334,334,0,0.0,1,0,,,,,0,0.12354091671512837,0.05794567003386486,cc_is_ligand=0 (+0.31); cc_edges_e2=0 (+0.04); cc_max_prob=0 (+0.03),novel
1039,LAIR1,OPC_GABA_like_tumor,IDH_WT,tumor,0.0,0.0,0.0,0.0,,,0.0,0.0,0.0,0.0,,0.0,1.0,0.0,0.0,0.0,0.0,0.0,0.0,,0.0,0.0,0.0,0.0,,4,1,0,1,1,6741,14114,5040,1935,1935,0,0.0,0,0,,,,,0,0.12329434658670106,0.06006458594883559,cc_n_cells_e1=6.74e+03 (+0.12); cc_n_celltypes_total=1 (+0.07); cc_edges_e2=0 (+0.04),novel
1040,SPP1,OPC_GABA_AC_like_tumor,IDH_WT,tumor,1.0,-2.26653344561614,2.26653344561614,9.573747032509344,0.164,0.462,-0.29800000000000004,-1.0,1.0,1.0,-3.560459158584305,1.0,4.0,5.0,0.0,0.0,5.0,0.0112397372446153,0.0071331209569268,0.0,1.0,4.0,3.0,5.0,-1.0,55,1,0,1,7,6202,1012,5384,171,171,0,1.0,0,1,1.0,TAM_microglia,myeloid_bridge,"Wei et al., J Clin Invest 2019",0,0.12310907146761388,0.030626564279858912,cc_edges_total=55 (+0.63); deg_n_celltypes_sig=4 (+0.53); cc_cross_compartment_edges=3 (+0.51),"literature gene, other compartment"
1041,PDGFB,cycling_tumor,IDH_Mutant,tumor,0.0,0.0,0.0,0.0,,,0.0,0.0,0.0,0.0,,0.0,1.0,0.0,0.0,0.0,0.0,0.0,0.0,,0.0,0.0,0.0,0.0,,3,1,0,1,1,6410,814,270,136,136,0,0.0,1,0,,,,,0,0.12297796541846484,0.06109603452303187,cc_n_cells_e1=6.41e+03 (+0.12); cc_n_celltypes_total=1 (+0.07); cc_n_cells_e2=814 (+0.04),novel
1042,HLA-DPB1,TAM1/TAM2/microglia,IDH_WT,TAM_microglia,1.0,-0.3761779466778892,0.3761779466778892,5.581407958767327,0.92,0.871,0.049000000000000044,-1.0,1.0,1.0,-1.4002956125942698,1.0,5.0,4.0,0.0,2.0,2.0,0.0313832325589142,0.013363812357826549,0.0,1.0,1.0,0.0,4.0,0.0,14,1,0,1,5,12086,25922,9696,2745,2745,0,-0.0,0,1,,,,,0,0.12281141246648067,0.05283898708270405,deg_n_celltypes_sig=5 (+0.45); cc_n_cells_e1=1.21e+04 (+0.14); cc_edges_e2=2 (+0.05),novel
1043,SLC1A1,AC_like_tumor,IDH_WT,tumor,0.0,0.0,0.0,0.0,,,0.0,0.0,0.0,0.0,,0.0,2.0,0.0,0.0,0.0,0.0,0.0,0.0,,0.0,0.0,0.0,0.0,,13,1,0,1,1,72549,446,64812,108,108,0,0.0,0,0,,,,,0,0.12275420201639284,0.0629820925055241,cc_n_cells_e1=7.25e+04 (+0.14); cc_n_celltypes_total=1 (+0.06); cc_n_cells_e2=446 (+0.05),novel
1044,SLC1A1,OPC_GABA_AC_like_tumor,IDH_WT,tumor,0.0,0.0,0.0,0.0,,,0.0,0.0,0.0,0.0,,0.0,2.0,0.0,0.0,0.0,0.0,0.0,0.0,,0.0,0.0,0.0,0.0,,13,1,0,1,1,6202,1012,5384,171,171,0,0.0,0,0,,,,,0,0.12188285970887476,0.06034641825405573,cc_n_cells_e1=6.2e+03 (+0.14); cc_n_celltypes_total=1 (+0.06); cc_n_cells_e2=1.01e+03 (+0.05),novel
1045,HLA-DMB,AC_like_tumor,IDH_WT,tumor,0.0,0.0,0.0,0.0,,,0.0,0.0,0.0,0.0,,0.0,1.0,0.0,0.0,0.0,0.0,0.0,0.0,,0.0,0.0,0.0,0.0,,4,1,0,1,1,72549,446,64812,108,108,0,0.0,0,0,,,,,0,0.1218323009350161,0.08668546578677792,cc_n_cells_e1=7.25e+04 (+0.12); cc_n_celltypes_total=1 (+0.07); cc_n_cells_e2=446 (+0.04),novel
1046,AXL,T cell,IDH_WT,T_cell,0.0,0.0,0.0,0.0,,,0.0,0.0,0.0,0.0,,0.0,0.0,0.0,0.0,0.0,0.0,0.0,0.0,,0.0,0.0,0.0,0.0,,1,0,1,1,1,2662,1463,1681,1118,1118,0,0.0,0,0,2.0,"TAM_microglia,tumor",myeloid_bridge,TAM receptor family (pathway-level),0,0.12153636046565605,0.05173105384711746,cc_is_ligand=0 (+0.16); cc_n_celltypes_total=1 (+0.08); cc_edges_e2=0 (+0.04),"literature gene, other compartment"
1047,SPP1,OPC_GABA_AC_like_tumor,IDH_Mutant,tumor,1.0,-4.330442522087505,4.330442522087505,31.423975934425094,0.035,0.295,-0.26,-1.0,1.0,1.0,-3.560459158584305,1.0,4.0,5.0,0.0,0.0,5.0,0.0112397372446153,0.0071331209569268,0.0,1.0,4.0,3.0,5.0,-1.0,55,1,0,1,7,6202,1012,352,742,352,0,1.0,1,1,1.0,TAM_microglia,myeloid_bridge,"Wei et al., J Clin Invest 2019",0,0.1213341823849601,0.03213158523252883,cc_edges_total=55 (+0.63); deg_n_celltypes_sig=4 (+0.52); cc_cross_compartment_edges=3 (+0.51),"literature gene, other compartment"
1048,CDH2,cycling_tumor,IDH_Mutant,tumor,1.0,2.6981053725906845,2.6981053725906845,16.020476888215608,0.39,0.03,0.36,1.0,1.0,1.0,0.8498387895961115,1.0,1.0,4.0,4.0,8.0,0.0,0.0076576511402805,0.0047415855174035,0.0,1.0,3.0,0.0,8.0,1.0,32,1,1,1,3,6410,814,270,136,136,0,1.0,1,1,,,,,0,0.12124569118378178,0.07381617458304927,deg_log2fc=2.7 (+0.65); deg_pct_diff=0.36 (+0.15); deg_pct_e1=0.03 (+0.11),novel
1049,ITGB2,TAM1/TAM2/microglia,IDH_Mutant,TAM_microglia,1.0,-0.5566476131317764,0.5566476131317764,34.70903012964246,0.596,0.695,-0.09899999999999998,-1.0,1.0,0.0,,0.0,2.0,0.0,4.0,4.0,0.0,0.0442420541942578,0.0234334586245721,0.0,2.0,3.0,2.0,4.0,1.0,4,0,1,2,1,12086,25922,2106,21701,2106,0,-1.0,1,1,,,,,0,0.12120974577114518,0.06598013283952676,cc_cross_compartment_edges=2 (+0.43); cc_is_ligand=0 (+0.21); cc_n_cells_e1=1.21e+04 (+0.12),novel
1050,SLC1A3,AC_like_tumor,IDH_WT,tumor,0.0,0.0,0.0,0.0,,,0.0,0.0,0.0,0.0,,0.0,2.0,0.0,0.0,0.0,0.0,0.0,0.0,,0.0,0.0,0.0,0.0,,26,1,0,1,2,72549,446,64812,108,108,0,0.0,0,0,,,,,0,0.12097402139573428,0.03472146913725092,cc_n_cells_e1=7.25e+04 (+0.14); cc_n_cells_e2=446 (+0.05); cc_edges_e2=0 (+0.04),novel
1051,GRN,T cell,IDH_Mutant,T_cell,0.0,0.0,0.0,0.0,,,0.0,0.0,0.0,0.0,,0.0,3.0,0.0,0.0,0.0,0.0,0.0,0.0,,0.0,0.0,0.0,0.0,,3,1,0,1,2,2662,1463,941,334,334,0,0.0,1,0,,,,,0,0.1206618482433545,0.06321477314540828,deg_n_celltypes_sig=3 (+0.45); deg_pooled_log2fc=nan (+0.04); cc_max_prob=0 (+0.03),novel
1052,AXL,T cell,IDH_Mutant,T_cell,0.0,0.0,0.0,0.0,,,0.0,0.0,0.0,0.0,,0.0,0.0,0.0,0.0,0.0,0.0,0.0,0.0,,0.0,0.0,0.0,0.0,,1,0,1,1,1,2662,1463,941,334,334,0,0.0,1,0,2.0,"TAM_microglia,tumor",myeloid_bridge,TAM receptor family (pathway-level),0,0.12035283117801263,0.05156045618090787,cc_is_ligand=0 (+0.16); cc_n_celltypes_total=1 (+0.08); cc_edges_e2=0 (+0.04),"literature gene, other compartment"
1053,PPIA,cycling_tumor,IDH_WT,tumor,0.0,0.0,0.0,0.0,,,0.0,0.0,0.0,0.0,,0.0,2.0,10.0,0.0,5.0,5.0,0.1356608701322122,0.05412273350452988,0.0,1.0,4.0,0.0,10.0,0.0,56,1,0,1,7,6410,814,5847,663,663,0,0.0,0,0,,,,,0,0.12031755376740412,0.041931497364102316,cc_edges_total=56 (+0.49); cc_n_cells_e1=6.41e+03 (+0.15); cc_mean_prob=0.0541 (+0.08),novel
1054,PTGER4,TAM1/TAM2/microglia,IDH_Mutant,TAM_microglia,0.0,0.0,0.0,0.0,,,0.0,0.0,0.0,0.0,,0.0,0.0,0.0,14.0,14.0,0.0,0.0142202862652484,0.0057523660417539,0.0,1.0,7.0,12.0,14.0,1.0,14,0,1,1,1,12086,25922,2106,21701,2106,0,0.0,1,0,,,,,0,0.11980665593665815,0.03532684798618736,cc_cross_compartment_edges=12 (+0.39); cc_is_ligand=0 (+0.22); cc_n_cells_e1=1.21e+04 (+0.09),novel
1055,HLA-DRA,TAM1/TAM2/microglia,IDH_Mutant,TAM_microglia,1.0,-1.3040264341078671,1.3040264341078671,300.0,0.929,0.979,-0.04999999999999993,-1.0,0.0,0.0,-0.9765472398250256,1.0,5.0,4.0,0.0,2.0,2.0,0.0431531889546866,0.02156299090804295,0.0,1.0,1.0,0.0,4.0,0.0,20,1,0,1,7,12086,25922,2106,21701,2106,0,-0.0,1,1,2.0,TAM_microglia,immune_synapse,MHC-II antigen presentation (pathway-level),0,0.11915544125827401,0.06036075573033148,deg_n_celltypes_sig=5 (+0.42); cc_n_cells_e1=1.21e+04 (+0.14); deg_neglog10_padj=300 (+0.10),literature tier 2 (unlabeled)
1056,MDK,AC_like_tumor,IDH_Mutant,tumor,0.0,0.0,0.0,0.0,,,0.0,0.0,0.0,0.0,,0.0,1.0,0.0,0.0,0.0,0.0,0.0,0.0,,0.0,0.0,0.0,0.0,,28,1,0,1,1,72549,446,4249,283,283,0,0.0,1,0,,,,,0,0.11863749246721618,0.033661887014151834,cc_n_cells_e1=7.25e+04 (+0.12); cc_n_celltypes_total=1 (+0.06); cc_n_cells_e2=446 (+0.05),novel
1057,SLC1A1,AC_like_tumor,IDH_Mutant,tumor,0.0,0.0,0.0,0.0,,,0.0,0.0,0.0,0.0,,0.0,1.0,0.0,0.0,0.0,0.0,0.0,0.0,,0.0,0.0,0.0,0.0,,13,1,0,1,1,72549,446,4249,283,283,0,0.0,1,0,,,,,0,0.1186115051586171,0.06711406741506848,cc_n_cells_e1=7.25e+04 (+0.12); cc_n_celltypes_total=1 (+0.06); cc_n_cells_e2=446 (+0.05),novel
1058,DLL1,TAM1/TAM2/microglia,IDH_WT,TAM_microglia,0.0,0.0,0.0,0.0,,,0.0,0.0,0.0,0.0,,0.0,2.0,0.0,0.0,0.0,0.0,0.0,0.0,,0.0,0.0,0.0,0.0,,4,1,0,1,2,12086,25922,9696,2745,2745,0,0.0,0,0,,,,,0,0.11815766362904082,0.0347815982273947,cc_n_cells_e1=1.21e+04 (+0.14); cc_edges_e2=0 (+0.04); cc_max_prob=0 (+0.03),novel
1059,PDGFB,OPC_GABA_like_tumor,IDH_Mutant,tumor,0.0,0.0,0.0,0.0,,,0.0,0.0,0.0,0.0,,0.0,1.0,0.0,0.0,0.0,0.0,0.0,0.0,,0.0,0.0,0.0,0.0,,3,1,0,1,1,6741,14114,1658,11741,1658,0,0.0,1,0,,,,,0,0.11812954329861776,0.05910737158281774,cc_n_cells_e1=6.74e+03 (+0.12); cc_n_celltypes_total=1 (+0.07); cc_edges_e2=0 (+0.04),novel
1060,HLA-DMA,cycling_tumor,IDH_Mutant,tumor,1.0,-5.393978081590536,5.393978081590536,11.33642968877675,0.051,0.441,-0.39,-1.0,1.0,1.0,-5.239708435940198,1.0,2.0,2.0,0.0,0.0,2.0,0.0032317829215343,0.0017512198751586294,0.0,1.0,1.0,2.0,2.0,-1.0,8,1,0,1,3,6410,814,270,136,136,0,1.0,1,1,,,,,0,0.11740634957089091,0.03592278913323889,cc_cross_compartment_edges=2 (+0.35); cc_n_cells_e1=6.41e+03 (+0.14); deg_abs_log2fc=5.39 (+0.06),novel
1061,PDGFB,cycling_tumor,IDH_WT,tumor,0.0,0.0,0.0,0.0,,,0.0,0.0,0.0,0.0,,0.0,1.0,0.0,0.0,0.0,0.0,0.0,0.0,,0.0,0.0,0.0,0.0,,3,1,0,1,1,6410,814,5847,663,663,0,0.0,0,0,,,,,0,0.1173878010113297,0.05632071506815334,cc_n_cells_e1=6.41e+03 (+0.12); cc_n_celltypes_total=1 (+0.07); cc_n_cells_e2=814 (+0.04),novel
1062,PPIA,T cell,IDH_WT,T_cell,1.0,0.4516688128334261,0.4516688128334261,13.342026310558602,0.787,0.688,0.09900000000000009,1.0,0.0,0.0,0.4357278404673268,1.0,2.0,7.0,0.0,4.0,3.0,0.1059385738305193,0.044133901422716275,0.03,1.0,3.0,7.0,7.0,0.14285714285714285,56,1,0,1,7,2662,1463,1681,1118,1118,0,0.14285714285714285,0,1,,,,,0,0.11735445349491976,0.08107115601166984,cc_cross_compartment_edges=7 (+0.58); cc_edges_total=56 (+0.47); deg_log2fc=0.452 (+0.16),novel
1063,MRC1,OPC_GABA_like_tumor,IDH_WT,tumor,0.0,0.0,0.0,0.0,,,0.0,0.0,0.0,0.0,,0.0,0.0,0.0,0.0,0.0,0.0,0.0,0.0,,0.0,0.0,0.0,0.0,,4,0,1,1,1,6741,14114,5040,1935,1935,0,0.0,0,0,,,,,0,0.11709468043725738,0.033357769252988244,cc_is_ligand=0 (+0.21); cc_n_cells_e1=6.74e+03 (+0.10); cc_n_celltypes_total=1 (+0.07),novel
1064,TNF,AC_like_tumor,IDH_Mutant,tumor,0.0,0.0,0.0,0.0,,,0.0,0.0,0.0,0.0,,0.0,1.0,0.0,0.0,0.0,0.0,0.0,0.0,,0.0,0.0,0.0,0.0,,3,1,0,1,1,72549,446,4249,283,283,0,0.0,1,0,,,,,0,0.1166361519988732,0.08346818119433064,cc_n_cells_e1=7.25e+04 (+0.12); cc_n_celltypes_total=1 (+0.07); cc_n_cells_e2=446 (+0.04),novel
1065,MERTK,T cell,IDH_WT,T_cell,0.0,0.0,0.0,0.0,,,0.0,0.0,0.0,0.0,,0.0,1.0,0.0,0.0,0.0,0.0,0.0,0.0,,0.0,0.0,0.0,0.0,,1,0,1,1,1,2662,1463,1681,1118,1118,0,0.0,0,0,,,,,0,0.11655775070236533,0.0255067586231484,cc_is_ligand=0 (+0.17); cc_n_celltypes_total=1 (+0.09); cc_edges_e2=0 (+0.04),novel
1066,SPP1,T cell,IDH_WT,T_cell,0.0,0.0,0.0,0.0,,,0.0,0.0,0.0,0.0,,0.0,4.0,10.0,0.0,5.0,5.0,0.0326985528375827,0.014777730556444671,0.0,1.0,4.0,6.0,10.0,0.0,55,1,0,1,7,2662,1463,1681,1118,1118,0,0.0,0,0,1.0,TAM_microglia,myeloid_bridge,"Wei et al., J Clin Invest 2019",0,0.11653622646121489,0.061584575361927234,deg_n_celltypes_sig=4 (+0.65); cc_cross_compartment_edges=6 (+0.56); cc_edges_total=55 (+0.56),"literature gene, other compartment"
1067,HLA-DPB1,OPC_GABA_like_tumor,IDH_Mutant,tumor,1.0,-1.4266918143601734,1.4266918143601734,14.734606906929478,0.078,0.144,-0.06599999999999999,-1.0,0.0,0.0,-1.7680734722803004,1.0,5.0,0.0,0.0,0.0,0.0,0.0,0.0,,0.0,0.0,0.0,0.0,,14,1,0,1,5,6741,14114,1658,11741,1658,0,-0.0,1,0,,,,,0,0.11645176255738017,0.04807970535174082,deg_n_celltypes_sig=5 (+0.35); cc_n_cells_e1=6.74e+03 (+0.14); cc_max_prob=0 (+0.03),novel
1068,TMIGD3,OPC_GABA_like_tumor,IDH_WT,tumor,0.0,0.0,0.0,0.0,,,0.0,0.0,0.0,0.0,,0.0,2.0,0.0,0.0,0.0,0.0,0.0,0.0,,0.0,0.0,0.0,0.0,,3,0,1,1,2,6741,14114,5040,1935,1935,0,0.0,0,0,,,,,0,0.11642048013189873,0.024565026103070126,cc_is_ligand=0 (+0.25); cc_n_cells_e1=6.74e+03 (+0.14); cc_edges_e2=0 (+0.04),novel
1069,TNF,OPC_GABA_AC_like_tumor,IDH_Mutant,tumor,0.0,0.0,0.0,0.0,,,0.0,0.0,0.0,0.0,,0.0,1.0,0.0,0.0,0.0,0.0,0.0,0.0,,0.0,0.0,0.0,0.0,,3,1,0,1,1,6202,1012,352,742,352,0,0.0,1,0,,,,,0,0.11641938495539117,0.0840329101387242,cc_n_cells_e1=6.2e+03 (+0.12); cc_n_celltypes_total=1 (+0.07); cc_n_cells_e2=1.01e+03 (+0.04),novel
1070,HLA-DMB,OPC_GABA_like_tumor,IDH_Mutant,tumor,0.0,0.0,0.0,0.0,,,0.0,0.0,0.0,0.0,,0.0,2.0,0.0,0.0,0.0,0.0,0.0,0.0,,0.0,0.0,0.0,0.0,,4,1,0,1,1,6741,14114,1658,11741,1658,0,0.0,1,0,,,,,0,0.11634342590743625,0.0818207841094281,cc_n_cells_e1=6.74e+03 (+0.13); cc_n_celltypes_total=1 (+0.07); cc_edges_e2=0 (+0.04),novel
1071,PILRB,TAM1/TAM2/microglia,IDH_Mutant,TAM_microglia,0.0,0.0,0.0,0.0,,,0.0,0.0,0.0,0.0,,0.0,0.0,0.0,0.0,0.0,0.0,0.0,0.0,,0.0,0.0,0.0,0.0,,7,0,1,1,1,12086,25922,2106,21701,2106,0,0.0,1,0,,,,,0,0.11632285969691605,0.06815822498811526,cc_is_ligand=0 (+0.23); cc_n_cells_e1=1.21e+04 (+0.11); cc_n_celltypes_total=1 (+0.06),novel
1072,CLEC2B,cycling_tumor,IDH_Mutant,tumor,1.0,-7.542738597519156,7.542738597519156,3.0280366247551256,0.0,0.196,-0.196,-1.0,1.0,1.0,-7.7470146683184975,1.0,2.0,0.0,0.0,0.0,0.0,0.0,0.0,,0.0,0.0,0.0,0.0,,6,1,0,1,2,6410,814,270,136,136,0,-0.0,1,0,,,,,0,0.1162448688420803,0.05467839559822314,cc_n_cells_e1=6.41e+03 (+0.13); deg_abs_log2fc=7.54 (+0.06); cc_n_cells_e2=814 (+0.04),novel
1073,SLC1A1,OPC_GABA_AC_like_tumor,IDH_Mutant,tumor,0.0,0.0,0.0,0.0,,,0.0,0.0,0.0,0.0,,0.0,1.0,0.0,0.0,0.0,0.0,0.0,0.0,,0.0,0.0,0.0,0.0,,13,1,0,1,1,6202,1012,352,742,352,0,0.0,1,0,,,,,0,0.1161769086603744,0.06465374876009715,cc_n_cells_e1=6.2e+03 (+0.13); cc_n_celltypes_total=1 (+0.06); cc_n_cells_e2=1.01e+03 (+0.05),novel
1074,TMIGD3,cycling_tumor,IDH_Mutant,tumor,1.0,-5.246512447110795,5.246512447110795,5.594656120336014,0.007,0.274,-0.267,-1.0,1.0,1.0,-5.307012678244631,1.0,2.0,0.0,0.0,0.0,0.0,0.0,0.0,,0.0,0.0,0.0,0.0,,3,0,1,1,2,6410,814,270,136,136,0,-0.0,1,0,,,,,0,0.11616417493652156,0.04330298992186219,cc_is_ligand=0 (+0.31); cc_n_cells_e1=6.41e+03 (+0.12); deg_abs_log2fc=5.25 (+0.06),novel
1075,TMIGD3,OPC_GABA_like_tumor,IDH_Mutant,tumor,0.0,0.0,0.0,0.0,,,0.0,0.0,0.0,0.0,,0.0,2.0,0.0,0.0,0.0,0.0,0.0,0.0,,0.0,0.0,0.0,0.0,,3,0,1,1,2,6741,14114,1658,11741,1658,0,0.0,1,0,,,,,0,0.11603204532376646,0.022670459784684887,cc_is_ligand=0 (+0.25); cc_n_cells_e1=6.74e+03 (+0.14); cc_edges_e2=0 (+0.04),novel
1076,HLA-DMA,TAM1/TAM2/microglia,IDH_WT,TAM_microglia,0.0,0.0,0.0,0.0,,,0.0,0.0,0.0,0.0,,0.0,1.0,4.0,0.0,2.0,2.0,0.017037430185218,0.00849364729375935,0.0,1.0,1.0,0.0,4.0,0.0,8,1,0,1,3,12086,25922,9696,2745,2745,0,0.0,0,0,,,,,0,0.11601721248624,0.038939201745054365,cc_n_cells_e1=1.21e+04 (+0.13); cc_edges_e2=2 (+0.04); deg_pooled_log2fc=nan (+0.03),novel
1077,TGFB1,OPC_GABA_like_tumor,IDH_Mutant,tumor,0.0,0.0,0.0,0.0,,,0.0,0.0,0.0,0.0,,0.0,1.0,0.0,0.0,0.0,0.0,0.0,0.0,,0.0,0.0,0.0,0.0,,4,1,0,1,1,6741,14114,1658,11741,1658,0,0.0,1,0,2.0,"tumor,TAM_microglia",immune_synapse,Immunosuppressive cytokine (pathway-level),0,0.11586515662073522,0.06209802977284934,cc_n_cells_e1=6.74e+03 (+0.12); cc_n_celltypes_total=1 (+0.07); cc_edges_e2=0 (+0.04),literature tier 2 (unlabeled)
1078,PTGES2,T cell,IDH_Mutant,T_cell,0.0,0.0,0.0,0.0,,,0.0,0.0,0.0,0.0,,0.0,2.0,0.0,0.0,0.0,0.0,0.0,0.0,,0.0,0.0,0.0,0.0,,1,1,0,1,1,2662,1463,941,334,334,0,0.0,1,0,,,,,0,0.11580434036019385,0.07189666039562373,cc_n_celltypes_total=1 (+0.09); cc_is_receptor=0 (+0.08); deg_pooled_log2fc=nan (+0.04),novel
1079,SPP1,T cell,IDH_Mutant,T_cell,0.0,0.0,0.0,0.0,,,0.0,0.0,0.0,0.0,,0.0,4.0,10.0,0.0,5.0,5.0,0.0326985528375827,0.014777730556444671,0.0,1.0,4.0,6.0,10.0,0.0,55,1,0,1,7,2662,1463,941,334,334,0,0.0,1,0,1.0,TAM_microglia,myeloid_bridge,"Wei et al., J Clin Invest 2019",0,0.11553947603742462,0.06129524533051633,deg_n_celltypes_sig=4 (+0.65); cc_cross_compartment_edges=6 (+0.56); cc_edges_total=55 (+0.56),"literature gene, other compartment"
1080,HLA-DQB1,OPC_GABA_like_tumor,IDH_WT,tumor,0.0,0.0,0.0,0.0,,,0.0,0.0,0.0,0.0,,0.0,1.0,0.0,0.0,0.0,0.0,0.0,0.0,,0.0,0.0,0.0,0.0,,6,1,0,1,2,6741,14114,5040,1935,1935,0,0.0,0,0,,,,,0,0.11525428869063223,0.05463017911953659,cc_n_cells_e1=6.74e+03 (+0.13); cc_edges_e2=0 (+0.04); cc_max_prob=0 (+0.03),novel
1081,MRC1,OPC_GABA_like_tumor,IDH_Mutant,tumor,0.0,0.0,0.0,0.0,,,0.0,0.0,0.0,0.0,,0.0,0.0,0.0,0.0,0.0,0.0,0.0,0.0,,0.0,0.0,0.0,0.0,,4,0,1,1,1,6741,14114,1658,11741,1658,0,0.0,1,0,,,,,0,0.11523223464960328,0.03545677271176936,cc_is_ligand=0 (+0.20); cc_n_cells_e1=6.74e+03 (+0.10); cc_n_celltypes_total=1 (+0.07),novel
1082,ITGB8,TAM1/TAM2/microglia,IDH_Mutant,TAM_microglia,0.0,0.0,0.0,0.0,,,0.0,0.0,0.0,0.0,,0.0,2.0,0.0,0.0,0.0,0.0,0.0,0.0,,0.0,0.0,0.0,0.0,,3,0,1,1,2,12086,25922,2106,21701,2106,0,0.0,1,0,,,,,0,0.11481061167344153,0.025658399207604637,cc_is_ligand=0 (+0.21); cc_n_cells_e1=1.21e+04 (+0.14); cc_edges_e2=0 (+0.04),novel
1083,PDGFB,OPC_GABA_like_tumor,IDH_WT,tumor,0.0,0.0,0.0,0.0,,,0.0,0.0,0.0,0.0,,0.0,1.0,0.0,0.0,0.0,0.0,0.0,0.0,,0.0,0.0,0.0,0.0,,3,1,0,1,1,6741,14114,5040,1935,1935,0,0.0,0,0,,,,,0,0.11447671832205522,0.05509288169792477,cc_n_cells_e1=6.74e+03 (+0.12); cc_n_celltypes_total=1 (+0.07); cc_edges_e2=0 (+0.04),novel
1084,PTGES3,OPC_GABA_AC_like_tumor,IDH_Mutant,tumor,0.0,0.0,0.0,0.0,,,0.0,0.0,0.0,0.0,,0.0,0.0,2.0,0.0,1.0,1.0,0.0083171818782097,0.00599865319317245,0.0,1.0,1.0,2.0,2.0,0.0,13,1,0,1,7,6202,1012,352,742,352,0,0.0,1,0,,,,,0,0.11441253012454937,0.037558771951940455,cc_cross_compartment_edges=2 (+0.35); cc_n_cells_e1=6.2e+03 (+0.12); cc_n_cells_e2=1.01e+03 (+0.03),novel
1085,JAM3,AC_like_tumor,IDH_Mutant,tumor,0.0,0.0,0.0,0.0,,,0.0,0.0,0.0,0.0,,0.0,1.0,0.0,0.0,0.0,0.0,0.0,0.0,,0.0,0.0,0.0,0.0,,3,1,1,1,1,72549,446,4249,283,283,0,0.0,1,0,,,,,0,0.11434745046213346,0.06477426280853824,cc_n_cells_e1=7.25e+04 (+0.12); cc_n_celltypes_total=1 (+0.07); cc_n_cells_e2=446 (+0.05),novel
1086,PTPRD,T cell,IDH_Mutant,T_cell,0.0,0.0,0.0,0.0,,,0.0,0.0,0.0,0.0,,0.0,1.0,0.0,0.0,0.0,0.0,0.0,0.0,,0.0,0.0,0.0,0.0,,1,0,1,1,1,2662,1463,941,334,334,0,0.0,1,0,,,,,0,0.11406636090953859,0.031679120506811015,cc_is_ligand=0 (+0.17); cc_n_celltypes_total=1 (+0.09); cc_edges_e2=0 (+0.04),novel
1087,ANXA1,T cell,IDH_WT,T_cell,0.0,0.0,0.0,0.0,,,0.0,0.0,0.0,0.0,,0.0,4.0,4.0,0.0,2.0,2.0,0.0086008858847479,0.007114231858496975,0.0,1.0,1.0,4.0,4.0,0.0,10,1,0,1,4,2662,1463,1681,1118,1118,0,0.0,0,0,,,,,0,0.11375513265351331,0.0362985728309126,deg_n_celltypes_sig=4 (+0.56); cc_cross_compartment_edges=4 (+0.36); cc_edges_e2=2 (+0.05),novel
1088,PPIA,OPC_GABA_AC_like_tumor,IDH_WT,tumor,0.0,0.0,0.0,0.0,,,0.0,0.0,0.0,0.0,,0.0,2.0,10.0,0.0,5.0,5.0,0.1265256391696476,0.04804807287943773,0.04,1.0,4.0,0.0,10.0,0.0,56,1,0,1,7,6202,1012,5384,171,171,0,0.0,0,0,,,,,0,0.11364901930269275,0.04611676809731552,cc_edges_total=56 (+0.49); cc_n_cells_e1=6.2e+03 (+0.15); cc_mean_prob=0.048 (+0.08),novel
1089,MDK,OPC_GABA_AC_like_tumor,IDH_Mutant,tumor,0.0,0.0,0.0,0.0,,,0.0,0.0,0.0,0.0,,0.0,1.0,0.0,0.0,0.0,0.0,0.0,0.0,,0.0,0.0,0.0,0.0,,28,1,0,1,1,6202,1012,352,742,352,0,0.0,1,0,,,,,0,0.11309687170533675,0.02818518518055466,cc_n_cells_e1=6.2e+03 (+0.13); cc_n_celltypes_total=1 (+0.06); cc_n_cells_e2=1.01e+03 (+0.05),novel
1090,PPIA,AC_like_tumor,IDH_WT,tumor,0.0,0.0,0.0,0.0,,,0.0,0.0,0.0,0.0,,0.0,2.0,9.0,0.0,4.0,5.0,0.1186820423196334,0.04821918900484511,0.01,1.0,4.0,0.0,9.0,-0.1111111111111111,56,1,0,1,7,72549,446,64812,108,108,0,-0.0,0,0,,,,,0,0.11307864257792244,0.04663346788473213,cc_edges_total=56 (+0.49); cc_n_cells_e1=7.25e+04 (+0.15); cc_mean_prob=0.0482 (+0.08),novel
1091,PDGFA,cycling_tumor,IDH_WT,tumor,1.0,1.0299781770199166,1.0299781770199166,76.43040977958185,0.299,0.065,0.23399999999999999,1.0,0.0,0.0,0.8635192989553302,1.0,2.0,3.0,0.0,3.0,0.0,0.0039862277869608,0.002852574179893333,0.0,1.0,3.0,0.0,3.0,1.0,3,1,0,1,1,6410,814,5847,663,663,0,1.0,0,1,,,,,0,0.1129953437017582,0.09496871107572137,deg_log2fc=1.03 (+0.53); deg_pct_diff=0.234 (+0.16); deg_pct_e1=0.065 (+0.14),novel
1092,SLC1A1,TAM1/TAM2/microglia,IDH_WT,TAM_microglia,0.0,0.0,0.0,0.0,,,0.0,0.0,0.0,0.0,,0.0,2.0,0.0,0.0,0.0,0.0,0.0,0.0,,0.0,0.0,0.0,0.0,,13,1,0,1,1,12086,25922,9696,2745,2745,0,0.0,0,0,,,,,0,0.11283357080179798,0.06147021336977124,cc_n_cells_e1=1.21e+04 (+0.14); cc_n_celltypes_total=1 (+0.06); cc_edges_e2=0 (+0.04),novel
1093,TNF,OPC_GABA_AC_like_tumor,IDH_WT,tumor,0.0,0.0,0.0,0.0,,,0.0,0.0,0.0,0.0,,0.0,1.0,0.0,0.0,0.0,0.0,0.0,0.0,,0.0,0.0,0.0,0.0,,3,1,0,1,1,6202,1012,5384,171,171,0,0.0,0,0,,,,,0,0.1123852278804142,0.07844350570977086,cc_n_cells_e1=6.2e+03 (+0.12); cc_n_celltypes_total=1 (+0.07); cc_n_cells_e2=1.01e+03 (+0.04),novel
1094,HLA-DQA1,OPC_GABA_AC_like_tumor,IDH_WT,tumor,0.0,0.0,0.0,0.0,,,0.0,0.0,0.0,0.0,,0.0,2.0,0.0,0.0,0.0,0.0,0.0,0.0,,0.0,0.0,0.0,0.0,,4,1,0,1,1,6202,1012,5384,171,171,0,0.0,0,0,,,,,0,0.11218209165917488,0.06961346851430154,cc_n_cells_e1=6.2e+03 (+0.13); cc_n_celltypes_total=1 (+0.07); cc_n_cells_e2=1.01e+03 (+0.04),novel
1095,PTGES3,OPC_GABA_like_tumor,IDH_Mutant,tumor,0.0,0.0,0.0,0.0,,,0.0,0.0,0.0,0.0,,0.0,0.0,2.0,0.0,1.0,1.0,0.0101086430064245,0.0067944103372843,0.0,1.0,1.0,2.0,2.0,0.0,13,1,0,1,7,6741,14114,1658,11741,1658,0,0.0,1,0,,,,,0,0.11201739834886926,0.042791769331271635,cc_cross_compartment_edges=2 (+0.37); cc_n_cells_e1=6.74e+03 (+0.12); cc_edges_e2=1 (+0.04),novel
1096,AREG,TAM1/TAM2/microglia,IDH_WT,TAM_microglia,1.0,-0.8546221706978485,0.8546221706978485,9.049947087920996,0.163,0.226,-0.063,-1.0,1.0,1.0,-3.319258461992185,1.0,2.0,0.0,0.0,0.0,0.0,0.0,0.0,,0.0,0.0,0.0,0.0,,7,1,0,1,1,12086,25922,9696,2745,2745,0,-0.0,0,0,,,,,0,0.11193391860586302,0.051143300140706706,cc_n_cells_e1=1.21e+04 (+0.13); cc_n_celltypes_total=1 (+0.06); deg_abs_log2fc=0.855 (+0.05),novel
1097,C3,T cell,IDH_WT,T_cell,0.0,0.0,0.0,0.0,,,0.0,0.0,0.0,0.0,,0.0,2.0,0.0,0.0,0.0,0.0,0.0,0.0,,0.0,0.0,0.0,0.0,,6,1,0,1,1,2662,1463,1681,1118,1118,0,0.0,0,0,,,,,0,0.1118173680891543,0.039923138164115315,cc_n_celltypes_total=1 (+0.09); cc_edges_e2=0 (+0.04); deg_pooled_log2fc=nan (+0.03),novel
1098,COL9A1,OPC_GABA_AC_like_tumor,IDH_WT,tumor,0.0,0.0,0.0,0.0,,,0.0,0.0,0.0,0.0,,0.0,2.0,0.0,0.0,0.0,0.0,0.0,0.0,,0.0,0.0,0.0,0.0,,5,1,0,1,1,6202,1012,5384,171,171,0,0.0,0,0,,,,,0,0.1116156684794106,0.08040589120064452,cc_n_cells_e1=6.2e+03 (+0.13); cc_n_celltypes_total=1 (+0.07); cc_n_cells_e2=1.01e+03 (+0.04),novel
1099,TNF,cycling_tumor,IDH_Mutant,tumor,0.0,0.0,0.0,0.0,,,0.0,0.0,0.0,0.0,,0.0,1.0,0.0,0.0,0.0,0.0,0.0,0.0,,0.0,0.0,0.0,0.0,,3,1,0,1,1,6410,814,270,136,136,0,0.0,1,0,,,,,0,0.11141831193682372,0.08176598946157779,cc_n_cells_e1=6.41e+03 (+0.12); cc_n_celltypes_total=1 (+0.07); cc_n_cells_e2=814 (+0.04),novel
1100,CLEC2B,cycling_tumor,IDH_WT,tumor,1.0,-7.447999442166703,7.447999442166703,18.680394969210795,0.005,0.142,-0.13699999999999998,-1.0,1.0,1.0,-7.7470146683184975,1.0,2.0,0.0,0.0,0.0,0.0,0.0,0.0,,0.0,0.0,0.0,0.0,,6,1,0,1,2,6410,814,5847,663,663,0,-0.0,0,0,,,,,0,0.11125041154429752,0.057586151912915086,cc_n_cells_e1=6.41e+03 (+0.13); deg_abs_log2fc=7.45 (+0.06); cc_n_cells_e2=814 (+0.04),novel
1101,PTGES2,T cell,IDH_WT,T_cell,0.0,0.0,0.0,0.0,,,0.0,0.0,0.0,0.0,,0.0,2.0,0.0,0.0,0.0,0.0,0.0,0.0,,0.0,0.0,0.0,0.0,,1,1,0,1,1,2662,1463,1681,1118,1118,0,0.0,0,0,,,,,0,0.11112014503832315,0.07433147039566855,cc_n_celltypes_total=1 (+0.09); cc_is_receptor=0 (+0.08); deg_pooled_log2fc=nan (+0.04),novel
1102,HAVCR2,T cell,IDH_WT,T_cell,0.0,0.0,0.0,0.0,,,0.0,0.0,0.0,0.0,,0.0,1.0,0.0,0.0,0.0,0.0,0.0,0.0,,0.0,0.0,0.0,0.0,,2,0,1,1,1,2662,1463,1681,1118,1118,0,0.0,0,0,1.0,T_cell,immune_synapse,"Kim et al., Clin Cancer Res 2017",1,0.11105301158441774,0.009845342946687569,cc_edges_total=2 (+0.76); cc_is_ligand=0 (+0.17); cc_n_celltypes_total=1 (+0.09),literature tier 1 (label)
1103,GRN,OPC_GABA_like_tumor,IDH_WT,tumor,0.0,0.0,0.0,0.0,,,0.0,0.0,0.0,0.0,,0.0,1.0,0.0,0.0,0.0,0.0,0.0,0.0,,0.0,0.0,0.0,0.0,,3,1,0,1,2,6741,14114,5040,1935,1935,0,0.0,0,0,,,,,0,0.11074457348940554,0.021642445716926927,cc_n_cells_e1=6.74e+03 (+0.13); cc_edges_e2=0 (+0.04); cc_max_prob=0 (+0.03),novel
1104,TGFBR2,TAM1/TAM2/microglia,IDH_Mutant,TAM_microglia,1.0,0.5832972303272868,0.5832972303272868,27.11970147496809,0.481,0.353,0.128,1.0,1.0,1.0,0.9688495432510398,1.0,2.0,0.0,4.0,2.0,2.0,0.0050238491740621,0.003124057670555575,0.0,1.0,1.0,0.0,4.0,0.0,4,0,1,1,1,12086,25922,2106,21701,2106,0,0.0,1,1,,,,,0,0.11067817203534303,0.0614406777598249,cc_is_ligand=0 (+0.19); deg_log2fc=0.583 (+0.18); deg_pct_diff=0.128 (+0.15),novel
1105,DLL1,T cell,IDH_Mutant,T_cell,0.0,0.0,0.0,0.0,,,0.0,0.0,0.0,0.0,,0.0,3.0,0.0,0.0,0.0,0.0,0.0,0.0,,0.0,0.0,0.0,0.0,,4,1,0,1,2,2662,1463,941,334,334,0,0.0,1,0,,,,,0,0.11057184711785786,0.04770934904342869,deg_n_celltypes_sig=3 (+0.45); deg_pooled_log2fc=nan (+0.04); cc_max_prob=0 (+0.03),novel
1106,C3,T cell,IDH_Mutant,T_cell,0.0,0.0,0.0,0.0,,,0.0,0.0,0.0,0.0,,0.0,2.0,0.0,0.0,0.0,0.0,0.0,0.0,,0.0,0.0,0.0,0.0,,6,1,0,1,1,2662,1463,941,334,334,0,0.0,1,0,,,,,0,0.11020488051136487,0.038669638134311214,cc_n_celltypes_total=1 (+0.09); cc_edges_e2=0 (+0.04); deg_pooled_log2fc=nan (+0.03),novel
1107,SPP1,cycling_tumor,IDH_Mutant,tumor,1.0,-6.361783731764467,6.361783731764467,19.630313068343398,0.132,0.626,-0.494,-1.0,1.0,1.0,-5.147553036495236,1.0,4.0,10.0,0.0,5.0,5.0,0.0364060099743201,0.012435470878227977,0.0,1.0,4.0,6.0,10.0,0.0,55,1,0,1,7,6410,814,270,136,136,0,-0.0,1,1,1.0,TAM_microglia,myeloid_bridge,"Wei et al., J Clin Invest 2019",0,0.10990640058805456,0.03560057411666286,cc_edges_total=55 (+0.64); cc_cross_compartment_edges=6 (+0.55); deg_n_celltypes_sig=4 (+0.53),"literature gene, other compartment"
1108,TNF,OPC_GABA_like_tumor,IDH_Mutant,tumor,0.0,0.0,0.0,0.0,,,0.0,0.0,0.0,0.0,,0.0,1.0,0.0,0.0,0.0,0.0,0.0,0.0,,0.0,0.0,0.0,0.0,,3,1,0,1,1,6741,14114,1658,11741,1658,0,0.0,1,0,,,,,0,0.10987382258398075,0.08156963130053334,cc_n_cells_e1=6.74e+03 (+0.12); cc_n_celltypes_total=1 (+0.07); cc_edges_e2=0 (+0.04),novel
1109,HLA-DQA1,AC_like_tumor,IDH_Mutant,tumor,0.0,0.0,0.0,0.0,,,0.0,0.0,0.0,0.0,,0.0,2.0,0.0,0.0,0.0,0.0,0.0,0.0,,0.0,0.0,0.0,0.0,,4,1,0,1,1,72549,446,4249,283,283,0,0.0,1,0,,,,,0,0.10985231941073467,0.0669332073154298,cc_n_cells_e1=7.25e+04 (+0.13); cc_n_celltypes_total=1 (+0.07); cc_n_cells_e2=446 (+0.04),novel
1110,TNF,AC_like_tumor,IDH_WT,tumor,0.0,0.0,0.0,0.0,,,0.0,0.0,0.0,0.0,,0.0,1.0,0.0,0.0,0.0,0.0,0.0,0.0,,0.0,0.0,0.0,0.0,,3,1,0,1,1,72549,446,64812,108,108,0,0.0,0,0,,,,,0,0.10970062541828836,0.07730428124184013,cc_n_cells_e1=7.25e+04 (+0.12); cc_n_celltypes_total=1 (+0.07); cc_n_cells_e2=446 (+0.04),novel
1111,COL9A1,AC_like_tumor,IDH_WT,tumor,0.0,0.0,0.0,0.0,,,0.0,0.0,0.0,0.0,,0.0,2.0,0.0,0.0,0.0,0.0,0.0,0.0,,0.0,0.0,0.0,0.0,,5,1,0,1,1,72549,446,64812,108,108,0,0.0,0,0,,,,,0,0.10959667022848765,0.08009321605843536,cc_n_cells_e1=7.25e+04 (+0.13); cc_n_celltypes_total=1 (+0.07); cc_n_cells_e2=446 (+0.04),novel
1112,PTGES3,AC_like_tumor,IDH_Mutant,tumor,0.0,0.0,0.0,0.0,,,0.0,0.0,0.0,0.0,,0.0,0.0,2.0,0.0,1.0,1.0,0.0074110138974112,0.0054116476705227,0.0,1.0,1.0,2.0,2.0,0.0,13,1,0,1,7,72549,446,4249,283,283,0,0.0,1,0,,,,,0,0.10914369840411686,0.03494918442074134,cc_cross_compartment_edges=2 (+0.35); cc_n_cells_e1=7.25e+04 (+0.12); cc_n_cells_e2=446 (+0.04),novel
1113,SORT1,T cell,IDH_Mutant,T_cell,0.0,0.0,0.0,0.0,,,0.0,0.0,0.0,0.0,,0.0,2.0,0.0,0.0,0.0,0.0,0.0,0.0,,0.0,0.0,0.0,0.0,,3,0,1,1,1,2662,1463,941,334,334,0,0.0,1,0,,,,,0,0.10902141329818682,0.04417731871121055,cc_is_ligand=0 (+0.26); cc_n_celltypes_total=1 (+0.09); cc_edges_e2=0 (+0.04),novel
1114,PTPRC,cycling_tumor,IDH_Mutant,tumor,1.0,-5.517572124585554,5.517572124585554,6.292604876961501,0.022,0.307,-0.285,-1.0,1.0,1.0,-5.434248611522105,1.0,2.0,0.0,0.0,0.0,0.0,0.0,0.0,,0.0,0.0,0.0,0.0,,8,1,1,2,2,6410,814,270,136,136,0,-0.0,1,0,,,,,0,0.10898440830546954,0.03857480173927331,cc_n_cells_e1=6.41e+03 (+0.13); deg_abs_log2fc=5.52 (+0.06); cc_n_cells_e2=814 (+0.05),novel
1115,TGFBR2,T cell,IDH_Mutant,T_cell,0.0,0.0,0.0,0.0,,,0.0,0.0,0.0,0.0,,0.0,2.0,0.0,0.0,0.0,0.0,0.0,0.0,,0.0,0.0,0.0,0.0,,4,0,1,1,1,2662,1463,941,334,334,0,0.0,1,0,,,,,0,0.1089351911558463,0.048989924041053276,cc_is_ligand=0 (+0.26); cc_n_celltypes_total=1 (+0.09); cc_edges_e2=0 (+0.04),novel
1116,TMIGD3,cycling_tumor,IDH_WT,tumor,1.0,-5.366153677704372,5.366153677704372,26.88427138261898,0.018,0.204,-0.186,-1.0,1.0,1.0,-5.307012678244631,1.0,2.0,0.0,0.0,0.0,0.0,0.0,0.0,,0.0,0.0,0.0,0.0,,3,0,1,1,2,6410,814,5847,663,663,0,-0.0,0,0,,,,,0,0.10847539674265216,0.04643743811547348,cc_is_ligand=0 (+0.31); cc_n_cells_e1=6.41e+03 (+0.12); deg_abs_log2fc=5.37 (+0.06),novel
1117,SLC1A1,TAM1/TAM2/microglia,IDH_Mutant,TAM_microglia,0.0,0.0,0.0,0.0,,,0.0,0.0,0.0,0.0,,0.0,1.0,0.0,0.0,0.0,0.0,0.0,0.0,,0.0,0.0,0.0,0.0,,13,1,0,1,1,12086,25922,2106,21701,2106,0,0.0,1,0,,,,,0,0.1081319575633796,0.06306413875582625,cc_n_cells_e1=1.21e+04 (+0.12); cc_n_celltypes_total=1 (+0.06); cc_edges_e2=0 (+0.04),novel
1118,PSAP,OPC_GABA_AC_like_tumor,IDH_WT,tumor,0.0,0.0,0.0,0.0,,,0.0,0.0,0.0,0.0,,0.0,0.0,0.0,0.0,0.0,0.0,0.0,0.0,,0.0,0.0,0.0,0.0,,9,1,0,1,5,6202,1012,5384,171,171,0,0.0,0,0,,,,,0,0.10799671219095945,0.043895529968805025,cc_n_cells_e1=6.2e+03 (+0.12); cc_n_cells_e2=1.01e+03 (+0.05); cc_edges_e2=0 (+0.04),novel
1119,TGFB1,OPC_GABA_AC_like_tumor,IDH_WT,tumor,0.0,0.0,0.0,0.0,,,0.0,0.0,0.0,0.0,,0.0,0.0,0.0,0.0,0.0,0.0,0.0,0.0,,0.0,0.0,0.0,0.0,,4,1,0,1,1,6202,1012,5384,171,171,0,0.0,0,0,2.0,"tumor,TAM_microglia",immune_synapse,Immunosuppressive cytokine (pathway-level),0,0.10784672299465185,0.05145195036059782,cc_n_cells_e1=6.2e+03 (+0.11); cc_n_celltypes_total=1 (+0.07); cc_n_cells_e2=1.01e+03 (+0.04),literature tier 2 (unlabeled)
1120,PILRB,T cell,IDH_Mutant,T_cell,0.0,0.0,0.0,0.0,,,0.0,0.0,0.0,0.0,,0.0,0.0,0.0,0.0,0.0,0.0,0.0,0.0,,0.0,0.0,0.0,0.0,,7,0,1,1,1,2662,1463,941,334,334,0,0.0,1,0,,,,,0,0.10767700476857027,0.08209165825222706,cc_is_ligand=0 (+0.29); cc_n_celltypes_total=1 (+0.08); cc_edges_e2=0 (+0.04),novel
1121,MDK,OPC_GABA_like_tumor,IDH_Mutant,tumor,0.0,0.0,0.0,0.0,,,0.0,0.0,0.0,0.0,,0.0,1.0,0.0,0.0,0.0,0.0,0.0,0.0,,0.0,0.0,0.0,0.0,,28,1,0,1,1,6741,14114,1658,11741,1658,0,0.0,1,0,,,,,0,0.10735573289649081,0.03333086080602265,cc_n_cells_e1=6.74e+03 (+0.12); cc_n_celltypes_total=1 (+0.06); cc_edges_e2=0 (+0.04),novel
1122,SLC1A3,OPC_GABA_like_tumor,IDH_WT,tumor,0.0,0.0,0.0,0.0,,,0.0,0.0,0.0,0.0,,0.0,2.0,0.0,0.0,0.0,0.0,0.0,0.0,,0.0,0.0,0.0,0.0,,26,1,0,1,2,6741,14114,5040,1935,1935,0,0.0,0,0,,,,,0,0.10725350391368504,0.03139094502636349,cc_n_cells_e1=6.74e+03 (+0.14); cc_edges_e2=0 (+0.04); cc_max_prob=0 (+0.03),novel
1123,HLA-DQA1,AC_like_tumor,IDH_WT,tumor,0.0,0.0,0.0,0.0,,,0.0,0.0,0.0,0.0,,0.0,2.0,0.0,0.0,0.0,0.0,0.0,0.0,,0.0,0.0,0.0,0.0,,4,1,0,1,1,72549,446,64812,108,108,0,0.0,0,0,,,,,0,0.10722345043599912,0.06495500731993589,cc_n_cells_e1=7.25e+04 (+0.13); cc_n_celltypes_total=1 (+0.07); cc_n_cells_e2=446 (+0.04),novel
1124,ITGB8,OPC_GABA_AC_like_tumor,IDH_WT,tumor,0.0,0.0,0.0,0.0,,,0.0,0.0,0.0,0.0,,0.0,0.0,0.0,0.0,0.0,0.0,0.0,0.0,,0.0,0.0,0.0,0.0,,3,0,1,1,2,6202,1012,5384,171,171,0,0.0,0,0,,,,,0,0.10717250785279142,0.01729158739660944,cc_is_ligand=0 (+0.22); cc_n_cells_e1=6.2e+03 (+0.11); cc_n_cells_e2=1.01e+03 (+0.06),novel
1125,PTPRC,TAM1/TAM2/microglia,IDH_Mutant,TAM_microglia,0.0,0.0,0.0,0.0,,,0.0,0.0,0.0,0.0,,0.0,2.0,2.0,2.0,2.0,2.0,0.0145823282133185,0.01200059842780445,0.0,2.0,1.0,0.0,4.0,0.0,8,1,1,2,2,12086,25922,2106,21701,2106,0,0.0,1,0,,,,,0,0.107080430117567,0.03273010361661909,cc_n_cells_e1=1.21e+04 (+0.14); cc_edges_e2=2 (+0.04); deg_pooled_log2fc=nan (+0.03),novel
1126,SLC1A1,cycling_tumor,IDH_WT,tumor,1.0,2.32828688324089,2.32828688324089,177.71930105276633,0.312,0.03,0.28200000000000003,1.0,0.0,0.0,2.2582834083093024,1.0,2.0,13.0,0.0,13.0,0.0,0.0085000406509992,0.002037173081619591,0.0,1.0,4.0,0.0,13.0,1.0,13,1,0,1,1,6410,814,5847,663,663,0,1.0,0,1,,,,,0,0.10692574629780074,0.07870667641532798,deg_log2fc=2.33 (+0.53); deg_pct_diff=0.282 (+0.16); deg_pct_e1=0.03 (+0.12),novel
1127,HLA-DQA1,OPC_GABA_AC_like_tumor,IDH_Mutant,tumor,0.0,0.0,0.0,0.0,,,0.0,0.0,0.0,0.0,,0.0,2.0,0.0,0.0,0.0,0.0,0.0,0.0,,0.0,0.0,0.0,0.0,,4,1,0,1,1,6202,1012,352,742,352,0,0.0,1,0,,,,,0,0.10688438332528041,0.06352994457945611,cc_n_cells_e1=6.2e+03 (+0.13); cc_n_celltypes_total=1 (+0.07); cc_n_cells_e2=1.01e+03 (+0.04),novel
1128,JAM2,T cell,IDH_WT,T_cell,0.0,0.0,0.0,0.0,,,0.0,0.0,0.0,0.0,,0.0,2.0,0.0,0.0,0.0,0.0,0.0,0.0,,0.0,0.0,0.0,0.0,,6,1,1,1,1,2662,1463,1681,1118,1118,0,0.0,0,0,,,,,0,0.10667915174543974,0.04726956808966232,cc_n_celltypes_total=1 (+0.09); cc_edges_e2=0 (+0.04); deg_pooled_log2fc=nan (+0.03),novel
1129,LILRB4,TAM1/TAM2/microglia,IDH_Mutant,TAM_microglia,1.0,0.5650212558480195,0.5650212558480195,29.945221010661594,0.498,0.356,0.14200000000000002,1.0,1.0,1.0,0.7510720576257953,1.0,2.0,0.0,4.0,2.0,2.0,0.0042054497069747,0.0031089893414732502,0.0,1.0,1.0,0.0,4.0,0.0,4,0,1,1,1,12086,25922,2106,21701,2106,0,0.0,1,1,2.0,TAM_microglia,myeloid_bridge,Myeloid checkpoint (pathway-level),0,0.10632073871046424,0.07014770138205649,cc_is_ligand=0 (+0.19); deg_log2fc=0.565 (+0.18); deg_pct_diff=0.142 (+0.15),literature tier 2 (unlabeled)
1130,HLA-DQA1,cycling_tumor,IDH_Mutant,tumor,0.0,0.0,0.0,0.0,,,0.0,0.0,0.0,0.0,,0.0,2.0,0.0,0.0,0.0,0.0,0.0,0.0,,0.0,0.0,0.0,0.0,,4,1,0,1,1,6410,814,270,136,136,0,0.0,1,0,,,,,0,0.10600144150214696,0.062049223390119826,cc_n_cells_e1=6.41e+03 (+0.13); cc_n_celltypes_total=1 (+0.07); cc_n_cells_e2=814 (+0.04),novel
1131,JAM3,OPC_GABA_AC_like_tumor,IDH_Mutant,tumor,0.0,0.0,0.0,0.0,,,0.0,0.0,0.0,0.0,,0.0,1.0,0.0,0.0,0.0,0.0,0.0,0.0,,0.0,0.0,0.0,0.0,,3,1,1,1,1,6202,1012,352,742,352,0,0.0,1,0,,,,,0,0.10584635849598609,0.05686431957461971,cc_n_cells_e1=6.2e+03 (+0.12); cc_n_celltypes_total=1 (+0.07); cc_n_cells_e2=1.01e+03 (+0.04),novel
1132,ENTPD1,TAM1/TAM2/microglia,IDH_Mutant,TAM_microglia,1.0,1.0096441126957014,1.0096441126957014,41.50421303315566,0.355,0.205,0.15,1.0,1.0,1.0,1.3567662403519276,1.0,1.0,3.0,1.0,4.0,0.0,0.0134956831199029,0.007203532889107,0.0,1.0,2.0,1.0,4.0,1.0,4,1,1,1,1,12086,25922,2106,21701,2106,0,1.0,1,1,1.0,TAM_microglia,myeloid_bridge,"Takenaka et al., Nat Neurosci 2019",1,0.10563158687373608,0.053788509828203976,cc_n_partners=2 (+1.23); deg_log2fc=1.01 (+0.54); cc_cross_compartment_edges=1 (+0.45),literature tier 1 (label)
1133,MDK,TAM1/TAM2/microglia,IDH_Mutant,TAM_microglia,0.0,0.0,0.0,0.0,,,0.0,0.0,0.0,0.0,,0.0,1.0,0.0,0.0,0.0,0.0,0.0,0.0,,0.0,0.0,0.0,0.0,,28,1,0,1,1,12086,25922,2106,21701,2106,0,0.0,1,0,,,,,0,0.10536467199147552,0.03491695719591774,cc_n_cells_e1=1.21e+04 (+0.12); cc_n_celltypes_total=1 (+0.06); cc_edges_e2=0 (+0.04),novel
1134,HLA-DQB1,TAM1/TAM2/microglia,IDH_WT,TAM_microglia,0.0,0.0,0.0,0.0,,,0.0,0.0,0.0,0.0,,0.0,1.0,4.0,0.0,2.0,2.0,0.018298993149735,0.00788969711259746,0.0,1.0,1.0,0.0,4.0,0.0,6,1,0,1,2,12086,25922,9696,2745,2745,0,0.0,0,0,,,,,0,0.10534238733049064,0.035894049820555565,cc_n_cells_e1=1.21e+04 (+0.13); cc_edges_e2=2 (+0.04); deg_pooled_log2fc=nan (+0.03),novel
1135,JAM2,T cell,IDH_Mutant,T_cell,0.0,0.0,0.0,0.0,,,0.0,0.0,0.0,0.0,,0.0,2.0,0.0,0.0,0.0,0.0,0.0,0.0,,0.0,0.0,0.0,0.0,,6,1,1,1,1,2662,1463,941,334,334,0,0.0,1,0,,,,,0,0.10508184173882733,0.04605315304716608,cc_n_celltypes_total=1 (+0.09); cc_edges_e2=0 (+0.04); deg_pooled_log2fc=nan (+0.03),novel
1136,HLA-DRB5,OPC_GABA_like_tumor,IDH_WT,tumor,0.0,0.0,0.0,0.0,,,0.0,0.0,0.0,0.0,,0.0,2.0,0.0,0.0,0.0,0.0,0.0,0.0,,0.0,0.0,0.0,0.0,,4,1,0,1,1,6741,14114,5040,1935,1935,0,0.0,0,0,,,,,0,0.10501849761401498,0.06992891236943384,cc_n_cells_e1=6.74e+03 (+0.13); cc_n_celltypes_total=1 (+0.07); cc_edges_e2=0 (+0.04),novel
1137,PPIA,cycling_tumor,IDH_Mutant,tumor,0.0,0.0,0.0,0.0,,,0.0,0.0,0.0,0.0,,0.0,1.0,10.0,0.0,5.0,5.0,0.1356608701322122,0.05412273350452988,0.0,1.0,4.0,0.0,10.0,0.0,56,1,0,1,7,6410,814,270,136,136,0,0.0,1,0,,,,,0,0.10499535903866261,0.03943503745490347,cc_edges_total=56 (+0.49); cc_n_cells_e1=6.41e+03 (+0.13); cc_mean_prob=0.0541 (+0.08),novel
1138,TNF,cycling_tumor,IDH_WT,tumor,0.0,0.0,0.0,0.0,,,0.0,0.0,0.0,0.0,,0.0,1.0,0.0,0.0,0.0,0.0,0.0,0.0,,0.0,0.0,0.0,0.0,,3,1,0,1,1,6410,814,5847,663,663,0,0.0,0,0,,,,,0,0.1048092410053916,0.07370619310914614,cc_n_cells_e1=6.41e+03 (+0.12); cc_n_celltypes_total=1 (+0.07); cc_n_cells_e2=814 (+0.04),novel
1139,KLRB1,TAM1/TAM2/microglia,IDH_WT,TAM_microglia,0.0,0.0,0.0,0.0,,,0.0,0.0,0.0,0.0,,0.0,0.0,0.0,0.0,0.0,0.0,0.0,0.0,,0.0,0.0,0.0,0.0,,14,0,1,1,1,12086,25922,9696,2745,2745,0,0.0,0,0,1.0,T_cell,immune_synapse,"Mathewson et al., Cell 2021",0,0.1046697793860685,0.024334318574086394,cc_is_ligand=0 (+0.24); cc_n_cells_e1=1.21e+04 (+0.11); cc_n_celltypes_total=1 (+0.06),"literature gene, other compartment"
1140,CNTN1,AC_like_tumor,IDH_Mutant,tumor,0.0,0.0,0.0,0.0,,,0.0,0.0,0.0,0.0,,0.0,2.0,0.0,0.0,0.0,0.0,0.0,0.0,,0.0,0.0,0.0,0.0,,16,1,0,1,2,72549,446,4249,283,283,0,0.0,1,0,2.0,tumor,neuron_tumor,Synaptic adhesion (pathway-level),0,0.10460936791979177,0.05341340203350625,cc_n_cells_e1=7.25e+04 (+0.14); cc_n_cells_e2=446 (+0.05); cc_edges_e2=0 (+0.04),literature tier 2 (unlabeled)
1141,ITGB8,AC_like_tumor,IDH_WT,tumor,0.0,0.0,0.0,0.0,,,0.0,0.0,0.0,0.0,,0.0,0.0,0.0,0.0,0.0,0.0,0.0,0.0,,0.0,0.0,0.0,0.0,,3,0,1,1,2,72549,446,64812,108,108,0,0.0,0,0,,,,,0,0.10450508681696649,0.020396510475349152,cc_is_ligand=0 (+0.22); cc_n_cells_e1=7.25e+04 (+0.11); cc_n_cells_e2=446 (+0.06),novel
1142,HLA-DMB,OPC_GABA_like_tumor,IDH_WT,tumor,0.0,0.0,0.0,0.0,,,0.0,0.0,0.0,0.0,,0.0,1.0,0.0,0.0,0.0,0.0,0.0,0.0,,0.0,0.0,0.0,0.0,,4,1,0,1,1,6741,14114,5040,1935,1935,0,0.0,0,0,,,,,0,0.10425620574851427,0.0722653339072742,cc_n_cells_e1=6.74e+03 (+0.12); cc_n_celltypes_total=1 (+0.07); cc_edges_e2=0 (+0.04),novel
1143,TGFB1,AC_like_tumor,IDH_WT,tumor,0.0,0.0,0.0,0.0,,,0.0,0.0,0.0,0.0,,0.0,0.0,0.0,0.0,0.0,0.0,0.0,0.0,,0.0,0.0,0.0,0.0,,4,1,0,1,1,72549,446,64812,108,108,0,0.0,0,0,2.0,"tumor,TAM_microglia",immune_synapse,Immunosuppressive cytokine (pathway-level),0,0.1041105053169522,0.04957324306838052,cc_n_cells_e1=7.25e+04 (+0.11); cc_n_celltypes_total=1 (+0.07); cc_n_cells_e2=446 (+0.04),literature tier 2 (unlabeled)
1144,HLA-DRB5,cycling_tumor,IDH_Mutant,tumor,1.0,-5.469553657520708,5.469553657520708,6.950520795754701,0.037,0.341,-0.30400000000000005,-1.0,1.0,1.0,-5.030979118008403,1.0,3.0,0.0,0.0,0.0,0.0,0.0,0.0,,0.0,0.0,0.0,0.0,,4,1,0,1,1,6410,814,270,136,136,0,-0.0,1,0,,,,,0,0.10357497068908048,0.07165269357603986,deg_n_celltypes_sig=3 (+0.33); cc_n_cells_e1=6.41e+03 (+0.13); cc_n_celltypes_total=1 (+0.05),novel
1145,NOTCH1,T cell,IDH_WT,T_cell,0.0,0.0,0.0,0.0,,,0.0,0.0,0.0,0.0,,0.0,2.0,0.0,0.0,0.0,0.0,0.0,0.0,,0.0,0.0,0.0,0.0,,16,0,1,2,2,2662,1463,1681,1118,1118,0,0.0,0,0,2.0,tumor,growth,Notch pathway (pathway-level),0,0.10334678700486581,0.04090571041146789,cc_is_ligand=0 (+0.34); cc_edges_e2=0 (+0.04); cc_max_prob=0 (+0.03),"literature gene, other compartment"
1146,SPP1,AC_like_tumor,IDH_WT,tumor,1.0,-2.2244099767214216,2.2244099767214216,8.994884358375353,0.269,0.606,-0.33699999999999997,-1.0,0.0,0.0,-1.854419222143243,1.0,4.0,10.0,0.0,5.0,5.0,0.0305221727622704,0.01142515717792402,0.0,1.0,4.0,6.0,10.0,0.0,55,1,0,1,7,72549,446,64812,108,108,0,-0.0,0,1,1.0,TAM_microglia,myeloid_bridge,"Wei et al., J Clin Invest 2019",0,0.10320225842319604,0.03870560944350771,cc_edges_total=55 (+0.63); deg_n_celltypes_sig=4 (+0.56); cc_cross_compartment_edges=6 (+0.55),"literature gene, other compartment"
1147,ADORA3,T cell,IDH_Mutant,T_cell,0.0,0.0,0.0,0.0,,,0.0,0.0,0.0,0.0,,0.0,0.0,0.0,0.0,0.0,0.0,0.0,0.0,,0.0,0.0,0.0,0.0,,1,1,0,1,1,2662,1463,941,334,334,0,0.0,1,0,,,,,0,0.10285448903031522,0.02312470343411034,cc_n_celltypes_total=1 (+0.09); cc_is_receptor=0 (+0.08); deg_pooled_log2fc=nan (+0.04),novel
1148,SLC1A3,AC_like_tumor,IDH_Mutant,tumor,1.0,-1.4792910063223057,1.4792910063223057,5.530476937737077,0.396,0.513,-0.11699999999999999,-1.0,0.0,0.0,,0.0,3.0,0.0,0.0,0.0,0.0,0.0,0.0,,0.0,0.0,0.0,0.0,,26,1,0,1,2,72549,446,4249,283,283,0,-0.0,1,0,,,,,0,0.10237184073244379,0.04441722132667522,deg_n_celltypes_sig=3 (+0.37); cc_n_cells_e1=7.25e+04 (+0.14); cc_n_cells_e2=446 (+0.05),novel
1149,C3AR1,T cell,IDH_Mutant,T_cell,0.0,0.0,0.0,0.0,,,0.0,0.0,0.0,0.0,,0.0,2.0,0.0,0.0,0.0,0.0,0.0,0.0,,0.0,0.0,0.0,0.0,,4,0,1,1,1,2662,1463,941,334,334,0,0.0,1,0,,,,,0,0.10234601180364031,0.023409611966081233,cc_is_ligand=0 (+0.26); cc_n_celltypes_total=1 (+0.09); cc_edges_e2=0 (+0.04),novel
1150,CDH2,cycling_tumor,IDH_WT,tumor,1.0,0.8278787438929278,0.8278787438929278,108.72235858210092,0.534,0.135,0.399,1.0,1.0,1.0,0.8498387895961115,1.0,1.0,4.0,4.0,8.0,0.0,0.0076576511402805,0.0047415855174035,0.0,1.0,3.0,0.0,8.0,1.0,32,1,1,1,3,6410,814,5847,663,663,0,1.0,0,1,,,,,0,0.10223421758218303,0.0539294346747492,deg_log2fc=0.828 (+0.51); deg_pct_diff=0.399 (+0.16); cc_n_cells_e1=6.41e+03 (+0.11),novel
1151,TNF,OPC_GABA_like_tumor,IDH_WT,tumor,0.0,0.0,0.0,0.0,,,0.0,0.0,0.0,0.0,,0.0,1.0,0.0,0.0,0.0,0.0,0.0,0.0,,0.0,0.0,0.0,0.0,,3,1,0,1,1,6741,14114,5040,1935,1935,0,0.0,0,0,,,,,0,0.10218301501412692,0.07266866825726911,cc_n_cells_e1=6.74e+03 (+0.12); cc_n_celltypes_total=1 (+0.07); cc_edges_e2=0 (+0.04),novel
1152,TGFBR2,T cell,IDH_WT,T_cell,0.0,0.0,0.0,0.0,,,0.0,0.0,0.0,0.0,,0.0,1.0,0.0,0.0,0.0,0.0,0.0,0.0,,0.0,0.0,0.0,0.0,,4,0,1,1,1,2662,1463,1681,1118,1118,0,0.0,0,0,,,,,0,0.10175188713985321,0.04617119320502827,cc_is_ligand=0 (+0.23); cc_n_celltypes_total=1 (+0.09); cc_edges_e2=0 (+0.04),novel
1153,LILRB4,TAM1/TAM2/microglia,IDH_WT,TAM_microglia,1.0,0.4412907361417251,0.4412907361417251,22.2691437535559,0.414,0.299,0.11499999999999999,1.0,1.0,1.0,0.7510720576257953,1.0,1.0,0.0,4.0,2.0,2.0,0.0042054497069747,0.0031089893414732502,0.0,1.0,1.0,0.0,4.0,0.0,4,0,1,1,1,12086,25922,9696,2745,2745,0,0.0,0,1,2.0,TAM_microglia,myeloid_bridge,Myeloid checkpoint (pathway-level),0,0.10111764925017071,0.05947775398298248,deg_log2fc=0.441 (+0.17); cc_is_ligand=0 (+0.17); deg_pct_diff=0.115 (+0.16),literature tier 2 (unlabeled)
1154,GRIA4,T cell,IDH_WT,T_cell,0.0,0.0,0.0,0.0,,,0.0,0.0,0.0,0.0,,0.0,2.0,0.0,0.0,0.0,0.0,0.0,0.0,,0.0,0.0,0.0,0.0,,15,0,1,1,4,2662,1463,1681,1118,1118,0,0.0,0,0,2.0,tumor,neuron_tumor,"AMPAR subunit family; Venkatesh et al., Nature 2019",0,0.10103148582523439,0.05912143101640277,cc_is_ligand=0 (+0.34); cc_edges_e2=0 (+0.04); cc_max_prob=0 (+0.03),"literature gene, other compartment"
1155,C3AR1,T cell,IDH_WT,T_cell,0.0,0.0,0.0,0.0,,,0.0,0.0,0.0,0.0,,0.0,1.0,0.0,0.0,0.0,0.0,0.0,0.0,,0.0,0.0,0.0,0.0,,4,0,1,1,1,2662,1463,1681,1118,1118,0,0.0,0,0,,,,,0,0.10099778861579076,0.0361532386208378,cc_is_ligand=0 (+0.23); cc_n_celltypes_total=1 (+0.09); cc_edges_e2=0 (+0.04),novel
1156,HLA-DMA,cycling_tumor,IDH_WT,tumor,1.0,-6.038030044164264,6.038030044164264,38.419143754899444,0.024,0.263,-0.23900000000000002,-1.0,1.0,1.0,-5.239708435940198,1.0,1.0,2.0,0.0,0.0,2.0,0.0032317829215343,0.0017512198751586294,0.0,1.0,1.0,2.0,2.0,-1.0,8,1,0,1,3,6410,814,5847,663,663,0,1.0,0,1,,,,,0,0.10092946274557187,0.027765569664047262,cc_cross_compartment_edges=2 (+0.35); cc_n_cells_e1=6.41e+03 (+0.12); deg_abs_log2fc=6.04 (+0.06),novel
1157,NRCAM,T cell,IDH_WT,T_cell,0.0,0.0,0.0,0.0,,,0.0,0.0,0.0,0.0,,0.0,1.0,0.0,0.0,0.0,0.0,0.0,0.0,,0.0,0.0,0.0,0.0,,12,0,1,1,4,2662,1463,1681,1118,1118,0,0.0,0,0,,,,,0,0.10090077450015497,0.044053890790203415,cc_is_ligand=0 (+0.31); cc_edges_total=12 (+0.04); cc_edges_e2=0 (+0.04),novel
1158,LGALS9,cycling_tumor,IDH_Mutant,tumor,1.0,-6.546732154157838,6.546732154157838,1.9312502498049535,0.007,0.181,-0.174,-1.0,0.0,0.0,,0.0,1.0,0.0,0.0,0.0,0.0,0.0,0.0,,0.0,0.0,0.0,0.0,,13,1,0,1,1,6410,814,270,136,136,0,-0.0,1,0,2.0,"tumor,TAM_microglia",immune_synapse,HAVCR2 ligand (pathway-level),0,0.10055635118909004,0.04551337732794657,cc_n_cells_e1=6.41e+03 (+0.11); cc_n_celltypes_total=1 (+0.06); deg_abs_log2fc=6.55 (+0.05),literature tier 2 (unlabeled)
1159,HLA-DQB1,cycling_tumor,IDH_Mutant,tumor,1.0,-6.389090176778849,6.389090176778849,8.159306206834312,0.029,0.356,-0.32699999999999996,-1.0,1.0,1.0,-6.677965434719021,1.0,2.0,0.0,0.0,0.0,0.0,0.0,0.0,,0.0,0.0,0.0,0.0,,6,1,0,1,2,6410,814,270,136,136,0,-0.0,1,0,,,,,0,0.10018672540265813,0.04882234931210052,cc_n_cells_e1=6.41e+03 (+0.13); deg_abs_log2fc=6.39 (+0.06); cc_n_cells_e2=814 (+0.04),novel
1160,HLA-DPB1,TAM1/TAM2/microglia,IDH_Mutant,TAM_microglia,1.0,-1.892655573057629,1.892655573057629,300.0,0.692,0.928,-0.2360000000000001,-1.0,1.0,1.0,-1.4002956125942698,1.0,5.0,4.0,0.0,2.0,2.0,0.0313832325589142,0.013363812357826549,0.0,1.0,1.0,0.0,4.0,0.0,14,1,0,1,5,12086,25922,2106,21701,2106,0,-0.0,1,1,,,,,0,0.0999493116849004,0.032237549787736366,deg_n_celltypes_sig=5 (+0.29); cc_n_cells_e1=1.21e+04 (+0.14); deg_neglog10_padj=300 (+0.10),novel
1161,CNTN1,OPC_GABA_AC_like_tumor,IDH_Mutant,tumor,0.0,0.0,0.0,0.0,,,0.0,0.0,0.0,0.0,,0.0,2.0,0.0,0.0,0.0,0.0,0.0,0.0,,0.0,0.0,0.0,0.0,,16,1,0,1,2,6202,1012,352,742,352,0,0.0,1,0,2.0,tumor,neuron_tumor,Synaptic adhesion (pathway-level),0,0.09992744336136503,0.04632520401708842,cc_n_cells_e1=6.2e+03 (+0.14); cc_n_cells_e2=1.01e+03 (+0.05); cc_edges_e2=0 (+0.04),literature tier 2 (unlabeled)
1162,NLGN3,OPC_GABA_AC_like_tumor,IDH_WT,tumor,0.0,0.0,0.0,0.0,,,0.0,0.0,0.0,0.0,,0.0,2.0,0.0,0.0,0.0,0.0,0.0,0.0,,0.0,0.0,0.0,0.0,,6,0,1,1,1,6202,1012,5384,171,171,0,0.0,0,0,1.0,tumor,neuron_tumor,"Venkatesh et al., Cell 2015; Venkatesh et al., Nature 2017",1,0.09946884211388786,0.01750172674995083,cc_is_ligand=0 (+0.33); cc_n_cells_e1=6.2e+03 (+0.14); cc_edges_total=6 (+0.10),literature tier 1 (label)
1163,NOTCH1,TAM1/TAM2/microglia,IDH_Mutant,TAM_microglia,0.0,0.0,0.0,0.0,,,0.0,0.0,0.0,0.0,,0.0,0.0,0.0,0.0,0.0,0.0,0.0,0.0,,0.0,0.0,0.0,0.0,,16,0,1,2,2,12086,25922,2106,21701,2106,0,0.0,1,0,2.0,tumor,growth,Notch pathway (pathway-level),0,0.09918423506456782,0.03594380562733045,cc_is_ligand=0 (+0.24); cc_n_cells_e1=1.21e+04 (+0.11); cc_edges_e2=0 (+0.04),"literature gene, other compartment"
1164,PTGES3,T cell,IDH_WT,T_cell,0.0,0.0,0.0,0.0,,,0.0,0.0,0.0,0.0,,0.0,3.0,2.0,0.0,1.0,1.0,0.0036836510154045,0.00361958430436245,0.0,1.0,1.0,2.0,2.0,0.0,13,1,0,1,7,2662,1463,1681,1118,1118,0,0.0,0,0,,,,,0,0.09895065366890476,0.025307321861959185,deg_n_celltypes_sig=3 (+0.48); cc_cross_compartment_edges=2 (+0.36); deg_pooled_log2fc=nan (+0.04),novel
1165,HBEGF,T cell,IDH_WT,T_cell,0.0,0.0,0.0,0.0,,,0.0,0.0,0.0,0.0,,0.0,2.0,0.0,0.0,0.0,0.0,0.0,0.0,,0.0,0.0,0.0,0.0,,7,1,0,1,1,2662,1463,1681,1118,1118,0,0.0,0,0,,,,,0,0.09893125903174675,0.046981006178046174,cc_n_celltypes_total=1 (+0.08); cc_edges_e2=0 (+0.04); deg_pooled_log2fc=nan (+0.03),novel
1166,JAM3,TAM1/TAM2/microglia,IDH_Mutant,TAM_microglia,0.0,0.0,0.0,0.0,,,0.0,0.0,0.0,0.0,,0.0,1.0,0.0,0.0,0.0,0.0,0.0,0.0,,0.0,0.0,0.0,0.0,,3,1,1,1,1,12086,25922,2106,21701,2106,0,0.0,1,0,,,,,0,0.09889258071724294,0.05550673489971082,cc_n_cells_e1=1.21e+04 (+0.12); cc_n_celltypes_total=1 (+0.07); cc_edges_e2=0 (+0.04),novel
1167,JAM3,OPC_GABA_like_tumor,IDH_Mutant,tumor,0.0,0.0,0.0,0.0,,,0.0,0.0,0.0,0.0,,0.0,1.0,0.0,0.0,0.0,0.0,0.0,0.0,,0.0,0.0,0.0,0.0,,3,1,1,1,1,6741,14114,1658,11741,1658,0,0.0,1,0,,,,,0,0.09865921439264462,0.05357505608137069,cc_n_cells_e1=6.74e+03 (+0.12); cc_n_celltypes_total=1 (+0.07); cc_edges_e2=0 (+0.04),novel
1168,NLGN3,OPC_GABA_AC_like_tumor,IDH_Mutant,tumor,0.0,0.0,0.0,0.0,,,0.0,0.0,0.0,0.0,,0.0,2.0,0.0,0.0,0.0,0.0,0.0,0.0,,0.0,0.0,0.0,0.0,,6,0,1,1,1,6202,1012,352,742,352,0,0.0,1,0,1.0,tumor,neuron_tumor,"Venkatesh et al., Cell 2015; Venkatesh et al., Nature 2017",1,0.09825202769327404,0.015554718159168382,cc_is_ligand=0 (+0.33); cc_n_cells_e1=6.2e+03 (+0.14); cc_edges_total=6 (+0.10),literature tier 1 (label)
1169,TGFB1,cycling_tumor,IDH_Mutant,tumor,1.0,-6.31110728427774,6.31110728427774,3.389996469301425,0.015,0.23,-0.21500000000000002,-1.0,0.0,0.0,,0.0,1.0,0.0,0.0,0.0,0.0,0.0,0.0,,0.0,0.0,0.0,0.0,,4,1,0,1,1,6410,814,270,136,136,0,-0.0,1,0,2.0,"tumor,TAM_microglia",immune_synapse,Immunosuppressive cytokine (pathway-level),0,0.0980853448465919,0.043907707552541864,cc_n_cells_e1=6.41e+03 (+0.11); cc_n_celltypes_total=1 (+0.07); cc_n_cells_e2=814 (+0.04),literature tier 2 (unlabeled)
1170,ITGB2,T cell,IDH_WT,T_cell,0.0,0.0,0.0,0.0,,,0.0,0.0,0.0,0.0,,0.0,2.0,0.0,0.0,0.0,0.0,0.0,0.0,,0.0,0.0,0.0,0.0,,4,0,1,2,1,2662,1463,1681,1118,1118,0,0.0,0,0,,,,,0,0.09791003675904424,0.03856850866172356,cc_is_ligand=0 (+0.26); cc_n_celltypes_total=1 (+0.09); cc_edges_e2=0 (+0.04),novel
1171,NLGN3,AC_like_tumor,IDH_WT,tumor,0.0,0.0,0.0,0.0,,,0.0,0.0,0.0,0.0,,0.0,2.0,0.0,0.0,0.0,0.0,0.0,0.0,,0.0,0.0,0.0,0.0,,6,0,1,1,1,72549,446,64812,108,108,0,0.0,0,0,1.0,tumor,neuron_tumor,"Venkatesh et al., Cell 2015; Venkatesh et al., Nature 2017",1,0.09753630849289753,0.018633243452904187,cc_is_ligand=0 (+0.33); cc_n_cells_e1=7.25e+04 (+0.13); cc_edges_total=6 (+0.10),literature tier 1 (label)
1172,GRIA2,T cell,IDH_WT,T_cell,0.0,0.0,0.0,0.0,,,0.0,0.0,0.0,0.0,,0.0,2.0,0.0,0.0,0.0,0.0,0.0,0.0,,0.0,0.0,0.0,0.0,,12,0,1,1,3,2662,1463,1681,1118,1118,0,0.0,0,0,1.0,tumor,neuron_tumor,"Venkatesh et al., Nature 2019; Venkataramani et al., Nature 2019",0,0.09743327563185729,0.06084791287833123,cc_is_ligand=0 (+0.34); cc_edges_total=12 (+0.05); cc_edges_e2=0 (+0.04),"literature gene, other compartment"
1173,P4HB,OPC_GABA_AC_like_tumor,IDH_Mutant,tumor,0.0,0.0,0.0,0.0,,,0.0,0.0,0.0,0.0,,0.0,0.0,0.0,0.0,0.0,0.0,0.0,0.0,,0.0,0.0,0.0,0.0,,5,0,1,1,3,6202,1012,352,742,352,0,0.0,1,0,,,,,0,0.09735273735305858,0.010136401356234653,cc_is_ligand=0 (+0.22); cc_n_cells_e1=6.2e+03 (+0.11); cc_n_cells_e2=1.01e+03 (+0.06),novel
1174,TGFB1,cycling_tumor,IDH_WT,tumor,0.0,0.0,0.0,0.0,,,0.0,0.0,0.0,0.0,,0.0,0.0,0.0,0.0,0.0,0.0,0.0,0.0,,0.0,0.0,0.0,0.0,,4,1,0,1,1,6410,814,5847,663,663,0,0.0,0,0,2.0,"tumor,TAM_microglia",immune_synapse,Immunosuppressive cytokine (pathway-level),0,0.09695791049409057,0.044463291296053864,cc_n_cells_e1=6.41e+03 (+0.11); cc_n_celltypes_total=1 (+0.07); cc_n_cells_e2=814 (+0.04),literature tier 2 (unlabeled)
1175,NLGN3,AC_like_tumor,IDH_Mutant,tumor,0.0,0.0,0.0,0.0,,,0.0,0.0,0.0,0.0,,0.0,2.0,0.0,0.0,0.0,0.0,0.0,0.0,,0.0,0.0,0.0,0.0,,6,0,1,1,1,72549,446,4249,283,283,0,0.0,1,0,1.0,tumor,neuron_tumor,"Venkatesh et al., Cell 2015; Venkatesh et al., Nature 2017",1,0.09638263321974744,0.01656678721562011,cc_is_ligand=0 (+0.33); cc_n_cells_e1=7.25e+04 (+0.13); cc_edges_total=6 (+0.10),literature tier 1 (label)
1176,PPIA,OPC_GABA_like_tumor,IDH_WT,tumor,0.0,0.0,0.0,0.0,,,0.0,0.0,0.0,0.0,,0.0,2.0,9.0,0.0,4.0,5.0,0.1147245041987962,0.04667047362903969,0.04,1.0,4.0,0.0,9.0,-0.1111111111111111,56,1,0,1,7,6741,14114,5040,1935,1935,0,-0.0,0,0,,,,,0,0.0961710037725286,0.04109700452075323,cc_edges_total=56 (+0.48); cc_n_cells_e1=6.74e+03 (+0.15); cc_mean_prob=0.0467 (+0.08),novel
1177,HLA-DQA1,OPC_GABA_like_tumor,IDH_WT,tumor,0.0,0.0,0.0,0.0,,,0.0,0.0,0.0,0.0,,0.0,2.0,0.0,0.0,0.0,0.0,0.0,0.0,,0.0,0.0,0.0,0.0,,4,1,0,1,1,6741,14114,5040,1935,1935,0,0.0,0,0,,,,,0,0.09589308581431369,0.0532237332177777,cc_n_cells_e1=6.74e+03 (+0.13); cc_n_celltypes_total=1 (+0.07); cc_edges_e2=0 (+0.04),novel
1178,PPIA,AC_like_tumor,IDH_Mutant,tumor,0.0,0.0,0.0,0.0,,,0.0,0.0,0.0,0.0,,0.0,1.0,9.0,0.0,4.0,5.0,0.1186820423196334,0.04821918900484511,0.01,1.0,4.0,0.0,9.0,-0.1111111111111111,56,1,0,1,7,72549,446,4249,283,283,0,-0.0,1,0,,,,,0,0.09588817389338711,0.041564300014034536,cc_edges_total=56 (+0.48); cc_n_cells_e1=7.25e+04 (+0.14); cc_mean_prob=0.0482 (+0.08),novel
1179,TNFRSF1A,TAM1/TAM2/microglia,IDH_Mutant,TAM_microglia,0.0,0.0,0.0,0.0,,,0.0,0.0,0.0,0.0,,0.0,1.0,0.0,1.0,1.0,0.0,0.0056018898340466,0.0056018898340466,0.0,1.0,1.0,0.0,1.0,1.0,1,0,1,1,1,12086,25922,2106,21701,2106,0,0.0,1,0,,,,,0,0.09541431752172855,0.040619528040664876,cc_n_cells_e1=1.21e+04 (+0.11); cc_is_ligand=0 (+0.11); cc_n_celltypes_total=1 (+0.06),novel
1180,NLGN3,OPC_GABA_like_tumor,IDH_WT,tumor,1.0,0.9871474974152122,0.9871474974152122,112.99767565638146,0.315,0.085,0.22999999999999998,1.0,1.0,1.0,0.735934578812126,1.0,2.0,0.0,0.0,0.0,0.0,0.0,0.0,,0.0,0.0,0.0,0.0,,6,0,1,1,1,6741,14114,5040,1935,1935,0,0.0,0,0,1.0,tumor,neuron_tumor,"Venkatesh et al., Cell 2015; Venkatesh et al., Nature 2017",1,0.09533935063909801,0.02108381781925524,deg_log2fc=0.987 (+0.50); cc_is_ligand=0 (+0.34); cc_edges_total=6 (+0.19),literature tier 1 (label)
1181,HBEGF,TAM1/TAM2/microglia,IDH_Mutant,TAM_microglia,0.0,0.0,0.0,0.0,,,0.0,0.0,0.0,0.0,,0.0,0.0,7.0,0.0,0.0,7.0,0.0191470332237848,0.0075573265473107285,0.0,1.0,4.0,7.0,7.0,-1.0,7,1,0,1,1,12086,25922,2106,21701,2106,0,-0.0,1,0,,,,,0,0.09499038126369241,0.04893638431241374,cc_cross_compartment_edges=7 (+0.36); cc_n_cells_e1=1.21e+04 (+0.10); cc_edges_e2=0 (+0.06),novel
1182,P4HB,AC_like_tumor,IDH_Mutant,tumor,0.0,0.0,0.0,0.0,,,0.0,0.0,0.0,0.0,,0.0,0.0,0.0,0.0,0.0,0.0,0.0,0.0,,0.0,0.0,0.0,0.0,,5,0,1,1,3,72549,446,4249,283,283,0,0.0,1,0,,,,,0,0.09477853625249295,0.010618107072782398,cc_is_ligand=0 (+0.22); cc_n_cells_e1=7.25e+04 (+0.11); cc_n_cells_e2=446 (+0.06),novel
1183,PSAP,cycling_tumor,IDH_Mutant,tumor,1.0,-2.436264167218373,2.436264167218373,2.305200049796671,0.39,0.519,-0.129,-1.0,0.0,0.0,,0.0,3.0,2.0,0.0,1.0,1.0,0.0023740659443612,0.0017510849844291,0.0,1.0,1.0,0.0,2.0,0.0,9,1,0,1,5,6410,814,270,136,136,0,-0.0,1,1,,,,,0,0.09473410919208144,0.016589567086115004,deg_n_celltypes_sig=3 (+0.40); cc_n_cells_e1=6.41e+03 (+0.14); cc_n_cells_e2=814 (+0.04),novel
1184,ITGB2,T cell,IDH_Mutant,T_cell,0.0,0.0,0.0,0.0,,,0.0,0.0,0.0,0.0,,0.0,2.0,0.0,0.0,0.0,0.0,0.0,0.0,,0.0,0.0,0.0,0.0,,4,0,1,2,1,2662,1463,941,334,334,0,0.0,1,0,,,,,0,0.0945900124266025,0.03849229529439379,cc_is_ligand=0 (+0.26); cc_n_celltypes_total=1 (+0.09); cc_edges_e2=0 (+0.04),novel
1185,CADM1,OPC_GABA_AC_like_tumor,IDH_Mutant,tumor,0.0,0.0,0.0,0.0,,,0.0,0.0,0.0,0.0,,0.0,2.0,0.0,0.0,0.0,0.0,0.0,0.0,,0.0,0.0,0.0,0.0,,32,1,1,1,3,6202,1012,352,742,352,0,0.0,1,0,,,,,0,0.09455500052777774,0.045533786101275085,cc_n_cells_e1=6.2e+03 (+0.15); cc_n_cells_e2=1.01e+03 (+0.05); cc_edges_e2=0 (+0.04),novel
1186,LILRB4,T cell,IDH_Mutant,T_cell,0.0,0.0,0.0,0.0,,,0.0,0.0,0.0,0.0,,0.0,2.0,0.0,0.0,0.0,0.0,0.0,0.0,,0.0,0.0,0.0,0.0,,4,0,1,1,1,2662,1463,941,334,334,0,0.0,1,0,2.0,TAM_microglia,myeloid_bridge,Myeloid checkpoint (pathway-level),0,0.09430179328534424,0.044014576592943166,cc_is_ligand=0 (+0.26); cc_n_celltypes_total=1 (+0.09); cc_edges_e2=0 (+0.04),"literature gene, other compartment"
1187,HLA-DQA1,OPC_GABA_like_tumor,IDH_Mutant,tumor,0.0,0.0,0.0,0.0,,,0.0,0.0,0.0,0.0,,0.0,2.0,0.0,0.0,0.0,0.0,0.0,0.0,,0.0,0.0,0.0,0.0,,4,1,0,1,1,6741,14114,1658,11741,1658,0,0.0,1,0,,,,,0,0.09424862296323619,0.05102454222053871,cc_n_cells_e1=6.74e+03 (+0.13); cc_n_celltypes_total=1 (+0.07); cc_edges_e2=0 (+0.04),novel
1188,TGFBR2,TAM1/TAM2/microglia,IDH_WT,TAM_microglia,1.0,0.5692720779110882,0.5692720779110882,44.060814643964726,0.389,0.246,0.14300000000000002,1.0,1.0,1.0,0.9688495432510398,1.0,1.0,0.0,4.0,2.0,2.0,0.0050238491740621,0.003124057670555575,0.0,1.0,1.0,0.0,4.0,0.0,4,0,1,1,1,12086,25922,9696,2745,2745,0,0.0,0,1,,,,,0,0.09353393645372035,0.04299186134807625,deg_log2fc=0.569 (+0.18); cc_is_ligand=0 (+0.17); deg_pct_diff=0.143 (+0.15),novel
1189,ANXA1,TAM1/TAM2/microglia,IDH_Mutant,TAM_microglia,1.0,-2.606964589265456,2.606964589265456,225.68513296772664,0.025,0.165,-0.14,-1.0,1.0,1.0,-3.531279895410132,1.0,3.0,2.0,0.0,0.0,2.0,0.0062273756011233,0.0054991206684735505,0.0,1.0,1.0,0.0,2.0,-1.0,10,1,0,1,4,12086,25922,2106,21701,2106,0,1.0,1,1,,,,,0,0.09323473185354854,0.03264268372261504,deg_n_celltypes_sig=3 (+0.38); cc_n_cells_e1=1.21e+04 (+0.13); deg_neglog10_padj=226 (+0.09),novel
1190,PPIA,OPC_GABA_AC_like_tumor,IDH_Mutant,tumor,0.0,0.0,0.0,0.0,,,0.0,0.0,0.0,0.0,,0.0,1.0,10.0,0.0,5.0,5.0,0.1265256391696476,0.04804807287943773,0.04,1.0,4.0,0.0,10.0,0.0,56,1,0,1,7,6202,1012,352,742,352,0,0.0,1,0,,,,,0,0.09262272733164653,0.04029512304318607,cc_edges_total=56 (+0.48); cc_n_cells_e1=6.2e+03 (+0.14); cc_mean_prob=0.048 (+0.08),novel
1191,NCAM2,T cell,IDH_Mutant,T_cell,0.0,0.0,0.0,0.0,,,0.0,0.0,0.0,0.0,,0.0,2.0,0.0,0.0,0.0,0.0,0.0,0.0,,0.0,0.0,0.0,0.0,,5,0,1,1,1,2662,1463,941,334,334,0,0.0,1,0,,,,,0,0.09261835073644578,0.031514974572407234,cc_is_ligand=0 (+0.26); cc_n_celltypes_total=1 (+0.09); cc_edges_e2=0 (+0.04),novel
1192,HLA-E,T cell,IDH_WT,T_cell,1.0,-0.5038481542141051,0.5038481542141051,11.83486321570158,0.523,0.663,-0.14,-1.0,0.0,0.0,-0.3183570483078131,1.0,3.0,2.0,0.0,1.0,1.0,0.0243335020236749,0.0230551639814484,0.0,1.0,1.0,2.0,2.0,0.0,6,1,0,1,4,2662,1463,1681,1118,1118,0,-0.0,0,1,,,,,0,0.09253839215305223,0.024441582625340588,cc_cross_compartment_edges=2 (+0.45); deg_n_celltypes_sig=3 (+0.34); cc_edges_e2=1 (+0.02),novel
1193,NCAM2,T cell,IDH_WT,T_cell,0.0,0.0,0.0,0.0,,,0.0,0.0,0.0,0.0,,0.0,2.0,0.0,0.0,0.0,0.0,0.0,0.0,,0.0,0.0,0.0,0.0,,5,0,1,1,1,2662,1463,1681,1118,1118,0,0.0,0,0,,,,,0,0.091748826668368,0.03387729280071291,cc_is_ligand=0 (+0.26); cc_n_celltypes_total=1 (+0.09); cc_edges_e2=0 (+0.04),novel
1194,TGFB1,OPC_GABA_like_tumor,IDH_WT,tumor,0.0,0.0,0.0,0.0,,,0.0,0.0,0.0,0.0,,0.0,0.0,0.0,0.0,0.0,0.0,0.0,0.0,,0.0,0.0,0.0,0.0,,4,1,0,1,1,6741,14114,5040,1935,1935,0,0.0,0,0,2.0,"tumor,TAM_microglia",immune_synapse,Immunosuppressive cytokine (pathway-level),0,0.09158291197550059,0.041919851099825114,cc_n_cells_e1=6.74e+03 (+0.11); cc_n_celltypes_total=1 (+0.07); cc_edges_e2=0 (+0.04),literature tier 2 (unlabeled)
1195,PTN,TAM1/TAM2/microglia,IDH_Mutant,TAM_microglia,0.0,0.0,0.0,0.0,,,0.0,0.0,0.0,0.0,,0.0,1.0,1.0,0.0,0.0,1.0,0.0010558520129411,0.0010558520129411,0.0,1.0,1.0,1.0,1.0,-1.0,137,1,0,1,7,12086,25922,2106,21701,2106,0,-0.0,1,0,1.0,TAM_microglia,myeloid_bridge,"Shi et al., Cell Stem Cell 2017",1,0.09100395803974179,0.06628014735176739,cc_edges_total=137 (+0.84); cc_cross_compartment_edges=1 (+0.60); cc_n_cells_e1=1.21e+04 (+0.14),literature tier 1 (label)
1196,LRRTM2,T cell,IDH_WT,T_cell,0.0,0.0,0.0,0.0,,,0.0,0.0,0.0,0.0,,0.0,2.0,0.0,0.0,0.0,0.0,0.0,0.0,,0.0,0.0,0.0,0.0,,12,0,1,1,2,2662,1463,1681,1118,1118,0,0.0,0,0,,,,,0,0.09081888980085542,0.05287543283948737,cc_is_ligand=0 (+0.34); cc_edges_total=12 (+0.05); cc_edges_e2=0 (+0.04),novel
1197,LILRB4,T cell,IDH_WT,T_cell,0.0,0.0,0.0,0.0,,,0.0,0.0,0.0,0.0,,0.0,1.0,0.0,0.0,0.0,0.0,0.0,0.0,,0.0,0.0,0.0,0.0,,4,0,1,1,1,2662,1463,1681,1118,1118,0,0.0,0,0,2.0,TAM_microglia,myeloid_bridge,Myeloid checkpoint (pathway-level),0,0.09022472833669379,0.03768962556313075,cc_is_ligand=0 (+0.23); cc_n_celltypes_total=1 (+0.09); cc_edges_e2=0 (+0.04),"literature gene, other compartment"
1198,GLS,T cell,IDH_Mutant,T_cell,0.0,0.0,0.0,0.0,,,0.0,0.0,0.0,0.0,,0.0,2.0,0.0,0.0,0.0,0.0,0.0,0.0,,0.0,0.0,0.0,0.0,,39,1,0,1,2,2662,1463,941,334,334,0,0.0,1,0,,,,,0,0.0891865938332301,0.04147120952912431,cc_edges_e2=0 (+0.04); cc_max_prob=0 (+0.03); deg_pooled_log2fc=nan (+0.03),novel
1199,HLA-DMA,TAM1/TAM2/microglia,IDH_Mutant,TAM_microglia,1.0,-0.9004422843411573,0.9004422843411573,184.1624539878099,0.648,0.847,-0.19899999999999995,-1.0,0.0,0.0,-0.5872405186024281,1.0,2.0,4.0,0.0,2.0,2.0,0.017037430185218,0.00849364729375935,0.0,1.0,1.0,0.0,4.0,0.0,8,1,0,1,3,12086,25922,2106,21701,2106,0,-0.0,1,1,,,,,0,0.08881376148877981,0.034164695048465164,cc_n_cells_e1=1.21e+04 (+0.14); deg_neglog10_padj=184 (+0.09); deg_abs_log2fc=0.9 (+0.05),novel
1200,ITGB8,OPC_GABA_like_tumor,IDH_Mutant,tumor,1.0,-0.5206364989184884,0.5206364989184884,19.21809113925056,0.338,0.47,-0.13199999999999995,-1.0,0.0,0.0,-1.174668896138416,1.0,2.0,0.0,2.0,1.0,1.0,0.001639426134793,0.0013962872285488,0.0,1.0,1.0,0.0,2.0,0.0,3,0,1,1,2,6741,14114,1658,11741,1658,0,-0.0,1,1,,,,,0,0.08829207578246731,0.011636046700247751,cc_is_ligand=0 (+0.28); cc_n_cells_e1=6.74e+03 (+0.13); cc_lig_edges=0 (+0.02),novel
1201,HLA-DRB5,cycling_tumor,IDH_WT,tumor,1.0,-5.388167588528949,5.388167588528949,15.818416467018212,0.009,0.135,-0.126,-1.0,1.0,1.0,-5.030979118008403,1.0,2.0,0.0,0.0,0.0,0.0,0.0,0.0,,0.0,0.0,0.0,0.0,,4,1,0,1,1,6410,814,5847,663,663,0,-0.0,0,0,,,,,0,0.08790286328330388,0.060442040619313846,cc_n_cells_e1=6.41e+03 (+0.12); deg_pct_e1=0.135 (+0.09); cc_n_celltypes_total=1 (+0.07),novel
1202,HLA-DMA,T cell,IDH_Mutant,T_cell,0.0,0.0,0.0,0.0,,,0.0,0.0,0.0,0.0,,0.0,2.0,0.0,0.0,0.0,0.0,0.0,0.0,,0.0,0.0,0.0,0.0,,8,1,0,1,3,2662,1463,941,334,334,0,0.0,1,0,,,,,0,0.08755532365057458,0.03113372435710759,cc_edges_e2=0 (+0.04); cc_max_prob=0 (+0.03); deg_pooled_log2fc=nan (+0.03),novel
1203,HLA-DMB,cycling_tumor,IDH_Mutant,tumor,1.0,-5.173753514312838,5.173753514312838,2.713921114491697,0.022,0.226,-0.20400000000000001,-1.0,1.0,1.0,-6.1258997909701325,1.0,2.0,0.0,0.0,0.0,0.0,0.0,0.0,,0.0,0.0,0.0,0.0,,4,1,0,1,1,6410,814,270,136,136,0,-0.0,1,0,,,,,0,0.08740839964701498,0.059895734785961725,cc_n_cells_e1=6.41e+03 (+0.12); cc_n_celltypes_total=1 (+0.07); cc_n_cells_e2=814 (+0.04),novel
1204,PSAP,T cell,IDH_Mutant,T_cell,0.0,0.0,0.0,0.0,,,0.0,0.0,0.0,0.0,,0.0,3.0,0.0,0.0,0.0,0.0,0.0,0.0,,0.0,0.0,0.0,0.0,,9,1,0,1,5,2662,1463,941,334,334,0,0.0,1,0,,,,,0,0.08729857349954497,0.027843024302138534,deg_n_celltypes_sig=3 (+0.48); deg_pooled_log2fc=nan (+0.04); cc_max_prob=0 (+0.03),novel
1205,COL9A1,TAM1/TAM2/microglia,IDH_WT,TAM_microglia,0.0,0.0,0.0,0.0,,,0.0,0.0,0.0,0.0,,0.0,2.0,0.0,0.0,0.0,0.0,0.0,0.0,,0.0,0.0,0.0,0.0,,5,1,0,1,1,12086,25922,9696,2745,2745,0,0.0,0,0,,,,,0,0.08726966114106197,0.05804701223318874,cc_n_cells_e1=1.21e+04 (+0.13); cc_n_celltypes_total=1 (+0.07); cc_edges_e2=0 (+0.04),novel
1206,HLA-DQA1,T cell,IDH_WT,T_cell,1.0,0.9120736919079188,0.9120736919079188,2.3570250095401675,0.124,0.066,0.057999999999999996,1.0,1.0,1.0,1.1255376384244378,1.0,2.0,0.0,0.0,0.0,0.0,0.0,0.0,,0.0,0.0,0.0,0.0,,4,1,0,1,1,2662,1463,1681,1118,1118,0,0.0,0,0,,,,,0,0.08695440911844832,0.06037655395641474,deg_log2fc=0.912 (+0.42); deg_pct_e1=0.066 (+0.18); cc_n_celltypes_total=1 (+0.05),novel
1207,TMIGD3,T cell,IDH_Mutant,T_cell,0.0,0.0,0.0,0.0,,,0.0,0.0,0.0,0.0,,0.0,2.0,0.0,0.0,0.0,0.0,0.0,0.0,,0.0,0.0,0.0,0.0,,3,0,1,1,2,2662,1463,941,334,334,0,0.0,1,0,,,,,0,0.08628373828025811,0.027940999418602813,cc_is_ligand=0 (+0.26); cc_edges_e2=0 (+0.04); cc_max_prob=0 (+0.03),novel
1208,HLA-DQB1,cycling_tumor,IDH_WT,tumor,1.0,-6.823733393722145,6.823733393722145,31.39043150404676,0.011,0.215,-0.204,-1.0,1.0,1.0,-6.677965434719021,1.0,1.0,0.0,0.0,0.0,0.0,0.0,0.0,,0.0,0.0,0.0,0.0,,6,1,0,1,2,6410,814,5847,663,663,0,-0.0,0,0,,,,,0,0.08626415586064203,0.04520505814483766,cc_n_cells_e1=6.41e+03 (+0.12); deg_abs_log2fc=6.82 (+0.06); cc_n_cells_e2=814 (+0.04),novel
1209,TMIGD3,T cell,IDH_WT,T_cell,0.0,0.0,0.0,0.0,,,0.0,0.0,0.0,0.0,,0.0,2.0,0.0,0.0,0.0,0.0,0.0,0.0,,0.0,0.0,0.0,0.0,,3,0,1,1,2,2662,1463,1681,1118,1118,0,0.0,0,0,,,,,0,0.08599820227484015,0.02971841424717383,cc_is_ligand=0 (+0.26); cc_edges_e2=0 (+0.04); cc_max_prob=0 (+0.03),novel
1210,ENTPD1,TAM1/TAM2/microglia,IDH_WT,TAM_microglia,1.0,0.6512541342894388,0.6512541342894388,28.708785406810396,0.234,0.137,0.097,1.0,1.0,1.0,1.3567662403519276,1.0,1.0,3.0,1.0,4.0,0.0,0.0134956831199029,0.007203532889107,0.0,1.0,2.0,1.0,4.0,1.0,4,1,1,1,1,12086,25922,9696,2745,2745,0,1.0,0,1,1.0,TAM_microglia,myeloid_bridge,"Takenaka et al., Nat Neurosci 2019",1,0.08591791635954453,0.04212853598772366,cc_n_partners=2 (+1.22); cc_cross_compartment_edges=1 (+0.42); deg_log2fc=0.651 (+0.34),literature tier 1 (label)
1211,HLA-DMA,T cell,IDH_WT,T_cell,0.0,0.0,0.0,0.0,,,0.0,0.0,0.0,0.0,,0.0,1.0,0.0,0.0,0.0,0.0,0.0,0.0,,0.0,0.0,0.0,0.0,,8,1,0,1,3,2662,1463,1681,1118,1118,0,0.0,0,0,,,,,0,0.08563538500656658,0.028805307409541604,cc_edges_e2=0 (+0.04); cc_max_prob=0 (+0.03); deg_pooled_log2fc=nan (+0.03),novel
1212,CLEC2B,TAM1/TAM2/microglia,IDH_WT,TAM_microglia,1.0,-0.8327285231313564,0.8327285231313564,28.961802044762376,0.303,0.408,-0.10499999999999998,-1.0,1.0,1.0,-1.3330252851399822,1.0,2.0,2.0,0.0,0.0,2.0,0.0067936439601685,0.0061007050888057,0.0,1.0,1.0,2.0,2.0,-1.0,6,1,0,1,2,12086,25922,9696,2745,2745,0,1.0,0,1,,,,,0,0.08562467381715969,0.04440302252432282,cc_cross_compartment_edges=2 (+0.33); cc_n_cells_e1=1.21e+04 (+0.14); cc_edges_e2=0 (+0.05),novel
1213,ANXA1,TAM1/TAM2/microglia,IDH_WT,TAM_microglia,1.0,-1.6688803158048915,1.6688803158048915,147.10238376776053,0.192,0.461,-0.269,-1.0,1.0,1.0,-3.531279895410132,1.0,4.0,2.0,0.0,0.0,2.0,0.0062273756011233,0.0054991206684735505,0.0,1.0,1.0,0.0,2.0,-1.0,10,1,0,1,4,12086,25922,9696,2745,2745,0,1.0,0,1,,,,,0,0.08527641846022808,0.024092409113535253,deg_n_celltypes_sig=4 (+0.45); cc_n_cells_e1=1.21e+04 (+0.14); deg_neglog10_padj=147 (+0.07),novel
1214,PTPRC,T cell,IDH_WT,T_cell,1.0,-0.7666020759789496,0.7666020759789496,29.045799687220544,0.494,0.694,-0.19999999999999996,-1.0,1.0,1.0,-0.7802312468627823,1.0,3.0,2.0,2.0,2.0,2.0,0.0190396652672054,0.015650702062507026,0.0,2.0,1.0,4.0,4.0,0.0,8,1,1,2,2,2662,1463,1681,1118,1118,0,-0.0,0,1,,,,,0,0.0851112799379938,0.03393324517985826,cc_cross_compartment_edges=4 (+0.42); deg_n_celltypes_sig=3 (+0.32); cc_edges_e2=2 (+0.06),novel
1215,HLA-DQA1,T cell,IDH_Mutant,T_cell,1.0,1.6232308556617745,1.6232308556617745,2.1531669995221825,0.165,0.07,0.095,1.0,1.0,1.0,1.1255376384244378,1.0,2.0,0.0,0.0,0.0,0.0,0.0,0.0,,0.0,0.0,0.0,0.0,,4,1,0,1,1,2662,1463,941,334,334,0,0.0,1,0,,,,,0,0.08460148468695021,0.06112686116637435,deg_log2fc=1.62 (+0.54); deg_pct_e1=0.07 (+0.18); deg_pct_diff=0.095 (+0.15),novel
1216,ITGB8,OPC_GABA_like_tumor,IDH_WT,tumor,0.0,0.0,0.0,0.0,,,0.0,0.0,0.0,0.0,,0.0,0.0,0.0,2.0,1.0,1.0,0.001639426134793,0.0013962872285488,0.0,1.0,1.0,0.0,2.0,0.0,3,0,1,1,2,6741,14114,5040,1935,1935,0,0.0,0,0,,,,,0,0.08377845248646107,0.0159586537382044,cc_is_ligand=0 (+0.21); cc_n_cells_e1=6.74e+03 (+0.11); deg_pooled_log2fc=nan (+0.02),novel
1217,PPIA,OPC_GABA_like_tumor,IDH_Mutant,tumor,0.0,0.0,0.0,0.0,,,0.0,0.0,0.0,0.0,,0.0,1.0,9.0,0.0,4.0,5.0,0.1147245041987962,0.04667047362903969,0.04,1.0,4.0,0.0,9.0,-0.1111111111111111,56,1,0,1,7,6741,14114,1658,11741,1658,0,-0.0,1,0,,,,,0,0.08356075171218796,0.037640716957592635,cc_edges_total=56 (+0.48); cc_n_cells_e1=6.74e+03 (+0.14); cc_mean_prob=0.0467 (+0.08),novel
1218,PPIA,T cell,IDH_Mutant,T_cell,0.0,0.0,0.0,0.0,,,0.0,0.0,0.0,0.0,,0.0,1.0,7.0,0.0,4.0,3.0,0.1059385738305193,0.044133901422716275,0.03,1.0,3.0,7.0,7.0,0.14285714285714285,56,1,0,1,7,2662,1463,941,334,334,0,0.0,1,0,,,,,0,0.08355189843049522,0.03721133614022036,cc_edges_total=56 (+0.59); cc_cross_compartment_edges=7 (+0.56); cc_mean_prob=0.0441 (+0.09),novel
1219,LAIR1,T cell,IDH_WT,T_cell,0.0,0.0,0.0,0.0,,,0.0,0.0,0.0,0.0,,0.0,1.0,0.0,0.0,0.0,0.0,0.0,0.0,,0.0,0.0,0.0,0.0,,4,1,0,1,1,2662,1463,1681,1118,1118,0,0.0,0,0,,,,,0,0.08320879642351953,0.03239208912567205,cc_n_celltypes_total=1 (+0.09); cc_edges_e2=0 (+0.04); cc_max_prob=0 (+0.03),novel
1220,CNTN1,TAM1/TAM2/microglia,IDH_Mutant,TAM_microglia,0.0,0.0,0.0,0.0,,,0.0,0.0,0.0,0.0,,0.0,2.0,0.0,0.0,0.0,0.0,0.0,0.0,,0.0,0.0,0.0,0.0,,16,1,0,1,2,12086,25922,2106,21701,2106,0,0.0,1,0,2.0,tumor,neuron_tumor,Synaptic adhesion (pathway-level),0,0.08293992549140024,0.042023360650326476,cc_n_cells_e1=1.21e+04 (+0.14); cc_edges_e2=0 (+0.04); cc_max_prob=0 (+0.03),"literature gene, other compartment"
1221,ENTPD1,OPC_GABA_AC_like_tumor,IDH_WT,tumor,0.0,0.0,0.0,0.0,,,0.0,0.0,0.0,0.0,,0.0,1.0,0.0,0.0,0.0,0.0,0.0,0.0,,0.0,0.0,0.0,0.0,,4,1,1,1,1,6202,1012,5384,171,171,0,0.0,0,0,1.0,TAM_microglia,myeloid_bridge,"Takenaka et al., Nat Neurosci 2019",0,0.08248615269280932,0.02365684497018162,cc_n_cells_e1=6.2e+03 (+0.12); cc_n_celltypes_total=1 (+0.07); cc_n_cells_e2=1.01e+03 (+0.04),"literature gene, other compartment"
1222,LAIR1,T cell,IDH_Mutant,T_cell,0.0,0.0,0.0,0.0,,,0.0,0.0,0.0,0.0,,0.0,1.0,0.0,0.0,0.0,0.0,0.0,0.0,,0.0,0.0,0.0,0.0,,4,1,0,1,1,2662,1463,941,334,334,0,0.0,1,0,,,,,0,0.0823348103382939,0.03155649099226303,cc_n_celltypes_total=1 (+0.09); cc_edges_e2=0 (+0.04); cc_max_prob=0 (+0.03),novel
1223,NLGN3,TAM1/TAM2/microglia,IDH_WT,TAM_microglia,0.0,0.0,0.0,0.0,,,0.0,0.0,0.0,0.0,,0.0,2.0,0.0,0.0,0.0,0.0,0.0,0.0,,0.0,0.0,0.0,0.0,,6,0,1,1,1,12086,25922,9696,2745,2745,0,0.0,0,0,1.0,tumor,neuron_tumor,"Venkatesh et al., Cell 2015; Venkatesh et al., Nature 2017",0,0.08224091794844401,0.015031613818361869,cc_is_ligand=0 (+0.28); cc_n_cells_e1=1.21e+04 (+0.13); cc_edges_total=6 (+0.10),"literature gene, other compartment"
1224,CADM1,TAM1/TAM2/microglia,IDH_Mutant,TAM_microglia,0.0,0.0,0.0,0.0,,,0.0,0.0,0.0,0.0,,0.0,2.0,0.0,0.0,0.0,0.0,0.0,0.0,,0.0,0.0,0.0,0.0,,32,1,1,1,3,12086,25922,2106,21701,2106,0,0.0,1,0,,,,,0,0.08214031728441107,0.03559023680870908,cc_n_cells_e1=1.21e+04 (+0.14); cc_edges_e2=0 (+0.04); cc_max_prob=0 (+0.03),novel
1225,ENTPD1,cycling_tumor,IDH_Mutant,tumor,0.0,0.0,0.0,0.0,,,0.0,0.0,0.0,0.0,,0.0,1.0,0.0,0.0,0.0,0.0,0.0,0.0,,0.0,0.0,0.0,0.0,,4,1,1,1,1,6410,814,270,136,136,0,0.0,1,0,1.0,TAM_microglia,myeloid_bridge,"Takenaka et al., Nat Neurosci 2019",0,0.08210231814884464,0.02394001163345436,cc_n_cells_e1=6.41e+03 (+0.12); cc_n_celltypes_total=1 (+0.07); cc_n_cells_e2=814 (+0.04),"literature gene, other compartment"
1226,SLC1A3,OPC_GABA_like_tumor,IDH_Mutant,tumor,1.0,-1.9963691418678584,1.9963691418678584,263.1056969840501,0.371,0.715,-0.344,-1.0,0.0,0.0,-1.3965175223638493,1.0,3.0,0.0,0.0,0.0,0.0,0.0,0.0,,0.0,0.0,0.0,0.0,,26,1,0,1,2,6741,14114,1658,11741,1658,0,-0.0,1,0,,,,,0,0.08209042778722091,0.04131179255736894,deg_n_celltypes_sig=3 (+0.35); cc_n_cells_e1=6.74e+03 (+0.14); deg_neglog10_padj=263 (+0.08),novel
1227,ENTPD1,AC_like_tumor,IDH_WT,tumor,0.0,0.0,0.0,0.0,,,0.0,0.0,0.0,0.0,,0.0,1.0,0.0,0.0,0.0,0.0,0.0,0.0,,0.0,0.0,0.0,0.0,,4,1,1,1,1,72549,446,64812,108,108,0,0.0,0,0,1.0,TAM_microglia,myeloid_bridge,"Takenaka et al., Nat Neurosci 2019",0,0.08191515591603797,0.02411905129353654,cc_n_cells_e1=7.25e+04 (+0.12); cc_n_celltypes_total=1 (+0.07); cc_n_cells_e2=446 (+0.05),"literature gene, other compartment"
1228,AXL,TAM1/TAM2/microglia,IDH_Mutant,TAM_microglia,0.0,0.0,0.0,0.0,,,0.0,0.0,0.0,0.0,,0.0,0.0,0.0,1.0,1.0,0.0,0.0038266213753899,0.0038266213753899,0.0,1.0,1.0,0.0,1.0,1.0,1,0,1,1,1,12086,25922,2106,21701,2106,0,0.0,1,0,2.0,"TAM_microglia,tumor",myeloid_bridge,TAM receptor family (pathway-level),0,0.08183375928692584,0.030930044340906557,cc_n_cells_e1=1.21e+04 (+0.10); cc_is_ligand=0 (+0.10); cc_n_celltypes_total=1 (+0.06),literature tier 2 (unlabeled)
1229,ENTPD1,AC_like_tumor,IDH_Mutant,tumor,0.0,0.0,0.0,0.0,,,0.0,0.0,0.0,0.0,,0.0,1.0,0.0,0.0,0.0,0.0,0.0,0.0,,0.0,0.0,0.0,0.0,,4,1,1,1,1,72549,446,4249,283,283,0,0.0,1,0,1.0,TAM_microglia,myeloid_bridge,"Takenaka et al., Nat Neurosci 2019",0,0.08166275677727708,0.024169232778607195,cc_n_cells_e1=7.25e+04 (+0.12); cc_n_celltypes_total=1 (+0.07); cc_n_cells_e2=446 (+0.05),"literature gene, other compartment"
1230,NLGN3,TAM1/TAM2/microglia,IDH_Mutant,TAM_microglia,0.0,0.0,0.0,0.0,,,0.0,0.0,0.0,0.0,,0.0,2.0,0.0,0.0,0.0,0.0,0.0,0.0,,0.0,0.0,0.0,0.0,,6,0,1,1,1,12086,25922,2106,21701,2106,0,0.0,1,0,1.0,tumor,neuron_tumor,"Venkatesh et al., Cell 2015; Venkatesh et al., Nature 2017",0,0.0810856089212281,0.011365412839095215,cc_is_ligand=0 (+0.27); cc_n_cells_e1=1.21e+04 (+0.13); cc_edges_total=6 (+0.10),"literature gene, other compartment"
1231,ENTPD1,cycling_tumor,IDH_WT,tumor,0.0,0.0,0.0,0.0,,,0.0,0.0,0.0,0.0,,0.0,1.0,0.0,0.0,0.0,0.0,0.0,0.0,,0.0,0.0,0.0,0.0,,4,1,1,1,1,6410,814,5847,663,663,0,0.0,0,0,1.0,TAM_microglia,myeloid_bridge,"Takenaka et al., Nat Neurosci 2019",0,0.08103315960457376,0.02069281244783784,cc_n_cells_e1=6.41e+03 (+0.12); cc_n_celltypes_total=1 (+0.07); cc_n_cells_e2=814 (+0.04),"literature gene, other compartment"
1232,MPZL1,T cell,IDH_WT,T_cell,0.0,0.0,0.0,0.0,,,0.0,0.0,0.0,0.0,,0.0,4.0,0.0,0.0,0.0,0.0,0.0,0.0,,0.0,0.0,0.0,0.0,,8,1,1,1,2,2662,1463,1681,1118,1118,0,0.0,0,0,,,,,0,0.08103195743769498,0.02893352957024056,deg_n_celltypes_sig=4 (+0.51); deg_pooled_log2fc=nan (+0.04); cc_max_prob=0 (+0.03),novel
1233,ENTPD1,OPC_GABA_AC_like_tumor,IDH_Mutant,tumor,0.0,0.0,0.0,0.0,,,0.0,0.0,0.0,0.0,,0.0,1.0,0.0,0.0,0.0,0.0,0.0,0.0,,0.0,0.0,0.0,0.0,,4,1,1,1,1,6202,1012,352,742,352,0,0.0,1,0,1.0,TAM_microglia,myeloid_bridge,"Takenaka et al., Nat Neurosci 2019",0,0.08062865342715773,0.022027776981739494,cc_n_cells_e1=6.2e+03 (+0.12); cc_n_celltypes_total=1 (+0.07); cc_n_cells_e2=1.01e+03 (+0.04),"literature gene, other compartment"
1234,PSAP,AC_like_tumor,IDH_WT,tumor,0.0,0.0,0.0,0.0,,,0.0,0.0,0.0,0.0,,0.0,0.0,2.0,0.0,1.0,1.0,0.0021302161985696,0.0018567956874288999,0.0,1.0,1.0,0.0,2.0,0.0,9,1,0,1,5,72549,446,64812,108,108,0,0.0,0,0,,,,,0,0.07981237123195449,0.01870366457378353,cc_n_cells_e1=7.25e+04 (+0.12); cc_n_cells_e2=446 (+0.05); deg_pooled_log2fc=nan (+0.03),novel
1235,LGALS9,TAM1/TAM2/microglia,IDH_Mutant,TAM_microglia,0.0,0.0,0.0,0.0,,,0.0,0.0,0.0,0.0,,0.0,1.0,13.0,0.0,13.0,0.0,0.0161731728416982,0.006557732812207392,0.0,1.0,4.0,8.0,13.0,1.0,13,1,0,1,1,12086,25922,2106,21701,2106,0,0.0,1,0,2.0,"tumor,TAM_microglia",immune_synapse,HAVCR2 ligand (pathway-level),0,0.07968983529243237,0.028112698678023823,cc_cross_compartment_edges=8 (+0.37); cc_n_cells_e1=1.21e+04 (+0.12); deg_pooled_log2fc=nan (+0.02),literature tier 2 (unlabeled)
1236,TGFBR1,T cell,IDH_WT,T_cell,0.0,0.0,0.0,0.0,,,0.0,0.0,0.0,0.0,,0.0,2.0,0.0,0.0,0.0,0.0,0.0,0.0,,0.0,0.0,0.0,0.0,,4,0,1,1,1,2662,1463,1681,1118,1118,0,0.0,0,0,,,,,0,0.07962994788704322,0.0503905465361491,cc_is_ligand=0 (+0.26); cc_n_celltypes_total=1 (+0.09); cc_edges_e2=0 (+0.04),novel
1237,CLEC2B,TAM1/TAM2/microglia,IDH_Mutant,TAM_microglia,1.0,-0.626433295092881,0.626433295092881,48.47711645175549,0.164,0.309,-0.145,-1.0,1.0,1.0,-1.3330252851399822,1.0,2.0,2.0,0.0,0.0,2.0,0.0067936439601685,0.0061007050888057,0.0,1.0,1.0,2.0,2.0,-1.0,6,1,0,1,2,12086,25922,2106,21701,2106,0,1.0,1,1,,,,,0,0.07959679282815332,0.03928364393489517,cc_cross_compartment_edges=2 (+0.33); cc_n_cells_e1=1.21e+04 (+0.14); cc_edges_e2=0 (+0.05),novel
1238,NRXN2,T cell,IDH_WT,T_cell,0.0,0.0,0.0,0.0,,,0.0,0.0,0.0,0.0,,0.0,1.0,0.0,0.0,0.0,0.0,0.0,0.0,,0.0,0.0,0.0,0.0,,10,1,0,1,1,2662,1463,1681,1118,1118,0,0.0,0,0,,,,,0,0.07957381838642967,0.02393226400797417,cc_n_celltypes_total=1 (+0.08); cc_edges_e2=0 (+0.04); deg_pooled_log2fc=nan (+0.03),novel
1239,GRN,TAM1/TAM2/microglia,IDH_Mutant,TAM_microglia,1.0,-0.2640489282341633,0.2640489282341633,7.9801390891202555,0.586,0.643,-0.05700000000000005,-1.0,0.0,0.0,-0.2677956716570902,1.0,3.0,2.0,0.0,1.0,1.0,0.005960292884092,0.00594661701763135,0.0,1.0,1.0,2.0,2.0,0.0,3,1,0,1,2,12086,25922,2106,21701,2106,0,-0.0,1,1,,,,,0,0.07902092341690624,0.021296618542527863,deg_n_celltypes_sig=3 (+0.48); cc_cross_compartment_edges=2 (+0.34); cc_n_cells_e1=1.21e+04 (+0.14),novel
1240,PSAP,cycling_tumor,IDH_WT,tumor,0.0,0.0,0.0,0.0,,,0.0,0.0,0.0,0.0,,0.0,0.0,2.0,0.0,1.0,1.0,0.0023740659443612,0.0017510849844291,0.0,1.0,1.0,0.0,2.0,0.0,9,1,0,1,5,6410,814,5847,663,663,0,0.0,0,0,,,,,0,0.07810301941054586,0.019762391738497195,cc_n_cells_e1=6.41e+03 (+0.12); cc_n_cells_e2=814 (+0.05); deg_pooled_log2fc=nan (+0.03),novel
1241,HLA-DQA1,cycling_tumor,IDH_WT,tumor,1.0,-4.746705362321017,4.746705362321017,15.829126599692925,0.011,0.137,-0.126,-1.0,0.0,0.0,-4.588889315734522,1.0,2.0,0.0,0.0,0.0,0.0,0.0,0.0,,0.0,0.0,0.0,0.0,,4,1,0,1,1,6410,814,5847,663,663,0,-0.0,0,0,,,,,0,0.07748588123246783,0.04262789436188661,cc_n_cells_e1=6.41e+03 (+0.12); deg_pct_e1=0.137 (+0.09); cc_n_celltypes_total=1 (+0.07),novel
1242,MRC1,T cell,IDH_WT,T_cell,0.0,0.0,0.0,0.0,,,0.0,0.0,0.0,0.0,,0.0,0.0,0.0,0.0,0.0,0.0,0.0,0.0,,0.0,0.0,0.0,0.0,,4,0,1,1,1,2662,1463,1681,1118,1118,0,0.0,0,0,,,,,0,0.07710858973130981,0.01986565057545897,cc_is_ligand=0 (+0.22); cc_n_celltypes_total=1 (+0.09); cc_edges_e2=0 (+0.04),novel
1243,AXL,TAM1/TAM2/microglia,IDH_WT,TAM_microglia,0.0,0.0,0.0,0.0,,,0.0,0.0,0.0,0.0,,0.0,0.0,0.0,1.0,1.0,0.0,0.0038266213753899,0.0038266213753899,0.0,1.0,1.0,0.0,1.0,1.0,1,0,1,1,1,12086,25922,9696,2745,2745,0,0.0,0,0,2.0,"TAM_microglia,tumor",myeloid_bridge,TAM receptor family (pathway-level),0,0.07696850245325336,0.027503414717424415,cc_n_cells_e1=1.21e+04 (+0.10); cc_is_ligand=0 (+0.10); cc_n_celltypes_total=1 (+0.06),literature tier 2 (unlabeled)
1244,CDH2,T cell,IDH_WT,T_cell,0.0,0.0,0.0,0.0,,,0.0,0.0,0.0,0.0,,0.0,1.0,0.0,0.0,0.0,0.0,0.0,0.0,,0.0,0.0,0.0,0.0,,32,1,1,1,3,2662,1463,1681,1118,1118,0,0.0,0,0,,,,,0,0.07649316105856799,0.017892271145772028,cc_edges_e2=0 (+0.04); cc_max_prob=0 (+0.03); deg_pooled_log2fc=nan (+0.03),novel
1245,TGFBR1,T cell,IDH_Mutant,T_cell,0.0,0.0,0.0,0.0,,,0.0,0.0,0.0,0.0,,0.0,2.0,0.0,0.0,0.0,0.0,0.0,0.0,,0.0,0.0,0.0,0.0,,4,0,1,1,1,2662,1463,941,334,334,0,0.0,1,0,,,,,0,0.07644676799794681,0.046934329941387035,cc_is_ligand=0 (+0.26); cc_n_celltypes_total=1 (+0.09); cc_edges_e2=0 (+0.04),novel
1246,HLA-DMB,cycling_tumor,IDH_WT,tumor,1.0,-7.140410700892755,7.140410700892755,18.336986567521397,0.003,0.138,-0.135,-1.0,1.0,1.0,-6.1258997909701325,1.0,1.0,0.0,0.0,0.0,0.0,0.0,0.0,,0.0,0.0,0.0,0.0,,4,1,0,1,1,6410,814,5847,663,663,0,-0.0,0,0,,,,,0,0.0760947866378427,0.04945876131609254,cc_n_cells_e1=6.41e+03 (+0.11); cc_n_celltypes_total=1 (+0.07); deg_pct_e1=0.138 (+0.06),novel
1247,CDH2,T cell,IDH_Mutant,T_cell,0.0,0.0,0.0,0.0,,,0.0,0.0,0.0,0.0,,0.0,1.0,0.0,0.0,0.0,0.0,0.0,0.0,,0.0,0.0,0.0,0.0,,32,1,1,1,3,2662,1463,941,334,334,0,0.0,1,0,,,,,0,0.07593576043341585,0.018639129597435956,cc_edges_e2=0 (+0.04); cc_max_prob=0 (+0.03); deg_pooled_log2fc=nan (+0.03),novel
1248,LGALS9,TAM1/TAM2/microglia,IDH_WT,TAM_microglia,1.0,0.3557137866024683,0.3557137866024683,9.642147284133971,0.29,0.215,0.07499999999999998,1.0,0.0,0.0,,0.0,1.0,13.0,0.0,13.0,0.0,0.0161731728416982,0.006557732812207392,0.0,1.0,4.0,8.0,13.0,1.0,13,1,0,1,1,12086,25922,9696,2745,2745,0,1.0,0,1,2.0,"tumor,TAM_microglia",immune_synapse,HAVCR2 ligand (pathway-level),0,0.07579105390619631,0.03297245232467396,cc_cross_compartment_edges=8 (+0.38); deg_pct_diff=0.075 (+0.13); cc_n_cells_e1=1.21e+04 (+0.11),literature tier 2 (unlabeled)
1249,P4HB,T cell,IDH_WT,T_cell,0.0,0.0,0.0,0.0,,,0.0,0.0,0.0,0.0,,0.0,2.0,0.0,0.0,0.0,0.0,0.0,0.0,,0.0,0.0,0.0,0.0,,5,0,1,1,3,2662,1463,1681,1118,1118,0,0.0,0,0,,,,,0,0.07559159876026675,0.020261038802306203,cc_is_ligand=0 (+0.26); cc_edges_e2=0 (+0.04); cc_max_prob=0 (+0.03),novel
1250,ENTPD1,OPC_GABA_like_tumor,IDH_WT,tumor,0.0,0.0,0.0,0.0,,,0.0,0.0,0.0,0.0,,0.0,1.0,0.0,0.0,0.0,0.0,0.0,0.0,,0.0,0.0,0.0,0.0,,4,1,1,1,1,6741,14114,5040,1935,1935,0,0.0,0,0,1.0,TAM_microglia,myeloid_bridge,"Takenaka et al., Nat Neurosci 2019",0,0.0752817496420807,0.01590751759187335,cc_n_cells_e1=6.74e+03 (+0.12); cc_n_celltypes_total=1 (+0.07); cc_edges_e2=0 (+0.04),"literature gene, other compartment"
1251,ENTPD1,OPC_GABA_like_tumor,IDH_Mutant,tumor,0.0,0.0,0.0,0.0,,,0.0,0.0,0.0,0.0,,0.0,1.0,0.0,0.0,0.0,0.0,0.0,0.0,,0.0,0.0,0.0,0.0,,4,1,1,1,1,6741,14114,1658,11741,1658,0,0.0,1,0,1.0,TAM_microglia,myeloid_bridge,"Takenaka et al., Nat Neurosci 2019",0,0.07520073304525739,0.017148439350566435,cc_n_cells_e1=6.74e+03 (+0.12); cc_n_celltypes_total=1 (+0.07); cc_edges_e2=0 (+0.04),"literature gene, other compartment"
1252,TNFRSF1A,TAM1/TAM2/microglia,IDH_WT,TAM_microglia,1.0,0.2563705336594064,0.2563705336594064,9.384461729052925,0.265,0.192,0.07300000000000001,1.0,0.0,0.0,0.8009924373378859,1.0,1.0,0.0,1.0,1.0,0.0,0.0056018898340466,0.0056018898340466,0.0,1.0,1.0,0.0,1.0,1.0,1,0,1,1,1,12086,25922,9696,2745,2745,0,1.0,0,1,,,,,0,0.07500649388624964,0.023331845570459437,deg_pct_diff=0.073 (+0.13); cc_is_ligand=0 (+0.13); cc_n_cells_e1=1.21e+04 (+0.11),novel
1253,HLA-DMB,TAM1/TAM2/microglia,IDH_WT,TAM_microglia,0.0,0.0,0.0,0.0,,,0.0,0.0,0.0,0.0,,0.0,1.0,4.0,0.0,2.0,2.0,0.0046828301407175,0.002460909781326619,0.0,1.0,1.0,0.0,4.0,0.0,4,1,0,1,1,12086,25922,9696,2745,2745,0,0.0,0,0,,,,,0,0.07489450966573297,0.03292447504110202,cc_n_cells_e1=1.21e+04 (+0.12); cc_n_celltypes_total=1 (+0.06); deg_pooled_log2fc=nan (+0.03),novel
1254,GRN,cycling_tumor,IDH_Mutant,tumor,1.0,-3.3390010043527902,3.3390010043527902,2.1072722592230684,0.132,0.341,-0.20900000000000002,-1.0,1.0,1.0,-0.8381617394508267,1.0,3.0,1.0,0.0,1.0,0.0,0.0010429007073132,0.0010429007073132,0.0,1.0,1.0,0.0,1.0,1.0,3,1,0,1,2,6410,814,270,136,136,0,-1.0,1,1,,,,,0,0.07459390140310332,0.025519132922347306,deg_n_celltypes_sig=3 (+0.35); cc_n_cells_e1=6.41e+03 (+0.14); cc_n_cells_e2=814 (+0.04),novel
1255,MRC1,T cell,IDH_Mutant,T_cell,0.0,0.0,0.0,0.0,,,0.0,0.0,0.0,0.0,,0.0,0.0,0.0,0.0,0.0,0.0,0.0,0.0,,0.0,0.0,0.0,0.0,,4,0,1,1,1,2662,1463,941,334,334,0,0.0,1,0,,,,,0,0.07444886037091163,0.02160774801380541,cc_is_ligand=0 (+0.22); cc_n_celltypes_total=1 (+0.09); cc_edges_e2=0 (+0.04),novel
1256,ITGB8,cycling_tumor,IDH_WT,tumor,0.0,0.0,0.0,0.0,,,0.0,0.0,0.0,0.0,,0.0,0.0,0.0,1.0,1.0,0.0,0.0013090159462151,0.0013090159462151,0.0,1.0,1.0,0.0,1.0,1.0,3,0,1,1,2,6410,814,5847,663,663,0,0.0,0,0,,,,,0,0.07396203378473194,0.014559041023420063,cc_is_ligand=0 (+0.22); cc_n_cells_e1=6.41e+03 (+0.11); cc_n_cells_e2=814 (+0.05),novel
1257,CADM1,OPC_GABA_AC_like_tumor,IDH_WT,tumor,0.0,0.0,0.0,0.0,,,0.0,0.0,0.0,0.0,,0.0,1.0,0.0,0.0,0.0,0.0,0.0,0.0,,0.0,0.0,0.0,0.0,,32,1,1,1,3,6202,1012,5384,171,171,0,0.0,0,0,,,,,0,0.07386378849740349,0.05404727593705328,cc_n_cells_e1=6.2e+03 (+0.13); cc_n_cells_e2=1.01e+03 (+0.05); cc_edges_e2=0 (+0.04),novel
1258,GRN,TAM1/TAM2/microglia,IDH_WT,TAM_microglia,0.0,0.0,0.0,0.0,,,0.0,0.0,0.0,0.0,,0.0,1.0,2.0,0.0,1.0,1.0,0.005960292884092,0.00594661701763135,0.0,1.0,1.0,2.0,2.0,0.0,3,1,0,1,2,12086,25922,9696,2745,2745,0,0.0,0,0,,,,,0,0.07313963956014098,0.013255470635335949,cc_cross_compartment_edges=2 (+0.33); cc_n_cells_e1=1.21e+04 (+0.13); deg_pooled_log2fc=nan (+0.03),novel
1259,ITGB8,T cell,IDH_Mutant,T_cell,0.0,0.0,0.0,0.0,,,0.0,0.0,0.0,0.0,,0.0,2.0,0.0,0.0,0.0,0.0,0.0,0.0,,0.0,0.0,0.0,0.0,,3,0,1,1,2,2662,1463,941,334,334,0,0.0,1,0,,,,,0,0.07236674117045575,0.025042492978232037,cc_is_ligand=0 (+0.26); cc_edges_e2=0 (+0.04); cc_max_prob=0 (+0.03),novel
1260,PSAP,OPC_GABA_like_tumor,IDH_WT,tumor,0.0,0.0,0.0,0.0,,,0.0,0.0,0.0,0.0,,0.0,0.0,2.0,0.0,1.0,1.0,0.0022598039211921,0.0019001285955775999,0.0,1.0,1.0,0.0,2.0,0.0,9,1,0,1,5,6741,14114,5040,1935,1935,0,0.0,0,0,,,,,0,0.07219436735670161,0.017589733074103255,cc_n_cells_e1=6.74e+03 (+0.12); deg_pooled_log2fc=nan (+0.03); cc_max_pval=0 (+0.03),novel
1261,PSAP,OPC_GABA_like_tumor,IDH_Mutant,tumor,1.0,-1.3612885720879864,1.3612885720879864,150.07892328767193,0.449,0.698,-0.24899999999999994,-1.0,0.0,0.0,-0.911250745259244,1.0,3.0,2.0,0.0,1.0,1.0,0.0022598039211921,0.0019001285955775999,0.0,1.0,1.0,0.0,2.0,0.0,9,1,0,1,5,6741,14114,1658,11741,1658,0,-0.0,1,1,,,,,0,0.07194615457906475,0.01026349452996208,deg_n_celltypes_sig=3 (+0.38); cc_n_cells_e1=6.74e+03 (+0.14); deg_neglog10_padj=150 (+0.06),novel
1262,PTPRC,T cell,IDH_Mutant,T_cell,1.0,-0.6311738239259213,0.6311738239259213,5.434409448048717,0.728,0.818,-0.08999999999999997,-1.0,1.0,1.0,-0.7802312468627823,1.0,2.0,2.0,2.0,2.0,2.0,0.0190396652672054,0.015650702062507026,0.0,2.0,1.0,4.0,4.0,0.0,8,1,1,2,2,2662,1463,941,334,334,0,-0.0,1,1,,,,,0,0.07152391477390033,0.023043299888567525,cc_cross_compartment_edges=4 (+0.43); cc_edges_e2=2 (+0.04); deg_abs_log2fc=0.631 (+0.03),novel
1263,PDGFA,cycling_tumor,IDH_Mutant,tumor,0.0,0.0,0.0,0.0,,,0.0,0.0,0.0,0.0,,0.0,1.0,3.0,0.0,3.0,0.0,0.0039862277869608,0.002852574179893333,0.0,1.0,3.0,0.0,3.0,1.0,3,1,0,1,1,6410,814,270,136,136,0,0.0,1,0,,,,,0,0.07147334569037118,0.03791487449313293,cc_n_cells_e1=6.41e+03 (+0.12); cc_n_celltypes_total=1 (+0.07); cc_n_cells_e2=814 (+0.04),novel
1264,HLA-DQB1,TAM1/TAM2/microglia,IDH_Mutant,TAM_microglia,1.0,-1.6316148284320091,1.6316148284320091,134.0464141805525,0.475,0.681,-0.20600000000000007,-1.0,0.0,0.0,-1.3977999715061902,1.0,2.0,4.0,0.0,2.0,2.0,0.018298993149735,0.00788969711259746,0.0,1.0,1.0,0.0,4.0,0.0,6,1,0,1,2,12086,25922,2106,21701,2106,0,-0.0,1,1,,,,,0,0.07092165583001069,0.03316267015252107,cc_n_cells_e1=1.21e+04 (+0.13); deg_neglog10_padj=134 (+0.07); cc_edges_e2=2 (+0.04),novel
1265,ITGB8,TAM1/TAM2/microglia,IDH_WT,TAM_microglia,0.0,0.0,0.0,0.0,,,0.0,0.0,0.0,0.0,,0.0,0.0,0.0,0.0,0.0,0.0,0.0,0.0,,0.0,0.0,0.0,0.0,,3,0,1,1,2,12086,25922,9696,2745,2745,0,0.0,0,0,,,,,0,0.07090321660006088,0.022759309142423575,cc_is_ligand=0 (+0.17); cc_n_cells_e1=1.21e+04 (+0.11); cc_edges_e2=0 (+0.04),novel
1266,HBEGF,T cell,IDH_Mutant,T_cell,0.0,0.0,0.0,0.0,,,0.0,0.0,0.0,0.0,,0.0,0.0,0.0,0.0,0.0,0.0,0.0,0.0,,0.0,0.0,0.0,0.0,,7,1,0,1,1,2662,1463,941,334,334,0,0.0,1,0,,,,,0,0.07064835160284513,0.03588733753411129,cc_n_celltypes_total=1 (+0.08); cc_edges_e2=0 (+0.04); cc_max_prob=0 (+0.03),novel
1267,CNTN1,T cell,IDH_WT,T_cell,0.0,0.0,0.0,0.0,,,0.0,0.0,0.0,0.0,,0.0,4.0,0.0,0.0,0.0,0.0,0.0,0.0,,0.0,0.0,0.0,0.0,,16,1,0,1,2,2662,1463,1681,1118,1118,0,0.0,0,0,2.0,tumor,neuron_tumor,Synaptic adhesion (pathway-level),0,0.07030693340916719,0.03631516788576869,deg_n_celltypes_sig=4 (+0.51); deg_pooled_log2fc=nan (+0.04); cc_max_prob=0 (+0.03),"literature gene, other compartment"
1268,TGFB1,T cell,IDH_Mutant,T_cell,0.0,0.0,0.0,0.0,,,0.0,0.0,0.0,0.0,,0.0,1.0,0.0,0.0,0.0,0.0,0.0,0.0,,0.0,0.0,0.0,0.0,,4,1,0,1,1,2662,1463,941,334,334,0,0.0,1,0,2.0,"tumor,TAM_microglia",immune_synapse,Immunosuppressive cytokine (pathway-level),0,0.06999519256358869,0.026370099428971682,cc_n_celltypes_total=1 (+0.09); cc_edges_e2=0 (+0.04); cc_max_prob=0 (+0.03),"literature gene, other compartment"
1269,SLC1A1,T cell,IDH_WT,T_cell,0.0,0.0,0.0,0.0,,,0.0,0.0,0.0,0.0,,0.0,2.0,0.0,0.0,0.0,0.0,0.0,0.0,,0.0,0.0,0.0,0.0,,13,1,0,1,1,2662,1463,1681,1118,1118,0,0.0,0,0,,,,,0,0.0693550021865384,0.042446832859936647,cc_n_celltypes_total=1 (+0.08); cc_edges_e2=0 (+0.04); deg_pooled_log2fc=nan (+0.03),novel
1270,MDK,T cell,IDH_WT,T_cell,0.0,0.0,0.0,0.0,,,0.0,0.0,0.0,0.0,,0.0,2.0,0.0,0.0,0.0,0.0,0.0,0.0,,0.0,0.0,0.0,0.0,,28,1,0,1,1,2662,1463,1681,1118,1118,0,0.0,0,0,,,,,0,0.06893370957997233,0.02574782268991605,cc_n_celltypes_total=1 (+0.08); cc_edges_e2=0 (+0.04); cc_max_prob=0 (+0.03),novel
1271,P4HB,TAM1/TAM2/microglia,IDH_WT,TAM_microglia,1.0,-0.5629102175258354,0.5629102175258354,2.315406836498125,0.285,0.317,-0.03200000000000003,-1.0,0.0,0.0,-0.8764560737777898,1.0,2.0,0.0,1.0,0.0,1.0,0.0024062850263849,0.0024062850263849,0.0,1.0,1.0,0.0,1.0,-1.0,5,0,1,1,3,12086,25922,9696,2745,2745,0,1.0,0,1,,,,,0,0.06882233855191988,0.009184927750050071,cc_is_ligand=0 (+0.24); cc_n_cells_e1=1.21e+04 (+0.13); cc_edges_e2=0 (+0.04),novel
1272,SLC1A1,T cell,IDH_Mutant,T_cell,0.0,0.0,0.0,0.0,,,0.0,0.0,0.0,0.0,,0.0,1.0,0.0,0.0,0.0,0.0,0.0,0.0,,0.0,0.0,0.0,0.0,,13,1,0,1,1,2662,1463,941,334,334,0,0.0,1,0,,,,,0,0.06842668806759578,0.041868067705489065,cc_n_celltypes_total=1 (+0.08); cc_edges_e2=0 (+0.04); deg_pooled_log2fc=nan (+0.03),novel
1273,SLC1A3,cycling_tumor,IDH_Mutant,tumor,0.0,0.0,0.0,0.0,,,0.0,0.0,0.0,0.0,,0.0,3.0,13.0,0.0,13.0,0.0,0.0180971001094363,0.004356891598256588,0.0,1.0,4.0,0.0,13.0,1.0,26,1,0,1,2,6410,814,270,136,136,0,0.0,1,0,,,,,0,0.06797436015607775,0.008247685311811692,deg_n_celltypes_sig=3 (+0.58); cc_n_cells_e1=6.41e+03 (+0.14); cc_n_cells_e2=814 (+0.05),novel
1274,COL9A1,AC_like_tumor,IDH_Mutant,tumor,0.0,0.0,0.0,0.0,,,0.0,0.0,0.0,0.0,,0.0,0.0,0.0,0.0,0.0,0.0,0.0,0.0,,0.0,0.0,0.0,0.0,,5,1,0,1,1,72549,446,4249,283,283,0,0.0,1,0,,,,,0,0.06758510118809312,0.045325050825057424,cc_n_cells_e1=7.25e+04 (+0.11); cc_n_celltypes_total=1 (+0.07); cc_n_cells_e2=446 (+0.04),novel
1275,NRXN2,OPC_GABA_like_tumor,IDH_WT,tumor,0.0,0.0,0.0,0.0,,,0.0,0.0,0.0,0.0,,0.0,1.0,10.0,0.0,10.0,0.0,0.0021343800502624,0.0013051518474101863,0.0,1.0,3.0,0.0,10.0,1.0,10,1,0,1,1,6741,14114,5040,1935,1935,0,0.0,0,0,,,,,0,0.06733267194684686,0.0331150275824067,cc_n_cells_e1=6.74e+03 (+0.12); cc_n_celltypes_total=1 (+0.06); deg_pooled_log2fc=nan (+0.03),novel
1276,HLA-DQB1,T cell,IDH_Mutant,T_cell,0.0,0.0,0.0,0.0,,,0.0,0.0,0.0,0.0,,0.0,2.0,0.0,0.0,0.0,0.0,0.0,0.0,,0.0,0.0,0.0,0.0,,6,1,0,1,2,2662,1463,941,334,334,0,0.0,1,0,,,,,0,0.06687390615650242,0.041600182903621746,cc_edges_e2=0 (+0.04); cc_max_prob=0 (+0.03); deg_pooled_log2fc=nan (+0.03),novel
1277,P4HB,TAM1/TAM2/microglia,IDH_Mutant,TAM_microglia,0.0,0.0,0.0,0.0,,,0.0,0.0,0.0,0.0,,0.0,0.0,0.0,1.0,0.0,1.0,0.0024062850263849,0.0024062850263849,0.0,1.0,1.0,0.0,1.0,-1.0,5,0,1,1,3,12086,25922,2106,21701,2106,0,-0.0,1,0,,,,,0,0.06614277530023335,0.02522653172175575,cc_is_ligand=0 (+0.16); cc_n_cells_e1=1.21e+04 (+0.11); cc_edges_e2=0 (+0.04),novel
1278,NLGN3,OPC_GABA_like_tumor,IDH_Mutant,tumor,1.0,0.7668658050127499,0.7668658050127499,7.131321079464726,0.192,0.125,0.067,1.0,1.0,1.0,0.735934578812126,1.0,2.0,0.0,0.0,0.0,0.0,0.0,0.0,,0.0,0.0,0.0,0.0,,6,0,1,1,1,6741,14114,1658,11741,1658,0,0.0,1,0,1.0,tumor,neuron_tumor,"Venkatesh et al., Cell 2015; Venkatesh et al., Nature 2017",1,0.06592341895840452,0.013476125153225459,deg_log2fc=0.767 (+0.42); cc_is_ligand=0 (+0.34); cc_edges_total=6 (+0.18),literature tier 1 (label)
1279,COL9A1,OPC_GABA_AC_like_tumor,IDH_Mutant,tumor,0.0,0.0,0.0,0.0,,,0.0,0.0,0.0,0.0,,0.0,0.0,0.0,0.0,0.0,0.0,0.0,0.0,,0.0,0.0,0.0,0.0,,5,1,0,1,1,6202,1012,352,742,352,0,0.0,1,0,,,,,0,0.0656530034337468,0.04372585055188876,cc_n_cells_e1=6.2e+03 (+0.11); cc_n_celltypes_total=1 (+0.07); cc_n_cells_e2=1.01e+03 (+0.04),novel
1280,SLC1A3,T cell,IDH_Mutant,T_cell,0.0,0.0,0.0,0.0,,,0.0,0.0,0.0,0.0,,0.0,3.0,0.0,0.0,0.0,0.0,0.0,0.0,,0.0,0.0,0.0,0.0,,26,1,0,1,2,2662,1463,941,334,334,0,0.0,1,0,,,,,0,0.0656252209923792,0.02898786243290378,deg_n_celltypes_sig=3 (+0.46); deg_pooled_log2fc=nan (+0.04); cc_max_prob=0 (+0.03),novel
1281,TGFB1,TAM1/TAM2/microglia,IDH_Mutant,TAM_microglia,0.0,0.0,0.0,0.0,,,0.0,0.0,0.0,0.0,,0.0,1.0,4.0,0.0,2.0,2.0,0.0050238491740621,0.003124057670555575,0.0,1.0,1.0,0.0,4.0,0.0,4,1,0,1,1,12086,25922,2106,21701,2106,0,0.0,1,0,2.0,"tumor,TAM_microglia",immune_synapse,Immunosuppressive cytokine (pathway-level),0,0.06503382082388706,0.03690399687464065,cc_n_cells_e1=1.21e+04 (+0.12); cc_n_celltypes_total=1 (+0.06); deg_pooled_log2fc=nan (+0.03),literature tier 2 (unlabeled)
1282,MDK,T cell,IDH_Mutant,T_cell,0.0,0.0,0.0,0.0,,,0.0,0.0,0.0,0.0,,0.0,1.0,0.0,0.0,0.0,0.0,0.0,0.0,,0.0,0.0,0.0,0.0,,28,1,0,1,1,2662,1463,941,334,334,0,0.0,1,0,,,,,0,0.06445086883778972,0.02818995493118913,cc_n_celltypes_total=1 (+0.08); cc_edges_e2=0 (+0.04); cc_max_prob=0 (+0.03),novel
1283,DLL1,T cell,IDH_WT,T_cell,0.0,0.0,0.0,0.0,,,0.0,0.0,0.0,0.0,,0.0,2.0,0.0,0.0,0.0,0.0,0.0,0.0,,0.0,0.0,0.0,0.0,,4,1,0,1,2,2662,1463,1681,1118,1118,0,0.0,0,0,,,,,0,0.06339651442028629,0.02404023240983833,cc_edges_e2=0 (+0.04); cc_max_prob=0 (+0.03); deg_pooled_log2fc=nan (+0.03),novel
1284,NOTCH1,T cell,IDH_Mutant,T_cell,0.0,0.0,0.0,0.0,,,0.0,0.0,0.0,0.0,,0.0,0.0,0.0,0.0,0.0,0.0,0.0,0.0,,0.0,0.0,0.0,0.0,,16,0,1,2,2,2662,1463,941,334,334,0,0.0,1,0,2.0,tumor,growth,Notch pathway (pathway-level),0,0.06314432772882775,0.024750865423586035,cc_is_ligand=0 (+0.29); cc_edges_e2=0 (+0.04); cc_max_prob=0 (+0.03),"literature gene, other compartment"
1285,LAIR1,TAM1/TAM2/microglia,IDH_WT,TAM_microglia,1.0,0.2850417929534868,0.2850417929534868,10.426820846711482,0.327,0.244,0.08300000000000002,1.0,1.0,0.0,0.2810806141206695,1.0,1.0,4.0,0.0,2.0,2.0,0.0042054497069747,0.0031089893414732502,0.0,1.0,1.0,0.0,4.0,0.0,4,1,0,1,1,12086,25922,9696,2745,2745,0,0.0,0,1,,,,,0,0.062411996374561664,0.050948878681824884,deg_pct_diff=0.083 (+0.14); cc_n_cells_e1=1.21e+04 (+0.11); cc_n_celltypes_total=1 (+0.05),novel
1286,JAM3,T cell,IDH_Mutant,T_cell,0.0,0.0,0.0,0.0,,,0.0,0.0,0.0,0.0,,0.0,1.0,0.0,0.0,0.0,0.0,0.0,0.0,,0.0,0.0,0.0,0.0,,3,1,1,1,1,2662,1463,941,334,334,0,0.0,1,0,,,,,0,0.06184115234806966,0.029169673713935605,cc_n_celltypes_total=1 (+0.09); cc_edges_e2=0 (+0.04); cc_max_prob=0 (+0.03),novel
1287,GRN,T cell,IDH_WT,T_cell,0.0,0.0,0.0,0.0,,,0.0,0.0,0.0,0.0,,0.0,1.0,0.0,0.0,0.0,0.0,0.0,0.0,,0.0,0.0,0.0,0.0,,3,1,0,1,2,2662,1463,1681,1118,1118,0,0.0,0,0,,,,,0,0.06179333583436436,0.031384658537961796,cc_edges_e2=0 (+0.04); cc_max_prob=0 (+0.03); deg_pooled_log2fc=nan (+0.03),novel
1288,PTGES3,TAM1/TAM2/microglia,IDH_Mutant,TAM_microglia,0.0,0.0,0.0,0.0,,,0.0,0.0,0.0,0.0,,0.0,0.0,2.0,0.0,1.0,1.0,0.0070705546616578,0.00699289006561315,0.0,1.0,1.0,0.0,2.0,0.0,13,1,0,1,7,12086,25922,2106,21701,2106,0,0.0,1,0,,,,,0,0.0607931844683395,0.01704420518548981,cc_n_cells_e1=1.21e+04 (+0.12); deg_pooled_log2fc=nan (+0.03); cc_edges_e2=1 (+0.03),novel
1289,HLA-DRB5,TAM1/TAM2/microglia,IDH_Mutant,TAM_microglia,1.0,-1.110183303055599,1.110183303055599,231.84779931643314,0.489,0.829,-0.33999999999999997,-1.0,1.0,1.0,-0.7115592963088431,1.0,3.0,4.0,0.0,2.0,2.0,0.0153299905391955,0.005800008038656948,0.0,1.0,1.0,0.0,4.0,0.0,4,1,0,1,1,12086,25922,2106,21701,2106,0,-0.0,1,1,,,,,0,0.060534911226476217,0.03165279906038174,deg_n_celltypes_sig=3 (+0.35); cc_n_cells_e1=1.21e+04 (+0.13); deg_neglog10_padj=232 (+0.08),novel
1290,DLL3,T cell,IDH_WT,T_cell,0.0,0.0,0.0,0.0,,,0.0,0.0,0.0,0.0,,0.0,4.0,0.0,0.0,0.0,0.0,0.0,0.0,,0.0,0.0,0.0,0.0,,8,1,0,1,4,2662,1463,1681,1118,1118,0,0.0,0,0,1.0,tumor,growth,"Spino et al., Clin Cancer Res 2019 (IDH-mutant glioma)",0,0.06044880216705171,0.02719023984252659,deg_n_celltypes_sig=4 (+0.54); deg_pooled_log2fc=nan (+0.04); cc_max_prob=0 (+0.03),"literature gene, other compartment"
1291,ITGAX,T cell,IDH_WT,T_cell,0.0,0.0,0.0,0.0,,,0.0,0.0,0.0,0.0,,0.0,1.0,0.0,0.0,0.0,0.0,0.0,0.0,,0.0,0.0,0.0,0.0,,4,0,1,2,1,2662,1463,1681,1118,1118,0,0.0,0,0,,,,,0,0.060438881041357376,0.009182258433192508,cc_is_ligand=0 (+0.23); cc_n_celltypes_total=1 (+0.09); cc_edges_e2=0 (+0.04),novel
1292,DLL3,T cell,IDH_Mutant,T_cell,0.0,0.0,0.0,0.0,,,0.0,0.0,0.0,0.0,,0.0,4.0,0.0,0.0,0.0,0.0,0.0,0.0,,0.0,0.0,0.0,0.0,,8,1,0,1,4,2662,1463,941,334,334,0,0.0,1,0,1.0,tumor,growth,"Spino et al., Clin Cancer Res 2019 (IDH-mutant glioma)",0,0.06021120296182371,0.027423786166242504,deg_n_celltypes_sig=4 (+0.54); deg_pooled_log2fc=nan (+0.04); cc_max_prob=0 (+0.03),"literature gene, other compartment"
1293,HLA-DQB1,T cell,IDH_WT,T_cell,0.0,0.0,0.0,0.0,,,0.0,0.0,0.0,0.0,,0.0,1.0,0.0,0.0,0.0,0.0,0.0,0.0,,0.0,0.0,0.0,0.0,,6,1,0,1,2,2662,1463,1681,1118,1118,0,0.0,0,0,,,,,0,0.06012386995537413,0.037729746920041794,cc_edges_e2=0 (+0.04); cc_max_prob=0 (+0.03); deg_pooled_log2fc=nan (+0.03),novel
1294,HLA-DRB5,T cell,IDH_WT,T_cell,0.0,0.0,0.0,0.0,,,0.0,0.0,0.0,0.0,,0.0,2.0,0.0,0.0,0.0,0.0,0.0,0.0,,0.0,0.0,0.0,0.0,,4,1,0,1,1,2662,1463,1681,1118,1118,0,0.0,0,0,,,,,0,0.06011765258729057,0.04025845293485352,cc_n_celltypes_total=1 (+0.09); cc_edges_e2=0 (+0.04); cc_max_prob=0 (+0.03),novel
1295,TGFB1,T cell,IDH_WT,T_cell,0.0,0.0,0.0,0.0,,,0.0,0.0,0.0,0.0,,0.0,0.0,0.0,0.0,0.0,0.0,0.0,0.0,,0.0,0.0,0.0,0.0,,4,1,0,1,1,2662,1463,1681,1118,1118,0,0.0,0,0,2.0,"tumor,TAM_microglia",immune_synapse,Immunosuppressive cytokine (pathway-level),0,0.060098082297116474,0.02301090934940412,cc_n_celltypes_total=1 (+0.09); cc_edges_e2=0 (+0.04); cc_max_prob=0 (+0.03),"literature gene, other compartment"
1296,CDH2,OPC_GABA_like_tumor,IDH_Mutant,tumor,0.0,0.0,0.0,0.0,,,0.0,0.0,0.0,0.0,,0.0,1.0,8.0,8.0,8.0,8.0,0.0044510612440127,0.0024337427361116625,0.0,1.0,3.0,0.0,16.0,0.0,32,1,1,1,3,6741,14114,1658,11741,1658,0,0.0,1,0,,,,,0,0.05912603997766701,0.013670816557750988,cc_n_cells_e1=6.74e+03 (+0.11); deg_pooled_log2fc=nan (+0.03); cc_edges_e1=8 (+0.03),novel
1297,TNF,T cell,IDH_Mutant,T_cell,0.0,0.0,0.0,0.0,,,0.0,0.0,0.0,0.0,,0.0,1.0,0.0,0.0,0.0,0.0,0.0,0.0,,0.0,0.0,0.0,0.0,,3,1,0,1,1,2662,1463,941,334,334,0,0.0,1,0,,,,,0,0.059102715507274285,0.035398028705512966,cc_n_celltypes_total=1 (+0.09); cc_edges_e2=0 (+0.04); cc_max_prob=0 (+0.03),novel
1298,TNF,T cell,IDH_WT,T_cell,0.0,0.0,0.0,0.0,,,0.0,0.0,0.0,0.0,,0.0,1.0,0.0,0.0,0.0,0.0,0.0,0.0,,0.0,0.0,0.0,0.0,,3,1,0,1,1,2662,1463,1681,1118,1118,0,0.0,0,0,,,,,0,0.059012371870860156,0.03482684037963593,cc_n_celltypes_total=1 (+0.09); cc_edges_e2=0 (+0.04); cc_max_prob=0 (+0.03),novel
1299,COL9A1,OPC_GABA_like_tumor,IDH_Mutant,tumor,0.0,0.0,0.0,0.0,,,0.0,0.0,0.0,0.0,,0.0,0.0,0.0,0.0,0.0,0.0,0.0,0.0,,0.0,0.0,0.0,0.0,,5,1,0,1,1,6741,14114,1658,11741,1658,0,0.0,1,0,,,,,0,0.05849330694907593,0.03736147737934839,cc_n_cells_e1=6.74e+03 (+0.11); cc_n_celltypes_total=1 (+0.07); cc_edges_e2=0 (+0.04),novel
1300,GRN,cycling_tumor,IDH_WT,tumor,1.0,-0.6135540612557138,0.6135540612557138,14.200364024251824,0.43,0.207,0.223,-1.0,1.0,1.0,-0.8381617394508267,1.0,1.0,1.0,0.0,1.0,0.0,0.0010429007073132,0.0010429007073132,0.0,1.0,1.0,0.0,1.0,1.0,3,1,0,1,2,6410,814,5847,663,663,0,-1.0,0,1,,,,,0,0.057733491426453135,0.014756052887864609,deg_pct_diff=0.223 (+0.17); cc_n_cells_e1=6.41e+03 (+0.12); cc_n_cells_e2=814 (+0.04),novel
1301,MDK,cycling_tumor,IDH_Mutant,tumor,1.0,0.9113864741046732,0.9113864741046732,2.8696231249311794,0.257,0.059,0.198,1.0,1.0,0.0,-0.3739503020192844,1.0,1.0,28.0,0.0,28.0,0.0,0.0180550672770162,0.0065825254786666745,0.0,1.0,7.0,7.0,28.0,1.0,28,1,0,1,1,6410,814,270,136,136,0,1.0,1,1,,,,,0,0.056803339472280924,0.029043912088459627,deg_log2fc=0.911 (+0.45); cc_cross_compartment_edges=7 (+0.26); deg_pct_diff=0.198 (+0.16),novel
1302,NLGN3,T cell,IDH_WT,T_cell,0.0,0.0,0.0,0.0,,,0.0,0.0,0.0,0.0,,0.0,2.0,0.0,0.0,0.0,0.0,0.0,0.0,,0.0,0.0,0.0,0.0,,6,0,1,1,1,2662,1463,1681,1118,1118,0,0.0,0,0,1.0,tumor,neuron_tumor,"Venkatesh et al., Cell 2015; Venkatesh et al., Nature 2017",0,0.05650787557623429,0.018312115775512706,cc_is_ligand=0 (+0.33); cc_edges_total=6 (+0.10); cc_n_celltypes_total=1 (+0.08),"literature gene, other compartment"
1303,NLGN3,T cell,IDH_Mutant,T_cell,0.0,0.0,0.0,0.0,,,0.0,0.0,0.0,0.0,,0.0,2.0,0.0,0.0,0.0,0.0,0.0,0.0,,0.0,0.0,0.0,0.0,,6,0,1,1,1,2662,1463,941,334,334,0,0.0,1,0,1.0,tumor,neuron_tumor,"Venkatesh et al., Cell 2015; Venkatesh et al., Nature 2017",0,0.05644702604809565,0.017302735244247355,cc_is_ligand=0 (+0.33); cc_edges_total=6 (+0.10); cc_n_celltypes_total=1 (+0.08),"literature gene, other compartment"
1304,CDH2,OPC_GABA_like_tumor,IDH_WT,tumor,0.0,0.0,0.0,0.0,,,0.0,0.0,0.0,0.0,,0.0,1.0,8.0,8.0,8.0,8.0,0.0044510612440127,0.0024337427361116625,0.0,1.0,3.0,0.0,16.0,0.0,32,1,1,1,3,6741,14114,5040,1935,1935,0,0.0,0,0,,,,,0,0.05610318614844452,0.012780398977431256,cc_n_cells_e1=6.74e+03 (+0.11); deg_pooled_log2fc=nan (+0.03); cc_edges_e1=8 (+0.03),novel
1305,CADM1,TAM1/TAM2/microglia,IDH_WT,TAM_microglia,1.0,-0.8550974990046181,0.8550974990046181,15.726103602900293,0.156,0.234,-0.07800000000000001,-1.0,0.0,0.0,-3.180587124716535,1.0,1.0,0.0,0.0,0.0,0.0,0.0,0.0,,0.0,0.0,0.0,0.0,,32,1,1,1,3,12086,25922,9696,2745,2745,0,-0.0,0,0,,,,,0,0.05573771647714335,0.03185670459294852,cc_n_cells_e1=1.21e+04 (+0.12); deg_abs_log2fc=0.855 (+0.05); cc_edges_e2=0 (+0.04),novel
1306,CADM1,AC_like_tumor,IDH_Mutant,tumor,0.0,0.0,0.0,0.0,,,0.0,0.0,0.0,0.0,,0.0,2.0,4.0,4.0,8.0,0.0,0.0047318087990022,0.0033035204842957,0.0,1.0,3.0,0.0,8.0,1.0,32,1,1,1,3,72549,446,4249,283,283,0,0.0,1,0,,,,,0,0.055421437234572365,0.013237464360011691,cc_n_cells_e1=7.25e+04 (+0.14); cc_n_cells_e2=446 (+0.06); deg_pooled_log2fc=nan (+0.03),novel
1307,HLA-DQA1,TAM1/TAM2/microglia,IDH_WT,TAM_microglia,0.0,0.0,0.0,0.0,,,0.0,0.0,0.0,0.0,,0.0,2.0,4.0,0.0,2.0,2.0,0.0140740943328221,0.00499675499961522,0.0,1.0,1.0,0.0,4.0,0.0,4,1,0,1,1,12086,25922,9696,2745,2745,0,0.0,0,0,,,,,0,0.05488794474458347,0.025097348096609722,cc_n_cells_e1=1.21e+04 (+0.13); cc_n_celltypes_total=1 (+0.06); deg_pooled_log2fc=nan (+0.03),novel
1308,P4HB,T cell,IDH_Mutant,T_cell,0.0,0.0,0.0,0.0,,,0.0,0.0,0.0,0.0,,0.0,0.0,0.0,0.0,0.0,0.0,0.0,0.0,,0.0,0.0,0.0,0.0,,5,0,1,1,3,2662,1463,941,334,334,0,0.0,1,0,,,,,0,0.05400576879195592,0.015310094214217512,cc_is_ligand=0 (+0.22); cc_edges_e2=0 (+0.04); cc_max_prob=0 (+0.03),novel
1309,CADM1,OPC_GABA_like_tumor,IDH_Mutant,tumor,1.0,0.3166143080291086,0.3166143080291086,6.401929440123118,0.49,0.408,0.08200000000000002,1.0,0.0,0.0,,0.0,2.0,8.0,8.0,8.0,8.0,0.0116234274434474,0.006223641285348925,0.0,1.0,3.0,0.0,16.0,0.0,32,1,1,1,3,6741,14114,1658,11741,1658,0,0.0,1,1,,,,,0,0.053862605916673446,0.01503309111848678,deg_pct_diff=0.082 (+0.14); cc_n_cells_e1=6.74e+03 (+0.12); deg_pooled_log2fc=nan (+0.03),novel
1310,ANXA1,T cell,IDH_Mutant,T_cell,1.0,-1.4755624160204823,1.4755624160204823,13.02362697618783,0.389,0.615,-0.22599999999999998,-1.0,0.0,0.0,-0.7321958216918238,1.0,3.0,4.0,0.0,2.0,2.0,0.0086008858847479,0.007114231858496975,0.0,1.0,1.0,4.0,4.0,0.0,10,1,0,1,4,2662,1463,941,334,334,0,-0.0,1,1,,,,,0,0.05251431698933452,0.022638800051363095,cc_cross_compartment_edges=4 (+0.36); deg_n_celltypes_sig=3 (+0.35); cc_edges_e2=2 (+0.05),novel
1311,ITGB8,T cell,IDH_WT,T_cell,0.0,0.0,0.0,0.0,,,0.0,0.0,0.0,0.0,,0.0,0.0,0.0,0.0,0.0,0.0,0.0,0.0,,0.0,0.0,0.0,0.0,,3,0,1,1,2,2662,1463,1681,1118,1118,0,0.0,0,0,,,,,0,0.05161688544938745,0.01750811721851438,cc_is_ligand=0 (+0.22); cc_edges_e2=0 (+0.04); cc_max_prob=0 (+0.03),novel
1312,NOTCH1,cycling_tumor,IDH_Mutant,tumor,0.0,0.0,0.0,0.0,,,0.0,0.0,0.0,0.0,,0.0,0.0,0.0,8.0,8.0,0.0,0.0102880806075418,0.004045192693051016,0.0,2.0,4.0,0.0,8.0,1.0,16,0,1,2,2,6410,814,270,136,136,0,0.0,1,0,2.0,tumor,growth,Notch pathway (pathway-level),0,0.051079724840874044,0.022355422066408042,cc_is_ligand=0 (+0.29); cc_n_cells_e1=6.41e+03 (+0.10); cc_n_cells_e2=814 (+0.06),literature tier 2 (unlabeled)
1313,TGFB1,TAM1/TAM2/microglia,IDH_WT,TAM_microglia,0.0,0.0,0.0,0.0,,,0.0,0.0,0.0,0.0,,0.0,0.0,4.0,0.0,2.0,2.0,0.0050238491740621,0.003124057670555575,0.0,1.0,1.0,0.0,4.0,0.0,4,1,0,1,1,12086,25922,9696,2745,2745,0,0.0,0,0,2.0,"tumor,TAM_microglia",immune_synapse,Immunosuppressive cytokine (pathway-level),0,0.05094700552484518,0.02084952445290516,cc_n_cells_e1=1.21e+04 (+0.11); cc_n_celltypes_total=1 (+0.06); deg_pooled_log2fc=nan (+0.03),literature tier 2 (unlabeled)
1314,COL9A1,TAM1/TAM2/microglia,IDH_Mutant,TAM_microglia,0.0,0.0,0.0,0.0,,,0.0,0.0,0.0,0.0,,0.0,0.0,0.0,0.0,0.0,0.0,0.0,0.0,,0.0,0.0,0.0,0.0,,5,1,0,1,1,12086,25922,2106,21701,2106,0,0.0,1,0,,,,,0,0.05090027074299967,0.030355857616212227,cc_n_cells_e1=1.21e+04 (+0.11); cc_n_celltypes_total=1 (+0.07); cc_edges_e2=0 (+0.04),novel
1315,COL9A1,cycling_tumor,IDH_Mutant,tumor,0.0,0.0,0.0,0.0,,,0.0,0.0,0.0,0.0,,0.0,0.0,5.0,0.0,5.0,0.0,0.0026257015067272,0.00177275463141162,0.0,1.0,3.0,2.0,5.0,1.0,5,1,0,1,1,6410,814,270,136,136,0,0.0,1,0,,,,,0,0.05055143241141087,0.026704789902849257,cc_cross_compartment_edges=2 (+0.25); cc_n_cells_e1=6.41e+03 (+0.11); cc_edges_e2=5 (+0.05),novel
1316,ITGAX,T cell,IDH_Mutant,T_cell,0.0,0.0,0.0,0.0,,,0.0,0.0,0.0,0.0,,0.0,0.0,0.0,0.0,0.0,0.0,0.0,0.0,,0.0,0.0,0.0,0.0,,4,0,1,2,1,2662,1463,941,334,334,0,0.0,1,0,,,,,0,0.05047578905945298,0.005504160656479388,cc_is_ligand=0 (+0.22); cc_n_celltypes_total=1 (+0.09); cc_edges_e2=0 (+0.04),novel
1317,PDGFA,T cell,IDH_WT,T_cell,0.0,0.0,0.0,0.0,,,0.0,0.0,0.0,0.0,,0.0,2.0,0.0,0.0,0.0,0.0,0.0,0.0,,0.0,0.0,0.0,0.0,,3,1,0,1,1,2662,1463,1681,1118,1118,0,0.0,0,0,,,,,0,0.050208305066823986,0.014021607654462647,cc_n_celltypes_total=1 (+0.09); cc_edges_e2=0 (+0.04); cc_max_prob=0 (+0.03),novel
1318,HLA-DMB,TAM1/TAM2/microglia,IDH_Mutant,TAM_microglia,1.0,-0.4243816677695475,0.4243816677695475,21.90939160542601,0.445,0.549,-0.10400000000000004,-1.0,0.0,0.0,-0.3182422023829683,1.0,2.0,4.0,0.0,2.0,2.0,0.0046828301407175,0.002460909781326619,0.0,1.0,1.0,0.0,4.0,0.0,4,1,0,1,1,12086,25922,2106,21701,2106,0,-0.0,1,1,,,,,0,0.05014241271498584,0.025466233543807615,cc_n_cells_e1=1.21e+04 (+0.13); cc_n_celltypes_total=1 (+0.05); cc_edges_e2=2 (+0.03),novel
1319,GLS,cycling_tumor,IDH_Mutant,tumor,0.0,0.0,0.0,0.0,,,0.0,0.0,0.0,0.0,,0.0,2.0,26.0,0.0,26.0,0.0,0.0180971001094363,0.0031970323399380897,0.0,1.0,4.0,0.0,26.0,1.0,39,1,0,1,2,6410,814,270,136,136,0,0.0,1,0,,,,,0,0.0497887724198792,0.0418513675749771,cc_n_cells_e1=6.41e+03 (+0.13); cc_n_cells_e2=814 (+0.05); cc_max_pval=0 (+0.02),novel
1320,PDGFB,T cell,IDH_WT,T_cell,0.0,0.0,0.0,0.0,,,0.0,0.0,0.0,0.0,,0.0,1.0,0.0,0.0,0.0,0.0,0.0,0.0,,0.0,0.0,0.0,0.0,,3,1,0,1,1,2662,1463,1681,1118,1118,0,0.0,0,0,,,,,0,0.04939139686507671,0.02626892985446131,cc_n_celltypes_total=1 (+0.09); cc_edges_e2=0 (+0.04); cc_max_prob=0 (+0.03),novel
1321,CDH2,AC_like_tumor,IDH_Mutant,tumor,0.0,0.0,0.0,0.0,,,0.0,0.0,0.0,0.0,,0.0,1.0,4.0,4.0,8.0,0.0,0.0034390918544762,0.00212677993686345,0.0,1.0,3.0,0.0,8.0,1.0,32,1,1,1,3,72549,446,4249,283,283,0,0.0,1,0,,,,,0,0.04864511634527109,0.012306392914898946,cc_n_cells_e1=7.25e+04 (+0.12); cc_n_cells_e2=446 (+0.06); deg_pooled_log2fc=nan (+0.03),novel
1322,PDGFB,T cell,IDH_Mutant,T_cell,0.0,0.0,0.0,0.0,,,0.0,0.0,0.0,0.0,,0.0,1.0,0.0,0.0,0.0,0.0,0.0,0.0,,0.0,0.0,0.0,0.0,,3,1,0,1,1,2662,1463,941,334,334,0,0.0,1,0,,,,,0,0.048521333925406675,0.02571078798044632,cc_n_celltypes_total=1 (+0.09); cc_edges_e2=0 (+0.04); cc_max_prob=0 (+0.03),novel
1323,PDGFA,T cell,IDH_Mutant,T_cell,0.0,0.0,0.0,0.0,,,0.0,0.0,0.0,0.0,,0.0,1.0,0.0,0.0,0.0,0.0,0.0,0.0,,0.0,0.0,0.0,0.0,,3,1,0,1,1,2662,1463,941,334,334,0,0.0,1,0,,,,,0,0.04835959123723344,0.010969421803428463,cc_n_celltypes_total=1 (+0.09); cc_edges_e2=0 (+0.04); cc_max_prob=0 (+0.03),novel
1324,ENTPD1,T cell,IDH_Mutant,T_cell,0.0,0.0,0.0,0.0,,,0.0,0.0,0.0,0.0,,0.0,1.0,0.0,0.0,0.0,0.0,0.0,0.0,,0.0,0.0,0.0,0.0,,4,1,1,1,1,2662,1463,941,334,334,0,0.0,1,0,1.0,TAM_microglia,myeloid_bridge,"Takenaka et al., Nat Neurosci 2019",0,0.048132300646191936,0.014542918161265902,cc_n_celltypes_total=1 (+0.09); cc_edges_e2=0 (+0.04); cc_max_prob=0 (+0.03),"literature gene, other compartment"
1325,LAIR1,TAM1/TAM2/microglia,IDH_Mutant,TAM_microglia,1.0,-0.2749596641487759,0.2749596641487759,3.676910983749499,0.326,0.385,-0.059,-1.0,1.0,0.0,0.2810806141206695,1.0,1.0,4.0,0.0,2.0,2.0,0.0042054497069747,0.0031089893414732502,0.0,1.0,1.0,0.0,4.0,0.0,4,1,0,1,1,12086,25922,2106,21701,2106,0,-0.0,1,1,,,,,0,0.048035990848344465,0.03307180470948491,cc_n_cells_e1=1.21e+04 (+0.12); cc_n_celltypes_total=1 (+0.06); cc_edges_e2=2 (+0.03),novel
1326,HLA-DRB5,TAM1/TAM2/microglia,IDH_WT,TAM_microglia,1.0,-0.9532907349278568,0.9532907349278568,26.127445628592405,0.482,0.544,-0.062000000000000055,-1.0,1.0,1.0,-0.7115592963088431,1.0,2.0,4.0,0.0,2.0,2.0,0.0153299905391955,0.005800008038656948,0.0,1.0,1.0,0.0,4.0,0.0,4,1,0,1,1,12086,25922,9696,2745,2745,0,-0.0,0,1,,,,,0,0.04785126873766358,0.02259358236756088,cc_n_cells_e1=1.21e+04 (+0.13); cc_n_celltypes_total=1 (+0.05); deg_abs_log2fc=0.953 (+0.04),novel
1327,ENTPD1,T cell,IDH_WT,T_cell,0.0,0.0,0.0,0.0,,,0.0,0.0,0.0,0.0,,0.0,1.0,0.0,0.0,0.0,0.0,0.0,0.0,,0.0,0.0,0.0,0.0,,4,1,1,1,1,2662,1463,1681,1118,1118,0,0.0,0,0,1.0,TAM_microglia,myeloid_bridge,"Takenaka et al., Nat Neurosci 2019",0,0.04779814806325122,0.01456365653898534,cc_n_celltypes_total=1 (+0.09); cc_edges_e2=0 (+0.04); cc_max_prob=0 (+0.03),"literature gene, other compartment"
1328,CDH2,AC_like_tumor,IDH_WT,tumor,0.0,0.0,0.0,0.0,,,0.0,0.0,0.0,0.0,,0.0,1.0,4.0,4.0,8.0,0.0,0.0034390918544762,0.00212677993686345,0.0,1.0,3.0,0.0,8.0,1.0,32,1,1,1,3,72549,446,64812,108,108,0,0.0,0,0,,,,,0,0.047578526828584954,0.011050046318755655,cc_n_cells_e1=7.25e+04 (+0.12); cc_n_cells_e2=446 (+0.06); deg_pooled_log2fc=nan (+0.03),novel
1329,LGALS9,T cell,IDH_Mutant,T_cell,0.0,0.0,0.0,0.0,,,0.0,0.0,0.0,0.0,,0.0,1.0,0.0,0.0,0.0,0.0,0.0,0.0,,0.0,0.0,0.0,0.0,,13,1,0,1,1,2662,1463,941,334,334,0,0.0,1,0,2.0,"tumor,TAM_microglia",immune_synapse,HAVCR2 ligand (pathway-level),0,0.047003211115825186,0.012338350176214066,cc_n_celltypes_total=1 (+0.08); cc_edges_e2=0 (+0.04); deg_pooled_log2fc=nan (+0.03),"literature gene, other compartment"
1330,LGALS9,T cell,IDH_WT,T_cell,0.0,0.0,0.0,0.0,,,0.0,0.0,0.0,0.0,,0.0,1.0,0.0,0.0,0.0,0.0,0.0,0.0,,0.0,0.0,0.0,0.0,,13,1,0,1,1,2662,1463,1681,1118,1118,0,0.0,0,0,2.0,"tumor,TAM_microglia",immune_synapse,HAVCR2 ligand (pathway-level),0,0.046636559712054486,0.010107907184452902,cc_n_celltypes_total=1 (+0.08); cc_edges_e2=0 (+0.04); deg_pooled_log2fc=nan (+0.03),"literature gene, other compartment"
1331,CLEC2D,T cell,IDH_WT,T_cell,1.0,-1.0287148092193548,1.0287148092193548,4.532803883123424,0.105,0.187,-0.082,-1.0,1.0,1.0,-1.2622850555175171,1.0,3.0,2.0,0.0,0.0,2.0,0.0064186582730417,0.0057637704942803,0.0,1.0,1.0,0.0,2.0,-1.0,2,1,0,1,1,2662,1463,1681,1118,1118,0,1.0,0,1,1.0,"tumor,TAM_microglia",immune_synapse,"Mathewson et al., Cell 2021",0,0.046611681568521864,0.022725774914793547,cc_edges_total=2 (+0.93); deg_n_celltypes_sig=3 (+0.36); cc_is_receptor=0 (+0.08),"literature gene, other compartment"
1332,COL9A1,T cell,IDH_WT,T_cell,0.0,0.0,0.0,0.0,,,0.0,0.0,0.0,0.0,,0.0,2.0,0.0,0.0,0.0,0.0,0.0,0.0,,0.0,0.0,0.0,0.0,,5,1,0,1,1,2662,1463,1681,1118,1118,0,0.0,0,0,,,,,0,0.04592496808413345,0.027317799668590877,cc_n_celltypes_total=1 (+0.09); cc_edges_e2=0 (+0.04); cc_max_prob=0 (+0.03),novel
1333,NOTCH1,OPC_GABA_like_tumor,IDH_Mutant,tumor,0.0,0.0,0.0,0.0,,,0.0,0.0,0.0,0.0,,0.0,0.0,0.0,8.0,8.0,0.0,0.0082329945247519,0.0032351133071600855,0.0,2.0,4.0,0.0,8.0,1.0,16,0,1,2,2,6741,14114,1658,11741,1658,0,0.0,1,0,2.0,tumor,growth,Notch pathway (pathway-level),0,0.04580584865137395,0.02017155055328874,cc_is_ligand=0 (+0.28); cc_n_cells_e1=6.74e+03 (+0.10); cc_lig_edges=0 (+0.02),literature tier 2 (unlabeled)
1334,MPZL1,T cell,IDH_Mutant,T_cell,0.0,0.0,0.0,0.0,,,0.0,0.0,0.0,0.0,,0.0,1.0,0.0,0.0,0.0,0.0,0.0,0.0,,0.0,0.0,0.0,0.0,,8,1,1,1,2,2662,1463,941,334,334,0,0.0,1,0,,,,,0,0.04513974516164041,0.012698342354733617,cc_edges_e2=0 (+0.04); cc_max_prob=0 (+0.03); deg_pooled_log2fc=nan (+0.03),novel
1335,CLEC2B,T cell,IDH_Mutant,T_cell,0.0,0.0,0.0,0.0,,,0.0,0.0,0.0,0.0,,0.0,2.0,4.0,0.0,2.0,2.0,0.0096511344119366,0.00826076587006,0.0,1.0,1.0,0.0,4.0,0.0,6,1,0,1,2,2662,1463,941,334,334,0,0.0,1,0,,,,,0,0.04480605724632227,0.02946676318987109,cc_edges_e2=2 (+0.04); deg_pooled_log2fc=nan (+0.03); cc_max_pval=0 (+0.02),novel
1336,HLA-DMB,T cell,IDH_Mutant,T_cell,0.0,0.0,0.0,0.0,,,0.0,0.0,0.0,0.0,,0.0,2.0,0.0,0.0,0.0,0.0,0.0,0.0,,0.0,0.0,0.0,0.0,,4,1,0,1,1,2662,1463,941,334,334,0,0.0,1,0,,,,,0,0.04437589905662554,0.023577615239685795,cc_n_celltypes_total=1 (+0.09); cc_edges_e2=0 (+0.04); cc_max_prob=0 (+0.03),novel
1337,CLEC2B,T cell,IDH_WT,T_cell,0.0,0.0,0.0,0.0,,,0.0,0.0,0.0,0.0,,0.0,2.0,4.0,0.0,2.0,2.0,0.0096511344119366,0.00826076587006,0.0,1.0,1.0,0.0,4.0,0.0,6,1,0,1,2,2662,1463,1681,1118,1118,0,0.0,0,0,,,,,0,0.0430496017628925,0.029473086883086533,cc_edges_e2=2 (+0.04); deg_pooled_log2fc=nan (+0.03); cc_max_pval=0 (+0.02),novel
1338,SLC1A3,T cell,IDH_WT,T_cell,0.0,0.0,0.0,0.0,,,0.0,0.0,0.0,0.0,,0.0,2.0,0.0,0.0,0.0,0.0,0.0,0.0,,0.0,0.0,0.0,0.0,,26,1,0,1,2,2662,1463,1681,1118,1118,0,0.0,0,0,,,,,0,0.04296719656341365,0.017030995079153715,cc_edges_e2=0 (+0.04); cc_max_prob=0 (+0.03); deg_pooled_log2fc=nan (+0.03),novel
1339,HLA-DMB,T cell,IDH_WT,T_cell,0.0,0.0,0.0,0.0,,,0.0,0.0,0.0,0.0,,0.0,1.0,0.0,0.0,0.0,0.0,0.0,0.0,,0.0,0.0,0.0,0.0,,4,1,0,1,1,2662,1463,1681,1118,1118,0,0.0,0,0,,,,,0,0.0427247001279659,0.02138966140441369,cc_n_celltypes_total=1 (+0.09); cc_edges_e2=0 (+0.04); cc_max_prob=0 (+0.03),novel
1340,CADM1,AC_like_tumor,IDH_WT,tumor,0.0,0.0,0.0,0.0,,,0.0,0.0,0.0,0.0,,0.0,1.0,4.0,4.0,8.0,0.0,0.0047318087990022,0.0033035204842957,0.0,1.0,3.0,0.0,8.0,1.0,32,1,1,1,3,72549,446,64812,108,108,0,0.0,0,0,,,,,0,0.04174757662066838,0.016094000882992964,cc_n_cells_e1=7.25e+04 (+0.12); cc_n_cells_e2=446 (+0.06); deg_pooled_log2fc=nan (+0.03),novel
1341,CADM1,OPC_GABA_like_tumor,IDH_WT,tumor,0.0,0.0,0.0,0.0,,,0.0,0.0,0.0,0.0,,0.0,1.0,8.0,8.0,8.0,8.0,0.0116234274434474,0.006223641285348925,0.0,1.0,3.0,0.0,16.0,0.0,32,1,1,1,3,6741,14114,5040,1935,1935,0,0.0,0,0,,,,,0,0.041718883936968224,0.02052586453238024,cc_n_cells_e1=6.74e+03 (+0.11); deg_pooled_log2fc=nan (+0.03); cc_edges_e1=8 (+0.03),novel
1342,CADM1,cycling_tumor,IDH_WT,tumor,0.0,0.0,0.0,0.0,,,0.0,0.0,0.0,0.0,,0.0,1.0,4.0,4.0,8.0,0.0,0.0099681326072411,0.00696732355166845,0.0,1.0,3.0,0.0,8.0,1.0,32,1,1,1,3,6410,814,5847,663,663,0,0.0,0,0,,,,,0,0.04152640804751696,0.01807481714446593,cc_n_cells_e1=6.41e+03 (+0.12); cc_n_cells_e2=814 (+0.05); cc_max_pval=0 (+0.03),novel
1343,PSAP,T cell,IDH_WT,T_cell,0.0,0.0,0.0,0.0,,,0.0,0.0,0.0,0.0,,0.0,0.0,0.0,0.0,0.0,0.0,0.0,0.0,,0.0,0.0,0.0,0.0,,9,1,0,1,5,2662,1463,1681,1118,1118,0,0.0,0,0,,,,,0,0.04069328205806969,0.011374764172555375,cc_edges_e2=0 (+0.04); cc_max_prob=0 (+0.03); deg_pooled_log2fc=nan (+0.03),novel
1344,CD69,T cell,IDH_Mutant,T_cell,1.0,-0.5267865336035498,0.5267865336035498,1.4711407130907908,0.716,0.799,-0.08300000000000007,-1.0,1.0,1.0,-0.8759182319456174,1.0,1.0,4.0,0.0,2.0,2.0,0.0319079660883083,0.019165476305495574,0.0,1.0,1.0,0.0,4.0,0.0,6,1,0,1,2,2662,1463,941,334,334,0,-0.0,1,1,,,,,0,0.04068034895643906,0.020415617593833518,cc_edges_e2=2 (+0.04); cc_max_pval=0 (+0.02); cc_edges_total=6 (+0.02),novel
1345,PTGES3,T cell,IDH_Mutant,T_cell,0.0,0.0,0.0,0.0,,,0.0,0.0,0.0,0.0,,0.0,0.0,2.0,0.0,1.0,1.0,0.0036836510154045,0.00361958430436245,0.0,1.0,1.0,2.0,2.0,0.0,13,1,0,1,7,2662,1463,941,334,334,0,0.0,1,0,,,,,0,0.03955333643170916,0.005081010088797491,cc_cross_compartment_edges=2 (+0.36); deg_pooled_log2fc=nan (+0.03); cc_edges_e2=1 (+0.03),novel
1346,CLEC2D,OPC_GABA_like_tumor,IDH_WT,tumor,1.0,0.5068661785778048,0.5068661785778048,42.930146994825115,0.148,0.044,0.104,1.0,0.0,0.0,,0.0,3.0,0.0,0.0,0.0,0.0,0.0,0.0,,0.0,0.0,0.0,0.0,,2,1,0,1,1,6741,14114,5040,1935,1935,0,0.0,0,0,1.0,"tumor,TAM_microglia",immune_synapse,"Mathewson et al., Cell 2021",1,0.038512950319056896,0.0046744128232017665,cc_edges_total=2 (+0.98); deg_n_celltypes_sig=3 (+0.49); deg_pct_diff=0.104 (+0.22),literature tier 1 (label)
1347,CNTN1,T cell,IDH_Mutant,T_cell,0.0,0.0,0.0,0.0,,,0.0,0.0,0.0,0.0,,0.0,2.0,0.0,0.0,0.0,0.0,0.0,0.0,,0.0,0.0,0.0,0.0,,16,1,0,1,2,2662,1463,941,334,334,0,0.0,1,0,2.0,tumor,neuron_tumor,Synaptic adhesion (pathway-level),0,0.038016137841517694,0.01615801381503639,cc_edges_e2=0 (+0.04); cc_max_prob=0 (+0.03); deg_pooled_log2fc=nan (+0.03),"literature gene, other compartment"
1348,MDK,cycling_tumor,IDH_WT,tumor,1.0,-0.411493642920383,0.411493642920383,11.40062959582873,0.312,0.152,0.16,-1.0,1.0,0.0,-0.3739503020192844,1.0,2.0,28.0,0.0,28.0,0.0,0.0180550672770162,0.0065825254786666745,0.0,1.0,7.0,7.0,28.0,1.0,28,1,0,1,1,6410,814,5847,663,663,0,-1.0,0,1,,,,,0,0.0374880488707164,0.017675139493301097,cc_cross_compartment_edges=7 (+0.30); deg_pct_diff=0.16 (+0.16); cc_n_cells_e1=6.41e+03 (+0.12),novel
1349,NLGN3,cycling_tumor,IDH_Mutant,tumor,1.0,4.10352156299052,4.10352156299052,2.3100557200330885,0.132,0.011,0.12100000000000001,1.0,1.0,1.0,1.8474406918200492,1.0,2.0,0.0,6.0,6.0,0.0,0.0082445257936692,0.0026747700108033256,0.0,1.0,4.0,0.0,6.0,1.0,6,0,1,1,1,6410,814,270,136,136,0,1.0,1,1,1.0,tumor,neuron_tumor,"Venkatesh et al., Cell 2015; Venkatesh et al., Nature 2017",1,0.03727702936933444,0.021666916888633696,deg_log2fc=4.1 (+0.58); cc_is_ligand=0 (+0.35); cc_edges_total=6 (+0.22),literature tier 1 (label)
1350,NLGN3,cycling_tumor,IDH_WT,tumor,1.0,1.961368791254672,1.961368791254672,161.61789112875945,0.315,0.035,0.28,1.0,1.0,1.0,1.8474406918200492,1.0,2.0,0.0,6.0,6.0,0.0,0.0082445257936692,0.0026747700108033256,0.0,1.0,4.0,0.0,6.0,1.0,6,0,1,1,1,6410,814,5847,663,663,0,1.0,0,1,1.0,tumor,neuron_tumor,"Venkatesh et al., Cell 2015; Venkatesh et al., Nature 2017",1,0.03485652528258561,0.019078689339443566,deg_log2fc=1.96 (+0.56); cc_is_ligand=0 (+0.35); cc_edges_total=6 (+0.22),literature tier 1 (label)
1351,HLA-DQA1,TAM1/TAM2/microglia,IDH_Mutant,TAM_microglia,1.0,-1.915022739295755,1.915022739295755,297.651399886943,0.317,0.669,-0.35200000000000004,-1.0,0.0,0.0,-1.3917598014019477,1.0,2.0,4.0,0.0,2.0,2.0,0.0140740943328221,0.00499675499961522,0.0,1.0,1.0,0.0,4.0,0.0,4,1,0,1,1,12086,25922,2106,21701,2106,0,-0.0,1,1,,,,,0,0.03468956118532522,0.014140218216923111,cc_n_cells_e1=1.21e+04 (+0.12); deg_neglog10_padj=298 (+0.10); cc_n_celltypes_total=1 (+0.06),novel
1352,CD69,T cell,IDH_WT,T_cell,1.0,-0.9019146998420502,0.9019146998420502,16.352325035005265,0.389,0.542,-0.15300000000000002,-1.0,1.0,1.0,-0.8759182319456174,1.0,2.0,4.0,0.0,2.0,2.0,0.0319079660883083,0.019165476305495574,0.0,1.0,1.0,0.0,4.0,0.0,6,1,0,1,2,2662,1463,1681,1118,1118,0,-0.0,0,1,,,,,0,0.034308303688449816,0.014965178944949815,deg_abs_log2fc=0.902 (+0.05); cc_edges_e2=2 (+0.04); cc_edges_total=6 (+0.03),novel
1353,CADM1,T cell,IDH_Mutant,T_cell,0.0,0.0,0.0,0.0,,,0.0,0.0,0.0,0.0,,0.0,2.0,0.0,0.0,0.0,0.0,0.0,0.0,,0.0,0.0,0.0,0.0,,32,1,1,1,3,2662,1463,941,334,334,0,0.0,1,0,,,,,0,0.03423086317431286,0.015901392498207007,cc_edges_e2=0 (+0.04); cc_max_prob=0 (+0.03); deg_pooled_log2fc=nan (+0.03),novel
1354,COL9A1,T cell,IDH_Mutant,T_cell,0.0,0.0,0.0,0.0,,,0.0,0.0,0.0,0.0,,0.0,0.0,0.0,0.0,0.0,0.0,0.0,0.0,,0.0,0.0,0.0,0.0,,5,1,0,1,1,2662,1463,941,334,334,0,0.0,1,0,,,,,0,0.032448603854107104,0.017770153228514482,cc_n_celltypes_total=1 (+0.09); cc_edges_e2=0 (+0.04); cc_max_prob=0 (+0.03),novel
1355,SLC1A1,cycling_tumor,IDH_Mutant,tumor,0.0,0.0,0.0,0.0,,,0.0,0.0,0.0,0.0,,0.0,1.0,13.0,0.0,13.0,0.0,0.0085000406509992,0.002037173081619591,0.0,1.0,4.0,0.0,13.0,1.0,13,1,0,1,1,6410,814,270,136,136,0,0.0,1,0,,,,,0,0.031276801732962815,0.012443584038942704,cc_n_cells_e1=6.41e+03 (+0.12); cc_n_celltypes_total=1 (+0.06); cc_n_cells_e2=814 (+0.05),novel
1356,CLEC2D,cycling_tumor,IDH_WT,tumor,1.0,0.4232851334045273,0.4232851334045273,25.581682812448022,0.142,0.037,0.10499999999999998,1.0,0.0,0.0,0.4673652569920334,1.0,3.0,0.0,0.0,0.0,0.0,0.0,0.0,,0.0,0.0,0.0,0.0,,2,1,0,1,1,6410,814,5847,663,663,0,0.0,0,0,1.0,"tumor,TAM_microglia",immune_synapse,"Mathewson et al., Cell 2021",1,0.02973028563413598,0.004362791484988689,cc_edges_total=2 (+0.95); deg_n_celltypes_sig=3 (+0.47); deg_pct_diff=0.105 (+0.21),literature tier 1 (label)
1357,CADM1,T cell,IDH_WT,T_cell,0.0,0.0,0.0,0.0,,,0.0,0.0,0.0,0.0,,0.0,1.0,0.0,0.0,0.0,0.0,0.0,0.0,,0.0,0.0,0.0,0.0,,32,1,1,1,3,2662,1463,1681,1118,1118,0,0.0,0,0,,,,,0,0.02900951964528603,0.01922238899690847,cc_edges_e2=0 (+0.04); cc_max_prob=0 (+0.03); deg_pooled_log2fc=nan (+0.03),novel
1358,CLEC2D,T cell,IDH_Mutant,T_cell,1.0,-1.355669581626439,1.355669581626439,7.7936293880574565,0.192,0.396,-0.20400000000000001,-1.0,1.0,1.0,-1.2622850555175171,1.0,1.0,2.0,0.0,0.0,2.0,0.0064186582730417,0.0057637704942803,0.0,1.0,1.0,0.0,2.0,-1.0,2,1,0,1,1,2662,1463,941,334,334,0,1.0,1,1,1.0,"tumor,TAM_microglia",immune_synapse,"Mathewson et al., Cell 2021",0,0.026346125932097876,0.013303163547913355,cc_edges_total=2 (+0.95); cc_n_celltypes_total=1 (+0.09); cc_is_receptor=0 (+0.08),"literature gene, other compartment"
1359,SLC1A3,cycling_tumor,IDH_WT,tumor,1.0,-0.340864629736845,0.340864629736845,7.475719378462074,0.558,0.312,0.24600000000000005,-1.0,0.0,0.0,-0.4057424059477996,1.0,2.0,13.0,0.0,13.0,0.0,0.0180971001094363,0.004356891598256588,0.0,1.0,4.0,0.0,13.0,1.0,26,1,0,1,2,6410,814,5847,663,663,0,-1.0,0,1,,,,,0,0.02619639195045311,0.008718949596505052,deg_pct_diff=0.246 (+0.17); cc_n_cells_e1=6.41e+03 (+0.13); cc_n_cells_e2=814 (+0.05),novel
1360,CLEC2D,OPC_GABA_AC_like_tumor,IDH_WT,tumor,0.0,0.0,0.0,0.0,,,0.0,0.0,0.0,0.0,,0.0,3.0,0.0,0.0,0.0,0.0,0.0,0.0,,0.0,0.0,0.0,0.0,,2,1,0,1,1,6202,1012,5384,171,171,0,0.0,0,0,1.0,"tumor,TAM_microglia",immune_synapse,"Mathewson et al., Cell 2021",1,0.02614737481707492,0.003922682668440567,cc_edges_total=2 (+1.01); deg_n_celltypes_sig=3 (+0.49); cc_n_cells_e1=6.2e+03 (+0.13),literature tier 1 (label)
1361,CLEC2D,AC_like_tumor,IDH_WT,tumor,0.0,0.0,0.0,0.0,,,0.0,0.0,0.0,0.0,,0.0,3.0,0.0,0.0,0.0,0.0,0.0,0.0,,0.0,0.0,0.0,0.0,,2,1,0,1,1,72549,446,64812,108,108,0,0.0,0,0,1.0,"tumor,TAM_microglia",immune_synapse,"Mathewson et al., Cell 2021",1,0.02465416375811829,0.003646093594970305,cc_edges_total=2 (+1.01); deg_n_celltypes_sig=3 (+0.49); cc_n_cells_e1=7.25e+04 (+0.13),literature tier 1 (label)
1362,CLEC2D,TAM1/TAM2/microglia,IDH_WT,TAM_microglia,0.0,0.0,0.0,0.0,,,0.0,0.0,0.0,0.0,,0.0,3.0,0.0,0.0,0.0,0.0,0.0,0.0,,0.0,0.0,0.0,0.0,,2,1,0,1,1,12086,25922,9696,2745,2745,0,0.0,0,0,1.0,"tumor,TAM_microglia",immune_synapse,"Mathewson et al., Cell 2021",1,0.023708382050477057,0.0029539421177058405,cc_edges_total=2 (+1.02); deg_n_celltypes_sig=3 (+0.50); cc_n_cells_e1=1.21e+04 (+0.13),literature tier 1 (label)
1363,CNTN1,OPC_GABA_like_tumor,IDH_Mutant,tumor,1.0,-0.854435922059237,0.854435922059237,47.18491590991191,0.223,0.395,-0.17200000000000001,-1.0,1.0,0.0,0.7700451578531753,1.0,2.0,8.0,0.0,8.0,0.0,0.0122804136302003,0.00413992983265115,0.0,1.0,4.0,0.0,8.0,1.0,16,1,0,1,2,6741,14114,1658,11741,1658,0,-1.0,1,1,2.0,tumor,neuron_tumor,Synaptic adhesion (pathway-level),0,0.01994250873697105,0.008454753337708374,cc_n_cells_e1=6.74e+03 (+0.13); deg_abs_log2fc=0.854 (+0.04); cc_max_pval=0 (+0.02),literature tier 2 (unlabeled)
1364,CLEC2D,OPC_GABA_AC_like_tumor,IDH_Mutant,tumor,0.0,0.0,0.0,0.0,,,0.0,0.0,0.0,0.0,,0.0,1.0,0.0,0.0,0.0,0.0,0.0,0.0,,0.0,0.0,0.0,0.0,,2,1,0,1,1,6202,1012,352,742,352,0,0.0,1,0,1.0,"tumor,TAM_microglia",immune_synapse,"Mathewson et al., Cell 2021",1,0.01504427609301121,0.0030792565203122116,cc_edges_total=2 (+1.03); cc_n_cells_e1=6.2e+03 (+0.12); cc_is_receptor=0 (+0.08),literature tier 1 (label)
1365,CLEC2D,TAM1/TAM2/microglia,IDH_Mutant,TAM_microglia,0.0,0.0,0.0,0.0,,,0.0,0.0,0.0,0.0,,0.0,1.0,0.0,0.0,0.0,0.0,0.0,0.0,,0.0,0.0,0.0,0.0,,2,1,0,1,1,12086,25922,2106,21701,2106,0,0.0,1,0,1.0,"tumor,TAM_microglia",immune_synapse,"Mathewson et al., Cell 2021",1,0.014879473476558047,0.0021718300160404056,cc_edges_total=2 (+1.04); cc_n_cells_e1=1.21e+04 (+0.12); cc_is_receptor=0 (+0.09),literature tier 1 (label)
1366,CLEC2D,AC_like_tumor,IDH_Mutant,tumor,0.0,0.0,0.0,0.0,,,0.0,0.0,0.0,0.0,,0.0,1.0,0.0,0.0,0.0,0.0,0.0,0.0,,0.0,0.0,0.0,0.0,,2,1,0,1,1,72549,446,4249,283,283,0,0.0,1,0,1.0,"tumor,TAM_microglia",immune_synapse,"Mathewson et al., Cell 2021",1,0.01473412878807544,0.0027150468620206463,cc_edges_total=2 (+1.03); cc_n_cells_e1=7.25e+04 (+0.12); cc_is_receptor=0 (+0.08),literature tier 1 (label)
1367,CLEC2D,cycling_tumor,IDH_Mutant,tumor,0.0,0.0,0.0,0.0,,,0.0,0.0,0.0,0.0,,0.0,1.0,0.0,0.0,0.0,0.0,0.0,0.0,,0.0,0.0,0.0,0.0,,2,1,0,1,1,6410,814,270,136,136,0,0.0,1,0,1.0,"tumor,TAM_microglia",immune_synapse,"Mathewson et al., Cell 2021",1,0.014213283040109664,0.0029107254935970897,cc_edges_total=2 (+1.03); cc_n_cells_e1=6.41e+03 (+0.12); cc_is_receptor=0 (+0.08),literature tier 1 (label)
1368,CLEC2D,OPC_GABA_like_tumor,IDH_Mutant,tumor,0.0,0.0,0.0,0.0,,,0.0,0.0,0.0,0.0,,0.0,1.0,0.0,0.0,0.0,0.0,0.0,0.0,,0.0,0.0,0.0,0.0,,2,1,0,1,1,6741,14114,1658,11741,1658,0,0.0,1,0,1.0,"tumor,TAM_microglia",immune_synapse,"Mathewson et al., Cell 2021",1,0.014078899517601374,0.002197306113592231,cc_edges_total=2 (+1.04); cc_n_cells_e1=6.74e+03 (+0.12); cc_is_receptor=0 (+0.08),literature tier 1 (label)
