gene,celltype_id,IDH_status,compartment,deg_is_sig,deg_log2fc,deg_abs_log2fc,deg_neglog10_padj,deg_pct_e2,deg_pct_e1,deg_pct_diff,deg_dir,deg_other_idh_sig,deg_other_idh_same_dir,deg_pooled_log2fc,deg_pooled_sig,deg_n_celltypes_sig,cc_lig_edges,cc_rec_edges,cc_edges_e2,cc_edges_e1,cc_max_prob,cc_mean_prob,cc_max_pval,cc_n_pathways,cc_n_partners,cc_cross_compartment_edges,cc_edges,cc_ephys_bias,cc_edges_total,cc_is_ligand,cc_is_receptor,cc_n_pathways_total,cc_n_celltypes_total,cc_n_cells_e1,cc_n_cells_e2,ctx_n_e1,ctx_n_e2,ctx_min_n,ctx_low_n,deg_cc_concordance,idh_mutant,rule_pass
ADORA3,OPC_GABA_like_tumor,IDH_Mutant,tumor,0.0,0.0,0.0,0.0,,,0.0,0.0,0.0,0.0,,0.0,0.0,0.0,0.0,0.0,0.0,0.0,0.0,,0.0,0.0,0.0,0.0,,1,1,0,1,1,6741,14114,1658,11741,1658,0,0.0,1,0
ADORA3,OPC_GABA_AC_like_tumor,IDH_Mutant,tumor,0.0,0.0,0.0,0.0,,,0.0,0.0,0.0,0.0,,0.0,0.0,0.0,0.0,0.0,0.0,0.0,0.0,,0.0,0.0,0.0,0.0,,1,1,0,1,1,6202,1012,352,742,352,0,0.0,1,0
ADORA3,cycling_tumor,IDH_Mutant,tumor,0.0,0.0,0.0,0.0,,,0.0,0.0,0.0,0.0,,0.0,0.0,0.0,0.0,0.0,0.0,0.0,0.0,,0.0,0.0,0.0,0.0,,1,1,0,1,1,6410,814,270,136,136,0,0.0,1,0
ADORA3,AC_like_tumor,IDH_Mutant,tumor,0.0,0.0,0.0,0.0,,,0.0,0.0,0.0,0.0,,0.0,0.0,0.0,0.0,0.0,0.0,0.0,0.0,,0.0,0.0,0.0,0.0,,1,1,0,1,1,72549,446,4249,283,283,0,0.0,1,0
ADORA3,T cell,IDH_Mutant,T_cell,0.0,0.0,0.0,0.0,,,0.0,0.0,0.0,0.0,,0.0,0.0,0.0,0.0,0.0,0.0,0.0,0.0,,0.0,0.0,0.0,0.0,,1,1,0,1,1,2662,1463,941,334,334,0,0.0,1,0
ADORA3,TAM1/TAM2/microglia,IDH_Mutant,TAM_microglia,0.0,0.0,0.0,0.0,,,0.0,0.0,0.0,0.0,,0.0,0.0,1.0,0.0,1.0,0.0,0.0039014203393133,0.0039014203393133,0.0,1.0,1.0,0.0,1.0,1.0,1,1,0,1,1,12086,25922,2106,21701,2106,0,0.0,1,0
ADORA3,OPC_GABA_like_tumor,IDH_WT,tumor,0.0,0.0,0.0,0.0,,,0.0,0.0,0.0,0.0,,0.0,1.0,0.0,0.0,0.0,0.0,0.0,0.0,,0.0,0.0,0.0,0.0,,1,1,0,1,1,6741,14114,5040,1935,1935,0,0.0,0,0
ADORA3,OPC_GABA_AC_like_tumor,IDH_WT,tumor,0.0,0.0,0.0,0.0,,,0.0,0.0,0.0,0.0,,0.0,1.0,0.0,0.0,0.0,0.0,0.0,0.0,,0.0,0.0,0.0,0.0,,1,1,0,1,1,6202,1012,5384,171,171,0,0.0,0,0
ADORA3,cycling_tumor,IDH_WT,tumor,0.0,0.0,0.0,0.0,,,0.0,0.0,0.0,0.0,,0.0,1.0,0.0,0.0,0.0,0.0,0.0,0.0,,0.0,0.0,0.0,0.0,,1,1,0,1,1,6410,814,5847,663,663,0,0.0,0,0
ADORA3,AC_like_tumor,IDH_WT,tumor,0.0,0.0,0.0,0.0,,,0.0,0.0,0.0,0.0,,0.0,1.0,0.0,0.0,0.0,0.0,0.0,0.0,,0.0,0.0,0.0,0.0,,1,1,0,1,1,72549,446,64812,108,108,0,0.0,0,0
ADORA3,T cell,IDH_WT,T_cell,0.0,0.0,0.0,0.0,,,0.0,0.0,0.0,0.0,,0.0,1.0,0.0,0.0,0.0,0.0,0.0,0.0,,0.0,0.0,0.0,0.0,,1,1,0,1,1,2662,1463,1681,1118,1118,0,0.0,0,0
ADORA3,TAM1/TAM2/microglia,IDH_WT,TAM_microglia,1.0,0.5865694265585446,0.5865694265585446,32.10623758005057,0.319,0.2,0.119,1.0,0.0,0.0,0.8332713766127892,1.0,1.0,1.0,0.0,1.0,0.0,0.0039014203393133,0.0039014203393133,0.0,1.0,1.0,0.0,1.0,1.0,1,1,0,1,1,12086,25922,9696,2745,2745,0,1.0,0,1
ANXA1,OPC_GABA_like_tumor,IDH_Mutant,tumor,1.0,-5.457329276245706,5.457329276245706,275.2474577239009,0.003,0.13,-0.127,-1.0,1.0,1.0,-6.165433524380917,1.0,3.0,0.0,0.0,0.0,0.0,0.0,0.0,,0.0,0.0,0.0,0.0,,10,1,0,1,4,6741,14114,1658,11741,1658,0,-0.0,1,0
ANXA1,OPC_GABA_AC_like_tumor,IDH_Mutant,tumor,0.0,0.0,0.0,0.0,,,0.0,0.0,0.0,0.0,,0.0,3.0,0.0,0.0,0.0,0.0,0.0,0.0,,0.0,0.0,0.0,0.0,,10,1,0,1,4,6202,1012,352,742,352,0,0.0,1,0
ANXA1,cycling_tumor,IDH_Mutant,tumor,0.0,0.0,0.0,0.0,,,0.0,0.0,0.0,0.0,,0.0,3.0,2.0,0.0,0.0,2.0,0.005857065867727,0.00517192095952055,0.0,1.0,1.0,2.0,2.0,-1.0,10,1,0,1,4,6410,814,270,136,136,0,-0.0,1,0
ANXA1,AC_like_tumor,IDH_Mutant,tumor,0.0,0.0,0.0,0.0,,,0.0,0.0,0.0,0.0,,0.0,3.0,2.0,0.0,0.0,2.0,0.0059288892579909,0.0052353810136908,0.0,1.0,1.0,2.0,2.0,-1.0,10,1,0,1,4,72549,446,4249,283,283,0,-0.0,1,0
ANXA1,T cell,IDH_Mutant,T_cell,1.0,-1.4755624160204823,1.4755624160204823,13.02362697618783,0.389,0.615,-0.22599999999999998,-1.0,0.0,0.0,-0.7321958216918238,1.0,3.0,4.0,0.0,2.0,2.0,0.0086008858847479,0.007114231858496975,0.0,1.0,1.0,4.0,4.0,0.0,10,1,0,1,4,2662,1463,941,334,334,0,-0.0,1,1
ANXA1,TAM1/TAM2/microglia,IDH_Mutant,TAM_microglia,1.0,-2.606964589265456,2.606964589265456,225.68513296772664,0.025,0.165,-0.14,-1.0,1.0,1.0,-3.531279895410132,1.0,3.0,2.0,0.0,0.0,2.0,0.0062273756011233,0.0054991206684735505,0.0,1.0,1.0,0.0,2.0,-1.0,10,1,0,1,4,12086,25922,2106,21701,2106,0,1.0,1,1
ANXA1,OPC_GABA_like_tumor,IDH_WT,tumor,1.0,-4.239461302670273,4.239461302670273,87.51851321505721,0.039,0.247,-0.208,-1.0,1.0,1.0,-6.165433524380917,1.0,4.0,0.0,0.0,0.0,0.0,0.0,0.0,,0.0,0.0,0.0,0.0,,10,1,0,1,4,6741,14114,5040,1935,1935,0,-0.0,0,0
ANXA1,OPC_GABA_AC_like_tumor,IDH_WT,tumor,1.0,-3.3981163625903408,3.3981163625903408,3.7126320094508953,0.029,0.21,-0.181,-1.0,0.0,0.0,-5.405165505232273,1.0,4.0,0.0,0.0,0.0,0.0,0.0,0.0,,0.0,0.0,0.0,0.0,,10,1,0,1,4,6202,1012,5384,171,171,0,-0.0,0,0
ANXA1,cycling_tumor,IDH_WT,tumor,1.0,-3.9272321735779694,3.9272321735779694,50.643246931574936,0.056,0.353,-0.297,-1.0,0.0,0.0,-4.111965521490045,1.0,4.0,2.0,0.0,0.0,2.0,0.005857065867727,0.00517192095952055,0.0,1.0,1.0,2.0,2.0,-1.0,10,1,0,1,4,6410,814,5847,663,663,0,1.0,0,1
ANXA1,AC_like_tumor,IDH_WT,tumor,0.0,0.0,0.0,0.0,,,0.0,0.0,0.0,0.0,,0.0,4.0,2.0,0.0,0.0,2.0,0.0059288892579909,0.0052353810136908,0.0,1.0,1.0,2.0,2.0,-1.0,10,1,0,1,4,72549,446,64812,108,108,0,-0.0,0,0
ANXA1,T cell,IDH_WT,T_cell,0.0,0.0,0.0,0.0,,,0.0,0.0,0.0,0.0,,0.0,4.0,4.0,0.0,2.0,2.0,0.0086008858847479,0.007114231858496975,0.0,1.0,1.0,4.0,4.0,0.0,10,1,0,1,4,2662,1463,1681,1118,1118,0,0.0,0,0
ANXA1,TAM1/TAM2/microglia,IDH_WT,TAM_microglia,1.0,-1.6688803158048915,1.6688803158048915,147.10238376776053,0.192,0.461,-0.269,-1.0,1.0,1.0,-3.531279895410132,1.0,4.0,2.0,0.0,0.0,2.0,0.0062273756011233,0.0054991206684735505,0.0,1.0,1.0,0.0,2.0,-1.0,10,1,0,1,4,12086,25922,9696,2745,2745,0,1.0,0,1
APOE,OPC_GABA_like_tumor,IDH_Mutant,tumor,1.0,-5.737107541929249,5.737107541929249,300.0,0.317,0.91,-0.593,-1.0,1.0,1.0,-4.072788361263858,1.0,5.0,6.0,0.0,3.0,3.0,0.1006178802379461,0.052596146898227066,0.04,1.0,2.0,6.0,6.0,0.0,36,1,0,1,7,6741,14114,1658,11741,1658,0,-0.0,1,1
APOE,OPC_GABA_AC_like_tumor,IDH_Mutant,tumor,1.0,-2.609371925660078,2.609371925660078,55.955528044708835,0.225,0.682,-0.4570000000000001,-1.0,1.0,1.0,-2.253725601633628,1.0,5.0,3.0,0.0,0.0,3.0,0.122364695000407,0.10778539957778387,0.0,1.0,2.0,3.0,3.0,-1.0,36,1,0,1,7,6202,1012,352,742,352,0,1.0,1,1
APOE,cycling_tumor,IDH_Mutant,tumor,1.0,-4.071242219853939,4.071242219853939,40.5734791065612,0.404,0.926,-0.522,-1.0,1.0,1.0,-4.340427960083712,1.0,5.0,6.0,0.0,3.0,3.0,0.1534655254557488,0.07382589628953852,0.04,1.0,2.0,6.0,6.0,0.0,36,1,0,1,7,6410,814,270,136,136,0,-0.0,1,1
APOE,AC_like_tumor,IDH_Mutant,tumor,1.0,-2.469452304338339,2.469452304338339,87.88636264094083,0.523,0.936,-0.41300000000000003,-1.0,1.0,1.0,-1.6879053025953432,1.0,5.0,6.0,0.0,3.0,3.0,0.1531399133496586,0.086822863458268,0.0,1.0,2.0,6.0,6.0,0.0,36,1,0,1,7,72549,446,4249,283,283,0,-0.0,1,1
APOE,T cell,IDH_Mutant,T_cell,0.0,0.0,0.0,0.0,,,0.0,0.0,0.0,0.0,,0.0,5.0,6.0,0.0,3.0,3.0,0.1125528420381205,0.06786869683633903,0.02,1.0,2.0,6.0,6.0,0.0,36,1,0,1,7,2662,1463,941,334,334,0,0.0,1,0
APOE,TAM1/TAM2/microglia,IDH_Mutant,TAM_microglia,1.0,-0.3471822166621594,0.3471822166621594,25.414853480777044,0.985,0.892,0.09299999999999997,-1.0,1.0,1.0,-0.9791405155287736,1.0,5.0,6.0,0.0,3.0,3.0,0.2392234722575476,0.20058439002568906,0.0,1.0,2.0,2.0,6.0,0.0,36,1,0,1,7,12086,25922,2106,21701,2106,0,-0.0,1,1
APOE,OPC_GABA_like_tumor,IDH_WT,tumor,1.0,-2.254642753807273,2.254642753807273,11.809222181100063,0.411,0.416,-0.0050000000000000044,-1.0,1.0,1.0,-4.072788361263858,1.0,6.0,6.0,0.0,3.0,3.0,0.1006178802379461,0.052596146898227066,0.04,1.0,2.0,6.0,6.0,0.0,36,1,0,1,7,6741,14114,5040,1935,1935,0,-0.0,0,1
APOE,OPC_GABA_AC_like_tumor,IDH_WT,tumor,1.0,-2.668709091510955,2.668709091510955,20.1000560887845,0.216,0.584,-0.368,-1.0,1.0,1.0,-2.253725601633628,1.0,6.0,3.0,0.0,0.0,3.0,0.122364695000407,0.10778539957778387,0.0,1.0,2.0,3.0,3.0,-1.0,36,1,0,1,7,6202,1012,5384,171,171,0,1.0,0,1
APOE,cycling_tumor,IDH_WT,tumor,1.0,-4.621149299509157,4.621149299509157,149.35901737537023,0.379,0.744,-0.365,-1.0,1.0,1.0,-4.340427960083712,1.0,6.0,6.0,0.0,3.0,3.0,0.1534655254557488,0.07382589628953852,0.04,1.0,2.0,6.0,6.0,0.0,36,1,0,1,7,6410,814,5847,663,663,0,-0.0,0,1
APOE,AC_like_tumor,IDH_WT,tumor,1.0,-2.450072114398831,2.450072114398831,10.322505545962061,0.352,0.672,-0.32000000000000006,-1.0,1.0,1.0,-1.6879053025953432,1.0,6.0,6.0,0.0,3.0,3.0,0.1531399133496586,0.086822863458268,0.0,1.0,2.0,6.0,6.0,0.0,36,1,0,1,7,72549,446,64812,108,108,0,-0.0,0,1
APOE,T cell,IDH_WT,T_cell,1.0,0.8944727118022824,0.8944727118022824,14.578698204018728,0.662,0.545,0.11699999999999999,1.0,0.0,0.0,0.935825120187781,1.0,6.0,6.0,0.0,3.0,3.0,0.1125528420381205,0.06786869683633903,0.02,1.0,2.0,6.0,6.0,0.0,36,1,0,1,7,2662,1463,1681,1118,1118,0,0.0,0,1
APOE,TAM1/TAM2/microglia,IDH_WT,TAM_microglia,1.0,-0.2688031221302287,0.2688031221302287,13.176939930705021,0.995,0.978,0.017000000000000015,-1.0,1.0,1.0,-0.9791405155287736,1.0,6.0,6.0,0.0,3.0,3.0,0.2392234722575476,0.20058439002568906,0.0,1.0,2.0,2.0,6.0,0.0,36,1,0,1,7,12086,25922,9696,2745,2745,0,-0.0,0,1
APP,OPC_GABA_like_tumor,IDH_Mutant,tumor,1.0,-0.3167626362650033,0.3167626362650033,7.989395620186939,0.665,0.7,-0.03499999999999992,-1.0,0.0,0.0,,0.0,3.0,26.0,0.0,13.0,13.0,0.1172844910109071,0.0531219860188931,0.0,1.0,6.0,20.0,26.0,0.0,78,1,0,1,4,6741,14114,1658,11741,1658,0,-0.0,1,1
APP,OPC_GABA_AC_like_tumor,IDH_Mutant,tumor,0.0,0.0,0.0,0.0,,,0.0,0.0,0.0,0.0,,0.0,3.0,19.0,0.0,9.0,10.0,0.0432295489429381,0.021942976615914607,0.02,1.0,4.0,16.0,19.0,-0.05263157894736842,78,1,0,1,4,6202,1012,352,742,352,0,-0.0,1,0
APP,cycling_tumor,IDH_Mutant,tumor,1.0,3.047695379909121,3.047695379909121,30.167954522455883,0.662,0.074,0.5880000000000001,1.0,1.0,1.0,0.699568325640972,1.0,3.0,13.0,0.0,13.0,0.0,0.0953371521546039,0.04503520625305321,0.0,1.0,6.0,10.0,13.0,1.0,78,1,0,1,4,6410,814,270,136,136,0,1.0,1,1
APP,AC_like_tumor,IDH_Mutant,tumor,0.0,0.0,0.0,0.0,,,0.0,0.0,0.0,0.0,,0.0,3.0,20.0,0.0,10.0,10.0,0.0466729998846793,0.02494242887230293,0.04,1.0,4.0,16.0,20.0,0.0,78,1,0,1,4,72549,446,4249,283,283,0,0.0,1,0
APP,T cell,IDH_Mutant,T_cell,0.0,0.0,0.0,0.0,,,0.0,0.0,0.0,0.0,,0.0,3.0,0.0,0.0,0.0,0.0,0.0,0.0,,0.0,0.0,0.0,0.0,,78,1,0,1,4,2662,1463,941,334,334,0,0.0,1,0
APP,TAM1/TAM2/microglia,IDH_Mutant,TAM_microglia,1.0,0.9549248139270824,0.9549248139270824,14.02637333862547,0.15,0.078,0.072,1.0,0.0,0.0,,0.0,3.0,0.0,0.0,0.0,0.0,0.0,0.0,,0.0,0.0,0.0,0.0,,78,1,0,1,4,12086,25922,2106,21701,2106,0,0.0,1,0
APP,OPC_GABA_like_tumor,IDH_WT,tumor,0.0,0.0,0.0,0.0,,,0.0,0.0,0.0,0.0,,0.0,1.0,26.0,0.0,13.0,13.0,0.1172844910109071,0.0531219860188931,0.0,1.0,6.0,20.0,26.0,0.0,78,1,0,1,4,6741,14114,5040,1935,1935,0,0.0,0,0
APP,OPC_GABA_AC_like_tumor,IDH_WT,tumor,0.0,0.0,0.0,0.0,,,0.0,0.0,0.0,0.0,,0.0,1.0,19.0,0.0,9.0,10.0,0.0432295489429381,0.021942976615914607,0.02,1.0,4.0,16.0,19.0,-0.05263157894736842,78,1,0,1,4,6202,1012,5384,171,171,0,-0.0,0,0
APP,cycling_tumor,IDH_WT,tumor,1.0,0.5635272019122394,0.5635272019122394,78.444029319751,0.695,0.241,0.45399999999999996,1.0,1.0,1.0,0.699568325640972,1.0,1.0,13.0,0.0,13.0,0.0,0.0953371521546039,0.04503520625305321,0.0,1.0,6.0,10.0,13.0,1.0,78,1,0,1,4,6410,814,5847,663,663,0,1.0,0,1
APP,AC_like_tumor,IDH_WT,tumor,0.0,0.0,0.0,0.0,,,0.0,0.0,0.0,0.0,,0.0,1.0,20.0,0.0,10.0,10.0,0.0466729998846793,0.02494242887230293,0.04,1.0,4.0,16.0,20.0,0.0,78,1,0,1,4,72549,446,64812,108,108,0,0.0,0,0
APP,T cell,IDH_WT,T_cell,0.0,0.0,0.0,0.0,,,0.0,0.0,0.0,0.0,,0.0,1.0,0.0,0.0,0.0,0.0,0.0,0.0,,0.0,0.0,0.0,0.0,,78,1,0,1,4,2662,1463,1681,1118,1118,0,0.0,0,0
APP,TAM1/TAM2/microglia,IDH_WT,TAM_microglia,0.0,0.0,0.0,0.0,,,0.0,0.0,0.0,0.0,,0.0,1.0,0.0,0.0,0.0,0.0,0.0,0.0,,0.0,0.0,0.0,0.0,,78,1,0,1,4,12086,25922,9696,2745,2745,0,0.0,0,0
AREG,OPC_GABA_like_tumor,IDH_Mutant,tumor,0.0,0.0,0.0,0.0,,,0.0,0.0,0.0,0.0,,0.0,2.0,0.0,0.0,0.0,0.0,0.0,0.0,,0.0,0.0,0.0,0.0,,7,1,0,1,1,6741,14114,1658,11741,1658,0,0.0,1,0
AREG,OPC_GABA_AC_like_tumor,IDH_Mutant,tumor,0.0,0.0,0.0,0.0,,,0.0,0.0,0.0,0.0,,0.0,2.0,0.0,0.0,0.0,0.0,0.0,0.0,,0.0,0.0,0.0,0.0,,7,1,0,1,1,6202,1012,352,742,352,0,0.0,1,0
AREG,cycling_tumor,IDH_Mutant,tumor,0.0,0.0,0.0,0.0,,,0.0,0.0,0.0,0.0,,0.0,2.0,0.0,0.0,0.0,0.0,0.0,0.0,,0.0,0.0,0.0,0.0,,7,1,0,1,1,6410,814,270,136,136,0,0.0,1,0
AREG,AC_like_tumor,IDH_Mutant,tumor,0.0,0.0,0.0,0.0,,,0.0,0.0,0.0,0.0,,0.0,2.0,0.0,0.0,0.0,0.0,0.0,0.0,,0.0,0.0,0.0,0.0,,7,1,0,1,1,72549,446,4249,283,283,0,0.0,1,0
AREG,T cell,IDH_Mutant,T_cell,1.0,2.621978049134785,2.621978049134785,45.230029365178375,0.524,0.143,0.381,1.0,1.0,1.0,1.3790139787467863,1.0,2.0,7.0,0.0,7.0,0.0,0.0324842206972956,0.012891952110335543,0.0,1.0,4.0,7.0,7.0,1.0,7,1,0,1,1,2662,1463,941,334,334,0,1.0,1,1
AREG,TAM1/TAM2/microglia,IDH_Mutant,TAM_microglia,1.0,-3.777906881760644,3.777906881760644,168.48894456347006,0.016,0.115,-0.099,-1.0,1.0,1.0,-3.319258461992185,1.0,2.0,0.0,0.0,0.0,0.0,0.0,0.0,,0.0,0.0,0.0,0.0,,7,1,0,1,1,12086,25922,2106,21701,2106,0,-0.0,1,0
AREG,OPC_GABA_like_tumor,IDH_WT,tumor,0.0,0.0,0.0,0.0,,,0.0,0.0,0.0,0.0,,0.0,2.0,0.0,0.0,0.0,0.0,0.0,0.0,,0.0,0.0,0.0,0.0,,7,1,0,1,1,6741,14114,5040,1935,1935,0,0.0,0,0
AREG,OPC_GABA_AC_like_tumor,IDH_WT,tumor,0.0,0.0,0.0,0.0,,,0.0,0.0,0.0,0.0,,0.0,2.0,0.0,0.0,0.0,0.0,0.0,0.0,,0.0,0.0,0.0,0.0,,7,1,0,1,1,6202,1012,5384,171,171,0,0.0,0,0
AREG,cycling_tumor,IDH_WT,tumor,0.0,0.0,0.0,0.0,,,0.0,0.0,0.0,0.0,,0.0,2.0,0.0,0.0,0.0,0.0,0.0,0.0,,0.0,0.0,0.0,0.0,,7,1,0,1,1,6410,814,5847,663,663,0,0.0,0,0
AREG,AC_like_tumor,IDH_WT,tumor,0.0,0.0,0.0,0.0,,,0.0,0.0,0.0,0.0,,0.0,2.0,0.0,0.0,0.0,0.0,0.0,0.0,,0.0,0.0,0.0,0.0,,7,1,0,1,1,72549,446,64812,108,108,0,0.0,0,0
AREG,T cell,IDH_WT,T_cell,1.0,0.9672239572986688,0.9672239572986688,4.436011743196359,0.226,0.141,0.08500000000000002,1.0,1.0,1.0,1.3790139787467863,1.0,2.0,7.0,0.0,7.0,0.0,0.0324842206972956,0.012891952110335543,0.0,1.0,4.0,7.0,7.0,1.0,7,1,0,1,1,2662,1463,1681,1118,1118,0,1.0,0,1
AREG,TAM1/TAM2/microglia,IDH_WT,TAM_microglia,1.0,-0.8546221706978485,0.8546221706978485,9.049947087920996,0.163,0.226,-0.063,-1.0,1.0,1.0,-3.319258461992185,1.0,2.0,0.0,0.0,0.0,0.0,0.0,0.0,,0.0,0.0,0.0,0.0,,7,1,0,1,1,12086,25922,9696,2745,2745,0,-0.0,0,0
AXL,OPC_GABA_like_tumor,IDH_Mutant,tumor,0.0,0.0,0.0,0.0,,,0.0,0.0,0.0,0.0,,0.0,0.0,0.0,0.0,0.0,0.0,0.0,0.0,,0.0,0.0,0.0,0.0,,1,0,1,1,1,6741,14114,1658,11741,1658,0,0.0,1,0
AXL,OPC_GABA_AC_like_tumor,IDH_Mutant,tumor,0.0,0.0,0.0,0.0,,,0.0,0.0,0.0,0.0,,0.0,0.0,0.0,0.0,0.0,0.0,0.0,0.0,,0.0,0.0,0.0,0.0,,1,0,1,1,1,6202,1012,352,742,352,0,0.0,1,0
AXL,cycling_tumor,IDH_Mutant,tumor,0.0,0.0,0.0,0.0,,,0.0,0.0,0.0,0.0,,0.0,0.0,0.0,0.0,0.0,0.0,0.0,0.0,,0.0,0.0,0.0,0.0,,1,0,1,1,1,6410,814,270,136,136,0,0.0,1,0
AXL,AC_like_tumor,IDH_Mutant,tumor,0.0,0.0,0.0,0.0,,,0.0,0.0,0.0,0.0,,0.0,0.0,0.0,0.0,0.0,0.0,0.0,0.0,,0.0,0.0,0.0,0.0,,1,0,1,1,1,72549,446,4249,283,283,0,0.0,1,0
AXL,T cell,IDH_Mutant,T_cell,0.0,0.0,0.0,0.0,,,0.0,0.0,0.0,0.0,,0.0,0.0,0.0,0.0,0.0,0.0,0.0,0.0,,0.0,0.0,0.0,0.0,,1,0,1,1,1,2662,1463,941,334,334,0,0.0,1,0
AXL,TAM1/TAM2/microglia,IDH_Mutant,TAM_microglia,0.0,0.0,0.0,0.0,,,0.0,0.0,0.0,0.0,,0.0,0.0,0.0,1.0,1.0,0.0,0.0038266213753899,0.0038266213753899,0.0,1.0,1.0,0.0,1.0,1.0,1,0,1,1,1,12086,25922,2106,21701,2106,0,0.0,1,0
AXL,OPC_GABA_like_tumor,IDH_WT,tumor,0.0,0.0,0.0,0.0,,,0.0,0.0,0.0,0.0,,0.0,0.0,0.0,0.0,0.0,0.0,0.0,0.0,,0.0,0.0,0.0,0.0,,1,0,1,1,1,6741,14114,5040,1935,1935,0,0.0,0,0
AXL,OPC_GABA_AC_like_tumor,IDH_WT,tumor,0.0,0.0,0.0,0.0,,,0.0,0.0,0.0,0.0,,0.0,0.0,0.0,0.0,0.0,0.0,0.0,0.0,,0.0,0.0,0.0,0.0,,1,0,1,1,1,6202,1012,5384,171,171,0,0.0,0,0
AXL,cycling_tumor,IDH_WT,tumor,0.0,0.0,0.0,0.0,,,0.0,0.0,0.0,0.0,,0.0,0.0,0.0,0.0,0.0,0.0,0.0,0.0,,0.0,0.0,0.0,0.0,,1,0,1,1,1,6410,814,5847,663,663,0,0.0,0,0
AXL,AC_like_tumor,IDH_WT,tumor,0.0,0.0,0.0,0.0,,,0.0,0.0,0.0,0.0,,0.0,0.0,0.0,0.0,0.0,0.0,0.0,0.0,,0.0,0.0,0.0,0.0,,1,0,1,1,1,72549,446,64812,108,108,0,0.0,0,0
AXL,T cell,IDH_WT,T_cell,0.0,0.0,0.0,0.0,,,0.0,0.0,0.0,0.0,,0.0,0.0,0.0,0.0,0.0,0.0,0.0,0.0,,0.0,0.0,0.0,0.0,,1,0,1,1,1,2662,1463,1681,1118,1118,0,0.0,0,0
AXL,TAM1/TAM2/microglia,IDH_WT,TAM_microglia,0.0,0.0,0.0,0.0,,,0.0,0.0,0.0,0.0,,0.0,0.0,0.0,1.0,1.0,0.0,0.0038266213753899,0.0038266213753899,0.0,1.0,1.0,0.0,1.0,1.0,1,0,1,1,1,12086,25922,9696,2745,2745,0,0.0,0,0
BSG,OPC_GABA_like_tumor,IDH_Mutant,tumor,0.0,0.0,0.0,0.0,,,0.0,0.0,0.0,0.0,,0.0,1.0,0.0,26.0,13.0,13.0,0.0371646066923417,0.028620767883067635,0.04,1.0,7.0,10.0,26.0,0.0,56,0,1,1,4,6741,14114,1658,11741,1658,0,0.0,1,0
BSG,OPC_GABA_AC_like_tumor,IDH_Mutant,tumor,1.0,0.5692270483188733,0.5692270483188733,1.3611990434991594,0.247,0.111,0.136,1.0,1.0,1.0,,0.0,1.0,0.0,11.0,11.0,0.0,0.0364716239047509,0.030268695875044747,0.0,1.0,7.0,3.0,11.0,1.0,56,0,1,1,4,6202,1012,352,742,352,0,1.0,1,1
BSG,cycling_tumor,IDH_Mutant,tumor,0.0,0.0,0.0,0.0,,,0.0,0.0,0.0,0.0,,0.0,1.0,0.0,13.0,13.0,0.0,0.1356608701322122,0.10899925749619775,0.0,1.0,7.0,5.0,13.0,1.0,56,0,1,1,4,6410,814,270,136,136,0,0.0,1,0
BSG,AC_like_tumor,IDH_Mutant,tumor,0.0,0.0,0.0,0.0,,,0.0,0.0,0.0,0.0,,0.0,1.0,0.0,6.0,6.0,0.0,0.027815192477311,0.02515049437541185,0.04,1.0,4.0,0.0,6.0,1.0,56,0,1,1,4,72549,446,4249,283,283,0,0.0,1,0
BSG,T cell,IDH_Mutant,T_cell,0.0,0.0,0.0,0.0,,,0.0,0.0,0.0,0.0,,0.0,1.0,0.0,0.0,0.0,0.0,0.0,0.0,,0.0,0.0,0.0,0.0,,56,0,1,1,4,2662,1463,941,334,334,0,0.0,1,0
BSG,TAM1/TAM2/microglia,IDH_Mutant,TAM_microglia,0.0,0.0,0.0,0.0,,,0.0,0.0,0.0,0.0,,0.0,1.0,0.0,0.0,0.0,0.0,0.0,0.0,,0.0,0.0,0.0,0.0,,56,0,1,1,4,12086,25922,2106,21701,2106,0,0.0,1,0
BSG,OPC_GABA_like_tumor,IDH_WT,tumor,1.0,1.0060499171543125,1.0060499171543125,184.95248526242392,0.777,0.317,0.46,1.0,0.0,0.0,,0.0,3.0,0.0,26.0,13.0,13.0,0.0371646066923417,0.028620767883067635,0.04,1.0,7.0,10.0,26.0,0.0,56,0,1,1,4,6741,14114,5040,1935,1935,0,0.0,0,1
BSG,OPC_GABA_AC_like_tumor,IDH_WT,tumor,1.0,1.3234847186944911,1.3234847186944911,14.531889683304207,0.503,0.203,0.3,1.0,1.0,1.0,,0.0,3.0,0.0,11.0,11.0,0.0,0.0364716239047509,0.030268695875044747,0.0,1.0,7.0,3.0,11.0,1.0,56,0,1,1,4,6202,1012,5384,171,171,0,1.0,0,1
BSG,cycling_tumor,IDH_WT,tumor,1.0,1.634504647128292,1.634504647128292,200.83427001293353,0.851,0.25,0.601,1.0,0.0,0.0,1.472420085272131,1.0,3.0,0.0,13.0,13.0,0.0,0.1356608701322122,0.10899925749619775,0.0,1.0,7.0,5.0,13.0,1.0,56,0,1,1,4,6410,814,5847,663,663,0,1.0,0,1
BSG,AC_like_tumor,IDH_WT,tumor,0.0,0.0,0.0,0.0,,,0.0,0.0,0.0,0.0,,0.0,3.0,0.0,6.0,6.0,0.0,0.027815192477311,0.02515049437541185,0.04,1.0,4.0,0.0,6.0,1.0,56,0,1,1,4,72549,446,64812,108,108,0,0.0,0,0
BSG,T cell,IDH_WT,T_cell,0.0,0.0,0.0,0.0,,,0.0,0.0,0.0,0.0,,0.0,3.0,0.0,0.0,0.0,0.0,0.0,0.0,,0.0,0.0,0.0,0.0,,56,0,1,1,4,2662,1463,1681,1118,1118,0,0.0,0,0
BSG,TAM1/TAM2/microglia,IDH_WT,TAM_microglia,0.0,0.0,0.0,0.0,,,0.0,0.0,0.0,0.0,,0.0,3.0,0.0,0.0,0.0,0.0,0.0,0.0,,0.0,0.0,0.0,0.0,,56,0,1,1,4,12086,25922,9696,2745,2745,0,0.0,0,0
C3,OPC_GABA_like_tumor,IDH_Mutant,tumor,0.0,0.0,0.0,0.0,,,0.0,0.0,0.0,0.0,,0.0,2.0,0.0,0.0,0.0,0.0,0.0,0.0,,0.0,0.0,0.0,0.0,,6,1,0,1,1,6741,14114,1658,11741,1658,0,0.0,1,0
C3,OPC_GABA_AC_like_tumor,IDH_Mutant,tumor,1.0,-3.2271467093959534,3.2271467093959534,6.20874983405437,0.019,0.111,-0.092,-1.0,0.0,0.0,,0.0,2.0,0.0,0.0,0.0,0.0,0.0,0.0,,0.0,0.0,0.0,0.0,,6,1,0,1,1,6202,1012,352,742,352,0,-0.0,1,0
C3,cycling_tumor,IDH_Mutant,tumor,1.0,-5.7893548254696,5.7893548254696,16.716723966679133,0.051,0.533,-0.48200000000000004,-1.0,1.0,1.0,-5.025493283963822,1.0,2.0,0.0,0.0,0.0,0.0,0.0,0.0,,0.0,0.0,0.0,0.0,,6,1,0,1,1,6410,814,270,136,136,0,-0.0,1,0
C3,AC_like_tumor,IDH_Mutant,tumor,0.0,0.0,0.0,0.0,,,0.0,0.0,0.0,0.0,,0.0,2.0,0.0,0.0,0.0,0.0,0.0,0.0,,0.0,0.0,0.0,0.0,,6,1,0,1,1,72549,446,4249,283,283,0,0.0,1,0
C3,T cell,IDH_Mutant,T_cell,0.0,0.0,0.0,0.0,,,0.0,0.0,0.0,0.0,,0.0,2.0,0.0,0.0,0.0,0.0,0.0,0.0,,0.0,0.0,0.0,0.0,,6,1,0,1,1,2662,1463,941,334,334,0,0.0,1,0
C3,TAM1/TAM2/microglia,IDH_Mutant,TAM_microglia,0.0,0.0,0.0,0.0,,,0.0,0.0,0.0,0.0,,0.0,2.0,6.0,0.0,3.0,3.0,0.0977093082783739,0.04598645097470667,0.0,1.0,1.0,0.0,6.0,0.0,6,1,0,1,1,12086,25922,2106,21701,2106,0,0.0,1,0
C3,OPC_GABA_like_tumor,IDH_WT,tumor,0.0,0.0,0.0,0.0,,,0.0,0.0,0.0,0.0,,0.0,2.0,0.0,0.0,0.0,0.0,0.0,0.0,,0.0,0.0,0.0,0.0,,6,1,0,1,1,6741,14114,5040,1935,1935,0,0.0,0,0
C3,OPC_GABA_AC_like_tumor,IDH_WT,tumor,0.0,0.0,0.0,0.0,,,0.0,0.0,0.0,0.0,,0.0,2.0,0.0,0.0,0.0,0.0,0.0,0.0,,0.0,0.0,0.0,0.0,,6,1,0,1,1,6202,1012,5384,171,171,0,0.0,0,0
C3,cycling_tumor,IDH_WT,tumor,1.0,-5.515786341867351,5.515786341867351,19.951250467066693,0.012,0.161,-0.149,-1.0,1.0,1.0,-5.025493283963822,1.0,2.0,0.0,0.0,0.0,0.0,0.0,0.0,,0.0,0.0,0.0,0.0,,6,1,0,1,1,6410,814,5847,663,663,0,-0.0,0,0
C3,AC_like_tumor,IDH_WT,tumor,0.0,0.0,0.0,0.0,,,0.0,0.0,0.0,0.0,,0.0,2.0,0.0,0.0,0.0,0.0,0.0,0.0,,0.0,0.0,0.0,0.0,,6,1,0,1,1,72549,446,64812,108,108,0,0.0,0,0
C3,T cell,IDH_WT,T_cell,0.0,0.0,0.0,0.0,,,0.0,0.0,0.0,0.0,,0.0,2.0,0.0,0.0,0.0,0.0,0.0,0.0,,0.0,0.0,0.0,0.0,,6,1,0,1,1,2662,1463,1681,1118,1118,0,0.0,0,0
C3,TAM1/TAM2/microglia,IDH_WT,TAM_microglia,1.0,0.9200044734354852,0.9200044734354852,195.78743316022954,0.808,0.543,0.265,1.0,0.0,0.0,0.6393895524981916,1.0,2.0,6.0,0.0,3.0,3.0,0.0977093082783739,0.04598645097470667,0.0,1.0,1.0,0.0,6.0,0.0,6,1,0,1,1,12086,25922,9696,2745,2745,0,0.0,0,1
C3AR1,OPC_GABA_like_tumor,IDH_Mutant,tumor,0.0,0.0,0.0,0.0,,,0.0,0.0,0.0,0.0,,0.0,2.0,0.0,0.0,0.0,0.0,0.0,0.0,,0.0,0.0,0.0,0.0,,4,0,1,1,1,6741,14114,1658,11741,1658,0,0.0,1,0
C3AR1,OPC_GABA_AC_like_tumor,IDH_Mutant,tumor,0.0,0.0,0.0,0.0,,,0.0,0.0,0.0,0.0,,0.0,2.0,0.0,0.0,0.0,0.0,0.0,0.0,,0.0,0.0,0.0,0.0,,4,0,1,1,1,6202,1012,352,742,352,0,0.0,1,0
C3AR1,cycling_tumor,IDH_Mutant,tumor,1.0,-4.2010625640353165,4.2010625640353165,3.7295459675818354,0.037,0.274,-0.23700000000000002,-1.0,0.0,0.0,,0.0,2.0,0.0,0.0,0.0,0.0,0.0,0.0,,0.0,0.0,0.0,0.0,,4,0,1,1,1,6410,814,270,136,136,0,-0.0,1,0
C3AR1,AC_like_tumor,IDH_Mutant,tumor,0.0,0.0,0.0,0.0,,,0.0,0.0,0.0,0.0,,0.0,2.0,0.0,0.0,0.0,0.0,0.0,0.0,,0.0,0.0,0.0,0.0,,4,0,1,1,1,72549,446,4249,283,283,0,0.0,1,0
C3AR1,T cell,IDH_Mutant,T_cell,0.0,0.0,0.0,0.0,,,0.0,0.0,0.0,0.0,,0.0,2.0,0.0,0.0,0.0,0.0,0.0,0.0,,0.0,0.0,0.0,0.0,,4,0,1,1,1,2662,1463,941,334,334,0,0.0,1,0
C3AR1,TAM1/TAM2/microglia,IDH_Mutant,TAM_microglia,1.0,0.893722014349404,0.893722014349404,107.45626348949514,0.745,0.589,0.15600000000000003,1.0,1.0,1.0,1.4998452390535073,1.0,2.0,0.0,4.0,2.0,2.0,0.0977093082783739,0.05098393546440895,0.0,1.0,1.0,0.0,4.0,0.0,4,0,1,1,1,12086,25922,2106,21701,2106,0,0.0,1,1
C3AR1,OPC_GABA_like_tumor,IDH_WT,tumor,0.0,0.0,0.0,0.0,,,0.0,0.0,0.0,0.0,,0.0,1.0,0.0,0.0,0.0,0.0,0.0,0.0,,0.0,0.0,0.0,0.0,,4,0,1,1,1,6741,14114,5040,1935,1935,0,0.0,0,0
C3AR1,OPC_GABA_AC_like_tumor,IDH_WT,tumor,0.0,0.0,0.0,0.0,,,0.0,0.0,0.0,0.0,,0.0,1.0,0.0,0.0,0.0,0.0,0.0,0.0,,0.0,0.0,0.0,0.0,,4,0,1,1,1,6202,1012,5384,171,171,0,0.0,0,0
C3AR1,cycling_tumor,IDH_WT,tumor,0.0,0.0,0.0,0.0,,,0.0,0.0,0.0,0.0,,0.0,1.0,0.0,0.0,0.0,0.0,0.0,0.0,,0.0,0.0,0.0,0.0,,4,0,1,1,1,6410,814,5847,663,663,0,0.0,0,0
C3AR1,AC_like_tumor,IDH_WT,tumor,0.0,0.0,0.0,0.0,,,0.0,0.0,0.0,0.0,,0.0,1.0,0.0,0.0,0.0,0.0,0.0,0.0,,0.0,0.0,0.0,0.0,,4,0,1,1,1,72549,446,64812,108,108,0,0.0,0,0
C3AR1,T cell,IDH_WT,T_cell,0.0,0.0,0.0,0.0,,,0.0,0.0,0.0,0.0,,0.0,1.0,0.0,0.0,0.0,0.0,0.0,0.0,,0.0,0.0,0.0,0.0,,4,0,1,1,1,2662,1463,1681,1118,1118,0,0.0,0,0
C3AR1,TAM1/TAM2/microglia,IDH_WT,TAM_microglia,1.0,0.8191693115065118,0.8191693115065118,93.9981608544624,0.574,0.363,0.21099999999999997,1.0,1.0,1.0,1.4998452390535073,1.0,1.0,0.0,4.0,2.0,2.0,0.0977093082783739,0.05098393546440895,0.0,1.0,1.0,0.0,4.0,0.0,4,0,1,1,1,12086,25922,9696,2745,2745,0,0.0,0,1
CADM1,OPC_GABA_like_tumor,IDH_Mutant,tumor,1.0,0.3166143080291086,0.3166143080291086,6.401929440123118,0.49,0.408,0.08200000000000002,1.0,0.0,0.0,,0.0,2.0,8.0,8.0,8.0,8.0,0.0116234274434474,0.006223641285348925,0.0,1.0,3.0,0.0,16.0,0.0,32,1,1,1,3,6741,14114,1658,11741,1658,0,0.0,1,1
CADM1,OPC_GABA_AC_like_tumor,IDH_Mutant,tumor,0.0,0.0,0.0,0.0,,,0.0,0.0,0.0,0.0,,0.0,2.0,0.0,0.0,0.0,0.0,0.0,0.0,,0.0,0.0,0.0,0.0,,32,1,1,1,3,6202,1012,352,742,352,0,0.0,1,0
CADM1,cycling_tumor,IDH_Mutant,tumor,1.0,3.528013664644946,3.528013664644946,17.323256391110135,0.434,0.044,0.39,1.0,0.0,0.0,0.2657044225772538,1.0,2.0,4.0,4.0,8.0,0.0,0.0099681326072411,0.00696732355166845,0.0,1.0,3.0,0.0,8.0,1.0,32,1,1,1,3,6410,814,270,136,136,0,1.0,1,1
CADM1,AC_like_tumor,IDH_Mutant,tumor,0.0,0.0,0.0,0.0,,,0.0,0.0,0.0,0.0,,0.0,2.0,4.0,4.0,8.0,0.0,0.0047318087990022,0.0033035204842957,0.0,1.0,3.0,0.0,8.0,1.0,32,1,1,1,3,72549,446,4249,283,283,0,0.0,1,0
CADM1,T cell,IDH_Mutant,T_cell,0.0,0.0,0.0,0.0,,,0.0,0.0,0.0,0.0,,0.0,2.0,0.0,0.0,0.0,0.0,0.0,0.0,,0.0,0.0,0.0,0.0,,32,1,1,1,3,2662,1463,941,334,334,0,0.0,1,0
CADM1,TAM1/TAM2/microglia,IDH_Mutant,TAM_microglia,0.0,0.0,0.0,0.0,,,0.0,0.0,0.0,0.0,,0.0,2.0,0.0,0.0,0.0,0.0,0.0,0.0,,0.0,0.0,0.0,0.0,,32,1,1,1,3,12086,25922,2106,21701,2106,0,0.0,1,0
CADM1,OPC_GABA_like_tumor,IDH_WT,tumor,0.0,0.0,0.0,0.0,,,0.0,0.0,0.0,0.0,,0.0,1.0,8.0,8.0,8.0,8.0,0.0116234274434474,0.006223641285348925,0.0,1.0,3.0,0.0,16.0,0.0,32,1,1,1,3,6741,14114,5040,1935,1935,0,0.0,0,0
CADM1,OPC_GABA_AC_like_tumor,IDH_WT,tumor,0.0,0.0,0.0,0.0,,,0.0,0.0,0.0,0.0,,0.0,1.0,0.0,0.0,0.0,0.0,0.0,0.0,,0.0,0.0,0.0,0.0,,32,1,1,1,3,6202,1012,5384,171,171,0,0.0,0,0
CADM1,cycling_tumor,IDH_WT,tumor,0.0,0.0,0.0,0.0,,,0.0,0.0,0.0,0.0,,0.0,1.0,4.0,4.0,8.0,0.0,0.0099681326072411,0.00696732355166845,0.0,1.0,3.0,0.0,8.0,1.0,32,1,1,1,3,6410,814,5847,663,663,0,0.0,0,0
CADM1,AC_like_tumor,IDH_WT,tumor,0.0,0.0,0.0,0.0,,,0.0,0.0,0.0,0.0,,0.0,1.0,4.0,4.0,8.0,0.0,0.0047318087990022,0.0033035204842957,0.0,1.0,3.0,0.0,8.0,1.0,32,1,1,1,3,72549,446,64812,108,108,0,0.0,0,0
CADM1,T cell,IDH_WT,T_cell,0.0,0.0,0.0,0.0,,,0.0,0.0,0.0,0.0,,0.0,1.0,0.0,0.0,0.0,0.0,0.0,0.0,,0.0,0.0,0.0,0.0,,32,1,1,1,3,2662,1463,1681,1118,1118,0,0.0,0,0
CADM1,TAM1/TAM2/microglia,IDH_WT,TAM_microglia,1.0,-0.8550974990046181,0.8550974990046181,15.726103602900293,0.156,0.234,-0.07800000000000001,-1.0,0.0,0.0,-3.180587124716535,1.0,1.0,0.0,0.0,0.0,0.0,0.0,0.0,,0.0,0.0,0.0,0.0,,32,1,1,1,3,12086,25922,9696,2745,2745,0,-0.0,0,0
CD4,OPC_GABA_like_tumor,IDH_Mutant,tumor,0.0,0.0,0.0,0.0,,,0.0,0.0,0.0,0.0,,0.0,1.0,0.0,0.0,0.0,0.0,0.0,0.0,,0.0,0.0,0.0,0.0,,88,0,1,1,1,6741,14114,1658,11741,1658,0,0.0,1,0
CD4,OPC_GABA_AC_like_tumor,IDH_Mutant,tumor,0.0,0.0,0.0,0.0,,,0.0,0.0,0.0,0.0,,0.0,1.0,0.0,0.0,0.0,0.0,0.0,0.0,,0.0,0.0,0.0,0.0,,88,0,1,1,1,6202,1012,352,742,352,0,0.0,1,0
CD4,cycling_tumor,IDH_Mutant,tumor,1.0,-5.401511792661634,5.401511792661634,2.188992436607403,0.007,0.189,-0.182,-1.0,0.0,0.0,,0.0,1.0,0.0,0.0,0.0,0.0,0.0,0.0,,0.0,0.0,0.0,0.0,,88,0,1,1,1,6410,814,270,136,136,0,-0.0,1,0
CD4,AC_like_tumor,IDH_Mutant,tumor,0.0,0.0,0.0,0.0,,,0.0,0.0,0.0,0.0,,0.0,1.0,0.0,0.0,0.0,0.0,0.0,0.0,,0.0,0.0,0.0,0.0,,88,0,1,1,1,72549,446,4249,283,283,0,0.0,1,0
CD4,T cell,IDH_Mutant,T_cell,0.0,0.0,0.0,0.0,,,0.0,0.0,0.0,0.0,,0.0,1.0,0.0,0.0,0.0,0.0,0.0,0.0,,0.0,0.0,0.0,0.0,,88,0,1,1,1,2662,1463,941,334,334,0,0.0,1,0
CD4,TAM1/TAM2/microglia,IDH_Mutant,TAM_microglia,0.0,0.0,0.0,0.0,,,0.0,0.0,0.0,0.0,,0.0,1.0,0.0,88.0,44.0,44.0,0.0431531889546866,0.007870965558880417,0.0,1.0,7.0,52.0,88.0,0.0,88,0,1,1,1,12086,25922,2106,21701,2106,0,0.0,1,0
CD4,OPC_GABA_like_tumor,IDH_WT,tumor,0.0,0.0,0.0,0.0,,,0.0,0.0,0.0,0.0,,0.0,1.0,0.0,0.0,0.0,0.0,0.0,0.0,,0.0,0.0,0.0,0.0,,88,0,1,1,1,6741,14114,5040,1935,1935,0,0.0,0,0
CD4,OPC_GABA_AC_like_tumor,IDH_WT,tumor,0.0,0.0,0.0,0.0,,,0.0,0.0,0.0,0.0,,0.0,1.0,0.0,0.0,0.0,0.0,0.0,0.0,,0.0,0.0,0.0,0.0,,88,0,1,1,1,6202,1012,5384,171,171,0,0.0,0,0
CD4,cycling_tumor,IDH_WT,tumor,0.0,0.0,0.0,0.0,,,0.0,0.0,0.0,0.0,,0.0,1.0,0.0,0.0,0.0,0.0,0.0,0.0,,0.0,0.0,0.0,0.0,,88,0,1,1,1,6410,814,5847,663,663,0,0.0,0,0
CD4,AC_like_tumor,IDH_WT,tumor,0.0,0.0,0.0,0.0,,,0.0,0.0,0.0,0.0,,0.0,1.0,0.0,0.0,0.0,0.0,0.0,0.0,,0.0,0.0,0.0,0.0,,88,0,1,1,1,72549,446,64812,108,108,0,0.0,0,0
CD4,T cell,IDH_WT,T_cell,0.0,0.0,0.0,0.0,,,0.0,0.0,0.0,0.0,,0.0,1.0,0.0,0.0,0.0,0.0,0.0,0.0,,0.0,0.0,0.0,0.0,,88,0,1,1,1,2662,1463,1681,1118,1118,0,0.0,0,0
CD4,TAM1/TAM2/microglia,IDH_WT,TAM_microglia,1.0,0.4949366086264276,0.4949366086264276,32.26112882942621,0.344,0.221,0.12299999999999997,1.0,0.0,0.0,0.5416554649180666,1.0,1.0,0.0,88.0,44.0,44.0,0.0431531889546866,0.007870965558880417,0.0,1.0,7.0,52.0,88.0,0.0,88,0,1,1,1,12086,25922,9696,2745,2745,0,0.0,0,1
CD44,OPC_GABA_like_tumor,IDH_Mutant,tumor,1.0,-6.825348049382173,6.825348049382173,300.0,0.004,0.298,-0.294,-1.0,1.0,1.0,-4.828150112039511,1.0,1.0,0.0,0.0,0.0,0.0,0.0,0.0,,0.0,0.0,0.0,0.0,,48,0,1,4,1,6741,14114,1658,11741,1658,0,-0.0,1,0
CD44,OPC_GABA_AC_like_tumor,IDH_Mutant,tumor,0.0,0.0,0.0,0.0,,,0.0,0.0,0.0,0.0,,0.0,1.0,0.0,0.0,0.0,0.0,0.0,0.0,,0.0,0.0,0.0,0.0,,48,0,1,4,1,6202,1012,352,742,352,0,0.0,1,0
CD44,cycling_tumor,IDH_Mutant,tumor,0.0,0.0,0.0,0.0,,,0.0,0.0,0.0,0.0,,0.0,1.0,0.0,0.0,0.0,0.0,0.0,0.0,,0.0,0.0,0.0,0.0,,48,0,1,4,1,6410,814,270,136,136,0,0.0,1,0
CD44,AC_like_tumor,IDH_Mutant,tumor,0.0,0.0,0.0,0.0,,,0.0,0.0,0.0,0.0,,0.0,1.0,0.0,0.0,0.0,0.0,0.0,0.0,,0.0,0.0,0.0,0.0,,48,0,1,4,1,72549,446,4249,283,283,0,0.0,1,0
CD44,T cell,IDH_Mutant,T_cell,0.0,0.0,0.0,0.0,,,0.0,0.0,0.0,0.0,,0.0,1.0,0.0,48.0,24.0,24.0,0.0602207357854614,0.016896345135416935,0.0,4.0,7.0,40.0,48.0,0.0,48,0,1,4,1,2662,1463,941,334,334,0,0.0,1,0
CD44,TAM1/TAM2/microglia,IDH_Mutant,TAM_microglia,0.0,0.0,0.0,0.0,,,0.0,0.0,0.0,0.0,,0.0,1.0,0.0,0.0,0.0,0.0,0.0,0.0,,0.0,0.0,0.0,0.0,,48,0,1,4,1,12086,25922,2106,21701,2106,0,0.0,1,0
CD44,OPC_GABA_like_tumor,IDH_WT,tumor,1.0,-2.247235162422041,2.247235162422041,9.787569044410544,0.049,0.107,-0.057999999999999996,-1.0,1.0,1.0,-4.828150112039511,1.0,4.0,0.0,0.0,0.0,0.0,0.0,0.0,,0.0,0.0,0.0,0.0,,48,0,1,4,1,6741,14114,5040,1935,1935,0,-0.0,0,0
CD44,OPC_GABA_AC_like_tumor,IDH_WT,tumor,0.0,0.0,0.0,0.0,,,0.0,0.0,0.0,0.0,,0.0,4.0,0.0,0.0,0.0,0.0,0.0,0.0,,0.0,0.0,0.0,0.0,,48,0,1,4,1,6202,1012,5384,171,171,0,0.0,0,0
CD44,cycling_tumor,IDH_WT,tumor,1.0,-3.681574892229917,3.681574892229917,7.900324204016451,0.044,0.139,-0.09500000000000001,-1.0,0.0,0.0,-3.838968159960016,1.0,4.0,0.0,0.0,0.0,0.0,0.0,0.0,,0.0,0.0,0.0,0.0,,48,0,1,4,1,6410,814,5847,663,663,0,-0.0,0,0
CD44,AC_like_tumor,IDH_WT,tumor,0.0,0.0,0.0,0.0,,,0.0,0.0,0.0,0.0,,0.0,4.0,0.0,0.0,0.0,0.0,0.0,0.0,,0.0,0.0,0.0,0.0,,48,0,1,4,1,72549,446,64812,108,108,0,0.0,0,0
CD44,T cell,IDH_WT,T_cell,1.0,-0.5177355818729936,0.5177355818729936,4.846343131158478,0.28,0.399,-0.119,-1.0,0.0,0.0,-0.5212805239261107,1.0,4.0,0.0,48.0,24.0,24.0,0.0602207357854614,0.016896345135416935,0.0,4.0,7.0,40.0,48.0,0.0,48,0,1,4,1,2662,1463,1681,1118,1118,0,-0.0,0,1
CD44,TAM1/TAM2/microglia,IDH_WT,TAM_microglia,1.0,-1.2385395206382168,1.2385395206382168,40.20401467498641,0.15,0.275,-0.12500000000000003,-1.0,0.0,0.0,-3.14422938584434,1.0,4.0,0.0,0.0,0.0,0.0,0.0,0.0,,0.0,0.0,0.0,0.0,,48,0,1,4,1,12086,25922,9696,2745,2745,0,-0.0,0,0
CD69,OPC_GABA_like_tumor,IDH_Mutant,tumor,0.0,0.0,0.0,0.0,,,0.0,0.0,0.0,0.0,,0.0,1.0,0.0,0.0,0.0,0.0,0.0,0.0,,0.0,0.0,0.0,0.0,,6,1,0,1,2,6741,14114,1658,11741,1658,0,0.0,1,0
CD69,OPC_GABA_AC_like_tumor,IDH_Mutant,tumor,0.0,0.0,0.0,0.0,,,0.0,0.0,0.0,0.0,,0.0,1.0,0.0,0.0,0.0,0.0,0.0,0.0,,0.0,0.0,0.0,0.0,,6,1,0,1,2,6202,1012,352,742,352,0,0.0,1,0
CD69,cycling_tumor,IDH_Mutant,tumor,0.0,0.0,0.0,0.0,,,0.0,0.0,0.0,0.0,,0.0,1.0,0.0,0.0,0.0,0.0,0.0,0.0,,0.0,0.0,0.0,0.0,,6,1,0,1,2,6410,814,270,136,136,0,0.0,1,0
CD69,AC_like_tumor,IDH_Mutant,tumor,0.0,0.0,0.0,0.0,,,0.0,0.0,0.0,0.0,,0.0,1.0,0.0,0.0,0.0,0.0,0.0,0.0,,0.0,0.0,0.0,0.0,,6,1,0,1,2,72549,446,4249,283,283,0,0.0,1,0
CD69,T cell,IDH_Mutant,T_cell,1.0,-0.5267865336035498,0.5267865336035498,1.4711407130907908,0.716,0.799,-0.08300000000000007,-1.0,1.0,1.0,-0.8759182319456174,1.0,1.0,4.0,0.0,2.0,2.0,0.0319079660883083,0.019165476305495574,0.0,1.0,1.0,0.0,4.0,0.0,6,1,0,1,2,2662,1463,941,334,334,0,-0.0,1,1
CD69,TAM1/TAM2/microglia,IDH_Mutant,TAM_microglia,0.0,0.0,0.0,0.0,,,0.0,0.0,0.0,0.0,,0.0,1.0,2.0,0.0,2.0,0.0,0.0054582771010761,0.0049009474620876,0.0,1.0,1.0,2.0,2.0,1.0,6,1,0,1,2,12086,25922,2106,21701,2106,0,0.0,1,0
CD69,OPC_GABA_like_tumor,IDH_WT,tumor,0.0,0.0,0.0,0.0,,,0.0,0.0,0.0,0.0,,0.0,2.0,0.0,0.0,0.0,0.0,0.0,0.0,,0.0,0.0,0.0,0.0,,6,1,0,1,2,6741,14114,5040,1935,1935,0,0.0,0,0
CD69,OPC_GABA_AC_like_tumor,IDH_WT,tumor,0.0,0.0,0.0,0.0,,,0.0,0.0,0.0,0.0,,0.0,2.0,0.0,0.0,0.0,0.0,0.0,0.0,,0.0,0.0,0.0,0.0,,6,1,0,1,2,6202,1012,5384,171,171,0,0.0,0,0
CD69,cycling_tumor,IDH_WT,tumor,0.0,0.0,0.0,0.0,,,0.0,0.0,0.0,0.0,,0.0,2.0,0.0,0.0,0.0,0.0,0.0,0.0,,0.0,0.0,0.0,0.0,,6,1,0,1,2,6410,814,5847,663,663,0,0.0,0,0
CD69,AC_like_tumor,IDH_WT,tumor,0.0,0.0,0.0,0.0,,,0.0,0.0,0.0,0.0,,0.0,2.0,0.0,0.0,0.0,0.0,0.0,0.0,,0.0,0.0,0.0,0.0,,6,1,0,1,2,72549,446,64812,108,108,0,0.0,0,0
CD69,T cell,IDH_WT,T_cell,1.0,-0.9019146998420502,0.9019146998420502,16.352325035005265,0.389,0.542,-0.15300000000000002,-1.0,1.0,1.0,-0.8759182319456174,1.0,2.0,4.0,0.0,2.0,2.0,0.0319079660883083,0.019165476305495574,0.0,1.0,1.0,0.0,4.0,0.0,6,1,0,1,2,2662,1463,1681,1118,1118,0,-0.0,0,1
CD69,TAM1/TAM2/microglia,IDH_WT,TAM_microglia,1.0,1.0733640866463734,1.0733640866463734,83.44111632462776,0.365,0.189,0.176,1.0,0.0,0.0,0.7006783248470634,1.0,2.0,2.0,0.0,2.0,0.0,0.0054582771010761,0.0049009474620876,0.0,1.0,1.0,2.0,2.0,1.0,6,1,0,1,2,12086,25922,9696,2745,2745,0,1.0,0,1
CD74,OPC_GABA_like_tumor,IDH_Mutant,tumor,1.0,-2.342910580514916,2.342910580514916,52.573378704302705,0.092,0.218,-0.126,-1.0,1.0,1.0,-2.3041532751923843,1.0,4.0,0.0,0.0,0.0,0.0,0.0,0.0,,0.0,0.0,0.0,0.0,,109,0,1,2,6,6741,14114,1658,11741,1658,0,-0.0,1,0
CD74,OPC_GABA_AC_like_tumor,IDH_Mutant,tumor,1.0,-3.614543750610336,3.614543750610336,23.210025313781884,0.049,0.276,-0.22700000000000004,-1.0,1.0,1.0,-2.7587158941915417,1.0,4.0,0.0,3.0,0.0,3.0,0.0151993918896934,0.013638357598851734,0.0,1.0,2.0,0.0,3.0,-1.0,109,0,1,2,6,6202,1012,352,742,352,0,1.0,1,1
CD74,cycling_tumor,IDH_Mutant,tumor,1.0,-5.536727835775332,5.536727835775332,28.934841700234518,0.162,0.752,-0.59,-1.0,1.0,1.0,-5.927962019903013,1.0,4.0,0.0,7.0,0.0,7.0,0.0612864457630957,0.03553958875203499,0.0,1.0,4.0,0.0,7.0,-1.0,109,0,1,2,6,6410,814,270,136,136,0,1.0,1,1
CD74,AC_like_tumor,IDH_Mutant,tumor,0.0,0.0,0.0,0.0,,,0.0,0.0,0.0,0.0,,0.0,4.0,0.0,6.0,0.0,6.0,0.0223694210384319,0.013996717026047665,0.04,1.0,4.0,0.0,6.0,-1.0,109,0,1,2,6,72549,446,4249,283,283,0,-0.0,1,0
CD74,T cell,IDH_Mutant,T_cell,0.0,0.0,0.0,0.0,,,0.0,0.0,0.0,0.0,,0.0,4.0,0.0,50.0,25.0,25.0,0.0485948380951234,0.015620824906069038,0.0,2.0,6.0,42.0,50.0,0.0,109,0,1,2,6,2662,1463,941,334,334,0,0.0,1,0
CD74,TAM1/TAM2/microglia,IDH_Mutant,TAM_microglia,1.0,-0.6488107755664014,0.6488107755664014,154.4193713096651,0.961,0.979,-0.018000000000000016,-1.0,0.0,0.0,-0.3063398180010166,1.0,4.0,0.0,36.0,18.0,18.0,0.1172844910109071,0.05013193574605534,0.0,2.0,6.0,34.0,36.0,0.0,109,0,1,2,6,12086,25922,2106,21701,2106,0,-0.0,1,1
CD74,OPC_GABA_like_tumor,IDH_WT,tumor,1.0,-2.952578685908728,2.952578685908728,34.839183550101225,0.067,0.188,-0.121,-1.0,1.0,1.0,-2.3041532751923843,1.0,5.0,0.0,0.0,0.0,0.0,0.0,0.0,,0.0,0.0,0.0,0.0,,109,0,1,2,6,6741,14114,5040,1935,1935,0,-0.0,0,0
CD74,OPC_GABA_AC_like_tumor,IDH_WT,tumor,1.0,-5.750809206703872,5.750809206703872,8.57196556734812,0.012,0.266,-0.254,-1.0,1.0,1.0,-2.7587158941915417,1.0,5.0,0.0,3.0,0.0,3.0,0.0151993918896934,0.013638357598851734,0.0,1.0,2.0,0.0,3.0,-1.0,109,0,1,2,6,6202,1012,5384,171,171,0,1.0,0,1
CD74,cycling_tumor,IDH_WT,tumor,1.0,-6.387483746847463,6.387483746847463,121.72889883276908,0.057,0.56,-0.503,-1.0,1.0,1.0,-5.927962019903013,1.0,5.0,0.0,7.0,0.0,7.0,0.0612864457630957,0.03553958875203499,0.0,1.0,4.0,0.0,7.0,-1.0,109,0,1,2,6,6410,814,5847,663,663,0,1.0,0,1
CD74,AC_like_tumor,IDH_WT,tumor,1.0,-2.534226072156967,2.534226072156967,2.836070694942039,0.157,0.389,-0.232,-1.0,0.0,0.0,-1.6785643130973755,1.0,5.0,0.0,6.0,0.0,6.0,0.0223694210384319,0.013996717026047665,0.04,1.0,4.0,0.0,6.0,-1.0,109,0,1,2,6,72549,446,64812,108,108,0,1.0,0,1
CD74,T cell,IDH_WT,T_cell,1.0,0.6546071138404836,0.6546071138404836,1.950123902297721,0.44,0.371,0.069,1.0,0.0,0.0,0.7998421542708241,1.0,5.0,0.0,50.0,25.0,25.0,0.0485948380951234,0.015620824906069038,0.0,2.0,6.0,42.0,50.0,0.0,109,0,1,2,6,2662,1463,1681,1118,1118,0,0.0,0,1
CD74,TAM1/TAM2/microglia,IDH_WT,TAM_microglia,0.0,0.0,0.0,0.0,,,0.0,0.0,0.0,0.0,,0.0,5.0,0.0,36.0,18.0,18.0,0.1172844910109071,0.05013193574605534,0.0,2.0,6.0,34.0,36.0,0.0,109,0,1,2,6,12086,25922,9696,2745,2745,0,0.0,0,0
CD99,OPC_GABA_like_tumor,IDH_Mutant,tumor,1.0,-4.965495413104343,4.965495413104343,300.0,0.032,0.467,-0.43500000000000005,-1.0,0.0,0.0,-2.7545762012994364,1.0,3.0,6.0,4.0,0.0,10.0,0.0094000310679316,0.00473842761049317,0.03,1.0,3.0,9.0,10.0,-1.0,86,1,1,1,4,6741,14114,1658,11741,1658,0,1.0,1,1
CD99,OPC_GABA_AC_like_tumor,IDH_Mutant,tumor,0.0,0.0,0.0,0.0,,,0.0,0.0,0.0,0.0,,0.0,3.0,0.0,0.0,0.0,0.0,0.0,0.0,,0.0,0.0,0.0,0.0,,86,1,1,1,4,6202,1012,352,742,352,0,0.0,1,0
CD99,cycling_tumor,IDH_Mutant,tumor,1.0,-3.2447778625322616,3.2447778625322616,2.9915981843791757,0.096,0.33,-0.234,-1.0,1.0,1.0,-0.6162220488602379,1.0,3.0,10.0,6.0,8.0,8.0,0.0093598934920334,0.004668256872639797,0.01,1.0,3.0,14.0,16.0,0.0,86,1,1,1,4,6410,814,270,136,136,0,-0.0,1,1
CD99,AC_like_tumor,IDH_Mutant,tumor,1.0,-2.8581028430954847,2.8581028430954847,3.7843392613021116,0.131,0.266,-0.135,-1.0,0.0,0.0,,0.0,3.0,0.0,0.0,0.0,0.0,0.0,0.0,,0.0,0.0,0.0,0.0,,86,1,1,1,4,72549,446,4249,283,283,0,-0.0,1,0
CD99,T cell,IDH_Mutant,T_cell,0.0,0.0,0.0,0.0,,,0.0,0.0,0.0,0.0,,0.0,3.0,18.0,14.0,16.0,16.0,0.0173369733225027,0.0069529135025373345,0.01,1.0,4.0,24.0,32.0,0.0,86,1,1,1,4,2662,1463,941,334,334,0,0.0,1,0
CD99,TAM1/TAM2/microglia,IDH_Mutant,TAM_microglia,0.0,0.0,0.0,0.0,,,0.0,0.0,0.0,0.0,,0.0,3.0,16.0,12.0,16.0,12.0,0.0335568293583414,0.010434864974017268,0.03,1.0,4.0,18.0,28.0,0.14285714285714285,86,1,1,1,4,12086,25922,2106,21701,2106,0,0.0,1,0
CD99,OPC_GABA_like_tumor,IDH_WT,tumor,0.0,0.0,0.0,0.0,,,0.0,0.0,0.0,0.0,,0.0,1.0,6.0,4.0,0.0,10.0,0.0094000310679316,0.00473842761049317,0.03,1.0,3.0,9.0,10.0,-1.0,86,1,1,1,4,6741,14114,5040,1935,1935,0,-0.0,0,0
CD99,OPC_GABA_AC_like_tumor,IDH_WT,tumor,0.0,0.0,0.0,0.0,,,0.0,0.0,0.0,0.0,,0.0,1.0,0.0,0.0,0.0,0.0,0.0,0.0,,0.0,0.0,0.0,0.0,,86,1,1,1,4,6202,1012,5384,171,171,0,0.0,0,0
CD99,cycling_tumor,IDH_WT,tumor,1.0,-0.4001546013152632,0.4001546013152632,20.568767120890698,0.572,0.267,0.30499999999999994,-1.0,1.0,1.0,-0.6162220488602379,1.0,1.0,10.0,6.0,8.0,8.0,0.0093598934920334,0.004668256872639797,0.01,1.0,3.0,14.0,16.0,0.0,86,1,1,1,4,6410,814,5847,663,663,0,-0.0,0,1
CD99,AC_like_tumor,IDH_WT,tumor,0.0,0.0,0.0,0.0,,,0.0,0.0,0.0,0.0,,0.0,1.0,0.0,0.0,0.0,0.0,0.0,0.0,,0.0,0.0,0.0,0.0,,86,1,1,1,4,72549,446,64812,108,108,0,0.0,0,0
CD99,T cell,IDH_WT,T_cell,0.0,0.0,0.0,0.0,,,0.0,0.0,0.0,0.0,,0.0,1.0,18.0,14.0,16.0,16.0,0.0173369733225027,0.0069529135025373345,0.01,1.0,4.0,24.0,32.0,0.0,86,1,1,1,4,2662,1463,1681,1118,1118,0,0.0,0,0
CD99,TAM1/TAM2/microglia,IDH_WT,TAM_microglia,0.0,0.0,0.0,0.0,,,0.0,0.0,0.0,0.0,,0.0,1.0,16.0,12.0,16.0,12.0,0.0335568293583414,0.010434864974017268,0.03,1.0,4.0,18.0,28.0,0.14285714285714285,86,1,1,1,4,12086,25922,9696,2745,2745,0,0.0,0,0
CDH2,OPC_GABA_like_tumor,IDH_Mutant,tumor,0.0,0.0,0.0,0.0,,,0.0,0.0,0.0,0.0,,0.0,1.0,8.0,8.0,8.0,8.0,0.0044510612440127,0.0024337427361116625,0.0,1.0,3.0,0.0,16.0,0.0,32,1,1,1,3,6741,14114,1658,11741,1658,0,0.0,1,0
CDH2,OPC_GABA_AC_like_tumor,IDH_Mutant,tumor,0.0,0.0,0.0,0.0,,,0.0,0.0,0.0,0.0,,0.0,1.0,0.0,0.0,0.0,0.0,0.0,0.0,,0.0,0.0,0.0,0.0,,32,1,1,1,3,6202,1012,352,742,352,0,0.0,1,0
CDH2,cycling_tumor,IDH_Mutant,tumor,1.0,2.6981053725906845,2.6981053725906845,16.020476888215608,0.39,0.03,0.36,1.0,1.0,1.0,0.8498387895961115,1.0,1.0,4.0,4.0,8.0,0.0,0.0076576511402805,0.0047415855174035,0.0,1.0,3.0,0.0,8.0,1.0,32,1,1,1,3,6410,814,270,136,136,0,1.0,1,1
CDH2,AC_like_tumor,IDH_Mutant,tumor,0.0,0.0,0.0,0.0,,,0.0,0.0,0.0,0.0,,0.0,1.0,4.0,4.0,8.0,0.0,0.0034390918544762,0.00212677993686345,0.0,1.0,3.0,0.0,8.0,1.0,32,1,1,1,3,72549,446,4249,283,283,0,0.0,1,0
CDH2,T cell,IDH_Mutant,T_cell,0.0,0.0,0.0,0.0,,,0.0,0.0,0.0,0.0,,0.0,1.0,0.0,0.0,0.0,0.0,0.0,0.0,,0.0,0.0,0.0,0.0,,32,1,1,1,3,2662,1463,941,334,334,0,0.0,1,0
CDH2,TAM1/TAM2/microglia,IDH_Mutant,TAM_microglia,0.0,0.0,0.0,0.0,,,0.0,0.0,0.0,0.0,,0.0,1.0,0.0,0.0,0.0,0.0,0.0,0.0,,0.0,0.0,0.0,0.0,,32,1,1,1,3,12086,25922,2106,21701,2106,0,0.0,1,0
CDH2,OPC_GABA_like_tumor,IDH_WT,tumor,0.0,0.0,0.0,0.0,,,0.0,0.0,0.0,0.0,,0.0,1.0,8.0,8.0,8.0,8.0,0.0044510612440127,0.0024337427361116625,0.0,1.0,3.0,0.0,16.0,0.0,32,1,1,1,3,6741,14114,5040,1935,1935,0,0.0,0,0
CDH2,OPC_GABA_AC_like_tumor,IDH_WT,tumor,0.0,0.0,0.0,0.0,,,0.0,0.0,0.0,0.0,,0.0,1.0,0.0,0.0,0.0,0.0,0.0,0.0,,0.0,0.0,0.0,0.0,,32,1,1,1,3,6202,1012,5384,171,171,0,0.0,0,0
CDH2,cycling_tumor,IDH_WT,tumor,1.0,0.8278787438929278,0.8278787438929278,108.72235858210092,0.534,0.135,0.399,1.0,1.0,1.0,0.8498387895961115,1.0,1.0,4.0,4.0,8.0,0.0,0.0076576511402805,0.0047415855174035,0.0,1.0,3.0,0.0,8.0,1.0,32,1,1,1,3,6410,814,5847,663,663,0,1.0,0,1
CDH2,AC_like_tumor,IDH_WT,tumor,0.0,0.0,0.0,0.0,,,0.0,0.0,0.0,0.0,,0.0,1.0,4.0,4.0,8.0,0.0,0.0034390918544762,0.00212677993686345,0.0,1.0,3.0,0.0,8.0,1.0,32,1,1,1,3,72549,446,64812,108,108,0,0.0,0,0
CDH2,T cell,IDH_WT,T_cell,0.0,0.0,0.0,0.0,,,0.0,0.0,0.0,0.0,,0.0,1.0,0.0,0.0,0.0,0.0,0.0,0.0,,0.0,0.0,0.0,0.0,,32,1,1,1,3,2662,1463,1681,1118,1118,0,0.0,0,0
CDH2,TAM1/TAM2/microglia,IDH_WT,TAM_microglia,0.0,0.0,0.0,0.0,,,0.0,0.0,0.0,0.0,,0.0,1.0,0.0,0.0,0.0,0.0,0.0,0.0,,0.0,0.0,0.0,0.0,,32,1,1,1,3,12086,25922,9696,2745,2745,0,0.0,0,0
CLDN11,OPC_GABA_like_tumor,IDH_Mutant,tumor,0.0,0.0,0.0,0.0,,,0.0,0.0,0.0,0.0,,0.0,0.0,0.0,0.0,0.0,0.0,0.0,0.0,,0.0,0.0,0.0,0.0,,2,1,1,1,1,6741,14114,1658,11741,1658,0,0.0,1,0
CLDN11,OPC_GABA_AC_like_tumor,IDH_Mutant,tumor,0.0,0.0,0.0,0.0,,,0.0,0.0,0.0,0.0,,0.0,0.0,0.0,0.0,0.0,0.0,0.0,0.0,,0.0,0.0,0.0,0.0,,2,1,1,1,1,6202,1012,352,742,352,0,0.0,1,0
CLDN11,cycling_tumor,IDH_Mutant,tumor,0.0,0.0,0.0,0.0,,,0.0,0.0,0.0,0.0,,0.0,0.0,1.0,1.0,2.0,0.0,0.0009540821944767284,0.0009540821944767284,0.0,1.0,1.0,0.0,2.0,1.0,2,1,1,1,1,6410,814,270,136,136,0,0.0,1,0
CLDN11,AC_like_tumor,IDH_Mutant,tumor,0.0,0.0,0.0,0.0,,,0.0,0.0,0.0,0.0,,0.0,0.0,0.0,0.0,0.0,0.0,0.0,0.0,,0.0,0.0,0.0,0.0,,2,1,1,1,1,72549,446,4249,283,283,0,0.0,1,0
CLDN11,T cell,IDH_Mutant,T_cell,0.0,0.0,0.0,0.0,,,0.0,0.0,0.0,0.0,,0.0,0.0,0.0,0.0,0.0,0.0,0.0,0.0,,0.0,0.0,0.0,0.0,,2,1,1,1,1,2662,1463,941,334,334,0,0.0,1,0
CLDN11,TAM1/TAM2/microglia,IDH_Mutant,TAM_microglia,0.0,0.0,0.0,0.0,,,0.0,0.0,0.0,0.0,,0.0,0.0,0.0,0.0,0.0,0.0,0.0,0.0,,0.0,0.0,0.0,0.0,,2,1,1,1,1,12086,25922,2106,21701,2106,0,0.0,1,0
CLDN11,OPC_GABA_like_tumor,IDH_WT,tumor,1.0,1.0606088887957328,1.0606088887957328,57.393290997983975,0.228,0.079,0.14900000000000002,1.0,0.0,0.0,,0.0,2.0,0.0,0.0,0.0,0.0,0.0,0.0,,0.0,0.0,0.0,0.0,,2,1,1,1,1,6741,14114,5040,1935,1935,0,0.0,0,0
CLDN11,OPC_GABA_AC_like_tumor,IDH_WT,tumor,0.0,0.0,0.0,0.0,,,0.0,0.0,0.0,0.0,,0.0,2.0,0.0,0.0,0.0,0.0,0.0,0.0,,0.0,0.0,0.0,0.0,,2,1,1,1,1,6202,1012,5384,171,171,0,0.0,0,0
CLDN11,cycling_tumor,IDH_WT,tumor,1.0,4.00677585319188,4.00677585319188,300.0,0.354,0.015,0.33899999999999997,1.0,0.0,0.0,3.772049796151734,1.0,2.0,1.0,1.0,2.0,0.0,0.0009540821944767284,0.0009540821944767284,0.0,1.0,1.0,0.0,2.0,1.0,2,1,1,1,1,6410,814,5847,663,663,0,1.0,0,1
CLDN11,AC_like_tumor,IDH_WT,tumor,0.0,0.0,0.0,0.0,,,0.0,0.0,0.0,0.0,,0.0,2.0,0.0,0.0,0.0,0.0,0.0,0.0,,0.0,0.0,0.0,0.0,,2,1,1,1,1,72549,446,64812,108,108,0,0.0,0,0
CLDN11,T cell,IDH_WT,T_cell,0.0,0.0,0.0,0.0,,,0.0,0.0,0.0,0.0,,0.0,2.0,0.0,0.0,0.0,0.0,0.0,0.0,,0.0,0.0,0.0,0.0,,2,1,1,1,1,2662,1463,1681,1118,1118,0,0.0,0,0
CLDN11,TAM1/TAM2/microglia,IDH_WT,TAM_microglia,0.0,0.0,0.0,0.0,,,0.0,0.0,0.0,0.0,,0.0,2.0,0.0,0.0,0.0,0.0,0.0,0.0,,0.0,0.0,0.0,0.0,,2,1,1,1,1,12086,25922,9696,2745,2745,0,0.0,0,0
CLEC2B,OPC_GABA_like_tumor,IDH_Mutant,tumor,0.0,0.0,0.0,0.0,,,0.0,0.0,0.0,0.0,,0.0,2.0,0.0,0.0,0.0,0.0,0.0,0.0,,0.0,0.0,0.0,0.0,,6,1,0,1,2,6741,14114,1658,11741,1658,0,0.0,1,0
CLEC2B,OPC_GABA_AC_like_tumor,IDH_Mutant,tumor,0.0,0.0,0.0,0.0,,,0.0,0.0,0.0,0.0,,0.0,2.0,0.0,0.0,0.0,0.0,0.0,0.0,,0.0,0.0,0.0,0.0,,6,1,0,1,2,6202,1012,352,742,352,0,0.0,1,0
CLEC2B,cycling_tumor,IDH_Mutant,tumor,1.0,-7.542738597519156,7.542738597519156,3.0280366247551256,0.0,0.196,-0.196,-1.0,1.0,1.0,-7.7470146683184975,1.0,2.0,0.0,0.0,0.0,0.0,0.0,0.0,,0.0,0.0,0.0,0.0,,6,1,0,1,2,6410,814,270,136,136,0,-0.0,1,0
CLEC2B,AC_like_tumor,IDH_Mutant,tumor,0.0,0.0,0.0,0.0,,,0.0,0.0,0.0,0.0,,0.0,2.0,0.0,0.0,0.0,0.0,0.0,0.0,,0.0,0.0,0.0,0.0,,6,1,0,1,2,72549,446,4249,283,283,0,0.0,1,0
CLEC2B,T cell,IDH_Mutant,T_cell,0.0,0.0,0.0,0.0,,,0.0,0.0,0.0,0.0,,0.0,2.0,4.0,0.0,2.0,2.0,0.0096511344119366,0.00826076587006,0.0,1.0,1.0,0.0,4.0,0.0,6,1,0,1,2,2662,1463,941,334,334,0,0.0,1,0
CLEC2B,TAM1/TAM2/microglia,IDH_Mutant,TAM_microglia,1.0,-0.626433295092881,0.626433295092881,48.47711645175549,0.164,0.309,-0.145,-1.0,1.0,1.0,-1.3330252851399822,1.0,2.0,2.0,0.0,0.0,2.0,0.0067936439601685,0.0061007050888057,0.0,1.0,1.0,2.0,2.0,-1.0,6,1,0,1,2,12086,25922,2106,21701,2106,0,1.0,1,1
CLEC2B,OPC_GABA_like_tumor,IDH_WT,tumor,0.0,0.0,0.0,0.0,,,0.0,0.0,0.0,0.0,,0.0,2.0,0.0,0.0,0.0,0.0,0.0,0.0,,0.0,0.0,0.0,0.0,,6,1,0,1,2,6741,14114,5040,1935,1935,0,0.0,0,0
CLEC2B,OPC_GABA_AC_like_tumor,IDH_WT,tumor,0.0,0.0,0.0,0.0,,,0.0,0.0,0.0,0.0,,0.0,2.0,0.0,0.0,0.0,0.0,0.0,0.0,,0.0,0.0,0.0,0.0,,6,1,0,1,2,6202,1012,5384,171,171,0,0.0,0,0
CLEC2B,cycling_tumor,IDH_WT,tumor,1.0,-7.447999442166703,7.447999442166703,18.680394969210795,0.005,0.142,-0.13699999999999998,-1.0,1.0,1.0,-7.7470146683184975,1.0,2.0,0.0,0.0,0.0,0.0,0.0,0.0,,0.0,0.0,0.0,0.0,,6,1,0,1,2,6410,814,5847,663,663,0,-0.0,0,0
CLEC2B,AC_like_tumor,IDH_WT,tumor,0.0,0.0,0.0,0.0,,,0.0,0.0,0.0,0.0,,0.0,2.0,0.0,0.0,0.0,0.0,0.0,0.0,,0.0,0.0,0.0,0.0,,6,1,0,1,2,72549,446,64812,108,108,0,0.0,0,0
CLEC2B,T cell,IDH_WT,T_cell,0.0,0.0,0.0,0.0,,,0.0,0.0,0.0,0.0,,0.0,2.0,4.0,0.0,2.0,2.0,0.0096511344119366,0.00826076587006,0.0,1.0,1.0,0.0,4.0,0.0,6,1,0,1,2,2662,1463,1681,1118,1118,0,0.0,0,0
CLEC2B,TAM1/TAM2/microglia,IDH_WT,TAM_microglia,1.0,-0.8327285231313564,0.8327285231313564,28.961802044762376,0.303,0.408,-0.10499999999999998,-1.0,1.0,1.0,-1.3330252851399822,1.0,2.0,2.0,0.0,0.0,2.0,0.0067936439601685,0.0061007050888057,0.0,1.0,1.0,2.0,2.0,-1.0,6,1,0,1,2,12086,25922,9696,2745,2745,0,1.0,0,1
CLEC2D,OPC_GABA_like_tumor,IDH_Mutant,tumor,0.0,0.0,0.0,0.0,,,0.0,0.0,0.0,0.0,,0.0,1.0,0.0,0.0,0.0,0.0,0.0,0.0,,0.0,0.0,0.0,0.0,,2,1,0,1,1,6741,14114,1658,11741,1658,0,0.0,1,0
CLEC2D,OPC_GABA_AC_like_tumor,IDH_Mutant,tumor,0.0,0.0,0.0,0.0,,,0.0,0.0,0.0,0.0,,0.0,1.0,0.0,0.0,0.0,0.0,0.0,0.0,,0.0,0.0,0.0,0.0,,2,1,0,1,1,6202,1012,352,742,352,0,0.0,1,0
CLEC2D,cycling_tumor,IDH_Mutant,tumor,0.0,0.0,0.0,0.0,,,0.0,0.0,0.0,0.0,,0.0,1.0,0.0,0.0,0.0,0.0,0.0,0.0,,0.0,0.0,0.0,0.0,,2,1,0,1,1,6410,814,270,136,136,0,0.0,1,0
CLEC2D,AC_like_tumor,IDH_Mutant,tumor,0.0,0.0,0.0,0.0,,,0.0,0.0,0.0,0.0,,0.0,1.0,0.0,0.0,0.0,0.0,0.0,0.0,,0.0,0.0,0.0,0.0,,2,1,0,1,1,72549,446,4249,283,283,0,0.0,1,0
CLEC2D,T cell,IDH_Mutant,T_cell,1.0,-1.355669581626439,1.355669581626439,7.7936293880574565,0.192,0.396,-0.20400000000000001,-1.0,1.0,1.0,-1.2622850555175171,1.0,1.0,2.0,0.0,0.0,2.0,0.0064186582730417,0.0057637704942803,0.0,1.0,1.0,0.0,2.0,-1.0,2,1,0,1,1,2662,1463,941,334,334,0,1.0,1,1
CLEC2D,TAM1/TAM2/microglia,IDH_Mutant,TAM_microglia,0.0,0.0,0.0,0.0,,,0.0,0.0,0.0,0.0,,0.0,1.0,0.0,0.0,0.0,0.0,0.0,0.0,,0.0,0.0,0.0,0.0,,2,1,0,1,1,12086,25922,2106,21701,2106,0,0.0,1,0
CLEC2D,OPC_GABA_like_tumor,IDH_WT,tumor,1.0,0.5068661785778048,0.5068661785778048,42.930146994825115,0.148,0.044,0.104,1.0,0.0,0.0,,0.0,3.0,0.0,0.0,0.0,0.0,0.0,0.0,,0.0,0.0,0.0,0.0,,2,1,0,1,1,6741,14114,5040,1935,1935,0,0.0,0,0
CLEC2D,OPC_GABA_AC_like_tumor,IDH_WT,tumor,0.0,0.0,0.0,0.0,,,0.0,0.0,0.0,0.0,,0.0,3.0,0.0,0.0,0.0,0.0,0.0,0.0,,0.0,0.0,0.0,0.0,,2,1,0,1,1,6202,1012,5384,171,171,0,0.0,0,0
CLEC2D,cycling_tumor,IDH_WT,tumor,1.0,0.4232851334045273,0.4232851334045273,25.581682812448022,0.142,0.037,0.10499999999999998,1.0,0.0,0.0,0.4673652569920334,1.0,3.0,0.0,0.0,0.0,0.0,0.0,0.0,,0.0,0.0,0.0,0.0,,2,1,0,1,1,6410,814,5847,663,663,0,0.0,0,0
CLEC2D,AC_like_tumor,IDH_WT,tumor,0.0,0.0,0.0,0.0,,,0.0,0.0,0.0,0.0,,0.0,3.0,0.0,0.0,0.0,0.0,0.0,0.0,,0.0,0.0,0.0,0.0,,2,1,0,1,1,72549,446,64812,108,108,0,0.0,0,0
CLEC2D,T cell,IDH_WT,T_cell,1.0,-1.0287148092193548,1.0287148092193548,4.532803883123424,0.105,0.187,-0.082,-1.0,1.0,1.0,-1.2622850555175171,1.0,3.0,2.0,0.0,0.0,2.0,0.0064186582730417,0.0057637704942803,0.0,1.0,1.0,0.0,2.0,-1.0,2,1,0,1,1,2662,1463,1681,1118,1118,0,1.0,0,1
CLEC2D,TAM1/TAM2/microglia,IDH_WT,TAM_microglia,0.0,0.0,0.0,0.0,,,0.0,0.0,0.0,0.0,,0.0,3.0,0.0,0.0,0.0,0.0,0.0,0.0,,0.0,0.0,0.0,0.0,,2,1,0,1,1,12086,25922,9696,2745,2745,0,0.0,0,0
CLSTN1,OPC_GABA_like_tumor,IDH_Mutant,tumor,0.0,0.0,0.0,0.0,,,0.0,0.0,0.0,0.0,,0.0,1.0,0.0,6.0,6.0,0.0,0.012676328998952,0.004119700281260216,0.0,1.0,4.0,0.0,6.0,1.0,12,0,1,1,2,6741,14114,1658,11741,1658,0,0.0,1,0
CLSTN1,OPC_GABA_AC_like_tumor,IDH_Mutant,tumor,0.0,0.0,0.0,0.0,,,0.0,0.0,0.0,0.0,,0.0,1.0,0.0,0.0,0.0,0.0,0.0,0.0,,0.0,0.0,0.0,0.0,,12,0,1,1,2,6202,1012,352,742,352,0,0.0,1,0
CLSTN1,cycling_tumor,IDH_Mutant,tumor,0.0,0.0,0.0,0.0,,,0.0,0.0,0.0,0.0,,0.0,1.0,0.0,6.0,6.0,0.0,0.0084269247922976,0.002734139854995377,0.0,1.0,4.0,0.0,6.0,1.0,12,0,1,1,2,6410,814,270,136,136,0,0.0,1,0
CLSTN1,AC_like_tumor,IDH_Mutant,tumor,0.0,0.0,0.0,0.0,,,0.0,0.0,0.0,0.0,,0.0,1.0,0.0,0.0,0.0,0.0,0.0,0.0,,0.0,0.0,0.0,0.0,,12,0,1,1,2,72549,446,4249,283,283,0,0.0,1,0
CLSTN1,T cell,IDH_Mutant,T_cell,0.0,0.0,0.0,0.0,,,0.0,0.0,0.0,0.0,,0.0,1.0,0.0,0.0,0.0,0.0,0.0,0.0,,0.0,0.0,0.0,0.0,,12,0,1,1,2,2662,1463,941,334,334,0,0.0,1,0
CLSTN1,TAM1/TAM2/microglia,IDH_Mutant,TAM_microglia,1.0,0.562912599527329,0.562912599527329,4.935691868432048,0.132,0.084,0.048,1.0,1.0,1.0,0.6226957303874081,1.0,1.0,0.0,0.0,0.0,0.0,0.0,0.0,,0.0,0.0,0.0,0.0,,12,0,1,1,2,12086,25922,2106,21701,2106,0,0.0,1,0
CLSTN1,OPC_GABA_like_tumor,IDH_WT,tumor,0.0,0.0,0.0,0.0,,,0.0,0.0,0.0,0.0,,0.0,2.0,0.0,6.0,6.0,0.0,0.012676328998952,0.004119700281260216,0.0,1.0,4.0,0.0,6.0,1.0,12,0,1,1,2,6741,14114,5040,1935,1935,0,0.0,0,0
CLSTN1,OPC_GABA_AC_like_tumor,IDH_WT,tumor,0.0,0.0,0.0,0.0,,,0.0,0.0,0.0,0.0,,0.0,2.0,0.0,0.0,0.0,0.0,0.0,0.0,,0.0,0.0,0.0,0.0,,12,0,1,1,2,6202,1012,5384,171,171,0,0.0,0,0
CLSTN1,cycling_tumor,IDH_WT,tumor,1.0,0.3741938401972891,0.3741938401972891,42.137859847371836,0.314,0.101,0.213,1.0,0.0,0.0,0.3377777166282039,1.0,2.0,0.0,6.0,6.0,0.0,0.0084269247922976,0.002734139854995377,0.0,1.0,4.0,0.0,6.0,1.0,12,0,1,1,2,6410,814,5847,663,663,0,1.0,0,1
CLSTN1,AC_like_tumor,IDH_WT,tumor,0.0,0.0,0.0,0.0,,,0.0,0.0,0.0,0.0,,0.0,2.0,0.0,0.0,0.0,0.0,0.0,0.0,,0.0,0.0,0.0,0.0,,12,0,1,1,2,72549,446,64812,108,108,0,0.0,0,0
CLSTN1,T cell,IDH_WT,T_cell,0.0,0.0,0.0,0.0,,,0.0,0.0,0.0,0.0,,0.0,2.0,0.0,0.0,0.0,0.0,0.0,0.0,,0.0,0.0,0.0,0.0,,12,0,1,1,2,2662,1463,1681,1118,1118,0,0.0,0,0
CLSTN1,TAM1/TAM2/microglia,IDH_WT,TAM_microglia,1.0,0.5704274130975062,0.5704274130975062,14.513223633066772,0.129,0.073,0.05600000000000001,1.0,1.0,1.0,0.6226957303874081,1.0,2.0,0.0,0.0,0.0,0.0,0.0,0.0,,0.0,0.0,0.0,0.0,,12,0,1,1,2,12086,25922,9696,2745,2745,0,0.0,0,0
CNTN1,OPC_GABA_like_tumor,IDH_Mutant,tumor,1.0,-0.854435922059237,0.854435922059237,47.18491590991191,0.223,0.395,-0.17200000000000001,-1.0,1.0,0.0,0.7700451578531753,1.0,2.0,8.0,0.0,8.0,0.0,0.0122804136302003,0.00413992983265115,0.0,1.0,4.0,0.0,8.0,1.0,16,1,0,1,2,6741,14114,1658,11741,1658,0,-1.0,1,1
CNTN1,OPC_GABA_AC_like_tumor,IDH_Mutant,tumor,0.0,0.0,0.0,0.0,,,0.0,0.0,0.0,0.0,,0.0,2.0,0.0,0.0,0.0,0.0,0.0,0.0,,0.0,0.0,0.0,0.0,,16,1,0,1,2,6202,1012,352,742,352,0,0.0,1,0
CNTN1,cycling_tumor,IDH_Mutant,tumor,1.0,2.3951382460271518,2.3951382460271518,11.256414135215593,0.272,0.011,0.261,1.0,1.0,1.0,3.9210720403512047,1.0,2.0,8.0,0.0,8.0,0.0,0.0116509341895663,0.003926612890837995,0.0,1.0,4.0,0.0,8.0,1.0,16,1,0,1,2,6410,814,270,136,136,0,1.0,1,1
CNTN1,AC_like_tumor,IDH_Mutant,tumor,0.0,0.0,0.0,0.0,,,0.0,0.0,0.0,0.0,,0.0,2.0,0.0,0.0,0.0,0.0,0.0,0.0,,0.0,0.0,0.0,0.0,,16,1,0,1,2,72549,446,4249,283,283,0,0.0,1,0
CNTN1,T cell,IDH_Mutant,T_cell,0.0,0.0,0.0,0.0,,,0.0,0.0,0.0,0.0,,0.0,2.0,0.0,0.0,0.0,0.0,0.0,0.0,,0.0,0.0,0.0,0.0,,16,1,0,1,2,2662,1463,941,334,334,0,0.0,1,0
CNTN1,TAM1/TAM2/microglia,IDH_Mutant,TAM_microglia,0.0,0.0,0.0,0.0,,,0.0,0.0,0.0,0.0,,0.0,2.0,0.0,0.0,0.0,0.0,0.0,0.0,,0.0,0.0,0.0,0.0,,16,1,0,1,2,12086,25922,2106,21701,2106,0,0.0,1,0
CNTN1,OPC_GABA_like_tumor,IDH_WT,tumor,1.0,2.582221557836003,2.582221557836003,300.0,0.575,0.089,0.486,1.0,1.0,0.0,0.7700451578531753,1.0,4.0,8.0,0.0,8.0,0.0,0.0122804136302003,0.00413992983265115,0.0,1.0,4.0,0.0,8.0,1.0,16,1,0,1,2,6741,14114,5040,1935,1935,0,1.0,0,1
CNTN1,OPC_GABA_AC_like_tumor,IDH_WT,tumor,1.0,3.2457320655466555,3.2457320655466555,52.87836963837663,0.216,0.019,0.197,1.0,0.0,0.0,1.8901011720500247,1.0,4.0,0.0,0.0,0.0,0.0,0.0,0.0,,0.0,0.0,0.0,0.0,,16,1,0,1,2,6202,1012,5384,171,171,0,0.0,0,0
CNTN1,cycling_tumor,IDH_WT,tumor,1.0,4.193702883339663,4.193702883339663,300.0,0.428,0.015,0.413,1.0,1.0,1.0,3.9210720403512047,1.0,4.0,8.0,0.0,8.0,0.0,0.0116509341895663,0.003926612890837995,0.0,1.0,4.0,0.0,8.0,1.0,16,1,0,1,2,6410,814,5847,663,663,0,1.0,0,1
CNTN1,AC_like_tumor,IDH_WT,tumor,1.0,1.794278055377577,1.794278055377577,3.7547594681386682,0.13,0.031,0.099,1.0,0.0,0.0,0.5105957887362043,1.0,4.0,0.0,0.0,0.0,0.0,0.0,0.0,,0.0,0.0,0.0,0.0,,16,1,0,1,2,72549,446,64812,108,108,0,0.0,0,0
CNTN1,T cell,IDH_WT,T_cell,0.0,0.0,0.0,0.0,,,0.0,0.0,0.0,0.0,,0.0,4.0,0.0,0.0,0.0,0.0,0.0,0.0,,0.0,0.0,0.0,0.0,,16,1,0,1,2,2662,1463,1681,1118,1118,0,0.0,0,0
CNTN1,TAM1/TAM2/microglia,IDH_WT,TAM_microglia,0.0,0.0,0.0,0.0,,,0.0,0.0,0.0,0.0,,0.0,4.0,0.0,0.0,0.0,0.0,0.0,0.0,,0.0,0.0,0.0,0.0,,16,1,0,1,2,12086,25922,9696,2745,2745,0,0.0,0,0
COL9A1,OPC_GABA_like_tumor,IDH_Mutant,tumor,0.0,0.0,0.0,0.0,,,0.0,0.0,0.0,0.0,,0.0,0.0,0.0,0.0,0.0,0.0,0.0,0.0,,0.0,0.0,0.0,0.0,,5,1,0,1,1,6741,14114,1658,11741,1658,0,0.0,1,0
COL9A1,OPC_GABA_AC_like_tumor,IDH_Mutant,tumor,0.0,0.0,0.0,0.0,,,0.0,0.0,0.0,0.0,,0.0,0.0,0.0,0.0,0.0,0.0,0.0,0.0,,0.0,0.0,0.0,0.0,,5,1,0,1,1,6202,1012,352,742,352,0,0.0,1,0
COL9A1,cycling_tumor,IDH_Mutant,tumor,0.0,0.0,0.0,0.0,,,0.0,0.0,0.0,0.0,,0.0,0.0,5.0,0.0,5.0,0.0,0.0026257015067272,0.00177275463141162,0.0,1.0,3.0,2.0,5.0,1.0,5,1,0,1,1,6410,814,270,136,136,0,0.0,1,0
COL9A1,AC_like_tumor,IDH_Mutant,tumor,0.0,0.0,0.0,0.0,,,0.0,0.0,0.0,0.0,,0.0,0.0,0.0,0.0,0.0,0.0,0.0,0.0,,0.0,0.0,0.0,0.0,,5,1,0,1,1,72549,446,4249,283,283,0,0.0,1,0
COL9A1,T cell,IDH_Mutant,T_cell,0.0,0.0,0.0,0.0,,,0.0,0.0,0.0,0.0,,0.0,0.0,0.0,0.0,0.0,0.0,0.0,0.0,,0.0,0.0,0.0,0.0,,5,1,0,1,1,2662,1463,941,334,334,0,0.0,1,0
COL9A1,TAM1/TAM2/microglia,IDH_Mutant,TAM_microglia,0.0,0.0,0.0,0.0,,,0.0,0.0,0.0,0.0,,0.0,0.0,0.0,0.0,0.0,0.0,0.0,0.0,,0.0,0.0,0.0,0.0,,5,1,0,1,1,12086,25922,2106,21701,2106,0,0.0,1,0
COL9A1,OPC_GABA_like_tumor,IDH_WT,tumor,1.0,3.3090813573742643,3.3090813573742643,207.37671229646364,0.281,0.031,0.25,1.0,0.0,0.0,,0.0,2.0,0.0,0.0,0.0,0.0,0.0,0.0,,0.0,0.0,0.0,0.0,,5,1,0,1,1,6741,14114,5040,1935,1935,0,0.0,0,0
COL9A1,OPC_GABA_AC_like_tumor,IDH_WT,tumor,0.0,0.0,0.0,0.0,,,0.0,0.0,0.0,0.0,,0.0,2.0,0.0,0.0,0.0,0.0,0.0,0.0,,0.0,0.0,0.0,0.0,,5,1,0,1,1,6202,1012,5384,171,171,0,0.0,0,0
COL9A1,cycling_tumor,IDH_WT,tumor,1.0,4.55887403212976,4.55887403212976,300.0,0.341,0.011,0.33,1.0,0.0,0.0,4.418977772799232,1.0,2.0,5.0,0.0,5.0,0.0,0.0026257015067272,0.00177275463141162,0.0,1.0,3.0,2.0,5.0,1.0,5,1,0,1,1,6410,814,5847,663,663,0,1.0,0,1
COL9A1,AC_like_tumor,IDH_WT,tumor,0.0,0.0,0.0,0.0,,,0.0,0.0,0.0,0.0,,0.0,2.0,0.0,0.0,0.0,0.0,0.0,0.0,,0.0,0.0,0.0,0.0,,5,1,0,1,1,72549,446,64812,108,108,0,0.0,0,0
COL9A1,T cell,IDH_WT,T_cell,0.0,0.0,0.0,0.0,,,0.0,0.0,0.0,0.0,,0.0,2.0,0.0,0.0,0.0,0.0,0.0,0.0,,0.0,0.0,0.0,0.0,,5,1,0,1,1,2662,1463,1681,1118,1118,0,0.0,0,0
COL9A1,TAM1/TAM2/microglia,IDH_WT,TAM_microglia,0.0,0.0,0.0,0.0,,,0.0,0.0,0.0,0.0,,0.0,2.0,0.0,0.0,0.0,0.0,0.0,0.0,,0.0,0.0,0.0,0.0,,5,1,0,1,1,12086,25922,9696,2745,2745,0,0.0,0,0
CXCR4,OPC_GABA_like_tumor,IDH_Mutant,tumor,0.0,0.0,0.0,0.0,,,0.0,0.0,0.0,0.0,,0.0,3.0,0.0,0.0,0.0,0.0,0.0,0.0,,0.0,0.0,0.0,0.0,,44,0,1,1,2,6741,14114,1658,11741,1658,0,0.0,1,0
CXCR4,OPC_GABA_AC_like_tumor,IDH_Mutant,tumor,0.0,0.0,0.0,0.0,,,0.0,0.0,0.0,0.0,,0.0,3.0,0.0,0.0,0.0,0.0,0.0,0.0,,0.0,0.0,0.0,0.0,,44,0,1,1,2,6202,1012,352,742,352,0,0.0,1,0
CXCR4,cycling_tumor,IDH_Mutant,tumor,1.0,-5.197459349206778,5.197459349206778,3.432866052814531,0.015,0.233,-0.21800000000000003,-1.0,1.0,1.0,-3.621523269376044,1.0,3.0,0.0,0.0,0.0,0.0,0.0,0.0,,0.0,0.0,0.0,0.0,,44,0,1,1,2,6410,814,270,136,136,0,-0.0,1,0
CXCR4,AC_like_tumor,IDH_Mutant,tumor,0.0,0.0,0.0,0.0,,,0.0,0.0,0.0,0.0,,0.0,3.0,0.0,0.0,0.0,0.0,0.0,0.0,,0.0,0.0,0.0,0.0,,44,0,1,1,2,72549,446,4249,283,283,0,0.0,1,0
CXCR4,T cell,IDH_Mutant,T_cell,1.0,-0.4630383510607161,0.4630383510607161,4.7046834136164355,0.823,0.905,-0.08200000000000007,-1.0,1.0,1.0,-0.7432503531791435,1.0,3.0,0.0,22.0,11.0,11.0,0.0485948380951234,0.020411046457200894,0.0,1.0,6.0,18.0,22.0,0.0,44,0,1,1,2,2662,1463,941,334,334,0,-0.0,1,1
CXCR4,TAM1/TAM2/microglia,IDH_Mutant,TAM_microglia,1.0,-0.4659316323543718,0.4659316323543718,44.34663990905859,0.499,0.658,-0.15900000000000003,-1.0,0.0,0.0,,0.0,3.0,0.0,22.0,11.0,11.0,0.0917041673934359,0.03878429271831302,0.0,1.0,6.0,20.0,22.0,0.0,44,0,1,1,2,12086,25922,2106,21701,2106,0,-0.0,1,1
CXCR4,OPC_GABA_like_tumor,IDH_WT,tumor,0.0,0.0,0.0,0.0,,,0.0,0.0,0.0,0.0,,0.0,2.0,0.0,0.0,0.0,0.0,0.0,0.0,,0.0,0.0,0.0,0.0,,44,0,1,1,2,6741,14114,5040,1935,1935,0,0.0,0,0
CXCR4,OPC_GABA_AC_like_tumor,IDH_WT,tumor,0.0,0.0,0.0,0.0,,,0.0,0.0,0.0,0.0,,0.0,2.0,0.0,0.0,0.0,0.0,0.0,0.0,,0.0,0.0,0.0,0.0,,44,0,1,1,2,6202,1012,5384,171,171,0,0.0,0,0
CXCR4,cycling_tumor,IDH_WT,tumor,1.0,-3.752771544044781,3.752771544044781,8.281028437853859,0.026,0.117,-0.09100000000000001,-1.0,1.0,1.0,-3.621523269376044,1.0,2.0,0.0,0.0,0.0,0.0,0.0,0.0,,0.0,0.0,0.0,0.0,,44,0,1,1,2,6410,814,5847,663,663,0,-0.0,0,0
CXCR4,AC_like_tumor,IDH_WT,tumor,0.0,0.0,0.0,0.0,,,0.0,0.0,0.0,0.0,,0.0,2.0,0.0,0.0,0.0,0.0,0.0,0.0,,0.0,0.0,0.0,0.0,,44,0,1,1,2,72549,446,64812,108,108,0,0.0,0,0
CXCR4,T cell,IDH_WT,T_cell,1.0,-0.7068557756501592,0.7068557756501592,17.379151935254022,0.515,0.663,-0.14800000000000002,-1.0,1.0,1.0,-0.7432503531791435,1.0,2.0,0.0,22.0,11.0,11.0,0.0485948380951234,0.020411046457200894,0.0,1.0,6.0,18.0,22.0,0.0,44,0,1,1,2,2662,1463,1681,1118,1118,0,-0.0,0,1
CXCR4,TAM1/TAM2/microglia,IDH_WT,TAM_microglia,0.0,0.0,0.0,0.0,,,0.0,0.0,0.0,0.0,,0.0,2.0,0.0,22.0,11.0,11.0,0.0917041673934359,0.03878429271831302,0.0,1.0,6.0,20.0,22.0,0.0,44,0,1,1,2,12086,25922,9696,2745,2745,0,0.0,0,0
DAG1,OPC_GABA_like_tumor,IDH_Mutant,tumor,1.0,-0.5659966388372857,0.5659966388372857,7.401699025526686,0.147,0.217,-0.07,-1.0,0.0,0.0,,0.0,2.0,0.0,0.0,0.0,0.0,0.0,0.0,,0.0,0.0,0.0,0.0,,6,0,1,1,1,6741,14114,1658,11741,1658,0,-0.0,1,0
DAG1,OPC_GABA_AC_like_tumor,IDH_Mutant,tumor,0.0,0.0,0.0,0.0,,,0.0,0.0,0.0,0.0,,0.0,2.0,0.0,0.0,0.0,0.0,0.0,0.0,,0.0,0.0,0.0,0.0,,6,0,1,1,1,6202,1012,352,742,352,0,0.0,1,0
DAG1,cycling_tumor,IDH_Mutant,tumor,1.0,2.3691077077899365,2.3691077077899365,7.607543301074982,0.257,0.026,0.231,1.0,1.0,1.0,1.150522854828894,1.0,2.0,0.0,6.0,6.0,0.0,0.0134431326010437,0.004370217139411733,0.0,1.0,4.0,0.0,6.0,1.0,6,0,1,1,1,6410,814,270,136,136,0,1.0,1,1
DAG1,AC_like_tumor,IDH_Mutant,tumor,0.0,0.0,0.0,0.0,,,0.0,0.0,0.0,0.0,,0.0,2.0,0.0,0.0,0.0,0.0,0.0,0.0,,0.0,0.0,0.0,0.0,,6,0,1,1,1,72549,446,4249,283,283,0,0.0,1,0
DAG1,T cell,IDH_Mutant,T_cell,0.0,0.0,0.0,0.0,,,0.0,0.0,0.0,0.0,,0.0,2.0,0.0,0.0,0.0,0.0,0.0,0.0,,0.0,0.0,0.0,0.0,,6,0,1,1,1,2662,1463,941,334,334,0,0.0,1,0
DAG1,TAM1/TAM2/microglia,IDH_Mutant,TAM_microglia,0.0,0.0,0.0,0.0,,,0.0,0.0,0.0,0.0,,0.0,2.0,0.0,0.0,0.0,0.0,0.0,0.0,,0.0,0.0,0.0,0.0,,6,0,1,1,1,12086,25922,2106,21701,2106,0,0.0,1,0
DAG1,OPC_GABA_like_tumor,IDH_WT,tumor,0.0,0.0,0.0,0.0,,,0.0,0.0,0.0,0.0,,0.0,1.0,0.0,0.0,0.0,0.0,0.0,0.0,,0.0,0.0,0.0,0.0,,6,0,1,1,1,6741,14114,5040,1935,1935,0,0.0,0,0
DAG1,OPC_GABA_AC_like_tumor,IDH_WT,tumor,0.0,0.0,0.0,0.0,,,0.0,0.0,0.0,0.0,,0.0,1.0,0.0,0.0,0.0,0.0,0.0,0.0,,0.0,0.0,0.0,0.0,,6,0,1,1,1,6202,1012,5384,171,171,0,0.0,0,0
DAG1,cycling_tumor,IDH_WT,tumor,1.0,1.1621359187782838,1.1621359187782838,127.72158240460338,0.463,0.096,0.367,1.0,1.0,1.0,1.150522854828894,1.0,1.0,0.0,6.0,6.0,0.0,0.0134431326010437,0.004370217139411733,0.0,1.0,4.0,0.0,6.0,1.0,6,0,1,1,1,6410,814,5847,663,663,0,1.0,0,1
DAG1,AC_like_tumor,IDH_WT,tumor,0.0,0.0,0.0,0.0,,,0.0,0.0,0.0,0.0,,0.0,1.0,0.0,0.0,0.0,0.0,0.0,0.0,,0.0,0.0,0.0,0.0,,6,0,1,1,1,72549,446,64812,108,108,0,0.0,0,0
DAG1,T cell,IDH_WT,T_cell,0.0,0.0,0.0,0.0,,,0.0,0.0,0.0,0.0,,0.0,1.0,0.0,0.0,0.0,0.0,0.0,0.0,,0.0,0.0,0.0,0.0,,6,0,1,1,1,2662,1463,1681,1118,1118,0,0.0,0,0
DAG1,TAM1/TAM2/microglia,IDH_WT,TAM_microglia,0.0,0.0,0.0,0.0,,,0.0,0.0,0.0,0.0,,0.0,1.0,0.0,0.0,0.0,0.0,0.0,0.0,,0.0,0.0,0.0,0.0,,6,0,1,1,1,12086,25922,9696,2745,2745,0,0.0,0,0
DLL1,OPC_GABA_like_tumor,IDH_Mutant,tumor,1.0,2.042191813925619,2.042191813925619,65.90282349589543,0.248,0.052,0.196,1.0,1.0,1.0,2.8282909085737167,1.0,3.0,2.0,0.0,2.0,0.0,0.000913646620500901,0.0008217039288996302,0.0,1.0,2.0,0.0,2.0,1.0,4,1,0,1,2,6741,14114,1658,11741,1658,0,1.0,1,1
DLL1,OPC_GABA_AC_like_tumor,IDH_Mutant,tumor,0.0,0.0,0.0,0.0,,,0.0,0.0,0.0,0.0,,0.0,3.0,0.0,0.0,0.0,0.0,0.0,0.0,,0.0,0.0,0.0,0.0,,4,1,0,1,2,6202,1012,352,742,352,0,0.0,1,0
DLL1,cycling_tumor,IDH_Mutant,tumor,1.0,3.886858107459028,3.886858107459028,2.604609347040156,0.147,0.015,0.132,1.0,1.0,1.0,5.212429076298599,1.0,3.0,2.0,0.0,2.0,0.0,0.000707569088656626,0.0006363527970828948,0.0,1.0,2.0,0.0,2.0,1.0,4,1,0,1,2,6410,814,270,136,136,0,1.0,1,1
DLL1,AC_like_tumor,IDH_Mutant,tumor,1.0,1.8687986210370748,1.8687986210370748,8.494743350033454,0.148,0.046,0.102,1.0,0.0,0.0,4.327056568079775,1.0,3.0,0.0,0.0,0.0,0.0,0.0,0.0,,0.0,0.0,0.0,0.0,,4,1,0,1,2,72549,446,4249,283,283,0,0.0,1,0
DLL1,T cell,IDH_Mutant,T_cell,0.0,0.0,0.0,0.0,,,0.0,0.0,0.0,0.0,,0.0,3.0,0.0,0.0,0.0,0.0,0.0,0.0,,0.0,0.0,0.0,0.0,,4,1,0,1,2,2662,1463,941,334,334,0,0.0,1,0
DLL1,TAM1/TAM2/microglia,IDH_Mutant,TAM_microglia,0.0,0.0,0.0,0.0,,,0.0,0.0,0.0,0.0,,0.0,3.0,0.0,0.0,0.0,0.0,0.0,0.0,,0.0,0.0,0.0,0.0,,4,1,0,1,2,12086,25922,2106,21701,2106,0,0.0,1,0
DLL1,OPC_GABA_like_tumor,IDH_WT,tumor,1.0,3.431461094504926,3.431461094504926,285.6993976242018,0.333,0.026,0.307,1.0,1.0,1.0,2.8282909085737167,1.0,2.0,2.0,0.0,2.0,0.0,0.000913646620500901,0.0008217039288996302,0.0,1.0,2.0,0.0,2.0,1.0,4,1,0,1,2,6741,14114,5040,1935,1935,0,1.0,0,1
DLL1,OPC_GABA_AC_like_tumor,IDH_WT,tumor,0.0,0.0,0.0,0.0,,,0.0,0.0,0.0,0.0,,0.0,2.0,0.0,0.0,0.0,0.0,0.0,0.0,,0.0,0.0,0.0,0.0,,4,1,0,1,2,6202,1012,5384,171,171,0,0.0,0,0
DLL1,cycling_tumor,IDH_WT,tumor,1.0,5.679976711877195,5.679976711877195,300.0,0.287,0.004,0.283,1.0,1.0,1.0,5.212429076298599,1.0,2.0,2.0,0.0,2.0,0.0,0.000707569088656626,0.0006363527970828948,0.0,1.0,2.0,0.0,2.0,1.0,4,1,0,1,2,6410,814,5847,663,663,0,1.0,0,1
DLL1,AC_like_tumor,IDH_WT,tumor,0.0,0.0,0.0,0.0,,,0.0,0.0,0.0,0.0,,0.0,2.0,0.0,0.0,0.0,0.0,0.0,0.0,,0.0,0.0,0.0,0.0,,4,1,0,1,2,72549,446,64812,108,108,0,0.0,0,0
DLL1,T cell,IDH_WT,T_cell,0.0,0.0,0.0,0.0,,,0.0,0.0,0.0,0.0,,0.0,2.0,0.0,0.0,0.0,0.0,0.0,0.0,,0.0,0.0,0.0,0.0,,4,1,0,1,2,2662,1463,1681,1118,1118,0,0.0,0,0
DLL1,TAM1/TAM2/microglia,IDH_WT,TAM_microglia,0.0,0.0,0.0,0.0,,,0.0,0.0,0.0,0.0,,0.0,2.0,0.0,0.0,0.0,0.0,0.0,0.0,,0.0,0.0,0.0,0.0,,4,1,0,1,2,12086,25922,9696,2745,2745,0,0.0,0,0
DLL3,OPC_GABA_like_tumor,IDH_Mutant,tumor,1.0,2.934704346904793,2.934704346904793,300.0,0.769,0.133,0.636,1.0,1.0,1.0,4.047193945889483,1.0,4.0,2.0,0.0,2.0,0.0,0.0102880806075418,0.00926053756614685,0.0,1.0,2.0,0.0,2.0,1.0,8,1,0,1,4,6741,14114,1658,11741,1658,0,1.0,1,1
DLL3,OPC_GABA_AC_like_tumor,IDH_Mutant,tumor,1.0,1.6916183380530057,1.6916183380530057,17.69848372220046,0.567,0.247,0.31999999999999995,1.0,1.0,1.0,3.733594881806671,1.0,4.0,2.0,0.0,2.0,0.0,0.0089272829550743,0.0080346715704097,0.0,1.0,2.0,0.0,2.0,1.0,8,1,0,1,4,6202,1012,352,742,352,0,1.0,1,1
DLL3,cycling_tumor,IDH_Mutant,tumor,1.0,4.335342191136341,4.335342191136341,22.566148752467672,0.485,0.037,0.448,1.0,1.0,1.0,5.0483654431734255,1.0,4.0,2.0,0.0,2.0,0.0,0.0053419001169697,0.00480623530933965,0.0,1.0,2.0,0.0,2.0,1.0,8,1,0,1,4,6410,814,270,136,136,0,1.0,1,1
DLL3,AC_like_tumor,IDH_Mutant,tumor,1.0,2.840524073739076,2.840524073739076,82.25445682802959,0.491,0.101,0.39,1.0,1.0,1.0,5.406757172021811,1.0,4.0,2.0,0.0,2.0,0.0,0.0036567591714335,0.0032895772168579,0.0,1.0,2.0,0.0,2.0,1.0,8,1,0,1,4,72549,446,4249,283,283,0,1.0,1,1
DLL3,T cell,IDH_Mutant,T_cell,0.0,0.0,0.0,0.0,,,0.0,0.0,0.0,0.0,,0.0,4.0,0.0,0.0,0.0,0.0,0.0,0.0,,0.0,0.0,0.0,0.0,,8,1,0,1,4,2662,1463,941,334,334,0,0.0,1,0
DLL3,TAM1/TAM2/microglia,IDH_Mutant,TAM_microglia,0.0,0.0,0.0,0.0,,,0.0,0.0,0.0,0.0,,0.0,4.0,0.0,0.0,0.0,0.0,0.0,0.0,,0.0,0.0,0.0,0.0,,8,1,0,1,4,12086,25922,2106,21701,2106,0,0.0,1,0
DLL3,OPC_GABA_like_tumor,IDH_WT,tumor,1.0,4.5360143154011725,4.5360143154011725,300.0,0.71,0.066,0.6439999999999999,1.0,1.0,1.0,4.047193945889483,1.0,4.0,2.0,0.0,2.0,0.0,0.0102880806075418,0.00926053756614685,0.0,1.0,2.0,0.0,2.0,1.0,8,1,0,1,4,6741,14114,5040,1935,1935,0,1.0,0,1
DLL3,OPC_GABA_AC_like_tumor,IDH_WT,tumor,1.0,4.580287125563434,4.580287125563434,146.18534377114162,0.509,0.044,0.465,1.0,1.0,1.0,3.733594881806671,1.0,4.0,2.0,0.0,2.0,0.0,0.0089272829550743,0.0080346715704097,0.0,1.0,2.0,0.0,2.0,1.0,8,1,0,1,4,6202,1012,5384,171,171,0,1.0,0,1
DLL3,cycling_tumor,IDH_WT,tumor,1.0,5.320873161724935,5.320873161724935,300.0,0.587,0.016,0.571,1.0,1.0,1.0,5.0483654431734255,1.0,4.0,2.0,0.0,2.0,0.0,0.0053419001169697,0.00480623530933965,0.0,1.0,2.0,0.0,2.0,1.0,8,1,0,1,4,6410,814,5847,663,663,0,1.0,0,1
DLL3,AC_like_tumor,IDH_WT,tumor,1.0,4.882733549903664,4.882733549903664,75.67565799261446,0.222,0.013,0.209,1.0,1.0,1.0,5.406757172021811,1.0,4.0,2.0,0.0,2.0,0.0,0.0036567591714335,0.0032895772168579,0.0,1.0,2.0,0.0,2.0,1.0,8,1,0,1,4,72549,446,64812,108,108,0,1.0,0,1
DLL3,T cell,IDH_WT,T_cell,0.0,0.0,0.0,0.0,,,0.0,0.0,0.0,0.0,,0.0,4.0,0.0,0.0,0.0,0.0,0.0,0.0,,0.0,0.0,0.0,0.0,,8,1,0,1,4,2662,1463,1681,1118,1118,0,0.0,0,0
DLL3,TAM1/TAM2/microglia,IDH_WT,TAM_microglia,0.0,0.0,0.0,0.0,,,0.0,0.0,0.0,0.0,,0.0,4.0,0.0,0.0,0.0,0.0,0.0,0.0,,0.0,0.0,0.0,0.0,,8,1,0,1,4,12086,25922,9696,2745,2745,0,0.0,0,0
EGFR,OPC_GABA_like_tumor,IDH_Mutant,tumor,1.0,0.9416551344956996,0.9416551344956996,60.08480607195075,0.613,0.427,0.186,1.0,1.0,0.0,-2.881688130255577,1.0,3.0,0.0,4.0,2.0,2.0,0.0324842206972956,0.01927997356641785,0.0,1.0,2.0,4.0,4.0,0.0,14,0,1,1,4,6741,14114,1658,11741,1658,0,0.0,1,1
EGFR,OPC_GABA_AC_like_tumor,IDH_Mutant,tumor,0.0,0.0,0.0,0.0,,,0.0,0.0,0.0,0.0,,0.0,3.0,0.0,2.0,0.0,2.0,0.0131137600897326,0.0103901636652432,0.0,1.0,2.0,2.0,2.0,-1.0,14,0,1,1,4,6202,1012,352,742,352,0,-0.0,1,0
EGFR,cycling_tumor,IDH_Mutant,tumor,1.0,3.583022084327702,3.583022084327702,35.3294962415499,0.669,0.041,0.628,1.0,1.0,0.0,,0.0,3.0,0.0,4.0,2.0,2.0,0.0064027402138418,0.003551269548778375,0.0,1.0,2.0,4.0,4.0,0.0,14,0,1,1,4,6410,814,270,136,136,0,0.0,1,1
EGFR,AC_like_tumor,IDH_Mutant,tumor,1.0,0.9910509980827282,0.9910509980827282,6.212669893078216,0.371,0.2,0.17099999999999999,1.0,0.0,0.0,,0.0,3.0,0.0,4.0,2.0,2.0,0.0139104095399897,0.00775991270306315,0.0,1.0,2.0,4.0,4.0,0.0,14,0,1,1,4,72549,446,4249,283,283,0,0.0,1,1
EGFR,T cell,IDH_Mutant,T_cell,0.0,0.0,0.0,0.0,,,0.0,0.0,0.0,0.0,,0.0,3.0,0.0,0.0,0.0,0.0,0.0,0.0,,0.0,0.0,0.0,0.0,,14,0,1,1,4,2662,1463,941,334,334,0,0.0,1,0
EGFR,TAM1/TAM2/microglia,IDH_Mutant,TAM_microglia,0.0,0.0,0.0,0.0,,,0.0,0.0,0.0,0.0,,0.0,3.0,0.0,0.0,0.0,0.0,0.0,0.0,,0.0,0.0,0.0,0.0,,14,0,1,1,4,12086,25922,2106,21701,2106,0,0.0,1,0
EGFR,OPC_GABA_like_tumor,IDH_WT,tumor,1.0,-4.810347400142153,4.810347400142153,300.0,0.239,0.664,-0.42500000000000004,-1.0,1.0,0.0,-2.881688130255577,1.0,3.0,0.0,4.0,2.0,2.0,0.0324842206972956,0.01927997356641785,0.0,1.0,2.0,4.0,4.0,0.0,14,0,1,1,4,6741,14114,5040,1935,1935,0,-0.0,0,1
EGFR,OPC_GABA_AC_like_tumor,IDH_WT,tumor,1.0,-3.884741073233089,3.884741073233089,14.342600748057844,0.064,0.407,-0.34299999999999997,-1.0,0.0,0.0,-2.635357256382062,1.0,3.0,0.0,2.0,0.0,2.0,0.0131137600897326,0.0103901636652432,0.0,1.0,2.0,2.0,2.0,-1.0,14,0,1,1,4,6202,1012,5384,171,171,0,1.0,0,1
EGFR,cycling_tumor,IDH_WT,tumor,1.0,-2.992594636900289,2.992594636900289,10.242048894764032,0.17,0.28,-0.11000000000000001,-1.0,1.0,0.0,,0.0,3.0,0.0,4.0,2.0,2.0,0.0064027402138418,0.003551269548778375,0.0,1.0,2.0,4.0,4.0,0.0,14,0,1,1,4,6410,814,5847,663,663,0,-0.0,0,1
EGFR,AC_like_tumor,IDH_WT,tumor,0.0,0.0,0.0,0.0,,,0.0,0.0,0.0,0.0,,0.0,3.0,0.0,4.0,2.0,2.0,0.0139104095399897,0.00775991270306315,0.0,1.0,2.0,4.0,4.0,0.0,14,0,1,1,4,72549,446,64812,108,108,0,0.0,0,0
EGFR,T cell,IDH_WT,T_cell,0.0,0.0,0.0,0.0,,,0.0,0.0,0.0,0.0,,0.0,3.0,0.0,0.0,0.0,0.0,0.0,0.0,,0.0,0.0,0.0,0.0,,14,0,1,1,4,2662,1463,1681,1118,1118,0,0.0,0,0
EGFR,TAM1/TAM2/microglia,IDH_WT,TAM_microglia,0.0,0.0,0.0,0.0,,,0.0,0.0,0.0,0.0,,0.0,3.0,0.0,0.0,0.0,0.0,0.0,0.0,,0.0,0.0,0.0,0.0,,14,0,1,1,4,12086,25922,9696,2745,2745,0,0.0,0,0
ENTPD1,OPC_GABA_like_tumor,IDH_Mutant,tumor,0.0,0.0,0.0,0.0,,,0.0,0.0,0.0,0.0,,0.0,1.0,0.0,0.0,0.0,0.0,0.0,0.0,,0.0,0.0,0.0,0.0,,4,1,1,1,1,6741,14114,1658,11741,1658,0,0.0,1,0
ENTPD1,OPC_GABA_AC_like_tumor,IDH_Mutant,tumor,0.0,0.0,0.0,0.0,,,0.0,0.0,0.0,0.0,,0.0,1.0,0.0,0.0,0.0,0.0,0.0,0.0,,0.0,0.0,0.0,0.0,,4,1,1,1,1,6202,1012,352,742,352,0,0.0,1,0
ENTPD1,cycling_tumor,IDH_Mutant,tumor,0.0,0.0,0.0,0.0,,,0.0,0.0,0.0,0.0,,0.0,1.0,0.0,0.0,0.0,0.0,0.0,0.0,,0.0,0.0,0.0,0.0,,4,1,1,1,1,6410,814,270,136,136,0,0.0,1,0
ENTPD1,AC_like_tumor,IDH_Mutant,tumor,0.0,0.0,0.0,0.0,,,0.0,0.0,0.0,0.0,,0.0,1.0,0.0,0.0,0.0,0.0,0.0,0.0,,0.0,0.0,0.0,0.0,,4,1,1,1,1,72549,446,4249,283,283,0,0.0,1,0
ENTPD1,T cell,IDH_Mutant,T_cell,0.0,0.0,0.0,0.0,,,0.0,0.0,0.0,0.0,,0.0,1.0,0.0,0.0,0.0,0.0,0.0,0.0,,0.0,0.0,0.0,0.0,,4,1,1,1,1,2662,1463,941,334,334,0,0.0,1,0
ENTPD1,TAM1/TAM2/microglia,IDH_Mutant,TAM_microglia,1.0,1.0096441126957014,1.0096441126957014,41.50421303315566,0.355,0.205,0.15,1.0,1.0,1.0,1.3567662403519276,1.0,1.0,3.0,1.0,4.0,0.0,0.0134956831199029,0.007203532889107,0.0,1.0,2.0,1.0,4.0,1.0,4,1,1,1,1,12086,25922,2106,21701,2106,0,1.0,1,1
ENTPD1,OPC_GABA_like_tumor,IDH_WT,tumor,0.0,0.0,0.0,0.0,,,0.0,0.0,0.0,0.0,,0.0,1.0,0.0,0.0,0.0,0.0,0.0,0.0,,0.0,0.0,0.0,0.0,,4,1,1,1,1,6741,14114,5040,1935,1935,0,0.0,0,0
ENTPD1,OPC_GABA_AC_like_tumor,IDH_WT,tumor,0.0,0.0,0.0,0.0,,,0.0,0.0,0.0,0.0,,0.0,1.0,0.0,0.0,0.0,0.0,0.0,0.0,,0.0,0.0,0.0,0.0,,4,1,1,1,1,6202,1012,5384,171,171,0,0.0,0,0
ENTPD1,cycling_tumor,IDH_WT,tumor,0.0,0.0,0.0,0.0,,,0.0,0.0,0.0,0.0,,0.0,1.0,0.0,0.0,0.0,0.0,0.0,0.0,,0.0,0.0,0.0,0.0,,4,1,1,1,1,6410,814,5847,663,663,0,0.0,0,0
ENTPD1,AC_like_tumor,IDH_WT,tumor,0.0,0.0,0.0,0.0,,,0.0,0.0,0.0,0.0,,0.0,1.0,0.0,0.0,0.0,0.0,0.0,0.0,,0.0,0.0,0.0,0.0,,4,1,1,1,1,72549,446,64812,108,108,0,0.0,0,0
ENTPD1,T cell,IDH_WT,T_cell,0.0,0.0,0.0,0.0,,,0.0,0.0,0.0,0.0,,0.0,1.0,0.0,0.0,0.0,0.0,0.0,0.0,,0.0,0.0,0.0,0.0,,4,1,1,1,1,2662,1463,1681,1118,1118,0,0.0,0,0
ENTPD1,TAM1/TAM2/microglia,IDH_WT,TAM_microglia,1.0,0.6512541342894388,0.6512541342894388,28.708785406810396,0.234,0.137,0.097,1.0,1.0,1.0,1.3567662403519276,1.0,1.0,3.0,1.0,4.0,0.0,0.0134956831199029,0.007203532889107,0.0,1.0,2.0,1.0,4.0,1.0,4,1,1,1,1,12086,25922,9696,2745,2745,0,1.0,0,1
FPR1,OPC_GABA_like_tumor,IDH_Mutant,tumor,0.0,0.0,0.0,0.0,,,0.0,0.0,0.0,0.0,,0.0,2.0,0.0,0.0,0.0,0.0,0.0,0.0,,0.0,0.0,0.0,0.0,,10,0,1,1,1,6741,14114,1658,11741,1658,0,0.0,1,0
FPR1,OPC_GABA_AC_like_tumor,IDH_Mutant,tumor,0.0,0.0,0.0,0.0,,,0.0,0.0,0.0,0.0,,0.0,2.0,0.0,0.0,0.0,0.0,0.0,0.0,,0.0,0.0,0.0,0.0,,10,0,1,1,1,6202,1012,352,742,352,0,0.0,1,0
FPR1,cycling_tumor,IDH_Mutant,tumor,1.0,-3.886882400796423,3.886882400796423,2.1537092049596174,0.015,0.204,-0.189,-1.0,0.0,0.0,,0.0,2.0,0.0,0.0,0.0,0.0,0.0,0.0,,0.0,0.0,0.0,0.0,,10,0,1,1,1,6410,814,270,136,136,0,-0.0,1,0
FPR1,AC_like_tumor,IDH_Mutant,tumor,0.0,0.0,0.0,0.0,,,0.0,0.0,0.0,0.0,,0.0,2.0,0.0,0.0,0.0,0.0,0.0,0.0,,0.0,0.0,0.0,0.0,,10,0,1,1,1,72549,446,4249,283,283,0,0.0,1,0
FPR1,T cell,IDH_Mutant,T_cell,0.0,0.0,0.0,0.0,,,0.0,0.0,0.0,0.0,,0.0,2.0,0.0,0.0,0.0,0.0,0.0,0.0,,0.0,0.0,0.0,0.0,,10,0,1,1,1,2662,1463,941,334,334,0,0.0,1,0
FPR1,TAM1/TAM2/microglia,IDH_Mutant,TAM_microglia,1.0,0.6963076000213524,0.6963076000213524,39.53221449842776,0.511,0.367,0.14400000000000002,1.0,1.0,1.0,0.6383606487062171,1.0,2.0,0.0,10.0,5.0,5.0,0.0086008858847479,0.00602697727173577,0.0,1.0,4.0,8.0,10.0,0.0,10,0,1,1,1,12086,25922,2106,21701,2106,0,0.0,1,1
FPR1,OPC_GABA_like_tumor,IDH_WT,tumor,0.0,0.0,0.0,0.0,,,0.0,0.0,0.0,0.0,,0.0,1.0,0.0,0.0,0.0,0.0,0.0,0.0,,0.0,0.0,0.0,0.0,,10,0,1,1,1,6741,14114,5040,1935,1935,0,0.0,0,0
FPR1,OPC_GABA_AC_like_tumor,IDH_WT,tumor,0.0,0.0,0.0,0.0,,,0.0,0.0,0.0,0.0,,0.0,1.0,0.0,0.0,0.0,0.0,0.0,0.0,,0.0,0.0,0.0,0.0,,10,0,1,1,1,6202,1012,5384,171,171,0,0.0,0,0
FPR1,cycling_tumor,IDH_WT,tumor,0.0,0.0,0.0,0.0,,,0.0,0.0,0.0,0.0,,0.0,1.0,0.0,0.0,0.0,0.0,0.0,0.0,,0.0,0.0,0.0,0.0,,10,0,1,1,1,6410,814,5847,663,663,0,0.0,0,0
FPR1,AC_like_tumor,IDH_WT,tumor,0.0,0.0,0.0,0.0,,,0.0,0.0,0.0,0.0,,0.0,1.0,0.0,0.0,0.0,0.0,0.0,0.0,,0.0,0.0,0.0,0.0,,10,0,1,1,1,72549,446,64812,108,108,0,0.0,0,0
FPR1,T cell,IDH_WT,T_cell,0.0,0.0,0.0,0.0,,,0.0,0.0,0.0,0.0,,0.0,1.0,0.0,0.0,0.0,0.0,0.0,0.0,,0.0,0.0,0.0,0.0,,10,0,1,1,1,2662,1463,1681,1118,1118,0,0.0,0,0
FPR1,TAM1/TAM2/microglia,IDH_WT,TAM_microglia,1.0,0.5470222097655603,0.5470222097655603,46.002602613239794,0.493,0.332,0.16099999999999998,1.0,1.0,1.0,0.6383606487062171,1.0,1.0,0.0,10.0,5.0,5.0,0.0086008858847479,0.00602697727173577,0.0,1.0,4.0,8.0,10.0,0.0,10,0,1,1,1,12086,25922,9696,2745,2745,0,0.0,0,1
GAS6,OPC_GABA_like_tumor,IDH_Mutant,tumor,0.0,0.0,0.0,0.0,,,0.0,0.0,0.0,0.0,,0.0,2.0,0.0,0.0,0.0,0.0,0.0,0.0,,0.0,0.0,0.0,0.0,,2,1,0,1,1,6741,14114,1658,11741,1658,0,0.0,1,0
GAS6,OPC_GABA_AC_like_tumor,IDH_Mutant,tumor,0.0,0.0,0.0,0.0,,,0.0,0.0,0.0,0.0,,0.0,2.0,0.0,0.0,0.0,0.0,0.0,0.0,,0.0,0.0,0.0,0.0,,2,1,0,1,1,6202,1012,352,742,352,0,0.0,1,0
GAS6,cycling_tumor,IDH_Mutant,tumor,1.0,-6.232159625747492,6.232159625747492,4.162071336067185,0.015,0.248,-0.23299999999999998,-1.0,0.0,0.0,,0.0,2.0,0.0,0.0,0.0,0.0,0.0,0.0,,0.0,0.0,0.0,0.0,,2,1,0,1,1,6410,814,270,136,136,0,-0.0,1,0
GAS6,AC_like_tumor,IDH_Mutant,tumor,0.0,0.0,0.0,0.0,,,0.0,0.0,0.0,0.0,,0.0,2.0,0.0,0.0,0.0,0.0,0.0,0.0,,0.0,0.0,0.0,0.0,,2,1,0,1,1,72549,446,4249,283,283,0,0.0,1,0
GAS6,T cell,IDH_Mutant,T_cell,0.0,0.0,0.0,0.0,,,0.0,0.0,0.0,0.0,,0.0,2.0,0.0,0.0,0.0,0.0,0.0,0.0,,0.0,0.0,0.0,0.0,,2,1,0,1,1,2662,1463,941,334,334,0,0.0,1,0
GAS6,TAM1/TAM2/microglia,IDH_Mutant,TAM_microglia,1.0,0.3876737388378609,0.3876737388378609,7.680681181946396,0.363,0.28,0.08299999999999996,1.0,1.0,1.0,1.354641382858478,1.0,2.0,2.0,0.0,2.0,0.0,0.012077162692356,0.00795189203387295,0.0,1.0,1.0,0.0,2.0,1.0,2,1,0,1,1,12086,25922,2106,21701,2106,0,1.0,1,1
GAS6,OPC_GABA_like_tumor,IDH_WT,tumor,0.0,0.0,0.0,0.0,,,0.0,0.0,0.0,0.0,,0.0,1.0,0.0,0.0,0.0,0.0,0.0,0.0,,0.0,0.0,0.0,0.0,,2,1,0,1,1,6741,14114,5040,1935,1935,0,0.0,0,0
GAS6,OPC_GABA_AC_like_tumor,IDH_WT,tumor,0.0,0.0,0.0,0.0,,,0.0,0.0,0.0,0.0,,0.0,1.0,0.0,0.0,0.0,0.0,0.0,0.0,,0.0,0.0,0.0,0.0,,2,1,0,1,1,6202,1012,5384,171,171,0,0.0,0,0
GAS6,cycling_tumor,IDH_WT,tumor,0.0,0.0,0.0,0.0,,,0.0,0.0,0.0,0.0,,0.0,1.0,0.0,0.0,0.0,0.0,0.0,0.0,,0.0,0.0,0.0,0.0,,2,1,0,1,1,6410,814,5847,663,663,0,0.0,0,0
GAS6,AC_like_tumor,IDH_WT,tumor,0.0,0.0,0.0,0.0,,,0.0,0.0,0.0,0.0,,0.0,1.0,0.0,0.0,0.0,0.0,0.0,0.0,,0.0,0.0,0.0,0.0,,2,1,0,1,1,72549,446,64812,108,108,0,0.0,0,0
GAS6,T cell,IDH_WT,T_cell,0.0,0.0,0.0,0.0,,,0.0,0.0,0.0,0.0,,0.0,1.0,0.0,0.0,0.0,0.0,0.0,0.0,,0.0,0.0,0.0,0.0,,2,1,0,1,1,2662,1463,1681,1118,1118,0,0.0,0,0
GAS6,TAM1/TAM2/microglia,IDH_WT,TAM_microglia,1.0,1.0297449427302867,1.0297449427302867,51.35063053791812,0.254,0.13,0.124,1.0,1.0,1.0,1.354641382858478,1.0,1.0,2.0,0.0,2.0,0.0,0.012077162692356,0.00795189203387295,0.0,1.0,1.0,0.0,2.0,1.0,2,1,0,1,1,12086,25922,9696,2745,2745,0,1.0,0,1
GLS,OPC_GABA_like_tumor,IDH_Mutant,tumor,0.0,0.0,0.0,0.0,,,0.0,0.0,0.0,0.0,,0.0,2.0,0.0,0.0,0.0,0.0,0.0,0.0,,0.0,0.0,0.0,0.0,,39,1,0,1,2,6741,14114,1658,11741,1658,0,0.0,1,0
GLS,OPC_GABA_AC_like_tumor,IDH_Mutant,tumor,0.0,0.0,0.0,0.0,,,0.0,0.0,0.0,0.0,,0.0,2.0,0.0,0.0,0.0,0.0,0.0,0.0,,0.0,0.0,0.0,0.0,,39,1,0,1,2,6202,1012,352,742,352,0,0.0,1,0
GLS,cycling_tumor,IDH_Mutant,tumor,0.0,0.0,0.0,0.0,,,0.0,0.0,0.0,0.0,,0.0,2.0,26.0,0.0,26.0,0.0,0.0180971001094363,0.0031970323399380897,0.0,1.0,4.0,0.0,26.0,1.0,39,1,0,1,2,6410,814,270,136,136,0,0.0,1,0
GLS,AC_like_tumor,IDH_Mutant,tumor,1.0,0.5776595965084482,0.5776595965084482,1.6526299934287525,0.216,0.113,0.103,1.0,0.0,0.0,1.0697997501902503,1.0,2.0,0.0,0.0,0.0,0.0,0.0,0.0,,0.0,0.0,0.0,0.0,,39,1,0,1,2,72549,446,4249,283,283,0,0.0,1,0
GLS,T cell,IDH_Mutant,T_cell,0.0,0.0,0.0,0.0,,,0.0,0.0,0.0,0.0,,0.0,2.0,0.0,0.0,0.0,0.0,0.0,0.0,,0.0,0.0,0.0,0.0,,39,1,0,1,2,2662,1463,941,334,334,0,0.0,1,0
GLS,TAM1/TAM2/microglia,IDH_Mutant,TAM_microglia,1.0,1.1064324236649108,1.1064324236649108,59.4595764004668,0.46,0.286,0.17400000000000004,1.0,1.0,1.0,1.3231426999977598,1.0,2.0,13.0,0.0,13.0,0.0,0.0580182501147297,0.014240210546249892,0.0,1.0,4.0,13.0,13.0,1.0,39,1,0,1,2,12086,25922,2106,21701,2106,0,1.0,1,1
GLS,OPC_GABA_like_tumor,IDH_WT,tumor,1.0,1.189970242600572,1.189970242600572,125.73392048350394,0.332,0.087,0.24500000000000002,1.0,0.0,0.0,0.5942774403272952,1.0,3.0,0.0,0.0,0.0,0.0,0.0,0.0,,0.0,0.0,0.0,0.0,,39,1,0,1,2,6741,14114,5040,1935,1935,0,0.0,0,0
GLS,OPC_GABA_AC_like_tumor,IDH_WT,tumor,0.0,0.0,0.0,0.0,,,0.0,0.0,0.0,0.0,,0.0,3.0,0.0,0.0,0.0,0.0,0.0,0.0,,0.0,0.0,0.0,0.0,,39,1,0,1,2,6202,1012,5384,171,171,0,0.0,0,0
GLS,cycling_tumor,IDH_WT,tumor,1.0,0.9918381704077932,0.9918381704077932,90.22591303170422,0.339,0.073,0.266,1.0,0.0,0.0,0.6564354416742404,1.0,3.0,26.0,0.0,26.0,0.0,0.0180971001094363,0.0031970323399380897,0.0,1.0,4.0,0.0,26.0,1.0,39,1,0,1,2,6410,814,5847,663,663,0,1.0,0,1
GLS,AC_like_tumor,IDH_WT,tumor,0.0,0.0,0.0,0.0,,,0.0,0.0,0.0,0.0,,0.0,3.0,0.0,0.0,0.0,0.0,0.0,0.0,,0.0,0.0,0.0,0.0,,39,1,0,1,2,72549,446,64812,108,108,0,0.0,0,0
GLS,T cell,IDH_WT,T_cell,0.0,0.0,0.0,0.0,,,0.0,0.0,0.0,0.0,,0.0,3.0,0.0,0.0,0.0,0.0,0.0,0.0,,0.0,0.0,0.0,0.0,,39,1,0,1,2,2662,1463,1681,1118,1118,0,0.0,0,0
GLS,TAM1/TAM2/microglia,IDH_WT,TAM_microglia,1.0,0.8886823854089718,0.8886823854089718,71.8248014029961,0.386,0.214,0.17200000000000001,1.0,1.0,1.0,1.3231426999977598,1.0,3.0,13.0,0.0,13.0,0.0,0.0580182501147297,0.014240210546249892,0.0,1.0,4.0,13.0,13.0,1.0,39,1,0,1,2,12086,25922,9696,2745,2745,0,1.0,0,1
GPR37L1,OPC_GABA_like_tumor,IDH_Mutant,tumor,1.0,0.8292562148931141,0.8292562148931141,11.253425680509837,0.217,0.133,0.08399999999999999,1.0,0.0,0.0,-0.3643140305703578,1.0,1.0,0.0,9.0,9.0,0.0,0.0103328573239385,0.0037123086690787114,0.0,1.0,5.0,3.0,9.0,1.0,9,0,1,1,1,6741,14114,1658,11741,1658,0,1.0,1,1
GPR37L1,OPC_GABA_AC_like_tumor,IDH_Mutant,tumor,0.0,0.0,0.0,0.0,,,0.0,0.0,0.0,0.0,,0.0,1.0,0.0,0.0,0.0,0.0,0.0,0.0,,0.0,0.0,0.0,0.0,,9,0,1,1,1,6202,1012,352,742,352,0,0.0,1,0
GPR37L1,cycling_tumor,IDH_Mutant,tumor,0.0,0.0,0.0,0.0,,,0.0,0.0,0.0,0.0,,0.0,1.0,0.0,0.0,0.0,0.0,0.0,0.0,,0.0,0.0,0.0,0.0,,9,0,1,1,1,6410,814,270,136,136,0,0.0,1,0
GPR37L1,AC_like_tumor,IDH_Mutant,tumor,0.0,0.0,0.0,0.0,,,0.0,0.0,0.0,0.0,,0.0,1.0,0.0,0.0,0.0,0.0,0.0,0.0,,0.0,0.0,0.0,0.0,,9,0,1,1,1,72549,446,4249,283,283,0,0.0,1,0
GPR37L1,T cell,IDH_Mutant,T_cell,0.0,0.0,0.0,0.0,,,0.0,0.0,0.0,0.0,,0.0,1.0,0.0,0.0,0.0,0.0,0.0,0.0,,0.0,0.0,0.0,0.0,,9,0,1,1,1,2662,1463,941,334,334,0,0.0,1,0
GPR37L1,TAM1/TAM2/microglia,IDH_Mutant,TAM_microglia,0.0,0.0,0.0,0.0,,,0.0,0.0,0.0,0.0,,0.0,1.0,0.0,0.0,0.0,0.0,0.0,0.0,,0.0,0.0,0.0,0.0,,9,0,1,1,1,12086,25922,2106,21701,2106,0,0.0,1,0
GPR37L1,OPC_GABA_like_tumor,IDH_WT,tumor,0.0,0.0,0.0,0.0,,,0.0,0.0,0.0,0.0,,0.0,0.0,0.0,9.0,9.0,0.0,0.0103328573239385,0.0037123086690787114,0.0,1.0,5.0,3.0,9.0,1.0,9,0,1,1,1,6741,14114,5040,1935,1935,0,0.0,0,0
GPR37L1,OPC_GABA_AC_like_tumor,IDH_WT,tumor,0.0,0.0,0.0,0.0,,,0.0,0.0,0.0,0.0,,0.0,0.0,0.0,0.0,0.0,0.0,0.0,0.0,,0.0,0.0,0.0,0.0,,9,0,1,1,1,6202,1012,5384,171,171,0,0.0,0,0
GPR37L1,cycling_tumor,IDH_WT,tumor,0.0,0.0,0.0,0.0,,,0.0,0.0,0.0,0.0,,0.0,0.0,0.0,0.0,0.0,0.0,0.0,0.0,,0.0,0.0,0.0,0.0,,9,0,1,1,1,6410,814,5847,663,663,0,0.0,0,0
GPR37L1,AC_like_tumor,IDH_WT,tumor,0.0,0.0,0.0,0.0,,,0.0,0.0,0.0,0.0,,0.0,0.0,0.0,0.0,0.0,0.0,0.0,0.0,,0.0,0.0,0.0,0.0,,9,0,1,1,1,72549,446,64812,108,108,0,0.0,0,0
GPR37L1,T cell,IDH_WT,T_cell,0.0,0.0,0.0,0.0,,,0.0,0.0,0.0,0.0,,0.0,0.0,0.0,0.0,0.0,0.0,0.0,0.0,,0.0,0.0,0.0,0.0,,9,0,1,1,1,2662,1463,1681,1118,1118,0,0.0,0,0
GPR37L1,TAM1/TAM2/microglia,IDH_WT,TAM_microglia,0.0,0.0,0.0,0.0,,,0.0,0.0,0.0,0.0,,0.0,0.0,0.0,0.0,0.0,0.0,0.0,0.0,,0.0,0.0,0.0,0.0,,9,0,1,1,1,12086,25922,9696,2745,2745,0,0.0,0,0
GRIA2,OPC_GABA_like_tumor,IDH_Mutant,tumor,1.0,1.2280166001478816,1.2280166001478816,223.51190941461152,0.857,0.589,0.268,1.0,1.0,1.0,2.0244922440570936,1.0,4.0,0.0,6.0,3.0,3.0,0.0580182501147297,0.01588006951036475,0.0,1.0,2.0,2.0,6.0,0.0,12,0,1,1,3,6741,14114,1658,11741,1658,0,0.0,1,1
GRIA2,OPC_GABA_AC_like_tumor,IDH_Mutant,tumor,1.0,1.0039010485398163,1.0039010485398163,3.086937256619465,0.276,0.119,0.15700000000000003,1.0,0.0,0.0,2.0500061429439427,1.0,4.0,0.0,0.0,0.0,0.0,0.0,0.0,,0.0,0.0,0.0,0.0,,12,0,1,1,3,6202,1012,352,742,352,0,0.0,1,0
GRIA2,cycling_tumor,IDH_Mutant,tumor,1.0,4.653403958396013,4.653403958396013,37.39719059706227,0.647,0.03,0.617,1.0,1.0,1.0,2.6067381794114644,1.0,4.0,0.0,3.0,3.0,0.0,0.0081782421612816,0.003928664324832367,0.0,1.0,2.0,1.0,3.0,1.0,12,0,1,1,3,6410,814,270,136,136,0,1.0,1,1
GRIA2,AC_like_tumor,IDH_Mutant,tumor,1.0,1.2753291835796072,1.2753291835796072,12.021992749400278,0.452,0.256,0.196,1.0,0.0,0.0,2.218869375056152,1.0,4.0,0.0,3.0,3.0,0.0,0.01334006204483,0.006415987940346833,0.0,1.0,2.0,1.0,3.0,1.0,12,0,1,1,3,72549,446,4249,283,283,0,1.0,1,1
GRIA2,T cell,IDH_Mutant,T_cell,0.0,0.0,0.0,0.0,,,0.0,0.0,0.0,0.0,,0.0,4.0,0.0,0.0,0.0,0.0,0.0,0.0,,0.0,0.0,0.0,0.0,,12,0,1,1,3,2662,1463,941,334,334,0,0.0,1,0
GRIA2,TAM1/TAM2/microglia,IDH_Mutant,TAM_microglia,0.0,0.0,0.0,0.0,,,0.0,0.0,0.0,0.0,,0.0,4.0,0.0,0.0,0.0,0.0,0.0,0.0,,0.0,0.0,0.0,0.0,,12,0,1,1,3,12086,25922,2106,21701,2106,0,0.0,1,0
GRIA2,OPC_GABA_like_tumor,IDH_WT,tumor,1.0,0.9728237493385066,0.9728237493385066,191.16403911691194,0.594,0.182,0.412,1.0,1.0,1.0,2.0244922440570936,1.0,2.0,0.0,6.0,3.0,3.0,0.0580182501147297,0.01588006951036475,0.0,1.0,2.0,2.0,6.0,0.0,12,0,1,1,3,6741,14114,5040,1935,1935,0,0.0,0,1
GRIA2,OPC_GABA_AC_like_tumor,IDH_WT,tumor,0.0,0.0,0.0,0.0,,,0.0,0.0,0.0,0.0,,0.0,2.0,0.0,0.0,0.0,0.0,0.0,0.0,,0.0,0.0,0.0,0.0,,12,0,1,1,3,6202,1012,5384,171,171,0,0.0,0,0
GRIA2,cycling_tumor,IDH_WT,tumor,1.0,2.075188020547772,2.075188020547772,187.21850578965217,0.377,0.043,0.334,1.0,1.0,1.0,2.6067381794114644,1.0,2.0,0.0,3.0,3.0,0.0,0.0081782421612816,0.003928664324832367,0.0,1.0,2.0,1.0,3.0,1.0,12,0,1,1,3,6410,814,5847,663,663,0,1.0,0,1
GRIA2,AC_like_tumor,IDH_WT,tumor,0.0,0.0,0.0,0.0,,,0.0,0.0,0.0,0.0,,0.0,2.0,0.0,3.0,3.0,0.0,0.01334006204483,0.006415987940346833,0.0,1.0,2.0,1.0,3.0,1.0,12,0,1,1,3,72549,446,64812,108,108,0,0.0,0,0
GRIA2,T cell,IDH_WT,T_cell,0.0,0.0,0.0,0.0,,,0.0,0.0,0.0,0.0,,0.0,2.0,0.0,0.0,0.0,0.0,0.0,0.0,,0.0,0.0,0.0,0.0,,12,0,1,1,3,2662,1463,1681,1118,1118,0,0.0,0,0
GRIA2,TAM1/TAM2/microglia,IDH_WT,TAM_microglia,0.0,0.0,0.0,0.0,,,0.0,0.0,0.0,0.0,,0.0,2.0,0.0,0.0,0.0,0.0,0.0,0.0,,0.0,0.0,0.0,0.0,,12,0,1,1,3,12086,25922,9696,2745,2745,0,0.0,0,0
GRIA3,OPC_GABA_like_tumor,IDH_Mutant,tumor,0.0,0.0,0.0,0.0,,,0.0,0.0,0.0,0.0,,0.0,2.0,0.0,3.0,3.0,0.0,0.0082709493177436,0.003973284274476866,0.0,1.0,2.0,1.0,3.0,1.0,6,0,1,1,2,6741,14114,1658,11741,1658,0,0.0,1,0
GRIA3,OPC_GABA_AC_like_tumor,IDH_Mutant,tumor,0.0,0.0,0.0,0.0,,,0.0,0.0,0.0,0.0,,0.0,2.0,0.0,0.0,0.0,0.0,0.0,0.0,,0.0,0.0,0.0,0.0,,6,0,1,1,2,6202,1012,352,742,352,0,0.0,1,0
GRIA3,cycling_tumor,IDH_Mutant,tumor,1.0,5.380637217529915,5.380637217529915,13.383804944810485,0.287,0.007,0.27999999999999997,1.0,1.0,1.0,1.3787508387172114,1.0,2.0,0.0,3.0,3.0,0.0,0.0040368629211877,0.0019373749634117178,0.0,1.0,2.0,1.0,3.0,1.0,6,0,1,1,2,6410,814,270,136,136,0,1.0,1,1
GRIA3,AC_like_tumor,IDH_Mutant,tumor,1.0,0.48452149802399,0.48452149802399,1.5931581494345577,0.205,0.106,0.09899999999999999,1.0,0.0,0.0,0.728766352401378,1.0,2.0,0.0,0.0,0.0,0.0,0.0,0.0,,0.0,0.0,0.0,0.0,,6,0,1,1,2,72549,446,4249,283,283,0,0.0,1,0
GRIA3,T cell,IDH_Mutant,T_cell,0.0,0.0,0.0,0.0,,,0.0,0.0,0.0,0.0,,0.0,2.0,0.0,0.0,0.0,0.0,0.0,0.0,,0.0,0.0,0.0,0.0,,6,0,1,1,2,2662,1463,941,334,334,0,0.0,1,0
GRIA3,TAM1/TAM2/microglia,IDH_Mutant,TAM_microglia,0.0,0.0,0.0,0.0,,,0.0,0.0,0.0,0.0,,0.0,2.0,0.0,0.0,0.0,0.0,0.0,0.0,,0.0,0.0,0.0,0.0,,6,0,1,1,2,12086,25922,2106,21701,2106,0,0.0,1,0
GRIA3,OPC_GABA_like_tumor,IDH_WT,tumor,0.0,0.0,0.0,0.0,,,0.0,0.0,0.0,0.0,,0.0,1.0,0.0,3.0,3.0,0.0,0.0082709493177436,0.003973284274476866,0.0,1.0,2.0,1.0,3.0,1.0,6,0,1,1,2,6741,14114,5040,1935,1935,0,0.0,0,0
GRIA3,OPC_GABA_AC_like_tumor,IDH_WT,tumor,0.0,0.0,0.0,0.0,,,0.0,0.0,0.0,0.0,,0.0,1.0,0.0,0.0,0.0,0.0,0.0,0.0,,0.0,0.0,0.0,0.0,,6,0,1,1,2,6202,1012,5384,171,171,0,0.0,0,0
GRIA3,cycling_tumor,IDH_WT,tumor,1.0,1.2123710868250694,1.2123710868250694,63.0246063381897,0.252,0.055,0.197,1.0,1.0,1.0,1.3787508387172114,1.0,1.0,0.0,3.0,3.0,0.0,0.0040368629211877,0.0019373749634117178,0.0,1.0,2.0,1.0,3.0,1.0,6,0,1,1,2,6410,814,5847,663,663,0,1.0,0,1
GRIA3,AC_like_tumor,IDH_WT,tumor,0.0,0.0,0.0,0.0,,,0.0,0.0,0.0,0.0,,0.0,1.0,0.0,0.0,0.0,0.0,0.0,0.0,,0.0,0.0,0.0,0.0,,6,0,1,1,2,72549,446,64812,108,108,0,0.0,0,0
GRIA3,T cell,IDH_WT,T_cell,0.0,0.0,0.0,0.0,,,0.0,0.0,0.0,0.0,,0.0,1.0,0.0,0.0,0.0,0.0,0.0,0.0,,0.0,0.0,0.0,0.0,,6,0,1,1,2,2662,1463,1681,1118,1118,0,0.0,0,0
GRIA3,TAM1/TAM2/microglia,IDH_WT,TAM_microglia,0.0,0.0,0.0,0.0,,,0.0,0.0,0.0,0.0,,0.0,1.0,0.0,0.0,0.0,0.0,0.0,0.0,,0.0,0.0,0.0,0.0,,6,0,1,1,2,12086,25922,9696,2745,2745,0,0.0,0,0
GRIA4,OPC_GABA_like_tumor,IDH_Mutant,tumor,1.0,1.402974154449864,1.402974154449864,204.40813729381244,0.774,0.46,0.314,1.0,1.0,0.0,1.528990554097498,1.0,4.0,0.0,6.0,3.0,3.0,0.0396835918506492,0.011420645031546101,0.0,1.0,2.0,2.0,6.0,0.0,15,0,1,1,4,6741,14114,1658,11741,1658,0,0.0,1,1
GRIA4,OPC_GABA_AC_like_tumor,IDH_Mutant,tumor,1.0,1.2109919608963953,1.2109919608963953,4.885473816716232,0.295,0.116,0.179,1.0,0.0,0.0,1.374186037740927,1.0,4.0,0.0,3.0,3.0,0.0,0.0019474653876835,0.0009341804119280841,0.0,1.0,2.0,1.0,3.0,1.0,15,0,1,1,4,6202,1012,352,742,352,0,1.0,1,1
GRIA4,cycling_tumor,IDH_Mutant,tumor,1.0,3.821438449183044,3.821438449183044,38.10029134533499,0.654,0.026,0.628,1.0,1.0,1.0,1.8628651002395609,1.0,4.0,0.0,3.0,3.0,0.0,0.0081863349032921,0.003932559284510067,0.0,1.0,2.0,1.0,3.0,1.0,15,0,1,1,4,6410,814,270,136,136,0,1.0,1,1
GRIA4,AC_like_tumor,IDH_Mutant,tumor,1.0,1.7343749854518906,1.7343749854518906,22.540380180773678,0.442,0.195,0.247,1.0,0.0,0.0,1.4946478019091822,1.0,4.0,0.0,3.0,3.0,0.0,0.0114997280346777,0.0055284985840857335,0.0,1.0,2.0,1.0,3.0,1.0,15,0,1,1,4,72549,446,4249,283,283,0,1.0,1,1
GRIA4,T cell,IDH_Mutant,T_cell,0.0,0.0,0.0,0.0,,,0.0,0.0,0.0,0.0,,0.0,4.0,0.0,0.0,0.0,0.0,0.0,0.0,,0.0,0.0,0.0,0.0,,15,0,1,1,4,2662,1463,941,334,334,0,0.0,1,0
GRIA4,TAM1/TAM2/microglia,IDH_Mutant,TAM_microglia,0.0,0.0,0.0,0.0,,,0.0,0.0,0.0,0.0,,0.0,4.0,0.0,0.0,0.0,0.0,0.0,0.0,,0.0,0.0,0.0,0.0,,15,0,1,1,4,12086,25922,2106,21701,2106,0,0.0,1,0
GRIA4,OPC_GABA_like_tumor,IDH_WT,tumor,1.0,-0.5617661326101477,0.5617661326101477,10.56906676096856,0.343,0.205,0.13800000000000004,-1.0,1.0,0.0,1.528990554097498,1.0,2.0,0.0,6.0,3.0,3.0,0.0396835918506492,0.011420645031546101,0.0,1.0,2.0,2.0,6.0,0.0,15,0,1,1,4,6741,14114,5040,1935,1935,0,-0.0,0,1
GRIA4,OPC_GABA_AC_like_tumor,IDH_WT,tumor,0.0,0.0,0.0,0.0,,,0.0,0.0,0.0,0.0,,0.0,2.0,0.0,3.0,3.0,0.0,0.0019474653876835,0.0009341804119280841,0.0,1.0,2.0,1.0,3.0,1.0,15,0,1,1,4,6202,1012,5384,171,171,0,0.0,0,0
GRIA4,cycling_tumor,IDH_WT,tumor,1.0,1.3035883785292304,1.3035883785292304,133.11939523115862,0.412,0.074,0.33799999999999997,1.0,1.0,1.0,1.8628651002395609,1.0,2.0,0.0,3.0,3.0,0.0,0.0081863349032921,0.003932559284510067,0.0,1.0,2.0,1.0,3.0,1.0,15,0,1,1,4,6410,814,5847,663,663,0,1.0,0,1
GRIA4,AC_like_tumor,IDH_WT,tumor,0.0,0.0,0.0,0.0,,,0.0,0.0,0.0,0.0,,0.0,2.0,0.0,3.0,3.0,0.0,0.0114997280346777,0.0055284985840857335,0.0,1.0,2.0,1.0,3.0,1.0,15,0,1,1,4,72549,446,64812,108,108,0,0.0,0,0
GRIA4,T cell,IDH_WT,T_cell,0.0,0.0,0.0,0.0,,,0.0,0.0,0.0,0.0,,0.0,2.0,0.0,0.0,0.0,0.0,0.0,0.0,,0.0,0.0,0.0,0.0,,15,0,1,1,4,2662,1463,1681,1118,1118,0,0.0,0,0
GRIA4,TAM1/TAM2/microglia,IDH_WT,TAM_microglia,0.0,0.0,0.0,0.0,,,0.0,0.0,0.0,0.0,,0.0,2.0,0.0,0.0,0.0,0.0,0.0,0.0,,0.0,0.0,0.0,0.0,,15,0,1,1,4,12086,25922,9696,2745,2745,0,0.0,0,0
GRIK2,OPC_GABA_like_tumor,IDH_Mutant,tumor,1.0,0.7077504020705077,0.7077504020705077,46.94851154767892,0.442,0.237,0.20500000000000002,1.0,1.0,1.0,1.945958225080222,1.0,3.0,0.0,3.0,3.0,0.0,0.0104304704349845,0.0050132069452765,0.0,1.0,2.0,1.0,3.0,1.0,6,0,1,1,2,6741,14114,1658,11741,1658,0,1.0,1,1
GRIK2,OPC_GABA_AC_like_tumor,IDH_Mutant,tumor,0.0,0.0,0.0,0.0,,,0.0,0.0,0.0,0.0,,0.0,3.0,0.0,0.0,0.0,0.0,0.0,0.0,,0.0,0.0,0.0,0.0,,6,0,1,1,2,6202,1012,352,742,352,0,0.0,1,0
GRIK2,cycling_tumor,IDH_Mutant,tumor,1.0,4.395623567045501,4.395623567045501,18.556434461649925,0.39,0.019,0.371,1.0,1.0,1.0,4.631978706508267,1.0,3.0,0.0,3.0,3.0,0.0,0.0065597772960454,0.0031500068338564404,0.0,1.0,2.0,1.0,3.0,1.0,6,0,1,1,2,6410,814,270,136,136,0,1.0,1,1
GRIK2,AC_like_tumor,IDH_Mutant,tumor,1.0,0.5109836578628133,0.5109836578628133,5.752684337080595,0.247,0.111,0.136,1.0,0.0,0.0,3.416141471364228,1.0,3.0,0.0,0.0,0.0,0.0,0.0,0.0,,0.0,0.0,0.0,0.0,,6,0,1,1,2,72549,446,4249,283,283,0,0.0,1,0
GRIK2,T cell,IDH_Mutant,T_cell,0.0,0.0,0.0,0.0,,,0.0,0.0,0.0,0.0,,0.0,3.0,0.0,0.0,0.0,0.0,0.0,0.0,,0.0,0.0,0.0,0.0,,6,0,1,1,2,2662,1463,941,334,334,0,0.0,1,0
GRIK2,TAM1/TAM2/microglia,IDH_Mutant,TAM_microglia,0.0,0.0,0.0,0.0,,,0.0,0.0,0.0,0.0,,0.0,3.0,0.0,0.0,0.0,0.0,0.0,0.0,,0.0,0.0,0.0,0.0,,6,0,1,1,2,12086,25922,2106,21701,2106,0,0.0,1,0
GRIK2,OPC_GABA_like_tumor,IDH_WT,tumor,1.0,2.355477324856107,2.355477324856107,254.8408924152123,0.415,0.069,0.346,1.0,1.0,1.0,1.945958225080222,1.0,2.0,0.0,3.0,3.0,0.0,0.0104304704349845,0.0050132069452765,0.0,1.0,2.0,1.0,3.0,1.0,6,0,1,1,2,6741,14114,5040,1935,1935,0,1.0,0,1
GRIK2,OPC_GABA_AC_like_tumor,IDH_WT,tumor,0.0,0.0,0.0,0.0,,,0.0,0.0,0.0,0.0,,0.0,2.0,0.0,0.0,0.0,0.0,0.0,0.0,,0.0,0.0,0.0,0.0,,6,0,1,1,2,6202,1012,5384,171,171,0,0.0,0,0
GRIK2,cycling_tumor,IDH_WT,tumor,1.0,4.528205178189482,4.528205178189482,300.0,0.389,0.012,0.377,1.0,1.0,1.0,4.631978706508267,1.0,2.0,0.0,3.0,3.0,0.0,0.0065597772960454,0.0031500068338564404,0.0,1.0,2.0,1.0,3.0,1.0,6,0,1,1,2,6410,814,5847,663,663,0,1.0,0,1
GRIK2,AC_like_tumor,IDH_WT,tumor,0.0,0.0,0.0,0.0,,,0.0,0.0,0.0,0.0,,0.0,2.0,0.0,0.0,0.0,0.0,0.0,0.0,,0.0,0.0,0.0,0.0,,6,0,1,1,2,72549,446,64812,108,108,0,0.0,0,0
GRIK2,T cell,IDH_WT,T_cell,0.0,0.0,0.0,0.0,,,0.0,0.0,0.0,0.0,,0.0,2.0,0.0,0.0,0.0,0.0,0.0,0.0,,0.0,0.0,0.0,0.0,,6,0,1,1,2,2662,1463,1681,1118,1118,0,0.0,0,0
GRIK2,TAM1/TAM2/microglia,IDH_WT,TAM_microglia,0.0,0.0,0.0,0.0,,,0.0,0.0,0.0,0.0,,0.0,2.0,0.0,0.0,0.0,0.0,0.0,0.0,,0.0,0.0,0.0,0.0,,6,0,1,1,2,12086,25922,9696,2745,2745,0,0.0,0,0
GRN,OPC_GABA_like_tumor,IDH_Mutant,tumor,1.0,-0.7791388283861211,0.7791388283861211,4.891738789273467,0.116,0.169,-0.053000000000000005,-1.0,0.0,0.0,-1.0374745400121972,1.0,3.0,0.0,0.0,0.0,0.0,0.0,0.0,,0.0,0.0,0.0,0.0,,3,1,0,1,2,6741,14114,1658,11741,1658,0,-0.0,1,0
GRN,OPC_GABA_AC_like_tumor,IDH_Mutant,tumor,0.0,0.0,0.0,0.0,,,0.0,0.0,0.0,0.0,,0.0,3.0,0.0,0.0,0.0,0.0,0.0,0.0,,0.0,0.0,0.0,0.0,,3,1,0,1,2,6202,1012,352,742,352,0,0.0,1,0
GRN,cycling_tumor,IDH_Mutant,tumor,1.0,-3.3390010043527902,3.3390010043527902,2.1072722592230684,0.132,0.341,-0.20900000000000002,-1.0,1.0,1.0,-0.8381617394508267,1.0,3.0,1.0,0.0,1.0,0.0,0.0010429007073132,0.0010429007073132,0.0,1.0,1.0,0.0,1.0,1.0,3,1,0,1,2,6410,814,270,136,136,0,-1.0,1,1
GRN,AC_like_tumor,IDH_Mutant,tumor,0.0,0.0,0.0,0.0,,,0.0,0.0,0.0,0.0,,0.0,3.0,0.0,0.0,0.0,0.0,0.0,0.0,,0.0,0.0,0.0,0.0,,3,1,0,1,2,72549,446,4249,283,283,0,0.0,1,0
GRN,T cell,IDH_Mutant,T_cell,0.0,0.0,0.0,0.0,,,0.0,0.0,0.0,0.0,,0.0,3.0,0.0,0.0,0.0,0.0,0.0,0.0,,0.0,0.0,0.0,0.0,,3,1,0,1,2,2662,1463,941,334,334,0,0.0,1,0
GRN,TAM1/TAM2/microglia,IDH_Mutant,TAM_microglia,1.0,-0.2640489282341633,0.2640489282341633,7.9801390891202555,0.586,0.643,-0.05700000000000005,-1.0,0.0,0.0,-0.2677956716570902,1.0,3.0,2.0,0.0,1.0,1.0,0.005960292884092,0.00594661701763135,0.0,1.0,1.0,2.0,2.0,0.0,3,1,0,1,2,12086,25922,2106,21701,2106,0,-0.0,1,1
GRN,OPC_GABA_like_tumor,IDH_WT,tumor,0.0,0.0,0.0,0.0,,,0.0,0.0,0.0,0.0,,0.0,1.0,0.0,0.0,0.0,0.0,0.0,0.0,,0.0,0.0,0.0,0.0,,3,1,0,1,2,6741,14114,5040,1935,1935,0,0.0,0,0
GRN,OPC_GABA_AC_like_tumor,IDH_WT,tumor,0.0,0.0,0.0,0.0,,,0.0,0.0,0.0,0.0,,0.0,1.0,0.0,0.0,0.0,0.0,0.0,0.0,,0.0,0.0,0.0,0.0,,3,1,0,1,2,6202,1012,5384,171,171,0,0.0,0,0
GRN,cycling_tumor,IDH_WT,tumor,1.0,-0.6135540612557138,0.6135540612557138,14.200364024251824,0.43,0.207,0.223,-1.0,1.0,1.0,-0.8381617394508267,1.0,1.0,1.0,0.0,1.0,0.0,0.0010429007073132,0.0010429007073132,0.0,1.0,1.0,0.0,1.0,1.0,3,1,0,1,2,6410,814,5847,663,663,0,-1.0,0,1
GRN,AC_like_tumor,IDH_WT,tumor,0.0,0.0,0.0,0.0,,,0.0,0.0,0.0,0.0,,0.0,1.0,0.0,0.0,0.0,0.0,0.0,0.0,,0.0,0.0,0.0,0.0,,3,1,0,1,2,72549,446,64812,108,108,0,0.0,0,0
GRN,T cell,IDH_WT,T_cell,0.0,0.0,0.0,0.0,,,0.0,0.0,0.0,0.0,,0.0,1.0,0.0,0.0,0.0,0.0,0.0,0.0,,0.0,0.0,0.0,0.0,,3,1,0,1,2,2662,1463,1681,1118,1118,0,0.0,0,0
GRN,TAM1/TAM2/microglia,IDH_WT,TAM_microglia,0.0,0.0,0.0,0.0,,,0.0,0.0,0.0,0.0,,0.0,1.0,2.0,0.0,1.0,1.0,0.005960292884092,0.00594661701763135,0.0,1.0,1.0,2.0,2.0,0.0,3,1,0,1,2,12086,25922,9696,2745,2745,0,0.0,0,0
HAVCR2,OPC_GABA_like_tumor,IDH_Mutant,tumor,0.0,0.0,0.0,0.0,,,0.0,0.0,0.0,0.0,,0.0,3.0,0.0,0.0,0.0,0.0,0.0,0.0,,0.0,0.0,0.0,0.0,,2,0,1,1,1,6741,14114,1658,11741,1658,0,0.0,1,0
HAVCR2,OPC_GABA_AC_like_tumor,IDH_Mutant,tumor,0.0,0.0,0.0,0.0,,,0.0,0.0,0.0,0.0,,0.0,3.0,0.0,0.0,0.0,0.0,0.0,0.0,,0.0,0.0,0.0,0.0,,2,0,1,1,1,6202,1012,352,742,352,0,0.0,1,0
HAVCR2,cycling_tumor,IDH_Mutant,tumor,1.0,-8.033902757974692,8.033902757974692,5.449057838611597,0.0,0.256,-0.256,-1.0,0.0,0.0,,0.0,3.0,0.0,0.0,0.0,0.0,0.0,0.0,,0.0,0.0,0.0,0.0,,2,0,1,1,1,6410,814,270,136,136,0,-0.0,1,0
HAVCR2,AC_like_tumor,IDH_Mutant,tumor,0.0,0.0,0.0,0.0,,,0.0,0.0,0.0,0.0,,0.0,3.0,0.0,0.0,0.0,0.0,0.0,0.0,,0.0,0.0,0.0,0.0,,2,0,1,1,1,72549,446,4249,283,283,0,0.0,1,0
HAVCR2,T cell,IDH_Mutant,T_cell,1.0,1.9362697654948275,1.9362697654948275,3.13850499040765,0.129,0.043,0.08600000000000001,1.0,0.0,0.0,,0.0,3.0,0.0,0.0,0.0,0.0,0.0,0.0,,0.0,0.0,0.0,0.0,,2,0,1,1,1,2662,1463,941,334,334,0,0.0,1,0
HAVCR2,TAM1/TAM2/microglia,IDH_Mutant,TAM_microglia,1.0,0.6459388801766974,0.6459388801766974,39.23439518936956,0.622,0.499,0.123,1.0,1.0,1.0,1.1433285772866246,1.0,3.0,0.0,2.0,1.0,1.0,0.0101934918944621,0.00658942667833445,0.0,1.0,1.0,0.0,2.0,0.0,2,0,1,1,1,12086,25922,2106,21701,2106,0,0.0,1,1
HAVCR2,OPC_GABA_like_tumor,IDH_WT,tumor,0.0,0.0,0.0,0.0,,,0.0,0.0,0.0,0.0,,0.0,1.0,0.0,0.0,0.0,0.0,0.0,0.0,,0.0,0.0,0.0,0.0,,2,0,1,1,1,6741,14114,5040,1935,1935,0,0.0,0,0
HAVCR2,OPC_GABA_AC_like_tumor,IDH_WT,tumor,0.0,0.0,0.0,0.0,,,0.0,0.0,0.0,0.0,,0.0,1.0,0.0,0.0,0.0,0.0,0.0,0.0,,0.0,0.0,0.0,0.0,,2,0,1,1,1,6202,1012,5384,171,171,0,0.0,0,0
HAVCR2,cycling_tumor,IDH_WT,tumor,0.0,0.0,0.0,0.0,,,0.0,0.0,0.0,0.0,,0.0,1.0,0.0,0.0,0.0,0.0,0.0,0.0,,0.0,0.0,0.0,0.0,,2,0,1,1,1,6410,814,5847,663,663,0,0.0,0,0
HAVCR2,AC_like_tumor,IDH_WT,tumor,0.0,0.0,0.0,0.0,,,0.0,0.0,0.0,0.0,,0.0,1.0,0.0,0.0,0.0,0.0,0.0,0.0,,0.0,0.0,0.0,0.0,,2,0,1,1,1,72549,446,64812,108,108,0,0.0,0,0
HAVCR2,T cell,IDH_WT,T_cell,0.0,0.0,0.0,0.0,,,0.0,0.0,0.0,0.0,,0.0,1.0,0.0,0.0,0.0,0.0,0.0,0.0,,0.0,0.0,0.0,0.0,,2,0,1,1,1,2662,1463,1681,1118,1118,0,0.0,0,0
HAVCR2,TAM1/TAM2/microglia,IDH_WT,TAM_microglia,1.0,0.9651001381198132,0.9651001381198132,108.82802450474641,0.546,0.331,0.21500000000000002,1.0,1.0,1.0,1.1433285772866246,1.0,1.0,0.0,2.0,1.0,1.0,0.0101934918944621,0.00658942667833445,0.0,1.0,1.0,0.0,2.0,0.0,2,0,1,1,1,12086,25922,9696,2745,2745,0,0.0,0,1
HBEGF,OPC_GABA_like_tumor,IDH_Mutant,tumor,0.0,0.0,0.0,0.0,,,0.0,0.0,0.0,0.0,,0.0,0.0,0.0,0.0,0.0,0.0,0.0,0.0,,0.0,0.0,0.0,0.0,,7,1,0,1,1,6741,14114,1658,11741,1658,0,0.0,1,0
HBEGF,OPC_GABA_AC_like_tumor,IDH_Mutant,tumor,0.0,0.0,0.0,0.0,,,0.0,0.0,0.0,0.0,,0.0,0.0,0.0,0.0,0.0,0.0,0.0,0.0,,0.0,0.0,0.0,0.0,,7,1,0,1,1,6202,1012,352,742,352,0,0.0,1,0
HBEGF,cycling_tumor,IDH_Mutant,tumor,0.0,0.0,0.0,0.0,,,0.0,0.0,0.0,0.0,,0.0,0.0,0.0,0.0,0.0,0.0,0.0,0.0,,0.0,0.0,0.0,0.0,,7,1,0,1,1,6410,814,270,136,136,0,0.0,1,0
HBEGF,AC_like_tumor,IDH_Mutant,tumor,0.0,0.0,0.0,0.0,,,0.0,0.0,0.0,0.0,,0.0,0.0,0.0,0.0,0.0,0.0,0.0,0.0,,0.0,0.0,0.0,0.0,,7,1,0,1,1,72549,446,4249,283,283,0,0.0,1,0
HBEGF,T cell,IDH_Mutant,T_cell,0.0,0.0,0.0,0.0,,,0.0,0.0,0.0,0.0,,0.0,0.0,0.0,0.0,0.0,0.0,0.0,0.0,,0.0,0.0,0.0,0.0,,7,1,0,1,1,2662,1463,941,334,334,0,0.0,1,0
HBEGF,TAM1/TAM2/microglia,IDH_Mutant,TAM_microglia,0.0,0.0,0.0,0.0,,,0.0,0.0,0.0,0.0,,0.0,0.0,7.0,0.0,0.0,7.0,0.0191470332237848,0.0075573265473107285,0.0,1.0,4.0,7.0,7.0,-1.0,7,1,0,1,1,12086,25922,2106,21701,2106,0,-0.0,1,0
HBEGF,OPC_GABA_like_tumor,IDH_WT,tumor,0.0,0.0,0.0,0.0,,,0.0,0.0,0.0,0.0,,0.0,2.0,0.0,0.0,0.0,0.0,0.0,0.0,,0.0,0.0,0.0,0.0,,7,1,0,1,1,6741,14114,5040,1935,1935,0,0.0,0,0
HBEGF,OPC_GABA_AC_like_tumor,IDH_WT,tumor,0.0,0.0,0.0,0.0,,,0.0,0.0,0.0,0.0,,0.0,2.0,0.0,0.0,0.0,0.0,0.0,0.0,,0.0,0.0,0.0,0.0,,7,1,0,1,1,6202,1012,5384,171,171,0,0.0,0,0
HBEGF,cycling_tumor,IDH_WT,tumor,1.0,-0.9029527762983448,0.9029527762983448,2.017577129885317,0.143,0.077,0.06599999999999999,-1.0,0.0,0.0,,0.0,2.0,0.0,0.0,0.0,0.0,0.0,0.0,,0.0,0.0,0.0,0.0,,7,1,0,1,1,6410,814,5847,663,663,0,-0.0,0,0
HBEGF,AC_like_tumor,IDH_WT,tumor,0.0,0.0,0.0,0.0,,,0.0,0.0,0.0,0.0,,0.0,2.0,0.0,0.0,0.0,0.0,0.0,0.0,,0.0,0.0,0.0,0.0,,7,1,0,1,1,72549,446,64812,108,108,0,0.0,0,0
HBEGF,T cell,IDH_WT,T_cell,0.0,0.0,0.0,0.0,,,0.0,0.0,0.0,0.0,,0.0,2.0,0.0,0.0,0.0,0.0,0.0,0.0,,0.0,0.0,0.0,0.0,,7,1,0,1,1,2662,1463,1681,1118,1118,0,0.0,0,0
HBEGF,TAM1/TAM2/microglia,IDH_WT,TAM_microglia,1.0,0.9095021993511432,0.9095021993511432,64.75167939892984,0.485,0.316,0.16899999999999998,1.0,0.0,0.0,-0.7193658289602208,1.0,2.0,7.0,0.0,0.0,7.0,0.0191470332237848,0.0075573265473107285,0.0,1.0,4.0,7.0,7.0,-1.0,7,1,0,1,1,12086,25922,9696,2745,2745,0,-1.0,0,1
HLA-DMA,OPC_GABA_like_tumor,IDH_Mutant,tumor,0.0,0.0,0.0,0.0,,,0.0,0.0,0.0,0.0,,0.0,2.0,0.0,0.0,0.0,0.0,0.0,0.0,,0.0,0.0,0.0,0.0,,8,1,0,1,3,6741,14114,1658,11741,1658,0,0.0,1,0
HLA-DMA,OPC_GABA_AC_like_tumor,IDH_Mutant,tumor,0.0,0.0,0.0,0.0,,,0.0,0.0,0.0,0.0,,0.0,2.0,0.0,0.0,0.0,0.0,0.0,0.0,,0.0,0.0,0.0,0.0,,8,1,0,1,3,6202,1012,352,742,352,0,0.0,1,0
HLA-DMA,cycling_tumor,IDH_Mutant,tumor,1.0,-5.393978081590536,5.393978081590536,11.33642968877675,0.051,0.441,-0.39,-1.0,1.0,1.0,-5.239708435940198,1.0,2.0,2.0,0.0,0.0,2.0,0.0032317829215343,0.0017512198751586294,0.0,1.0,1.0,2.0,2.0,-1.0,8,1,0,1,3,6410,814,270,136,136,0,1.0,1,1
HLA-DMA,AC_like_tumor,IDH_Mutant,tumor,0.0,0.0,0.0,0.0,,,0.0,0.0,0.0,0.0,,0.0,2.0,0.0,0.0,0.0,0.0,0.0,0.0,,0.0,0.0,0.0,0.0,,8,1,0,1,3,72549,446,4249,283,283,0,0.0,1,0
HLA-DMA,T cell,IDH_Mutant,T_cell,0.0,0.0,0.0,0.0,,,0.0,0.0,0.0,0.0,,0.0,2.0,0.0,0.0,0.0,0.0,0.0,0.0,,0.0,0.0,0.0,0.0,,8,1,0,1,3,2662,1463,941,334,334,0,0.0,1,0
HLA-DMA,TAM1/TAM2/microglia,IDH_Mutant,TAM_microglia,1.0,-0.9004422843411573,0.9004422843411573,184.1624539878099,0.648,0.847,-0.19899999999999995,-1.0,0.0,0.0,-0.5872405186024281,1.0,2.0,4.0,0.0,2.0,2.0,0.017037430185218,0.00849364729375935,0.0,1.0,1.0,0.0,4.0,0.0,8,1,0,1,3,12086,25922,2106,21701,2106,0,-0.0,1,1
HLA-DMA,OPC_GABA_like_tumor,IDH_WT,tumor,0.0,0.0,0.0,0.0,,,0.0,0.0,0.0,0.0,,0.0,1.0,0.0,0.0,0.0,0.0,0.0,0.0,,0.0,0.0,0.0,0.0,,8,1,0,1,3,6741,14114,5040,1935,1935,0,0.0,0,0
HLA-DMA,OPC_GABA_AC_like_tumor,IDH_WT,tumor,0.0,0.0,0.0,0.0,,,0.0,0.0,0.0,0.0,,0.0,1.0,0.0,0.0,0.0,0.0,0.0,0.0,,0.0,0.0,0.0,0.0,,8,1,0,1,3,6202,1012,5384,171,171,0,0.0,0,0
HLA-DMA,cycling_tumor,IDH_WT,tumor,1.0,-6.038030044164264,6.038030044164264,38.419143754899444,0.024,0.263,-0.23900000000000002,-1.0,1.0,1.0,-5.239708435940198,1.0,1.0,2.0,0.0,0.0,2.0,0.0032317829215343,0.0017512198751586294,0.0,1.0,1.0,2.0,2.0,-1.0,8,1,0,1,3,6410,814,5847,663,663,0,1.0,0,1
HLA-DMA,AC_like_tumor,IDH_WT,tumor,0.0,0.0,0.0,0.0,,,0.0,0.0,0.0,0.0,,0.0,1.0,0.0,0.0,0.0,0.0,0.0,0.0,,0.0,0.0,0.0,0.0,,8,1,0,1,3,72549,446,64812,108,108,0,0.0,0,0
HLA-DMA,T cell,IDH_WT,T_cell,0.0,0.0,0.0,0.0,,,0.0,0.0,0.0,0.0,,0.0,1.0,0.0,0.0,0.0,0.0,0.0,0.0,,0.0,0.0,0.0,0.0,,8,1,0,1,3,2662,1463,1681,1118,1118,0,0.0,0,0
HLA-DMA,TAM1/TAM2/microglia,IDH_WT,TAM_microglia,0.0,0.0,0.0,0.0,,,0.0,0.0,0.0,0.0,,0.0,1.0,4.0,0.0,2.0,2.0,0.017037430185218,0.00849364729375935,0.0,1.0,1.0,0.0,4.0,0.0,8,1,0,1,3,12086,25922,9696,2745,2745,0,0.0,0,0
HLA-DMB,OPC_GABA_like_tumor,IDH_Mutant,tumor,0.0,0.0,0.0,0.0,,,0.0,0.0,0.0,0.0,,0.0,2.0,0.0,0.0,0.0,0.0,0.0,0.0,,0.0,0.0,0.0,0.0,,4,1,0,1,1,6741,14114,1658,11741,1658,0,0.0,1,0
HLA-DMB,OPC_GABA_AC_like_tumor,IDH_Mutant,tumor,0.0,0.0,0.0,0.0,,,0.0,0.0,0.0,0.0,,0.0,2.0,0.0,0.0,0.0,0.0,0.0,0.0,,0.0,0.0,0.0,0.0,,4,1,0,1,1,6202,1012,352,742,352,0,0.0,1,0
HLA-DMB,cycling_tumor,IDH_Mutant,tumor,1.0,-5.173753514312838,5.173753514312838,2.713921114491697,0.022,0.226,-0.20400000000000001,-1.0,1.0,1.0,-6.1258997909701325,1.0,2.0,0.0,0.0,0.0,0.0,0.0,0.0,,0.0,0.0,0.0,0.0,,4,1,0,1,1,6410,814,270,136,136,0,-0.0,1,0
HLA-DMB,AC_like_tumor,IDH_Mutant,tumor,0.0,0.0,0.0,0.0,,,0.0,0.0,0.0,0.0,,0.0,2.0,0.0,0.0,0.0,0.0,0.0,0.0,,0.0,0.0,0.0,0.0,,4,1,0,1,1,72549,446,4249,283,283,0,0.0,1,0
HLA-DMB,T cell,IDH_Mutant,T_cell,0.0,0.0,0.0,0.0,,,0.0,0.0,0.0,0.0,,0.0,2.0,0.0,0.0,0.0,0.0,0.0,0.0,,0.0,0.0,0.0,0.0,,4,1,0,1,1,2662,1463,941,334,334,0,0.0,1,0
HLA-DMB,TAM1/TAM2/microglia,IDH_Mutant,TAM_microglia,1.0,-0.4243816677695475,0.4243816677695475,21.90939160542601,0.445,0.549,-0.10400000000000004,-1.0,0.0,0.0,-0.3182422023829683,1.0,2.0,4.0,0.0,2.0,2.0,0.0046828301407175,0.002460909781326619,0.0,1.0,1.0,0.0,4.0,0.0,4,1,0,1,1,12086,25922,2106,21701,2106,0,-0.0,1,1
HLA-DMB,OPC_GABA_like_tumor,IDH_WT,tumor,0.0,0.0,0.0,0.0,,,0.0,0.0,0.0,0.0,,0.0,1.0,0.0,0.0,0.0,0.0,0.0,0.0,,0.0,0.0,0.0,0.0,,4,1,0,1,1,6741,14114,5040,1935,1935,0,0.0,0,0
HLA-DMB,OPC_GABA_AC_like_tumor,IDH_WT,tumor,0.0,0.0,0.0,0.0,,,0.0,0.0,0.0,0.0,,0.0,1.0,0.0,0.0,0.0,0.0,0.0,0.0,,0.0,0.0,0.0,0.0,,4,1,0,1,1,6202,1012,5384,171,171,0,0.0,0,0
HLA-DMB,cycling_tumor,IDH_WT,tumor,1.0,-7.140410700892755,7.140410700892755,18.336986567521397,0.003,0.138,-0.135,-1.0,1.0,1.0,-6.1258997909701325,1.0,1.0,0.0,0.0,0.0,0.0,0.0,0.0,,0.0,0.0,0.0,0.0,,4,1,0,1,1,6410,814,5847,663,663,0,-0.0,0,0
HLA-DMB,AC_like_tumor,IDH_WT,tumor,0.0,0.0,0.0,0.0,,,0.0,0.0,0.0,0.0,,0.0,1.0,0.0,0.0,0.0,0.0,0.0,0.0,,0.0,0.0,0.0,0.0,,4,1,0,1,1,72549,446,64812,108,108,0,0.0,0,0
HLA-DMB,T cell,IDH_WT,T_cell,0.0,0.0,0.0,0.0,,,0.0,0.0,0.0,0.0,,0.0,1.0,0.0,0.0,0.0,0.0,0.0,0.0,,0.0,0.0,0.0,0.0,,4,1,0,1,1,2662,1463,1681,1118,1118,0,0.0,0,0
HLA-DMB,TAM1/TAM2/microglia,IDH_WT,TAM_microglia,0.0,0.0,0.0,0.0,,,0.0,0.0,0.0,0.0,,0.0,1.0,4.0,0.0,2.0,2.0,0.0046828301407175,0.002460909781326619,0.0,1.0,1.0,0.0,4.0,0.0,4,1,0,1,1,12086,25922,9696,2745,2745,0,0.0,0,0
HLA-DPA1,OPC_GABA_like_tumor,IDH_Mutant,tumor,1.0,-2.0794392844152565,2.0794392844152565,34.04359575430023,0.076,0.169,-0.09300000000000001,-1.0,1.0,1.0,-2.044615793932649,1.0,4.0,0.0,0.0,0.0,0.0,0.0,0.0,,0.0,0.0,0.0,0.0,,14,1,0,1,5,6741,14114,1658,11741,1658,0,-0.0,1,0
HLA-DPA1,OPC_GABA_AC_like_tumor,IDH_Mutant,tumor,1.0,-2.898038598205624,2.898038598205624,10.204042220102679,0.055,0.205,-0.15,-1.0,1.0,1.0,-2.7854179706402324,1.0,4.0,0.0,0.0,0.0,0.0,0.0,0.0,,0.0,0.0,0.0,0.0,,14,1,0,1,5,6202,1012,352,742,352,0,-0.0,1,0
HLA-DPA1,cycling_tumor,IDH_Mutant,tumor,1.0,-6.414590555331722,6.414590555331722,23.73277137125242,0.066,0.644,-0.5780000000000001,-1.0,1.0,1.0,-6.10068956686858,1.0,4.0,2.0,0.0,0.0,2.0,0.0128370136176889,0.00696083524510625,0.0,1.0,1.0,2.0,2.0,-1.0,14,1,0,1,5,6410,814,270,136,136,0,1.0,1,1
HLA-DPA1,AC_like_tumor,IDH_Mutant,tumor,0.0,0.0,0.0,0.0,,,0.0,0.0,0.0,0.0,,0.0,4.0,2.0,0.0,0.0,2.0,0.0056489295785856,0.003061536101100413,0.0,1.0,1.0,2.0,2.0,-1.0,14,1,0,1,5,72549,446,4249,283,283,0,-0.0,1,0
HLA-DPA1,T cell,IDH_Mutant,T_cell,0.0,0.0,0.0,0.0,,,0.0,0.0,0.0,0.0,,0.0,4.0,4.0,0.0,2.0,2.0,0.0064586265870979,0.0031475290013926347,0.0,1.0,1.0,4.0,4.0,0.0,14,1,0,1,5,2662,1463,941,334,334,0,0.0,1,0
HLA-DPA1,TAM1/TAM2/microglia,IDH_Mutant,TAM_microglia,1.0,-1.5185155949667548,1.5185155949667548,300.0,0.843,0.958,-0.11499999999999999,-1.0,0.0,0.0,-0.8565881023929776,1.0,4.0,4.0,0.0,2.0,2.0,0.0333971442545754,0.016534185100048025,0.0,1.0,1.0,0.0,4.0,0.0,14,1,0,1,5,12086,25922,2106,21701,2106,0,-0.0,1,1
HLA-DPA1,OPC_GABA_like_tumor,IDH_WT,tumor,1.0,-2.1868810300022616,2.1868810300022616,10.241781102379683,0.071,0.134,-0.06300000000000001,-1.0,1.0,1.0,-2.044615793932649,1.0,5.0,0.0,0.0,0.0,0.0,0.0,0.0,,0.0,0.0,0.0,0.0,,14,1,0,1,5,6741,14114,5040,1935,1935,0,-0.0,0,0
HLA-DPA1,OPC_GABA_AC_like_tumor,IDH_WT,tumor,1.0,-3.592023626396724,3.592023626396724,3.885823160280731,0.035,0.218,-0.183,-1.0,1.0,1.0,-2.7854179706402324,1.0,5.0,0.0,0.0,0.0,0.0,0.0,0.0,,0.0,0.0,0.0,0.0,,14,1,0,1,5,6202,1012,5384,171,171,0,-0.0,0,0
HLA-DPA1,cycling_tumor,IDH_WT,tumor,1.0,-6.148412632684496,6.148412632684496,104.62802093879925,0.063,0.52,-0.457,-1.0,1.0,1.0,-6.10068956686858,1.0,5.0,2.0,0.0,0.0,2.0,0.0128370136176889,0.00696083524510625,0.0,1.0,1.0,2.0,2.0,-1.0,14,1,0,1,5,6410,814,5847,663,663,0,1.0,0,1
HLA-DPA1,AC_like_tumor,IDH_WT,tumor,1.0,-3.751590719019638,3.751590719019638,3.9772946821387603,0.065,0.321,-0.256,-1.0,0.0,0.0,-2.2401095392091683,1.0,5.0,2.0,0.0,0.0,2.0,0.0056489295785856,0.003061536101100413,0.0,1.0,1.0,2.0,2.0,-1.0,14,1,0,1,5,72549,446,64812,108,108,0,1.0,0,1
HLA-DPA1,T cell,IDH_WT,T_cell,1.0,0.6387378387373901,0.6387378387373901,5.048767892887816,0.42,0.316,0.10399999999999998,1.0,0.0,0.0,0.6837834330624064,1.0,5.0,4.0,0.0,2.0,2.0,0.0064586265870979,0.0031475290013926347,0.0,1.0,1.0,4.0,4.0,0.0,14,1,0,1,5,2662,1463,1681,1118,1118,0,0.0,0,1
HLA-DPA1,TAM1/TAM2/microglia,IDH_WT,TAM_microglia,0.0,0.0,0.0,0.0,,,0.0,0.0,0.0,0.0,,0.0,5.0,4.0,0.0,2.0,2.0,0.0333971442545754,0.016534185100048025,0.0,1.0,1.0,0.0,4.0,0.0,14,1,0,1,5,12086,25922,9696,2745,2745,0,0.0,0,0
HLA-DPB1,OPC_GABA_like_tumor,IDH_Mutant,tumor,1.0,-1.4266918143601734,1.4266918143601734,14.734606906929478,0.078,0.144,-0.06599999999999999,-1.0,0.0,0.0,-1.7680734722803004,1.0,5.0,0.0,0.0,0.0,0.0,0.0,0.0,,0.0,0.0,0.0,0.0,,14,1,0,1,5,6741,14114,1658,11741,1658,0,-0.0,1,0
HLA-DPB1,OPC_GABA_AC_like_tumor,IDH_Mutant,tumor,1.0,-1.8830586279192316,1.8830586279192316,2.4143426019449548,0.055,0.148,-0.093,-1.0,1.0,1.0,-2.489416554329811,1.0,5.0,0.0,0.0,0.0,0.0,0.0,0.0,,0.0,0.0,0.0,0.0,,14,1,0,1,5,6202,1012,352,742,352,0,-0.0,1,0
HLA-DPB1,cycling_tumor,IDH_Mutant,tumor,1.0,-4.349260628345878,4.349260628345878,14.827909673894155,0.118,0.563,-0.44499999999999995,-1.0,1.0,1.0,-4.736421498877837,1.0,5.0,2.0,0.0,0.0,2.0,0.0102525480035964,0.0055583801922202076,0.0,1.0,1.0,2.0,2.0,-1.0,14,1,0,1,5,6410,814,270,136,136,0,1.0,1,1
HLA-DPB1,AC_like_tumor,IDH_Mutant,tumor,0.0,0.0,0.0,0.0,,,0.0,0.0,0.0,0.0,,0.0,5.0,2.0,0.0,0.0,2.0,0.0056623552726468,0.0030688153298774434,0.0,1.0,1.0,2.0,2.0,-1.0,14,1,0,1,5,72549,446,4249,283,283,0,-0.0,1,0
HLA-DPB1,T cell,IDH_Mutant,T_cell,1.0,1.0076233680161066,1.0076233680161066,2.5272494314732996,0.461,0.323,0.138,1.0,1.0,1.0,0.7594494955326812,1.0,5.0,4.0,0.0,2.0,2.0,0.0064620288945377,0.0032153495971184065,0.0,1.0,1.0,4.0,4.0,0.0,14,1,0,1,5,2662,1463,941,334,334,0,0.0,1,1
HLA-DPB1,TAM1/TAM2/microglia,IDH_Mutant,TAM_microglia,1.0,-1.892655573057629,1.892655573057629,300.0,0.692,0.928,-0.2360000000000001,-1.0,1.0,1.0,-1.4002956125942698,1.0,5.0,4.0,0.0,2.0,2.0,0.0313832325589142,0.013363812357826549,0.0,1.0,1.0,0.0,4.0,0.0,14,1,0,1,5,12086,25922,2106,21701,2106,0,-0.0,1,1
HLA-DPB1,OPC_GABA_like_tumor,IDH_WT,tumor,0.0,0.0,0.0,0.0,,,0.0,0.0,0.0,0.0,,0.0,5.0,0.0,0.0,0.0,0.0,0.0,0.0,,0.0,0.0,0.0,0.0,,14,1,0,1,5,6741,14114,5040,1935,1935,0,0.0,0,0
HLA-DPB1,OPC_GABA_AC_like_tumor,IDH_WT,tumor,1.0,-4.098250410606293,4.098250410606293,5.378167038295328,0.029,0.236,-0.207,-1.0,1.0,1.0,-2.489416554329811,1.0,5.0,0.0,0.0,0.0,0.0,0.0,0.0,,0.0,0.0,0.0,0.0,,14,1,0,1,5,6202,1012,5384,171,171,0,-0.0,0,0
HLA-DPB1,cycling_tumor,IDH_WT,tumor,1.0,-4.828056235059979,4.828056235059979,83.956454746946,0.133,0.508,-0.375,-1.0,1.0,1.0,-4.736421498877837,1.0,5.0,2.0,0.0,0.0,2.0,0.0102525480035964,0.0055583801922202076,0.0,1.0,1.0,2.0,2.0,-1.0,14,1,0,1,5,6410,814,5847,663,663,0,1.0,0,1
HLA-DPB1,AC_like_tumor,IDH_WT,tumor,1.0,-3.190074886074954,3.190074886074954,3.215687969356039,0.093,0.333,-0.24000000000000002,-1.0,0.0,0.0,-2.435579781563539,1.0,5.0,2.0,0.0,0.0,2.0,0.0056623552726468,0.0030688153298774434,0.0,1.0,1.0,2.0,2.0,-1.0,14,1,0,1,5,72549,446,64812,108,108,0,1.0,0,1
HLA-DPB1,T cell,IDH_WT,T_cell,1.0,0.6068722189030684,0.6068722189030684,2.7934385720594177,0.458,0.375,0.08300000000000002,1.0,1.0,1.0,0.7594494955326812,1.0,5.0,4.0,0.0,2.0,2.0,0.0064620288945377,0.0032153495971184065,0.0,1.0,1.0,4.0,4.0,0.0,14,1,0,1,5,2662,1463,1681,1118,1118,0,0.0,0,1
HLA-DPB1,TAM1/TAM2/microglia,IDH_WT,TAM_microglia,1.0,-0.3761779466778892,0.3761779466778892,5.581407958767327,0.92,0.871,0.049000000000000044,-1.0,1.0,1.0,-1.4002956125942698,1.0,5.0,4.0,0.0,2.0,2.0,0.0313832325589142,0.013363812357826549,0.0,1.0,1.0,0.0,4.0,0.0,14,1,0,1,5,12086,25922,9696,2745,2745,0,-0.0,0,1
HLA-DQA1,OPC_GABA_like_tumor,IDH_Mutant,tumor,0.0,0.0,0.0,0.0,,,0.0,0.0,0.0,0.0,,0.0,2.0,0.0,0.0,0.0,0.0,0.0,0.0,,0.0,0.0,0.0,0.0,,4,1,0,1,1,6741,14114,1658,11741,1658,0,0.0,1,0
HLA-DQA1,OPC_GABA_AC_like_tumor,IDH_Mutant,tumor,0.0,0.0,0.0,0.0,,,0.0,0.0,0.0,0.0,,0.0,2.0,0.0,0.0,0.0,0.0,0.0,0.0,,0.0,0.0,0.0,0.0,,4,1,0,1,1,6202,1012,352,742,352,0,0.0,1,0
HLA-DQA1,cycling_tumor,IDH_Mutant,tumor,0.0,0.0,0.0,0.0,,,0.0,0.0,0.0,0.0,,0.0,2.0,0.0,0.0,0.0,0.0,0.0,0.0,,0.0,0.0,0.0,0.0,,4,1,0,1,1,6410,814,270,136,136,0,0.0,1,0
HLA-DQA1,AC_like_tumor,IDH_Mutant,tumor,0.0,0.0,0.0,0.0,,,0.0,0.0,0.0,0.0,,0.0,2.0,0.0,0.0,0.0,0.0,0.0,0.0,,0.0,0.0,0.0,0.0,,4,1,0,1,1,72549,446,4249,283,283,0,0.0,1,0
HLA-DQA1,T cell,IDH_Mutant,T_cell,1.0,1.6232308556617745,1.6232308556617745,2.1531669995221825,0.165,0.07,0.095,1.0,1.0,1.0,1.1255376384244378,1.0,2.0,0.0,0.0,0.0,0.0,0.0,0.0,,0.0,0.0,0.0,0.0,,4,1,0,1,1,2662,1463,941,334,334,0,0.0,1,0
HLA-DQA1,TAM1/TAM2/microglia,IDH_Mutant,TAM_microglia,1.0,-1.915022739295755,1.915022739295755,297.651399886943,0.317,0.669,-0.35200000000000004,-1.0,0.0,0.0,-1.3917598014019477,1.0,2.0,4.0,0.0,2.0,2.0,0.0140740943328221,0.00499675499961522,0.0,1.0,1.0,0.0,4.0,0.0,4,1,0,1,1,12086,25922,2106,21701,2106,0,-0.0,1,1
HLA-DQA1,OPC_GABA_like_tumor,IDH_WT,tumor,0.0,0.0,0.0,0.0,,,0.0,0.0,0.0,0.0,,0.0,2.0,0.0,0.0,0.0,0.0,0.0,0.0,,0.0,0.0,0.0,0.0,,4,1,0,1,1,6741,14114,5040,1935,1935,0,0.0,0,0
HLA-DQA1,OPC_GABA_AC_like_tumor,IDH_WT,tumor,0.0,0.0,0.0,0.0,,,0.0,0.0,0.0,0.0,,0.0,2.0,0.0,0.0,0.0,0.0,0.0,0.0,,0.0,0.0,0.0,0.0,,4,1,0,1,1,6202,1012,5384,171,171,0,0.0,0,0
HLA-DQA1,cycling_tumor,IDH_WT,tumor,1.0,-4.746705362321017,4.746705362321017,15.829126599692925,0.011,0.137,-0.126,-1.0,0.0,0.0,-4.588889315734522,1.0,2.0,0.0,0.0,0.0,0.0,0.0,0.0,,0.0,0.0,0.0,0.0,,4,1,0,1,1,6410,814,5847,663,663,0,-0.0,0,0
HLA-DQA1,AC_like_tumor,IDH_WT,tumor,0.0,0.0,0.0,0.0,,,0.0,0.0,0.0,0.0,,0.0,2.0,0.0,0.0,0.0,0.0,0.0,0.0,,0.0,0.0,0.0,0.0,,4,1,0,1,1,72549,446,64812,108,108,0,0.0,0,0
HLA-DQA1,T cell,IDH_WT,T_cell,1.0,0.9120736919079188,0.9120736919079188,2.3570250095401675,0.124,0.066,0.057999999999999996,1.0,1.0,1.0,1.1255376384244378,1.0,2.0,0.0,0.0,0.0,0.0,0.0,0.0,,0.0,0.0,0.0,0.0,,4,1,0,1,1,2662,1463,1681,1118,1118,0,0.0,0,0
HLA-DQA1,TAM1/TAM2/microglia,IDH_WT,TAM_microglia,0.0,0.0,0.0,0.0,,,0.0,0.0,0.0,0.0,,0.0,2.0,4.0,0.0,2.0,2.0,0.0140740943328221,0.00499675499961522,0.0,1.0,1.0,0.0,4.0,0.0,4,1,0,1,1,12086,25922,9696,2745,2745,0,0.0,0,0
HLA-DQB1,OPC_GABA_like_tumor,IDH_Mutant,tumor,0.0,0.0,0.0,0.0,,,0.0,0.0,0.0,0.0,,0.0,2.0,0.0,0.0,0.0,0.0,0.0,0.0,,0.0,0.0,0.0,0.0,,6,1,0,1,2,6741,14114,1658,11741,1658,0,0.0,1,0
HLA-DQB1,OPC_GABA_AC_like_tumor,IDH_Mutant,tumor,0.0,0.0,0.0,0.0,,,0.0,0.0,0.0,0.0,,0.0,2.0,0.0,0.0,0.0,0.0,0.0,0.0,,0.0,0.0,0.0,0.0,,6,1,0,1,2,6202,1012,352,742,352,0,0.0,1,0
HLA-DQB1,cycling_tumor,IDH_Mutant,tumor,1.0,-6.389090176778849,6.389090176778849,8.159306206834312,0.029,0.356,-0.32699999999999996,-1.0,1.0,1.0,-6.677965434719021,1.0,2.0,0.0,0.0,0.0,0.0,0.0,0.0,,0.0,0.0,0.0,0.0,,6,1,0,1,2,6410,814,270,136,136,0,-0.0,1,0
HLA-DQB1,AC_like_tumor,IDH_Mutant,tumor,0.0,0.0,0.0,0.0,,,0.0,0.0,0.0,0.0,,0.0,2.0,0.0,0.0,0.0,0.0,0.0,0.0,,0.0,0.0,0.0,0.0,,6,1,0,1,2,72549,446,4249,283,283,0,0.0,1,0
HLA-DQB1,T cell,IDH_Mutant,T_cell,0.0,0.0,0.0,0.0,,,0.0,0.0,0.0,0.0,,0.0,2.0,0.0,0.0,0.0,0.0,0.0,0.0,,0.0,0.0,0.0,0.0,,6,1,0,1,2,2662,1463,941,334,334,0,0.0,1,0
HLA-DQB1,TAM1/TAM2/microglia,IDH_Mutant,TAM_microglia,1.0,-1.6316148284320091,1.6316148284320091,134.0464141805525,0.475,0.681,-0.20600000000000007,-1.0,0.0,0.0,-1.3977999715061902,1.0,2.0,4.0,0.0,2.0,2.0,0.018298993149735,0.00788969711259746,0.0,1.0,1.0,0.0,4.0,0.0,6,1,0,1,2,12086,25922,2106,21701,2106,0,-0.0,1,1
HLA-DQB1,OPC_GABA_like_tumor,IDH_WT,tumor,0.0,0.0,0.0,0.0,,,0.0,0.0,0.0,0.0,,0.0,1.0,0.0,0.0,0.0,0.0,0.0,0.0,,0.0,0.0,0.0,0.0,,6,1,0,1,2,6741,14114,5040,1935,1935,0,0.0,0,0
HLA-DQB1,OPC_GABA_AC_like_tumor,IDH_WT,tumor,0.0,0.0,0.0,0.0,,,0.0,0.0,0.0,0.0,,0.0,1.0,0.0,0.0,0.0,0.0,0.0,0.0,,0.0,0.0,0.0,0.0,,6,1,0,1,2,6202,1012,5384,171,171,0,0.0,0,0
HLA-DQB1,cycling_tumor,IDH_WT,tumor,1.0,-6.823733393722145,6.823733393722145,31.39043150404676,0.011,0.215,-0.204,-1.0,1.0,1.0,-6.677965434719021,1.0,1.0,0.0,0.0,0.0,0.0,0.0,0.0,,0.0,0.0,0.0,0.0,,6,1,0,1,2,6410,814,5847,663,663,0,-0.0,0,0
HLA-DQB1,AC_like_tumor,IDH_WT,tumor,0.0,0.0,0.0,0.0,,,0.0,0.0,0.0,0.0,,0.0,1.0,0.0,0.0,0.0,0.0,0.0,0.0,,0.0,0.0,0.0,0.0,,6,1,0,1,2,72549,446,64812,108,108,0,0.0,0,0
HLA-DQB1,T cell,IDH_WT,T_cell,0.0,0.0,0.0,0.0,,,0.0,0.0,0.0,0.0,,0.0,1.0,0.0,0.0,0.0,0.0,0.0,0.0,,0.0,0.0,0.0,0.0,,6,1,0,1,2,2662,1463,1681,1118,1118,0,0.0,0,0
HLA-DQB1,TAM1/TAM2/microglia,IDH_WT,TAM_microglia,0.0,0.0,0.0,0.0,,,0.0,0.0,0.0,0.0,,0.0,1.0,4.0,0.0,2.0,2.0,0.018298993149735,0.00788969711259746,0.0,1.0,1.0,0.0,4.0,0.0,6,1,0,1,2,12086,25922,9696,2745,2745,0,0.0,0,0
HLA-DRA,OPC_GABA_like_tumor,IDH_Mutant,tumor,1.0,-2.2542419956913298,2.2542419956913298,94.50657435120421,0.119,0.306,-0.187,-1.0,1.0,1.0,-2.303886554092712,1.0,5.0,2.0,0.0,0.0,2.0,0.0029418197824012,0.0015940634976052007,0.0,1.0,1.0,2.0,2.0,-1.0,20,1,0,1,7,6741,14114,1658,11741,1658,0,1.0,1,1
HLA-DRA,OPC_GABA_AC_like_tumor,IDH_Mutant,tumor,1.0,-3.106786146530202,3.106786146530202,18.113623634583856,0.08,0.295,-0.21499999999999997,-1.0,1.0,1.0,-2.792402915110826,1.0,5.0,2.0,0.0,0.0,2.0,0.0062435412835112,0.0033839399211915686,0.0,1.0,1.0,2.0,2.0,-1.0,20,1,0,1,7,6202,1012,352,742,352,0,1.0,1,1
HLA-DRA,cycling_tumor,IDH_Mutant,tumor,1.0,-5.352105679335363,5.352105679335363,29.607013521346605,0.176,0.767,-0.591,-1.0,1.0,1.0,-5.913342503557029,1.0,5.0,2.0,0.0,0.0,2.0,0.0226256983458374,0.0122774795947623,0.0,1.0,1.0,2.0,2.0,-1.0,20,1,0,1,7,6410,814,270,136,136,0,1.0,1,1
HLA-DRA,AC_like_tumor,IDH_Mutant,tumor,1.0,-1.6811244989658287,1.6811244989658287,1.6692340129231094,0.339,0.42,-0.08099999999999996,-1.0,1.0,1.0,-2.076948134283445,1.0,5.0,4.0,0.0,2.0,2.0,0.0076760484327047,0.002627653342575854,0.0,1.0,1.0,4.0,4.0,0.0,20,1,0,1,7,72549,446,4249,283,283,0,-0.0,1,1
HLA-DRA,T cell,IDH_Mutant,T_cell,0.0,0.0,0.0,0.0,,,0.0,0.0,0.0,0.0,,0.0,5.0,4.0,0.0,2.0,2.0,0.0155067311054044,0.005776417214999927,0.0,1.0,1.0,4.0,4.0,0.0,20,1,0,1,7,2662,1463,941,334,334,0,0.0,1,0
HLA-DRA,TAM1/TAM2/microglia,IDH_Mutant,TAM_microglia,1.0,-1.3040264341078671,1.3040264341078671,300.0,0.929,0.979,-0.04999999999999993,-1.0,0.0,0.0,-0.9765472398250256,1.0,5.0,4.0,0.0,2.0,2.0,0.0431531889546866,0.02156299090804295,0.0,1.0,1.0,0.0,4.0,0.0,20,1,0,1,7,12086,25922,2106,21701,2106,0,-0.0,1,1
HLA-DRA,OPC_GABA_like_tumor,IDH_WT,tumor,1.0,-2.6403241447077264,2.6403241447077264,47.235486409090676,0.113,0.266,-0.15300000000000002,-1.0,1.0,1.0,-2.303886554092712,1.0,5.0,2.0,0.0,0.0,2.0,0.0029418197824012,0.0015940634976052007,0.0,1.0,1.0,2.0,2.0,-1.0,20,1,0,1,7,6741,14114,5040,1935,1935,0,1.0,0,1
HLA-DRA,OPC_GABA_AC_like_tumor,IDH_WT,tumor,1.0,-4.562986762043151,4.562986762043151,12.262862327823234,0.041,0.352,-0.311,-1.0,1.0,1.0,-2.792402915110826,1.0,5.0,2.0,0.0,0.0,2.0,0.0062435412835112,0.0033839399211915686,0.0,1.0,1.0,2.0,2.0,-1.0,20,1,0,1,7,6202,1012,5384,171,171,0,1.0,0,1
HLA-DRA,cycling_tumor,IDH_WT,tumor,1.0,-6.331888195860917,6.331888195860917,154.87616933734833,0.09,0.652,-0.562,-1.0,1.0,1.0,-5.913342503557029,1.0,5.0,2.0,0.0,0.0,2.0,0.0226256983458374,0.0122774795947623,0.0,1.0,1.0,2.0,2.0,-1.0,20,1,0,1,7,6410,814,5847,663,663,0,1.0,0,1
HLA-DRA,AC_like_tumor,IDH_WT,tumor,1.0,-2.9185997793086567,2.9185997793086567,8.45303885621402,0.139,0.491,-0.352,-1.0,1.0,1.0,-2.076948134283445,1.0,5.0,4.0,0.0,2.0,2.0,0.0076760484327047,0.002627653342575854,0.0,1.0,1.0,4.0,4.0,0.0,20,1,0,1,7,72549,446,64812,108,108,0,-0.0,0,1
HLA-DRA,T cell,IDH_WT,T_cell,1.0,1.201388345282215,1.201388345282215,24.578605438052506,0.535,0.355,0.18000000000000005,1.0,0.0,0.0,1.2241026217571085,1.0,5.0,4.0,0.0,2.0,2.0,0.0155067311054044,0.005776417214999927,0.0,1.0,1.0,4.0,4.0,0.0,20,1,0,1,7,2662,1463,1681,1118,1118,0,0.0,0,1
HLA-DRA,TAM1/TAM2/microglia,IDH_WT,TAM_microglia,0.0,0.0,0.0,0.0,,,0.0,0.0,0.0,0.0,,0.0,5.0,4.0,0.0,2.0,2.0,0.0431531889546866,0.02156299090804295,0.0,1.0,1.0,0.0,4.0,0.0,20,1,0,1,7,12086,25922,9696,2745,2745,0,0.0,0,0
HLA-DRB1,OPC_GABA_like_tumor,IDH_Mutant,tumor,1.0,-2.321572108689232,2.321572108689232,62.50989822527345,0.053,0.166,-0.11300000000000002,-1.0,1.0,1.0,-2.1010067905604157,1.0,4.0,0.0,0.0,0.0,0.0,0.0,0.0,,0.0,0.0,0.0,0.0,,14,1,0,1,5,6741,14114,1658,11741,1658,0,-0.0,1,0
HLA-DRB1,OPC_GABA_AC_like_tumor,IDH_Mutant,tumor,1.0,-3.609782457201693,3.609782457201693,13.083996487363262,0.032,0.182,-0.15,-1.0,1.0,1.0,-2.665883246001089,1.0,4.0,0.0,0.0,0.0,0.0,0.0,0.0,,0.0,0.0,0.0,0.0,,14,1,0,1,5,6202,1012,352,742,352,0,-0.0,1,0
HLA-DRB1,cycling_tumor,IDH_Mutant,tumor,1.0,-5.53062790437838,5.53062790437838,21.61862166400782,0.103,0.641,-0.538,-1.0,1.0,1.0,-5.978607762733578,1.0,4.0,2.0,0.0,0.0,2.0,0.0072428603962872,0.003925841771916736,0.0,1.0,1.0,2.0,2.0,-1.0,14,1,0,1,5,6410,814,270,136,136,0,1.0,1,1
HLA-DRB1,AC_like_tumor,IDH_Mutant,tumor,0.0,0.0,0.0,0.0,,,0.0,0.0,0.0,0.0,,0.0,4.0,2.0,0.0,0.0,2.0,0.0041600414779594,0.0022543680300073665,0.0,1.0,1.0,2.0,2.0,-1.0,14,1,0,1,5,72549,446,4249,283,283,0,-0.0,1,0
HLA-DRB1,T cell,IDH_Mutant,T_cell,0.0,0.0,0.0,0.0,,,0.0,0.0,0.0,0.0,,0.0,4.0,4.0,0.0,2.0,2.0,0.0055041634560057,0.00280821876967937,0.0,1.0,1.0,4.0,4.0,0.0,14,1,0,1,5,2662,1463,941,334,334,0,0.0,1,0
HLA-DRB1,TAM1/TAM2/microglia,IDH_Mutant,TAM_microglia,1.0,-1.1518370213164628,1.1518370213164628,268.9874824299002,0.893,0.962,-0.06899999999999995,-1.0,0.0,0.0,-0.5067458686879718,1.0,4.0,4.0,0.0,2.0,2.0,0.0334073134215138,0.017249044865644925,0.0,1.0,1.0,0.0,4.0,0.0,14,1,0,1,5,12086,25922,2106,21701,2106,0,-0.0,1,1
HLA-DRB1,OPC_GABA_like_tumor,IDH_WT,tumor,1.0,-2.102524416392644,2.102524416392644,2.8791467680297225,0.065,0.103,-0.03799999999999999,-1.0,1.0,1.0,-2.1010067905604157,1.0,3.0,0.0,0.0,0.0,0.0,0.0,0.0,,0.0,0.0,0.0,0.0,,14,1,0,1,5,6741,14114,5040,1935,1935,0,-0.0,0,0
HLA-DRB1,OPC_GABA_AC_like_tumor,IDH_WT,tumor,1.0,-6.121355775572992,6.121355775572992,3.1711417563496536,0.006,0.164,-0.158,-1.0,1.0,1.0,-2.665883246001089,1.0,3.0,0.0,0.0,0.0,0.0,0.0,0.0,,0.0,0.0,0.0,0.0,,14,1,0,1,5,6202,1012,5384,171,171,0,-0.0,0,0
HLA-DRB1,cycling_tumor,IDH_WT,tumor,1.0,-6.54685114339685,6.54685114339685,88.82559256879834,0.047,0.463,-0.41600000000000004,-1.0,1.0,1.0,-5.978607762733578,1.0,3.0,2.0,0.0,0.0,2.0,0.0072428603962872,0.003925841771916736,0.0,1.0,1.0,2.0,2.0,-1.0,14,1,0,1,5,6410,814,5847,663,663,0,1.0,0,1
HLA-DRB1,AC_like_tumor,IDH_WT,tumor,0.0,0.0,0.0,0.0,,,0.0,0.0,0.0,0.0,,0.0,3.0,2.0,0.0,0.0,2.0,0.0041600414779594,0.0022543680300073665,0.0,1.0,1.0,2.0,2.0,-1.0,14,1,0,1,5,72549,446,64812,108,108,0,-0.0,0,0
HLA-DRB1,T cell,IDH_WT,T_cell,0.0,0.0,0.0,0.0,,,0.0,0.0,0.0,0.0,,0.0,3.0,4.0,0.0,2.0,2.0,0.0055041634560057,0.00280821876967937,0.0,1.0,1.0,4.0,4.0,0.0,14,1,0,1,5,2662,1463,1681,1118,1118,0,0.0,0,0
HLA-DRB1,TAM1/TAM2/microglia,IDH_WT,TAM_microglia,0.0,0.0,0.0,0.0,,,0.0,0.0,0.0,0.0,,0.0,3.0,4.0,0.0,2.0,2.0,0.0334073134215138,0.017249044865644925,0.0,1.0,1.0,0.0,4.0,0.0,14,1,0,1,5,12086,25922,9696,2745,2745,0,0.0,0,0
HLA-DRB5,OPC_GABA_like_tumor,IDH_Mutant,tumor,0.0,0.0,0.0,0.0,,,0.0,0.0,0.0,0.0,,0.0,3.0,0.0,0.0,0.0,0.0,0.0,0.0,,0.0,0.0,0.0,0.0,,4,1,0,1,1,6741,14114,1658,11741,1658,0,0.0,1,0
HLA-DRB5,OPC_GABA_AC_like_tumor,IDH_Mutant,tumor,0.0,0.0,0.0,0.0,,,0.0,0.0,0.0,0.0,,0.0,3.0,0.0,0.0,0.0,0.0,0.0,0.0,,0.0,0.0,0.0,0.0,,4,1,0,1,1,6202,1012,352,742,352,0,0.0,1,0
HLA-DRB5,cycling_tumor,IDH_Mutant,tumor,1.0,-5.469553657520708,5.469553657520708,6.950520795754701,0.037,0.341,-0.30400000000000005,-1.0,1.0,1.0,-5.030979118008403,1.0,3.0,0.0,0.0,0.0,0.0,0.0,0.0,,0.0,0.0,0.0,0.0,,4,1,0,1,1,6410,814,270,136,136,0,-0.0,1,0
HLA-DRB5,AC_like_tumor,IDH_Mutant,tumor,0.0,0.0,0.0,0.0,,,0.0,0.0,0.0,0.0,,0.0,3.0,0.0,0.0,0.0,0.0,0.0,0.0,,0.0,0.0,0.0,0.0,,4,1,0,1,1,72549,446,4249,283,283,0,0.0,1,0
HLA-DRB5,T cell,IDH_Mutant,T_cell,1.0,0.967642772811686,0.967642772811686,1.4481237247366432,0.186,0.085,0.10099999999999999,1.0,0.0,0.0,0.7803796499122759,1.0,3.0,0.0,0.0,0.0,0.0,0.0,0.0,,0.0,0.0,0.0,0.0,,4,1,0,1,1,2662,1463,941,334,334,0,0.0,1,0
HLA-DRB5,TAM1/TAM2/microglia,IDH_Mutant,TAM_microglia,1.0,-1.110183303055599,1.110183303055599,231.84779931643314,0.489,0.829,-0.33999999999999997,-1.0,1.0,1.0,-0.7115592963088431,1.0,3.0,4.0,0.0,2.0,2.0,0.0153299905391955,0.005800008038656948,0.0,1.0,1.0,0.0,4.0,0.0,4,1,0,1,1,12086,25922,2106,21701,2106,0,-0.0,1,1
HLA-DRB5,OPC_GABA_like_tumor,IDH_WT,tumor,0.0,0.0,0.0,0.0,,,0.0,0.0,0.0,0.0,,0.0,2.0,0.0,0.0,0.0,0.0,0.0,0.0,,0.0,0.0,0.0,0.0,,4,1,0,1,1,6741,14114,5040,1935,1935,0,0.0,0,0
HLA-DRB5,OPC_GABA_AC_like_tumor,IDH_WT,tumor,0.0,0.0,0.0,0.0,,,0.0,0.0,0.0,0.0,,0.0,2.0,0.0,0.0,0.0,0.0,0.0,0.0,,0.0,0.0,0.0,0.0,,4,1,0,1,1,6202,1012,5384,171,171,0,0.0,0,0
HLA-DRB5,cycling_tumor,IDH_WT,tumor,1.0,-5.388167588528949,5.388167588528949,15.818416467018212,0.009,0.135,-0.126,-1.0,1.0,1.0,-5.030979118008403,1.0,2.0,0.0,0.0,0.0,0.0,0.0,0.0,,0.0,0.0,0.0,0.0,,4,1,0,1,1,6410,814,5847,663,663,0,-0.0,0,0
HLA-DRB5,AC_like_tumor,IDH_WT,tumor,0.0,0.0,0.0,0.0,,,0.0,0.0,0.0,0.0,,0.0,2.0,0.0,0.0,0.0,0.0,0.0,0.0,,0.0,0.0,0.0,0.0,,4,1,0,1,1,72549,446,64812,108,108,0,0.0,0,0
HLA-DRB5,T cell,IDH_WT,T_cell,0.0,0.0,0.0,0.0,,,0.0,0.0,0.0,0.0,,0.0,2.0,0.0,0.0,0.0,0.0,0.0,0.0,,0.0,0.0,0.0,0.0,,4,1,0,1,1,2662,1463,1681,1118,1118,0,0.0,0,0
HLA-DRB5,TAM1/TAM2/microglia,IDH_WT,TAM_microglia,1.0,-0.9532907349278568,0.9532907349278568,26.127445628592405,0.482,0.544,-0.062000000000000055,-1.0,1.0,1.0,-0.7115592963088431,1.0,2.0,4.0,0.0,2.0,2.0,0.0153299905391955,0.005800008038656948,0.0,1.0,1.0,0.0,4.0,0.0,4,1,0,1,1,12086,25922,9696,2745,2745,0,-0.0,0,1
HLA-E,OPC_GABA_like_tumor,IDH_Mutant,tumor,1.0,-3.530087658998165,3.530087658998165,300.0,0.051,0.417,-0.366,-1.0,0.0,0.0,-2.6572544460266494,1.0,4.0,0.0,0.0,0.0,0.0,0.0,0.0,,0.0,0.0,0.0,0.0,,6,1,0,1,4,6741,14114,1658,11741,1658,0,-0.0,1,0
HLA-E,OPC_GABA_AC_like_tumor,IDH_Mutant,tumor,1.0,-3.0950851419943675,3.0950851419943675,8.232795862160836,0.022,0.131,-0.10900000000000001,-1.0,0.0,0.0,-2.0956343316487085,1.0,4.0,0.0,0.0,0.0,0.0,0.0,0.0,,0.0,0.0,0.0,0.0,,6,1,0,1,4,6202,1012,352,742,352,0,-0.0,1,0
HLA-E,cycling_tumor,IDH_Mutant,tumor,1.0,-5.300401047119455,5.300401047119455,18.74604355532581,0.066,0.578,-0.512,-1.0,1.0,1.0,-3.141242191234189,1.0,4.0,1.0,0.0,0.0,1.0,0.0040438839943757,0.0040438839943757,0.0,1.0,1.0,0.0,1.0,-1.0,6,1,0,1,4,6410,814,270,136,136,0,1.0,1,1
HLA-E,AC_like_tumor,IDH_Mutant,tumor,0.0,0.0,0.0,0.0,,,0.0,0.0,0.0,0.0,,0.0,4.0,0.0,0.0,0.0,0.0,0.0,0.0,,0.0,0.0,0.0,0.0,,6,1,0,1,4,72549,446,4249,283,283,0,0.0,1,0
HLA-E,T cell,IDH_Mutant,T_cell,0.0,0.0,0.0,0.0,,,0.0,0.0,0.0,0.0,,0.0,4.0,2.0,0.0,1.0,1.0,0.0243335020236749,0.0230551639814484,0.0,1.0,1.0,2.0,2.0,0.0,6,1,0,1,4,2662,1463,941,334,334,0,0.0,1,0
HLA-E,TAM1/TAM2/microglia,IDH_Mutant,TAM_microglia,1.0,-0.4085553860479263,0.4085553860479263,54.38145665264017,0.865,0.927,-0.062000000000000055,-1.0,1.0,0.0,0.2621640472722299,1.0,4.0,2.0,0.0,1.0,1.0,0.0287367317117394,0.02515848644454735,0.0,1.0,1.0,2.0,2.0,0.0,6,1,0,1,4,12086,25922,2106,21701,2106,0,-0.0,1,1
HLA-E,OPC_GABA_like_tumor,IDH_WT,tumor,0.0,0.0,0.0,0.0,,,0.0,0.0,0.0,0.0,,0.0,3.0,0.0,0.0,0.0,0.0,0.0,0.0,,0.0,0.0,0.0,0.0,,6,1,0,1,4,6741,14114,5040,1935,1935,0,0.0,0,0
HLA-E,OPC_GABA_AC_like_tumor,IDH_WT,tumor,0.0,0.0,0.0,0.0,,,0.0,0.0,0.0,0.0,,0.0,3.0,0.0,0.0,0.0,0.0,0.0,0.0,,0.0,0.0,0.0,0.0,,6,1,0,1,4,6202,1012,5384,171,171,0,0.0,0,0
HLA-E,cycling_tumor,IDH_WT,tumor,1.0,-2.98578670334208,2.98578670334208,11.220255953942393,0.164,0.276,-0.11200000000000002,-1.0,1.0,1.0,-3.141242191234189,1.0,3.0,1.0,0.0,0.0,1.0,0.0040438839943757,0.0040438839943757,0.0,1.0,1.0,0.0,1.0,-1.0,6,1,0,1,4,6410,814,5847,663,663,0,1.0,0,1
HLA-E,AC_like_tumor,IDH_WT,tumor,0.0,0.0,0.0,0.0,,,0.0,0.0,0.0,0.0,,0.0,3.0,0.0,0.0,0.0,0.0,0.0,0.0,,0.0,0.0,0.0,0.0,,6,1,0,1,4,72549,446,64812,108,108,0,0.0,0,0
HLA-E,T cell,IDH_WT,T_cell,1.0,-0.5038481542141051,0.5038481542141051,11.83486321570158,0.523,0.663,-0.14,-1.0,0.0,0.0,-0.3183570483078131,1.0,3.0,2.0,0.0,1.0,1.0,0.0243335020236749,0.0230551639814484,0.0,1.0,1.0,2.0,2.0,0.0,6,1,0,1,4,2662,1463,1681,1118,1118,0,-0.0,0,1
HLA-E,TAM1/TAM2/microglia,IDH_WT,TAM_microglia,1.0,0.4478134585811877,0.4478134585811877,61.13491279946608,0.807,0.684,0.123,1.0,1.0,0.0,0.2621640472722299,1.0,3.0,2.0,0.0,1.0,1.0,0.0287367317117394,0.02515848644454735,0.0,1.0,1.0,2.0,2.0,0.0,6,1,0,1,4,12086,25922,9696,2745,2745,0,0.0,0,1
ITGAV,OPC_GABA_like_tumor,IDH_Mutant,tumor,1.0,-0.9361237616918576,0.9361237616918576,54.22678460579605,0.218,0.399,-0.18100000000000002,-1.0,0.0,0.0,-0.7919279087119326,1.0,3.0,0.0,14.0,13.0,1.0,0.0204651750303783,0.007934104333780162,0.0,3.0,7.0,5.0,14.0,0.8571428571428571,39,0,1,3,3,6741,14114,1658,11741,1658,0,-0.8571428571428571,1,1
ITGAV,OPC_GABA_AC_like_tumor,IDH_Mutant,tumor,0.0,0.0,0.0,0.0,,,0.0,0.0,0.0,0.0,,0.0,3.0,0.0,0.0,0.0,0.0,0.0,0.0,,0.0,0.0,0.0,0.0,,39,0,1,3,3,6202,1012,352,742,352,0,0.0,1,0
ITGAV,cycling_tumor,IDH_Mutant,tumor,1.0,0.539067686834929,0.539067686834929,1.8568969586238986,0.368,0.13,0.238,1.0,1.0,1.0,0.3303134313322708,1.0,3.0,0.0,13.0,13.0,0.0,0.029255088299547,0.012036451921385891,0.0,3.0,7.0,5.0,13.0,1.0,39,0,1,3,3,6410,814,270,136,136,0,1.0,1,1
ITGAV,AC_like_tumor,IDH_Mutant,tumor,0.0,0.0,0.0,0.0,,,0.0,0.0,0.0,0.0,,0.0,3.0,0.0,0.0,0.0,0.0,0.0,0.0,,0.0,0.0,0.0,0.0,,39,0,1,3,3,72549,446,4249,283,283,0,0.0,1,0
ITGAV,T cell,IDH_Mutant,T_cell,0.0,0.0,0.0,0.0,,,0.0,0.0,0.0,0.0,,0.0,3.0,0.0,0.0,0.0,0.0,0.0,0.0,,0.0,0.0,0.0,0.0,,39,0,1,3,3,2662,1463,941,334,334,0,0.0,1,0
ITGAV,TAM1/TAM2/microglia,IDH_Mutant,TAM_microglia,1.0,1.4214269757136222,1.4214269757136222,51.61833925135819,0.299,0.138,0.16099999999999998,1.0,1.0,1.0,0.4690205660040947,1.0,3.0,0.0,12.0,12.0,0.0,0.0342673920775937,0.01516661356754101,0.0,2.0,7.0,10.0,12.0,1.0,39,0,1,3,3,12086,25922,2106,21701,2106,0,1.0,1,1
ITGAV,OPC_GABA_like_tumor,IDH_WT,tumor,0.0,0.0,0.0,0.0,,,0.0,0.0,0.0,0.0,,0.0,2.0,0.0,14.0,13.0,1.0,0.0204651750303783,0.007934104333780162,0.0,3.0,7.0,5.0,14.0,0.8571428571428571,39,0,1,3,3,6741,14114,5040,1935,1935,0,0.0,0,0
ITGAV,OPC_GABA_AC_like_tumor,IDH_WT,tumor,0.0,0.0,0.0,0.0,,,0.0,0.0,0.0,0.0,,0.0,2.0,0.0,0.0,0.0,0.0,0.0,0.0,,0.0,0.0,0.0,0.0,,39,0,1,3,3,6202,1012,5384,171,171,0,0.0,0,0
ITGAV,cycling_tumor,IDH_WT,tumor,1.0,0.2979974162568404,0.2979974162568404,54.56349993519065,0.501,0.177,0.324,1.0,1.0,1.0,0.3303134313322708,1.0,2.0,0.0,13.0,13.0,0.0,0.029255088299547,0.012036451921385891,0.0,3.0,7.0,5.0,13.0,1.0,39,0,1,3,3,6410,814,5847,663,663,0,1.0,0,1
ITGAV,AC_like_tumor,IDH_WT,tumor,0.0,0.0,0.0,0.0,,,0.0,0.0,0.0,0.0,,0.0,2.0,0.0,0.0,0.0,0.0,0.0,0.0,,0.0,0.0,0.0,0.0,,39,0,1,3,3,72549,446,64812,108,108,0,0.0,0,0
ITGAV,T cell,IDH_WT,T_cell,0.0,0.0,0.0,0.0,,,0.0,0.0,0.0,0.0,,0.0,2.0,0.0,0.0,0.0,0.0,0.0,0.0,,0.0,0.0,0.0,0.0,,39,0,1,3,3,2662,1463,1681,1118,1118,0,0.0,0,0
ITGAV,TAM1/TAM2/microglia,IDH_WT,TAM_microglia,1.0,0.6594635228753861,0.6594635228753861,47.98864885266488,0.4,0.25,0.15000000000000002,1.0,1.0,1.0,0.4690205660040947,1.0,2.0,0.0,12.0,12.0,0.0,0.0342673920775937,0.01516661356754101,0.0,2.0,7.0,10.0,12.0,1.0,39,0,1,3,3,12086,25922,9696,2745,2745,0,1.0,0,1
ITGAX,OPC_GABA_like_tumor,IDH_Mutant,tumor,0.0,0.0,0.0,0.0,,,0.0,0.0,0.0,0.0,,0.0,0.0,0.0,0.0,0.0,0.0,0.0,0.0,,0.0,0.0,0.0,0.0,,4,0,1,2,1,6741,14114,1658,11741,1658,0,0.0,1,0
ITGAX,OPC_GABA_AC_like_tumor,IDH_Mutant,tumor,0.0,0.0,0.0,0.0,,,0.0,0.0,0.0,0.0,,0.0,0.0,0.0,0.0,0.0,0.0,0.0,0.0,,0.0,0.0,0.0,0.0,,4,0,1,2,1,6202,1012,352,742,352,0,0.0,1,0
ITGAX,cycling_tumor,IDH_Mutant,tumor,0.0,0.0,0.0,0.0,,,0.0,0.0,0.0,0.0,,0.0,0.0,0.0,0.0,0.0,0.0,0.0,0.0,,0.0,0.0,0.0,0.0,,4,0,1,2,1,6410,814,270,136,136,0,0.0,1,0
ITGAX,AC_like_tumor,IDH_Mutant,tumor,0.0,0.0,0.0,0.0,,,0.0,0.0,0.0,0.0,,0.0,0.0,0.0,0.0,0.0,0.0,0.0,0.0,,0.0,0.0,0.0,0.0,,4,0,1,2,1,72549,446,4249,283,283,0,0.0,1,0
ITGAX,T cell,IDH_Mutant,T_cell,0.0,0.0,0.0,0.0,,,0.0,0.0,0.0,0.0,,0.0,0.0,0.0,0.0,0.0,0.0,0.0,0.0,,0.0,0.0,0.0,0.0,,4,0,1,2,1,2662,1463,941,334,334,0,0.0,1,0
ITGAX,TAM1/TAM2/microglia,IDH_Mutant,TAM_microglia,0.0,0.0,0.0,0.0,,,0.0,0.0,0.0,0.0,,0.0,0.0,0.0,4.0,4.0,0.0,0.0442420541942578,0.0234334586245721,0.0,2.0,3.0,2.0,4.0,1.0,4,0,1,2,1,12086,25922,2106,21701,2106,0,0.0,1,0
ITGAX,OPC_GABA_like_tumor,IDH_WT,tumor,0.0,0.0,0.0,0.0,,,0.0,0.0,0.0,0.0,,0.0,1.0,0.0,0.0,0.0,0.0,0.0,0.0,,0.0,0.0,0.0,0.0,,4,0,1,2,1,6741,14114,5040,1935,1935,0,0.0,0,0
ITGAX,OPC_GABA_AC_like_tumor,IDH_WT,tumor,0.0,0.0,0.0,0.0,,,0.0,0.0,0.0,0.0,,0.0,1.0,0.0,0.0,0.0,0.0,0.0,0.0,,0.0,0.0,0.0,0.0,,4,0,1,2,1,6202,1012,5384,171,171,0,0.0,0,0
ITGAX,cycling_tumor,IDH_WT,tumor,0.0,0.0,0.0,0.0,,,0.0,0.0,0.0,0.0,,0.0,1.0,0.0,0.0,0.0,0.0,0.0,0.0,,0.0,0.0,0.0,0.0,,4,0,1,2,1,6410,814,5847,663,663,0,0.0,0,0
ITGAX,AC_like_tumor,IDH_WT,tumor,0.0,0.0,0.0,0.0,,,0.0,0.0,0.0,0.0,,0.0,1.0,0.0,0.0,0.0,0.0,0.0,0.0,,0.0,0.0,0.0,0.0,,4,0,1,2,1,72549,446,64812,108,108,0,0.0,0,0
ITGAX,T cell,IDH_WT,T_cell,0.0,0.0,0.0,0.0,,,0.0,0.0,0.0,0.0,,0.0,1.0,0.0,0.0,0.0,0.0,0.0,0.0,,0.0,0.0,0.0,0.0,,4,0,1,2,1,2662,1463,1681,1118,1118,0,0.0,0,0
ITGAX,TAM1/TAM2/microglia,IDH_WT,TAM_microglia,1.0,0.4162680857907228,0.4162680857907228,15.961042523381522,0.318,0.228,0.09,1.0,0.0,0.0,0.5453920909801828,1.0,1.0,0.0,4.0,4.0,0.0,0.0442420541942578,0.0234334586245721,0.0,2.0,3.0,2.0,4.0,1.0,4,0,1,2,1,12086,25922,9696,2745,2745,0,1.0,0,1
ITGB1,OPC_GABA_like_tumor,IDH_Mutant,tumor,1.0,0.4572861542023095,0.4572861542023095,2.338109442974838,0.247,0.195,0.05199999999999999,1.0,1.0,1.0,,0.0,1.0,0.0,12.0,12.0,0.0,0.0204651750303783,0.00902374051798539,0.0,2.0,7.0,5.0,12.0,1.0,36,0,1,2,3,6741,14114,1658,11741,1658,0,1.0,1,1
ITGB1,OPC_GABA_AC_like_tumor,IDH_Mutant,tumor,0.0,0.0,0.0,0.0,,,0.0,0.0,0.0,0.0,,0.0,1.0,0.0,0.0,0.0,0.0,0.0,0.0,,0.0,0.0,0.0,0.0,,36,0,1,2,3,6202,1012,352,742,352,0,0.0,1,0
ITGB1,cycling_tumor,IDH_Mutant,tumor,0.0,0.0,0.0,0.0,,,0.0,0.0,0.0,0.0,,0.0,1.0,0.0,12.0,12.0,0.0,0.029255088299547,0.01293040491931679,0.0,2.0,7.0,5.0,12.0,1.0,36,0,1,2,3,6410,814,270,136,136,0,0.0,1,0
ITGB1,AC_like_tumor,IDH_Mutant,tumor,0.0,0.0,0.0,0.0,,,0.0,0.0,0.0,0.0,,0.0,1.0,0.0,0.0,0.0,0.0,0.0,0.0,,0.0,0.0,0.0,0.0,,36,0,1,2,3,72549,446,4249,283,283,0,0.0,1,0
ITGB1,T cell,IDH_Mutant,T_cell,0.0,0.0,0.0,0.0,,,0.0,0.0,0.0,0.0,,0.0,1.0,0.0,0.0,0.0,0.0,0.0,0.0,,0.0,0.0,0.0,0.0,,36,0,1,2,3,2662,1463,941,334,334,0,0.0,1,0
ITGB1,TAM1/TAM2/microglia,IDH_Mutant,TAM_microglia,0.0,0.0,0.0,0.0,,,0.0,0.0,0.0,0.0,,0.0,1.0,0.0,12.0,12.0,0.0,0.0342673920775937,0.01516661356754101,0.0,2.0,7.0,10.0,12.0,1.0,36,0,1,2,3,12086,25922,2106,21701,2106,0,0.0,1,0
ITGB1,OPC_GABA_like_tumor,IDH_WT,tumor,1.0,0.4100098388857025,0.4100098388857025,88.859551487124,0.447,0.175,0.272,1.0,1.0,1.0,,0.0,2.0,0.0,12.0,12.0,0.0,0.0204651750303783,0.00902374051798539,0.0,2.0,7.0,5.0,12.0,1.0,36,0,1,2,3,6741,14114,5040,1935,1935,0,1.0,0,1
ITGB1,OPC_GABA_AC_like_tumor,IDH_WT,tumor,0.0,0.0,0.0,0.0,,,0.0,0.0,0.0,0.0,,0.0,2.0,0.0,0.0,0.0,0.0,0.0,0.0,,0.0,0.0,0.0,0.0,,36,0,1,2,3,6202,1012,5384,171,171,0,0.0,0,0
ITGB1,cycling_tumor,IDH_WT,tumor,1.0,0.3451924412793004,0.3451924412793004,53.24341452936317,0.51,0.181,0.329,1.0,0.0,0.0,,0.0,2.0,0.0,12.0,12.0,0.0,0.029255088299547,0.01293040491931679,0.0,2.0,7.0,5.0,12.0,1.0,36,0,1,2,3,6410,814,5847,663,663,0,1.0,0,1
ITGB1,AC_like_tumor,IDH_WT,tumor,0.0,0.0,0.0,0.0,,,0.0,0.0,0.0,0.0,,0.0,2.0,0.0,0.0,0.0,0.0,0.0,0.0,,0.0,0.0,0.0,0.0,,36,0,1,2,3,72549,446,64812,108,108,0,0.0,0,0
ITGB1,T cell,IDH_WT,T_cell,0.0,0.0,0.0,0.0,,,0.0,0.0,0.0,0.0,,0.0,2.0,0.0,0.0,0.0,0.0,0.0,0.0,,0.0,0.0,0.0,0.0,,36,0,1,2,3,2662,1463,1681,1118,1118,0,0.0,0,0
ITGB1,TAM1/TAM2/microglia,IDH_WT,TAM_microglia,0.0,0.0,0.0,0.0,,,0.0,0.0,0.0,0.0,,0.0,2.0,0.0,12.0,12.0,0.0,0.0342673920775937,0.01516661356754101,0.0,2.0,7.0,10.0,12.0,1.0,36,0,1,2,3,12086,25922,9696,2745,2745,0,0.0,0,0
ITGB2,OPC_GABA_like_tumor,IDH_Mutant,tumor,0.0,0.0,0.0,0.0,,,0.0,0.0,0.0,0.0,,0.0,2.0,0.0,0.0,0.0,0.0,0.0,0.0,,0.0,0.0,0.0,0.0,,4,0,1,2,1,6741,14114,1658,11741,1658,0,0.0,1,0
ITGB2,OPC_GABA_AC_like_tumor,IDH_Mutant,tumor,0.0,0.0,0.0,0.0,,,0.0,0.0,0.0,0.0,,0.0,2.0,0.0,0.0,0.0,0.0,0.0,0.0,,0.0,0.0,0.0,0.0,,4,0,1,2,1,6202,1012,352,742,352,0,0.0,1,0
ITGB2,cycling_tumor,IDH_Mutant,tumor,1.0,-5.376244031262254,5.376244031262254,11.710319236366402,0.015,0.415,-0.39999999999999997,-1.0,1.0,1.0,-5.015485281475216,1.0,2.0,0.0,0.0,0.0,0.0,0.0,0.0,,0.0,0.0,0.0,0.0,,4,0,1,2,1,6410,814,270,136,136,0,-0.0,1,0
ITGB2,AC_like_tumor,IDH_Mutant,tumor,0.0,0.0,0.0,0.0,,,0.0,0.0,0.0,0.0,,0.0,2.0,0.0,0.0,0.0,0.0,0.0,0.0,,0.0,0.0,0.0,0.0,,4,0,1,2,1,72549,446,4249,283,283,0,0.0,1,0
ITGB2,T cell,IDH_Mutant,T_cell,0.0,0.0,0.0,0.0,,,0.0,0.0,0.0,0.0,,0.0,2.0,0.0,0.0,0.0,0.0,0.0,0.0,,0.0,0.0,0.0,0.0,,4,0,1,2,1,2662,1463,941,334,334,0,0.0,1,0
ITGB2,TAM1/TAM2/microglia,IDH_Mutant,TAM_microglia,1.0,-0.5566476131317764,0.5566476131317764,34.70903012964246,0.596,0.695,-0.09899999999999998,-1.0,1.0,0.0,,0.0,2.0,0.0,4.0,4.0,0.0,0.0442420541942578,0.0234334586245721,0.0,2.0,3.0,2.0,4.0,1.0,4,0,1,2,1,12086,25922,2106,21701,2106,0,-1.0,1,1
ITGB2,OPC_GABA_like_tumor,IDH_WT,tumor,0.0,0.0,0.0,0.0,,,0.0,0.0,0.0,0.0,,0.0,2.0,0.0,0.0,0.0,0.0,0.0,0.0,,0.0,0.0,0.0,0.0,,4,0,1,2,1,6741,14114,5040,1935,1935,0,0.0,0,0
ITGB2,OPC_GABA_AC_like_tumor,IDH_WT,tumor,0.0,0.0,0.0,0.0,,,0.0,0.0,0.0,0.0,,0.0,2.0,0.0,0.0,0.0,0.0,0.0,0.0,,0.0,0.0,0.0,0.0,,4,0,1,2,1,6202,1012,5384,171,171,0,0.0,0,0
ITGB2,cycling_tumor,IDH_WT,tumor,1.0,-5.68408205321323,5.68408205321323,13.836336925601357,0.011,0.126,-0.115,-1.0,1.0,1.0,-5.015485281475216,1.0,2.0,0.0,0.0,0.0,0.0,0.0,0.0,,0.0,0.0,0.0,0.0,,4,0,1,2,1,6410,814,5847,663,663,0,-0.0,0,0
ITGB2,AC_like_tumor,IDH_WT,tumor,0.0,0.0,0.0,0.0,,,0.0,0.0,0.0,0.0,,0.0,2.0,0.0,0.0,0.0,0.0,0.0,0.0,,0.0,0.0,0.0,0.0,,4,0,1,2,1,72549,446,64812,108,108,0,0.0,0,0
ITGB2,T cell,IDH_WT,T_cell,0.0,0.0,0.0,0.0,,,0.0,0.0,0.0,0.0,,0.0,2.0,0.0,0.0,0.0,0.0,0.0,0.0,,0.0,0.0,0.0,0.0,,4,0,1,2,1,2662,1463,1681,1118,1118,0,0.0,0,0
ITGB2,TAM1/TAM2/microglia,IDH_WT,TAM_microglia,1.0,0.2804559967618028,0.2804559967618028,15.993354138889703,0.598,0.489,0.10899999999999999,1.0,1.0,0.0,,0.0,2.0,0.0,4.0,4.0,0.0,0.0442420541942578,0.0234334586245721,0.0,2.0,3.0,2.0,4.0,1.0,4,0,1,2,1,12086,25922,9696,2745,2745,0,1.0,0,1
ITGB8,OPC_GABA_like_tumor,IDH_Mutant,tumor,1.0,-0.5206364989184884,0.5206364989184884,19.21809113925056,0.338,0.47,-0.13199999999999995,-1.0,0.0,0.0,-1.174668896138416,1.0,2.0,0.0,2.0,1.0,1.0,0.001639426134793,0.0013962872285488,0.0,1.0,1.0,0.0,2.0,0.0,3,0,1,1,2,6741,14114,1658,11741,1658,0,-0.0,1,1
ITGB8,OPC_GABA_AC_like_tumor,IDH_Mutant,tumor,0.0,0.0,0.0,0.0,,,0.0,0.0,0.0,0.0,,0.0,2.0,0.0,0.0,0.0,0.0,0.0,0.0,,0.0,0.0,0.0,0.0,,3,0,1,1,2,6202,1012,352,742,352,0,0.0,1,0
ITGB8,cycling_tumor,IDH_Mutant,tumor,1.0,5.549588231393137,5.549588231393137,22.45225181148334,0.419,0.011,0.408,1.0,0.0,0.0,,0.0,2.0,0.0,1.0,1.0,0.0,0.0013090159462151,0.0013090159462151,0.0,1.0,1.0,0.0,1.0,1.0,3,0,1,1,2,6410,814,270,136,136,0,1.0,1,1
ITGB8,AC_like_tumor,IDH_Mutant,tumor,0.0,0.0,0.0,0.0,,,0.0,0.0,0.0,0.0,,0.0,2.0,0.0,0.0,0.0,0.0,0.0,0.0,,0.0,0.0,0.0,0.0,,3,0,1,1,2,72549,446,4249,283,283,0,0.0,1,0
ITGB8,T cell,IDH_Mutant,T_cell,0.0,0.0,0.0,0.0,,,0.0,0.0,0.0,0.0,,0.0,2.0,0.0,0.0,0.0,0.0,0.0,0.0,,0.0,0.0,0.0,0.0,,3,0,1,1,2,2662,1463,941,334,334,0,0.0,1,0
ITGB8,TAM1/TAM2/microglia,IDH_Mutant,TAM_microglia,0.0,0.0,0.0,0.0,,,0.0,0.0,0.0,0.0,,0.0,2.0,0.0,0.0,0.0,0.0,0.0,0.0,,0.0,0.0,0.0,0.0,,3,0,1,1,2,12086,25922,2106,21701,2106,0,0.0,1,0
ITGB8,OPC_GABA_like_tumor,IDH_WT,tumor,0.0,0.0,0.0,0.0,,,0.0,0.0,0.0,0.0,,0.0,0.0,0.0,2.0,1.0,1.0,0.001639426134793,0.0013962872285488,0.0,1.0,1.0,0.0,2.0,0.0,3,0,1,1,2,6741,14114,5040,1935,1935,0,0.0,0,0
ITGB8,OPC_GABA_AC_like_tumor,IDH_WT,tumor,0.0,0.0,0.0,0.0,,,0.0,0.0,0.0,0.0,,0.0,0.0,0.0,0.0,0.0,0.0,0.0,0.0,,0.0,0.0,0.0,0.0,,3,0,1,1,2,6202,1012,5384,171,171,0,0.0,0,0
ITGB8,cycling_tumor,IDH_WT,tumor,0.0,0.0,0.0,0.0,,,0.0,0.0,0.0,0.0,,0.0,0.0,0.0,1.0,1.0,0.0,0.0013090159462151,0.0013090159462151,0.0,1.0,1.0,0.0,1.0,1.0,3,0,1,1,2,6410,814,5847,663,663,0,0.0,0,0
ITGB8,AC_like_tumor,IDH_WT,tumor,0.0,0.0,0.0,0.0,,,0.0,0.0,0.0,0.0,,0.0,0.0,0.0,0.0,0.0,0.0,0.0,0.0,,0.0,0.0,0.0,0.0,,3,0,1,1,2,72549,446,64812,108,108,0,0.0,0,0
ITGB8,T cell,IDH_WT,T_cell,0.0,0.0,0.0,0.0,,,0.0,0.0,0.0,0.0,,0.0,0.0,0.0,0.0,0.0,0.0,0.0,0.0,,0.0,0.0,0.0,0.0,,3,0,1,1,2,2662,1463,1681,1118,1118,0,0.0,0,0
ITGB8,TAM1/TAM2/microglia,IDH_WT,TAM_microglia,0.0,0.0,0.0,0.0,,,0.0,0.0,0.0,0.0,,0.0,0.0,0.0,0.0,0.0,0.0,0.0,0.0,,0.0,0.0,0.0,0.0,,3,0,1,1,2,12086,25922,9696,2745,2745,0,0.0,0,0
JAM2,OPC_GABA_like_tumor,IDH_Mutant,tumor,1.0,-1.274293620355111,1.274293620355111,77.6154783934257,0.206,0.41,-0.204,-1.0,1.0,0.0,,0.0,2.0,0.0,0.0,0.0,0.0,0.0,0.0,,0.0,0.0,0.0,0.0,,6,1,1,1,1,6741,14114,1658,11741,1658,0,-0.0,1,0
JAM2,OPC_GABA_AC_like_tumor,IDH_Mutant,tumor,0.0,0.0,0.0,0.0,,,0.0,0.0,0.0,0.0,,0.0,2.0,0.0,0.0,0.0,0.0,0.0,0.0,,0.0,0.0,0.0,0.0,,6,1,1,1,1,6202,1012,352,742,352,0,0.0,1,0
JAM2,cycling_tumor,IDH_Mutant,tumor,1.0,0.7960758978451711,0.7960758978451711,7.596818806928833,0.441,0.104,0.337,1.0,1.0,1.0,0.8274191381313104,1.0,2.0,5.0,1.0,6.0,0.0,0.0021428578601446,0.0016103557452642166,0.0,1.0,3.0,1.0,6.0,1.0,6,1,1,1,1,6410,814,270,136,136,0,1.0,1,1
JAM2,AC_like_tumor,IDH_Mutant,tumor,0.0,0.0,0.0,0.0,,,0.0,0.0,0.0,0.0,,0.0,2.0,0.0,0.0,0.0,0.0,0.0,0.0,,0.0,0.0,0.0,0.0,,6,1,1,1,1,72549,446,4249,283,283,0,0.0,1,0
JAM2,T cell,IDH_Mutant,T_cell,0.0,0.0,0.0,0.0,,,0.0,0.0,0.0,0.0,,0.0,2.0,0.0,0.0,0.0,0.0,0.0,0.0,,0.0,0.0,0.0,0.0,,6,1,1,1,1,2662,1463,941,334,334,0,0.0,1,0
JAM2,TAM1/TAM2/microglia,IDH_Mutant,TAM_microglia,0.0,0.0,0.0,0.0,,,0.0,0.0,0.0,0.0,,0.0,2.0,0.0,0.0,0.0,0.0,0.0,0.0,,0.0,0.0,0.0,0.0,,6,1,1,1,1,12086,25922,2106,21701,2106,0,0.0,1,0
JAM2,OPC_GABA_like_tumor,IDH_WT,tumor,1.0,0.2939359786475706,0.2939359786475706,58.72263953844598,0.335,0.135,0.2,1.0,1.0,0.0,,0.0,2.0,0.0,0.0,0.0,0.0,0.0,0.0,,0.0,0.0,0.0,0.0,,6,1,1,1,1,6741,14114,5040,1935,1935,0,0.0,0,0
JAM2,OPC_GABA_AC_like_tumor,IDH_WT,tumor,0.0,0.0,0.0,0.0,,,0.0,0.0,0.0,0.0,,0.0,2.0,0.0,0.0,0.0,0.0,0.0,0.0,,0.0,0.0,0.0,0.0,,6,1,1,1,1,6202,1012,5384,171,171,0,0.0,0,0
JAM2,cycling_tumor,IDH_WT,tumor,1.0,0.814318605370147,0.814318605370147,87.44936647563978,0.407,0.1,0.30699999999999994,1.0,1.0,1.0,0.8274191381313104,1.0,2.0,5.0,1.0,6.0,0.0,0.0021428578601446,0.0016103557452642166,0.0,1.0,3.0,1.0,6.0,1.0,6,1,1,1,1,6410,814,5847,663,663,0,1.0,0,1
JAM2,AC_like_tumor,IDH_WT,tumor,0.0,0.0,0.0,0.0,,,0.0,0.0,0.0,0.0,,0.0,2.0,0.0,0.0,0.0,0.0,0.0,0.0,,0.0,0.0,0.0,0.0,,6,1,1,1,1,72549,446,64812,108,108,0,0.0,0,0
JAM2,T cell,IDH_WT,T_cell,0.0,0.0,0.0,0.0,,,0.0,0.0,0.0,0.0,,0.0,2.0,0.0,0.0,0.0,0.0,0.0,0.0,,0.0,0.0,0.0,0.0,,6,1,1,1,1,2662,1463,1681,1118,1118,0,0.0,0,0
JAM2,TAM1/TAM2/microglia,IDH_WT,TAM_microglia,0.0,0.0,0.0,0.0,,,0.0,0.0,0.0,0.0,,0.0,2.0,0.0,0.0,0.0,0.0,0.0,0.0,,0.0,0.0,0.0,0.0,,6,1,1,1,1,12086,25922,9696,2745,2745,0,0.0,0,0
JAM3,OPC_GABA_like_tumor,IDH_Mutant,tumor,0.0,0.0,0.0,0.0,,,0.0,0.0,0.0,0.0,,0.0,1.0,0.0,0.0,0.0,0.0,0.0,0.0,,0.0,0.0,0.0,0.0,,3,1,1,1,1,6741,14114,1658,11741,1658,0,0.0,1,0
JAM3,OPC_GABA_AC_like_tumor,IDH_Mutant,tumor,0.0,0.0,0.0,0.0,,,0.0,0.0,0.0,0.0,,0.0,1.0,0.0,0.0,0.0,0.0,0.0,0.0,,0.0,0.0,0.0,0.0,,3,1,1,1,1,6202,1012,352,742,352,0,0.0,1,0
JAM3,cycling_tumor,IDH_Mutant,tumor,1.0,2.592247044781339,2.592247044781339,2.8828515932834065,0.132,0.007,0.125,1.0,1.0,1.0,2.3973352035949205,1.0,1.0,1.0,2.0,3.0,0.0,0.001159002926699,0.0009328306067242937,0.0,1.0,1.0,0.0,3.0,1.0,3,1,1,1,1,6410,814,270,136,136,0,1.0,1,1
JAM3,AC_like_tumor,IDH_Mutant,tumor,0.0,0.0,0.0,0.0,,,0.0,0.0,0.0,0.0,,0.0,1.0,0.0,0.0,0.0,0.0,0.0,0.0,,0.0,0.0,0.0,0.0,,3,1,1,1,1,72549,446,4249,283,283,0,0.0,1,0
JAM3,T cell,IDH_Mutant,T_cell,0.0,0.0,0.0,0.0,,,0.0,0.0,0.0,0.0,,0.0,1.0,0.0,0.0,0.0,0.0,0.0,0.0,,0.0,0.0,0.0,0.0,,3,1,1,1,1,2662,1463,941,334,334,0,0.0,1,0
JAM3,TAM1/TAM2/microglia,IDH_Mutant,TAM_microglia,0.0,0.0,0.0,0.0,,,0.0,0.0,0.0,0.0,,0.0,1.0,0.0,0.0,0.0,0.0,0.0,0.0,,0.0,0.0,0.0,0.0,,3,1,1,1,1,12086,25922,2106,21701,2106,0,0.0,1,0
JAM3,OPC_GABA_like_tumor,IDH_WT,tumor,1.0,1.3398998392869823,1.3398998392869823,108.55574591193887,0.286,0.074,0.21199999999999997,1.0,0.0,0.0,0.5046479726210078,1.0,3.0,0.0,0.0,0.0,0.0,0.0,0.0,,0.0,0.0,0.0,0.0,,3,1,1,1,1,6741,14114,5040,1935,1935,0,0.0,0,0
JAM3,OPC_GABA_AC_like_tumor,IDH_WT,tumor,0.0,0.0,0.0,0.0,,,0.0,0.0,0.0,0.0,,0.0,3.0,0.0,0.0,0.0,0.0,0.0,0.0,,0.0,0.0,0.0,0.0,,3,1,1,1,1,6202,1012,5384,171,171,0,0.0,0,0
JAM3,cycling_tumor,IDH_WT,tumor,1.0,2.630915976788741,2.630915976788741,204.82074201969834,0.33,0.028,0.302,1.0,1.0,1.0,2.3973352035949205,1.0,3.0,1.0,2.0,3.0,0.0,0.001159002926699,0.0009328306067242937,0.0,1.0,1.0,0.0,3.0,1.0,3,1,1,1,1,6410,814,5847,663,663,0,1.0,0,1
JAM3,AC_like_tumor,IDH_WT,tumor,1.0,2.570917308287093,2.570917308287093,5.122174430323846,0.12,0.025,0.095,1.0,0.0,0.0,1.475909573326524,1.0,3.0,0.0,0.0,0.0,0.0,0.0,0.0,,0.0,0.0,0.0,0.0,,3,1,1,1,1,72549,446,64812,108,108,0,0.0,0,0
JAM3,T cell,IDH_WT,T_cell,0.0,0.0,0.0,0.0,,,0.0,0.0,0.0,0.0,,0.0,3.0,0.0,0.0,0.0,0.0,0.0,0.0,,0.0,0.0,0.0,0.0,,3,1,1,1,1,2662,1463,1681,1118,1118,0,0.0,0,0
JAM3,TAM1/TAM2/microglia,IDH_WT,TAM_microglia,0.0,0.0,0.0,0.0,,,0.0,0.0,0.0,0.0,,0.0,3.0,0.0,0.0,0.0,0.0,0.0,0.0,,0.0,0.0,0.0,0.0,,3,1,1,1,1,12086,25922,9696,2745,2745,0,0.0,0,0
KLRB1,OPC_GABA_like_tumor,IDH_Mutant,tumor,0.0,0.0,0.0,0.0,,,0.0,0.0,0.0,0.0,,0.0,1.0,0.0,0.0,0.0,0.0,0.0,0.0,,0.0,0.0,0.0,0.0,,14,0,1,1,1,6741,14114,1658,11741,1658,0,0.0,1,0
KLRB1,OPC_GABA_AC_like_tumor,IDH_Mutant,tumor,0.0,0.0,0.0,0.0,,,0.0,0.0,0.0,0.0,,0.0,1.0,0.0,0.0,0.0,0.0,0.0,0.0,,0.0,0.0,0.0,0.0,,14,0,1,1,1,6202,1012,352,742,352,0,0.0,1,0
KLRB1,cycling_tumor,IDH_Mutant,tumor,0.0,0.0,0.0,0.0,,,0.0,0.0,0.0,0.0,,0.0,1.0,0.0,0.0,0.0,0.0,0.0,0.0,,0.0,0.0,0.0,0.0,,14,0,1,1,1,6410,814,270,136,136,0,0.0,1,0
KLRB1,AC_like_tumor,IDH_Mutant,tumor,0.0,0.0,0.0,0.0,,,0.0,0.0,0.0,0.0,,0.0,1.0,0.0,0.0,0.0,0.0,0.0,0.0,,0.0,0.0,0.0,0.0,,14,0,1,1,1,72549,446,4249,283,283,0,0.0,1,0
KLRB1,T cell,IDH_Mutant,T_cell,1.0,0.9926731949392452,0.9926731949392452,16.27715074713764,0.59,0.298,0.292,1.0,0.0,0.0,,0.0,1.0,0.0,14.0,7.0,7.0,0.0319079660883083,0.010231129628040679,0.0,1.0,2.0,4.0,14.0,0.0,14,0,1,1,1,2662,1463,941,334,334,0,0.0,1,1
KLRB1,TAM1/TAM2/microglia,IDH_Mutant,TAM_microglia,0.0,0.0,0.0,0.0,,,0.0,0.0,0.0,0.0,,0.0,1.0,0.0,0.0,0.0,0.0,0.0,0.0,,0.0,0.0,0.0,0.0,,14,0,1,1,1,12086,25922,2106,21701,2106,0,0.0,1,0
KLRB1,OPC_GABA_like_tumor,IDH_WT,tumor,0.0,0.0,0.0,0.0,,,0.0,0.0,0.0,0.0,,0.0,0.0,0.0,0.0,0.0,0.0,0.0,0.0,,0.0,0.0,0.0,0.0,,14,0,1,1,1,6741,14114,5040,1935,1935,0,0.0,0,0
KLRB1,OPC_GABA_AC_like_tumor,IDH_WT,tumor,0.0,0.0,0.0,0.0,,,0.0,0.0,0.0,0.0,,0.0,0.0,0.0,0.0,0.0,0.0,0.0,0.0,,0.0,0.0,0.0,0.0,,14,0,1,1,1,6202,1012,5384,171,171,0,0.0,0,0
KLRB1,cycling_tumor,IDH_WT,tumor,0.0,0.0,0.0,0.0,,,0.0,0.0,0.0,0.0,,0.0,0.0,0.0,0.0,0.0,0.0,0.0,0.0,,0.0,0.0,0.0,0.0,,14,0,1,1,1,6410,814,5847,663,663,0,0.0,0,0
KLRB1,AC_like_tumor,IDH_WT,tumor,0.0,0.0,0.0,0.0,,,0.0,0.0,0.0,0.0,,0.0,0.0,0.0,0.0,0.0,0.0,0.0,0.0,,0.0,0.0,0.0,0.0,,14,0,1,1,1,72549,446,64812,108,108,0,0.0,0,0
KLRB1,T cell,IDH_WT,T_cell,0.0,0.0,0.0,0.0,,,0.0,0.0,0.0,0.0,,0.0,0.0,0.0,14.0,7.0,7.0,0.0319079660883083,0.010231129628040679,0.0,1.0,2.0,4.0,14.0,0.0,14,0,1,1,1,2662,1463,1681,1118,1118,0,0.0,0,0
KLRB1,TAM1/TAM2/microglia,IDH_WT,TAM_microglia,0.0,0.0,0.0,0.0,,,0.0,0.0,0.0,0.0,,0.0,0.0,0.0,0.0,0.0,0.0,0.0,0.0,,0.0,0.0,0.0,0.0,,14,0,1,1,1,12086,25922,9696,2745,2745,0,0.0,0,0
KLRC2,OPC_GABA_like_tumor,IDH_Mutant,tumor,1.0,1.8705339182188103,1.8705339182188103,170.01044008276833,0.563,0.195,0.36799999999999994,1.0,0.0,0.0,3.444669840971268,1.0,3.0,0.0,6.0,6.0,0.0,0.0287367317117394,0.018077051350929785,0.0,1.0,4.0,5.0,6.0,1.0,6,0,1,1,1,6741,14114,1658,11741,1658,0,1.0,1,1
KLRC2,OPC_GABA_AC_like_tumor,IDH_Mutant,tumor,0.0,0.0,0.0,0.0,,,0.0,0.0,0.0,0.0,,0.0,3.0,0.0,0.0,0.0,0.0,0.0,0.0,,0.0,0.0,0.0,0.0,,6,0,1,1,1,6202,1012,352,742,352,0,0.0,1,0
KLRC2,cycling_tumor,IDH_Mutant,tumor,1.0,4.705482006974403,4.705482006974403,16.48061373591137,0.331,0.007,0.324,1.0,0.0,0.0,5.614705635497958,1.0,3.0,0.0,0.0,0.0,0.0,0.0,0.0,,0.0,0.0,0.0,0.0,,6,0,1,1,1,6410,814,270,136,136,0,0.0,1,0
KLRC2,AC_like_tumor,IDH_Mutant,tumor,1.0,2.8021189931330643,2.8021189931330643,38.5073853247511,0.314,0.076,0.238,1.0,0.0,0.0,5.7559447110761335,1.0,3.0,0.0,0.0,0.0,0.0,0.0,0.0,,0.0,0.0,0.0,0.0,,6,0,1,1,1,72549,446,4249,283,283,0,0.0,1,0
KLRC2,T cell,IDH_Mutant,T_cell,0.0,0.0,0.0,0.0,,,0.0,0.0,0.0,0.0,,0.0,3.0,0.0,0.0,0.0,0.0,0.0,0.0,,0.0,0.0,0.0,0.0,,6,0,1,1,1,2662,1463,941,334,334,0,0.0,1,0
KLRC2,TAM1/TAM2/microglia,IDH_Mutant,TAM_microglia,0.0,0.0,0.0,0.0,,,0.0,0.0,0.0,0.0,,0.0,3.0,0.0,0.0,0.0,0.0,0.0,0.0,,0.0,0.0,0.0,0.0,,6,0,1,1,1,12086,25922,2106,21701,2106,0,0.0,1,0
KLRC2,OPC_GABA_like_tumor,IDH_WT,tumor,0.0,0.0,0.0,0.0,,,0.0,0.0,0.0,0.0,,0.0,0.0,0.0,6.0,6.0,0.0,0.0287367317117394,0.018077051350929785,0.0,1.0,4.0,5.0,6.0,1.0,6,0,1,1,1,6741,14114,5040,1935,1935,0,0.0,0,0
KLRC2,OPC_GABA_AC_like_tumor,IDH_WT,tumor,0.0,0.0,0.0,0.0,,,0.0,0.0,0.0,0.0,,0.0,0.0,0.0,0.0,0.0,0.0,0.0,0.0,,0.0,0.0,0.0,0.0,,6,0,1,1,1,6202,1012,5384,171,171,0,0.0,0,0
KLRC2,cycling_tumor,IDH_WT,tumor,0.0,0.0,0.0,0.0,,,0.0,0.0,0.0,0.0,,0.0,0.0,0.0,0.0,0.0,0.0,0.0,0.0,,0.0,0.0,0.0,0.0,,6,0,1,1,1,6410,814,5847,663,663,0,0.0,0,0
KLRC2,AC_like_tumor,IDH_WT,tumor,0.0,0.0,0.0,0.0,,,0.0,0.0,0.0,0.0,,0.0,0.0,0.0,0.0,0.0,0.0,0.0,0.0,,0.0,0.0,0.0,0.0,,6,0,1,1,1,72549,446,64812,108,108,0,0.0,0,0
KLRC2,T cell,IDH_WT,T_cell,0.0,0.0,0.0,0.0,,,0.0,0.0,0.0,0.0,,0.0,0.0,0.0,0.0,0.0,0.0,0.0,0.0,,0.0,0.0,0.0,0.0,,6,0,1,1,1,2662,1463,1681,1118,1118,0,0.0,0,0
KLRC2,TAM1/TAM2/microglia,IDH_WT,TAM_microglia,0.0,0.0,0.0,0.0,,,0.0,0.0,0.0,0.0,,0.0,0.0,0.0,0.0,0.0,0.0,0.0,0.0,,0.0,0.0,0.0,0.0,,6,0,1,1,1,12086,25922,9696,2745,2745,0,0.0,0,0
LAIR1,OPC_GABA_like_tumor,IDH_Mutant,tumor,0.0,0.0,0.0,0.0,,,0.0,0.0,0.0,0.0,,0.0,1.0,0.0,0.0,0.0,0.0,0.0,0.0,,0.0,0.0,0.0,0.0,,4,1,0,1,1,6741,14114,1658,11741,1658,0,0.0,1,0
LAIR1,OPC_GABA_AC_like_tumor,IDH_Mutant,tumor,0.0,0.0,0.0,0.0,,,0.0,0.0,0.0,0.0,,0.0,1.0,0.0,0.0,0.0,0.0,0.0,0.0,,0.0,0.0,0.0,0.0,,4,1,0,1,1,6202,1012,352,742,352,0,0.0,1,0
LAIR1,cycling_tumor,IDH_Mutant,tumor,0.0,0.0,0.0,0.0,,,0.0,0.0,0.0,0.0,,0.0,1.0,0.0,0.0,0.0,0.0,0.0,0.0,,0.0,0.0,0.0,0.0,,4,1,0,1,1,6410,814,270,136,136,0,0.0,1,0
LAIR1,AC_like_tumor,IDH_Mutant,tumor,0.0,0.0,0.0,0.0,,,0.0,0.0,0.0,0.0,,0.0,1.0,0.0,0.0,0.0,0.0,0.0,0.0,,0.0,0.0,0.0,0.0,,4,1,0,1,1,72549,446,4249,283,283,0,0.0,1,0
LAIR1,T cell,IDH_Mutant,T_cell,0.0,0.0,0.0,0.0,,,0.0,0.0,0.0,0.0,,0.0,1.0,0.0,0.0,0.0,0.0,0.0,0.0,,0.0,0.0,0.0,0.0,,4,1,0,1,1,2662,1463,941,334,334,0,0.0,1,0
LAIR1,TAM1/TAM2/microglia,IDH_Mutant,TAM_microglia,1.0,-0.2749596641487759,0.2749596641487759,3.676910983749499,0.326,0.385,-0.059,-1.0,1.0,0.0,0.2810806141206695,1.0,1.0,4.0,0.0,2.0,2.0,0.0042054497069747,0.0031089893414732502,0.0,1.0,1.0,0.0,4.0,0.0,4,1,0,1,1,12086,25922,2106,21701,2106,0,-0.0,1,1
LAIR1,OPC_GABA_like_tumor,IDH_WT,tumor,0.0,0.0,0.0,0.0,,,0.0,0.0,0.0,0.0,,0.0,1.0,0.0,0.0,0.0,0.0,0.0,0.0,,0.0,0.0,0.0,0.0,,4,1,0,1,1,6741,14114,5040,1935,1935,0,0.0,0,0
LAIR1,OPC_GABA_AC_like_tumor,IDH_WT,tumor,0.0,0.0,0.0,0.0,,,0.0,0.0,0.0,0.0,,0.0,1.0,0.0,0.0,0.0,0.0,0.0,0.0,,0.0,0.0,0.0,0.0,,4,1,0,1,1,6202,1012,5384,171,171,0,0.0,0,0
LAIR1,cycling_tumor,IDH_WT,tumor,0.0,0.0,0.0,0.0,,,0.0,0.0,0.0,0.0,,0.0,1.0,0.0,0.0,0.0,0.0,0.0,0.0,,0.0,0.0,0.0,0.0,,4,1,0,1,1,6410,814,5847,663,663,0,0.0,0,0
LAIR1,AC_like_tumor,IDH_WT,tumor,0.0,0.0,0.0,0.0,,,0.0,0.0,0.0,0.0,,0.0,1.0,0.0,0.0,0.0,0.0,0.0,0.0,,0.0,0.0,0.0,0.0,,4,1,0,1,1,72549,446,64812,108,108,0,0.0,0,0
LAIR1,T cell,IDH_WT,T_cell,0.0,0.0,0.0,0.0,,,0.0,0.0,0.0,0.0,,0.0,1.0,0.0,0.0,0.0,0.0,0.0,0.0,,0.0,0.0,0.0,0.0,,4,1,0,1,1,2662,1463,1681,1118,1118,0,0.0,0,0
LAIR1,TAM1/TAM2/microglia,IDH_WT,TAM_microglia,1.0,0.2850417929534868,0.2850417929534868,10.426820846711482,0.327,0.244,0.08300000000000002,1.0,1.0,0.0,0.2810806141206695,1.0,1.0,4.0,0.0,2.0,2.0,0.0042054497069747,0.0031089893414732502,0.0,1.0,1.0,0.0,4.0,0.0,4,1,0,1,1,12086,25922,9696,2745,2745,0,0.0,0,1
LGALS9,OPC_GABA_like_tumor,IDH_Mutant,tumor,0.0,0.0,0.0,0.0,,,0.0,0.0,0.0,0.0,,0.0,1.0,0.0,0.0,0.0,0.0,0.0,0.0,,0.0,0.0,0.0,0.0,,13,1,0,1,1,6741,14114,1658,11741,1658,0,0.0,1,0
LGALS9,OPC_GABA_AC_like_tumor,IDH_Mutant,tumor,0.0,0.0,0.0,0.0,,,0.0,0.0,0.0,0.0,,0.0,1.0,0.0,0.0,0.0,0.0,0.0,0.0,,0.0,0.0,0.0,0.0,,13,1,0,1,1,6202,1012,352,742,352,0,0.0,1,0
LGALS9,cycling_tumor,IDH_Mutant,tumor,1.0,-6.546732154157838,6.546732154157838,1.9312502498049535,0.007,0.181,-0.174,-1.0,0.0,0.0,,0.0,1.0,0.0,0.0,0.0,0.0,0.0,0.0,,0.0,0.0,0.0,0.0,,13,1,0,1,1,6410,814,270,136,136,0,-0.0,1,0
LGALS9,AC_like_tumor,IDH_Mutant,tumor,0.0,0.0,0.0,0.0,,,0.0,0.0,0.0,0.0,,0.0,1.0,0.0,0.0,0.0,0.0,0.0,0.0,,0.0,0.0,0.0,0.0,,13,1,0,1,1,72549,446,4249,283,283,0,0.0,1,0
LGALS9,T cell,IDH_Mutant,T_cell,0.0,0.0,0.0,0.0,,,0.0,0.0,0.0,0.0,,0.0,1.0,0.0,0.0,0.0,0.0,0.0,0.0,,0.0,0.0,0.0,0.0,,13,1,0,1,1,2662,1463,941,334,334,0,0.0,1,0
LGALS9,TAM1/TAM2/microglia,IDH_Mutant,TAM_microglia,0.0,0.0,0.0,0.0,,,0.0,0.0,0.0,0.0,,0.0,1.0,13.0,0.0,13.0,0.0,0.0161731728416982,0.006557732812207392,0.0,1.0,4.0,8.0,13.0,1.0,13,1,0,1,1,12086,25922,2106,21701,2106,0,0.0,1,0
LGALS9,OPC_GABA_like_tumor,IDH_WT,tumor,0.0,0.0,0.0,0.0,,,0.0,0.0,0.0,0.0,,0.0,1.0,0.0,0.0,0.0,0.0,0.0,0.0,,0.0,0.0,0.0,0.0,,13,1,0,1,1,6741,14114,5040,1935,1935,0,0.0,0,0
LGALS9,OPC_GABA_AC_like_tumor,IDH_WT,tumor,0.0,0.0,0.0,0.0,,,0.0,0.0,0.0,0.0,,0.0,1.0,0.0,0.0,0.0,0.0,0.0,0.0,,0.0,0.0,0.0,0.0,,13,1,0,1,1,6202,1012,5384,171,171,0,0.0,0,0
LGALS9,cycling_tumor,IDH_WT,tumor,0.0,0.0,0.0,0.0,,,0.0,0.0,0.0,0.0,,0.0,1.0,0.0,0.0,0.0,0.0,0.0,0.0,,0.0,0.0,0.0,0.0,,13,1,0,1,1,6410,814,5847,663,663,0,0.0,0,0
LGALS9,AC_like_tumor,IDH_WT,tumor,0.0,0.0,0.0,0.0,,,0.0,0.0,0.0,0.0,,0.0,1.0,0.0,0.0,0.0,0.0,0.0,0.0,,0.0,0.0,0.0,0.0,,13,1,0,1,1,72549,446,64812,108,108,0,0.0,0,0
LGALS9,T cell,IDH_WT,T_cell,0.0,0.0,0.0,0.0,,,0.0,0.0,0.0,0.0,,0.0,1.0,0.0,0.0,0.0,0.0,0.0,0.0,,0.0,0.0,0.0,0.0,,13,1,0,1,1,2662,1463,1681,1118,1118,0,0.0,0,0
LGALS9,TAM1/TAM2/microglia,IDH_WT,TAM_microglia,1.0,0.3557137866024683,0.3557137866024683,9.642147284133971,0.29,0.215,0.07499999999999998,1.0,0.0,0.0,,0.0,1.0,13.0,0.0,13.0,0.0,0.0161731728416982,0.006557732812207392,0.0,1.0,4.0,8.0,13.0,1.0,13,1,0,1,1,12086,25922,9696,2745,2745,0,1.0,0,1
LILRB4,OPC_GABA_like_tumor,IDH_Mutant,tumor,0.0,0.0,0.0,0.0,,,0.0,0.0,0.0,0.0,,0.0,2.0,0.0,0.0,0.0,0.0,0.0,0.0,,0.0,0.0,0.0,0.0,,4,0,1,1,1,6741,14114,1658,11741,1658,0,0.0,1,0
LILRB4,OPC_GABA_AC_like_tumor,IDH_Mutant,tumor,0.0,0.0,0.0,0.0,,,0.0,0.0,0.0,0.0,,0.0,2.0,0.0,0.0,0.0,0.0,0.0,0.0,,0.0,0.0,0.0,0.0,,4,0,1,1,1,6202,1012,352,742,352,0,0.0,1,0
LILRB4,cycling_tumor,IDH_Mutant,tumor,1.0,-6.44723680022447,6.44723680022447,3.3958658272093682,0.007,0.219,-0.212,-1.0,0.0,0.0,,0.0,2.0,0.0,0.0,0.0,0.0,0.0,0.0,,0.0,0.0,0.0,0.0,,4,0,1,1,1,6410,814,270,136,136,0,-0.0,1,0
LILRB4,AC_like_tumor,IDH_Mutant,tumor,0.0,0.0,0.0,0.0,,,0.0,0.0,0.0,0.0,,0.0,2.0,0.0,0.0,0.0,0.0,0.0,0.0,,0.0,0.0,0.0,0.0,,4,0,1,1,1,72549,446,4249,283,283,0,0.0,1,0
LILRB4,T cell,IDH_Mutant,T_cell,0.0,0.0,0.0,0.0,,,0.0,0.0,0.0,0.0,,0.0,2.0,0.0,0.0,0.0,0.0,0.0,0.0,,0.0,0.0,0.0,0.0,,4,0,1,1,1,2662,1463,941,334,334,0,0.0,1,0
LILRB4,TAM1/TAM2/microglia,IDH_Mutant,TAM_microglia,1.0,0.5650212558480195,0.5650212558480195,29.945221010661594,0.498,0.356,0.14200000000000002,1.0,1.0,1.0,0.7510720576257953,1.0,2.0,0.0,4.0,2.0,2.0,0.0042054497069747,0.0031089893414732502,0.0,1.0,1.0,0.0,4.0,0.0,4,0,1,1,1,12086,25922,2106,21701,2106,0,0.0,1,1
LILRB4,OPC_GABA_like_tumor,IDH_WT,tumor,0.0,0.0,0.0,0.0,,,0.0,0.0,0.0,0.0,,0.0,1.0,0.0,0.0,0.0,0.0,0.0,0.0,,0.0,0.0,0.0,0.0,,4,0,1,1,1,6741,14114,5040,1935,1935,0,0.0,0,0
LILRB4,OPC_GABA_AC_like_tumor,IDH_WT,tumor,0.0,0.0,0.0,0.0,,,0.0,0.0,0.0,0.0,,0.0,1.0,0.0,0.0,0.0,0.0,0.0,0.0,,0.0,0.0,0.0,0.0,,4,0,1,1,1,6202,1012,5384,171,171,0,0.0,0,0
LILRB4,cycling_tumor,IDH_WT,tumor,0.0,0.0,0.0,0.0,,,0.0,0.0,0.0,0.0,,0.0,1.0,0.0,0.0,0.0,0.0,0.0,0.0,,0.0,0.0,0.0,0.0,,4,0,1,1,1,6410,814,5847,663,663,0,0.0,0,0
LILRB4,AC_like_tumor,IDH_WT,tumor,0.0,0.0,0.0,0.0,,,0.0,0.0,0.0,0.0,,0.0,1.0,0.0,0.0,0.0,0.0,0.0,0.0,,0.0,0.0,0.0,0.0,,4,0,1,1,1,72549,446,64812,108,108,0,0.0,0,0
LILRB4,T cell,IDH_WT,T_cell,0.0,0.0,0.0,0.0,,,0.0,0.0,0.0,0.0,,0.0,1.0,0.0,0.0,0.0,0.0,0.0,0.0,,0.0,0.0,0.0,0.0,,4,0,1,1,1,2662,1463,1681,1118,1118,0,0.0,0,0
LILRB4,TAM1/TAM2/microglia,IDH_WT,TAM_microglia,1.0,0.4412907361417251,0.4412907361417251,22.2691437535559,0.414,0.299,0.11499999999999999,1.0,1.0,1.0,0.7510720576257953,1.0,1.0,0.0,4.0,2.0,2.0,0.0042054497069747,0.0031089893414732502,0.0,1.0,1.0,0.0,4.0,0.0,4,0,1,1,1,12086,25922,9696,2745,2745,0,0.0,0,1
LRP1,OPC_GABA_like_tumor,IDH_Mutant,tumor,1.0,0.5191434707941005,0.5191434707941005,20.01171849108677,0.464,0.334,0.13,1.0,1.0,0.0,-0.3970250506283217,1.0,1.0,0.0,2.0,1.0,1.0,0.0022437004159293,0.00209525130186495,0.0,1.0,1.0,0.0,2.0,0.0,7,0,1,1,4,6741,14114,1658,11741,1658,0,0.0,1,1
LRP1,OPC_GABA_AC_like_tumor,IDH_Mutant,tumor,0.0,0.0,0.0,0.0,,,0.0,0.0,0.0,0.0,,0.0,1.0,0.0,0.0,0.0,0.0,0.0,0.0,,0.0,0.0,0.0,0.0,,7,0,1,1,4,6202,1012,352,742,352,0,0.0,1,0
LRP1,cycling_tumor,IDH_Mutant,tumor,0.0,0.0,0.0,0.0,,,0.0,0.0,0.0,0.0,,0.0,1.0,0.0,1.0,1.0,0.0,0.0014757899052933,0.0014757899052933,0.0,1.0,1.0,0.0,1.0,1.0,7,0,1,1,4,6410,814,270,136,136,0,0.0,1,0
LRP1,AC_like_tumor,IDH_Mutant,tumor,0.0,0.0,0.0,0.0,,,0.0,0.0,0.0,0.0,,0.0,1.0,0.0,2.0,1.0,1.0,0.0013213158667165,0.00126051260428745,0.0,1.0,1.0,0.0,2.0,0.0,7,0,1,1,4,72549,446,4249,283,283,0,0.0,1,0
LRP1,T cell,IDH_Mutant,T_cell,0.0,0.0,0.0,0.0,,,0.0,0.0,0.0,0.0,,0.0,1.0,0.0,0.0,0.0,0.0,0.0,0.0,,0.0,0.0,0.0,0.0,,7,0,1,1,4,2662,1463,941,334,334,0,0.0,1,0
LRP1,TAM1/TAM2/microglia,IDH_Mutant,TAM_microglia,0.0,0.0,0.0,0.0,,,0.0,0.0,0.0,0.0,,0.0,1.0,0.0,2.0,1.0,1.0,0.0018372268831769,0.001612222102132,0.0,1.0,1.0,2.0,2.0,0.0,7,0,1,1,4,12086,25922,2106,21701,2106,0,0.0,1,0
LRP1,OPC_GABA_like_tumor,IDH_WT,tumor,1.0,-0.2986299695038781,0.2986299695038781,12.025838310554176,0.624,0.382,0.242,-1.0,1.0,0.0,-0.3970250506283217,1.0,2.0,0.0,2.0,1.0,1.0,0.0022437004159293,0.00209525130186495,0.0,1.0,1.0,0.0,2.0,0.0,7,0,1,1,4,6741,14114,5040,1935,1935,0,-0.0,0,1
LRP1,OPC_GABA_AC_like_tumor,IDH_WT,tumor,0.0,0.0,0.0,0.0,,,0.0,0.0,0.0,0.0,,0.0,2.0,0.0,0.0,0.0,0.0,0.0,0.0,,0.0,0.0,0.0,0.0,,7,0,1,1,4,6202,1012,5384,171,171,0,0.0,0,0
LRP1,cycling_tumor,IDH_WT,tumor,1.0,0.4402104935675045,0.4402104935675045,44.599803754901764,0.493,0.193,0.3,1.0,0.0,0.0,0.3361807236365826,1.0,2.0,0.0,1.0,1.0,0.0,0.0014757899052933,0.0014757899052933,0.0,1.0,1.0,0.0,1.0,1.0,7,0,1,1,4,6410,814,5847,663,663,0,1.0,0,1
LRP1,AC_like_tumor,IDH_WT,tumor,0.0,0.0,0.0,0.0,,,0.0,0.0,0.0,0.0,,0.0,2.0,0.0,2.0,1.0,1.0,0.0013213158667165,0.00126051260428745,0.0,1.0,1.0,0.0,2.0,0.0,7,0,1,1,4,72549,446,64812,108,108,0,0.0,0,0
LRP1,T cell,IDH_WT,T_cell,0.0,0.0,0.0,0.0,,,0.0,0.0,0.0,0.0,,0.0,2.0,0.0,0.0,0.0,0.0,0.0,0.0,,0.0,0.0,0.0,0.0,,7,0,1,1,4,2662,1463,1681,1118,1118,0,0.0,0,0
LRP1,TAM1/TAM2/microglia,IDH_WT,TAM_microglia,0.0,0.0,0.0,0.0,,,0.0,0.0,0.0,0.0,,0.0,2.0,0.0,2.0,1.0,1.0,0.0018372268831769,0.001612222102132,0.0,1.0,1.0,2.0,2.0,0.0,7,0,1,1,4,12086,25922,9696,2745,2745,0,0.0,0,0
LRRTM2,OPC_GABA_like_tumor,IDH_Mutant,tumor,1.0,0.4967458162778178,0.4967458162778178,15.476820739469032,0.317,0.201,0.11599999999999999,1.0,1.0,0.0,-0.2621371104223258,1.0,3.0,0.0,6.0,6.0,0.0,0.0156105918756343,0.005079151850641467,0.0,1.0,4.0,0.0,6.0,1.0,12,0,1,1,2,6741,14114,1658,11741,1658,0,1.0,1,1
LRRTM2,OPC_GABA_AC_like_tumor,IDH_Mutant,tumor,0.0,0.0,0.0,0.0,,,0.0,0.0,0.0,0.0,,0.0,3.0,0.0,0.0,0.0,0.0,0.0,0.0,,0.0,0.0,0.0,0.0,,12,0,1,1,2,6202,1012,352,742,352,0,0.0,1,0
LRRTM2,cycling_tumor,IDH_Mutant,tumor,1.0,4.007836668405867,4.007836668405867,5.2846177479249645,0.169,0.007,0.162,1.0,1.0,1.0,1.001053071696476,1.0,3.0,0.0,6.0,6.0,0.0,0.0103806915753576,0.00337061154555855,0.0,1.0,4.0,0.0,6.0,1.0,12,0,1,1,2,6410,814,270,136,136,0,1.0,1,1
LRRTM2,AC_like_tumor,IDH_Mutant,tumor,1.0,1.6209291707314872,1.6209291707314872,4.293315804316049,0.177,0.074,0.103,1.0,0.0,0.0,0.4798341793656784,1.0,3.0,0.0,0.0,0.0,0.0,0.0,0.0,,0.0,0.0,0.0,0.0,,12,0,1,1,2,72549,446,4249,283,283,0,0.0,1,0
LRRTM2,T cell,IDH_Mutant,T_cell,0.0,0.0,0.0,0.0,,,0.0,0.0,0.0,0.0,,0.0,3.0,0.0,0.0,0.0,0.0,0.0,0.0,,0.0,0.0,0.0,0.0,,12,0,1,1,2,2662,1463,941,334,334,0,0.0,1,0
LRRTM2,TAM1/TAM2/microglia,IDH_Mutant,TAM_microglia,0.0,0.0,0.0,0.0,,,0.0,0.0,0.0,0.0,,0.0,3.0,0.0,0.0,0.0,0.0,0.0,0.0,,0.0,0.0,0.0,0.0,,12,0,1,1,2,12086,25922,2106,21701,2106,0,0.0,1,0
LRRTM2,OPC_GABA_like_tumor,IDH_WT,tumor,1.0,-0.6935439039610407,0.6935439039610407,12.85607413289099,0.328,0.19,0.138,-1.0,1.0,0.0,-0.2621371104223258,1.0,2.0,0.0,6.0,6.0,0.0,0.0156105918756343,0.005079151850641467,0.0,1.0,4.0,0.0,6.0,1.0,12,0,1,1,2,6741,14114,5040,1935,1935,0,-1.0,0,1
LRRTM2,OPC_GABA_AC_like_tumor,IDH_WT,tumor,0.0,0.0,0.0,0.0,,,0.0,0.0,0.0,0.0,,0.0,2.0,0.0,0.0,0.0,0.0,0.0,0.0,,0.0,0.0,0.0,0.0,,12,0,1,1,2,6202,1012,5384,171,171,0,0.0,0,0
LRRTM2,cycling_tumor,IDH_WT,tumor,1.0,1.0132404394620282,1.0132404394620282,99.16417413485708,0.359,0.072,0.287,1.0,1.0,1.0,1.001053071696476,1.0,2.0,0.0,6.0,6.0,0.0,0.0103806915753576,0.00337061154555855,0.0,1.0,4.0,0.0,6.0,1.0,12,0,1,1,2,6410,814,5847,663,663,0,1.0,0,1
LRRTM2,AC_like_tumor,IDH_WT,tumor,0.0,0.0,0.0,0.0,,,0.0,0.0,0.0,0.0,,0.0,2.0,0.0,0.0,0.0,0.0,0.0,0.0,,0.0,0.0,0.0,0.0,,12,0,1,1,2,72549,446,64812,108,108,0,0.0,0,0
LRRTM2,T cell,IDH_WT,T_cell,0.0,0.0,0.0,0.0,,,0.0,0.0,0.0,0.0,,0.0,2.0,0.0,0.0,0.0,0.0,0.0,0.0,,0.0,0.0,0.0,0.0,,12,0,1,1,2,2662,1463,1681,1118,1118,0,0.0,0,0
LRRTM2,TAM1/TAM2/microglia,IDH_WT,TAM_microglia,0.0,0.0,0.0,0.0,,,0.0,0.0,0.0,0.0,,0.0,2.0,0.0,0.0,0.0,0.0,0.0,0.0,,0.0,0.0,0.0,0.0,,12,0,1,1,2,12086,25922,9696,2745,2745,0,0.0,0,0
LRRTM3,OPC_GABA_like_tumor,IDH_Mutant,tumor,0.0,0.0,0.0,0.0,,,0.0,0.0,0.0,0.0,,0.0,1.0,0.0,6.0,6.0,0.0,0.0130790509330356,0.004251251790534683,0.0,1.0,4.0,0.0,6.0,1.0,6,0,1,1,1,6741,14114,1658,11741,1658,0,0.0,1,0
LRRTM3,OPC_GABA_AC_like_tumor,IDH_Mutant,tumor,0.0,0.0,0.0,0.0,,,0.0,0.0,0.0,0.0,,0.0,1.0,0.0,0.0,0.0,0.0,0.0,0.0,,0.0,0.0,0.0,0.0,,6,0,1,1,1,6202,1012,352,742,352,0,0.0,1,0
LRRTM3,cycling_tumor,IDH_Mutant,tumor,1.0,5.510581338267147,5.510581338267147,10.916043997926128,0.25,0.007,0.243,1.0,1.0,1.0,2.6774603953839025,1.0,1.0,0.0,0.0,0.0,0.0,0.0,0.0,,0.0,0.0,0.0,0.0,,6,0,1,1,1,6410,814,270,136,136,0,0.0,1,0
LRRTM3,AC_like_tumor,IDH_Mutant,tumor,0.0,0.0,0.0,0.0,,,0.0,0.0,0.0,0.0,,0.0,1.0,0.0,0.0,0.0,0.0,0.0,0.0,,0.0,0.0,0.0,0.0,,6,0,1,1,1,72549,446,4249,283,283,0,0.0,1,0
LRRTM3,T cell,IDH_Mutant,T_cell,0.0,0.0,0.0,0.0,,,0.0,0.0,0.0,0.0,,0.0,1.0,0.0,0.0,0.0,0.0,0.0,0.0,,0.0,0.0,0.0,0.0,,6,0,1,1,1,2662,1463,941,334,334,0,0.0,1,0
LRRTM3,TAM1/TAM2/microglia,IDH_Mutant,TAM_microglia,0.0,0.0,0.0,0.0,,,0.0,0.0,0.0,0.0,,0.0,1.0,0.0,0.0,0.0,0.0,0.0,0.0,,0.0,0.0,0.0,0.0,,6,0,1,1,1,12086,25922,2106,21701,2106,0,0.0,1,0
LRRTM3,OPC_GABA_like_tumor,IDH_WT,tumor,1.0,1.1239498134434314,1.1239498134434314,82.02165362923598,0.217,0.054,0.163,1.0,0.0,0.0,1.1319662468646243,1.0,2.0,0.0,6.0,6.0,0.0,0.0130790509330356,0.004251251790534683,0.0,1.0,4.0,0.0,6.0,1.0,6,0,1,1,1,6741,14114,5040,1935,1935,0,1.0,0,1
LRRTM3,OPC_GABA_AC_like_tumor,IDH_WT,tumor,0.0,0.0,0.0,0.0,,,0.0,0.0,0.0,0.0,,0.0,2.0,0.0,0.0,0.0,0.0,0.0,0.0,,0.0,0.0,0.0,0.0,,6,0,1,1,1,6202,1012,5384,171,171,0,0.0,0,0
LRRTM3,cycling_tumor,IDH_WT,tumor,1.0,2.229641767151908,2.229641767151908,94.016110190004,0.145,0.011,0.13399999999999998,1.0,1.0,1.0,2.6774603953839025,1.0,2.0,0.0,0.0,0.0,0.0,0.0,0.0,,0.0,0.0,0.0,0.0,,6,0,1,1,1,6410,814,5847,663,663,0,0.0,0,0
LRRTM3,AC_like_tumor,IDH_WT,tumor,0.0,0.0,0.0,0.0,,,0.0,0.0,0.0,0.0,,0.0,2.0,0.0,0.0,0.0,0.0,0.0,0.0,,0.0,0.0,0.0,0.0,,6,0,1,1,1,72549,446,64812,108,108,0,0.0,0,0
LRRTM3,T cell,IDH_WT,T_cell,0.0,0.0,0.0,0.0,,,0.0,0.0,0.0,0.0,,0.0,2.0,0.0,0.0,0.0,0.0,0.0,0.0,,0.0,0.0,0.0,0.0,,6,0,1,1,1,2662,1463,1681,1118,1118,0,0.0,0,0
LRRTM3,TAM1/TAM2/microglia,IDH_WT,TAM_microglia,0.0,0.0,0.0,0.0,,,0.0,0.0,0.0,0.0,,0.0,2.0,0.0,0.0,0.0,0.0,0.0,0.0,,0.0,0.0,0.0,0.0,,6,0,1,1,1,12086,25922,9696,2745,2745,0,0.0,0,0
MDK,OPC_GABA_like_tumor,IDH_Mutant,tumor,0.0,0.0,0.0,0.0,,,0.0,0.0,0.0,0.0,,0.0,1.0,0.0,0.0,0.0,0.0,0.0,0.0,,0.0,0.0,0.0,0.0,,28,1,0,1,1,6741,14114,1658,11741,1658,0,0.0,1,0
MDK,OPC_GABA_AC_like_tumor,IDH_Mutant,tumor,0.0,0.0,0.0,0.0,,,0.0,0.0,0.0,0.0,,0.0,1.0,0.0,0.0,0.0,0.0,0.0,0.0,,0.0,0.0,0.0,0.0,,28,1,0,1,1,6202,1012,352,742,352,0,0.0,1,0
MDK,cycling_tumor,IDH_Mutant,tumor,1.0,0.9113864741046732,0.9113864741046732,2.8696231249311794,0.257,0.059,0.198,1.0,1.0,0.0,-0.3739503020192844,1.0,1.0,28.0,0.0,28.0,0.0,0.0180550672770162,0.0065825254786666745,0.0,1.0,7.0,7.0,28.0,1.0,28,1,0,1,1,6410,814,270,136,136,0,1.0,1,1
MDK,AC_like_tumor,IDH_Mutant,tumor,0.0,0.0,0.0,0.0,,,0.0,0.0,0.0,0.0,,0.0,1.0,0.0,0.0,0.0,0.0,0.0,0.0,,0.0,0.0,0.0,0.0,,28,1,0,1,1,72549,446,4249,283,283,0,0.0,1,0
MDK,T cell,IDH_Mutant,T_cell,0.0,0.0,0.0,0.0,,,0.0,0.0,0.0,0.0,,0.0,1.0,0.0,0.0,0.0,0.0,0.0,0.0,,0.0,0.0,0.0,0.0,,28,1,0,1,1,2662,1463,941,334,334,0,0.0,1,0
MDK,TAM1/TAM2/microglia,IDH_Mutant,TAM_microglia,0.0,0.0,0.0,0.0,,,0.0,0.0,0.0,0.0,,0.0,1.0,0.0,0.0,0.0,0.0,0.0,0.0,,0.0,0.0,0.0,0.0,,28,1,0,1,1,12086,25922,2106,21701,2106,0,0.0,1,0
MDK,OPC_GABA_like_tumor,IDH_WT,tumor,1.0,0.4880890728665839,0.4880890728665839,54.96951463507859,0.306,0.125,0.181,1.0,0.0,0.0,,0.0,2.0,0.0,0.0,0.0,0.0,0.0,0.0,,0.0,0.0,0.0,0.0,,28,1,0,1,1,6741,14114,5040,1935,1935,0,0.0,0,0
MDK,OPC_GABA_AC_like_tumor,IDH_WT,tumor,0.0,0.0,0.0,0.0,,,0.0,0.0,0.0,0.0,,0.0,2.0,0.0,0.0,0.0,0.0,0.0,0.0,,0.0,0.0,0.0,0.0,,28,1,0,1,1,6202,1012,5384,171,171,0,0.0,0,0
MDK,cycling_tumor,IDH_WT,tumor,1.0,-0.411493642920383,0.411493642920383,11.40062959582873,0.312,0.152,0.16,-1.0,1.0,0.0,-0.3739503020192844,1.0,2.0,28.0,0.0,28.0,0.0,0.0180550672770162,0.0065825254786666745,0.0,1.0,7.0,7.0,28.0,1.0,28,1,0,1,1,6410,814,5847,663,663,0,-1.0,0,1
MDK,AC_like_tumor,IDH_WT,tumor,0.0,0.0,0.0,0.0,,,0.0,0.0,0.0,0.0,,0.0,2.0,0.0,0.0,0.0,0.0,0.0,0.0,,0.0,0.0,0.0,0.0,,28,1,0,1,1,72549,446,64812,108,108,0,0.0,0,0
MDK,T cell,IDH_WT,T_cell,0.0,0.0,0.0,0.0,,,0.0,0.0,0.0,0.0,,0.0,2.0,0.0,0.0,0.0,0.0,0.0,0.0,,0.0,0.0,0.0,0.0,,28,1,0,1,1,2662,1463,1681,1118,1118,0,0.0,0,0
MDK,TAM1/TAM2/microglia,IDH_WT,TAM_microglia,0.0,0.0,0.0,0.0,,,0.0,0.0,0.0,0.0,,0.0,2.0,0.0,0.0,0.0,0.0,0.0,0.0,,0.0,0.0,0.0,0.0,,28,1,0,1,1,12086,25922,9696,2745,2745,0,0.0,0,0
MERTK,OPC_GABA_like_tumor,IDH_Mutant,tumor,1.0,-2.3388235291459014,2.3388235291459014,70.6881251564773,0.019,0.1,-0.081,-1.0,0.0,0.0,,0.0,2.0,0.0,0.0,0.0,0.0,0.0,0.0,,0.0,0.0,0.0,0.0,,1,0,1,1,1,6741,14114,1658,11741,1658,0,-0.0,1,0
MERTK,OPC_GABA_AC_like_tumor,IDH_Mutant,tumor,0.0,0.0,0.0,0.0,,,0.0,0.0,0.0,0.0,,0.0,2.0,0.0,0.0,0.0,0.0,0.0,0.0,,0.0,0.0,0.0,0.0,,1,0,1,1,1,6202,1012,352,742,352,0,0.0,1,0
MERTK,cycling_tumor,IDH_Mutant,tumor,0.0,0.0,0.0,0.0,,,0.0,0.0,0.0,0.0,,0.0,2.0,0.0,0.0,0.0,0.0,0.0,0.0,,0.0,0.0,0.0,0.0,,1,0,1,1,1,6410,814,270,136,136,0,0.0,1,0
MERTK,AC_like_tumor,IDH_Mutant,tumor,0.0,0.0,0.0,0.0,,,0.0,0.0,0.0,0.0,,0.0,2.0,0.0,0.0,0.0,0.0,0.0,0.0,,0.0,0.0,0.0,0.0,,1,0,1,1,1,72549,446,4249,283,283,0,0.0,1,0
MERTK,T cell,IDH_Mutant,T_cell,0.0,0.0,0.0,0.0,,,0.0,0.0,0.0,0.0,,0.0,2.0,0.0,0.0,0.0,0.0,0.0,0.0,,0.0,0.0,0.0,0.0,,1,0,1,1,1,2662,1463,941,334,334,0,0.0,1,0
MERTK,TAM1/TAM2/microglia,IDH_Mutant,TAM_microglia,1.0,1.037790316934118,1.037790316934118,74.79312828350913,0.588,0.4,0.18799999999999994,1.0,1.0,1.0,1.885323092163253,1.0,2.0,0.0,1.0,1.0,0.0,0.012077162692356,0.012077162692356,0.0,1.0,1.0,0.0,1.0,1.0,1,0,1,1,1,12086,25922,2106,21701,2106,0,1.0,1,1
MERTK,OPC_GABA_like_tumor,IDH_WT,tumor,0.0,0.0,0.0,0.0,,,0.0,0.0,0.0,0.0,,0.0,1.0,0.0,0.0,0.0,0.0,0.0,0.0,,0.0,0.0,0.0,0.0,,1,0,1,1,1,6741,14114,5040,1935,1935,0,0.0,0,0
MERTK,OPC_GABA_AC_like_tumor,IDH_WT,tumor,0.0,0.0,0.0,0.0,,,0.0,0.0,0.0,0.0,,0.0,1.0,0.0,0.0,0.0,0.0,0.0,0.0,,0.0,0.0,0.0,0.0,,1,0,1,1,1,6202,1012,5384,171,171,0,0.0,0,0
MERTK,cycling_tumor,IDH_WT,tumor,0.0,0.0,0.0,0.0,,,0.0,0.0,0.0,0.0,,0.0,1.0,0.0,0.0,0.0,0.0,0.0,0.0,,0.0,0.0,0.0,0.0,,1,0,1,1,1,6410,814,5847,663,663,0,0.0,0,0
MERTK,AC_like_tumor,IDH_WT,tumor,0.0,0.0,0.0,0.0,,,0.0,0.0,0.0,0.0,,0.0,1.0,0.0,0.0,0.0,0.0,0.0,0.0,,0.0,0.0,0.0,0.0,,1,0,1,1,1,72549,446,64812,108,108,0,0.0,0,0
MERTK,T cell,IDH_WT,T_cell,0.0,0.0,0.0,0.0,,,0.0,0.0,0.0,0.0,,0.0,1.0,0.0,0.0,0.0,0.0,0.0,0.0,,0.0,0.0,0.0,0.0,,1,0,1,1,1,2662,1463,1681,1118,1118,0,0.0,0,0
MERTK,TAM1/TAM2/microglia,IDH_WT,TAM_microglia,1.0,0.9037251374118256,0.9037251374118256,54.62848412842265,0.336,0.193,0.14300000000000002,1.0,1.0,1.0,1.885323092163253,1.0,1.0,0.0,1.0,1.0,0.0,0.012077162692356,0.012077162692356,0.0,1.0,1.0,0.0,1.0,1.0,1,0,1,1,1,12086,25922,9696,2745,2745,0,1.0,0,1
MIF,OPC_GABA_like_tumor,IDH_Mutant,tumor,1.0,0.4138481077866298,0.4138481077866298,19.995133091697035,0.623,0.507,0.11599999999999999,1.0,1.0,1.0,0.3824996223615886,1.0,4.0,12.0,0.0,6.0,6.0,0.07070325655545,0.027424934791117333,0.0,1.0,2.0,12.0,12.0,0.0,66,1,0,1,6,6741,14114,1658,11741,1658,0,0.0,1,1
MIF,OPC_GABA_AC_like_tumor,IDH_Mutant,tumor,0.0,0.0,0.0,0.0,,,0.0,0.0,0.0,0.0,,0.0,4.0,12.0,0.0,6.0,6.0,0.0397126271796259,0.020401029579696084,0.0,1.0,2.0,12.0,12.0,0.0,66,1,0,1,6,6202,1012,352,742,352,0,0.0,1,0
MIF,cycling_tumor,IDH_Mutant,tumor,1.0,0.4621335145429552,0.4621335145429552,4.692467784437853,0.662,0.259,0.403,1.0,0.0,0.0,,0.0,4.0,12.0,0.0,6.0,6.0,0.0917041673934359,0.03640828598905308,0.0,1.0,2.0,12.0,12.0,0.0,66,1,0,1,6,6410,814,270,136,136,0,0.0,1,1
MIF,AC_like_tumor,IDH_Mutant,tumor,1.0,0.5947941119482809,0.5947941119482809,3.026633942473719,0.463,0.297,0.16600000000000004,1.0,0.0,0.0,,0.0,4.0,12.0,0.0,6.0,6.0,0.0301326100099938,0.01579069311718281,0.0,1.0,2.0,12.0,12.0,0.0,66,1,0,1,6,72549,446,4249,283,283,0,0.0,1,1
MIF,T cell,IDH_Mutant,T_cell,0.0,0.0,0.0,0.0,,,0.0,0.0,0.0,0.0,,0.0,4.0,12.0,0.0,6.0,6.0,0.0339427181697322,0.01835433728957329,0.0,1.0,2.0,4.0,12.0,0.0,66,1,0,1,6,2662,1463,941,334,334,0,0.0,1,0
MIF,TAM1/TAM2/microglia,IDH_Mutant,TAM_microglia,1.0,-0.5368933237581076,0.5368933237581076,11.671983520987483,0.126,0.191,-0.065,-1.0,1.0,1.0,-2.387004410374148,1.0,4.0,6.0,0.0,0.0,6.0,0.0301801420527412,0.016768099215291734,0.0,1.0,2.0,4.0,6.0,-1.0,66,1,0,1,6,12086,25922,2106,21701,2106,0,1.0,1,1
MIF,OPC_GABA_like_tumor,IDH_WT,tumor,1.0,0.5105359474324811,0.5105359474324811,99.86773086790213,0.726,0.335,0.39099999999999996,1.0,1.0,1.0,0.3824996223615886,1.0,3.0,12.0,0.0,6.0,6.0,0.07070325655545,0.027424934791117333,0.0,1.0,2.0,12.0,12.0,0.0,66,1,0,1,6,6741,14114,5040,1935,1935,0,0.0,0,1
MIF,OPC_GABA_AC_like_tumor,IDH_WT,tumor,1.0,0.8205378996943107,0.8205378996943107,2.5517273503598554,0.468,0.264,0.20400000000000001,1.0,0.0,0.0,0.6652176027471779,1.0,3.0,12.0,0.0,6.0,6.0,0.0397126271796259,0.020401029579696084,0.0,1.0,2.0,12.0,12.0,0.0,66,1,0,1,6,6202,1012,5384,171,171,0,0.0,0,1
MIF,cycling_tumor,IDH_WT,tumor,0.0,0.0,0.0,0.0,,,0.0,0.0,0.0,0.0,,0.0,3.0,12.0,0.0,6.0,6.0,0.0917041673934359,0.03640828598905308,0.0,1.0,2.0,12.0,12.0,0.0,66,1,0,1,6,6410,814,5847,663,663,0,0.0,0,0
MIF,AC_like_tumor,IDH_WT,tumor,0.0,0.0,0.0,0.0,,,0.0,0.0,0.0,0.0,,0.0,3.0,12.0,0.0,6.0,6.0,0.0301326100099938,0.01579069311718281,0.0,1.0,2.0,12.0,12.0,0.0,66,1,0,1,6,72549,446,64812,108,108,0,0.0,0,0
MIF,T cell,IDH_WT,T_cell,0.0,0.0,0.0,0.0,,,0.0,0.0,0.0,0.0,,0.0,3.0,12.0,0.0,6.0,6.0,0.0339427181697322,0.01835433728957329,0.0,1.0,2.0,4.0,12.0,0.0,66,1,0,1,6,2662,1463,1681,1118,1118,0,0.0,0,0
MIF,TAM1/TAM2/microglia,IDH_WT,TAM_microglia,1.0,-1.7007417161567784,1.7007417161567784,103.14721343765696,0.254,0.452,-0.198,-1.0,1.0,1.0,-2.387004410374148,1.0,3.0,6.0,0.0,0.0,6.0,0.0301801420527412,0.016768099215291734,0.0,1.0,2.0,4.0,6.0,-1.0,66,1,0,1,6,12086,25922,9696,2745,2745,0,1.0,0,1
MPZL1,OPC_GABA_like_tumor,IDH_Mutant,tumor,0.0,0.0,0.0,0.0,,,0.0,0.0,0.0,0.0,,0.0,1.0,0.0,0.0,0.0,0.0,0.0,0.0,,0.0,0.0,0.0,0.0,,8,1,1,1,2,6741,14114,1658,11741,1658,0,0.0,1,0
MPZL1,OPC_GABA_AC_like_tumor,IDH_Mutant,tumor,0.0,0.0,0.0,0.0,,,0.0,0.0,0.0,0.0,,0.0,1.0,0.0,0.0,0.0,0.0,0.0,0.0,,0.0,0.0,0.0,0.0,,8,1,1,1,2,6202,1012,352,742,352,0,0.0,1,0
MPZL1,cycling_tumor,IDH_Mutant,tumor,0.0,0.0,0.0,0.0,,,0.0,0.0,0.0,0.0,,0.0,1.0,2.0,2.0,4.0,0.0,0.0023450528994386,0.0022104610097024,0.0,1.0,2.0,2.0,4.0,1.0,8,1,1,1,2,6410,814,270,136,136,0,0.0,1,0
MPZL1,AC_like_tumor,IDH_Mutant,tumor,0.0,0.0,0.0,0.0,,,0.0,0.0,0.0,0.0,,0.0,1.0,0.0,0.0,0.0,0.0,0.0,0.0,,0.0,0.0,0.0,0.0,,8,1,1,1,2,72549,446,4249,283,283,0,0.0,1,0
MPZL1,T cell,IDH_Mutant,T_cell,0.0,0.0,0.0,0.0,,,0.0,0.0,0.0,0.0,,0.0,1.0,0.0,0.0,0.0,0.0,0.0,0.0,,0.0,0.0,0.0,0.0,,8,1,1,1,2,2662,1463,941,334,334,0,0.0,1,0
MPZL1,TAM1/TAM2/microglia,IDH_Mutant,TAM_microglia,1.0,0.4276836194255389,0.4276836194255389,5.594055246589277,0.268,0.201,0.067,1.0,1.0,1.0,0.9956801272371408,1.0,1.0,2.0,2.0,4.0,0.0,0.0020758691199662,0.0019566982996453,0.0,1.0,2.0,2.0,4.0,1.0,8,1,1,1,2,12086,25922,2106,21701,2106,0,1.0,1,1
MPZL1,OPC_GABA_like_tumor,IDH_WT,tumor,1.0,1.5909624238121245,1.5909624238121245,211.9303025670252,0.5,0.13,0.37,1.0,0.0,0.0,0.4241823273895091,1.0,4.0,0.0,0.0,0.0,0.0,0.0,0.0,,0.0,0.0,0.0,0.0,,8,1,1,1,2,6741,14114,5040,1935,1935,0,0.0,0,0
MPZL1,OPC_GABA_AC_like_tumor,IDH_WT,tumor,1.0,2.018500626331633,2.018500626331633,16.693818731605994,0.181,0.035,0.146,1.0,0.0,0.0,,0.0,4.0,0.0,0.0,0.0,0.0,0.0,0.0,,0.0,0.0,0.0,0.0,,8,1,1,1,2,6202,1012,5384,171,171,0,0.0,0,0
MPZL1,cycling_tumor,IDH_WT,tumor,1.0,2.127937477347736,2.127937477347736,191.79615545642392,0.493,0.081,0.412,1.0,0.0,0.0,1.8598006636625044,1.0,4.0,2.0,2.0,4.0,0.0,0.0023450528994386,0.0022104610097024,0.0,1.0,2.0,2.0,4.0,1.0,8,1,1,1,2,6410,814,5847,663,663,0,1.0,0,1
MPZL1,AC_like_tumor,IDH_WT,tumor,0.0,0.0,0.0,0.0,,,0.0,0.0,0.0,0.0,,0.0,4.0,0.0,0.0,0.0,0.0,0.0,0.0,,0.0,0.0,0.0,0.0,,8,1,1,1,2,72549,446,64812,108,108,0,0.0,0,0
MPZL1,T cell,IDH_WT,T_cell,0.0,0.0,0.0,0.0,,,0.0,0.0,0.0,0.0,,0.0,4.0,0.0,0.0,0.0,0.0,0.0,0.0,,0.0,0.0,0.0,0.0,,8,1,1,1,2,2662,1463,1681,1118,1118,0,0.0,0,0
MPZL1,TAM1/TAM2/microglia,IDH_WT,TAM_microglia,1.0,0.5439794830751375,0.5439794830751375,13.78804312919027,0.198,0.13,0.068,1.0,1.0,1.0,0.9956801272371408,1.0,4.0,2.0,2.0,4.0,0.0,0.0020758691199662,0.0019566982996453,0.0,1.0,2.0,2.0,4.0,1.0,8,1,1,1,2,12086,25922,9696,2745,2745,0,1.0,0,1
MRC1,OPC_GABA_like_tumor,IDH_Mutant,tumor,0.0,0.0,0.0,0.0,,,0.0,0.0,0.0,0.0,,0.0,0.0,0.0,0.0,0.0,0.0,0.0,0.0,,0.0,0.0,0.0,0.0,,4,0,1,1,1,6741,14114,1658,11741,1658,0,0.0,1,0
MRC1,OPC_GABA_AC_like_tumor,IDH_Mutant,tumor,0.0,0.0,0.0,0.0,,,0.0,0.0,0.0,0.0,,0.0,0.0,0.0,0.0,0.0,0.0,0.0,0.0,,0.0,0.0,0.0,0.0,,4,0,1,1,1,6202,1012,352,742,352,0,0.0,1,0
MRC1,cycling_tumor,IDH_Mutant,tumor,0.0,0.0,0.0,0.0,,,0.0,0.0,0.0,0.0,,0.0,0.0,0.0,0.0,0.0,0.0,0.0,0.0,,0.0,0.0,0.0,0.0,,4,0,1,1,1,6410,814,270,136,136,0,0.0,1,0
MRC1,AC_like_tumor,IDH_Mutant,tumor,0.0,0.0,0.0,0.0,,,0.0,0.0,0.0,0.0,,0.0,0.0,0.0,0.0,0.0,0.0,0.0,0.0,,0.0,0.0,0.0,0.0,,4,0,1,1,1,72549,446,4249,283,283,0,0.0,1,0
MRC1,T cell,IDH_Mutant,T_cell,0.0,0.0,0.0,0.0,,,0.0,0.0,0.0,0.0,,0.0,0.0,0.0,0.0,0.0,0.0,0.0,0.0,,0.0,0.0,0.0,0.0,,4,0,1,1,1,2662,1463,941,334,334,0,0.0,1,0
MRC1,TAM1/TAM2/microglia,IDH_Mutant,TAM_microglia,0.0,0.0,0.0,0.0,,,0.0,0.0,0.0,0.0,,0.0,0.0,0.0,4.0,4.0,0.0,0.0190396652672054,0.014954905079611875,0.0,1.0,2.0,2.0,4.0,1.0,4,0,1,1,1,12086,25922,2106,21701,2106,0,0.0,1,0
MRC1,OPC_GABA_like_tumor,IDH_WT,tumor,0.0,0.0,0.0,0.0,,,0.0,0.0,0.0,0.0,,0.0,0.0,0.0,0.0,0.0,0.0,0.0,0.0,,0.0,0.0,0.0,0.0,,4,0,1,1,1,6741,14114,5040,1935,1935,0,0.0,0,0
MRC1,OPC_GABA_AC_like_tumor,IDH_WT,tumor,0.0,0.0,0.0,0.0,,,0.0,0.0,0.0,0.0,,0.0,0.0,0.0,0.0,0.0,0.0,0.0,0.0,,0.0,0.0,0.0,0.0,,4,0,1,1,1,6202,1012,5384,171,171,0,0.0,0,0
MRC1,cycling_tumor,IDH_WT,tumor,0.0,0.0,0.0,0.0,,,0.0,0.0,0.0,0.0,,0.0,0.0,0.0,0.0,0.0,0.0,0.0,0.0,,0.0,0.0,0.0,0.0,,4,0,1,1,1,6410,814,5847,663,663,0,0.0,0,0
MRC1,AC_like_tumor,IDH_WT,tumor,0.0,0.0,0.0,0.0,,,0.0,0.0,0.0,0.0,,0.0,0.0,0.0,0.0,0.0,0.0,0.0,0.0,,0.0,0.0,0.0,0.0,,4,0,1,1,1,72549,446,64812,108,108,0,0.0,0,0
MRC1,T cell,IDH_WT,T_cell,0.0,0.0,0.0,0.0,,,0.0,0.0,0.0,0.0,,0.0,0.0,0.0,0.0,0.0,0.0,0.0,0.0,,0.0,0.0,0.0,0.0,,4,0,1,1,1,2662,1463,1681,1118,1118,0,0.0,0,0
MRC1,TAM1/TAM2/microglia,IDH_WT,TAM_microglia,0.0,0.0,0.0,0.0,,,0.0,0.0,0.0,0.0,,0.0,0.0,0.0,4.0,4.0,0.0,0.0190396652672054,0.014954905079611875,0.0,1.0,2.0,2.0,4.0,1.0,4,0,1,1,1,12086,25922,9696,2745,2745,0,0.0,0,0
NCAM1,OPC_GABA_like_tumor,IDH_Mutant,tumor,1.0,0.8179474277147007,0.8179474277147007,112.0896766779872,0.836,0.671,0.16499999999999992,1.0,1.0,1.0,1.8163051390488365,1.0,5.0,12.0,10.0,11.0,11.0,0.0937493977547745,0.022859245563446106,0.0,1.0,4.0,0.0,22.0,0.0,55,1,1,1,4,6741,14114,1658,11741,1658,0,0.0,1,1
NCAM1,OPC_GABA_AC_like_tumor,IDH_Mutant,tumor,1.0,0.5713532922208646,0.5713532922208646,1.6095869100475486,0.334,0.168,0.166,1.0,1.0,1.0,1.9838758817197129,1.0,5.0,6.0,5.0,11.0,0.0,0.0228642376149114,0.00928642507819179,0.0,1.0,4.0,0.0,11.0,1.0,55,1,1,1,4,6202,1012,352,742,352,0,1.0,1,1
NCAM1,cycling_tumor,IDH_Mutant,tumor,1.0,4.828096259857139,4.828096259857139,49.45073162514205,0.787,0.037,0.75,1.0,1.0,1.0,2.6541876782611045,1.0,5.0,6.0,5.0,11.0,0.0,0.0539088305225066,0.022144309504525565,0.0,1.0,4.0,0.0,11.0,1.0,55,1,1,1,4,6410,814,270,136,136,0,1.0,1,1
NCAM1,AC_like_tumor,IDH_Mutant,tumor,1.0,0.7769346462815693,0.7769346462815693,5.175877672512749,0.463,0.3,0.16300000000000003,1.0,1.0,1.0,2.194451284307587,1.0,5.0,6.0,5.0,11.0,0.0,0.0240611309936104,0.009776743985464673,0.0,1.0,4.0,0.0,11.0,1.0,55,1,1,1,4,72549,446,4249,283,283,0,1.0,1,1
NCAM1,T cell,IDH_Mutant,T_cell,1.0,3.3377055436951317,3.3377055436951317,17.58587983808966,0.147,0.013,0.13399999999999998,1.0,0.0,0.0,,0.0,5.0,0.0,0.0,0.0,0.0,0.0,0.0,,0.0,0.0,0.0,0.0,,55,1,1,1,4,2662,1463,941,334,334,0,0.0,1,0
NCAM1,TAM1/TAM2/microglia,IDH_Mutant,TAM_microglia,0.0,0.0,0.0,0.0,,,0.0,0.0,0.0,0.0,,0.0,5.0,0.0,0.0,0.0,0.0,0.0,0.0,,0.0,0.0,0.0,0.0,,55,1,1,1,4,12086,25922,2106,21701,2106,0,0.0,1,0
NCAM1,OPC_GABA_like_tumor,IDH_WT,tumor,1.0,1.9092615944633489,1.9092615944633489,300.0,0.761,0.194,0.567,1.0,1.0,1.0,1.8163051390488365,1.0,4.0,12.0,10.0,11.0,11.0,0.0937493977547745,0.022859245563446106,0.0,1.0,4.0,0.0,22.0,0.0,55,1,1,1,4,6741,14114,5040,1935,1935,0,0.0,0,1
NCAM1,OPC_GABA_AC_like_tumor,IDH_WT,tumor,1.0,1.5368251044595398,1.5368251044595398,4.561371074498678,0.152,0.047,0.105,1.0,1.0,1.0,1.9838758817197129,1.0,4.0,6.0,5.0,11.0,0.0,0.0228642376149114,0.00928642507819179,0.0,1.0,4.0,0.0,11.0,1.0,55,1,1,1,4,6202,1012,5384,171,171,0,1.0,0,1
NCAM1,cycling_tumor,IDH_WT,tumor,1.0,2.4549849661677747,2.4549849661677747,300.0,0.691,0.094,0.597,1.0,1.0,1.0,2.6541876782611045,1.0,4.0,6.0,5.0,11.0,0.0,0.0539088305225066,0.022144309504525565,0.0,1.0,4.0,0.0,11.0,1.0,55,1,1,1,4,6410,814,5847,663,663,0,1.0,0,1
NCAM1,AC_like_tumor,IDH_WT,tumor,1.0,1.2998359248681246,1.2998359248681246,1.8793646417452232,0.213,0.079,0.134,1.0,1.0,1.0,2.194451284307587,1.0,4.0,6.0,5.0,11.0,0.0,0.0240611309936104,0.009776743985464673,0.0,1.0,4.0,0.0,11.0,1.0,55,1,1,1,4,72549,446,64812,108,108,0,1.0,0,1
NCAM1,T cell,IDH_WT,T_cell,0.0,0.0,0.0,0.0,,,0.0,0.0,0.0,0.0,,0.0,4.0,0.0,0.0,0.0,0.0,0.0,0.0,,0.0,0.0,0.0,0.0,,55,1,1,1,4,2662,1463,1681,1118,1118,0,0.0,0,0
NCAM1,TAM1/TAM2/microglia,IDH_WT,TAM_microglia,0.0,0.0,0.0,0.0,,,0.0,0.0,0.0,0.0,,0.0,4.0,0.0,0.0,0.0,0.0,0.0,0.0,,0.0,0.0,0.0,0.0,,55,1,1,1,4,12086,25922,9696,2745,2745,0,0.0,0,0
NCAM2,OPC_GABA_like_tumor,IDH_Mutant,tumor,1.0,-1.0657710328346646,1.0657710328346646,26.996001133225274,0.194,0.309,-0.11499999999999999,-1.0,1.0,0.0,,0.0,2.0,0.0,0.0,0.0,0.0,0.0,0.0,,0.0,0.0,0.0,0.0,,5,0,1,1,1,6741,14114,1658,11741,1658,0,-0.0,1,0
NCAM2,OPC_GABA_AC_like_tumor,IDH_Mutant,tumor,0.0,0.0,0.0,0.0,,,0.0,0.0,0.0,0.0,,0.0,2.0,0.0,0.0,0.0,0.0,0.0,0.0,,0.0,0.0,0.0,0.0,,5,0,1,1,1,6202,1012,352,742,352,0,0.0,1,0
NCAM2,cycling_tumor,IDH_Mutant,tumor,1.0,4.01083004443889,4.01083004443889,9.949480699379908,0.25,0.011,0.239,1.0,1.0,1.0,1.9479715419887156,1.0,2.0,0.0,5.0,5.0,0.0,0.0081777990732763,0.0035688930945901197,0.0,1.0,4.0,0.0,5.0,1.0,5,0,1,1,1,6410,814,270,136,136,0,1.0,1,1
NCAM2,AC_like_tumor,IDH_Mutant,tumor,0.0,0.0,0.0,0.0,,,0.0,0.0,0.0,0.0,,0.0,2.0,0.0,0.0,0.0,0.0,0.0,0.0,,0.0,0.0,0.0,0.0,,5,0,1,1,1,72549,446,4249,283,283,0,0.0,1,0
NCAM2,T cell,IDH_Mutant,T_cell,0.0,0.0,0.0,0.0,,,0.0,0.0,0.0,0.0,,0.0,2.0,0.0,0.0,0.0,0.0,0.0,0.0,,0.0,0.0,0.0,0.0,,5,0,1,1,1,2662,1463,941,334,334,0,0.0,1,0
NCAM2,TAM1/TAM2/microglia,IDH_Mutant,TAM_microglia,0.0,0.0,0.0,0.0,,,0.0,0.0,0.0,0.0,,0.0,2.0,0.0,0.0,0.0,0.0,0.0,0.0,,0.0,0.0,0.0,0.0,,5,0,1,1,1,12086,25922,2106,21701,2106,0,0.0,1,0
NCAM2,OPC_GABA_like_tumor,IDH_WT,tumor,1.0,0.9460828142842912,0.9460828142842912,129.16628029383946,0.379,0.108,0.271,1.0,1.0,0.0,,0.0,2.0,0.0,0.0,0.0,0.0,0.0,0.0,,0.0,0.0,0.0,0.0,,5,0,1,1,1,6741,14114,5040,1935,1935,0,0.0,0,0
NCAM2,OPC_GABA_AC_like_tumor,IDH_WT,tumor,0.0,0.0,0.0,0.0,,,0.0,0.0,0.0,0.0,,0.0,2.0,0.0,0.0,0.0,0.0,0.0,0.0,,0.0,0.0,0.0,0.0,,5,0,1,1,1,6202,1012,5384,171,171,0,0.0,0,0
NCAM2,cycling_tumor,IDH_WT,tumor,1.0,1.865944413135866,1.865944413135866,140.9311777197438,0.305,0.038,0.267,1.0,1.0,1.0,1.9479715419887156,1.0,2.0,0.0,5.0,5.0,0.0,0.0081777990732763,0.0035688930945901197,0.0,1.0,4.0,0.0,5.0,1.0,5,0,1,1,1,6410,814,5847,663,663,0,1.0,0,1
NCAM2,AC_like_tumor,IDH_WT,tumor,0.0,0.0,0.0,0.0,,,0.0,0.0,0.0,0.0,,0.0,2.0,0.0,0.0,0.0,0.0,0.0,0.0,,0.0,0.0,0.0,0.0,,5,0,1,1,1,72549,446,64812,108,108,0,0.0,0,0
NCAM2,T cell,IDH_WT,T_cell,0.0,0.0,0.0,0.0,,,0.0,0.0,0.0,0.0,,0.0,2.0,0.0,0.0,0.0,0.0,0.0,0.0,,0.0,0.0,0.0,0.0,,5,0,1,1,1,2662,1463,1681,1118,1118,0,0.0,0,0
NCAM2,TAM1/TAM2/microglia,IDH_WT,TAM_microglia,0.0,0.0,0.0,0.0,,,0.0,0.0,0.0,0.0,,0.0,2.0,0.0,0.0,0.0,0.0,0.0,0.0,,0.0,0.0,0.0,0.0,,5,0,1,1,1,12086,25922,9696,2745,2745,0,0.0,0,0
NCL,OPC_GABA_like_tumor,IDH_Mutant,tumor,1.0,0.5853743688956974,0.5853743688956974,75.52939428058913,0.834,0.706,0.128,1.0,1.0,1.0,0.4633000810855576,1.0,3.0,0.0,18.0,9.0,9.0,0.1742786165151618,0.1032529440862241,0.0,2.0,4.0,0.0,18.0,0.0,70,0,1,2,7,6741,14114,1658,11741,1658,0,0.0,1,1
NCL,OPC_GABA_AC_like_tumor,IDH_Mutant,tumor,0.0,0.0,0.0,0.0,,,0.0,0.0,0.0,0.0,,0.0,3.0,0.0,9.0,7.0,2.0,0.1031600242652839,0.06558699115813464,0.03,2.0,4.0,0.0,9.0,0.5555555555555556,70,0,1,2,7,6202,1012,352,742,352,0,0.0,1,0
NCL,cycling_tumor,IDH_Mutant,tumor,1.0,0.5154348925750831,0.5154348925750831,2.8279806111916863,0.853,0.452,0.40099999999999997,1.0,1.0,1.0,0.8838980851522424,1.0,3.0,0.0,16.0,9.0,7.0,0.1944223049077292,0.11037823575024061,0.0,2.0,4.0,0.0,16.0,0.125,70,0,1,2,7,6410,814,270,136,136,0,0.125,1,1
NCL,AC_like_tumor,IDH_Mutant,tumor,1.0,0.7528633734722951,0.7528633734722951,13.188503693061056,0.664,0.419,0.24500000000000005,1.0,0.0,0.0,0.580118032400988,1.0,3.0,0.0,10.0,9.0,1.0,0.1384156467333893,0.08741232974037678,0.0,2.0,4.0,0.0,10.0,0.8,70,0,1,2,7,72549,446,4249,283,283,0,0.8,1,1
NCL,T cell,IDH_Mutant,T_cell,0.0,0.0,0.0,0.0,,,0.0,0.0,0.0,0.0,,0.0,3.0,0.0,2.0,1.0,1.0,0.0030244750425369,0.0029730166141975004,0.0,1.0,1.0,2.0,2.0,0.0,70,0,1,2,7,2662,1463,941,334,334,0,0.0,1,0
NCL,TAM1/TAM2/microglia,IDH_Mutant,TAM_microglia,0.0,0.0,0.0,0.0,,,0.0,0.0,0.0,0.0,,0.0,3.0,0.0,14.0,7.0,7.0,0.0999996120429012,0.07275541938109083,0.0,2.0,4.0,14.0,14.0,0.0,70,0,1,2,7,12086,25922,2106,21701,2106,0,0.0,1,0
NCL,OPC_GABA_like_tumor,IDH_WT,tumor,1.0,0.8775570359008116,0.8775570359008116,168.6242011385509,0.9,0.519,0.381,1.0,1.0,1.0,0.4633000810855576,1.0,2.0,0.0,18.0,9.0,9.0,0.1742786165151618,0.1032529440862241,0.0,2.0,4.0,0.0,18.0,0.0,70,0,1,2,7,6741,14114,5040,1935,1935,0,0.0,0,1
NCL,OPC_GABA_AC_like_tumor,IDH_WT,tumor,0.0,0.0,0.0,0.0,,,0.0,0.0,0.0,0.0,,0.0,2.0,0.0,9.0,7.0,2.0,0.1031600242652839,0.06558699115813464,0.03,2.0,4.0,0.0,9.0,0.5555555555555556,70,0,1,2,7,6202,1012,5384,171,171,0,0.0,0,0
NCL,cycling_tumor,IDH_WT,tumor,1.0,0.9511838022011868,0.9511838022011868,81.64712147971439,0.908,0.51,0.398,1.0,1.0,1.0,0.8838980851522424,1.0,2.0,0.0,16.0,9.0,7.0,0.1944223049077292,0.11037823575024061,0.0,2.0,4.0,0.0,16.0,0.125,70,0,1,2,7,6410,814,5847,663,663,0,0.125,0,1
NCL,AC_like_tumor,IDH_WT,tumor,0.0,0.0,0.0,0.0,,,0.0,0.0,0.0,0.0,,0.0,2.0,0.0,10.0,9.0,1.0,0.1384156467333893,0.08741232974037678,0.0,2.0,4.0,0.0,10.0,0.8,70,0,1,2,7,72549,446,64812,108,108,0,0.0,0,0
NCL,T cell,IDH_WT,T_cell,0.0,0.0,0.0,0.0,,,0.0,0.0,0.0,0.0,,0.0,2.0,0.0,2.0,1.0,1.0,0.0030244750425369,0.0029730166141975004,0.0,1.0,1.0,2.0,2.0,0.0,70,0,1,2,7,2662,1463,1681,1118,1118,0,0.0,0,0
NCL,TAM1/TAM2/microglia,IDH_WT,TAM_microglia,0.0,0.0,0.0,0.0,,,0.0,0.0,0.0,0.0,,0.0,2.0,0.0,14.0,7.0,7.0,0.0999996120429012,0.07275541938109083,0.0,2.0,4.0,14.0,14.0,0.0,70,0,1,2,7,12086,25922,9696,2745,2745,0,0.0,0,0
NLGN1,OPC_GABA_like_tumor,IDH_Mutant,tumor,0.0,0.0,0.0,0.0,,,0.0,0.0,0.0,0.0,,0.0,2.0,0.0,6.0,6.0,0.0,0.0202156564962208,0.0065894255343515165,0.0,1.0,4.0,0.0,6.0,1.0,18,0,1,1,3,6741,14114,1658,11741,1658,0,0.0,1,0
NLGN1,OPC_GABA_AC_like_tumor,IDH_Mutant,tumor,0.0,0.0,0.0,0.0,,,0.0,0.0,0.0,0.0,,0.0,2.0,0.0,0.0,0.0,0.0,0.0,0.0,,0.0,0.0,0.0,0.0,,18,0,1,1,3,6202,1012,352,742,352,0,0.0,1,0
NLGN1,cycling_tumor,IDH_Mutant,tumor,1.0,4.222105667455327,4.222105667455327,20.223256249987532,0.419,0.022,0.39699999999999996,1.0,1.0,1.0,2.041365180521054,1.0,2.0,0.0,6.0,6.0,0.0,0.0149916283128588,0.004876576865905467,0.0,1.0,4.0,0.0,6.0,1.0,18,0,1,1,3,6410,814,270,136,136,0,1.0,1,1
NLGN1,AC_like_tumor,IDH_Mutant,tumor,1.0,0.7595203165593838,0.7595203165593838,2.4222764046244936,0.279,0.156,0.12300000000000003,1.0,0.0,0.0,1.93614498517714,1.0,2.0,0.0,6.0,6.0,0.0,0.0072948300004392,0.002365786006153625,0.0,1.0,4.0,0.0,6.0,1.0,18,0,1,1,3,72549,446,4249,283,283,0,1.0,1,1
NLGN1,T cell,IDH_Mutant,T_cell,0.0,0.0,0.0,0.0,,,0.0,0.0,0.0,0.0,,0.0,2.0,0.0,0.0,0.0,0.0,0.0,0.0,,0.0,0.0,0.0,0.0,,18,0,1,1,3,2662,1463,941,334,334,0,0.0,1,0
NLGN1,TAM1/TAM2/microglia,IDH_Mutant,TAM_microglia,0.0,0.0,0.0,0.0,,,0.0,0.0,0.0,0.0,,0.0,2.0,0.0,0.0,0.0,0.0,0.0,0.0,,0.0,0.0,0.0,0.0,,18,0,1,1,3,12086,25922,2106,21701,2106,0,0.0,1,0
NLGN1,OPC_GABA_like_tumor,IDH_WT,tumor,1.0,1.0585738938253402,1.0585738938253402,152.14806400699962,0.456,0.137,0.319,1.0,0.0,0.0,0.769254745758341,1.0,2.0,0.0,6.0,6.0,0.0,0.0202156564962208,0.0065894255343515165,0.0,1.0,4.0,0.0,6.0,1.0,18,0,1,1,3,6741,14114,5040,1935,1935,0,1.0,0,1
NLGN1,OPC_GABA_AC_like_tumor,IDH_WT,tumor,0.0,0.0,0.0,0.0,,,0.0,0.0,0.0,0.0,,0.0,2.0,0.0,0.0,0.0,0.0,0.0,0.0,,0.0,0.0,0.0,0.0,,18,0,1,1,3,6202,1012,5384,171,171,0,0.0,0,0
NLGN1,cycling_tumor,IDH_WT,tumor,1.0,1.8692054620801803,1.8692054620801803,214.48714471695223,0.472,0.062,0.41,1.0,1.0,1.0,2.041365180521054,1.0,2.0,0.0,6.0,6.0,0.0,0.0149916283128588,0.004876576865905467,0.0,1.0,4.0,0.0,6.0,1.0,18,0,1,1,3,6410,814,5847,663,663,0,1.0,0,1
NLGN1,AC_like_tumor,IDH_WT,tumor,0.0,0.0,0.0,0.0,,,0.0,0.0,0.0,0.0,,0.0,2.0,0.0,6.0,6.0,0.0,0.0072948300004392,0.002365786006153625,0.0,1.0,4.0,0.0,6.0,1.0,18,0,1,1,3,72549,446,64812,108,108,0,0.0,0,0
NLGN1,T cell,IDH_WT,T_cell,0.0,0.0,0.0,0.0,,,0.0,0.0,0.0,0.0,,0.0,2.0,0.0,0.0,0.0,0.0,0.0,0.0,,0.0,0.0,0.0,0.0,,18,0,1,1,3,2662,1463,1681,1118,1118,0,0.0,0,0
NLGN1,TAM1/TAM2/microglia,IDH_WT,TAM_microglia,0.0,0.0,0.0,0.0,,,0.0,0.0,0.0,0.0,,0.0,2.0,0.0,0.0,0.0,0.0,0.0,0.0,,0.0,0.0,0.0,0.0,,18,0,1,1,3,12086,25922,9696,2745,2745,0,0.0,0,0
NLGN3,OPC_GABA_like_tumor,IDH_Mutant,tumor,1.0,0.7668658050127499,0.7668658050127499,7.131321079464726,0.192,0.125,0.067,1.0,1.0,1.0,0.735934578812126,1.0,2.0,0.0,0.0,0.0,0.0,0.0,0.0,,0.0,0.0,0.0,0.0,,6,0,1,1,1,6741,14114,1658,11741,1658,0,0.0,1,0
NLGN3,OPC_GABA_AC_like_tumor,IDH_Mutant,tumor,0.0,0.0,0.0,0.0,,,0.0,0.0,0.0,0.0,,0.0,2.0,0.0,0.0,0.0,0.0,0.0,0.0,,0.0,0.0,0.0,0.0,,6,0,1,1,1,6202,1012,352,742,352,0,0.0,1,0
NLGN3,cycling_tumor,IDH_Mutant,tumor,1.0,4.10352156299052,4.10352156299052,2.3100557200330885,0.132,0.011,0.12100000000000001,1.0,1.0,1.0,1.8474406918200492,1.0,2.0,0.0,6.0,6.0,0.0,0.0082445257936692,0.0026747700108033256,0.0,1.0,4.0,0.0,6.0,1.0,6,0,1,1,1,6410,814,270,136,136,0,1.0,1,1
NLGN3,AC_like_tumor,IDH_Mutant,tumor,0.0,0.0,0.0,0.0,,,0.0,0.0,0.0,0.0,,0.0,2.0,0.0,0.0,0.0,0.0,0.0,0.0,,0.0,0.0,0.0,0.0,,6,0,1,1,1,72549,446,4249,283,283,0,0.0,1,0
NLGN3,T cell,IDH_Mutant,T_cell,0.0,0.0,0.0,0.0,,,0.0,0.0,0.0,0.0,,0.0,2.0,0.0,0.0,0.0,0.0,0.0,0.0,,0.0,0.0,0.0,0.0,,6,0,1,1,1,2662,1463,941,334,334,0,0.0,1,0
NLGN3,TAM1/TAM2/microglia,IDH_Mutant,TAM_microglia,0.0,0.0,0.0,0.0,,,0.0,0.0,0.0,0.0,,0.0,2.0,0.0,0.0,0.0,0.0,0.0,0.0,,0.0,0.0,0.0,0.0,,6,0,1,1,1,12086,25922,2106,21701,2106,0,0.0,1,0
NLGN3,OPC_GABA_like_tumor,IDH_WT,tumor,1.0,0.9871474974152122,0.9871474974152122,112.99767565638146,0.315,0.085,0.22999999999999998,1.0,1.0,1.0,0.735934578812126,1.0,2.0,0.0,0.0,0.0,0.0,0.0,0.0,,0.0,0.0,0.0,0.0,,6,0,1,1,1,6741,14114,5040,1935,1935,0,0.0,0,0
NLGN3,OPC_GABA_AC_like_tumor,IDH_WT,tumor,0.0,0.0,0.0,0.0,,,0.0,0.0,0.0,0.0,,0.0,2.0,0.0,0.0,0.0,0.0,0.0,0.0,,0.0,0.0,0.0,0.0,,6,0,1,1,1,6202,1012,5384,171,171,0,0.0,0,0
NLGN3,cycling_tumor,IDH_WT,tumor,1.0,1.961368791254672,1.961368791254672,161.61789112875945,0.315,0.035,0.28,1.0,1.0,1.0,1.8474406918200492,1.0,2.0,0.0,6.0,6.0,0.0,0.0082445257936692,0.0026747700108033256,0.0,1.0,4.0,0.0,6.0,1.0,6,0,1,1,1,6410,814,5847,663,663,0,1.0,0,1
NLGN3,AC_like_tumor,IDH_WT,tumor,0.0,0.0,0.0,0.0,,,0.0,0.0,0.0,0.0,,0.0,2.0,0.0,0.0,0.0,0.0,0.0,0.0,,0.0,0.0,0.0,0.0,,6,0,1,1,1,72549,446,64812,108,108,0,0.0,0,0
NLGN3,T cell,IDH_WT,T_cell,0.0,0.0,0.0,0.0,,,0.0,0.0,0.0,0.0,,0.0,2.0,0.0,0.0,0.0,0.0,0.0,0.0,,0.0,0.0,0.0,0.0,,6,0,1,1,1,2662,1463,1681,1118,1118,0,0.0,0,0
NLGN3,TAM1/TAM2/microglia,IDH_WT,TAM_microglia,0.0,0.0,0.0,0.0,,,0.0,0.0,0.0,0.0,,0.0,2.0,0.0,0.0,0.0,0.0,0.0,0.0,,0.0,0.0,0.0,0.0,,6,0,1,1,1,12086,25922,9696,2745,2745,0,0.0,0,0
NOTCH1,OPC_GABA_like_tumor,IDH_Mutant,tumor,0.0,0.0,0.0,0.0,,,0.0,0.0,0.0,0.0,,0.0,0.0,0.0,8.0,8.0,0.0,0.0082329945247519,0.0032351133071600855,0.0,2.0,4.0,0.0,8.0,1.0,16,0,1,2,2,6741,14114,1658,11741,1658,0,0.0,1,0
NOTCH1,OPC_GABA_AC_like_tumor,IDH_Mutant,tumor,0.0,0.0,0.0,0.0,,,0.0,0.0,0.0,0.0,,0.0,0.0,0.0,0.0,0.0,0.0,0.0,0.0,,0.0,0.0,0.0,0.0,,16,0,1,2,2,6202,1012,352,742,352,0,0.0,1,0
NOTCH1,cycling_tumor,IDH_Mutant,tumor,0.0,0.0,0.0,0.0,,,0.0,0.0,0.0,0.0,,0.0,0.0,0.0,8.0,8.0,0.0,0.0102880806075418,0.004045192693051016,0.0,2.0,4.0,0.0,8.0,1.0,16,0,1,2,2,6410,814,270,136,136,0,0.0,1,0
NOTCH1,AC_like_tumor,IDH_Mutant,tumor,0.0,0.0,0.0,0.0,,,0.0,0.0,0.0,0.0,,0.0,0.0,0.0,0.0,0.0,0.0,0.0,0.0,,0.0,0.0,0.0,0.0,,16,0,1,2,2,72549,446,4249,283,283,0,0.0,1,0
NOTCH1,T cell,IDH_Mutant,T_cell,0.0,0.0,0.0,0.0,,,0.0,0.0,0.0,0.0,,0.0,0.0,0.0,0.0,0.0,0.0,0.0,0.0,,0.0,0.0,0.0,0.0,,16,0,1,2,2,2662,1463,941,334,334,0,0.0,1,0
NOTCH1,TAM1/TAM2/microglia,IDH_Mutant,TAM_microglia,0.0,0.0,0.0,0.0,,,0.0,0.0,0.0,0.0,,0.0,0.0,0.0,0.0,0.0,0.0,0.0,0.0,,0.0,0.0,0.0,0.0,,16,0,1,2,2,12086,25922,2106,21701,2106,0,0.0,1,0
NOTCH1,OPC_GABA_like_tumor,IDH_WT,tumor,1.0,1.948206935844322,1.948206935844322,219.237885823532,0.381,0.066,0.315,1.0,0.0,0.0,0.9602272582073454,1.0,2.0,0.0,8.0,8.0,0.0,0.0082329945247519,0.0032351133071600855,0.0,2.0,4.0,0.0,8.0,1.0,16,0,1,2,2,6741,14114,5040,1935,1935,0,1.0,0,1
NOTCH1,OPC_GABA_AC_like_tumor,IDH_WT,tumor,0.0,0.0,0.0,0.0,,,0.0,0.0,0.0,0.0,,0.0,2.0,0.0,0.0,0.0,0.0,0.0,0.0,,0.0,0.0,0.0,0.0,,16,0,1,2,2,6202,1012,5384,171,171,0,0.0,0,0
NOTCH1,cycling_tumor,IDH_WT,tumor,1.0,2.186278539926624,2.186278539926624,186.2528481982885,0.383,0.046,0.337,1.0,0.0,0.0,2.0468222299775896,1.0,2.0,0.0,8.0,8.0,0.0,0.0102880806075418,0.004045192693051016,0.0,2.0,4.0,0.0,8.0,1.0,16,0,1,2,2,6410,814,5847,663,663,0,1.0,0,1
NOTCH1,AC_like_tumor,IDH_WT,tumor,0.0,0.0,0.0,0.0,,,0.0,0.0,0.0,0.0,,0.0,2.0,0.0,0.0,0.0,0.0,0.0,0.0,,0.0,0.0,0.0,0.0,,16,0,1,2,2,72549,446,64812,108,108,0,0.0,0,0
NOTCH1,T cell,IDH_WT,T_cell,0.0,0.0,0.0,0.0,,,0.0,0.0,0.0,0.0,,0.0,2.0,0.0,0.0,0.0,0.0,0.0,0.0,,0.0,0.0,0.0,0.0,,16,0,1,2,2,2662,1463,1681,1118,1118,0,0.0,0,0
NOTCH1,TAM1/TAM2/microglia,IDH_WT,TAM_microglia,0.0,0.0,0.0,0.0,,,0.0,0.0,0.0,0.0,,0.0,2.0,0.0,0.0,0.0,0.0,0.0,0.0,,0.0,0.0,0.0,0.0,,16,0,1,2,2,12086,25922,9696,2745,2745,0,0.0,0,0
NRCAM,OPC_GABA_like_tumor,IDH_Mutant,tumor,1.0,1.3087184686449176,1.3087184686449176,181.6424703645547,0.789,0.517,0.272,1.0,0.0,0.0,0.6672142674371304,1.0,4.0,0.0,4.0,2.0,2.0,0.0122804136302003,0.00784968670479935,0.0,1.0,2.0,0.0,4.0,0.0,12,0,1,1,4,6741,14114,1658,11741,1658,0,0.0,1,1
NRCAM,OPC_GABA_AC_like_tumor,IDH_Mutant,tumor,1.0,0.6382263569517461,0.6382263569517461,2.0352546465739065,0.309,0.151,0.158,1.0,0.0,0.0,0.435211459282609,1.0,4.0,0.0,2.0,2.0,0.0,0.0028041239019692,0.00273160202415355,0.0,1.0,2.0,0.0,2.0,1.0,12,0,1,1,4,6202,1012,352,742,352,0,1.0,1,1
NRCAM,cycling_tumor,IDH_Mutant,tumor,1.0,3.4835751532088644,3.4835751532088644,26.77674310433104,0.559,0.041,0.518,1.0,1.0,1.0,0.3838670058278617,1.0,4.0,0.0,2.0,2.0,0.0,0.005371724448235,0.005233137050460249,0.0,1.0,2.0,0.0,2.0,1.0,12,0,1,1,4,6410,814,270,136,136,0,1.0,1,1
NRCAM,AC_like_tumor,IDH_Mutant,tumor,1.0,1.418778113763021,1.418778113763021,17.882406924454987,0.495,0.253,0.242,1.0,0.0,0.0,0.6015202490648668,1.0,4.0,0.0,4.0,2.0,2.0,0.0036696350326655,0.00316495639881815,0.0,1.0,2.0,0.0,4.0,0.0,12,0,1,1,4,72549,446,4249,283,283,0,0.0,1,1
NRCAM,T cell,IDH_Mutant,T_cell,0.0,0.0,0.0,0.0,,,0.0,0.0,0.0,0.0,,0.0,4.0,0.0,0.0,0.0,0.0,0.0,0.0,,0.0,0.0,0.0,0.0,,12,0,1,1,4,2662,1463,941,334,334,0,0.0,1,0
NRCAM,TAM1/TAM2/microglia,IDH_Mutant,TAM_microglia,0.0,0.0,0.0,0.0,,,0.0,0.0,0.0,0.0,,0.0,4.0,0.0,0.0,0.0,0.0,0.0,0.0,,0.0,0.0,0.0,0.0,,12,0,1,1,4,12086,25922,2106,21701,2106,0,0.0,1,0
NRCAM,OPC_GABA_like_tumor,IDH_WT,tumor,0.0,0.0,0.0,0.0,,,0.0,0.0,0.0,0.0,,0.0,1.0,0.0,4.0,2.0,2.0,0.0122804136302003,0.00784968670479935,0.0,1.0,2.0,0.0,4.0,0.0,12,0,1,1,4,6741,14114,5040,1935,1935,0,0.0,0,0
NRCAM,OPC_GABA_AC_like_tumor,IDH_WT,tumor,0.0,0.0,0.0,0.0,,,0.0,0.0,0.0,0.0,,0.0,1.0,0.0,2.0,2.0,0.0,0.0028041239019692,0.00273160202415355,0.0,1.0,2.0,0.0,2.0,1.0,12,0,1,1,4,6202,1012,5384,171,171,0,0.0,0,0
NRCAM,cycling_tumor,IDH_WT,tumor,1.0,0.2765338723748298,0.2765338723748298,51.43144348375306,0.603,0.228,0.375,1.0,1.0,1.0,0.3838670058278617,1.0,1.0,0.0,2.0,2.0,0.0,0.005371724448235,0.005233137050460249,0.0,1.0,2.0,0.0,2.0,1.0,12,0,1,1,4,6410,814,5847,663,663,0,1.0,0,1
NRCAM,AC_like_tumor,IDH_WT,tumor,0.0,0.0,0.0,0.0,,,0.0,0.0,0.0,0.0,,0.0,1.0,0.0,4.0,2.0,2.0,0.0036696350326655,0.00316495639881815,0.0,1.0,2.0,0.0,4.0,0.0,12,0,1,1,4,72549,446,64812,108,108,0,0.0,0,0
NRCAM,T cell,IDH_WT,T_cell,0.0,0.0,0.0,0.0,,,0.0,0.0,0.0,0.0,,0.0,1.0,0.0,0.0,0.0,0.0,0.0,0.0,,0.0,0.0,0.0,0.0,,12,0,1,1,4,2662,1463,1681,1118,1118,0,0.0,0,0
NRCAM,TAM1/TAM2/microglia,IDH_WT,TAM_microglia,0.0,0.0,0.0,0.0,,,0.0,0.0,0.0,0.0,,0.0,1.0,0.0,0.0,0.0,0.0,0.0,0.0,,0.0,0.0,0.0,0.0,,12,0,1,1,4,12086,25922,9696,2745,2745,0,0.0,0,0
NRXN1,OPC_GABA_like_tumor,IDH_Mutant,tumor,0.0,0.0,0.0,0.0,,,0.0,0.0,0.0,0.0,,0.0,3.0,20.0,0.0,10.0,10.0,0.0202156564962208,0.007657003490098835,0.0,1.0,3.0,0.0,20.0,0.0,50,1,0,1,4,6741,14114,1658,11741,1658,0,0.0,1,0
NRXN1,OPC_GABA_AC_like_tumor,IDH_Mutant,tumor,1.0,0.9711430925721845,0.9711430925721845,7.351884471257842,0.371,0.145,0.226,1.0,0.0,0.0,1.907627706950044,1.0,3.0,10.0,0.0,10.0,0.0,0.0046552822689749,0.0028490387553084797,0.0,1.0,3.0,0.0,10.0,1.0,50,1,0,1,4,6202,1012,352,742,352,0,1.0,1,1
NRXN1,cycling_tumor,IDH_Mutant,tumor,1.0,3.708429971077246,3.708429971077246,44.15627315584702,0.779,0.048,0.731,1.0,1.0,1.0,2.043076640812517,1.0,3.0,10.0,0.0,10.0,0.0,0.0028593048615199,0.0017488561969960198,0.0,1.0,3.0,0.0,10.0,1.0,50,1,0,1,4,6410,814,270,136,136,0,1.0,1,1
NRXN1,AC_like_tumor,IDH_Mutant,tumor,1.0,0.6008951540009626,0.6008951540009626,5.218712506067573,0.583,0.377,0.20599999999999996,1.0,0.0,0.0,1.6117118674623212,1.0,3.0,10.0,0.0,10.0,0.0,0.0049699357888254,0.00304192474785722,0.0,1.0,3.0,0.0,10.0,1.0,50,1,0,1,4,72549,446,4249,283,283,0,1.0,1,1
NRXN1,T cell,IDH_Mutant,T_cell,0.0,0.0,0.0,0.0,,,0.0,0.0,0.0,0.0,,0.0,3.0,0.0,0.0,0.0,0.0,0.0,0.0,,0.0,0.0,0.0,0.0,,50,1,0,1,4,2662,1463,941,334,334,0,0.0,1,0
NRXN1,TAM1/TAM2/microglia,IDH_Mutant,TAM_microglia,0.0,0.0,0.0,0.0,,,0.0,0.0,0.0,0.0,,0.0,3.0,0.0,0.0,0.0,0.0,0.0,0.0,,0.0,0.0,0.0,0.0,,50,1,0,1,4,12086,25922,2106,21701,2106,0,0.0,1,0
NRXN1,OPC_GABA_like_tumor,IDH_WT,tumor,1.0,0.4389322273675187,0.4389322273675187,39.704888127724416,0.396,0.201,0.195,1.0,0.0,0.0,1.3470831036683468,1.0,2.0,20.0,0.0,10.0,10.0,0.0202156564962208,0.007657003490098835,0.0,1.0,3.0,0.0,20.0,0.0,50,1,0,1,4,6741,14114,5040,1935,1935,0,0.0,0,1
NRXN1,OPC_GABA_AC_like_tumor,IDH_WT,tumor,0.0,0.0,0.0,0.0,,,0.0,0.0,0.0,0.0,,0.0,2.0,10.0,0.0,10.0,0.0,0.0046552822689749,0.0028490387553084797,0.0,1.0,3.0,0.0,10.0,1.0,50,1,0,1,4,6202,1012,5384,171,171,0,0.0,0,0
NRXN1,cycling_tumor,IDH_WT,tumor,1.0,0.9602406200106864,0.9602406200106864,36.6289552866046,0.259,0.083,0.176,1.0,1.0,1.0,2.043076640812517,1.0,2.0,10.0,0.0,10.0,0.0,0.0028593048615199,0.0017488561969960198,0.0,1.0,3.0,0.0,10.0,1.0,50,1,0,1,4,6410,814,5847,663,663,0,1.0,0,1
NRXN1,AC_like_tumor,IDH_WT,tumor,0.0,0.0,0.0,0.0,,,0.0,0.0,0.0,0.0,,0.0,2.0,10.0,0.0,10.0,0.0,0.0049699357888254,0.00304192474785722,0.0,1.0,3.0,0.0,10.0,1.0,50,1,0,1,4,72549,446,64812,108,108,0,0.0,0,0
NRXN1,T cell,IDH_WT,T_cell,0.0,0.0,0.0,0.0,,,0.0,0.0,0.0,0.0,,0.0,2.0,0.0,0.0,0.0,0.0,0.0,0.0,,0.0,0.0,0.0,0.0,,50,1,0,1,4,2662,1463,1681,1118,1118,0,0.0,0,0
NRXN1,TAM1/TAM2/microglia,IDH_WT,TAM_microglia,0.0,0.0,0.0,0.0,,,0.0,0.0,0.0,0.0,,0.0,2.0,0.0,0.0,0.0,0.0,0.0,0.0,,0.0,0.0,0.0,0.0,,50,1,0,1,4,12086,25922,9696,2745,2745,0,0.0,0,0
NRXN2,OPC_GABA_like_tumor,IDH_Mutant,tumor,1.0,0.5319644209094596,0.5319644209094596,3.4758479554755,0.271,0.216,0.05500000000000002,1.0,0.0,0.0,0.647356780047149,1.0,3.0,10.0,0.0,10.0,0.0,0.0021343800502624,0.0013051518474101863,0.0,1.0,3.0,0.0,10.0,1.0,10,1,0,1,1,6741,14114,1658,11741,1658,0,1.0,1,1
NRXN2,OPC_GABA_AC_like_tumor,IDH_Mutant,tumor,0.0,0.0,0.0,0.0,,,0.0,0.0,0.0,0.0,,0.0,3.0,0.0,0.0,0.0,0.0,0.0,0.0,,0.0,0.0,0.0,0.0,,10,1,0,1,1,6202,1012,352,742,352,0,0.0,1,0
NRXN2,cycling_tumor,IDH_Mutant,tumor,1.0,5.363354862664815,5.363354862664815,7.377522825770371,0.199,0.007,0.192,1.0,1.0,1.0,1.0493405799743036,1.0,3.0,0.0,0.0,0.0,0.0,0.0,0.0,,0.0,0.0,0.0,0.0,,10,1,0,1,1,6410,814,270,136,136,0,0.0,1,0
NRXN2,AC_like_tumor,IDH_Mutant,tumor,1.0,0.7874073224983326,0.7874073224983326,2.7413452040349524,0.191,0.09,0.101,1.0,0.0,0.0,1.2901965486045013,1.0,3.0,0.0,0.0,0.0,0.0,0.0,0.0,,0.0,0.0,0.0,0.0,,10,1,0,1,1,72549,446,4249,283,283,0,0.0,1,0
NRXN2,T cell,IDH_Mutant,T_cell,0.0,0.0,0.0,0.0,,,0.0,0.0,0.0,0.0,,0.0,3.0,0.0,0.0,0.0,0.0,0.0,0.0,,0.0,0.0,0.0,0.0,,10,1,0,1,1,2662,1463,941,334,334,0,0.0,1,0
NRXN2,TAM1/TAM2/microglia,IDH_Mutant,TAM_microglia,0.0,0.0,0.0,0.0,,,0.0,0.0,0.0,0.0,,0.0,3.0,0.0,0.0,0.0,0.0,0.0,0.0,,0.0,0.0,0.0,0.0,,10,1,0,1,1,12086,25922,2106,21701,2106,0,0.0,1,0
NRXN2,OPC_GABA_like_tumor,IDH_WT,tumor,0.0,0.0,0.0,0.0,,,0.0,0.0,0.0,0.0,,0.0,1.0,10.0,0.0,10.0,0.0,0.0021343800502624,0.0013051518474101863,0.0,1.0,3.0,0.0,10.0,1.0,10,1,0,1,1,6741,14114,5040,1935,1935,0,0.0,0,0
NRXN2,OPC_GABA_AC_like_tumor,IDH_WT,tumor,0.0,0.0,0.0,0.0,,,0.0,0.0,0.0,0.0,,0.0,1.0,0.0,0.0,0.0,0.0,0.0,0.0,,0.0,0.0,0.0,0.0,,10,1,0,1,1,6202,1012,5384,171,171,0,0.0,0,0
NRXN2,cycling_tumor,IDH_WT,tumor,1.0,0.8403773221055575,0.8403773221055575,40.97247610785651,0.175,0.039,0.13599999999999998,1.0,1.0,1.0,1.0493405799743036,1.0,1.0,0.0,0.0,0.0,0.0,0.0,0.0,,0.0,0.0,0.0,0.0,,10,1,0,1,1,6410,814,5847,663,663,0,0.0,0,0
NRXN2,AC_like_tumor,IDH_WT,tumor,0.0,0.0,0.0,0.0,,,0.0,0.0,0.0,0.0,,0.0,1.0,0.0,0.0,0.0,0.0,0.0,0.0,,0.0,0.0,0.0,0.0,,10,1,0,1,1,72549,446,64812,108,108,0,0.0,0,0
NRXN2,T cell,IDH_WT,T_cell,0.0,0.0,0.0,0.0,,,0.0,0.0,0.0,0.0,,0.0,1.0,0.0,0.0,0.0,0.0,0.0,0.0,,0.0,0.0,0.0,0.0,,10,1,0,1,1,2662,1463,1681,1118,1118,0,0.0,0,0
NRXN2,TAM1/TAM2/microglia,IDH_WT,TAM_microglia,0.0,0.0,0.0,0.0,,,0.0,0.0,0.0,0.0,,0.0,1.0,0.0,0.0,0.0,0.0,0.0,0.0,,0.0,0.0,0.0,0.0,,10,1,0,1,1,12086,25922,9696,2745,2745,0,0.0,0,0
P4HB,OPC_GABA_like_tumor,IDH_Mutant,tumor,0.0,0.0,0.0,0.0,,,0.0,0.0,0.0,0.0,,0.0,0.0,0.0,2.0,1.0,1.0,0.0013611245332281,0.00135107769115995,0.0,1.0,1.0,2.0,2.0,0.0,5,0,1,1,3,6741,14114,1658,11741,1658,0,0.0,1,0
P4HB,OPC_GABA_AC_like_tumor,IDH_Mutant,tumor,0.0,0.0,0.0,0.0,,,0.0,0.0,0.0,0.0,,0.0,0.0,0.0,0.0,0.0,0.0,0.0,0.0,,0.0,0.0,0.0,0.0,,5,0,1,1,3,6202,1012,352,742,352,0,0.0,1,0
P4HB,cycling_tumor,IDH_Mutant,tumor,0.0,0.0,0.0,0.0,,,0.0,0.0,0.0,0.0,,0.0,0.0,0.0,2.0,1.0,1.0,0.006613979542561,0.00406302455001975,0.0,1.0,1.0,2.0,2.0,0.0,5,0,1,1,3,6410,814,270,136,136,0,0.0,1,0
P4HB,AC_like_tumor,IDH_Mutant,tumor,0.0,0.0,0.0,0.0,,,0.0,0.0,0.0,0.0,,0.0,0.0,0.0,0.0,0.0,0.0,0.0,0.0,,0.0,0.0,0.0,0.0,,5,0,1,1,3,72549,446,4249,283,283,0,0.0,1,0
P4HB,T cell,IDH_Mutant,T_cell,0.0,0.0,0.0,0.0,,,0.0,0.0,0.0,0.0,,0.0,0.0,0.0,0.0,0.0,0.0,0.0,0.0,,0.0,0.0,0.0,0.0,,5,0,1,1,3,2662,1463,941,334,334,0,0.0,1,0
P4HB,TAM1/TAM2/microglia,IDH_Mutant,TAM_microglia,0.0,0.0,0.0,0.0,,,0.0,0.0,0.0,0.0,,0.0,0.0,0.0,1.0,0.0,1.0,0.0024062850263849,0.0024062850263849,0.0,1.0,1.0,0.0,1.0,-1.0,5,0,1,1,3,12086,25922,2106,21701,2106,0,-0.0,1,0
P4HB,OPC_GABA_like_tumor,IDH_WT,tumor,0.0,0.0,0.0,0.0,,,0.0,0.0,0.0,0.0,,0.0,2.0,0.0,2.0,1.0,1.0,0.0013611245332281,0.00135107769115995,0.0,1.0,1.0,2.0,2.0,0.0,5,0,1,1,3,6741,14114,5040,1935,1935,0,0.0,0,0
P4HB,OPC_GABA_AC_like_tumor,IDH_WT,tumor,0.0,0.0,0.0,0.0,,,0.0,0.0,0.0,0.0,,0.0,2.0,0.0,0.0,0.0,0.0,0.0,0.0,,0.0,0.0,0.0,0.0,,5,0,1,1,3,6202,1012,5384,171,171,0,0.0,0,0
P4HB,cycling_tumor,IDH_WT,tumor,1.0,0.4675273117630814,0.4675273117630814,62.59660512793237,0.704,0.27,0.43399999999999994,1.0,0.0,0.0,0.3466102924640853,1.0,2.0,0.0,2.0,1.0,1.0,0.006613979542561,0.00406302455001975,0.0,1.0,1.0,2.0,2.0,0.0,5,0,1,1,3,6410,814,5847,663,663,0,0.0,0,1
P4HB,AC_like_tumor,IDH_WT,tumor,0.0,0.0,0.0,0.0,,,0.0,0.0,0.0,0.0,,0.0,2.0,0.0,0.0,0.0,0.0,0.0,0.0,,0.0,0.0,0.0,0.0,,5,0,1,1,3,72549,446,64812,108,108,0,0.0,0,0
P4HB,T cell,IDH_WT,T_cell,0.0,0.0,0.0,0.0,,,0.0,0.0,0.0,0.0,,0.0,2.0,0.0,0.0,0.0,0.0,0.0,0.0,,0.0,0.0,0.0,0.0,,5,0,1,1,3,2662,1463,1681,1118,1118,0,0.0,0,0
P4HB,TAM1/TAM2/microglia,IDH_WT,TAM_microglia,1.0,-0.5629102175258354,0.5629102175258354,2.315406836498125,0.285,0.317,-0.03200000000000003,-1.0,0.0,0.0,-0.8764560737777898,1.0,2.0,0.0,1.0,0.0,1.0,0.0024062850263849,0.0024062850263849,0.0,1.0,1.0,0.0,1.0,-1.0,5,0,1,1,3,12086,25922,9696,2745,2745,0,1.0,0,1
PCDHGA10,OPC_GABA_like_tumor,IDH_Mutant,tumor,0.0,0.0,0.0,0.0,,,0.0,0.0,0.0,0.0,,0.0,1.0,1.0,1.0,2.0,0.0,0.0020400387040252,0.0020400387040252,0.0,1.0,1.0,0.0,2.0,1.0,2,1,1,1,1,6741,14114,1658,11741,1658,0,0.0,1,0
PCDHGA10,OPC_GABA_AC_like_tumor,IDH_Mutant,tumor,0.0,0.0,0.0,0.0,,,0.0,0.0,0.0,0.0,,0.0,1.0,0.0,0.0,0.0,0.0,0.0,0.0,,0.0,0.0,0.0,0.0,,2,1,1,1,1,6202,1012,352,742,352,0,0.0,1,0
PCDHGA10,cycling_tumor,IDH_Mutant,tumor,1.0,3.7778153773002607,3.7778153773002607,6.261467363513313,0.213,0.019,0.194,1.0,1.0,1.0,2.410925101596722,1.0,1.0,0.0,0.0,0.0,0.0,0.0,0.0,,0.0,0.0,0.0,0.0,,2,1,1,1,1,6410,814,270,136,136,0,0.0,1,0
PCDHGA10,AC_like_tumor,IDH_Mutant,tumor,0.0,0.0,0.0,0.0,,,0.0,0.0,0.0,0.0,,0.0,1.0,0.0,0.0,0.0,0.0,0.0,0.0,,0.0,0.0,0.0,0.0,,2,1,1,1,1,72549,446,4249,283,283,0,0.0,1,0
PCDHGA10,T cell,IDH_Mutant,T_cell,0.0,0.0,0.0,0.0,,,0.0,0.0,0.0,0.0,,0.0,1.0,0.0,0.0,0.0,0.0,0.0,0.0,,0.0,0.0,0.0,0.0,,2,1,1,1,1,2662,1463,941,334,334,0,0.0,1,0
PCDHGA10,TAM1/TAM2/microglia,IDH_Mutant,TAM_microglia,0.0,0.0,0.0,0.0,,,0.0,0.0,0.0,0.0,,0.0,1.0,0.0,0.0,0.0,0.0,0.0,0.0,,0.0,0.0,0.0,0.0,,2,1,1,1,1,12086,25922,2106,21701,2106,0,0.0,1,0
PCDHGA10,OPC_GABA_like_tumor,IDH_WT,tumor,1.0,0.840786297737504,0.840786297737504,72.55478677722016,0.252,0.078,0.174,1.0,0.0,0.0,0.8608372392302766,1.0,2.0,1.0,1.0,2.0,0.0,0.0020400387040252,0.0020400387040252,0.0,1.0,1.0,0.0,2.0,1.0,2,1,1,1,1,6741,14114,5040,1935,1935,0,1.0,0,1
PCDHGA10,OPC_GABA_AC_like_tumor,IDH_WT,tumor,0.0,0.0,0.0,0.0,,,0.0,0.0,0.0,0.0,,0.0,2.0,0.0,0.0,0.0,0.0,0.0,0.0,,0.0,0.0,0.0,0.0,,2,1,1,1,1,6202,1012,5384,171,171,0,0.0,0,0
PCDHGA10,cycling_tumor,IDH_WT,tumor,1.0,2.383876659691345,2.383876659691345,79.5937431068842,0.17,0.021,0.14900000000000002,1.0,1.0,1.0,2.410925101596722,1.0,2.0,0.0,0.0,0.0,0.0,0.0,0.0,,0.0,0.0,0.0,0.0,,2,1,1,1,1,6410,814,5847,663,663,0,0.0,0,0
PCDHGA10,AC_like_tumor,IDH_WT,tumor,0.0,0.0,0.0,0.0,,,0.0,0.0,0.0,0.0,,0.0,2.0,0.0,0.0,0.0,0.0,0.0,0.0,,0.0,0.0,0.0,0.0,,2,1,1,1,1,72549,446,64812,108,108,0,0.0,0,0
PCDHGA10,T cell,IDH_WT,T_cell,0.0,0.0,0.0,0.0,,,0.0,0.0,0.0,0.0,,0.0,2.0,0.0,0.0,0.0,0.0,0.0,0.0,,0.0,0.0,0.0,0.0,,2,1,1,1,1,2662,1463,1681,1118,1118,0,0.0,0,0
PCDHGA10,TAM1/TAM2/microglia,IDH_WT,TAM_microglia,0.0,0.0,0.0,0.0,,,0.0,0.0,0.0,0.0,,0.0,2.0,0.0,0.0,0.0,0.0,0.0,0.0,,0.0,0.0,0.0,0.0,,2,1,1,1,1,12086,25922,9696,2745,2745,0,0.0,0,0
PCDHGC3,OPC_GABA_like_tumor,IDH_Mutant,tumor,1.0,-0.5413855275816069,0.5413855275816069,5.706887393118725,0.124,0.182,-0.057999999999999996,-1.0,1.0,0.0,0.5451015335846257,1.0,2.0,0.0,0.0,0.0,0.0,0.0,0.0,,0.0,0.0,0.0,0.0,,2,1,1,1,1,6741,14114,1658,11741,1658,0,-0.0,1,0
PCDHGC3,OPC_GABA_AC_like_tumor,IDH_Mutant,tumor,0.0,0.0,0.0,0.0,,,0.0,0.0,0.0,0.0,,0.0,2.0,0.0,0.0,0.0,0.0,0.0,0.0,,0.0,0.0,0.0,0.0,,2,1,1,1,1,6202,1012,352,742,352,0,0.0,1,0
PCDHGC3,cycling_tumor,IDH_Mutant,tumor,1.0,2.8886950190210867,2.8886950190210867,2.231402592410646,0.11,0.004,0.106,1.0,1.0,1.0,2.766243443713352,1.0,2.0,1.0,1.0,2.0,0.0,0.000909242078728849,0.000909242078728849,0.0,1.0,1.0,0.0,2.0,1.0,2,1,1,1,1,6410,814,270,136,136,0,1.0,1,1
PCDHGC3,AC_like_tumor,IDH_Mutant,tumor,0.0,0.0,0.0,0.0,,,0.0,0.0,0.0,0.0,,0.0,2.0,0.0,0.0,0.0,0.0,0.0,0.0,,0.0,0.0,0.0,0.0,,2,1,1,1,1,72549,446,4249,283,283,0,0.0,1,0
PCDHGC3,T cell,IDH_Mutant,T_cell,0.0,0.0,0.0,0.0,,,0.0,0.0,0.0,0.0,,0.0,2.0,0.0,0.0,0.0,0.0,0.0,0.0,,0.0,0.0,0.0,0.0,,2,1,1,1,1,2662,1463,941,334,334,0,0.0,1,0
PCDHGC3,TAM1/TAM2/microglia,IDH_Mutant,TAM_microglia,0.0,0.0,0.0,0.0,,,0.0,0.0,0.0,0.0,,0.0,2.0,0.0,0.0,0.0,0.0,0.0,0.0,,0.0,0.0,0.0,0.0,,2,1,1,1,1,12086,25922,2106,21701,2106,0,0.0,1,0
PCDHGC3,OPC_GABA_like_tumor,IDH_WT,tumor,1.0,2.1005042395025733,2.1005042395025733,247.05046728195472,0.421,0.075,0.346,1.0,1.0,0.0,0.5451015335846257,1.0,3.0,0.0,0.0,0.0,0.0,0.0,0.0,,0.0,0.0,0.0,0.0,,2,1,1,1,1,6741,14114,5040,1935,1935,0,0.0,0,0
PCDHGC3,OPC_GABA_AC_like_tumor,IDH_WT,tumor,1.0,2.536771371473165,2.536771371473165,16.26857990252447,0.129,0.019,0.11,1.0,0.0,0.0,,0.0,3.0,0.0,0.0,0.0,0.0,0.0,0.0,,0.0,0.0,0.0,0.0,,2,1,1,1,1,6202,1012,5384,171,171,0,0.0,0,0
PCDHGC3,cycling_tumor,IDH_WT,tumor,1.0,2.997778423563167,2.997778423563167,256.31077114322164,0.353,0.023,0.32999999999999996,1.0,1.0,1.0,2.766243443713352,1.0,3.0,1.0,1.0,2.0,0.0,0.000909242078728849,0.000909242078728849,0.0,1.0,1.0,0.0,2.0,1.0,2,1,1,1,1,6410,814,5847,663,663,0,1.0,0,1
PCDHGC3,AC_like_tumor,IDH_WT,tumor,0.0,0.0,0.0,0.0,,,0.0,0.0,0.0,0.0,,0.0,3.0,0.0,0.0,0.0,0.0,0.0,0.0,,0.0,0.0,0.0,0.0,,2,1,1,1,1,72549,446,64812,108,108,0,0.0,0,0
PCDHGC3,T cell,IDH_WT,T_cell,0.0,0.0,0.0,0.0,,,0.0,0.0,0.0,0.0,,0.0,3.0,0.0,0.0,0.0,0.0,0.0,0.0,,0.0,0.0,0.0,0.0,,2,1,1,1,1,2662,1463,1681,1118,1118,0,0.0,0,0
PCDHGC3,TAM1/TAM2/microglia,IDH_WT,TAM_microglia,0.0,0.0,0.0,0.0,,,0.0,0.0,0.0,0.0,,0.0,3.0,0.0,0.0,0.0,0.0,0.0,0.0,,0.0,0.0,0.0,0.0,,2,1,1,1,1,12086,25922,9696,2745,2745,0,0.0,0,0
PDGFA,OPC_GABA_like_tumor,IDH_Mutant,tumor,0.0,0.0,0.0,0.0,,,0.0,0.0,0.0,0.0,,0.0,1.0,0.0,0.0,0.0,0.0,0.0,0.0,,0.0,0.0,0.0,0.0,,3,1,0,1,1,6741,14114,1658,11741,1658,0,0.0,1,0
PDGFA,OPC_GABA_AC_like_tumor,IDH_Mutant,tumor,0.0,0.0,0.0,0.0,,,0.0,0.0,0.0,0.0,,0.0,1.0,0.0,0.0,0.0,0.0,0.0,0.0,,0.0,0.0,0.0,0.0,,3,1,0,1,1,6202,1012,352,742,352,0,0.0,1,0
PDGFA,cycling_tumor,IDH_Mutant,tumor,0.0,0.0,0.0,0.0,,,0.0,0.0,0.0,0.0,,0.0,1.0,3.0,0.0,3.0,0.0,0.0039862277869608,0.002852574179893333,0.0,1.0,3.0,0.0,3.0,1.0,3,1,0,1,1,6410,814,270,136,136,0,0.0,1,0
PDGFA,AC_like_tumor,IDH_Mutant,tumor,0.0,0.0,0.0,0.0,,,0.0,0.0,0.0,0.0,,0.0,1.0,0.0,0.0,0.0,0.0,0.0,0.0,,0.0,0.0,0.0,0.0,,3,1,0,1,1,72549,446,4249,283,283,0,0.0,1,0
PDGFA,T cell,IDH_Mutant,T_cell,0.0,0.0,0.0,0.0,,,0.0,0.0,0.0,0.0,,0.0,1.0,0.0,0.0,0.0,0.0,0.0,0.0,,0.0,0.0,0.0,0.0,,3,1,0,1,1,2662,1463,941,334,334,0,0.0,1,0
PDGFA,TAM1/TAM2/microglia,IDH_Mutant,TAM_microglia,1.0,1.8013384616413457,1.8013384616413457,18.0269292351144,0.1,0.034,0.066,1.0,1.0,1.0,1.0941414152147104,1.0,1.0,0.0,0.0,0.0,0.0,0.0,0.0,,0.0,0.0,0.0,0.0,,3,1,0,1,1,12086,25922,2106,21701,2106,0,0.0,1,0
PDGFA,OPC_GABA_like_tumor,IDH_WT,tumor,0.0,0.0,0.0,0.0,,,0.0,0.0,0.0,0.0,,0.0,2.0,0.0,0.0,0.0,0.0,0.0,0.0,,0.0,0.0,0.0,0.0,,3,1,0,1,1,6741,14114,5040,1935,1935,0,0.0,0,0
PDGFA,OPC_GABA_AC_like_tumor,IDH_WT,tumor,0.0,0.0,0.0,0.0,,,0.0,0.0,0.0,0.0,,0.0,2.0,0.0,0.0,0.0,0.0,0.0,0.0,,0.0,0.0,0.0,0.0,,3,1,0,1,1,6202,1012,5384,171,171,0,0.0,0,0
PDGFA,cycling_tumor,IDH_WT,tumor,1.0,1.0299781770199166,1.0299781770199166,76.43040977958185,0.299,0.065,0.23399999999999999,1.0,0.0,0.0,0.8635192989553302,1.0,2.0,3.0,0.0,3.0,0.0,0.0039862277869608,0.002852574179893333,0.0,1.0,3.0,0.0,3.0,1.0,3,1,0,1,1,6410,814,5847,663,663,0,1.0,0,1
PDGFA,AC_like_tumor,IDH_WT,tumor,0.0,0.0,0.0,0.0,,,0.0,0.0,0.0,0.0,,0.0,2.0,0.0,0.0,0.0,0.0,0.0,0.0,,0.0,0.0,0.0,0.0,,3,1,0,1,1,72549,446,64812,108,108,0,0.0,0,0
PDGFA,T cell,IDH_WT,T_cell,0.0,0.0,0.0,0.0,,,0.0,0.0,0.0,0.0,,0.0,2.0,0.0,0.0,0.0,0.0,0.0,0.0,,0.0,0.0,0.0,0.0,,3,1,0,1,1,2662,1463,1681,1118,1118,0,0.0,0,0
PDGFA,TAM1/TAM2/microglia,IDH_WT,TAM_microglia,1.0,0.7501813064898899,0.7501813064898899,11.777955462787475,0.107,0.061,0.046,1.0,1.0,1.0,1.0941414152147104,1.0,2.0,0.0,0.0,0.0,0.0,0.0,0.0,,0.0,0.0,0.0,0.0,,3,1,0,1,1,12086,25922,9696,2745,2745,0,0.0,0,0
PDGFB,OPC_GABA_like_tumor,IDH_Mutant,tumor,0.0,0.0,0.0,0.0,,,0.0,0.0,0.0,0.0,,0.0,1.0,0.0,0.0,0.0,0.0,0.0,0.0,,0.0,0.0,0.0,0.0,,3,1,0,1,1,6741,14114,1658,11741,1658,0,0.0,1,0
PDGFB,OPC_GABA_AC_like_tumor,IDH_Mutant,tumor,0.0,0.0,0.0,0.0,,,0.0,0.0,0.0,0.0,,0.0,1.0,0.0,0.0,0.0,0.0,0.0,0.0,,0.0,0.0,0.0,0.0,,3,1,0,1,1,6202,1012,352,742,352,0,0.0,1,0
PDGFB,cycling_tumor,IDH_Mutant,tumor,0.0,0.0,0.0,0.0,,,0.0,0.0,0.0,0.0,,0.0,1.0,0.0,0.0,0.0,0.0,0.0,0.0,,0.0,0.0,0.0,0.0,,3,1,0,1,1,6410,814,270,136,136,0,0.0,1,0
PDGFB,AC_like_tumor,IDH_Mutant,tumor,0.0,0.0,0.0,0.0,,,0.0,0.0,0.0,0.0,,0.0,1.0,0.0,0.0,0.0,0.0,0.0,0.0,,0.0,0.0,0.0,0.0,,3,1,0,1,1,72549,446,4249,283,283,0,0.0,1,0
PDGFB,T cell,IDH_Mutant,T_cell,0.0,0.0,0.0,0.0,,,0.0,0.0,0.0,0.0,,0.0,1.0,0.0,0.0,0.0,0.0,0.0,0.0,,0.0,0.0,0.0,0.0,,3,1,0,1,1,2662,1463,941,334,334,0,0.0,1,0
PDGFB,TAM1/TAM2/microglia,IDH_Mutant,TAM_microglia,1.0,0.6381750604527303,0.6381750604527303,16.712892227312814,0.396,0.299,0.09700000000000003,1.0,1.0,1.0,1.5049818546076257,1.0,1.0,3.0,0.0,3.0,0.0,0.0135999473904176,0.009743488234454733,0.0,1.0,3.0,3.0,3.0,1.0,3,1,0,1,1,12086,25922,2106,21701,2106,0,1.0,1,1
PDGFB,OPC_GABA_like_tumor,IDH_WT,tumor,0.0,0.0,0.0,0.0,,,0.0,0.0,0.0,0.0,,0.0,1.0,0.0,0.0,0.0,0.0,0.0,0.0,,0.0,0.0,0.0,0.0,,3,1,0,1,1,6741,14114,5040,1935,1935,0,0.0,0,0
PDGFB,OPC_GABA_AC_like_tumor,IDH_WT,tumor,0.0,0.0,0.0,0.0,,,0.0,0.0,0.0,0.0,,0.0,1.0,0.0,0.0,0.0,0.0,0.0,0.0,,0.0,0.0,0.0,0.0,,3,1,0,1,1,6202,1012,5384,171,171,0,0.0,0,0
PDGFB,cycling_tumor,IDH_WT,tumor,0.0,0.0,0.0,0.0,,,0.0,0.0,0.0,0.0,,0.0,1.0,0.0,0.0,0.0,0.0,0.0,0.0,,0.0,0.0,0.0,0.0,,3,1,0,1,1,6410,814,5847,663,663,0,0.0,0,0
PDGFB,AC_like_tumor,IDH_WT,tumor,0.0,0.0,0.0,0.0,,,0.0,0.0,0.0,0.0,,0.0,1.0,0.0,0.0,0.0,0.0,0.0,0.0,,0.0,0.0,0.0,0.0,,3,1,0,1,1,72549,446,64812,108,108,0,0.0,0,0
PDGFB,T cell,IDH_WT,T_cell,0.0,0.0,0.0,0.0,,,0.0,0.0,0.0,0.0,,0.0,1.0,0.0,0.0,0.0,0.0,0.0,0.0,,0.0,0.0,0.0,0.0,,3,1,0,1,1,2662,1463,1681,1118,1118,0,0.0,0,0
PDGFB,TAM1/TAM2/microglia,IDH_WT,TAM_microglia,1.0,0.8549951478664709,0.8549951478664709,49.691500856358125,0.246,0.124,0.122,1.0,1.0,1.0,1.5049818546076257,1.0,1.0,3.0,0.0,3.0,0.0,0.0135999473904176,0.009743488234454733,0.0,1.0,3.0,3.0,3.0,1.0,3,1,0,1,1,12086,25922,9696,2745,2745,0,1.0,0,1
PDGFRA,OPC_GABA_like_tumor,IDH_Mutant,tumor,1.0,2.0619251384266706,2.0619251384266706,207.62676451085866,0.615,0.183,0.432,1.0,1.0,1.0,2.676631319433065,1.0,4.0,0.0,2.0,2.0,0.0,0.0135999473904176,0.0087930875886892,0.0,1.0,2.0,1.0,2.0,1.0,6,0,1,1,3,6741,14114,1658,11741,1658,0,1.0,1,1
PDGFRA,OPC_GABA_AC_like_tumor,IDH_Mutant,tumor,1.0,0.8930651334301924,0.8930651334301924,2.9745111319393667,0.222,0.08,0.14200000000000002,1.0,1.0,1.0,2.445327706295491,1.0,4.0,0.0,0.0,0.0,0.0,0.0,0.0,,0.0,0.0,0.0,0.0,,6,0,1,1,3,6202,1012,352,742,352,0,0.0,1,0
PDGFRA,cycling_tumor,IDH_Mutant,tumor,1.0,3.761880760378688,3.761880760378688,30.936948110625547,0.551,0.019,0.532,1.0,1.0,1.0,3.948858685997316,1.0,4.0,0.0,2.0,2.0,0.0,0.0119692946711039,0.0077375447327477,0.0,1.0,2.0,1.0,2.0,1.0,6,0,1,1,3,6410,814,270,136,136,0,1.0,1,1
PDGFRA,AC_like_tumor,IDH_Mutant,tumor,1.0,1.4255408215478016,1.4255408215478016,13.220185656542728,0.307,0.123,0.184,1.0,1.0,1.0,4.140372631192878,1.0,4.0,0.0,2.0,2.0,0.0,0.0036612226418427,0.0023634613000852,0.0,1.0,2.0,1.0,2.0,1.0,6,0,1,1,3,72549,446,4249,283,283,0,1.0,1,1
PDGFRA,T cell,IDH_Mutant,T_cell,0.0,0.0,0.0,0.0,,,0.0,0.0,0.0,0.0,,0.0,4.0,0.0,0.0,0.0,0.0,0.0,0.0,,0.0,0.0,0.0,0.0,,6,0,1,1,3,2662,1463,941,334,334,0,0.0,1,0
PDGFRA,TAM1/TAM2/microglia,IDH_Mutant,TAM_microglia,0.0,0.0,0.0,0.0,,,0.0,0.0,0.0,0.0,,0.0,4.0,0.0,0.0,0.0,0.0,0.0,0.0,,0.0,0.0,0.0,0.0,,6,0,1,1,3,12086,25922,2106,21701,2106,0,0.0,1,0
PDGFRA,OPC_GABA_like_tumor,IDH_WT,tumor,1.0,3.474013477544889,3.474013477544889,300.0,0.758,0.108,0.65,1.0,1.0,1.0,2.676631319433065,1.0,4.0,0.0,2.0,2.0,0.0,0.0135999473904176,0.0087930875886892,0.0,1.0,2.0,1.0,2.0,1.0,6,0,1,1,3,6741,14114,5040,1935,1935,0,1.0,0,1
PDGFRA,OPC_GABA_AC_like_tumor,IDH_WT,tumor,1.0,4.321853541570501,4.321853541570501,101.86863129492527,0.298,0.019,0.27899999999999997,1.0,1.0,1.0,2.445327706295491,1.0,4.0,0.0,0.0,0.0,0.0,0.0,0.0,,0.0,0.0,0.0,0.0,,6,0,1,1,3,6202,1012,5384,171,171,0,0.0,0,0
PDGFRA,cycling_tumor,IDH_WT,tumor,1.0,4.463580373741013,4.463580373741013,300.0,0.664,0.036,0.628,1.0,1.0,1.0,3.948858685997316,1.0,4.0,0.0,2.0,2.0,0.0,0.0119692946711039,0.0077375447327477,0.0,1.0,2.0,1.0,2.0,1.0,6,0,1,1,3,6410,814,5847,663,663,0,1.0,0,1
PDGFRA,AC_like_tumor,IDH_WT,tumor,1.0,4.767666592412518,4.767666592412518,65.41537255550234,0.231,0.016,0.21500000000000002,1.0,1.0,1.0,4.140372631192878,1.0,4.0,0.0,2.0,2.0,0.0,0.0036612226418427,0.0023634613000852,0.0,1.0,2.0,1.0,2.0,1.0,6,0,1,1,3,72549,446,64812,108,108,0,1.0,0,1
PDGFRA,T cell,IDH_WT,T_cell,0.0,0.0,0.0,0.0,,,0.0,0.0,0.0,0.0,,0.0,4.0,0.0,0.0,0.0,0.0,0.0,0.0,,0.0,0.0,0.0,0.0,,6,0,1,1,3,2662,1463,1681,1118,1118,0,0.0,0,0
PDGFRA,TAM1/TAM2/microglia,IDH_WT,TAM_microglia,0.0,0.0,0.0,0.0,,,0.0,0.0,0.0,0.0,,0.0,4.0,0.0,0.0,0.0,0.0,0.0,0.0,,0.0,0.0,0.0,0.0,,6,0,1,1,3,12086,25922,9696,2745,2745,0,0.0,0,0
PILRA,OPC_GABA_like_tumor,IDH_Mutant,tumor,0.0,0.0,0.0,0.0,,,0.0,0.0,0.0,0.0,,0.0,1.0,0.0,0.0,0.0,0.0,0.0,0.0,,0.0,0.0,0.0,0.0,,7,0,1,1,1,6741,14114,1658,11741,1658,0,0.0,1,0
PILRA,OPC_GABA_AC_like_tumor,IDH_Mutant,tumor,0.0,0.0,0.0,0.0,,,0.0,0.0,0.0,0.0,,0.0,1.0,0.0,0.0,0.0,0.0,0.0,0.0,,0.0,0.0,0.0,0.0,,7,0,1,1,1,6202,1012,352,742,352,0,0.0,1,0
PILRA,cycling_tumor,IDH_Mutant,tumor,0.0,0.0,0.0,0.0,,,0.0,0.0,0.0,0.0,,0.0,1.0,0.0,0.0,0.0,0.0,0.0,0.0,,0.0,0.0,0.0,0.0,,7,0,1,1,1,6410,814,270,136,136,0,0.0,1,0
PILRA,AC_like_tumor,IDH_Mutant,tumor,0.0,0.0,0.0,0.0,,,0.0,0.0,0.0,0.0,,0.0,1.0,0.0,0.0,0.0,0.0,0.0,0.0,,0.0,0.0,0.0,0.0,,7,0,1,1,1,72549,446,4249,283,283,0,0.0,1,0
PILRA,T cell,IDH_Mutant,T_cell,0.0,0.0,0.0,0.0,,,0.0,0.0,0.0,0.0,,0.0,1.0,0.0,0.0,0.0,0.0,0.0,0.0,,0.0,0.0,0.0,0.0,,7,0,1,1,1,2662,1463,941,334,334,0,0.0,1,0
PILRA,TAM1/TAM2/microglia,IDH_Mutant,TAM_microglia,1.0,-0.4645349062652938,0.4645349062652938,7.194463352071841,0.289,0.351,-0.062,-1.0,0.0,0.0,0.2995228177781359,1.0,1.0,0.0,7.0,7.0,0.0,0.0082024937284372,0.0036620741932491857,0.0,1.0,4.0,5.0,7.0,1.0,7,0,1,1,1,12086,25922,2106,21701,2106,0,-1.0,1,1
PILRA,OPC_GABA_like_tumor,IDH_WT,tumor,0.0,0.0,0.0,0.0,,,0.0,0.0,0.0,0.0,,0.0,0.0,0.0,0.0,0.0,0.0,0.0,0.0,,0.0,0.0,0.0,0.0,,7,0,1,1,1,6741,14114,5040,1935,1935,0,0.0,0,0
PILRA,OPC_GABA_AC_like_tumor,IDH_WT,tumor,0.0,0.0,0.0,0.0,,,0.0,0.0,0.0,0.0,,0.0,0.0,0.0,0.0,0.0,0.0,0.0,0.0,,0.0,0.0,0.0,0.0,,7,0,1,1,1,6202,1012,5384,171,171,0,0.0,0,0
PILRA,cycling_tumor,IDH_WT,tumor,0.0,0.0,0.0,0.0,,,0.0,0.0,0.0,0.0,,0.0,0.0,0.0,0.0,0.0,0.0,0.0,0.0,,0.0,0.0,0.0,0.0,,7,0,1,1,1,6410,814,5847,663,663,0,0.0,0,0
PILRA,AC_like_tumor,IDH_WT,tumor,0.0,0.0,0.0,0.0,,,0.0,0.0,0.0,0.0,,0.0,0.0,0.0,0.0,0.0,0.0,0.0,0.0,,0.0,0.0,0.0,0.0,,7,0,1,1,1,72549,446,64812,108,108,0,0.0,0,0
PILRA,T cell,IDH_WT,T_cell,0.0,0.0,0.0,0.0,,,0.0,0.0,0.0,0.0,,0.0,0.0,0.0,0.0,0.0,0.0,0.0,0.0,,0.0,0.0,0.0,0.0,,7,0,1,1,1,2662,1463,1681,1118,1118,0,0.0,0,0
PILRA,TAM1/TAM2/microglia,IDH_WT,TAM_microglia,0.0,0.0,0.0,0.0,,,0.0,0.0,0.0,0.0,,0.0,0.0,0.0,7.0,7.0,0.0,0.0082024937284372,0.0036620741932491857,0.0,1.0,4.0,5.0,7.0,1.0,7,0,1,1,1,12086,25922,9696,2745,2745,0,0.0,0,0
PILRB,OPC_GABA_like_tumor,IDH_Mutant,tumor,0.0,0.0,0.0,0.0,,,0.0,0.0,0.0,0.0,,0.0,0.0,0.0,0.0,0.0,0.0,0.0,0.0,,0.0,0.0,0.0,0.0,,7,0,1,1,1,6741,14114,1658,11741,1658,0,0.0,1,0
PILRB,OPC_GABA_AC_like_tumor,IDH_Mutant,tumor,0.0,0.0,0.0,0.0,,,0.0,0.0,0.0,0.0,,0.0,0.0,0.0,0.0,0.0,0.0,0.0,0.0,,0.0,0.0,0.0,0.0,,7,0,1,1,1,6202,1012,352,742,352,0,0.0,1,0
PILRB,cycling_tumor,IDH_Mutant,tumor,0.0,0.0,0.0,0.0,,,0.0,0.0,0.0,0.0,,0.0,0.0,0.0,7.0,7.0,0.0,0.0037171475539804,0.0016564278310690797,0.0,1.0,4.0,4.0,7.0,1.0,7,0,1,1,1,6410,814,270,136,136,0,0.0,1,0
PILRB,AC_like_tumor,IDH_Mutant,tumor,0.0,0.0,0.0,0.0,,,0.0,0.0,0.0,0.0,,0.0,0.0,0.0,0.0,0.0,0.0,0.0,0.0,,0.0,0.0,0.0,0.0,,7,0,1,1,1,72549,446,4249,283,283,0,0.0,1,0
PILRB,T cell,IDH_Mutant,T_cell,0.0,0.0,0.0,0.0,,,0.0,0.0,0.0,0.0,,0.0,0.0,0.0,0.0,0.0,0.0,0.0,0.0,,0.0,0.0,0.0,0.0,,7,0,1,1,1,2662,1463,941,334,334,0,0.0,1,0
PILRB,TAM1/TAM2/microglia,IDH_Mutant,TAM_microglia,0.0,0.0,0.0,0.0,,,0.0,0.0,0.0,0.0,,0.0,0.0,0.0,0.0,0.0,0.0,0.0,0.0,,0.0,0.0,0.0,0.0,,7,0,1,1,1,12086,25922,2106,21701,2106,0,0.0,1,0
PILRB,OPC_GABA_like_tumor,IDH_WT,tumor,1.0,1.0051135037907433,1.0051135037907433,90.86360947852387,0.254,0.069,0.185,1.0,0.0,0.0,,0.0,2.0,0.0,0.0,0.0,0.0,0.0,0.0,,0.0,0.0,0.0,0.0,,7,0,1,1,1,6741,14114,5040,1935,1935,0,0.0,0,0
PILRB,OPC_GABA_AC_like_tumor,IDH_WT,tumor,0.0,0.0,0.0,0.0,,,0.0,0.0,0.0,0.0,,0.0,2.0,0.0,0.0,0.0,0.0,0.0,0.0,,0.0,0.0,0.0,0.0,,7,0,1,1,1,6202,1012,5384,171,171,0,0.0,0,0
PILRB,cycling_tumor,IDH_WT,tumor,1.0,1.8090647293403197,1.8090647293403197,124.71699438149511,0.278,0.036,0.24200000000000002,1.0,0.0,0.0,1.719810137348749,1.0,2.0,0.0,7.0,7.0,0.0,0.0037171475539804,0.0016564278310690797,0.0,1.0,4.0,4.0,7.0,1.0,7,0,1,1,1,6410,814,5847,663,663,0,1.0,0,1
PILRB,AC_like_tumor,IDH_WT,tumor,0.0,0.0,0.0,0.0,,,0.0,0.0,0.0,0.0,,0.0,2.0,0.0,0.0,0.0,0.0,0.0,0.0,,0.0,0.0,0.0,0.0,,7,0,1,1,1,72549,446,64812,108,108,0,0.0,0,0
PILRB,T cell,IDH_WT,T_cell,0.0,0.0,0.0,0.0,,,0.0,0.0,0.0,0.0,,0.0,2.0,0.0,0.0,0.0,0.0,0.0,0.0,,0.0,0.0,0.0,0.0,,7,0,1,1,1,2662,1463,1681,1118,1118,0,0.0,0,0
PILRB,TAM1/TAM2/microglia,IDH_WT,TAM_microglia,0.0,0.0,0.0,0.0,,,0.0,0.0,0.0,0.0,,0.0,2.0,0.0,0.0,0.0,0.0,0.0,0.0,,0.0,0.0,0.0,0.0,,7,0,1,1,1,12086,25922,9696,2745,2745,0,0.0,0,0
PPIA,OPC_GABA_like_tumor,IDH_Mutant,tumor,0.0,0.0,0.0,0.0,,,0.0,0.0,0.0,0.0,,0.0,1.0,9.0,0.0,4.0,5.0,0.1147245041987962,0.04667047362903969,0.04,1.0,4.0,0.0,9.0,-0.1111111111111111,56,1,0,1,7,6741,14114,1658,11741,1658,0,-0.0,1,0
PPIA,OPC_GABA_AC_like_tumor,IDH_Mutant,tumor,0.0,0.0,0.0,0.0,,,0.0,0.0,0.0,0.0,,0.0,1.0,10.0,0.0,5.0,5.0,0.1265256391696476,0.04804807287943773,0.04,1.0,4.0,0.0,10.0,0.0,56,1,0,1,7,6202,1012,352,742,352,0,0.0,1,0
PPIA,cycling_tumor,IDH_Mutant,tumor,0.0,0.0,0.0,0.0,,,0.0,0.0,0.0,0.0,,0.0,1.0,10.0,0.0,5.0,5.0,0.1356608701322122,0.05412273350452988,0.0,1.0,4.0,0.0,10.0,0.0,56,1,0,1,7,6410,814,270,136,136,0,0.0,1,0
PPIA,AC_like_tumor,IDH_Mutant,tumor,0.0,0.0,0.0,0.0,,,0.0,0.0,0.0,0.0,,0.0,1.0,9.0,0.0,4.0,5.0,0.1186820423196334,0.04821918900484511,0.01,1.0,4.0,0.0,9.0,-0.1111111111111111,56,1,0,1,7,72549,446,4249,283,283,0,-0.0,1,0
PPIA,T cell,IDH_Mutant,T_cell,0.0,0.0,0.0,0.0,,,0.0,0.0,0.0,0.0,,0.0,1.0,7.0,0.0,4.0,3.0,0.1059385738305193,0.044133901422716275,0.03,1.0,3.0,7.0,7.0,0.14285714285714285,56,1,0,1,7,2662,1463,941,334,334,0,0.0,1,0
PPIA,TAM1/TAM2/microglia,IDH_Mutant,TAM_microglia,1.0,-0.4132315534024129,0.4132315534024129,55.166869464907194,0.768,0.848,-0.07999999999999996,-1.0,1.0,1.0,-0.7277355094696292,1.0,1.0,7.0,0.0,3.0,4.0,0.0978378557322367,0.04184953839754516,0.04,1.0,3.0,7.0,7.0,-0.14285714285714285,56,1,0,1,7,12086,25922,2106,21701,2106,0,0.14285714285714285,1,1
PPIA,OPC_GABA_like_tumor,IDH_WT,tumor,0.0,0.0,0.0,0.0,,,0.0,0.0,0.0,0.0,,0.0,2.0,9.0,0.0,4.0,5.0,0.1147245041987962,0.04667047362903969,0.04,1.0,4.0,0.0,9.0,-0.1111111111111111,56,1,0,1,7,6741,14114,5040,1935,1935,0,-0.0,0,0
PPIA,OPC_GABA_AC_like_tumor,IDH_WT,tumor,0.0,0.0,0.0,0.0,,,0.0,0.0,0.0,0.0,,0.0,2.0,10.0,0.0,5.0,5.0,0.1265256391696476,0.04804807287943773,0.04,1.0,4.0,0.0,10.0,0.0,56,1,0,1,7,6202,1012,5384,171,171,0,0.0,0,0
PPIA,cycling_tumor,IDH_WT,tumor,0.0,0.0,0.0,0.0,,,0.0,0.0,0.0,0.0,,0.0,2.0,10.0,0.0,5.0,5.0,0.1356608701322122,0.05412273350452988,0.0,1.0,4.0,0.0,10.0,0.0,56,1,0,1,7,6410,814,5847,663,663,0,0.0,0,0
PPIA,AC_like_tumor,IDH_WT,tumor,0.0,0.0,0.0,0.0,,,0.0,0.0,0.0,0.0,,0.0,2.0,9.0,0.0,4.0,5.0,0.1186820423196334,0.04821918900484511,0.01,1.0,4.0,0.0,9.0,-0.1111111111111111,56,1,0,1,7,72549,446,64812,108,108,0,-0.0,0,0
PPIA,T cell,IDH_WT,T_cell,1.0,0.4516688128334261,0.4516688128334261,13.342026310558602,0.787,0.688,0.09900000000000009,1.0,0.0,0.0,0.4357278404673268,1.0,2.0,7.0,0.0,4.0,3.0,0.1059385738305193,0.044133901422716275,0.03,1.0,3.0,7.0,7.0,0.14285714285714285,56,1,0,1,7,2662,1463,1681,1118,1118,0,0.14285714285714285,0,1
PPIA,TAM1/TAM2/microglia,IDH_WT,TAM_microglia,1.0,-0.367224250145898,0.367224250145898,32.65124251150428,0.835,0.842,-0.007000000000000006,-1.0,1.0,1.0,-0.7277355094696292,1.0,2.0,7.0,0.0,3.0,4.0,0.0978378557322367,0.04184953839754516,0.04,1.0,3.0,7.0,7.0,-0.14285714285714285,56,1,0,1,7,12086,25922,9696,2745,2745,0,0.14285714285714285,0,1
PSAP,OPC_GABA_like_tumor,IDH_Mutant,tumor,1.0,-1.3612885720879864,1.3612885720879864,150.07892328767193,0.449,0.698,-0.24899999999999994,-1.0,0.0,0.0,-0.911250745259244,1.0,3.0,2.0,0.0,1.0,1.0,0.0022598039211921,0.0019001285955775999,0.0,1.0,1.0,0.0,2.0,0.0,9,1,0,1,5,6741,14114,1658,11741,1658,0,-0.0,1,1
PSAP,OPC_GABA_AC_like_tumor,IDH_Mutant,tumor,0.0,0.0,0.0,0.0,,,0.0,0.0,0.0,0.0,,0.0,3.0,0.0,0.0,0.0,0.0,0.0,0.0,,0.0,0.0,0.0,0.0,,9,1,0,1,5,6202,1012,352,742,352,0,0.0,1,0
PSAP,cycling_tumor,IDH_Mutant,tumor,1.0,-2.436264167218373,2.436264167218373,2.305200049796671,0.39,0.519,-0.129,-1.0,0.0,0.0,,0.0,3.0,2.0,0.0,1.0,1.0,0.0023740659443612,0.0017510849844291,0.0,1.0,1.0,0.0,2.0,0.0,9,1,0,1,5,6410,814,270,136,136,0,-0.0,1,1
PSAP,AC_like_tumor,IDH_Mutant,tumor,0.0,0.0,0.0,0.0,,,0.0,0.0,0.0,0.0,,0.0,3.0,2.0,0.0,1.0,1.0,0.0021302161985696,0.0018567956874288999,0.0,1.0,1.0,0.0,2.0,0.0,9,1,0,1,5,72549,446,4249,283,283,0,0.0,1,0
PSAP,T cell,IDH_Mutant,T_cell,0.0,0.0,0.0,0.0,,,0.0,0.0,0.0,0.0,,0.0,3.0,0.0,0.0,0.0,0.0,0.0,0.0,,0.0,0.0,0.0,0.0,,9,1,0,1,5,2662,1463,941,334,334,0,0.0,1,0
PSAP,TAM1/TAM2/microglia,IDH_Mutant,TAM_microglia,1.0,-0.2812494639765921,0.2812494639765921,11.093660131024475,0.799,0.832,-0.03299999999999992,-1.0,0.0,0.0,-0.4280789159029763,1.0,3.0,2.0,0.0,1.0,1.0,0.0103328573239385,0.0097178938974877,0.0,1.0,1.0,2.0,2.0,0.0,9,1,0,1,5,12086,25922,2106,21701,2106,0,-0.0,1,1
PSAP,OPC_GABA_like_tumor,IDH_WT,tumor,0.0,0.0,0.0,0.0,,,0.0,0.0,0.0,0.0,,0.0,0.0,2.0,0.0,1.0,1.0,0.0022598039211921,0.0019001285955775999,0.0,1.0,1.0,0.0,2.0,0.0,9,1,0,1,5,6741,14114,5040,1935,1935,0,0.0,0,0
PSAP,OPC_GABA_AC_like_tumor,IDH_WT,tumor,0.0,0.0,0.0,0.0,,,0.0,0.0,0.0,0.0,,0.0,0.0,0.0,0.0,0.0,0.0,0.0,0.0,,0.0,0.0,0.0,0.0,,9,1,0,1,5,6202,1012,5384,171,171,0,0.0,0,0
PSAP,cycling_tumor,IDH_WT,tumor,0.0,0.0,0.0,0.0,,,0.0,0.0,0.0,0.0,,0.0,0.0,2.0,0.0,1.0,1.0,0.0023740659443612,0.0017510849844291,0.0,1.0,1.0,0.0,2.0,0.0,9,1,0,1,5,6410,814,5847,663,663,0,0.0,0,0
PSAP,AC_like_tumor,IDH_WT,tumor,0.0,0.0,0.0,0.0,,,0.0,0.0,0.0,0.0,,0.0,0.0,2.0,0.0,1.0,1.0,0.0021302161985696,0.0018567956874288999,0.0,1.0,1.0,0.0,2.0,0.0,9,1,0,1,5,72549,446,64812,108,108,0,0.0,0,0
PSAP,T cell,IDH_WT,T_cell,0.0,0.0,0.0,0.0,,,0.0,0.0,0.0,0.0,,0.0,0.0,0.0,0.0,0.0,0.0,0.0,0.0,,0.0,0.0,0.0,0.0,,9,1,0,1,5,2662,1463,1681,1118,1118,0,0.0,0,0
PSAP,TAM1/TAM2/microglia,IDH_WT,TAM_microglia,0.0,0.0,0.0,0.0,,,0.0,0.0,0.0,0.0,,0.0,0.0,2.0,0.0,1.0,1.0,0.0103328573239385,0.0097178938974877,0.0,1.0,1.0,2.0,2.0,0.0,9,1,0,1,5,12086,25922,9696,2745,2745,0,0.0,0,0
PTGER4,OPC_GABA_like_tumor,IDH_Mutant,tumor,0.0,0.0,0.0,0.0,,,0.0,0.0,0.0,0.0,,0.0,0.0,0.0,0.0,0.0,0.0,0.0,0.0,,0.0,0.0,0.0,0.0,,14,0,1,1,1,6741,14114,1658,11741,1658,0,0.0,1,0
PTGER4,OPC_GABA_AC_like_tumor,IDH_Mutant,tumor,0.0,0.0,0.0,0.0,,,0.0,0.0,0.0,0.0,,0.0,0.0,0.0,0.0,0.0,0.0,0.0,0.0,,0.0,0.0,0.0,0.0,,14,0,1,1,1,6202,1012,352,742,352,0,0.0,1,0
PTGER4,cycling_tumor,IDH_Mutant,tumor,0.0,0.0,0.0,0.0,,,0.0,0.0,0.0,0.0,,0.0,0.0,0.0,0.0,0.0,0.0,0.0,0.0,,0.0,0.0,0.0,0.0,,14,0,1,1,1,6410,814,270,136,136,0,0.0,1,0
PTGER4,AC_like_tumor,IDH_Mutant,tumor,0.0,0.0,0.0,0.0,,,0.0,0.0,0.0,0.0,,0.0,0.0,0.0,0.0,0.0,0.0,0.0,0.0,,0.0,0.0,0.0,0.0,,14,0,1,1,1,72549,446,4249,283,283,0,0.0,1,0
PTGER4,T cell,IDH_Mutant,T_cell,0.0,0.0,0.0,0.0,,,0.0,0.0,0.0,0.0,,0.0,0.0,0.0,0.0,0.0,0.0,0.0,0.0,,0.0,0.0,0.0,0.0,,14,0,1,1,1,2662,1463,941,334,334,0,0.0,1,0
PTGER4,TAM1/TAM2/microglia,IDH_Mutant,TAM_microglia,0.0,0.0,0.0,0.0,,,0.0,0.0,0.0,0.0,,0.0,0.0,0.0,14.0,14.0,0.0,0.0142202862652484,0.0057523660417539,0.0,1.0,7.0,12.0,14.0,1.0,14,0,1,1,1,12086,25922,2106,21701,2106,0,0.0,1,0
PTGER4,OPC_GABA_like_tumor,IDH_WT,tumor,0.0,0.0,0.0,0.0,,,0.0,0.0,0.0,0.0,,0.0,2.0,0.0,0.0,0.0,0.0,0.0,0.0,,0.0,0.0,0.0,0.0,,14,0,1,1,1,6741,14114,5040,1935,1935,0,0.0,0,0
PTGER4,OPC_GABA_AC_like_tumor,IDH_WT,tumor,0.0,0.0,0.0,0.0,,,0.0,0.0,0.0,0.0,,0.0,2.0,0.0,0.0,0.0,0.0,0.0,0.0,,0.0,0.0,0.0,0.0,,14,0,1,1,1,6202,1012,5384,171,171,0,0.0,0,0
PTGER4,cycling_tumor,IDH_WT,tumor,0.0,0.0,0.0,0.0,,,0.0,0.0,0.0,0.0,,0.0,2.0,0.0,0.0,0.0,0.0,0.0,0.0,,0.0,0.0,0.0,0.0,,14,0,1,1,1,6410,814,5847,663,663,0,0.0,0,0
PTGER4,AC_like_tumor,IDH_WT,tumor,0.0,0.0,0.0,0.0,,,0.0,0.0,0.0,0.0,,0.0,2.0,0.0,0.0,0.0,0.0,0.0,0.0,,0.0,0.0,0.0,0.0,,14,0,1,1,1,72549,446,64812,108,108,0,0.0,0,0
PTGER4,T cell,IDH_WT,T_cell,1.0,-1.0150101641759006,1.0150101641759006,2.7069500239619932,0.076,0.142,-0.06599999999999999,-1.0,0.0,0.0,-0.9382289511343168,1.0,2.0,0.0,0.0,0.0,0.0,0.0,0.0,,0.0,0.0,0.0,0.0,,14,0,1,1,1,2662,1463,1681,1118,1118,0,-0.0,0,0
PTGER4,TAM1/TAM2/microglia,IDH_WT,TAM_microglia,1.0,0.7164989116131302,0.7164989116131302,45.615669939247255,0.33,0.195,0.135,1.0,0.0,0.0,,0.0,2.0,0.0,14.0,14.0,0.0,0.0142202862652484,0.0057523660417539,0.0,1.0,7.0,12.0,14.0,1.0,14,0,1,1,1,12086,25922,9696,2745,2745,0,1.0,0,1
PTGES2,OPC_GABA_like_tumor,IDH_Mutant,tumor,1.0,0.5203070980984175,0.5203070980984175,4.752674253474743,0.214,0.153,0.061,1.0,1.0,1.0,0.4487218261609763,1.0,2.0,0.0,0.0,0.0,0.0,0.0,0.0,,0.0,0.0,0.0,0.0,,1,1,0,1,1,6741,14114,1658,11741,1658,0,0.0,1,0
PTGES2,OPC_GABA_AC_like_tumor,IDH_Mutant,tumor,0.0,0.0,0.0,0.0,,,0.0,0.0,0.0,0.0,,0.0,2.0,0.0,0.0,0.0,0.0,0.0,0.0,,0.0,0.0,0.0,0.0,,1,1,0,1,1,6202,1012,352,742,352,0,0.0,1,0
PTGES2,cycling_tumor,IDH_Mutant,tumor,0.0,0.0,0.0,0.0,,,0.0,0.0,0.0,0.0,,0.0,2.0,1.0,0.0,1.0,0.0,0.0010258920066067,0.0010258920066067,0.0,1.0,1.0,1.0,1.0,1.0,1,1,0,1,1,6410,814,270,136,136,0,0.0,1,0
PTGES2,AC_like_tumor,IDH_Mutant,tumor,1.0,1.0875593556585337,1.0875593556585337,2.558557645756527,0.177,0.083,0.09399999999999999,1.0,0.0,0.0,1.007974502288211,1.0,2.0,0.0,0.0,0.0,0.0,0.0,0.0,,0.0,0.0,0.0,0.0,,1,1,0,1,1,72549,446,4249,283,283,0,0.0,1,0
PTGES2,T cell,IDH_Mutant,T_cell,0.0,0.0,0.0,0.0,,,0.0,0.0,0.0,0.0,,0.0,2.0,0.0,0.0,0.0,0.0,0.0,0.0,,0.0,0.0,0.0,0.0,,1,1,0,1,1,2662,1463,941,334,334,0,0.0,1,0
PTGES2,TAM1/TAM2/microglia,IDH_Mutant,TAM_microglia,0.0,0.0,0.0,0.0,,,0.0,0.0,0.0,0.0,,0.0,2.0,0.0,0.0,0.0,0.0,0.0,0.0,,0.0,0.0,0.0,0.0,,1,1,0,1,1,12086,25922,2106,21701,2106,0,0.0,1,0
PTGES2,OPC_GABA_like_tumor,IDH_WT,tumor,1.0,0.6897206684758025,0.6897206684758025,95.1186861057939,0.324,0.1,0.224,1.0,1.0,1.0,0.4487218261609763,1.0,2.0,0.0,0.0,0.0,0.0,0.0,0.0,,0.0,0.0,0.0,0.0,,1,1,0,1,1,6741,14114,5040,1935,1935,0,0.0,0,0
PTGES2,OPC_GABA_AC_like_tumor,IDH_WT,tumor,0.0,0.0,0.0,0.0,,,0.0,0.0,0.0,0.0,,0.0,2.0,0.0,0.0,0.0,0.0,0.0,0.0,,0.0,0.0,0.0,0.0,,1,1,0,1,1,6202,1012,5384,171,171,0,0.0,0,0
PTGES2,cycling_tumor,IDH_WT,tumor,1.0,0.91692452860917,0.91692452860917,108.21754135330681,0.341,0.062,0.279,1.0,0.0,0.0,0.7845764451819432,1.0,2.0,1.0,0.0,1.0,0.0,0.0010258920066067,0.0010258920066067,0.0,1.0,1.0,1.0,1.0,1.0,1,1,0,1,1,6410,814,5847,663,663,0,1.0,0,1
PTGES2,AC_like_tumor,IDH_WT,tumor,0.0,0.0,0.0,0.0,,,0.0,0.0,0.0,0.0,,0.0,2.0,0.0,0.0,0.0,0.0,0.0,0.0,,0.0,0.0,0.0,0.0,,1,1,0,1,1,72549,446,64812,108,108,0,0.0,0,0
PTGES2,T cell,IDH_WT,T_cell,0.0,0.0,0.0,0.0,,,0.0,0.0,0.0,0.0,,0.0,2.0,0.0,0.0,0.0,0.0,0.0,0.0,,0.0,0.0,0.0,0.0,,1,1,0,1,1,2662,1463,1681,1118,1118,0,0.0,0,0
PTGES2,TAM1/TAM2/microglia,IDH_WT,TAM_microglia,0.0,0.0,0.0,0.0,,,0.0,0.0,0.0,0.0,,0.0,2.0,0.0,0.0,0.0,0.0,0.0,0.0,,0.0,0.0,0.0,0.0,,1,1,0,1,1,12086,25922,9696,2745,2745,0,0.0,0,0
PTGES3,OPC_GABA_like_tumor,IDH_Mutant,tumor,0.0,0.0,0.0,0.0,,,0.0,0.0,0.0,0.0,,0.0,0.0,2.0,0.0,1.0,1.0,0.0101086430064245,0.0067944103372843,0.0,1.0,1.0,2.0,2.0,0.0,13,1,0,1,7,6741,14114,1658,11741,1658,0,0.0,1,0
PTGES3,OPC_GABA_AC_like_tumor,IDH_Mutant,tumor,0.0,0.0,0.0,0.0,,,0.0,0.0,0.0,0.0,,0.0,0.0,2.0,0.0,1.0,1.0,0.0083171818782097,0.00599865319317245,0.0,1.0,1.0,2.0,2.0,0.0,13,1,0,1,7,6202,1012,352,742,352,0,0.0,1,0
PTGES3,cycling_tumor,IDH_Mutant,tumor,0.0,0.0,0.0,0.0,,,0.0,0.0,0.0,0.0,,0.0,0.0,2.0,0.0,1.0,1.0,0.0142202862652484,0.0090526384523239,0.0,1.0,1.0,2.0,2.0,0.0,13,1,0,1,7,6410,814,270,136,136,0,0.0,1,0
PTGES3,AC_like_tumor,IDH_Mutant,tumor,0.0,0.0,0.0,0.0,,,0.0,0.0,0.0,0.0,,0.0,0.0,2.0,0.0,1.0,1.0,0.0074110138974112,0.0054116476705227,0.0,1.0,1.0,2.0,2.0,0.0,13,1,0,1,7,72549,446,4249,283,283,0,0.0,1,0
PTGES3,T cell,IDH_Mutant,T_cell,0.0,0.0,0.0,0.0,,,0.0,0.0,0.0,0.0,,0.0,0.0,2.0,0.0,1.0,1.0,0.0036836510154045,0.00361958430436245,0.0,1.0,1.0,2.0,2.0,0.0,13,1,0,1,7,2662,1463,941,334,334,0,0.0,1,0
PTGES3,TAM1/TAM2/microglia,IDH_Mutant,TAM_microglia,0.0,0.0,0.0,0.0,,,0.0,0.0,0.0,0.0,,0.0,0.0,2.0,0.0,1.0,1.0,0.0070705546616578,0.00699289006561315,0.0,1.0,1.0,0.0,2.0,0.0,13,1,0,1,7,12086,25922,2106,21701,2106,0,0.0,1,0
PTGES3,OPC_GABA_like_tumor,IDH_WT,tumor,1.0,0.5399867921172341,0.5399867921172341,98.23142148732953,0.84,0.427,0.413,1.0,0.0,0.0,,0.0,3.0,2.0,0.0,1.0,1.0,0.0101086430064245,0.0067944103372843,0.0,1.0,1.0,2.0,2.0,0.0,13,1,0,1,7,6741,14114,5040,1935,1935,0,0.0,0,1
PTGES3,OPC_GABA_AC_like_tumor,IDH_WT,tumor,1.0,1.0975112537670988,1.0975112537670988,17.78369834434546,0.69,0.313,0.37699999999999995,1.0,0.0,0.0,0.5129413175721254,1.0,3.0,2.0,0.0,1.0,1.0,0.0083171818782097,0.00599865319317245,0.0,1.0,1.0,2.0,2.0,0.0,13,1,0,1,7,6202,1012,5384,171,171,0,0.0,0,1
PTGES3,cycling_tumor,IDH_WT,tumor,1.0,0.6006606876266547,0.6006606876266547,51.20752449890364,0.925,0.502,0.42300000000000004,1.0,0.0,0.0,0.5784650055884835,1.0,3.0,2.0,0.0,1.0,1.0,0.0142202862652484,0.0090526384523239,0.0,1.0,1.0,2.0,2.0,0.0,13,1,0,1,7,6410,814,5847,663,663,0,0.0,0,1
PTGES3,AC_like_tumor,IDH_WT,tumor,0.0,0.0,0.0,0.0,,,0.0,0.0,0.0,0.0,,0.0,3.0,2.0,0.0,1.0,1.0,0.0074110138974112,0.0054116476705227,0.0,1.0,1.0,2.0,2.0,0.0,13,1,0,1,7,72549,446,64812,108,108,0,0.0,0,0
PTGES3,T cell,IDH_WT,T_cell,0.0,0.0,0.0,0.0,,,0.0,0.0,0.0,0.0,,0.0,3.0,2.0,0.0,1.0,1.0,0.0036836510154045,0.00361958430436245,0.0,1.0,1.0,2.0,2.0,0.0,13,1,0,1,7,2662,1463,1681,1118,1118,0,0.0,0,0
PTGES3,TAM1/TAM2/microglia,IDH_WT,TAM_microglia,0.0,0.0,0.0,0.0,,,0.0,0.0,0.0,0.0,,0.0,3.0,2.0,0.0,1.0,1.0,0.0070705546616578,0.00699289006561315,0.0,1.0,1.0,0.0,2.0,0.0,13,1,0,1,7,12086,25922,9696,2745,2745,0,0.0,0,0
PTN,OPC_GABA_like_tumor,IDH_Mutant,tumor,0.0,0.0,0.0,0.0,,,0.0,0.0,0.0,0.0,,0.0,1.0,34.0,0.0,17.0,17.0,0.2305449409125061,0.1188353571612105,0.0,1.0,5.0,4.0,34.0,0.0,137,1,0,1,7,6741,14114,1658,11741,1658,0,0.0,1,0
PTN,OPC_GABA_AC_like_tumor,IDH_Mutant,tumor,0.0,0.0,0.0,0.0,,,0.0,0.0,0.0,0.0,,0.0,1.0,29.0,0.0,12.0,17.0,0.2435689856404543,0.12399226609018335,0.0,1.0,5.0,2.0,29.0,-0.1724137931034483,137,1,0,1,7,6202,1012,352,742,352,0,-0.0,1,0
PTN,cycling_tumor,IDH_Mutant,tumor,1.0,3.4586284775785563,3.4586284775785563,52.05251881221618,0.926,0.089,0.8370000000000001,1.0,1.0,1.0,0.9083364290477598,1.0,1.0,35.0,0.0,18.0,17.0,0.2619954091305924,0.12375513685284249,0.03,1.0,5.0,4.0,35.0,0.02857142857142857,137,1,0,1,7,6410,814,270,136,136,0,0.02857142857142857,1,1
PTN,AC_like_tumor,IDH_Mutant,tumor,0.0,0.0,0.0,0.0,,,0.0,0.0,0.0,0.0,,0.0,1.0,29.0,0.0,12.0,17.0,0.2396805306048765,0.12107655797708905,0.0,1.0,5.0,2.0,29.0,-0.1724137931034483,137,1,0,1,7,72549,446,4249,283,283,0,-0.0,1,0
PTN,T cell,IDH_Mutant,T_cell,0.0,0.0,0.0,0.0,,,0.0,0.0,0.0,0.0,,0.0,1.0,2.0,0.0,2.0,0.0,0.0410665978377485,0.0213998994445401,0.0,1.0,2.0,2.0,2.0,1.0,137,1,0,1,7,2662,1463,941,334,334,0,0.0,1,0
PTN,TAM1/TAM2/microglia,IDH_Mutant,TAM_microglia,0.0,0.0,0.0,0.0,,,0.0,0.0,0.0,0.0,,0.0,1.0,1.0,0.0,0.0,1.0,0.0010558520129411,0.0010558520129411,0.0,1.0,1.0,1.0,1.0,-1.0,137,1,0,1,7,12086,25922,2106,21701,2106,0,-0.0,1,0
PTN,OPC_GABA_like_tumor,IDH_WT,tumor,1.0,0.7469822389516407,0.7469822389516407,139.8483440448737,0.988,0.896,0.09199999999999997,1.0,0.0,0.0,-0.5882571766672164,1.0,3.0,34.0,0.0,17.0,17.0,0.2305449409125061,0.1188353571612105,0.0,1.0,5.0,4.0,34.0,0.0,137,1,0,1,7,6741,14114,5040,1935,1935,0,0.0,0,1
PTN,OPC_GABA_AC_like_tumor,IDH_WT,tumor,0.0,0.0,0.0,0.0,,,0.0,0.0,0.0,0.0,,0.0,3.0,29.0,0.0,12.0,17.0,0.2435689856404543,0.12399226609018335,0.0,1.0,5.0,2.0,29.0,-0.1724137931034483,137,1,0,1,7,6202,1012,5384,171,171,0,-0.0,0,0
PTN,cycling_tumor,IDH_WT,tumor,1.0,0.9780783020521522,0.9780783020521522,87.89866688909946,0.985,0.716,0.269,1.0,1.0,1.0,0.9083364290477598,1.0,3.0,35.0,0.0,18.0,17.0,0.2619954091305924,0.12375513685284249,0.03,1.0,5.0,4.0,35.0,0.02857142857142857,137,1,0,1,7,6410,814,5847,663,663,0,0.02857142857142857,0,1
PTN,AC_like_tumor,IDH_WT,tumor,0.0,0.0,0.0,0.0,,,0.0,0.0,0.0,0.0,,0.0,3.0,29.0,0.0,12.0,17.0,0.2396805306048765,0.12107655797708905,0.0,1.0,5.0,2.0,29.0,-0.1724137931034483,137,1,0,1,7,72549,446,64812,108,108,0,-0.0,0,0
PTN,T cell,IDH_WT,T_cell,1.0,1.3269534362612545,1.3269534362612545,16.507693913022326,0.333,0.184,0.14900000000000002,1.0,0.0,0.0,1.5663569147652017,1.0,3.0,2.0,0.0,2.0,0.0,0.0410665978377485,0.0213998994445401,0.0,1.0,2.0,2.0,2.0,1.0,137,1,0,1,7,2662,1463,1681,1118,1118,0,1.0,0,1
PTN,TAM1/TAM2/microglia,IDH_WT,TAM_microglia,0.0,0.0,0.0,0.0,,,0.0,0.0,0.0,0.0,,0.0,3.0,1.0,0.0,0.0,1.0,0.0010558520129411,0.0010558520129411,0.0,1.0,1.0,1.0,1.0,-1.0,137,1,0,1,7,12086,25922,9696,2745,2745,0,-0.0,0,0
PTPRC,OPC_GABA_like_tumor,IDH_Mutant,tumor,0.0,0.0,0.0,0.0,,,0.0,0.0,0.0,0.0,,0.0,2.0,0.0,0.0,0.0,0.0,0.0,0.0,,0.0,0.0,0.0,0.0,,8,1,1,2,2,6741,14114,1658,11741,1658,0,0.0,1,0
PTPRC,OPC_GABA_AC_like_tumor,IDH_Mutant,tumor,0.0,0.0,0.0,0.0,,,0.0,0.0,0.0,0.0,,0.0,2.0,0.0,0.0,0.0,0.0,0.0,0.0,,0.0,0.0,0.0,0.0,,8,1,1,2,2,6202,1012,352,742,352,0,0.0,1,0
PTPRC,cycling_tumor,IDH_Mutant,tumor,1.0,-5.517572124585554,5.517572124585554,6.292604876961501,0.022,0.307,-0.285,-1.0,1.0,1.0,-5.434248611522105,1.0,2.0,0.0,0.0,0.0,0.0,0.0,0.0,,0.0,0.0,0.0,0.0,,8,1,1,2,2,6410,814,270,136,136,0,-0.0,1,0
PTPRC,AC_like_tumor,IDH_Mutant,tumor,0.0,0.0,0.0,0.0,,,0.0,0.0,0.0,0.0,,0.0,2.0,0.0,0.0,0.0,0.0,0.0,0.0,,0.0,0.0,0.0,0.0,,8,1,1,2,2,72549,446,4249,283,283,0,0.0,1,0
PTPRC,T cell,IDH_Mutant,T_cell,1.0,-0.6311738239259213,0.6311738239259213,5.434409448048717,0.728,0.818,-0.08999999999999997,-1.0,1.0,1.0,-0.7802312468627823,1.0,2.0,2.0,2.0,2.0,2.0,0.0190396652672054,0.015650702062507026,0.0,2.0,1.0,4.0,4.0,0.0,8,1,1,2,2,2662,1463,941,334,334,0,-0.0,1,1
PTPRC,TAM1/TAM2/microglia,IDH_Mutant,TAM_microglia,0.0,0.0,0.0,0.0,,,0.0,0.0,0.0,0.0,,0.0,2.0,2.0,2.0,2.0,2.0,0.0145823282133185,0.01200059842780445,0.0,2.0,1.0,0.0,4.0,0.0,8,1,1,2,2,12086,25922,2106,21701,2106,0,0.0,1,0
PTPRC,OPC_GABA_like_tumor,IDH_WT,tumor,0.0,0.0,0.0,0.0,,,0.0,0.0,0.0,0.0,,0.0,3.0,0.0,0.0,0.0,0.0,0.0,0.0,,0.0,0.0,0.0,0.0,,8,1,1,2,2,6741,14114,5040,1935,1935,0,0.0,0,0
PTPRC,OPC_GABA_AC_like_tumor,IDH_WT,tumor,0.0,0.0,0.0,0.0,,,0.0,0.0,0.0,0.0,,0.0,3.0,0.0,0.0,0.0,0.0,0.0,0.0,,0.0,0.0,0.0,0.0,,8,1,1,2,2,6202,1012,5384,171,171,0,0.0,0,0
PTPRC,cycling_tumor,IDH_WT,tumor,1.0,-5.81135211004621,5.81135211004621,12.986010701771058,0.008,0.116,-0.10800000000000001,-1.0,1.0,1.0,-5.434248611522105,1.0,3.0,0.0,0.0,0.0,0.0,0.0,0.0,,0.0,0.0,0.0,0.0,,8,1,1,2,2,6410,814,5847,663,663,0,-0.0,0,0
PTPRC,AC_like_tumor,IDH_WT,tumor,0.0,0.0,0.0,0.0,,,0.0,0.0,0.0,0.0,,0.0,3.0,0.0,0.0,0.0,0.0,0.0,0.0,,0.0,0.0,0.0,0.0,,8,1,1,2,2,72549,446,64812,108,108,0,0.0,0,0
PTPRC,T cell,IDH_WT,T_cell,1.0,-0.7666020759789496,0.7666020759789496,29.045799687220544,0.494,0.694,-0.19999999999999996,-1.0,1.0,1.0,-0.7802312468627823,1.0,3.0,2.0,2.0,2.0,2.0,0.0190396652672054,0.015650702062507026,0.0,2.0,1.0,4.0,4.0,0.0,8,1,1,2,2,2662,1463,1681,1118,1118,0,-0.0,0,1
PTPRC,TAM1/TAM2/microglia,IDH_WT,TAM_microglia,1.0,0.5505794805630595,0.5505794805630595,66.96322637680849,0.707,0.524,0.18299999999999994,1.0,0.0,0.0,0.5658096020231276,1.0,3.0,2.0,2.0,2.0,2.0,0.0145823282133185,0.01200059842780445,0.0,2.0,1.0,0.0,4.0,0.0,8,1,1,2,2,12086,25922,9696,2745,2745,0,0.0,0,1
PTPRD,OPC_GABA_like_tumor,IDH_Mutant,tumor,0.0,0.0,0.0,0.0,,,0.0,0.0,0.0,0.0,,0.0,1.0,0.0,1.0,1.0,0.0,0.0011930593981233,0.0011930593981233,0.0,1.0,1.0,0.0,1.0,1.0,1,0,1,1,1,6741,14114,1658,11741,1658,0,0.0,1,0
PTPRD,OPC_GABA_AC_like_tumor,IDH_Mutant,tumor,0.0,0.0,0.0,0.0,,,0.0,0.0,0.0,0.0,,0.0,1.0,0.0,0.0,0.0,0.0,0.0,0.0,,0.0,0.0,0.0,0.0,,1,0,1,1,1,6202,1012,352,742,352,0,0.0,1,0
PTPRD,cycling_tumor,IDH_Mutant,tumor,1.0,2.676089364051008,2.676089364051008,6.426116947992638,0.199,0.011,0.188,1.0,1.0,1.0,2.9733404170939792,1.0,1.0,0.0,0.0,0.0,0.0,0.0,0.0,,0.0,0.0,0.0,0.0,,1,0,1,1,1,6410,814,270,136,136,0,0.0,1,0
PTPRD,AC_like_tumor,IDH_Mutant,tumor,0.0,0.0,0.0,0.0,,,0.0,0.0,0.0,0.0,,0.0,1.0,0.0,0.0,0.0,0.0,0.0,0.0,,0.0,0.0,0.0,0.0,,1,0,1,1,1,72549,446,4249,283,283,0,0.0,1,0
PTPRD,T cell,IDH_Mutant,T_cell,0.0,0.0,0.0,0.0,,,0.0,0.0,0.0,0.0,,0.0,1.0,0.0,0.0,0.0,0.0,0.0,0.0,,0.0,0.0,0.0,0.0,,1,0,1,1,1,2662,1463,941,334,334,0,0.0,1,0
PTPRD,TAM1/TAM2/microglia,IDH_Mutant,TAM_microglia,0.0,0.0,0.0,0.0,,,0.0,0.0,0.0,0.0,,0.0,1.0,0.0,0.0,0.0,0.0,0.0,0.0,,0.0,0.0,0.0,0.0,,1,0,1,1,1,12086,25922,2106,21701,2106,0,0.0,1,0
PTPRD,OPC_GABA_like_tumor,IDH_WT,tumor,1.0,2.24469629915764,2.24469629915764,153.68192307334738,0.265,0.043,0.22200000000000003,1.0,0.0,0.0,1.3999679783885448,1.0,3.0,0.0,1.0,1.0,0.0,0.0011930593981233,0.0011930593981233,0.0,1.0,1.0,0.0,1.0,1.0,1,0,1,1,1,6741,14114,5040,1935,1935,0,1.0,0,1
PTPRD,OPC_GABA_AC_like_tumor,IDH_WT,tumor,0.0,0.0,0.0,0.0,,,0.0,0.0,0.0,0.0,,0.0,3.0,0.0,0.0,0.0,0.0,0.0,0.0,,0.0,0.0,0.0,0.0,,1,0,1,1,1,6202,1012,5384,171,171,0,0.0,0,0
PTPRD,cycling_tumor,IDH_WT,tumor,1.0,3.184850354471642,3.184850354471642,120.30182883676825,0.178,0.012,0.16599999999999998,1.0,1.0,1.0,2.9733404170939792,1.0,3.0,0.0,0.0,0.0,0.0,0.0,0.0,,0.0,0.0,0.0,0.0,,1,0,1,1,1,6410,814,5847,663,663,0,0.0,0,0
PTPRD,AC_like_tumor,IDH_WT,tumor,1.0,2.9682478856266057,2.9682478856266057,9.399019584061854,0.12,0.019,0.10099999999999999,1.0,0.0,0.0,2.8870189652680502,1.0,3.0,0.0,0.0,0.0,0.0,0.0,0.0,,0.0,0.0,0.0,0.0,,1,0,1,1,1,72549,446,64812,108,108,0,0.0,0,0
PTPRD,T cell,IDH_WT,T_cell,0.0,0.0,0.0,0.0,,,0.0,0.0,0.0,0.0,,0.0,3.0,0.0,0.0,0.0,0.0,0.0,0.0,,0.0,0.0,0.0,0.0,,1,0,1,1,1,2662,1463,1681,1118,1118,0,0.0,0,0
PTPRD,TAM1/TAM2/microglia,IDH_WT,TAM_microglia,0.0,0.0,0.0,0.0,,,0.0,0.0,0.0,0.0,,0.0,3.0,0.0,0.0,0.0,0.0,0.0,0.0,,0.0,0.0,0.0,0.0,,1,0,1,1,1,12086,25922,9696,2745,2745,0,0.0,0,0
PTPRZ1,OPC_GABA_like_tumor,IDH_Mutant,tumor,1.0,1.4270032774712194,1.4270032774712194,300.0,0.975,0.848,0.127,1.0,1.0,1.0,0.8111005866360368,1.0,4.0,0.0,21.0,11.0,10.0,0.2619954091305924,0.15587502599335212,0.0,2.0,6.0,3.0,21.0,0.047619047619047616,77,0,1,2,4,6741,14114,1658,11741,1658,0,0.047619047619047616,1,1
PTPRZ1,OPC_GABA_AC_like_tumor,IDH_Mutant,tumor,1.0,0.6193622334057673,0.6193622334057673,8.918134252223007,0.712,0.415,0.297,1.0,1.0,1.0,0.6077021780204617,1.0,4.0,0.0,20.0,10.0,10.0,0.1818786977548719,0.1144304780832373,0.0,2.0,5.0,2.0,20.0,0.0,77,0,1,2,4,6202,1012,352,742,352,0,0.0,1,1
PTPRZ1,cycling_tumor,IDH_Mutant,tumor,1.0,3.9950683487464,3.9950683487464,54.06263865962284,0.882,0.063,0.819,1.0,1.0,1.0,2.045027084086322,1.0,4.0,0.0,17.0,10.0,7.0,0.2412077448909423,0.11252141689864227,0.0,2.0,5.0,1.0,17.0,0.17647058823529413,77,0,1,2,4,6410,814,270,136,136,0,0.17647058823529413,1,1
PTPRZ1,AC_like_tumor,IDH_Mutant,tumor,1.0,1.1924080438665343,1.1924080438665343,22.332642659821058,0.689,0.453,0.23599999999999993,1.0,1.0,1.0,0.8452853049688347,1.0,4.0,0.0,19.0,10.0,9.0,0.1953178125352112,0.12154979763396631,0.0,2.0,5.0,1.0,19.0,0.05263157894736842,77,0,1,2,4,72549,446,4249,283,283,0,0.05263157894736842,1,1
PTPRZ1,T cell,IDH_Mutant,T_cell,0.0,0.0,0.0,0.0,,,0.0,0.0,0.0,0.0,,0.0,4.0,0.0,0.0,0.0,0.0,0.0,0.0,,0.0,0.0,0.0,0.0,,77,0,1,2,4,2662,1463,941,334,334,0,0.0,1,0
PTPRZ1,TAM1/TAM2/microglia,IDH_Mutant,TAM_microglia,0.0,0.0,0.0,0.0,,,0.0,0.0,0.0,0.0,,0.0,4.0,0.0,0.0,0.0,0.0,0.0,0.0,,0.0,0.0,0.0,0.0,,77,0,1,2,4,12086,25922,2106,21701,2106,0,0.0,1,0
PTPRZ1,OPC_GABA_like_tumor,IDH_WT,tumor,1.0,1.3379625570858416,1.3379625570858416,300.0,0.983,0.86,0.123,1.0,1.0,1.0,0.8111005866360368,1.0,5.0,0.0,21.0,11.0,10.0,0.2619954091305924,0.15587502599335212,0.0,2.0,6.0,3.0,21.0,0.047619047619047616,77,0,1,2,4,6741,14114,5040,1935,1935,0,0.047619047619047616,0,1
PTPRZ1,OPC_GABA_AC_like_tumor,IDH_WT,tumor,1.0,1.3972861912109875,1.3972861912109875,18.340556017846417,0.871,0.614,0.257,1.0,1.0,1.0,0.6077021780204617,1.0,5.0,0.0,20.0,10.0,10.0,0.1818786977548719,0.1144304780832373,0.0,2.0,5.0,2.0,20.0,0.0,77,0,1,2,4,6202,1012,5384,171,171,0,0.0,0,1
PTPRZ1,cycling_tumor,IDH_WT,tumor,1.0,2.072682953667877,2.072682953667877,201.28664276591905,0.941,0.403,0.5379999999999999,1.0,1.0,1.0,2.045027084086322,1.0,5.0,0.0,17.0,10.0,7.0,0.2412077448909423,0.11252141689864227,0.0,2.0,5.0,1.0,17.0,0.17647058823529413,77,0,1,2,4,6410,814,5847,663,663,0,0.17647058823529413,0,1
PTPRZ1,AC_like_tumor,IDH_WT,tumor,1.0,1.4127205516116723,1.4127205516116723,3.264752982945147,0.685,0.597,0.08800000000000008,1.0,1.0,1.0,0.8452853049688347,1.0,5.0,0.0,19.0,10.0,9.0,0.1953178125352112,0.12154979763396631,0.0,2.0,5.0,1.0,19.0,0.05263157894736842,77,0,1,2,4,72549,446,64812,108,108,0,0.05263157894736842,0,1
PTPRZ1,T cell,IDH_WT,T_cell,1.0,1.5626918692468383,1.5626918692468383,7.295678250287096,0.114,0.043,0.07100000000000001,1.0,0.0,0.0,,0.0,5.0,0.0,0.0,0.0,0.0,0.0,0.0,,0.0,0.0,0.0,0.0,,77,0,1,2,4,2662,1463,1681,1118,1118,0,0.0,0,0
PTPRZ1,TAM1/TAM2/microglia,IDH_WT,TAM_microglia,0.0,0.0,0.0,0.0,,,0.0,0.0,0.0,0.0,,0.0,5.0,0.0,0.0,0.0,0.0,0.0,0.0,,0.0,0.0,0.0,0.0,,77,0,1,2,4,12086,25922,9696,2745,2745,0,0.0,0,0
ROBO1,OPC_GABA_like_tumor,IDH_Mutant,tumor,1.0,1.2380361790727927,1.2380361790727927,59.073468799273066,0.439,0.238,0.201,1.0,1.0,1.0,1.9488059339044457,1.0,3.0,0.0,1.0,1.0,0.0,0.0026014314511136,0.0026014314511136,0.0,1.0,1.0,0.0,1.0,1.0,2,0,1,1,2,6741,14114,1658,11741,1658,0,1.0,1,1
ROBO1,OPC_GABA_AC_like_tumor,IDH_Mutant,tumor,0.0,0.0,0.0,0.0,,,0.0,0.0,0.0,0.0,,0.0,3.0,0.0,0.0,0.0,0.0,0.0,0.0,,0.0,0.0,0.0,0.0,,2,0,1,1,2,6202,1012,352,742,352,0,0.0,1,0
ROBO1,cycling_tumor,IDH_Mutant,tumor,1.0,3.2409438371447967,3.2409438371447967,18.521222297210237,0.404,0.022,0.382,1.0,1.0,1.0,2.651080049820704,1.0,3.0,0.0,1.0,1.0,0.0,0.0012599632610479,0.0012599632610479,0.0,1.0,1.0,0.0,1.0,1.0,2,0,1,1,2,6410,814,270,136,136,0,1.0,1,1
ROBO1,AC_like_tumor,IDH_Mutant,tumor,1.0,0.9483749138816352,0.9483749138816352,3.8017152446429767,0.244,0.123,0.121,1.0,0.0,0.0,2.540399297294049,1.0,3.0,0.0,0.0,0.0,0.0,0.0,0.0,,0.0,0.0,0.0,0.0,,2,0,1,1,2,72549,446,4249,283,283,0,0.0,1,0
ROBO1,T cell,IDH_Mutant,T_cell,0.0,0.0,0.0,0.0,,,0.0,0.0,0.0,0.0,,0.0,3.0,0.0,0.0,0.0,0.0,0.0,0.0,,0.0,0.0,0.0,0.0,,2,0,1,1,2,2662,1463,941,334,334,0,0.0,1,0
ROBO1,TAM1/TAM2/microglia,IDH_Mutant,TAM_microglia,0.0,0.0,0.0,0.0,,,0.0,0.0,0.0,0.0,,0.0,3.0,0.0,0.0,0.0,0.0,0.0,0.0,,0.0,0.0,0.0,0.0,,2,0,1,1,2,12086,25922,2106,21701,2106,0,0.0,1,0
ROBO1,OPC_GABA_like_tumor,IDH_WT,tumor,1.0,1.510352374701229,1.510352374701229,129.75483408769708,0.339,0.091,0.24800000000000003,1.0,1.0,1.0,1.9488059339044457,1.0,2.0,0.0,1.0,1.0,0.0,0.0026014314511136,0.0026014314511136,0.0,1.0,1.0,0.0,1.0,1.0,2,0,1,1,2,6741,14114,5040,1935,1935,0,1.0,0,1
ROBO1,OPC_GABA_AC_like_tumor,IDH_WT,tumor,0.0,0.0,0.0,0.0,,,0.0,0.0,0.0,0.0,,0.0,2.0,0.0,0.0,0.0,0.0,0.0,0.0,,0.0,0.0,0.0,0.0,,2,0,1,1,2,6202,1012,5384,171,171,0,0.0,0,0
ROBO1,cycling_tumor,IDH_WT,tumor,1.0,2.5105739662255626,2.5105739662255626,175.6872582312553,0.279,0.023,0.256,1.0,1.0,1.0,2.651080049820704,1.0,2.0,0.0,1.0,1.0,0.0,0.0012599632610479,0.0012599632610479,0.0,1.0,1.0,0.0,1.0,1.0,2,0,1,1,2,6410,814,5847,663,663,0,1.0,0,1
ROBO1,AC_like_tumor,IDH_WT,tumor,0.0,0.0,0.0,0.0,,,0.0,0.0,0.0,0.0,,0.0,2.0,0.0,0.0,0.0,0.0,0.0,0.0,,0.0,0.0,0.0,0.0,,2,0,1,1,2,72549,446,64812,108,108,0,0.0,0,0
ROBO1,T cell,IDH_WT,T_cell,0.0,0.0,0.0,0.0,,,0.0,0.0,0.0,0.0,,0.0,2.0,0.0,0.0,0.0,0.0,0.0,0.0,,0.0,0.0,0.0,0.0,,2,0,1,1,2,2662,1463,1681,1118,1118,0,0.0,0,0
ROBO1,TAM1/TAM2/microglia,IDH_WT,TAM_microglia,0.0,0.0,0.0,0.0,,,0.0,0.0,0.0,0.0,,0.0,2.0,0.0,0.0,0.0,0.0,0.0,0.0,,0.0,0.0,0.0,0.0,,2,0,1,1,2,12086,25922,9696,2745,2745,0,0.0,0,0
SDC3,OPC_GABA_like_tumor,IDH_Mutant,tumor,1.0,-1.4206875002699166,1.4206875002699166,87.74539551126912,0.143,0.343,-0.20000000000000004,-1.0,1.0,0.0,,0.0,1.0,0.0,0.0,0.0,0.0,0.0,0.0,,0.0,0.0,0.0,0.0,,11,0,1,1,1,6741,14114,1658,11741,1658,0,-0.0,1,0
SDC3,OPC_GABA_AC_like_tumor,IDH_Mutant,tumor,0.0,0.0,0.0,0.0,,,0.0,0.0,0.0,0.0,,0.0,1.0,0.0,0.0,0.0,0.0,0.0,0.0,,0.0,0.0,0.0,0.0,,11,0,1,1,1,6202,1012,352,742,352,0,0.0,1,0
SDC3,cycling_tumor,IDH_Mutant,tumor,0.0,0.0,0.0,0.0,,,0.0,0.0,0.0,0.0,,0.0,1.0,0.0,11.0,11.0,0.0,0.0141883084146195,0.008330391207846137,0.0,1.0,7.0,3.0,11.0,1.0,11,0,1,1,1,6410,814,270,136,136,0,0.0,1,0
SDC3,AC_like_tumor,IDH_Mutant,tumor,0.0,0.0,0.0,0.0,,,0.0,0.0,0.0,0.0,,0.0,1.0,0.0,0.0,0.0,0.0,0.0,0.0,,0.0,0.0,0.0,0.0,,11,0,1,1,1,72549,446,4249,283,283,0,0.0,1,0
SDC3,T cell,IDH_Mutant,T_cell,0.0,0.0,0.0,0.0,,,0.0,0.0,0.0,0.0,,0.0,1.0,0.0,0.0,0.0,0.0,0.0,0.0,,0.0,0.0,0.0,0.0,,11,0,1,1,1,2662,1463,941,334,334,0,0.0,1,0
SDC3,TAM1/TAM2/microglia,IDH_Mutant,TAM_microglia,0.0,0.0,0.0,0.0,,,0.0,0.0,0.0,0.0,,0.0,1.0,0.0,0.0,0.0,0.0,0.0,0.0,,0.0,0.0,0.0,0.0,,11,0,1,1,1,12086,25922,2106,21701,2106,0,0.0,1,0
SDC3,OPC_GABA_like_tumor,IDH_WT,tumor,1.0,0.4231309699266402,0.4231309699266402,46.08594189123909,0.335,0.154,0.18100000000000002,1.0,1.0,0.0,,0.0,2.0,0.0,0.0,0.0,0.0,0.0,0.0,,0.0,0.0,0.0,0.0,,11,0,1,1,1,6741,14114,5040,1935,1935,0,0.0,0,0
SDC3,OPC_GABA_AC_like_tumor,IDH_WT,tumor,0.0,0.0,0.0,0.0,,,0.0,0.0,0.0,0.0,,0.0,2.0,0.0,0.0,0.0,0.0,0.0,0.0,,0.0,0.0,0.0,0.0,,11,0,1,1,1,6202,1012,5384,171,171,0,0.0,0,0
SDC3,cycling_tumor,IDH_WT,tumor,1.0,0.6181945221876667,0.6181945221876667,45.43056657574756,0.291,0.087,0.204,1.0,0.0,0.0,0.6175999945696687,1.0,2.0,0.0,11.0,11.0,0.0,0.0141883084146195,0.008330391207846137,0.0,1.0,7.0,3.0,11.0,1.0,11,0,1,1,1,6410,814,5847,663,663,0,1.0,0,1
SDC3,AC_like_tumor,IDH_WT,tumor,0.0,0.0,0.0,0.0,,,0.0,0.0,0.0,0.0,,0.0,2.0,0.0,0.0,0.0,0.0,0.0,0.0,,0.0,0.0,0.0,0.0,,11,0,1,1,1,72549,446,64812,108,108,0,0.0,0,0
SDC3,T cell,IDH_WT,T_cell,0.0,0.0,0.0,0.0,,,0.0,0.0,0.0,0.0,,0.0,2.0,0.0,0.0,0.0,0.0,0.0,0.0,,0.0,0.0,0.0,0.0,,11,0,1,1,1,2662,1463,1681,1118,1118,0,0.0,0,0
SDC3,TAM1/TAM2/microglia,IDH_WT,TAM_microglia,0.0,0.0,0.0,0.0,,,0.0,0.0,0.0,0.0,,0.0,2.0,0.0,0.0,0.0,0.0,0.0,0.0,,0.0,0.0,0.0,0.0,,11,0,1,1,1,12086,25922,9696,2745,2745,0,0.0,0,0
SLC1A1,OPC_GABA_like_tumor,IDH_Mutant,tumor,1.0,2.579610842378,2.579610842378,54.441250844640095,0.177,0.021,0.156,1.0,1.0,1.0,0.7993808583361037,1.0,1.0,0.0,0.0,0.0,0.0,0.0,0.0,,0.0,0.0,0.0,0.0,,13,1,0,1,1,6741,14114,1658,11741,1658,0,0.0,1,0
SLC1A1,OPC_GABA_AC_like_tumor,IDH_Mutant,tumor,0.0,0.0,0.0,0.0,,,0.0,0.0,0.0,0.0,,0.0,1.0,0.0,0.0,0.0,0.0,0.0,0.0,,0.0,0.0,0.0,0.0,,13,1,0,1,1,6202,1012,352,742,352,0,0.0,1,0
SLC1A1,cycling_tumor,IDH_Mutant,tumor,0.0,0.0,0.0,0.0,,,0.0,0.0,0.0,0.0,,0.0,1.0,13.0,0.0,13.0,0.0,0.0085000406509992,0.002037173081619591,0.0,1.0,4.0,0.0,13.0,1.0,13,1,0,1,1,6410,814,270,136,136,0,0.0,1,0
SLC1A1,AC_like_tumor,IDH_Mutant,tumor,0.0,0.0,0.0,0.0,,,0.0,0.0,0.0,0.0,,0.0,1.0,0.0,0.0,0.0,0.0,0.0,0.0,,0.0,0.0,0.0,0.0,,13,1,0,1,1,72549,446,4249,283,283,0,0.0,1,0
SLC1A1,T cell,IDH_Mutant,T_cell,0.0,0.0,0.0,0.0,,,0.0,0.0,0.0,0.0,,0.0,1.0,0.0,0.0,0.0,0.0,0.0,0.0,,0.0,0.0,0.0,0.0,,13,1,0,1,1,2662,1463,941,334,334,0,0.0,1,0
SLC1A1,TAM1/TAM2/microglia,IDH_Mutant,TAM_microglia,0.0,0.0,0.0,0.0,,,0.0,0.0,0.0,0.0,,0.0,1.0,0.0,0.0,0.0,0.0,0.0,0.0,,0.0,0.0,0.0,0.0,,13,1,0,1,1,12086,25922,2106,21701,2106,0,0.0,1,0
SLC1A1,OPC_GABA_like_tumor,IDH_WT,tumor,1.0,1.0278539750876812,1.0278539750876812,157.27479345786205,0.344,0.073,0.27099999999999996,1.0,1.0,1.0,0.7993808583361037,1.0,2.0,0.0,0.0,0.0,0.0,0.0,0.0,,0.0,0.0,0.0,0.0,,13,1,0,1,1,6741,14114,5040,1935,1935,0,0.0,0,0
SLC1A1,OPC_GABA_AC_like_tumor,IDH_WT,tumor,0.0,0.0,0.0,0.0,,,0.0,0.0,0.0,0.0,,0.0,2.0,0.0,0.0,0.0,0.0,0.0,0.0,,0.0,0.0,0.0,0.0,,13,1,0,1,1,6202,1012,5384,171,171,0,0.0,0,0
SLC1A1,cycling_tumor,IDH_WT,tumor,1.0,2.32828688324089,2.32828688324089,177.71930105276633,0.312,0.03,0.28200000000000003,1.0,0.0,0.0,2.2582834083093024,1.0,2.0,13.0,0.0,13.0,0.0,0.0085000406509992,0.002037173081619591,0.0,1.0,4.0,0.0,13.0,1.0,13,1,0,1,1,6410,814,5847,663,663,0,1.0,0,1
SLC1A1,AC_like_tumor,IDH_WT,tumor,0.0,0.0,0.0,0.0,,,0.0,0.0,0.0,0.0,,0.0,2.0,0.0,0.0,0.0,0.0,0.0,0.0,,0.0,0.0,0.0,0.0,,13,1,0,1,1,72549,446,64812,108,108,0,0.0,0,0
SLC1A1,T cell,IDH_WT,T_cell,0.0,0.0,0.0,0.0,,,0.0,0.0,0.0,0.0,,0.0,2.0,0.0,0.0,0.0,0.0,0.0,0.0,,0.0,0.0,0.0,0.0,,13,1,0,1,1,2662,1463,1681,1118,1118,0,0.0,0,0
SLC1A1,TAM1/TAM2/microglia,IDH_WT,TAM_microglia,0.0,0.0,0.0,0.0,,,0.0,0.0,0.0,0.0,,0.0,2.0,0.0,0.0,0.0,0.0,0.0,0.0,,0.0,0.0,0.0,0.0,,13,1,0,1,1,12086,25922,9696,2745,2745,0,0.0,0,0
SLC1A3,OPC_GABA_like_tumor,IDH_Mutant,tumor,1.0,-1.9963691418678584,1.9963691418678584,263.1056969840501,0.371,0.715,-0.344,-1.0,0.0,0.0,-1.3965175223638493,1.0,3.0,0.0,0.0,0.0,0.0,0.0,0.0,,0.0,0.0,0.0,0.0,,26,1,0,1,2,6741,14114,1658,11741,1658,0,-0.0,1,0
SLC1A3,OPC_GABA_AC_like_tumor,IDH_Mutant,tumor,0.0,0.0,0.0,0.0,,,0.0,0.0,0.0,0.0,,0.0,3.0,0.0,0.0,0.0,0.0,0.0,0.0,,0.0,0.0,0.0,0.0,,26,1,0,1,2,6202,1012,352,742,352,0,0.0,1,0
SLC1A3,cycling_tumor,IDH_Mutant,tumor,0.0,0.0,0.0,0.0,,,0.0,0.0,0.0,0.0,,0.0,3.0,13.0,0.0,13.0,0.0,0.0180971001094363,0.004356891598256588,0.0,1.0,4.0,0.0,13.0,1.0,26,1,0,1,2,6410,814,270,136,136,0,0.0,1,0
SLC1A3,AC_like_tumor,IDH_Mutant,tumor,1.0,-1.4792910063223057,1.4792910063223057,5.530476937737077,0.396,0.513,-0.11699999999999999,-1.0,0.0,0.0,,0.0,3.0,0.0,0.0,0.0,0.0,0.0,0.0,,0.0,0.0,0.0,0.0,,26,1,0,1,2,72549,446,4249,283,283,0,-0.0,1,0
SLC1A3,T cell,IDH_Mutant,T_cell,0.0,0.0,0.0,0.0,,,0.0,0.0,0.0,0.0,,0.0,3.0,0.0,0.0,0.0,0.0,0.0,0.0,,0.0,0.0,0.0,0.0,,26,1,0,1,2,2662,1463,941,334,334,0,0.0,1,0
SLC1A3,TAM1/TAM2/microglia,IDH_Mutant,TAM_microglia,1.0,0.5232657214623875,0.5232657214623875,70.94462165138104,0.9,0.783,0.11699999999999999,1.0,1.0,1.0,1.4026188000090016,1.0,3.0,13.0,0.0,13.0,0.0,0.0580182501147297,0.014240210546249892,0.0,1.0,4.0,13.0,13.0,1.0,26,1,0,1,2,12086,25922,2106,21701,2106,0,1.0,1,1
SLC1A3,OPC_GABA_like_tumor,IDH_WT,tumor,0.0,0.0,0.0,0.0,,,0.0,0.0,0.0,0.0,,0.0,2.0,0.0,0.0,0.0,0.0,0.0,0.0,,0.0,0.0,0.0,0.0,,26,1,0,1,2,6741,14114,5040,1935,1935,0,0.0,0,0
SLC1A3,OPC_GABA_AC_like_tumor,IDH_WT,tumor,0.0,0.0,0.0,0.0,,,0.0,0.0,0.0,0.0,,0.0,2.0,0.0,0.0,0.0,0.0,0.0,0.0,,0.0,0.0,0.0,0.0,,26,1,0,1,2,6202,1012,5384,171,171,0,0.0,0,0
SLC1A3,cycling_tumor,IDH_WT,tumor,1.0,-0.340864629736845,0.340864629736845,7.475719378462074,0.558,0.312,0.24600000000000005,-1.0,0.0,0.0,-0.4057424059477996,1.0,2.0,13.0,0.0,13.0,0.0,0.0180971001094363,0.004356891598256588,0.0,1.0,4.0,0.0,13.0,1.0,26,1,0,1,2,6410,814,5847,663,663,0,-1.0,0,1
SLC1A3,AC_like_tumor,IDH_WT,tumor,0.0,0.0,0.0,0.0,,,0.0,0.0,0.0,0.0,,0.0,2.0,0.0,0.0,0.0,0.0,0.0,0.0,,0.0,0.0,0.0,0.0,,26,1,0,1,2,72549,446,64812,108,108,0,0.0,0,0
SLC1A3,T cell,IDH_WT,T_cell,0.0,0.0,0.0,0.0,,,0.0,0.0,0.0,0.0,,0.0,2.0,0.0,0.0,0.0,0.0,0.0,0.0,,0.0,0.0,0.0,0.0,,26,1,0,1,2,2662,1463,1681,1118,1118,0,0.0,0,0
SLC1A3,TAM1/TAM2/microglia,IDH_WT,TAM_microglia,1.0,0.7048990104468937,0.7048990104468937,110.2670297906098,0.737,0.51,0.22699999999999998,1.0,1.0,1.0,1.4026188000090016,1.0,2.0,13.0,0.0,13.0,0.0,0.0580182501147297,0.014240210546249892,0.0,1.0,4.0,13.0,13.0,1.0,26,1,0,1,2,12086,25922,9696,2745,2745,0,1.0,0,1
SLIT1,OPC_GABA_like_tumor,IDH_Mutant,tumor,1.0,1.4881294612799278,1.4881294612799278,75.18350582055096,0.302,0.071,0.23099999999999998,1.0,1.0,1.0,2.794243236803573,1.0,3.0,2.0,0.0,2.0,0.0,0.0026014314511136,0.00193069735608075,0.0,1.0,2.0,0.0,2.0,1.0,2,1,0,1,1,6741,14114,1658,11741,1658,0,1.0,1,1
SLIT1,OPC_GABA_AC_like_tumor,IDH_Mutant,tumor,0.0,0.0,0.0,0.0,,,0.0,0.0,0.0,0.0,,0.0,3.0,0.0,0.0,0.0,0.0,0.0,0.0,,0.0,0.0,0.0,0.0,,2,1,0,1,1,6202,1012,352,742,352,0,0.0,1,0
SLIT1,cycling_tumor,IDH_Mutant,tumor,1.0,1.5041912208461443,1.5041912208461443,1.4560958694825672,0.11,0.007,0.103,1.0,1.0,1.0,2.852813420732657,1.0,3.0,0.0,0.0,0.0,0.0,0.0,0.0,,0.0,0.0,0.0,0.0,,2,1,0,1,1,6410,814,270,136,136,0,0.0,1,0
SLIT1,AC_like_tumor,IDH_Mutant,tumor,1.0,2.6990954050249907,2.6990954050249907,27.0414179322696,0.177,0.032,0.145,1.0,0.0,0.0,4.503828232956093,1.0,3.0,0.0,0.0,0.0,0.0,0.0,0.0,,0.0,0.0,0.0,0.0,,2,1,0,1,1,72549,446,4249,283,283,0,0.0,1,0
SLIT1,T cell,IDH_Mutant,T_cell,0.0,0.0,0.0,0.0,,,0.0,0.0,0.0,0.0,,0.0,3.0,0.0,0.0,0.0,0.0,0.0,0.0,,0.0,0.0,0.0,0.0,,2,1,0,1,1,2662,1463,941,334,334,0,0.0,1,0
SLIT1,TAM1/TAM2/microglia,IDH_Mutant,TAM_microglia,0.0,0.0,0.0,0.0,,,0.0,0.0,0.0,0.0,,0.0,3.0,0.0,0.0,0.0,0.0,0.0,0.0,,0.0,0.0,0.0,0.0,,2,1,0,1,1,12086,25922,2106,21701,2106,0,0.0,1,0
SLIT1,OPC_GABA_like_tumor,IDH_WT,tumor,1.0,2.292751832614345,2.292751832614345,68.99620307387318,0.128,0.021,0.107,1.0,1.0,1.0,2.794243236803573,1.0,2.0,2.0,0.0,2.0,0.0,0.0026014314511136,0.00193069735608075,0.0,1.0,2.0,0.0,2.0,1.0,2,1,0,1,1,6741,14114,5040,1935,1935,0,1.0,0,1
SLIT1,OPC_GABA_AC_like_tumor,IDH_WT,tumor,0.0,0.0,0.0,0.0,,,0.0,0.0,0.0,0.0,,0.0,2.0,0.0,0.0,0.0,0.0,0.0,0.0,,0.0,0.0,0.0,0.0,,2,1,0,1,1,6202,1012,5384,171,171,0,0.0,0,0
SLIT1,cycling_tumor,IDH_WT,tumor,1.0,3.0824325708061653,3.0824325708061653,119.62328321696671,0.143,0.006,0.13699999999999998,1.0,1.0,1.0,2.852813420732657,1.0,2.0,0.0,0.0,0.0,0.0,0.0,0.0,,0.0,0.0,0.0,0.0,,2,1,0,1,1,6410,814,5847,663,663,0,0.0,0,0
SLIT1,AC_like_tumor,IDH_WT,tumor,0.0,0.0,0.0,0.0,,,0.0,0.0,0.0,0.0,,0.0,2.0,0.0,0.0,0.0,0.0,0.0,0.0,,0.0,0.0,0.0,0.0,,2,1,0,1,1,72549,446,64812,108,108,0,0.0,0,0
SLIT1,T cell,IDH_WT,T_cell,0.0,0.0,0.0,0.0,,,0.0,0.0,0.0,0.0,,0.0,2.0,0.0,0.0,0.0,0.0,0.0,0.0,,0.0,0.0,0.0,0.0,,2,1,0,1,1,2662,1463,1681,1118,1118,0,0.0,0,0
SLIT1,TAM1/TAM2/microglia,IDH_WT,TAM_microglia,0.0,0.0,0.0,0.0,,,0.0,0.0,0.0,0.0,,0.0,2.0,0.0,0.0,0.0,0.0,0.0,0.0,,0.0,0.0,0.0,0.0,,2,1,0,1,1,12086,25922,9696,2745,2745,0,0.0,0,0
SLITRK2,OPC_GABA_like_tumor,IDH_Mutant,tumor,0.0,0.0,0.0,0.0,,,0.0,0.0,0.0,0.0,,0.0,1.0,0.0,0.0,0.0,0.0,0.0,0.0,,0.0,0.0,0.0,0.0,,1,1,0,1,1,6741,14114,1658,11741,1658,0,0.0,1,0
SLITRK2,OPC_GABA_AC_like_tumor,IDH_Mutant,tumor,0.0,0.0,0.0,0.0,,,0.0,0.0,0.0,0.0,,0.0,1.0,0.0,0.0,0.0,0.0,0.0,0.0,,0.0,0.0,0.0,0.0,,1,1,0,1,1,6202,1012,352,742,352,0,0.0,1,0
SLITRK2,cycling_tumor,IDH_Mutant,tumor,1.0,5.80559623923372,5.80559623923372,8.628322959583064,0.206,0.004,0.20199999999999999,1.0,1.0,1.0,2.4674687064605023,1.0,1.0,1.0,0.0,1.0,0.0,0.0011930593981233,0.0011930593981233,0.0,1.0,1.0,0.0,1.0,1.0,1,1,0,1,1,6410,814,270,136,136,0,1.0,1,1
SLITRK2,AC_like_tumor,IDH_Mutant,tumor,0.0,0.0,0.0,0.0,,,0.0,0.0,0.0,0.0,,0.0,1.0,0.0,0.0,0.0,0.0,0.0,0.0,,0.0,0.0,0.0,0.0,,1,1,0,1,1,72549,446,4249,283,283,0,0.0,1,0
SLITRK2,T cell,IDH_Mutant,T_cell,0.0,0.0,0.0,0.0,,,0.0,0.0,0.0,0.0,,0.0,1.0,0.0,0.0,0.0,0.0,0.0,0.0,,0.0,0.0,0.0,0.0,,1,1,0,1,1,2662,1463,941,334,334,0,0.0,1,0
SLITRK2,TAM1/TAM2/microglia,IDH_Mutant,TAM_microglia,0.0,0.0,0.0,0.0,,,0.0,0.0,0.0,0.0,,0.0,1.0,0.0,0.0,0.0,0.0,0.0,0.0,,0.0,0.0,0.0,0.0,,1,1,0,1,1,12086,25922,2106,21701,2106,0,0.0,1,0
SLITRK2,OPC_GABA_like_tumor,IDH_WT,tumor,1.0,2.365256056536932,2.365256056536932,232.18221614121134,0.367,0.057,0.31,1.0,0.0,0.0,1.1380986445112933,1.0,2.0,0.0,0.0,0.0,0.0,0.0,0.0,,0.0,0.0,0.0,0.0,,1,1,0,1,1,6741,14114,5040,1935,1935,0,0.0,0,0
SLITRK2,OPC_GABA_AC_like_tumor,IDH_WT,tumor,0.0,0.0,0.0,0.0,,,0.0,0.0,0.0,0.0,,0.0,2.0,0.0,0.0,0.0,0.0,0.0,0.0,,0.0,0.0,0.0,0.0,,1,1,0,1,1,6202,1012,5384,171,171,0,0.0,0,0
SLITRK2,cycling_tumor,IDH_WT,tumor,1.0,2.495374877771578,2.495374877771578,168.2567280558554,0.299,0.029,0.26999999999999996,1.0,1.0,1.0,2.4674687064605023,1.0,2.0,1.0,0.0,1.0,0.0,0.0011930593981233,0.0011930593981233,0.0,1.0,1.0,0.0,1.0,1.0,1,1,0,1,1,6410,814,5847,663,663,0,1.0,0,1
SLITRK2,AC_like_tumor,IDH_WT,tumor,0.0,0.0,0.0,0.0,,,0.0,0.0,0.0,0.0,,0.0,2.0,0.0,0.0,0.0,0.0,0.0,0.0,,0.0,0.0,0.0,0.0,,1,1,0,1,1,72549,446,64812,108,108,0,0.0,0,0
SLITRK2,T cell,IDH_WT,T_cell,0.0,0.0,0.0,0.0,,,0.0,0.0,0.0,0.0,,0.0,2.0,0.0,0.0,0.0,0.0,0.0,0.0,,0.0,0.0,0.0,0.0,,1,1,0,1,1,2662,1463,1681,1118,1118,0,0.0,0,0
SLITRK2,TAM1/TAM2/microglia,IDH_WT,TAM_microglia,0.0,0.0,0.0,0.0,,,0.0,0.0,0.0,0.0,,0.0,2.0,0.0,0.0,0.0,0.0,0.0,0.0,,0.0,0.0,0.0,0.0,,1,1,0,1,1,12086,25922,9696,2745,2745,0,0.0,0,0
SORL1,OPC_GABA_like_tumor,IDH_Mutant,tumor,1.0,-3.531974069723913,3.531974069723913,300.0,0.043,0.403,-0.36000000000000004,-1.0,1.0,1.0,-2.7243142298484098,1.0,3.0,0.0,0.0,0.0,0.0,0.0,0.0,,0.0,0.0,0.0,0.0,,14,0,1,1,1,6741,14114,1658,11741,1658,0,-0.0,1,0
SORL1,OPC_GABA_AC_like_tumor,IDH_Mutant,tumor,0.0,0.0,0.0,0.0,,,0.0,0.0,0.0,0.0,,0.0,3.0,0.0,0.0,0.0,0.0,0.0,0.0,,0.0,0.0,0.0,0.0,,14,0,1,1,1,6202,1012,352,742,352,0,0.0,1,0
SORL1,cycling_tumor,IDH_Mutant,tumor,1.0,-2.9869407328145727,2.9869407328145727,3.1188414720966398,0.066,0.304,-0.238,-1.0,1.0,1.0,-2.2103367780249705,1.0,3.0,0.0,0.0,0.0,0.0,0.0,0.0,,0.0,0.0,0.0,0.0,,14,0,1,1,1,6410,814,270,136,136,0,-0.0,1,0
SORL1,AC_like_tumor,IDH_Mutant,tumor,0.0,0.0,0.0,0.0,,,0.0,0.0,0.0,0.0,,0.0,3.0,0.0,0.0,0.0,0.0,0.0,0.0,,0.0,0.0,0.0,0.0,,14,0,1,1,1,72549,446,4249,283,283,0,0.0,1,0
SORL1,T cell,IDH_Mutant,T_cell,0.0,0.0,0.0,0.0,,,0.0,0.0,0.0,0.0,,0.0,3.0,0.0,0.0,0.0,0.0,0.0,0.0,,0.0,0.0,0.0,0.0,,14,0,1,1,1,2662,1463,941,334,334,0,0.0,1,0
SORL1,TAM1/TAM2/microglia,IDH_Mutant,TAM_microglia,1.0,0.4988742202019969,0.4988742202019969,52.23560904181951,0.712,0.585,0.127,1.0,1.0,1.0,0.9799051202538605,1.0,3.0,0.0,14.0,7.0,7.0,0.0511641001611375,0.019258193673017707,0.0,1.0,4.0,14.0,14.0,0.0,14,0,1,1,1,12086,25922,2106,21701,2106,0,0.0,1,1
SORL1,OPC_GABA_like_tumor,IDH_WT,tumor,1.0,-2.095248528363715,2.095248528363715,7.077334313600507,0.079,0.133,-0.054000000000000006,-1.0,1.0,1.0,-2.7243142298484098,1.0,3.0,0.0,0.0,0.0,0.0,0.0,0.0,,0.0,0.0,0.0,0.0,,14,0,1,1,1,6741,14114,5040,1935,1935,0,-0.0,0,0
SORL1,OPC_GABA_AC_like_tumor,IDH_WT,tumor,0.0,0.0,0.0,0.0,,,0.0,0.0,0.0,0.0,,0.0,3.0,0.0,0.0,0.0,0.0,0.0,0.0,,0.0,0.0,0.0,0.0,,14,0,1,1,1,6202,1012,5384,171,171,0,0.0,0,0
SORL1,cycling_tumor,IDH_WT,tumor,1.0,-2.466763379747383,2.466763379747383,2.297328495447522,0.084,0.151,-0.06699999999999999,-1.0,1.0,1.0,-2.2103367780249705,1.0,3.0,0.0,0.0,0.0,0.0,0.0,0.0,,0.0,0.0,0.0,0.0,,14,0,1,1,1,6410,814,5847,663,663,0,-0.0,0,0
SORL1,AC_like_tumor,IDH_WT,tumor,0.0,0.0,0.0,0.0,,,0.0,0.0,0.0,0.0,,0.0,3.0,0.0,0.0,0.0,0.0,0.0,0.0,,0.0,0.0,0.0,0.0,,14,0,1,1,1,72549,446,64812,108,108,0,0.0,0,0
SORL1,T cell,IDH_WT,T_cell,0.0,0.0,0.0,0.0,,,0.0,0.0,0.0,0.0,,0.0,3.0,0.0,0.0,0.0,0.0,0.0,0.0,,0.0,0.0,0.0,0.0,,14,0,1,1,1,2662,1463,1681,1118,1118,0,0.0,0,0
SORL1,TAM1/TAM2/microglia,IDH_WT,TAM_microglia,1.0,0.6752151769204435,0.6752151769204435,92.25877261688396,0.629,0.404,0.22499999999999998,1.0,1.0,1.0,0.9799051202538605,1.0,3.0,0.0,14.0,7.0,7.0,0.0511641001611375,0.019258193673017707,0.0,1.0,4.0,14.0,14.0,0.0,14,0,1,1,1,12086,25922,9696,2745,2745,0,0.0,0,1
SORT1,OPC_GABA_like_tumor,IDH_Mutant,tumor,1.0,-1.013349127742366,1.013349127742366,14.98635608123007,0.084,0.154,-0.06999999999999999,-1.0,1.0,1.0,-1.2758171498785147,1.0,2.0,0.0,0.0,0.0,0.0,0.0,0.0,,0.0,0.0,0.0,0.0,,3,0,1,1,1,6741,14114,1658,11741,1658,0,-0.0,1,0
SORT1,OPC_GABA_AC_like_tumor,IDH_Mutant,tumor,0.0,0.0,0.0,0.0,,,0.0,0.0,0.0,0.0,,0.0,2.0,0.0,0.0,0.0,0.0,0.0,0.0,,0.0,0.0,0.0,0.0,,3,0,1,1,1,6202,1012,352,742,352,0,0.0,1,0
SORT1,cycling_tumor,IDH_Mutant,tumor,0.0,0.0,0.0,0.0,,,0.0,0.0,0.0,0.0,,0.0,2.0,0.0,3.0,3.0,0.0,0.005960292884092,0.004312044914191967,0.0,1.0,2.0,2.0,3.0,1.0,3,0,1,1,1,6410,814,270,136,136,0,0.0,1,0
SORT1,AC_like_tumor,IDH_Mutant,tumor,0.0,0.0,0.0,0.0,,,0.0,0.0,0.0,0.0,,0.0,2.0,0.0,0.0,0.0,0.0,0.0,0.0,,0.0,0.0,0.0,0.0,,3,0,1,1,1,72549,446,4249,283,283,0,0.0,1,0
SORT1,T cell,IDH_Mutant,T_cell,0.0,0.0,0.0,0.0,,,0.0,0.0,0.0,0.0,,0.0,2.0,0.0,0.0,0.0,0.0,0.0,0.0,,0.0,0.0,0.0,0.0,,3,0,1,1,1,2662,1463,941,334,334,0,0.0,1,0
SORT1,TAM1/TAM2/microglia,IDH_Mutant,TAM_microglia,1.0,0.6508113762136554,0.6508113762136554,11.424311327706015,0.234,0.155,0.07900000000000001,1.0,1.0,1.0,0.9190227635249396,1.0,2.0,0.0,0.0,0.0,0.0,0.0,0.0,,0.0,0.0,0.0,0.0,,3,0,1,1,1,12086,25922,2106,21701,2106,0,0.0,1,0
SORT1,OPC_GABA_like_tumor,IDH_WT,tumor,1.0,-0.4897114363380846,0.4897114363380846,5.179604958279772,0.227,0.148,0.07900000000000001,-1.0,1.0,1.0,-1.2758171498785147,1.0,3.0,0.0,0.0,0.0,0.0,0.0,0.0,,0.0,0.0,0.0,0.0,,3,0,1,1,1,6741,14114,5040,1935,1935,0,-0.0,0,0
SORT1,OPC_GABA_AC_like_tumor,IDH_WT,tumor,0.0,0.0,0.0,0.0,,,0.0,0.0,0.0,0.0,,0.0,3.0,0.0,0.0,0.0,0.0,0.0,0.0,,0.0,0.0,0.0,0.0,,3,0,1,1,1,6202,1012,5384,171,171,0,0.0,0,0
SORT1,cycling_tumor,IDH_WT,tumor,1.0,0.4802925311537963,0.4802925311537963,47.401025083636924,0.344,0.11,0.23399999999999999,1.0,0.0,0.0,0.3962583541004341,1.0,3.0,0.0,3.0,3.0,0.0,0.005960292884092,0.004312044914191967,0.0,1.0,2.0,2.0,3.0,1.0,3,0,1,1,1,6410,814,5847,663,663,0,1.0,0,1
SORT1,AC_like_tumor,IDH_WT,tumor,0.0,0.0,0.0,0.0,,,0.0,0.0,0.0,0.0,,0.0,3.0,0.0,0.0,0.0,0.0,0.0,0.0,,0.0,0.0,0.0,0.0,,3,0,1,1,1,72549,446,64812,108,108,0,0.0,0,0
SORT1,T cell,IDH_WT,T_cell,0.0,0.0,0.0,0.0,,,0.0,0.0,0.0,0.0,,0.0,3.0,0.0,0.0,0.0,0.0,0.0,0.0,,0.0,0.0,0.0,0.0,,3,0,1,1,1,2662,1463,1681,1118,1118,0,0.0,0,0
SORT1,TAM1/TAM2/microglia,IDH_WT,TAM_microglia,1.0,0.6720279111030947,0.6720279111030947,22.752652152886284,0.195,0.114,0.081,1.0,1.0,1.0,0.9190227635249396,1.0,3.0,0.0,0.0,0.0,0.0,0.0,0.0,,0.0,0.0,0.0,0.0,,3,0,1,1,1,12086,25922,9696,2745,2745,0,0.0,0,0
SPP1,OPC_GABA_like_tumor,IDH_Mutant,tumor,1.0,-2.144547480960237,2.144547480960237,17.584618427709376,0.104,0.181,-0.077,-1.0,1.0,1.0,-3.020977670875521,1.0,4.0,5.0,0.0,0.0,5.0,0.0085137702615473,0.0053990624157255595,0.0,1.0,4.0,3.0,5.0,-1.0,55,1,0,1,7,6741,14114,1658,11741,1658,0,1.0,1,1
SPP1,OPC_GABA_AC_like_tumor,IDH_Mutant,tumor,1.0,-4.330442522087505,4.330442522087505,31.423975934425094,0.035,0.295,-0.26,-1.0,1.0,1.0,-3.560459158584305,1.0,4.0,5.0,0.0,0.0,5.0,0.0112397372446153,0.0071331209569268,0.0,1.0,4.0,3.0,5.0,-1.0,55,1,0,1,7,6202,1012,352,742,352,0,1.0,1,1
SPP1,cycling_tumor,IDH_Mutant,tumor,1.0,-6.361783731764467,6.361783731764467,19.630313068343398,0.132,0.626,-0.494,-1.0,1.0,1.0,-5.147553036495236,1.0,4.0,10.0,0.0,5.0,5.0,0.0364060099743201,0.012435470878227977,0.0,1.0,4.0,6.0,10.0,0.0,55,1,0,1,7,6410,814,270,136,136,0,-0.0,1,1
SPP1,AC_like_tumor,IDH_Mutant,tumor,0.0,0.0,0.0,0.0,,,0.0,0.0,0.0,0.0,,0.0,4.0,10.0,0.0,5.0,5.0,0.0305221727622704,0.01142515717792402,0.0,1.0,4.0,6.0,10.0,0.0,55,1,0,1,7,72549,446,4249,283,283,0,0.0,1,0
SPP1,T cell,IDH_Mutant,T_cell,0.0,0.0,0.0,0.0,,,0.0,0.0,0.0,0.0,,0.0,4.0,10.0,0.0,5.0,5.0,0.0326985528375827,0.014777730556444671,0.0,1.0,4.0,6.0,10.0,0.0,55,1,0,1,7,2662,1463,941,334,334,0,0.0,1,0
SPP1,TAM1/TAM2/microglia,IDH_Mutant,TAM_microglia,1.0,0.9724987470856216,0.9724987470856216,228.2688017447793,0.896,0.63,0.266,1.0,0.0,0.0,-0.8376686343080255,1.0,4.0,10.0,0.0,5.0,5.0,0.0600743503220592,0.03767848687725736,0.0,1.0,4.0,8.0,10.0,0.0,55,1,0,1,7,12086,25922,2106,21701,2106,0,0.0,1,1
SPP1,OPC_GABA_like_tumor,IDH_WT,tumor,1.0,-1.524564223802985,1.524564223802985,15.838803479491808,0.352,0.406,-0.05400000000000005,-1.0,1.0,1.0,-3.020977670875521,1.0,4.0,5.0,0.0,0.0,5.0,0.0085137702615473,0.0053990624157255595,0.0,1.0,4.0,3.0,5.0,-1.0,55,1,0,1,7,6741,14114,5040,1935,1935,0,1.0,0,1
SPP1,OPC_GABA_AC_like_tumor,IDH_WT,tumor,1.0,-2.26653344561614,2.26653344561614,9.573747032509344,0.164,0.462,-0.29800000000000004,-1.0,1.0,1.0,-3.560459158584305,1.0,4.0,5.0,0.0,0.0,5.0,0.0112397372446153,0.0071331209569268,0.0,1.0,4.0,3.0,5.0,-1.0,55,1,0,1,7,6202,1012,5384,171,171,0,1.0,0,1
SPP1,cycling_tumor,IDH_WT,tumor,1.0,-5.034519235889427,5.034519235889427,122.415346717611,0.327,0.689,-0.36199999999999993,-1.0,1.0,1.0,-5.147553036495236,1.0,4.0,10.0,0.0,5.0,5.0,0.0364060099743201,0.012435470878227977,0.0,1.0,4.0,6.0,10.0,0.0,55,1,0,1,7,6410,814,5847,663,663,0,-0.0,0,1
SPP1,AC_like_tumor,IDH_WT,tumor,1.0,-2.2244099767214216,2.2244099767214216,8.994884358375353,0.269,0.606,-0.33699999999999997,-1.0,0.0,0.0,-1.854419222143243,1.0,4.0,10.0,0.0,5.0,5.0,0.0305221727622704,0.01142515717792402,0.0,1.0,4.0,6.0,10.0,0.0,55,1,0,1,7,72549,446,64812,108,108,0,-0.0,0,1
SPP1,T cell,IDH_WT,T_cell,0.0,0.0,0.0,0.0,,,0.0,0.0,0.0,0.0,,0.0,4.0,10.0,0.0,5.0,5.0,0.0326985528375827,0.014777730556444671,0.0,1.0,4.0,6.0,10.0,0.0,55,1,0,1,7,2662,1463,1681,1118,1118,0,0.0,0,0
SPP1,TAM1/TAM2/microglia,IDH_WT,TAM_microglia,0.0,0.0,0.0,0.0,,,0.0,0.0,0.0,0.0,,0.0,4.0,10.0,0.0,5.0,5.0,0.0600743503220592,0.03767848687725736,0.0,1.0,4.0,8.0,10.0,0.0,55,1,0,1,7,12086,25922,9696,2745,2745,0,0.0,0,0
TGFB1,OPC_GABA_like_tumor,IDH_Mutant,tumor,0.0,0.0,0.0,0.0,,,0.0,0.0,0.0,0.0,,0.0,1.0,0.0,0.0,0.0,0.0,0.0,0.0,,0.0,0.0,0.0,0.0,,4,1,0,1,1,6741,14114,1658,11741,1658,0,0.0,1,0
TGFB1,OPC_GABA_AC_like_tumor,IDH_Mutant,tumor,0.0,0.0,0.0,0.0,,,0.0,0.0,0.0,0.0,,0.0,1.0,0.0,0.0,0.0,0.0,0.0,0.0,,0.0,0.0,0.0,0.0,,4,1,0,1,1,6202,1012,352,742,352,0,0.0,1,0
TGFB1,cycling_tumor,IDH_Mutant,tumor,1.0,-6.31110728427774,6.31110728427774,3.389996469301425,0.015,0.23,-0.21500000000000002,-1.0,0.0,0.0,,0.0,1.0,0.0,0.0,0.0,0.0,0.0,0.0,,0.0,0.0,0.0,0.0,,4,1,0,1,1,6410,814,270,136,136,0,-0.0,1,0
TGFB1,AC_like_tumor,IDH_Mutant,tumor,0.0,0.0,0.0,0.0,,,0.0,0.0,0.0,0.0,,0.0,1.0,0.0,0.0,0.0,0.0,0.0,0.0,,0.0,0.0,0.0,0.0,,4,1,0,1,1,72549,446,4249,283,283,0,0.0,1,0
TGFB1,T cell,IDH_Mutant,T_cell,0.0,0.0,0.0,0.0,,,0.0,0.0,0.0,0.0,,0.0,1.0,0.0,0.0,0.0,0.0,0.0,0.0,,0.0,0.0,0.0,0.0,,4,1,0,1,1,2662,1463,941,334,334,0,0.0,1,0
TGFB1,TAM1/TAM2/microglia,IDH_Mutant,TAM_microglia,0.0,0.0,0.0,0.0,,,0.0,0.0,0.0,0.0,,0.0,1.0,4.0,0.0,2.0,2.0,0.0050238491740621,0.003124057670555575,0.0,1.0,1.0,0.0,4.0,0.0,4,1,0,1,1,12086,25922,2106,21701,2106,0,0.0,1,0
TGFB1,OPC_GABA_like_tumor,IDH_WT,tumor,0.0,0.0,0.0,0.0,,,0.0,0.0,0.0,0.0,,0.0,0.0,0.0,0.0,0.0,0.0,0.0,0.0,,0.0,0.0,0.0,0.0,,4,1,0,1,1,6741,14114,5040,1935,1935,0,0.0,0,0
TGFB1,OPC_GABA_AC_like_tumor,IDH_WT,tumor,0.0,0.0,0.0,0.0,,,0.0,0.0,0.0,0.0,,0.0,0.0,0.0,0.0,0.0,0.0,0.0,0.0,,0.0,0.0,0.0,0.0,,4,1,0,1,1,6202,1012,5384,171,171,0,0.0,0,0
TGFB1,cycling_tumor,IDH_WT,tumor,0.0,0.0,0.0,0.0,,,0.0,0.0,0.0,0.0,,0.0,0.0,0.0,0.0,0.0,0.0,0.0,0.0,,0.0,0.0,0.0,0.0,,4,1,0,1,1,6410,814,5847,663,663,0,0.0,0,0
TGFB1,AC_like_tumor,IDH_WT,tumor,0.0,0.0,0.0,0.0,,,0.0,0.0,0.0,0.0,,0.0,0.0,0.0,0.0,0.0,0.0,0.0,0.0,,0.0,0.0,0.0,0.0,,4,1,0,1,1,72549,446,64812,108,108,0,0.0,0,0
TGFB1,T cell,IDH_WT,T_cell,0.0,0.0,0.0,0.0,,,0.0,0.0,0.0,0.0,,0.0,0.0,0.0,0.0,0.0,0.0,0.0,0.0,,0.0,0.0,0.0,0.0,,4,1,0,1,1,2662,1463,1681,1118,1118,0,0.0,0,0
TGFB1,TAM1/TAM2/microglia,IDH_WT,TAM_microglia,0.0,0.0,0.0,0.0,,,0.0,0.0,0.0,0.0,,0.0,0.0,4.0,0.0,2.0,2.0,0.0050238491740621,0.003124057670555575,0.0,1.0,1.0,0.0,4.0,0.0,4,1,0,1,1,12086,25922,9696,2745,2745,0,0.0,0,0
TGFBR1,OPC_GABA_like_tumor,IDH_Mutant,tumor,1.0,0.7979879393682399,0.7979879393682399,7.420984590469203,0.126,0.066,0.06,1.0,1.0,1.0,0.8082512819379097,1.0,2.0,0.0,0.0,0.0,0.0,0.0,0.0,,0.0,0.0,0.0,0.0,,4,0,1,1,1,6741,14114,1658,11741,1658,0,0.0,1,0
TGFBR1,OPC_GABA_AC_like_tumor,IDH_Mutant,tumor,0.0,0.0,0.0,0.0,,,0.0,0.0,0.0,0.0,,0.0,2.0,0.0,0.0,0.0,0.0,0.0,0.0,,0.0,0.0,0.0,0.0,,4,0,1,1,1,6202,1012,352,742,352,0,0.0,1,0
TGFBR1,cycling_tumor,IDH_Mutant,tumor,0.0,0.0,0.0,0.0,,,0.0,0.0,0.0,0.0,,0.0,2.0,0.0,0.0,0.0,0.0,0.0,0.0,,0.0,0.0,0.0,0.0,,4,0,1,1,1,6410,814,270,136,136,0,0.0,1,0
TGFBR1,AC_like_tumor,IDH_Mutant,tumor,0.0,0.0,0.0,0.0,,,0.0,0.0,0.0,0.0,,0.0,2.0,0.0,0.0,0.0,0.0,0.0,0.0,,0.0,0.0,0.0,0.0,,4,0,1,1,1,72549,446,4249,283,283,0,0.0,1,0
TGFBR1,T cell,IDH_Mutant,T_cell,0.0,0.0,0.0,0.0,,,0.0,0.0,0.0,0.0,,0.0,2.0,0.0,0.0,0.0,0.0,0.0,0.0,,0.0,0.0,0.0,0.0,,4,0,1,1,1,2662,1463,941,334,334,0,0.0,1,0
TGFBR1,TAM1/TAM2/microglia,IDH_Mutant,TAM_microglia,1.0,1.1879902171924317,1.1879902171924317,57.04143479649057,0.418,0.247,0.17099999999999999,1.0,1.0,1.0,1.00198735485986,1.0,2.0,0.0,4.0,2.0,2.0,0.0050238491740621,0.003124057670555575,0.0,1.0,1.0,0.0,4.0,0.0,4,0,1,1,1,12086,25922,2106,21701,2106,0,0.0,1,1
TGFBR1,OPC_GABA_like_tumor,IDH_WT,tumor,1.0,1.231373244136207,1.231373244136207,85.7454350088719,0.231,0.06,0.171,1.0,1.0,1.0,0.8082512819379097,1.0,2.0,0.0,0.0,0.0,0.0,0.0,0.0,,0.0,0.0,0.0,0.0,,4,0,1,1,1,6741,14114,5040,1935,1935,0,0.0,0,0
TGFBR1,OPC_GABA_AC_like_tumor,IDH_WT,tumor,0.0,0.0,0.0,0.0,,,0.0,0.0,0.0,0.0,,0.0,2.0,0.0,0.0,0.0,0.0,0.0,0.0,,0.0,0.0,0.0,0.0,,4,0,1,1,1,6202,1012,5384,171,171,0,0.0,0,0
TGFBR1,cycling_tumor,IDH_WT,tumor,0.0,0.0,0.0,0.0,,,0.0,0.0,0.0,0.0,,0.0,2.0,0.0,0.0,0.0,0.0,0.0,0.0,,0.0,0.0,0.0,0.0,,4,0,1,1,1,6410,814,5847,663,663,0,0.0,0,0
TGFBR1,AC_like_tumor,IDH_WT,tumor,0.0,0.0,0.0,0.0,,,0.0,0.0,0.0,0.0,,0.0,2.0,0.0,0.0,0.0,0.0,0.0,0.0,,0.0,0.0,0.0,0.0,,4,0,1,1,1,72549,446,64812,108,108,0,0.0,0,0
TGFBR1,T cell,IDH_WT,T_cell,0.0,0.0,0.0,0.0,,,0.0,0.0,0.0,0.0,,0.0,2.0,0.0,0.0,0.0,0.0,0.0,0.0,,0.0,0.0,0.0,0.0,,4,0,1,1,1,2662,1463,1681,1118,1118,0,0.0,0,0
TGFBR1,TAM1/TAM2/microglia,IDH_WT,TAM_microglia,1.0,0.7085082473982679,0.7085082473982679,53.24782227465695,0.412,0.256,0.15599999999999997,1.0,1.0,1.0,1.00198735485986,1.0,2.0,0.0,4.0,2.0,2.0,0.0050238491740621,0.003124057670555575,0.0,1.0,1.0,0.0,4.0,0.0,4,0,1,1,1,12086,25922,9696,2745,2745,0,0.0,0,1
TGFBR2,OPC_GABA_like_tumor,IDH_Mutant,tumor,0.0,0.0,0.0,0.0,,,0.0,0.0,0.0,0.0,,0.0,2.0,0.0,0.0,0.0,0.0,0.0,0.0,,0.0,0.0,0.0,0.0,,4,0,1,1,1,6741,14114,1658,11741,1658,0,0.0,1,0
TGFBR2,OPC_GABA_AC_like_tumor,IDH_Mutant,tumor,0.0,0.0,0.0,0.0,,,0.0,0.0,0.0,0.0,,0.0,2.0,0.0,0.0,0.0,0.0,0.0,0.0,,0.0,0.0,0.0,0.0,,4,0,1,1,1,6202,1012,352,742,352,0,0.0,1,0
TGFBR2,cycling_tumor,IDH_Mutant,tumor,1.0,-6.8844254226233375,6.8844254226233375,1.458308263742727,0.0,0.156,-0.156,-1.0,0.0,0.0,,0.0,2.0,0.0,0.0,0.0,0.0,0.0,0.0,,0.0,0.0,0.0,0.0,,4,0,1,1,1,6410,814,270,136,136,0,-0.0,1,0
TGFBR2,AC_like_tumor,IDH_Mutant,tumor,0.0,0.0,0.0,0.0,,,0.0,0.0,0.0,0.0,,0.0,2.0,0.0,0.0,0.0,0.0,0.0,0.0,,0.0,0.0,0.0,0.0,,4,0,1,1,1,72549,446,4249,283,283,0,0.0,1,0
TGFBR2,T cell,IDH_Mutant,T_cell,0.0,0.0,0.0,0.0,,,0.0,0.0,0.0,0.0,,0.0,2.0,0.0,0.0,0.0,0.0,0.0,0.0,,0.0,0.0,0.0,0.0,,4,0,1,1,1,2662,1463,941,334,334,0,0.0,1,0
TGFBR2,TAM1/TAM2/microglia,IDH_Mutant,TAM_microglia,1.0,0.5832972303272868,0.5832972303272868,27.11970147496809,0.481,0.353,0.128,1.0,1.0,1.0,0.9688495432510398,1.0,2.0,0.0,4.0,2.0,2.0,0.0050238491740621,0.003124057670555575,0.0,1.0,1.0,0.0,4.0,0.0,4,0,1,1,1,12086,25922,2106,21701,2106,0,0.0,1,1
TGFBR2,OPC_GABA_like_tumor,IDH_WT,tumor,0.0,0.0,0.0,0.0,,,0.0,0.0,0.0,0.0,,0.0,1.0,0.0,0.0,0.0,0.0,0.0,0.0,,0.0,0.0,0.0,0.0,,4,0,1,1,1,6741,14114,5040,1935,1935,0,0.0,0,0
TGFBR2,OPC_GABA_AC_like_tumor,IDH_WT,tumor,0.0,0.0,0.0,0.0,,,0.0,0.0,0.0,0.0,,0.0,1.0,0.0,0.0,0.0,0.0,0.0,0.0,,0.0,0.0,0.0,0.0,,4,0,1,1,1,6202,1012,5384,171,171,0,0.0,0,0
TGFBR2,cycling_tumor,IDH_WT,tumor,0.0,0.0,0.0,0.0,,,0.0,0.0,0.0,0.0,,0.0,1.0,0.0,0.0,0.0,0.0,0.0,0.0,,0.0,0.0,0.0,0.0,,4,0,1,1,1,6410,814,5847,663,663,0,0.0,0,0
TGFBR2,AC_like_tumor,IDH_WT,tumor,0.0,0.0,0.0,0.0,,,0.0,0.0,0.0,0.0,,0.0,1.0,0.0,0.0,0.0,0.0,0.0,0.0,,0.0,0.0,0.0,0.0,,4,0,1,1,1,72549,446,64812,108,108,0,0.0,0,0
TGFBR2,T cell,IDH_WT,T_cell,0.0,0.0,0.0,0.0,,,0.0,0.0,0.0,0.0,,0.0,1.0,0.0,0.0,0.0,0.0,0.0,0.0,,0.0,0.0,0.0,0.0,,4,0,1,1,1,2662,1463,1681,1118,1118,0,0.0,0,0
TGFBR2,TAM1/TAM2/microglia,IDH_WT,TAM_microglia,1.0,0.5692720779110882,0.5692720779110882,44.060814643964726,0.389,0.246,0.14300000000000002,1.0,1.0,1.0,0.9688495432510398,1.0,1.0,0.0,4.0,2.0,2.0,0.0050238491740621,0.003124057670555575,0.0,1.0,1.0,0.0,4.0,0.0,4,0,1,1,1,12086,25922,9696,2745,2745,0,0.0,0,1
THY1,OPC_GABA_like_tumor,IDH_Mutant,tumor,1.0,1.6376439269674128,1.6376439269674128,131.8425047459547,0.461,0.129,0.332,1.0,1.0,1.0,2.0397824898375645,1.0,3.0,1.0,0.0,1.0,0.0,0.0075597332050079,0.0075597332050079,0.0,1.0,1.0,1.0,1.0,1.0,2,1,0,1,2,6741,14114,1658,11741,1658,0,1.0,1,1
THY1,OPC_GABA_AC_like_tumor,IDH_Mutant,tumor,0.0,0.0,0.0,0.0,,,0.0,0.0,0.0,0.0,,0.0,3.0,0.0,0.0,0.0,0.0,0.0,0.0,,0.0,0.0,0.0,0.0,,2,1,0,1,2,6202,1012,352,742,352,0,0.0,1,0
THY1,cycling_tumor,IDH_Mutant,tumor,1.0,5.287322438007705,5.287322438007705,17.07447583658411,0.338,0.007,0.331,1.0,1.0,1.0,2.0196759371826856,1.0,3.0,1.0,0.0,1.0,0.0,0.0141911373026763,0.0141911373026763,0.0,1.0,1.0,1.0,1.0,1.0,2,1,0,1,2,6410,814,270,136,136,0,1.0,1,1
THY1,AC_like_tumor,IDH_Mutant,tumor,1.0,2.3129413973167683,2.3129413973167683,22.475625012904374,0.279,0.084,0.195,1.0,1.0,1.0,2.3596125280247646,1.0,3.0,0.0,0.0,0.0,0.0,0.0,0.0,,0.0,0.0,0.0,0.0,,2,1,0,1,2,72549,446,4249,283,283,0,0.0,1,0
THY1,T cell,IDH_Mutant,T_cell,0.0,0.0,0.0,0.0,,,0.0,0.0,0.0,0.0,,0.0,3.0,0.0,0.0,0.0,0.0,0.0,0.0,,0.0,0.0,0.0,0.0,,2,1,0,1,2,2662,1463,941,334,334,0,0.0,1,0
THY1,TAM1/TAM2/microglia,IDH_Mutant,TAM_microglia,0.0,0.0,0.0,0.0,,,0.0,0.0,0.0,0.0,,0.0,3.0,0.0,0.0,0.0,0.0,0.0,0.0,,0.0,0.0,0.0,0.0,,2,1,0,1,2,12086,25922,2106,21701,2106,0,0.0,1,0
THY1,OPC_GABA_like_tumor,IDH_WT,tumor,1.0,2.4060124996105,2.4060124996105,300.0,0.617,0.102,0.515,1.0,1.0,1.0,2.0397824898375645,1.0,4.0,1.0,0.0,1.0,0.0,0.0075597332050079,0.0075597332050079,0.0,1.0,1.0,1.0,1.0,1.0,2,1,0,1,2,6741,14114,5040,1935,1935,0,1.0,0,1
THY1,OPC_GABA_AC_like_tumor,IDH_WT,tumor,1.0,2.818797499216989,2.818797499216989,43.1572602022785,0.263,0.035,0.228,1.0,0.0,0.0,2.061025788677575,1.0,4.0,0.0,0.0,0.0,0.0,0.0,0.0,,0.0,0.0,0.0,0.0,,2,1,0,1,2,6202,1012,5384,171,171,0,0.0,0,0
THY1,cycling_tumor,IDH_WT,tumor,1.0,2.086533598784398,2.086533598784398,300.0,0.617,0.071,0.546,1.0,1.0,1.0,2.0196759371826856,1.0,4.0,1.0,0.0,1.0,0.0,0.0141911373026763,0.0141911373026763,0.0,1.0,1.0,1.0,1.0,1.0,2,1,0,1,2,6410,814,5847,663,663,0,1.0,0,1
THY1,AC_like_tumor,IDH_WT,tumor,1.0,2.52139659583966,2.52139659583966,2.4490698577526384,0.139,0.04,0.099,1.0,1.0,1.0,2.3596125280247646,1.0,4.0,0.0,0.0,0.0,0.0,0.0,0.0,,0.0,0.0,0.0,0.0,,2,1,0,1,2,72549,446,64812,108,108,0,0.0,0,0
THY1,T cell,IDH_WT,T_cell,0.0,0.0,0.0,0.0,,,0.0,0.0,0.0,0.0,,0.0,4.0,0.0,0.0,0.0,0.0,0.0,0.0,,0.0,0.0,0.0,0.0,,2,1,0,1,2,2662,1463,1681,1118,1118,0,0.0,0,0
THY1,TAM1/TAM2/microglia,IDH_WT,TAM_microglia,0.0,0.0,0.0,0.0,,,0.0,0.0,0.0,0.0,,0.0,4.0,0.0,0.0,0.0,0.0,0.0,0.0,,0.0,0.0,0.0,0.0,,2,1,0,1,2,12086,25922,9696,2745,2745,0,0.0,0,0
TMIGD3,OPC_GABA_like_tumor,IDH_Mutant,tumor,0.0,0.0,0.0,0.0,,,0.0,0.0,0.0,0.0,,0.0,2.0,0.0,0.0,0.0,0.0,0.0,0.0,,0.0,0.0,0.0,0.0,,3,0,1,1,2,6741,14114,1658,11741,1658,0,0.0,1,0
TMIGD3,OPC_GABA_AC_like_tumor,IDH_Mutant,tumor,0.0,0.0,0.0,0.0,,,0.0,0.0,0.0,0.0,,0.0,2.0,0.0,0.0,0.0,0.0,0.0,0.0,,0.0,0.0,0.0,0.0,,3,0,1,1,2,6202,1012,352,742,352,0,0.0,1,0
TMIGD3,cycling_tumor,IDH_Mutant,tumor,1.0,-5.246512447110795,5.246512447110795,5.594656120336014,0.007,0.274,-0.267,-1.0,1.0,1.0,-5.307012678244631,1.0,2.0,0.0,0.0,0.0,0.0,0.0,0.0,,0.0,0.0,0.0,0.0,,3,0,1,1,2,6410,814,270,136,136,0,-0.0,1,0
TMIGD3,AC_like_tumor,IDH_Mutant,tumor,0.0,0.0,0.0,0.0,,,0.0,0.0,0.0,0.0,,0.0,2.0,0.0,0.0,0.0,0.0,0.0,0.0,,0.0,0.0,0.0,0.0,,3,0,1,1,2,72549,446,4249,283,283,0,0.0,1,0
TMIGD3,T cell,IDH_Mutant,T_cell,0.0,0.0,0.0,0.0,,,0.0,0.0,0.0,0.0,,0.0,2.0,0.0,0.0,0.0,0.0,0.0,0.0,,0.0,0.0,0.0,0.0,,3,0,1,1,2,2662,1463,941,334,334,0,0.0,1,0
TMIGD3,TAM1/TAM2/microglia,IDH_Mutant,TAM_microglia,1.0,0.5176325944833349,0.5176325944833349,33.76859297279575,0.587,0.438,0.14899999999999997,1.0,1.0,1.0,0.6447823146095524,1.0,2.0,0.0,2.0,1.0,1.0,0.0134956831199029,0.0091541146819648,0.0,1.0,1.0,0.0,2.0,0.0,3,0,1,1,2,12086,25922,2106,21701,2106,0,0.0,1,1
TMIGD3,OPC_GABA_like_tumor,IDH_WT,tumor,0.0,0.0,0.0,0.0,,,0.0,0.0,0.0,0.0,,0.0,2.0,0.0,0.0,0.0,0.0,0.0,0.0,,0.0,0.0,0.0,0.0,,3,0,1,1,2,6741,14114,5040,1935,1935,0,0.0,0,0
TMIGD3,OPC_GABA_AC_like_tumor,IDH_WT,tumor,0.0,0.0,0.0,0.0,,,0.0,0.0,0.0,0.0,,0.0,2.0,0.0,0.0,0.0,0.0,0.0,0.0,,0.0,0.0,0.0,0.0,,3,0,1,1,2,6202,1012,5384,171,171,0,0.0,0,0
TMIGD3,cycling_tumor,IDH_WT,tumor,1.0,-5.366153677704372,5.366153677704372,26.88427138261898,0.018,0.204,-0.186,-1.0,1.0,1.0,-5.307012678244631,1.0,2.0,0.0,0.0,0.0,0.0,0.0,0.0,,0.0,0.0,0.0,0.0,,3,0,1,1,2,6410,814,5847,663,663,0,-0.0,0,0
TMIGD3,AC_like_tumor,IDH_WT,tumor,0.0,0.0,0.0,0.0,,,0.0,0.0,0.0,0.0,,0.0,2.0,0.0,0.0,0.0,0.0,0.0,0.0,,0.0,0.0,0.0,0.0,,3,0,1,1,2,72549,446,64812,108,108,0,0.0,0,0
TMIGD3,T cell,IDH_WT,T_cell,0.0,0.0,0.0,0.0,,,0.0,0.0,0.0,0.0,,0.0,2.0,0.0,0.0,0.0,0.0,0.0,0.0,,0.0,0.0,0.0,0.0,,3,0,1,1,2,2662,1463,1681,1118,1118,0,0.0,0,0
TMIGD3,TAM1/TAM2/microglia,IDH_WT,TAM_microglia,1.0,0.7440367137161494,0.7440367137161494,85.54630245605291,0.583,0.374,0.20899999999999996,1.0,1.0,1.0,0.6447823146095524,1.0,2.0,0.0,2.0,1.0,1.0,0.0134956831199029,0.0091541146819648,0.0,1.0,1.0,0.0,2.0,0.0,3,0,1,1,2,12086,25922,9696,2745,2745,0,0.0,0,1
TNF,OPC_GABA_like_tumor,IDH_Mutant,tumor,0.0,0.0,0.0,0.0,,,0.0,0.0,0.0,0.0,,0.0,1.0,0.0,0.0,0.0,0.0,0.0,0.0,,0.0,0.0,0.0,0.0,,3,1,0,1,1,6741,14114,1658,11741,1658,0,0.0,1,0
TNF,OPC_GABA_AC_like_tumor,IDH_Mutant,tumor,0.0,0.0,0.0,0.0,,,0.0,0.0,0.0,0.0,,0.0,1.0,0.0,0.0,0.0,0.0,0.0,0.0,,0.0,0.0,0.0,0.0,,3,1,0,1,1,6202,1012,352,742,352,0,0.0,1,0
TNF,cycling_tumor,IDH_Mutant,tumor,0.0,0.0,0.0,0.0,,,0.0,0.0,0.0,0.0,,0.0,1.0,0.0,0.0,0.0,0.0,0.0,0.0,,0.0,0.0,0.0,0.0,,3,1,0,1,1,6410,814,270,136,136,0,0.0,1,0
TNF,AC_like_tumor,IDH_Mutant,tumor,0.0,0.0,0.0,0.0,,,0.0,0.0,0.0,0.0,,0.0,1.0,0.0,0.0,0.0,0.0,0.0,0.0,,0.0,0.0,0.0,0.0,,3,1,0,1,1,72549,446,4249,283,283,0,0.0,1,0
TNF,T cell,IDH_Mutant,T_cell,0.0,0.0,0.0,0.0,,,0.0,0.0,0.0,0.0,,0.0,1.0,0.0,0.0,0.0,0.0,0.0,0.0,,0.0,0.0,0.0,0.0,,3,1,0,1,1,2662,1463,941,334,334,0,0.0,1,0
TNF,TAM1/TAM2/microglia,IDH_Mutant,TAM_microglia,1.0,1.3132675410875527,1.3132675410875527,80.4831079865942,0.506,0.299,0.20700000000000002,1.0,1.0,1.0,1.9618168414402013,1.0,1.0,3.0,0.0,3.0,0.0,0.0066747111237441,0.005627865693459934,0.0,1.0,1.0,0.0,3.0,1.0,3,1,0,1,1,12086,25922,2106,21701,2106,0,1.0,1,1
TNF,OPC_GABA_like_tumor,IDH_WT,tumor,0.0,0.0,0.0,0.0,,,0.0,0.0,0.0,0.0,,0.0,1.0,0.0,0.0,0.0,0.0,0.0,0.0,,0.0,0.0,0.0,0.0,,3,1,0,1,1,6741,14114,5040,1935,1935,0,0.0,0,0
TNF,OPC_GABA_AC_like_tumor,IDH_WT,tumor,0.0,0.0,0.0,0.0,,,0.0,0.0,0.0,0.0,,0.0,1.0,0.0,0.0,0.0,0.0,0.0,0.0,,0.0,0.0,0.0,0.0,,3,1,0,1,1,6202,1012,5384,171,171,0,0.0,0,0
TNF,cycling_tumor,IDH_WT,tumor,0.0,0.0,0.0,0.0,,,0.0,0.0,0.0,0.0,,0.0,1.0,0.0,0.0,0.0,0.0,0.0,0.0,,0.0,0.0,0.0,0.0,,3,1,0,1,1,6410,814,5847,663,663,0,0.0,0,0
TNF,AC_like_tumor,IDH_WT,tumor,0.0,0.0,0.0,0.0,,,0.0,0.0,0.0,0.0,,0.0,1.0,0.0,0.0,0.0,0.0,0.0,0.0,,0.0,0.0,0.0,0.0,,3,1,0,1,1,72549,446,64812,108,108,0,0.0,0,0
TNF,T cell,IDH_WT,T_cell,0.0,0.0,0.0,0.0,,,0.0,0.0,0.0,0.0,,0.0,1.0,0.0,0.0,0.0,0.0,0.0,0.0,,0.0,0.0,0.0,0.0,,3,1,0,1,1,2662,1463,1681,1118,1118,0,0.0,0,0
TNF,TAM1/TAM2/microglia,IDH_WT,TAM_microglia,1.0,1.3848520706951286,1.3848520706951286,103.47837557536793,0.332,0.146,0.18600000000000003,1.0,1.0,1.0,1.9618168414402013,1.0,1.0,3.0,0.0,3.0,0.0,0.0066747111237441,0.005627865693459934,0.0,1.0,1.0,0.0,3.0,1.0,3,1,0,1,1,12086,25922,9696,2745,2745,0,1.0,0,1
TNFRSF1A,OPC_GABA_like_tumor,IDH_Mutant,tumor,1.0,-3.88817063153229,3.88817063153229,205.98384563800875,0.009,0.133,-0.12400000000000001,-1.0,0.0,0.0,-2.030791555039734,1.0,1.0,0.0,0.0,0.0,0.0,0.0,0.0,,0.0,0.0,0.0,0.0,,1,0,1,1,1,6741,14114,1658,11741,1658,0,-0.0,1,0
TNFRSF1A,OPC_GABA_AC_like_tumor,IDH_Mutant,tumor,0.0,0.0,0.0,0.0,,,0.0,0.0,0.0,0.0,,0.0,1.0,0.0,0.0,0.0,0.0,0.0,0.0,,0.0,0.0,0.0,0.0,,1,0,1,1,1,6202,1012,352,742,352,0,0.0,1,0
TNFRSF1A,cycling_tumor,IDH_Mutant,tumor,0.0,0.0,0.0,0.0,,,0.0,0.0,0.0,0.0,,0.0,1.0,0.0,0.0,0.0,0.0,0.0,0.0,,0.0,0.0,0.0,0.0,,1,0,1,1,1,6410,814,270,136,136,0,0.0,1,0
TNFRSF1A,AC_like_tumor,IDH_Mutant,tumor,0.0,0.0,0.0,0.0,,,0.0,0.0,0.0,0.0,,0.0,1.0,0.0,0.0,0.0,0.0,0.0,0.0,,0.0,0.0,0.0,0.0,,1,0,1,1,1,72549,446,4249,283,283,0,0.0,1,0
TNFRSF1A,T cell,IDH_Mutant,T_cell,0.0,0.0,0.0,0.0,,,0.0,0.0,0.0,0.0,,0.0,1.0,0.0,0.0,0.0,0.0,0.0,0.0,,0.0,0.0,0.0,0.0,,1,0,1,1,1,2662,1463,941,334,334,0,0.0,1,0
TNFRSF1A,TAM1/TAM2/microglia,IDH_Mutant,TAM_microglia,0.0,0.0,0.0,0.0,,,0.0,0.0,0.0,0.0,,0.0,1.0,0.0,1.0,1.0,0.0,0.0056018898340466,0.0056018898340466,0.0,1.0,1.0,0.0,1.0,1.0,1,0,1,1,1,12086,25922,2106,21701,2106,0,0.0,1,0
TNFRSF1A,OPC_GABA_like_tumor,IDH_WT,tumor,0.0,0.0,0.0,0.0,,,0.0,0.0,0.0,0.0,,0.0,1.0,0.0,0.0,0.0,0.0,0.0,0.0,,0.0,0.0,0.0,0.0,,1,0,1,1,1,6741,14114,5040,1935,1935,0,0.0,0,0
TNFRSF1A,OPC_GABA_AC_like_tumor,IDH_WT,tumor,0.0,0.0,0.0,0.0,,,0.0,0.0,0.0,0.0,,0.0,1.0,0.0,0.0,0.0,0.0,0.0,0.0,,0.0,0.0,0.0,0.0,,1,0,1,1,1,6202,1012,5384,171,171,0,0.0,0,0
TNFRSF1A,cycling_tumor,IDH_WT,tumor,0.0,0.0,0.0,0.0,,,0.0,0.0,0.0,0.0,,0.0,1.0,0.0,0.0,0.0,0.0,0.0,0.0,,0.0,0.0,0.0,0.0,,1,0,1,1,1,6410,814,5847,663,663,0,0.0,0,0
TNFRSF1A,AC_like_tumor,IDH_WT,tumor,0.0,0.0,0.0,0.0,,,0.0,0.0,0.0,0.0,,0.0,1.0,0.0,0.0,0.0,0.0,0.0,0.0,,0.0,0.0,0.0,0.0,,1,0,1,1,1,72549,446,64812,108,108,0,0.0,0,0
TNFRSF1A,T cell,IDH_WT,T_cell,0.0,0.0,0.0,0.0,,,0.0,0.0,0.0,0.0,,0.0,1.0,0.0,0.0,0.0,0.0,0.0,0.0,,0.0,0.0,0.0,0.0,,1,0,1,1,1,2662,1463,1681,1118,1118,0,0.0,0,0
TNFRSF1A,TAM1/TAM2/microglia,IDH_WT,TAM_microglia,1.0,0.2563705336594064,0.2563705336594064,9.384461729052925,0.265,0.192,0.07300000000000001,1.0,0.0,0.0,0.8009924373378859,1.0,1.0,0.0,1.0,1.0,0.0,0.0056018898340466,0.0056018898340466,0.0,1.0,1.0,0.0,1.0,1.0,1,0,1,1,1,12086,25922,9696,2745,2745,0,1.0,0,1
TNFRSF1B,OPC_GABA_like_tumor,IDH_Mutant,tumor,0.0,0.0,0.0,0.0,,,0.0,0.0,0.0,0.0,,0.0,1.0,0.0,0.0,0.0,0.0,0.0,0.0,,0.0,0.0,0.0,0.0,,2,0,1,1,1,6741,14114,1658,11741,1658,0,0.0,1,0
TNFRSF1B,OPC_GABA_AC_like_tumor,IDH_Mutant,tumor,0.0,0.0,0.0,0.0,,,0.0,0.0,0.0,0.0,,0.0,1.0,0.0,0.0,0.0,0.0,0.0,0.0,,0.0,0.0,0.0,0.0,,2,0,1,1,1,6202,1012,352,742,352,0,0.0,1,0
TNFRSF1B,cycling_tumor,IDH_Mutant,tumor,0.0,0.0,0.0,0.0,,,0.0,0.0,0.0,0.0,,0.0,1.0,0.0,0.0,0.0,0.0,0.0,0.0,,0.0,0.0,0.0,0.0,,2,0,1,1,1,6410,814,270,136,136,0,0.0,1,0
TNFRSF1B,AC_like_tumor,IDH_Mutant,tumor,0.0,0.0,0.0,0.0,,,0.0,0.0,0.0,0.0,,0.0,1.0,0.0,0.0,0.0,0.0,0.0,0.0,,0.0,0.0,0.0,0.0,,2,0,1,1,1,72549,446,4249,283,283,0,0.0,1,0
TNFRSF1B,T cell,IDH_Mutant,T_cell,0.0,0.0,0.0,0.0,,,0.0,0.0,0.0,0.0,,0.0,1.0,0.0,0.0,0.0,0.0,0.0,0.0,,0.0,0.0,0.0,0.0,,2,0,1,1,1,2662,1463,941,334,334,0,0.0,1,0
TNFRSF1B,TAM1/TAM2/microglia,IDH_Mutant,TAM_microglia,1.0,0.4559028803841813,0.4559028803841813,14.137941532261937,0.478,0.388,0.08999999999999997,1.0,1.0,1.0,0.6814223135822395,1.0,1.0,0.0,2.0,1.0,1.0,0.0066747111237441,0.005640853623166599,0.0,1.0,1.0,0.0,2.0,0.0,2,0,1,1,1,12086,25922,2106,21701,2106,0,0.0,1,1
TNFRSF1B,OPC_GABA_like_tumor,IDH_WT,tumor,0.0,0.0,0.0,0.0,,,0.0,0.0,0.0,0.0,,0.0,1.0,0.0,0.0,0.0,0.0,0.0,0.0,,0.0,0.0,0.0,0.0,,2,0,1,1,1,6741,14114,5040,1935,1935,0,0.0,0,0
TNFRSF1B,OPC_GABA_AC_like_tumor,IDH_WT,tumor,0.0,0.0,0.0,0.0,,,0.0,0.0,0.0,0.0,,0.0,1.0,0.0,0.0,0.0,0.0,0.0,0.0,,0.0,0.0,0.0,0.0,,2,0,1,1,1,6202,1012,5384,171,171,0,0.0,0,0
TNFRSF1B,cycling_tumor,IDH_WT,tumor,0.0,0.0,0.0,0.0,,,0.0,0.0,0.0,0.0,,0.0,1.0,0.0,0.0,0.0,0.0,0.0,0.0,,0.0,0.0,0.0,0.0,,2,0,1,1,1,6410,814,5847,663,663,0,0.0,0,0
TNFRSF1B,AC_like_tumor,IDH_WT,tumor,0.0,0.0,0.0,0.0,,,0.0,0.0,0.0,0.0,,0.0,1.0,0.0,0.0,0.0,0.0,0.0,0.0,,0.0,0.0,0.0,0.0,,2,0,1,1,1,72549,446,64812,108,108,0,0.0,0,0
TNFRSF1B,T cell,IDH_WT,T_cell,0.0,0.0,0.0,0.0,,,0.0,0.0,0.0,0.0,,0.0,1.0,0.0,0.0,0.0,0.0,0.0,0.0,,0.0,0.0,0.0,0.0,,2,0,1,1,1,2662,1463,1681,1118,1118,0,0.0,0,0
TNFRSF1B,TAM1/TAM2/microglia,IDH_WT,TAM_microglia,1.0,0.4711961123327896,0.4711961123327896,29.512725596677058,0.423,0.294,0.129,1.0,1.0,1.0,0.6814223135822395,1.0,1.0,0.0,2.0,1.0,1.0,0.0066747111237441,0.005640853623166599,0.0,1.0,1.0,0.0,2.0,0.0,2,0,1,1,1,12086,25922,9696,2745,2745,0,0.0,0,1
TREM2,OPC_GABA_like_tumor,IDH_Mutant,tumor,0.0,0.0,0.0,0.0,,,0.0,0.0,0.0,0.0,,0.0,1.0,0.0,0.0,0.0,0.0,0.0,0.0,,0.0,0.0,0.0,0.0,,57,0,1,2,2,6741,14114,1658,11741,1658,0,0.0,1,0
TREM2,OPC_GABA_AC_like_tumor,IDH_Mutant,tumor,0.0,0.0,0.0,0.0,,,0.0,0.0,0.0,0.0,,0.0,1.0,0.0,0.0,0.0,0.0,0.0,0.0,,0.0,0.0,0.0,0.0,,57,0,1,2,2,6202,1012,352,742,352,0,0.0,1,0
TREM2,cycling_tumor,IDH_Mutant,tumor,1.0,-5.887620041796613,5.887620041796613,8.05588985656043,0.051,0.378,-0.327,-1.0,1.0,1.0,-6.42350936441021,1.0,1.0,0.0,0.0,0.0,0.0,0.0,0.0,,0.0,0.0,0.0,0.0,,57,0,1,2,2,6410,814,270,136,136,0,-0.0,1,0
TREM2,AC_like_tumor,IDH_Mutant,tumor,0.0,0.0,0.0,0.0,,,0.0,0.0,0.0,0.0,,0.0,1.0,0.0,0.0,0.0,0.0,0.0,0.0,,0.0,0.0,0.0,0.0,,57,0,1,2,2,72549,446,4249,283,283,0,0.0,1,0
TREM2,T cell,IDH_Mutant,T_cell,0.0,0.0,0.0,0.0,,,0.0,0.0,0.0,0.0,,0.0,1.0,0.0,0.0,0.0,0.0,0.0,0.0,,0.0,0.0,0.0,0.0,,57,0,1,2,2,2662,1463,941,334,334,0,0.0,1,0
TREM2,TAM1/TAM2/microglia,IDH_Mutant,TAM_microglia,0.0,0.0,0.0,0.0,,,0.0,0.0,0.0,0.0,,0.0,1.0,0.0,38.0,19.0,19.0,0.2392234722575476,0.08750399753816233,0.03,2.0,7.0,34.0,38.0,0.0,57,0,1,2,2,12086,25922,2106,21701,2106,0,0.0,1,0
TREM2,OPC_GABA_like_tumor,IDH_WT,tumor,0.0,0.0,0.0,0.0,,,0.0,0.0,0.0,0.0,,0.0,2.0,0.0,0.0,0.0,0.0,0.0,0.0,,0.0,0.0,0.0,0.0,,57,0,1,2,2,6741,14114,5040,1935,1935,0,0.0,0,0
TREM2,OPC_GABA_AC_like_tumor,IDH_WT,tumor,0.0,0.0,0.0,0.0,,,0.0,0.0,0.0,0.0,,0.0,2.0,0.0,0.0,0.0,0.0,0.0,0.0,,0.0,0.0,0.0,0.0,,57,0,1,2,2,6202,1012,5384,171,171,0,0.0,0,0
TREM2,cycling_tumor,IDH_WT,tumor,1.0,-6.7851625968802,6.7851625968802,36.551837621686865,0.012,0.24,-0.22799999999999998,-1.0,1.0,1.0,-6.42350936441021,1.0,2.0,0.0,0.0,0.0,0.0,0.0,0.0,,0.0,0.0,0.0,0.0,,57,0,1,2,2,6410,814,5847,663,663,0,-0.0,0,0
TREM2,AC_like_tumor,IDH_WT,tumor,0.0,0.0,0.0,0.0,,,0.0,0.0,0.0,0.0,,0.0,2.0,0.0,0.0,0.0,0.0,0.0,0.0,,0.0,0.0,0.0,0.0,,57,0,1,2,2,72549,446,64812,108,108,0,0.0,0,0
TREM2,T cell,IDH_WT,T_cell,0.0,0.0,0.0,0.0,,,0.0,0.0,0.0,0.0,,0.0,2.0,0.0,0.0,0.0,0.0,0.0,0.0,,0.0,0.0,0.0,0.0,,57,0,1,2,2,2662,1463,1681,1118,1118,0,0.0,0,0
TREM2,TAM1/TAM2/microglia,IDH_WT,TAM_microglia,1.0,0.4580206192774372,0.4580206192774372,64.2337844280178,0.777,0.571,0.20600000000000007,1.0,0.0,0.0,,0.0,2.0,0.0,38.0,19.0,19.0,0.2392234722575476,0.08750399753816233,0.03,2.0,7.0,34.0,38.0,0.0,57,0,1,2,2,12086,25922,9696,2745,2745,0,0.0,0,1
TYROBP,OPC_GABA_like_tumor,IDH_Mutant,tumor,1.0,-1.7901404802287604,1.7901404802287604,17.353977302000875,0.108,0.185,-0.077,-1.0,1.0,1.0,-1.735676282906917,1.0,6.0,0.0,0.0,0.0,0.0,0.0,0.0,,0.0,0.0,0.0,0.0,,57,0,1,2,2,6741,14114,1658,11741,1658,0,-0.0,1,0
TYROBP,OPC_GABA_AC_like_tumor,IDH_Mutant,tumor,1.0,-3.477348411641988,3.477348411641988,30.553483819257792,0.053,0.324,-0.271,-1.0,1.0,1.0,-2.4518281529797026,1.0,6.0,0.0,0.0,0.0,0.0,0.0,0.0,,0.0,0.0,0.0,0.0,,57,0,1,2,2,6202,1012,352,742,352,0,-0.0,1,0
TYROBP,cycling_tumor,IDH_Mutant,tumor,1.0,-6.014119325408155,6.014119325408155,31.160106747980016,0.059,0.737,-0.6779999999999999,-1.0,1.0,1.0,-5.684061677509295,1.0,6.0,0.0,0.0,0.0,0.0,0.0,0.0,,0.0,0.0,0.0,0.0,,57,0,1,2,2,6410,814,270,136,136,0,-0.0,1,0
TYROBP,AC_like_tumor,IDH_Mutant,tumor,1.0,-2.040433949003196,2.040433949003196,1.9330292016245856,0.346,0.412,-0.066,-1.0,1.0,1.0,-1.884641691716887,1.0,6.0,0.0,0.0,0.0,0.0,0.0,0.0,,0.0,0.0,0.0,0.0,,57,0,1,2,2,72549,446,4249,283,283,0,-0.0,1,0
TYROBP,T cell,IDH_Mutant,T_cell,1.0,2.763077394886178,2.763077394886178,63.33832579476073,0.653,0.192,0.461,1.0,1.0,1.0,1.703711589095218,1.0,6.0,0.0,0.0,0.0,0.0,0.0,0.0,,0.0,0.0,0.0,0.0,,57,0,1,2,2,2662,1463,941,334,334,0,0.0,1,0
TYROBP,TAM1/TAM2/microglia,IDH_Mutant,TAM_microglia,1.0,-0.7382940458645026,0.7382940458645026,265.51725895517706,0.92,0.973,-0.052999999999999936,-1.0,0.0,0.0,-0.6159331215141179,1.0,6.0,0.0,38.0,19.0,19.0,0.2392234722575476,0.08750399753816233,0.03,2.0,7.0,34.0,38.0,0.0,57,0,1,2,2,12086,25922,2106,21701,2106,0,-0.0,1,1
TYROBP,OPC_GABA_like_tumor,IDH_WT,tumor,1.0,-2.0097468367970213,2.0097468367970213,7.3440244443724705,0.079,0.134,-0.05500000000000001,-1.0,1.0,1.0,-1.735676282906917,1.0,5.0,0.0,0.0,0.0,0.0,0.0,0.0,,0.0,0.0,0.0,0.0,,57,0,1,2,2,6741,14114,5040,1935,1935,0,-0.0,0,0
TYROBP,OPC_GABA_AC_like_tumor,IDH_WT,tumor,1.0,-4.419009973403889,4.419009973403889,5.529212901490993,0.018,0.225,-0.20700000000000002,-1.0,1.0,1.0,-2.4518281529797026,1.0,5.0,0.0,0.0,0.0,0.0,0.0,0.0,,0.0,0.0,0.0,0.0,,57,0,1,2,2,6202,1012,5384,171,171,0,-0.0,0,0
TYROBP,cycling_tumor,IDH_WT,tumor,1.0,-5.788001085697912,5.788001085697912,90.99910315405569,0.066,0.483,-0.417,-1.0,1.0,1.0,-5.684061677509295,1.0,5.0,0.0,0.0,0.0,0.0,0.0,0.0,,0.0,0.0,0.0,0.0,,57,0,1,2,2,6410,814,5847,663,663,0,-0.0,0,0
TYROBP,AC_like_tumor,IDH_WT,tumor,1.0,-2.907676299760296,2.907676299760296,2.6351556806273595,0.102,0.33,-0.22800000000000004,-1.0,1.0,1.0,-1.884641691716887,1.0,5.0,0.0,0.0,0.0,0.0,0.0,0.0,,0.0,0.0,0.0,0.0,,57,0,1,2,2,72549,446,64812,108,108,0,-0.0,0,0
TYROBP,T cell,IDH_WT,T_cell,1.0,1.2607220385718412,1.2607220385718412,32.24922802084761,0.453,0.234,0.219,1.0,1.0,1.0,1.703711589095218,1.0,5.0,0.0,0.0,0.0,0.0,0.0,0.0,,0.0,0.0,0.0,0.0,,57,0,1,2,2,2662,1463,1681,1118,1118,0,0.0,0,0
TYROBP,TAM1/TAM2/microglia,IDH_WT,TAM_microglia,0.0,0.0,0.0,0.0,,,0.0,0.0,0.0,0.0,,0.0,5.0,0.0,38.0,19.0,19.0,0.2392234722575476,0.08750399753816233,0.03,2.0,7.0,34.0,38.0,0.0,57,0,1,2,2,12086,25922,9696,2745,2745,0,0.0,0,0
