rank,gene,celltype_id,IDH_status,compartment,deg_is_sig,deg_log2fc,deg_abs_log2fc,deg_neglog10_padj,deg_pct_e2,deg_pct_e1,deg_pct_diff,deg_dir,deg_other_idh_sig,deg_other_idh_same_dir,deg_pooled_log2fc,deg_pooled_sig,deg_n_celltypes_sig,cc_lig_edges,cc_rec_edges,cc_edges_e2,cc_edges_e1,cc_max_prob,cc_mean_prob,cc_max_pval,cc_n_pathways,cc_n_partners,cc_cross_compartment_edges,cc_edges,cc_ephys_bias,cc_edges_total,cc_is_ligand,cc_is_receptor,cc_n_pathways_total,cc_n_celltypes_total,cc_n_cells_e1,cc_n_cells_e2,ctx_n_e1,ctx_n_e2,ctx_min_n,ctx_low_n,deg_cc_concordance,idh_mutant,rule_pass,lit_tier,lit_compartments,lit_hypothesis,lit_reference,label,score,score_sd,top_reasons,status
1,GRIA4,cycling_tumor,IDH_Mutant,tumor,1.0,3.821438449183044,3.821438449183044,38.10029134533499,0.654,0.026,0.628,1.0,1.0,1.0,1.8628651002395609,1.0,4.0,0.0,3.0,3.0,0.0,0.0081863349032921,0.003932559284510067,0.0,1.0,2.0,1.0,3.0,1.0,15,0,1,1,4,6410,814,270,136,136,0,1.0,1,1,2.0,tumor,neuron_tumor,"AMPAR subunit family; Venkatesh et al., Nature 2019",1,0.947632640513637,0.015906681202371556,cc_edges_total=15 (+0.96); cc_n_partners=2 (+0.84); deg_pooled_log2fc=1.86 (+0.50),literature tier 2 (label)
2,GRIA4,AC_like_tumor,IDH_Mutant,tumor,1.0,1.7343749854518906,1.7343749854518906,22.540380180773678,0.442,0.195,0.247,1.0,0.0,0.0,1.4946478019091822,1.0,4.0,0.0,3.0,3.0,0.0,0.0114997280346777,0.0055284985840857335,0.0,1.0,2.0,1.0,3.0,1.0,15,0,1,1,4,72549,446,4249,283,283,0,1.0,1,1,2.0,tumor,neuron_tumor,"AMPAR subunit family; Venkatesh et al., Nature 2019",1,0.9245123282410306,0.02167119460782859,cc_edges_total=15 (+0.95); cc_n_partners=2 (+0.84); deg_pooled_log2fc=1.49 (+0.46),literature tier 2 (label)
3,GRIA4,OPC_GABA_like_tumor,IDH_Mutant,tumor,1.0,1.402974154449864,1.402974154449864,204.40813729381244,0.774,0.46,0.314,1.0,1.0,0.0,1.528990554097498,1.0,4.0,0.0,6.0,3.0,3.0,0.0396835918506492,0.011420645031546101,0.0,1.0,2.0,2.0,6.0,0.0,15,0,1,1,4,6741,14114,1658,11741,1658,0,0.0,1,1,2.0,tumor,neuron_tumor,"AMPAR subunit family; Venkatesh et al., Nature 2019",1,0.9205892617144051,0.030298767484090255,cc_edges_total=15 (+0.96); cc_n_partners=2 (+0.89); deg_pooled_log2fc=1.53 (+0.43),literature tier 2 (label)
4,GRIA4,OPC_GABA_AC_like_tumor,IDH_Mutant,tumor,1.0,1.2109919608963953,1.2109919608963953,4.885473816716232,0.295,0.116,0.179,1.0,0.0,0.0,1.374186037740927,1.0,4.0,0.0,3.0,3.0,0.0,0.0019474653876835,0.0009341804119280841,0.0,1.0,2.0,1.0,3.0,1.0,15,0,1,1,4,6202,1012,352,742,352,0,1.0,1,1,2.0,tumor,neuron_tumor,"AMPAR subunit family; Venkatesh et al., Nature 2019",1,0.9193702285364909,0.016851556134662396,cc_edges_total=15 (+0.96); cc_n_partners=2 (+0.82); deg_pooled_log2fc=1.37 (+0.45),literature tier 2 (label)
5,GRIA4,cycling_tumor,IDH_WT,tumor,1.0,1.3035883785292304,1.3035883785292304,133.11939523115862,0.412,0.074,0.33799999999999997,1.0,1.0,1.0,1.8628651002395609,1.0,2.0,0.0,3.0,3.0,0.0,0.0081863349032921,0.003932559284510067,0.0,1.0,2.0,1.0,3.0,1.0,15,0,1,1,4,6410,814,5847,663,663,0,1.0,0,1,2.0,tumor,neuron_tumor,"AMPAR subunit family; Venkatesh et al., Nature 2019",1,0.8911346619725329,0.033704759096422614,cc_edges_total=15 (+0.97); cc_n_partners=2 (+0.85); deg_pooled_log2fc=1.86 (+0.44),literature tier 2 (label)
6,NLGN1,cycling_tumor,IDH_WT,tumor,1.0,1.8692054620801803,1.8692054620801803,214.48714471695223,0.472,0.062,0.41,1.0,1.0,1.0,2.041365180521054,1.0,2.0,0.0,6.0,6.0,0.0,0.0149916283128588,0.004876576865905467,0.0,1.0,4.0,0.0,6.0,1.0,18,0,1,1,3,6410,814,5847,663,663,0,1.0,0,1,2.0,tumor,neuron_tumor,Neuroligin family (pathway-level),1,0.8765866743605084,0.02276835964630331,cc_edges_total=18 (+1.00); deg_pooled_log2fc=2.04 (+0.46); cc_n_partners=4 (+0.36),literature tier 2 (label)
7,PTPRZ1,cycling_tumor,IDH_WT,tumor,1.0,2.072682953667877,2.072682953667877,201.28664276591905,0.941,0.403,0.5379999999999999,1.0,1.0,1.0,2.045027084086322,1.0,5.0,0.0,17.0,10.0,7.0,0.2412077448909423,0.11252141689864227,0.0,2.0,5.0,1.0,17.0,0.17647058823529413,77,0,1,2,4,6410,814,5847,663,663,0,0.17647058823529413,0,1,1.0,tumor,myeloid_bridge,"Shi et al., Cell Stem Cell 2017",1,0.875501278030818,0.03528433581831449,cc_edges_total=77 (+0.78); deg_pooled_log2fc=2.05 (+0.50); deg_n_celltypes_sig=5 (+0.41),literature tier 1 (label)
8,PTPRZ1,cycling_tumor,IDH_Mutant,tumor,1.0,3.9950683487464,3.9950683487464,54.06263865962284,0.882,0.063,0.819,1.0,1.0,1.0,2.045027084086322,1.0,4.0,0.0,17.0,10.0,7.0,0.2412077448909423,0.11252141689864227,0.0,2.0,5.0,1.0,17.0,0.17647058823529413,77,0,1,2,4,6410,814,270,136,136,0,0.17647058823529413,1,1,1.0,tumor,myeloid_bridge,"Shi et al., Cell Stem Cell 2017",1,0.8731467517280169,0.03701808506554822,cc_edges_total=77 (+0.78); deg_pooled_log2fc=2.05 (+0.49); deg_n_celltypes_sig=4 (+0.42),literature tier 1 (label)
9,NLGN1,cycling_tumor,IDH_Mutant,tumor,1.0,4.222105667455327,4.222105667455327,20.223256249987532,0.419,0.022,0.39699999999999996,1.0,1.0,1.0,2.041365180521054,1.0,2.0,0.0,6.0,6.0,0.0,0.0149916283128588,0.004876576865905467,0.0,1.0,4.0,0.0,6.0,1.0,18,0,1,1,3,6410,814,270,136,136,0,1.0,1,1,2.0,tumor,neuron_tumor,Neuroligin family (pathway-level),1,0.8616805538025247,0.03380405358013559,cc_edges_total=18 (+1.00); deg_pooled_log2fc=2.04 (+0.46); cc_n_partners=4 (+0.34),literature tier 2 (label)
10,NCL,cycling_tumor,IDH_WT,tumor,1.0,0.9511838022011868,0.9511838022011868,81.64712147971439,0.908,0.51,0.398,1.0,1.0,1.0,0.8838980851522424,1.0,2.0,0.0,16.0,9.0,7.0,0.1944223049077292,0.11037823575024061,0.0,2.0,4.0,0.0,16.0,0.125,70,0,1,2,7,6410,814,5847,663,663,0,0.125,0,1,,,,,0,0.8510007974969247,0.05602448572393647,cc_edges_total=70 (+0.66); cc_n_cells_e1=6.41e+03 (+0.22); deg_pct_diff=0.398 (+0.19),novel
11,PDGFRA,cycling_tumor,IDH_WT,tumor,1.0,4.463580373741013,4.463580373741013,300.0,0.664,0.036,0.628,1.0,1.0,1.0,3.948858685997316,1.0,4.0,0.0,2.0,2.0,0.0,0.0119692946711039,0.0077375447327477,0.0,1.0,2.0,1.0,2.0,1.0,6,0,1,1,3,6410,814,5847,663,663,0,1.0,0,1,1.0,tumor,growth,"Brennan et al., Cell 2013; Verhaak et al., Cancer Cell 2010",1,0.8494947195537106,0.05174246043603201,cc_n_partners=2 (+0.84); deg_pooled_log2fc=3.95 (+0.53); deg_n_celltypes_sig=4 (+0.35),literature tier 1 (label)
12,CNTN1,cycling_tumor,IDH_WT,tumor,1.0,4.193702883339663,4.193702883339663,300.0,0.428,0.015,0.413,1.0,1.0,1.0,3.9210720403512047,1.0,4.0,8.0,0.0,8.0,0.0,0.0116509341895663,0.003926612890837995,0.0,1.0,4.0,0.0,8.0,1.0,16,1,0,1,2,6410,814,5847,663,663,0,1.0,0,1,2.0,tumor,neuron_tumor,Synaptic adhesion (pathway-level),1,0.8448798767162515,0.06857556886269287,cc_edges_total=16 (+0.99); deg_pooled_log2fc=3.92 (+0.42); cc_n_partners=4 (+0.39),literature tier 2 (label)
13,NLGN1,AC_like_tumor,IDH_Mutant,tumor,1.0,0.7595203165593838,0.7595203165593838,2.4222764046244936,0.279,0.156,0.12300000000000003,1.0,0.0,0.0,1.93614498517714,1.0,2.0,0.0,6.0,6.0,0.0,0.0072948300004392,0.002365786006153625,0.0,1.0,4.0,0.0,6.0,1.0,18,0,1,1,3,72549,446,4249,283,283,0,1.0,1,1,2.0,tumor,neuron_tumor,Neuroligin family (pathway-level),1,0.844810460283458,0.03967695305172482,cc_edges_total=18 (+1.00); deg_pooled_log2fc=1.94 (+0.47); cc_n_partners=4 (+0.32),literature tier 2 (label)
14,GRIK2,cycling_tumor,IDH_WT,tumor,1.0,4.528205178189482,4.528205178189482,300.0,0.389,0.012,0.377,1.0,1.0,1.0,4.631978706508267,1.0,2.0,0.0,3.0,3.0,0.0,0.0065597772960454,0.0031500068338564404,0.0,1.0,2.0,1.0,3.0,1.0,6,0,1,1,2,6410,814,5847,663,663,0,1.0,0,1,,,,,0,0.8437690172560567,0.03704041564230604,cc_n_partners=2 (+0.85); deg_pooled_log2fc=4.63 (+0.38); cc_edges_e2=3 (+0.26),novel
15,NCL,cycling_tumor,IDH_Mutant,tumor,1.0,0.5154348925750831,0.5154348925750831,2.8279806111916863,0.853,0.452,0.40099999999999997,1.0,1.0,1.0,0.8838980851522424,1.0,3.0,0.0,16.0,9.0,7.0,0.1944223049077292,0.11037823575024061,0.0,2.0,4.0,0.0,16.0,0.125,70,0,1,2,7,6410,814,270,136,136,0,0.125,1,1,,,,,0,0.8432307728248679,0.06460514774280243,cc_edges_total=70 (+0.65); cc_n_cells_e1=6.41e+03 (+0.22); deg_pct_diff=0.401 (+0.20),novel
16,BSG,cycling_tumor,IDH_WT,tumor,1.0,1.634504647128292,1.634504647128292,200.83427001293353,0.851,0.25,0.601,1.0,0.0,0.0,1.472420085272131,1.0,3.0,0.0,13.0,13.0,0.0,0.1356608701322122,0.10899925749619775,0.0,1.0,7.0,5.0,13.0,1.0,56,0,1,1,4,6410,814,5847,663,663,0,1.0,0,1,,,,,0,0.8390054176060507,0.05993477231075977,cc_edges_total=56 (+0.73); deg_pooled_log2fc=1.47 (+0.40); cc_n_partners=7 (+0.23),novel
17,NRXN1,cycling_tumor,IDH_Mutant,tumor,1.0,3.708429971077246,3.708429971077246,44.15627315584702,0.779,0.048,0.731,1.0,1.0,1.0,2.043076640812517,1.0,3.0,10.0,0.0,10.0,0.0,0.0028593048615199,0.0017488561969960198,0.0,1.0,3.0,0.0,10.0,1.0,50,1,0,1,4,6410,814,270,136,136,0,1.0,1,1,2.0,tumor,neuron_tumor,Presynaptic partner of NLGN3 (pathway-level),1,0.8381157273590244,0.03937775700158988,cc_edges_total=50 (+1.21); deg_pooled_log2fc=2.04 (+0.43); cc_n_partners=3 (+0.42),literature tier 2 (label)
18,GRIK2,OPC_GABA_like_tumor,IDH_WT,tumor,1.0,2.355477324856107,2.355477324856107,254.8408924152123,0.415,0.069,0.346,1.0,1.0,1.0,1.945958225080222,1.0,2.0,0.0,3.0,3.0,0.0,0.0104304704349845,0.0050132069452765,0.0,1.0,2.0,1.0,3.0,1.0,6,0,1,1,2,6741,14114,5040,1935,1935,0,1.0,0,1,,,,,0,0.8347388589759076,0.043322493942227626,cc_n_partners=2 (+0.88); deg_pooled_log2fc=1.95 (+0.38); cc_edges_e2=3 (+0.27),novel
19,PDGFRA,OPC_GABA_like_tumor,IDH_WT,tumor,1.0,3.474013477544889,3.474013477544889,300.0,0.758,0.108,0.65,1.0,1.0,1.0,2.676631319433065,1.0,4.0,0.0,2.0,2.0,0.0,0.0135999473904176,0.0087930875886892,0.0,1.0,2.0,1.0,2.0,1.0,6,0,1,1,3,6741,14114,5040,1935,1935,0,1.0,0,1,1.0,tumor,growth,"Brennan et al., Cell 2013; Verhaak et al., Cancer Cell 2010",1,0.8339948681924693,0.05308101245370693,cc_n_partners=2 (+0.87); deg_pooled_log2fc=2.68 (+0.53); deg_n_celltypes_sig=4 (+0.35),literature tier 1 (label)
20,NCAM1,OPC_GABA_like_tumor,IDH_WT,tumor,1.0,1.9092615944633489,1.9092615944633489,300.0,0.761,0.194,0.567,1.0,1.0,1.0,1.8163051390488365,1.0,4.0,12.0,10.0,11.0,11.0,0.0937493977547745,0.022859245563446106,0.0,1.0,4.0,0.0,22.0,0.0,55,1,1,1,4,6741,14114,5040,1935,1935,0,0.0,0,1,2.0,tumor,neuron_tumor,Synaptic adhesion (pathway-level),1,0.8303102960702022,0.04619292553299879,cc_edges_total=55 (+0.85); deg_pooled_log2fc=1.82 (+0.45); deg_n_celltypes_sig=4 (+0.42),literature tier 2 (label)
21,GRIK2,cycling_tumor,IDH_Mutant,tumor,1.0,4.395623567045501,4.395623567045501,18.556434461649925,0.39,0.019,0.371,1.0,1.0,1.0,4.631978706508267,1.0,3.0,0.0,3.0,3.0,0.0,0.0065597772960454,0.0031500068338564404,0.0,1.0,2.0,1.0,3.0,1.0,6,0,1,1,2,6410,814,270,136,136,0,1.0,1,1,,,,,0,0.8301181297420136,0.044308425528671695,cc_n_partners=2 (+0.86); deg_pooled_log2fc=4.63 (+0.38); cc_edges_e2=3 (+0.26),novel
22,NCAM1,cycling_tumor,IDH_Mutant,tumor,1.0,4.828096259857139,4.828096259857139,49.45073162514205,0.787,0.037,0.75,1.0,1.0,1.0,2.6541876782611045,1.0,5.0,6.0,5.0,11.0,0.0,0.0539088305225066,0.022144309504525565,0.0,1.0,4.0,0.0,11.0,1.0,55,1,1,1,4,6410,814,270,136,136,0,1.0,1,1,2.0,tumor,neuron_tumor,Synaptic adhesion (pathway-level),1,0.8285748289740843,0.05368810108948721,cc_edges_total=55 (+0.86); deg_pooled_log2fc=2.65 (+0.50); deg_n_celltypes_sig=5 (+0.41),literature tier 2 (label)
23,NCAM1,cycling_tumor,IDH_WT,tumor,1.0,2.4549849661677747,2.4549849661677747,300.0,0.691,0.094,0.597,1.0,1.0,1.0,2.6541876782611045,1.0,4.0,6.0,5.0,11.0,0.0,0.0539088305225066,0.022144309504525565,0.0,1.0,4.0,0.0,11.0,1.0,55,1,1,1,4,6410,814,5847,663,663,0,1.0,0,1,2.0,tumor,neuron_tumor,Synaptic adhesion (pathway-level),1,0.8273375738791413,0.05473708247759423,cc_edges_total=55 (+0.86); deg_pooled_log2fc=2.65 (+0.50); deg_n_celltypes_sig=4 (+0.42),literature tier 2 (label)
24,PDGFRA,cycling_tumor,IDH_Mutant,tumor,1.0,3.761880760378688,3.761880760378688,30.936948110625547,0.551,0.019,0.532,1.0,1.0,1.0,3.948858685997316,1.0,4.0,0.0,2.0,2.0,0.0,0.0119692946711039,0.0077375447327477,0.0,1.0,2.0,1.0,2.0,1.0,6,0,1,1,3,6410,814,270,136,136,0,1.0,1,1,1.0,tumor,growth,"Brennan et al., Cell 2013; Verhaak et al., Cancer Cell 2010",1,0.8269205331884679,0.04176999774087303,cc_n_partners=2 (+0.85); deg_pooled_log2fc=3.95 (+0.54); deg_n_celltypes_sig=4 (+0.35),literature tier 1 (label)
25,MPZL1,cycling_tumor,IDH_WT,tumor,1.0,2.127937477347736,2.127937477347736,191.79615545642392,0.493,0.081,0.412,1.0,0.0,0.0,1.8598006636625044,1.0,4.0,2.0,2.0,4.0,0.0,0.0023450528994386,0.0022104610097024,0.0,1.0,2.0,2.0,4.0,1.0,8,1,1,1,2,6410,814,5847,663,663,0,1.0,0,1,,,,,0,0.8240047154413735,0.03981969361480019,cc_n_partners=2 (+0.85); deg_pooled_log2fc=1.86 (+0.42); deg_n_celltypes_sig=4 (+0.35),novel
26,BSG,OPC_GABA_AC_like_tumor,IDH_WT,tumor,1.0,1.3234847186944911,1.3234847186944911,14.531889683304207,0.503,0.203,0.3,1.0,1.0,1.0,,0.0,3.0,0.0,11.0,11.0,0.0,0.0364716239047509,0.030268695875044747,0.0,1.0,7.0,3.0,11.0,1.0,56,0,1,1,4,6202,1012,5384,171,171,0,1.0,0,1,,,,,0,0.8205409905624187,0.025020260353543242,cc_edges_total=56 (+0.80); cc_n_cells_e1=6.2e+03 (+0.22); cc_n_partners=7 (+0.21),novel
27,GRIA4,OPC_GABA_like_tumor,IDH_WT,tumor,1.0,-0.5617661326101477,0.5617661326101477,10.56906676096856,0.343,0.205,0.13800000000000004,-1.0,1.0,0.0,1.528990554097498,1.0,2.0,0.0,6.0,3.0,3.0,0.0396835918506492,0.011420645031546101,0.0,1.0,2.0,2.0,6.0,0.0,15,0,1,1,4,6741,14114,5040,1935,1935,0,-0.0,0,1,2.0,tumor,neuron_tumor,"AMPAR subunit family; Venkatesh et al., Nature 2019",1,0.8165891377461871,0.09068037361805845,cc_edges_total=15 (+1.01); cc_n_partners=2 (+0.88); deg_pooled_log2fc=1.53 (+0.38),literature tier 2 (label)
28,PDGFRA,OPC_GABA_like_tumor,IDH_Mutant,tumor,1.0,2.0619251384266706,2.0619251384266706,207.62676451085866,0.615,0.183,0.432,1.0,1.0,1.0,2.676631319433065,1.0,4.0,0.0,2.0,2.0,0.0,0.0135999473904176,0.0087930875886892,0.0,1.0,2.0,1.0,2.0,1.0,6,0,1,1,3,6741,14114,1658,11741,1658,0,1.0,1,1,1.0,tumor,growth,"Brennan et al., Cell 2013; Verhaak et al., Cancer Cell 2010",1,0.8129578177700442,0.05418191679899409,cc_n_partners=2 (+0.88); deg_pooled_log2fc=2.68 (+0.54); deg_n_celltypes_sig=4 (+0.35),literature tier 1 (label)
29,PDGFRA,AC_like_tumor,IDH_Mutant,tumor,1.0,1.4255408215478016,1.4255408215478016,13.220185656542728,0.307,0.123,0.184,1.0,1.0,1.0,4.140372631192878,1.0,4.0,0.0,2.0,2.0,0.0,0.0036612226418427,0.0023634613000852,0.0,1.0,2.0,1.0,2.0,1.0,6,0,1,1,3,72549,446,4249,283,283,0,1.0,1,1,1.0,tumor,growth,"Brennan et al., Cell 2013; Verhaak et al., Cancer Cell 2010",1,0.8106148115183986,0.052137335635527735,cc_n_partners=2 (+0.82); deg_pooled_log2fc=4.14 (+0.54); deg_n_celltypes_sig=4 (+0.35),literature tier 1 (label)
30,NCAM1,OPC_GABA_AC_like_tumor,IDH_WT,tumor,1.0,1.5368251044595398,1.5368251044595398,4.561371074498678,0.152,0.047,0.105,1.0,1.0,1.0,1.9838758817197129,1.0,4.0,6.0,5.0,11.0,0.0,0.0228642376149114,0.00928642507819179,0.0,1.0,4.0,0.0,11.0,1.0,55,1,1,1,4,6202,1012,5384,171,171,0,1.0,0,1,2.0,tumor,neuron_tumor,Synaptic adhesion (pathway-level),1,0.8102656748501893,0.04469286527995006,cc_edges_total=55 (+0.86); deg_pooled_log2fc=1.98 (+0.51); deg_n_celltypes_sig=4 (+0.38),literature tier 2 (label)
31,NCAM1,AC_like_tumor,IDH_WT,tumor,1.0,1.2998359248681246,1.2998359248681246,1.8793646417452232,0.213,0.079,0.134,1.0,1.0,1.0,2.194451284307587,1.0,4.0,6.0,5.0,11.0,0.0,0.0240611309936104,0.009776743985464673,0.0,1.0,4.0,0.0,11.0,1.0,55,1,1,1,4,72549,446,64812,108,108,0,1.0,0,1,2.0,tumor,neuron_tumor,Synaptic adhesion (pathway-level),1,0.809447587626341,0.04194389181206644,cc_edges_total=55 (+0.86); deg_pooled_log2fc=2.19 (+0.51); deg_n_celltypes_sig=4 (+0.38),literature tier 2 (label)
32,NRXN1,OPC_GABA_AC_like_tumor,IDH_Mutant,tumor,1.0,0.9711430925721845,0.9711430925721845,7.351884471257842,0.371,0.145,0.226,1.0,0.0,0.0,1.907627706950044,1.0,3.0,10.0,0.0,10.0,0.0,0.0046552822689749,0.0028490387553084797,0.0,1.0,3.0,0.0,10.0,1.0,50,1,0,1,4,6202,1012,352,742,352,0,1.0,1,1,2.0,tumor,neuron_tumor,Presynaptic partner of NLGN3 (pathway-level),1,0.800668334531896,0.05471188583996497,cc_edges_total=50 (+1.19); deg_pooled_log2fc=1.91 (+0.45); cc_n_partners=3 (+0.42),literature tier 2 (label)
33,BSG,OPC_GABA_like_tumor,IDH_WT,tumor,1.0,1.0060499171543125,1.0060499171543125,184.95248526242392,0.777,0.317,0.46,1.0,0.0,0.0,,0.0,3.0,0.0,26.0,13.0,13.0,0.0371646066923417,0.028620767883067635,0.04,1.0,7.0,10.0,26.0,0.0,56,0,1,1,4,6741,14114,5040,1935,1935,0,0.0,0,1,,,,,0,0.8000026627515933,0.014247379003857315,cc_edges_total=56 (+0.74); cc_n_cells_e1=6.74e+03 (+0.22); cc_n_partners=7 (+0.21),novel
34,PDGFRA,AC_like_tumor,IDH_WT,tumor,1.0,4.767666592412518,4.767666592412518,65.41537255550234,0.231,0.016,0.21500000000000002,1.0,1.0,1.0,4.140372631192878,1.0,4.0,0.0,2.0,2.0,0.0,0.0036612226418427,0.0023634613000852,0.0,1.0,2.0,1.0,2.0,1.0,6,0,1,1,3,72549,446,64812,108,108,0,1.0,0,1,1.0,tumor,growth,"Brennan et al., Cell 2013; Verhaak et al., Cancer Cell 2010",1,0.7986526176525639,0.05282896007816282,cc_n_partners=2 (+0.82); deg_pooled_log2fc=4.14 (+0.54); deg_n_celltypes_sig=4 (+0.35),literature tier 1 (label)
35,NCL,OPC_GABA_like_tumor,IDH_WT,tumor,1.0,0.8775570359008116,0.8775570359008116,168.6242011385509,0.9,0.519,0.381,1.0,1.0,1.0,0.4633000810855576,1.0,2.0,0.0,18.0,9.0,9.0,0.1742786165151618,0.1032529440862241,0.0,2.0,4.0,0.0,18.0,0.0,70,0,1,2,7,6741,14114,5040,1935,1935,0,0.0,0,1,,,,,0,0.7952151191013723,0.07995125105812084,cc_edges_total=70 (+0.74); cc_n_cells_e1=6.74e+03 (+0.21); cc_edges_e2=9 (+0.20),novel
36,NCAM1,OPC_GABA_like_tumor,IDH_Mutant,tumor,1.0,0.8179474277147007,0.8179474277147007,112.0896766779872,0.836,0.671,0.16499999999999992,1.0,1.0,1.0,1.8163051390488365,1.0,5.0,12.0,10.0,11.0,11.0,0.0937493977547745,0.022859245563446106,0.0,1.0,4.0,0.0,22.0,0.0,55,1,1,1,4,6741,14114,1658,11741,1658,0,0.0,1,1,2.0,tumor,neuron_tumor,Synaptic adhesion (pathway-level),1,0.7933959162331747,0.054995738107852625,cc_edges_total=55 (+0.85); deg_pooled_log2fc=1.82 (+0.45); deg_n_celltypes_sig=5 (+0.41),literature tier 2 (label)
37,GRIK2,OPC_GABA_like_tumor,IDH_Mutant,tumor,1.0,0.7077504020705077,0.7077504020705077,46.94851154767892,0.442,0.237,0.20500000000000002,1.0,1.0,1.0,1.945958225080222,1.0,3.0,0.0,3.0,3.0,0.0,0.0104304704349845,0.0050132069452765,0.0,1.0,2.0,1.0,3.0,1.0,6,0,1,1,2,6741,14114,1658,11741,1658,0,1.0,1,1,,,,,0,0.7908240617787884,0.05002767234143674,cc_n_partners=2 (+0.89); deg_pooled_log2fc=1.95 (+0.39); cc_edges_e2=3 (+0.27),novel
38,NLGN1,OPC_GABA_like_tumor,IDH_WT,tumor,1.0,1.0585738938253402,1.0585738938253402,152.14806400699962,0.456,0.137,0.319,1.0,0.0,0.0,0.769254745758341,1.0,2.0,0.0,6.0,6.0,0.0,0.0202156564962208,0.0065894255343515165,0.0,1.0,4.0,0.0,6.0,1.0,18,0,1,1,3,6741,14114,5040,1935,1935,0,1.0,0,1,2.0,tumor,neuron_tumor,Neuroligin family (pathway-level),1,0.7895915397582403,0.0452560708236423,cc_edges_total=18 (+1.01); cc_n_partners=4 (+0.33); cc_edges_e2=6 (+0.24),literature tier 2 (label)
39,NCAM1,AC_like_tumor,IDH_Mutant,tumor,1.0,0.7769346462815693,0.7769346462815693,5.175877672512749,0.463,0.3,0.16300000000000003,1.0,1.0,1.0,2.194451284307587,1.0,5.0,6.0,5.0,11.0,0.0,0.0240611309936104,0.009776743985464673,0.0,1.0,4.0,0.0,11.0,1.0,55,1,1,1,4,72549,446,4249,283,283,0,1.0,1,1,2.0,tumor,neuron_tumor,Synaptic adhesion (pathway-level),1,0.7894124519012742,0.04117515905110956,cc_edges_total=55 (+0.86); deg_pooled_log2fc=2.19 (+0.51); deg_n_celltypes_sig=5 (+0.37),literature tier 2 (label)
40,NRXN1,cycling_tumor,IDH_WT,tumor,1.0,0.9602406200106864,0.9602406200106864,36.6289552866046,0.259,0.083,0.176,1.0,1.0,1.0,2.043076640812517,1.0,2.0,10.0,0.0,10.0,0.0,0.0028593048615199,0.0017488561969960198,0.0,1.0,3.0,0.0,10.0,1.0,50,1,0,1,4,6410,814,5847,663,663,0,1.0,0,1,2.0,tumor,neuron_tumor,Presynaptic partner of NLGN3 (pathway-level),1,0.7867509665556476,0.038646851127212806,cc_edges_total=50 (+1.20); deg_pooled_log2fc=2.04 (+0.44); cc_n_partners=3 (+0.41),literature tier 2 (label)
41,CNTN1,OPC_GABA_like_tumor,IDH_WT,tumor,1.0,2.582221557836003,2.582221557836003,300.0,0.575,0.089,0.486,1.0,1.0,0.0,0.7700451578531753,1.0,4.0,8.0,0.0,8.0,0.0,0.0122804136302003,0.00413992983265115,0.0,1.0,4.0,0.0,8.0,1.0,16,1,0,1,2,6741,14114,5040,1935,1935,0,1.0,0,1,2.0,tumor,neuron_tumor,Synaptic adhesion (pathway-level),1,0.7867331034200623,0.09444673557751106,cc_edges_total=16 (+0.99); cc_n_partners=4 (+0.38); deg_n_celltypes_sig=4 (+0.35),literature tier 2 (label)
42,CDH2,cycling_tumor,IDH_Mutant,tumor,1.0,2.6981053725906845,2.6981053725906845,16.020476888215608,0.39,0.03,0.36,1.0,1.0,1.0,0.8498387895961115,1.0,1.0,4.0,4.0,8.0,0.0,0.0076576511402805,0.0047415855174035,0.0,1.0,3.0,0.0,8.0,1.0,32,1,1,1,3,6410,814,270,136,136,0,1.0,1,1,,,,,0,0.7838213333570947,0.08345621753470968,cc_n_partners=3 (+0.33); cc_edges_e2=8 (+0.23); cc_n_cells_e1=6.41e+03 (+0.21),novel
43,BSG,OPC_GABA_AC_like_tumor,IDH_Mutant,tumor,1.0,0.5692270483188733,0.5692270483188733,1.3611990434991594,0.247,0.111,0.136,1.0,1.0,1.0,,0.0,1.0,0.0,11.0,11.0,0.0,0.0364716239047509,0.030268695875044747,0.0,1.0,7.0,3.0,11.0,1.0,56,0,1,1,4,6202,1012,352,742,352,0,1.0,1,1,,,,,0,0.7824660702859887,0.041117489781401076,cc_edges_total=56 (+0.78); cc_n_cells_e1=6.2e+03 (+0.20); deg_pct_diff=0.136 (+0.19),novel
44,PTPRZ1,OPC_GABA_like_tumor,IDH_Mutant,tumor,1.0,1.4270032774712194,1.4270032774712194,300.0,0.975,0.848,0.127,1.0,1.0,1.0,0.8111005866360368,1.0,4.0,0.0,21.0,11.0,10.0,0.2619954091305924,0.15587502599335212,0.0,2.0,6.0,3.0,21.0,0.047619047619047616,77,0,1,2,4,6741,14114,1658,11741,1658,0,0.047619047619047616,1,1,1.0,tumor,myeloid_bridge,"Shi et al., Cell Stem Cell 2017",1,0.780937636702834,0.031228470058031668,cc_edges_total=77 (+0.79); deg_n_celltypes_sig=4 (+0.40); cc_n_partners=6 (+0.29),literature tier 1 (label)
45,NRXN1,AC_like_tumor,IDH_Mutant,tumor,1.0,0.6008951540009626,0.6008951540009626,5.218712506067573,0.583,0.377,0.20599999999999996,1.0,0.0,0.0,1.6117118674623212,1.0,3.0,10.0,0.0,10.0,0.0,0.0049699357888254,0.00304192474785722,0.0,1.0,3.0,0.0,10.0,1.0,50,1,0,1,4,72549,446,4249,283,283,0,1.0,1,1,2.0,tumor,neuron_tumor,Presynaptic partner of NLGN3 (pathway-level),1,0.7802263152242334,0.06558293274351436,cc_edges_total=50 (+1.19); deg_pooled_log2fc=1.61 (+0.43); cc_n_partners=3 (+0.41),literature tier 2 (label)
46,NOTCH1,cycling_tumor,IDH_WT,tumor,1.0,2.186278539926624,2.186278539926624,186.2528481982885,0.383,0.046,0.337,1.0,0.0,0.0,2.0468222299775896,1.0,2.0,0.0,8.0,8.0,0.0,0.0102880806075418,0.004045192693051016,0.0,2.0,4.0,0.0,8.0,1.0,16,0,1,2,2,6410,814,5847,663,663,0,1.0,0,1,2.0,tumor,growth,Notch pathway (pathway-level),1,0.7779934465664997,0.05915237144571964,cc_edges_total=16 (+1.00); deg_pooled_log2fc=2.05 (+0.37); cc_n_partners=4 (+0.35),literature tier 2 (label)
47,NCL,OPC_GABA_like_tumor,IDH_Mutant,tumor,1.0,0.5853743688956974,0.5853743688956974,75.52939428058913,0.834,0.706,0.128,1.0,1.0,1.0,0.4633000810855576,1.0,3.0,0.0,18.0,9.0,9.0,0.1742786165151618,0.1032529440862241,0.0,2.0,4.0,0.0,18.0,0.0,70,0,1,2,7,6741,14114,1658,11741,1658,0,0.0,1,1,,,,,0,0.7769742322675344,0.09228786646434169,cc_edges_total=70 (+0.74); cc_n_cells_e1=6.74e+03 (+0.21); cc_edges_e2=9 (+0.20),novel
48,NCAM1,OPC_GABA_AC_like_tumor,IDH_Mutant,tumor,1.0,0.5713532922208646,0.5713532922208646,1.6095869100475486,0.334,0.168,0.166,1.0,1.0,1.0,1.9838758817197129,1.0,5.0,6.0,5.0,11.0,0.0,0.0228642376149114,0.00928642507819179,0.0,1.0,4.0,0.0,11.0,1.0,55,1,1,1,4,6202,1012,352,742,352,0,1.0,1,1,2.0,tumor,neuron_tumor,Synaptic adhesion (pathway-level),1,0.7768172191703211,0.04018055230855029,cc_edges_total=55 (+0.86); deg_pooled_log2fc=1.98 (+0.51); deg_n_celltypes_sig=5 (+0.37),literature tier 2 (label)
49,PTPRZ1,OPC_GABA_like_tumor,IDH_WT,tumor,1.0,1.3379625570858416,1.3379625570858416,300.0,0.983,0.86,0.123,1.0,1.0,1.0,0.8111005866360368,1.0,5.0,0.0,21.0,11.0,10.0,0.2619954091305924,0.15587502599335212,0.0,2.0,6.0,3.0,21.0,0.047619047619047616,77,0,1,2,4,6741,14114,5040,1935,1935,0,0.047619047619047616,0,1,1.0,tumor,myeloid_bridge,"Shi et al., Cell Stem Cell 2017",1,0.7767881054060604,0.030425251496600643,cc_edges_total=77 (+0.80); deg_n_celltypes_sig=5 (+0.40); cc_n_partners=6 (+0.29),literature tier 1 (label)
50,APP,AC_like_tumor,IDH_Mutant,tumor,0.0,0.0,0.0,0.0,,,0.0,0.0,0.0,0.0,,0.0,3.0,20.0,0.0,10.0,10.0,0.0466729998846793,0.02494242887230293,0.04,1.0,4.0,16.0,20.0,0.0,78,1,0,1,4,72549,446,4249,283,283,0,0.0,1,0,,,,,0,0.7759143447062666,0.044008679311323816,cc_edges_total=78 (+0.85); cc_n_cells_e1=7.25e+04 (+0.24); cc_n_partners=4 (+0.20),novel
51,APP,OPC_GABA_AC_like_tumor,IDH_Mutant,tumor,0.0,0.0,0.0,0.0,,,0.0,0.0,0.0,0.0,,0.0,3.0,19.0,0.0,9.0,10.0,0.0432295489429381,0.021942976615914607,0.02,1.0,4.0,16.0,19.0,-0.05263157894736842,78,1,0,1,4,6202,1012,352,742,352,0,-0.0,1,0,,,,,0,0.7729865199001817,0.04431855362935145,cc_edges_total=78 (+0.85); cc_n_cells_e1=6.2e+03 (+0.25); cc_n_partners=4 (+0.20),novel
52,BSG,AC_like_tumor,IDH_WT,tumor,0.0,0.0,0.0,0.0,,,0.0,0.0,0.0,0.0,,0.0,3.0,0.0,6.0,6.0,0.0,0.027815192477311,0.02515049437541185,0.04,1.0,4.0,0.0,6.0,1.0,56,0,1,1,4,72549,446,64812,108,108,0,0.0,0,0,,,,,0,0.7712816960050957,0.043898750078028716,cc_edges_total=56 (+0.83); cc_n_cells_e1=7.25e+04 (+0.23); cc_edges_e2=6 (+0.18),novel
53,CDH2,cycling_tumor,IDH_WT,tumor,1.0,0.8278787438929278,0.8278787438929278,108.72235858210092,0.534,0.135,0.399,1.0,1.0,1.0,0.8498387895961115,1.0,1.0,4.0,4.0,8.0,0.0,0.0076576511402805,0.0047415855174035,0.0,1.0,3.0,0.0,8.0,1.0,32,1,1,1,3,6410,814,5847,663,663,0,1.0,0,1,,,,,0,0.7710831365787756,0.08243042809286101,cc_n_partners=3 (+0.32); cc_edges_e2=8 (+0.23); cc_n_cells_e1=6.41e+03 (+0.21),novel
54,APP,cycling_tumor,IDH_Mutant,tumor,1.0,3.047695379909121,3.047695379909121,30.167954522455883,0.662,0.074,0.5880000000000001,1.0,1.0,1.0,0.699568325640972,1.0,3.0,13.0,0.0,13.0,0.0,0.0953371521546039,0.04503520625305321,0.0,1.0,6.0,10.0,13.0,1.0,78,1,0,1,4,6410,814,270,136,136,0,1.0,1,1,,,,,0,0.7709690023231212,0.04808082875525277,cc_edges_total=78 (+0.79); cc_n_cells_e1=6.41e+03 (+0.22); deg_pct_diff=0.588 (+0.19),novel
55,GRIA4,AC_like_tumor,IDH_WT,tumor,0.0,0.0,0.0,0.0,,,0.0,0.0,0.0,0.0,,0.0,2.0,0.0,3.0,3.0,0.0,0.0114997280346777,0.0055284985840857335,0.0,1.0,2.0,1.0,3.0,1.0,15,0,1,1,4,72549,446,64812,108,108,0,0.0,0,0,2.0,tumor,neuron_tumor,"AMPAR subunit family; Venkatesh et al., Nature 2019",1,0.7695776585404179,0.12009786554094537,cc_edges_total=15 (+1.00); cc_n_partners=2 (+0.80); cc_n_cells_e1=7.25e+04 (+0.24),literature tier 2 (label)
56,APP,AC_like_tumor,IDH_WT,tumor,0.0,0.0,0.0,0.0,,,0.0,0.0,0.0,0.0,,0.0,1.0,20.0,0.0,10.0,10.0,0.0466729998846793,0.02494242887230293,0.04,1.0,4.0,16.0,20.0,0.0,78,1,0,1,4,72549,446,64812,108,108,0,0.0,0,0,,,,,0,0.7672267986982074,0.042951106364157964,cc_edges_total=78 (+0.83); cc_n_cells_e1=7.25e+04 (+0.22); cc_edges_e2=10 (+0.18),novel
57,APP,OPC_GABA_AC_like_tumor,IDH_WT,tumor,0.0,0.0,0.0,0.0,,,0.0,0.0,0.0,0.0,,0.0,1.0,19.0,0.0,9.0,10.0,0.0432295489429381,0.021942976615914607,0.02,1.0,4.0,16.0,19.0,-0.05263157894736842,78,1,0,1,4,6202,1012,5384,171,171,0,-0.0,0,0,,,,,0,0.766173930143878,0.042917987588690816,cc_edges_total=78 (+0.83); cc_n_cells_e1=6.2e+03 (+0.23); cc_edges_e2=9 (+0.18),novel
58,PTPRZ1,AC_like_tumor,IDH_Mutant,tumor,1.0,1.1924080438665343,1.1924080438665343,22.332642659821058,0.689,0.453,0.23599999999999993,1.0,1.0,1.0,0.8452853049688347,1.0,4.0,0.0,19.0,10.0,9.0,0.1953178125352112,0.12154979763396631,0.0,2.0,5.0,1.0,19.0,0.05263157894736842,77,0,1,2,4,72549,446,4249,283,283,0,0.05263157894736842,1,1,1.0,tumor,myeloid_bridge,"Shi et al., Cell Stem Cell 2017",1,0.765314928197794,0.030619083605365097,cc_edges_total=77 (+0.79); deg_n_celltypes_sig=4 (+0.39); deg_pct_diff=0.236 (+0.24),literature tier 1 (label)
59,CD74,AC_like_tumor,IDH_Mutant,tumor,0.0,0.0,0.0,0.0,,,0.0,0.0,0.0,0.0,,0.0,4.0,0.0,6.0,0.0,6.0,0.0223694210384319,0.013996717026047665,0.04,1.0,4.0,0.0,6.0,-1.0,109,0,1,2,6,72549,446,4249,283,283,0,-0.0,1,0,1.0,TAM_microglia,myeloid_bridge,"Ghoochani et al., Oncotarget 2016",0,0.7617828727265428,0.12025234690991561,cc_edges_total=109 (+0.89); cc_n_cells_e1=7.25e+04 (+0.23); deg_n_celltypes_sig=4 (+0.23),"literature gene, other compartment"
60,PTPRZ1,AC_like_tumor,IDH_WT,tumor,1.0,1.4127205516116723,1.4127205516116723,3.264752982945147,0.685,0.597,0.08800000000000008,1.0,1.0,1.0,0.8452853049688347,1.0,5.0,0.0,19.0,10.0,9.0,0.1953178125352112,0.12154979763396631,0.0,2.0,5.0,1.0,19.0,0.05263157894736842,77,0,1,2,4,72549,446,64812,108,108,0,0.05263157894736842,0,1,1.0,tumor,myeloid_bridge,"Shi et al., Cell Stem Cell 2017",1,0.7592029926588262,0.02537776734359409,cc_edges_total=77 (+0.79); deg_n_celltypes_sig=5 (+0.38); deg_pct_diff=0.088 (+0.24),literature tier 1 (label)
61,CNTN1,cycling_tumor,IDH_Mutant,tumor,1.0,2.3951382460271518,2.3951382460271518,11.256414135215593,0.272,0.011,0.261,1.0,1.0,1.0,3.9210720403512047,1.0,2.0,8.0,0.0,8.0,0.0,0.0116509341895663,0.003926612890837995,0.0,1.0,4.0,0.0,8.0,1.0,16,1,0,1,2,6410,814,270,136,136,0,1.0,1,1,2.0,tumor,neuron_tumor,Synaptic adhesion (pathway-level),1,0.7567328131641745,0.07657920335206814,cc_edges_total=16 (+1.00); deg_pooled_log2fc=3.92 (+0.37); cc_n_partners=4 (+0.34),literature tier 2 (label)
62,CD74,OPC_GABA_AC_like_tumor,IDH_WT,tumor,1.0,-5.750809206703872,5.750809206703872,8.57196556734812,0.012,0.266,-0.254,-1.0,1.0,1.0,-2.7587158941915417,1.0,5.0,0.0,3.0,0.0,3.0,0.0151993918896934,0.013638357598851734,0.0,1.0,2.0,0.0,3.0,-1.0,109,0,1,2,6,6202,1012,5384,171,171,0,1.0,0,1,1.0,TAM_microglia,myeloid_bridge,"Ghoochani et al., Oncotarget 2016",0,0.7563132086673445,0.12933246406578838,cc_edges_total=109 (+1.02); cc_n_partners=2 (+0.76); cc_n_cells_e1=6.2e+03 (+0.22),"literature gene, other compartment"
63,NCL,AC_like_tumor,IDH_Mutant,tumor,1.0,0.7528633734722951,0.7528633734722951,13.188503693061056,0.664,0.419,0.24500000000000005,1.0,0.0,0.0,0.580118032400988,1.0,3.0,0.0,10.0,9.0,1.0,0.1384156467333893,0.08741232974037678,0.0,2.0,4.0,0.0,10.0,0.8,70,0,1,2,7,72549,446,4249,283,283,0,0.8,1,1,,,,,0,0.7532985507872738,0.08491023577157099,cc_edges_total=70 (+0.73); cc_n_cells_e1=7.25e+04 (+0.22); deg_pct_diff=0.245 (+0.19),novel
64,GRIA4,OPC_GABA_AC_like_tumor,IDH_WT,tumor,0.0,0.0,0.0,0.0,,,0.0,0.0,0.0,0.0,,0.0,2.0,0.0,3.0,3.0,0.0,0.0019474653876835,0.0009341804119280841,0.0,1.0,2.0,1.0,3.0,1.0,15,0,1,1,4,6202,1012,5384,171,171,0,0.0,0,0,2.0,tumor,neuron_tumor,"AMPAR subunit family; Venkatesh et al., Nature 2019",1,0.7525446538257909,0.09876105793959125,cc_edges_total=15 (+1.01); cc_n_partners=2 (+0.77); cc_n_cells_e1=6.2e+03 (+0.25),literature tier 2 (label)
65,CD74,OPC_GABA_AC_like_tumor,IDH_Mutant,tumor,1.0,-3.614543750610336,3.614543750610336,23.210025313781884,0.049,0.276,-0.22700000000000004,-1.0,1.0,1.0,-2.7587158941915417,1.0,4.0,0.0,3.0,0.0,3.0,0.0151993918896934,0.013638357598851734,0.0,1.0,2.0,0.0,3.0,-1.0,109,0,1,2,6,6202,1012,352,742,352,0,1.0,1,1,1.0,TAM_microglia,myeloid_bridge,"Ghoochani et al., Oncotarget 2016",0,0.7515003442535807,0.13267512209213955,cc_edges_total=109 (+1.02); cc_n_partners=2 (+0.77); cc_n_cells_e1=6.2e+03 (+0.22),"literature gene, other compartment"
66,BSG,AC_like_tumor,IDH_Mutant,tumor,0.0,0.0,0.0,0.0,,,0.0,0.0,0.0,0.0,,0.0,1.0,0.0,6.0,6.0,0.0,0.027815192477311,0.02515049437541185,0.04,1.0,4.0,0.0,6.0,1.0,56,0,1,1,4,72549,446,4249,283,283,0,0.0,1,0,,,,,0,0.7393815988319582,0.06186363962486771,cc_edges_total=56 (+0.81); cc_n_cells_e1=7.25e+04 (+0.21); cc_edges_e2=6 (+0.18),novel
67,NLGN1,AC_like_tumor,IDH_WT,tumor,0.0,0.0,0.0,0.0,,,0.0,0.0,0.0,0.0,,0.0,2.0,0.0,6.0,6.0,0.0,0.0072948300004392,0.002365786006153625,0.0,1.0,4.0,0.0,6.0,1.0,18,0,1,1,3,72549,446,64812,108,108,0,0.0,0,0,2.0,tumor,neuron_tumor,Neuroligin family (pathway-level),1,0.7372442602101612,0.029265528691279387,cc_edges_total=18 (+1.03); cc_n_partners=4 (+0.26); cc_n_cells_e1=7.25e+04 (+0.24),literature tier 2 (label)
68,CD4,OPC_GABA_AC_like_tumor,IDH_WT,tumor,0.0,0.0,0.0,0.0,,,0.0,0.0,0.0,0.0,,0.0,1.0,0.0,0.0,0.0,0.0,0.0,0.0,,0.0,0.0,0.0,0.0,,88,0,1,1,1,6202,1012,5384,171,171,0,0.0,0,0,2.0,T_cell,immune_synapse,MHC-II co-receptor (pathway-level),0,0.7369193050831863,0.028607346847104947,cc_edges_total=88 (+1.14); cc_n_cells_e1=6.2e+03 (+0.20); cc_n_celltypes_total=1 (+0.10),"literature gene, other compartment"
69,CD4,AC_like_tumor,IDH_Mutant,tumor,0.0,0.0,0.0,0.0,,,0.0,0.0,0.0,0.0,,0.0,1.0,0.0,0.0,0.0,0.0,0.0,0.0,,0.0,0.0,0.0,0.0,,88,0,1,1,1,72549,446,4249,283,283,0,0.0,1,0,2.0,T_cell,immune_synapse,MHC-II co-receptor (pathway-level),0,0.7351959647316896,0.027960915114095826,cc_edges_total=88 (+1.14); cc_n_cells_e1=7.25e+04 (+0.19); cc_n_celltypes_total=1 (+0.10),"literature gene, other compartment"
70,CD4,AC_like_tumor,IDH_WT,tumor,0.0,0.0,0.0,0.0,,,0.0,0.0,0.0,0.0,,0.0,1.0,0.0,0.0,0.0,0.0,0.0,0.0,,0.0,0.0,0.0,0.0,,88,0,1,1,1,72549,446,64812,108,108,0,0.0,0,0,2.0,T_cell,immune_synapse,MHC-II co-receptor (pathway-level),0,0.7351959647316896,0.027960915114095826,cc_edges_total=88 (+1.15); cc_n_cells_e1=7.25e+04 (+0.19); cc_n_celltypes_total=1 (+0.10),"literature gene, other compartment"
71,NCL,OPC_GABA_AC_like_tumor,IDH_Mutant,tumor,0.0,0.0,0.0,0.0,,,0.0,0.0,0.0,0.0,,0.0,3.0,0.0,9.0,7.0,2.0,0.1031600242652839,0.06558699115813464,0.03,2.0,4.0,0.0,9.0,0.5555555555555556,70,0,1,2,7,6202,1012,352,742,352,0,0.0,1,0,,,,,0,0.7346692925420111,0.07461658407713577,cc_edges_total=70 (+0.69); cc_n_cells_e1=6.2e+03 (+0.23); cc_edges_e2=7 (+0.16),novel
72,CD4,OPC_GABA_AC_like_tumor,IDH_Mutant,tumor,0.0,0.0,0.0,0.0,,,0.0,0.0,0.0,0.0,,0.0,1.0,0.0,0.0,0.0,0.0,0.0,0.0,,0.0,0.0,0.0,0.0,,88,0,1,1,1,6202,1012,352,742,352,0,0.0,1,0,2.0,T_cell,immune_synapse,MHC-II co-receptor (pathway-level),0,0.7338463536613731,0.027489837509296497,cc_edges_total=88 (+1.14); cc_n_cells_e1=6.2e+03 (+0.20); cc_n_celltypes_total=1 (+0.10),"literature gene, other compartment"
73,APP,OPC_GABA_like_tumor,IDH_Mutant,tumor,1.0,-0.3167626362650033,0.3167626362650033,7.989395620186939,0.665,0.7,-0.03499999999999992,-1.0,0.0,0.0,,0.0,3.0,26.0,0.0,13.0,13.0,0.1172844910109071,0.0531219860188931,0.0,1.0,6.0,20.0,26.0,0.0,78,1,0,1,4,6741,14114,1658,11741,1658,0,-0.0,1,1,,,,,0,0.7327232164759121,0.0500068422027999,cc_edges_total=78 (+0.78); cc_n_cells_e1=6.74e+03 (+0.24); cc_n_partners=6 (+0.19),novel
74,APP,cycling_tumor,IDH_WT,tumor,1.0,0.5635272019122394,0.5635272019122394,78.444029319751,0.695,0.241,0.45399999999999996,1.0,1.0,1.0,0.699568325640972,1.0,1.0,13.0,0.0,13.0,0.0,0.0953371521546039,0.04503520625305321,0.0,1.0,6.0,10.0,13.0,1.0,78,1,0,1,4,6410,814,5847,663,663,0,1.0,0,1,,,,,0,0.729069358501145,0.03641491721577657,cc_edges_total=78 (+0.77); cc_n_cells_e1=6.41e+03 (+0.20); deg_pct_diff=0.454 (+0.18),novel
75,CD4,cycling_tumor,IDH_Mutant,tumor,1.0,-5.401511792661634,5.401511792661634,2.188992436607403,0.007,0.189,-0.182,-1.0,0.0,0.0,,0.0,1.0,0.0,0.0,0.0,0.0,0.0,0.0,,0.0,0.0,0.0,0.0,,88,0,1,1,1,6410,814,270,136,136,0,-0.0,1,0,2.0,T_cell,immune_synapse,MHC-II co-receptor (pathway-level),0,0.7284351874238384,0.036824785216779315,cc_edges_total=88 (+1.13); cc_n_cells_e1=6.41e+03 (+0.18); cc_n_celltypes_total=1 (+0.11),"literature gene, other compartment"
76,CD4,cycling_tumor,IDH_WT,tumor,0.0,0.0,0.0,0.0,,,0.0,0.0,0.0,0.0,,0.0,1.0,0.0,0.0,0.0,0.0,0.0,0.0,,0.0,0.0,0.0,0.0,,88,0,1,1,1,6410,814,5847,663,663,0,0.0,0,0,2.0,T_cell,immune_synapse,MHC-II co-receptor (pathway-level),0,0.7280566238963075,0.028324310329321492,cc_edges_total=88 (+1.14); cc_n_cells_e1=6.41e+03 (+0.19); cc_n_celltypes_total=1 (+0.10),"literature gene, other compartment"
77,NRXN1,OPC_GABA_like_tumor,IDH_WT,tumor,1.0,0.4389322273675187,0.4389322273675187,39.704888127724416,0.396,0.201,0.195,1.0,0.0,0.0,1.3470831036683468,1.0,2.0,20.0,0.0,10.0,10.0,0.0202156564962208,0.007657003490098835,0.0,1.0,3.0,0.0,20.0,0.0,50,1,0,1,4,6741,14114,5040,1935,1935,0,0.0,0,1,2.0,tumor,neuron_tumor,Presynaptic partner of NLGN3 (pathway-level),1,0.7280228757252021,0.08373179179468171,cc_edges_total=50 (+1.19); cc_n_partners=3 (+0.43); deg_pooled_log2fc=1.35 (+0.28),literature tier 2 (label)
78,NCL,OPC_GABA_AC_like_tumor,IDH_WT,tumor,0.0,0.0,0.0,0.0,,,0.0,0.0,0.0,0.0,,0.0,2.0,0.0,9.0,7.0,2.0,0.1031600242652839,0.06558699115813464,0.03,2.0,4.0,0.0,9.0,0.5555555555555556,70,0,1,2,7,6202,1012,5384,171,171,0,0.0,0,0,,,,,0,0.7238812760046092,0.0693744690015695,cc_edges_total=70 (+0.69); cc_n_cells_e1=6.2e+03 (+0.23); cc_edges_e2=7 (+0.16),novel
79,CADM1,OPC_GABA_like_tumor,IDH_Mutant,tumor,1.0,0.3166143080291086,0.3166143080291086,6.401929440123118,0.49,0.408,0.08200000000000002,1.0,0.0,0.0,,0.0,2.0,8.0,8.0,8.0,8.0,0.0116234274434474,0.006223641285348925,0.0,1.0,3.0,0.0,16.0,0.0,32,1,1,1,3,6741,14114,1658,11741,1658,0,0.0,1,1,,,,,0,0.7213225384503235,0.11227513883650153,cc_n_partners=3 (+0.39); cc_n_cells_e1=6.74e+03 (+0.24); cc_edges_e2=8 (+0.23),novel
80,DLL1,cycling_tumor,IDH_WT,tumor,1.0,5.679976711877195,5.679976711877195,300.0,0.287,0.004,0.283,1.0,1.0,1.0,5.212429076298599,1.0,2.0,2.0,0.0,2.0,0.0,0.000707569088656626,0.0006363527970828948,0.0,1.0,2.0,0.0,2.0,1.0,4,1,0,1,2,6410,814,5847,663,663,0,1.0,0,1,,,,,0,0.7172063949150609,0.04393870253176086,cc_n_partners=2 (+0.82); deg_pooled_log2fc=5.21 (+0.33); cc_edges_e2=2 (+0.26),novel
81,CADM1,AC_like_tumor,IDH_WT,tumor,0.0,0.0,0.0,0.0,,,0.0,0.0,0.0,0.0,,0.0,1.0,4.0,4.0,8.0,0.0,0.0047318087990022,0.0033035204842957,0.0,1.0,3.0,0.0,8.0,1.0,32,1,1,1,3,72549,446,64812,108,108,0,0.0,0,0,,,,,0,0.7160627637289034,0.10150919686359647,cc_n_partners=3 (+0.26); cc_n_cells_e1=7.25e+04 (+0.23); cc_edges_e2=8 (+0.21),novel
82,NOTCH1,OPC_GABA_like_tumor,IDH_WT,tumor,1.0,1.948206935844322,1.948206935844322,219.237885823532,0.381,0.066,0.315,1.0,0.0,0.0,0.9602272582073454,1.0,2.0,0.0,8.0,8.0,0.0,0.0082329945247519,0.0032351133071600855,0.0,2.0,4.0,0.0,8.0,1.0,16,0,1,2,2,6741,14114,5040,1935,1935,0,1.0,0,1,2.0,tumor,growth,Notch pathway (pathway-level),1,0.7145992330172432,0.11234561794846044,cc_edges_total=16 (+1.01); cc_n_partners=4 (+0.35); cc_edges_e2=8 (+0.24),literature tier 2 (label)
83,NLGN1,OPC_GABA_like_tumor,IDH_Mutant,tumor,0.0,0.0,0.0,0.0,,,0.0,0.0,0.0,0.0,,0.0,2.0,0.0,6.0,6.0,0.0,0.0202156564962208,0.0065894255343515165,0.0,1.0,4.0,0.0,6.0,1.0,18,0,1,1,3,6741,14114,1658,11741,1658,0,0.0,1,0,2.0,tumor,neuron_tumor,Neuroligin family (pathway-level),1,0.7142696034446203,0.02597312991994956,cc_edges_total=18 (+1.03); cc_n_partners=4 (+0.29); cc_n_cells_e1=6.74e+03 (+0.23),literature tier 2 (label)
84,NRCAM,AC_like_tumor,IDH_Mutant,tumor,1.0,1.418778113763021,1.418778113763021,17.882406924454987,0.495,0.253,0.242,1.0,0.0,0.0,0.6015202490648668,1.0,4.0,0.0,4.0,2.0,2.0,0.0036696350326655,0.00316495639881815,0.0,1.0,2.0,0.0,4.0,0.0,12,0,1,1,4,72549,446,4249,283,283,0,0.0,1,1,,,,,0,0.7140216622437419,0.1796897354140713,cc_n_partners=2 (+0.81); deg_n_celltypes_sig=4 (+0.31); cc_edges_e2=2 (+0.28),novel
85,CADM1,AC_like_tumor,IDH_Mutant,tumor,0.0,0.0,0.0,0.0,,,0.0,0.0,0.0,0.0,,0.0,2.0,4.0,4.0,8.0,0.0,0.0047318087990022,0.0033035204842957,0.0,1.0,3.0,0.0,8.0,1.0,32,1,1,1,3,72549,446,4249,283,283,0,0.0,1,0,,,,,0,0.7121227965798301,0.0993415012863661,cc_n_partners=3 (+0.32); cc_n_cells_e1=7.25e+04 (+0.25); cc_edges_e2=8 (+0.21),novel
86,GRIA2,cycling_tumor,IDH_Mutant,tumor,1.0,4.653403958396013,4.653403958396013,37.39719059706227,0.647,0.03,0.617,1.0,1.0,1.0,2.6067381794114644,1.0,4.0,0.0,3.0,3.0,0.0,0.0081782421612816,0.003928664324832367,0.0,1.0,2.0,1.0,3.0,1.0,12,0,1,1,3,6410,814,270,136,136,0,1.0,1,1,1.0,tumor,neuron_tumor,"Venkatesh et al., Nature 2019; Venkataramani et al., Nature 2019",1,0.7107836873783964,0.10331167737260816,cc_n_partners=2 (+0.86); deg_pooled_log2fc=2.61 (+0.54); deg_n_celltypes_sig=4 (+0.35),literature tier 1 (label)
87,CDH2,OPC_GABA_like_tumor,IDH_Mutant,tumor,0.0,0.0,0.0,0.0,,,0.0,0.0,0.0,0.0,,0.0,1.0,8.0,8.0,8.0,8.0,0.0044510612440127,0.0024337427361116625,0.0,1.0,3.0,0.0,16.0,0.0,32,1,1,1,3,6741,14114,1658,11741,1658,0,0.0,1,0,,,,,0,0.7099229243673755,0.09817785250972003,cc_n_partners=3 (+0.29); cc_n_cells_e1=6.74e+03 (+0.23); cc_edges_e2=8 (+0.22),novel
88,APP,OPC_GABA_like_tumor,IDH_WT,tumor,0.0,0.0,0.0,0.0,,,0.0,0.0,0.0,0.0,,0.0,1.0,26.0,0.0,13.0,13.0,0.1172844910109071,0.0531219860188931,0.0,1.0,6.0,20.0,26.0,0.0,78,1,0,1,4,6741,14114,5040,1935,1935,0,0.0,0,0,,,,,0,0.7090095923974776,0.03244712772708299,cc_edges_total=78 (+0.76); cc_n_cells_e1=6.74e+03 (+0.22); cc_n_celltypes_total=4 (+0.13),novel
89,CDH2,AC_like_tumor,IDH_WT,tumor,0.0,0.0,0.0,0.0,,,0.0,0.0,0.0,0.0,,0.0,1.0,4.0,4.0,8.0,0.0,0.0034390918544762,0.00212677993686345,0.0,1.0,3.0,0.0,8.0,1.0,32,1,1,1,3,72549,446,64812,108,108,0,0.0,0,0,,,,,0,0.7077306860822663,0.11413682272361325,cc_n_partners=3 (+0.26); cc_n_cells_e1=7.25e+04 (+0.23); cc_edges_e2=8 (+0.20),novel
90,CDH2,OPC_GABA_like_tumor,IDH_WT,tumor,0.0,0.0,0.0,0.0,,,0.0,0.0,0.0,0.0,,0.0,1.0,8.0,8.0,8.0,8.0,0.0044510612440127,0.0024337427361116625,0.0,1.0,3.0,0.0,16.0,0.0,32,1,1,1,3,6741,14114,5040,1935,1935,0,0.0,0,0,,,,,0,0.7074128249659883,0.09683904529019377,cc_n_partners=3 (+0.29); cc_n_cells_e1=6.74e+03 (+0.23); cc_edges_e2=8 (+0.22),novel
91,PTPRZ1,OPC_GABA_AC_like_tumor,IDH_WT,tumor,1.0,1.3972861912109875,1.3972861912109875,18.340556017846417,0.871,0.614,0.257,1.0,1.0,1.0,0.6077021780204617,1.0,5.0,0.0,20.0,10.0,10.0,0.1818786977548719,0.1144304780832373,0.0,2.0,5.0,2.0,20.0,0.0,77,0,1,2,4,6202,1012,5384,171,171,0,0.0,0,1,1.0,tumor,myeloid_bridge,"Shi et al., Cell Stem Cell 2017",1,0.7073093409361855,0.03163138714963113,cc_edges_total=77 (+0.86); deg_n_celltypes_sig=5 (+0.37); deg_pct_diff=0.257 (+0.24),literature tier 1 (label)
92,CDH2,AC_like_tumor,IDH_Mutant,tumor,0.0,0.0,0.0,0.0,,,0.0,0.0,0.0,0.0,,0.0,1.0,4.0,4.0,8.0,0.0,0.0034390918544762,0.00212677993686345,0.0,1.0,3.0,0.0,8.0,1.0,32,1,1,1,3,72549,446,4249,283,283,0,0.0,1,0,,,,,0,0.7066692313378536,0.1142233446178617,cc_n_partners=3 (+0.26); cc_n_cells_e1=7.25e+04 (+0.23); cc_edges_e2=8 (+0.20),novel
93,DLL1,cycling_tumor,IDH_Mutant,tumor,1.0,3.886858107459028,3.886858107459028,2.604609347040156,0.147,0.015,0.132,1.0,1.0,1.0,5.212429076298599,1.0,3.0,2.0,0.0,2.0,0.0,0.000707569088656626,0.0006363527970828948,0.0,1.0,2.0,0.0,2.0,1.0,4,1,0,1,2,6410,814,270,136,136,0,1.0,1,1,,,,,0,0.7064323719087374,0.04410717139486772,cc_n_partners=2 (+0.83); deg_pooled_log2fc=5.21 (+0.34); cc_edges_e2=2 (+0.25),novel
94,NRCAM,OPC_GABA_like_tumor,IDH_Mutant,tumor,1.0,1.3087184686449176,1.3087184686449176,181.6424703645547,0.789,0.517,0.272,1.0,0.0,0.0,0.6672142674371304,1.0,4.0,0.0,4.0,2.0,2.0,0.0122804136302003,0.00784968670479935,0.0,1.0,2.0,0.0,4.0,0.0,12,0,1,1,4,6741,14114,1658,11741,1658,0,0.0,1,1,,,,,0,0.7037109298525019,0.19730094213133087,cc_n_partners=2 (+0.86); deg_n_celltypes_sig=4 (+0.32); cc_edges_e2=2 (+0.29),novel
95,TYROBP,TAM1/TAM2/microglia,IDH_Mutant,TAM_microglia,1.0,-0.7382940458645026,0.7382940458645026,265.51725895517706,0.92,0.973,-0.052999999999999936,-1.0,0.0,0.0,-0.6159331215141179,1.0,6.0,0.0,38.0,19.0,19.0,0.2392234722575476,0.08750399753816233,0.03,2.0,7.0,34.0,38.0,0.0,57,0,1,2,2,12086,25922,2106,21701,2106,0,-0.0,1,1,2.0,TAM_microglia,myeloid_bridge,TREM2 adaptor (pathway-level),1,0.702804205192845,0.029984868083706533,cc_edges_total=57 (+0.86); deg_n_celltypes_sig=6 (+0.31); cc_n_partners=7 (+0.25),literature tier 2 (label)
96,CADM1,cycling_tumor,IDH_WT,tumor,0.0,0.0,0.0,0.0,,,0.0,0.0,0.0,0.0,,0.0,1.0,4.0,4.0,8.0,0.0,0.0099681326072411,0.00696732355166845,0.0,1.0,3.0,0.0,8.0,1.0,32,1,1,1,3,6410,814,5847,663,663,0,0.0,0,0,,,,,0,0.7024680075230914,0.09741031714492282,cc_n_partners=3 (+0.28); cc_n_cells_e1=6.41e+03 (+0.23); cc_edges_e2=8 (+0.21),novel
97,CADM1,OPC_GABA_like_tumor,IDH_WT,tumor,0.0,0.0,0.0,0.0,,,0.0,0.0,0.0,0.0,,0.0,1.0,8.0,8.0,8.0,8.0,0.0116234274434474,0.006223641285348925,0.0,1.0,3.0,0.0,16.0,0.0,32,1,1,1,3,6741,14114,5040,1935,1935,0,0.0,0,0,,,,,0,0.7023466551533756,0.10591735941985357,cc_n_partners=3 (+0.31); cc_n_cells_e1=6.74e+03 (+0.23); cc_edges_e2=8 (+0.22),novel
98,NCL,AC_like_tumor,IDH_WT,tumor,0.0,0.0,0.0,0.0,,,0.0,0.0,0.0,0.0,,0.0,2.0,0.0,10.0,9.0,1.0,0.1384156467333893,0.08741232974037678,0.0,2.0,4.0,0.0,10.0,0.8,70,0,1,2,7,72549,446,64812,108,108,0,0.0,0,0,,,,,0,0.7016694986591441,0.08252438105382233,cc_edges_total=70 (+0.69); cc_n_cells_e1=7.25e+04 (+0.23); cc_edges_e2=9 (+0.16),novel
99,CADM1,cycling_tumor,IDH_Mutant,tumor,1.0,3.528013664644946,3.528013664644946,17.323256391110135,0.434,0.044,0.39,1.0,0.0,0.0,0.2657044225772538,1.0,2.0,4.0,4.0,8.0,0.0,0.0099681326072411,0.00696732355166845,0.0,1.0,3.0,0.0,8.0,1.0,32,1,1,1,3,6410,814,270,136,136,0,1.0,1,1,,,,,0,0.7010397564256353,0.1130483914166037,cc_n_partners=3 (+0.38); cc_edges_e2=8 (+0.23); cc_n_cells_e1=6.41e+03 (+0.23),novel
100,NCL,TAM1/TAM2/microglia,IDH_Mutant,TAM_microglia,0.0,0.0,0.0,0.0,,,0.0,0.0,0.0,0.0,,0.0,3.0,0.0,14.0,7.0,7.0,0.0999996120429012,0.07275541938109083,0.0,2.0,4.0,14.0,14.0,0.0,70,0,1,2,7,12086,25922,2106,21701,2106,0,0.0,1,0,,,,,0,0.6992515431469526,0.07645002304251146,cc_edges_total=70 (+0.70); cc_n_cells_e1=1.21e+04 (+0.23); cc_edges_e2=7 (+0.18),novel
101,CD4,OPC_GABA_like_tumor,IDH_WT,tumor,0.0,0.0,0.0,0.0,,,0.0,0.0,0.0,0.0,,0.0,1.0,0.0,0.0,0.0,0.0,0.0,0.0,,0.0,0.0,0.0,0.0,,88,0,1,1,1,6741,14114,5040,1935,1935,0,0.0,0,0,2.0,T_cell,immune_synapse,MHC-II co-receptor (pathway-level),0,0.6976290189426324,0.02562735830794061,cc_edges_total=88 (+1.14); cc_n_cells_e1=6.74e+03 (+0.19); cc_n_celltypes_total=1 (+0.10),"literature gene, other compartment"
102,SLC1A1,cycling_tumor,IDH_WT,tumor,1.0,2.32828688324089,2.32828688324089,177.71930105276633,0.312,0.03,0.28200000000000003,1.0,0.0,0.0,2.2582834083093024,1.0,2.0,13.0,0.0,13.0,0.0,0.0085000406509992,0.002037173081619591,0.0,1.0,4.0,0.0,13.0,1.0,13,1,0,1,1,6410,814,5847,663,663,0,1.0,0,1,,,,,0,0.69667097796371,0.10309266402087397,cc_edges_total=13 (+0.53); deg_pooled_log2fc=2.26 (+0.37); cc_n_partners=4 (+0.33),novel
103,CD4,OPC_GABA_like_tumor,IDH_Mutant,tumor,0.0,0.0,0.0,0.0,,,0.0,0.0,0.0,0.0,,0.0,1.0,0.0,0.0,0.0,0.0,0.0,0.0,,0.0,0.0,0.0,0.0,,88,0,1,1,1,6741,14114,1658,11741,1658,0,0.0,1,0,2.0,T_cell,immune_synapse,MHC-II co-receptor (pathway-level),0,0.6961810622782377,0.02408460240140844,cc_edges_total=88 (+1.14); cc_n_cells_e1=6.74e+03 (+0.19); cc_n_celltypes_total=1 (+0.10),"literature gene, other compartment"
104,EGFR,cycling_tumor,IDH_Mutant,tumor,1.0,3.583022084327702,3.583022084327702,35.3294962415499,0.669,0.041,0.628,1.0,1.0,0.0,,0.0,3.0,0.0,4.0,2.0,2.0,0.0064027402138418,0.003551269548778375,0.0,1.0,2.0,4.0,4.0,0.0,14,0,1,1,4,6410,814,270,136,136,0,0.0,1,1,1.0,tumor,growth,"Brennan et al., Cell 2013 (TCGA GBM)",1,0.6949859877640053,0.08389174454496362,cc_n_partners=2 (+0.87); cc_edges_total=14 (+0.56); cc_edges_e2=2 (+0.24),literature tier 1 (label)
105,TREM2,AC_like_tumor,IDH_Mutant,tumor,0.0,0.0,0.0,0.0,,,0.0,0.0,0.0,0.0,,0.0,1.0,0.0,0.0,0.0,0.0,0.0,0.0,,0.0,0.0,0.0,0.0,,57,0,1,2,2,72549,446,4249,283,283,0,0.0,1,0,2.0,TAM_microglia,myeloid_bridge,TAM marker (pathway-level),0,0.6925790884210534,0.0353336448136659,cc_edges_total=57 (+1.02); cc_n_cells_e1=7.25e+04 (+0.22); cc_n_celltypes_total=2 (+0.09),"literature gene, other compartment"
106,TREM2,OPC_GABA_AC_like_tumor,IDH_Mutant,tumor,0.0,0.0,0.0,0.0,,,0.0,0.0,0.0,0.0,,0.0,1.0,0.0,0.0,0.0,0.0,0.0,0.0,,0.0,0.0,0.0,0.0,,57,0,1,2,2,6202,1012,352,742,352,0,0.0,1,0,2.0,TAM_microglia,myeloid_bridge,TAM marker (pathway-level),0,0.6918583606085946,0.032363797302563224,cc_edges_total=57 (+1.02); cc_n_cells_e1=6.2e+03 (+0.23); cc_n_celltypes_total=2 (+0.09),"literature gene, other compartment"
107,PTPRZ1,OPC_GABA_AC_like_tumor,IDH_Mutant,tumor,1.0,0.6193622334057673,0.6193622334057673,8.918134252223007,0.712,0.415,0.297,1.0,1.0,1.0,0.6077021780204617,1.0,4.0,0.0,20.0,10.0,10.0,0.1818786977548719,0.1144304780832373,0.0,2.0,5.0,2.0,20.0,0.0,77,0,1,2,4,6202,1012,352,742,352,0,0.0,1,1,1.0,tumor,myeloid_bridge,"Shi et al., Cell Stem Cell 2017",1,0.6874722186917763,0.02832005605419157,cc_edges_total=77 (+0.86); deg_n_celltypes_sig=4 (+0.37); deg_pct_diff=0.297 (+0.24),literature tier 1 (label)
108,NCL,TAM1/TAM2/microglia,IDH_WT,TAM_microglia,0.0,0.0,0.0,0.0,,,0.0,0.0,0.0,0.0,,0.0,2.0,0.0,14.0,7.0,7.0,0.0999996120429012,0.07275541938109083,0.0,2.0,4.0,14.0,14.0,0.0,70,0,1,2,7,12086,25922,9696,2745,2745,0,0.0,0,0,,,,,0,0.6867312411050083,0.0686586796529826,cc_edges_total=70 (+0.70); cc_n_cells_e1=1.21e+04 (+0.23); cc_edges_e2=7 (+0.18),novel
109,DLL1,OPC_GABA_like_tumor,IDH_WT,tumor,1.0,3.431461094504926,3.431461094504926,285.6993976242018,0.333,0.026,0.307,1.0,1.0,1.0,2.8282909085737167,1.0,2.0,2.0,0.0,2.0,0.0,0.000913646620500901,0.0008217039288996302,0.0,1.0,2.0,0.0,2.0,1.0,4,1,0,1,2,6741,14114,5040,1935,1935,0,1.0,0,1,,,,,0,0.6857744963631818,0.0629609797633856,cc_n_partners=2 (+0.85); deg_pooled_log2fc=2.83 (+0.33); cc_edges_e2=2 (+0.27),novel
110,APP,TAM1/TAM2/microglia,IDH_Mutant,TAM_microglia,1.0,0.9549248139270824,0.9549248139270824,14.02637333862547,0.15,0.078,0.072,1.0,0.0,0.0,,0.0,3.0,0.0,0.0,0.0,0.0,0.0,0.0,,0.0,0.0,0.0,0.0,,78,1,0,1,4,12086,25922,2106,21701,2106,0,0.0,1,0,,,,,0,0.6847236830335842,0.06711769310950894,cc_edges_total=78 (+1.03); cc_n_cells_e1=1.21e+04 (+0.24); cc_n_celltypes_total=4 (+0.09),novel
111,CNTN1,OPC_GABA_AC_like_tumor,IDH_WT,tumor,1.0,3.2457320655466555,3.2457320655466555,52.87836963837663,0.216,0.019,0.197,1.0,0.0,0.0,1.8901011720500247,1.0,4.0,0.0,0.0,0.0,0.0,0.0,0.0,,0.0,0.0,0.0,0.0,,16,1,0,1,2,6202,1012,5384,171,171,0,0.0,0,0,2.0,tumor,neuron_tumor,Synaptic adhesion (pathway-level),1,0.6843880354072976,0.06765101783992374,cc_edges_total=16 (+1.03); deg_pooled_log2fc=1.89 (+0.32); deg_n_celltypes_sig=4 (+0.29),literature tier 2 (label)
112,SLIT1,OPC_GABA_like_tumor,IDH_Mutant,tumor,1.0,1.4881294612799278,1.4881294612799278,75.18350582055096,0.302,0.071,0.23099999999999998,1.0,1.0,1.0,2.794243236803573,1.0,3.0,2.0,0.0,2.0,0.0,0.0026014314511136,0.00193069735608075,0.0,1.0,2.0,0.0,2.0,1.0,2,1,0,1,1,6741,14114,1658,11741,1658,0,1.0,1,1,,,,,0,0.6838406030889557,0.045147848424387065,cc_n_partners=2 (+0.83); deg_pooled_log2fc=2.79 (+0.28); cc_edges_e2=2 (+0.25),novel
113,NCAM2,cycling_tumor,IDH_Mutant,tumor,1.0,4.01083004443889,4.01083004443889,9.949480699379908,0.25,0.011,0.239,1.0,1.0,1.0,1.9479715419887156,1.0,2.0,0.0,5.0,5.0,0.0,0.0081777990732763,0.0035688930945901197,0.0,1.0,4.0,0.0,5.0,1.0,5,0,1,1,1,6410,814,270,136,136,0,1.0,1,1,,,,,0,0.6819450378700465,0.06650405966653339,deg_pooled_log2fc=1.95 (+0.37); cc_n_partners=4 (+0.34); cc_edges_e2=5 (+0.22),novel
114,TYROBP,TAM1/TAM2/microglia,IDH_WT,TAM_microglia,0.0,0.0,0.0,0.0,,,0.0,0.0,0.0,0.0,,0.0,5.0,0.0,38.0,19.0,19.0,0.2392234722575476,0.08750399753816233,0.03,2.0,7.0,34.0,38.0,0.0,57,0,1,2,2,12086,25922,9696,2745,2745,0,0.0,0,0,2.0,TAM_microglia,myeloid_bridge,TREM2 adaptor (pathway-level),1,0.6814146116041583,0.04422245976367176,cc_edges_total=57 (+0.76); deg_n_celltypes_sig=5 (+0.30); cc_n_cells_e1=1.21e+04 (+0.24),literature tier 2 (label)
115,NCAM2,cycling_tumor,IDH_WT,tumor,1.0,1.865944413135866,1.865944413135866,140.9311777197438,0.305,0.038,0.267,1.0,1.0,1.0,1.9479715419887156,1.0,2.0,0.0,5.0,5.0,0.0,0.0081777990732763,0.0035688930945901197,0.0,1.0,4.0,0.0,5.0,1.0,5,0,1,1,1,6410,814,5847,663,663,0,1.0,0,1,,,,,0,0.678054514850779,0.05527817645697777,deg_pooled_log2fc=1.95 (+0.37); cc_n_partners=4 (+0.35); cc_edges_e2=5 (+0.22),novel
116,PTN,cycling_tumor,IDH_Mutant,tumor,1.0,3.4586284775785563,3.4586284775785563,52.05251881221618,0.926,0.089,0.8370000000000001,1.0,1.0,1.0,0.9083364290477598,1.0,1.0,35.0,0.0,18.0,17.0,0.2619954091305924,0.12375513685284249,0.03,1.0,5.0,4.0,35.0,0.02857142857142857,137,1,0,1,7,6410,814,270,136,136,0,0.02857142857142857,1,1,1.0,TAM_microglia,myeloid_bridge,"Shi et al., Cell Stem Cell 2017",0,0.6773714077203548,0.08546501144521676,cc_edges_total=137 (+0.67); cc_n_cells_e1=6.41e+03 (+0.20); deg_pct_diff=0.837 (+0.19),"literature gene, other compartment"
117,NRXN1,OPC_GABA_AC_like_tumor,IDH_WT,tumor,0.0,0.0,0.0,0.0,,,0.0,0.0,0.0,0.0,,0.0,2.0,10.0,0.0,10.0,0.0,0.0046552822689749,0.0028490387553084797,0.0,1.0,3.0,0.0,10.0,1.0,50,1,0,1,4,6202,1012,5384,171,171,0,0.0,0,0,2.0,tumor,neuron_tumor,Presynaptic partner of NLGN3 (pathway-level),1,0.6730233694001944,0.11182575779057193,cc_edges_total=50 (+1.23); cc_n_partners=3 (+0.35); cc_n_cells_e1=6.2e+03 (+0.26),literature tier 2 (label)
118,NRXN1,AC_like_tumor,IDH_WT,tumor,0.0,0.0,0.0,0.0,,,0.0,0.0,0.0,0.0,,0.0,2.0,10.0,0.0,10.0,0.0,0.0049699357888254,0.00304192474785722,0.0,1.0,3.0,0.0,10.0,1.0,50,1,0,1,4,72549,446,64812,108,108,0,0.0,0,0,2.0,tumor,neuron_tumor,Presynaptic partner of NLGN3 (pathway-level),1,0.6729061535030553,0.11002008820851211,cc_edges_total=50 (+1.24); cc_n_partners=3 (+0.35); cc_n_cells_e1=7.25e+04 (+0.25),literature tier 2 (label)
119,NRCAM,cycling_tumor,IDH_Mutant,tumor,1.0,3.4835751532088644,3.4835751532088644,26.77674310433104,0.559,0.041,0.518,1.0,1.0,1.0,0.3838670058278617,1.0,4.0,0.0,2.0,2.0,0.0,0.005371724448235,0.005233137050460249,0.0,1.0,2.0,0.0,2.0,1.0,12,0,1,1,4,6410,814,270,136,136,0,1.0,1,1,,,,,0,0.6721803613495005,0.18959640592674737,cc_n_partners=2 (+0.81); deg_n_celltypes_sig=4 (+0.30); cc_edges_e2=2 (+0.29),novel
120,GRIA2,AC_like_tumor,IDH_Mutant,tumor,1.0,1.2753291835796072,1.2753291835796072,12.021992749400278,0.452,0.256,0.196,1.0,0.0,0.0,2.218869375056152,1.0,4.0,0.0,3.0,3.0,0.0,0.01334006204483,0.006415987940346833,0.0,1.0,2.0,1.0,3.0,1.0,12,0,1,1,3,72549,446,4249,283,283,0,1.0,1,1,1.0,tumor,neuron_tumor,"Venkatesh et al., Nature 2019; Venkataramani et al., Nature 2019",1,0.6719538379428343,0.09677964554809722,cc_n_partners=2 (+0.86); deg_pooled_log2fc=2.22 (+0.55); deg_n_celltypes_sig=4 (+0.34),literature tier 1 (label)
121,TREM2,OPC_GABA_AC_like_tumor,IDH_WT,tumor,0.0,0.0,0.0,0.0,,,0.0,0.0,0.0,0.0,,0.0,2.0,0.0,0.0,0.0,0.0,0.0,0.0,,0.0,0.0,0.0,0.0,,57,0,1,2,2,6202,1012,5384,171,171,0,0.0,0,0,2.0,TAM_microglia,myeloid_bridge,TAM marker (pathway-level),0,0.6713143487509325,0.05136871293649227,cc_edges_total=57 (+1.04); cc_n_cells_e1=6.2e+03 (+0.25); cc_n_celltypes_total=2 (+0.09),"literature gene, other compartment"
122,PTN,cycling_tumor,IDH_WT,tumor,1.0,0.9780783020521522,0.9780783020521522,87.89866688909946,0.985,0.716,0.269,1.0,1.0,1.0,0.9083364290477598,1.0,3.0,35.0,0.0,18.0,17.0,0.2619954091305924,0.12375513685284249,0.03,1.0,5.0,4.0,35.0,0.02857142857142857,137,1,0,1,7,6410,814,5847,663,663,0,0.02857142857142857,0,1,1.0,TAM_microglia,myeloid_bridge,"Shi et al., Cell Stem Cell 2017",0,0.6709120135729177,0.10673666840806119,cc_edges_total=137 (+0.69); cc_n_cells_e1=6.41e+03 (+0.23); deg_pct_diff=0.269 (+0.18),"literature gene, other compartment"
123,LRRTM2,cycling_tumor,IDH_Mutant,tumor,1.0,4.007836668405867,4.007836668405867,5.2846177479249645,0.169,0.007,0.162,1.0,1.0,1.0,1.001053071696476,1.0,3.0,0.0,6.0,6.0,0.0,0.0103806915753576,0.00337061154555855,0.0,1.0,4.0,0.0,6.0,1.0,12,0,1,1,2,6410,814,270,136,136,0,1.0,1,1,,,,,0,0.6699183175303774,0.07161989951324967,cc_n_partners=4 (+0.33); cc_edges_e2=6 (+0.24); cc_n_cells_e1=6.41e+03 (+0.21),novel
124,TREM2,AC_like_tumor,IDH_WT,tumor,0.0,0.0,0.0,0.0,,,0.0,0.0,0.0,0.0,,0.0,2.0,0.0,0.0,0.0,0.0,0.0,0.0,,0.0,0.0,0.0,0.0,,57,0,1,2,2,72549,446,64812,108,108,0,0.0,0,0,2.0,TAM_microglia,myeloid_bridge,TAM marker (pathway-level),0,0.6693794042012321,0.05084241859380183,cc_edges_total=57 (+1.05); cc_n_cells_e1=7.25e+04 (+0.24); cc_n_celltypes_total=2 (+0.09),"literature gene, other compartment"
125,SLIT1,OPC_GABA_like_tumor,IDH_WT,tumor,1.0,2.292751832614345,2.292751832614345,68.99620307387318,0.128,0.021,0.107,1.0,1.0,1.0,2.794243236803573,1.0,2.0,2.0,0.0,2.0,0.0,0.0026014314511136,0.00193069735608075,0.0,1.0,2.0,0.0,2.0,1.0,2,1,0,1,1,6741,14114,5040,1935,1935,0,1.0,0,1,,,,,0,0.6691400163106996,0.05443545672284981,cc_n_partners=2 (+0.83); deg_pooled_log2fc=2.79 (+0.27); cc_edges_e2=2 (+0.25),novel
126,CD74,AC_like_tumor,IDH_WT,tumor,1.0,-2.534226072156967,2.534226072156967,2.836070694942039,0.157,0.389,-0.232,-1.0,0.0,0.0,-1.6785643130973755,1.0,5.0,0.0,6.0,0.0,6.0,0.0223694210384319,0.013996717026047665,0.04,1.0,4.0,0.0,6.0,-1.0,109,0,1,2,6,72549,446,64812,108,108,0,1.0,0,1,1.0,TAM_microglia,myeloid_bridge,"Ghoochani et al., Oncotarget 2016",0,0.6664238269954452,0.1320263139566843,cc_edges_total=109 (+0.94); cc_n_cells_e1=7.25e+04 (+0.21); cc_n_partners=4 (+0.18),"literature gene, other compartment"
127,SPP1,TAM1/TAM2/microglia,IDH_Mutant,TAM_microglia,1.0,0.9724987470856216,0.9724987470856216,228.2688017447793,0.896,0.63,0.266,1.0,0.0,0.0,-0.8376686343080255,1.0,4.0,10.0,0.0,5.0,5.0,0.0600743503220592,0.03767848687725736,0.0,1.0,4.0,8.0,10.0,0.0,55,1,0,1,7,12086,25922,2106,21701,2106,0,0.0,1,1,1.0,TAM_microglia,myeloid_bridge,"Wei et al., J Clin Invest 2019",1,0.6636534804472329,0.13524808565975946,cc_edges_total=55 (+0.81); deg_n_celltypes_sig=4 (+0.37); cc_n_partners=4 (+0.26),literature tier 1 (label)
128,CD4,TAM1/TAM2/microglia,IDH_Mutant,TAM_microglia,0.0,0.0,0.0,0.0,,,0.0,0.0,0.0,0.0,,0.0,1.0,0.0,88.0,44.0,44.0,0.0431531889546866,0.007870965558880417,0.0,1.0,7.0,52.0,88.0,0.0,88,0,1,1,1,12086,25922,2106,21701,2106,0,0.0,1,0,2.0,T_cell,immune_synapse,MHC-II co-receptor (pathway-level),0,0.6602914617971922,0.03629877230205929,cc_edges_total=88 (+0.87); cc_n_cells_e1=1.21e+04 (+0.18); cc_n_partners=7 (+0.09),"literature gene, other compartment"
129,DLL1,OPC_GABA_like_tumor,IDH_Mutant,tumor,1.0,2.042191813925619,2.042191813925619,65.90282349589543,0.248,0.052,0.196,1.0,1.0,1.0,2.8282909085737167,1.0,3.0,2.0,0.0,2.0,0.0,0.000913646620500901,0.0008217039288996302,0.0,1.0,2.0,0.0,2.0,1.0,4,1,0,1,2,6741,14114,1658,11741,1658,0,1.0,1,1,,,,,0,0.6602737468000617,0.07502658965568845,cc_n_partners=2 (+0.85); deg_pooled_log2fc=2.83 (+0.34); cc_edges_e2=2 (+0.27),novel
130,GRIA2,OPC_GABA_like_tumor,IDH_Mutant,tumor,1.0,1.2280166001478816,1.2280166001478816,223.51190941461152,0.857,0.589,0.268,1.0,1.0,1.0,2.0244922440570936,1.0,4.0,0.0,6.0,3.0,3.0,0.0580182501147297,0.01588006951036475,0.0,1.0,2.0,2.0,6.0,0.0,12,0,1,1,3,6741,14114,1658,11741,1658,0,0.0,1,1,1.0,tumor,neuron_tumor,"Venkatesh et al., Nature 2019; Venkataramani et al., Nature 2019",1,0.6524751536112914,0.08975487803816407,cc_n_partners=2 (+0.90); deg_pooled_log2fc=2.02 (+0.49); deg_n_celltypes_sig=4 (+0.37),literature tier 1 (label)
131,NOTCH1,cycling_tumor,IDH_Mutant,tumor,0.0,0.0,0.0,0.0,,,0.0,0.0,0.0,0.0,,0.0,0.0,0.0,8.0,8.0,0.0,0.0102880806075418,0.004045192693051016,0.0,2.0,4.0,0.0,8.0,1.0,16,0,1,2,2,6410,814,270,136,136,0,0.0,1,0,2.0,tumor,growth,Notch pathway (pathway-level),1,0.6520961214860976,0.10794287072852919,cc_edges_total=16 (+0.91); cc_n_cells_e1=6.41e+03 (+0.21); cc_edges_e2=8 (+0.20),literature tier 2 (label)
132,EGFR,AC_like_tumor,IDH_Mutant,tumor,1.0,0.9910509980827282,0.9910509980827282,6.212669893078216,0.371,0.2,0.17099999999999999,1.0,0.0,0.0,,0.0,3.0,0.0,4.0,2.0,2.0,0.0139104095399897,0.00775991270306315,0.0,1.0,2.0,4.0,4.0,0.0,14,0,1,1,4,72549,446,4249,283,283,0,0.0,1,1,1.0,tumor,growth,"Brennan et al., Cell 2013 (TCGA GBM)",1,0.6512467448442487,0.10872215257651197,cc_n_partners=2 (+0.87); cc_edges_total=14 (+0.56); cc_edges_e2=2 (+0.23),literature tier 1 (label)
133,CD74,cycling_tumor,IDH_Mutant,tumor,1.0,-5.536727835775332,5.536727835775332,28.934841700234518,0.162,0.752,-0.59,-1.0,1.0,1.0,-5.927962019903013,1.0,4.0,0.0,7.0,0.0,7.0,0.0612864457630957,0.03553958875203499,0.0,1.0,4.0,0.0,7.0,-1.0,109,0,1,2,6,6410,814,270,136,136,0,1.0,1,1,1.0,TAM_microglia,myeloid_bridge,"Ghoochani et al., Oncotarget 2016",0,0.6500171726326399,0.15556128675381092,cc_edges_total=109 (+0.94); cc_n_cells_e1=6.41e+03 (+0.21); cc_n_partners=4 (+0.19),"literature gene, other compartment"
134,NRXN1,OPC_GABA_like_tumor,IDH_Mutant,tumor,0.0,0.0,0.0,0.0,,,0.0,0.0,0.0,0.0,,0.0,3.0,20.0,0.0,10.0,10.0,0.0202156564962208,0.007657003490098835,0.0,1.0,3.0,0.0,20.0,0.0,50,1,0,1,4,6741,14114,1658,11741,1658,0,0.0,1,0,2.0,tumor,neuron_tumor,Presynaptic partner of NLGN3 (pathway-level),1,0.6497589630371834,0.11220573516181252,cc_edges_total=50 (+1.23); cc_n_partners=3 (+0.40); cc_n_cells_e1=6.74e+03 (+0.25),literature tier 2 (label)
135,SLC1A3,TAM1/TAM2/microglia,IDH_Mutant,TAM_microglia,1.0,0.5232657214623875,0.5232657214623875,70.94462165138104,0.9,0.783,0.11699999999999999,1.0,1.0,1.0,1.4026188000090016,1.0,3.0,13.0,0.0,13.0,0.0,0.0580182501147297,0.014240210546249892,0.0,1.0,4.0,13.0,13.0,1.0,26,1,0,1,2,12086,25922,2106,21701,2106,0,1.0,1,1,,,,,0,0.6494762762479374,0.07143025675438738,cc_n_partners=4 (+0.34); deg_pooled_log2fc=1.4 (+0.31); cc_n_cells_e1=1.21e+04 (+0.25),novel
136,CD4,TAM1/TAM2/microglia,IDH_WT,TAM_microglia,1.0,0.4949366086264276,0.4949366086264276,32.26112882942621,0.344,0.221,0.12299999999999997,1.0,0.0,0.0,0.5416554649180666,1.0,1.0,0.0,88.0,44.0,44.0,0.0431531889546866,0.007870965558880417,0.0,1.0,7.0,52.0,88.0,0.0,88,0,1,1,1,12086,25922,9696,2745,2745,0,0.0,0,1,2.0,T_cell,immune_synapse,MHC-II co-receptor (pathway-level),0,0.6467982149318658,0.05293063353966102,cc_edges_total=88 (+0.88); cc_n_cells_e1=1.21e+04 (+0.16); deg_pct_diff=0.123 (+0.14),"literature gene, other compartment"
137,TREM2,OPC_GABA_like_tumor,IDH_Mutant,tumor,0.0,0.0,0.0,0.0,,,0.0,0.0,0.0,0.0,,0.0,1.0,0.0,0.0,0.0,0.0,0.0,0.0,,0.0,0.0,0.0,0.0,,57,0,1,2,2,6741,14114,1658,11741,1658,0,0.0,1,0,2.0,TAM_microglia,myeloid_bridge,TAM marker (pathway-level),0,0.6438793449641882,0.03993589687114441,cc_edges_total=57 (+1.02); cc_n_cells_e1=6.74e+03 (+0.22); cc_n_celltypes_total=2 (+0.09),"literature gene, other compartment"
138,LRRTM2,cycling_tumor,IDH_WT,tumor,1.0,1.0132404394620282,1.0132404394620282,99.16417413485708,0.359,0.072,0.287,1.0,1.0,1.0,1.001053071696476,1.0,2.0,0.0,6.0,6.0,0.0,0.0103806915753576,0.00337061154555855,0.0,1.0,4.0,0.0,6.0,1.0,12,0,1,1,2,6410,814,5847,663,663,0,1.0,0,1,,,,,0,0.6410399825051696,0.07994744409792413,cc_n_partners=4 (+0.33); cc_edges_e2=6 (+0.25); cc_n_cells_e1=6.41e+03 (+0.21),novel
139,NOTCH1,OPC_GABA_like_tumor,IDH_Mutant,tumor,0.0,0.0,0.0,0.0,,,0.0,0.0,0.0,0.0,,0.0,0.0,0.0,8.0,8.0,0.0,0.0082329945247519,0.0032351133071600855,0.0,2.0,4.0,0.0,8.0,1.0,16,0,1,2,2,6741,14114,1658,11741,1658,0,0.0,1,0,2.0,tumor,growth,Notch pathway (pathway-level),1,0.6394245596231091,0.10255426035623205,cc_edges_total=16 (+0.91); cc_n_partners=4 (+0.22); cc_n_cells_e1=6.74e+03 (+0.21),literature tier 2 (label)
140,KLRB1,OPC_GABA_AC_like_tumor,IDH_WT,tumor,0.0,0.0,0.0,0.0,,,0.0,0.0,0.0,0.0,,0.0,0.0,0.0,0.0,0.0,0.0,0.0,0.0,,0.0,0.0,0.0,0.0,,14,0,1,1,1,6202,1012,5384,171,171,0,0.0,0,0,1.0,T_cell,immune_synapse,"Mathewson et al., Cell 2021",0,0.637865558413426,0.10065142128960676,cc_edges_total=14 (+0.49); deg_n_celltypes_sig=0 (+0.26); cc_n_cells_e1=6.2e+03 (+0.20),"literature gene, other compartment"
141,CD74,cycling_tumor,IDH_WT,tumor,1.0,-6.387483746847463,6.387483746847463,121.72889883276908,0.057,0.56,-0.503,-1.0,1.0,1.0,-5.927962019903013,1.0,5.0,0.0,7.0,0.0,7.0,0.0612864457630957,0.03553958875203499,0.0,1.0,4.0,0.0,7.0,-1.0,109,0,1,2,6,6410,814,5847,663,663,0,1.0,0,1,1.0,TAM_microglia,myeloid_bridge,"Ghoochani et al., Oncotarget 2016",0,0.6376791016376664,0.16196153495224286,cc_edges_total=109 (+0.94); cc_n_cells_e1=6.41e+03 (+0.21); cc_n_partners=4 (+0.19),"literature gene, other compartment"
142,MPZL1,TAM1/TAM2/microglia,IDH_WT,TAM_microglia,1.0,0.5439794830751375,0.5439794830751375,13.78804312919027,0.198,0.13,0.068,1.0,1.0,1.0,0.9956801272371408,1.0,4.0,2.0,2.0,4.0,0.0,0.0020758691199662,0.0019566982996453,0.0,1.0,2.0,2.0,4.0,1.0,8,1,1,1,2,12086,25922,9696,2745,2745,0,1.0,0,1,,,,,0,0.6361139203178534,0.11072272064548996,cc_n_partners=2 (+0.85); cc_edges_e2=4 (+0.30); deg_n_celltypes_sig=4 (+0.30),novel
143,SORL1,TAM1/TAM2/microglia,IDH_WT,TAM_microglia,1.0,0.6752151769204435,0.6752151769204435,92.25877261688396,0.629,0.404,0.22499999999999998,1.0,1.0,1.0,0.9799051202538605,1.0,3.0,0.0,14.0,7.0,7.0,0.0511641001611375,0.019258193673017707,0.0,1.0,4.0,14.0,14.0,0.0,14,0,1,1,1,12086,25922,9696,2745,2745,0,0.0,0,1,,,,,0,0.6358090354460103,0.044046431419142246,cc_edges_total=14 (+0.57); cc_n_partners=4 (+0.33); cc_edges_e2=7 (+0.23),novel
144,KLRB1,AC_like_tumor,IDH_WT,tumor,0.0,0.0,0.0,0.0,,,0.0,0.0,0.0,0.0,,0.0,0.0,0.0,0.0,0.0,0.0,0.0,0.0,,0.0,0.0,0.0,0.0,,14,0,1,1,1,72549,446,64812,108,108,0,0.0,0,0,1.0,T_cell,immune_synapse,"Mathewson et al., Cell 2021",0,0.6351642995764035,0.10141328842434702,cc_edges_total=14 (+0.48); deg_n_celltypes_sig=0 (+0.26); cc_n_cells_e1=7.25e+04 (+0.20),"literature gene, other compartment"
145,SORL1,TAM1/TAM2/microglia,IDH_Mutant,TAM_microglia,1.0,0.4988742202019969,0.4988742202019969,52.23560904181951,0.712,0.585,0.127,1.0,1.0,1.0,0.9799051202538605,1.0,3.0,0.0,14.0,7.0,7.0,0.0511641001611375,0.019258193673017707,0.0,1.0,4.0,14.0,14.0,0.0,14,0,1,1,1,12086,25922,2106,21701,2106,0,0.0,1,1,,,,,0,0.6351368381672875,0.04158765723842665,cc_edges_total=14 (+0.56); cc_n_partners=4 (+0.34); cc_edges_e2=7 (+0.22),novel
146,PTN,OPC_GABA_like_tumor,IDH_WT,tumor,1.0,0.7469822389516407,0.7469822389516407,139.8483440448737,0.988,0.896,0.09199999999999997,1.0,0.0,0.0,-0.5882571766672164,1.0,3.0,34.0,0.0,17.0,17.0,0.2305449409125061,0.1188353571612105,0.0,1.0,5.0,4.0,34.0,0.0,137,1,0,1,7,6741,14114,5040,1935,1935,0,0.0,0,1,1.0,TAM_microglia,myeloid_bridge,"Shi et al., Cell Stem Cell 2017",0,0.6347619729028128,0.10741125180859025,cc_edges_total=137 (+0.78); cc_n_cells_e1=6.74e+03 (+0.23); deg_pct_diff=0.092 (+0.18),"literature gene, other compartment"
147,BSG,OPC_GABA_like_tumor,IDH_Mutant,tumor,0.0,0.0,0.0,0.0,,,0.0,0.0,0.0,0.0,,0.0,1.0,0.0,26.0,13.0,13.0,0.0371646066923417,0.028620767883067635,0.04,1.0,7.0,10.0,26.0,0.0,56,0,1,1,4,6741,14114,1658,11741,1658,0,0.0,1,0,,,,,0,0.6333277391541423,0.0518792724998627,cc_edges_total=56 (+0.75); cc_n_cells_e1=6.74e+03 (+0.21); cc_n_celltypes_total=4 (+0.13),novel
148,SLC1A3,TAM1/TAM2/microglia,IDH_WT,TAM_microglia,1.0,0.7048990104468937,0.7048990104468937,110.2670297906098,0.737,0.51,0.22699999999999998,1.0,1.0,1.0,1.4026188000090016,1.0,2.0,13.0,0.0,13.0,0.0,0.0580182501147297,0.014240210546249892,0.0,1.0,4.0,13.0,13.0,1.0,26,1,0,1,2,12086,25922,9696,2745,2745,0,1.0,0,1,,,,,0,0.6320489713426142,0.07271710376027073,cc_n_partners=4 (+0.33); deg_pooled_log2fc=1.4 (+0.31); cc_n_cells_e1=1.21e+04 (+0.24),novel
149,APP,TAM1/TAM2/microglia,IDH_WT,TAM_microglia,0.0,0.0,0.0,0.0,,,0.0,0.0,0.0,0.0,,0.0,1.0,0.0,0.0,0.0,0.0,0.0,0.0,,0.0,0.0,0.0,0.0,,78,1,0,1,4,12086,25922,9696,2745,2745,0,0.0,0,0,,,,,0,0.6316655545563381,0.08069509938039798,cc_edges_total=78 (+1.03); cc_n_cells_e1=1.21e+04 (+0.23); cc_n_celltypes_total=4 (+0.08),novel
150,KLRC2,OPC_GABA_like_tumor,IDH_Mutant,tumor,1.0,1.8705339182188103,1.8705339182188103,170.01044008276833,0.563,0.195,0.36799999999999994,1.0,0.0,0.0,3.444669840971268,1.0,3.0,0.0,6.0,6.0,0.0,0.0287367317117394,0.018077051350929785,0.0,1.0,4.0,5.0,6.0,1.0,6,0,1,1,1,6741,14114,1658,11741,1658,0,1.0,1,1,,,,,0,0.6310242416997948,0.08298259024564898,deg_pooled_log2fc=3.44 (+0.41); cc_n_partners=4 (+0.41); cc_edges_e2=6 (+0.23),novel
151,KLRB1,cycling_tumor,IDH_WT,tumor,0.0,0.0,0.0,0.0,,,0.0,0.0,0.0,0.0,,0.0,0.0,0.0,0.0,0.0,0.0,0.0,0.0,,0.0,0.0,0.0,0.0,,14,0,1,1,1,6410,814,5847,663,663,0,0.0,0,0,1.0,T_cell,immune_synapse,"Mathewson et al., Cell 2021",0,0.6305274358064084,0.10186327251170708,cc_edges_total=14 (+0.49); deg_n_celltypes_sig=0 (+0.26); cc_n_cells_e1=6.41e+03 (+0.20),"literature gene, other compartment"
152,NRCAM,OPC_GABA_AC_like_tumor,IDH_Mutant,tumor,1.0,0.6382263569517461,0.6382263569517461,2.0352546465739065,0.309,0.151,0.158,1.0,0.0,0.0,0.435211459282609,1.0,4.0,0.0,2.0,2.0,0.0,0.0028041239019692,0.00273160202415355,0.0,1.0,2.0,0.0,2.0,1.0,12,0,1,1,4,6202,1012,352,742,352,0,1.0,1,1,,,,,0,0.6281482413358833,0.16434228213545915,cc_n_partners=2 (+0.80); deg_n_celltypes_sig=4 (+0.29); cc_edges_e2=2 (+0.27),novel
153,MRC1,TAM1/TAM2/microglia,IDH_WT,TAM_microglia,0.0,0.0,0.0,0.0,,,0.0,0.0,0.0,0.0,,0.0,0.0,0.0,4.0,4.0,0.0,0.0190396652672054,0.014954905079611875,0.0,1.0,2.0,2.0,4.0,1.0,4,0,1,1,1,12086,25922,9696,2745,2745,0,0.0,0,0,,,,,0,0.627493677635662,0.11681331096949223,cc_n_partners=2 (+0.77); deg_n_celltypes_sig=0 (+0.35); cc_edges_e2=4 (+0.22),novel
154,PTGER4,AC_like_tumor,IDH_Mutant,tumor,0.0,0.0,0.0,0.0,,,0.0,0.0,0.0,0.0,,0.0,0.0,0.0,0.0,0.0,0.0,0.0,0.0,,0.0,0.0,0.0,0.0,,14,0,1,1,1,72549,446,4249,283,283,0,0.0,1,0,,,,,0,0.6257210062114963,0.15560797199696638,cc_edges_total=14 (+0.49); deg_n_celltypes_sig=0 (+0.24); cc_n_cells_e1=7.25e+04 (+0.20),novel
155,SPP1,AC_like_tumor,IDH_Mutant,tumor,0.0,0.0,0.0,0.0,,,0.0,0.0,0.0,0.0,,0.0,4.0,10.0,0.0,5.0,5.0,0.0305221727622704,0.01142515717792402,0.0,1.0,4.0,6.0,10.0,0.0,55,1,0,1,7,72549,446,4249,283,283,0,0.0,1,0,1.0,TAM_microglia,myeloid_bridge,"Wei et al., J Clin Invest 2019",0,0.6249679818593068,0.07587684376507844,cc_edges_total=55 (+0.76); deg_n_celltypes_sig=4 (+0.27); cc_n_cells_e1=7.25e+04 (+0.27),"literature gene, other compartment"
156,PTGER4,OPC_GABA_AC_like_tumor,IDH_Mutant,tumor,0.0,0.0,0.0,0.0,,,0.0,0.0,0.0,0.0,,0.0,0.0,0.0,0.0,0.0,0.0,0.0,0.0,,0.0,0.0,0.0,0.0,,14,0,1,1,1,6202,1012,352,742,352,0,0.0,1,0,,,,,0,0.6238336933775068,0.15089267696996997,cc_edges_total=14 (+0.48); deg_n_celltypes_sig=0 (+0.22); cc_n_cells_e1=6.2e+03 (+0.20),novel
157,CXCR4,TAM1/TAM2/microglia,IDH_Mutant,TAM_microglia,1.0,-0.4659316323543718,0.4659316323543718,44.34663990905859,0.499,0.658,-0.15900000000000003,-1.0,0.0,0.0,,0.0,3.0,0.0,22.0,11.0,11.0,0.0917041673934359,0.03878429271831302,0.0,1.0,6.0,20.0,22.0,0.0,44,0,1,1,2,12086,25922,2106,21701,2106,0,-0.0,1,1,1.0,tumor,growth,"Rubin et al., PNAS 2003",0,0.6234371718225623,0.10311456626224988,cc_edges_total=44 (+1.13); cc_n_cells_e1=1.21e+04 (+0.23); cc_n_partners=6 (+0.21),"literature gene, other compartment"
158,PTGER4,cycling_tumor,IDH_Mutant,tumor,0.0,0.0,0.0,0.0,,,0.0,0.0,0.0,0.0,,0.0,0.0,0.0,0.0,0.0,0.0,0.0,0.0,,0.0,0.0,0.0,0.0,,14,0,1,1,1,6410,814,270,136,136,0,0.0,1,0,,,,,0,0.6221141951481657,0.152905037107753,cc_edges_total=14 (+0.48); deg_n_celltypes_sig=0 (+0.22); cc_n_cells_e1=6.41e+03 (+0.20),novel
159,LRRTM3,OPC_GABA_like_tumor,IDH_WT,tumor,1.0,1.1239498134434314,1.1239498134434314,82.02165362923598,0.217,0.054,0.163,1.0,0.0,0.0,1.1319662468646243,1.0,2.0,0.0,6.0,6.0,0.0,0.0130790509330356,0.004251251790534683,0.0,1.0,4.0,0.0,6.0,1.0,6,0,1,1,1,6741,14114,5040,1935,1935,0,1.0,0,1,,,,,0,0.6194263554243566,0.10160870445557149,cc_n_partners=4 (+0.33); cc_edges_e2=6 (+0.22); cc_n_cells_e1=6.74e+03 (+0.18),novel
160,TREM2,OPC_GABA_like_tumor,IDH_WT,tumor,0.0,0.0,0.0,0.0,,,0.0,0.0,0.0,0.0,,0.0,2.0,0.0,0.0,0.0,0.0,0.0,0.0,,0.0,0.0,0.0,0.0,,57,0,1,2,2,6741,14114,5040,1935,1935,0,0.0,0,0,2.0,TAM_microglia,myeloid_bridge,TAM marker (pathway-level),0,0.6188300573389617,0.05235939524991287,cc_edges_total=57 (+1.04); cc_n_cells_e1=6.74e+03 (+0.24); cc_n_celltypes_total=2 (+0.09),"literature gene, other compartment"
161,PTGER4,TAM1/TAM2/microglia,IDH_Mutant,TAM_microglia,0.0,0.0,0.0,0.0,,,0.0,0.0,0.0,0.0,,0.0,0.0,0.0,14.0,14.0,0.0,0.0142202862652484,0.0057523660417539,0.0,1.0,7.0,12.0,14.0,1.0,14,0,1,1,1,12086,25922,2106,21701,2106,0,0.0,1,0,,,,,0,0.6171394854107817,0.1378417682197601,cc_edges_total=14 (+0.44); cc_n_partners=7 (+0.20); cc_n_cells_e1=1.21e+04 (+0.19),novel
162,PPIA,TAM1/TAM2/microglia,IDH_WT,TAM_microglia,1.0,-0.367224250145898,0.367224250145898,32.65124251150428,0.835,0.842,-0.007000000000000006,-1.0,1.0,1.0,-0.7277355094696292,1.0,2.0,7.0,0.0,3.0,4.0,0.0978378557322367,0.04184953839754516,0.04,1.0,3.0,7.0,7.0,-0.14285714285714285,56,1,0,1,7,12086,25922,9696,2745,2745,0,0.14285714285714285,0,1,,,,,0,0.6155235131794016,0.09008986135687877,cc_edges_total=56 (+0.87); cc_n_partners=3 (+0.37); cc_n_cells_e1=1.21e+04 (+0.25),novel
163,CXCR4,TAM1/TAM2/microglia,IDH_WT,TAM_microglia,0.0,0.0,0.0,0.0,,,0.0,0.0,0.0,0.0,,0.0,2.0,0.0,22.0,11.0,11.0,0.0917041673934359,0.03878429271831302,0.0,1.0,6.0,20.0,22.0,0.0,44,0,1,1,2,12086,25922,9696,2745,2745,0,0.0,0,0,1.0,tumor,growth,"Rubin et al., PNAS 2003",0,0.6140263899801368,0.08970659454742748,cc_edges_total=44 (+1.15); cc_n_cells_e1=1.21e+04 (+0.24); cc_n_partners=6 (+0.19),"literature gene, other compartment"
164,PTGER4,TAM1/TAM2/microglia,IDH_WT,TAM_microglia,1.0,0.7164989116131302,0.7164989116131302,45.615669939247255,0.33,0.195,0.135,1.0,0.0,0.0,,0.0,2.0,0.0,14.0,14.0,0.0,0.0142202862652484,0.0057523660417539,0.0,1.0,7.0,12.0,14.0,1.0,14,0,1,1,1,12086,25922,9696,2745,2745,0,1.0,0,1,,,,,0,0.6118582393889589,0.1192453758928441,cc_edges_total=14 (+0.51); cc_n_partners=7 (+0.30); cc_n_cells_e1=1.21e+04 (+0.19),novel
165,ITGAV,cycling_tumor,IDH_Mutant,tumor,1.0,0.539067686834929,0.539067686834929,1.8568969586238986,0.368,0.13,0.238,1.0,1.0,1.0,0.3303134313322708,1.0,3.0,0.0,13.0,13.0,0.0,0.029255088299547,0.012036451921385891,0.0,3.0,7.0,5.0,13.0,1.0,39,0,1,3,3,6410,814,270,136,136,0,1.0,1,1,,,,,0,0.6108504461210028,0.10493014901790283,cc_n_partners=7 (+0.24); cc_n_cells_e1=6.41e+03 (+0.22); deg_pct_diff=0.238 (+0.19),novel
166,MRC1,TAM1/TAM2/microglia,IDH_Mutant,TAM_microglia,0.0,0.0,0.0,0.0,,,0.0,0.0,0.0,0.0,,0.0,0.0,0.0,4.0,4.0,0.0,0.0190396652672054,0.014954905079611875,0.0,1.0,2.0,2.0,4.0,1.0,4,0,1,1,1,12086,25922,2106,21701,2106,0,0.0,1,0,,,,,0,0.6102336198724118,0.10874102658836277,cc_n_partners=2 (+0.78); deg_n_celltypes_sig=0 (+0.31); cc_edges_e2=4 (+0.22),novel
167,BSG,TAM1/TAM2/microglia,IDH_WT,TAM_microglia,0.0,0.0,0.0,0.0,,,0.0,0.0,0.0,0.0,,0.0,3.0,0.0,0.0,0.0,0.0,0.0,0.0,,0.0,0.0,0.0,0.0,,56,0,1,1,4,12086,25922,9696,2745,2745,0,0.0,0,0,,,,,0,0.6073640302635726,0.11280722708074181,cc_edges_total=56 (+1.04); cc_n_cells_e1=1.21e+04 (+0.25); cc_n_celltypes_total=4 (+0.08),novel
168,BSG,cycling_tumor,IDH_Mutant,tumor,0.0,0.0,0.0,0.0,,,0.0,0.0,0.0,0.0,,0.0,1.0,0.0,13.0,13.0,0.0,0.1356608701322122,0.10899925749619775,0.0,1.0,7.0,5.0,13.0,1.0,56,0,1,1,4,6410,814,270,136,136,0,0.0,1,0,,,,,0,0.6071909325495147,0.0620147649562469,cc_edges_total=56 (+0.75); cc_n_cells_e1=6.41e+03 (+0.21); cc_n_celltypes_total=4 (+0.13),novel
169,KLRB1,OPC_GABA_like_tumor,IDH_WT,tumor,0.0,0.0,0.0,0.0,,,0.0,0.0,0.0,0.0,,0.0,0.0,0.0,0.0,0.0,0.0,0.0,0.0,,0.0,0.0,0.0,0.0,,14,0,1,1,1,6741,14114,5040,1935,1935,0,0.0,0,0,1.0,T_cell,immune_synapse,"Mathewson et al., Cell 2021",0,0.6071740056600283,0.1074675972904224,cc_edges_total=14 (+0.49); deg_n_celltypes_sig=0 (+0.26); cc_n_cells_e1=6.74e+03 (+0.20),"literature gene, other compartment"
170,SORT1,cycling_tumor,IDH_Mutant,tumor,0.0,0.0,0.0,0.0,,,0.0,0.0,0.0,0.0,,0.0,2.0,0.0,3.0,3.0,0.0,0.005960292884092,0.004312044914191967,0.0,1.0,2.0,2.0,3.0,1.0,3,0,1,1,1,6410,814,270,136,136,0,0.0,1,0,,,,,0,0.6067620490440784,0.07782205498262935,cc_n_partners=2 (+0.82); cc_edges_e2=3 (+0.21); cc_n_cells_e1=6.41e+03 (+0.20),novel
171,CD44,OPC_GABA_AC_like_tumor,IDH_WT,tumor,0.0,0.0,0.0,0.0,,,0.0,0.0,0.0,0.0,,0.0,4.0,0.0,0.0,0.0,0.0,0.0,0.0,,0.0,0.0,0.0,0.0,,48,0,1,4,1,6202,1012,5384,171,171,0,0.0,0,0,1.0,tumor,myeloid_bridge,"Pietras et al., Cell Stem Cell 2014",1,0.6062918125978394,0.06892922758340359,cc_edges_total=48 (+1.35); cc_n_cells_e1=6.2e+03 (+0.24); cc_n_pathways_total=4 (+0.17),literature tier 1 (label)
172,MIF,AC_like_tumor,IDH_Mutant,tumor,1.0,0.5947941119482809,0.5947941119482809,3.026633942473719,0.463,0.297,0.16600000000000004,1.0,0.0,0.0,,0.0,4.0,12.0,0.0,6.0,6.0,0.0301326100099938,0.01579069311718281,0.0,1.0,2.0,12.0,12.0,0.0,66,1,0,1,6,72549,446,4249,283,283,0,0.0,1,1,1.0,tumor,myeloid_bridge,"Ghoochani et al., Oncotarget 2016",1,0.6062389911818886,0.07911378219576343,cc_edges_total=66 (+0.79); cc_n_partners=2 (+0.79); deg_n_celltypes_sig=4 (+0.30),literature tier 1 (label)
173,HLA-DRB1,TAM1/TAM2/microglia,IDH_Mutant,TAM_microglia,1.0,-1.1518370213164628,1.1518370213164628,268.9874824299002,0.893,0.962,-0.06899999999999995,-1.0,0.0,0.0,-0.5067458686879718,1.0,4.0,4.0,0.0,2.0,2.0,0.0334073134215138,0.017249044865644925,0.0,1.0,1.0,0.0,4.0,0.0,14,1,0,1,5,12086,25922,2106,21701,2106,0,-0.0,1,1,,,,,0,0.6056336511888234,0.09237077213514998,cc_edges_total=14 (+0.50); cc_edges_e2=2 (+0.27); cc_n_cells_e1=1.21e+04 (+0.26),novel
174,NCAM1,TAM1/TAM2/microglia,IDH_WT,TAM_microglia,0.0,0.0,0.0,0.0,,,0.0,0.0,0.0,0.0,,0.0,4.0,0.0,0.0,0.0,0.0,0.0,0.0,,0.0,0.0,0.0,0.0,,55,1,1,1,4,12086,25922,9696,2745,2745,0,0.0,0,0,2.0,tumor,neuron_tumor,Synaptic adhesion (pathway-level),0,0.6028144872583427,0.07252976737786618,cc_edges_total=55 (+1.10); cc_n_cells_e1=1.21e+04 (+0.27); deg_n_celltypes_sig=4 (+0.17),"literature gene, other compartment"
175,NLGN1,OPC_GABA_AC_like_tumor,IDH_WT,tumor,0.0,0.0,0.0,0.0,,,0.0,0.0,0.0,0.0,,0.0,2.0,0.0,0.0,0.0,0.0,0.0,0.0,,0.0,0.0,0.0,0.0,,18,0,1,1,3,6202,1012,5384,171,171,0,0.0,0,0,2.0,tumor,neuron_tumor,Neuroligin family (pathway-level),1,0.6000186312892662,0.035828759100501296,cc_edges_total=18 (+1.07); cc_n_cells_e1=6.2e+03 (+0.26); cc_n_celltypes_total=3 (+0.10),literature tier 2 (label)
176,CD44,AC_like_tumor,IDH_WT,tumor,0.0,0.0,0.0,0.0,,,0.0,0.0,0.0,0.0,,0.0,4.0,0.0,0.0,0.0,0.0,0.0,0.0,,0.0,0.0,0.0,0.0,,48,0,1,4,1,72549,446,64812,108,108,0,0.0,0,0,1.0,tumor,myeloid_bridge,"Pietras et al., Cell Stem Cell 2014",1,0.5993714150854081,0.06899062157953416,cc_edges_total=48 (+1.35); cc_n_cells_e1=7.25e+04 (+0.23); cc_n_pathways_total=4 (+0.17),literature tier 1 (label)
177,ITGAV,TAM1/TAM2/microglia,IDH_Mutant,TAM_microglia,1.0,1.4214269757136222,1.4214269757136222,51.61833925135819,0.299,0.138,0.16099999999999998,1.0,1.0,1.0,0.4690205660040947,1.0,3.0,0.0,12.0,12.0,0.0,0.0342673920775937,0.01516661356754101,0.0,2.0,7.0,10.0,12.0,1.0,39,0,1,3,3,12086,25922,2106,21701,2106,0,1.0,1,1,,,,,0,0.5985071568263025,0.10864822747930654,cc_n_partners=7 (+0.27); cc_n_cells_e1=1.21e+04 (+0.21); deg_pct_diff=0.161 (+0.19),novel
178,MIF,cycling_tumor,IDH_Mutant,tumor,1.0,0.4621335145429552,0.4621335145429552,4.692467784437853,0.662,0.259,0.403,1.0,0.0,0.0,,0.0,4.0,12.0,0.0,6.0,6.0,0.0917041673934359,0.03640828598905308,0.0,1.0,2.0,12.0,12.0,0.0,66,1,0,1,6,6410,814,270,136,136,0,0.0,1,1,1.0,tumor,myeloid_bridge,"Ghoochani et al., Oncotarget 2016",1,0.5984327456962732,0.1142097016836772,cc_n_partners=2 (+0.79); cc_edges_total=66 (+0.78); deg_n_celltypes_sig=4 (+0.32),literature tier 1 (label)
179,NOTCH1,OPC_GABA_AC_like_tumor,IDH_Mutant,tumor,0.0,0.0,0.0,0.0,,,0.0,0.0,0.0,0.0,,0.0,0.0,0.0,0.0,0.0,0.0,0.0,0.0,,0.0,0.0,0.0,0.0,,16,0,1,2,2,6202,1012,352,742,352,0,0.0,1,0,2.0,tumor,growth,Notch pathway (pathway-level),1,0.5969126365112449,0.0924848368261129,cc_edges_total=16 (+0.95); cc_n_cells_e1=6.2e+03 (+0.23); deg_n_celltypes_sig=0 (+0.21),literature tier 2 (label)
180,NOTCH1,AC_like_tumor,IDH_Mutant,tumor,0.0,0.0,0.0,0.0,,,0.0,0.0,0.0,0.0,,0.0,0.0,0.0,0.0,0.0,0.0,0.0,0.0,,0.0,0.0,0.0,0.0,,16,0,1,2,2,72549,446,4249,283,283,0,0.0,1,0,2.0,tumor,growth,Notch pathway (pathway-level),1,0.5967218779188723,0.09444525076224776,cc_edges_total=16 (+0.95); cc_n_cells_e1=7.25e+04 (+0.23); deg_n_celltypes_sig=0 (+0.22),literature tier 2 (label)
181,KLRB1,OPC_GABA_AC_like_tumor,IDH_Mutant,tumor,0.0,0.0,0.0,0.0,,,0.0,0.0,0.0,0.0,,0.0,1.0,0.0,0.0,0.0,0.0,0.0,0.0,,0.0,0.0,0.0,0.0,,14,0,1,1,1,6202,1012,352,742,352,0,0.0,1,0,1.0,T_cell,immune_synapse,"Mathewson et al., Cell 2021",0,0.5964235571482936,0.0903696098960553,cc_edges_total=14 (+0.58); cc_n_cells_e1=6.2e+03 (+0.20); cc_n_celltypes_total=1 (+0.10),"literature gene, other compartment"
182,KLRB1,AC_like_tumor,IDH_Mutant,tumor,0.0,0.0,0.0,0.0,,,0.0,0.0,0.0,0.0,,0.0,1.0,0.0,0.0,0.0,0.0,0.0,0.0,,0.0,0.0,0.0,0.0,,14,0,1,1,1,72549,446,4249,283,283,0,0.0,1,0,1.0,T_cell,immune_synapse,"Mathewson et al., Cell 2021",0,0.5963470544969229,0.09186304803262764,cc_edges_total=14 (+0.59); cc_n_cells_e1=7.25e+04 (+0.20); cc_n_celltypes_total=1 (+0.10),"literature gene, other compartment"
183,KLRB1,cycling_tumor,IDH_Mutant,tumor,0.0,0.0,0.0,0.0,,,0.0,0.0,0.0,0.0,,0.0,1.0,0.0,0.0,0.0,0.0,0.0,0.0,,0.0,0.0,0.0,0.0,,14,0,1,1,1,6410,814,270,136,136,0,0.0,1,0,1.0,T_cell,immune_synapse,"Mathewson et al., Cell 2021",0,0.5961782583223885,0.09127431681544998,cc_edges_total=14 (+0.58); cc_n_cells_e1=6.41e+03 (+0.20); cc_n_celltypes_total=1 (+0.10),"literature gene, other compartment"
184,NCAM1,TAM1/TAM2/microglia,IDH_Mutant,TAM_microglia,0.0,0.0,0.0,0.0,,,0.0,0.0,0.0,0.0,,0.0,5.0,0.0,0.0,0.0,0.0,0.0,0.0,,0.0,0.0,0.0,0.0,,55,1,1,1,4,12086,25922,2106,21701,2106,0,0.0,1,0,2.0,tumor,neuron_tumor,Synaptic adhesion (pathway-level),0,0.5961021924420479,0.07166786050179744,cc_edges_total=55 (+1.10); cc_n_cells_e1=1.21e+04 (+0.27); deg_n_celltypes_sig=5 (+0.16),"literature gene, other compartment"
185,THY1,cycling_tumor,IDH_WT,tumor,1.0,2.086533598784398,2.086533598784398,300.0,0.617,0.071,0.546,1.0,1.0,1.0,2.0196759371826856,1.0,4.0,1.0,0.0,1.0,0.0,0.0141911373026763,0.0141911373026763,0.0,1.0,1.0,1.0,1.0,1.0,2,1,0,1,2,6410,814,5847,663,663,0,1.0,0,1,,,,,0,0.5960868162404688,0.11198401126488317,deg_pooled_log2fc=2.02 (+0.32); deg_n_celltypes_sig=4 (+0.28); cc_n_cells_e1=6.41e+03 (+0.24),novel
186,BSG,TAM1/TAM2/microglia,IDH_Mutant,TAM_microglia,0.0,0.0,0.0,0.0,,,0.0,0.0,0.0,0.0,,0.0,1.0,0.0,0.0,0.0,0.0,0.0,0.0,,0.0,0.0,0.0,0.0,,56,0,1,1,4,12086,25922,2106,21701,2106,0,0.0,1,0,,,,,0,0.5960066851271117,0.10550953805091767,cc_edges_total=56 (+1.02); cc_n_cells_e1=1.21e+04 (+0.22); cc_n_celltypes_total=4 (+0.08),novel
187,HLA-DPA1,TAM1/TAM2/microglia,IDH_WT,TAM_microglia,0.0,0.0,0.0,0.0,,,0.0,0.0,0.0,0.0,,0.0,5.0,4.0,0.0,2.0,2.0,0.0333971442545754,0.016534185100048025,0.0,1.0,1.0,0.0,4.0,0.0,14,1,0,1,5,12086,25922,9696,2745,2745,0,0.0,0,0,,,,,0,0.5959847053326314,0.029491626586684146,cc_edges_total=14 (+0.46); cc_n_cells_e1=1.21e+04 (+0.27); cc_edges_e2=2 (+0.25),novel
188,SLC1A1,OPC_GABA_like_tumor,IDH_Mutant,tumor,1.0,2.579610842378,2.579610842378,54.441250844640095,0.177,0.021,0.156,1.0,1.0,1.0,0.7993808583361037,1.0,1.0,0.0,0.0,0.0,0.0,0.0,0.0,,0.0,0.0,0.0,0.0,,13,1,0,1,1,6741,14114,1658,11741,1658,0,0.0,1,0,,,,,0,0.5912564713255467,0.1168778341422167,cc_edges_total=13 (+0.57); cc_n_cells_e1=6.74e+03 (+0.20); deg_pooled_log2fc=0.799 (+0.15),novel
189,CD74,TAM1/TAM2/microglia,IDH_Mutant,TAM_microglia,1.0,-0.6488107755664014,0.6488107755664014,154.4193713096651,0.961,0.979,-0.018000000000000016,-1.0,0.0,0.0,-0.3063398180010166,1.0,4.0,0.0,36.0,18.0,18.0,0.1172844910109071,0.05013193574605534,0.0,2.0,6.0,34.0,36.0,0.0,109,0,1,2,6,12086,25922,2106,21701,2106,0,-0.0,1,1,1.0,TAM_microglia,myeloid_bridge,"Ghoochani et al., Oncotarget 2016",1,0.5902814939362213,0.12305279028492225,cc_edges_total=109 (+0.88); deg_n_celltypes_sig=4 (+0.32); cc_n_cells_e1=1.21e+04 (+0.23),literature tier 1 (label)
190,CD44,OPC_GABA_AC_like_tumor,IDH_Mutant,tumor,0.0,0.0,0.0,0.0,,,0.0,0.0,0.0,0.0,,0.0,1.0,0.0,0.0,0.0,0.0,0.0,0.0,,0.0,0.0,0.0,0.0,,48,0,1,4,1,6202,1012,352,742,352,0,0.0,1,0,1.0,tumor,myeloid_bridge,"Pietras et al., Cell Stem Cell 2014",1,0.5901513370712008,0.08674965695675066,cc_edges_total=48 (+1.34); cc_n_cells_e1=6.2e+03 (+0.21); cc_n_pathways_total=4 (+0.17),literature tier 1 (label)
191,NLGN1,OPC_GABA_AC_like_tumor,IDH_Mutant,tumor,0.0,0.0,0.0,0.0,,,0.0,0.0,0.0,0.0,,0.0,2.0,0.0,0.0,0.0,0.0,0.0,0.0,,0.0,0.0,0.0,0.0,,18,0,1,1,3,6202,1012,352,742,352,0,0.0,1,0,2.0,tumor,neuron_tumor,Neuroligin family (pathway-level),1,0.5886468380271943,0.03652091579753624,cc_edges_total=18 (+1.07); cc_n_cells_e1=6.2e+03 (+0.26); cc_n_celltypes_total=3 (+0.10),literature tier 2 (label)
192,CD44,AC_like_tumor,IDH_Mutant,tumor,0.0,0.0,0.0,0.0,,,0.0,0.0,0.0,0.0,,0.0,1.0,0.0,0.0,0.0,0.0,0.0,0.0,,0.0,0.0,0.0,0.0,,48,0,1,4,1,72549,446,4249,283,283,0,0.0,1,0,1.0,tumor,myeloid_bridge,"Pietras et al., Cell Stem Cell 2014",1,0.5882281138032577,0.08531303247436905,cc_edges_total=48 (+1.34); cc_n_cells_e1=7.25e+04 (+0.20); cc_n_pathways_total=4 (+0.17),literature tier 1 (label)
193,KLRB1,TAM1/TAM2/microglia,IDH_WT,TAM_microglia,0.0,0.0,0.0,0.0,,,0.0,0.0,0.0,0.0,,0.0,0.0,0.0,0.0,0.0,0.0,0.0,0.0,,0.0,0.0,0.0,0.0,,14,0,1,1,1,12086,25922,9696,2745,2745,0,0.0,0,0,1.0,T_cell,immune_synapse,"Mathewson et al., Cell 2021",0,0.5871934242532719,0.12445976997107719,cc_edges_total=14 (+0.49); deg_n_celltypes_sig=0 (+0.26); cc_n_cells_e1=1.21e+04 (+0.20),"literature gene, other compartment"
194,SLC1A1,AC_like_tumor,IDH_Mutant,tumor,0.0,0.0,0.0,0.0,,,0.0,0.0,0.0,0.0,,0.0,1.0,0.0,0.0,0.0,0.0,0.0,0.0,,0.0,0.0,0.0,0.0,,13,1,0,1,1,72549,446,4249,283,283,0,0.0,1,0,,,,,0,0.5871721134656299,0.13974937869222773,cc_edges_total=13 (+0.60); cc_n_cells_e1=7.25e+04 (+0.21); cc_n_celltypes_total=1 (+0.10),novel
195,THY1,OPC_GABA_like_tumor,IDH_WT,tumor,1.0,2.4060124996105,2.4060124996105,300.0,0.617,0.102,0.515,1.0,1.0,1.0,2.0397824898375645,1.0,4.0,1.0,0.0,1.0,0.0,0.0075597332050079,0.0075597332050079,0.0,1.0,1.0,1.0,1.0,1.0,2,1,0,1,2,6741,14114,5040,1935,1935,0,1.0,0,1,,,,,0,0.58552289625538,0.10392783171907256,deg_pooled_log2fc=2.04 (+0.32); deg_n_celltypes_sig=4 (+0.28); cc_n_cells_e1=6.74e+03 (+0.24),novel
196,GRIA3,cycling_tumor,IDH_Mutant,tumor,1.0,5.380637217529915,5.380637217529915,13.383804944810485,0.287,0.007,0.27999999999999997,1.0,1.0,1.0,1.3787508387172114,1.0,2.0,0.0,3.0,3.0,0.0,0.0040368629211877,0.0019373749634117178,0.0,1.0,2.0,1.0,3.0,1.0,6,0,1,1,2,6410,814,270,136,136,0,1.0,1,1,2.0,tumor,neuron_tumor,"AMPAR subunit family; Venkatesh et al., Nature 2019",1,0.5844672713706907,0.14752139830368843,cc_n_partners=2 (+0.84); deg_pooled_log2fc=1.38 (+0.37); cc_edges_e2=3 (+0.26),literature tier 2 (label)
197,SLC1A1,OPC_GABA_AC_like_tumor,IDH_Mutant,tumor,0.0,0.0,0.0,0.0,,,0.0,0.0,0.0,0.0,,0.0,1.0,0.0,0.0,0.0,0.0,0.0,0.0,,0.0,0.0,0.0,0.0,,13,1,0,1,1,6202,1012,352,742,352,0,0.0,1,0,,,,,0,0.5843785509099438,0.13886114584786038,cc_edges_total=13 (+0.59); cc_n_cells_e1=6.2e+03 (+0.22); cc_n_celltypes_total=1 (+0.10),novel
198,ITGAV,OPC_GABA_like_tumor,IDH_WT,tumor,0.0,0.0,0.0,0.0,,,0.0,0.0,0.0,0.0,,0.0,2.0,0.0,14.0,13.0,1.0,0.0204651750303783,0.007934104333780162,0.0,3.0,7.0,5.0,14.0,0.8571428571428571,39,0,1,3,3,6741,14114,5040,1935,1935,0,0.0,0,0,,,,,0,0.5843294892709292,0.09424988275428091,cc_n_partners=7 (+0.24); cc_n_cells_e1=6.74e+03 (+0.23); cc_n_celltypes_total=3 (+0.14),novel
199,NRXN1,TAM1/TAM2/microglia,IDH_Mutant,TAM_microglia,0.0,0.0,0.0,0.0,,,0.0,0.0,0.0,0.0,,0.0,3.0,0.0,0.0,0.0,0.0,0.0,0.0,,0.0,0.0,0.0,0.0,,50,1,0,1,4,12086,25922,2106,21701,2106,0,0.0,1,0,2.0,tumor,neuron_tumor,Presynaptic partner of NLGN3 (pathway-level),0,0.5829543065561442,0.06390917326322075,cc_edges_total=50 (+1.35); cc_n_cells_e1=1.21e+04 (+0.26); cc_n_celltypes_total=4 (+0.08),"literature gene, other compartment"
200,CD44,cycling_tumor,IDH_Mutant,tumor,0.0,0.0,0.0,0.0,,,0.0,0.0,0.0,0.0,,0.0,1.0,0.0,0.0,0.0,0.0,0.0,0.0,,0.0,0.0,0.0,0.0,,48,0,1,4,1,6410,814,270,136,136,0,0.0,1,0,1.0,tumor,myeloid_bridge,"Pietras et al., Cell Stem Cell 2014",1,0.5826144789387453,0.08631586305161106,cc_edges_total=48 (+1.34); cc_n_cells_e1=6.41e+03 (+0.20); cc_n_pathways_total=4 (+0.17),literature tier 1 (label)
201,NRXN1,TAM1/TAM2/microglia,IDH_WT,TAM_microglia,0.0,0.0,0.0,0.0,,,0.0,0.0,0.0,0.0,,0.0,2.0,0.0,0.0,0.0,0.0,0.0,0.0,,0.0,0.0,0.0,0.0,,50,1,0,1,4,12086,25922,9696,2745,2745,0,0.0,0,0,2.0,tumor,neuron_tumor,Presynaptic partner of NLGN3 (pathway-level),0,0.5804150936090804,0.061678770524058346,cc_edges_total=50 (+1.35); cc_n_cells_e1=1.21e+04 (+0.26); cc_n_celltypes_total=4 (+0.08),"literature gene, other compartment"
202,SLC1A1,cycling_tumor,IDH_Mutant,tumor,0.0,0.0,0.0,0.0,,,0.0,0.0,0.0,0.0,,0.0,1.0,13.0,0.0,13.0,0.0,0.0085000406509992,0.002037173081619591,0.0,1.0,4.0,0.0,13.0,1.0,13,1,0,1,1,6410,814,270,136,136,0,0.0,1,0,,,,,0,0.5794704170704675,0.1494600224093129,cc_edges_total=13 (+0.54); cc_n_cells_e1=6.41e+03 (+0.20); cc_n_partners=4 (+0.18),novel
203,CNTN1,OPC_GABA_like_tumor,IDH_Mutant,tumor,1.0,-0.854435922059237,0.854435922059237,47.18491590991191,0.223,0.395,-0.17200000000000001,-1.0,1.0,0.0,0.7700451578531753,1.0,2.0,8.0,0.0,8.0,0.0,0.0122804136302003,0.00413992983265115,0.0,1.0,4.0,0.0,8.0,1.0,16,1,0,1,2,6741,14114,1658,11741,1658,0,-1.0,1,1,2.0,tumor,neuron_tumor,Synaptic adhesion (pathway-level),1,0.57862761248958,0.13504873714494986,cc_edges_total=16 (+1.02); cc_n_partners=4 (+0.31); cc_n_cells_e1=6.74e+03 (+0.24),literature tier 2 (label)
204,CD99,OPC_GABA_like_tumor,IDH_WT,tumor,0.0,0.0,0.0,0.0,,,0.0,0.0,0.0,0.0,,0.0,1.0,6.0,4.0,0.0,10.0,0.0094000310679316,0.00473842761049317,0.03,1.0,3.0,9.0,10.0,-1.0,86,1,1,1,4,6741,14114,5040,1935,1935,0,-0.0,0,0,2.0,tumor,immune_synapse,Glioma invasion marker (limited functional data),1,0.5778409571610238,0.09402574426682822,cc_edges_total=86 (+1.08); cc_n_partners=3 (+0.38); cc_n_cells_e1=6.74e+03 (+0.22),literature tier 2 (label)
205,SORT1,cycling_tumor,IDH_WT,tumor,1.0,0.4802925311537963,0.4802925311537963,47.401025083636924,0.344,0.11,0.23399999999999999,1.0,0.0,0.0,0.3962583541004341,1.0,3.0,0.0,3.0,3.0,0.0,0.005960292884092,0.004312044914191967,0.0,1.0,2.0,2.0,3.0,1.0,3,0,1,1,1,6410,814,5847,663,663,0,1.0,0,1,,,,,0,0.5773590744485423,0.11118506278974877,cc_n_partners=2 (+0.84); cc_edges_e2=3 (+0.23); cc_n_cells_e1=6.41e+03 (+0.18),novel
206,PTGER4,OPC_GABA_like_tumor,IDH_Mutant,tumor,0.0,0.0,0.0,0.0,,,0.0,0.0,0.0,0.0,,0.0,0.0,0.0,0.0,0.0,0.0,0.0,0.0,,0.0,0.0,0.0,0.0,,14,0,1,1,1,6741,14114,1658,11741,1658,0,0.0,1,0,,,,,0,0.5769194276976404,0.1528582151694276,cc_edges_total=14 (+0.48); deg_n_celltypes_sig=0 (+0.22); cc_n_cells_e1=6.74e+03 (+0.20),novel
207,PPIA,TAM1/TAM2/microglia,IDH_Mutant,TAM_microglia,1.0,-0.4132315534024129,0.4132315534024129,55.166869464907194,0.768,0.848,-0.07999999999999996,-1.0,1.0,1.0,-0.7277355094696292,1.0,1.0,7.0,0.0,3.0,4.0,0.0978378557322367,0.04184953839754516,0.04,1.0,3.0,7.0,7.0,-0.14285714285714285,56,1,0,1,7,12086,25922,2106,21701,2106,0,0.14285714285714285,1,1,,,,,0,0.5759966582182747,0.11003061931949058,cc_edges_total=56 (+0.84); cc_n_partners=3 (+0.32); cc_n_cells_e1=1.21e+04 (+0.22),novel
208,NOTCH1,OPC_GABA_AC_like_tumor,IDH_WT,tumor,0.0,0.0,0.0,0.0,,,0.0,0.0,0.0,0.0,,0.0,2.0,0.0,0.0,0.0,0.0,0.0,0.0,,0.0,0.0,0.0,0.0,,16,0,1,2,2,6202,1012,5384,171,171,0,0.0,0,0,2.0,tumor,growth,Notch pathway (pathway-level),1,0.5756524451421365,0.08224894621192902,cc_edges_total=16 (+1.07); cc_n_cells_e1=6.2e+03 (+0.26); cc_n_celltypes_total=2 (+0.09),literature tier 2 (label)
209,ITGAV,cycling_tumor,IDH_WT,tumor,1.0,0.2979974162568404,0.2979974162568404,54.56349993519065,0.501,0.177,0.324,1.0,1.0,1.0,0.3303134313322708,1.0,2.0,0.0,13.0,13.0,0.0,0.029255088299547,0.012036451921385891,0.0,3.0,7.0,5.0,13.0,1.0,39,0,1,3,3,6410,814,5847,663,663,0,1.0,0,1,,,,,0,0.5748832187917877,0.11635050582622393,cc_n_partners=7 (+0.24); cc_n_cells_e1=6.41e+03 (+0.22); deg_pct_diff=0.324 (+0.18),novel
210,NOTCH1,AC_like_tumor,IDH_WT,tumor,0.0,0.0,0.0,0.0,,,0.0,0.0,0.0,0.0,,0.0,2.0,0.0,0.0,0.0,0.0,0.0,0.0,,0.0,0.0,0.0,0.0,,16,0,1,2,2,72549,446,64812,108,108,0,0.0,0,0,2.0,tumor,growth,Notch pathway (pathway-level),1,0.5734504402626476,0.08241630754875422,cc_edges_total=16 (+1.07); cc_n_cells_e1=7.25e+04 (+0.25); cc_n_celltypes_total=2 (+0.09),literature tier 2 (label)
211,PTPRZ1,TAM1/TAM2/microglia,IDH_Mutant,TAM_microglia,0.0,0.0,0.0,0.0,,,0.0,0.0,0.0,0.0,,0.0,4.0,0.0,0.0,0.0,0.0,0.0,0.0,,0.0,0.0,0.0,0.0,,77,0,1,2,4,12086,25922,2106,21701,2106,0,0.0,1,0,1.0,tumor,myeloid_bridge,"Shi et al., Cell Stem Cell 2017",0,0.5702858360686994,0.05493049571286913,cc_edges_total=77 (+1.03); cc_n_cells_e1=1.21e+04 (+0.25); deg_n_celltypes_sig=4 (+0.17),"literature gene, other compartment"
212,DAG1,cycling_tumor,IDH_Mutant,tumor,1.0,2.3691077077899365,2.3691077077899365,7.607543301074982,0.257,0.026,0.231,1.0,1.0,1.0,1.150522854828894,1.0,2.0,0.0,6.0,6.0,0.0,0.0134431326010437,0.004370217139411733,0.0,1.0,4.0,0.0,6.0,1.0,6,0,1,1,1,6410,814,270,136,136,0,1.0,1,1,,,,,0,0.5700094106450575,0.08006559109256804,cc_n_partners=4 (+0.31); cc_edges_e2=6 (+0.22); deg_pct_diff=0.231 (+0.19),novel
213,THY1,AC_like_tumor,IDH_WT,tumor,1.0,2.52139659583966,2.52139659583966,2.4490698577526384,0.139,0.04,0.099,1.0,1.0,1.0,2.3596125280247646,1.0,4.0,0.0,0.0,0.0,0.0,0.0,0.0,,0.0,0.0,0.0,0.0,,2,1,0,1,2,72549,446,64812,108,108,0,0.0,0,0,,,,,0,0.5697655056180444,0.12870332833579662,deg_pooled_log2fc=2.36 (+0.27); deg_n_celltypes_sig=4 (+0.26); cc_n_cells_e1=7.25e+04 (+0.23),novel
214,PTPRZ1,TAM1/TAM2/microglia,IDH_WT,TAM_microglia,0.0,0.0,0.0,0.0,,,0.0,0.0,0.0,0.0,,0.0,5.0,0.0,0.0,0.0,0.0,0.0,0.0,,0.0,0.0,0.0,0.0,,77,0,1,2,4,12086,25922,9696,2745,2745,0,0.0,0,0,1.0,tumor,myeloid_bridge,"Shi et al., Cell Stem Cell 2017",0,0.5696495095883035,0.056037290974775916,cc_edges_total=77 (+1.04); cc_n_cells_e1=1.21e+04 (+0.25); deg_n_celltypes_sig=5 (+0.16),"literature gene, other compartment"
215,KLRB1,OPC_GABA_like_tumor,IDH_Mutant,tumor,0.0,0.0,0.0,0.0,,,0.0,0.0,0.0,0.0,,0.0,1.0,0.0,0.0,0.0,0.0,0.0,0.0,,0.0,0.0,0.0,0.0,,14,0,1,1,1,6741,14114,1658,11741,1658,0,0.0,1,0,1.0,T_cell,immune_synapse,"Mathewson et al., Cell 2021",0,0.5695178863904053,0.0958940146236932,cc_edges_total=14 (+0.58); cc_n_cells_e1=6.74e+03 (+0.20); cc_n_celltypes_total=1 (+0.09),"literature gene, other compartment"
216,HLA-DRB1,TAM1/TAM2/microglia,IDH_WT,TAM_microglia,0.0,0.0,0.0,0.0,,,0.0,0.0,0.0,0.0,,0.0,3.0,4.0,0.0,2.0,2.0,0.0334073134215138,0.017249044865644925,0.0,1.0,1.0,0.0,4.0,0.0,14,1,0,1,5,12086,25922,9696,2745,2745,0,0.0,0,0,,,,,0,0.5683435625392843,0.0939881281245987,cc_edges_total=14 (+0.47); cc_n_cells_e1=1.21e+04 (+0.26); cc_edges_e2=2 (+0.23),novel
217,CD74,TAM1/TAM2/microglia,IDH_WT,TAM_microglia,0.0,0.0,0.0,0.0,,,0.0,0.0,0.0,0.0,,0.0,5.0,0.0,36.0,18.0,18.0,0.1172844910109071,0.05013193574605534,0.0,2.0,6.0,34.0,36.0,0.0,109,0,1,2,6,12086,25922,9696,2745,2745,0,0.0,0,0,1.0,TAM_microglia,myeloid_bridge,"Ghoochani et al., Oncotarget 2016",1,0.5671179954662393,0.10959318944600714,cc_edges_total=109 (+0.78); deg_n_celltypes_sig=5 (+0.29); cc_n_cells_e1=1.21e+04 (+0.23),literature tier 1 (label)
218,MIF,OPC_GABA_like_tumor,IDH_Mutant,tumor,1.0,0.4138481077866298,0.4138481077866298,19.995133091697035,0.623,0.507,0.11599999999999999,1.0,1.0,1.0,0.3824996223615886,1.0,4.0,12.0,0.0,6.0,6.0,0.07070325655545,0.027424934791117333,0.0,1.0,2.0,12.0,12.0,0.0,66,1,0,1,6,6741,14114,1658,11741,1658,0,0.0,1,1,1.0,tumor,myeloid_bridge,"Ghoochani et al., Oncotarget 2016",1,0.565297556040383,0.1420636952415245,cc_edges_total=66 (+0.90); cc_n_partners=2 (+0.81); deg_n_celltypes_sig=4 (+0.32),literature tier 1 (label)
219,THY1,OPC_GABA_AC_like_tumor,IDH_WT,tumor,1.0,2.818797499216989,2.818797499216989,43.1572602022785,0.263,0.035,0.228,1.0,0.0,0.0,2.061025788677575,1.0,4.0,0.0,0.0,0.0,0.0,0.0,0.0,,0.0,0.0,0.0,0.0,,2,1,0,1,2,6202,1012,5384,171,171,0,0.0,0,0,,,,,0,0.5644260317913782,0.13194441852681843,deg_n_celltypes_sig=4 (+0.27); deg_pooled_log2fc=2.06 (+0.27); cc_n_cells_e1=6.2e+03 (+0.24),novel
220,EGFR,AC_like_tumor,IDH_WT,tumor,0.0,0.0,0.0,0.0,,,0.0,0.0,0.0,0.0,,0.0,3.0,0.0,4.0,2.0,2.0,0.0139104095399897,0.00775991270306315,0.0,1.0,2.0,4.0,4.0,0.0,14,0,1,1,4,72549,446,64812,108,108,0,0.0,0,0,1.0,tumor,growth,"Brennan et al., Cell 2013 (TCGA GBM)",1,0.5632700205069173,0.11021284526448515,cc_n_partners=2 (+0.85); cc_edges_total=14 (+0.58); cc_n_cells_e1=7.25e+04 (+0.24),literature tier 1 (label)
221,SLC1A1,OPC_GABA_like_tumor,IDH_WT,tumor,1.0,1.0278539750876812,1.0278539750876812,157.27479345786205,0.344,0.073,0.27099999999999996,1.0,1.0,1.0,0.7993808583361037,1.0,2.0,0.0,0.0,0.0,0.0,0.0,0.0,,0.0,0.0,0.0,0.0,,13,1,0,1,1,6741,14114,5040,1935,1935,0,0.0,0,0,,,,,0,0.5632638122366745,0.10822432642141432,cc_edges_total=13 (+0.57); cc_n_cells_e1=6.74e+03 (+0.22); deg_pct_diff=0.271 (+0.15),novel
222,PPIA,OPC_GABA_like_tumor,IDH_WT,tumor,0.0,0.0,0.0,0.0,,,0.0,0.0,0.0,0.0,,0.0,2.0,9.0,0.0,4.0,5.0,0.1147245041987962,0.04667047362903969,0.04,1.0,4.0,0.0,9.0,-0.1111111111111111,56,1,0,1,7,6741,14114,5040,1935,1935,0,-0.0,0,0,,,,,0,0.5600263342320059,0.09192760556530236,cc_edges_total=56 (+0.69); cc_n_cells_e1=6.74e+03 (+0.25); cc_edges_e2=4 (+0.18),novel
223,GRIA2,cycling_tumor,IDH_WT,tumor,1.0,2.075188020547772,2.075188020547772,187.21850578965217,0.377,0.043,0.334,1.0,1.0,1.0,2.6067381794114644,1.0,2.0,0.0,3.0,3.0,0.0,0.0081782421612816,0.003928664324832367,0.0,1.0,2.0,1.0,3.0,1.0,12,0,1,1,3,6410,814,5847,663,663,0,1.0,0,1,1.0,tumor,neuron_tumor,"Venkatesh et al., Nature 2019; Venkataramani et al., Nature 2019",1,0.5599834622573784,0.14862143270318592,cc_n_partners=2 (+0.86); deg_pooled_log2fc=2.61 (+0.49); cc_edges_e2=3 (+0.26),literature tier 1 (label)
224,ADORA3,TAM1/TAM2/microglia,IDH_Mutant,TAM_microglia,0.0,0.0,0.0,0.0,,,0.0,0.0,0.0,0.0,,0.0,0.0,1.0,0.0,1.0,0.0,0.0039014203393133,0.0039014203393133,0.0,1.0,1.0,0.0,1.0,1.0,1,1,0,1,1,12086,25922,2106,21701,2106,0,0.0,1,0,,,,,0,0.5589976281606515,0.03890831027147332,deg_n_celltypes_sig=0 (+0.45); cc_n_cells_e1=1.21e+04 (+0.20); cc_edges_total=1 (+0.10),novel
225,SLC1A3,cycling_tumor,IDH_Mutant,tumor,0.0,0.0,0.0,0.0,,,0.0,0.0,0.0,0.0,,0.0,3.0,13.0,0.0,13.0,0.0,0.0180971001094363,0.004356891598256588,0.0,1.0,4.0,0.0,13.0,1.0,26,1,0,1,2,6410,814,270,136,136,0,0.0,1,0,,,,,0,0.5589276234324746,0.07942796546698,cc_n_cells_e1=6.41e+03 (+0.25); cc_n_partners=4 (+0.24); cc_n_celltypes_total=2 (+0.13),novel
226,EGFR,cycling_tumor,IDH_WT,tumor,1.0,-2.992594636900289,2.992594636900289,10.242048894764032,0.17,0.28,-0.11000000000000001,-1.0,1.0,0.0,,0.0,3.0,0.0,4.0,2.0,2.0,0.0064027402138418,0.003551269548778375,0.0,1.0,2.0,4.0,4.0,0.0,14,0,1,1,4,6410,814,5847,663,663,0,-0.0,0,1,1.0,tumor,growth,"Brennan et al., Cell 2013 (TCGA GBM)",1,0.5586044910026754,0.10402837720090635,cc_n_partners=2 (+0.85); cc_edges_total=14 (+0.60); cc_edges_e2=2 (+0.24),literature tier 1 (label)
227,ADORA3,AC_like_tumor,IDH_Mutant,tumor,0.0,0.0,0.0,0.0,,,0.0,0.0,0.0,0.0,,0.0,0.0,0.0,0.0,0.0,0.0,0.0,0.0,,0.0,0.0,0.0,0.0,,1,1,0,1,1,72549,446,4249,283,283,0,0.0,1,0,,,,,0,0.5585464548189634,0.03441244833922252,deg_n_celltypes_sig=0 (+0.47); cc_n_cells_e1=7.25e+04 (+0.20); cc_edges_total=1 (+0.09),novel
228,HLA-DPA1,TAM1/TAM2/microglia,IDH_Mutant,TAM_microglia,1.0,-1.5185155949667548,1.5185155949667548,300.0,0.843,0.958,-0.11499999999999999,-1.0,0.0,0.0,-0.8565881023929776,1.0,4.0,4.0,0.0,2.0,2.0,0.0333971442545754,0.016534185100048025,0.0,1.0,1.0,0.0,4.0,0.0,14,1,0,1,5,12086,25922,2106,21701,2106,0,-0.0,1,1,,,,,0,0.5580257381312984,0.029366500590282438,cc_edges_total=14 (+0.49); cc_edges_e2=2 (+0.27); cc_n_cells_e1=1.21e+04 (+0.26),novel
229,PPIA,OPC_GABA_like_tumor,IDH_Mutant,tumor,0.0,0.0,0.0,0.0,,,0.0,0.0,0.0,0.0,,0.0,1.0,9.0,0.0,4.0,5.0,0.1147245041987962,0.04667047362903969,0.04,1.0,4.0,0.0,9.0,-0.1111111111111111,56,1,0,1,7,6741,14114,1658,11741,1658,0,-0.0,1,0,,,,,0,0.5573433050552293,0.08283602321185762,cc_edges_total=56 (+0.67); cc_n_cells_e1=6.74e+03 (+0.22); cc_edges_e2=4 (+0.17),novel
230,DLL3,OPC_GABA_like_tumor,IDH_WT,tumor,1.0,4.5360143154011725,4.5360143154011725,300.0,0.71,0.066,0.6439999999999999,1.0,1.0,1.0,4.047193945889483,1.0,4.0,2.0,0.0,2.0,0.0,0.0102880806075418,0.00926053756614685,0.0,1.0,2.0,0.0,2.0,1.0,8,1,0,1,4,6741,14114,5040,1935,1935,0,1.0,0,1,1.0,tumor,growth,"Spino et al., Clin Cancer Res 2019 (IDH-mutant glioma)",1,0.5572488651406964,0.04127361902191603,cc_n_partners=2 (+0.87); deg_pooled_log2fc=4.05 (+0.53); deg_n_celltypes_sig=4 (+0.35),literature tier 1 (label)
231,CNTN1,AC_like_tumor,IDH_Mutant,tumor,0.0,0.0,0.0,0.0,,,0.0,0.0,0.0,0.0,,0.0,2.0,0.0,0.0,0.0,0.0,0.0,0.0,,0.0,0.0,0.0,0.0,,16,1,0,1,2,72549,446,4249,283,283,0,0.0,1,0,2.0,tumor,neuron_tumor,Synaptic adhesion (pathway-level),1,0.556996064915688,0.07912980688668778,cc_edges_total=16 (+1.07); cc_n_cells_e1=7.25e+04 (+0.26); cc_n_celltypes_total=2 (+0.09),literature tier 2 (label)
232,CD99,TAM1/TAM2/microglia,IDH_Mutant,TAM_microglia,0.0,0.0,0.0,0.0,,,0.0,0.0,0.0,0.0,,0.0,3.0,16.0,12.0,16.0,12.0,0.0335568293583414,0.010434864974017268,0.03,1.0,4.0,18.0,28.0,0.14285714285714285,86,1,1,1,4,12086,25922,2106,21701,2106,0,0.0,1,0,2.0,tumor,immune_synapse,Glioma invasion marker (limited functional data),0,0.5567354304814188,0.08099003687799872,cc_edges_total=86 (+0.89); cc_n_cells_e1=1.21e+04 (+0.24); cc_n_partners=4 (+0.20),"literature gene, other compartment"
233,SLC1A1,OPC_GABA_AC_like_tumor,IDH_WT,tumor,0.0,0.0,0.0,0.0,,,0.0,0.0,0.0,0.0,,0.0,2.0,0.0,0.0,0.0,0.0,0.0,0.0,,0.0,0.0,0.0,0.0,,13,1,0,1,1,6202,1012,5384,171,171,0,0.0,0,0,,,,,0,0.5566804752435757,0.13356420315615208,cc_edges_total=13 (+0.59); cc_n_cells_e1=6.2e+03 (+0.24); cc_n_celltypes_total=1 (+0.10),novel
234,SPP1,TAM1/TAM2/microglia,IDH_WT,TAM_microglia,0.0,0.0,0.0,0.0,,,0.0,0.0,0.0,0.0,,0.0,4.0,10.0,0.0,5.0,5.0,0.0600743503220592,0.03767848687725736,0.0,1.0,4.0,8.0,10.0,0.0,55,1,0,1,7,12086,25922,9696,2745,2745,0,0.0,0,0,1.0,TAM_microglia,myeloid_bridge,"Wei et al., J Clin Invest 2019",1,0.5563726125697359,0.11994544948012091,cc_edges_total=55 (+0.76); deg_n_celltypes_sig=4 (+0.28); cc_n_cells_e1=1.21e+04 (+0.27),literature tier 1 (label)
235,PPIA,OPC_GABA_AC_like_tumor,IDH_WT,tumor,0.0,0.0,0.0,0.0,,,0.0,0.0,0.0,0.0,,0.0,2.0,10.0,0.0,5.0,5.0,0.1265256391696476,0.04804807287943773,0.04,1.0,4.0,0.0,10.0,0.0,56,1,0,1,7,6202,1012,5384,171,171,0,0.0,0,0,,,,,0,0.5560273497347629,0.09151984008082382,cc_edges_total=56 (+0.69); cc_n_cells_e1=6.2e+03 (+0.25); cc_edges_e2=5 (+0.17),novel
236,SLC1A1,AC_like_tumor,IDH_WT,tumor,0.0,0.0,0.0,0.0,,,0.0,0.0,0.0,0.0,,0.0,2.0,0.0,0.0,0.0,0.0,0.0,0.0,,0.0,0.0,0.0,0.0,,13,1,0,1,1,72549,446,64812,108,108,0,0.0,0,0,,,,,0,0.555630875215189,0.13344640613434042,cc_edges_total=13 (+0.59); cc_n_cells_e1=7.25e+04 (+0.24); cc_n_celltypes_total=1 (+0.10),novel
237,TREM2,TAM1/TAM2/microglia,IDH_WT,TAM_microglia,1.0,0.4580206192774372,0.4580206192774372,64.2337844280178,0.777,0.571,0.20600000000000007,1.0,0.0,0.0,,0.0,2.0,0.0,38.0,19.0,19.0,0.2392234722575476,0.08750399753816233,0.03,2.0,7.0,34.0,38.0,0.0,57,0,1,2,2,12086,25922,9696,2745,2745,0,0.0,0,1,2.0,TAM_microglia,myeloid_bridge,TAM marker (pathway-level),1,0.5555006419582366,0.13233558086470856,cc_edges_total=57 (+0.73); cc_n_cells_e1=1.21e+04 (+0.23); cc_max_prob=0.239 (+0.22),literature tier 2 (label)
238,PPIA,AC_like_tumor,IDH_WT,tumor,0.0,0.0,0.0,0.0,,,0.0,0.0,0.0,0.0,,0.0,2.0,9.0,0.0,4.0,5.0,0.1186820423196334,0.04821918900484511,0.01,1.0,4.0,0.0,9.0,-0.1111111111111111,56,1,0,1,7,72549,446,64812,108,108,0,-0.0,0,0,,,,,0,0.5554187706872276,0.09060562869325518,cc_edges_total=56 (+0.69); cc_n_cells_e1=7.25e+04 (+0.26); cc_edges_e2=4 (+0.17),novel
239,ITGAV,TAM1/TAM2/microglia,IDH_WT,TAM_microglia,1.0,0.6594635228753861,0.6594635228753861,47.98864885266488,0.4,0.25,0.15000000000000002,1.0,1.0,1.0,0.4690205660040947,1.0,2.0,0.0,12.0,12.0,0.0,0.0342673920775937,0.01516661356754101,0.0,2.0,7.0,10.0,12.0,1.0,39,0,1,3,3,12086,25922,9696,2745,2745,0,1.0,0,1,,,,,0,0.5546027711902959,0.11647107579702415,cc_n_partners=7 (+0.27); cc_n_cells_e1=1.21e+04 (+0.22); deg_pct_diff=0.15 (+0.19),novel
240,GLS,TAM1/TAM2/microglia,IDH_Mutant,TAM_microglia,1.0,1.1064324236649108,1.1064324236649108,59.4595764004668,0.46,0.286,0.17400000000000004,1.0,1.0,1.0,1.3231426999977598,1.0,2.0,13.0,0.0,13.0,0.0,0.0580182501147297,0.014240210546249892,0.0,1.0,4.0,13.0,13.0,1.0,39,1,0,1,2,12086,25922,2106,21701,2106,0,1.0,1,1,,,,,0,0.5535290006638844,0.19416159102580174,cc_n_partners=4 (+0.32); cc_n_cells_e1=1.21e+04 (+0.23); deg_pct_diff=0.174 (+0.16),novel
241,CLSTN1,cycling_tumor,IDH_Mutant,tumor,0.0,0.0,0.0,0.0,,,0.0,0.0,0.0,0.0,,0.0,1.0,0.0,6.0,6.0,0.0,0.0084269247922976,0.002734139854995377,0.0,1.0,4.0,0.0,6.0,1.0,12,0,1,1,2,6410,814,270,136,136,0,0.0,1,0,,,,,0,0.5532778587134588,0.04919162573440473,cc_n_partners=4 (+0.23); cc_edges_e2=6 (+0.21); cc_n_cells_e1=6.41e+03 (+0.20),novel
242,CNTN1,OPC_GABA_AC_like_tumor,IDH_Mutant,tumor,0.0,0.0,0.0,0.0,,,0.0,0.0,0.0,0.0,,0.0,2.0,0.0,0.0,0.0,0.0,0.0,0.0,,0.0,0.0,0.0,0.0,,16,1,0,1,2,6202,1012,352,742,352,0,0.0,1,0,2.0,tumor,neuron_tumor,Synaptic adhesion (pathway-level),1,0.5528141939251544,0.07692296265556782,cc_edges_total=16 (+1.07); cc_n_cells_e1=6.2e+03 (+0.27); cc_n_celltypes_total=2 (+0.09),literature tier 2 (label)
243,GRIA3,cycling_tumor,IDH_WT,tumor,1.0,1.2123710868250694,1.2123710868250694,63.0246063381897,0.252,0.055,0.197,1.0,1.0,1.0,1.3787508387172114,1.0,1.0,0.0,3.0,3.0,0.0,0.0040368629211877,0.0019373749634117178,0.0,1.0,2.0,1.0,3.0,1.0,6,0,1,1,2,6410,814,5847,663,663,0,1.0,0,1,2.0,tumor,neuron_tumor,"AMPAR subunit family; Venkatesh et al., Nature 2019",1,0.5525723369189244,0.1397782338860676,cc_n_partners=2 (+0.77); deg_pooled_log2fc=1.38 (+0.37); cc_edges_e2=3 (+0.25),literature tier 2 (label)
244,PPIA,cycling_tumor,IDH_WT,tumor,0.0,0.0,0.0,0.0,,,0.0,0.0,0.0,0.0,,0.0,2.0,10.0,0.0,5.0,5.0,0.1356608701322122,0.05412273350452988,0.0,1.0,4.0,0.0,10.0,0.0,56,1,0,1,7,6410,814,5847,663,663,0,0.0,0,0,,,,,0,0.5520926835792034,0.0918101332198908,cc_edges_total=56 (+0.69); cc_n_cells_e1=6.41e+03 (+0.25); cc_edges_e2=5 (+0.17),novel
245,GLS,TAM1/TAM2/microglia,IDH_WT,TAM_microglia,1.0,0.8886823854089718,0.8886823854089718,71.8248014029961,0.386,0.214,0.17200000000000001,1.0,1.0,1.0,1.3231426999977598,1.0,3.0,13.0,0.0,13.0,0.0,0.0580182501147297,0.014240210546249892,0.0,1.0,4.0,13.0,13.0,1.0,39,1,0,1,2,12086,25922,9696,2745,2745,0,1.0,0,1,,,,,0,0.5520101975611899,0.1957282590222014,cc_n_partners=4 (+0.31); cc_n_cells_e1=1.21e+04 (+0.24); deg_pct_diff=0.172 (+0.16),novel
246,CXCR4,AC_like_tumor,IDH_Mutant,tumor,0.0,0.0,0.0,0.0,,,0.0,0.0,0.0,0.0,,0.0,3.0,0.0,0.0,0.0,0.0,0.0,0.0,,0.0,0.0,0.0,0.0,,44,0,1,1,2,72549,446,4249,283,283,0,0.0,1,0,1.0,tumor,growth,"Rubin et al., PNAS 2003",1,0.5517979369718976,0.10130026717484027,cc_edges_total=44 (+1.36); cc_n_cells_e1=7.25e+04 (+0.25); cc_n_celltypes_total=2 (+0.09),literature tier 1 (label)
247,CXCR4,OPC_GABA_AC_like_tumor,IDH_Mutant,tumor,0.0,0.0,0.0,0.0,,,0.0,0.0,0.0,0.0,,0.0,3.0,0.0,0.0,0.0,0.0,0.0,0.0,,0.0,0.0,0.0,0.0,,44,0,1,1,2,6202,1012,352,742,352,0,0.0,1,0,1.0,tumor,growth,"Rubin et al., PNAS 2003",1,0.5507603928461229,0.10135536832243529,cc_edges_total=44 (+1.36); cc_n_cells_e1=6.2e+03 (+0.26); cc_n_celltypes_total=2 (+0.09),literature tier 1 (label)
248,ADORA3,OPC_GABA_AC_like_tumor,IDH_Mutant,tumor,0.0,0.0,0.0,0.0,,,0.0,0.0,0.0,0.0,,0.0,0.0,0.0,0.0,0.0,0.0,0.0,0.0,,0.0,0.0,0.0,0.0,,1,1,0,1,1,6202,1012,352,742,352,0,0.0,1,0,,,,,0,0.5499165125766103,0.027776106974773663,deg_n_celltypes_sig=0 (+0.45); cc_n_cells_e1=6.2e+03 (+0.20); cc_edges_total=1 (+0.10),novel
249,ADORA3,cycling_tumor,IDH_Mutant,tumor,0.0,0.0,0.0,0.0,,,0.0,0.0,0.0,0.0,,0.0,0.0,0.0,0.0,0.0,0.0,0.0,0.0,,0.0,0.0,0.0,0.0,,1,1,0,1,1,6410,814,270,136,136,0,0.0,1,0,,,,,0,0.5495748030291273,0.032824619831540225,deg_n_celltypes_sig=0 (+0.45); cc_n_cells_e1=6.41e+03 (+0.19); cc_edges_total=1 (+0.09),novel
250,CXCR4,OPC_GABA_AC_like_tumor,IDH_WT,tumor,0.0,0.0,0.0,0.0,,,0.0,0.0,0.0,0.0,,0.0,2.0,0.0,0.0,0.0,0.0,0.0,0.0,,0.0,0.0,0.0,0.0,,44,0,1,1,2,6202,1012,5384,171,171,0,0.0,0,0,1.0,tumor,growth,"Rubin et al., PNAS 2003",1,0.5493298081835851,0.09299472102348694,cc_edges_total=44 (+1.36); cc_n_cells_e1=6.2e+03 (+0.26); cc_n_celltypes_total=2 (+0.09),literature tier 1 (label)
251,COL9A1,cycling_tumor,IDH_WT,tumor,1.0,4.55887403212976,4.55887403212976,300.0,0.341,0.011,0.33,1.0,0.0,0.0,4.418977772799232,1.0,2.0,5.0,0.0,5.0,0.0,0.0026257015067272,0.00177275463141162,0.0,1.0,3.0,2.0,5.0,1.0,5,1,0,1,1,6410,814,5847,663,663,0,1.0,0,1,,,,,0,0.5492842859594408,0.02226257249099406,cc_n_partners=3 (+0.44); deg_pooled_log2fc=4.42 (+0.35); cc_edges_e2=5 (+0.22),novel
252,KLRB1,TAM1/TAM2/microglia,IDH_Mutant,TAM_microglia,0.0,0.0,0.0,0.0,,,0.0,0.0,0.0,0.0,,0.0,1.0,0.0,0.0,0.0,0.0,0.0,0.0,,0.0,0.0,0.0,0.0,,14,0,1,1,1,12086,25922,2106,21701,2106,0,0.0,1,0,1.0,T_cell,immune_synapse,"Mathewson et al., Cell 2021",0,0.5473574700261565,0.1128785716175866,cc_edges_total=14 (+0.58); cc_n_cells_e1=1.21e+04 (+0.20); cc_n_celltypes_total=1 (+0.09),"literature gene, other compartment"
253,CXCR4,AC_like_tumor,IDH_WT,tumor,0.0,0.0,0.0,0.0,,,0.0,0.0,0.0,0.0,,0.0,2.0,0.0,0.0,0.0,0.0,0.0,0.0,,0.0,0.0,0.0,0.0,,44,0,1,1,2,72549,446,64812,108,108,0,0.0,0,0,1.0,tumor,growth,"Rubin et al., PNAS 2003",1,0.5460127069257364,0.097720930262203,cc_edges_total=44 (+1.37); cc_n_cells_e1=7.25e+04 (+0.25); cc_n_celltypes_total=2 (+0.09),literature tier 1 (label)
254,CD99,cycling_tumor,IDH_WT,tumor,1.0,-0.4001546013152632,0.4001546013152632,20.568767120890698,0.572,0.267,0.30499999999999994,-1.0,1.0,1.0,-0.6162220488602379,1.0,1.0,10.0,6.0,8.0,8.0,0.0093598934920334,0.004668256872639797,0.01,1.0,3.0,14.0,16.0,0.0,86,1,1,1,4,6410,814,5847,663,663,0,-0.0,0,1,2.0,tumor,immune_synapse,Glioma invasion marker (limited functional data),1,0.5457205501914209,0.06808787512668678,cc_edges_total=86 (+1.10); cc_n_partners=3 (+0.36); cc_edges_e2=8 (+0.21),literature tier 2 (label)
255,CNTN1,AC_like_tumor,IDH_WT,tumor,1.0,1.794278055377577,1.794278055377577,3.7547594681386682,0.13,0.031,0.099,1.0,0.0,0.0,0.5105957887362043,1.0,4.0,0.0,0.0,0.0,0.0,0.0,0.0,,0.0,0.0,0.0,0.0,,16,1,0,1,2,72549,446,64812,108,108,0,0.0,0,0,2.0,tumor,neuron_tumor,Synaptic adhesion (pathway-level),1,0.5454376293222084,0.08287660475726805,cc_edges_total=16 (+1.07); cc_n_cells_e1=7.25e+04 (+0.25); deg_n_celltypes_sig=4 (+0.24),literature tier 2 (label)
256,NRCAM,AC_like_tumor,IDH_WT,tumor,0.0,0.0,0.0,0.0,,,0.0,0.0,0.0,0.0,,0.0,1.0,0.0,4.0,2.0,2.0,0.0036696350326655,0.00316495639881815,0.0,1.0,2.0,0.0,4.0,0.0,12,0,1,1,4,72549,446,64812,108,108,0,0.0,0,0,,,,,0,0.5453766593726228,0.18694403226245154,cc_n_partners=2 (+0.73); cc_edges_e2=2 (+0.22); cc_n_cells_e1=7.25e+04 (+0.21),novel
257,DLL3,OPC_GABA_like_tumor,IDH_Mutant,tumor,1.0,2.934704346904793,2.934704346904793,300.0,0.769,0.133,0.636,1.0,1.0,1.0,4.047193945889483,1.0,4.0,2.0,0.0,2.0,0.0,0.0102880806075418,0.00926053756614685,0.0,1.0,2.0,0.0,2.0,1.0,8,1,0,1,4,6741,14114,1658,11741,1658,0,1.0,1,1,1.0,tumor,growth,"Spino et al., Clin Cancer Res 2019 (IDH-mutant glioma)",1,0.5453582065358412,0.041228280555945226,cc_n_partners=2 (+0.88); deg_pooled_log2fc=4.05 (+0.53); deg_n_celltypes_sig=4 (+0.35),literature tier 1 (label)
258,CLSTN1,OPC_GABA_like_tumor,IDH_Mutant,tumor,0.0,0.0,0.0,0.0,,,0.0,0.0,0.0,0.0,,0.0,1.0,0.0,6.0,6.0,0.0,0.012676328998952,0.004119700281260216,0.0,1.0,4.0,0.0,6.0,1.0,12,0,1,1,2,6741,14114,1658,11741,1658,0,0.0,1,0,,,,,0,0.5449952129939721,0.04160716163638702,cc_n_partners=4 (+0.26); cc_edges_e2=6 (+0.22); cc_n_cells_e1=6.74e+03 (+0.20),novel
259,PPIA,AC_like_tumor,IDH_Mutant,tumor,0.0,0.0,0.0,0.0,,,0.0,0.0,0.0,0.0,,0.0,1.0,9.0,0.0,4.0,5.0,0.1186820423196334,0.04821918900484511,0.01,1.0,4.0,0.0,9.0,-0.1111111111111111,56,1,0,1,7,72549,446,4249,283,283,0,-0.0,1,0,,,,,0,0.5446345034121832,0.08388442638962623,cc_edges_total=56 (+0.67); cc_n_cells_e1=7.25e+04 (+0.23); cc_edges_e2=4 (+0.16),novel
260,CLSTN1,OPC_GABA_like_tumor,IDH_WT,tumor,0.0,0.0,0.0,0.0,,,0.0,0.0,0.0,0.0,,0.0,2.0,0.0,6.0,6.0,0.0,0.012676328998952,0.004119700281260216,0.0,1.0,4.0,0.0,6.0,1.0,12,0,1,1,2,6741,14114,5040,1935,1935,0,0.0,0,0,,,,,0,0.5444572224394941,0.041343781456543674,cc_n_partners=4 (+0.32); cc_edges_e2=6 (+0.23); cc_n_cells_e1=6.74e+03 (+0.23),novel
261,DLL3,cycling_tumor,IDH_WT,tumor,1.0,5.320873161724935,5.320873161724935,300.0,0.587,0.016,0.571,1.0,1.0,1.0,5.0483654431734255,1.0,4.0,2.0,0.0,2.0,0.0,0.0053419001169697,0.00480623530933965,0.0,1.0,2.0,0.0,2.0,1.0,8,1,0,1,4,6410,814,5847,663,663,0,1.0,0,1,1.0,tumor,growth,"Spino et al., Clin Cancer Res 2019 (IDH-mutant glioma)",1,0.5443708332770603,0.03480515174390115,cc_n_partners=2 (+0.83); deg_pooled_log2fc=5.05 (+0.53); deg_n_celltypes_sig=4 (+0.35),literature tier 1 (label)
262,PPIA,OPC_GABA_AC_like_tumor,IDH_Mutant,tumor,0.0,0.0,0.0,0.0,,,0.0,0.0,0.0,0.0,,0.0,1.0,10.0,0.0,5.0,5.0,0.1265256391696476,0.04804807287943773,0.04,1.0,4.0,0.0,10.0,0.0,56,1,0,1,7,6202,1012,352,742,352,0,0.0,1,0,,,,,0,0.544182339355437,0.08257197461403536,cc_edges_total=56 (+0.67); cc_n_cells_e1=6.2e+03 (+0.23); cc_edges_e2=5 (+0.16),novel
263,CLDN11,cycling_tumor,IDH_Mutant,tumor,0.0,0.0,0.0,0.0,,,0.0,0.0,0.0,0.0,,0.0,0.0,1.0,1.0,2.0,0.0,0.0009540821944767284,0.0009540821944767284,0.0,1.0,1.0,0.0,2.0,1.0,2,1,1,1,1,6410,814,270,136,136,0,0.0,1,0,,,,,0,0.5400320862174144,0.12310850204117327,deg_n_celltypes_sig=0 (+0.40); cc_n_cells_e1=6.41e+03 (+0.20); cc_edges_e2=2 (+0.19),novel
264,DAG1,cycling_tumor,IDH_WT,tumor,1.0,1.1621359187782838,1.1621359187782838,127.72158240460338,0.463,0.096,0.367,1.0,1.0,1.0,1.150522854828894,1.0,1.0,0.0,6.0,6.0,0.0,0.0134431326010437,0.004370217139411733,0.0,1.0,4.0,0.0,6.0,1.0,6,0,1,1,1,6410,814,5847,663,663,0,1.0,0,1,,,,,0,0.53949749252816,0.0645561268773942,cc_n_partners=4 (+0.25); cc_edges_e2=6 (+0.22); deg_pct_diff=0.367 (+0.18),novel
265,GLS,AC_like_tumor,IDH_Mutant,tumor,1.0,0.5776595965084482,0.5776595965084482,1.6526299934287525,0.216,0.113,0.103,1.0,0.0,0.0,1.0697997501902503,1.0,2.0,0.0,0.0,0.0,0.0,0.0,0.0,,0.0,0.0,0.0,0.0,,39,1,0,1,2,72549,446,4249,283,283,0,0.0,1,0,,,,,0,0.5383183492069693,0.08648521129203238,cc_n_cells_e1=7.25e+04 (+0.25); deg_pct_diff=0.103 (+0.17); deg_pooled_log2fc=1.07 (+0.10),novel
266,PPIA,cycling_tumor,IDH_Mutant,tumor,0.0,0.0,0.0,0.0,,,0.0,0.0,0.0,0.0,,0.0,1.0,10.0,0.0,5.0,5.0,0.1356608701322122,0.05412273350452988,0.0,1.0,4.0,0.0,10.0,0.0,56,1,0,1,7,6410,814,270,136,136,0,0.0,1,0,,,,,0,0.537730566582097,0.07847608126679485,cc_edges_total=56 (+0.67); cc_n_cells_e1=6.41e+03 (+0.22); cc_edges_e2=5 (+0.16),novel
267,ITGB2,TAM1/TAM2/microglia,IDH_Mutant,TAM_microglia,1.0,-0.5566476131317764,0.5566476131317764,34.70903012964246,0.596,0.695,-0.09899999999999998,-1.0,1.0,0.0,,0.0,2.0,0.0,4.0,4.0,0.0,0.0442420541942578,0.0234334586245721,0.0,2.0,3.0,2.0,4.0,1.0,4,0,1,2,1,12086,25922,2106,21701,2106,0,-1.0,1,1,,,,,0,0.5360606952378717,0.05611078155273135,cc_n_partners=3 (+0.41); cc_edges_e2=4 (+0.23); cc_n_cells_e1=1.21e+04 (+0.19),novel
268,DLL3,OPC_GABA_AC_like_tumor,IDH_WT,tumor,1.0,4.580287125563434,4.580287125563434,146.18534377114162,0.509,0.044,0.465,1.0,1.0,1.0,3.733594881806671,1.0,4.0,2.0,0.0,2.0,0.0,0.0089272829550743,0.0080346715704097,0.0,1.0,2.0,0.0,2.0,1.0,8,1,0,1,4,6202,1012,5384,171,171,0,1.0,0,1,1.0,tumor,growth,"Spino et al., Clin Cancer Res 2019 (IDH-mutant glioma)",1,0.5353768368402934,0.05884302121305237,cc_n_partners=2 (+0.85); deg_pooled_log2fc=3.73 (+0.54); deg_n_celltypes_sig=4 (+0.35),literature tier 1 (label)
269,ITGB2,TAM1/TAM2/microglia,IDH_WT,TAM_microglia,1.0,0.2804559967618028,0.2804559967618028,15.993354138889703,0.598,0.489,0.10899999999999999,1.0,1.0,0.0,,0.0,2.0,0.0,4.0,4.0,0.0,0.0442420541942578,0.0234334586245721,0.0,2.0,3.0,2.0,4.0,1.0,4,0,1,2,1,12086,25922,9696,2745,2745,0,1.0,0,1,,,,,0,0.5351614129772063,0.09643307827849422,cc_n_partners=3 (+0.42); cc_edges_e2=4 (+0.24); cc_n_cells_e1=1.21e+04 (+0.19),novel
270,PTN,AC_like_tumor,IDH_WT,tumor,0.0,0.0,0.0,0.0,,,0.0,0.0,0.0,0.0,,0.0,3.0,29.0,0.0,12.0,17.0,0.2396805306048765,0.12107655797708905,0.0,1.0,5.0,2.0,29.0,-0.1724137931034483,137,1,0,1,7,72549,446,64812,108,108,0,-0.0,0,0,1.0,TAM_microglia,myeloid_bridge,"Shi et al., Cell Stem Cell 2017",0,0.5346682957560812,0.06447176434678212,cc_edges_total=137 (+0.73); cc_n_cells_e1=7.25e+04 (+0.25); cc_max_prob=0.24 (+0.15),"literature gene, other compartment"
271,TREM2,cycling_tumor,IDH_Mutant,tumor,1.0,-5.887620041796613,5.887620041796613,8.05588985656043,0.051,0.378,-0.327,-1.0,1.0,1.0,-6.42350936441021,1.0,1.0,0.0,0.0,0.0,0.0,0.0,0.0,,0.0,0.0,0.0,0.0,,57,0,1,2,2,6410,814,270,136,136,0,-0.0,1,0,2.0,TAM_microglia,myeloid_bridge,TAM marker (pathway-level),0,0.5343380643021136,0.08111356709548903,cc_edges_total=57 (+1.08); cc_n_cells_e1=6.41e+03 (+0.20); cc_n_celltypes_total=2 (+0.10),"literature gene, other compartment"
272,PTN,OPC_GABA_AC_like_tumor,IDH_WT,tumor,0.0,0.0,0.0,0.0,,,0.0,0.0,0.0,0.0,,0.0,3.0,29.0,0.0,12.0,17.0,0.2435689856404543,0.12399226609018335,0.0,1.0,5.0,2.0,29.0,-0.1724137931034483,137,1,0,1,7,6202,1012,5384,171,171,0,-0.0,0,0,1.0,TAM_microglia,myeloid_bridge,"Shi et al., Cell Stem Cell 2017",0,0.5342740136365538,0.06539050248491814,cc_edges_total=137 (+0.73); cc_n_cells_e1=6.2e+03 (+0.25); cc_max_prob=0.244 (+0.15),"literature gene, other compartment"
273,MIF,OPC_GABA_AC_like_tumor,IDH_Mutant,tumor,0.0,0.0,0.0,0.0,,,0.0,0.0,0.0,0.0,,0.0,4.0,12.0,0.0,6.0,6.0,0.0397126271796259,0.020401029579696084,0.0,1.0,2.0,12.0,12.0,0.0,66,1,0,1,6,6202,1012,352,742,352,0,0.0,1,0,1.0,tumor,myeloid_bridge,"Ghoochani et al., Oncotarget 2016",1,0.5286791743514765,0.1001305507918533,cc_edges_total=66 (+0.82); cc_n_partners=2 (+0.77); cc_n_cells_e1=6.2e+03 (+0.26),literature tier 1 (label)
274,DLL3,cycling_tumor,IDH_Mutant,tumor,1.0,4.335342191136341,4.335342191136341,22.566148752467672,0.485,0.037,0.448,1.0,1.0,1.0,5.0483654431734255,1.0,4.0,2.0,0.0,2.0,0.0,0.0053419001169697,0.00480623530933965,0.0,1.0,2.0,0.0,2.0,1.0,8,1,0,1,4,6410,814,270,136,136,0,1.0,1,1,1.0,tumor,growth,"Spino et al., Clin Cancer Res 2019 (IDH-mutant glioma)",1,0.5283811214259198,0.05652383696426783,cc_n_partners=2 (+0.83); deg_pooled_log2fc=5.05 (+0.54); deg_n_celltypes_sig=4 (+0.35),literature tier 1 (label)
275,NRCAM,OPC_GABA_like_tumor,IDH_WT,tumor,0.0,0.0,0.0,0.0,,,0.0,0.0,0.0,0.0,,0.0,1.0,0.0,4.0,2.0,2.0,0.0122804136302003,0.00784968670479935,0.0,1.0,2.0,0.0,4.0,0.0,12,0,1,1,4,6741,14114,5040,1935,1935,0,0.0,0,0,,,,,0,0.5266957531502008,0.18331188173163682,cc_n_partners=2 (+0.78); cc_edges_e2=2 (+0.24); cc_n_cells_e1=6.74e+03 (+0.21),novel
276,ITGAV,OPC_GABA_AC_like_tumor,IDH_WT,tumor,0.0,0.0,0.0,0.0,,,0.0,0.0,0.0,0.0,,0.0,2.0,0.0,0.0,0.0,0.0,0.0,0.0,,0.0,0.0,0.0,0.0,,39,0,1,3,3,6202,1012,5384,171,171,0,0.0,0,0,,,,,0,0.5245701330177333,0.09070214615087238,cc_n_cells_e1=6.2e+03 (+0.26); cc_n_celltypes_total=3 (+0.10); cc_n_cells_e2=1.01e+03 (+0.08),novel
277,PTGER4,OPC_GABA_AC_like_tumor,IDH_WT,tumor,0.0,0.0,0.0,0.0,,,0.0,0.0,0.0,0.0,,0.0,2.0,0.0,0.0,0.0,0.0,0.0,0.0,,0.0,0.0,0.0,0.0,,14,0,1,1,1,6202,1012,5384,171,171,0,0.0,0,0,,,,,0,0.5245583617553894,0.09682688007892765,cc_edges_total=14 (+0.58); cc_n_cells_e1=6.2e+03 (+0.23); cc_n_celltypes_total=1 (+0.10),novel
278,PTN,OPC_GABA_like_tumor,IDH_Mutant,tumor,0.0,0.0,0.0,0.0,,,0.0,0.0,0.0,0.0,,0.0,1.0,34.0,0.0,17.0,17.0,0.2305449409125061,0.1188353571612105,0.0,1.0,5.0,4.0,34.0,0.0,137,1,0,1,7,6741,14114,1658,11741,1658,0,0.0,1,0,1.0,TAM_microglia,myeloid_bridge,"Shi et al., Cell Stem Cell 2017",0,0.5245355652492736,0.07757683771829589,cc_edges_total=137 (+0.71); cc_n_cells_e1=6.74e+03 (+0.22); cc_max_prob=0.231 (+0.13),"literature gene, other compartment"
279,ITGAV,AC_like_tumor,IDH_Mutant,tumor,0.0,0.0,0.0,0.0,,,0.0,0.0,0.0,0.0,,0.0,3.0,0.0,0.0,0.0,0.0,0.0,0.0,,0.0,0.0,0.0,0.0,,39,0,1,3,3,72549,446,4249,283,283,0,0.0,1,0,,,,,0,0.523672138092003,0.09431458422227092,cc_n_cells_e1=7.25e+04 (+0.25); cc_n_celltypes_total=3 (+0.10); cc_n_cells_e2=446 (+0.08),novel
280,DLL3,OPC_GABA_AC_like_tumor,IDH_Mutant,tumor,1.0,1.6916183380530057,1.6916183380530057,17.69848372220046,0.567,0.247,0.31999999999999995,1.0,1.0,1.0,3.733594881806671,1.0,4.0,2.0,0.0,2.0,0.0,0.0089272829550743,0.0080346715704097,0.0,1.0,2.0,0.0,2.0,1.0,8,1,0,1,4,6202,1012,352,742,352,0,1.0,1,1,1.0,tumor,growth,"Spino et al., Clin Cancer Res 2019 (IDH-mutant glioma)",1,0.5235776111506205,0.061108220478143356,cc_n_partners=2 (+0.86); deg_pooled_log2fc=3.73 (+0.54); deg_n_celltypes_sig=4 (+0.35),literature tier 1 (label)
281,DLL3,AC_like_tumor,IDH_WT,tumor,1.0,4.882733549903664,4.882733549903664,75.67565799261446,0.222,0.013,0.209,1.0,1.0,1.0,5.406757172021811,1.0,4.0,2.0,0.0,2.0,0.0,0.0036567591714335,0.0032895772168579,0.0,1.0,2.0,0.0,2.0,1.0,8,1,0,1,4,72549,446,64812,108,108,0,1.0,0,1,1.0,tumor,growth,"Spino et al., Clin Cancer Res 2019 (IDH-mutant glioma)",1,0.5234019200139742,0.051289626948295995,cc_n_partners=2 (+0.82); deg_pooled_log2fc=5.41 (+0.53); deg_n_celltypes_sig=4 (+0.35),literature tier 1 (label)
282,PTN,AC_like_tumor,IDH_Mutant,tumor,0.0,0.0,0.0,0.0,,,0.0,0.0,0.0,0.0,,0.0,1.0,29.0,0.0,12.0,17.0,0.2396805306048765,0.12107655797708905,0.0,1.0,5.0,2.0,29.0,-0.1724137931034483,137,1,0,1,7,72549,446,4249,283,283,0,-0.0,1,0,1.0,TAM_microglia,myeloid_bridge,"Shi et al., Cell Stem Cell 2017",0,0.5231931113056096,0.06461448398109094,cc_edges_total=137 (+0.71); cc_n_cells_e1=7.25e+04 (+0.22); cc_max_prob=0.24 (+0.15),"literature gene, other compartment"
283,ITGAV,AC_like_tumor,IDH_WT,tumor,0.0,0.0,0.0,0.0,,,0.0,0.0,0.0,0.0,,0.0,2.0,0.0,0.0,0.0,0.0,0.0,0.0,,0.0,0.0,0.0,0.0,,39,0,1,3,3,72549,446,64812,108,108,0,0.0,0,0,,,,,0,0.5226123236772787,0.09059675918540928,cc_n_cells_e1=7.25e+04 (+0.25); cc_n_celltypes_total=3 (+0.10); cc_n_cells_e2=446 (+0.08),novel
284,ITGAV,OPC_GABA_AC_like_tumor,IDH_Mutant,tumor,0.0,0.0,0.0,0.0,,,0.0,0.0,0.0,0.0,,0.0,3.0,0.0,0.0,0.0,0.0,0.0,0.0,,0.0,0.0,0.0,0.0,,39,0,1,3,3,6202,1012,352,742,352,0,0.0,1,0,,,,,0,0.521789380381639,0.09117128518462791,cc_n_cells_e1=6.2e+03 (+0.26); cc_n_celltypes_total=3 (+0.10); cc_n_cells_e2=1.01e+03 (+0.08),novel
285,PTGER4,AC_like_tumor,IDH_WT,tumor,0.0,0.0,0.0,0.0,,,0.0,0.0,0.0,0.0,,0.0,2.0,0.0,0.0,0.0,0.0,0.0,0.0,,0.0,0.0,0.0,0.0,,14,0,1,1,1,72549,446,64812,108,108,0,0.0,0,0,,,,,0,0.521704341737667,0.09516058985198168,cc_edges_total=14 (+0.58); cc_n_cells_e1=7.25e+04 (+0.22); cc_n_celltypes_total=1 (+0.10),novel
286,PTN,OPC_GABA_AC_like_tumor,IDH_Mutant,tumor,0.0,0.0,0.0,0.0,,,0.0,0.0,0.0,0.0,,0.0,1.0,29.0,0.0,12.0,17.0,0.2435689856404543,0.12399226609018335,0.0,1.0,5.0,2.0,29.0,-0.1724137931034483,137,1,0,1,7,6202,1012,352,742,352,0,-0.0,1,0,1.0,TAM_microglia,myeloid_bridge,"Shi et al., Cell Stem Cell 2017",0,0.5216071380591273,0.06546028296634147,cc_edges_total=137 (+0.71); cc_n_cells_e1=6.2e+03 (+0.22); cc_max_prob=0.244 (+0.15),"literature gene, other compartment"
287,CDH2,OPC_GABA_AC_like_tumor,IDH_WT,tumor,0.0,0.0,0.0,0.0,,,0.0,0.0,0.0,0.0,,0.0,1.0,0.0,0.0,0.0,0.0,0.0,0.0,,0.0,0.0,0.0,0.0,,32,1,1,1,3,6202,1012,5384,171,171,0,0.0,0,0,,,,,0,0.5207130440013341,0.11319837895586478,cc_n_cells_e1=6.2e+03 (+0.25); cc_n_celltypes_total=3 (+0.10); cc_n_cells_e2=1.01e+03 (+0.08),novel
288,NLGN1,TAM1/TAM2/microglia,IDH_WT,TAM_microglia,0.0,0.0,0.0,0.0,,,0.0,0.0,0.0,0.0,,0.0,2.0,0.0,0.0,0.0,0.0,0.0,0.0,,0.0,0.0,0.0,0.0,,18,0,1,1,3,12086,25922,9696,2745,2745,0,0.0,0,0,2.0,tumor,neuron_tumor,Neuroligin family (pathway-level),0,0.5199607210422784,0.03898029468477724,cc_edges_total=18 (+1.07); cc_n_cells_e1=1.21e+04 (+0.25); cc_n_celltypes_total=3 (+0.09),"literature gene, other compartment"
289,CD99,TAM1/TAM2/microglia,IDH_WT,TAM_microglia,0.0,0.0,0.0,0.0,,,0.0,0.0,0.0,0.0,,0.0,1.0,16.0,12.0,16.0,12.0,0.0335568293583414,0.010434864974017268,0.03,1.0,4.0,18.0,28.0,0.14285714285714285,86,1,1,1,4,12086,25922,9696,2745,2745,0,0.0,0,0,2.0,tumor,immune_synapse,Glioma invasion marker (limited functional data),0,0.5195171625938386,0.09895492392069791,cc_edges_total=86 (+0.87); cc_n_cells_e1=1.21e+04 (+0.22); cc_n_partners=4 (+0.14),"literature gene, other compartment"
290,LRRTM3,cycling_tumor,IDH_Mutant,tumor,1.0,5.510581338267147,5.510581338267147,10.916043997926128,0.25,0.007,0.243,1.0,1.0,1.0,2.6774603953839025,1.0,1.0,0.0,0.0,0.0,0.0,0.0,0.0,,0.0,0.0,0.0,0.0,,6,0,1,1,1,6410,814,270,136,136,0,0.0,1,0,,,,,0,0.5193694753570145,0.053408145141911514,deg_pooled_log2fc=2.68 (+0.30); deg_pct_diff=0.243 (+0.18); cc_n_cells_e1=6.41e+03 (+0.17),novel
291,CADM1,OPC_GABA_AC_like_tumor,IDH_WT,tumor,0.0,0.0,0.0,0.0,,,0.0,0.0,0.0,0.0,,0.0,1.0,0.0,0.0,0.0,0.0,0.0,0.0,,0.0,0.0,0.0,0.0,,32,1,1,1,3,6202,1012,5384,171,171,0,0.0,0,0,,,,,0,0.5193662650656362,0.11530935810117131,cc_n_cells_e1=6.2e+03 (+0.25); cc_n_celltypes_total=3 (+0.10); cc_n_cells_e2=1.01e+03 (+0.08),novel
292,TYROBP,T cell,IDH_Mutant,T_cell,1.0,2.763077394886178,2.763077394886178,63.33832579476073,0.653,0.192,0.461,1.0,1.0,1.0,1.703711589095218,1.0,6.0,0.0,0.0,0.0,0.0,0.0,0.0,,0.0,0.0,0.0,0.0,,57,0,1,2,2,2662,1463,941,334,334,0,0.0,1,0,2.0,TAM_microglia,myeloid_bridge,TREM2 adaptor (pathway-level),0,0.5193329773040423,0.0901130983860695,cc_edges_total=57 (+0.93); deg_pooled_log2fc=1.7 (+0.27); deg_pct_diff=0.461 (+0.22),"literature gene, other compartment"
293,ITGAV,OPC_GABA_like_tumor,IDH_Mutant,tumor,1.0,-0.9361237616918576,0.9361237616918576,54.22678460579605,0.218,0.399,-0.18100000000000002,-1.0,0.0,0.0,-0.7919279087119326,1.0,3.0,0.0,14.0,13.0,1.0,0.0204651750303783,0.007934104333780162,0.0,3.0,7.0,5.0,14.0,0.8571428571428571,39,0,1,3,3,6741,14114,1658,11741,1658,0,-0.8571428571428571,1,1,,,,,0,0.5180776326813309,0.06889344291655351,cc_n_partners=7 (+0.26); cc_n_cells_e1=6.74e+03 (+0.22); cc_n_celltypes_total=3 (+0.14),novel
294,NLGN1,TAM1/TAM2/microglia,IDH_Mutant,TAM_microglia,0.0,0.0,0.0,0.0,,,0.0,0.0,0.0,0.0,,0.0,2.0,0.0,0.0,0.0,0.0,0.0,0.0,,0.0,0.0,0.0,0.0,,18,0,1,1,3,12086,25922,2106,21701,2106,0,0.0,1,0,2.0,tumor,neuron_tumor,Neuroligin family (pathway-level),0,0.5176645569130932,0.042078444297467855,cc_edges_total=18 (+1.07); cc_n_cells_e1=1.21e+04 (+0.25); cc_n_celltypes_total=3 (+0.09),"literature gene, other compartment"
295,PTGER4,cycling_tumor,IDH_WT,tumor,0.0,0.0,0.0,0.0,,,0.0,0.0,0.0,0.0,,0.0,2.0,0.0,0.0,0.0,0.0,0.0,0.0,,0.0,0.0,0.0,0.0,,14,0,1,1,1,6410,814,5847,663,663,0,0.0,0,0,,,,,0,0.5168289199029527,0.09639039143549367,cc_edges_total=14 (+0.58); cc_n_cells_e1=6.41e+03 (+0.22); cc_n_celltypes_total=1 (+0.10),novel
296,GLS,cycling_tumor,IDH_Mutant,tumor,0.0,0.0,0.0,0.0,,,0.0,0.0,0.0,0.0,,0.0,2.0,26.0,0.0,26.0,0.0,0.0180971001094363,0.0031970323399380897,0.0,1.0,4.0,0.0,26.0,1.0,39,1,0,1,2,6410,814,270,136,136,0,0.0,1,0,,,,,0,0.5161298829752641,0.16650018404127356,cc_n_cells_e1=6.41e+03 (+0.25); cc_n_partners=4 (+0.24); cc_n_celltypes_total=2 (+0.13),novel
297,TGFBR2,TAM1/TAM2/microglia,IDH_WT,TAM_microglia,1.0,0.5692720779110882,0.5692720779110882,44.060814643964726,0.389,0.246,0.14300000000000002,1.0,1.0,1.0,0.9688495432510398,1.0,1.0,0.0,4.0,2.0,2.0,0.0050238491740621,0.003124057670555575,0.0,1.0,1.0,0.0,4.0,0.0,4,0,1,1,1,12086,25922,9696,2745,2745,0,0.0,0,1,,,,,0,0.5157301990854959,0.11273791912433746,cc_edges_e2=2 (+0.23); cc_n_cells_e1=1.21e+04 (+0.18); deg_pct_diff=0.143 (+0.16),novel
298,CDH2,OPC_GABA_AC_like_tumor,IDH_Mutant,tumor,0.0,0.0,0.0,0.0,,,0.0,0.0,0.0,0.0,,0.0,1.0,0.0,0.0,0.0,0.0,0.0,0.0,,0.0,0.0,0.0,0.0,,32,1,1,1,3,6202,1012,352,742,352,0,0.0,1,0,,,,,0,0.5145638124168371,0.11378015858442406,cc_n_cells_e1=6.2e+03 (+0.25); cc_n_celltypes_total=3 (+0.10); cc_n_cells_e2=1.01e+03 (+0.08),novel
299,PDGFB,TAM1/TAM2/microglia,IDH_WT,TAM_microglia,1.0,0.8549951478664709,0.8549951478664709,49.691500856358125,0.246,0.124,0.122,1.0,1.0,1.0,1.5049818546076257,1.0,1.0,3.0,0.0,3.0,0.0,0.0135999473904176,0.009743488234454733,0.0,1.0,3.0,3.0,3.0,1.0,3,1,0,1,1,12086,25922,9696,2745,2745,0,1.0,0,1,,,,,0,0.5134867899987823,0.13652740690488735,cc_n_partners=3 (+0.39); deg_pooled_log2fc=1.5 (+0.34); cc_edges_e2=3 (+0.24),novel
300,COL9A1,cycling_tumor,IDH_Mutant,tumor,0.0,0.0,0.0,0.0,,,0.0,0.0,0.0,0.0,,0.0,0.0,5.0,0.0,5.0,0.0,0.0026257015067272,0.00177275463141162,0.0,1.0,3.0,2.0,5.0,1.0,5,1,0,1,1,6410,814,270,136,136,0,0.0,1,0,,,,,0,0.5127646391282046,0.08282877542424992,cc_n_partners=3 (+0.30); deg_n_celltypes_sig=0 (+0.22); cc_edges_e2=5 (+0.19),novel
301,ROBO1,AC_like_tumor,IDH_Mutant,tumor,1.0,0.9483749138816352,0.9483749138816352,3.8017152446429767,0.244,0.123,0.121,1.0,0.0,0.0,2.540399297294049,1.0,3.0,0.0,0.0,0.0,0.0,0.0,0.0,,0.0,0.0,0.0,0.0,,2,0,1,1,2,72549,446,4249,283,283,0,0.0,1,0,,,,,0,0.5124242456498795,0.05339696010294053,deg_pooled_log2fc=2.54 (+0.21); cc_n_cells_e1=7.25e+04 (+0.21); deg_pct_diff=0.121 (+0.12),novel
302,GRIA2,OPC_GABA_like_tumor,IDH_WT,tumor,1.0,0.9728237493385066,0.9728237493385066,191.16403911691194,0.594,0.182,0.412,1.0,1.0,1.0,2.0244922440570936,1.0,2.0,0.0,6.0,3.0,3.0,0.0580182501147297,0.01588006951036475,0.0,1.0,2.0,2.0,6.0,0.0,12,0,1,1,3,6741,14114,5040,1935,1935,0,0.0,0,1,1.0,tumor,neuron_tumor,"Venkatesh et al., Nature 2019; Venkataramani et al., Nature 2019",1,0.5111691363040587,0.13987611839578934,cc_n_partners=2 (+0.90); deg_pooled_log2fc=2.02 (+0.44); cc_edges_e2=3 (+0.27),literature tier 1 (label)
303,NRCAM,cycling_tumor,IDH_WT,tumor,1.0,0.2765338723748298,0.2765338723748298,51.43144348375306,0.603,0.228,0.375,1.0,1.0,1.0,0.3838670058278617,1.0,1.0,0.0,2.0,2.0,0.0,0.005371724448235,0.005233137050460249,0.0,1.0,2.0,0.0,2.0,1.0,12,0,1,1,4,6410,814,5847,663,663,0,1.0,0,1,,,,,0,0.510158277169029,0.209520239766283,cc_n_partners=2 (+0.75); cc_edges_e2=2 (+0.25); deg_pct_diff=0.375 (+0.20),novel
304,TREM2,cycling_tumor,IDH_WT,tumor,1.0,-6.7851625968802,6.7851625968802,36.551837621686865,0.012,0.24,-0.22799999999999998,-1.0,1.0,1.0,-6.42350936441021,1.0,2.0,0.0,0.0,0.0,0.0,0.0,0.0,,0.0,0.0,0.0,0.0,,57,0,1,2,2,6410,814,5847,663,663,0,-0.0,0,0,2.0,TAM_microglia,myeloid_bridge,TAM marker (pathway-level),0,0.5097611543357174,0.10112389488788483,cc_edges_total=57 (+1.10); cc_n_cells_e1=6.41e+03 (+0.22); cc_n_celltypes_total=2 (+0.10),"literature gene, other compartment"
305,CXCR4,OPC_GABA_like_tumor,IDH_Mutant,tumor,0.0,0.0,0.0,0.0,,,0.0,0.0,0.0,0.0,,0.0,3.0,0.0,0.0,0.0,0.0,0.0,0.0,,0.0,0.0,0.0,0.0,,44,0,1,1,2,6741,14114,1658,11741,1658,0,0.0,1,0,1.0,tumor,growth,"Rubin et al., PNAS 2003",1,0.508106198719523,0.11683428560525388,cc_edges_total=44 (+1.36); cc_n_cells_e1=6.74e+03 (+0.25); cc_n_celltypes_total=2 (+0.09),literature tier 1 (label)
306,ADORA3,OPC_GABA_like_tumor,IDH_Mutant,tumor,0.0,0.0,0.0,0.0,,,0.0,0.0,0.0,0.0,,0.0,0.0,0.0,0.0,0.0,0.0,0.0,0.0,,0.0,0.0,0.0,0.0,,1,1,0,1,1,6741,14114,1658,11741,1658,0,0.0,1,0,,,,,0,0.5076094115590044,0.01623956958118741,deg_n_celltypes_sig=0 (+0.45); cc_n_cells_e1=6.74e+03 (+0.20); cc_edges_total=1 (+0.10),novel
307,TYROBP,T cell,IDH_WT,T_cell,1.0,1.2607220385718412,1.2607220385718412,32.24922802084761,0.453,0.234,0.219,1.0,1.0,1.0,1.703711589095218,1.0,5.0,0.0,0.0,0.0,0.0,0.0,0.0,,0.0,0.0,0.0,0.0,,57,0,1,2,2,2662,1463,1681,1118,1118,0,0.0,0,0,2.0,TAM_microglia,myeloid_bridge,TREM2 adaptor (pathway-level),0,0.5072539675937379,0.12222808658223541,cc_edges_total=57 (+0.93); deg_pooled_log2fc=1.7 (+0.27); deg_pct_diff=0.219 (+0.22),"literature gene, other compartment"
308,DLL3,AC_like_tumor,IDH_Mutant,tumor,1.0,2.840524073739076,2.840524073739076,82.25445682802959,0.491,0.101,0.39,1.0,1.0,1.0,5.406757172021811,1.0,4.0,2.0,0.0,2.0,0.0,0.0036567591714335,0.0032895772168579,0.0,1.0,2.0,0.0,2.0,1.0,8,1,0,1,4,72549,446,4249,283,283,0,1.0,1,1,1.0,tumor,growth,"Spino et al., Clin Cancer Res 2019 (IDH-mutant glioma)",1,0.5069130897133811,0.05401120055318002,cc_n_partners=2 (+0.83); deg_pooled_log2fc=5.41 (+0.53); deg_n_celltypes_sig=4 (+0.35),literature tier 1 (label)
309,CD99,cycling_tumor,IDH_Mutant,tumor,1.0,-3.2447778625322616,3.2447778625322616,2.9915981843791757,0.096,0.33,-0.234,-1.0,1.0,1.0,-0.6162220488602379,1.0,3.0,10.0,6.0,8.0,8.0,0.0093598934920334,0.004668256872639797,0.01,1.0,3.0,14.0,16.0,0.0,86,1,1,1,4,6410,814,270,136,136,0,-0.0,1,1,2.0,tumor,immune_synapse,Glioma invasion marker (limited functional data),1,0.5055938602221375,0.050134567580438216,cc_edges_total=86 (+1.13); cc_n_partners=3 (+0.42); cc_n_cells_e1=6.41e+03 (+0.23),literature tier 2 (label)
310,JAM2,cycling_tumor,IDH_Mutant,tumor,1.0,0.7960758978451711,0.7960758978451711,7.596818806928833,0.441,0.104,0.337,1.0,1.0,1.0,0.8274191381313104,1.0,2.0,5.0,1.0,6.0,0.0,0.0021428578601446,0.0016103557452642166,0.0,1.0,3.0,1.0,6.0,1.0,6,1,1,1,1,6410,814,270,136,136,0,1.0,1,1,,,,,0,0.505456318268706,0.09539117414893585,cc_n_partners=3 (+0.37); cc_edges_e2=6 (+0.22); cc_n_cells_e1=6.41e+03 (+0.19),novel
311,SLIT1,cycling_tumor,IDH_Mutant,tumor,1.0,1.5041912208461443,1.5041912208461443,1.4560958694825672,0.11,0.007,0.103,1.0,1.0,1.0,2.852813420732657,1.0,3.0,0.0,0.0,0.0,0.0,0.0,0.0,,0.0,0.0,0.0,0.0,,2,1,0,1,1,6410,814,270,136,136,0,0.0,1,0,,,,,0,0.5047071084328697,0.0412459594071568,deg_pooled_log2fc=2.85 (+0.21); cc_n_cells_e1=6.41e+03 (+0.20); deg_pct_diff=0.103 (+0.16),novel
312,PTPRD,cycling_tumor,IDH_Mutant,tumor,1.0,2.676089364051008,2.676089364051008,6.426116947992638,0.199,0.011,0.188,1.0,1.0,1.0,2.9733404170939792,1.0,1.0,0.0,0.0,0.0,0.0,0.0,0.0,,0.0,0.0,0.0,0.0,,1,0,1,1,1,6410,814,270,136,136,0,0.0,1,0,,,,,0,0.5039280306958069,0.0680394926349448,deg_pooled_log2fc=2.97 (+0.21); cc_n_cells_e1=6.41e+03 (+0.16); deg_pct_diff=0.188 (+0.13),novel
313,GLS,cycling_tumor,IDH_WT,tumor,1.0,0.9918381704077932,0.9918381704077932,90.22591303170422,0.339,0.073,0.266,1.0,0.0,0.0,0.6564354416742404,1.0,3.0,26.0,0.0,26.0,0.0,0.0180971001094363,0.0031970323399380897,0.0,1.0,4.0,0.0,26.0,1.0,39,1,0,1,2,6410,814,5847,663,663,0,1.0,0,1,,,,,0,0.5021620586111615,0.17804160253664653,cc_n_partners=4 (+0.27); cc_n_cells_e1=6.41e+03 (+0.23); deg_pct_diff=0.266 (+0.15),novel
314,CD44,TAM1/TAM2/microglia,IDH_Mutant,TAM_microglia,0.0,0.0,0.0,0.0,,,0.0,0.0,0.0,0.0,,0.0,1.0,0.0,0.0,0.0,0.0,0.0,0.0,,0.0,0.0,0.0,0.0,,48,0,1,4,1,12086,25922,2106,21701,2106,0,0.0,1,0,1.0,tumor,myeloid_bridge,"Pietras et al., Cell Stem Cell 2014",0,0.5014016634568493,0.08822938503253511,cc_edges_total=48 (+1.34); cc_n_cells_e1=1.21e+04 (+0.20); cc_n_pathways_total=4 (+0.17),"literature gene, other compartment"
315,HLA-DRB1,AC_like_tumor,IDH_Mutant,tumor,0.0,0.0,0.0,0.0,,,0.0,0.0,0.0,0.0,,0.0,4.0,2.0,0.0,0.0,2.0,0.0041600414779594,0.0022543680300073665,0.0,1.0,1.0,2.0,2.0,-1.0,14,1,0,1,5,72549,446,4249,283,283,0,-0.0,1,0,,,,,0,0.5006847115383206,0.12211852312872003,cc_edges_total=14 (+0.49); cc_n_cells_e1=7.25e+04 (+0.27); deg_n_celltypes_sig=4 (+0.16),novel
316,GRIA4,TAM1/TAM2/microglia,IDH_Mutant,TAM_microglia,0.0,0.0,0.0,0.0,,,0.0,0.0,0.0,0.0,,0.0,4.0,0.0,0.0,0.0,0.0,0.0,0.0,,0.0,0.0,0.0,0.0,,15,0,1,1,4,12086,25922,2106,21701,2106,0,0.0,1,0,2.0,tumor,neuron_tumor,"AMPAR subunit family; Venkatesh et al., Nature 2019",0,0.4999542027256032,0.08440928582754395,cc_edges_total=15 (+1.02); cc_n_cells_e1=1.21e+04 (+0.26); deg_n_celltypes_sig=4 (+0.17),"literature gene, other compartment"
317,LRRTM3,OPC_GABA_like_tumor,IDH_Mutant,tumor,0.0,0.0,0.0,0.0,,,0.0,0.0,0.0,0.0,,0.0,1.0,0.0,6.0,6.0,0.0,0.0130790509330356,0.004251251790534683,0.0,1.0,4.0,0.0,6.0,1.0,6,0,1,1,1,6741,14114,1658,11741,1658,0,0.0,1,0,,,,,0,0.49945287366724694,0.038843863719090516,cc_n_partners=4 (+0.24); cc_edges_e2=6 (+0.20); cc_n_cells_e1=6.74e+03 (+0.17),novel
318,TYROBP,OPC_GABA_AC_like_tumor,IDH_WT,tumor,1.0,-4.419009973403889,4.419009973403889,5.529212901490993,0.018,0.225,-0.20700000000000002,-1.0,1.0,1.0,-2.4518281529797026,1.0,5.0,0.0,0.0,0.0,0.0,0.0,0.0,,0.0,0.0,0.0,0.0,,57,0,1,2,2,6202,1012,5384,171,171,0,-0.0,0,0,2.0,TAM_microglia,myeloid_bridge,TREM2 adaptor (pathway-level),0,0.49919284417003185,0.18178561786747507,cc_edges_total=57 (+1.09); cc_n_cells_e1=6.2e+03 (+0.24); cc_n_celltypes_total=2 (+0.10),"literature gene, other compartment"
319,SLC1A3,cycling_tumor,IDH_WT,tumor,1.0,-0.340864629736845,0.340864629736845,7.475719378462074,0.558,0.312,0.24600000000000005,-1.0,0.0,0.0,-0.4057424059477996,1.0,2.0,13.0,0.0,13.0,0.0,0.0180971001094363,0.004356891598256588,0.0,1.0,4.0,0.0,13.0,1.0,26,1,0,1,2,6410,814,5847,663,663,0,-1.0,0,1,,,,,0,0.49889209950099744,0.12186455910708895,cc_n_partners=4 (+0.25); cc_n_cells_e1=6.41e+03 (+0.24); deg_pct_diff=0.246 (+0.15),novel
320,CXCR4,OPC_GABA_like_tumor,IDH_WT,tumor,0.0,0.0,0.0,0.0,,,0.0,0.0,0.0,0.0,,0.0,2.0,0.0,0.0,0.0,0.0,0.0,0.0,,0.0,0.0,0.0,0.0,,44,0,1,1,2,6741,14114,5040,1935,1935,0,0.0,0,0,1.0,tumor,growth,"Rubin et al., PNAS 2003",1,0.4986086577902669,0.11683893454287228,cc_edges_total=44 (+1.36); cc_n_cells_e1=6.74e+03 (+0.25); cc_n_celltypes_total=2 (+0.09),literature tier 1 (label)
321,CLDN11,AC_like_tumor,IDH_Mutant,tumor,0.0,0.0,0.0,0.0,,,0.0,0.0,0.0,0.0,,0.0,0.0,0.0,0.0,0.0,0.0,0.0,0.0,,0.0,0.0,0.0,0.0,,2,1,1,1,1,72549,446,4249,283,283,0,0.0,1,0,,,,,0,0.49816310254396007,0.14382047425577466,deg_n_celltypes_sig=0 (+0.43); cc_n_cells_e1=7.25e+04 (+0.20); cc_edges_total=2 (+0.09),novel
322,TGFBR2,TAM1/TAM2/microglia,IDH_Mutant,TAM_microglia,1.0,0.5832972303272868,0.5832972303272868,27.11970147496809,0.481,0.353,0.128,1.0,1.0,1.0,0.9688495432510398,1.0,2.0,0.0,4.0,2.0,2.0,0.0050238491740621,0.003124057670555575,0.0,1.0,1.0,0.0,4.0,0.0,4,0,1,1,1,12086,25922,2106,21701,2106,0,0.0,1,1,,,,,0,0.4975858483358021,0.1142628538584121,cc_edges_e2=2 (+0.24); cc_n_cells_e1=1.21e+04 (+0.20); deg_pct_diff=0.128 (+0.17),novel
323,NOTCH1,TAM1/TAM2/microglia,IDH_Mutant,TAM_microglia,0.0,0.0,0.0,0.0,,,0.0,0.0,0.0,0.0,,0.0,0.0,0.0,0.0,0.0,0.0,0.0,0.0,,0.0,0.0,0.0,0.0,,16,0,1,2,2,12086,25922,2106,21701,2106,0,0.0,1,0,2.0,tumor,growth,Notch pathway (pathway-level),0,0.49663513172104085,0.06812843467192178,cc_edges_total=16 (+0.95); cc_n_cells_e1=1.21e+04 (+0.23); deg_n_celltypes_sig=0 (+0.21),"literature gene, other compartment"
324,SLIT1,AC_like_tumor,IDH_Mutant,tumor,1.0,2.6990954050249907,2.6990954050249907,27.0414179322696,0.177,0.032,0.145,1.0,0.0,0.0,4.503828232956093,1.0,3.0,0.0,0.0,0.0,0.0,0.0,0.0,,0.0,0.0,0.0,0.0,,2,1,0,1,1,72549,446,4249,283,283,0,0.0,1,0,,,,,0,0.49347962782282656,0.04244591469900641,deg_pooled_log2fc=4.5 (+0.21); cc_n_cells_e1=7.25e+04 (+0.20); deg_log2fc=2.7 (+0.13),novel
325,SLC1A1,TAM1/TAM2/microglia,IDH_Mutant,TAM_microglia,0.0,0.0,0.0,0.0,,,0.0,0.0,0.0,0.0,,0.0,1.0,0.0,0.0,0.0,0.0,0.0,0.0,,0.0,0.0,0.0,0.0,,13,1,0,1,1,12086,25922,2106,21701,2106,0,0.0,1,0,,,,,0,0.49329203803539484,0.11374361191705022,cc_edges_total=13 (+0.59); cc_n_cells_e1=1.21e+04 (+0.21); cc_n_celltypes_total=1 (+0.09),novel
326,PDGFB,TAM1/TAM2/microglia,IDH_Mutant,TAM_microglia,1.0,0.6381750604527303,0.6381750604527303,16.712892227312814,0.396,0.299,0.09700000000000003,1.0,1.0,1.0,1.5049818546076257,1.0,1.0,3.0,0.0,3.0,0.0,0.0135999473904176,0.009743488234454733,0.0,1.0,3.0,3.0,3.0,1.0,3,1,0,1,1,12086,25922,2106,21701,2106,0,1.0,1,1,,,,,0,0.49311236442836315,0.15569129731040202,cc_n_partners=3 (+0.40); deg_pooled_log2fc=1.5 (+0.34); cc_edges_e2=3 (+0.23),novel
327,GLS,OPC_GABA_AC_like_tumor,IDH_WT,tumor,0.0,0.0,0.0,0.0,,,0.0,0.0,0.0,0.0,,0.0,3.0,0.0,0.0,0.0,0.0,0.0,0.0,,0.0,0.0,0.0,0.0,,39,1,0,1,2,6202,1012,5384,171,171,0,0.0,0,0,,,,,0,0.4928368076418724,0.08422820760071384,cc_n_cells_e1=6.2e+03 (+0.27); cc_n_celltypes_total=2 (+0.09); cc_n_cells_e2=1.01e+03 (+0.08),novel
328,MPZL1,TAM1/TAM2/microglia,IDH_Mutant,TAM_microglia,1.0,0.4276836194255389,0.4276836194255389,5.594055246589277,0.268,0.201,0.067,1.0,1.0,1.0,0.9956801272371408,1.0,1.0,2.0,2.0,4.0,0.0,0.0020758691199662,0.0019566982996453,0.0,1.0,2.0,2.0,4.0,1.0,8,1,1,1,2,12086,25922,2106,21701,2106,0,1.0,1,1,,,,,0,0.49272359561221435,0.13566920288162154,cc_n_partners=2 (+0.80); cc_edges_e2=4 (+0.26); cc_n_cells_e1=1.21e+04 (+0.20),novel
329,CLDN11,OPC_GABA_AC_like_tumor,IDH_Mutant,tumor,0.0,0.0,0.0,0.0,,,0.0,0.0,0.0,0.0,,0.0,0.0,0.0,0.0,0.0,0.0,0.0,0.0,,0.0,0.0,0.0,0.0,,2,1,1,1,1,6202,1012,352,742,352,0,0.0,1,0,,,,,0,0.4922734182148002,0.14332490391146477,deg_n_celltypes_sig=0 (+0.41); cc_n_cells_e1=6.2e+03 (+0.20); cc_edges_total=2 (+0.10),novel
330,PDGFA,cycling_tumor,IDH_WT,tumor,1.0,1.0299781770199166,1.0299781770199166,76.43040977958185,0.299,0.065,0.23399999999999999,1.0,0.0,0.0,0.8635192989553302,1.0,2.0,3.0,0.0,3.0,0.0,0.0039862277869608,0.002852574179893333,0.0,1.0,3.0,0.0,3.0,1.0,3,1,0,1,1,6410,814,5847,663,663,0,1.0,0,1,,,,,0,0.49222132833227833,0.1047911684818309,cc_n_partners=3 (+0.37); cc_edges_e2=3 (+0.22); cc_n_cells_e1=6.41e+03 (+0.19),novel
331,GLS,AC_like_tumor,IDH_WT,tumor,0.0,0.0,0.0,0.0,,,0.0,0.0,0.0,0.0,,0.0,3.0,0.0,0.0,0.0,0.0,0.0,0.0,,0.0,0.0,0.0,0.0,,39,1,0,1,2,72549,446,64812,108,108,0,0.0,0,0,,,,,0,0.49122182650513757,0.08231714900484854,cc_n_cells_e1=7.25e+04 (+0.26); cc_n_celltypes_total=2 (+0.09); cc_n_cells_e2=446 (+0.08),novel
332,CD99,OPC_GABA_AC_like_tumor,IDH_WT,tumor,0.0,0.0,0.0,0.0,,,0.0,0.0,0.0,0.0,,0.0,1.0,0.0,0.0,0.0,0.0,0.0,0.0,,0.0,0.0,0.0,0.0,,86,1,1,1,4,6202,1012,5384,171,171,0,0.0,0,0,2.0,tumor,immune_synapse,Glioma invasion marker (limited functional data),1,0.4907153650139052,0.036604468340135726,cc_edges_total=86 (+1.15); cc_n_cells_e1=6.2e+03 (+0.24); cc_n_celltypes_total=4 (+0.09),literature tier 2 (label)
333,GAS6,TAM1/TAM2/microglia,IDH_WT,TAM_microglia,1.0,1.0297449427302867,1.0297449427302867,51.35063053791812,0.254,0.13,0.124,1.0,1.0,1.0,1.354641382858478,1.0,1.0,2.0,0.0,2.0,0.0,0.012077162692356,0.00795189203387295,0.0,1.0,1.0,0.0,2.0,1.0,2,1,0,1,1,12086,25922,9696,2745,2745,0,1.0,0,1,,,,,0,0.48986746462386793,0.08156761220251267,cc_edges_e2=2 (+0.24); cc_n_cells_e1=1.21e+04 (+0.18); deg_pooled_log2fc=1.35 (+0.17),novel
334,CD99,AC_like_tumor,IDH_WT,tumor,0.0,0.0,0.0,0.0,,,0.0,0.0,0.0,0.0,,0.0,1.0,0.0,0.0,0.0,0.0,0.0,0.0,,0.0,0.0,0.0,0.0,,86,1,1,1,4,72549,446,64812,108,108,0,0.0,0,0,2.0,tumor,immune_synapse,Glioma invasion marker (limited functional data),1,0.48881076788332034,0.037750023136118055,cc_edges_total=86 (+1.15); cc_n_cells_e1=7.25e+04 (+0.23); cc_n_celltypes_total=4 (+0.09),literature tier 2 (label)
335,NLGN3,cycling_tumor,IDH_Mutant,tumor,1.0,4.10352156299052,4.10352156299052,2.3100557200330885,0.132,0.011,0.12100000000000001,1.0,1.0,1.0,1.8474406918200492,1.0,2.0,0.0,6.0,6.0,0.0,0.0082445257936692,0.0026747700108033256,0.0,1.0,4.0,0.0,6.0,1.0,6,0,1,1,1,6410,814,270,136,136,0,1.0,1,1,1.0,tumor,neuron_tumor,"Venkatesh et al., Cell 2015; Venkatesh et al., Nature 2017",1,0.4879649773451483,0.06703641769374351,deg_pooled_log2fc=1.85 (+0.41); cc_n_partners=4 (+0.34); cc_edges_e2=6 (+0.21),literature tier 1 (label)
336,ITGB1,OPC_GABA_like_tumor,IDH_WT,tumor,1.0,0.4100098388857025,0.4100098388857025,88.859551487124,0.447,0.175,0.272,1.0,1.0,1.0,,0.0,2.0,0.0,12.0,12.0,0.0,0.0204651750303783,0.00902374051798539,0.0,2.0,7.0,5.0,12.0,1.0,36,0,1,2,3,6741,14114,5040,1935,1935,0,1.0,0,1,,,,,0,0.48765792710170164,0.102330562934524,cc_n_partners=7 (+0.27); cc_n_cells_e1=6.74e+03 (+0.22); deg_pct_diff=0.272 (+0.19),novel
337,SLC1A3,OPC_GABA_AC_like_tumor,IDH_WT,tumor,0.0,0.0,0.0,0.0,,,0.0,0.0,0.0,0.0,,0.0,2.0,0.0,0.0,0.0,0.0,0.0,0.0,,0.0,0.0,0.0,0.0,,26,1,0,1,2,6202,1012,5384,171,171,0,0.0,0,0,,,,,0,0.48763533377352564,0.05085235336881112,cc_n_cells_e1=6.2e+03 (+0.27); cc_n_celltypes_total=2 (+0.09); cc_n_cells_e2=1.01e+03 (+0.08),novel
338,HLA-DRB1,AC_like_tumor,IDH_WT,tumor,0.0,0.0,0.0,0.0,,,0.0,0.0,0.0,0.0,,0.0,3.0,2.0,0.0,0.0,2.0,0.0041600414779594,0.0022543680300073665,0.0,1.0,1.0,2.0,2.0,-1.0,14,1,0,1,5,72549,446,64812,108,108,0,-0.0,0,0,,,,,0,0.4853019167603764,0.12647013879766794,cc_edges_total=14 (+0.50); cc_n_cells_e1=7.25e+04 (+0.26); cc_max_prob=0.00416 (+0.05),novel
339,LRRTM2,OPC_GABA_like_tumor,IDH_Mutant,tumor,1.0,0.4967458162778178,0.4967458162778178,15.476820739469032,0.317,0.201,0.11599999999999999,1.0,1.0,0.0,-0.2621371104223258,1.0,3.0,0.0,6.0,6.0,0.0,0.0156105918756343,0.005079151850641467,0.0,1.0,4.0,0.0,6.0,1.0,12,0,1,1,2,6741,14114,1658,11741,1658,0,1.0,1,1,,,,,0,0.48481294538427394,0.05341603885645588,cc_n_partners=4 (+0.35); cc_edges_e2=6 (+0.26); cc_n_cells_e1=6.74e+03 (+0.21),novel
340,HLA-DPB1,AC_like_tumor,IDH_Mutant,tumor,0.0,0.0,0.0,0.0,,,0.0,0.0,0.0,0.0,,0.0,5.0,2.0,0.0,0.0,2.0,0.0056623552726468,0.0030688153298774434,0.0,1.0,1.0,2.0,2.0,-1.0,14,1,0,1,5,72549,446,4249,283,283,0,-0.0,1,0,,,,,0,0.4839470973493917,0.0945907782988581,cc_edges_total=14 (+0.49); cc_n_cells_e1=7.25e+04 (+0.27); deg_n_celltypes_sig=5 (+0.15),novel
341,CADM1,OPC_GABA_AC_like_tumor,IDH_Mutant,tumor,0.0,0.0,0.0,0.0,,,0.0,0.0,0.0,0.0,,0.0,2.0,0.0,0.0,0.0,0.0,0.0,0.0,,0.0,0.0,0.0,0.0,,32,1,1,1,3,6202,1012,352,742,352,0,0.0,1,0,,,,,0,0.48388748757982414,0.10712402358885872,cc_n_cells_e1=6.2e+03 (+0.27); cc_n_celltypes_total=3 (+0.10); cc_n_cells_e2=1.01e+03 (+0.08),novel
342,PTPRD,AC_like_tumor,IDH_WT,tumor,1.0,2.9682478856266057,2.9682478856266057,9.399019584061854,0.12,0.019,0.10099999999999999,1.0,0.0,0.0,2.8870189652680502,1.0,3.0,0.0,0.0,0.0,0.0,0.0,0.0,,0.0,0.0,0.0,0.0,,1,0,1,1,1,72549,446,64812,108,108,0,0.0,0,0,,,,,0,0.48334782829326317,0.044929962937063014,deg_pooled_log2fc=2.89 (+0.21); cc_n_cells_e1=7.25e+04 (+0.19); deg_pct_diff=0.101 (+0.15),novel
343,CD74,OPC_GABA_like_tumor,IDH_WT,tumor,1.0,-2.952578685908728,2.952578685908728,34.839183550101225,0.067,0.188,-0.121,-1.0,1.0,1.0,-2.3041532751923843,1.0,5.0,0.0,0.0,0.0,0.0,0.0,0.0,,0.0,0.0,0.0,0.0,,109,0,1,2,6,6741,14114,5040,1935,1935,0,-0.0,0,0,1.0,TAM_microglia,myeloid_bridge,"Ghoochani et al., Oncotarget 2016",0,0.48325948578993067,0.14736781044479852,cc_edges_total=109 (+1.11); cc_n_cells_e1=6.74e+03 (+0.22); deg_n_celltypes_sig=5 (+0.05),"literature gene, other compartment"
344,SLC1A3,AC_like_tumor,IDH_WT,tumor,0.0,0.0,0.0,0.0,,,0.0,0.0,0.0,0.0,,0.0,2.0,0.0,0.0,0.0,0.0,0.0,0.0,,0.0,0.0,0.0,0.0,,26,1,0,1,2,72549,446,64812,108,108,0,0.0,0,0,,,,,0,0.48291927595976974,0.05462878524360609,cc_n_cells_e1=7.25e+04 (+0.26); cc_n_celltypes_total=2 (+0.09); cc_n_cells_e2=446 (+0.08),novel
345,SLC1A3,OPC_GABA_AC_like_tumor,IDH_Mutant,tumor,0.0,0.0,0.0,0.0,,,0.0,0.0,0.0,0.0,,0.0,3.0,0.0,0.0,0.0,0.0,0.0,0.0,,0.0,0.0,0.0,0.0,,26,1,0,1,2,6202,1012,352,742,352,0,0.0,1,0,,,,,0,0.4821356122575124,0.05427246562907697,cc_n_cells_e1=6.2e+03 (+0.27); cc_n_celltypes_total=2 (+0.09); cc_n_cells_e2=1.01e+03 (+0.08),novel
346,GLS,OPC_GABA_AC_like_tumor,IDH_Mutant,tumor,0.0,0.0,0.0,0.0,,,0.0,0.0,0.0,0.0,,0.0,2.0,0.0,0.0,0.0,0.0,0.0,0.0,,0.0,0.0,0.0,0.0,,39,1,0,1,2,6202,1012,352,742,352,0,0.0,1,0,,,,,0,0.4818796743621479,0.08297491152025235,cc_n_cells_e1=6.2e+03 (+0.27); cc_n_celltypes_total=2 (+0.09); cc_n_cells_e2=1.01e+03 (+0.08),novel
347,JAM2,cycling_tumor,IDH_WT,tumor,1.0,0.814318605370147,0.814318605370147,87.44936647563978,0.407,0.1,0.30699999999999994,1.0,1.0,1.0,0.8274191381313104,1.0,2.0,5.0,1.0,6.0,0.0,0.0021428578601446,0.0016103557452642166,0.0,1.0,3.0,1.0,6.0,1.0,6,1,1,1,1,6410,814,5847,663,663,0,1.0,0,1,,,,,0,0.48053995453876547,0.10998155302573018,cc_n_partners=3 (+0.37); cc_edges_e2=6 (+0.22); cc_n_cells_e1=6.41e+03 (+0.19),novel
348,ITGB1,cycling_tumor,IDH_WT,tumor,1.0,0.3451924412793004,0.3451924412793004,53.24341452936317,0.51,0.181,0.329,1.0,0.0,0.0,,0.0,2.0,0.0,12.0,12.0,0.0,0.029255088299547,0.01293040491931679,0.0,2.0,7.0,5.0,12.0,1.0,36,0,1,2,3,6410,814,5847,663,663,0,1.0,0,1,,,,,0,0.4804857671043785,0.10518795750634442,cc_n_partners=7 (+0.24); cc_n_cells_e1=6.41e+03 (+0.22); deg_pct_diff=0.329 (+0.17),novel
349,SORL1,OPC_GABA_AC_like_tumor,IDH_WT,tumor,0.0,0.0,0.0,0.0,,,0.0,0.0,0.0,0.0,,0.0,3.0,0.0,0.0,0.0,0.0,0.0,0.0,,0.0,0.0,0.0,0.0,,14,0,1,1,1,6202,1012,5384,171,171,0,0.0,0,0,,,,,0,0.48046353740541614,0.0847954606593097,cc_edges_total=14 (+0.58); cc_n_cells_e1=6.2e+03 (+0.23); cc_n_celltypes_total=1 (+0.10),novel
350,TREM2,TAM1/TAM2/microglia,IDH_Mutant,TAM_microglia,0.0,0.0,0.0,0.0,,,0.0,0.0,0.0,0.0,,0.0,1.0,0.0,38.0,19.0,19.0,0.2392234722575476,0.08750399753816233,0.03,2.0,7.0,34.0,38.0,0.0,57,0,1,2,2,12086,25922,2106,21701,2106,0,0.0,1,0,2.0,TAM_microglia,myeloid_bridge,TAM marker (pathway-level),1,0.4800502368625619,0.12787388195698443,cc_edges_total=57 (+0.75); cc_n_cells_e1=1.21e+04 (+0.21); cc_max_prob=0.239 (+0.21),literature tier 2 (label)
351,SORL1,AC_like_tumor,IDH_WT,tumor,0.0,0.0,0.0,0.0,,,0.0,0.0,0.0,0.0,,0.0,3.0,0.0,0.0,0.0,0.0,0.0,0.0,,0.0,0.0,0.0,0.0,,14,0,1,1,1,72549,446,64812,108,108,0,0.0,0,0,,,,,0,0.4792367010310943,0.083935807352403,cc_edges_total=14 (+0.58); cc_n_cells_e1=7.25e+04 (+0.22); cc_n_celltypes_total=1 (+0.10),novel
352,KLRC2,cycling_tumor,IDH_Mutant,tumor,1.0,4.705482006974403,4.705482006974403,16.48061373591137,0.331,0.007,0.324,1.0,0.0,0.0,5.614705635497958,1.0,3.0,0.0,0.0,0.0,0.0,0.0,0.0,,0.0,0.0,0.0,0.0,,6,0,1,1,1,6410,814,270,136,136,0,0.0,1,0,,,,,0,0.4789890205000676,0.08188994467902923,deg_pooled_log2fc=5.61 (+0.30); cc_n_cells_e1=6.41e+03 (+0.19); deg_pct_diff=0.324 (+0.17),novel
353,LRRTM2,OPC_GABA_like_tumor,IDH_WT,tumor,1.0,-0.6935439039610407,0.6935439039610407,12.85607413289099,0.328,0.19,0.138,-1.0,1.0,0.0,-0.2621371104223258,1.0,2.0,0.0,6.0,6.0,0.0,0.0156105918756343,0.005079151850641467,0.0,1.0,4.0,0.0,6.0,1.0,12,0,1,1,2,6741,14114,5040,1935,1935,0,-1.0,0,1,,,,,0,0.4788743232019056,0.07152582160852942,cc_n_partners=4 (+0.33); cc_edges_e2=6 (+0.26); cc_n_cells_e1=6.74e+03 (+0.21),novel
354,SORL1,AC_like_tumor,IDH_Mutant,tumor,0.0,0.0,0.0,0.0,,,0.0,0.0,0.0,0.0,,0.0,3.0,0.0,0.0,0.0,0.0,0.0,0.0,,0.0,0.0,0.0,0.0,,14,0,1,1,1,72549,446,4249,283,283,0,0.0,1,0,,,,,0,0.4780057522432707,0.08252317457884346,cc_edges_total=14 (+0.58); cc_n_cells_e1=7.25e+04 (+0.22); cc_n_celltypes_total=1 (+0.10),novel
355,ROBO1,cycling_tumor,IDH_Mutant,tumor,1.0,3.2409438371447967,3.2409438371447967,18.521222297210237,0.404,0.022,0.382,1.0,1.0,1.0,2.651080049820704,1.0,3.0,0.0,1.0,1.0,0.0,0.0012599632610479,0.0012599632610479,0.0,1.0,1.0,0.0,1.0,1.0,2,0,1,1,2,6410,814,270,136,136,0,1.0,1,1,,,,,0,0.4768503333304386,0.059091401173934674,deg_pooled_log2fc=2.65 (+0.26); cc_n_cells_e1=6.41e+03 (+0.21); deg_log2fc=3.24 (+0.14),novel
356,KLRC2,AC_like_tumor,IDH_Mutant,tumor,1.0,2.8021189931330643,2.8021189931330643,38.5073853247511,0.314,0.076,0.238,1.0,0.0,0.0,5.7559447110761335,1.0,3.0,0.0,0.0,0.0,0.0,0.0,0.0,,0.0,0.0,0.0,0.0,,6,0,1,1,1,72549,446,4249,283,283,0,0.0,1,0,,,,,0,0.47621710437715886,0.08441827296198873,deg_pooled_log2fc=5.76 (+0.31); cc_n_cells_e1=7.25e+04 (+0.19); deg_pct_diff=0.238 (+0.17),novel
357,MRC1,OPC_GABA_AC_like_tumor,IDH_WT,tumor,0.0,0.0,0.0,0.0,,,0.0,0.0,0.0,0.0,,0.0,0.0,0.0,0.0,0.0,0.0,0.0,0.0,,0.0,0.0,0.0,0.0,,4,0,1,1,1,6202,1012,5384,171,171,0,0.0,0,0,,,,,0,0.4760984011882762,0.09141089363016351,deg_n_celltypes_sig=0 (+0.43); cc_n_cells_e1=6.2e+03 (+0.19); cc_n_cells_e2=1.01e+03 (+0.08),novel
358,HLA-DPB1,TAM1/TAM2/microglia,IDH_WT,TAM_microglia,1.0,-0.3761779466778892,0.3761779466778892,5.581407958767327,0.92,0.871,0.049000000000000044,-1.0,1.0,1.0,-1.4002956125942698,1.0,5.0,4.0,0.0,2.0,2.0,0.0313832325589142,0.013363812357826549,0.0,1.0,1.0,0.0,4.0,0.0,14,1,0,1,5,12086,25922,9696,2745,2745,0,-0.0,0,1,,,,,0,0.47590910867340847,0.14281529591999692,cc_edges_total=14 (+0.47); cc_edges_e2=2 (+0.27); cc_n_cells_e1=1.21e+04 (+0.26),novel
359,PTGER4,OPC_GABA_like_tumor,IDH_WT,tumor,0.0,0.0,0.0,0.0,,,0.0,0.0,0.0,0.0,,0.0,2.0,0.0,0.0,0.0,0.0,0.0,0.0,,0.0,0.0,0.0,0.0,,14,0,1,1,1,6741,14114,5040,1935,1935,0,0.0,0,0,,,,,0,0.4750853483229296,0.09061039803006492,cc_edges_total=14 (+0.58); cc_n_cells_e1=6.74e+03 (+0.22); cc_n_celltypes_total=1 (+0.10),novel
360,SORL1,OPC_GABA_AC_like_tumor,IDH_Mutant,tumor,0.0,0.0,0.0,0.0,,,0.0,0.0,0.0,0.0,,0.0,3.0,0.0,0.0,0.0,0.0,0.0,0.0,,0.0,0.0,0.0,0.0,,14,0,1,1,1,6202,1012,352,742,352,0,0.0,1,0,,,,,0,0.4749992262779001,0.08187599384939592,cc_edges_total=14 (+0.58); cc_n_cells_e1=6.2e+03 (+0.23); cc_n_celltypes_total=1 (+0.10),novel
361,HLA-DRA,TAM1/TAM2/microglia,IDH_WT,TAM_microglia,0.0,0.0,0.0,0.0,,,0.0,0.0,0.0,0.0,,0.0,5.0,4.0,0.0,2.0,2.0,0.0431531889546866,0.02156299090804295,0.0,1.0,1.0,0.0,4.0,0.0,20,1,0,1,7,12086,25922,9696,2745,2745,0,0.0,0,0,2.0,TAM_microglia,immune_synapse,MHC-II antigen presentation (pathway-level),1,0.4742551017307992,0.11901378422868401,cc_edges_total=20 (+0.77); cc_n_cells_e1=1.21e+04 (+0.28); cc_edges_e2=2 (+0.24),literature tier 2 (label)
362,MRC1,AC_like_tumor,IDH_WT,tumor,0.0,0.0,0.0,0.0,,,0.0,0.0,0.0,0.0,,0.0,0.0,0.0,0.0,0.0,0.0,0.0,0.0,,0.0,0.0,0.0,0.0,,4,0,1,1,1,72549,446,64812,108,108,0,0.0,0,0,,,,,0,0.4742326627188945,0.09041198030328665,deg_n_celltypes_sig=0 (+0.43); cc_n_cells_e1=7.25e+04 (+0.19); cc_n_cells_e2=446 (+0.08),novel
363,NRCAM,OPC_GABA_AC_like_tumor,IDH_WT,tumor,0.0,0.0,0.0,0.0,,,0.0,0.0,0.0,0.0,,0.0,1.0,0.0,2.0,2.0,0.0,0.0028041239019692,0.00273160202415355,0.0,1.0,2.0,0.0,2.0,1.0,12,0,1,1,4,6202,1012,5384,171,171,0,0.0,0,0,,,,,0,0.473528463865674,0.16601212498815407,cc_n_partners=2 (+0.72); cc_edges_e2=2 (+0.22); cc_n_cells_e1=6.2e+03 (+0.21),novel
364,EGFR,OPC_GABA_AC_like_tumor,IDH_Mutant,tumor,0.0,0.0,0.0,0.0,,,0.0,0.0,0.0,0.0,,0.0,3.0,0.0,2.0,0.0,2.0,0.0131137600897326,0.0103901636652432,0.0,1.0,2.0,2.0,2.0,-1.0,14,0,1,1,4,6202,1012,352,742,352,0,-0.0,1,0,1.0,tumor,growth,"Brennan et al., Cell 2013 (TCGA GBM)",1,0.4719179781383187,0.10907865628693011,cc_n_partners=2 (+0.84); cc_edges_total=14 (+0.60); cc_n_cells_e1=6.2e+03 (+0.24),literature tier 1 (label)
365,PILRB,cycling_tumor,IDH_WT,tumor,1.0,1.8090647293403197,1.8090647293403197,124.71699438149511,0.278,0.036,0.24200000000000002,1.0,0.0,0.0,1.719810137348749,1.0,2.0,0.0,7.0,7.0,0.0,0.0037171475539804,0.0016564278310690797,0.0,1.0,4.0,4.0,7.0,1.0,7,0,1,1,1,6410,814,5847,663,663,0,1.0,0,1,,,,,0,0.4717816963759039,0.10855019657084387,deg_pooled_log2fc=1.72 (+0.40); cc_n_partners=4 (+0.35); cc_edges_e2=7 (+0.21),novel
366,CD99,OPC_GABA_AC_like_tumor,IDH_Mutant,tumor,0.0,0.0,0.0,0.0,,,0.0,0.0,0.0,0.0,,0.0,3.0,0.0,0.0,0.0,0.0,0.0,0.0,,0.0,0.0,0.0,0.0,,86,1,1,1,4,6202,1012,352,742,352,0,0.0,1,0,2.0,tumor,immune_synapse,Glioma invasion marker (limited functional data),1,0.47162139382898866,0.04365888061059021,cc_edges_total=86 (+1.17); cc_n_cells_e1=6.2e+03 (+0.26); cc_n_celltypes_total=4 (+0.10),literature tier 2 (label)
367,NOTCH1,TAM1/TAM2/microglia,IDH_WT,TAM_microglia,0.0,0.0,0.0,0.0,,,0.0,0.0,0.0,0.0,,0.0,2.0,0.0,0.0,0.0,0.0,0.0,0.0,,0.0,0.0,0.0,0.0,,16,0,1,2,2,12086,25922,9696,2745,2745,0,0.0,0,0,2.0,tumor,growth,Notch pathway (pathway-level),0,0.4710372584892508,0.05152824805953851,cc_edges_total=16 (+1.07); cc_n_cells_e1=1.21e+04 (+0.25); cc_n_celltypes_total=2 (+0.07),"literature gene, other compartment"
368,TYROBP,AC_like_tumor,IDH_Mutant,tumor,1.0,-2.040433949003196,2.040433949003196,1.9330292016245856,0.346,0.412,-0.066,-1.0,1.0,1.0,-1.884641691716887,1.0,6.0,0.0,0.0,0.0,0.0,0.0,0.0,,0.0,0.0,0.0,0.0,,57,0,1,2,2,72549,446,4249,283,283,0,-0.0,1,0,2.0,TAM_microglia,myeloid_bridge,TREM2 adaptor (pathway-level),0,0.47042014419766653,0.16614886590409972,cc_edges_total=57 (+1.10); cc_n_cells_e1=7.25e+04 (+0.24); cc_n_celltypes_total=2 (+0.10),"literature gene, other compartment"
369,ROBO1,cycling_tumor,IDH_WT,tumor,1.0,2.5105739662255626,2.5105739662255626,175.6872582312553,0.279,0.023,0.256,1.0,1.0,1.0,2.651080049820704,1.0,2.0,0.0,1.0,1.0,0.0,0.0012599632610479,0.0012599632610479,0.0,1.0,1.0,0.0,1.0,1.0,2,0,1,1,2,6410,814,5847,663,663,0,1.0,0,1,,,,,0,0.4702057020580629,0.0522880536438316,deg_pooled_log2fc=2.65 (+0.26); cc_n_cells_e1=6.41e+03 (+0.21); deg_log2fc=2.51 (+0.14),novel
370,LRRTM3,cycling_tumor,IDH_WT,tumor,1.0,2.229641767151908,2.229641767151908,94.016110190004,0.145,0.011,0.13399999999999998,1.0,1.0,1.0,2.6774603953839025,1.0,2.0,0.0,0.0,0.0,0.0,0.0,0.0,,0.0,0.0,0.0,0.0,,6,0,1,1,1,6410,814,5847,663,663,0,0.0,0,0,,,,,0,0.46971299855482657,0.08757499312984346,deg_pooled_log2fc=2.68 (+0.30); cc_n_cells_e1=6.41e+03 (+0.19); deg_pct_diff=0.134 (+0.17),novel
371,MRC1,cycling_tumor,IDH_WT,tumor,0.0,0.0,0.0,0.0,,,0.0,0.0,0.0,0.0,,0.0,0.0,0.0,0.0,0.0,0.0,0.0,0.0,,0.0,0.0,0.0,0.0,,4,0,1,1,1,6410,814,5847,663,663,0,0.0,0,0,,,,,0,0.4694292190319172,0.08848255732928151,deg_n_celltypes_sig=0 (+0.43); cc_n_cells_e1=6.41e+03 (+0.18); cc_n_cells_e2=814 (+0.08),novel
372,SLC1A3,AC_like_tumor,IDH_Mutant,tumor,1.0,-1.4792910063223057,1.4792910063223057,5.530476937737077,0.396,0.513,-0.11699999999999999,-1.0,0.0,0.0,,0.0,3.0,0.0,0.0,0.0,0.0,0.0,0.0,,0.0,0.0,0.0,0.0,,26,1,0,1,2,72549,446,4249,283,283,0,-0.0,1,0,,,,,0,0.46912686298134865,0.03207796144852328,cc_n_cells_e1=7.25e+04 (+0.25); cc_n_celltypes_total=2 (+0.09); cc_n_cells_e2=446 (+0.08),novel
373,PTPRD,cycling_tumor,IDH_WT,tumor,1.0,3.184850354471642,3.184850354471642,120.30182883676825,0.178,0.012,0.16599999999999998,1.0,1.0,1.0,2.9733404170939792,1.0,3.0,0.0,0.0,0.0,0.0,0.0,0.0,,0.0,0.0,0.0,0.0,,1,0,1,1,1,6410,814,5847,663,663,0,0.0,0,0,,,,,0,0.46846796064069707,0.05468276025531304,deg_pooled_log2fc=2.97 (+0.21); cc_n_cells_e1=6.41e+03 (+0.18); deg_log2fc=3.18 (+0.13),novel
374,CLDN11,cycling_tumor,IDH_WT,tumor,1.0,4.00677585319188,4.00677585319188,300.0,0.354,0.015,0.33899999999999997,1.0,0.0,0.0,3.772049796151734,1.0,2.0,1.0,1.0,2.0,0.0,0.0009540821944767284,0.0009540821944767284,0.0,1.0,1.0,0.0,2.0,1.0,2,1,1,1,1,6410,814,5847,663,663,0,1.0,0,1,,,,,0,0.4677646702321338,0.06565482565659572,deg_pooled_log2fc=3.77 (+0.25); cc_edges_e2=2 (+0.22); cc_n_cells_e1=6.41e+03 (+0.20),novel
375,CNTN1,TAM1/TAM2/microglia,IDH_WT,TAM_microglia,0.0,0.0,0.0,0.0,,,0.0,0.0,0.0,0.0,,0.0,4.0,0.0,0.0,0.0,0.0,0.0,0.0,,0.0,0.0,0.0,0.0,,16,1,0,1,2,12086,25922,9696,2745,2745,0,0.0,0,0,2.0,tumor,neuron_tumor,Synaptic adhesion (pathway-level),0,0.4670778556474448,0.05169386533095994,cc_edges_total=16 (+1.05); cc_n_cells_e1=1.21e+04 (+0.27); deg_n_celltypes_sig=4 (+0.17),"literature gene, other compartment"
376,TYROBP,AC_like_tumor,IDH_WT,tumor,1.0,-2.907676299760296,2.907676299760296,2.6351556806273595,0.102,0.33,-0.22800000000000004,-1.0,1.0,1.0,-1.884641691716887,1.0,5.0,0.0,0.0,0.0,0.0,0.0,0.0,,0.0,0.0,0.0,0.0,,57,0,1,2,2,72549,446,64812,108,108,0,-0.0,0,0,2.0,TAM_microglia,myeloid_bridge,TREM2 adaptor (pathway-level),0,0.4670413049249603,0.14994923753824646,cc_edges_total=57 (+1.09); cc_n_cells_e1=7.25e+04 (+0.23); cc_n_celltypes_total=2 (+0.10),"literature gene, other compartment"
377,ITGB1,OPC_GABA_like_tumor,IDH_Mutant,tumor,1.0,0.4572861542023095,0.4572861542023095,2.338109442974838,0.247,0.195,0.05199999999999999,1.0,1.0,1.0,,0.0,1.0,0.0,12.0,12.0,0.0,0.0204651750303783,0.00902374051798539,0.0,2.0,7.0,5.0,12.0,1.0,36,0,1,2,3,6741,14114,1658,11741,1658,0,1.0,1,1,,,,,0,0.4669071814575603,0.11281186706998607,cc_n_partners=7 (+0.21); cc_n_cells_e1=6.74e+03 (+0.20); cc_n_celltypes_total=3 (+0.13),novel
378,GRIA4,TAM1/TAM2/microglia,IDH_WT,TAM_microglia,0.0,0.0,0.0,0.0,,,0.0,0.0,0.0,0.0,,0.0,2.0,0.0,0.0,0.0,0.0,0.0,0.0,,0.0,0.0,0.0,0.0,,15,0,1,1,4,12086,25922,9696,2745,2745,0,0.0,0,0,2.0,tumor,neuron_tumor,"AMPAR subunit family; Venkatesh et al., Nature 2019",0,0.4658074320591757,0.09051979065042974,cc_edges_total=15 (+1.03); cc_n_cells_e1=1.21e+04 (+0.25); cc_n_celltypes_total=4 (+0.08),"literature gene, other compartment"
379,CD74,OPC_GABA_like_tumor,IDH_Mutant,tumor,1.0,-2.342910580514916,2.342910580514916,52.573378704302705,0.092,0.218,-0.126,-1.0,1.0,1.0,-2.3041532751923843,1.0,4.0,0.0,0.0,0.0,0.0,0.0,0.0,,0.0,0.0,0.0,0.0,,109,0,1,2,6,6741,14114,1658,11741,1658,0,-0.0,1,0,1.0,TAM_microglia,myeloid_bridge,"Ghoochani et al., Oncotarget 2016",0,0.46572712830878443,0.13709386833919565,cc_edges_total=109 (+1.11); cc_n_cells_e1=6.74e+03 (+0.22); deg_n_celltypes_sig=4 (+0.07),"literature gene, other compartment"
380,TYROBP,cycling_tumor,IDH_Mutant,tumor,1.0,-6.014119325408155,6.014119325408155,31.160106747980016,0.059,0.737,-0.6779999999999999,-1.0,1.0,1.0,-5.684061677509295,1.0,6.0,0.0,0.0,0.0,0.0,0.0,0.0,,0.0,0.0,0.0,0.0,,57,0,1,2,2,6410,814,270,136,136,0,-0.0,1,0,2.0,TAM_microglia,myeloid_bridge,TREM2 adaptor (pathway-level),0,0.4653102901380276,0.17076514282158453,cc_edges_total=57 (+1.09); cc_n_cells_e1=6.41e+03 (+0.23); cc_n_celltypes_total=2 (+0.10),"literature gene, other compartment"
381,CLSTN1,cycling_tumor,IDH_WT,tumor,1.0,0.3741938401972891,0.3741938401972891,42.137859847371836,0.314,0.101,0.213,1.0,0.0,0.0,0.3377777166282039,1.0,2.0,0.0,6.0,6.0,0.0,0.0084269247922976,0.002734139854995377,0.0,1.0,4.0,0.0,6.0,1.0,12,0,1,1,2,6410,814,5847,663,663,0,1.0,0,1,,,,,0,0.4648852705359854,0.06785404992848436,cc_n_partners=4 (+0.32); cc_edges_e2=6 (+0.24); cc_n_cells_e1=6.41e+03 (+0.21),novel
382,SLIT1,cycling_tumor,IDH_WT,tumor,1.0,3.0824325708061653,3.0824325708061653,119.62328321696671,0.143,0.006,0.13699999999999998,1.0,1.0,1.0,2.852813420732657,1.0,2.0,0.0,0.0,0.0,0.0,0.0,0.0,,0.0,0.0,0.0,0.0,,2,1,0,1,1,6410,814,5847,663,663,0,0.0,0,0,,,,,0,0.46484023165216115,0.055156627085319015,deg_pooled_log2fc=2.85 (+0.21); cc_n_cells_e1=6.41e+03 (+0.20); deg_log2fc=3.08 (+0.13),novel
383,GRIK2,AC_like_tumor,IDH_Mutant,tumor,1.0,0.5109836578628133,0.5109836578628133,5.752684337080595,0.247,0.111,0.136,1.0,0.0,0.0,3.416141471364228,1.0,3.0,0.0,0.0,0.0,0.0,0.0,0.0,,0.0,0.0,0.0,0.0,,6,0,1,1,2,72549,446,4249,283,283,0,0.0,1,0,,,,,0,0.4646075539801225,0.10128784272469793,deg_pooled_log2fc=3.42 (+0.31); cc_n_cells_e1=7.25e+04 (+0.22); deg_pct_diff=0.136 (+0.17),novel
384,SLC1A1,TAM1/TAM2/microglia,IDH_WT,TAM_microglia,0.0,0.0,0.0,0.0,,,0.0,0.0,0.0,0.0,,0.0,2.0,0.0,0.0,0.0,0.0,0.0,0.0,,0.0,0.0,0.0,0.0,,13,1,0,1,1,12086,25922,9696,2745,2745,0,0.0,0,0,,,,,0,0.4641411445786442,0.1034224737993635,cc_edges_total=13 (+0.59); cc_n_cells_e1=1.21e+04 (+0.24); cc_n_celltypes_total=1 (+0.08),novel
385,TYROBP,cycling_tumor,IDH_WT,tumor,1.0,-5.788001085697912,5.788001085697912,90.99910315405569,0.066,0.483,-0.417,-1.0,1.0,1.0,-5.684061677509295,1.0,5.0,0.0,0.0,0.0,0.0,0.0,0.0,,0.0,0.0,0.0,0.0,,57,0,1,2,2,6410,814,5847,663,663,0,-0.0,0,0,2.0,TAM_microglia,myeloid_bridge,TREM2 adaptor (pathway-level),0,0.4640700284347649,0.15848633876041696,cc_edges_total=57 (+1.09); cc_n_cells_e1=6.41e+03 (+0.23); cc_n_celltypes_total=2 (+0.10),"literature gene, other compartment"
386,CD74,T cell,IDH_WT,T_cell,1.0,0.6546071138404836,0.6546071138404836,1.950123902297721,0.44,0.371,0.069,1.0,0.0,0.0,0.7998421542708241,1.0,5.0,0.0,50.0,25.0,25.0,0.0485948380951234,0.015620824906069038,0.0,2.0,6.0,42.0,50.0,0.0,109,0,1,2,6,2662,1463,1681,1118,1118,0,0.0,0,1,1.0,TAM_microglia,myeloid_bridge,"Ghoochani et al., Oncotarget 2016",0,0.46406607045492443,0.07779849753847148,cc_edges_total=109 (+0.71); deg_n_celltypes_sig=5 (+0.27); cc_n_partners=6 (+0.24),"literature gene, other compartment"
387,ROBO1,OPC_GABA_like_tumor,IDH_WT,tumor,1.0,1.510352374701229,1.510352374701229,129.75483408769708,0.339,0.091,0.24800000000000003,1.0,1.0,1.0,1.9488059339044457,1.0,2.0,0.0,1.0,1.0,0.0,0.0026014314511136,0.0026014314511136,0.0,1.0,1.0,0.0,1.0,1.0,2,0,1,1,2,6741,14114,5040,1935,1935,0,1.0,0,1,,,,,0,0.463897094545506,0.058930857966525585,deg_pooled_log2fc=1.95 (+0.26); cc_n_cells_e1=6.74e+03 (+0.21); deg_log2fc=1.51 (+0.14),novel
388,SPP1,AC_like_tumor,IDH_WT,tumor,1.0,-2.2244099767214216,2.2244099767214216,8.994884358375353,0.269,0.606,-0.33699999999999997,-1.0,0.0,0.0,-1.854419222143243,1.0,4.0,10.0,0.0,5.0,5.0,0.0305221727622704,0.01142515717792402,0.0,1.0,4.0,6.0,10.0,0.0,55,1,0,1,7,72549,446,64812,108,108,0,-0.0,0,1,1.0,TAM_microglia,myeloid_bridge,"Wei et al., J Clin Invest 2019",0,0.46389493161544904,0.08594092049276872,cc_edges_total=55 (+0.82); cc_n_cells_e1=7.25e+04 (+0.25); cc_edges_e2=5 (+0.21),"literature gene, other compartment"
389,MDK,cycling_tumor,IDH_Mutant,tumor,1.0,0.9113864741046732,0.9113864741046732,2.8696231249311794,0.257,0.059,0.198,1.0,1.0,0.0,-0.3739503020192844,1.0,1.0,28.0,0.0,28.0,0.0,0.0180550672770162,0.0065825254786666745,0.0,1.0,7.0,7.0,28.0,1.0,28,1,0,1,1,6410,814,270,136,136,0,1.0,1,1,,,,,0,0.4633108269121248,0.102664348482258,cc_n_cells_e1=6.41e+03 (+0.18); cc_n_partners=7 (+0.18); deg_pct_diff=0.198 (+0.15),novel
390,MPZL1,OPC_GABA_AC_like_tumor,IDH_WT,tumor,1.0,2.018500626331633,2.018500626331633,16.693818731605994,0.181,0.035,0.146,1.0,0.0,0.0,,0.0,4.0,0.0,0.0,0.0,0.0,0.0,0.0,,0.0,0.0,0.0,0.0,,8,1,1,1,2,6202,1012,5384,171,171,0,0.0,0,0,,,,,0,0.46264298586280483,0.13005442897081856,cc_n_cells_e1=6.2e+03 (+0.24); deg_n_celltypes_sig=4 (+0.24); deg_pct_diff=0.146 (+0.22),novel
391,MDK,AC_like_tumor,IDH_Mutant,tumor,0.0,0.0,0.0,0.0,,,0.0,0.0,0.0,0.0,,0.0,1.0,0.0,0.0,0.0,0.0,0.0,0.0,,0.0,0.0,0.0,0.0,,28,1,0,1,1,72549,446,4249,283,283,0,0.0,1,0,,,,,0,0.4623885750038486,0.05595949139239051,cc_n_cells_e1=7.25e+04 (+0.22); cc_n_celltypes_total=1 (+0.10); cc_n_cells_e2=446 (+0.08),novel
392,MRC1,AC_like_tumor,IDH_Mutant,tumor,0.0,0.0,0.0,0.0,,,0.0,0.0,0.0,0.0,,0.0,0.0,0.0,0.0,0.0,0.0,0.0,0.0,,0.0,0.0,0.0,0.0,,4,0,1,1,1,72549,446,4249,283,283,0,0.0,1,0,,,,,0,0.4601055095668455,0.08402924607218319,deg_n_celltypes_sig=0 (+0.41); cc_n_cells_e1=7.25e+04 (+0.19); cc_n_cells_e2=446 (+0.08),novel
393,SPP1,cycling_tumor,IDH_WT,tumor,1.0,-5.034519235889427,5.034519235889427,122.415346717611,0.327,0.689,-0.36199999999999993,-1.0,1.0,1.0,-5.147553036495236,1.0,4.0,10.0,0.0,5.0,5.0,0.0364060099743201,0.012435470878227977,0.0,1.0,4.0,6.0,10.0,0.0,55,1,0,1,7,6410,814,5847,663,663,0,-0.0,0,1,1.0,TAM_microglia,myeloid_bridge,"Wei et al., J Clin Invest 2019",0,0.4588991955266648,0.1083108010323586,cc_edges_total=55 (+0.81); cc_n_cells_e1=6.41e+03 (+0.24); cc_edges_e2=5 (+0.21),"literature gene, other compartment"
394,MPZL1,cycling_tumor,IDH_Mutant,tumor,0.0,0.0,0.0,0.0,,,0.0,0.0,0.0,0.0,,0.0,1.0,2.0,2.0,4.0,0.0,0.0023450528994386,0.0022104610097024,0.0,1.0,2.0,2.0,4.0,1.0,8,1,1,1,2,6410,814,270,136,136,0,0.0,1,0,,,,,0,0.4579014194710364,0.11022112220243378,cc_n_partners=2 (+0.75); cc_edges_e2=4 (+0.23); cc_n_cells_e1=6.41e+03 (+0.21),novel
395,NLGN3,cycling_tumor,IDH_WT,tumor,1.0,1.961368791254672,1.961368791254672,161.61789112875945,0.315,0.035,0.28,1.0,1.0,1.0,1.8474406918200492,1.0,2.0,0.0,6.0,6.0,0.0,0.0082445257936692,0.0026747700108033256,0.0,1.0,4.0,0.0,6.0,1.0,6,0,1,1,1,6410,814,5847,663,663,0,1.0,0,1,1.0,tumor,neuron_tumor,"Venkatesh et al., Cell 2015; Venkatesh et al., Nature 2017",1,0.4577954174379634,0.06859381476024666,deg_pooled_log2fc=1.85 (+0.40); cc_n_partners=4 (+0.36); cc_edges_e2=6 (+0.22),literature tier 1 (label)
396,PCDHGC3,cycling_tumor,IDH_Mutant,tumor,1.0,2.8886950190210867,2.8886950190210867,2.231402592410646,0.11,0.004,0.106,1.0,1.0,1.0,2.766243443713352,1.0,2.0,1.0,1.0,2.0,0.0,0.000909242078728849,0.000909242078728849,0.0,1.0,1.0,0.0,2.0,1.0,2,1,1,1,1,6410,814,270,136,136,0,1.0,1,1,,,,,0,0.45726530610368965,0.07174019995195627,deg_pooled_log2fc=2.77 (+0.26); cc_edges_e2=2 (+0.22); cc_n_cells_e1=6.41e+03 (+0.20),novel
397,MDK,OPC_GABA_AC_like_tumor,IDH_Mutant,tumor,0.0,0.0,0.0,0.0,,,0.0,0.0,0.0,0.0,,0.0,1.0,0.0,0.0,0.0,0.0,0.0,0.0,,0.0,0.0,0.0,0.0,,28,1,0,1,1,6202,1012,352,742,352,0,0.0,1,0,,,,,0,0.45725017008956337,0.06203762864686709,cc_n_cells_e1=6.2e+03 (+0.22); cc_n_celltypes_total=1 (+0.10); cc_n_cells_e2=1.01e+03 (+0.08),novel
398,THY1,AC_like_tumor,IDH_Mutant,tumor,1.0,2.3129413973167683,2.3129413973167683,22.475625012904374,0.279,0.084,0.195,1.0,1.0,1.0,2.3596125280247646,1.0,3.0,0.0,0.0,0.0,0.0,0.0,0.0,,0.0,0.0,0.0,0.0,,2,1,0,1,2,72549,446,4249,283,283,0,0.0,1,0,,,,,0,0.4568222678717616,0.09868871376673378,cc_n_cells_e1=7.25e+04 (+0.23); deg_pooled_log2fc=2.36 (+0.21); deg_pct_diff=0.195 (+0.13),novel
399,HLA-DPA1,AC_like_tumor,IDH_Mutant,tumor,0.0,0.0,0.0,0.0,,,0.0,0.0,0.0,0.0,,0.0,4.0,2.0,0.0,0.0,2.0,0.0056489295785856,0.003061536101100413,0.0,1.0,1.0,2.0,2.0,-1.0,14,1,0,1,5,72549,446,4249,283,283,0,-0.0,1,0,,,,,0,0.4562237008002644,0.08327076268415343,cc_edges_total=14 (+0.49); cc_n_cells_e1=7.25e+04 (+0.27); deg_n_celltypes_sig=4 (+0.16),novel
400,PCDHGC3,cycling_tumor,IDH_WT,tumor,1.0,2.997778423563167,2.997778423563167,256.31077114322164,0.353,0.023,0.32999999999999996,1.0,1.0,1.0,2.766243443713352,1.0,3.0,1.0,1.0,2.0,0.0,0.000909242078728849,0.000909242078728849,0.0,1.0,1.0,0.0,2.0,1.0,2,1,1,1,1,6410,814,5847,663,663,0,1.0,0,1,,,,,0,0.4557604394574251,0.07266889343648399,deg_pooled_log2fc=2.77 (+0.25); cc_edges_e2=2 (+0.22); cc_n_cells_e1=6.41e+03 (+0.20),novel
401,MRC1,OPC_GABA_AC_like_tumor,IDH_Mutant,tumor,0.0,0.0,0.0,0.0,,,0.0,0.0,0.0,0.0,,0.0,0.0,0.0,0.0,0.0,0.0,0.0,0.0,,0.0,0.0,0.0,0.0,,4,0,1,1,1,6202,1012,352,742,352,0,0.0,1,0,,,,,0,0.45522339951625257,0.08295892198042519,deg_n_celltypes_sig=0 (+0.39); cc_n_cells_e1=6.2e+03 (+0.19); cc_n_cells_e2=1.01e+03 (+0.08),novel
402,MRC1,cycling_tumor,IDH_Mutant,tumor,0.0,0.0,0.0,0.0,,,0.0,0.0,0.0,0.0,,0.0,0.0,0.0,0.0,0.0,0.0,0.0,0.0,,0.0,0.0,0.0,0.0,,4,0,1,1,1,6410,814,270,136,136,0,0.0,1,0,,,,,0,0.45519115969512997,0.08258447723067106,deg_n_celltypes_sig=0 (+0.39); cc_n_cells_e1=6.41e+03 (+0.18); cc_n_cells_e2=814 (+0.08),novel
403,ENTPD1,TAM1/TAM2/microglia,IDH_WT,TAM_microglia,1.0,0.6512541342894388,0.6512541342894388,28.708785406810396,0.234,0.137,0.097,1.0,1.0,1.0,1.3567662403519276,1.0,1.0,3.0,1.0,4.0,0.0,0.0134956831199029,0.007203532889107,0.0,1.0,2.0,1.0,4.0,1.0,4,1,1,1,1,12086,25922,9696,2745,2745,0,1.0,0,1,1.0,TAM_microglia,myeloid_bridge,"Takenaka et al., Nat Neurosci 2019",1,0.45321877623829154,0.10271203474457419,cc_n_partners=2 (+0.78); deg_pooled_log2fc=1.36 (+0.34); cc_edges_e2=4 (+0.26),literature tier 1 (label)
404,TYROBP,OPC_GABA_AC_like_tumor,IDH_Mutant,tumor,1.0,-3.477348411641988,3.477348411641988,30.553483819257792,0.053,0.324,-0.271,-1.0,1.0,1.0,-2.4518281529797026,1.0,6.0,0.0,0.0,0.0,0.0,0.0,0.0,,0.0,0.0,0.0,0.0,,57,0,1,2,2,6202,1012,352,742,352,0,-0.0,1,0,2.0,TAM_microglia,myeloid_bridge,TREM2 adaptor (pathway-level),0,0.4529478804095587,0.15862137636041954,cc_edges_total=57 (+1.09); cc_n_cells_e1=6.2e+03 (+0.24); cc_n_celltypes_total=2 (+0.10),"literature gene, other compartment"
405,SPP1,cycling_tumor,IDH_Mutant,tumor,1.0,-6.361783731764467,6.361783731764467,19.630313068343398,0.132,0.626,-0.494,-1.0,1.0,1.0,-5.147553036495236,1.0,4.0,10.0,0.0,5.0,5.0,0.0364060099743201,0.012435470878227977,0.0,1.0,4.0,6.0,10.0,0.0,55,1,0,1,7,6410,814,270,136,136,0,-0.0,1,1,1.0,TAM_microglia,myeloid_bridge,"Wei et al., J Clin Invest 2019",0,0.4527846054964403,0.09478842425701409,cc_edges_total=55 (+0.81); cc_n_cells_e1=6.41e+03 (+0.24); cc_edges_e2=5 (+0.21),"literature gene, other compartment"
406,MERTK,OPC_GABA_AC_like_tumor,IDH_WT,tumor,0.0,0.0,0.0,0.0,,,0.0,0.0,0.0,0.0,,0.0,1.0,0.0,0.0,0.0,0.0,0.0,0.0,,0.0,0.0,0.0,0.0,,1,0,1,1,1,6202,1012,5384,171,171,0,0.0,0,0,,,,,0,0.4524201582218869,0.07867171540476214,cc_n_cells_e1=6.2e+03 (+0.19); cc_n_cells_e2=1.01e+03 (+0.08); deg_pooled_log2fc=nan (+0.06),novel
407,ENTPD1,TAM1/TAM2/microglia,IDH_Mutant,TAM_microglia,1.0,1.0096441126957014,1.0096441126957014,41.50421303315566,0.355,0.205,0.15,1.0,1.0,1.0,1.3567662403519276,1.0,1.0,3.0,1.0,4.0,0.0,0.0134956831199029,0.007203532889107,0.0,1.0,2.0,1.0,4.0,1.0,4,1,1,1,1,12086,25922,2106,21701,2106,0,1.0,1,1,1.0,TAM_microglia,myeloid_bridge,"Takenaka et al., Nat Neurosci 2019",1,0.4519314753229306,0.11018504447861766,cc_n_partners=2 (+0.81); deg_pooled_log2fc=1.36 (+0.34); cc_edges_e2=4 (+0.25),literature tier 1 (label)
408,PDGFRA,OPC_GABA_AC_like_tumor,IDH_Mutant,tumor,1.0,0.8930651334301924,0.8930651334301924,2.9745111319393667,0.222,0.08,0.14200000000000002,1.0,1.0,1.0,2.445327706295491,1.0,4.0,0.0,0.0,0.0,0.0,0.0,0.0,,0.0,0.0,0.0,0.0,,6,0,1,1,3,6202,1012,352,742,352,0,0.0,1,0,1.0,tumor,growth,"Brennan et al., Cell 2013; Verhaak et al., Cancer Cell 2010",1,0.4492310586281425,0.12627835938884557,deg_pooled_log2fc=2.45 (+0.46); deg_n_celltypes_sig=4 (+0.28); deg_pct_diff=0.142 (+0.26),literature tier 1 (label)
409,MERTK,AC_like_tumor,IDH_WT,tumor,0.0,0.0,0.0,0.0,,,0.0,0.0,0.0,0.0,,0.0,1.0,0.0,0.0,0.0,0.0,0.0,0.0,,0.0,0.0,0.0,0.0,,1,0,1,1,1,72549,446,64812,108,108,0,0.0,0,0,,,,,0,0.44863438433250524,0.07918700161285779,cc_n_cells_e1=7.25e+04 (+0.18); cc_n_cells_e2=446 (+0.08); deg_pooled_log2fc=nan (+0.06),novel
410,SLITRK2,cycling_tumor,IDH_Mutant,tumor,1.0,5.80559623923372,5.80559623923372,8.628322959583064,0.206,0.004,0.20199999999999999,1.0,1.0,1.0,2.4674687064605023,1.0,1.0,1.0,0.0,1.0,0.0,0.0011930593981233,0.0011930593981233,0.0,1.0,1.0,0.0,1.0,1.0,1,1,0,1,1,6410,814,270,136,136,0,1.0,1,1,,,,,0,0.4485212150398752,0.03780365012852528,deg_pooled_log2fc=2.47 (+0.26); cc_n_cells_e1=6.41e+03 (+0.18); deg_log2fc=5.81 (+0.13),novel
411,CLDN11,OPC_GABA_like_tumor,IDH_Mutant,tumor,0.0,0.0,0.0,0.0,,,0.0,0.0,0.0,0.0,,0.0,0.0,0.0,0.0,0.0,0.0,0.0,0.0,,0.0,0.0,0.0,0.0,,2,1,1,1,1,6741,14114,1658,11741,1658,0,0.0,1,0,,,,,0,0.44776923522687506,0.14526138908201264,deg_n_celltypes_sig=0 (+0.41); cc_n_cells_e1=6.74e+03 (+0.19); cc_edges_total=2 (+0.10),novel
412,PDGFRA,OPC_GABA_AC_like_tumor,IDH_WT,tumor,1.0,4.321853541570501,4.321853541570501,101.86863129492527,0.298,0.019,0.27899999999999997,1.0,1.0,1.0,2.445327706295491,1.0,4.0,0.0,0.0,0.0,0.0,0.0,0.0,,0.0,0.0,0.0,0.0,,6,0,1,1,3,6202,1012,5384,171,171,0,0.0,0,0,1.0,tumor,growth,"Brennan et al., Cell 2013; Verhaak et al., Cancer Cell 2010",1,0.4471914637908111,0.12949416126570595,deg_pooled_log2fc=2.45 (+0.46); deg_n_celltypes_sig=4 (+0.29); deg_pct_diff=0.279 (+0.25),literature tier 1 (label)
413,TYROBP,OPC_GABA_like_tumor,IDH_WT,tumor,1.0,-2.0097468367970213,2.0097468367970213,7.3440244443724705,0.079,0.134,-0.05500000000000001,-1.0,1.0,1.0,-1.735676282906917,1.0,5.0,0.0,0.0,0.0,0.0,0.0,0.0,,0.0,0.0,0.0,0.0,,57,0,1,2,2,6741,14114,5040,1935,1935,0,-0.0,0,0,2.0,TAM_microglia,myeloid_bridge,TREM2 adaptor (pathway-level),0,0.44672621065241075,0.17059669475362815,cc_edges_total=57 (+1.11); cc_n_cells_e1=6.74e+03 (+0.23); deg_n_celltypes_sig=5 (+0.09),"literature gene, other compartment"
414,CNTN1,TAM1/TAM2/microglia,IDH_Mutant,TAM_microglia,0.0,0.0,0.0,0.0,,,0.0,0.0,0.0,0.0,,0.0,2.0,0.0,0.0,0.0,0.0,0.0,0.0,,0.0,0.0,0.0,0.0,,16,1,0,1,2,12086,25922,2106,21701,2106,0,0.0,1,0,2.0,tumor,neuron_tumor,Synaptic adhesion (pathway-level),0,0.44666920582744707,0.04688797224122816,cc_edges_total=16 (+1.07); cc_n_cells_e1=1.21e+04 (+0.26); cc_n_celltypes_total=2 (+0.07),"literature gene, other compartment"
415,MRC1,OPC_GABA_like_tumor,IDH_WT,tumor,0.0,0.0,0.0,0.0,,,0.0,0.0,0.0,0.0,,0.0,0.0,0.0,0.0,0.0,0.0,0.0,0.0,,0.0,0.0,0.0,0.0,,4,0,1,1,1,6741,14114,5040,1935,1935,0,0.0,0,0,,,,,0,0.4438828669333095,0.08305639513481321,deg_n_celltypes_sig=0 (+0.43); cc_n_cells_e1=6.74e+03 (+0.18); cc_n_celltypes_total=1 (+0.05),novel
416,CDH2,TAM1/TAM2/microglia,IDH_WT,TAM_microglia,0.0,0.0,0.0,0.0,,,0.0,0.0,0.0,0.0,,0.0,1.0,0.0,0.0,0.0,0.0,0.0,0.0,,0.0,0.0,0.0,0.0,,32,1,1,1,3,12086,25922,9696,2745,2745,0,0.0,0,0,,,,,0,0.4434872029886221,0.11701638749627728,cc_n_cells_e1=1.21e+04 (+0.24); cc_n_celltypes_total=3 (+0.08); deg_pooled_log2fc=nan (+0.03),novel
417,MDK,OPC_GABA_AC_like_tumor,IDH_WT,tumor,0.0,0.0,0.0,0.0,,,0.0,0.0,0.0,0.0,,0.0,2.0,0.0,0.0,0.0,0.0,0.0,0.0,,0.0,0.0,0.0,0.0,,28,1,0,1,1,6202,1012,5384,171,171,0,0.0,0,0,,,,,0,0.44338144071044877,0.05173379716706938,cc_n_cells_e1=6.2e+03 (+0.25); cc_n_celltypes_total=1 (+0.10); cc_n_cells_e2=1.01e+03 (+0.08),novel
418,MERTK,cycling_tumor,IDH_WT,tumor,0.0,0.0,0.0,0.0,,,0.0,0.0,0.0,0.0,,0.0,1.0,0.0,0.0,0.0,0.0,0.0,0.0,,0.0,0.0,0.0,0.0,,1,0,1,1,1,6410,814,5847,663,663,0,0.0,0,0,,,,,0,0.44287780297579643,0.07959009790322964,cc_n_cells_e1=6.41e+03 (+0.18); cc_n_cells_e2=814 (+0.08); deg_pooled_log2fc=nan (+0.06),novel
419,MDK,AC_like_tumor,IDH_WT,tumor,0.0,0.0,0.0,0.0,,,0.0,0.0,0.0,0.0,,0.0,2.0,0.0,0.0,0.0,0.0,0.0,0.0,,0.0,0.0,0.0,0.0,,28,1,0,1,1,72549,446,64812,108,108,0,0.0,0,0,,,,,0,0.4423157998852375,0.05031690376161452,cc_n_cells_e1=7.25e+04 (+0.24); cc_n_celltypes_total=1 (+0.10); cc_n_cells_e2=446 (+0.08),novel
420,CDH2,TAM1/TAM2/microglia,IDH_Mutant,TAM_microglia,0.0,0.0,0.0,0.0,,,0.0,0.0,0.0,0.0,,0.0,1.0,0.0,0.0,0.0,0.0,0.0,0.0,,0.0,0.0,0.0,0.0,,32,1,1,1,3,12086,25922,2106,21701,2106,0,0.0,1,0,,,,,0,0.44178561462226307,0.11464806899394885,cc_n_cells_e1=1.21e+04 (+0.24); cc_n_celltypes_total=3 (+0.08); deg_pooled_log2fc=nan (+0.03),novel
421,HAVCR2,OPC_GABA_AC_like_tumor,IDH_WT,tumor,0.0,0.0,0.0,0.0,,,0.0,0.0,0.0,0.0,,0.0,1.0,0.0,0.0,0.0,0.0,0.0,0.0,,0.0,0.0,0.0,0.0,,2,0,1,1,1,6202,1012,5384,171,171,0,0.0,0,0,1.0,T_cell,immune_synapse,"Kim et al., Clin Cancer Res 2017",0,0.44125453382323493,0.020517933221093746,cc_n_cells_e1=6.2e+03 (+0.19); cc_n_cells_e2=1.01e+03 (+0.08); deg_pooled_log2fc=nan (+0.06),"literature gene, other compartment"
422,PTGES2,AC_like_tumor,IDH_Mutant,tumor,1.0,1.0875593556585337,1.0875593556585337,2.558557645756527,0.177,0.083,0.09399999999999999,1.0,0.0,0.0,1.007974502288211,1.0,2.0,0.0,0.0,0.0,0.0,0.0,0.0,,0.0,0.0,0.0,0.0,,1,1,0,1,1,72549,446,4249,283,283,0,0.0,1,0,,,,,0,0.440173069779992,0.03016751991063138,cc_n_cells_e1=7.25e+04 (+0.20); deg_pct_diff=0.094 (+0.15); deg_log2fc=1.09 (+0.13),novel
423,MDK,cycling_tumor,IDH_WT,tumor,1.0,-0.411493642920383,0.411493642920383,11.40062959582873,0.312,0.152,0.16,-1.0,1.0,0.0,-0.3739503020192844,1.0,2.0,28.0,0.0,28.0,0.0,0.0180550672770162,0.0065825254786666745,0.0,1.0,7.0,7.0,28.0,1.0,28,1,0,1,1,6410,814,5847,663,663,0,-1.0,0,1,,,,,0,0.44006476826464747,0.09731906231357629,cc_n_partners=7 (+0.22); cc_n_cells_e1=6.41e+03 (+0.21); deg_pct_diff=0.16 (+0.15),novel
424,HAVCR2,AC_like_tumor,IDH_WT,tumor,0.0,0.0,0.0,0.0,,,0.0,0.0,0.0,0.0,,0.0,1.0,0.0,0.0,0.0,0.0,0.0,0.0,,0.0,0.0,0.0,0.0,,2,0,1,1,1,72549,446,64812,108,108,0,0.0,0,0,1.0,T_cell,immune_synapse,"Kim et al., Clin Cancer Res 2017",0,0.4393707128147484,0.020024565152373244,cc_n_cells_e1=7.25e+04 (+0.18); cc_n_cells_e2=446 (+0.08); deg_pooled_log2fc=nan (+0.06),"literature gene, other compartment"
425,KLRC2,OPC_GABA_like_tumor,IDH_WT,tumor,0.0,0.0,0.0,0.0,,,0.0,0.0,0.0,0.0,,0.0,0.0,0.0,6.0,6.0,0.0,0.0287367317117394,0.018077051350929785,0.0,1.0,4.0,5.0,6.0,1.0,6,0,1,1,1,6741,14114,5040,1935,1935,0,0.0,0,0,,,,,0,0.4381208863206976,0.10439442990935165,cc_n_partners=4 (+0.24); deg_n_celltypes_sig=0 (+0.23); cc_edges_e2=6 (+0.20),novel
426,CD99,OPC_GABA_like_tumor,IDH_Mutant,tumor,1.0,-4.965495413104343,4.965495413104343,300.0,0.032,0.467,-0.43500000000000005,-1.0,0.0,0.0,-2.7545762012994364,1.0,3.0,6.0,4.0,0.0,10.0,0.0094000310679316,0.00473842761049317,0.03,1.0,3.0,9.0,10.0,-1.0,86,1,1,1,4,6741,14114,1658,11741,1658,0,1.0,1,1,2.0,tumor,immune_synapse,Glioma invasion marker (limited functional data),1,0.43681193875517216,0.07169029122959678,cc_edges_total=86 (+1.15); cc_n_partners=3 (+0.48); cc_n_cells_e1=6.74e+03 (+0.22),literature tier 2 (label)
427,TNFRSF1A,OPC_GABA_AC_like_tumor,IDH_WT,tumor,0.0,0.0,0.0,0.0,,,0.0,0.0,0.0,0.0,,0.0,1.0,0.0,0.0,0.0,0.0,0.0,0.0,,0.0,0.0,0.0,0.0,,1,0,1,1,1,6202,1012,5384,171,171,0,0.0,0,0,,,,,0,0.43625549476300485,0.09082658148120422,cc_n_cells_e1=6.2e+03 (+0.19); cc_n_cells_e2=1.01e+03 (+0.08); deg_pooled_log2fc=nan (+0.06),novel
428,COL9A1,AC_like_tumor,IDH_Mutant,tumor,0.0,0.0,0.0,0.0,,,0.0,0.0,0.0,0.0,,0.0,0.0,0.0,0.0,0.0,0.0,0.0,0.0,,0.0,0.0,0.0,0.0,,5,1,0,1,1,72549,446,4249,283,283,0,0.0,1,0,,,,,0,0.4357721102042884,0.09827494490110886,deg_n_celltypes_sig=0 (+0.32); cc_n_cells_e1=7.25e+04 (+0.20); cc_n_cells_e2=446 (+0.08),novel
429,THY1,cycling_tumor,IDH_Mutant,tumor,1.0,5.287322438007705,5.287322438007705,17.07447583658411,0.338,0.007,0.331,1.0,1.0,1.0,2.0196759371826856,1.0,3.0,1.0,0.0,1.0,0.0,0.0141911373026763,0.0141911373026763,0.0,1.0,1.0,1.0,1.0,1.0,2,1,0,1,2,6410,814,270,136,136,0,1.0,1,1,,,,,0,0.4354117593799158,0.0742441774580312,deg_pooled_log2fc=2.02 (+0.27); cc_n_cells_e1=6.41e+03 (+0.23); deg_log2fc=5.29 (+0.14),novel
430,ROBO1,OPC_GABA_like_tumor,IDH_Mutant,tumor,1.0,1.2380361790727927,1.2380361790727927,59.073468799273066,0.439,0.238,0.201,1.0,1.0,1.0,1.9488059339044457,1.0,3.0,0.0,1.0,1.0,0.0,0.0026014314511136,0.0026014314511136,0.0,1.0,1.0,0.0,1.0,1.0,2,0,1,1,2,6741,14114,1658,11741,1658,0,1.0,1,1,,,,,0,0.43510848630293386,0.05629519363630477,deg_pooled_log2fc=1.95 (+0.26); cc_n_cells_e1=6.74e+03 (+0.21); deg_log2fc=1.24 (+0.14),novel
431,HAVCR2,cycling_tumor,IDH_WT,tumor,0.0,0.0,0.0,0.0,,,0.0,0.0,0.0,0.0,,0.0,1.0,0.0,0.0,0.0,0.0,0.0,0.0,,0.0,0.0,0.0,0.0,,2,0,1,1,1,6410,814,5847,663,663,0,0.0,0,0,1.0,T_cell,immune_synapse,"Kim et al., Clin Cancer Res 2017",0,0.4337912586752203,0.02443534030971881,cc_n_cells_e1=6.41e+03 (+0.18); cc_n_cells_e2=814 (+0.08); deg_pooled_log2fc=nan (+0.06),"literature gene, other compartment"
432,TNFRSF1A,OPC_GABA_AC_like_tumor,IDH_Mutant,tumor,0.0,0.0,0.0,0.0,,,0.0,0.0,0.0,0.0,,0.0,1.0,0.0,0.0,0.0,0.0,0.0,0.0,,0.0,0.0,0.0,0.0,,1,0,1,1,1,6202,1012,352,742,352,0,0.0,1,0,,,,,0,0.4337059943091358,0.09372288004089652,cc_n_cells_e1=6.2e+03 (+0.19); cc_n_cells_e2=1.01e+03 (+0.08); deg_pooled_log2fc=nan (+0.06),novel
433,CD99,AC_like_tumor,IDH_Mutant,tumor,1.0,-2.8581028430954847,2.8581028430954847,3.7843392613021116,0.131,0.266,-0.135,-1.0,0.0,0.0,,0.0,3.0,0.0,0.0,0.0,0.0,0.0,0.0,,0.0,0.0,0.0,0.0,,86,1,1,1,4,72549,446,4249,283,283,0,-0.0,1,0,2.0,tumor,immune_synapse,Glioma invasion marker (limited functional data),1,0.4337041098126767,0.04639976781207241,cc_edges_total=86 (+1.16); cc_n_cells_e1=7.25e+04 (+0.24); cc_n_celltypes_total=4 (+0.10),literature tier 2 (label)
434,ITGB8,OPC_GABA_AC_like_tumor,IDH_WT,tumor,0.0,0.0,0.0,0.0,,,0.0,0.0,0.0,0.0,,0.0,0.0,0.0,0.0,0.0,0.0,0.0,0.0,,0.0,0.0,0.0,0.0,,3,0,1,1,2,6202,1012,5384,171,171,0,0.0,0,0,,,,,0,0.4333988110132115,0.12397759862427389,deg_n_celltypes_sig=0 (+0.43); cc_n_cells_e1=6.2e+03 (+0.21); cc_n_cells_e2=1.01e+03 (+0.08),novel
435,GLS,OPC_GABA_like_tumor,IDH_Mutant,tumor,0.0,0.0,0.0,0.0,,,0.0,0.0,0.0,0.0,,0.0,2.0,0.0,0.0,0.0,0.0,0.0,0.0,,0.0,0.0,0.0,0.0,,39,1,0,1,2,6741,14114,1658,11741,1658,0,0.0,1,0,,,,,0,0.4321658175708012,0.07467258265523301,cc_n_cells_e1=6.74e+03 (+0.26); cc_n_celltypes_total=2 (+0.08); deg_pooled_log2fc=nan (+0.04),novel
436,MIF,AC_like_tumor,IDH_WT,tumor,0.0,0.0,0.0,0.0,,,0.0,0.0,0.0,0.0,,0.0,3.0,12.0,0.0,6.0,6.0,0.0301326100099938,0.01579069311718281,0.0,1.0,2.0,12.0,12.0,0.0,66,1,0,1,6,72549,446,64812,108,108,0,0.0,0,0,1.0,tumor,myeloid_bridge,"Ghoochani et al., Oncotarget 2016",1,0.43196946708379447,0.10862679909730205,cc_edges_total=66 (+0.84); cc_n_partners=2 (+0.78); cc_n_cells_e1=7.25e+04 (+0.25),literature tier 1 (label)
437,COL9A1,OPC_GABA_AC_like_tumor,IDH_Mutant,tumor,0.0,0.0,0.0,0.0,,,0.0,0.0,0.0,0.0,,0.0,0.0,0.0,0.0,0.0,0.0,0.0,0.0,,0.0,0.0,0.0,0.0,,5,1,0,1,1,6202,1012,352,742,352,0,0.0,1,0,,,,,0,0.43171436584627776,0.10081622868983937,deg_n_celltypes_sig=0 (+0.30); cc_n_cells_e1=6.2e+03 (+0.21); cc_n_cells_e2=1.01e+03 (+0.08),novel
438,ITGB8,cycling_tumor,IDH_WT,tumor,0.0,0.0,0.0,0.0,,,0.0,0.0,0.0,0.0,,0.0,0.0,0.0,1.0,1.0,0.0,0.0013090159462151,0.0013090159462151,0.0,1.0,1.0,0.0,1.0,1.0,3,0,1,1,2,6410,814,5847,663,663,0,0.0,0,0,,,,,0,0.43164149224991527,0.12991730109381397,deg_n_celltypes_sig=0 (+0.43); cc_n_cells_e1=6.41e+03 (+0.21); cc_n_cells_e2=814 (+0.07),novel
439,ITGB8,AC_like_tumor,IDH_WT,tumor,0.0,0.0,0.0,0.0,,,0.0,0.0,0.0,0.0,,0.0,0.0,0.0,0.0,0.0,0.0,0.0,0.0,,0.0,0.0,0.0,0.0,,3,0,1,1,2,72549,446,64812,108,108,0,0.0,0,0,,,,,0,0.4315291123837902,0.12279003335375156,deg_n_celltypes_sig=0 (+0.44); cc_n_cells_e1=7.25e+04 (+0.21); cc_n_cells_e2=446 (+0.08),novel
440,PTGES3,AC_like_tumor,IDH_Mutant,tumor,0.0,0.0,0.0,0.0,,,0.0,0.0,0.0,0.0,,0.0,0.0,2.0,0.0,1.0,1.0,0.0074110138974112,0.0054116476705227,0.0,1.0,1.0,2.0,2.0,0.0,13,1,0,1,7,72549,446,4249,283,283,0,0.0,1,0,,,,,0,0.43151261496558835,0.06613322888680911,cc_edges_total=13 (+0.39); cc_n_cells_e1=7.25e+04 (+0.25); deg_n_celltypes_sig=0 (+0.23),novel
441,PTGES3,cycling_tumor,IDH_Mutant,tumor,0.0,0.0,0.0,0.0,,,0.0,0.0,0.0,0.0,,0.0,0.0,2.0,0.0,1.0,1.0,0.0142202862652484,0.0090526384523239,0.0,1.0,1.0,2.0,2.0,0.0,13,1,0,1,7,6410,814,270,136,136,0,0.0,1,0,,,,,0,0.43070545057690107,0.06556575593240137,cc_edges_total=13 (+0.39); cc_n_cells_e1=6.41e+03 (+0.24); deg_n_celltypes_sig=0 (+0.21),novel
442,HLA-DPB1,OPC_GABA_like_tumor,IDH_WT,tumor,0.0,0.0,0.0,0.0,,,0.0,0.0,0.0,0.0,,0.0,5.0,0.0,0.0,0.0,0.0,0.0,0.0,,0.0,0.0,0.0,0.0,,14,1,0,1,5,6741,14114,5040,1935,1935,0,0.0,0,0,,,,,0,0.4297181571857823,0.07945624170302715,cc_edges_total=14 (+0.48); cc_n_cells_e1=6.74e+03 (+0.27); deg_n_celltypes_sig=5 (+0.15),novel
443,TNFRSF1A,AC_like_tumor,IDH_WT,tumor,0.0,0.0,0.0,0.0,,,0.0,0.0,0.0,0.0,,0.0,1.0,0.0,0.0,0.0,0.0,0.0,0.0,,0.0,0.0,0.0,0.0,,1,0,1,1,1,72549,446,64812,108,108,0,0.0,0,0,,,,,0,0.4294980584651765,0.09224247535568648,cc_n_cells_e1=7.25e+04 (+0.18); cc_n_cells_e2=446 (+0.08); deg_pooled_log2fc=nan (+0.06),novel
444,TNFRSF1A,AC_like_tumor,IDH_Mutant,tumor,0.0,0.0,0.0,0.0,,,0.0,0.0,0.0,0.0,,0.0,1.0,0.0,0.0,0.0,0.0,0.0,0.0,,0.0,0.0,0.0,0.0,,1,0,1,1,1,72549,446,4249,283,283,0,0.0,1,0,,,,,0,0.4294980584651765,0.09224247535568648,cc_n_cells_e1=7.25e+04 (+0.18); cc_n_cells_e2=446 (+0.08); deg_pooled_log2fc=nan (+0.06),novel
445,SPP1,OPC_GABA_like_tumor,IDH_WT,tumor,1.0,-1.524564223802985,1.524564223802985,15.838803479491808,0.352,0.406,-0.05400000000000005,-1.0,1.0,1.0,-3.020977670875521,1.0,4.0,5.0,0.0,0.0,5.0,0.0085137702615473,0.0053990624157255595,0.0,1.0,4.0,3.0,5.0,-1.0,55,1,0,1,7,6741,14114,5040,1935,1935,0,1.0,0,1,1.0,TAM_microglia,myeloid_bridge,"Wei et al., J Clin Invest 2019",0,0.4294117976321628,0.06837306806729668,cc_edges_total=55 (+0.89); cc_n_partners=4 (+0.25); cc_n_cells_e1=6.74e+03 (+0.24),"literature gene, other compartment"
446,PTGES3,OPC_GABA_AC_like_tumor,IDH_Mutant,tumor,0.0,0.0,0.0,0.0,,,0.0,0.0,0.0,0.0,,0.0,0.0,2.0,0.0,1.0,1.0,0.0083171818782097,0.00599865319317245,0.0,1.0,1.0,2.0,2.0,0.0,13,1,0,1,7,6202,1012,352,742,352,0,0.0,1,0,,,,,0,0.42908530199533734,0.06562065841028221,cc_edges_total=13 (+0.39); cc_n_cells_e1=6.2e+03 (+0.24); deg_n_celltypes_sig=0 (+0.21),novel
447,TNFRSF1A,cycling_tumor,IDH_Mutant,tumor,0.0,0.0,0.0,0.0,,,0.0,0.0,0.0,0.0,,0.0,1.0,0.0,0.0,0.0,0.0,0.0,0.0,,0.0,0.0,0.0,0.0,,1,0,1,1,1,6410,814,270,136,136,0,0.0,1,0,,,,,0,0.42884764510075646,0.09306925294411203,cc_n_cells_e1=6.41e+03 (+0.18); cc_n_cells_e2=814 (+0.08); deg_pooled_log2fc=nan (+0.06),novel
448,PILRA,TAM1/TAM2/microglia,IDH_WT,TAM_microglia,0.0,0.0,0.0,0.0,,,0.0,0.0,0.0,0.0,,0.0,0.0,0.0,7.0,7.0,0.0,0.0082024937284372,0.0036620741932491857,0.0,1.0,4.0,5.0,7.0,1.0,7,0,1,1,1,12086,25922,9696,2745,2745,0,0.0,0,0,,,,,0,0.42687898362496063,0.04728029271616505,cc_n_partners=4 (+0.25); deg_n_celltypes_sig=0 (+0.23); cc_edges_e2=7 (+0.21),novel
449,HAVCR2,TAM1/TAM2/microglia,IDH_WT,TAM_microglia,1.0,0.9651001381198132,0.9651001381198132,108.82802450474641,0.546,0.331,0.21500000000000002,1.0,1.0,1.0,1.1433285772866246,1.0,1.0,0.0,2.0,1.0,1.0,0.0101934918944621,0.00658942667833445,0.0,1.0,1.0,0.0,2.0,0.0,2,0,1,1,1,12086,25922,9696,2745,2745,0,0.0,0,1,1.0,T_cell,immune_synapse,"Kim et al., Clin Cancer Res 2017",0,0.4260523771406011,0.06426360128614343,cc_n_cells_e1=1.21e+04 (+0.17); deg_pct_diff=0.215 (+0.12); deg_log2fc=0.965 (+0.12),"literature gene, other compartment"
450,MRC1,OPC_GABA_like_tumor,IDH_Mutant,tumor,0.0,0.0,0.0,0.0,,,0.0,0.0,0.0,0.0,,0.0,0.0,0.0,0.0,0.0,0.0,0.0,0.0,,0.0,0.0,0.0,0.0,,4,0,1,1,1,6741,14114,1658,11741,1658,0,0.0,1,0,,,,,0,0.4259508866418596,0.07498715452153545,deg_n_celltypes_sig=0 (+0.39); cc_n_cells_e1=6.74e+03 (+0.18); deg_pooled_log2fc=nan (+0.05),novel
451,MIF,OPC_GABA_AC_like_tumor,IDH_WT,tumor,1.0,0.8205378996943107,0.8205378996943107,2.5517273503598554,0.468,0.264,0.20400000000000001,1.0,0.0,0.0,0.6652176027471779,1.0,3.0,12.0,0.0,6.0,6.0,0.0397126271796259,0.020401029579696084,0.0,1.0,2.0,12.0,12.0,0.0,66,1,0,1,6,6202,1012,5384,171,171,0,0.0,0,1,1.0,tumor,myeloid_bridge,"Ghoochani et al., Oncotarget 2016",1,0.42587442227971994,0.118453661807498,cc_edges_total=66 (+0.87); cc_n_partners=2 (+0.80); cc_n_cells_e1=6.2e+03 (+0.23),literature tier 1 (label)
452,TNFRSF1A,cycling_tumor,IDH_WT,tumor,0.0,0.0,0.0,0.0,,,0.0,0.0,0.0,0.0,,0.0,1.0,0.0,0.0,0.0,0.0,0.0,0.0,,0.0,0.0,0.0,0.0,,1,0,1,1,1,6410,814,5847,663,663,0,0.0,0,0,,,,,0,0.42544219453273496,0.09344195481065769,cc_n_cells_e1=6.41e+03 (+0.18); cc_n_cells_e2=814 (+0.08); deg_pooled_log2fc=nan (+0.06),novel
453,TYROBP,OPC_GABA_like_tumor,IDH_Mutant,tumor,1.0,-1.7901404802287604,1.7901404802287604,17.353977302000875,0.108,0.185,-0.077,-1.0,1.0,1.0,-1.735676282906917,1.0,6.0,0.0,0.0,0.0,0.0,0.0,0.0,,0.0,0.0,0.0,0.0,,57,0,1,2,2,6741,14114,1658,11741,1658,0,-0.0,1,0,2.0,TAM_microglia,myeloid_bridge,TREM2 adaptor (pathway-level),0,0.4252185003839424,0.1613159109190005,cc_edges_total=57 (+1.10); cc_n_cells_e1=6.74e+03 (+0.23); cc_n_celltypes_total=2 (+0.09),"literature gene, other compartment"
454,HLA-DRA,TAM1/TAM2/microglia,IDH_Mutant,TAM_microglia,1.0,-1.3040264341078671,1.3040264341078671,300.0,0.929,0.979,-0.04999999999999993,-1.0,0.0,0.0,-0.9765472398250256,1.0,5.0,4.0,0.0,2.0,2.0,0.0431531889546866,0.02156299090804295,0.0,1.0,1.0,0.0,4.0,0.0,20,1,0,1,7,12086,25922,2106,21701,2106,0,-0.0,1,1,2.0,TAM_microglia,immune_synapse,MHC-II antigen presentation (pathway-level),1,0.4252038587270901,0.08323981453356638,cc_edges_total=20 (+0.85); cc_n_cells_e1=1.21e+04 (+0.27); cc_edges_e2=2 (+0.25),literature tier 2 (label)
455,PTN,T cell,IDH_WT,T_cell,1.0,1.3269534362612545,1.3269534362612545,16.507693913022326,0.333,0.184,0.14900000000000002,1.0,0.0,0.0,1.5663569147652017,1.0,3.0,2.0,0.0,2.0,0.0,0.0410665978377485,0.0213998994445401,0.0,1.0,2.0,2.0,2.0,1.0,137,1,0,1,7,2662,1463,1681,1118,1118,0,1.0,0,1,1.0,TAM_microglia,myeloid_bridge,"Shi et al., Cell Stem Cell 2017",0,0.4248712535271257,0.060436078809274325,cc_n_partners=2 (+0.90); cc_edges_total=137 (+0.82); deg_pooled_log2fc=1.57 (+0.38),"literature gene, other compartment"
456,ITGB1,cycling_tumor,IDH_Mutant,tumor,0.0,0.0,0.0,0.0,,,0.0,0.0,0.0,0.0,,0.0,1.0,0.0,12.0,12.0,0.0,0.029255088299547,0.01293040491931679,0.0,2.0,7.0,5.0,12.0,1.0,36,0,1,2,3,6410,814,270,136,136,0,0.0,1,0,,,,,0,0.4243543336891227,0.10757284206963183,cc_n_cells_e1=6.41e+03 (+0.21); cc_n_partners=7 (+0.16); cc_n_celltypes_total=3 (+0.14),novel
457,HLA-DPB1,TAM1/TAM2/microglia,IDH_Mutant,TAM_microglia,1.0,-1.892655573057629,1.892655573057629,300.0,0.692,0.928,-0.2360000000000001,-1.0,1.0,1.0,-1.4002956125942698,1.0,5.0,4.0,0.0,2.0,2.0,0.0313832325589142,0.013363812357826549,0.0,1.0,1.0,0.0,4.0,0.0,14,1,0,1,5,12086,25922,2106,21701,2106,0,-0.0,1,1,,,,,0,0.4232846134774686,0.10467147949100103,cc_edges_total=14 (+0.48); cc_edges_e2=2 (+0.28); cc_n_cells_e1=1.21e+04 (+0.25),novel
458,ITGB1,AC_like_tumor,IDH_Mutant,tumor,0.0,0.0,0.0,0.0,,,0.0,0.0,0.0,0.0,,0.0,1.0,0.0,0.0,0.0,0.0,0.0,0.0,,0.0,0.0,0.0,0.0,,36,0,1,2,3,72549,446,4249,283,283,0,0.0,1,0,,,,,0,0.42327322919108373,0.07724193277217363,cc_n_cells_e1=7.25e+04 (+0.22); cc_n_celltypes_total=3 (+0.10); cc_n_cells_e2=446 (+0.08),novel
459,ITGB1,OPC_GABA_AC_like_tumor,IDH_Mutant,tumor,0.0,0.0,0.0,0.0,,,0.0,0.0,0.0,0.0,,0.0,1.0,0.0,0.0,0.0,0.0,0.0,0.0,,0.0,0.0,0.0,0.0,,36,0,1,2,3,6202,1012,352,742,352,0,0.0,1,0,,,,,0,0.4226490083372788,0.07814303804325001,cc_n_cells_e1=6.2e+03 (+0.23); cc_n_celltypes_total=3 (+0.10); cc_n_cells_e2=1.01e+03 (+0.08),novel
460,MDK,OPC_GABA_like_tumor,IDH_WT,tumor,1.0,0.4880890728665839,0.4880890728665839,54.96951463507859,0.306,0.125,0.181,1.0,0.0,0.0,,0.0,2.0,0.0,0.0,0.0,0.0,0.0,0.0,,0.0,0.0,0.0,0.0,,28,1,0,1,1,6741,14114,5040,1935,1935,0,0.0,0,0,,,,,0,0.42099593179699574,0.061630166733036354,cc_n_cells_e1=6.74e+03 (+0.23); deg_pct_diff=0.181 (+0.14); deg_pct_e1=0.125 (+0.09),novel
461,ITGB1,TAM1/TAM2/microglia,IDH_WT,TAM_microglia,0.0,0.0,0.0,0.0,,,0.0,0.0,0.0,0.0,,0.0,2.0,0.0,12.0,12.0,0.0,0.0342673920775937,0.01516661356754101,0.0,2.0,7.0,10.0,12.0,1.0,36,0,1,2,3,12086,25922,9696,2745,2745,0,0.0,0,0,,,,,0,0.4201357365462982,0.08603824410254872,cc_n_partners=7 (+0.24); cc_n_cells_e1=1.21e+04 (+0.23); cc_n_celltypes_total=3 (+0.12),novel
462,CADM1,TAM1/TAM2/microglia,IDH_Mutant,TAM_microglia,0.0,0.0,0.0,0.0,,,0.0,0.0,0.0,0.0,,0.0,2.0,0.0,0.0,0.0,0.0,0.0,0.0,,0.0,0.0,0.0,0.0,,32,1,1,1,3,12086,25922,2106,21701,2106,0,0.0,1,0,,,,,0,0.41885177055476974,0.08258076105932634,cc_n_cells_e1=1.21e+04 (+0.26); cc_n_celltypes_total=3 (+0.09); deg_pooled_log2fc=nan (+0.03),novel
463,MIF,TAM1/TAM2/microglia,IDH_Mutant,TAM_microglia,1.0,-0.5368933237581076,0.5368933237581076,11.671983520987483,0.126,0.191,-0.065,-1.0,1.0,1.0,-2.387004410374148,1.0,4.0,6.0,0.0,0.0,6.0,0.0301801420527412,0.016768099215291734,0.0,1.0,2.0,4.0,6.0,-1.0,66,1,0,1,6,12086,25922,2106,21701,2106,0,1.0,1,1,1.0,tumor,myeloid_bridge,"Ghoochani et al., Oncotarget 2016",0,0.41836463774941735,0.0809979258846678,cc_edges_total=66 (+0.94); cc_n_partners=2 (+0.82); cc_n_cells_e1=1.21e+04 (+0.23),"literature gene, other compartment"
464,SLC1A3,OPC_GABA_like_tumor,IDH_WT,tumor,0.0,0.0,0.0,0.0,,,0.0,0.0,0.0,0.0,,0.0,2.0,0.0,0.0,0.0,0.0,0.0,0.0,,0.0,0.0,0.0,0.0,,26,1,0,1,2,6741,14114,5040,1935,1935,0,0.0,0,0,,,,,0,0.4182627397444675,0.06346886512198378,cc_n_cells_e1=6.74e+03 (+0.26); cc_n_celltypes_total=2 (+0.09); deg_pooled_log2fc=nan (+0.04),novel
465,GRIA3,OPC_GABA_like_tumor,IDH_Mutant,tumor,0.0,0.0,0.0,0.0,,,0.0,0.0,0.0,0.0,,0.0,2.0,0.0,3.0,3.0,0.0,0.0082709493177436,0.003973284274476866,0.0,1.0,2.0,1.0,3.0,1.0,6,0,1,1,2,6741,14114,1658,11741,1658,0,0.0,1,0,2.0,tumor,neuron_tumor,"AMPAR subunit family; Venkatesh et al., Nature 2019",1,0.415956352694102,0.07736355102742248,cc_n_partners=2 (+0.84); cc_edges_e2=3 (+0.24); cc_n_cells_e1=6.74e+03 (+0.22),literature tier 2 (label)
466,GRIA2,OPC_GABA_AC_like_tumor,IDH_Mutant,tumor,1.0,1.0039010485398163,1.0039010485398163,3.086937256619465,0.276,0.119,0.15700000000000003,1.0,0.0,0.0,2.0500061429439427,1.0,4.0,0.0,0.0,0.0,0.0,0.0,0.0,,0.0,0.0,0.0,0.0,,12,0,1,1,3,6202,1012,352,742,352,0,0.0,1,0,1.0,tumor,neuron_tumor,"Venkatesh et al., Nature 2019; Venkataramani et al., Nature 2019",1,0.41552841344003666,0.04141601564293724,deg_pooled_log2fc=2.05 (+0.46); deg_n_celltypes_sig=4 (+0.28); cc_n_cells_e1=6.2e+03 (+0.24),literature tier 1 (label)
467,ITGB1,OPC_GABA_AC_like_tumor,IDH_WT,tumor,0.0,0.0,0.0,0.0,,,0.0,0.0,0.0,0.0,,0.0,2.0,0.0,0.0,0.0,0.0,0.0,0.0,,0.0,0.0,0.0,0.0,,36,0,1,2,3,6202,1012,5384,171,171,0,0.0,0,0,,,,,0,0.41504117148944497,0.07207308495780801,cc_n_cells_e1=6.2e+03 (+0.26); cc_n_celltypes_total=3 (+0.10); cc_n_cells_e2=1.01e+03 (+0.08),novel
468,TNF,TAM1/TAM2/microglia,IDH_WT,TAM_microglia,1.0,1.3848520706951286,1.3848520706951286,103.47837557536793,0.332,0.146,0.18600000000000003,1.0,1.0,1.0,1.9618168414402013,1.0,1.0,3.0,0.0,3.0,0.0,0.0066747111237441,0.005627865693459934,0.0,1.0,1.0,0.0,3.0,1.0,3,1,0,1,1,12086,25922,9696,2745,2745,0,1.0,0,1,,,,,0,0.4140457924250615,0.12850557395491888,deg_pooled_log2fc=1.96 (+0.33); cc_edges_e2=3 (+0.25); cc_n_cells_e1=1.21e+04 (+0.19),novel
469,SLIT1,OPC_GABA_AC_like_tumor,IDH_Mutant,tumor,0.0,0.0,0.0,0.0,,,0.0,0.0,0.0,0.0,,0.0,3.0,0.0,0.0,0.0,0.0,0.0,0.0,,0.0,0.0,0.0,0.0,,2,1,0,1,1,6202,1012,352,742,352,0,0.0,1,0,,,,,0,0.4140232860156322,0.037449251696144374,cc_n_cells_e1=6.2e+03 (+0.23); cc_n_cells_e2=1.01e+03 (+0.08); deg_pooled_log2fc=nan (+0.06),novel
470,C3AR1,TAM1/TAM2/microglia,IDH_WT,TAM_microglia,1.0,0.8191693115065118,0.8191693115065118,93.9981608544624,0.574,0.363,0.21099999999999997,1.0,1.0,1.0,1.4998452390535073,1.0,1.0,0.0,4.0,2.0,2.0,0.0977093082783739,0.05098393546440895,0.0,1.0,1.0,0.0,4.0,0.0,4,0,1,1,1,12086,25922,9696,2745,2745,0,0.0,0,1,,,,,0,0.4133844877185357,0.05716733556026844,deg_pooled_log2fc=1.5 (+0.28); cc_edges_e2=2 (+0.23); cc_n_cells_e1=1.21e+04 (+0.18),novel
471,MERTK,cycling_tumor,IDH_Mutant,tumor,0.0,0.0,0.0,0.0,,,0.0,0.0,0.0,0.0,,0.0,2.0,0.0,0.0,0.0,0.0,0.0,0.0,,0.0,0.0,0.0,0.0,,1,0,1,1,1,6410,814,270,136,136,0,0.0,1,0,,,,,0,0.41272367542626753,0.08050486003499675,cc_n_cells_e1=6.41e+03 (+0.20); cc_n_cells_e2=814 (+0.08); deg_pooled_log2fc=nan (+0.06),novel
472,GAS6,OPC_GABA_AC_like_tumor,IDH_WT,tumor,0.0,0.0,0.0,0.0,,,0.0,0.0,0.0,0.0,,0.0,1.0,0.0,0.0,0.0,0.0,0.0,0.0,,0.0,0.0,0.0,0.0,,2,1,0,1,1,6202,1012,5384,171,171,0,0.0,0,0,,,,,0,0.4125332746751596,0.10811744950126752,cc_n_cells_e1=6.2e+03 (+0.20); cc_n_cells_e2=1.01e+03 (+0.08); deg_pooled_log2fc=nan (+0.06),novel
473,TNF,TAM1/TAM2/microglia,IDH_Mutant,TAM_microglia,1.0,1.3132675410875527,1.3132675410875527,80.4831079865942,0.506,0.299,0.20700000000000002,1.0,1.0,1.0,1.9618168414402013,1.0,1.0,3.0,0.0,3.0,0.0,0.0066747111237441,0.005627865693459934,0.0,1.0,1.0,0.0,3.0,1.0,3,1,0,1,1,12086,25922,2106,21701,2106,0,1.0,1,1,,,,,0,0.41249617958351986,0.1340985547901864,deg_pooled_log2fc=1.96 (+0.33); cc_edges_e2=3 (+0.24); cc_n_cells_e1=1.21e+04 (+0.19),novel
474,ITGB1,AC_like_tumor,IDH_WT,tumor,0.0,0.0,0.0,0.0,,,0.0,0.0,0.0,0.0,,0.0,2.0,0.0,0.0,0.0,0.0,0.0,0.0,,0.0,0.0,0.0,0.0,,36,0,1,2,3,72549,446,64812,108,108,0,0.0,0,0,,,,,0,0.41238019726446956,0.07223832758926443,cc_n_cells_e1=7.25e+04 (+0.25); cc_n_celltypes_total=3 (+0.10); cc_n_cells_e2=446 (+0.08),novel
475,SPP1,OPC_GABA_AC_like_tumor,IDH_Mutant,tumor,1.0,-4.330442522087505,4.330442522087505,31.423975934425094,0.035,0.295,-0.26,-1.0,1.0,1.0,-3.560459158584305,1.0,4.0,5.0,0.0,0.0,5.0,0.0112397372446153,0.0071331209569268,0.0,1.0,4.0,3.0,5.0,-1.0,55,1,0,1,7,6202,1012,352,742,352,0,1.0,1,1,1.0,TAM_microglia,myeloid_bridge,"Wei et al., J Clin Invest 2019",0,0.41228414957472365,0.04357230186335228,cc_edges_total=55 (+0.87); cc_n_cells_e1=6.2e+03 (+0.24); cc_n_partners=4 (+0.23),"literature gene, other compartment"
476,MERTK,OPC_GABA_AC_like_tumor,IDH_Mutant,tumor,0.0,0.0,0.0,0.0,,,0.0,0.0,0.0,0.0,,0.0,2.0,0.0,0.0,0.0,0.0,0.0,0.0,,0.0,0.0,0.0,0.0,,1,0,1,1,1,6202,1012,352,742,352,0,0.0,1,0,,,,,0,0.41175404243684943,0.08003318968511375,cc_n_cells_e1=6.2e+03 (+0.21); cc_n_cells_e2=1.01e+03 (+0.08); deg_pooled_log2fc=nan (+0.06),novel
477,CLDN11,TAM1/TAM2/microglia,IDH_Mutant,TAM_microglia,0.0,0.0,0.0,0.0,,,0.0,0.0,0.0,0.0,,0.0,0.0,0.0,0.0,0.0,0.0,0.0,0.0,,0.0,0.0,0.0,0.0,,2,1,1,1,1,12086,25922,2106,21701,2106,0,0.0,1,0,,,,,0,0.4116211766518688,0.15544259882303874,deg_n_celltypes_sig=0 (+0.42); cc_n_cells_e1=1.21e+04 (+0.20); cc_edges_total=2 (+0.10),novel
478,ITGB1,TAM1/TAM2/microglia,IDH_Mutant,TAM_microglia,0.0,0.0,0.0,0.0,,,0.0,0.0,0.0,0.0,,0.0,1.0,0.0,12.0,12.0,0.0,0.0342673920775937,0.01516661356754101,0.0,2.0,7.0,10.0,12.0,1.0,36,0,1,2,3,12086,25922,2106,21701,2106,0,0.0,1,0,,,,,0,0.4107500910173309,0.0939981629234805,cc_n_cells_e1=1.21e+04 (+0.21); cc_n_partners=7 (+0.18); cc_n_celltypes_total=3 (+0.12),novel
479,MERTK,AC_like_tumor,IDH_Mutant,tumor,0.0,0.0,0.0,0.0,,,0.0,0.0,0.0,0.0,,0.0,2.0,0.0,0.0,0.0,0.0,0.0,0.0,,0.0,0.0,0.0,0.0,,1,0,1,1,1,72549,446,4249,283,283,0,0.0,1,0,,,,,0,0.4107429303905551,0.07909612790053379,cc_n_cells_e1=7.25e+04 (+0.20); cc_n_cells_e2=446 (+0.08); deg_pooled_log2fc=nan (+0.06),novel
480,SLIT1,OPC_GABA_AC_like_tumor,IDH_WT,tumor,0.0,0.0,0.0,0.0,,,0.0,0.0,0.0,0.0,,0.0,2.0,0.0,0.0,0.0,0.0,0.0,0.0,,0.0,0.0,0.0,0.0,,2,1,0,1,1,6202,1012,5384,171,171,0,0.0,0,0,,,,,0,0.41046623393419923,0.03742199890705465,cc_n_cells_e1=6.2e+03 (+0.23); cc_n_cells_e2=1.01e+03 (+0.08); deg_pooled_log2fc=nan (+0.06),novel
481,GAS6,AC_like_tumor,IDH_WT,tumor,0.0,0.0,0.0,0.0,,,0.0,0.0,0.0,0.0,,0.0,1.0,0.0,0.0,0.0,0.0,0.0,0.0,,0.0,0.0,0.0,0.0,,2,1,0,1,1,72549,446,64812,108,108,0,0.0,0,0,,,,,0,0.41021750034497684,0.1076446050169537,cc_n_cells_e1=7.25e+04 (+0.19); cc_n_cells_e2=446 (+0.08); deg_pooled_log2fc=nan (+0.06),novel
482,SLIT1,AC_like_tumor,IDH_WT,tumor,0.0,0.0,0.0,0.0,,,0.0,0.0,0.0,0.0,,0.0,2.0,0.0,0.0,0.0,0.0,0.0,0.0,,0.0,0.0,0.0,0.0,,2,1,0,1,1,72549,446,64812,108,108,0,0.0,0,0,,,,,0,0.4100244522681654,0.039045015238255466,cc_n_cells_e1=7.25e+04 (+0.22); cc_n_cells_e2=446 (+0.08); deg_pooled_log2fc=nan (+0.06),novel
483,MDK,OPC_GABA_like_tumor,IDH_Mutant,tumor,0.0,0.0,0.0,0.0,,,0.0,0.0,0.0,0.0,,0.0,1.0,0.0,0.0,0.0,0.0,0.0,0.0,,0.0,0.0,0.0,0.0,,28,1,0,1,1,6741,14114,1658,11741,1658,0,0.0,1,0,,,,,0,0.40983316668629743,0.04982886235930056,cc_n_cells_e1=6.74e+03 (+0.22); cc_n_celltypes_total=1 (+0.10); deg_pooled_log2fc=nan (+0.04),novel
484,GAS6,cycling_tumor,IDH_WT,tumor,0.0,0.0,0.0,0.0,,,0.0,0.0,0.0,0.0,,0.0,1.0,0.0,0.0,0.0,0.0,0.0,0.0,,0.0,0.0,0.0,0.0,,2,1,0,1,1,6410,814,5847,663,663,0,0.0,0,0,,,,,0,0.4094348635063896,0.10770382698720535,cc_n_cells_e1=6.41e+03 (+0.19); cc_n_cells_e2=814 (+0.08); deg_pooled_log2fc=nan (+0.06),novel
485,CLSTN1,AC_like_tumor,IDH_Mutant,tumor,0.0,0.0,0.0,0.0,,,0.0,0.0,0.0,0.0,,0.0,1.0,0.0,0.0,0.0,0.0,0.0,0.0,,0.0,0.0,0.0,0.0,,12,0,1,1,2,72549,446,4249,283,283,0,0.0,1,0,,,,,0,0.40768906574636166,0.03694284078966047,cc_n_cells_e1=7.25e+04 (+0.22); cc_n_cells_e2=446 (+0.08); cc_n_celltypes_total=2 (+0.06),novel
486,GLS,OPC_GABA_like_tumor,IDH_WT,tumor,1.0,1.189970242600572,1.189970242600572,125.73392048350394,0.332,0.087,0.24500000000000002,1.0,0.0,0.0,0.5942774403272952,1.0,3.0,0.0,0.0,0.0,0.0,0.0,0.0,,0.0,0.0,0.0,0.0,,39,1,0,1,2,6741,14114,5040,1935,1935,0,0.0,0,0,,,,,0,0.4069336950489858,0.08333889306089723,cc_n_cells_e1=6.74e+03 (+0.24); deg_pct_diff=0.245 (+0.15); deg_log2fc=1.19 (+0.09),novel
487,FPR1,TAM1/TAM2/microglia,IDH_Mutant,TAM_microglia,1.0,0.6963076000213524,0.6963076000213524,39.53221449842776,0.511,0.367,0.14400000000000002,1.0,1.0,1.0,0.6383606487062171,1.0,2.0,0.0,10.0,5.0,5.0,0.0086008858847479,0.00602697727173577,0.0,1.0,4.0,8.0,10.0,0.0,10,0,1,1,1,12086,25922,2106,21701,2106,0,0.0,1,1,,,,,0,0.4050215605231684,0.0464658158892866,cc_n_partners=4 (+0.35); cc_edges_e2=5 (+0.23); deg_pct_diff=0.144 (+0.19),novel
488,TGFBR1,TAM1/TAM2/microglia,IDH_Mutant,TAM_microglia,1.0,1.1879902171924317,1.1879902171924317,57.04143479649057,0.418,0.247,0.17099999999999999,1.0,1.0,1.0,1.00198735485986,1.0,2.0,0.0,4.0,2.0,2.0,0.0050238491740621,0.003124057670555575,0.0,1.0,1.0,0.0,4.0,0.0,4,0,1,1,1,12086,25922,2106,21701,2106,0,0.0,1,1,,,,,0,0.40493891717311054,0.1510807549799476,cc_edges_e2=2 (+0.24); cc_n_cells_e1=1.21e+04 (+0.19); deg_pct_diff=0.171 (+0.16),novel
489,MIF,OPC_GABA_like_tumor,IDH_WT,tumor,1.0,0.5105359474324811,0.5105359474324811,99.86773086790213,0.726,0.335,0.39099999999999996,1.0,1.0,1.0,0.3824996223615886,1.0,3.0,12.0,0.0,6.0,6.0,0.07070325655545,0.027424934791117333,0.0,1.0,2.0,12.0,12.0,0.0,66,1,0,1,6,6741,14114,5040,1935,1935,0,0.0,0,1,1.0,tumor,myeloid_bridge,"Ghoochani et al., Oncotarget 2016",1,0.40456172471225915,0.13034906950195077,cc_edges_total=66 (+0.88); cc_n_partners=2 (+0.82); cc_edges_e2=6 (+0.24),literature tier 1 (label)
490,MERTK,OPC_GABA_like_tumor,IDH_WT,tumor,0.0,0.0,0.0,0.0,,,0.0,0.0,0.0,0.0,,0.0,1.0,0.0,0.0,0.0,0.0,0.0,0.0,,0.0,0.0,0.0,0.0,,1,0,1,1,1,6741,14114,5040,1935,1935,0,0.0,0,0,,,,,0,0.4041096377109499,0.08213806422689603,cc_n_cells_e1=6.74e+03 (+0.18); deg_pooled_log2fc=nan (+0.06); cc_n_celltypes_total=1 (+0.05),novel
491,PTGES3,OPC_GABA_like_tumor,IDH_WT,tumor,1.0,0.5399867921172341,0.5399867921172341,98.23142148732953,0.84,0.427,0.413,1.0,0.0,0.0,,0.0,3.0,2.0,0.0,1.0,1.0,0.0101086430064245,0.0067944103372843,0.0,1.0,1.0,2.0,2.0,0.0,13,1,0,1,7,6741,14114,5040,1935,1935,0,0.0,0,1,,,,,0,0.4039246860493598,0.12838979656041807,cc_edges_total=13 (+0.46); cc_n_cells_e1=6.74e+03 (+0.25); deg_pct_diff=0.413 (+0.18),novel
492,HAVCR2,OPC_GABA_like_tumor,IDH_WT,tumor,0.0,0.0,0.0,0.0,,,0.0,0.0,0.0,0.0,,0.0,1.0,0.0,0.0,0.0,0.0,0.0,0.0,,0.0,0.0,0.0,0.0,,2,0,1,1,1,6741,14114,5040,1935,1935,0,0.0,0,0,1.0,T_cell,immune_synapse,"Kim et al., Clin Cancer Res 2017",0,0.40385816529425356,0.02340289133259609,cc_n_cells_e1=6.74e+03 (+0.18); deg_pooled_log2fc=nan (+0.06); cc_n_celltypes_total=1 (+0.05),"literature gene, other compartment"
493,TGFBR1,TAM1/TAM2/microglia,IDH_WT,TAM_microglia,1.0,0.7085082473982679,0.7085082473982679,53.24782227465695,0.412,0.256,0.15599999999999997,1.0,1.0,1.0,1.00198735485986,1.0,2.0,0.0,4.0,2.0,2.0,0.0050238491740621,0.003124057670555575,0.0,1.0,1.0,0.0,4.0,0.0,4,0,1,1,1,12086,25922,9696,2745,2745,0,0.0,0,1,,,,,0,0.40382579215015635,0.14253983963856823,cc_edges_e2=2 (+0.24); cc_n_cells_e1=1.21e+04 (+0.20); deg_pct_diff=0.156 (+0.16),novel
494,ITGB8,OPC_GABA_like_tumor,IDH_WT,tumor,0.0,0.0,0.0,0.0,,,0.0,0.0,0.0,0.0,,0.0,0.0,0.0,2.0,1.0,1.0,0.001639426134793,0.0013962872285488,0.0,1.0,1.0,0.0,2.0,0.0,3,0,1,1,2,6741,14114,5040,1935,1935,0,0.0,0,0,,,,,0,0.403242681858051,0.1331592871449148,deg_n_celltypes_sig=0 (+0.43); cc_n_cells_e1=6.74e+03 (+0.21); deg_pooled_log2fc=nan (+0.05),novel
495,CLSTN1,OPC_GABA_AC_like_tumor,IDH_Mutant,tumor,0.0,0.0,0.0,0.0,,,0.0,0.0,0.0,0.0,,0.0,1.0,0.0,0.0,0.0,0.0,0.0,0.0,,0.0,0.0,0.0,0.0,,12,0,1,1,2,6202,1012,352,742,352,0,0.0,1,0,,,,,0,0.40264347927202815,0.03158834418805321,cc_n_cells_e1=6.2e+03 (+0.22); cc_n_cells_e2=1.01e+03 (+0.08); cc_n_celltypes_total=2 (+0.06),novel
496,MIF,cycling_tumor,IDH_WT,tumor,0.0,0.0,0.0,0.0,,,0.0,0.0,0.0,0.0,,0.0,3.0,12.0,0.0,6.0,6.0,0.0917041673934359,0.03640828598905308,0.0,1.0,2.0,12.0,12.0,0.0,66,1,0,1,6,6410,814,5847,663,663,0,0.0,0,0,1.0,tumor,myeloid_bridge,"Ghoochani et al., Oncotarget 2016",1,0.40160345914266243,0.10434071064192345,cc_edges_total=66 (+0.83); cc_n_partners=2 (+0.78); cc_n_cells_e1=6.41e+03 (+0.25),literature tier 1 (label)
497,PTGES2,cycling_tumor,IDH_WT,tumor,1.0,0.91692452860917,0.91692452860917,108.21754135330681,0.341,0.062,0.279,1.0,0.0,0.0,0.7845764451819432,1.0,2.0,1.0,0.0,1.0,0.0,0.0010258920066067,0.0010258920066067,0.0,1.0,1.0,1.0,1.0,1.0,1,1,0,1,1,6410,814,5847,663,663,0,1.0,0,1,,,,,0,0.4013049938026114,0.03862138725936704,cc_n_cells_e1=6.41e+03 (+0.20); deg_pooled_log2fc=0.785 (+0.11); deg_pct_diff=0.279 (+0.11),novel
498,PCDHGC3,OPC_GABA_AC_like_tumor,IDH_WT,tumor,1.0,2.536771371473165,2.536771371473165,16.26857990252447,0.129,0.019,0.11,1.0,0.0,0.0,,0.0,3.0,0.0,0.0,0.0,0.0,0.0,0.0,,0.0,0.0,0.0,0.0,,2,1,1,1,1,6202,1012,5384,171,171,0,0.0,0,0,,,,,0,0.40116801468796626,0.04887909774112894,cc_n_cells_e1=6.2e+03 (+0.20); deg_pct_diff=0.11 (+0.14); deg_log2fc=2.54 (+0.13),novel
499,DLL1,AC_like_tumor,IDH_Mutant,tumor,1.0,1.8687986210370748,1.8687986210370748,8.494743350033454,0.148,0.046,0.102,1.0,0.0,0.0,4.327056568079775,1.0,3.0,0.0,0.0,0.0,0.0,0.0,0.0,,0.0,0.0,0.0,0.0,,4,1,0,1,2,72549,446,4249,283,283,0,0.0,1,0,,,,,0,0.40092828698360067,0.07729497329807658,deg_pooled_log2fc=4.33 (+0.27); cc_n_cells_e1=7.25e+04 (+0.23); deg_pct_diff=0.102 (+0.17),novel
500,GPR37L1,OPC_GABA_like_tumor,IDH_WT,tumor,0.0,0.0,0.0,0.0,,,0.0,0.0,0.0,0.0,,0.0,0.0,0.0,9.0,9.0,0.0,0.0103328573239385,0.0037123086690787114,0.0,1.0,5.0,3.0,9.0,1.0,9,0,1,1,1,6741,14114,5040,1935,1935,0,0.0,0,0,,,,,0,0.40066393326142336,0.07376132036198679,cc_n_partners=5 (+0.23); deg_n_celltypes_sig=0 (+0.23); cc_edges_e2=9 (+0.20),novel
501,THY1,OPC_GABA_like_tumor,IDH_Mutant,tumor,1.0,1.6376439269674128,1.6376439269674128,131.8425047459547,0.461,0.129,0.332,1.0,1.0,1.0,2.0397824898375645,1.0,3.0,1.0,0.0,1.0,0.0,0.0075597332050079,0.0075597332050079,0.0,1.0,1.0,1.0,1.0,1.0,2,1,0,1,2,6741,14114,1658,11741,1658,0,1.0,1,1,,,,,0,0.39871324558135524,0.08491688079837394,deg_pooled_log2fc=2.04 (+0.28); cc_n_cells_e1=6.74e+03 (+0.23); deg_log2fc=1.64 (+0.13),novel
502,GRIA3,OPC_GABA_like_tumor,IDH_WT,tumor,0.0,0.0,0.0,0.0,,,0.0,0.0,0.0,0.0,,0.0,1.0,0.0,3.0,3.0,0.0,0.0082709493177436,0.003973284274476866,0.0,1.0,2.0,1.0,3.0,1.0,6,0,1,1,2,6741,14114,5040,1935,1935,0,0.0,0,0,2.0,tumor,neuron_tumor,"AMPAR subunit family; Venkatesh et al., Nature 2019",1,0.3979203947879547,0.07504540230534969,cc_n_partners=2 (+0.77); cc_edges_e2=3 (+0.24); cc_n_cells_e1=6.74e+03 (+0.20),literature tier 2 (label)
503,TNFRSF1B,OPC_GABA_AC_like_tumor,IDH_WT,tumor,0.0,0.0,0.0,0.0,,,0.0,0.0,0.0,0.0,,0.0,1.0,0.0,0.0,0.0,0.0,0.0,0.0,,0.0,0.0,0.0,0.0,,2,0,1,1,1,6202,1012,5384,171,171,0,0.0,0,0,,,,,0,0.3978641619349686,0.12700126433866457,cc_n_cells_e1=6.2e+03 (+0.19); cc_n_cells_e2=1.01e+03 (+0.08); deg_pooled_log2fc=nan (+0.06),novel
504,COL9A1,OPC_GABA_like_tumor,IDH_Mutant,tumor,0.0,0.0,0.0,0.0,,,0.0,0.0,0.0,0.0,,0.0,0.0,0.0,0.0,0.0,0.0,0.0,0.0,,0.0,0.0,0.0,0.0,,5,1,0,1,1,6741,14114,1658,11741,1658,0,0.0,1,0,,,,,0,0.3959696633632728,0.09165136079166705,deg_n_celltypes_sig=0 (+0.30); cc_n_cells_e1=6.74e+03 (+0.20); deg_pooled_log2fc=nan (+0.05),novel
505,HAVCR2,TAM1/TAM2/microglia,IDH_Mutant,TAM_microglia,1.0,0.6459388801766974,0.6459388801766974,39.23439518936956,0.622,0.499,0.123,1.0,1.0,1.0,1.1433285772866246,1.0,3.0,0.0,2.0,1.0,1.0,0.0101934918944621,0.00658942667833445,0.0,1.0,1.0,0.0,2.0,0.0,2,0,1,1,1,12086,25922,2106,21701,2106,0,0.0,1,1,1.0,T_cell,immune_synapse,"Kim et al., Clin Cancer Res 2017",0,0.3957178656099171,0.08312844796107215,cc_n_cells_e1=1.21e+04 (+0.20); deg_pct_diff=0.123 (+0.13); deg_log2fc=0.646 (+0.10),"literature gene, other compartment"
506,TNFRSF1B,AC_like_tumor,IDH_WT,tumor,0.0,0.0,0.0,0.0,,,0.0,0.0,0.0,0.0,,0.0,1.0,0.0,0.0,0.0,0.0,0.0,0.0,,0.0,0.0,0.0,0.0,,2,0,1,1,1,72549,446,64812,108,108,0,0.0,0,0,,,,,0,0.3954207868698069,0.12528661339593317,cc_n_cells_e1=7.25e+04 (+0.18); cc_n_cells_e2=446 (+0.08); deg_pooled_log2fc=nan (+0.06),novel
507,EGFR,TAM1/TAM2/microglia,IDH_Mutant,TAM_microglia,0.0,0.0,0.0,0.0,,,0.0,0.0,0.0,0.0,,0.0,3.0,0.0,0.0,0.0,0.0,0.0,0.0,,0.0,0.0,0.0,0.0,,14,0,1,1,4,12086,25922,2106,21701,2106,0,0.0,1,0,1.0,tumor,growth,"Brennan et al., Cell 2013 (TCGA GBM)",0,0.39525718299113144,0.08864444687111037,cc_edges_total=14 (+0.58); cc_n_cells_e1=1.21e+04 (+0.24); cc_n_celltypes_total=4 (+0.08),"literature gene, other compartment"
508,EGFR,TAM1/TAM2/microglia,IDH_WT,TAM_microglia,0.0,0.0,0.0,0.0,,,0.0,0.0,0.0,0.0,,0.0,3.0,0.0,0.0,0.0,0.0,0.0,0.0,,0.0,0.0,0.0,0.0,,14,0,1,1,4,12086,25922,9696,2745,2745,0,0.0,0,0,1.0,tumor,growth,"Brennan et al., Cell 2013 (TCGA GBM)",0,0.39525718299113144,0.08864444687111037,cc_edges_total=14 (+0.58); cc_n_cells_e1=1.21e+04 (+0.24); cc_n_celltypes_total=4 (+0.08),"literature gene, other compartment"
509,JAM3,cycling_tumor,IDH_Mutant,tumor,1.0,2.592247044781339,2.592247044781339,2.8828515932834065,0.132,0.007,0.125,1.0,1.0,1.0,2.3973352035949205,1.0,1.0,1.0,2.0,3.0,0.0,0.001159002926699,0.0009328306067242937,0.0,1.0,1.0,0.0,3.0,1.0,3,1,1,1,1,6410,814,270,136,136,0,1.0,1,1,,,,,0,0.39503620424657476,0.07180779911909968,deg_pooled_log2fc=2.4 (+0.32); cc_edges_e2=3 (+0.21); cc_n_cells_e1=6.41e+03 (+0.19),novel
510,TNFRSF1A,TAM1/TAM2/microglia,IDH_Mutant,TAM_microglia,0.0,0.0,0.0,0.0,,,0.0,0.0,0.0,0.0,,0.0,1.0,0.0,1.0,1.0,0.0,0.0056018898340466,0.0056018898340466,0.0,1.0,1.0,0.0,1.0,1.0,1,0,1,1,1,12086,25922,2106,21701,2106,0,0.0,1,0,,,,,0,0.39501273690510913,0.11807661551746156,cc_n_cells_e1=1.21e+04 (+0.18); deg_pooled_log2fc=nan (+0.06); cc_n_celltypes_total=1 (+0.04),novel
511,PTGES3,OPC_GABA_like_tumor,IDH_Mutant,tumor,0.0,0.0,0.0,0.0,,,0.0,0.0,0.0,0.0,,0.0,0.0,2.0,0.0,1.0,1.0,0.0101086430064245,0.0067944103372843,0.0,1.0,1.0,2.0,2.0,0.0,13,1,0,1,7,6741,14114,1658,11741,1658,0,0.0,1,0,,,,,0,0.39488306182595023,0.06593573397839558,cc_edges_total=13 (+0.39); cc_n_cells_e1=6.74e+03 (+0.24); deg_n_celltypes_sig=0 (+0.21),novel
512,CLSTN1,OPC_GABA_AC_like_tumor,IDH_WT,tumor,0.0,0.0,0.0,0.0,,,0.0,0.0,0.0,0.0,,0.0,2.0,0.0,0.0,0.0,0.0,0.0,0.0,,0.0,0.0,0.0,0.0,,12,0,1,1,2,6202,1012,5384,171,171,0,0.0,0,0,,,,,0,0.3942497419703248,0.03763707859281079,cc_n_cells_e1=6.2e+03 (+0.25); cc_n_cells_e2=1.01e+03 (+0.08); cc_n_celltypes_total=2 (+0.06),novel
513,TNFRSF1B,AC_like_tumor,IDH_Mutant,tumor,0.0,0.0,0.0,0.0,,,0.0,0.0,0.0,0.0,,0.0,1.0,0.0,0.0,0.0,0.0,0.0,0.0,,0.0,0.0,0.0,0.0,,2,0,1,1,1,72549,446,4249,283,283,0,0.0,1,0,,,,,0,0.39364080442066635,0.12476444643627425,cc_n_cells_e1=7.25e+04 (+0.18); cc_n_cells_e2=446 (+0.08); deg_pooled_log2fc=nan (+0.06),novel
514,CLSTN1,AC_like_tumor,IDH_WT,tumor,0.0,0.0,0.0,0.0,,,0.0,0.0,0.0,0.0,,0.0,2.0,0.0,0.0,0.0,0.0,0.0,0.0,,0.0,0.0,0.0,0.0,,12,0,1,1,2,72549,446,64812,108,108,0,0.0,0,0,,,,,0,0.3930980178329214,0.03833509437864555,cc_n_cells_e1=7.25e+04 (+0.24); cc_n_cells_e2=446 (+0.08); cc_n_celltypes_total=2 (+0.05),novel
515,TNFRSF1B,OPC_GABA_AC_like_tumor,IDH_Mutant,tumor,0.0,0.0,0.0,0.0,,,0.0,0.0,0.0,0.0,,0.0,1.0,0.0,0.0,0.0,0.0,0.0,0.0,,0.0,0.0,0.0,0.0,,2,0,1,1,1,6202,1012,352,742,352,0,0.0,1,0,,,,,0,0.39249730478774414,0.12640945644416476,cc_n_cells_e1=6.2e+03 (+0.19); cc_n_cells_e2=1.01e+03 (+0.08); deg_pooled_log2fc=nan (+0.06),novel
516,GAS6,TAM1/TAM2/microglia,IDH_Mutant,TAM_microglia,1.0,0.3876737388378609,0.3876737388378609,7.680681181946396,0.363,0.28,0.08299999999999996,1.0,1.0,1.0,1.354641382858478,1.0,2.0,2.0,0.0,2.0,0.0,0.012077162692356,0.00795189203387295,0.0,1.0,1.0,0.0,2.0,1.0,2,1,0,1,1,12086,25922,2106,21701,2106,0,1.0,1,1,,,,,0,0.39198152244033235,0.07265324189929835,cc_edges_e2=2 (+0.24); cc_n_cells_e1=1.21e+04 (+0.21); deg_pooled_log2fc=1.35 (+0.17),novel
517,HAVCR2,AC_like_tumor,IDH_Mutant,tumor,0.0,0.0,0.0,0.0,,,0.0,0.0,0.0,0.0,,0.0,3.0,0.0,0.0,0.0,0.0,0.0,0.0,,0.0,0.0,0.0,0.0,,2,0,1,1,1,72549,446,4249,283,283,0,0.0,1,0,1.0,T_cell,immune_synapse,"Kim et al., Clin Cancer Res 2017",0,0.3915373320532528,0.035577983668270044,cc_n_cells_e1=7.25e+04 (+0.20); cc_n_cells_e2=446 (+0.08); deg_pooled_log2fc=nan (+0.06),"literature gene, other compartment"
518,TNFRSF1A,OPC_GABA_like_tumor,IDH_WT,tumor,0.0,0.0,0.0,0.0,,,0.0,0.0,0.0,0.0,,0.0,1.0,0.0,0.0,0.0,0.0,0.0,0.0,,0.0,0.0,0.0,0.0,,1,0,1,1,1,6741,14114,5040,1935,1935,0,0.0,0,0,,,,,0,0.3910717349357481,0.09212634239937197,cc_n_cells_e1=6.74e+03 (+0.18); deg_pooled_log2fc=nan (+0.06); cc_n_celltypes_total=1 (+0.05),novel
519,ADORA3,TAM1/TAM2/microglia,IDH_WT,TAM_microglia,1.0,0.5865694265585446,0.5865694265585446,32.10623758005057,0.319,0.2,0.119,1.0,0.0,0.0,0.8332713766127892,1.0,1.0,1.0,0.0,1.0,0.0,0.0039014203393133,0.0039014203393133,0.0,1.0,1.0,0.0,1.0,1.0,1,1,0,1,1,12086,25922,9696,2745,2745,0,1.0,0,1,,,,,0,0.3908509976224634,0.06966037710414169,cc_n_cells_e1=1.21e+04 (+0.18); deg_pct_diff=0.119 (+0.12); deg_log2fc=0.587 (+0.10),novel
520,HAVCR2,OPC_GABA_AC_like_tumor,IDH_Mutant,tumor,0.0,0.0,0.0,0.0,,,0.0,0.0,0.0,0.0,,0.0,3.0,0.0,0.0,0.0,0.0,0.0,0.0,,0.0,0.0,0.0,0.0,,2,0,1,1,1,6202,1012,352,742,352,0,0.0,1,0,1.0,T_cell,immune_synapse,"Kim et al., Clin Cancer Res 2017",0,0.3904959642006113,0.034236393355914864,cc_n_cells_e1=6.2e+03 (+0.21); cc_n_cells_e2=1.01e+03 (+0.08); deg_pooled_log2fc=nan (+0.06),"literature gene, other compartment"
521,TNFRSF1B,cycling_tumor,IDH_Mutant,tumor,0.0,0.0,0.0,0.0,,,0.0,0.0,0.0,0.0,,0.0,1.0,0.0,0.0,0.0,0.0,0.0,0.0,,0.0,0.0,0.0,0.0,,2,0,1,1,1,6410,814,270,136,136,0,0.0,1,0,,,,,0,0.3903666396441936,0.12452349954598486,cc_n_cells_e1=6.41e+03 (+0.18); cc_n_cells_e2=814 (+0.08); deg_pooled_log2fc=nan (+0.06),novel
522,PTGES3,OPC_GABA_AC_like_tumor,IDH_WT,tumor,1.0,1.0975112537670988,1.0975112537670988,17.78369834434546,0.69,0.313,0.37699999999999995,1.0,0.0,0.0,0.5129413175721254,1.0,3.0,2.0,0.0,1.0,1.0,0.0083171818782097,0.00599865319317245,0.0,1.0,1.0,2.0,2.0,0.0,13,1,0,1,7,6202,1012,5384,171,171,0,0.0,0,1,,,,,0,0.39035022282875825,0.11261641515379324,cc_edges_total=13 (+0.47); cc_n_cells_e1=6.2e+03 (+0.25); deg_pct_diff=0.377 (+0.19),novel
523,TNFRSF1B,cycling_tumor,IDH_WT,tumor,0.0,0.0,0.0,0.0,,,0.0,0.0,0.0,0.0,,0.0,1.0,0.0,0.0,0.0,0.0,0.0,0.0,,0.0,0.0,0.0,0.0,,2,0,1,1,1,6410,814,5847,663,663,0,0.0,0,0,,,,,0,0.3898171769372113,0.12477500344875818,cc_n_cells_e1=6.41e+03 (+0.18); cc_n_cells_e2=814 (+0.08); deg_pooled_log2fc=nan (+0.06),novel
524,C3AR1,TAM1/TAM2/microglia,IDH_Mutant,TAM_microglia,1.0,0.893722014349404,0.893722014349404,107.45626348949514,0.745,0.589,0.15600000000000003,1.0,1.0,1.0,1.4998452390535073,1.0,2.0,0.0,4.0,2.0,2.0,0.0977093082783739,0.05098393546440895,0.0,1.0,1.0,0.0,4.0,0.0,4,0,1,1,1,12086,25922,2106,21701,2106,0,0.0,1,1,,,,,0,0.3885500452841886,0.07595460569281712,deg_pooled_log2fc=1.5 (+0.27); cc_edges_e2=2 (+0.24); cc_n_cells_e1=1.21e+04 (+0.20),novel
525,PTPRD,OPC_GABA_like_tumor,IDH_WT,tumor,1.0,2.24469629915764,2.24469629915764,153.68192307334738,0.265,0.043,0.22200000000000003,1.0,0.0,0.0,1.3999679783885448,1.0,3.0,0.0,1.0,1.0,0.0,0.0011930593981233,0.0011930593981233,0.0,1.0,1.0,0.0,1.0,1.0,1,0,1,1,1,6741,14114,5040,1935,1935,0,1.0,0,1,,,,,0,0.3877078097233027,0.07993330577410118,deg_pooled_log2fc=1.4 (+0.25); cc_n_cells_e1=6.74e+03 (+0.19); deg_log2fc=2.24 (+0.13),novel
526,PTGES3,AC_like_tumor,IDH_WT,tumor,0.0,0.0,0.0,0.0,,,0.0,0.0,0.0,0.0,,0.0,3.0,2.0,0.0,1.0,1.0,0.0074110138974112,0.0054116476705227,0.0,1.0,1.0,2.0,2.0,0.0,13,1,0,1,7,72549,446,64812,108,108,0,0.0,0,0,,,,,0,0.3874461943713508,0.10651155135444937,cc_edges_total=13 (+0.48); cc_n_cells_e1=7.25e+04 (+0.27); cc_n_cells_e2=446 (+0.05),novel
527,SPP1,OPC_GABA_like_tumor,IDH_Mutant,tumor,1.0,-2.144547480960237,2.144547480960237,17.584618427709376,0.104,0.181,-0.077,-1.0,1.0,1.0,-3.020977670875521,1.0,4.0,5.0,0.0,0.0,5.0,0.0085137702615473,0.0053990624157255595,0.0,1.0,4.0,3.0,5.0,-1.0,55,1,0,1,7,6741,14114,1658,11741,1658,0,1.0,1,1,1.0,TAM_microglia,myeloid_bridge,"Wei et al., J Clin Invest 2019",0,0.38733652459672957,0.07164673825842383,cc_edges_total=55 (+0.89); cc_n_partners=4 (+0.25); cc_n_cells_e1=6.74e+03 (+0.23),"literature gene, other compartment"
528,NRXN2,OPC_GABA_like_tumor,IDH_WT,tumor,0.0,0.0,0.0,0.0,,,0.0,0.0,0.0,0.0,,0.0,1.0,10.0,0.0,10.0,0.0,0.0021343800502624,0.0013051518474101863,0.0,1.0,3.0,0.0,10.0,1.0,10,1,0,1,1,6741,14114,5040,1935,1935,0,0.0,0,0,,,,,0,0.3867764883856092,0.08242479567273547,cc_n_partners=3 (+0.30); cc_edges_e2=10 (+0.20); cc_n_cells_e1=6.74e+03 (+0.19),novel
529,SPP1,OPC_GABA_AC_like_tumor,IDH_WT,tumor,1.0,-2.26653344561614,2.26653344561614,9.573747032509344,0.164,0.462,-0.29800000000000004,-1.0,1.0,1.0,-3.560459158584305,1.0,4.0,5.0,0.0,0.0,5.0,0.0112397372446153,0.0071331209569268,0.0,1.0,4.0,3.0,5.0,-1.0,55,1,0,1,7,6202,1012,5384,171,171,0,1.0,0,1,1.0,TAM_microglia,myeloid_bridge,"Wei et al., J Clin Invest 2019",0,0.38569505422490735,0.06291765933357907,cc_edges_total=55 (+0.87); cc_n_cells_e1=6.2e+03 (+0.24); cc_n_partners=4 (+0.22),"literature gene, other compartment"
530,TNFRSF1A,TAM1/TAM2/microglia,IDH_WT,TAM_microglia,1.0,0.2563705336594064,0.2563705336594064,9.384461729052925,0.265,0.192,0.07300000000000001,1.0,0.0,0.0,0.8009924373378859,1.0,1.0,0.0,1.0,1.0,0.0,0.0056018898340466,0.0056018898340466,0.0,1.0,1.0,0.0,1.0,1.0,1,0,1,1,1,12086,25922,9696,2745,2745,0,1.0,0,1,,,,,0,0.38523557606898223,0.09976707271982083,cc_n_cells_e1=1.21e+04 (+0.17); deg_pooled_log2fc=0.801 (+0.11); deg_pct_diff=0.073 (+0.08),novel
531,KLRC2,OPC_GABA_AC_like_tumor,IDH_WT,tumor,0.0,0.0,0.0,0.0,,,0.0,0.0,0.0,0.0,,0.0,0.0,0.0,0.0,0.0,0.0,0.0,0.0,,0.0,0.0,0.0,0.0,,6,0,1,1,1,6202,1012,5384,171,171,0,0.0,0,0,,,,,0,0.3851437793273688,0.09871173991100418,deg_n_celltypes_sig=0 (+0.32); cc_n_cells_e1=6.2e+03 (+0.19); cc_n_cells_e2=1.01e+03 (+0.08),novel
532,PTGES2,OPC_GABA_AC_like_tumor,IDH_WT,tumor,0.0,0.0,0.0,0.0,,,0.0,0.0,0.0,0.0,,0.0,2.0,0.0,0.0,0.0,0.0,0.0,0.0,,0.0,0.0,0.0,0.0,,1,1,0,1,1,6202,1012,5384,171,171,0,0.0,0,0,,,,,0,0.38512119336991957,0.046747453765377964,cc_n_cells_e1=6.2e+03 (+0.23); cc_n_cells_e2=1.01e+03 (+0.08); deg_pooled_log2fc=nan (+0.06),novel
533,PTGES2,AC_like_tumor,IDH_WT,tumor,0.0,0.0,0.0,0.0,,,0.0,0.0,0.0,0.0,,0.0,2.0,0.0,0.0,0.0,0.0,0.0,0.0,,0.0,0.0,0.0,0.0,,1,1,0,1,1,72549,446,64812,108,108,0,0.0,0,0,,,,,0,0.3839032169063295,0.04630874018047573,cc_n_cells_e1=7.25e+04 (+0.22); cc_n_cells_e2=446 (+0.08); deg_pooled_log2fc=nan (+0.06),novel
534,ITGB8,TAM1/TAM2/microglia,IDH_WT,TAM_microglia,0.0,0.0,0.0,0.0,,,0.0,0.0,0.0,0.0,,0.0,0.0,0.0,0.0,0.0,0.0,0.0,0.0,,0.0,0.0,0.0,0.0,,3,0,1,1,2,12086,25922,9696,2745,2745,0,0.0,0,0,,,,,0,0.38372584553308176,0.12011897168106711,deg_n_celltypes_sig=0 (+0.44); cc_n_cells_e1=1.21e+04 (+0.21); deg_pooled_log2fc=nan (+0.05),novel
535,PTGES2,OPC_GABA_AC_like_tumor,IDH_Mutant,tumor,0.0,0.0,0.0,0.0,,,0.0,0.0,0.0,0.0,,0.0,2.0,0.0,0.0,0.0,0.0,0.0,0.0,,0.0,0.0,0.0,0.0,,1,1,0,1,1,6202,1012,352,742,352,0,0.0,1,0,,,,,0,0.38298118755262495,0.04595265359224412,cc_n_cells_e1=6.2e+03 (+0.23); cc_n_cells_e2=1.01e+03 (+0.08); deg_pooled_log2fc=nan (+0.06),novel
536,ADORA3,OPC_GABA_AC_like_tumor,IDH_WT,tumor,0.0,0.0,0.0,0.0,,,0.0,0.0,0.0,0.0,,0.0,1.0,0.0,0.0,0.0,0.0,0.0,0.0,,0.0,0.0,0.0,0.0,,1,1,0,1,1,6202,1012,5384,171,171,0,0.0,0,0,,,,,0,0.38234622966531123,0.06467701863563145,cc_n_cells_e1=6.2e+03 (+0.20); cc_n_cells_e2=1.01e+03 (+0.08); deg_pooled_log2fc=nan (+0.06),novel
537,SLITRK2,cycling_tumor,IDH_WT,tumor,1.0,2.495374877771578,2.495374877771578,168.2567280558554,0.299,0.029,0.26999999999999996,1.0,1.0,1.0,2.4674687064605023,1.0,2.0,1.0,0.0,1.0,0.0,0.0011930593981233,0.0011930593981233,0.0,1.0,1.0,0.0,1.0,1.0,1,1,0,1,1,6410,814,5847,663,663,0,1.0,0,1,,,,,0,0.3820278061480154,0.06535436641515412,deg_pooled_log2fc=2.47 (+0.26); cc_n_cells_e1=6.41e+03 (+0.20); deg_log2fc=2.5 (+0.13),novel
538,COL9A1,TAM1/TAM2/microglia,IDH_Mutant,TAM_microglia,0.0,0.0,0.0,0.0,,,0.0,0.0,0.0,0.0,,0.0,0.0,0.0,0.0,0.0,0.0,0.0,0.0,,0.0,0.0,0.0,0.0,,5,1,0,1,1,12086,25922,2106,21701,2106,0,0.0,1,0,,,,,0,0.38196057947289497,0.08437582196022454,deg_n_celltypes_sig=0 (+0.30); cc_n_cells_e1=1.21e+04 (+0.20); deg_pooled_log2fc=nan (+0.05),novel
539,ADORA3,AC_like_tumor,IDH_WT,tumor,0.0,0.0,0.0,0.0,,,0.0,0.0,0.0,0.0,,0.0,1.0,0.0,0.0,0.0,0.0,0.0,0.0,,0.0,0.0,0.0,0.0,,1,1,0,1,1,72549,446,64812,108,108,0,0.0,0,0,,,,,0,0.3818800633122447,0.06509751351274812,cc_n_cells_e1=7.25e+04 (+0.19); cc_n_cells_e2=446 (+0.08); deg_pooled_log2fc=nan (+0.06),novel
540,KLRC2,AC_like_tumor,IDH_WT,tumor,0.0,0.0,0.0,0.0,,,0.0,0.0,0.0,0.0,,0.0,0.0,0.0,0.0,0.0,0.0,0.0,0.0,,0.0,0.0,0.0,0.0,,6,0,1,1,1,72549,446,64812,108,108,0,0.0,0,0,,,,,0,0.38074896486339666,0.10007020276172054,deg_n_celltypes_sig=0 (+0.32); cc_n_cells_e1=7.25e+04 (+0.19); cc_n_cells_e2=446 (+0.08),novel
541,CD44,OPC_GABA_like_tumor,IDH_Mutant,tumor,1.0,-6.825348049382173,6.825348049382173,300.0,0.004,0.298,-0.294,-1.0,1.0,1.0,-4.828150112039511,1.0,1.0,0.0,0.0,0.0,0.0,0.0,0.0,,0.0,0.0,0.0,0.0,,48,0,1,4,1,6741,14114,1658,11741,1658,0,-0.0,1,0,1.0,tumor,myeloid_bridge,"Pietras et al., Cell Stem Cell 2014",1,0.37920001704683476,0.12820619948768688,cc_edges_total=48 (+1.40); cc_n_pathways_total=4 (+0.19); cc_n_cells_e1=6.74e+03 (+0.18),literature tier 1 (label)
542,MERTK,TAM1/TAM2/microglia,IDH_WT,TAM_microglia,1.0,0.9037251374118256,0.9037251374118256,54.62848412842265,0.336,0.193,0.14300000000000002,1.0,1.0,1.0,1.885323092163253,1.0,1.0,0.0,1.0,1.0,0.0,0.012077162692356,0.012077162692356,0.0,1.0,1.0,0.0,1.0,1.0,1,0,1,1,1,12086,25922,9696,2745,2745,0,1.0,0,1,,,,,0,0.3788515645544615,0.0645653853013403,deg_pooled_log2fc=1.89 (+0.28); cc_n_cells_e1=1.21e+04 (+0.17); deg_pct_diff=0.143 (+0.12),novel
543,PTGES2,cycling_tumor,IDH_Mutant,tumor,0.0,0.0,0.0,0.0,,,0.0,0.0,0.0,0.0,,0.0,2.0,1.0,0.0,1.0,0.0,0.0010258920066067,0.0010258920066067,0.0,1.0,1.0,1.0,1.0,1.0,1,1,0,1,1,6410,814,270,136,136,0,0.0,1,0,,,,,0,0.3786710055317836,0.04483095968938067,cc_n_cells_e1=6.41e+03 (+0.22); cc_n_cells_e2=814 (+0.07); deg_pooled_log2fc=nan (+0.06),novel
544,CD44,cycling_tumor,IDH_WT,tumor,1.0,-3.681574892229917,3.681574892229917,7.900324204016451,0.044,0.139,-0.09500000000000001,-1.0,0.0,0.0,-3.838968159960016,1.0,4.0,0.0,0.0,0.0,0.0,0.0,0.0,,0.0,0.0,0.0,0.0,,48,0,1,4,1,6410,814,5847,663,663,0,-0.0,0,0,1.0,tumor,myeloid_bridge,"Pietras et al., Cell Stem Cell 2014",1,0.37850019543003455,0.11565618180205692,cc_edges_total=48 (+1.42); cc_n_cells_e1=6.41e+03 (+0.21); cc_n_pathways_total=4 (+0.19),literature tier 1 (label)
545,APOE,TAM1/TAM2/microglia,IDH_Mutant,TAM_microglia,1.0,-0.3471822166621594,0.3471822166621594,25.414853480777044,0.985,0.892,0.09299999999999997,-1.0,1.0,1.0,-0.9791405155287736,1.0,5.0,6.0,0.0,3.0,3.0,0.2392234722575476,0.20058439002568906,0.0,1.0,2.0,2.0,6.0,0.0,36,1,0,1,7,12086,25922,2106,21701,2106,0,-0.0,1,1,2.0,TAM_microglia,myeloid_bridge,TAM lipid program (pathway-level),1,0.3783033838092004,0.054344930558703534,cc_n_partners=2 (+0.79); deg_n_celltypes_sig=5 (+0.29); cc_edges_e2=3 (+0.27),literature tier 2 (label)
546,FPR1,TAM1/TAM2/microglia,IDH_WT,TAM_microglia,1.0,0.5470222097655603,0.5470222097655603,46.002602613239794,0.493,0.332,0.16099999999999998,1.0,1.0,1.0,0.6383606487062171,1.0,1.0,0.0,10.0,5.0,5.0,0.0086008858847479,0.00602697727173577,0.0,1.0,4.0,8.0,10.0,0.0,10,0,1,1,1,12086,25922,9696,2745,2745,0,0.0,0,1,,,,,0,0.3781323085347158,0.05848335048026598,cc_n_partners=4 (+0.28); cc_edges_e2=5 (+0.24); deg_pct_diff=0.161 (+0.19),novel
547,ROBO1,OPC_GABA_AC_like_tumor,IDH_WT,tumor,0.0,0.0,0.0,0.0,,,0.0,0.0,0.0,0.0,,0.0,2.0,0.0,0.0,0.0,0.0,0.0,0.0,,0.0,0.0,0.0,0.0,,2,0,1,1,2,6202,1012,5384,171,171,0,0.0,0,0,,,,,0,0.37801524002668535,0.03304716950190824,cc_n_cells_e1=6.2e+03 (+0.23); cc_n_cells_e2=1.01e+03 (+0.08); deg_pooled_log2fc=nan (+0.06),novel
548,PDGFA,cycling_tumor,IDH_Mutant,tumor,0.0,0.0,0.0,0.0,,,0.0,0.0,0.0,0.0,,0.0,1.0,3.0,0.0,3.0,0.0,0.0039862277869608,0.002852574179893333,0.0,1.0,3.0,0.0,3.0,1.0,3,1,0,1,1,6410,814,270,136,136,0,0.0,1,0,,,,,0,0.3780006429883046,0.13750978842885245,cc_n_partners=3 (+0.28); cc_edges_e2=3 (+0.19); cc_n_cells_e1=6.41e+03 (+0.19),novel
549,PTGES3,cycling_tumor,IDH_WT,tumor,1.0,0.6006606876266547,0.6006606876266547,51.20752449890364,0.925,0.502,0.42300000000000004,1.0,0.0,0.0,0.5784650055884835,1.0,3.0,2.0,0.0,1.0,1.0,0.0142202862652484,0.0090526384523239,0.0,1.0,1.0,2.0,2.0,0.0,13,1,0,1,7,6410,814,5847,663,663,0,0.0,0,1,,,,,0,0.3779775764240866,0.11083797158331088,cc_edges_total=13 (+0.47); cc_n_cells_e1=6.41e+03 (+0.25); deg_pct_diff=0.423 (+0.18),novel
550,ITGAX,TAM1/TAM2/microglia,IDH_Mutant,TAM_microglia,0.0,0.0,0.0,0.0,,,0.0,0.0,0.0,0.0,,0.0,0.0,0.0,4.0,4.0,0.0,0.0442420541942578,0.0234334586245721,0.0,2.0,3.0,2.0,4.0,1.0,4,0,1,2,1,12086,25922,2106,21701,2106,0,0.0,1,0,,,,,0,0.37769637729545746,0.12536841828041675,cc_n_partners=3 (+0.33); deg_n_celltypes_sig=0 (+0.30); cc_edges_e2=4 (+0.20),novel
551,CD44,T cell,IDH_WT,T_cell,1.0,-0.5177355818729936,0.5177355818729936,4.846343131158478,0.28,0.399,-0.119,-1.0,0.0,0.0,-0.5212805239261107,1.0,4.0,0.0,48.0,24.0,24.0,0.0602207357854614,0.016896345135416935,0.0,4.0,7.0,40.0,48.0,0.0,48,0,1,4,1,2662,1463,1681,1118,1118,0,-0.0,0,1,1.0,tumor,myeloid_bridge,"Pietras et al., Cell Stem Cell 2014",0,0.3776437427271776,0.11180450231418126,cc_edges_total=48 (+1.07); cc_n_partners=7 (+0.24); cc_n_pathways_total=4 (+0.15),"literature gene, other compartment"
552,ROBO1,AC_like_tumor,IDH_WT,tumor,0.0,0.0,0.0,0.0,,,0.0,0.0,0.0,0.0,,0.0,2.0,0.0,0.0,0.0,0.0,0.0,0.0,,0.0,0.0,0.0,0.0,,2,0,1,1,2,72549,446,64812,108,108,0,0.0,0,0,,,,,0,0.3772992212976267,0.03388756827097255,cc_n_cells_e1=7.25e+04 (+0.23); cc_n_cells_e2=446 (+0.08); deg_pooled_log2fc=nan (+0.06),novel
553,KLRC2,cycling_tumor,IDH_WT,tumor,0.0,0.0,0.0,0.0,,,0.0,0.0,0.0,0.0,,0.0,0.0,0.0,0.0,0.0,0.0,0.0,0.0,,0.0,0.0,0.0,0.0,,6,0,1,1,1,6410,814,5847,663,663,0,0.0,0,0,,,,,0,0.37722129560680456,0.10063868639674173,deg_n_celltypes_sig=0 (+0.32); cc_n_cells_e1=6.41e+03 (+0.18); cc_n_cells_e2=814 (+0.08),novel
554,PILRA,OPC_GABA_AC_like_tumor,IDH_WT,tumor,0.0,0.0,0.0,0.0,,,0.0,0.0,0.0,0.0,,0.0,0.0,0.0,0.0,0.0,0.0,0.0,0.0,,0.0,0.0,0.0,0.0,,7,0,1,1,1,6202,1012,5384,171,171,0,0.0,0,0,,,,,0,0.37718439496791356,0.052171298467405265,deg_n_celltypes_sig=0 (+0.32); cc_n_cells_e1=6.2e+03 (+0.19); cc_n_cells_e2=1.01e+03 (+0.08),novel
555,ROBO1,OPC_GABA_AC_like_tumor,IDH_Mutant,tumor,0.0,0.0,0.0,0.0,,,0.0,0.0,0.0,0.0,,0.0,3.0,0.0,0.0,0.0,0.0,0.0,0.0,,0.0,0.0,0.0,0.0,,2,0,1,1,2,6202,1012,352,742,352,0,0.0,1,0,,,,,0,0.3771029733632974,0.033858910518316805,cc_n_cells_e1=6.2e+03 (+0.23); cc_n_cells_e2=1.01e+03 (+0.08); deg_pooled_log2fc=nan (+0.06),novel
556,PTGES3,TAM1/TAM2/microglia,IDH_Mutant,TAM_microglia,0.0,0.0,0.0,0.0,,,0.0,0.0,0.0,0.0,,0.0,0.0,2.0,0.0,1.0,1.0,0.0070705546616578,0.00699289006561315,0.0,1.0,1.0,0.0,2.0,0.0,13,1,0,1,7,12086,25922,2106,21701,2106,0,0.0,1,0,,,,,0,0.37699700348659015,0.06640198238177598,cc_edges_total=13 (+0.38); cc_n_cells_e1=1.21e+04 (+0.25); deg_n_celltypes_sig=0 (+0.22),novel
557,GAS6,OPC_GABA_like_tumor,IDH_WT,tumor,0.0,0.0,0.0,0.0,,,0.0,0.0,0.0,0.0,,0.0,1.0,0.0,0.0,0.0,0.0,0.0,0.0,,0.0,0.0,0.0,0.0,,2,1,0,1,1,6741,14114,5040,1935,1935,0,0.0,0,0,,,,,0,0.37574988436095674,0.1054478074500836,cc_n_cells_e1=6.74e+03 (+0.19); deg_pooled_log2fc=nan (+0.06); cc_n_celltypes_total=1 (+0.05),novel
558,ADORA3,cycling_tumor,IDH_WT,tumor,0.0,0.0,0.0,0.0,,,0.0,0.0,0.0,0.0,,0.0,1.0,0.0,0.0,0.0,0.0,0.0,0.0,,0.0,0.0,0.0,0.0,,1,1,0,1,1,6410,814,5847,663,663,0,0.0,0,0,,,,,0,0.37327294452807813,0.059597671775454344,cc_n_cells_e1=6.41e+03 (+0.19); cc_n_cells_e2=814 (+0.08); deg_pooled_log2fc=nan (+0.06),novel
559,CD44,T cell,IDH_Mutant,T_cell,0.0,0.0,0.0,0.0,,,0.0,0.0,0.0,0.0,,0.0,1.0,0.0,48.0,24.0,24.0,0.0602207357854614,0.016896345135416935,0.0,4.0,7.0,40.0,48.0,0.0,48,0,1,4,1,2662,1463,941,334,334,0,0.0,1,0,1.0,tumor,myeloid_bridge,"Pietras et al., Cell Stem Cell 2014",0,0.37304133140053086,0.1265135785316076,cc_edges_total=48 (+0.99); cc_n_pathways_total=4 (+0.15); cc_n_celltypes_total=1 (+0.14),"literature gene, other compartment"
560,PCDHGA10,cycling_tumor,IDH_Mutant,tumor,1.0,3.7778153773002607,3.7778153773002607,6.261467363513313,0.213,0.019,0.194,1.0,1.0,1.0,2.410925101596722,1.0,1.0,0.0,0.0,0.0,0.0,0.0,0.0,,0.0,0.0,0.0,0.0,,2,1,1,1,1,6410,814,270,136,136,0,0.0,1,0,,,,,0,0.37263239319977265,0.08893068007014258,deg_pooled_log2fc=2.41 (+0.21); cc_n_cells_e1=6.41e+03 (+0.18); deg_pct_diff=0.194 (+0.13),novel
561,PILRA,AC_like_tumor,IDH_WT,tumor,0.0,0.0,0.0,0.0,,,0.0,0.0,0.0,0.0,,0.0,0.0,0.0,0.0,0.0,0.0,0.0,0.0,,0.0,0.0,0.0,0.0,,7,0,1,1,1,72549,446,64812,108,108,0,0.0,0,0,,,,,0,0.37145410415938906,0.05396552947681924,deg_n_celltypes_sig=0 (+0.32); cc_n_cells_e1=7.25e+04 (+0.19); cc_n_cells_e2=446 (+0.08),novel
562,HLA-DMA,TAM1/TAM2/microglia,IDH_WT,TAM_microglia,0.0,0.0,0.0,0.0,,,0.0,0.0,0.0,0.0,,0.0,1.0,4.0,0.0,2.0,2.0,0.017037430185218,0.00849364729375935,0.0,1.0,1.0,0.0,4.0,0.0,8,1,0,1,3,12086,25922,9696,2745,2745,0,0.0,0,0,,,,,0,0.3698006504456918,0.12418558516365925,cc_edges_e2=2 (+0.23); cc_n_cells_e1=1.21e+04 (+0.23); cc_n_celltypes_total=3 (+0.05),novel
563,SLIT1,TAM1/TAM2/microglia,IDH_Mutant,TAM_microglia,0.0,0.0,0.0,0.0,,,0.0,0.0,0.0,0.0,,0.0,3.0,0.0,0.0,0.0,0.0,0.0,0.0,,0.0,0.0,0.0,0.0,,2,1,0,1,1,12086,25922,2106,21701,2106,0,0.0,1,0,,,,,0,0.3695161430202555,0.048075663134369985,cc_n_cells_e1=1.21e+04 (+0.22); deg_pooled_log2fc=nan (+0.06); cc_n_celltypes_total=1 (+0.04),novel
564,GRIA2,AC_like_tumor,IDH_WT,tumor,0.0,0.0,0.0,0.0,,,0.0,0.0,0.0,0.0,,0.0,2.0,0.0,3.0,3.0,0.0,0.01334006204483,0.006415987940346833,0.0,1.0,2.0,1.0,3.0,1.0,12,0,1,1,3,72549,446,64812,108,108,0,0.0,0,0,1.0,tumor,neuron_tumor,"Venkatesh et al., Nature 2019; Venkataramani et al., Nature 2019",1,0.368193820021831,0.15102814211682083,cc_n_partners=2 (+0.81); cc_edges_e2=3 (+0.23); cc_n_cells_e1=7.25e+04 (+0.23),literature tier 1 (label)
565,PILRB,cycling_tumor,IDH_Mutant,tumor,0.0,0.0,0.0,0.0,,,0.0,0.0,0.0,0.0,,0.0,0.0,0.0,7.0,7.0,0.0,0.0037171475539804,0.0016564278310690797,0.0,1.0,4.0,4.0,7.0,1.0,7,0,1,1,1,6410,814,270,136,136,0,0.0,1,0,,,,,0,0.36781677867219964,0.0776541287712161,cc_n_partners=4 (+0.21); deg_n_celltypes_sig=0 (+0.19); cc_edges_e2=7 (+0.18),novel
566,PTPRD,OPC_GABA_AC_like_tumor,IDH_Mutant,tumor,0.0,0.0,0.0,0.0,,,0.0,0.0,0.0,0.0,,0.0,1.0,0.0,0.0,0.0,0.0,0.0,0.0,,0.0,0.0,0.0,0.0,,1,0,1,1,1,6202,1012,352,742,352,0,0.0,1,0,,,,,0,0.3671210188989377,0.09310801365892415,cc_n_cells_e1=6.2e+03 (+0.19); cc_n_cells_e2=1.01e+03 (+0.08); deg_pooled_log2fc=nan (+0.06),novel
567,HLA-DMB,TAM1/TAM2/microglia,IDH_WT,TAM_microglia,0.0,0.0,0.0,0.0,,,0.0,0.0,0.0,0.0,,0.0,1.0,4.0,0.0,2.0,2.0,0.0046828301407175,0.002460909781326619,0.0,1.0,1.0,0.0,4.0,0.0,4,1,0,1,1,12086,25922,9696,2745,2745,0,0.0,0,0,,,,,0,0.36635841842603456,0.09369463911322443,cc_edges_e2=2 (+0.21); cc_n_cells_e1=1.21e+04 (+0.20); cc_max_prob=0.00468 (+0.08),novel
568,PTPRD,AC_like_tumor,IDH_Mutant,tumor,0.0,0.0,0.0,0.0,,,0.0,0.0,0.0,0.0,,0.0,1.0,0.0,0.0,0.0,0.0,0.0,0.0,,0.0,0.0,0.0,0.0,,1,0,1,1,1,72549,446,4249,283,283,0,0.0,1,0,,,,,0,0.3659193222044784,0.09765641839402808,cc_n_cells_e1=7.25e+04 (+0.18); cc_n_cells_e2=446 (+0.08); deg_pooled_log2fc=nan (+0.06),novel
569,TNFRSF1B,OPC_GABA_like_tumor,IDH_WT,tumor,0.0,0.0,0.0,0.0,,,0.0,0.0,0.0,0.0,,0.0,1.0,0.0,0.0,0.0,0.0,0.0,0.0,,0.0,0.0,0.0,0.0,,2,0,1,1,1,6741,14114,5040,1935,1935,0,0.0,0,0,,,,,0,0.3654754093385804,0.12217793997765994,cc_n_cells_e1=6.74e+03 (+0.18); deg_pooled_log2fc=nan (+0.06); cc_n_celltypes_total=1 (+0.05),novel
570,C3,TAM1/TAM2/microglia,IDH_WT,TAM_microglia,1.0,0.9200044734354852,0.9200044734354852,195.78743316022954,0.808,0.543,0.265,1.0,0.0,0.0,0.6393895524981916,1.0,2.0,6.0,0.0,3.0,3.0,0.0977093082783739,0.04598645097470667,0.0,1.0,1.0,0.0,6.0,0.0,6,1,0,1,1,12086,25922,9696,2745,2745,0,0.0,0,1,,,,,0,0.3653750941031201,0.05251332262488647,cc_edges_e2=3 (+0.25); cc_n_cells_e1=1.21e+04 (+0.21); deg_pct_diff=0.265 (+0.17),novel
571,SLIT1,TAM1/TAM2/microglia,IDH_WT,TAM_microglia,0.0,0.0,0.0,0.0,,,0.0,0.0,0.0,0.0,,0.0,2.0,0.0,0.0,0.0,0.0,0.0,0.0,,0.0,0.0,0.0,0.0,,2,1,0,1,1,12086,25922,9696,2745,2745,0,0.0,0,0,,,,,0,0.3641796290720305,0.049691403183813126,cc_n_cells_e1=1.21e+04 (+0.22); deg_pooled_log2fc=nan (+0.06); cc_n_celltypes_total=1 (+0.04),novel
572,PCDHGC3,AC_like_tumor,IDH_WT,tumor,0.0,0.0,0.0,0.0,,,0.0,0.0,0.0,0.0,,0.0,3.0,0.0,0.0,0.0,0.0,0.0,0.0,,0.0,0.0,0.0,0.0,,2,1,1,1,1,72549,446,64812,108,108,0,0.0,0,0,,,,,0,0.36403932551612,0.07053837830733327,cc_n_cells_e1=7.25e+04 (+0.22); cc_n_cells_e2=446 (+0.08); deg_pooled_log2fc=nan (+0.06),novel
573,CLDN11,OPC_GABA_like_tumor,IDH_WT,tumor,1.0,1.0606088887957328,1.0606088887957328,57.393290997983975,0.228,0.079,0.14900000000000002,1.0,0.0,0.0,,0.0,2.0,0.0,0.0,0.0,0.0,0.0,0.0,,0.0,0.0,0.0,0.0,,2,1,1,1,1,6741,14114,5040,1935,1935,0,0.0,0,0,,,,,0,0.3638040967954179,0.059052441595199345,cc_n_cells_e1=6.74e+03 (+0.20); deg_log2fc=1.06 (+0.13); deg_pct_diff=0.149 (+0.12),novel
574,SLITRK2,AC_like_tumor,IDH_Mutant,tumor,0.0,0.0,0.0,0.0,,,0.0,0.0,0.0,0.0,,0.0,1.0,0.0,0.0,0.0,0.0,0.0,0.0,,0.0,0.0,0.0,0.0,,1,1,0,1,1,72549,446,4249,283,283,0,0.0,1,0,,,,,0,0.3635402542438803,0.05691644078500624,cc_n_cells_e1=7.25e+04 (+0.19); cc_n_cells_e2=446 (+0.08); deg_pooled_log2fc=nan (+0.06),novel
575,TNFRSF1B,OPC_GABA_like_tumor,IDH_Mutant,tumor,0.0,0.0,0.0,0.0,,,0.0,0.0,0.0,0.0,,0.0,1.0,0.0,0.0,0.0,0.0,0.0,0.0,,0.0,0.0,0.0,0.0,,2,0,1,1,1,6741,14114,1658,11741,1658,0,0.0,1,0,,,,,0,0.3623424380672481,0.12524416623442305,cc_n_cells_e1=6.74e+03 (+0.18); deg_pooled_log2fc=nan (+0.06); cc_n_celltypes_total=1 (+0.05),novel
576,CLDN11,OPC_GABA_AC_like_tumor,IDH_WT,tumor,0.0,0.0,0.0,0.0,,,0.0,0.0,0.0,0.0,,0.0,2.0,0.0,0.0,0.0,0.0,0.0,0.0,,0.0,0.0,0.0,0.0,,2,1,1,1,1,6202,1012,5384,171,171,0,0.0,0,0,,,,,0,0.36230775958952366,0.06005909962936173,cc_n_cells_e1=6.2e+03 (+0.22); cc_n_cells_e2=1.01e+03 (+0.08); deg_pooled_log2fc=nan (+0.06),novel
577,EGFR,OPC_GABA_like_tumor,IDH_Mutant,tumor,1.0,0.9416551344956996,0.9416551344956996,60.08480607195075,0.613,0.427,0.186,1.0,1.0,0.0,-2.881688130255577,1.0,3.0,0.0,4.0,2.0,2.0,0.0324842206972956,0.01927997356641785,0.0,1.0,2.0,4.0,4.0,0.0,14,0,1,1,4,6741,14114,1658,11741,1658,0,0.0,1,1,1.0,tumor,growth,"Brennan et al., Cell 2013 (TCGA GBM)",1,0.36167736641082665,0.09992516550093584,cc_n_partners=2 (+0.90); cc_edges_total=14 (+0.56); cc_edges_e2=2 (+0.25),literature tier 1 (label)
578,PILRA,cycling_tumor,IDH_WT,tumor,0.0,0.0,0.0,0.0,,,0.0,0.0,0.0,0.0,,0.0,0.0,0.0,0.0,0.0,0.0,0.0,0.0,,0.0,0.0,0.0,0.0,,7,0,1,1,1,6410,814,5847,663,663,0,0.0,0,0,,,,,0,0.3615356542897822,0.05507992277672182,deg_n_celltypes_sig=0 (+0.32); cc_n_cells_e1=6.41e+03 (+0.18); cc_n_cells_e2=814 (+0.08),novel
579,SLITRK2,OPC_GABA_like_tumor,IDH_WT,tumor,1.0,2.365256056536932,2.365256056536932,232.18221614121134,0.367,0.057,0.31,1.0,0.0,0.0,1.1380986445112933,1.0,2.0,0.0,0.0,0.0,0.0,0.0,0.0,,0.0,0.0,0.0,0.0,,1,1,0,1,1,6741,14114,5040,1935,1935,0,0.0,0,0,,,,,0,0.3613043428232572,0.06049248616509936,cc_n_cells_e1=6.74e+03 (+0.20); deg_log2fc=2.37 (+0.12); deg_pct_diff=0.31 (+0.12),novel
580,SLITRK2,OPC_GABA_AC_like_tumor,IDH_Mutant,tumor,0.0,0.0,0.0,0.0,,,0.0,0.0,0.0,0.0,,0.0,1.0,0.0,0.0,0.0,0.0,0.0,0.0,,0.0,0.0,0.0,0.0,,1,1,0,1,1,6202,1012,352,742,352,0,0.0,1,0,,,,,0,0.3612297552792015,0.053209920476765656,cc_n_cells_e1=6.2e+03 (+0.20); cc_n_cells_e2=1.01e+03 (+0.08); deg_pooled_log2fc=nan (+0.06),novel
581,LRRTM3,OPC_GABA_AC_like_tumor,IDH_Mutant,tumor,0.0,0.0,0.0,0.0,,,0.0,0.0,0.0,0.0,,0.0,1.0,0.0,0.0,0.0,0.0,0.0,0.0,,0.0,0.0,0.0,0.0,,6,0,1,1,1,6202,1012,352,742,352,0,0.0,1,0,,,,,0,0.3607329400742138,0.014487439716436781,cc_n_cells_e1=6.2e+03 (+0.19); cc_n_cells_e2=1.01e+03 (+0.08); cc_n_celltypes_total=1 (+0.05),novel
582,LRRTM3,AC_like_tumor,IDH_Mutant,tumor,0.0,0.0,0.0,0.0,,,0.0,0.0,0.0,0.0,,0.0,1.0,0.0,0.0,0.0,0.0,0.0,0.0,,0.0,0.0,0.0,0.0,,6,0,1,1,1,72549,446,4249,283,283,0,0.0,1,0,,,,,0,0.3605376779250486,0.014972930008711286,cc_n_cells_e1=7.25e+04 (+0.18); cc_n_cells_e2=446 (+0.08); cc_n_celltypes_total=1 (+0.05),novel
583,CLDN11,AC_like_tumor,IDH_WT,tumor,0.0,0.0,0.0,0.0,,,0.0,0.0,0.0,0.0,,0.0,2.0,0.0,0.0,0.0,0.0,0.0,0.0,,0.0,0.0,0.0,0.0,,2,1,1,1,1,72549,446,64812,108,108,0,0.0,0,0,,,,,0,0.3603046619865838,0.06078679248678221,cc_n_cells_e1=7.25e+04 (+0.22); cc_n_cells_e2=446 (+0.08); deg_pooled_log2fc=nan (+0.06),novel
584,HAVCR2,OPC_GABA_like_tumor,IDH_Mutant,tumor,0.0,0.0,0.0,0.0,,,0.0,0.0,0.0,0.0,,0.0,3.0,0.0,0.0,0.0,0.0,0.0,0.0,,0.0,0.0,0.0,0.0,,2,0,1,1,1,6741,14114,1658,11741,1658,0,0.0,1,0,1.0,T_cell,immune_synapse,"Kim et al., Clin Cancer Res 2017",0,0.3598985367797951,0.03999831627038828,cc_n_cells_e1=6.74e+03 (+0.20); deg_pooled_log2fc=nan (+0.06); cc_n_celltypes_total=1 (+0.05),"literature gene, other compartment"
585,HLA-E,AC_like_tumor,IDH_Mutant,tumor,0.0,0.0,0.0,0.0,,,0.0,0.0,0.0,0.0,,0.0,4.0,0.0,0.0,0.0,0.0,0.0,0.0,,0.0,0.0,0.0,0.0,,6,1,0,1,4,72549,446,4249,283,283,0,0.0,1,0,,,,,0,0.3591206683935645,0.028207131097098923,cc_n_cells_e1=7.25e+04 (+0.25); deg_n_celltypes_sig=4 (+0.17); cc_n_cells_e2=446 (+0.08),novel
586,NRXN2,cycling_tumor,IDH_WT,tumor,1.0,0.8403773221055575,0.8403773221055575,40.97247610785651,0.175,0.039,0.13599999999999998,1.0,1.0,1.0,1.0493405799743036,1.0,1.0,0.0,0.0,0.0,0.0,0.0,0.0,,0.0,0.0,0.0,0.0,,10,1,0,1,1,6410,814,5847,663,663,0,0.0,0,0,,,,,0,0.3581854039188622,0.07169016457959886,cc_n_cells_e1=6.41e+03 (+0.18); deg_pct_diff=0.136 (+0.18); deg_pooled_log2fc=1.05 (+0.13),novel
587,MDK,TAM1/TAM2/microglia,IDH_Mutant,TAM_microglia,0.0,0.0,0.0,0.0,,,0.0,0.0,0.0,0.0,,0.0,1.0,0.0,0.0,0.0,0.0,0.0,0.0,,0.0,0.0,0.0,0.0,,28,1,0,1,1,12086,25922,2106,21701,2106,0,0.0,1,0,,,,,0,0.35785537661293965,0.0437720052885996,cc_n_cells_e1=1.21e+04 (+0.22); cc_n_celltypes_total=1 (+0.09); deg_pooled_log2fc=nan (+0.04),novel
588,PCDHGC3,AC_like_tumor,IDH_Mutant,tumor,0.0,0.0,0.0,0.0,,,0.0,0.0,0.0,0.0,,0.0,2.0,0.0,0.0,0.0,0.0,0.0,0.0,,0.0,0.0,0.0,0.0,,2,1,1,1,1,72549,446,4249,283,283,0,0.0,1,0,,,,,0,0.35710548092050787,0.07555423165576648,cc_n_cells_e1=7.25e+04 (+0.22); cc_n_cells_e2=446 (+0.08); deg_pooled_log2fc=nan (+0.06),novel
589,MERTK,OPC_GABA_like_tumor,IDH_Mutant,tumor,1.0,-2.3388235291459014,2.3388235291459014,70.6881251564773,0.019,0.1,-0.081,-1.0,0.0,0.0,,0.0,2.0,0.0,0.0,0.0,0.0,0.0,0.0,,0.0,0.0,0.0,0.0,,1,0,1,1,1,6741,14114,1658,11741,1658,0,-0.0,1,0,,,,,0,0.3566044856048812,0.07263364256182074,cc_n_cells_e1=6.74e+03 (+0.19); deg_pct_e1=0.1 (+0.11); deg_pooled_log2fc=nan (+0.07),novel
590,NRXN2,AC_like_tumor,IDH_Mutant,tumor,1.0,0.7874073224983326,0.7874073224983326,2.7413452040349524,0.191,0.09,0.101,1.0,0.0,0.0,1.2901965486045013,1.0,3.0,0.0,0.0,0.0,0.0,0.0,0.0,,0.0,0.0,0.0,0.0,,10,1,0,1,1,72549,446,4249,283,283,0,0.0,1,0,,,,,0,0.35655076463049645,0.06267394850681554,cc_n_cells_e1=7.25e+04 (+0.21); deg_pct_diff=0.101 (+0.19); deg_pooled_log2fc=1.29 (+0.13),novel
591,HAVCR2,cycling_tumor,IDH_Mutant,tumor,1.0,-8.033902757974692,8.033902757974692,5.449057838611597,0.0,0.256,-0.256,-1.0,0.0,0.0,,0.0,3.0,0.0,0.0,0.0,0.0,0.0,0.0,,0.0,0.0,0.0,0.0,,2,0,1,1,1,6410,814,270,136,136,0,-0.0,1,0,1.0,T_cell,immune_synapse,"Kim et al., Clin Cancer Res 2017",0,0.35536558341343116,0.04715921785259719,cc_n_cells_e1=6.41e+03 (+0.19); cc_n_cells_e2=814 (+0.08); deg_pooled_log2fc=nan (+0.06),"literature gene, other compartment"
592,P4HB,cycling_tumor,IDH_Mutant,tumor,0.0,0.0,0.0,0.0,,,0.0,0.0,0.0,0.0,,0.0,0.0,0.0,2.0,1.0,1.0,0.006613979542561,0.00406302455001975,0.0,1.0,1.0,2.0,2.0,0.0,5,0,1,1,3,6410,814,270,136,136,0,0.0,1,0,,,,,0,0.3550435463732088,0.10314917305392453,deg_n_celltypes_sig=0 (+0.29); cc_n_cells_e1=6.41e+03 (+0.21); cc_n_cells_e2=814 (+0.07),novel
593,TREM2,T cell,IDH_Mutant,T_cell,0.0,0.0,0.0,0.0,,,0.0,0.0,0.0,0.0,,0.0,1.0,0.0,0.0,0.0,0.0,0.0,0.0,,0.0,0.0,0.0,0.0,,57,0,1,2,2,2662,1463,941,334,334,0,0.0,1,0,2.0,TAM_microglia,myeloid_bridge,TAM marker (pathway-level),0,0.3536619672930574,0.03366490347624921,cc_edges_total=57 (+0.96); deg_n_celltypes_sig=1 (+0.12); cc_is_ligand=0 (+0.08),"literature gene, other compartment"
594,PCDHGC3,OPC_GABA_AC_like_tumor,IDH_Mutant,tumor,0.0,0.0,0.0,0.0,,,0.0,0.0,0.0,0.0,,0.0,2.0,0.0,0.0,0.0,0.0,0.0,0.0,,0.0,0.0,0.0,0.0,,2,1,1,1,1,6202,1012,352,742,352,0,0.0,1,0,,,,,0,0.3528623961489934,0.07381375347939105,cc_n_cells_e1=6.2e+03 (+0.22); cc_n_cells_e2=1.01e+03 (+0.08); deg_pooled_log2fc=nan (+0.06),novel
595,MIF,TAM1/TAM2/microglia,IDH_WT,TAM_microglia,1.0,-1.7007417161567784,1.7007417161567784,103.14721343765696,0.254,0.452,-0.198,-1.0,1.0,1.0,-2.387004410374148,1.0,3.0,6.0,0.0,0.0,6.0,0.0301801420527412,0.016768099215291734,0.0,1.0,2.0,4.0,6.0,-1.0,66,1,0,1,6,12086,25922,9696,2745,2745,0,1.0,0,1,1.0,tumor,myeloid_bridge,"Ghoochani et al., Oncotarget 2016",0,0.35253078985262826,0.09399885595313297,cc_edges_total=66 (+0.94); cc_n_partners=2 (+0.82); cc_n_cells_e1=1.21e+04 (+0.22),"literature gene, other compartment"
596,NRXN2,cycling_tumor,IDH_Mutant,tumor,1.0,5.363354862664815,5.363354862664815,7.377522825770371,0.199,0.007,0.192,1.0,1.0,1.0,1.0493405799743036,1.0,3.0,0.0,0.0,0.0,0.0,0.0,0.0,,0.0,0.0,0.0,0.0,,10,1,0,1,1,6410,814,270,136,136,0,0.0,1,0,,,,,0,0.3523857731503918,0.07051025092503259,cc_n_cells_e1=6.41e+03 (+0.20); deg_pct_diff=0.192 (+0.18); deg_log2fc=5.36 (+0.13),novel
597,HLA-E,OPC_GABA_AC_like_tumor,IDH_WT,tumor,0.0,0.0,0.0,0.0,,,0.0,0.0,0.0,0.0,,0.0,3.0,0.0,0.0,0.0,0.0,0.0,0.0,,0.0,0.0,0.0,0.0,,6,1,0,1,4,6202,1012,5384,171,171,0,0.0,0,0,,,,,0,0.3514611901446182,0.04211477960691341,cc_n_cells_e1=6.2e+03 (+0.25); cc_n_cells_e2=1.01e+03 (+0.08); cc_n_celltypes_total=4 (+0.04),novel
598,P4HB,AC_like_tumor,IDH_Mutant,tumor,0.0,0.0,0.0,0.0,,,0.0,0.0,0.0,0.0,,0.0,0.0,0.0,0.0,0.0,0.0,0.0,0.0,,0.0,0.0,0.0,0.0,,5,0,1,1,3,72549,446,4249,283,283,0,0.0,1,0,,,,,0,0.349608049295826,0.0965763075637397,deg_n_celltypes_sig=0 (+0.31); cc_n_cells_e1=7.25e+04 (+0.21); cc_n_cells_e2=446 (+0.08),novel
599,P4HB,OPC_GABA_AC_like_tumor,IDH_Mutant,tumor,0.0,0.0,0.0,0.0,,,0.0,0.0,0.0,0.0,,0.0,0.0,0.0,0.0,0.0,0.0,0.0,0.0,,0.0,0.0,0.0,0.0,,5,0,1,1,3,6202,1012,352,742,352,0,0.0,1,0,,,,,0,0.34890819831057784,0.09780258619463446,deg_n_celltypes_sig=0 (+0.29); cc_n_cells_e1=6.2e+03 (+0.21); cc_n_cells_e2=1.01e+03 (+0.08),novel
600,THY1,OPC_GABA_AC_like_tumor,IDH_Mutant,tumor,0.0,0.0,0.0,0.0,,,0.0,0.0,0.0,0.0,,0.0,3.0,0.0,0.0,0.0,0.0,0.0,0.0,,0.0,0.0,0.0,0.0,,2,1,0,1,2,6202,1012,352,742,352,0,0.0,1,0,,,,,0,0.34862497283669186,0.08595440680710233,cc_n_cells_e1=6.2e+03 (+0.25); cc_n_cells_e2=1.01e+03 (+0.08); deg_pooled_log2fc=nan (+0.06),novel
601,PTPRD,OPC_GABA_AC_like_tumor,IDH_WT,tumor,0.0,0.0,0.0,0.0,,,0.0,0.0,0.0,0.0,,0.0,3.0,0.0,0.0,0.0,0.0,0.0,0.0,,0.0,0.0,0.0,0.0,,1,0,1,1,1,6202,1012,5384,171,171,0,0.0,0,0,,,,,0,0.34814681941267533,0.0759057102702078,cc_n_cells_e1=6.2e+03 (+0.21); cc_n_cells_e2=1.01e+03 (+0.08); deg_pooled_log2fc=nan (+0.06),novel
602,HLA-E,AC_like_tumor,IDH_WT,tumor,0.0,0.0,0.0,0.0,,,0.0,0.0,0.0,0.0,,0.0,3.0,0.0,0.0,0.0,0.0,0.0,0.0,,0.0,0.0,0.0,0.0,,6,1,0,1,4,72549,446,64812,108,108,0,0.0,0,0,,,,,0,0.3479728216931405,0.039609754603528446,cc_n_cells_e1=7.25e+04 (+0.25); cc_n_cells_e2=446 (+0.08); cc_n_celltypes_total=4 (+0.04),novel
603,CLSTN1,TAM1/TAM2/microglia,IDH_Mutant,TAM_microglia,1.0,0.562912599527329,0.562912599527329,4.935691868432048,0.132,0.084,0.048,1.0,1.0,1.0,0.6226957303874081,1.0,1.0,0.0,0.0,0.0,0.0,0.0,0.0,,0.0,0.0,0.0,0.0,,12,0,1,1,2,12086,25922,2106,21701,2106,0,0.0,1,0,,,,,0,0.3479279048129172,0.050733773505049755,cc_n_cells_e1=1.21e+04 (+0.20); deg_pct_e1=0.084 (+0.10); deg_log2fc=0.563 (+0.09),novel
604,NCAM1,T cell,IDH_Mutant,T_cell,1.0,3.3377055436951317,3.3377055436951317,17.58587983808966,0.147,0.013,0.13399999999999998,1.0,0.0,0.0,,0.0,5.0,0.0,0.0,0.0,0.0,0.0,0.0,,0.0,0.0,0.0,0.0,,55,1,1,1,4,2662,1463,941,334,334,0,0.0,1,0,2.0,tumor,neuron_tumor,Synaptic adhesion (pathway-level),0,0.3468442883006726,0.07273170793266526,cc_edges_total=55 (+1.00); deg_pct_diff=0.134 (+0.25); deg_log2fc=3.34 (+0.15),"literature gene, other compartment"
605,TGFBR2,cycling_tumor,IDH_Mutant,tumor,1.0,-6.8844254226233375,6.8844254226233375,1.458308263742727,0.0,0.156,-0.156,-1.0,0.0,0.0,,0.0,2.0,0.0,0.0,0.0,0.0,0.0,0.0,,0.0,0.0,0.0,0.0,,4,0,1,1,1,6410,814,270,136,136,0,-0.0,1,0,,,,,0,0.3464814322180531,0.049283341571112936,cc_n_cells_e1=6.41e+03 (+0.19); cc_n_cells_e2=814 (+0.08); cc_n_celltypes_total=1 (+0.05),novel
606,HBEGF,TAM1/TAM2/microglia,IDH_Mutant,TAM_microglia,0.0,0.0,0.0,0.0,,,0.0,0.0,0.0,0.0,,0.0,0.0,7.0,0.0,0.0,7.0,0.0191470332237848,0.0075573265473107285,0.0,1.0,4.0,7.0,7.0,-1.0,7,1,0,1,1,12086,25922,2106,21701,2106,0,-0.0,1,0,,,,,0,0.34553400588567473,0.07352102748012616,cc_n_partners=4 (+0.26); deg_n_celltypes_sig=0 (+0.22); cc_n_cells_e1=1.21e+04 (+0.19),novel
607,BSG,T cell,IDH_Mutant,T_cell,0.0,0.0,0.0,0.0,,,0.0,0.0,0.0,0.0,,0.0,1.0,0.0,0.0,0.0,0.0,0.0,0.0,,0.0,0.0,0.0,0.0,,56,0,1,1,4,2662,1463,941,334,334,0,0.0,1,0,,,,,0,0.3454863918577039,0.08824875954107503,cc_edges_total=56 (+0.95); deg_n_celltypes_sig=1 (+0.12); cc_is_ligand=0 (+0.08),novel
608,ITGAX,cycling_tumor,IDH_Mutant,tumor,0.0,0.0,0.0,0.0,,,0.0,0.0,0.0,0.0,,0.0,0.0,0.0,0.0,0.0,0.0,0.0,0.0,,0.0,0.0,0.0,0.0,,4,0,1,2,1,6410,814,270,136,136,0,0.0,1,0,,,,,0,0.3452000324275346,0.14848618649405734,deg_n_celltypes_sig=0 (+0.39); cc_n_cells_e1=6.41e+03 (+0.18); cc_n_cells_e2=814 (+0.08),novel
609,ITGAX,AC_like_tumor,IDH_Mutant,tumor,0.0,0.0,0.0,0.0,,,0.0,0.0,0.0,0.0,,0.0,0.0,0.0,0.0,0.0,0.0,0.0,0.0,,0.0,0.0,0.0,0.0,,4,0,1,2,1,72549,446,4249,283,283,0,0.0,1,0,,,,,0,0.34487094014736824,0.14854249300685807,deg_n_celltypes_sig=0 (+0.41); cc_n_cells_e1=7.25e+04 (+0.19); cc_n_cells_e2=446 (+0.08),novel
610,CXCR4,cycling_tumor,IDH_WT,tumor,1.0,-3.752771544044781,3.752771544044781,8.281028437853859,0.026,0.117,-0.09100000000000001,-1.0,1.0,1.0,-3.621523269376044,1.0,2.0,0.0,0.0,0.0,0.0,0.0,0.0,,0.0,0.0,0.0,0.0,,44,0,1,1,2,6410,814,5847,663,663,0,-0.0,0,0,1.0,tumor,growth,"Rubin et al., PNAS 2003",1,0.344864263651886,0.11999820051490202,cc_edges_total=44 (+1.44); cc_n_cells_e1=6.41e+03 (+0.22); deg_pct_e1=0.117 (+0.10),literature tier 1 (label)
611,TGFBR2,OPC_GABA_AC_like_tumor,IDH_WT,tumor,0.0,0.0,0.0,0.0,,,0.0,0.0,0.0,0.0,,0.0,1.0,0.0,0.0,0.0,0.0,0.0,0.0,,0.0,0.0,0.0,0.0,,4,0,1,1,1,6202,1012,5384,171,171,0,0.0,0,0,,,,,0,0.3445000641815487,0.04838782138807878,cc_n_cells_e1=6.2e+03 (+0.19); cc_n_cells_e2=1.01e+03 (+0.08); cc_n_celltypes_total=1 (+0.05),novel
612,LAIR1,OPC_GABA_AC_like_tumor,IDH_WT,tumor,0.0,0.0,0.0,0.0,,,0.0,0.0,0.0,0.0,,0.0,1.0,0.0,0.0,0.0,0.0,0.0,0.0,,0.0,0.0,0.0,0.0,,4,1,0,1,1,6202,1012,5384,171,171,0,0.0,0,0,,,,,0,0.34424914701724657,0.05091963852560255,cc_n_cells_e1=6.2e+03 (+0.21); cc_n_cells_e2=1.01e+03 (+0.08); cc_n_celltypes_total=1 (+0.05),novel
613,GAS6,cycling_tumor,IDH_Mutant,tumor,1.0,-6.232159625747492,6.232159625747492,4.162071336067185,0.015,0.248,-0.23299999999999998,-1.0,0.0,0.0,,0.0,2.0,0.0,0.0,0.0,0.0,0.0,0.0,,0.0,0.0,0.0,0.0,,2,1,0,1,1,6410,814,270,136,136,0,-0.0,1,0,,,,,0,0.3441406942685959,0.09264275869547696,cc_n_cells_e1=6.41e+03 (+0.20); cc_n_cells_e2=814 (+0.07); deg_pooled_log2fc=nan (+0.07),novel
614,ITGAX,OPC_GABA_AC_like_tumor,IDH_Mutant,tumor,0.0,0.0,0.0,0.0,,,0.0,0.0,0.0,0.0,,0.0,0.0,0.0,0.0,0.0,0.0,0.0,0.0,,0.0,0.0,0.0,0.0,,4,0,1,2,1,6202,1012,352,742,352,0,0.0,1,0,,,,,0,0.3429608214030868,0.15353271517260939,deg_n_celltypes_sig=0 (+0.39); cc_n_cells_e1=6.2e+03 (+0.19); cc_n_cells_e2=1.01e+03 (+0.08),novel
615,ADORA3,OPC_GABA_like_tumor,IDH_WT,tumor,0.0,0.0,0.0,0.0,,,0.0,0.0,0.0,0.0,,0.0,1.0,0.0,0.0,0.0,0.0,0.0,0.0,,0.0,0.0,0.0,0.0,,1,1,0,1,1,6741,14114,5040,1935,1935,0,0.0,0,0,,,,,0,0.3419643015849291,0.058343794899224394,cc_n_cells_e1=6.74e+03 (+0.19); deg_pooled_log2fc=nan (+0.06); cc_n_celltypes_total=1 (+0.05),novel
616,MDK,TAM1/TAM2/microglia,IDH_WT,TAM_microglia,0.0,0.0,0.0,0.0,,,0.0,0.0,0.0,0.0,,0.0,2.0,0.0,0.0,0.0,0.0,0.0,0.0,,0.0,0.0,0.0,0.0,,28,1,0,1,1,12086,25922,9696,2745,2745,0,0.0,0,0,,,,,0,0.34187354414505333,0.053620620461871,cc_n_cells_e1=1.21e+04 (+0.24); cc_n_celltypes_total=1 (+0.09); deg_pooled_log2fc=nan (+0.04),novel
617,LAIR1,AC_like_tumor,IDH_WT,tumor,0.0,0.0,0.0,0.0,,,0.0,0.0,0.0,0.0,,0.0,1.0,0.0,0.0,0.0,0.0,0.0,0.0,,0.0,0.0,0.0,0.0,,4,1,0,1,1,72549,446,64812,108,108,0,0.0,0,0,,,,,0,0.3416600641766113,0.04664684242645658,cc_n_cells_e1=7.25e+04 (+0.20); cc_n_cells_e2=446 (+0.08); cc_n_celltypes_total=1 (+0.05),novel
618,SDC3,cycling_tumor,IDH_WT,tumor,1.0,0.6181945221876667,0.6181945221876667,45.43056657574756,0.291,0.087,0.204,1.0,0.0,0.0,0.6175999945696687,1.0,2.0,0.0,11.0,11.0,0.0,0.0141883084146195,0.008330391207846137,0.0,1.0,7.0,3.0,11.0,1.0,11,0,1,1,1,6410,814,5847,663,663,0,1.0,0,1,,,,,0,0.34118413905723344,0.049317673766720485,cc_n_partners=7 (+0.29); cc_edges_e2=11 (+0.19); cc_n_cells_e1=6.41e+03 (+0.18),novel
619,CD74,T cell,IDH_Mutant,T_cell,0.0,0.0,0.0,0.0,,,0.0,0.0,0.0,0.0,,0.0,4.0,0.0,50.0,25.0,25.0,0.0485948380951234,0.015620824906069038,0.0,2.0,6.0,42.0,50.0,0.0,109,0,1,2,6,2662,1463,941,334,334,0,0.0,1,0,1.0,TAM_microglia,myeloid_bridge,"Ghoochani et al., Oncotarget 2016",0,0.3403828997705414,0.08646702265340966,cc_edges_total=109 (+0.75); cc_n_partners=6 (+0.21); deg_n_celltypes_sig=4 (+0.20),"literature gene, other compartment"
620,PTGES3,TAM1/TAM2/microglia,IDH_WT,TAM_microglia,0.0,0.0,0.0,0.0,,,0.0,0.0,0.0,0.0,,0.0,3.0,2.0,0.0,1.0,1.0,0.0070705546616578,0.00699289006561315,0.0,1.0,1.0,0.0,2.0,0.0,13,1,0,1,7,12086,25922,9696,2745,2745,0,0.0,0,0,,,,,0,0.33850974119711863,0.10954771561768932,cc_edges_total=13 (+0.47); cc_n_cells_e1=1.21e+04 (+0.27); deg_pooled_log2fc=nan (+0.04),novel
621,LAIR1,AC_like_tumor,IDH_Mutant,tumor,0.0,0.0,0.0,0.0,,,0.0,0.0,0.0,0.0,,0.0,1.0,0.0,0.0,0.0,0.0,0.0,0.0,,0.0,0.0,0.0,0.0,,4,1,0,1,1,72549,446,4249,283,283,0,0.0,1,0,,,,,0,0.3382105016211371,0.041790945933744536,cc_n_cells_e1=7.25e+04 (+0.20); cc_n_cells_e2=446 (+0.08); cc_n_celltypes_total=1 (+0.05),novel
622,TGFBR2,AC_like_tumor,IDH_WT,tumor,0.0,0.0,0.0,0.0,,,0.0,0.0,0.0,0.0,,0.0,1.0,0.0,0.0,0.0,0.0,0.0,0.0,,0.0,0.0,0.0,0.0,,4,0,1,1,1,72549,446,64812,108,108,0,0.0,0,0,,,,,0,0.3377061396813391,0.047292547580364566,cc_n_cells_e1=7.25e+04 (+0.18); cc_n_cells_e2=446 (+0.08); cc_n_celltypes_total=1 (+0.05),novel
623,NCAM2,OPC_GABA_like_tumor,IDH_WT,tumor,1.0,0.9460828142842912,0.9460828142842912,129.16628029383946,0.379,0.108,0.271,1.0,1.0,0.0,,0.0,2.0,0.0,0.0,0.0,0.0,0.0,0.0,,0.0,0.0,0.0,0.0,,5,0,1,1,1,6741,14114,5040,1935,1935,0,0.0,0,0,,,,,0,0.3373071397732484,0.036895368114888166,cc_n_cells_e1=6.74e+03 (+0.19); deg_pct_diff=0.271 (+0.15); deg_log2fc=0.946 (+0.12),novel
624,LRRTM2,AC_like_tumor,IDH_Mutant,tumor,1.0,1.6209291707314872,1.6209291707314872,4.293315804316049,0.177,0.074,0.103,1.0,0.0,0.0,0.4798341793656784,1.0,3.0,0.0,0.0,0.0,0.0,0.0,0.0,,0.0,0.0,0.0,0.0,,12,0,1,1,2,72549,446,4249,283,283,0,0.0,1,0,,,,,0,0.33525445484269845,0.04126165392455495,cc_n_cells_e1=7.25e+04 (+0.22); deg_pct_diff=0.103 (+0.18); deg_log2fc=1.62 (+0.13),novel
625,PTGER4,T cell,IDH_Mutant,T_cell,0.0,0.0,0.0,0.0,,,0.0,0.0,0.0,0.0,,0.0,0.0,0.0,0.0,0.0,0.0,0.0,0.0,,0.0,0.0,0.0,0.0,,14,0,1,1,1,2662,1463,941,334,334,0,0.0,1,0,,,,,0,0.33506557226289047,0.12577239383861102,cc_edges_total=14 (+0.43); deg_n_celltypes_sig=0 (+0.31); cc_n_celltypes_total=1 (+0.17),novel
626,LILRB4,OPC_GABA_AC_like_tumor,IDH_WT,tumor,0.0,0.0,0.0,0.0,,,0.0,0.0,0.0,0.0,,0.0,1.0,0.0,0.0,0.0,0.0,0.0,0.0,,0.0,0.0,0.0,0.0,,4,0,1,1,1,6202,1012,5384,171,171,0,0.0,0,0,2.0,TAM_microglia,myeloid_bridge,Myeloid checkpoint (pathway-level),0,0.33491695348667133,0.05525100553447973,cc_n_cells_e1=6.2e+03 (+0.19); cc_n_cells_e2=1.01e+03 (+0.08); cc_n_celltypes_total=1 (+0.05),"literature gene, other compartment"
627,ROBO1,TAM1/TAM2/microglia,IDH_Mutant,TAM_microglia,0.0,0.0,0.0,0.0,,,0.0,0.0,0.0,0.0,,0.0,3.0,0.0,0.0,0.0,0.0,0.0,0.0,,0.0,0.0,0.0,0.0,,2,0,1,1,2,12086,25922,2106,21701,2106,0,0.0,1,0,,,,,0,0.3345934121914795,0.02574270194493666,cc_n_cells_e1=1.21e+04 (+0.23); deg_pooled_log2fc=nan (+0.06); cc_is_ligand=0 (+0.03),novel
628,LAIR1,OPC_GABA_AC_like_tumor,IDH_Mutant,tumor,0.0,0.0,0.0,0.0,,,0.0,0.0,0.0,0.0,,0.0,1.0,0.0,0.0,0.0,0.0,0.0,0.0,,0.0,0.0,0.0,0.0,,4,1,0,1,1,6202,1012,352,742,352,0,0.0,1,0,,,,,0,0.33417211452126533,0.04140629286060898,cc_n_cells_e1=6.2e+03 (+0.21); cc_n_cells_e2=1.01e+03 (+0.08); cc_n_celltypes_total=1 (+0.05),novel
629,LAIR1,cycling_tumor,IDH_Mutant,tumor,0.0,0.0,0.0,0.0,,,0.0,0.0,0.0,0.0,,0.0,1.0,0.0,0.0,0.0,0.0,0.0,0.0,,0.0,0.0,0.0,0.0,,4,1,0,1,1,6410,814,270,136,136,0,0.0,1,0,,,,,0,0.33327824077440804,0.03585105531204541,cc_n_cells_e1=6.41e+03 (+0.20); cc_n_cells_e2=814 (+0.08); cc_n_celltypes_total=1 (+0.05),novel
630,GAS6,AC_like_tumor,IDH_Mutant,tumor,0.0,0.0,0.0,0.0,,,0.0,0.0,0.0,0.0,,0.0,2.0,0.0,0.0,0.0,0.0,0.0,0.0,,0.0,0.0,0.0,0.0,,2,1,0,1,1,72549,446,4249,283,283,0,0.0,1,0,,,,,0,0.33327809236306416,0.09401348456345363,cc_n_cells_e1=7.25e+04 (+0.22); cc_n_cells_e2=446 (+0.08); deg_pooled_log2fc=nan (+0.06),novel
631,GAS6,OPC_GABA_AC_like_tumor,IDH_Mutant,tumor,0.0,0.0,0.0,0.0,,,0.0,0.0,0.0,0.0,,0.0,2.0,0.0,0.0,0.0,0.0,0.0,0.0,,0.0,0.0,0.0,0.0,,2,1,0,1,1,6202,1012,352,742,352,0,0.0,1,0,,,,,0,0.3331074264412469,0.09372966519402928,cc_n_cells_e1=6.2e+03 (+0.23); cc_n_cells_e2=1.01e+03 (+0.08); deg_pooled_log2fc=nan (+0.06),novel
632,SLITRK2,OPC_GABA_AC_like_tumor,IDH_WT,tumor,0.0,0.0,0.0,0.0,,,0.0,0.0,0.0,0.0,,0.0,2.0,0.0,0.0,0.0,0.0,0.0,0.0,,0.0,0.0,0.0,0.0,,1,1,0,1,1,6202,1012,5384,171,171,0,0.0,0,0,,,,,0,0.33307715131793253,0.058051692322095866,cc_n_cells_e1=6.2e+03 (+0.23); cc_n_cells_e2=1.01e+03 (+0.08); deg_pooled_log2fc=nan (+0.06),novel
633,ROBO1,TAM1/TAM2/microglia,IDH_WT,TAM_microglia,0.0,0.0,0.0,0.0,,,0.0,0.0,0.0,0.0,,0.0,2.0,0.0,0.0,0.0,0.0,0.0,0.0,,0.0,0.0,0.0,0.0,,2,0,1,1,2,12086,25922,9696,2745,2745,0,0.0,0,0,,,,,0,0.3327081550030247,0.01848879334763281,cc_n_cells_e1=1.21e+04 (+0.23); deg_pooled_log2fc=nan (+0.06); cc_is_ligand=0 (+0.03),novel
634,TNFRSF1B,TAM1/TAM2/microglia,IDH_WT,TAM_microglia,1.0,0.4711961123327896,0.4711961123327896,29.512725596677058,0.423,0.294,0.129,1.0,1.0,1.0,0.6814223135822395,1.0,1.0,0.0,2.0,1.0,1.0,0.0066747111237441,0.005640853623166599,0.0,1.0,1.0,0.0,2.0,0.0,2,0,1,1,1,12086,25922,9696,2745,2745,0,0.0,0,1,,,,,0,0.3324349292272942,0.11624400466723724,cc_n_cells_e1=1.21e+04 (+0.16); deg_pct_diff=0.129 (+0.13); deg_log2fc=0.471 (+0.10),novel
635,CLSTN1,TAM1/TAM2/microglia,IDH_WT,TAM_microglia,1.0,0.5704274130975062,0.5704274130975062,14.513223633066772,0.129,0.073,0.05600000000000001,1.0,1.0,1.0,0.6226957303874081,1.0,2.0,0.0,0.0,0.0,0.0,0.0,0.0,,0.0,0.0,0.0,0.0,,12,0,1,1,2,12086,25922,9696,2745,2745,0,0.0,0,0,,,,,0,0.33236002975688816,0.04845623632982765,cc_n_cells_e1=1.21e+04 (+0.23); deg_pct_e1=0.073 (+0.10); deg_log2fc=0.57 (+0.10),novel
636,LRRTM3,OPC_GABA_AC_like_tumor,IDH_WT,tumor,0.0,0.0,0.0,0.0,,,0.0,0.0,0.0,0.0,,0.0,2.0,0.0,0.0,0.0,0.0,0.0,0.0,,0.0,0.0,0.0,0.0,,6,0,1,1,1,6202,1012,5384,171,171,0,0.0,0,0,,,,,0,0.3322147729814741,0.045358975208516616,cc_n_cells_e1=6.2e+03 (+0.21); cc_n_cells_e2=1.01e+03 (+0.08); cc_n_celltypes_total=1 (+0.05),novel
637,CXCR4,cycling_tumor,IDH_Mutant,tumor,1.0,-5.197459349206778,5.197459349206778,3.432866052814531,0.015,0.233,-0.21800000000000003,-1.0,1.0,1.0,-3.621523269376044,1.0,3.0,0.0,0.0,0.0,0.0,0.0,0.0,,0.0,0.0,0.0,0.0,,44,0,1,1,2,6410,814,270,136,136,0,-0.0,1,0,1.0,tumor,growth,"Rubin et al., PNAS 2003",1,0.33174325507309016,0.11659990630663161,cc_edges_total=44 (+1.42); cc_n_cells_e1=6.41e+03 (+0.22); cc_n_celltypes_total=2 (+0.10),literature tier 1 (label)
638,LILRB4,AC_like_tumor,IDH_WT,tumor,0.0,0.0,0.0,0.0,,,0.0,0.0,0.0,0.0,,0.0,1.0,0.0,0.0,0.0,0.0,0.0,0.0,,0.0,0.0,0.0,0.0,,4,0,1,1,1,72549,446,64812,108,108,0,0.0,0,0,2.0,TAM_microglia,myeloid_bridge,Myeloid checkpoint (pathway-level),0,0.33166934495529665,0.05248207871226192,cc_n_cells_e1=7.25e+04 (+0.18); cc_n_cells_e2=446 (+0.08); cc_n_celltypes_total=1 (+0.05),"literature gene, other compartment"
639,SLITRK2,AC_like_tumor,IDH_WT,tumor,0.0,0.0,0.0,0.0,,,0.0,0.0,0.0,0.0,,0.0,2.0,0.0,0.0,0.0,0.0,0.0,0.0,,0.0,0.0,0.0,0.0,,1,1,0,1,1,72549,446,64812,108,108,0,0.0,0,0,,,,,0,0.329724679643029,0.05859324140400384,cc_n_cells_e1=7.25e+04 (+0.22); cc_n_cells_e2=446 (+0.08); deg_pooled_log2fc=nan (+0.06),novel
640,PTPRD,OPC_GABA_like_tumor,IDH_Mutant,tumor,0.0,0.0,0.0,0.0,,,0.0,0.0,0.0,0.0,,0.0,1.0,0.0,1.0,1.0,0.0,0.0011930593981233,0.0011930593981233,0.0,1.0,1.0,0.0,1.0,1.0,1,0,1,1,1,6741,14114,1658,11741,1658,0,0.0,1,0,,,,,0,0.32967157409581116,0.10167429418611107,cc_n_cells_e1=6.74e+03 (+0.18); deg_pooled_log2fc=nan (+0.06); cc_n_celltypes_total=1 (+0.05),novel
641,LAIR1,cycling_tumor,IDH_WT,tumor,0.0,0.0,0.0,0.0,,,0.0,0.0,0.0,0.0,,0.0,1.0,0.0,0.0,0.0,0.0,0.0,0.0,,0.0,0.0,0.0,0.0,,4,1,0,1,1,6410,814,5847,663,663,0,0.0,0,0,,,,,0,0.3295920487054812,0.04180717459877578,cc_n_cells_e1=6.41e+03 (+0.20); cc_n_cells_e2=814 (+0.08); cc_n_celltypes_total=1 (+0.05),novel
642,JAM3,cycling_tumor,IDH_WT,tumor,1.0,2.630915976788741,2.630915976788741,204.82074201969834,0.33,0.028,0.302,1.0,1.0,1.0,2.3973352035949205,1.0,3.0,1.0,2.0,3.0,0.0,0.001159002926699,0.0009328306067242937,0.0,1.0,1.0,0.0,3.0,1.0,3,1,1,1,1,6410,814,5847,663,663,0,1.0,0,1,,,,,0,0.3293628611632323,0.06709121140594983,deg_pooled_log2fc=2.4 (+0.31); cc_edges_e2=3 (+0.22); cc_n_cells_e1=6.41e+03 (+0.21),novel
643,TGFBR2,cycling_tumor,IDH_WT,tumor,0.0,0.0,0.0,0.0,,,0.0,0.0,0.0,0.0,,0.0,1.0,0.0,0.0,0.0,0.0,0.0,0.0,,0.0,0.0,0.0,0.0,,4,0,1,1,1,6410,814,5847,663,663,0,0.0,0,0,,,,,0,0.32921335778050176,0.045302404214113676,cc_n_cells_e1=6.41e+03 (+0.18); cc_n_cells_e2=814 (+0.08); cc_n_celltypes_total=1 (+0.05),novel
644,MERTK,TAM1/TAM2/microglia,IDH_Mutant,TAM_microglia,1.0,1.037790316934118,1.037790316934118,74.79312828350913,0.588,0.4,0.18799999999999994,1.0,1.0,1.0,1.885323092163253,1.0,2.0,0.0,1.0,1.0,0.0,0.012077162692356,0.012077162692356,0.0,1.0,1.0,0.0,1.0,1.0,1,0,1,1,1,12086,25922,2106,21701,2106,0,1.0,1,1,,,,,0,0.3289607238865827,0.07163499138335598,deg_pooled_log2fc=1.89 (+0.28); cc_n_cells_e1=1.21e+04 (+0.19); deg_log2fc=1.04 (+0.13),novel
645,DAG1,OPC_GABA_AC_like_tumor,IDH_WT,tumor,0.0,0.0,0.0,0.0,,,0.0,0.0,0.0,0.0,,0.0,1.0,0.0,0.0,0.0,0.0,0.0,0.0,,0.0,0.0,0.0,0.0,,6,0,1,1,1,6202,1012,5384,171,171,0,0.0,0,0,,,,,0,0.32878957447684665,0.048036145957792646,cc_n_cells_e1=6.2e+03 (+0.19); cc_n_cells_e2=1.01e+03 (+0.08); cc_n_celltypes_total=1 (+0.05),novel
646,LRRTM3,AC_like_tumor,IDH_WT,tumor,0.0,0.0,0.0,0.0,,,0.0,0.0,0.0,0.0,,0.0,2.0,0.0,0.0,0.0,0.0,0.0,0.0,,0.0,0.0,0.0,0.0,,6,0,1,1,1,72549,446,64812,108,108,0,0.0,0,0,,,,,0,0.3281494111349084,0.045630360327379584,cc_n_cells_e1=7.25e+04 (+0.21); cc_n_cells_e2=446 (+0.08); cc_n_celltypes_total=1 (+0.05),novel
647,HLA-DRB1,OPC_GABA_AC_like_tumor,IDH_WT,tumor,1.0,-6.121355775572992,6.121355775572992,3.1711417563496536,0.006,0.164,-0.158,-1.0,1.0,1.0,-2.665883246001089,1.0,3.0,0.0,0.0,0.0,0.0,0.0,0.0,,0.0,0.0,0.0,0.0,,14,1,0,1,5,6202,1012,5384,171,171,0,-0.0,0,0,,,,,0,0.327146768170045,0.11193052733008131,cc_edges_total=14 (+0.50); cc_n_cells_e1=6.2e+03 (+0.24); cc_n_cells_e2=1.01e+03 (+0.05),novel
648,C3,OPC_GABA_AC_like_tumor,IDH_Mutant,tumor,1.0,-3.2271467093959534,3.2271467093959534,6.20874983405437,0.019,0.111,-0.092,-1.0,0.0,0.0,,0.0,2.0,0.0,0.0,0.0,0.0,0.0,0.0,,0.0,0.0,0.0,0.0,,6,1,0,1,1,6202,1012,352,742,352,0,-0.0,1,0,,,,,0,0.3267967485074321,0.026577964236487082,cc_n_cells_e1=6.2e+03 (+0.21); deg_pct_e1=0.111 (+0.10); cc_n_cells_e2=1.01e+03 (+0.08),novel
649,PTPRZ1,T cell,IDH_WT,T_cell,1.0,1.5626918692468383,1.5626918692468383,7.295678250287096,0.114,0.043,0.07100000000000001,1.0,0.0,0.0,,0.0,5.0,0.0,0.0,0.0,0.0,0.0,0.0,,0.0,0.0,0.0,0.0,,77,0,1,2,4,2662,1463,1681,1118,1118,0,0.0,0,0,1.0,tumor,myeloid_bridge,"Shi et al., Cell Stem Cell 2017",0,0.32619683009494305,0.053624833212187986,cc_edges_total=77 (+0.97); deg_log2fc=1.56 (+0.15); deg_pct_e1=0.043 (+0.15),"literature gene, other compartment"
650,SLITRK2,OPC_GABA_like_tumor,IDH_Mutant,tumor,0.0,0.0,0.0,0.0,,,0.0,0.0,0.0,0.0,,0.0,1.0,0.0,0.0,0.0,0.0,0.0,0.0,,0.0,0.0,0.0,0.0,,1,1,0,1,1,6741,14114,1658,11741,1658,0,0.0,1,0,,,,,0,0.32532072014776026,0.05368528875241865,cc_n_cells_e1=6.74e+03 (+0.19); deg_pooled_log2fc=nan (+0.06); cc_n_celltypes_total=1 (+0.05),novel
651,CD4,T cell,IDH_Mutant,T_cell,0.0,0.0,0.0,0.0,,,0.0,0.0,0.0,0.0,,0.0,1.0,0.0,0.0,0.0,0.0,0.0,0.0,,0.0,0.0,0.0,0.0,,88,0,1,1,1,2662,1463,941,334,334,0,0.0,1,0,2.0,T_cell,immune_synapse,MHC-II co-receptor (pathway-level),1,0.32523033738595813,0.07751519422547586,cc_edges_total=88 (+1.11); cc_n_celltypes_total=1 (+0.17); deg_n_celltypes_sig=1 (+0.12),literature tier 2 (label)
652,DAG1,AC_like_tumor,IDH_WT,tumor,0.0,0.0,0.0,0.0,,,0.0,0.0,0.0,0.0,,0.0,1.0,0.0,0.0,0.0,0.0,0.0,0.0,,0.0,0.0,0.0,0.0,,6,0,1,1,1,72549,446,64812,108,108,0,0.0,0,0,,,,,0,0.32442904403422285,0.04715778747797793,cc_n_cells_e1=7.25e+04 (+0.18); cc_n_cells_e2=446 (+0.08); cc_n_celltypes_total=1 (+0.05),novel
653,PILRA,OPC_GABA_like_tumor,IDH_WT,tumor,0.0,0.0,0.0,0.0,,,0.0,0.0,0.0,0.0,,0.0,0.0,0.0,0.0,0.0,0.0,0.0,0.0,,0.0,0.0,0.0,0.0,,7,0,1,1,1,6741,14114,5040,1935,1935,0,0.0,0,0,,,,,0,0.32415843735570443,0.058724823751629684,deg_n_celltypes_sig=0 (+0.32); cc_n_cells_e1=6.74e+03 (+0.18); cc_n_celltypes_total=1 (+0.05),novel
654,APOE,TAM1/TAM2/microglia,IDH_WT,TAM_microglia,1.0,-0.2688031221302287,0.2688031221302287,13.176939930705021,0.995,0.978,0.017000000000000015,-1.0,1.0,1.0,-0.9791405155287736,1.0,6.0,6.0,0.0,3.0,3.0,0.2392234722575476,0.20058439002568906,0.0,1.0,2.0,2.0,6.0,0.0,36,1,0,1,7,12086,25922,9696,2745,2745,0,-0.0,0,1,2.0,TAM_microglia,myeloid_bridge,TAM lipid program (pathway-level),1,0.32410533816843246,0.07276629423558686,cc_n_partners=2 (+0.79); cc_edges_e2=3 (+0.27); cc_n_cells_e1=1.21e+04 (+0.26),literature tier 2 (label)
655,LRRTM2,OPC_GABA_AC_like_tumor,IDH_Mutant,tumor,0.0,0.0,0.0,0.0,,,0.0,0.0,0.0,0.0,,0.0,3.0,0.0,0.0,0.0,0.0,0.0,0.0,,0.0,0.0,0.0,0.0,,12,0,1,1,2,6202,1012,352,742,352,0,0.0,1,0,,,,,0,0.3237166878377436,0.07916168513774377,cc_n_cells_e1=6.2e+03 (+0.25); cc_n_cells_e2=1.01e+03 (+0.08); cc_n_celltypes_total=2 (+0.06),novel
656,GPR37L1,OPC_GABA_AC_like_tumor,IDH_WT,tumor,0.0,0.0,0.0,0.0,,,0.0,0.0,0.0,0.0,,0.0,0.0,0.0,0.0,0.0,0.0,0.0,0.0,,0.0,0.0,0.0,0.0,,9,0,1,1,1,6202,1012,5384,171,171,0,0.0,0,0,,,,,0,0.3232764428581015,0.0630632441440541,deg_n_celltypes_sig=0 (+0.32); cc_n_cells_e1=6.2e+03 (+0.19); cc_n_cells_e2=1.01e+03 (+0.08),novel
657,ITGB2,OPC_GABA_AC_like_tumor,IDH_WT,tumor,0.0,0.0,0.0,0.0,,,0.0,0.0,0.0,0.0,,0.0,2.0,0.0,0.0,0.0,0.0,0.0,0.0,,0.0,0.0,0.0,0.0,,4,0,1,2,1,6202,1012,5384,171,171,0,0.0,0,0,,,,,0,0.3232612343234716,0.017542283732776026,cc_n_cells_e1=6.2e+03 (+0.21); cc_n_cells_e2=1.01e+03 (+0.08); cc_n_celltypes_total=1 (+0.05),novel
658,TNFRSF1B,TAM1/TAM2/microglia,IDH_Mutant,TAM_microglia,1.0,0.4559028803841813,0.4559028803841813,14.137941532261937,0.478,0.388,0.08999999999999997,1.0,1.0,1.0,0.6814223135822395,1.0,1.0,0.0,2.0,1.0,1.0,0.0066747111237441,0.005640853623166599,0.0,1.0,1.0,0.0,2.0,0.0,2,0,1,1,1,12086,25922,2106,21701,2106,0,0.0,1,1,,,,,0,0.3225248142779703,0.12173769345958257,cc_n_cells_e1=1.21e+04 (+0.17); deg_pct_diff=0.09 (+0.16); deg_log2fc=0.456 (+0.10),novel
659,LILRB4,cycling_tumor,IDH_WT,tumor,0.0,0.0,0.0,0.0,,,0.0,0.0,0.0,0.0,,0.0,1.0,0.0,0.0,0.0,0.0,0.0,0.0,,0.0,0.0,0.0,0.0,,4,0,1,1,1,6410,814,5847,663,663,0,0.0,0,0,2.0,TAM_microglia,myeloid_bridge,Myeloid checkpoint (pathway-level),0,0.32210798851143807,0.05285796881384396,cc_n_cells_e1=6.41e+03 (+0.18); cc_n_cells_e2=814 (+0.08); cc_n_celltypes_total=1 (+0.05),"literature gene, other compartment"
660,KLRC2,OPC_GABA_AC_like_tumor,IDH_Mutant,tumor,0.0,0.0,0.0,0.0,,,0.0,0.0,0.0,0.0,,0.0,3.0,0.0,0.0,0.0,0.0,0.0,0.0,,0.0,0.0,0.0,0.0,,6,0,1,1,1,6202,1012,352,742,352,0,0.0,1,0,,,,,0,0.3220708157840095,0.06770656280636388,cc_n_cells_e1=6.2e+03 (+0.21); cc_n_cells_e2=1.01e+03 (+0.08); cc_n_celltypes_total=1 (+0.05),novel
661,C3,TAM1/TAM2/microglia,IDH_Mutant,TAM_microglia,0.0,0.0,0.0,0.0,,,0.0,0.0,0.0,0.0,,0.0,2.0,6.0,0.0,3.0,3.0,0.0977093082783739,0.04598645097470667,0.0,1.0,1.0,0.0,6.0,0.0,6,1,0,1,1,12086,25922,2106,21701,2106,0,0.0,1,0,,,,,0,0.3207561683053418,0.05369461398298687,cc_n_cells_e1=1.21e+04 (+0.23); cc_edges_e2=3 (+0.22); cc_edges_e1=3 (+0.04),novel
662,LRRTM2,OPC_GABA_AC_like_tumor,IDH_WT,tumor,0.0,0.0,0.0,0.0,,,0.0,0.0,0.0,0.0,,0.0,2.0,0.0,0.0,0.0,0.0,0.0,0.0,,0.0,0.0,0.0,0.0,,12,0,1,1,2,6202,1012,5384,171,171,0,0.0,0,0,,,,,0,0.32041836725905687,0.08680813081794635,cc_n_cells_e1=6.2e+03 (+0.25); cc_n_cells_e2=1.01e+03 (+0.08); cc_n_celltypes_total=2 (+0.06),novel
663,GPR37L1,AC_like_tumor,IDH_WT,tumor,0.0,0.0,0.0,0.0,,,0.0,0.0,0.0,0.0,,0.0,0.0,0.0,0.0,0.0,0.0,0.0,0.0,,0.0,0.0,0.0,0.0,,9,0,1,1,1,72549,446,64812,108,108,0,0.0,0,0,,,,,0,0.32037712553822933,0.06261539291200038,deg_n_celltypes_sig=0 (+0.32); cc_n_cells_e1=7.25e+04 (+0.19); cc_n_cells_e2=446 (+0.08),novel
664,GRIA3,AC_like_tumor,IDH_Mutant,tumor,1.0,0.48452149802399,0.48452149802399,1.5931581494345577,0.205,0.106,0.09899999999999999,1.0,0.0,0.0,0.728766352401378,1.0,2.0,0.0,0.0,0.0,0.0,0.0,0.0,,0.0,0.0,0.0,0.0,,6,0,1,1,2,72549,446,4249,283,283,0,0.0,1,0,2.0,tumor,neuron_tumor,"AMPAR subunit family; Venkatesh et al., Nature 2019",1,0.320213923310556,0.08232240606271021,deg_pooled_log2fc=0.729 (+0.24); cc_n_cells_e1=7.25e+04 (+0.22); deg_pct_diff=0.099 (+0.19),literature tier 2 (label)
665,CD4,T cell,IDH_WT,T_cell,0.0,0.0,0.0,0.0,,,0.0,0.0,0.0,0.0,,0.0,1.0,0.0,0.0,0.0,0.0,0.0,0.0,,0.0,0.0,0.0,0.0,,88,0,1,1,1,2662,1463,1681,1118,1118,0,0.0,0,0,2.0,T_cell,immune_synapse,MHC-II co-receptor (pathway-level),1,0.31916342016475374,0.07516049557028143,cc_edges_total=88 (+1.11); cc_n_celltypes_total=1 (+0.17); deg_n_celltypes_sig=1 (+0.12),literature tier 2 (label)
666,HLA-DRB5,AC_like_tumor,IDH_Mutant,tumor,0.0,0.0,0.0,0.0,,,0.0,0.0,0.0,0.0,,0.0,3.0,0.0,0.0,0.0,0.0,0.0,0.0,,0.0,0.0,0.0,0.0,,4,1,0,1,1,72549,446,4249,283,283,0,0.0,1,0,,,,,0,0.31907184933720795,0.024977813101793138,cc_n_cells_e1=7.25e+04 (+0.22); cc_n_cells_e2=446 (+0.08); deg_pooled_log2fc=nan (+0.05),novel
667,ITGB2,AC_like_tumor,IDH_WT,tumor,0.0,0.0,0.0,0.0,,,0.0,0.0,0.0,0.0,,0.0,2.0,0.0,0.0,0.0,0.0,0.0,0.0,,0.0,0.0,0.0,0.0,,4,0,1,2,1,72549,446,64812,108,108,0,0.0,0,0,,,,,0,0.3187421251278309,0.015343605648644695,cc_n_cells_e1=7.25e+04 (+0.21); cc_n_cells_e2=446 (+0.08); cc_n_celltypes_total=1 (+0.05),novel
668,LRRTM2,AC_like_tumor,IDH_WT,tumor,0.0,0.0,0.0,0.0,,,0.0,0.0,0.0,0.0,,0.0,2.0,0.0,0.0,0.0,0.0,0.0,0.0,,0.0,0.0,0.0,0.0,,12,0,1,1,2,72549,446,64812,108,108,0,0.0,0,0,,,,,0,0.3183053610854734,0.08458292618110992,cc_n_cells_e1=7.25e+04 (+0.24); cc_n_cells_e2=446 (+0.08); cc_n_celltypes_total=2 (+0.05),novel
669,SORT1,TAM1/TAM2/microglia,IDH_WT,TAM_microglia,1.0,0.6720279111030947,0.6720279111030947,22.752652152886284,0.195,0.114,0.081,1.0,1.0,1.0,0.9190227635249396,1.0,3.0,0.0,0.0,0.0,0.0,0.0,0.0,,0.0,0.0,0.0,0.0,,3,0,1,1,1,12086,25922,9696,2745,2745,0,0.0,0,0,,,,,0,0.3171344472258619,0.04231105284728352,cc_n_cells_e1=1.21e+04 (+0.20); deg_pooled_log2fc=0.919 (+0.11); deg_log2fc=0.672 (+0.11),novel
670,ITGAX,OPC_GABA_like_tumor,IDH_Mutant,tumor,0.0,0.0,0.0,0.0,,,0.0,0.0,0.0,0.0,,0.0,0.0,0.0,0.0,0.0,0.0,0.0,0.0,,0.0,0.0,0.0,0.0,,4,0,1,2,1,6741,14114,1658,11741,1658,0,0.0,1,0,,,,,0,0.3171078455886542,0.1445021472412235,deg_n_celltypes_sig=0 (+0.39); cc_n_cells_e1=6.74e+03 (+0.18); deg_pooled_log2fc=nan (+0.05),novel
671,P4HB,cycling_tumor,IDH_WT,tumor,1.0,0.4675273117630814,0.4675273117630814,62.59660512793237,0.704,0.27,0.43399999999999994,1.0,0.0,0.0,0.3466102924640853,1.0,2.0,0.0,2.0,1.0,1.0,0.006613979542561,0.00406302455001975,0.0,1.0,1.0,2.0,2.0,0.0,5,0,1,1,3,6410,814,5847,663,663,0,0.0,0,1,,,,,0,0.31702861090482976,0.05679044200492058,cc_n_cells_e1=6.41e+03 (+0.21); deg_pct_diff=0.434 (+0.17); deg_log2fc=0.468 (+0.10),novel
672,PCDHGC3,TAM1/TAM2/microglia,IDH_WT,TAM_microglia,0.0,0.0,0.0,0.0,,,0.0,0.0,0.0,0.0,,0.0,3.0,0.0,0.0,0.0,0.0,0.0,0.0,,0.0,0.0,0.0,0.0,,2,1,1,1,1,12086,25922,9696,2745,2745,0,0.0,0,0,,,,,0,0.31690579478055747,0.061195810130621066,cc_n_cells_e1=1.21e+04 (+0.22); deg_pooled_log2fc=nan (+0.06); cc_n_celltypes_total=1 (+0.04),novel
673,PTPRC,TAM1/TAM2/microglia,IDH_WT,TAM_microglia,1.0,0.5505794805630595,0.5505794805630595,66.96322637680849,0.707,0.524,0.18299999999999994,1.0,0.0,0.0,0.5658096020231276,1.0,3.0,2.0,2.0,2.0,2.0,0.0145823282133185,0.01200059842780445,0.0,2.0,1.0,0.0,4.0,0.0,8,1,1,2,2,12086,25922,9696,2745,2745,0,0.0,0,1,,,,,0,0.31617340196198007,0.05346325792387163,cc_edges_e2=2 (+0.26); cc_n_cells_e1=1.21e+04 (+0.24); deg_pct_diff=0.183 (+0.17),novel
674,HLA-DPB1,T cell,IDH_Mutant,T_cell,1.0,1.0076233680161066,1.0076233680161066,2.5272494314732996,0.461,0.323,0.138,1.0,1.0,1.0,0.7594494955326812,1.0,5.0,4.0,0.0,2.0,2.0,0.0064620288945377,0.0032153495971184065,0.0,1.0,1.0,4.0,4.0,0.0,14,1,0,1,5,2662,1463,941,334,334,0,0.0,1,1,,,,,0,0.3159879915074125,0.16954496712258235,cc_edges_total=14 (+0.39); deg_pct_diff=0.138 (+0.27); cc_edges_e2=2 (+0.26),novel
675,HLA-DRB5,OPC_GABA_AC_like_tumor,IDH_WT,tumor,0.0,0.0,0.0,0.0,,,0.0,0.0,0.0,0.0,,0.0,2.0,0.0,0.0,0.0,0.0,0.0,0.0,,0.0,0.0,0.0,0.0,,4,1,0,1,1,6202,1012,5384,171,171,0,0.0,0,0,,,,,0,0.31577305774118114,0.02439729411016376,cc_n_cells_e1=6.2e+03 (+0.23); cc_n_cells_e2=1.01e+03 (+0.08); deg_pooled_log2fc=nan (+0.05),novel
676,HLA-DRB5,AC_like_tumor,IDH_WT,tumor,0.0,0.0,0.0,0.0,,,0.0,0.0,0.0,0.0,,0.0,2.0,0.0,0.0,0.0,0.0,0.0,0.0,,0.0,0.0,0.0,0.0,,4,1,0,1,1,72549,446,64812,108,108,0,0.0,0,0,,,,,0,0.31577305774118114,0.02439729411016376,cc_n_cells_e1=7.25e+04 (+0.22); cc_n_cells_e2=446 (+0.08); deg_pooled_log2fc=nan (+0.05),novel
677,HLA-DRB5,OPC_GABA_AC_like_tumor,IDH_Mutant,tumor,0.0,0.0,0.0,0.0,,,0.0,0.0,0.0,0.0,,0.0,3.0,0.0,0.0,0.0,0.0,0.0,0.0,,0.0,0.0,0.0,0.0,,4,1,0,1,1,6202,1012,352,742,352,0,0.0,1,0,,,,,0,0.31574775021742946,0.025321072775657406,cc_n_cells_e1=6.2e+03 (+0.23); cc_n_cells_e2=1.01e+03 (+0.08); deg_pooled_log2fc=nan (+0.05),novel
678,CD44,OPC_GABA_like_tumor,IDH_WT,tumor,1.0,-2.247235162422041,2.247235162422041,9.787569044410544,0.049,0.107,-0.057999999999999996,-1.0,1.0,1.0,-4.828150112039511,1.0,4.0,0.0,0.0,0.0,0.0,0.0,0.0,,0.0,0.0,0.0,0.0,,48,0,1,4,1,6741,14114,5040,1935,1935,0,-0.0,0,0,1.0,tumor,myeloid_bridge,"Pietras et al., Cell Stem Cell 2014",1,0.3150917039902442,0.1015618951351216,cc_edges_total=48 (+1.42); cc_n_cells_e1=6.74e+03 (+0.21); cc_n_pathways_total=4 (+0.19),literature tier 1 (label)
679,APOE,OPC_GABA_like_tumor,IDH_Mutant,tumor,1.0,-5.737107541929249,5.737107541929249,300.0,0.317,0.91,-0.593,-1.0,1.0,1.0,-4.072788361263858,1.0,5.0,6.0,0.0,3.0,3.0,0.1006178802379461,0.052596146898227066,0.04,1.0,2.0,6.0,6.0,0.0,36,1,0,1,7,6741,14114,1658,11741,1658,0,-0.0,1,1,2.0,TAM_microglia,myeloid_bridge,TAM lipid program (pathway-level),0,0.3150381692455603,0.09821738010921936,cc_n_partners=2 (+0.79); cc_edges_e2=3 (+0.26); cc_n_cells_e1=6.74e+03 (+0.24),"literature gene, other compartment"
680,ITGB2,AC_like_tumor,IDH_Mutant,tumor,0.0,0.0,0.0,0.0,,,0.0,0.0,0.0,0.0,,0.0,2.0,0.0,0.0,0.0,0.0,0.0,0.0,,0.0,0.0,0.0,0.0,,4,0,1,2,1,72549,446,4249,283,283,0,0.0,1,0,,,,,0,0.31470552603499136,0.01385975854328341,cc_n_cells_e1=7.25e+04 (+0.21); cc_n_cells_e2=446 (+0.08); cc_n_celltypes_total=1 (+0.05),novel
681,MPZL1,OPC_GABA_like_tumor,IDH_WT,tumor,1.0,1.5909624238121245,1.5909624238121245,211.9303025670252,0.5,0.13,0.37,1.0,0.0,0.0,0.4241823273895091,1.0,4.0,0.0,0.0,0.0,0.0,0.0,0.0,,0.0,0.0,0.0,0.0,,8,1,1,1,2,6741,14114,5040,1935,1935,0,0.0,0,0,,,,,0,0.3143099375428002,0.0682902607457306,deg_n_celltypes_sig=4 (+0.25); cc_n_cells_e1=6.74e+03 (+0.23); deg_pct_diff=0.37 (+0.22),novel
682,GPR37L1,cycling_tumor,IDH_WT,tumor,0.0,0.0,0.0,0.0,,,0.0,0.0,0.0,0.0,,0.0,0.0,0.0,0.0,0.0,0.0,0.0,0.0,,0.0,0.0,0.0,0.0,,9,0,1,1,1,6410,814,5847,663,663,0,0.0,0,0,,,,,0,0.31421314245315146,0.062179698240643955,deg_n_celltypes_sig=0 (+0.32); cc_n_cells_e1=6.41e+03 (+0.18); cc_n_cells_e2=814 (+0.08),novel
683,SORT1,OPC_GABA_AC_like_tumor,IDH_WT,tumor,0.0,0.0,0.0,0.0,,,0.0,0.0,0.0,0.0,,0.0,3.0,0.0,0.0,0.0,0.0,0.0,0.0,,0.0,0.0,0.0,0.0,,3,0,1,1,1,6202,1012,5384,171,171,0,0.0,0,0,,,,,0,0.3138482101646531,0.01538735043653125,cc_n_cells_e1=6.2e+03 (+0.21); cc_n_cells_e2=1.01e+03 (+0.08); cc_n_celltypes_total=1 (+0.05),novel
684,KLRC2,TAM1/TAM2/microglia,IDH_WT,TAM_microglia,0.0,0.0,0.0,0.0,,,0.0,0.0,0.0,0.0,,0.0,0.0,0.0,0.0,0.0,0.0,0.0,0.0,,0.0,0.0,0.0,0.0,,6,0,1,1,1,12086,25922,9696,2745,2745,0,0.0,0,0,,,,,0,0.3130810783356434,0.08747437526349146,deg_n_celltypes_sig=0 (+0.32); cc_n_cells_e1=1.21e+04 (+0.19); deg_pooled_log2fc=nan (+0.04),novel
685,GPR37L1,OPC_GABA_like_tumor,IDH_Mutant,tumor,1.0,0.8292562148931141,0.8292562148931141,11.253425680509837,0.217,0.133,0.08399999999999999,1.0,0.0,0.0,-0.3643140305703578,1.0,1.0,0.0,9.0,9.0,0.0,0.0103328573239385,0.0037123086690787114,0.0,1.0,5.0,3.0,9.0,1.0,9,0,1,1,1,6741,14114,1658,11741,1658,0,1.0,1,1,,,,,0,0.3123539883148746,0.055034711353883964,cc_n_partners=5 (+0.27); cc_edges_e2=9 (+0.21); cc_n_cells_e1=6.74e+03 (+0.15),novel
686,ITGB2,OPC_GABA_AC_like_tumor,IDH_Mutant,tumor,0.0,0.0,0.0,0.0,,,0.0,0.0,0.0,0.0,,0.0,2.0,0.0,0.0,0.0,0.0,0.0,0.0,,0.0,0.0,0.0,0.0,,4,0,1,2,1,6202,1012,352,742,352,0,0.0,1,0,,,,,0,0.31234072482530173,0.017510257760705746,cc_n_cells_e1=6.2e+03 (+0.21); cc_n_cells_e2=1.01e+03 (+0.08); cc_n_celltypes_total=1 (+0.05),novel
687,THY1,TAM1/TAM2/microglia,IDH_WT,TAM_microglia,0.0,0.0,0.0,0.0,,,0.0,0.0,0.0,0.0,,0.0,4.0,0.0,0.0,0.0,0.0,0.0,0.0,,0.0,0.0,0.0,0.0,,2,1,0,1,2,12086,25922,9696,2745,2745,0,0.0,0,0,,,,,0,0.3108780504426207,0.10028913401602108,cc_n_cells_e1=1.21e+04 (+0.25); deg_n_celltypes_sig=4 (+0.15); deg_pooled_log2fc=nan (+0.06),novel
688,NCAM2,OPC_GABA_AC_like_tumor,IDH_WT,tumor,0.0,0.0,0.0,0.0,,,0.0,0.0,0.0,0.0,,0.0,2.0,0.0,0.0,0.0,0.0,0.0,0.0,,0.0,0.0,0.0,0.0,,5,0,1,1,1,6202,1012,5384,171,171,0,0.0,0,0,,,,,0,0.31082185824972675,0.040516320075401804,cc_n_cells_e1=6.2e+03 (+0.21); cc_n_cells_e2=1.01e+03 (+0.08); cc_n_celltypes_total=1 (+0.05),novel
689,SORT1,AC_like_tumor,IDH_WT,tumor,0.0,0.0,0.0,0.0,,,0.0,0.0,0.0,0.0,,0.0,3.0,0.0,0.0,0.0,0.0,0.0,0.0,,0.0,0.0,0.0,0.0,,3,0,1,1,1,72549,446,64812,108,108,0,0.0,0,0,,,,,0,0.3106437394804507,0.018785849076522018,cc_n_cells_e1=7.25e+04 (+0.21); cc_n_cells_e2=446 (+0.08); cc_n_celltypes_total=1 (+0.05),novel
690,HBEGF,AC_like_tumor,IDH_Mutant,tumor,0.0,0.0,0.0,0.0,,,0.0,0.0,0.0,0.0,,0.0,0.0,0.0,0.0,0.0,0.0,0.0,0.0,,0.0,0.0,0.0,0.0,,7,1,0,1,1,72549,446,4249,283,283,0,0.0,1,0,,,,,0,0.3102655466246014,0.0617969412397702,deg_n_celltypes_sig=0 (+0.30); cc_n_cells_e1=7.25e+04 (+0.20); cc_n_cells_e2=446 (+0.08),novel
691,HLA-DRB1,OPC_GABA_like_tumor,IDH_WT,tumor,1.0,-2.102524416392644,2.102524416392644,2.8791467680297225,0.065,0.103,-0.03799999999999999,-1.0,1.0,1.0,-2.1010067905604157,1.0,3.0,0.0,0.0,0.0,0.0,0.0,0.0,,0.0,0.0,0.0,0.0,,14,1,0,1,5,6741,14114,5040,1935,1935,0,-0.0,0,0,,,,,0,0.3098375468799021,0.11731946283613194,cc_edges_total=14 (+0.51); cc_n_cells_e1=6.74e+03 (+0.24); deg_pct_e1=0.103 (+0.08),novel
692,TGFBR2,OPC_GABA_AC_like_tumor,IDH_Mutant,tumor,0.0,0.0,0.0,0.0,,,0.0,0.0,0.0,0.0,,0.0,2.0,0.0,0.0,0.0,0.0,0.0,0.0,,0.0,0.0,0.0,0.0,,4,0,1,1,1,6202,1012,352,742,352,0,0.0,1,0,,,,,0,0.3087415425379071,0.03634497175318382,cc_n_cells_e1=6.2e+03 (+0.21); cc_n_cells_e2=1.01e+03 (+0.08); cc_n_celltypes_total=1 (+0.05),novel
693,ADORA3,T cell,IDH_Mutant,T_cell,0.0,0.0,0.0,0.0,,,0.0,0.0,0.0,0.0,,0.0,0.0,0.0,0.0,0.0,0.0,0.0,0.0,,0.0,0.0,0.0,0.0,,1,1,0,1,1,2662,1463,941,334,334,0,0.0,1,0,,,,,0,0.3079309189423574,0.09244410314809642,deg_n_celltypes_sig=0 (+0.54); cc_edges_total=1 (+0.15); cc_n_celltypes_total=1 (+0.12),novel
694,PCDHGC3,TAM1/TAM2/microglia,IDH_Mutant,TAM_microglia,0.0,0.0,0.0,0.0,,,0.0,0.0,0.0,0.0,,0.0,2.0,0.0,0.0,0.0,0.0,0.0,0.0,,0.0,0.0,0.0,0.0,,2,1,1,1,1,12086,25922,2106,21701,2106,0,0.0,1,0,,,,,0,0.307837246298018,0.06650648321129264,cc_n_cells_e1=1.21e+04 (+0.22); deg_pooled_log2fc=nan (+0.06); cc_n_celltypes_total=1 (+0.04),novel
695,HLA-DMB,OPC_GABA_AC_like_tumor,IDH_WT,tumor,0.0,0.0,0.0,0.0,,,0.0,0.0,0.0,0.0,,0.0,1.0,0.0,0.0,0.0,0.0,0.0,0.0,,0.0,0.0,0.0,0.0,,4,1,0,1,1,6202,1012,5384,171,171,0,0.0,0,0,,,,,0,0.3078047994583356,0.08814852567408982,cc_n_cells_e1=6.2e+03 (+0.21); cc_n_cells_e2=1.01e+03 (+0.08); cc_n_celltypes_total=1 (+0.05),novel
696,FPR1,OPC_GABA_AC_like_tumor,IDH_WT,tumor,0.0,0.0,0.0,0.0,,,0.0,0.0,0.0,0.0,,0.0,1.0,0.0,0.0,0.0,0.0,0.0,0.0,,0.0,0.0,0.0,0.0,,10,0,1,1,1,6202,1012,5384,171,171,0,0.0,0,0,,,,,0,0.30764358420425497,0.034745194884428975,cc_n_cells_e1=6.2e+03 (+0.19); cc_n_cells_e2=1.01e+03 (+0.08); cc_n_celltypes_total=1 (+0.05),novel
697,COL9A1,OPC_GABA_like_tumor,IDH_WT,tumor,1.0,3.3090813573742643,3.3090813573742643,207.37671229646364,0.281,0.031,0.25,1.0,0.0,0.0,,0.0,2.0,0.0,0.0,0.0,0.0,0.0,0.0,,0.0,0.0,0.0,0.0,,5,1,0,1,1,6741,14114,5040,1935,1935,0,0.0,0,0,,,,,0,0.3070586033445858,0.06897481167654736,cc_n_cells_e1=6.74e+03 (+0.20); deg_pct_diff=0.25 (+0.15); deg_log2fc=3.31 (+0.13),novel
698,KLRB1,T cell,IDH_Mutant,T_cell,1.0,0.9926731949392452,0.9926731949392452,16.27715074713764,0.59,0.298,0.292,1.0,0.0,0.0,,0.0,1.0,0.0,14.0,7.0,7.0,0.0319079660883083,0.010231129628040679,0.0,1.0,2.0,4.0,14.0,0.0,14,0,1,1,1,2662,1463,941,334,334,0,0.0,1,1,1.0,T_cell,immune_synapse,"Mathewson et al., Cell 2021",1,0.30697664649726975,0.08172735223042257,cc_n_partners=2 (+0.86); cc_edges_total=14 (+0.51); cc_edges_e2=7 (+0.22),literature tier 1 (label)
699,TGFBR2,AC_like_tumor,IDH_Mutant,tumor,0.0,0.0,0.0,0.0,,,0.0,0.0,0.0,0.0,,0.0,2.0,0.0,0.0,0.0,0.0,0.0,0.0,,0.0,0.0,0.0,0.0,,4,0,1,1,1,72549,446,4249,283,283,0,0.0,1,0,,,,,0,0.3067787879332556,0.0357018968768184,cc_n_cells_e1=7.25e+04 (+0.21); cc_n_cells_e2=446 (+0.08); cc_n_celltypes_total=1 (+0.05),novel
700,PTGES2,TAM1/TAM2/microglia,IDH_WT,TAM_microglia,0.0,0.0,0.0,0.0,,,0.0,0.0,0.0,0.0,,0.0,2.0,0.0,0.0,0.0,0.0,0.0,0.0,,0.0,0.0,0.0,0.0,,1,1,0,1,1,12086,25922,9696,2745,2745,0,0.0,0,0,,,,,0,0.3067412073909328,0.06449101228562323,cc_n_cells_e1=1.21e+04 (+0.22); deg_pooled_log2fc=nan (+0.06); cc_n_celltypes_total=1 (+0.04),novel
701,SDC3,cycling_tumor,IDH_Mutant,tumor,0.0,0.0,0.0,0.0,,,0.0,0.0,0.0,0.0,,0.0,1.0,0.0,11.0,11.0,0.0,0.0141883084146195,0.008330391207846137,0.0,1.0,7.0,3.0,11.0,1.0,11,0,1,1,1,6410,814,270,136,136,0,0.0,1,0,,,,,0,0.30663448710676977,0.03437562423626579,cc_n_partners=7 (+0.21); cc_n_cells_e1=6.41e+03 (+0.17); cc_edges_e2=11 (+0.16),novel
702,TNF,OPC_GABA_AC_like_tumor,IDH_WT,tumor,0.0,0.0,0.0,0.0,,,0.0,0.0,0.0,0.0,,0.0,1.0,0.0,0.0,0.0,0.0,0.0,0.0,,0.0,0.0,0.0,0.0,,3,1,0,1,1,6202,1012,5384,171,171,0,0.0,0,0,,,,,0,0.30663079761658846,0.09301097945554893,cc_n_cells_e1=6.2e+03 (+0.21); cc_n_cells_e2=1.01e+03 (+0.08); cc_n_celltypes_total=1 (+0.05),novel
703,BSG,T cell,IDH_WT,T_cell,0.0,0.0,0.0,0.0,,,0.0,0.0,0.0,0.0,,0.0,3.0,0.0,0.0,0.0,0.0,0.0,0.0,,0.0,0.0,0.0,0.0,,56,0,1,1,4,2662,1463,1681,1118,1118,0,0.0,0,0,,,,,0,0.3065906820528631,0.08683238961099414,cc_edges_total=56 (+0.97); cc_is_ligand=0 (+0.08); cc_n_celltypes_total=4 (+0.03),novel
704,GRN,OPC_GABA_AC_like_tumor,IDH_WT,tumor,0.0,0.0,0.0,0.0,,,0.0,0.0,0.0,0.0,,0.0,1.0,0.0,0.0,0.0,0.0,0.0,0.0,,0.0,0.0,0.0,0.0,,3,1,0,1,2,6202,1012,5384,171,171,0,0.0,0,0,,,,,0,0.30607751376460357,0.06383146663061184,cc_n_cells_e1=6.2e+03 (+0.23); cc_n_cells_e2=1.01e+03 (+0.08); deg_pooled_log2fc=nan (+0.05),novel
705,HLA-DMB,AC_like_tumor,IDH_WT,tumor,0.0,0.0,0.0,0.0,,,0.0,0.0,0.0,0.0,,0.0,1.0,0.0,0.0,0.0,0.0,0.0,0.0,,0.0,0.0,0.0,0.0,,4,1,0,1,1,72549,446,64812,108,108,0,0.0,0,0,,,,,0,0.3058507699160655,0.08616523482421377,cc_n_cells_e1=7.25e+04 (+0.20); cc_n_cells_e2=446 (+0.08); cc_n_celltypes_total=1 (+0.05),novel
706,C3,AC_like_tumor,IDH_WT,tumor,0.0,0.0,0.0,0.0,,,0.0,0.0,0.0,0.0,,0.0,2.0,0.0,0.0,0.0,0.0,0.0,0.0,,0.0,0.0,0.0,0.0,,6,1,0,1,1,72549,446,64812,108,108,0,0.0,0,0,,,,,0,0.30578872591496936,0.019598202967857404,cc_n_cells_e1=7.25e+04 (+0.22); cc_n_cells_e2=446 (+0.08); cc_n_celltypes_total=1 (+0.05),novel
707,C3,OPC_GABA_AC_like_tumor,IDH_WT,tumor,0.0,0.0,0.0,0.0,,,0.0,0.0,0.0,0.0,,0.0,2.0,0.0,0.0,0.0,0.0,0.0,0.0,,0.0,0.0,0.0,0.0,,6,1,0,1,1,6202,1012,5384,171,171,0,0.0,0,0,,,,,0,0.305708672385321,0.019659821444373487,cc_n_cells_e1=6.2e+03 (+0.23); cc_n_cells_e2=1.01e+03 (+0.08); cc_n_celltypes_total=1 (+0.05),novel
708,PTGES2,TAM1/TAM2/microglia,IDH_Mutant,TAM_microglia,0.0,0.0,0.0,0.0,,,0.0,0.0,0.0,0.0,,0.0,2.0,0.0,0.0,0.0,0.0,0.0,0.0,,0.0,0.0,0.0,0.0,,1,1,0,1,1,12086,25922,2106,21701,2106,0,0.0,1,0,,,,,0,0.30535976434679835,0.06699351785022471,cc_n_cells_e1=1.21e+04 (+0.22); deg_pooled_log2fc=nan (+0.06); cc_n_celltypes_total=1 (+0.04),novel
709,LRP1,AC_like_tumor,IDH_Mutant,tumor,0.0,0.0,0.0,0.0,,,0.0,0.0,0.0,0.0,,0.0,1.0,0.0,2.0,1.0,1.0,0.0013213158667165,0.00126051260428745,0.0,1.0,1.0,0.0,2.0,0.0,7,0,1,1,4,72549,446,4249,283,283,0,0.0,1,0,,,,,0,0.3049741819806736,0.05553397430275659,cc_n_cells_e1=7.25e+04 (+0.21); cc_n_cells_e2=446 (+0.07); cc_n_celltypes_total=4 (+0.04),novel
710,NCAM2,AC_like_tumor,IDH_WT,tumor,0.0,0.0,0.0,0.0,,,0.0,0.0,0.0,0.0,,0.0,2.0,0.0,0.0,0.0,0.0,0.0,0.0,,0.0,0.0,0.0,0.0,,5,0,1,1,1,72549,446,64812,108,108,0,0.0,0,0,,,,,0,0.304915759754602,0.03733214653117212,cc_n_cells_e1=7.25e+04 (+0.21); cc_n_cells_e2=446 (+0.08); cc_n_celltypes_total=1 (+0.05),novel
711,GRN,AC_like_tumor,IDH_WT,tumor,0.0,0.0,0.0,0.0,,,0.0,0.0,0.0,0.0,,0.0,1.0,0.0,0.0,0.0,0.0,0.0,0.0,,0.0,0.0,0.0,0.0,,3,1,0,1,2,72549,446,64812,108,108,0,0.0,0,0,,,,,0,0.3047416718368875,0.063017847190903,cc_n_cells_e1=7.25e+04 (+0.22); cc_n_cells_e2=446 (+0.08); deg_pooled_log2fc=nan (+0.05),novel
712,TNF,AC_like_tumor,IDH_WT,tumor,0.0,0.0,0.0,0.0,,,0.0,0.0,0.0,0.0,,0.0,1.0,0.0,0.0,0.0,0.0,0.0,0.0,,0.0,0.0,0.0,0.0,,3,1,0,1,1,72549,446,64812,108,108,0,0.0,0,0,,,,,0,0.3044622602905488,0.09187342783985843,cc_n_cells_e1=7.25e+04 (+0.20); cc_n_cells_e2=446 (+0.08); cc_n_celltypes_total=1 (+0.05),novel
713,FPR1,AC_like_tumor,IDH_WT,tumor,0.0,0.0,0.0,0.0,,,0.0,0.0,0.0,0.0,,0.0,1.0,0.0,0.0,0.0,0.0,0.0,0.0,,0.0,0.0,0.0,0.0,,10,0,1,1,1,72549,446,64812,108,108,0,0.0,0,0,,,,,0,0.30441394139352806,0.0325316181866779,cc_n_cells_e1=7.25e+04 (+0.18); cc_n_cells_e2=446 (+0.08); cc_n_celltypes_total=1 (+0.05),novel
714,DAG1,AC_like_tumor,IDH_Mutant,tumor,0.0,0.0,0.0,0.0,,,0.0,0.0,0.0,0.0,,0.0,2.0,0.0,0.0,0.0,0.0,0.0,0.0,,0.0,0.0,0.0,0.0,,6,0,1,1,1,72549,446,4249,283,283,0,0.0,1,0,,,,,0,0.3042544444684625,0.04182979802575567,cc_n_cells_e1=7.25e+04 (+0.21); cc_n_cells_e2=446 (+0.08); cc_n_celltypes_total=1 (+0.05),novel
715,C3,AC_like_tumor,IDH_Mutant,tumor,0.0,0.0,0.0,0.0,,,0.0,0.0,0.0,0.0,,0.0,2.0,0.0,0.0,0.0,0.0,0.0,0.0,,0.0,0.0,0.0,0.0,,6,1,0,1,1,72549,446,4249,283,283,0,0.0,1,0,,,,,0,0.30422989373356,0.019235644582099747,cc_n_cells_e1=7.25e+04 (+0.22); cc_n_cells_e2=446 (+0.08); cc_n_celltypes_total=1 (+0.05),novel
716,PCDHGA10,cycling_tumor,IDH_WT,tumor,1.0,2.383876659691345,2.383876659691345,79.5937431068842,0.17,0.021,0.14900000000000002,1.0,1.0,1.0,2.410925101596722,1.0,2.0,0.0,0.0,0.0,0.0,0.0,0.0,,0.0,0.0,0.0,0.0,,2,1,1,1,1,6410,814,5847,663,663,0,0.0,0,0,,,,,0,0.3036459007248137,0.09905906778483364,deg_pooled_log2fc=2.41 (+0.21); cc_n_cells_e1=6.41e+03 (+0.20); deg_log2fc=2.38 (+0.13),novel
717,TNF,AC_like_tumor,IDH_Mutant,tumor,0.0,0.0,0.0,0.0,,,0.0,0.0,0.0,0.0,,0.0,1.0,0.0,0.0,0.0,0.0,0.0,0.0,,0.0,0.0,0.0,0.0,,3,1,0,1,1,72549,446,4249,283,283,0,0.0,1,0,,,,,0,0.30361577077685636,0.09270031441027088,cc_n_cells_e1=7.25e+04 (+0.20); cc_n_cells_e2=446 (+0.08); cc_n_celltypes_total=1 (+0.05),novel
718,FPR1,cycling_tumor,IDH_Mutant,tumor,1.0,-3.886882400796423,3.886882400796423,2.1537092049596174,0.015,0.204,-0.189,-1.0,0.0,0.0,,0.0,2.0,0.0,0.0,0.0,0.0,0.0,0.0,,0.0,0.0,0.0,0.0,,10,0,1,1,1,6410,814,270,136,136,0,-0.0,1,0,,,,,0,0.30353837613116613,0.051817795049965074,cc_n_cells_e1=6.41e+03 (+0.19); cc_n_cells_e2=814 (+0.08); cc_n_celltypes_total=1 (+0.05),novel
719,CADM1,TAM1/TAM2/microglia,IDH_WT,TAM_microglia,1.0,-0.8550974990046181,0.8550974990046181,15.726103602900293,0.156,0.234,-0.07800000000000001,-1.0,0.0,0.0,-3.180587124716535,1.0,1.0,0.0,0.0,0.0,0.0,0.0,0.0,,0.0,0.0,0.0,0.0,,32,1,1,1,3,12086,25922,9696,2745,2745,0,-0.0,0,0,,,,,0,0.30347162793645743,0.07665439291354485,cc_n_cells_e1=1.21e+04 (+0.21); cc_n_celltypes_total=3 (+0.09); deg_n_celltypes_sig=1 (+0.05),novel
720,HBEGF,OPC_GABA_AC_like_tumor,IDH_Mutant,tumor,0.0,0.0,0.0,0.0,,,0.0,0.0,0.0,0.0,,0.0,0.0,0.0,0.0,0.0,0.0,0.0,0.0,,0.0,0.0,0.0,0.0,,7,1,0,1,1,6202,1012,352,742,352,0,0.0,1,0,,,,,0,0.30332223389313695,0.061348033182850724,deg_n_celltypes_sig=0 (+0.28); cc_n_cells_e1=6.2e+03 (+0.21); cc_n_cells_e2=1.01e+03 (+0.08),novel
721,HBEGF,cycling_tumor,IDH_Mutant,tumor,0.0,0.0,0.0,0.0,,,0.0,0.0,0.0,0.0,,0.0,0.0,0.0,0.0,0.0,0.0,0.0,0.0,,0.0,0.0,0.0,0.0,,7,1,0,1,1,6410,814,270,136,136,0,0.0,1,0,,,,,0,0.30321875868309867,0.061007825163159314,deg_n_celltypes_sig=0 (+0.28); cc_n_cells_e1=6.41e+03 (+0.20); cc_n_cells_e2=814 (+0.08),novel
722,CLEC2B,AC_like_tumor,IDH_WT,tumor,0.0,0.0,0.0,0.0,,,0.0,0.0,0.0,0.0,,0.0,2.0,0.0,0.0,0.0,0.0,0.0,0.0,,0.0,0.0,0.0,0.0,,6,1,0,1,2,72549,446,64812,108,108,0,0.0,0,0,,,,,0,0.30238034573636174,0.0162161673321838,cc_n_cells_e1=7.25e+04 (+0.25); cc_n_cells_e2=446 (+0.08); deg_pooled_log2fc=nan (+0.05),novel
723,CLEC2B,OPC_GABA_AC_like_tumor,IDH_WT,tumor,0.0,0.0,0.0,0.0,,,0.0,0.0,0.0,0.0,,0.0,2.0,0.0,0.0,0.0,0.0,0.0,0.0,,0.0,0.0,0.0,0.0,,6,1,0,1,2,6202,1012,5384,171,171,0,0.0,0,0,,,,,0,0.3023013388753042,0.016303835318162596,cc_n_cells_e1=6.2e+03 (+0.25); cc_n_cells_e2=1.01e+03 (+0.08); deg_pooled_log2fc=nan (+0.05),novel
724,TNF,cycling_tumor,IDH_Mutant,tumor,0.0,0.0,0.0,0.0,,,0.0,0.0,0.0,0.0,,0.0,1.0,0.0,0.0,0.0,0.0,0.0,0.0,,0.0,0.0,0.0,0.0,,3,1,0,1,1,6410,814,270,136,136,0,0.0,1,0,,,,,0,0.3021638013002732,0.09083836823871708,cc_n_cells_e1=6.41e+03 (+0.20); cc_n_cells_e2=814 (+0.08); cc_n_celltypes_total=1 (+0.05),novel
725,PCDHGA10,OPC_GABA_like_tumor,IDH_Mutant,tumor,0.0,0.0,0.0,0.0,,,0.0,0.0,0.0,0.0,,0.0,1.0,1.0,1.0,2.0,0.0,0.0020400387040252,0.0020400387040252,0.0,1.0,1.0,0.0,2.0,1.0,2,1,1,1,1,6741,14114,1658,11741,1658,0,0.0,1,0,,,,,0,0.30174625485359685,0.11572299710512568,cc_edges_e2=2 (+0.20); cc_n_cells_e1=6.74e+03 (+0.20); deg_pooled_log2fc=nan (+0.06),novel
726,CXCR4,T cell,IDH_Mutant,T_cell,1.0,-0.4630383510607161,0.4630383510607161,4.7046834136164355,0.823,0.905,-0.08200000000000007,-1.0,1.0,1.0,-0.7432503531791435,1.0,3.0,0.0,22.0,11.0,11.0,0.0485948380951234,0.020411046457200894,0.0,1.0,6.0,18.0,22.0,0.0,44,0,1,1,2,2662,1463,941,334,334,0,-0.0,1,1,1.0,tumor,growth,"Rubin et al., PNAS 2003",0,0.30161241073152545,0.09514716577235736,cc_edges_total=44 (+1.16); cc_n_partners=6 (+0.27); cc_edges_e2=11 (+0.17),"literature gene, other compartment"
727,DAG1,OPC_GABA_AC_like_tumor,IDH_Mutant,tumor,0.0,0.0,0.0,0.0,,,0.0,0.0,0.0,0.0,,0.0,2.0,0.0,0.0,0.0,0.0,0.0,0.0,,0.0,0.0,0.0,0.0,,6,0,1,1,1,6202,1012,352,742,352,0,0.0,1,0,,,,,0,0.3016066997322056,0.039378745381437485,cc_n_cells_e1=6.2e+03 (+0.21); cc_n_cells_e2=1.01e+03 (+0.08); cc_n_celltypes_total=1 (+0.05),novel
728,MPZL1,AC_like_tumor,IDH_WT,tumor,0.0,0.0,0.0,0.0,,,0.0,0.0,0.0,0.0,,0.0,4.0,0.0,0.0,0.0,0.0,0.0,0.0,,0.0,0.0,0.0,0.0,,8,1,1,1,2,72549,446,64812,108,108,0,0.0,0,0,,,,,0,0.30159457424179614,0.04596219716196724,cc_n_cells_e1=7.25e+04 (+0.25); deg_n_celltypes_sig=4 (+0.17); cc_n_cells_e2=446 (+0.08),novel
729,NCAM2,AC_like_tumor,IDH_Mutant,tumor,0.0,0.0,0.0,0.0,,,0.0,0.0,0.0,0.0,,0.0,2.0,0.0,0.0,0.0,0.0,0.0,0.0,,0.0,0.0,0.0,0.0,,5,0,1,1,1,72549,446,4249,283,283,0,0.0,1,0,,,,,0,0.30153360746073127,0.03501833775919982,cc_n_cells_e1=7.25e+04 (+0.21); cc_n_cells_e2=446 (+0.08); cc_n_celltypes_total=1 (+0.05),novel
730,TGFBR1,OPC_GABA_like_tumor,IDH_WT,tumor,1.0,1.231373244136207,1.231373244136207,85.7454350088719,0.231,0.06,0.171,1.0,1.0,1.0,0.8082512819379097,1.0,2.0,0.0,0.0,0.0,0.0,0.0,0.0,,0.0,0.0,0.0,0.0,,4,0,1,1,1,6741,14114,5040,1935,1935,0,0.0,0,0,,,,,0,0.30144338200121257,0.1021831278835832,cc_n_cells_e1=6.74e+03 (+0.19); deg_pct_diff=0.171 (+0.16); deg_pooled_log2fc=0.808 (+0.14),novel
731,GAS6,OPC_GABA_like_tumor,IDH_Mutant,tumor,0.0,0.0,0.0,0.0,,,0.0,0.0,0.0,0.0,,0.0,2.0,0.0,0.0,0.0,0.0,0.0,0.0,,0.0,0.0,0.0,0.0,,2,1,0,1,1,6741,14114,1658,11741,1658,0,0.0,1,0,,,,,0,0.3010273821116299,0.09352944707641696,cc_n_cells_e1=6.74e+03 (+0.22); deg_pooled_log2fc=nan (+0.06); cc_n_celltypes_total=1 (+0.05),novel
732,HLA-DRA,AC_like_tumor,IDH_Mutant,tumor,1.0,-1.6811244989658287,1.6811244989658287,1.6692340129231094,0.339,0.42,-0.08099999999999996,-1.0,1.0,1.0,-2.076948134283445,1.0,5.0,4.0,0.0,2.0,2.0,0.0076760484327047,0.002627653342575854,0.0,1.0,1.0,4.0,4.0,0.0,20,1,0,1,7,72549,446,4249,283,283,0,-0.0,1,1,2.0,TAM_microglia,immune_synapse,MHC-II antigen presentation (pathway-level),0,0.3009249484234501,0.06803723024555902,cc_edges_total=20 (+0.83); cc_n_cells_e1=7.25e+04 (+0.26); cc_edges_e2=2 (+0.24),"literature gene, other compartment"
733,HLA-DQB1,TAM1/TAM2/microglia,IDH_WT,TAM_microglia,0.0,0.0,0.0,0.0,,,0.0,0.0,0.0,0.0,,0.0,1.0,4.0,0.0,2.0,2.0,0.018298993149735,0.00788969711259746,0.0,1.0,1.0,0.0,4.0,0.0,6,1,0,1,2,12086,25922,9696,2745,2745,0,0.0,0,0,,,,,0,0.3003290079201755,0.08803558753181946,cc_edges_e2=2 (+0.23); cc_n_cells_e1=1.21e+04 (+0.23); cc_n_celltypes_total=2 (+0.05),novel
734,TNF,OPC_GABA_AC_like_tumor,IDH_Mutant,tumor,0.0,0.0,0.0,0.0,,,0.0,0.0,0.0,0.0,,0.0,1.0,0.0,0.0,0.0,0.0,0.0,0.0,,0.0,0.0,0.0,0.0,,3,1,0,1,1,6202,1012,352,742,352,0,0.0,1,0,,,,,0,0.300238441580431,0.0957016512082482,cc_n_cells_e1=6.2e+03 (+0.21); cc_n_cells_e2=1.01e+03 (+0.08); cc_n_celltypes_total=1 (+0.05),novel
735,TNF,cycling_tumor,IDH_WT,tumor,0.0,0.0,0.0,0.0,,,0.0,0.0,0.0,0.0,,0.0,1.0,0.0,0.0,0.0,0.0,0.0,0.0,,0.0,0.0,0.0,0.0,,3,1,0,1,1,6410,814,5847,663,663,0,0.0,0,0,,,,,0,0.3002144923795307,0.09553377635654647,cc_n_cells_e1=6.41e+03 (+0.20); cc_n_cells_e2=814 (+0.08); cc_n_celltypes_total=1 (+0.05),novel
736,CLEC2B,AC_like_tumor,IDH_Mutant,tumor,0.0,0.0,0.0,0.0,,,0.0,0.0,0.0,0.0,,0.0,2.0,0.0,0.0,0.0,0.0,0.0,0.0,,0.0,0.0,0.0,0.0,,6,1,0,1,2,72549,446,4249,283,283,0,0.0,1,0,,,,,0,0.3001047829600798,0.014778008777104045,cc_n_cells_e1=7.25e+04 (+0.25); cc_n_cells_e2=446 (+0.08); deg_pooled_log2fc=nan (+0.05),novel
737,NCAM2,OPC_GABA_AC_like_tumor,IDH_Mutant,tumor,0.0,0.0,0.0,0.0,,,0.0,0.0,0.0,0.0,,0.0,2.0,0.0,0.0,0.0,0.0,0.0,0.0,,0.0,0.0,0.0,0.0,,5,0,1,1,1,6202,1012,352,742,352,0,0.0,1,0,,,,,0,0.2999827063258843,0.038095018916848064,cc_n_cells_e1=6.2e+03 (+0.21); cc_n_cells_e2=1.01e+03 (+0.08); cc_n_celltypes_total=1 (+0.05),novel
738,SLITRK2,TAM1/TAM2/microglia,IDH_Mutant,TAM_microglia,0.0,0.0,0.0,0.0,,,0.0,0.0,0.0,0.0,,0.0,1.0,0.0,0.0,0.0,0.0,0.0,0.0,,0.0,0.0,0.0,0.0,,1,1,0,1,1,12086,25922,2106,21701,2106,0,0.0,1,0,,,,,0,0.29966293223788015,0.06827978679595967,cc_n_cells_e1=1.21e+04 (+0.19); deg_pooled_log2fc=nan (+0.06); cc_n_celltypes_total=1 (+0.04),novel
739,CD69,TAM1/TAM2/microglia,IDH_Mutant,TAM_microglia,0.0,0.0,0.0,0.0,,,0.0,0.0,0.0,0.0,,0.0,1.0,2.0,0.0,2.0,0.0,0.0054582771010761,0.0049009474620876,0.0,1.0,1.0,2.0,2.0,1.0,6,1,0,1,2,12086,25922,2106,21701,2106,0,0.0,1,0,,,,,0,0.2996021111755979,0.05848111359439857,cc_edges_e2=2 (+0.24); cc_n_cells_e1=1.21e+04 (+0.23); cc_n_celltypes_total=2 (+0.04),novel
740,PTPRD,TAM1/TAM2/microglia,IDH_Mutant,TAM_microglia,0.0,0.0,0.0,0.0,,,0.0,0.0,0.0,0.0,,0.0,1.0,0.0,0.0,0.0,0.0,0.0,0.0,,0.0,0.0,0.0,0.0,,1,0,1,1,1,12086,25922,2106,21701,2106,0,0.0,1,0,,,,,0,0.29887812281884185,0.0987032548948312,cc_n_cells_e1=1.21e+04 (+0.18); deg_pooled_log2fc=nan (+0.06); cc_n_celltypes_total=1 (+0.04),novel
741,CLEC2B,OPC_GABA_AC_like_tumor,IDH_Mutant,tumor,0.0,0.0,0.0,0.0,,,0.0,0.0,0.0,0.0,,0.0,2.0,0.0,0.0,0.0,0.0,0.0,0.0,,0.0,0.0,0.0,0.0,,6,1,0,1,2,6202,1012,352,742,352,0,0.0,1,0,,,,,0,0.2987494998592847,0.015495767653908667,cc_n_cells_e1=6.2e+03 (+0.25); cc_n_cells_e2=1.01e+03 (+0.08); deg_pooled_log2fc=nan (+0.05),novel
742,PCDHGC3,OPC_GABA_like_tumor,IDH_WT,tumor,1.0,2.1005042395025733,2.1005042395025733,247.05046728195472,0.421,0.075,0.346,1.0,1.0,0.0,0.5451015335846257,1.0,3.0,0.0,0.0,0.0,0.0,0.0,0.0,,0.0,0.0,0.0,0.0,,2,1,1,1,1,6741,14114,5040,1935,1935,0,0.0,0,0,,,,,0,0.2987050901442073,0.08773266898432061,cc_n_cells_e1=6.74e+03 (+0.19); deg_log2fc=2.1 (+0.13); deg_pct_diff=0.346 (+0.12),novel
743,LRRTM3,TAM1/TAM2/microglia,IDH_Mutant,TAM_microglia,0.0,0.0,0.0,0.0,,,0.0,0.0,0.0,0.0,,0.0,1.0,0.0,0.0,0.0,0.0,0.0,0.0,,0.0,0.0,0.0,0.0,,6,0,1,1,1,12086,25922,2106,21701,2106,0,0.0,1,0,,,,,0,0.298659209973205,0.03205268996947388,cc_n_cells_e1=1.21e+04 (+0.18); deg_pooled_log2fc=nan (+0.04); cc_n_celltypes_total=1 (+0.04),novel
744,LAIR1,TAM1/TAM2/microglia,IDH_WT,TAM_microglia,1.0,0.2850417929534868,0.2850417929534868,10.426820846711482,0.327,0.244,0.08300000000000002,1.0,1.0,0.0,0.2810806141206695,1.0,1.0,4.0,0.0,2.0,2.0,0.0042054497069747,0.0031089893414732502,0.0,1.0,1.0,0.0,4.0,0.0,4,1,0,1,1,12086,25922,9696,2745,2745,0,0.0,0,1,,,,,0,0.2986385591999309,0.09066204777245154,cc_edges_e2=2 (+0.23); cc_n_cells_e1=1.21e+04 (+0.19); deg_pct_diff=0.083 (+0.08),novel
745,FPR1,cycling_tumor,IDH_WT,tumor,0.0,0.0,0.0,0.0,,,0.0,0.0,0.0,0.0,,0.0,1.0,0.0,0.0,0.0,0.0,0.0,0.0,,0.0,0.0,0.0,0.0,,10,0,1,1,1,6410,814,5847,663,663,0,0.0,0,0,,,,,0,0.29842352219113805,0.03325515587638278,cc_n_cells_e1=6.41e+03 (+0.18); cc_n_cells_e2=814 (+0.08); cc_n_celltypes_total=1 (+0.05),novel
746,NRXN2,OPC_GABA_like_tumor,IDH_Mutant,tumor,1.0,0.5319644209094596,0.5319644209094596,3.4758479554755,0.271,0.216,0.05500000000000002,1.0,0.0,0.0,0.647356780047149,1.0,3.0,10.0,0.0,10.0,0.0,0.0021343800502624,0.0013051518474101863,0.0,1.0,3.0,0.0,10.0,1.0,10,1,0,1,1,6741,14114,1658,11741,1658,0,1.0,1,1,,,,,0,0.297800120137301,0.06729184895585891,cc_n_partners=3 (+0.39); cc_edges_e2=10 (+0.21); cc_n_cells_e1=6.74e+03 (+0.20),novel
747,LRP1,cycling_tumor,IDH_Mutant,tumor,0.0,0.0,0.0,0.0,,,0.0,0.0,0.0,0.0,,0.0,1.0,0.0,1.0,1.0,0.0,0.0014757899052933,0.0014757899052933,0.0,1.0,1.0,0.0,1.0,1.0,7,0,1,1,4,6410,814,270,136,136,0,0.0,1,0,,,,,0,0.29697125886615894,0.04957074144762629,cc_n_cells_e1=6.41e+03 (+0.21); cc_n_cells_e2=814 (+0.07); cc_n_celltypes_total=4 (+0.04),novel
748,ENTPD1,OPC_GABA_AC_like_tumor,IDH_WT,tumor,0.0,0.0,0.0,0.0,,,0.0,0.0,0.0,0.0,,0.0,1.0,0.0,0.0,0.0,0.0,0.0,0.0,,0.0,0.0,0.0,0.0,,4,1,1,1,1,6202,1012,5384,171,171,0,0.0,0,0,1.0,TAM_microglia,myeloid_bridge,"Takenaka et al., Nat Neurosci 2019",0,0.2958349202385836,0.06675868426198696,cc_n_cells_e1=6.2e+03 (+0.21); cc_n_cells_e2=1.01e+03 (+0.08); cc_n_celltypes_total=1 (+0.05),"literature gene, other compartment"
749,P4HB,OPC_GABA_like_tumor,IDH_Mutant,tumor,0.0,0.0,0.0,0.0,,,0.0,0.0,0.0,0.0,,0.0,0.0,0.0,2.0,1.0,1.0,0.0013611245332281,0.00135107769115995,0.0,1.0,1.0,2.0,2.0,0.0,5,0,1,1,3,6741,14114,1658,11741,1658,0,0.0,1,0,,,,,0,0.29570290181973763,0.107945317273775,deg_n_celltypes_sig=0 (+0.29); cc_n_cells_e1=6.74e+03 (+0.21); cc_n_celltypes_total=3 (+0.04),novel
750,ENTPD1,AC_like_tumor,IDH_WT,tumor,0.0,0.0,0.0,0.0,,,0.0,0.0,0.0,0.0,,0.0,1.0,0.0,0.0,0.0,0.0,0.0,0.0,,0.0,0.0,0.0,0.0,,4,1,1,1,1,72549,446,64812,108,108,0,0.0,0,0,1.0,TAM_microglia,myeloid_bridge,"Takenaka et al., Nat Neurosci 2019",0,0.294941131419868,0.06706600290130016,cc_n_cells_e1=7.25e+04 (+0.20); cc_n_cells_e2=446 (+0.08); cc_n_celltypes_total=1 (+0.05),"literature gene, other compartment"
751,P4HB,OPC_GABA_AC_like_tumor,IDH_WT,tumor,0.0,0.0,0.0,0.0,,,0.0,0.0,0.0,0.0,,0.0,2.0,0.0,0.0,0.0,0.0,0.0,0.0,,0.0,0.0,0.0,0.0,,5,0,1,1,3,6202,1012,5384,171,171,0,0.0,0,0,,,,,0,0.29493040606801146,0.046260053444724746,cc_n_cells_e1=6.2e+03 (+0.24); cc_n_cells_e2=1.01e+03 (+0.08); cc_n_celltypes_total=3 (+0.05),novel
752,ENTPD1,AC_like_tumor,IDH_Mutant,tumor,0.0,0.0,0.0,0.0,,,0.0,0.0,0.0,0.0,,0.0,1.0,0.0,0.0,0.0,0.0,0.0,0.0,,0.0,0.0,0.0,0.0,,4,1,1,1,1,72549,446,4249,283,283,0,0.0,1,0,1.0,TAM_microglia,myeloid_bridge,"Takenaka et al., Nat Neurosci 2019",0,0.29404118704026716,0.06674898280043924,cc_n_cells_e1=7.25e+04 (+0.20); cc_n_cells_e2=446 (+0.08); cc_n_celltypes_total=1 (+0.05),"literature gene, other compartment"
753,TGFBR1,OPC_GABA_like_tumor,IDH_Mutant,tumor,1.0,0.7979879393682399,0.7979879393682399,7.420984590469203,0.126,0.066,0.06,1.0,1.0,1.0,0.8082512819379097,1.0,2.0,0.0,0.0,0.0,0.0,0.0,0.0,,0.0,0.0,0.0,0.0,,4,0,1,1,1,6741,14114,1658,11741,1658,0,0.0,1,0,,,,,0,0.2939699115607918,0.09643761869699362,cc_n_cells_e1=6.74e+03 (+0.20); deg_pooled_log2fc=0.808 (+0.14); deg_log2fc=0.798 (+0.11),novel
754,PILRB,AC_like_tumor,IDH_Mutant,tumor,0.0,0.0,0.0,0.0,,,0.0,0.0,0.0,0.0,,0.0,0.0,0.0,0.0,0.0,0.0,0.0,0.0,,0.0,0.0,0.0,0.0,,7,0,1,1,1,72549,446,4249,283,283,0,0.0,1,0,,,,,0,0.29390833887500084,0.08042725995984776,deg_n_celltypes_sig=0 (+0.29); cc_n_cells_e1=7.25e+04 (+0.19); cc_n_cells_e2=446 (+0.08),novel
755,HLA-DQA1,TAM1/TAM2/microglia,IDH_WT,TAM_microglia,0.0,0.0,0.0,0.0,,,0.0,0.0,0.0,0.0,,0.0,2.0,4.0,0.0,2.0,2.0,0.0140740943328221,0.00499675499961522,0.0,1.0,1.0,0.0,4.0,0.0,4,1,0,1,1,12086,25922,9696,2745,2745,0,0.0,0,0,,,,,0,0.29341719752990675,0.05777381860071599,cc_n_cells_e1=1.21e+04 (+0.23); cc_edges_e2=2 (+0.22); deg_pooled_log2fc=nan (+0.05),novel
756,ENTPD1,cycling_tumor,IDH_Mutant,tumor,0.0,0.0,0.0,0.0,,,0.0,0.0,0.0,0.0,,0.0,1.0,0.0,0.0,0.0,0.0,0.0,0.0,,0.0,0.0,0.0,0.0,,4,1,1,1,1,6410,814,270,136,136,0,0.0,1,0,1.0,TAM_microglia,myeloid_bridge,"Takenaka et al., Nat Neurosci 2019",0,0.293159119998493,0.06648409426269512,cc_n_cells_e1=6.41e+03 (+0.20); cc_n_cells_e2=814 (+0.08); cc_n_celltypes_total=1 (+0.05),"literature gene, other compartment"
757,ENTPD1,OPC_GABA_AC_like_tumor,IDH_Mutant,tumor,0.0,0.0,0.0,0.0,,,0.0,0.0,0.0,0.0,,0.0,1.0,0.0,0.0,0.0,0.0,0.0,0.0,,0.0,0.0,0.0,0.0,,4,1,1,1,1,6202,1012,352,742,352,0,0.0,1,0,1.0,TAM_microglia,myeloid_bridge,"Takenaka et al., Nat Neurosci 2019",0,0.2915884685212401,0.06878577042659709,cc_n_cells_e1=6.2e+03 (+0.21); cc_n_cells_e2=1.01e+03 (+0.08); cc_n_celltypes_total=1 (+0.05),"literature gene, other compartment"
758,SORT1,OPC_GABA_AC_like_tumor,IDH_Mutant,tumor,0.0,0.0,0.0,0.0,,,0.0,0.0,0.0,0.0,,0.0,2.0,0.0,0.0,0.0,0.0,0.0,0.0,,0.0,0.0,0.0,0.0,,3,0,1,1,1,6202,1012,352,742,352,0,0.0,1,0,,,,,0,0.2912439760017914,0.03197886630437622,cc_n_cells_e1=6.2e+03 (+0.21); cc_n_cells_e2=1.01e+03 (+0.08); cc_n_celltypes_total=1 (+0.05),novel
759,ENTPD1,cycling_tumor,IDH_WT,tumor,0.0,0.0,0.0,0.0,,,0.0,0.0,0.0,0.0,,0.0,1.0,0.0,0.0,0.0,0.0,0.0,0.0,,0.0,0.0,0.0,0.0,,4,1,1,1,1,6410,814,5847,663,663,0,0.0,0,0,1.0,TAM_microglia,myeloid_bridge,"Takenaka et al., Nat Neurosci 2019",0,0.29086199925774664,0.06845967373392801,cc_n_cells_e1=6.41e+03 (+0.20); cc_n_cells_e2=814 (+0.08); cc_n_celltypes_total=1 (+0.05),"literature gene, other compartment"
760,PTPRC,TAM1/TAM2/microglia,IDH_Mutant,TAM_microglia,0.0,0.0,0.0,0.0,,,0.0,0.0,0.0,0.0,,0.0,2.0,2.0,2.0,2.0,2.0,0.0145823282133185,0.01200059842780445,0.0,2.0,1.0,0.0,4.0,0.0,8,1,1,2,2,12086,25922,2106,21701,2106,0,0.0,1,0,,,,,0,0.2908592773582681,0.0850053789583853,cc_n_cells_e1=1.21e+04 (+0.25); cc_edges_e2=2 (+0.24); cc_n_celltypes_total=2 (+0.05),novel
761,TNFRSF1A,OPC_GABA_like_tumor,IDH_Mutant,tumor,1.0,-3.88817063153229,3.88817063153229,205.98384563800875,0.009,0.133,-0.12400000000000001,-1.0,0.0,0.0,-2.030791555039734,1.0,1.0,0.0,0.0,0.0,0.0,0.0,0.0,,0.0,0.0,0.0,0.0,,1,0,1,1,1,6741,14114,1658,11741,1658,0,-0.0,1,0,,,,,0,0.29072855490581495,0.08257713942198164,cc_n_cells_e1=6.74e+03 (+0.15); cc_n_celltypes_total=1 (+0.05); cc_is_ligand=0 (+0.05),novel
762,PTGES2,OPC_GABA_like_tumor,IDH_Mutant,tumor,1.0,0.5203070980984175,0.5203070980984175,4.752674253474743,0.214,0.153,0.061,1.0,1.0,1.0,0.4487218261609763,1.0,2.0,0.0,0.0,0.0,0.0,0.0,0.0,,0.0,0.0,0.0,0.0,,1,1,0,1,1,6741,14114,1658,11741,1658,0,0.0,1,0,,,,,0,0.29066076336512686,0.0560984488551359,cc_n_cells_e1=6.74e+03 (+0.20); deg_log2fc=0.52 (+0.10); cc_n_celltypes_total=1 (+0.04),novel
763,LILRB4,cycling_tumor,IDH_Mutant,tumor,1.0,-6.44723680022447,6.44723680022447,3.3958658272093682,0.007,0.219,-0.212,-1.0,0.0,0.0,,0.0,2.0,0.0,0.0,0.0,0.0,0.0,0.0,,0.0,0.0,0.0,0.0,,4,0,1,1,1,6410,814,270,136,136,0,-0.0,1,0,2.0,TAM_microglia,myeloid_bridge,Myeloid checkpoint (pathway-level),0,0.29047986497342526,0.08277522312279914,cc_n_cells_e1=6.41e+03 (+0.19); cc_n_cells_e2=814 (+0.08); cc_n_celltypes_total=1 (+0.05),"literature gene, other compartment"
764,P4HB,AC_like_tumor,IDH_WT,tumor,0.0,0.0,0.0,0.0,,,0.0,0.0,0.0,0.0,,0.0,2.0,0.0,0.0,0.0,0.0,0.0,0.0,,0.0,0.0,0.0,0.0,,5,0,1,1,3,72549,446,64812,108,108,0,0.0,0,0,,,,,0,0.29034434521604185,0.04291170968793923,cc_n_cells_e1=7.25e+04 (+0.23); cc_n_cells_e2=446 (+0.08); cc_n_celltypes_total=3 (+0.05),novel
765,C3AR1,OPC_GABA_AC_like_tumor,IDH_WT,tumor,0.0,0.0,0.0,0.0,,,0.0,0.0,0.0,0.0,,0.0,1.0,0.0,0.0,0.0,0.0,0.0,0.0,,0.0,0.0,0.0,0.0,,4,0,1,1,1,6202,1012,5384,171,171,0,0.0,0,0,,,,,0,0.28996157880365175,0.05641561729750177,cc_n_cells_e1=6.2e+03 (+0.19); cc_n_cells_e2=1.01e+03 (+0.08); cc_n_celltypes_total=1 (+0.05),novel
766,DAG1,OPC_GABA_like_tumor,IDH_Mutant,tumor,1.0,-0.5659966388372857,0.5659966388372857,7.401699025526686,0.147,0.217,-0.07,-1.0,0.0,0.0,,0.0,2.0,0.0,0.0,0.0,0.0,0.0,0.0,,0.0,0.0,0.0,0.0,,6,0,1,1,1,6741,14114,1658,11741,1658,0,-0.0,1,0,,,,,0,0.2897655722819774,0.049122619151313426,cc_n_cells_e1=6.74e+03 (+0.19); cc_n_celltypes_total=1 (+0.05); deg_pooled_log2fc=nan (+0.04),novel
767,LAIR1,OPC_GABA_like_tumor,IDH_WT,tumor,0.0,0.0,0.0,0.0,,,0.0,0.0,0.0,0.0,,0.0,1.0,0.0,0.0,0.0,0.0,0.0,0.0,,0.0,0.0,0.0,0.0,,4,1,0,1,1,6741,14114,5040,1935,1935,0,0.0,0,0,,,,,0,0.2897216590374839,0.028137206522863285,cc_n_cells_e1=6.74e+03 (+0.20); deg_pooled_log2fc=nan (+0.05); cc_n_celltypes_total=1 (+0.05),novel
768,LAIR1,OPC_GABA_like_tumor,IDH_Mutant,tumor,0.0,0.0,0.0,0.0,,,0.0,0.0,0.0,0.0,,0.0,1.0,0.0,0.0,0.0,0.0,0.0,0.0,,0.0,0.0,0.0,0.0,,4,1,0,1,1,6741,14114,1658,11741,1658,0,0.0,1,0,,,,,0,0.289665482841832,0.028086387940083953,cc_n_cells_e1=6.74e+03 (+0.20); deg_pooled_log2fc=nan (+0.05); cc_n_celltypes_total=1 (+0.05),novel
769,LRP1,OPC_GABA_AC_like_tumor,IDH_Mutant,tumor,0.0,0.0,0.0,0.0,,,0.0,0.0,0.0,0.0,,0.0,1.0,0.0,0.0,0.0,0.0,0.0,0.0,,0.0,0.0,0.0,0.0,,7,0,1,1,4,6202,1012,352,742,352,0,0.0,1,0,,,,,0,0.2895143058674471,0.04604986049031941,cc_n_cells_e1=6.2e+03 (+0.21); cc_n_cells_e2=1.01e+03 (+0.08); cc_n_celltypes_total=4 (+0.04),novel
770,PTGES2,OPC_GABA_like_tumor,IDH_WT,tumor,1.0,0.6897206684758025,0.6897206684758025,95.1186861057939,0.324,0.1,0.224,1.0,1.0,1.0,0.4487218261609763,1.0,2.0,0.0,0.0,0.0,0.0,0.0,0.0,,0.0,0.0,0.0,0.0,,1,1,0,1,1,6741,14114,5040,1935,1935,0,0.0,0,0,,,,,0,0.2887269724384914,0.04151831743434601,cc_n_cells_e1=6.74e+03 (+0.20); deg_pct_diff=0.224 (+0.13); deg_log2fc=0.69 (+0.10),novel
771,C3AR1,AC_like_tumor,IDH_WT,tumor,0.0,0.0,0.0,0.0,,,0.0,0.0,0.0,0.0,,0.0,1.0,0.0,0.0,0.0,0.0,0.0,0.0,,0.0,0.0,0.0,0.0,,4,0,1,1,1,72549,446,64812,108,108,0,0.0,0,0,,,,,0,0.2885208037970901,0.05663680979727065,cc_n_cells_e1=7.25e+04 (+0.18); cc_n_cells_e2=446 (+0.08); cc_n_celltypes_total=1 (+0.05),novel
772,SORT1,AC_like_tumor,IDH_Mutant,tumor,0.0,0.0,0.0,0.0,,,0.0,0.0,0.0,0.0,,0.0,2.0,0.0,0.0,0.0,0.0,0.0,0.0,,0.0,0.0,0.0,0.0,,3,0,1,1,1,72549,446,4249,283,283,0,0.0,1,0,,,,,0,0.2884515042874431,0.03449713897115558,cc_n_cells_e1=7.25e+04 (+0.21); cc_n_cells_e2=446 (+0.08); cc_n_celltypes_total=1 (+0.05),novel
773,HLA-DRA,T cell,IDH_WT,T_cell,1.0,1.201388345282215,1.201388345282215,24.578605438052506,0.535,0.355,0.18000000000000005,1.0,0.0,0.0,1.2241026217571085,1.0,5.0,4.0,0.0,2.0,2.0,0.0155067311054044,0.005776417214999927,0.0,1.0,1.0,4.0,4.0,0.0,20,1,0,1,7,2662,1463,1681,1118,1118,0,0.0,0,1,2.0,TAM_microglia,immune_synapse,MHC-II antigen presentation (pathway-level),0,0.28825722667736814,0.12835216699917584,cc_edges_total=20 (+0.68); deg_pct_diff=0.18 (+0.26); cc_edges_e2=2 (+0.24),"literature gene, other compartment"
774,CD69,AC_like_tumor,IDH_Mutant,tumor,0.0,0.0,0.0,0.0,,,0.0,0.0,0.0,0.0,,0.0,1.0,0.0,0.0,0.0,0.0,0.0,0.0,,0.0,0.0,0.0,0.0,,6,1,0,1,2,72549,446,4249,283,283,0,0.0,1,0,,,,,0,0.28797946073467207,0.05220812814383285,cc_n_cells_e1=7.25e+04 (+0.22); cc_n_cells_e2=446 (+0.08); deg_pooled_log2fc=nan (+0.05),novel
775,TGFBR2,OPC_GABA_like_tumor,IDH_WT,tumor,0.0,0.0,0.0,0.0,,,0.0,0.0,0.0,0.0,,0.0,1.0,0.0,0.0,0.0,0.0,0.0,0.0,,0.0,0.0,0.0,0.0,,4,0,1,1,1,6741,14114,5040,1935,1935,0,0.0,0,0,,,,,0,0.2875601328512463,0.038487512297166536,cc_n_cells_e1=6.74e+03 (+0.18); cc_n_celltypes_total=1 (+0.05); deg_pooled_log2fc=nan (+0.04),novel
776,CD69,cycling_tumor,IDH_Mutant,tumor,0.0,0.0,0.0,0.0,,,0.0,0.0,0.0,0.0,,0.0,1.0,0.0,0.0,0.0,0.0,0.0,0.0,,0.0,0.0,0.0,0.0,,6,1,0,1,2,6410,814,270,136,136,0,0.0,1,0,,,,,0,0.28744417723771376,0.05480374023061289,cc_n_cells_e1=6.41e+03 (+0.22); cc_n_cells_e2=814 (+0.08); deg_pooled_log2fc=nan (+0.05),novel
777,C3AR1,cycling_tumor,IDH_WT,tumor,0.0,0.0,0.0,0.0,,,0.0,0.0,0.0,0.0,,0.0,1.0,0.0,0.0,0.0,0.0,0.0,0.0,,0.0,0.0,0.0,0.0,,4,0,1,1,1,6410,814,5847,663,663,0,0.0,0,0,,,,,0,0.28718502477278174,0.05886516856154959,cc_n_cells_e1=6.41e+03 (+0.18); cc_n_cells_e2=814 (+0.08); cc_n_celltypes_total=1 (+0.05),novel
778,HLA-E,OPC_GABA_like_tumor,IDH_WT,tumor,0.0,0.0,0.0,0.0,,,0.0,0.0,0.0,0.0,,0.0,3.0,0.0,0.0,0.0,0.0,0.0,0.0,,0.0,0.0,0.0,0.0,,6,1,0,1,4,6741,14114,5040,1935,1935,0,0.0,0,0,,,,,0,0.2866168569508847,0.026237694238349856,cc_n_cells_e1=6.74e+03 (+0.24); cc_n_celltypes_total=4 (+0.04); deg_pooled_log2fc=nan (+0.03),novel
779,LILRB4,TAM1/TAM2/microglia,IDH_WT,TAM_microglia,1.0,0.4412907361417251,0.4412907361417251,22.2691437535559,0.414,0.299,0.11499999999999999,1.0,1.0,1.0,0.7510720576257953,1.0,1.0,0.0,4.0,2.0,2.0,0.0042054497069747,0.0031089893414732502,0.0,1.0,1.0,0.0,4.0,0.0,4,0,1,1,1,12086,25922,9696,2745,2745,0,0.0,0,1,2.0,TAM_microglia,myeloid_bridge,Myeloid checkpoint (pathway-level),1,0.2862734068806383,0.05136040004359879,cc_edges_e2=2 (+0.23); deg_pooled_log2fc=0.751 (+0.20); deg_pct_diff=0.115 (+0.18),literature tier 2 (label)
780,FPR1,AC_like_tumor,IDH_Mutant,tumor,0.0,0.0,0.0,0.0,,,0.0,0.0,0.0,0.0,,0.0,2.0,0.0,0.0,0.0,0.0,0.0,0.0,,0.0,0.0,0.0,0.0,,10,0,1,1,1,72549,446,4249,283,283,0,0.0,1,0,,,,,0,0.2854142850229392,0.03695042646828461,cc_n_cells_e1=7.25e+04 (+0.21); cc_n_cells_e2=446 (+0.08); cc_n_celltypes_total=1 (+0.05),novel
781,KLRB1,T cell,IDH_WT,T_cell,0.0,0.0,0.0,0.0,,,0.0,0.0,0.0,0.0,,0.0,0.0,0.0,14.0,7.0,7.0,0.0319079660883083,0.010231129628040679,0.0,1.0,2.0,4.0,14.0,0.0,14,0,1,1,1,2662,1463,1681,1118,1118,0,0.0,0,0,1.0,T_cell,immune_synapse,"Mathewson et al., Cell 2021",1,0.285359028684694,0.09611247217864456,cc_n_partners=2 (+0.83); cc_edges_total=14 (+0.43); deg_n_celltypes_sig=0 (+0.25),literature tier 1 (label)
782,LRP1,AC_like_tumor,IDH_WT,tumor,0.0,0.0,0.0,0.0,,,0.0,0.0,0.0,0.0,,0.0,2.0,0.0,2.0,1.0,1.0,0.0013213158667165,0.00126051260428745,0.0,1.0,1.0,0.0,2.0,0.0,7,0,1,1,4,72549,446,64812,108,108,0,0.0,0,0,,,,,0,0.2850398413651966,0.06385604117924076,cc_n_cells_e1=7.25e+04 (+0.23); cc_n_cells_e2=446 (+0.07); cc_n_celltypes_total=4 (+0.04),novel
783,APOE,OPC_GABA_like_tumor,IDH_WT,tumor,1.0,-2.254642753807273,2.254642753807273,11.809222181100063,0.411,0.416,-0.0050000000000000044,-1.0,1.0,1.0,-4.072788361263858,1.0,6.0,6.0,0.0,3.0,3.0,0.1006178802379461,0.052596146898227066,0.04,1.0,2.0,6.0,6.0,0.0,36,1,0,1,7,6741,14114,5040,1935,1935,0,-0.0,0,1,2.0,TAM_microglia,myeloid_bridge,TAM lipid program (pathway-level),0,0.2848286034924504,0.08426364203620412,cc_n_partners=2 (+0.79); cc_edges_e2=3 (+0.26); cc_n_cells_e1=6.74e+03 (+0.24),"literature gene, other compartment"
784,PILRB,OPC_GABA_AC_like_tumor,IDH_Mutant,tumor,0.0,0.0,0.0,0.0,,,0.0,0.0,0.0,0.0,,0.0,0.0,0.0,0.0,0.0,0.0,0.0,0.0,,0.0,0.0,0.0,0.0,,7,0,1,1,1,6202,1012,352,742,352,0,0.0,1,0,,,,,0,0.2848196443029879,0.0785761855392689,deg_n_celltypes_sig=0 (+0.28); cc_n_cells_e1=6.2e+03 (+0.19); cc_n_cells_e2=1.01e+03 (+0.08),novel
785,CLDN11,T cell,IDH_Mutant,T_cell,0.0,0.0,0.0,0.0,,,0.0,0.0,0.0,0.0,,0.0,0.0,0.0,0.0,0.0,0.0,0.0,0.0,,0.0,0.0,0.0,0.0,,2,1,1,1,1,2662,1463,941,334,334,0,0.0,1,0,,,,,0,0.284760981404139,0.10171047597109473,deg_n_celltypes_sig=0 (+0.50); cc_edges_total=2 (+0.15); cc_n_celltypes_total=1 (+0.12),novel
786,HLA-DRA,AC_like_tumor,IDH_WT,tumor,1.0,-2.9185997793086567,2.9185997793086567,8.45303885621402,0.139,0.491,-0.352,-1.0,1.0,1.0,-2.076948134283445,1.0,5.0,4.0,0.0,2.0,2.0,0.0076760484327047,0.002627653342575854,0.0,1.0,1.0,4.0,4.0,0.0,20,1,0,1,7,72549,446,64812,108,108,0,-0.0,0,1,2.0,TAM_microglia,immune_synapse,MHC-II antigen presentation (pathway-level),0,0.28451650106443055,0.06592978506011343,cc_edges_total=20 (+0.82); cc_n_cells_e1=7.25e+04 (+0.26); cc_edges_e2=2 (+0.24),"literature gene, other compartment"
787,LILRB4,OPC_GABA_like_tumor,IDH_WT,tumor,0.0,0.0,0.0,0.0,,,0.0,0.0,0.0,0.0,,0.0,1.0,0.0,0.0,0.0,0.0,0.0,0.0,,0.0,0.0,0.0,0.0,,4,0,1,1,1,6741,14114,5040,1935,1935,0,0.0,0,0,2.0,TAM_microglia,myeloid_bridge,Myeloid checkpoint (pathway-level),0,0.28447354104806105,0.04387331436770427,cc_n_cells_e1=6.74e+03 (+0.18); cc_n_celltypes_total=1 (+0.05); deg_pooled_log2fc=nan (+0.04),"literature gene, other compartment"
788,HLA-DPB1,OPC_GABA_AC_like_tumor,IDH_Mutant,tumor,1.0,-1.8830586279192316,1.8830586279192316,2.4143426019449548,0.055,0.148,-0.093,-1.0,1.0,1.0,-2.489416554329811,1.0,5.0,0.0,0.0,0.0,0.0,0.0,0.0,,0.0,0.0,0.0,0.0,,14,1,0,1,5,6202,1012,352,742,352,0,-0.0,1,0,,,,,0,0.28444551697812265,0.08062137350077252,cc_edges_total=14 (+0.50); cc_n_cells_e1=6.2e+03 (+0.25); cc_n_cells_e2=1.01e+03 (+0.05),novel
789,FPR1,OPC_GABA_AC_like_tumor,IDH_Mutant,tumor,0.0,0.0,0.0,0.0,,,0.0,0.0,0.0,0.0,,0.0,2.0,0.0,0.0,0.0,0.0,0.0,0.0,,0.0,0.0,0.0,0.0,,10,0,1,1,1,6202,1012,352,742,352,0,0.0,1,0,,,,,0,0.28437331680796085,0.0398025822739314,cc_n_cells_e1=6.2e+03 (+0.21); cc_n_cells_e2=1.01e+03 (+0.08); cc_n_celltypes_total=1 (+0.05),novel
790,CD44,TAM1/TAM2/microglia,IDH_WT,TAM_microglia,1.0,-1.2385395206382168,1.2385395206382168,40.20401467498641,0.15,0.275,-0.12500000000000003,-1.0,0.0,0.0,-3.14422938584434,1.0,4.0,0.0,0.0,0.0,0.0,0.0,0.0,,0.0,0.0,0.0,0.0,,48,0,1,4,1,12086,25922,9696,2745,2745,0,-0.0,0,0,1.0,tumor,myeloid_bridge,"Pietras et al., Cell Stem Cell 2014",0,0.2840633182422546,0.06376823663871901,cc_edges_total=48 (+1.41); cc_n_cells_e1=1.21e+04 (+0.21); cc_n_pathways_total=4 (+0.19),"literature gene, other compartment"
791,DAG1,OPC_GABA_like_tumor,IDH_WT,tumor,0.0,0.0,0.0,0.0,,,0.0,0.0,0.0,0.0,,0.0,1.0,0.0,0.0,0.0,0.0,0.0,0.0,,0.0,0.0,0.0,0.0,,6,0,1,1,1,6741,14114,5040,1935,1935,0,0.0,0,0,,,,,0,0.2840266339158489,0.04065586394070009,cc_n_cells_e1=6.74e+03 (+0.18); cc_n_celltypes_total=1 (+0.05); deg_pooled_log2fc=nan (+0.04),novel
792,PTN,T cell,IDH_Mutant,T_cell,0.0,0.0,0.0,0.0,,,0.0,0.0,0.0,0.0,,0.0,1.0,2.0,0.0,2.0,0.0,0.0410665978377485,0.0213998994445401,0.0,1.0,2.0,2.0,2.0,1.0,137,1,0,1,7,2662,1463,941,334,334,0,0.0,1,0,1.0,TAM_microglia,myeloid_bridge,"Shi et al., Cell Stem Cell 2017",0,0.28374283490520036,0.12317409138303938,cc_edges_total=137 (+0.86); cc_n_partners=2 (+0.79); cc_edges_e2=2 (+0.17),"literature gene, other compartment"
793,CD69,OPC_GABA_AC_like_tumor,IDH_Mutant,tumor,0.0,0.0,0.0,0.0,,,0.0,0.0,0.0,0.0,,0.0,1.0,0.0,0.0,0.0,0.0,0.0,0.0,,0.0,0.0,0.0,0.0,,6,1,0,1,2,6202,1012,352,742,352,0,0.0,1,0,,,,,0,0.2837296285069821,0.05159628260681815,cc_n_cells_e1=6.2e+03 (+0.23); cc_n_cells_e2=1.01e+03 (+0.08); deg_pooled_log2fc=nan (+0.05),novel
794,JAM3,AC_like_tumor,IDH_WT,tumor,1.0,2.570917308287093,2.570917308287093,5.122174430323846,0.12,0.025,0.095,1.0,0.0,0.0,1.475909573326524,1.0,3.0,0.0,0.0,0.0,0.0,0.0,0.0,,0.0,0.0,0.0,0.0,,3,1,1,1,1,72549,446,64812,108,108,0,0.0,0,0,,,,,0,0.28365593849170895,0.04682392908161206,deg_pooled_log2fc=1.48 (+0.26); cc_n_cells_e1=7.25e+04 (+0.20); deg_pct_diff=0.095 (+0.15),novel
795,PTN,TAM1/TAM2/microglia,IDH_Mutant,TAM_microglia,0.0,0.0,0.0,0.0,,,0.0,0.0,0.0,0.0,,0.0,1.0,1.0,0.0,0.0,1.0,0.0010558520129411,0.0010558520129411,0.0,1.0,1.0,1.0,1.0,-1.0,137,1,0,1,7,12086,25922,2106,21701,2106,0,-0.0,1,0,1.0,TAM_microglia,myeloid_bridge,"Shi et al., Cell Stem Cell 2017",1,0.283573069015267,0.05735465018866762,cc_edges_total=137 (+1.01); cc_n_cells_e1=1.21e+04 (+0.24); deg_pooled_log2fc=nan (+0.03),literature tier 1 (label)
796,HLA-DPB1,OPC_GABA_like_tumor,IDH_Mutant,tumor,1.0,-1.4266918143601734,1.4266918143601734,14.734606906929478,0.078,0.144,-0.06599999999999999,-1.0,0.0,0.0,-1.7680734722803004,1.0,5.0,0.0,0.0,0.0,0.0,0.0,0.0,,0.0,0.0,0.0,0.0,,14,1,0,1,5,6741,14114,1658,11741,1658,0,-0.0,1,0,,,,,0,0.28324434920606956,0.06341622474540398,cc_edges_total=14 (+0.50); cc_n_cells_e1=6.74e+03 (+0.24); deg_n_celltypes_sig=5 (+0.05),novel
797,ANXA1,AC_like_tumor,IDH_WT,tumor,0.0,0.0,0.0,0.0,,,0.0,0.0,0.0,0.0,,0.0,4.0,2.0,0.0,0.0,2.0,0.0059288892579909,0.0052353810136908,0.0,1.0,1.0,2.0,2.0,-1.0,10,1,0,1,4,72549,446,64812,108,108,0,-0.0,0,0,,,,,0,0.2829426067183839,0.06066262706853732,cc_n_cells_e1=7.25e+04 (+0.26); deg_n_celltypes_sig=4 (+0.17); cc_n_cells_e2=446 (+0.07),novel
798,EGFR,OPC_GABA_like_tumor,IDH_WT,tumor,1.0,-4.810347400142153,4.810347400142153,300.0,0.239,0.664,-0.42500000000000004,-1.0,1.0,0.0,-2.881688130255577,1.0,3.0,0.0,4.0,2.0,2.0,0.0324842206972956,0.01927997356641785,0.0,1.0,2.0,4.0,4.0,0.0,14,0,1,1,4,6741,14114,5040,1935,1935,0,-0.0,0,1,1.0,tumor,growth,"Brennan et al., Cell 2013 (TCGA GBM)",1,0.2826809467764394,0.1025634874509779,cc_n_partners=2 (+0.88); cc_edges_total=14 (+0.60); cc_edges_e2=2 (+0.25),literature tier 1 (label)
799,HLA-DRB1,OPC_GABA_AC_like_tumor,IDH_Mutant,tumor,1.0,-3.609782457201693,3.609782457201693,13.083996487363262,0.032,0.182,-0.15,-1.0,1.0,1.0,-2.665883246001089,1.0,4.0,0.0,0.0,0.0,0.0,0.0,0.0,,0.0,0.0,0.0,0.0,,14,1,0,1,5,6202,1012,352,742,352,0,-0.0,1,0,,,,,0,0.2824831811849725,0.09574855230046234,cc_edges_total=14 (+0.49); cc_n_cells_e1=6.2e+03 (+0.25); cc_n_cells_e2=1.01e+03 (+0.05),novel
800,LILRB4,AC_like_tumor,IDH_Mutant,tumor,0.0,0.0,0.0,0.0,,,0.0,0.0,0.0,0.0,,0.0,2.0,0.0,0.0,0.0,0.0,0.0,0.0,,0.0,0.0,0.0,0.0,,4,0,1,1,1,72549,446,4249,283,283,0,0.0,1,0,2.0,TAM_microglia,myeloid_bridge,Myeloid checkpoint (pathway-level),0,0.28204126844478233,0.05179380599968723,cc_n_cells_e1=7.25e+04 (+0.21); cc_n_cells_e2=446 (+0.08); cc_n_celltypes_total=1 (+0.05),"literature gene, other compartment"
801,APP,T cell,IDH_WT,T_cell,0.0,0.0,0.0,0.0,,,0.0,0.0,0.0,0.0,,0.0,1.0,0.0,0.0,0.0,0.0,0.0,0.0,,0.0,0.0,0.0,0.0,,78,1,0,1,4,2662,1463,1681,1118,1118,0,0.0,0,0,,,,,0,0.2811020932653837,0.08968657129582218,cc_edges_total=78 (+1.00); deg_n_celltypes_sig=1 (+0.12); deg_pooled_log2fc=nan (+0.03),novel
802,HLA-DRB5,TAM1/TAM2/microglia,IDH_Mutant,TAM_microglia,1.0,-1.110183303055599,1.110183303055599,231.84779931643314,0.489,0.829,-0.33999999999999997,-1.0,1.0,1.0,-0.7115592963088431,1.0,3.0,4.0,0.0,2.0,2.0,0.0153299905391955,0.005800008038656948,0.0,1.0,1.0,0.0,4.0,0.0,4,1,0,1,1,12086,25922,2106,21701,2106,0,-0.0,1,1,,,,,0,0.28054064987516353,0.04364951959975721,cc_edges_e2=2 (+0.24); cc_n_cells_e1=1.21e+04 (+0.21); deg_neglog10_padj=232 (+0.06),novel
803,LILRB4,OPC_GABA_AC_like_tumor,IDH_Mutant,tumor,0.0,0.0,0.0,0.0,,,0.0,0.0,0.0,0.0,,0.0,2.0,0.0,0.0,0.0,0.0,0.0,0.0,,0.0,0.0,0.0,0.0,,4,0,1,1,1,6202,1012,352,742,352,0,0.0,1,0,2.0,TAM_microglia,myeloid_bridge,Myeloid checkpoint (pathway-level),0,0.280019800331582,0.05120352255952564,cc_n_cells_e1=6.2e+03 (+0.21); cc_n_cells_e2=1.01e+03 (+0.08); cc_n_celltypes_total=1 (+0.05),"literature gene, other compartment"
804,HLA-DRB5,OPC_GABA_like_tumor,IDH_Mutant,tumor,0.0,0.0,0.0,0.0,,,0.0,0.0,0.0,0.0,,0.0,3.0,0.0,0.0,0.0,0.0,0.0,0.0,,0.0,0.0,0.0,0.0,,4,1,0,1,1,6741,14114,1658,11741,1658,0,0.0,1,0,,,,,0,0.2797627017313075,0.029491366198164164,cc_n_cells_e1=6.74e+03 (+0.22); deg_pooled_log2fc=nan (+0.05); cc_n_celltypes_total=1 (+0.05),novel
805,CLDN11,TAM1/TAM2/microglia,IDH_WT,TAM_microglia,0.0,0.0,0.0,0.0,,,0.0,0.0,0.0,0.0,,0.0,2.0,0.0,0.0,0.0,0.0,0.0,0.0,,0.0,0.0,0.0,0.0,,2,1,1,1,1,12086,25922,9696,2745,2745,0,0.0,0,0,,,,,0,0.2791040474739915,0.060471519399224856,cc_n_cells_e1=1.21e+04 (+0.22); deg_pooled_log2fc=nan (+0.06); cc_n_celltypes_total=1 (+0.04),novel
806,NRXN2,OPC_GABA_AC_like_tumor,IDH_WT,tumor,0.0,0.0,0.0,0.0,,,0.0,0.0,0.0,0.0,,0.0,1.0,0.0,0.0,0.0,0.0,0.0,0.0,,0.0,0.0,0.0,0.0,,10,1,0,1,1,6202,1012,5384,171,171,0,0.0,0,0,,,,,0,0.2787506582083705,0.04647098946891022,cc_n_cells_e1=6.2e+03 (+0.21); cc_n_cells_e2=1.01e+03 (+0.08); cc_n_celltypes_total=1 (+0.05),novel
807,COL9A1,OPC_GABA_AC_like_tumor,IDH_WT,tumor,0.0,0.0,0.0,0.0,,,0.0,0.0,0.0,0.0,,0.0,2.0,0.0,0.0,0.0,0.0,0.0,0.0,,0.0,0.0,0.0,0.0,,5,1,0,1,1,6202,1012,5384,171,171,0,0.0,0,0,,,,,0,0.2783474556654307,0.05431054984213555,cc_n_cells_e1=6.2e+03 (+0.23); cc_n_cells_e2=1.01e+03 (+0.08); deg_pooled_log2fc=nan (+0.05),novel
808,THY1,TAM1/TAM2/microglia,IDH_Mutant,TAM_microglia,0.0,0.0,0.0,0.0,,,0.0,0.0,0.0,0.0,,0.0,3.0,0.0,0.0,0.0,0.0,0.0,0.0,,0.0,0.0,0.0,0.0,,2,1,0,1,2,12086,25922,2106,21701,2106,0,0.0,1,0,,,,,0,0.27822571469073726,0.09014545953099987,cc_n_cells_e1=1.21e+04 (+0.24); deg_pooled_log2fc=nan (+0.06); cc_n_celltypes_total=2 (+0.03),novel
809,COL9A1,AC_like_tumor,IDH_WT,tumor,0.0,0.0,0.0,0.0,,,0.0,0.0,0.0,0.0,,0.0,2.0,0.0,0.0,0.0,0.0,0.0,0.0,,0.0,0.0,0.0,0.0,,5,1,0,1,1,72549,446,64812,108,108,0,0.0,0,0,,,,,0,0.27776827293412165,0.05474136235594291,cc_n_cells_e1=7.25e+04 (+0.22); cc_n_cells_e2=446 (+0.08); deg_pooled_log2fc=nan (+0.05),novel
810,HLA-DPB1,OPC_GABA_AC_like_tumor,IDH_WT,tumor,1.0,-4.098250410606293,4.098250410606293,5.378167038295328,0.029,0.236,-0.207,-1.0,1.0,1.0,-2.489416554329811,1.0,5.0,0.0,0.0,0.0,0.0,0.0,0.0,,0.0,0.0,0.0,0.0,,14,1,0,1,5,6202,1012,5384,171,171,0,-0.0,0,0,,,,,0,0.27716285278023267,0.10145163428452776,cc_edges_total=14 (+0.49); cc_n_cells_e1=6.2e+03 (+0.25); cc_n_cells_e2=1.01e+03 (+0.05),novel
811,PILRA,AC_like_tumor,IDH_Mutant,tumor,0.0,0.0,0.0,0.0,,,0.0,0.0,0.0,0.0,,0.0,1.0,0.0,0.0,0.0,0.0,0.0,0.0,,0.0,0.0,0.0,0.0,,7,0,1,1,1,72549,446,4249,283,283,0,0.0,1,0,,,,,0,0.27712528372277456,0.030255282967663246,cc_n_cells_e1=7.25e+04 (+0.18); cc_n_cells_e2=446 (+0.08); cc_n_celltypes_total=1 (+0.05),novel
812,HLA-DPB1,AC_like_tumor,IDH_WT,tumor,1.0,-3.190074886074954,3.190074886074954,3.215687969356039,0.093,0.333,-0.24000000000000002,-1.0,0.0,0.0,-2.435579781563539,1.0,5.0,2.0,0.0,0.0,2.0,0.0056623552726468,0.0030688153298774434,0.0,1.0,1.0,2.0,2.0,-1.0,14,1,0,1,5,72549,446,64812,108,108,0,1.0,0,1,,,,,0,0.277080004491166,0.08300799578212366,cc_edges_total=14 (+0.50); cc_n_cells_e1=7.25e+04 (+0.25); cc_n_cells_e2=446 (+0.04),novel
813,HLA-DRB5,OPC_GABA_like_tumor,IDH_WT,tumor,0.0,0.0,0.0,0.0,,,0.0,0.0,0.0,0.0,,0.0,2.0,0.0,0.0,0.0,0.0,0.0,0.0,,0.0,0.0,0.0,0.0,,4,1,0,1,1,6741,14114,5040,1935,1935,0,0.0,0,0,,,,,0,0.2770108243289007,0.02915050515009132,cc_n_cells_e1=6.74e+03 (+0.22); deg_pooled_log2fc=nan (+0.05); cc_n_celltypes_total=1 (+0.05),novel
814,PCDHGA10,AC_like_tumor,IDH_Mutant,tumor,0.0,0.0,0.0,0.0,,,0.0,0.0,0.0,0.0,,0.0,1.0,0.0,0.0,0.0,0.0,0.0,0.0,,0.0,0.0,0.0,0.0,,2,1,1,1,1,72549,446,4249,283,283,0,0.0,1,0,,,,,0,0.276489653313168,0.11783290867594205,cc_n_cells_e1=7.25e+04 (+0.19); cc_n_cells_e2=446 (+0.08); deg_pooled_log2fc=nan (+0.06),novel
815,NRXN2,AC_like_tumor,IDH_WT,tumor,0.0,0.0,0.0,0.0,,,0.0,0.0,0.0,0.0,,0.0,1.0,0.0,0.0,0.0,0.0,0.0,0.0,,0.0,0.0,0.0,0.0,,10,1,0,1,1,72549,446,64812,108,108,0,0.0,0,0,,,,,0,0.27592581674356,0.048108618631922055,cc_n_cells_e1=7.25e+04 (+0.20); cc_n_cells_e2=446 (+0.08); cc_n_celltypes_total=1 (+0.05),novel
816,PILRA,OPC_GABA_AC_like_tumor,IDH_Mutant,tumor,0.0,0.0,0.0,0.0,,,0.0,0.0,0.0,0.0,,0.0,1.0,0.0,0.0,0.0,0.0,0.0,0.0,,0.0,0.0,0.0,0.0,,7,0,1,1,1,6202,1012,352,742,352,0,0.0,1,0,,,,,0,0.2759148744265313,0.031960779895642284,cc_n_cells_e1=6.2e+03 (+0.19); cc_n_cells_e2=1.01e+03 (+0.08); cc_n_celltypes_total=1 (+0.05),novel
817,ITGB8,cycling_tumor,IDH_Mutant,tumor,1.0,5.549588231393137,5.549588231393137,22.45225181148334,0.419,0.011,0.408,1.0,0.0,0.0,,0.0,2.0,0.0,1.0,1.0,0.0,0.0013090159462151,0.0013090159462151,0.0,1.0,1.0,0.0,1.0,1.0,3,0,1,1,2,6410,814,270,136,136,0,1.0,1,1,,,,,0,0.27578311119960974,0.0667388947781285,cc_n_cells_e1=6.41e+03 (+0.21); deg_pct_diff=0.408 (+0.14); deg_log2fc=5.55 (+0.14),novel
818,C3,OPC_GABA_like_tumor,IDH_WT,tumor,0.0,0.0,0.0,0.0,,,0.0,0.0,0.0,0.0,,0.0,2.0,0.0,0.0,0.0,0.0,0.0,0.0,,0.0,0.0,0.0,0.0,,6,1,0,1,1,6741,14114,5040,1935,1935,0,0.0,0,0,,,,,0,0.27551786963549363,0.011885889365805365,cc_n_cells_e1=6.74e+03 (+0.22); cc_n_celltypes_total=1 (+0.05); deg_pooled_log2fc=nan (+0.04),novel
819,PTPRD,TAM1/TAM2/microglia,IDH_WT,TAM_microglia,0.0,0.0,0.0,0.0,,,0.0,0.0,0.0,0.0,,0.0,3.0,0.0,0.0,0.0,0.0,0.0,0.0,,0.0,0.0,0.0,0.0,,1,0,1,1,1,12086,25922,9696,2745,2745,0,0.0,0,0,,,,,0,0.2751858417923119,0.08524993807234503,cc_n_cells_e1=1.21e+04 (+0.20); deg_pooled_log2fc=nan (+0.06); cc_n_celltypes_total=1 (+0.04),novel
820,PCDHGA10,OPC_GABA_like_tumor,IDH_WT,tumor,1.0,0.840786297737504,0.840786297737504,72.55478677722016,0.252,0.078,0.174,1.0,0.0,0.0,0.8608372392302766,1.0,2.0,1.0,1.0,2.0,0.0,0.0020400387040252,0.0020400387040252,0.0,1.0,1.0,0.0,2.0,1.0,2,1,1,1,1,6741,14114,5040,1935,1935,0,1.0,0,1,,,,,0,0.27502291559678743,0.10539045834472814,cc_edges_e2=2 (+0.23); cc_n_cells_e1=6.74e+03 (+0.20); deg_pct_diff=0.174 (+0.12),novel
821,PCDHGA10,OPC_GABA_AC_like_tumor,IDH_Mutant,tumor,0.0,0.0,0.0,0.0,,,0.0,0.0,0.0,0.0,,0.0,1.0,0.0,0.0,0.0,0.0,0.0,0.0,,0.0,0.0,0.0,0.0,,2,1,1,1,1,6202,1012,352,742,352,0,0.0,1,0,,,,,0,0.27474682611925744,0.114577984801058,cc_n_cells_e1=6.2e+03 (+0.20); cc_n_cells_e2=1.01e+03 (+0.08); deg_pooled_log2fc=nan (+0.06),novel
822,C3,OPC_GABA_like_tumor,IDH_Mutant,tumor,0.0,0.0,0.0,0.0,,,0.0,0.0,0.0,0.0,,0.0,2.0,0.0,0.0,0.0,0.0,0.0,0.0,,0.0,0.0,0.0,0.0,,6,1,0,1,1,6741,14114,1658,11741,1658,0,0.0,1,0,,,,,0,0.27465248058568403,0.01202006325055115,cc_n_cells_e1=6.74e+03 (+0.22); cc_n_celltypes_total=1 (+0.05); deg_pooled_log2fc=nan (+0.04),novel
823,CD69,TAM1/TAM2/microglia,IDH_WT,TAM_microglia,1.0,1.0733640866463734,1.0733640866463734,83.44111632462776,0.365,0.189,0.176,1.0,0.0,0.0,0.7006783248470634,1.0,2.0,2.0,0.0,2.0,0.0,0.0054582771010761,0.0049009474620876,0.0,1.0,1.0,2.0,2.0,1.0,6,1,0,1,2,12086,25922,9696,2745,2745,0,1.0,0,1,,,,,0,0.2729397780288856,0.051346911584633004,cc_edges_e2=2 (+0.26); cc_n_cells_e1=1.21e+04 (+0.23); deg_pooled_log2fc=0.701 (+0.23),novel
824,TREM2,T cell,IDH_WT,T_cell,0.0,0.0,0.0,0.0,,,0.0,0.0,0.0,0.0,,0.0,2.0,0.0,0.0,0.0,0.0,0.0,0.0,,0.0,0.0,0.0,0.0,,57,0,1,2,2,2662,1463,1681,1118,1118,0,0.0,0,0,2.0,TAM_microglia,myeloid_bridge,TAM marker (pathway-level),0,0.2728022233270826,0.043593565263410294,cc_edges_total=57 (+0.98); cc_is_ligand=0 (+0.08); deg_pooled_log2fc=nan (+0.03),"literature gene, other compartment"
825,SLITRK2,TAM1/TAM2/microglia,IDH_WT,TAM_microglia,0.0,0.0,0.0,0.0,,,0.0,0.0,0.0,0.0,,0.0,2.0,0.0,0.0,0.0,0.0,0.0,0.0,,0.0,0.0,0.0,0.0,,1,1,0,1,1,12086,25922,9696,2745,2745,0,0.0,0,0,,,,,0,0.272685954281013,0.07380917134687046,cc_n_cells_e1=1.21e+04 (+0.22); deg_pooled_log2fc=nan (+0.06); cc_n_celltypes_total=1 (+0.04),novel
826,PDGFA,TAM1/TAM2/microglia,IDH_Mutant,TAM_microglia,1.0,1.8013384616413457,1.8013384616413457,18.0269292351144,0.1,0.034,0.066,1.0,1.0,1.0,1.0941414152147104,1.0,1.0,0.0,0.0,0.0,0.0,0.0,0.0,,0.0,0.0,0.0,0.0,,3,1,0,1,1,12086,25922,2106,21701,2106,0,0.0,1,0,,,,,0,0.27256465961721243,0.06372771286681386,cc_n_cells_e1=1.21e+04 (+0.19); deg_log2fc=1.8 (+0.13); deg_pooled_log2fc=1.09 (+0.11),novel
827,GRIK2,OPC_GABA_AC_like_tumor,IDH_Mutant,tumor,0.0,0.0,0.0,0.0,,,0.0,0.0,0.0,0.0,,0.0,3.0,0.0,0.0,0.0,0.0,0.0,0.0,,0.0,0.0,0.0,0.0,,6,0,1,1,2,6202,1012,352,742,352,0,0.0,1,0,,,,,0,0.2725514004675464,0.06501844511032748,cc_n_cells_e1=6.2e+03 (+0.24); cc_n_cells_e2=1.01e+03 (+0.08); deg_pooled_log2fc=nan (+0.04),novel
828,GRIK2,OPC_GABA_AC_like_tumor,IDH_WT,tumor,0.0,0.0,0.0,0.0,,,0.0,0.0,0.0,0.0,,0.0,2.0,0.0,0.0,0.0,0.0,0.0,0.0,,0.0,0.0,0.0,0.0,,6,0,1,1,2,6202,1012,5384,171,171,0,0.0,0,0,,,,,0,0.27239455072419216,0.06059775656102763,cc_n_cells_e1=6.2e+03 (+0.24); cc_n_cells_e2=1.01e+03 (+0.08); deg_pooled_log2fc=nan (+0.04),novel
829,PILRA,cycling_tumor,IDH_Mutant,tumor,0.0,0.0,0.0,0.0,,,0.0,0.0,0.0,0.0,,0.0,1.0,0.0,0.0,0.0,0.0,0.0,0.0,,0.0,0.0,0.0,0.0,,7,0,1,1,1,6410,814,270,136,136,0,0.0,1,0,,,,,0,0.2715139153476066,0.03375638359890775,cc_n_cells_e1=6.41e+03 (+0.18); cc_n_cells_e2=814 (+0.08); cc_n_celltypes_total=1 (+0.05),novel
830,ITGB2,OPC_GABA_like_tumor,IDH_WT,tumor,0.0,0.0,0.0,0.0,,,0.0,0.0,0.0,0.0,,0.0,2.0,0.0,0.0,0.0,0.0,0.0,0.0,,0.0,0.0,0.0,0.0,,4,0,1,2,1,6741,14114,5040,1935,1935,0,0.0,0,0,,,,,0,0.27080212114535457,0.0230047648139976,cc_n_cells_e1=6.74e+03 (+0.21); cc_n_celltypes_total=1 (+0.05); deg_pooled_log2fc=nan (+0.04),novel
831,HLA-DMA,TAM1/TAM2/microglia,IDH_Mutant,TAM_microglia,1.0,-0.9004422843411573,0.9004422843411573,184.1624539878099,0.648,0.847,-0.19899999999999995,-1.0,0.0,0.0,-0.5872405186024281,1.0,2.0,4.0,0.0,2.0,2.0,0.017037430185218,0.00849364729375935,0.0,1.0,1.0,0.0,4.0,0.0,8,1,0,1,3,12086,25922,2106,21701,2106,0,-0.0,1,1,,,,,0,0.27075233294568457,0.08864391960605282,cc_edges_e2=2 (+0.26); cc_n_cells_e1=1.21e+04 (+0.24); cc_n_celltypes_total=3 (+0.06),novel
832,LRP1,OPC_GABA_AC_like_tumor,IDH_WT,tumor,0.0,0.0,0.0,0.0,,,0.0,0.0,0.0,0.0,,0.0,2.0,0.0,0.0,0.0,0.0,0.0,0.0,,0.0,0.0,0.0,0.0,,7,0,1,1,4,6202,1012,5384,171,171,0,0.0,0,0,,,,,0,0.2705149194102191,0.059125073710854056,cc_n_cells_e1=6.2e+03 (+0.24); cc_n_cells_e2=1.01e+03 (+0.08); cc_n_celltypes_total=4 (+0.04),novel
833,SDC3,AC_like_tumor,IDH_Mutant,tumor,0.0,0.0,0.0,0.0,,,0.0,0.0,0.0,0.0,,0.0,1.0,0.0,0.0,0.0,0.0,0.0,0.0,,0.0,0.0,0.0,0.0,,11,0,1,1,1,72549,446,4249,283,283,0,0.0,1,0,,,,,0,0.2702548879161586,0.04315173202983413,cc_n_cells_e1=7.25e+04 (+0.18); cc_n_cells_e2=446 (+0.08); cc_n_celltypes_total=1 (+0.05),novel
834,JAM2,OPC_GABA_AC_like_tumor,IDH_WT,tumor,0.0,0.0,0.0,0.0,,,0.0,0.0,0.0,0.0,,0.0,2.0,0.0,0.0,0.0,0.0,0.0,0.0,,0.0,0.0,0.0,0.0,,6,1,1,1,1,6202,1012,5384,171,171,0,0.0,0,0,,,,,0,0.27014271574857085,0.062367739880251884,cc_n_cells_e1=6.2e+03 (+0.23); cc_n_cells_e2=1.01e+03 (+0.08); cc_n_celltypes_total=1 (+0.05),novel
835,ITGB2,OPC_GABA_like_tumor,IDH_Mutant,tumor,0.0,0.0,0.0,0.0,,,0.0,0.0,0.0,0.0,,0.0,2.0,0.0,0.0,0.0,0.0,0.0,0.0,,0.0,0.0,0.0,0.0,,4,0,1,2,1,6741,14114,1658,11741,1658,0,0.0,1,0,,,,,0,0.26988694896320525,0.02175036013534803,cc_n_cells_e1=6.74e+03 (+0.21); cc_n_celltypes_total=1 (+0.05); deg_pooled_log2fc=nan (+0.04),novel
836,TNF,OPC_GABA_like_tumor,IDH_WT,tumor,0.0,0.0,0.0,0.0,,,0.0,0.0,0.0,0.0,,0.0,1.0,0.0,0.0,0.0,0.0,0.0,0.0,,0.0,0.0,0.0,0.0,,3,1,0,1,1,6741,14114,5040,1935,1935,0,0.0,0,0,,,,,0,0.26983182887860746,0.08743728291532875,cc_n_cells_e1=6.74e+03 (+0.20); deg_pooled_log2fc=nan (+0.05); cc_n_celltypes_total=1 (+0.05),novel
837,SDC3,OPC_GABA_AC_like_tumor,IDH_WT,tumor,0.0,0.0,0.0,0.0,,,0.0,0.0,0.0,0.0,,0.0,2.0,0.0,0.0,0.0,0.0,0.0,0.0,,0.0,0.0,0.0,0.0,,11,0,1,1,1,6202,1012,5384,171,171,0,0.0,0,0,,,,,0,0.26975806341652164,0.04391275845701413,cc_n_cells_e1=6.2e+03 (+0.21); cc_n_cells_e2=1.01e+03 (+0.08); cc_n_celltypes_total=1 (+0.05),novel
838,APOE,cycling_tumor,IDH_Mutant,tumor,1.0,-4.071242219853939,4.071242219853939,40.5734791065612,0.404,0.926,-0.522,-1.0,1.0,1.0,-4.340427960083712,1.0,5.0,6.0,0.0,3.0,3.0,0.1534655254557488,0.07382589628953852,0.04,1.0,2.0,6.0,6.0,0.0,36,1,0,1,7,6410,814,270,136,136,0,-0.0,1,1,2.0,TAM_microglia,myeloid_bridge,TAM lipid program (pathway-level),0,0.2697070905037978,0.09241715883745928,cc_n_partners=2 (+0.77); cc_edges_e2=3 (+0.25); cc_n_cells_e1=6.41e+03 (+0.24),"literature gene, other compartment"
839,SDC3,OPC_GABA_AC_like_tumor,IDH_Mutant,tumor,0.0,0.0,0.0,0.0,,,0.0,0.0,0.0,0.0,,0.0,1.0,0.0,0.0,0.0,0.0,0.0,0.0,,0.0,0.0,0.0,0.0,,11,0,1,1,1,6202,1012,352,742,352,0,0.0,1,0,,,,,0,0.2696727843261882,0.04376194680486658,cc_n_cells_e1=6.2e+03 (+0.19); cc_n_cells_e2=1.01e+03 (+0.08); cc_n_celltypes_total=1 (+0.05),novel
840,DAG1,TAM1/TAM2/microglia,IDH_WT,TAM_microglia,0.0,0.0,0.0,0.0,,,0.0,0.0,0.0,0.0,,0.0,1.0,0.0,0.0,0.0,0.0,0.0,0.0,,0.0,0.0,0.0,0.0,,6,0,1,1,1,12086,25922,9696,2745,2745,0,0.0,0,0,,,,,0,0.26949996807460463,0.0319333724003023,cc_n_cells_e1=1.21e+04 (+0.18); deg_pooled_log2fc=nan (+0.04); cc_n_celltypes_total=1 (+0.04),novel
841,GRN,OPC_GABA_like_tumor,IDH_WT,tumor,0.0,0.0,0.0,0.0,,,0.0,0.0,0.0,0.0,,0.0,1.0,0.0,0.0,0.0,0.0,0.0,0.0,,0.0,0.0,0.0,0.0,,3,1,0,1,2,6741,14114,5040,1935,1935,0,0.0,0,0,,,,,0,0.2694936987513673,0.059775274471948206,cc_n_cells_e1=6.74e+03 (+0.22); deg_pooled_log2fc=nan (+0.05); cc_n_celltypes_total=2 (+0.04),novel
842,JAM2,AC_like_tumor,IDH_WT,tumor,0.0,0.0,0.0,0.0,,,0.0,0.0,0.0,0.0,,0.0,2.0,0.0,0.0,0.0,0.0,0.0,0.0,,0.0,0.0,0.0,0.0,,6,1,1,1,1,72549,446,64812,108,108,0,0.0,0,0,,,,,0,0.26942659205652075,0.06301050247392166,cc_n_cells_e1=7.25e+04 (+0.22); cc_n_cells_e2=446 (+0.08); cc_n_celltypes_total=1 (+0.05),novel
843,APOE,cycling_tumor,IDH_WT,tumor,1.0,-4.621149299509157,4.621149299509157,149.35901737537023,0.379,0.744,-0.365,-1.0,1.0,1.0,-4.340427960083712,1.0,6.0,6.0,0.0,3.0,3.0,0.1534655254557488,0.07382589628953852,0.04,1.0,2.0,6.0,6.0,0.0,36,1,0,1,7,6410,814,5847,663,663,0,-0.0,0,1,2.0,TAM_microglia,myeloid_bridge,TAM lipid program (pathway-level),0,0.26940999985370145,0.099504901718944,cc_n_partners=2 (+0.77); cc_edges_e2=3 (+0.25); cc_n_cells_e1=6.41e+03 (+0.24),"literature gene, other compartment"
844,FPR1,OPC_GABA_like_tumor,IDH_WT,tumor,0.0,0.0,0.0,0.0,,,0.0,0.0,0.0,0.0,,0.0,1.0,0.0,0.0,0.0,0.0,0.0,0.0,,0.0,0.0,0.0,0.0,,10,0,1,1,1,6741,14114,5040,1935,1935,0,0.0,0,0,,,,,0,0.26905710556127055,0.0232909052800367,cc_n_cells_e1=6.74e+03 (+0.18); cc_n_celltypes_total=1 (+0.05); deg_pooled_log2fc=nan (+0.04),novel
845,TNF,OPC_GABA_like_tumor,IDH_Mutant,tumor,0.0,0.0,0.0,0.0,,,0.0,0.0,0.0,0.0,,0.0,1.0,0.0,0.0,0.0,0.0,0.0,0.0,,0.0,0.0,0.0,0.0,,3,1,0,1,1,6741,14114,1658,11741,1658,0,0.0,1,0,,,,,0,0.26902681684397556,0.08611664631175035,cc_n_cells_e1=6.74e+03 (+0.20); deg_pooled_log2fc=nan (+0.05); cc_n_celltypes_total=1 (+0.05),novel
846,GRIK2,AC_like_tumor,IDH_WT,tumor,0.0,0.0,0.0,0.0,,,0.0,0.0,0.0,0.0,,0.0,2.0,0.0,0.0,0.0,0.0,0.0,0.0,,0.0,0.0,0.0,0.0,,6,0,1,1,2,72549,446,64812,108,108,0,0.0,0,0,,,,,0,0.26893054793657784,0.06105741569692468,cc_n_cells_e1=7.25e+04 (+0.23); cc_n_cells_e2=446 (+0.08); deg_pooled_log2fc=nan (+0.04),novel
847,GRN,AC_like_tumor,IDH_Mutant,tumor,0.0,0.0,0.0,0.0,,,0.0,0.0,0.0,0.0,,0.0,3.0,0.0,0.0,0.0,0.0,0.0,0.0,,0.0,0.0,0.0,0.0,,3,1,0,1,2,72549,446,4249,283,283,0,0.0,1,0,,,,,0,0.26875374779909256,0.032878733793250105,cc_n_cells_e1=7.25e+04 (+0.25); cc_n_cells_e2=446 (+0.08); deg_pooled_log2fc=nan (+0.05),novel
848,PDGFB,AC_like_tumor,IDH_WT,tumor,0.0,0.0,0.0,0.0,,,0.0,0.0,0.0,0.0,,0.0,1.0,0.0,0.0,0.0,0.0,0.0,0.0,,0.0,0.0,0.0,0.0,,3,1,0,1,1,72549,446,64812,108,108,0,0.0,0,0,,,,,0,0.26833209670185343,0.08416666953144264,cc_n_cells_e1=7.25e+04 (+0.20); cc_n_cells_e2=446 (+0.08); cc_n_celltypes_total=1 (+0.05),novel
849,PDGFB,AC_like_tumor,IDH_Mutant,tumor,0.0,0.0,0.0,0.0,,,0.0,0.0,0.0,0.0,,0.0,1.0,0.0,0.0,0.0,0.0,0.0,0.0,,0.0,0.0,0.0,0.0,,3,1,0,1,1,72549,446,4249,283,283,0,0.0,1,0,,,,,0,0.26833209670185343,0.08416666953144264,cc_n_cells_e1=7.25e+04 (+0.20); cc_n_cells_e2=446 (+0.08); cc_n_celltypes_total=1 (+0.05),novel
850,HLA-DMB,AC_like_tumor,IDH_Mutant,tumor,0.0,0.0,0.0,0.0,,,0.0,0.0,0.0,0.0,,0.0,2.0,0.0,0.0,0.0,0.0,0.0,0.0,,0.0,0.0,0.0,0.0,,4,1,0,1,1,72549,446,4249,283,283,0,0.0,1,0,,,,,0,0.26811823688898945,0.061131552720210806,cc_n_cells_e1=7.25e+04 (+0.22); cc_n_cells_e2=446 (+0.08); deg_pooled_log2fc=nan (+0.05),novel
851,CLEC2B,OPC_GABA_like_tumor,IDH_Mutant,tumor,0.0,0.0,0.0,0.0,,,0.0,0.0,0.0,0.0,,0.0,2.0,0.0,0.0,0.0,0.0,0.0,0.0,,0.0,0.0,0.0,0.0,,6,1,0,1,2,6741,14114,1658,11741,1658,0,0.0,1,0,,,,,0,0.26800751997899214,0.00929402682328855,cc_n_cells_e1=6.74e+03 (+0.24); deg_pooled_log2fc=nan (+0.04); cc_n_celltypes_total=2 (+0.03),novel
852,GPR37L1,AC_like_tumor,IDH_Mutant,tumor,0.0,0.0,0.0,0.0,,,0.0,0.0,0.0,0.0,,0.0,1.0,0.0,0.0,0.0,0.0,0.0,0.0,,0.0,0.0,0.0,0.0,,9,0,1,1,1,72549,446,4249,283,283,0,0.0,1,0,,,,,0,0.2680004027558322,0.039689527613110995,cc_n_cells_e1=7.25e+04 (+0.18); cc_n_cells_e2=446 (+0.08); cc_n_celltypes_total=1 (+0.05),novel
853,JAM3,OPC_GABA_AC_like_tumor,IDH_Mutant,tumor,0.0,0.0,0.0,0.0,,,0.0,0.0,0.0,0.0,,0.0,1.0,0.0,0.0,0.0,0.0,0.0,0.0,,0.0,0.0,0.0,0.0,,3,1,1,1,1,6202,1012,352,742,352,0,0.0,1,0,,,,,0,0.2679030161269492,0.07302568967567555,cc_n_cells_e1=6.2e+03 (+0.21); cc_n_cells_e2=1.01e+03 (+0.08); cc_n_celltypes_total=1 (+0.05),novel
854,SDC3,AC_like_tumor,IDH_WT,tumor,0.0,0.0,0.0,0.0,,,0.0,0.0,0.0,0.0,,0.0,2.0,0.0,0.0,0.0,0.0,0.0,0.0,,0.0,0.0,0.0,0.0,,11,0,1,1,1,72549,446,64812,108,108,0,0.0,0,0,,,,,0,0.26782846039885627,0.04245198830340233,cc_n_cells_e1=7.25e+04 (+0.21); cc_n_cells_e2=446 (+0.08); cc_n_celltypes_total=1 (+0.05),novel
855,PDGFB,OPC_GABA_AC_like_tumor,IDH_WT,tumor,0.0,0.0,0.0,0.0,,,0.0,0.0,0.0,0.0,,0.0,1.0,0.0,0.0,0.0,0.0,0.0,0.0,,0.0,0.0,0.0,0.0,,3,1,0,1,1,6202,1012,5384,171,171,0,0.0,0,0,,,,,0,0.2677895895817236,0.08418238331087392,cc_n_cells_e1=6.2e+03 (+0.21); cc_n_cells_e2=1.01e+03 (+0.08); cc_n_celltypes_total=1 (+0.05),novel
856,PPIA,T cell,IDH_WT,T_cell,1.0,0.4516688128334261,0.4516688128334261,13.342026310558602,0.787,0.688,0.09900000000000009,1.0,0.0,0.0,0.4357278404673268,1.0,2.0,7.0,0.0,4.0,3.0,0.1059385738305193,0.044133901422716275,0.03,1.0,3.0,7.0,7.0,0.14285714285714285,56,1,0,1,7,2662,1463,1681,1118,1118,0,0.14285714285714285,0,1,,,,,0,0.2672100445625215,0.10065238399294665,cc_edges_total=56 (+0.75); cc_n_partners=3 (+0.43); deg_pct_diff=0.099 (+0.23),novel
857,JAM3,AC_like_tumor,IDH_Mutant,tumor,0.0,0.0,0.0,0.0,,,0.0,0.0,0.0,0.0,,0.0,1.0,0.0,0.0,0.0,0.0,0.0,0.0,,0.0,0.0,0.0,0.0,,3,1,1,1,1,72549,446,4249,283,283,0,0.0,1,0,,,,,0,0.267185290759623,0.07230970597253206,cc_n_cells_e1=7.25e+04 (+0.20); cc_n_cells_e2=446 (+0.08); cc_n_celltypes_total=1 (+0.05),novel
858,GRN,OPC_GABA_AC_like_tumor,IDH_Mutant,tumor,0.0,0.0,0.0,0.0,,,0.0,0.0,0.0,0.0,,0.0,3.0,0.0,0.0,0.0,0.0,0.0,0.0,,0.0,0.0,0.0,0.0,,3,1,0,1,2,6202,1012,352,742,352,0,0.0,1,0,,,,,0,0.26712135562416534,0.03230803034020156,cc_n_cells_e1=6.2e+03 (+0.25); cc_n_cells_e2=1.01e+03 (+0.08); deg_pooled_log2fc=nan (+0.05),novel
859,HLA-DRB1,cycling_tumor,IDH_WT,tumor,1.0,-6.54685114339685,6.54685114339685,88.82559256879834,0.047,0.463,-0.41600000000000004,-1.0,1.0,1.0,-5.978607762733578,1.0,3.0,2.0,0.0,0.0,2.0,0.0072428603962872,0.003925841771916736,0.0,1.0,1.0,2.0,2.0,-1.0,14,1,0,1,5,6410,814,5847,663,663,0,1.0,0,1,,,,,0,0.26705795902092005,0.11800228499438142,cc_edges_total=14 (+0.51); cc_n_cells_e1=6.41e+03 (+0.24); cc_n_cells_e2=814 (+0.04),novel
860,HLA-E,TAM1/TAM2/microglia,IDH_WT,TAM_microglia,1.0,0.4478134585811877,0.4478134585811877,61.13491279946608,0.807,0.684,0.123,1.0,1.0,0.0,0.2621640472722299,1.0,3.0,2.0,0.0,1.0,1.0,0.0287367317117394,0.02515848644454735,0.0,1.0,1.0,2.0,2.0,0.0,6,1,0,1,4,12086,25922,9696,2745,2745,0,0.0,0,1,,,,,0,0.26692242191141025,0.0478989260757365,cc_n_cells_e1=1.21e+04 (+0.24); deg_pct_diff=0.123 (+0.20); deg_log2fc=0.448 (+0.11),novel
861,LRRTM3,TAM1/TAM2/microglia,IDH_WT,TAM_microglia,0.0,0.0,0.0,0.0,,,0.0,0.0,0.0,0.0,,0.0,2.0,0.0,0.0,0.0,0.0,0.0,0.0,,0.0,0.0,0.0,0.0,,6,0,1,1,1,12086,25922,9696,2745,2745,0,0.0,0,0,,,,,0,0.2668578515214163,0.041896043288218325,cc_n_cells_e1=1.21e+04 (+0.21); deg_pooled_log2fc=nan (+0.04); cc_n_celltypes_total=1 (+0.04),novel
862,SDC3,OPC_GABA_like_tumor,IDH_WT,tumor,1.0,0.4231309699266402,0.4231309699266402,46.08594189123909,0.335,0.154,0.18100000000000002,1.0,1.0,0.0,,0.0,2.0,0.0,0.0,0.0,0.0,0.0,0.0,,0.0,0.0,0.0,0.0,,11,0,1,1,1,6741,14114,5040,1935,1935,0,0.0,0,0,,,,,0,0.26682113094657567,0.029997915626240015,cc_n_cells_e1=6.74e+03 (+0.19); deg_pct_diff=0.181 (+0.17); deg_log2fc=0.423 (+0.11),novel
863,JAM2,OPC_GABA_AC_like_tumor,IDH_Mutant,tumor,0.0,0.0,0.0,0.0,,,0.0,0.0,0.0,0.0,,0.0,2.0,0.0,0.0,0.0,0.0,0.0,0.0,,0.0,0.0,0.0,0.0,,6,1,1,1,1,6202,1012,352,742,352,0,0.0,1,0,,,,,0,0.2666748145848973,0.06372851817231039,cc_n_cells_e1=6.2e+03 (+0.23); cc_n_cells_e2=1.01e+03 (+0.08); cc_n_celltypes_total=1 (+0.05),novel
864,HLA-DRB5,TAM1/TAM2/microglia,IDH_WT,TAM_microglia,1.0,-0.9532907349278568,0.9532907349278568,26.127445628592405,0.482,0.544,-0.062000000000000055,-1.0,1.0,1.0,-0.7115592963088431,1.0,2.0,4.0,0.0,2.0,2.0,0.0153299905391955,0.005800008038656948,0.0,1.0,1.0,0.0,4.0,0.0,4,1,0,1,1,12086,25922,9696,2745,2745,0,-0.0,0,1,,,,,0,0.2666257991738904,0.04184000831665293,cc_edges_e2=2 (+0.24); cc_n_cells_e1=1.21e+04 (+0.21); cc_edges_e1=2 (+0.04),novel
865,JAM2,AC_like_tumor,IDH_Mutant,tumor,0.0,0.0,0.0,0.0,,,0.0,0.0,0.0,0.0,,0.0,2.0,0.0,0.0,0.0,0.0,0.0,0.0,,0.0,0.0,0.0,0.0,,6,1,1,1,1,72549,446,4249,283,283,0,0.0,1,0,,,,,0,0.266615894027297,0.06346910003591484,cc_n_cells_e1=7.25e+04 (+0.22); cc_n_cells_e2=446 (+0.08); cc_n_celltypes_total=1 (+0.05),novel
866,HLA-DPB1,T cell,IDH_WT,T_cell,1.0,0.6068722189030684,0.6068722189030684,2.7934385720594177,0.458,0.375,0.08300000000000002,1.0,1.0,1.0,0.7594494955326812,1.0,5.0,4.0,0.0,2.0,2.0,0.0064620288945377,0.0032153495971184065,0.0,1.0,1.0,4.0,4.0,0.0,14,1,0,1,5,2662,1463,1681,1118,1118,0,0.0,0,1,,,,,0,0.2666123783645123,0.1546428364188479,cc_edges_total=14 (+0.39); cc_edges_e2=2 (+0.25); deg_pooled_log2fc=0.759 (+0.21),novel
867,HLA-DQB1,AC_like_tumor,IDH_WT,tumor,0.0,0.0,0.0,0.0,,,0.0,0.0,0.0,0.0,,0.0,1.0,0.0,0.0,0.0,0.0,0.0,0.0,,0.0,0.0,0.0,0.0,,6,1,0,1,2,72549,446,64812,108,108,0,0.0,0,0,,,,,0,0.26650572712938014,0.06238582306093389,cc_n_cells_e1=7.25e+04 (+0.22); cc_n_cells_e2=446 (+0.08); deg_pooled_log2fc=nan (+0.05),novel
868,HLA-DQB1,OPC_GABA_AC_like_tumor,IDH_WT,tumor,0.0,0.0,0.0,0.0,,,0.0,0.0,0.0,0.0,,0.0,1.0,0.0,0.0,0.0,0.0,0.0,0.0,,0.0,0.0,0.0,0.0,,6,1,0,1,2,6202,1012,5384,171,171,0,0.0,0,0,,,,,0,0.26650572712938014,0.06238582306093389,cc_n_cells_e1=6.2e+03 (+0.23); cc_n_cells_e2=1.01e+03 (+0.08); deg_pooled_log2fc=nan (+0.05),novel
869,CD99,T cell,IDH_WT,T_cell,0.0,0.0,0.0,0.0,,,0.0,0.0,0.0,0.0,,0.0,1.0,18.0,14.0,16.0,16.0,0.0173369733225027,0.0069529135025373345,0.01,1.0,4.0,24.0,32.0,0.0,86,1,1,1,4,2662,1463,1681,1118,1118,0,0.0,0,0,2.0,tumor,immune_synapse,Glioma invasion marker (limited functional data),0,0.26642670240167127,0.048284285084630285,cc_edges_total=86 (+0.85); cc_n_partners=4 (+0.21); cc_n_celltypes_total=4 (+0.06),"literature gene, other compartment"
870,LAIR1,TAM1/TAM2/microglia,IDH_Mutant,TAM_microglia,1.0,-0.2749596641487759,0.2749596641487759,3.676910983749499,0.326,0.385,-0.059,-1.0,1.0,0.0,0.2810806141206695,1.0,1.0,4.0,0.0,2.0,2.0,0.0042054497069747,0.0031089893414732502,0.0,1.0,1.0,0.0,4.0,0.0,4,1,0,1,1,12086,25922,2106,21701,2106,0,-0.0,1,1,,,,,0,0.2663023941232886,0.07252063686128987,cc_edges_e2=2 (+0.22); cc_n_cells_e1=1.21e+04 (+0.19); cc_max_prob=0.00421 (+0.08),novel
871,ITGAX,TAM1/TAM2/microglia,IDH_WT,TAM_microglia,1.0,0.4162680857907228,0.4162680857907228,15.961042523381522,0.318,0.228,0.09,1.0,0.0,0.0,0.5453920909801828,1.0,1.0,0.0,4.0,4.0,0.0,0.0442420541942578,0.0234334586245721,0.0,2.0,3.0,2.0,4.0,1.0,4,0,1,2,1,12086,25922,9696,2745,2745,0,1.0,0,1,,,,,0,0.26580388324711557,0.05728929323247857,cc_n_partners=3 (+0.36); cc_edges_e2=4 (+0.22); deg_pct_diff=0.09 (+0.16),novel
872,APOE,AC_like_tumor,IDH_WT,tumor,1.0,-2.450072114398831,2.450072114398831,10.322505545962061,0.352,0.672,-0.32000000000000006,-1.0,1.0,1.0,-1.6879053025953432,1.0,6.0,6.0,0.0,3.0,3.0,0.1531399133496586,0.086822863458268,0.0,1.0,2.0,6.0,6.0,0.0,36,1,0,1,7,72549,446,64812,108,108,0,-0.0,0,1,2.0,TAM_microglia,myeloid_bridge,TAM lipid program (pathway-level),0,0.26573881002833166,0.08807135195541378,cc_n_partners=2 (+0.76); cc_edges_e2=3 (+0.25); cc_n_cells_e1=7.25e+04 (+0.25),"literature gene, other compartment"
873,HLA-DMB,OPC_GABA_like_tumor,IDH_WT,tumor,0.0,0.0,0.0,0.0,,,0.0,0.0,0.0,0.0,,0.0,1.0,0.0,0.0,0.0,0.0,0.0,0.0,,0.0,0.0,0.0,0.0,,4,1,0,1,1,6741,14114,5040,1935,1935,0,0.0,0,0,,,,,0,0.26571357223752756,0.07751774494108327,cc_n_cells_e1=6.74e+03 (+0.20); deg_pooled_log2fc=nan (+0.05); cc_n_celltypes_total=1 (+0.05),novel
874,C3AR1,OPC_GABA_like_tumor,IDH_WT,tumor,0.0,0.0,0.0,0.0,,,0.0,0.0,0.0,0.0,,0.0,1.0,0.0,0.0,0.0,0.0,0.0,0.0,,0.0,0.0,0.0,0.0,,4,0,1,1,1,6741,14114,5040,1935,1935,0,0.0,0,0,,,,,0,0.2657094242865171,0.05166493627656469,cc_n_cells_e1=6.74e+03 (+0.18); cc_n_celltypes_total=1 (+0.05); deg_pooled_log2fc=nan (+0.04),novel
875,GPR37L1,OPC_GABA_AC_like_tumor,IDH_Mutant,tumor,0.0,0.0,0.0,0.0,,,0.0,0.0,0.0,0.0,,0.0,1.0,0.0,0.0,0.0,0.0,0.0,0.0,,0.0,0.0,0.0,0.0,,9,0,1,1,1,6202,1012,352,742,352,0,0.0,1,0,,,,,0,0.26570684448781356,0.038912038157430724,cc_n_cells_e1=6.2e+03 (+0.19); cc_n_cells_e2=1.01e+03 (+0.08); cc_n_celltypes_total=1 (+0.05),novel
876,SORT1,TAM1/TAM2/microglia,IDH_Mutant,TAM_microglia,1.0,0.6508113762136554,0.6508113762136554,11.424311327706015,0.234,0.155,0.07900000000000001,1.0,1.0,1.0,0.9190227635249396,1.0,2.0,0.0,0.0,0.0,0.0,0.0,0.0,,0.0,0.0,0.0,0.0,,3,0,1,1,1,12086,25922,2106,21701,2106,0,0.0,1,0,,,,,0,0.265543947852407,0.052368481100481305,cc_n_cells_e1=1.21e+04 (+0.20); deg_pooled_log2fc=0.919 (+0.11); deg_log2fc=0.651 (+0.11),novel
877,P4HB,TAM1/TAM2/microglia,IDH_Mutant,TAM_microglia,0.0,0.0,0.0,0.0,,,0.0,0.0,0.0,0.0,,0.0,0.0,0.0,1.0,0.0,1.0,0.0024062850263849,0.0024062850263849,0.0,1.0,1.0,0.0,1.0,-1.0,5,0,1,1,3,12086,25922,2106,21701,2106,0,-0.0,1,0,,,,,0,0.2654563130411625,0.10135349189170065,deg_n_celltypes_sig=0 (+0.30); cc_n_cells_e1=1.21e+04 (+0.21); deg_pooled_log2fc=nan (+0.04),novel
878,PDGFB,OPC_GABA_AC_like_tumor,IDH_Mutant,tumor,0.0,0.0,0.0,0.0,,,0.0,0.0,0.0,0.0,,0.0,1.0,0.0,0.0,0.0,0.0,0.0,0.0,,0.0,0.0,0.0,0.0,,3,1,0,1,1,6202,1012,352,742,352,0,0.0,1,0,,,,,0,0.26540815163844095,0.08355913743432926,cc_n_cells_e1=6.2e+03 (+0.21); cc_n_cells_e2=1.01e+03 (+0.08); cc_n_celltypes_total=1 (+0.05),novel
879,CLEC2B,OPC_GABA_like_tumor,IDH_WT,tumor,0.0,0.0,0.0,0.0,,,0.0,0.0,0.0,0.0,,0.0,2.0,0.0,0.0,0.0,0.0,0.0,0.0,,0.0,0.0,0.0,0.0,,6,1,0,1,2,6741,14114,5040,1935,1935,0,0.0,0,0,,,,,0,0.26524881015147866,0.008200755547128388,cc_n_cells_e1=6.74e+03 (+0.24); deg_pooled_log2fc=nan (+0.04); cc_n_celltypes_total=2 (+0.04),novel
880,PDGFB,cycling_tumor,IDH_Mutant,tumor,0.0,0.0,0.0,0.0,,,0.0,0.0,0.0,0.0,,0.0,1.0,0.0,0.0,0.0,0.0,0.0,0.0,,0.0,0.0,0.0,0.0,,3,1,0,1,1,6410,814,270,136,136,0,0.0,1,0,,,,,0,0.26486962671809017,0.082340395750997,cc_n_cells_e1=6.41e+03 (+0.20); cc_n_cells_e2=814 (+0.08); cc_n_celltypes_total=1 (+0.05),novel
881,ENTPD1,OPC_GABA_like_tumor,IDH_WT,tumor,0.0,0.0,0.0,0.0,,,0.0,0.0,0.0,0.0,,0.0,1.0,0.0,0.0,0.0,0.0,0.0,0.0,,0.0,0.0,0.0,0.0,,4,1,1,1,1,6741,14114,5040,1935,1935,0,0.0,0,0,1.0,TAM_microglia,myeloid_bridge,"Takenaka et al., Nat Neurosci 2019",0,0.26477668420228423,0.06675892849910818,cc_n_cells_e1=6.74e+03 (+0.20); cc_n_celltypes_total=1 (+0.05); deg_pooled_log2fc=nan (+0.05),"literature gene, other compartment"
882,NLGN1,T cell,IDH_Mutant,T_cell,0.0,0.0,0.0,0.0,,,0.0,0.0,0.0,0.0,,0.0,2.0,0.0,0.0,0.0,0.0,0.0,0.0,,0.0,0.0,0.0,0.0,,18,0,1,1,3,2662,1463,941,334,334,0,0.0,1,0,2.0,tumor,neuron_tumor,Neuroligin family (pathway-level),0,0.2643234575172417,0.03773470297139926,cc_edges_total=18 (+0.99); cc_is_ligand=0 (+0.08); cc_n_celltypes_total=3 (+0.03),"literature gene, other compartment"
883,SORL1,cycling_tumor,IDH_WT,tumor,1.0,-2.466763379747383,2.466763379747383,2.297328495447522,0.084,0.151,-0.06699999999999999,-1.0,1.0,1.0,-2.2103367780249705,1.0,3.0,0.0,0.0,0.0,0.0,0.0,0.0,,0.0,0.0,0.0,0.0,,14,0,1,1,1,6410,814,5847,663,663,0,-0.0,0,0,,,,,0,0.2642865865112392,0.0546774793679838,cc_edges_total=14 (+0.60); cc_n_cells_e1=6.41e+03 (+0.20); cc_n_celltypes_total=1 (+0.10),novel
884,PPIA,T cell,IDH_Mutant,T_cell,0.0,0.0,0.0,0.0,,,0.0,0.0,0.0,0.0,,0.0,1.0,7.0,0.0,4.0,3.0,0.1059385738305193,0.044133901422716275,0.03,1.0,3.0,7.0,7.0,0.14285714285714285,56,1,0,1,7,2662,1463,941,334,334,0,0.0,1,0,,,,,0,0.2642666149247915,0.10043135283675099,cc_edges_total=56 (+0.69); cc_n_partners=3 (+0.36); cc_edges_e2=4 (+0.16),novel
885,GPR37L1,TAM1/TAM2/microglia,IDH_WT,TAM_microglia,0.0,0.0,0.0,0.0,,,0.0,0.0,0.0,0.0,,0.0,0.0,0.0,0.0,0.0,0.0,0.0,0.0,,0.0,0.0,0.0,0.0,,9,0,1,1,1,12086,25922,9696,2745,2745,0,0.0,0,0,,,,,0,0.26397039558163937,0.06347890955114412,deg_n_celltypes_sig=0 (+0.32); cc_n_cells_e1=1.21e+04 (+0.19); deg_pooled_log2fc=nan (+0.04),novel
886,HBEGF,TAM1/TAM2/microglia,IDH_WT,TAM_microglia,1.0,0.9095021993511432,0.9095021993511432,64.75167939892984,0.485,0.316,0.16899999999999998,1.0,0.0,0.0,-0.7193658289602208,1.0,2.0,7.0,0.0,0.0,7.0,0.0191470332237848,0.0075573265473107285,0.0,1.0,4.0,7.0,7.0,-1.0,7,1,0,1,1,12086,25922,9696,2745,2745,0,-1.0,0,1,,,,,0,0.2639213792103635,0.06316190680256209,cc_n_partners=4 (+0.35); cc_n_cells_e1=1.21e+04 (+0.19); deg_pct_diff=0.169 (+0.17),novel
887,ENTPD1,OPC_GABA_like_tumor,IDH_Mutant,tumor,0.0,0.0,0.0,0.0,,,0.0,0.0,0.0,0.0,,0.0,1.0,0.0,0.0,0.0,0.0,0.0,0.0,,0.0,0.0,0.0,0.0,,4,1,1,1,1,6741,14114,1658,11741,1658,0,0.0,1,0,1.0,TAM_microglia,myeloid_bridge,"Takenaka et al., Nat Neurosci 2019",0,0.2639035831678531,0.06618776211557159,cc_n_cells_e1=6.74e+03 (+0.20); deg_pooled_log2fc=nan (+0.05); cc_n_celltypes_total=1 (+0.05),"literature gene, other compartment"
888,PTN,TAM1/TAM2/microglia,IDH_WT,TAM_microglia,0.0,0.0,0.0,0.0,,,0.0,0.0,0.0,0.0,,0.0,3.0,1.0,0.0,0.0,1.0,0.0010558520129411,0.0010558520129411,0.0,1.0,1.0,1.0,1.0,-1.0,137,1,0,1,7,12086,25922,9696,2745,2745,0,-0.0,0,0,1.0,TAM_microglia,myeloid_bridge,"Shi et al., Cell Stem Cell 2017",1,0.2638434917241971,0.05737293634662133,cc_edges_total=137 (+1.03); cc_n_cells_e1=1.21e+04 (+0.26); deg_pooled_log2fc=nan (+0.03),literature tier 1 (label)
889,SORL1,OPC_GABA_like_tumor,IDH_WT,tumor,1.0,-2.095248528363715,2.095248528363715,7.077334313600507,0.079,0.133,-0.054000000000000006,-1.0,1.0,1.0,-2.7243142298484098,1.0,3.0,0.0,0.0,0.0,0.0,0.0,0.0,,0.0,0.0,0.0,0.0,,14,0,1,1,1,6741,14114,5040,1935,1935,0,-0.0,0,0,,,,,0,0.2637360151362639,0.06351056815382662,cc_edges_total=14 (+0.60); cc_n_cells_e1=6.74e+03 (+0.20); cc_n_celltypes_total=1 (+0.10),novel
890,NCAM2,OPC_GABA_like_tumor,IDH_Mutant,tumor,1.0,-1.0657710328346646,1.0657710328346646,26.996001133225274,0.194,0.309,-0.11499999999999999,-1.0,1.0,0.0,,0.0,2.0,0.0,0.0,0.0,0.0,0.0,0.0,,0.0,0.0,0.0,0.0,,5,0,1,1,1,6741,14114,1658,11741,1658,0,-0.0,1,0,,,,,0,0.2636656439279389,0.06672755449672363,cc_n_cells_e1=6.74e+03 (+0.19); deg_pooled_log2fc=nan (+0.05); cc_n_celltypes_total=1 (+0.05),novel
891,GPR37L1,cycling_tumor,IDH_Mutant,tumor,0.0,0.0,0.0,0.0,,,0.0,0.0,0.0,0.0,,0.0,1.0,0.0,0.0,0.0,0.0,0.0,0.0,,0.0,0.0,0.0,0.0,,9,0,1,1,1,6410,814,270,136,136,0,0.0,1,0,,,,,0,0.26364136074462674,0.04003415469490566,cc_n_cells_e1=6.41e+03 (+0.18); cc_n_cells_e2=814 (+0.08); cc_n_celltypes_total=1 (+0.05),novel
892,CD69,OPC_GABA_AC_like_tumor,IDH_WT,tumor,0.0,0.0,0.0,0.0,,,0.0,0.0,0.0,0.0,,0.0,2.0,0.0,0.0,0.0,0.0,0.0,0.0,,0.0,0.0,0.0,0.0,,6,1,0,1,2,6202,1012,5384,171,171,0,0.0,0,0,,,,,0,0.26346522415809387,0.04266947093225047,cc_n_cells_e1=6.2e+03 (+0.25); cc_n_cells_e2=1.01e+03 (+0.08); deg_pooled_log2fc=nan (+0.05),novel
893,MPZL1,AC_like_tumor,IDH_Mutant,tumor,0.0,0.0,0.0,0.0,,,0.0,0.0,0.0,0.0,,0.0,1.0,0.0,0.0,0.0,0.0,0.0,0.0,,0.0,0.0,0.0,0.0,,8,1,1,1,2,72549,446,4249,283,283,0,0.0,1,0,,,,,0,0.2632815911804296,0.05494759421713625,cc_n_cells_e1=7.25e+04 (+0.22); cc_n_cells_e2=446 (+0.08); deg_pooled_log2fc=nan (+0.04),novel
894,HLA-DMB,OPC_GABA_AC_like_tumor,IDH_Mutant,tumor,0.0,0.0,0.0,0.0,,,0.0,0.0,0.0,0.0,,0.0,2.0,0.0,0.0,0.0,0.0,0.0,0.0,,0.0,0.0,0.0,0.0,,4,1,0,1,1,6202,1012,352,742,352,0,0.0,1,0,,,,,0,0.2631725029754889,0.06307094068549576,cc_n_cells_e1=6.2e+03 (+0.23); cc_n_cells_e2=1.01e+03 (+0.08); deg_pooled_log2fc=nan (+0.05),novel
895,PDGFB,cycling_tumor,IDH_WT,tumor,0.0,0.0,0.0,0.0,,,0.0,0.0,0.0,0.0,,0.0,1.0,0.0,0.0,0.0,0.0,0.0,0.0,,0.0,0.0,0.0,0.0,,3,1,0,1,1,6410,814,5847,663,663,0,0.0,0,0,,,,,0,0.2630771418916464,0.08583377374615953,cc_n_cells_e1=6.41e+03 (+0.20); cc_n_cells_e2=814 (+0.08); cc_n_celltypes_total=1 (+0.05),novel
896,HBEGF,OPC_GABA_like_tumor,IDH_Mutant,tumor,0.0,0.0,0.0,0.0,,,0.0,0.0,0.0,0.0,,0.0,0.0,0.0,0.0,0.0,0.0,0.0,0.0,,0.0,0.0,0.0,0.0,,7,1,0,1,1,6741,14114,1658,11741,1658,0,0.0,1,0,,,,,0,0.26270484927084026,0.05450514673999523,deg_n_celltypes_sig=0 (+0.28); cc_n_cells_e1=6.74e+03 (+0.20); cc_n_celltypes_total=1 (+0.05),novel
897,CD69,AC_like_tumor,IDH_WT,tumor,0.0,0.0,0.0,0.0,,,0.0,0.0,0.0,0.0,,0.0,2.0,0.0,0.0,0.0,0.0,0.0,0.0,,0.0,0.0,0.0,0.0,,6,1,0,1,2,72549,446,64812,108,108,0,0.0,0,0,,,,,0,0.2621854318284553,0.04409478732492309,cc_n_cells_e1=7.25e+04 (+0.25); cc_n_cells_e2=446 (+0.08); deg_pooled_log2fc=nan (+0.05),novel
898,NLGN1,T cell,IDH_WT,T_cell,0.0,0.0,0.0,0.0,,,0.0,0.0,0.0,0.0,,0.0,2.0,0.0,0.0,0.0,0.0,0.0,0.0,,0.0,0.0,0.0,0.0,,18,0,1,1,3,2662,1463,1681,1118,1118,0,0.0,0,0,2.0,tumor,neuron_tumor,Neuroligin family (pathway-level),0,0.2604183704848304,0.04084884520131303,cc_edges_total=18 (+0.99); cc_is_ligand=0 (+0.08); cc_n_celltypes_total=3 (+0.03),"literature gene, other compartment"
899,CXCR4,T cell,IDH_WT,T_cell,1.0,-0.7068557756501592,0.7068557756501592,17.379151935254022,0.515,0.663,-0.14800000000000002,-1.0,1.0,1.0,-0.7432503531791435,1.0,2.0,0.0,22.0,11.0,11.0,0.0485948380951234,0.020411046457200894,0.0,1.0,6.0,18.0,22.0,0.0,44,0,1,1,2,2662,1463,1681,1118,1118,0,-0.0,0,1,1.0,tumor,growth,"Rubin et al., PNAS 2003",0,0.26026296538469973,0.09447169590124178,cc_edges_total=44 (+1.15); cc_n_partners=6 (+0.27); cc_edges_e2=11 (+0.18),"literature gene, other compartment"
900,TGFBR1,OPC_GABA_AC_like_tumor,IDH_WT,tumor,0.0,0.0,0.0,0.0,,,0.0,0.0,0.0,0.0,,0.0,2.0,0.0,0.0,0.0,0.0,0.0,0.0,,0.0,0.0,0.0,0.0,,4,0,1,1,1,6202,1012,5384,171,171,0,0.0,0,0,,,,,0,0.25990737065019465,0.07194703989304424,cc_n_cells_e1=6.2e+03 (+0.21); cc_n_cells_e2=1.01e+03 (+0.08); cc_n_celltypes_total=1 (+0.05),novel
901,ITGAX,OPC_GABA_AC_like_tumor,IDH_WT,tumor,0.0,0.0,0.0,0.0,,,0.0,0.0,0.0,0.0,,0.0,1.0,0.0,0.0,0.0,0.0,0.0,0.0,,0.0,0.0,0.0,0.0,,4,0,1,2,1,6202,1012,5384,171,171,0,0.0,0,0,,,,,0,0.2598736471396331,0.08380224338102808,cc_n_cells_e1=6.2e+03 (+0.19); cc_n_cells_e2=1.01e+03 (+0.08); cc_n_celltypes_total=1 (+0.05),novel
902,MPZL1,OPC_GABA_AC_like_tumor,IDH_Mutant,tumor,0.0,0.0,0.0,0.0,,,0.0,0.0,0.0,0.0,,0.0,1.0,0.0,0.0,0.0,0.0,0.0,0.0,,0.0,0.0,0.0,0.0,,8,1,1,1,2,6202,1012,352,742,352,0,0.0,1,0,,,,,0,0.25971747872755413,0.05349152490231905,cc_n_cells_e1=6.2e+03 (+0.23); cc_n_cells_e2=1.01e+03 (+0.08); deg_pooled_log2fc=nan (+0.04),novel
903,TGFBR2,OPC_GABA_like_tumor,IDH_Mutant,tumor,0.0,0.0,0.0,0.0,,,0.0,0.0,0.0,0.0,,0.0,2.0,0.0,0.0,0.0,0.0,0.0,0.0,,0.0,0.0,0.0,0.0,,4,0,1,1,1,6741,14114,1658,11741,1658,0,0.0,1,0,,,,,0,0.25916756012706843,0.031826271382028606,cc_n_cells_e1=6.74e+03 (+0.21); cc_n_celltypes_total=1 (+0.05); deg_pooled_log2fc=nan (+0.04),novel
904,ITGAX,AC_like_tumor,IDH_WT,tumor,0.0,0.0,0.0,0.0,,,0.0,0.0,0.0,0.0,,0.0,1.0,0.0,0.0,0.0,0.0,0.0,0.0,,0.0,0.0,0.0,0.0,,4,0,1,2,1,72549,446,64812,108,108,0,0.0,0,0,,,,,0,0.2591362029931482,0.08290756219276882,cc_n_cells_e1=7.25e+04 (+0.18); cc_n_cells_e2=446 (+0.08); cc_n_celltypes_total=1 (+0.05),novel
905,NCAM1,T cell,IDH_WT,T_cell,0.0,0.0,0.0,0.0,,,0.0,0.0,0.0,0.0,,0.0,4.0,0.0,0.0,0.0,0.0,0.0,0.0,,0.0,0.0,0.0,0.0,,55,1,1,1,4,2662,1463,1681,1118,1118,0,0.0,0,0,2.0,tumor,neuron_tumor,Synaptic adhesion (pathway-level),0,0.2586164028181238,0.028432896174814686,cc_edges_total=55 (+1.03); deg_n_celltypes_sig=4 (+0.08); cc_n_celltypes_total=4 (+0.03),"literature gene, other compartment"
906,KLRC2,TAM1/TAM2/microglia,IDH_Mutant,TAM_microglia,0.0,0.0,0.0,0.0,,,0.0,0.0,0.0,0.0,,0.0,3.0,0.0,0.0,0.0,0.0,0.0,0.0,,0.0,0.0,0.0,0.0,,6,0,1,1,1,12086,25922,2106,21701,2106,0,0.0,1,0,,,,,0,0.2575471166113789,0.05835954078173474,cc_n_cells_e1=1.21e+04 (+0.21); deg_pooled_log2fc=nan (+0.04); cc_n_celltypes_total=1 (+0.04),novel
907,TGFBR1,AC_like_tumor,IDH_WT,tumor,0.0,0.0,0.0,0.0,,,0.0,0.0,0.0,0.0,,0.0,2.0,0.0,0.0,0.0,0.0,0.0,0.0,,0.0,0.0,0.0,0.0,,4,0,1,1,1,72549,446,64812,108,108,0,0.0,0,0,,,,,0,0.2574500517796695,0.06919918051037752,cc_n_cells_e1=7.25e+04 (+0.21); cc_n_cells_e2=446 (+0.08); cc_n_celltypes_total=1 (+0.05),novel
908,JAM2,OPC_GABA_like_tumor,IDH_WT,tumor,1.0,0.2939359786475706,0.2939359786475706,58.72263953844598,0.335,0.135,0.2,1.0,1.0,0.0,,0.0,2.0,0.0,0.0,0.0,0.0,0.0,0.0,,0.0,0.0,0.0,0.0,,6,1,1,1,1,6741,14114,5040,1935,1935,0,0.0,0,0,,,,,0,0.25725502573343034,0.06975930655343499,cc_n_cells_e1=6.74e+03 (+0.21); deg_pct_diff=0.2 (+0.17); deg_pooled_log2fc=nan (+0.05),novel
909,CD69,OPC_GABA_like_tumor,IDH_Mutant,tumor,0.0,0.0,0.0,0.0,,,0.0,0.0,0.0,0.0,,0.0,1.0,0.0,0.0,0.0,0.0,0.0,0.0,,0.0,0.0,0.0,0.0,,6,1,0,1,2,6741,14114,1658,11741,1658,0,0.0,1,0,,,,,0,0.25724297446057004,0.04620229868153715,cc_n_cells_e1=6.74e+03 (+0.22); deg_pooled_log2fc=nan (+0.04); cc_n_celltypes_total=2 (+0.04),novel
910,NOTCH1,T cell,IDH_Mutant,T_cell,0.0,0.0,0.0,0.0,,,0.0,0.0,0.0,0.0,,0.0,0.0,0.0,0.0,0.0,0.0,0.0,0.0,,0.0,0.0,0.0,0.0,,16,0,1,2,2,2662,1463,941,334,334,0,0.0,1,0,2.0,tumor,growth,Notch pathway (pathway-level),0,0.2572330535757508,0.11715811550981209,cc_edges_total=16 (+0.87); deg_n_celltypes_sig=0 (+0.29); cc_is_ligand=0 (+0.08),"literature gene, other compartment"
911,SORL1,OPC_GABA_like_tumor,IDH_Mutant,tumor,1.0,-3.531974069723913,3.531974069723913,300.0,0.043,0.403,-0.36000000000000004,-1.0,1.0,1.0,-2.7243142298484098,1.0,3.0,0.0,0.0,0.0,0.0,0.0,0.0,,0.0,0.0,0.0,0.0,,14,0,1,1,1,6741,14114,1658,11741,1658,0,-0.0,1,0,,,,,0,0.25673260297489586,0.062342489734932775,cc_edges_total=14 (+0.59); cc_n_cells_e1=6.74e+03 (+0.20); deg_neglog10_padj=300 (+0.10),novel
912,PILRB,OPC_GABA_like_tumor,IDH_Mutant,tumor,0.0,0.0,0.0,0.0,,,0.0,0.0,0.0,0.0,,0.0,0.0,0.0,0.0,0.0,0.0,0.0,0.0,,0.0,0.0,0.0,0.0,,7,0,1,1,1,6741,14114,1658,11741,1658,0,0.0,1,0,,,,,0,0.2566261229776189,0.0710390654139601,deg_n_celltypes_sig=0 (+0.28); cc_n_cells_e1=6.74e+03 (+0.18); cc_n_celltypes_total=1 (+0.05),novel
913,TGFBR1,AC_like_tumor,IDH_Mutant,tumor,0.0,0.0,0.0,0.0,,,0.0,0.0,0.0,0.0,,0.0,2.0,0.0,0.0,0.0,0.0,0.0,0.0,,0.0,0.0,0.0,0.0,,4,0,1,1,1,72549,446,4249,283,283,0,0.0,1,0,,,,,0,0.2566166108102842,0.06977057871020514,cc_n_cells_e1=7.25e+04 (+0.21); cc_n_cells_e2=446 (+0.08); cc_n_celltypes_total=1 (+0.05),novel
914,TGFBR1,cycling_tumor,IDH_Mutant,tumor,0.0,0.0,0.0,0.0,,,0.0,0.0,0.0,0.0,,0.0,2.0,0.0,0.0,0.0,0.0,0.0,0.0,,0.0,0.0,0.0,0.0,,4,0,1,1,1,6410,814,270,136,136,0,0.0,1,0,,,,,0,0.25617531953232847,0.06945571541622135,cc_n_cells_e1=6.41e+03 (+0.21); cc_n_cells_e2=814 (+0.08); cc_n_celltypes_total=1 (+0.05),novel
915,PILRB,OPC_GABA_like_tumor,IDH_WT,tumor,1.0,1.0051135037907433,1.0051135037907433,90.86360947852387,0.254,0.069,0.185,1.0,0.0,0.0,,0.0,2.0,0.0,0.0,0.0,0.0,0.0,0.0,,0.0,0.0,0.0,0.0,,7,0,1,1,1,6741,14114,5040,1935,1935,0,0.0,0,0,,,,,0,0.2560541358629986,0.08413130839129764,cc_n_cells_e1=6.74e+03 (+0.19); deg_pct_diff=0.185 (+0.17); deg_log2fc=1.01 (+0.14),novel
916,APOE,AC_like_tumor,IDH_Mutant,tumor,1.0,-2.469452304338339,2.469452304338339,87.88636264094083,0.523,0.936,-0.41300000000000003,-1.0,1.0,1.0,-1.6879053025953432,1.0,5.0,6.0,0.0,3.0,3.0,0.1531399133496586,0.086822863458268,0.0,1.0,2.0,6.0,6.0,0.0,36,1,0,1,7,72549,446,4249,283,283,0,-0.0,1,1,2.0,TAM_microglia,myeloid_bridge,TAM lipid program (pathway-level),0,0.25560822083681833,0.08078089515834393,cc_n_partners=2 (+0.77); cc_edges_e2=3 (+0.25); cc_n_cells_e1=7.25e+04 (+0.25),"literature gene, other compartment"
917,C3AR1,OPC_GABA_AC_like_tumor,IDH_Mutant,tumor,0.0,0.0,0.0,0.0,,,0.0,0.0,0.0,0.0,,0.0,2.0,0.0,0.0,0.0,0.0,0.0,0.0,,0.0,0.0,0.0,0.0,,4,0,1,1,1,6202,1012,352,742,352,0,0.0,1,0,,,,,0,0.2554222570632348,0.03994063813983486,cc_n_cells_e1=6.2e+03 (+0.21); cc_n_cells_e2=1.01e+03 (+0.08); cc_n_celltypes_total=1 (+0.05),novel
918,C3AR1,AC_like_tumor,IDH_Mutant,tumor,0.0,0.0,0.0,0.0,,,0.0,0.0,0.0,0.0,,0.0,2.0,0.0,0.0,0.0,0.0,0.0,0.0,,0.0,0.0,0.0,0.0,,4,0,1,1,1,72549,446,4249,283,283,0,0.0,1,0,,,,,0,0.2550307397328602,0.039961783727229874,cc_n_cells_e1=7.25e+04 (+0.21); cc_n_cells_e2=446 (+0.08); cc_n_celltypes_total=1 (+0.05),novel
919,HLA-DRB1,cycling_tumor,IDH_Mutant,tumor,1.0,-5.53062790437838,5.53062790437838,21.61862166400782,0.103,0.641,-0.538,-1.0,1.0,1.0,-5.978607762733578,1.0,4.0,2.0,0.0,0.0,2.0,0.0072428603962872,0.003925841771916736,0.0,1.0,1.0,2.0,2.0,-1.0,14,1,0,1,5,6410,814,270,136,136,0,1.0,1,1,,,,,0,0.25499359228833796,0.11719143643297487,cc_edges_total=14 (+0.50); cc_n_cells_e1=6.41e+03 (+0.25); deg_n_celltypes_sig=4 (+0.05),novel
920,TGFBR1,OPC_GABA_AC_like_tumor,IDH_Mutant,tumor,0.0,0.0,0.0,0.0,,,0.0,0.0,0.0,0.0,,0.0,2.0,0.0,0.0,0.0,0.0,0.0,0.0,,0.0,0.0,0.0,0.0,,4,0,1,1,1,6202,1012,352,742,352,0,0.0,1,0,,,,,0,0.2546509967118046,0.07357136620454083,cc_n_cells_e1=6.2e+03 (+0.21); cc_n_cells_e2=1.01e+03 (+0.08); cc_n_celltypes_total=1 (+0.05),novel
921,CD69,cycling_tumor,IDH_WT,tumor,0.0,0.0,0.0,0.0,,,0.0,0.0,0.0,0.0,,0.0,2.0,0.0,0.0,0.0,0.0,0.0,0.0,,0.0,0.0,0.0,0.0,,6,1,0,1,2,6410,814,5847,663,663,0,0.0,0,0,,,,,0,0.25435322775800134,0.03927319114798923,cc_n_cells_e1=6.41e+03 (+0.24); cc_n_cells_e2=814 (+0.08); deg_pooled_log2fc=nan (+0.05),novel
922,HLA-DPB1,cycling_tumor,IDH_Mutant,tumor,1.0,-4.349260628345878,4.349260628345878,14.827909673894155,0.118,0.563,-0.44499999999999995,-1.0,1.0,1.0,-4.736421498877837,1.0,5.0,2.0,0.0,0.0,2.0,0.0102525480035964,0.0055583801922202076,0.0,1.0,1.0,2.0,2.0,-1.0,14,1,0,1,5,6410,814,270,136,136,0,1.0,1,1,,,,,0,0.25417466412363965,0.1079264838474371,cc_edges_total=14 (+0.50); cc_n_cells_e1=6.41e+03 (+0.25); cc_n_cells_e2=814 (+0.04),novel
923,ITGAX,cycling_tumor,IDH_WT,tumor,0.0,0.0,0.0,0.0,,,0.0,0.0,0.0,0.0,,0.0,1.0,0.0,0.0,0.0,0.0,0.0,0.0,,0.0,0.0,0.0,0.0,,4,0,1,2,1,6410,814,5847,663,663,0,0.0,0,0,,,,,0,0.2535746329773082,0.08291291164987082,cc_n_cells_e1=6.41e+03 (+0.18); cc_n_cells_e2=814 (+0.08); cc_n_celltypes_total=1 (+0.05),novel
924,TGFBR1,cycling_tumor,IDH_WT,tumor,0.0,0.0,0.0,0.0,,,0.0,0.0,0.0,0.0,,0.0,2.0,0.0,0.0,0.0,0.0,0.0,0.0,,0.0,0.0,0.0,0.0,,4,0,1,1,1,6410,814,5847,663,663,0,0.0,0,0,,,,,0,0.2533430626976093,0.07051212595638225,cc_n_cells_e1=6.41e+03 (+0.21); cc_n_cells_e2=814 (+0.08); cc_n_celltypes_total=1 (+0.05),novel
925,APOE,T cell,IDH_WT,T_cell,1.0,0.8944727118022824,0.8944727118022824,14.578698204018728,0.662,0.545,0.11699999999999999,1.0,0.0,0.0,0.935825120187781,1.0,6.0,6.0,0.0,3.0,3.0,0.1125528420381205,0.06786869683633903,0.02,1.0,2.0,6.0,6.0,0.0,36,1,0,1,7,2662,1463,1681,1118,1118,0,0.0,0,1,2.0,TAM_microglia,myeloid_bridge,TAM lipid program (pathway-level),0,0.2533180180921536,0.0638630904123099,cc_n_partners=2 (+0.84); deg_pct_diff=0.117 (+0.27); cc_edges_e2=3 (+0.25),"literature gene, other compartment"
926,PCDHGA10,OPC_GABA_AC_like_tumor,IDH_WT,tumor,0.0,0.0,0.0,0.0,,,0.0,0.0,0.0,0.0,,0.0,2.0,0.0,0.0,0.0,0.0,0.0,0.0,,0.0,0.0,0.0,0.0,,2,1,1,1,1,6202,1012,5384,171,171,0,0.0,0,0,,,,,0,0.25323813351799823,0.11399305537165529,cc_n_cells_e1=6.2e+03 (+0.22); cc_n_cells_e2=1.01e+03 (+0.08); deg_pooled_log2fc=nan (+0.06),novel
927,HLA-DQB1,AC_like_tumor,IDH_Mutant,tumor,0.0,0.0,0.0,0.0,,,0.0,0.0,0.0,0.0,,0.0,2.0,0.0,0.0,0.0,0.0,0.0,0.0,,0.0,0.0,0.0,0.0,,6,1,0,1,2,72549,446,4249,283,283,0,0.0,1,0,,,,,0,0.25320879732179036,0.06761042513413014,cc_n_cells_e1=7.25e+04 (+0.25); cc_n_cells_e2=446 (+0.08); deg_pooled_log2fc=nan (+0.05),novel
928,CD99,T cell,IDH_Mutant,T_cell,0.0,0.0,0.0,0.0,,,0.0,0.0,0.0,0.0,,0.0,3.0,18.0,14.0,16.0,16.0,0.0173369733225027,0.0069529135025373345,0.01,1.0,4.0,24.0,32.0,0.0,86,1,1,1,4,2662,1463,941,334,334,0,0.0,1,0,2.0,tumor,immune_synapse,Glioma invasion marker (limited functional data),0,0.25297394579783006,0.04881673218551599,cc_edges_total=86 (+0.87); cc_n_partners=4 (+0.27); cc_n_celltypes_total=4 (+0.07),"literature gene, other compartment"
929,LRRTM2,TAM1/TAM2/microglia,IDH_Mutant,TAM_microglia,0.0,0.0,0.0,0.0,,,0.0,0.0,0.0,0.0,,0.0,3.0,0.0,0.0,0.0,0.0,0.0,0.0,,0.0,0.0,0.0,0.0,,12,0,1,1,2,12086,25922,2106,21701,2106,0,0.0,1,0,,,,,0,0.25201169115956057,0.08756727720049855,cc_n_cells_e1=1.21e+04 (+0.24); cc_n_celltypes_total=2 (+0.04); deg_pooled_log2fc=nan (+0.04),novel
930,SLC1A1,T cell,IDH_Mutant,T_cell,0.0,0.0,0.0,0.0,,,0.0,0.0,0.0,0.0,,0.0,1.0,0.0,0.0,0.0,0.0,0.0,0.0,,0.0,0.0,0.0,0.0,,13,1,0,1,1,2662,1463,941,334,334,0,0.0,1,0,,,,,0,0.2519777488109797,0.08507464791932878,cc_edges_total=13 (+0.53); cc_n_celltypes_total=1 (+0.17); deg_n_celltypes_sig=1 (+0.14),novel
931,HLA-DQB1,OPC_GABA_AC_like_tumor,IDH_Mutant,tumor,0.0,0.0,0.0,0.0,,,0.0,0.0,0.0,0.0,,0.0,2.0,0.0,0.0,0.0,0.0,0.0,0.0,,0.0,0.0,0.0,0.0,,6,1,0,1,2,6202,1012,352,742,352,0,0.0,1,0,,,,,0,0.2515477113856394,0.06771821272274886,cc_n_cells_e1=6.2e+03 (+0.25); cc_n_cells_e2=1.01e+03 (+0.08); deg_pooled_log2fc=nan (+0.05),novel
932,DAG1,TAM1/TAM2/microglia,IDH_Mutant,TAM_microglia,0.0,0.0,0.0,0.0,,,0.0,0.0,0.0,0.0,,0.0,2.0,0.0,0.0,0.0,0.0,0.0,0.0,,0.0,0.0,0.0,0.0,,6,0,1,1,1,12086,25922,2106,21701,2106,0,0.0,1,0,,,,,0,0.2511879120180526,0.03424328683478972,cc_n_cells_e1=1.21e+04 (+0.21); deg_pooled_log2fc=nan (+0.04); cc_n_celltypes_total=1 (+0.04),novel
933,PCDHGA10,AC_like_tumor,IDH_WT,tumor,0.0,0.0,0.0,0.0,,,0.0,0.0,0.0,0.0,,0.0,2.0,0.0,0.0,0.0,0.0,0.0,0.0,,0.0,0.0,0.0,0.0,,2,1,1,1,1,72549,446,64812,108,108,0,0.0,0,0,,,,,0,0.2507434785664572,0.11445679658980461,cc_n_cells_e1=7.25e+04 (+0.22); cc_n_cells_e2=446 (+0.08); deg_pooled_log2fc=nan (+0.06),novel
934,C3AR1,cycling_tumor,IDH_Mutant,tumor,1.0,-4.2010625640353165,4.2010625640353165,3.7295459675818354,0.037,0.274,-0.23700000000000002,-1.0,0.0,0.0,,0.0,2.0,0.0,0.0,0.0,0.0,0.0,0.0,,0.0,0.0,0.0,0.0,,4,0,1,1,1,6410,814,270,136,136,0,-0.0,1,0,,,,,0,0.25064727833482114,0.05406627973261439,cc_n_cells_e1=6.41e+03 (+0.19); cc_n_cells_e2=814 (+0.08); cc_n_celltypes_total=1 (+0.05),novel
935,FPR1,OPC_GABA_like_tumor,IDH_Mutant,tumor,0.0,0.0,0.0,0.0,,,0.0,0.0,0.0,0.0,,0.0,2.0,0.0,0.0,0.0,0.0,0.0,0.0,,0.0,0.0,0.0,0.0,,10,0,1,1,1,6741,14114,1658,11741,1658,0,0.0,1,0,,,,,0,0.25064153840652253,0.03180033708059787,cc_n_cells_e1=6.74e+03 (+0.21); cc_n_celltypes_total=1 (+0.05); deg_pooled_log2fc=nan (+0.04),novel
936,TMIGD3,OPC_GABA_AC_like_tumor,IDH_WT,tumor,0.0,0.0,0.0,0.0,,,0.0,0.0,0.0,0.0,,0.0,2.0,0.0,0.0,0.0,0.0,0.0,0.0,,0.0,0.0,0.0,0.0,,3,0,1,1,2,6202,1012,5384,171,171,0,0.0,0,0,,,,,0,0.25024072271199993,0.04341323515326638,cc_n_cells_e1=6.2e+03 (+0.24); cc_n_cells_e2=1.01e+03 (+0.08); deg_pooled_log2fc=nan (+0.05),novel
937,TMIGD3,AC_like_tumor,IDH_WT,tumor,0.0,0.0,0.0,0.0,,,0.0,0.0,0.0,0.0,,0.0,2.0,0.0,0.0,0.0,0.0,0.0,0.0,,0.0,0.0,0.0,0.0,,3,0,1,1,2,72549,446,64812,108,108,0,0.0,0,0,,,,,0,0.24957144753235636,0.04441377651200171,cc_n_cells_e1=7.25e+04 (+0.23); cc_n_cells_e2=446 (+0.08); deg_pooled_log2fc=nan (+0.05),novel
938,HLA-DPB1,cycling_tumor,IDH_WT,tumor,1.0,-4.828056235059979,4.828056235059979,83.956454746946,0.133,0.508,-0.375,-1.0,1.0,1.0,-4.736421498877837,1.0,5.0,2.0,0.0,0.0,2.0,0.0102525480035964,0.0055583801922202076,0.0,1.0,1.0,2.0,2.0,-1.0,14,1,0,1,5,6410,814,5847,663,663,0,1.0,0,1,,,,,0,0.24930276042254418,0.10795339851655214,cc_edges_total=14 (+0.50); cc_n_cells_e1=6.41e+03 (+0.25); cc_n_cells_e2=814 (+0.04),novel
939,TMIGD3,AC_like_tumor,IDH_Mutant,tumor,0.0,0.0,0.0,0.0,,,0.0,0.0,0.0,0.0,,0.0,2.0,0.0,0.0,0.0,0.0,0.0,0.0,,0.0,0.0,0.0,0.0,,3,0,1,1,2,72549,446,4249,283,283,0,0.0,1,0,,,,,0,0.24877707574719019,0.044254966131060974,cc_n_cells_e1=7.25e+04 (+0.23); cc_n_cells_e2=446 (+0.08); deg_pooled_log2fc=nan (+0.05),novel
940,LRRTM2,TAM1/TAM2/microglia,IDH_WT,TAM_microglia,0.0,0.0,0.0,0.0,,,0.0,0.0,0.0,0.0,,0.0,2.0,0.0,0.0,0.0,0.0,0.0,0.0,,0.0,0.0,0.0,0.0,,12,0,1,1,2,12086,25922,9696,2745,2745,0,0.0,0,0,,,,,0,0.24860392046851962,0.08991759379441248,cc_n_cells_e1=1.21e+04 (+0.24); cc_n_celltypes_total=2 (+0.04); deg_pooled_log2fc=nan (+0.04),novel
941,GRIA3,OPC_GABA_AC_like_tumor,IDH_WT,tumor,0.0,0.0,0.0,0.0,,,0.0,0.0,0.0,0.0,,0.0,1.0,0.0,0.0,0.0,0.0,0.0,0.0,,0.0,0.0,0.0,0.0,,6,0,1,1,2,6202,1012,5384,171,171,0,0.0,0,0,2.0,tumor,neuron_tumor,"AMPAR subunit family; Venkatesh et al., Nature 2019",1,0.24836400890626678,0.04827359076801031,cc_n_cells_e1=6.2e+03 (+0.21); cc_n_cells_e2=1.01e+03 (+0.08); deg_pooled_log2fc=nan (+0.04),literature tier 2 (label)
942,ANXA1,AC_like_tumor,IDH_Mutant,tumor,0.0,0.0,0.0,0.0,,,0.0,0.0,0.0,0.0,,0.0,3.0,2.0,0.0,0.0,2.0,0.0059288892579909,0.0052353810136908,0.0,1.0,1.0,2.0,2.0,-1.0,10,1,0,1,4,72549,446,4249,283,283,0,-0.0,1,0,,,,,0,0.24790229139617165,0.04996166863504813,cc_n_cells_e1=7.25e+04 (+0.25); cc_n_cells_e2=446 (+0.07); cc_n_celltypes_total=4 (+0.05),novel
943,LILRB4,TAM1/TAM2/microglia,IDH_Mutant,TAM_microglia,1.0,0.5650212558480195,0.5650212558480195,29.945221010661594,0.498,0.356,0.14200000000000002,1.0,1.0,1.0,0.7510720576257953,1.0,2.0,0.0,4.0,2.0,2.0,0.0042054497069747,0.0031089893414732502,0.0,1.0,1.0,0.0,4.0,0.0,4,0,1,1,1,12086,25922,2106,21701,2106,0,0.0,1,1,2.0,TAM_microglia,myeloid_bridge,Myeloid checkpoint (pathway-level),1,0.24699091770542644,0.04780576317971416,cc_edges_e2=2 (+0.24); cc_n_cells_e1=1.21e+04 (+0.20); deg_pooled_log2fc=0.751 (+0.20),literature tier 2 (label)
944,GRIA3,AC_like_tumor,IDH_WT,tumor,0.0,0.0,0.0,0.0,,,0.0,0.0,0.0,0.0,,0.0,1.0,0.0,0.0,0.0,0.0,0.0,0.0,,0.0,0.0,0.0,0.0,,6,0,1,1,2,72549,446,64812,108,108,0,0.0,0,0,2.0,tumor,neuron_tumor,"AMPAR subunit family; Venkatesh et al., Nature 2019",1,0.24657441171039185,0.04793407975260062,cc_n_cells_e1=7.25e+04 (+0.21); cc_n_cells_e2=446 (+0.08); deg_pooled_log2fc=nan (+0.04),literature tier 2 (label)
945,HLA-DQA1,OPC_GABA_AC_like_tumor,IDH_WT,tumor,0.0,0.0,0.0,0.0,,,0.0,0.0,0.0,0.0,,0.0,2.0,0.0,0.0,0.0,0.0,0.0,0.0,,0.0,0.0,0.0,0.0,,4,1,0,1,1,6202,1012,5384,171,171,0,0.0,0,0,,,,,0,0.2459911391858201,0.04853544798630653,cc_n_cells_e1=6.2e+03 (+0.23); cc_n_cells_e2=1.01e+03 (+0.08); deg_pooled_log2fc=nan (+0.05),novel
946,PDGFA,OPC_GABA_AC_like_tumor,IDH_Mutant,tumor,0.0,0.0,0.0,0.0,,,0.0,0.0,0.0,0.0,,0.0,1.0,0.0,0.0,0.0,0.0,0.0,0.0,,0.0,0.0,0.0,0.0,,3,1,0,1,1,6202,1012,352,742,352,0,0.0,1,0,,,,,0,0.24587111074095097,0.0862972586952087,cc_n_cells_e1=6.2e+03 (+0.21); cc_n_cells_e2=1.01e+03 (+0.08); cc_n_celltypes_total=1 (+0.05),novel
947,GRN,TAM1/TAM2/microglia,IDH_WT,TAM_microglia,0.0,0.0,0.0,0.0,,,0.0,0.0,0.0,0.0,,0.0,1.0,2.0,0.0,1.0,1.0,0.005960292884092,0.00594661701763135,0.0,1.0,1.0,2.0,2.0,0.0,3,1,0,1,2,12086,25922,9696,2745,2745,0,0.0,0,0,,,,,0,0.24550218977585986,0.09273659957519337,cc_n_cells_e1=1.21e+04 (+0.22); deg_pooled_log2fc=nan (+0.05); cc_n_celltypes_total=2 (+0.03),novel
948,PDGFA,AC_like_tumor,IDH_Mutant,tumor,0.0,0.0,0.0,0.0,,,0.0,0.0,0.0,0.0,,0.0,1.0,0.0,0.0,0.0,0.0,0.0,0.0,,0.0,0.0,0.0,0.0,,3,1,0,1,1,72549,446,4249,283,283,0,0.0,1,0,,,,,0,0.24542223227791057,0.08306771134727205,cc_n_cells_e1=7.25e+04 (+0.20); cc_n_cells_e2=446 (+0.08); cc_n_celltypes_total=1 (+0.05),novel
949,ANXA1,cycling_tumor,IDH_Mutant,tumor,0.0,0.0,0.0,0.0,,,0.0,0.0,0.0,0.0,,0.0,3.0,2.0,0.0,0.0,2.0,0.005857065867727,0.00517192095952055,0.0,1.0,1.0,2.0,2.0,-1.0,10,1,0,1,4,6410,814,270,136,136,0,-0.0,1,0,,,,,0,0.24519464790626694,0.05272537974541025,cc_n_cells_e1=6.41e+03 (+0.25); cc_n_cells_e2=814 (+0.07); cc_n_celltypes_total=4 (+0.05),novel
950,SLC1A3,OPC_GABA_like_tumor,IDH_Mutant,tumor,1.0,-1.9963691418678584,1.9963691418678584,263.1056969840501,0.371,0.715,-0.344,-1.0,0.0,0.0,-1.3965175223638493,1.0,3.0,0.0,0.0,0.0,0.0,0.0,0.0,,0.0,0.0,0.0,0.0,,26,1,0,1,2,6741,14114,1658,11741,1658,0,-0.0,1,0,,,,,0,0.2450232642748597,0.06452919865475215,cc_n_cells_e1=6.74e+03 (+0.24); cc_n_celltypes_total=2 (+0.09); deg_neglog10_padj=263 (+0.06),novel
951,TMIGD3,OPC_GABA_AC_like_tumor,IDH_Mutant,tumor,0.0,0.0,0.0,0.0,,,0.0,0.0,0.0,0.0,,0.0,2.0,0.0,0.0,0.0,0.0,0.0,0.0,,0.0,0.0,0.0,0.0,,3,0,1,1,2,6202,1012,352,742,352,0,0.0,1,0,,,,,0,0.24480524229183329,0.04274422887473183,cc_n_cells_e1=6.2e+03 (+0.24); cc_n_cells_e2=1.01e+03 (+0.08); deg_pooled_log2fc=nan (+0.05),novel
952,HLA-DQA1,AC_like_tumor,IDH_WT,tumor,0.0,0.0,0.0,0.0,,,0.0,0.0,0.0,0.0,,0.0,2.0,0.0,0.0,0.0,0.0,0.0,0.0,,0.0,0.0,0.0,0.0,,4,1,0,1,1,72549,446,64812,108,108,0,0.0,0,0,,,,,0,0.24429816843229143,0.04891070137672118,cc_n_cells_e1=7.25e+04 (+0.22); cc_n_cells_e2=446 (+0.08); deg_pooled_log2fc=nan (+0.05),novel
953,HLA-DPA1,OPC_GABA_AC_like_tumor,IDH_WT,tumor,1.0,-3.592023626396724,3.592023626396724,3.885823160280731,0.035,0.218,-0.183,-1.0,1.0,1.0,-2.7854179706402324,1.0,5.0,0.0,0.0,0.0,0.0,0.0,0.0,,0.0,0.0,0.0,0.0,,14,1,0,1,5,6202,1012,5384,171,171,0,-0.0,0,0,,,,,0,0.24406398713174374,0.06310575799224413,cc_edges_total=14 (+0.49); cc_n_cells_e1=6.2e+03 (+0.25); cc_n_cells_e2=1.01e+03 (+0.05),novel
954,HLA-DQA1,AC_like_tumor,IDH_Mutant,tumor,0.0,0.0,0.0,0.0,,,0.0,0.0,0.0,0.0,,0.0,2.0,0.0,0.0,0.0,0.0,0.0,0.0,,0.0,0.0,0.0,0.0,,4,1,0,1,1,72549,446,4249,283,283,0,0.0,1,0,,,,,0,0.24344148909831387,0.048071645260267123,cc_n_cells_e1=7.25e+04 (+0.22); cc_n_cells_e2=446 (+0.08); deg_pooled_log2fc=nan (+0.05),novel
955,HLA-DRA,OPC_GABA_AC_like_tumor,IDH_WT,tumor,1.0,-4.562986762043151,4.562986762043151,12.262862327823234,0.041,0.352,-0.311,-1.0,1.0,1.0,-2.792402915110826,1.0,5.0,2.0,0.0,0.0,2.0,0.0062435412835112,0.0033839399211915686,0.0,1.0,1.0,2.0,2.0,-1.0,20,1,0,1,7,6202,1012,5384,171,171,0,1.0,0,1,2.0,TAM_microglia,immune_synapse,MHC-II antigen presentation (pathway-level),0,0.2434043636104793,0.05914631699618964,cc_edges_total=20 (+0.84); cc_n_cells_e1=6.2e+03 (+0.26); deg_n_celltypes_sig=5 (+0.05),"literature gene, other compartment"
956,PILRB,TAM1/TAM2/microglia,IDH_Mutant,TAM_microglia,0.0,0.0,0.0,0.0,,,0.0,0.0,0.0,0.0,,0.0,0.0,0.0,0.0,0.0,0.0,0.0,0.0,,0.0,0.0,0.0,0.0,,7,0,1,1,1,12086,25922,2106,21701,2106,0,0.0,1,0,,,,,0,0.2427998512809772,0.06380920830188601,deg_n_celltypes_sig=0 (+0.28); cc_n_cells_e1=1.21e+04 (+0.19); deg_pooled_log2fc=nan (+0.04),novel
957,PILRA,TAM1/TAM2/microglia,IDH_Mutant,TAM_microglia,1.0,-0.4645349062652938,0.4645349062652938,7.194463352071841,0.289,0.351,-0.062,-1.0,0.0,0.0,0.2995228177781359,1.0,1.0,0.0,7.0,7.0,0.0,0.0082024937284372,0.0036620741932491857,0.0,1.0,4.0,5.0,7.0,1.0,7,0,1,1,1,12086,25922,2106,21701,2106,0,-1.0,1,1,,,,,0,0.24198410232729248,0.038396114403849324,cc_n_partners=4 (+0.28); cc_edges_e2=7 (+0.21); cc_n_cells_e1=1.21e+04 (+0.16),novel
958,MIF,T cell,IDH_Mutant,T_cell,0.0,0.0,0.0,0.0,,,0.0,0.0,0.0,0.0,,0.0,4.0,12.0,0.0,6.0,6.0,0.0339427181697322,0.01835433728957329,0.0,1.0,2.0,4.0,12.0,0.0,66,1,0,1,6,2662,1463,941,334,334,0,0.0,1,0,1.0,tumor,myeloid_bridge,"Ghoochani et al., Oncotarget 2016",0,0.24131377251425623,0.056949389163363645,cc_n_partners=2 (+0.85); cc_edges_total=66 (+0.78); cc_edges_e2=6 (+0.23),"literature gene, other compartment"
959,LILRB4,OPC_GABA_like_tumor,IDH_Mutant,tumor,0.0,0.0,0.0,0.0,,,0.0,0.0,0.0,0.0,,0.0,2.0,0.0,0.0,0.0,0.0,0.0,0.0,,0.0,0.0,0.0,0.0,,4,0,1,1,1,6741,14114,1658,11741,1658,0,0.0,1,0,2.0,TAM_microglia,myeloid_bridge,Myeloid checkpoint (pathway-level),0,0.24117620114865054,0.03665047532113368,cc_n_cells_e1=6.74e+03 (+0.21); cc_n_celltypes_total=1 (+0.05); deg_pooled_log2fc=nan (+0.04),"literature gene, other compartment"
960,PILRA,OPC_GABA_like_tumor,IDH_Mutant,tumor,0.0,0.0,0.0,0.0,,,0.0,0.0,0.0,0.0,,0.0,1.0,0.0,0.0,0.0,0.0,0.0,0.0,,0.0,0.0,0.0,0.0,,7,0,1,1,1,6741,14114,1658,11741,1658,0,0.0,1,0,,,,,0,0.24063199591908954,0.028454216297490058,cc_n_cells_e1=6.74e+03 (+0.18); cc_n_celltypes_total=1 (+0.05); deg_pooled_log2fc=nan (+0.04),novel
961,PDGFA,TAM1/TAM2/microglia,IDH_WT,TAM_microglia,1.0,0.7501813064898899,0.7501813064898899,11.777955462787475,0.107,0.061,0.046,1.0,1.0,1.0,1.0941414152147104,1.0,2.0,0.0,0.0,0.0,0.0,0.0,0.0,,0.0,0.0,0.0,0.0,,3,1,0,1,1,12086,25922,9696,2745,2745,0,0.0,0,0,,,,,0,0.24035976144062335,0.035780418954166976,cc_n_cells_e1=1.21e+04 (+0.21); deg_log2fc=0.75 (+0.11); deg_pooled_log2fc=1.09 (+0.10),novel
962,HLA-DMA,OPC_GABA_AC_like_tumor,IDH_WT,tumor,0.0,0.0,0.0,0.0,,,0.0,0.0,0.0,0.0,,0.0,1.0,0.0,0.0,0.0,0.0,0.0,0.0,,0.0,0.0,0.0,0.0,,8,1,0,1,3,6202,1012,5384,171,171,0,0.0,0,0,,,,,0,0.24028450885602987,0.07253736958643864,cc_n_cells_e1=6.2e+03 (+0.23); cc_n_cells_e2=1.01e+03 (+0.08); cc_n_celltypes_total=3 (+0.05),novel
963,HLA-DQA1,cycling_tumor,IDH_Mutant,tumor,0.0,0.0,0.0,0.0,,,0.0,0.0,0.0,0.0,,0.0,2.0,0.0,0.0,0.0,0.0,0.0,0.0,,0.0,0.0,0.0,0.0,,4,1,0,1,1,6410,814,270,136,136,0,0.0,1,0,,,,,0,0.23968751041267705,0.04929152404412901,cc_n_cells_e1=6.41e+03 (+0.22); cc_n_cells_e2=814 (+0.08); deg_pooled_log2fc=nan (+0.05),novel
964,HLA-DMA,AC_like_tumor,IDH_WT,tumor,0.0,0.0,0.0,0.0,,,0.0,0.0,0.0,0.0,,0.0,1.0,0.0,0.0,0.0,0.0,0.0,0.0,,0.0,0.0,0.0,0.0,,8,1,0,1,3,72549,446,64812,108,108,0,0.0,0,0,,,,,0,0.23947968557708293,0.07241793789099983,cc_n_cells_e1=7.25e+04 (+0.22); cc_n_cells_e2=446 (+0.08); cc_n_celltypes_total=3 (+0.05),novel
965,HLA-DQA1,OPC_GABA_AC_like_tumor,IDH_Mutant,tumor,0.0,0.0,0.0,0.0,,,0.0,0.0,0.0,0.0,,0.0,2.0,0.0,0.0,0.0,0.0,0.0,0.0,,0.0,0.0,0.0,0.0,,4,1,0,1,1,6202,1012,352,742,352,0,0.0,1,0,,,,,0,0.2390555637944128,0.049058643824081725,cc_n_cells_e1=6.2e+03 (+0.23); cc_n_cells_e2=1.01e+03 (+0.08); deg_pooled_log2fc=nan (+0.05),novel
966,PDGFB,OPC_GABA_like_tumor,IDH_WT,tumor,0.0,0.0,0.0,0.0,,,0.0,0.0,0.0,0.0,,0.0,1.0,0.0,0.0,0.0,0.0,0.0,0.0,,0.0,0.0,0.0,0.0,,3,1,0,1,1,6741,14114,5040,1935,1935,0,0.0,0,0,,,,,0,0.23851969129679634,0.07865469962792943,cc_n_cells_e1=6.74e+03 (+0.20); deg_pooled_log2fc=nan (+0.05); cc_n_celltypes_total=1 (+0.05),novel
967,NCL,T cell,IDH_Mutant,T_cell,0.0,0.0,0.0,0.0,,,0.0,0.0,0.0,0.0,,0.0,3.0,0.0,2.0,1.0,1.0,0.0030244750425369,0.0029730166141975004,0.0,1.0,1.0,2.0,2.0,0.0,70,0,1,2,7,2662,1463,941,334,334,0,0.0,1,0,,,,,0,0.23841649828869055,0.09078794274848115,cc_edges_total=70 (+0.87); cc_is_ligand=0 (+0.08); cc_mean_prob=0.00297 (+0.03),novel
968,JAM3,OPC_GABA_like_tumor,IDH_Mutant,tumor,0.0,0.0,0.0,0.0,,,0.0,0.0,0.0,0.0,,0.0,1.0,0.0,0.0,0.0,0.0,0.0,0.0,,0.0,0.0,0.0,0.0,,3,1,1,1,1,6741,14114,1658,11741,1658,0,0.0,1,0,,,,,0,0.2381252825122769,0.0717172203840974,cc_n_cells_e1=6.74e+03 (+0.20); deg_pooled_log2fc=nan (+0.05); cc_n_celltypes_total=1 (+0.05),novel
969,PDGFB,OPC_GABA_like_tumor,IDH_Mutant,tumor,0.0,0.0,0.0,0.0,,,0.0,0.0,0.0,0.0,,0.0,1.0,0.0,0.0,0.0,0.0,0.0,0.0,,0.0,0.0,0.0,0.0,,3,1,0,1,1,6741,14114,1658,11741,1658,0,0.0,1,0,,,,,0,0.23747473078531262,0.07674429831330945,cc_n_cells_e1=6.74e+03 (+0.20); deg_pooled_log2fc=nan (+0.05); cc_n_celltypes_total=1 (+0.05),novel
970,SORL1,cycling_tumor,IDH_Mutant,tumor,1.0,-2.9869407328145727,2.9869407328145727,3.1188414720966398,0.066,0.304,-0.238,-1.0,1.0,1.0,-2.2103367780249705,1.0,3.0,0.0,0.0,0.0,0.0,0.0,0.0,,0.0,0.0,0.0,0.0,,14,0,1,1,1,6410,814,270,136,136,0,-0.0,1,0,,,,,0,0.23725207924996802,0.0605998351858917,cc_edges_total=14 (+0.59); cc_n_cells_e1=6.41e+03 (+0.20); cc_n_celltypes_total=1 (+0.10),novel
971,LGALS9,AC_like_tumor,IDH_WT,tumor,0.0,0.0,0.0,0.0,,,0.0,0.0,0.0,0.0,,0.0,1.0,0.0,0.0,0.0,0.0,0.0,0.0,,0.0,0.0,0.0,0.0,,13,1,0,1,1,72549,446,64812,108,108,0,0.0,0,0,2.0,"tumor,TAM_microglia",immune_synapse,HAVCR2 ligand (pathway-level),1,0.2366198783766941,0.050676824162393524,cc_edges_total=13 (+0.59); cc_n_cells_e1=7.25e+04 (+0.21); cc_n_celltypes_total=1 (+0.10),literature tier 2 (label)
972,COL9A1,TAM1/TAM2/microglia,IDH_WT,TAM_microglia,0.0,0.0,0.0,0.0,,,0.0,0.0,0.0,0.0,,0.0,2.0,0.0,0.0,0.0,0.0,0.0,0.0,,0.0,0.0,0.0,0.0,,5,1,0,1,1,12086,25922,9696,2745,2745,0,0.0,0,0,,,,,0,0.23653114707795836,0.05078217105700894,cc_n_cells_e1=1.21e+04 (+0.22); deg_pooled_log2fc=nan (+0.05); cc_n_celltypes_total=1 (+0.04),novel
973,HLA-DQB1,OPC_GABA_like_tumor,IDH_WT,tumor,0.0,0.0,0.0,0.0,,,0.0,0.0,0.0,0.0,,0.0,1.0,0.0,0.0,0.0,0.0,0.0,0.0,,0.0,0.0,0.0,0.0,,6,1,0,1,2,6741,14114,5040,1935,1935,0,0.0,0,0,,,,,0,0.23638077279103645,0.05853860539103636,cc_n_cells_e1=6.74e+03 (+0.22); deg_pooled_log2fc=nan (+0.04); cc_n_celltypes_total=2 (+0.04),novel
974,LGALS9,OPC_GABA_AC_like_tumor,IDH_WT,tumor,0.0,0.0,0.0,0.0,,,0.0,0.0,0.0,0.0,,0.0,1.0,0.0,0.0,0.0,0.0,0.0,0.0,,0.0,0.0,0.0,0.0,,13,1,0,1,1,6202,1012,5384,171,171,0,0.0,0,0,2.0,"tumor,TAM_microglia",immune_synapse,HAVCR2 ligand (pathway-level),1,0.23617307743973565,0.05096891073907332,cc_edges_total=13 (+0.60); cc_n_cells_e1=6.2e+03 (+0.22); cc_n_celltypes_total=1 (+0.10),literature tier 2 (label)
975,P4HB,OPC_GABA_like_tumor,IDH_WT,tumor,0.0,0.0,0.0,0.0,,,0.0,0.0,0.0,0.0,,0.0,2.0,0.0,2.0,1.0,1.0,0.0013611245332281,0.00135107769115995,0.0,1.0,1.0,2.0,2.0,0.0,5,0,1,1,3,6741,14114,5040,1935,1935,0,0.0,0,0,,,,,0,0.23600054096408746,0.04306540156342826,cc_n_cells_e1=6.74e+03 (+0.23); cc_n_celltypes_total=3 (+0.05); cc_is_ligand=0 (+0.04),novel
976,HLA-DRB1,OPC_GABA_like_tumor,IDH_Mutant,tumor,1.0,-2.321572108689232,2.321572108689232,62.50989822527345,0.053,0.166,-0.11300000000000002,-1.0,1.0,1.0,-2.1010067905604157,1.0,4.0,0.0,0.0,0.0,0.0,0.0,0.0,,0.0,0.0,0.0,0.0,,14,1,0,1,5,6741,14114,1658,11741,1658,0,-0.0,1,0,,,,,0,0.23591245631180238,0.09027312912381937,cc_edges_total=14 (+0.50); cc_n_cells_e1=6.74e+03 (+0.24); deg_n_celltypes_sig=4 (+0.06),novel
977,LGALS9,AC_like_tumor,IDH_Mutant,tumor,0.0,0.0,0.0,0.0,,,0.0,0.0,0.0,0.0,,0.0,1.0,0.0,0.0,0.0,0.0,0.0,0.0,,0.0,0.0,0.0,0.0,,13,1,0,1,1,72549,446,4249,283,283,0,0.0,1,0,2.0,"tumor,TAM_microglia",immune_synapse,HAVCR2 ligand (pathway-level),1,0.2358484331761443,0.05174868376344496,cc_edges_total=13 (+0.60); cc_n_cells_e1=7.25e+04 (+0.21); cc_n_celltypes_total=1 (+0.10),literature tier 2 (label)
978,NRXN2,OPC_GABA_AC_like_tumor,IDH_Mutant,tumor,0.0,0.0,0.0,0.0,,,0.0,0.0,0.0,0.0,,0.0,3.0,0.0,0.0,0.0,0.0,0.0,0.0,,0.0,0.0,0.0,0.0,,10,1,0,1,1,6202,1012,352,742,352,0,0.0,1,0,,,,,0,0.2352090557154385,0.04324596502361477,cc_n_cells_e1=6.2e+03 (+0.23); cc_n_cells_e2=1.01e+03 (+0.08); cc_n_celltypes_total=1 (+0.05),novel
979,HBEGF,cycling_tumor,IDH_WT,tumor,1.0,-0.9029527762983448,0.9029527762983448,2.017577129885317,0.143,0.077,0.06599999999999999,-1.0,0.0,0.0,,0.0,2.0,0.0,0.0,0.0,0.0,0.0,0.0,,0.0,0.0,0.0,0.0,,7,1,0,1,1,6410,814,5847,663,663,0,-0.0,0,0,,,,,0,0.23461230412453657,0.0735401629259966,cc_n_cells_e1=6.41e+03 (+0.21); deg_pct_e1=0.077 (+0.10); cc_n_cells_e2=814 (+0.08),novel
980,PTPRZ1,T cell,IDH_Mutant,T_cell,0.0,0.0,0.0,0.0,,,0.0,0.0,0.0,0.0,,0.0,4.0,0.0,0.0,0.0,0.0,0.0,0.0,,0.0,0.0,0.0,0.0,,77,0,1,2,4,2662,1463,941,334,334,0,0.0,1,0,1.0,tumor,myeloid_bridge,"Shi et al., Cell Stem Cell 2017",0,0.23460839819883966,0.01568835577478404,cc_edges_total=77 (+1.00); cc_is_ligand=0 (+0.08); deg_n_celltypes_sig=4 (+0.08),"literature gene, other compartment"
981,C3AR1,OPC_GABA_like_tumor,IDH_Mutant,tumor,0.0,0.0,0.0,0.0,,,0.0,0.0,0.0,0.0,,0.0,2.0,0.0,0.0,0.0,0.0,0.0,0.0,,0.0,0.0,0.0,0.0,,4,0,1,1,1,6741,14114,1658,11741,1658,0,0.0,1,0,,,,,0,0.23413876576292716,0.03829156235016783,cc_n_cells_e1=6.74e+03 (+0.21); cc_n_celltypes_total=1 (+0.05); deg_pooled_log2fc=nan (+0.04),novel
982,LGALS9,OPC_GABA_AC_like_tumor,IDH_Mutant,tumor,0.0,0.0,0.0,0.0,,,0.0,0.0,0.0,0.0,,0.0,1.0,0.0,0.0,0.0,0.0,0.0,0.0,,0.0,0.0,0.0,0.0,,13,1,0,1,1,6202,1012,352,742,352,0,0.0,1,0,2.0,"tumor,TAM_microglia",immune_synapse,HAVCR2 ligand (pathway-level),1,0.2341232636217952,0.05152558428604689,cc_edges_total=13 (+0.59); cc_n_cells_e1=6.2e+03 (+0.22); cc_n_celltypes_total=1 (+0.10),literature tier 2 (label)
983,HLA-DPA1,OPC_GABA_AC_like_tumor,IDH_Mutant,tumor,1.0,-2.898038598205624,2.898038598205624,10.204042220102679,0.055,0.205,-0.15,-1.0,1.0,1.0,-2.7854179706402324,1.0,4.0,0.0,0.0,0.0,0.0,0.0,0.0,,0.0,0.0,0.0,0.0,,14,1,0,1,5,6202,1012,352,742,352,0,-0.0,1,0,,,,,0,0.23282048634104374,0.05459723889123607,cc_edges_total=14 (+0.49); cc_n_cells_e1=6.2e+03 (+0.25); cc_n_cells_e2=1.01e+03 (+0.05),novel
984,ITGAX,OPC_GABA_like_tumor,IDH_WT,tumor,0.0,0.0,0.0,0.0,,,0.0,0.0,0.0,0.0,,0.0,1.0,0.0,0.0,0.0,0.0,0.0,0.0,,0.0,0.0,0.0,0.0,,4,0,1,2,1,6741,14114,5040,1935,1935,0,0.0,0,0,,,,,0,0.23222727019658312,0.07786629330770908,cc_n_cells_e1=6.74e+03 (+0.18); cc_n_celltypes_total=1 (+0.05); deg_pooled_log2fc=nan (+0.04),novel
985,CD69,OPC_GABA_like_tumor,IDH_WT,tumor,0.0,0.0,0.0,0.0,,,0.0,0.0,0.0,0.0,,0.0,2.0,0.0,0.0,0.0,0.0,0.0,0.0,,0.0,0.0,0.0,0.0,,6,1,0,1,2,6741,14114,5040,1935,1935,0,0.0,0,0,,,,,0,0.23166150079271572,0.03198258661868573,cc_n_cells_e1=6.74e+03 (+0.24); deg_pooled_log2fc=nan (+0.04); cc_n_celltypes_total=2 (+0.04),novel
986,MERTK,T cell,IDH_WT,T_cell,0.0,0.0,0.0,0.0,,,0.0,0.0,0.0,0.0,,0.0,1.0,0.0,0.0,0.0,0.0,0.0,0.0,,0.0,0.0,0.0,0.0,,1,0,1,1,1,2662,1463,1681,1118,1118,0,0.0,0,0,,,,,0,0.23117475812333935,0.06533198601744576,cc_n_celltypes_total=1 (+0.12); deg_n_celltypes_sig=1 (+0.11); cc_is_ligand=0 (+0.08),novel
987,HLA-DMB,OPC_GABA_like_tumor,IDH_Mutant,tumor,0.0,0.0,0.0,0.0,,,0.0,0.0,0.0,0.0,,0.0,2.0,0.0,0.0,0.0,0.0,0.0,0.0,,0.0,0.0,0.0,0.0,,4,1,0,1,1,6741,14114,1658,11741,1658,0,0.0,1,0,,,,,0,0.231028802589534,0.05555606310610503,cc_n_cells_e1=6.74e+03 (+0.22); deg_pooled_log2fc=nan (+0.05); cc_n_celltypes_total=1 (+0.05),novel
988,ITGB8,AC_like_tumor,IDH_Mutant,tumor,0.0,0.0,0.0,0.0,,,0.0,0.0,0.0,0.0,,0.0,2.0,0.0,0.0,0.0,0.0,0.0,0.0,,0.0,0.0,0.0,0.0,,3,0,1,1,2,72549,446,4249,283,283,0,0.0,1,0,,,,,0,0.23088179363506303,0.06375609703174663,cc_n_cells_e1=7.25e+04 (+0.23); cc_n_cells_e2=446 (+0.08); deg_pooled_log2fc=nan (+0.05),novel
989,ITGB8,OPC_GABA_AC_like_tumor,IDH_Mutant,tumor,0.0,0.0,0.0,0.0,,,0.0,0.0,0.0,0.0,,0.0,2.0,0.0,0.0,0.0,0.0,0.0,0.0,,0.0,0.0,0.0,0.0,,3,0,1,1,2,6202,1012,352,742,352,0,0.0,1,0,,,,,0,0.23009059586283662,0.06469340564025162,cc_n_cells_e1=6.2e+03 (+0.24); cc_n_cells_e2=1.01e+03 (+0.08); deg_pooled_log2fc=nan (+0.05),novel
990,APP,T cell,IDH_Mutant,T_cell,0.0,0.0,0.0,0.0,,,0.0,0.0,0.0,0.0,,0.0,3.0,0.0,0.0,0.0,0.0,0.0,0.0,,0.0,0.0,0.0,0.0,,78,1,0,1,4,2662,1463,941,334,334,0,0.0,1,0,,,,,0,0.2297111825190305,0.07105125950119286,cc_edges_total=78 (+1.02); cc_n_celltypes_total=4 (+0.03); deg_pooled_log2fc=nan (+0.03),novel
991,HLA-DRA,OPC_GABA_AC_like_tumor,IDH_Mutant,tumor,1.0,-3.106786146530202,3.106786146530202,18.113623634583856,0.08,0.295,-0.21499999999999997,-1.0,1.0,1.0,-2.792402915110826,1.0,5.0,2.0,0.0,0.0,2.0,0.0062435412835112,0.0033839399211915686,0.0,1.0,1.0,2.0,2.0,-1.0,20,1,0,1,7,6202,1012,352,742,352,0,1.0,1,1,2.0,TAM_microglia,immune_synapse,MHC-II antigen presentation (pathway-level),0,0.22934928754761139,0.058191484002312645,cc_edges_total=20 (+0.83); cc_n_cells_e1=6.2e+03 (+0.25); deg_n_celltypes_sig=5 (+0.06),"literature gene, other compartment"
992,HLA-DPA1,OPC_GABA_like_tumor,IDH_WT,tumor,1.0,-2.1868810300022616,2.1868810300022616,10.241781102379683,0.071,0.134,-0.06300000000000001,-1.0,1.0,1.0,-2.044615793932649,1.0,5.0,0.0,0.0,0.0,0.0,0.0,0.0,,0.0,0.0,0.0,0.0,,14,1,0,1,5,6741,14114,5040,1935,1935,0,-0.0,0,0,,,,,0,0.22875511659336695,0.05678758121074514,cc_edges_total=14 (+0.50); cc_n_cells_e1=6.74e+03 (+0.24); deg_n_celltypes_sig=5 (+0.05),novel
993,GRIA3,OPC_GABA_AC_like_tumor,IDH_Mutant,tumor,0.0,0.0,0.0,0.0,,,0.0,0.0,0.0,0.0,,0.0,2.0,0.0,0.0,0.0,0.0,0.0,0.0,,0.0,0.0,0.0,0.0,,6,0,1,1,2,6202,1012,352,742,352,0,0.0,1,0,2.0,tumor,neuron_tumor,"AMPAR subunit family; Venkatesh et al., Nature 2019",1,0.22871745280272787,0.05226302142858165,cc_n_cells_e1=6.2e+03 (+0.24); cc_n_cells_e2=1.01e+03 (+0.08); deg_pooled_log2fc=nan (+0.04),literature tier 2 (label)
994,LGALS9,cycling_tumor,IDH_WT,tumor,0.0,0.0,0.0,0.0,,,0.0,0.0,0.0,0.0,,0.0,1.0,0.0,0.0,0.0,0.0,0.0,0.0,,0.0,0.0,0.0,0.0,,13,1,0,1,1,6410,814,5847,663,663,0,0.0,0,0,2.0,"tumor,TAM_microglia",immune_synapse,HAVCR2 ligand (pathway-level),1,0.22829962181646027,0.04996975089976853,cc_edges_total=13 (+0.60); cc_n_cells_e1=6.41e+03 (+0.21); cc_n_celltypes_total=1 (+0.10),literature tier 2 (label)
995,PCDHGC3,OPC_GABA_like_tumor,IDH_Mutant,tumor,1.0,-0.5413855275816069,0.5413855275816069,5.706887393118725,0.124,0.182,-0.057999999999999996,-1.0,1.0,0.0,0.5451015335846257,1.0,2.0,0.0,0.0,0.0,0.0,0.0,0.0,,0.0,0.0,0.0,0.0,,2,1,1,1,1,6741,14114,1658,11741,1658,0,-0.0,1,0,,,,,0,0.22744264669331166,0.057738342972421544,cc_n_cells_e1=6.74e+03 (+0.20); cc_n_celltypes_total=1 (+0.05); deg_pct_e2=0.124 (+0.01),novel
996,SPP1,T cell,IDH_WT,T_cell,0.0,0.0,0.0,0.0,,,0.0,0.0,0.0,0.0,,0.0,4.0,10.0,0.0,5.0,5.0,0.0326985528375827,0.014777730556444671,0.0,1.0,4.0,6.0,10.0,0.0,55,1,0,1,7,2662,1463,1681,1118,1118,0,0.0,0,0,1.0,TAM_microglia,myeloid_bridge,"Wei et al., J Clin Invest 2019",0,0.22709637066377378,0.05954798551498382,cc_edges_total=55 (+0.68); cc_n_partners=4 (+0.26); cc_edges_e2=5 (+0.20),"literature gene, other compartment"
997,NCAM2,TAM1/TAM2/microglia,IDH_WT,TAM_microglia,0.0,0.0,0.0,0.0,,,0.0,0.0,0.0,0.0,,0.0,2.0,0.0,0.0,0.0,0.0,0.0,0.0,,0.0,0.0,0.0,0.0,,5,0,1,1,1,12086,25922,9696,2745,2745,0,0.0,0,0,,,,,0,0.22647782098521665,0.04154836738612078,cc_n_cells_e1=1.21e+04 (+0.21); deg_pooled_log2fc=nan (+0.04); cc_n_celltypes_total=1 (+0.04),novel
998,LGALS9,cycling_tumor,IDH_Mutant,tumor,1.0,-6.546732154157838,6.546732154157838,1.9312502498049535,0.007,0.181,-0.174,-1.0,0.0,0.0,,0.0,1.0,0.0,0.0,0.0,0.0,0.0,0.0,,0.0,0.0,0.0,0.0,,13,1,0,1,1,6410,814,270,136,136,0,-0.0,1,0,2.0,"tumor,TAM_microglia",immune_synapse,HAVCR2 ligand (pathway-level),1,0.2254005108235345,0.04895935156661901,cc_edges_total=13 (+0.60); cc_n_cells_e1=6.41e+03 (+0.20); cc_n_celltypes_total=1 (+0.10),literature tier 2 (label)
999,HLA-E,TAM1/TAM2/microglia,IDH_Mutant,TAM_microglia,1.0,-0.4085553860479263,0.4085553860479263,54.38145665264017,0.865,0.927,-0.062000000000000055,-1.0,1.0,0.0,0.2621640472722299,1.0,4.0,2.0,0.0,1.0,1.0,0.0287367317117394,0.02515848644454735,0.0,1.0,1.0,2.0,2.0,0.0,6,1,0,1,4,12086,25922,2106,21701,2106,0,-0.0,1,1,,,,,0,0.22524481530327253,0.03515262086221691,cc_n_cells_e1=1.21e+04 (+0.25); deg_n_celltypes_sig=4 (+0.14); deg_pct_e2=0.865 (+0.11),novel
1000,LRP1,TAM1/TAM2/microglia,IDH_Mutant,TAM_microglia,0.0,0.0,0.0,0.0,,,0.0,0.0,0.0,0.0,,0.0,1.0,0.0,2.0,1.0,1.0,0.0018372268831769,0.001612222102132,0.0,1.0,1.0,2.0,2.0,0.0,7,0,1,1,4,12086,25922,2106,21701,2106,0,0.0,1,0,,,,,0,0.22519949048480603,0.05167120510611457,cc_n_cells_e1=1.21e+04 (+0.21); deg_pooled_log2fc=nan (+0.03); cc_is_ligand=0 (+0.03),novel
1001,DLL1,OPC_GABA_AC_like_tumor,IDH_WT,tumor,0.0,0.0,0.0,0.0,,,0.0,0.0,0.0,0.0,,0.0,2.0,0.0,0.0,0.0,0.0,0.0,0.0,,0.0,0.0,0.0,0.0,,4,1,0,1,2,6202,1012,5384,171,171,0,0.0,0,0,,,,,0,0.22500312860306196,0.033091820475837995,cc_n_cells_e1=6.2e+03 (+0.25); cc_n_cells_e2=1.01e+03 (+0.08); deg_pooled_log2fc=nan (+0.05),novel
1002,GRIK2,TAM1/TAM2/microglia,IDH_Mutant,TAM_microglia,0.0,0.0,0.0,0.0,,,0.0,0.0,0.0,0.0,,0.0,3.0,0.0,0.0,0.0,0.0,0.0,0.0,,0.0,0.0,0.0,0.0,,6,0,1,1,2,12086,25922,2106,21701,2106,0,0.0,1,0,,,,,0,0.22497935291038917,0.059199021592225086,cc_n_cells_e1=1.21e+04 (+0.23); deg_pooled_log2fc=nan (+0.04); cc_is_ligand=0 (+0.03),novel
1003,SPP1,T cell,IDH_Mutant,T_cell,0.0,0.0,0.0,0.0,,,0.0,0.0,0.0,0.0,,0.0,4.0,10.0,0.0,5.0,5.0,0.0326985528375827,0.014777730556444671,0.0,1.0,4.0,6.0,10.0,0.0,55,1,0,1,7,2662,1463,941,334,334,0,0.0,1,0,1.0,TAM_microglia,myeloid_bridge,"Wei et al., J Clin Invest 2019",0,0.22482048534790017,0.05651247671577783,cc_edges_total=55 (+0.68); cc_n_partners=4 (+0.26); cc_edges_e2=5 (+0.20),"literature gene, other compartment"
1004,MPZL1,OPC_GABA_like_tumor,IDH_Mutant,tumor,0.0,0.0,0.0,0.0,,,0.0,0.0,0.0,0.0,,0.0,1.0,0.0,0.0,0.0,0.0,0.0,0.0,,0.0,0.0,0.0,0.0,,8,1,1,1,2,6741,14114,1658,11741,1658,0,0.0,1,0,,,,,0,0.2246339978657216,0.05107882374385212,cc_n_cells_e1=6.74e+03 (+0.22); deg_pooled_log2fc=nan (+0.04); cc_n_celltypes_total=2 (+0.04),novel
1005,NCAM2,TAM1/TAM2/microglia,IDH_Mutant,TAM_microglia,0.0,0.0,0.0,0.0,,,0.0,0.0,0.0,0.0,,0.0,2.0,0.0,0.0,0.0,0.0,0.0,0.0,,0.0,0.0,0.0,0.0,,5,0,1,1,1,12086,25922,2106,21701,2106,0,0.0,1,0,,,,,0,0.22443761051619857,0.04032647375031499,cc_n_cells_e1=1.21e+04 (+0.21); deg_pooled_log2fc=nan (+0.04); cc_n_celltypes_total=1 (+0.04),novel
1006,TMIGD3,TAM1/TAM2/microglia,IDH_Mutant,TAM_microglia,1.0,0.5176325944833349,0.5176325944833349,33.76859297279575,0.587,0.438,0.14899999999999997,1.0,1.0,1.0,0.6447823146095524,1.0,2.0,0.0,2.0,1.0,1.0,0.0134956831199029,0.0091541146819648,0.0,1.0,1.0,0.0,2.0,0.0,3,0,1,1,2,12086,25922,2106,21701,2106,0,0.0,1,1,,,,,0,0.22420025148011863,0.025873782835280388,cc_n_cells_e1=1.21e+04 (+0.22); deg_pct_diff=0.149 (+0.15); deg_log2fc=0.518 (+0.10),novel
1007,PDGFA,OPC_GABA_AC_like_tumor,IDH_WT,tumor,0.0,0.0,0.0,0.0,,,0.0,0.0,0.0,0.0,,0.0,2.0,0.0,0.0,0.0,0.0,0.0,0.0,,0.0,0.0,0.0,0.0,,3,1,0,1,1,6202,1012,5384,171,171,0,0.0,0,0,,,,,0,0.2241417868482274,0.06074036457870476,cc_n_cells_e1=6.2e+03 (+0.23); cc_n_cells_e2=1.01e+03 (+0.08); deg_pooled_log2fc=nan (+0.05),novel
1008,NCL,T cell,IDH_WT,T_cell,0.0,0.0,0.0,0.0,,,0.0,0.0,0.0,0.0,,0.0,2.0,0.0,2.0,1.0,1.0,0.0030244750425369,0.0029730166141975004,0.0,1.0,1.0,2.0,2.0,0.0,70,0,1,2,7,2662,1463,1681,1118,1118,0,0.0,0,0,,,,,0,0.2240356513010354,0.0789967363655895,cc_edges_total=70 (+0.87); cc_is_ligand=0 (+0.08); cc_mean_prob=0.00297 (+0.03),novel
1009,DLL1,OPC_GABA_AC_like_tumor,IDH_Mutant,tumor,0.0,0.0,0.0,0.0,,,0.0,0.0,0.0,0.0,,0.0,3.0,0.0,0.0,0.0,0.0,0.0,0.0,,0.0,0.0,0.0,0.0,,4,1,0,1,2,6202,1012,352,742,352,0,0.0,1,0,,,,,0,0.22397382961096093,0.036772136215142956,cc_n_cells_e1=6.2e+03 (+0.25); cc_n_cells_e2=1.01e+03 (+0.08); deg_pooled_log2fc=nan (+0.05),novel
1010,DLL1,AC_like_tumor,IDH_WT,tumor,0.0,0.0,0.0,0.0,,,0.0,0.0,0.0,0.0,,0.0,2.0,0.0,0.0,0.0,0.0,0.0,0.0,,0.0,0.0,0.0,0.0,,4,1,0,1,2,72549,446,64812,108,108,0,0.0,0,0,,,,,0,0.22318897151815867,0.034306105504724814,cc_n_cells_e1=7.25e+04 (+0.25); cc_n_cells_e2=446 (+0.08); deg_pooled_log2fc=nan (+0.05),novel
1011,GRIK2,TAM1/TAM2/microglia,IDH_WT,TAM_microglia,0.0,0.0,0.0,0.0,,,0.0,0.0,0.0,0.0,,0.0,2.0,0.0,0.0,0.0,0.0,0.0,0.0,,0.0,0.0,0.0,0.0,,6,0,1,1,2,12086,25922,9696,2745,2745,0,0.0,0,0,,,,,0,0.223016384197979,0.056305476571963185,cc_n_cells_e1=1.21e+04 (+0.23); deg_pooled_log2fc=nan (+0.04); cc_is_ligand=0 (+0.03),novel
1012,TNFRSF1B,T cell,IDH_WT,T_cell,0.0,0.0,0.0,0.0,,,0.0,0.0,0.0,0.0,,0.0,1.0,0.0,0.0,0.0,0.0,0.0,0.0,,0.0,0.0,0.0,0.0,,2,0,1,1,1,2662,1463,1681,1118,1118,0,0.0,0,0,,,,,0,0.2228698864509675,0.05686753708122128,cc_n_celltypes_total=1 (+0.12); deg_n_celltypes_sig=1 (+0.11); cc_is_ligand=0 (+0.08),novel
1013,GRN,cycling_tumor,IDH_WT,tumor,1.0,-0.6135540612557138,0.6135540612557138,14.200364024251824,0.43,0.207,0.223,-1.0,1.0,1.0,-0.8381617394508267,1.0,1.0,1.0,0.0,1.0,0.0,0.0010429007073132,0.0010429007073132,0.0,1.0,1.0,0.0,1.0,1.0,3,1,0,1,2,6410,814,5847,663,663,0,-1.0,0,1,,,,,0,0.22256813622714802,0.05897949230328204,cc_n_cells_e1=6.41e+03 (+0.20); deg_pct_diff=0.223 (+0.15); cc_n_cells_e2=814 (+0.06),novel
1014,JAM2,TAM1/TAM2/microglia,IDH_WT,TAM_microglia,0.0,0.0,0.0,0.0,,,0.0,0.0,0.0,0.0,,0.0,2.0,0.0,0.0,0.0,0.0,0.0,0.0,,0.0,0.0,0.0,0.0,,6,1,1,1,1,12086,25922,9696,2745,2745,0,0.0,0,0,,,,,0,0.2224761158875031,0.05759978476555276,cc_n_cells_e1=1.21e+04 (+0.22); deg_pooled_log2fc=nan (+0.04); cc_n_celltypes_total=1 (+0.04),novel
1015,HLA-DQB1,OPC_GABA_like_tumor,IDH_Mutant,tumor,0.0,0.0,0.0,0.0,,,0.0,0.0,0.0,0.0,,0.0,2.0,0.0,0.0,0.0,0.0,0.0,0.0,,0.0,0.0,0.0,0.0,,6,1,0,1,2,6741,14114,1658,11741,1658,0,0.0,1,0,,,,,0,0.22238025056375266,0.06530556129578409,cc_n_cells_e1=6.74e+03 (+0.24); deg_pooled_log2fc=nan (+0.04); cc_n_celltypes_total=2 (+0.03),novel
1016,LRP1,OPC_GABA_like_tumor,IDH_Mutant,tumor,1.0,0.5191434707941005,0.5191434707941005,20.01171849108677,0.464,0.334,0.13,1.0,1.0,0.0,-0.3970250506283217,1.0,1.0,0.0,2.0,1.0,1.0,0.0022437004159293,0.00209525130186495,0.0,1.0,1.0,0.0,2.0,0.0,7,0,1,1,4,6741,14114,1658,11741,1658,0,0.0,1,1,,,,,0,0.22176737072020458,0.05860710084788559,deg_pct_diff=0.13 (+0.20); cc_n_cells_e1=6.74e+03 (+0.19); deg_log2fc=0.519 (+0.11),novel
1017,TMIGD3,OPC_GABA_like_tumor,IDH_WT,tumor,0.0,0.0,0.0,0.0,,,0.0,0.0,0.0,0.0,,0.0,2.0,0.0,0.0,0.0,0.0,0.0,0.0,,0.0,0.0,0.0,0.0,,3,0,1,1,2,6741,14114,5040,1935,1935,0,0.0,0,0,,,,,0,0.22153793895911894,0.03824300631933969,cc_n_cells_e1=6.74e+03 (+0.23); deg_pooled_log2fc=nan (+0.04); cc_n_celltypes_total=2 (+0.04),novel
1018,PDGFA,AC_like_tumor,IDH_WT,tumor,0.0,0.0,0.0,0.0,,,0.0,0.0,0.0,0.0,,0.0,2.0,0.0,0.0,0.0,0.0,0.0,0.0,,0.0,0.0,0.0,0.0,,3,1,0,1,1,72549,446,64812,108,108,0,0.0,0,0,,,,,0,0.2213925118863557,0.058969377102513244,cc_n_cells_e1=7.25e+04 (+0.22); cc_n_cells_e2=446 (+0.08); deg_pooled_log2fc=nan (+0.05),novel
1019,HLA-DPA1,AC_like_tumor,IDH_WT,tumor,1.0,-3.751590719019638,3.751590719019638,3.9772946821387603,0.065,0.321,-0.256,-1.0,0.0,0.0,-2.2401095392091683,1.0,5.0,2.0,0.0,0.0,2.0,0.0056489295785856,0.003061536101100413,0.0,1.0,1.0,2.0,2.0,-1.0,14,1,0,1,5,72549,446,64812,108,108,0,1.0,0,1,,,,,0,0.2210379747221009,0.08473606335256026,cc_edges_total=14 (+0.50); cc_n_cells_e1=7.25e+04 (+0.25); cc_n_cells_e2=446 (+0.04),novel
1020,PSAP,OPC_GABA_AC_like_tumor,IDH_WT,tumor,0.0,0.0,0.0,0.0,,,0.0,0.0,0.0,0.0,,0.0,0.0,0.0,0.0,0.0,0.0,0.0,0.0,,0.0,0.0,0.0,0.0,,9,1,0,1,5,6202,1012,5384,171,171,0,0.0,0,0,,,,,0,0.22080907112733775,0.07661034600542035,deg_n_celltypes_sig=0 (+0.32); cc_n_cells_e1=6.2e+03 (+0.23); cc_n_cells_e2=1.01e+03 (+0.06),novel
1021,JAM3,OPC_GABA_AC_like_tumor,IDH_WT,tumor,0.0,0.0,0.0,0.0,,,0.0,0.0,0.0,0.0,,0.0,3.0,0.0,0.0,0.0,0.0,0.0,0.0,,0.0,0.0,0.0,0.0,,3,1,1,1,1,6202,1012,5384,171,171,0,0.0,0,0,,,,,0,0.22080145533007478,0.06359200348674675,cc_n_cells_e1=6.2e+03 (+0.23); cc_n_cells_e2=1.01e+03 (+0.08); cc_n_celltypes_total=1 (+0.05),novel
1022,TMIGD3,OPC_GABA_like_tumor,IDH_Mutant,tumor,0.0,0.0,0.0,0.0,,,0.0,0.0,0.0,0.0,,0.0,2.0,0.0,0.0,0.0,0.0,0.0,0.0,,0.0,0.0,0.0,0.0,,3,0,1,1,2,6741,14114,1658,11741,1658,0,0.0,1,0,,,,,0,0.22078835006976974,0.03785184606144598,cc_n_cells_e1=6.74e+03 (+0.23); deg_pooled_log2fc=nan (+0.04); cc_is_ligand=0 (+0.04),novel
1023,TNFRSF1B,T cell,IDH_Mutant,T_cell,0.0,0.0,0.0,0.0,,,0.0,0.0,0.0,0.0,,0.0,1.0,0.0,0.0,0.0,0.0,0.0,0.0,,0.0,0.0,0.0,0.0,,2,0,1,1,1,2662,1463,941,334,334,0,0.0,1,0,,,,,0,0.22068048004354165,0.0566546675167874,cc_n_celltypes_total=1 (+0.12); deg_n_celltypes_sig=1 (+0.12); cc_is_ligand=0 (+0.08),novel
1024,JAM2,TAM1/TAM2/microglia,IDH_Mutant,TAM_microglia,0.0,0.0,0.0,0.0,,,0.0,0.0,0.0,0.0,,0.0,2.0,0.0,0.0,0.0,0.0,0.0,0.0,,0.0,0.0,0.0,0.0,,6,1,1,1,1,12086,25922,2106,21701,2106,0,0.0,1,0,,,,,0,0.21982539227824588,0.06077296312685601,cc_n_cells_e1=1.21e+04 (+0.22); deg_pooled_log2fc=nan (+0.04); cc_n_celltypes_total=1 (+0.04),novel
1025,ANXA1,OPC_GABA_AC_like_tumor,IDH_Mutant,tumor,0.0,0.0,0.0,0.0,,,0.0,0.0,0.0,0.0,,0.0,3.0,0.0,0.0,0.0,0.0,0.0,0.0,,0.0,0.0,0.0,0.0,,10,1,0,1,4,6202,1012,352,742,352,0,0.0,1,0,,,,,0,0.21850367942328824,0.0537846993473605,cc_n_cells_e1=6.2e+03 (+0.25); cc_n_cells_e2=1.01e+03 (+0.08); cc_n_celltypes_total=4 (+0.04),novel
1026,HLA-DPA1,OPC_GABA_like_tumor,IDH_Mutant,tumor,1.0,-2.0794392844152565,2.0794392844152565,34.04359575430023,0.076,0.169,-0.09300000000000001,-1.0,1.0,1.0,-2.044615793932649,1.0,4.0,0.0,0.0,0.0,0.0,0.0,0.0,,0.0,0.0,0.0,0.0,,14,1,0,1,5,6741,14114,1658,11741,1658,0,-0.0,1,0,,,,,0,0.2183712591721701,0.053975637669221185,cc_edges_total=14 (+0.50); cc_n_cells_e1=6.74e+03 (+0.24); deg_n_celltypes_sig=4 (+0.05),novel
1027,LRP1,OPC_GABA_like_tumor,IDH_WT,tumor,1.0,-0.2986299695038781,0.2986299695038781,12.025838310554176,0.624,0.382,0.242,-1.0,1.0,0.0,-0.3970250506283217,1.0,2.0,0.0,2.0,1.0,1.0,0.0022437004159293,0.00209525130186495,0.0,1.0,1.0,0.0,2.0,0.0,7,0,1,1,4,6741,14114,5040,1935,1935,0,-0.0,0,1,,,,,0,0.2181524704487622,0.06456189279097503,cc_n_cells_e1=6.74e+03 (+0.22); deg_pct_diff=0.242 (+0.20); cc_n_celltypes_total=4 (+0.06),novel
1028,AXL,OPC_GABA_AC_like_tumor,IDH_WT,tumor,0.0,0.0,0.0,0.0,,,0.0,0.0,0.0,0.0,,0.0,0.0,0.0,0.0,0.0,0.0,0.0,0.0,,0.0,0.0,0.0,0.0,,1,0,1,1,1,6202,1012,5384,171,171,0,0.0,0,0,2.0,"TAM_microglia,tumor",myeloid_bridge,TAM receptor family (pathway-level),1,0.21761224941293728,0.057187712746915295,deg_n_celltypes_sig=0 (+0.49); cc_n_cells_e1=6.2e+03 (+0.19); cc_edges_total=1 (+0.09),literature tier 2 (label)
1029,TMIGD3,TAM1/TAM2/microglia,IDH_WT,TAM_microglia,1.0,0.7440367137161494,0.7440367137161494,85.54630245605291,0.583,0.374,0.20899999999999996,1.0,1.0,1.0,0.6447823146095524,1.0,2.0,0.0,2.0,1.0,1.0,0.0134956831199029,0.0091541146819648,0.0,1.0,1.0,0.0,2.0,0.0,3,0,1,1,2,12086,25922,9696,2745,2745,0,0.0,0,1,,,,,0,0.2169303656164112,0.020913932410193445,cc_n_cells_e1=1.21e+04 (+0.22); deg_pct_diff=0.209 (+0.15); deg_log2fc=0.744 (+0.10),novel
1030,TGFB1,OPC_GABA_AC_like_tumor,IDH_WT,tumor,0.0,0.0,0.0,0.0,,,0.0,0.0,0.0,0.0,,0.0,0.0,0.0,0.0,0.0,0.0,0.0,0.0,,0.0,0.0,0.0,0.0,,4,1,0,1,1,6202,1012,5384,171,171,0,0.0,0,0,2.0,"tumor,TAM_microglia",immune_synapse,Immunosuppressive cytokine (pathway-level),1,0.21629573472668887,0.02684969804497253,deg_n_celltypes_sig=0 (+0.43); cc_n_cells_e1=6.2e+03 (+0.21); cc_n_cells_e2=1.01e+03 (+0.08),literature tier 2 (label)
1031,TGFB1,AC_like_tumor,IDH_WT,tumor,0.0,0.0,0.0,0.0,,,0.0,0.0,0.0,0.0,,0.0,0.0,0.0,0.0,0.0,0.0,0.0,0.0,,0.0,0.0,0.0,0.0,,4,1,0,1,1,72549,446,64812,108,108,0,0.0,0,0,2.0,"tumor,TAM_microglia",immune_synapse,Immunosuppressive cytokine (pathway-level),1,0.21560815686865514,0.02748538877602948,deg_n_celltypes_sig=0 (+0.43); cc_n_cells_e1=7.25e+04 (+0.20); cc_n_cells_e2=446 (+0.08),literature tier 2 (label)
1032,GPR37L1,TAM1/TAM2/microglia,IDH_Mutant,TAM_microglia,0.0,0.0,0.0,0.0,,,0.0,0.0,0.0,0.0,,0.0,1.0,0.0,0.0,0.0,0.0,0.0,0.0,,0.0,0.0,0.0,0.0,,9,0,1,1,1,12086,25922,2106,21701,2106,0,0.0,1,0,,,,,0,0.21539178273373488,0.039739453793391326,cc_n_cells_e1=1.21e+04 (+0.18); deg_pooled_log2fc=nan (+0.04); cc_n_celltypes_total=1 (+0.04),novel
1033,JAM3,TAM1/TAM2/microglia,IDH_Mutant,TAM_microglia,0.0,0.0,0.0,0.0,,,0.0,0.0,0.0,0.0,,0.0,1.0,0.0,0.0,0.0,0.0,0.0,0.0,,0.0,0.0,0.0,0.0,,3,1,1,1,1,12086,25922,2106,21701,2106,0,0.0,1,0,,,,,0,0.21443845139256953,0.08166680314993754,cc_n_cells_e1=1.21e+04 (+0.20); deg_pooled_log2fc=nan (+0.05); cc_n_celltypes_total=1 (+0.04),novel
1034,TNFRSF1A,T cell,IDH_Mutant,T_cell,0.0,0.0,0.0,0.0,,,0.0,0.0,0.0,0.0,,0.0,1.0,0.0,0.0,0.0,0.0,0.0,0.0,,0.0,0.0,0.0,0.0,,1,0,1,1,1,2662,1463,941,334,334,0,0.0,1,0,,,,,0,0.21428892557229232,0.06125253326655392,cc_n_celltypes_total=1 (+0.12); deg_n_celltypes_sig=1 (+0.11); cc_is_ligand=0 (+0.08),novel
1035,GRIA3,TAM1/TAM2/microglia,IDH_WT,TAM_microglia,0.0,0.0,0.0,0.0,,,0.0,0.0,0.0,0.0,,0.0,1.0,0.0,0.0,0.0,0.0,0.0,0.0,,0.0,0.0,0.0,0.0,,6,0,1,1,2,12086,25922,9696,2745,2745,0,0.0,0,0,2.0,tumor,neuron_tumor,"AMPAR subunit family; Venkatesh et al., Nature 2019",0,0.21373633281620372,0.05377767151898455,cc_n_cells_e1=1.21e+04 (+0.21); deg_pooled_log2fc=nan (+0.04); cc_is_ligand=0 (+0.03),"literature gene, other compartment"
1036,AXL,AC_like_tumor,IDH_WT,tumor,0.0,0.0,0.0,0.0,,,0.0,0.0,0.0,0.0,,0.0,0.0,0.0,0.0,0.0,0.0,0.0,0.0,,0.0,0.0,0.0,0.0,,1,0,1,1,1,72549,446,64812,108,108,0,0.0,0,0,2.0,"TAM_microglia,tumor",myeloid_bridge,TAM receptor family (pathway-level),1,0.21371742236237914,0.05452705722874918,deg_n_celltypes_sig=0 (+0.49); cc_n_cells_e1=7.25e+04 (+0.18); cc_edges_total=1 (+0.09),literature tier 2 (label)
1037,HLA-DQA1,OPC_GABA_like_tumor,IDH_WT,tumor,0.0,0.0,0.0,0.0,,,0.0,0.0,0.0,0.0,,0.0,2.0,0.0,0.0,0.0,0.0,0.0,0.0,,0.0,0.0,0.0,0.0,,4,1,0,1,1,6741,14114,5040,1935,1935,0,0.0,0,0,,,,,0,0.21370178725722472,0.048745199150389745,cc_n_cells_e1=6.74e+03 (+0.22); deg_pooled_log2fc=nan (+0.05); cc_n_celltypes_total=1 (+0.05),novel
1038,NRXN1,T cell,IDH_Mutant,T_cell,0.0,0.0,0.0,0.0,,,0.0,0.0,0.0,0.0,,0.0,3.0,0.0,0.0,0.0,0.0,0.0,0.0,,0.0,0.0,0.0,0.0,,50,1,0,1,4,2662,1463,941,334,334,0,0.0,1,0,2.0,tumor,neuron_tumor,Presynaptic partner of NLGN3 (pathway-level),0,0.21333846271902387,0.03713829074793302,cc_edges_total=50 (+1.27); cc_n_celltypes_total=4 (+0.03); deg_pooled_log2fc=nan (+0.03),"literature gene, other compartment"
1039,PDGFA,OPC_GABA_like_tumor,IDH_Mutant,tumor,0.0,0.0,0.0,0.0,,,0.0,0.0,0.0,0.0,,0.0,1.0,0.0,0.0,0.0,0.0,0.0,0.0,,0.0,0.0,0.0,0.0,,3,1,0,1,1,6741,14114,1658,11741,1658,0,0.0,1,0,,,,,0,0.21316628192832004,0.06820883930095682,cc_n_cells_e1=6.74e+03 (+0.20); deg_pooled_log2fc=nan (+0.05); cc_n_celltypes_total=1 (+0.05),novel
1040,HLA-DRB1,T cell,IDH_Mutant,T_cell,0.0,0.0,0.0,0.0,,,0.0,0.0,0.0,0.0,,0.0,4.0,4.0,0.0,2.0,2.0,0.0055041634560057,0.00280821876967937,0.0,1.0,1.0,4.0,4.0,0.0,14,1,0,1,5,2662,1463,941,334,334,0,0.0,1,0,,,,,0,0.212839309443833,0.09451530322823616,cc_edges_total=14 (+0.41); cc_edges_e2=2 (+0.24); deg_n_celltypes_sig=4 (+0.10),novel
1041,PCDHGA10,TAM1/TAM2/microglia,IDH_Mutant,TAM_microglia,0.0,0.0,0.0,0.0,,,0.0,0.0,0.0,0.0,,0.0,1.0,0.0,0.0,0.0,0.0,0.0,0.0,,0.0,0.0,0.0,0.0,,2,1,1,1,1,12086,25922,2106,21701,2106,0,0.0,1,0,,,,,0,0.21283244521316722,0.10988879453605242,cc_n_cells_e1=1.21e+04 (+0.19); deg_pooled_log2fc=nan (+0.06); cc_n_celltypes_total=1 (+0.04),novel
1042,JAM2,OPC_GABA_like_tumor,IDH_Mutant,tumor,1.0,-1.274293620355111,1.274293620355111,77.6154783934257,0.206,0.41,-0.204,-1.0,1.0,0.0,,0.0,2.0,0.0,0.0,0.0,0.0,0.0,0.0,,0.0,0.0,0.0,0.0,,6,1,1,1,1,6741,14114,1658,11741,1658,0,-0.0,1,0,,,,,0,0.21272655439759408,0.043175412102924686,cc_n_cells_e1=6.74e+03 (+0.21); cc_n_celltypes_total=1 (+0.05); deg_pooled_log2fc=nan (+0.05),novel
1043,TNFRSF1A,T cell,IDH_WT,T_cell,0.0,0.0,0.0,0.0,,,0.0,0.0,0.0,0.0,,0.0,1.0,0.0,0.0,0.0,0.0,0.0,0.0,,0.0,0.0,0.0,0.0,,1,0,1,1,1,2662,1463,1681,1118,1118,0,0.0,0,0,,,,,0,0.21259277974699034,0.06166365060714116,cc_n_celltypes_total=1 (+0.12); deg_n_celltypes_sig=1 (+0.11); cc_is_ligand=0 (+0.08),novel
1044,HLA-DQA1,OPC_GABA_like_tumor,IDH_Mutant,tumor,0.0,0.0,0.0,0.0,,,0.0,0.0,0.0,0.0,,0.0,2.0,0.0,0.0,0.0,0.0,0.0,0.0,,0.0,0.0,0.0,0.0,,4,1,0,1,1,6741,14114,1658,11741,1658,0,0.0,1,0,,,,,0,0.212469298737643,0.04841908403857658,cc_n_cells_e1=6.74e+03 (+0.22); deg_pooled_log2fc=nan (+0.05); cc_n_celltypes_total=1 (+0.05),novel
1045,HLA-DMA,AC_like_tumor,IDH_Mutant,tumor,0.0,0.0,0.0,0.0,,,0.0,0.0,0.0,0.0,,0.0,2.0,0.0,0.0,0.0,0.0,0.0,0.0,,0.0,0.0,0.0,0.0,,8,1,0,1,3,72549,446,4249,283,283,0,0.0,1,0,,,,,0,0.21052791290956482,0.05821830896819845,cc_n_cells_e1=7.25e+04 (+0.25); cc_n_cells_e2=446 (+0.08); cc_n_celltypes_total=3 (+0.05),novel
1046,AXL,OPC_GABA_AC_like_tumor,IDH_Mutant,tumor,0.0,0.0,0.0,0.0,,,0.0,0.0,0.0,0.0,,0.0,0.0,0.0,0.0,0.0,0.0,0.0,0.0,,0.0,0.0,0.0,0.0,,1,0,1,1,1,6202,1012,352,742,352,0,0.0,1,0,2.0,"TAM_microglia,tumor",myeloid_bridge,TAM receptor family (pathway-level),1,0.2101292200030736,0.05685956508491319,deg_n_celltypes_sig=0 (+0.45); cc_n_cells_e1=6.2e+03 (+0.19); cc_edges_total=1 (+0.10),literature tier 2 (label)
1047,AXL,AC_like_tumor,IDH_Mutant,tumor,0.0,0.0,0.0,0.0,,,0.0,0.0,0.0,0.0,,0.0,0.0,0.0,0.0,0.0,0.0,0.0,0.0,,0.0,0.0,0.0,0.0,,1,0,1,1,1,72549,446,4249,283,283,0,0.0,1,0,2.0,"TAM_microglia,tumor",myeloid_bridge,TAM receptor family (pathway-level),1,0.20987017802506353,0.05517723439409743,deg_n_celltypes_sig=0 (+0.46); cc_n_cells_e1=7.25e+04 (+0.18); cc_edges_total=1 (+0.09),literature tier 2 (label)
1048,TGFB1,cycling_tumor,IDH_WT,tumor,0.0,0.0,0.0,0.0,,,0.0,0.0,0.0,0.0,,0.0,0.0,0.0,0.0,0.0,0.0,0.0,0.0,,0.0,0.0,0.0,0.0,,4,1,0,1,1,6410,814,5847,663,663,0,0.0,0,0,2.0,"tumor,TAM_microglia",immune_synapse,Immunosuppressive cytokine (pathway-level),1,0.2098606233791056,0.02685684503216167,deg_n_celltypes_sig=0 (+0.43); cc_n_cells_e1=6.41e+03 (+0.20); cc_n_cells_e2=814 (+0.08),literature tier 2 (label)
1049,LRP1,cycling_tumor,IDH_WT,tumor,1.0,0.4402104935675045,0.4402104935675045,44.599803754901764,0.493,0.193,0.3,1.0,0.0,0.0,0.3361807236365826,1.0,2.0,0.0,1.0,1.0,0.0,0.0014757899052933,0.0014757899052933,0.0,1.0,1.0,0.0,1.0,1.0,7,0,1,1,4,6410,814,5847,663,663,0,1.0,0,1,,,,,0,0.20975002182114916,0.06940893418579938,cc_n_cells_e1=6.41e+03 (+0.21); deg_pct_diff=0.3 (+0.19); deg_log2fc=0.44 (+0.11),novel
1050,SDC3,TAM1/TAM2/microglia,IDH_Mutant,TAM_microglia,0.0,0.0,0.0,0.0,,,0.0,0.0,0.0,0.0,,0.0,1.0,0.0,0.0,0.0,0.0,0.0,0.0,,0.0,0.0,0.0,0.0,,11,0,1,1,1,12086,25922,2106,21701,2106,0,0.0,1,0,,,,,0,0.20966228790866343,0.04610976593006665,cc_n_cells_e1=1.21e+04 (+0.18); deg_pooled_log2fc=nan (+0.04); cc_n_celltypes_total=1 (+0.04),novel
1051,LRP1,TAM1/TAM2/microglia,IDH_WT,TAM_microglia,0.0,0.0,0.0,0.0,,,0.0,0.0,0.0,0.0,,0.0,2.0,0.0,2.0,1.0,1.0,0.0018372268831769,0.001612222102132,0.0,1.0,1.0,2.0,2.0,0.0,7,0,1,1,4,12086,25922,9696,2745,2745,0,0.0,0,0,,,,,0,0.20958847410084855,0.05213704876650181,cc_n_cells_e1=1.21e+04 (+0.23); cc_n_celltypes_total=4 (+0.03); cc_is_ligand=0 (+0.03),novel
1052,AXL,cycling_tumor,IDH_WT,tumor,0.0,0.0,0.0,0.0,,,0.0,0.0,0.0,0.0,,0.0,0.0,0.0,0.0,0.0,0.0,0.0,0.0,,0.0,0.0,0.0,0.0,,1,0,1,1,1,6410,814,5847,663,663,0,0.0,0,0,2.0,"TAM_microglia,tumor",myeloid_bridge,TAM receptor family (pathway-level),1,0.20940908271531827,0.05438813257185682,deg_n_celltypes_sig=0 (+0.49); cc_n_cells_e1=6.41e+03 (+0.18); cc_edges_total=1 (+0.09),literature tier 2 (label)
1053,HLA-DMA,OPC_GABA_AC_like_tumor,IDH_Mutant,tumor,0.0,0.0,0.0,0.0,,,0.0,0.0,0.0,0.0,,0.0,2.0,0.0,0.0,0.0,0.0,0.0,0.0,,0.0,0.0,0.0,0.0,,8,1,0,1,3,6202,1012,352,742,352,0,0.0,1,0,,,,,0,0.2091505022000179,0.057328760740690814,cc_n_cells_e1=6.2e+03 (+0.25); cc_n_cells_e2=1.01e+03 (+0.08); cc_n_celltypes_total=3 (+0.05),novel
1054,HLA-DRA,OPC_GABA_like_tumor,IDH_WT,tumor,1.0,-2.6403241447077264,2.6403241447077264,47.235486409090676,0.113,0.266,-0.15300000000000002,-1.0,1.0,1.0,-2.303886554092712,1.0,5.0,2.0,0.0,0.0,2.0,0.0029418197824012,0.0015940634976052007,0.0,1.0,1.0,2.0,2.0,-1.0,20,1,0,1,7,6741,14114,5040,1935,1935,0,1.0,0,1,2.0,TAM_microglia,immune_synapse,MHC-II antigen presentation (pathway-level),0,0.2084876431639095,0.07057961693360598,cc_edges_total=20 (+0.84); cc_n_cells_e1=6.74e+03 (+0.25); deg_n_celltypes_sig=5 (+0.06),"literature gene, other compartment"
1055,HLA-DMA,OPC_GABA_like_tumor,IDH_WT,tumor,0.0,0.0,0.0,0.0,,,0.0,0.0,0.0,0.0,,0.0,1.0,0.0,0.0,0.0,0.0,0.0,0.0,,0.0,0.0,0.0,0.0,,8,1,0,1,3,6741,14114,5040,1935,1935,0,0.0,0,0,,,,,0,0.20842023796462925,0.06812909218175961,cc_n_cells_e1=6.74e+03 (+0.22); cc_n_celltypes_total=3 (+0.04); deg_pooled_log2fc=nan (+0.03),novel
1056,PTPRC,OPC_GABA_AC_like_tumor,IDH_WT,tumor,0.0,0.0,0.0,0.0,,,0.0,0.0,0.0,0.0,,0.0,3.0,0.0,0.0,0.0,0.0,0.0,0.0,,0.0,0.0,0.0,0.0,,8,1,1,2,2,6202,1012,5384,171,171,0,0.0,0,0,,,,,0,0.2081948079768993,0.052697193978425795,cc_n_cells_e1=6.2e+03 (+0.25); cc_n_cells_e2=1.01e+03 (+0.08); deg_pooled_log2fc=nan (+0.04),novel
1057,NRCAM,TAM1/TAM2/microglia,IDH_Mutant,TAM_microglia,0.0,0.0,0.0,0.0,,,0.0,0.0,0.0,0.0,,0.0,4.0,0.0,0.0,0.0,0.0,0.0,0.0,,0.0,0.0,0.0,0.0,,12,0,1,1,4,12086,25922,2106,21701,2106,0,0.0,1,0,,,,,0,0.20787832223392053,0.08065364915360868,cc_n_cells_e1=1.21e+04 (+0.25); deg_n_celltypes_sig=4 (+0.17); cc_n_celltypes_total=4 (+0.05),novel
1058,SDC3,TAM1/TAM2/microglia,IDH_WT,TAM_microglia,0.0,0.0,0.0,0.0,,,0.0,0.0,0.0,0.0,,0.0,2.0,0.0,0.0,0.0,0.0,0.0,0.0,,0.0,0.0,0.0,0.0,,11,0,1,1,1,12086,25922,9696,2745,2745,0,0.0,0,0,,,,,0,0.20733594825478616,0.046104955439043326,cc_n_cells_e1=1.21e+04 (+0.21); deg_pooled_log2fc=nan (+0.04); cc_n_celltypes_total=1 (+0.04),novel
1059,EGFR,OPC_GABA_AC_like_tumor,IDH_WT,tumor,1.0,-3.884741073233089,3.884741073233089,14.342600748057844,0.064,0.407,-0.34299999999999997,-1.0,0.0,0.0,-2.635357256382062,1.0,3.0,0.0,2.0,0.0,2.0,0.0131137600897326,0.0103901636652432,0.0,1.0,2.0,2.0,2.0,-1.0,14,0,1,1,4,6202,1012,5384,171,171,0,1.0,0,1,1.0,tumor,growth,"Brennan et al., Cell 2013 (TCGA GBM)",1,0.2069187104516868,0.05676767461744224,cc_n_partners=2 (+0.86); cc_edges_total=14 (+0.61); cc_n_cells_e1=6.2e+03 (+0.22),literature tier 1 (label)
1060,HLA-DRA,cycling_tumor,IDH_WT,tumor,1.0,-6.331888195860917,6.331888195860917,154.87616933734833,0.09,0.652,-0.562,-1.0,1.0,1.0,-5.913342503557029,1.0,5.0,2.0,0.0,0.0,2.0,0.0226256983458374,0.0122774795947623,0.0,1.0,1.0,2.0,2.0,-1.0,20,1,0,1,7,6410,814,5847,663,663,0,1.0,0,1,2.0,TAM_microglia,immune_synapse,MHC-II antigen presentation (pathway-level),0,0.2069148355119784,0.04855921875403949,cc_edges_total=20 (+0.84); cc_n_cells_e1=6.41e+03 (+0.25); deg_n_celltypes_sig=5 (+0.07),"literature gene, other compartment"
1061,PTPRC,AC_like_tumor,IDH_WT,tumor,0.0,0.0,0.0,0.0,,,0.0,0.0,0.0,0.0,,0.0,3.0,0.0,0.0,0.0,0.0,0.0,0.0,,0.0,0.0,0.0,0.0,,8,1,1,2,2,72549,446,64812,108,108,0,0.0,0,0,,,,,0,0.20612852579251198,0.053013332071983554,cc_n_cells_e1=7.25e+04 (+0.24); cc_n_cells_e2=446 (+0.08); deg_pooled_log2fc=nan (+0.04),novel
1062,AXL,cycling_tumor,IDH_Mutant,tumor,0.0,0.0,0.0,0.0,,,0.0,0.0,0.0,0.0,,0.0,0.0,0.0,0.0,0.0,0.0,0.0,0.0,,0.0,0.0,0.0,0.0,,1,0,1,1,1,6410,814,270,136,136,0,0.0,1,0,2.0,"TAM_microglia,tumor",myeloid_bridge,TAM receptor family (pathway-level),1,0.20551642189604294,0.0549213610485268,deg_n_celltypes_sig=0 (+0.45); cc_n_cells_e1=6.41e+03 (+0.18); cc_edges_total=1 (+0.10),literature tier 2 (label)
1063,PDGFRA,TAM1/TAM2/microglia,IDH_WT,TAM_microglia,0.0,0.0,0.0,0.0,,,0.0,0.0,0.0,0.0,,0.0,4.0,0.0,0.0,0.0,0.0,0.0,0.0,,0.0,0.0,0.0,0.0,,6,0,1,1,3,12086,25922,9696,2745,2745,0,0.0,0,0,1.0,tumor,growth,"Brennan et al., Cell 2013; Verhaak et al., Cancer Cell 2010",0,0.20522377201908473,0.06637600680357254,cc_n_cells_e1=1.21e+04 (+0.24); deg_n_celltypes_sig=4 (+0.17); cc_n_celltypes_total=3 (+0.04),"literature gene, other compartment"
1064,AREG,AC_like_tumor,IDH_WT,tumor,0.0,0.0,0.0,0.0,,,0.0,0.0,0.0,0.0,,0.0,2.0,0.0,0.0,0.0,0.0,0.0,0.0,,0.0,0.0,0.0,0.0,,7,1,0,1,1,72549,446,64812,108,108,0,0.0,0,0,,,,,0,0.2050374891729926,0.05830082720065825,cc_n_cells_e1=7.25e+04 (+0.22); cc_n_cells_e2=446 (+0.08); cc_n_celltypes_total=1 (+0.05),novel
1065,AREG,AC_like_tumor,IDH_Mutant,tumor,0.0,0.0,0.0,0.0,,,0.0,0.0,0.0,0.0,,0.0,2.0,0.0,0.0,0.0,0.0,0.0,0.0,,0.0,0.0,0.0,0.0,,7,1,0,1,1,72549,446,4249,283,283,0,0.0,1,0,,,,,0,0.2050374891729926,0.05830082720065825,cc_n_cells_e1=7.25e+04 (+0.22); cc_n_cells_e2=446 (+0.08); cc_n_celltypes_total=1 (+0.05),novel
1066,LGALS9,OPC_GABA_like_tumor,IDH_Mutant,tumor,0.0,0.0,0.0,0.0,,,0.0,0.0,0.0,0.0,,0.0,1.0,0.0,0.0,0.0,0.0,0.0,0.0,,0.0,0.0,0.0,0.0,,13,1,0,1,1,6741,14114,1658,11741,1658,0,0.0,1,0,2.0,"tumor,TAM_microglia",immune_synapse,HAVCR2 ligand (pathway-level),1,0.2049652917437516,0.04885240008957529,cc_edges_total=13 (+0.59); cc_n_cells_e1=6.74e+03 (+0.21); cc_n_celltypes_total=1 (+0.09),literature tier 2 (label)
1067,HLA-DRA,OPC_GABA_like_tumor,IDH_Mutant,tumor,1.0,-2.2542419956913298,2.2542419956913298,94.50657435120421,0.119,0.306,-0.187,-1.0,1.0,1.0,-2.303886554092712,1.0,5.0,2.0,0.0,0.0,2.0,0.0029418197824012,0.0015940634976052007,0.0,1.0,1.0,2.0,2.0,-1.0,20,1,0,1,7,6741,14114,1658,11741,1658,0,1.0,1,1,2.0,TAM_microglia,immune_synapse,MHC-II antigen presentation (pathway-level),0,0.20467629061868484,0.06351092536839513,cc_edges_total=20 (+0.84); cc_n_cells_e1=6.74e+03 (+0.25); deg_n_celltypes_sig=5 (+0.06),"literature gene, other compartment"
1068,AREG,OPC_GABA_AC_like_tumor,IDH_WT,tumor,0.0,0.0,0.0,0.0,,,0.0,0.0,0.0,0.0,,0.0,2.0,0.0,0.0,0.0,0.0,0.0,0.0,,0.0,0.0,0.0,0.0,,7,1,0,1,1,6202,1012,5384,171,171,0,0.0,0,0,,,,,0,0.2046639681775016,0.058373487389451056,cc_n_cells_e1=6.2e+03 (+0.23); cc_n_cells_e2=1.01e+03 (+0.08); cc_n_celltypes_total=1 (+0.05),novel
1069,NRXN1,T cell,IDH_WT,T_cell,0.0,0.0,0.0,0.0,,,0.0,0.0,0.0,0.0,,0.0,2.0,0.0,0.0,0.0,0.0,0.0,0.0,,0.0,0.0,0.0,0.0,,50,1,0,1,4,2662,1463,1681,1118,1118,0,0.0,0,0,2.0,tumor,neuron_tumor,Presynaptic partner of NLGN3 (pathway-level),0,0.2045254799128664,0.040061833974398955,cc_edges_total=50 (+1.27); cc_n_celltypes_total=4 (+0.03); deg_pooled_log2fc=nan (+0.03),"literature gene, other compartment"
1070,AREG,cycling_tumor,IDH_Mutant,tumor,0.0,0.0,0.0,0.0,,,0.0,0.0,0.0,0.0,,0.0,2.0,0.0,0.0,0.0,0.0,0.0,0.0,,0.0,0.0,0.0,0.0,,7,1,0,1,1,6410,814,270,136,136,0,0.0,1,0,,,,,0,0.20391290341389262,0.05854817704094548,cc_n_cells_e1=6.41e+03 (+0.22); cc_n_cells_e2=814 (+0.08); cc_n_celltypes_total=1 (+0.05),novel
1071,LGALS9,OPC_GABA_like_tumor,IDH_WT,tumor,0.0,0.0,0.0,0.0,,,0.0,0.0,0.0,0.0,,0.0,1.0,0.0,0.0,0.0,0.0,0.0,0.0,,0.0,0.0,0.0,0.0,,13,1,0,1,1,6741,14114,5040,1935,1935,0,0.0,0,0,2.0,"tumor,TAM_microglia",immune_synapse,HAVCR2 ligand (pathway-level),1,0.20386313544236478,0.05042504679809983,cc_edges_total=13 (+0.60); cc_n_cells_e1=6.74e+03 (+0.21); cc_n_celltypes_total=1 (+0.10),literature tier 2 (label)
1072,PILRB,OPC_GABA_AC_like_tumor,IDH_WT,tumor,0.0,0.0,0.0,0.0,,,0.0,0.0,0.0,0.0,,0.0,2.0,0.0,0.0,0.0,0.0,0.0,0.0,,0.0,0.0,0.0,0.0,,7,0,1,1,1,6202,1012,5384,171,171,0,0.0,0,0,,,,,0,0.20330967001290592,0.054810581798762296,cc_n_cells_e1=6.2e+03 (+0.21); cc_n_cells_e2=1.01e+03 (+0.08); cc_n_celltypes_total=1 (+0.05),novel
1073,PILRB,AC_like_tumor,IDH_WT,tumor,0.0,0.0,0.0,0.0,,,0.0,0.0,0.0,0.0,,0.0,2.0,0.0,0.0,0.0,0.0,0.0,0.0,,0.0,0.0,0.0,0.0,,7,0,1,1,1,72549,446,64812,108,108,0,0.0,0,0,,,,,0,0.20330967001290592,0.054810581798762296,cc_n_cells_e1=7.25e+04 (+0.21); cc_n_cells_e2=446 (+0.08); cc_n_celltypes_total=1 (+0.05),novel
1074,AREG,OPC_GABA_AC_like_tumor,IDH_Mutant,tumor,0.0,0.0,0.0,0.0,,,0.0,0.0,0.0,0.0,,0.0,2.0,0.0,0.0,0.0,0.0,0.0,0.0,,0.0,0.0,0.0,0.0,,7,1,0,1,1,6202,1012,352,742,352,0,0.0,1,0,,,,,0,0.20306877793142522,0.05755202583978935,cc_n_cells_e1=6.2e+03 (+0.23); cc_n_cells_e2=1.01e+03 (+0.08); cc_n_celltypes_total=1 (+0.05),novel
1075,HLA-DPA1,cycling_tumor,IDH_Mutant,tumor,1.0,-6.414590555331722,6.414590555331722,23.73277137125242,0.066,0.644,-0.5780000000000001,-1.0,1.0,1.0,-6.10068956686858,1.0,4.0,2.0,0.0,0.0,2.0,0.0128370136176889,0.00696083524510625,0.0,1.0,1.0,2.0,2.0,-1.0,14,1,0,1,5,6410,814,270,136,136,0,1.0,1,1,,,,,0,0.20302941823364687,0.06672308680527644,cc_edges_total=14 (+0.50); cc_n_cells_e1=6.41e+03 (+0.25); deg_n_celltypes_sig=4 (+0.05),novel
1076,PDGFRA,TAM1/TAM2/microglia,IDH_Mutant,TAM_microglia,0.0,0.0,0.0,0.0,,,0.0,0.0,0.0,0.0,,0.0,4.0,0.0,0.0,0.0,0.0,0.0,0.0,,0.0,0.0,0.0,0.0,,6,0,1,1,3,12086,25922,2106,21701,2106,0,0.0,1,0,1.0,tumor,growth,"Brennan et al., Cell 2013; Verhaak et al., Cancer Cell 2010",0,0.202796163727844,0.07102335551228157,cc_n_cells_e1=1.21e+04 (+0.24); deg_n_celltypes_sig=4 (+0.17); cc_n_celltypes_total=3 (+0.04),"literature gene, other compartment"
1077,SDC3,OPC_GABA_like_tumor,IDH_Mutant,tumor,1.0,-1.4206875002699166,1.4206875002699166,87.74539551126912,0.143,0.343,-0.20000000000000004,-1.0,1.0,0.0,,0.0,1.0,0.0,0.0,0.0,0.0,0.0,0.0,,0.0,0.0,0.0,0.0,,11,0,1,1,1,6741,14114,1658,11741,1658,0,-0.0,1,0,,,,,0,0.20253792939626547,0.04062711913213519,cc_n_cells_e1=6.74e+03 (+0.17); cc_n_celltypes_total=1 (+0.05); deg_n_celltypes_sig=1 (+0.05),novel
1078,HLA-DRA,cycling_tumor,IDH_Mutant,tumor,1.0,-5.352105679335363,5.352105679335363,29.607013521346605,0.176,0.767,-0.591,-1.0,1.0,1.0,-5.913342503557029,1.0,5.0,2.0,0.0,0.0,2.0,0.0226256983458374,0.0122774795947623,0.0,1.0,1.0,2.0,2.0,-1.0,20,1,0,1,7,6410,814,270,136,136,0,1.0,1,1,2.0,TAM_microglia,immune_synapse,MHC-II antigen presentation (pathway-level),0,0.2022800482538488,0.049767743517434765,cc_edges_total=20 (+0.84); cc_n_cells_e1=6.41e+03 (+0.25); deg_n_celltypes_sig=5 (+0.06),"literature gene, other compartment"
1079,TGFB1,TAM1/TAM2/microglia,IDH_WT,TAM_microglia,0.0,0.0,0.0,0.0,,,0.0,0.0,0.0,0.0,,0.0,0.0,4.0,0.0,2.0,2.0,0.0050238491740621,0.003124057670555575,0.0,1.0,1.0,0.0,4.0,0.0,4,1,0,1,1,12086,25922,9696,2745,2745,0,0.0,0,0,2.0,"tumor,TAM_microglia",immune_synapse,Immunosuppressive cytokine (pathway-level),1,0.20028574831377483,0.02819290917230428,deg_n_celltypes_sig=0 (+0.42); cc_edges_e2=2 (+0.21); cc_n_cells_e1=1.21e+04 (+0.21),literature tier 2 (label)
1080,NRCAM,TAM1/TAM2/microglia,IDH_WT,TAM_microglia,0.0,0.0,0.0,0.0,,,0.0,0.0,0.0,0.0,,0.0,1.0,0.0,0.0,0.0,0.0,0.0,0.0,,0.0,0.0,0.0,0.0,,12,0,1,1,4,12086,25922,9696,2745,2745,0,0.0,0,0,,,,,0,0.19989193650894088,0.08786526105666388,cc_n_cells_e1=1.21e+04 (+0.22); cc_n_celltypes_total=4 (+0.04); cc_is_ligand=0 (+0.03),novel
1081,PTPRC,AC_like_tumor,IDH_Mutant,tumor,0.0,0.0,0.0,0.0,,,0.0,0.0,0.0,0.0,,0.0,2.0,0.0,0.0,0.0,0.0,0.0,0.0,,0.0,0.0,0.0,0.0,,8,1,1,2,2,72549,446,4249,283,283,0,0.0,1,0,,,,,0,0.19976598159195444,0.05449768550066092,cc_n_cells_e1=7.25e+04 (+0.24); cc_n_cells_e2=446 (+0.08); deg_pooled_log2fc=nan (+0.04),novel
1082,HBEGF,OPC_GABA_AC_like_tumor,IDH_WT,tumor,0.0,0.0,0.0,0.0,,,0.0,0.0,0.0,0.0,,0.0,2.0,0.0,0.0,0.0,0.0,0.0,0.0,,0.0,0.0,0.0,0.0,,7,1,0,1,1,6202,1012,5384,171,171,0,0.0,0,0,,,,,0,0.1997167589638559,0.05906423022769976,cc_n_cells_e1=6.2e+03 (+0.23); cc_n_cells_e2=1.01e+03 (+0.08); cc_n_celltypes_total=1 (+0.05),novel
1083,HLA-E,OPC_GABA_AC_like_tumor,IDH_Mutant,tumor,1.0,-3.0950851419943675,3.0950851419943675,8.232795862160836,0.022,0.131,-0.10900000000000001,-1.0,0.0,0.0,-2.0956343316487085,1.0,4.0,0.0,0.0,0.0,0.0,0.0,0.0,,0.0,0.0,0.0,0.0,,6,1,0,1,4,6202,1012,352,742,352,0,-0.0,1,0,,,,,0,0.1994701020514528,0.04361679543937976,cc_n_cells_e1=6.2e+03 (+0.24); cc_n_cells_e2=1.01e+03 (+0.07); deg_n_celltypes_sig=4 (+0.06),novel
1084,AREG,cycling_tumor,IDH_WT,tumor,0.0,0.0,0.0,0.0,,,0.0,0.0,0.0,0.0,,0.0,2.0,0.0,0.0,0.0,0.0,0.0,0.0,,0.0,0.0,0.0,0.0,,7,1,0,1,1,6410,814,5847,663,663,0,0.0,0,0,,,,,0,0.1994216963784835,0.05534513960717293,cc_n_cells_e1=6.41e+03 (+0.22); cc_n_cells_e2=814 (+0.08); cc_n_celltypes_total=1 (+0.05),novel
1085,PSAP,AC_like_tumor,IDH_WT,tumor,0.0,0.0,0.0,0.0,,,0.0,0.0,0.0,0.0,,0.0,0.0,2.0,0.0,1.0,1.0,0.0021302161985696,0.0018567956874288999,0.0,1.0,1.0,0.0,2.0,0.0,9,1,0,1,5,72549,446,64812,108,108,0,0.0,0,0,,,,,0,0.19909391553679975,0.07534083868126883,deg_n_celltypes_sig=0 (+0.32); cc_n_cells_e1=7.25e+04 (+0.23); cc_n_cells_e2=446 (+0.05),novel
1086,HBEGF,AC_like_tumor,IDH_WT,tumor,0.0,0.0,0.0,0.0,,,0.0,0.0,0.0,0.0,,0.0,2.0,0.0,0.0,0.0,0.0,0.0,0.0,,0.0,0.0,0.0,0.0,,7,1,0,1,1,72549,446,64812,108,108,0,0.0,0,0,,,,,0,0.19890731239290732,0.05830069901416685,cc_n_cells_e1=7.25e+04 (+0.22); cc_n_cells_e2=446 (+0.08); cc_n_celltypes_total=1 (+0.05),novel
1087,HLA-DMB,TAM1/TAM2/microglia,IDH_Mutant,TAM_microglia,1.0,-0.4243816677695475,0.4243816677695475,21.90939160542601,0.445,0.549,-0.10400000000000004,-1.0,0.0,0.0,-0.3182422023829683,1.0,2.0,4.0,0.0,2.0,2.0,0.0046828301407175,0.002460909781326619,0.0,1.0,1.0,0.0,4.0,0.0,4,1,0,1,1,12086,25922,2106,21701,2106,0,-0.0,1,1,,,,,0,0.19890157043161366,0.04840610542968019,cc_edges_e2=2 (+0.23); cc_n_cells_e1=1.21e+04 (+0.22); cc_max_prob=0.00468 (+0.08),novel
1088,PTPRC,OPC_GABA_AC_like_tumor,IDH_Mutant,tumor,0.0,0.0,0.0,0.0,,,0.0,0.0,0.0,0.0,,0.0,2.0,0.0,0.0,0.0,0.0,0.0,0.0,,0.0,0.0,0.0,0.0,,8,1,1,2,2,6202,1012,352,742,352,0,0.0,1,0,,,,,0,0.19825312620170055,0.04981556173408772,cc_n_cells_e1=6.2e+03 (+0.25); cc_n_cells_e2=1.01e+03 (+0.08); deg_pooled_log2fc=nan (+0.04),novel
1089,GRIA3,TAM1/TAM2/microglia,IDH_Mutant,TAM_microglia,0.0,0.0,0.0,0.0,,,0.0,0.0,0.0,0.0,,0.0,2.0,0.0,0.0,0.0,0.0,0.0,0.0,,0.0,0.0,0.0,0.0,,6,0,1,1,2,12086,25922,2106,21701,2106,0,0.0,1,0,2.0,tumor,neuron_tumor,"AMPAR subunit family; Venkatesh et al., Nature 2019",0,0.1977751105611959,0.05659598905541581,cc_n_cells_e1=1.21e+04 (+0.23); deg_pooled_log2fc=nan (+0.04); cc_is_ligand=0 (+0.03),"literature gene, other compartment"
1090,ITGB8,TAM1/TAM2/microglia,IDH_Mutant,TAM_microglia,0.0,0.0,0.0,0.0,,,0.0,0.0,0.0,0.0,,0.0,2.0,0.0,0.0,0.0,0.0,0.0,0.0,,0.0,0.0,0.0,0.0,,3,0,1,1,2,12086,25922,2106,21701,2106,0,0.0,1,0,,,,,0,0.197602546274232,0.06517576006117,cc_n_cells_e1=1.21e+04 (+0.23); deg_pooled_log2fc=nan (+0.04); cc_is_ligand=0 (+0.03),novel
1091,HLA-DRB1,T cell,IDH_WT,T_cell,0.0,0.0,0.0,0.0,,,0.0,0.0,0.0,0.0,,0.0,3.0,4.0,0.0,2.0,2.0,0.0055041634560057,0.00280821876967937,0.0,1.0,1.0,4.0,4.0,0.0,14,1,0,1,5,2662,1463,1681,1118,1118,0,0.0,0,0,,,,,0,0.19482754083689896,0.0974330032626918,cc_edges_total=14 (+0.43); cc_edges_e2=2 (+0.21); cc_edges_e1=2 (+0.03),novel
1092,HLA-DPA1,cycling_tumor,IDH_WT,tumor,1.0,-6.148412632684496,6.148412632684496,104.62802093879925,0.063,0.52,-0.457,-1.0,1.0,1.0,-6.10068956686858,1.0,5.0,2.0,0.0,0.0,2.0,0.0128370136176889,0.00696083524510625,0.0,1.0,1.0,2.0,2.0,-1.0,14,1,0,1,5,6410,814,5847,663,663,0,1.0,0,1,,,,,0,0.19371482109372712,0.07100061630997466,cc_edges_total=14 (+0.50); cc_n_cells_e1=6.41e+03 (+0.25); cc_n_cells_e2=814 (+0.04),novel
1093,ITGB2,cycling_tumor,IDH_WT,tumor,1.0,-5.68408205321323,5.68408205321323,13.836336925601357,0.011,0.126,-0.115,-1.0,1.0,1.0,-5.015485281475216,1.0,2.0,0.0,0.0,0.0,0.0,0.0,0.0,,0.0,0.0,0.0,0.0,,4,0,1,2,1,6410,814,5847,663,663,0,-0.0,0,0,,,,,0,0.193583038840086,0.04837830499864711,cc_n_cells_e1=6.41e+03 (+0.18); cc_n_cells_e2=814 (+0.07); cc_n_celltypes_total=1 (+0.06),novel
1094,NOTCH1,T cell,IDH_WT,T_cell,0.0,0.0,0.0,0.0,,,0.0,0.0,0.0,0.0,,0.0,2.0,0.0,0.0,0.0,0.0,0.0,0.0,,0.0,0.0,0.0,0.0,,16,0,1,2,2,2662,1463,1681,1118,1118,0,0.0,0,0,2.0,tumor,growth,Notch pathway (pathway-level),0,0.1932499612155727,0.07288034884343847,cc_edges_total=16 (+0.99); cc_is_ligand=0 (+0.08); deg_pooled_log2fc=nan (+0.03),"literature gene, other compartment"
1095,PSAP,cycling_tumor,IDH_WT,tumor,0.0,0.0,0.0,0.0,,,0.0,0.0,0.0,0.0,,0.0,0.0,2.0,0.0,1.0,1.0,0.0023740659443612,0.0017510849844291,0.0,1.0,1.0,0.0,2.0,0.0,9,1,0,1,5,6410,814,5847,663,663,0,0.0,0,0,,,,,0,0.19215889621909402,0.07101234539036268,deg_n_celltypes_sig=0 (+0.31); cc_n_cells_e1=6.41e+03 (+0.22); cc_n_cells_e2=814 (+0.05),novel
1096,SLC1A1,T cell,IDH_WT,T_cell,0.0,0.0,0.0,0.0,,,0.0,0.0,0.0,0.0,,0.0,2.0,0.0,0.0,0.0,0.0,0.0,0.0,,0.0,0.0,0.0,0.0,,13,1,0,1,1,2662,1463,1681,1118,1118,0,0.0,0,0,,,,,0,0.1921211633678333,0.07959961587984683,cc_edges_total=13 (+0.53); cc_n_celltypes_total=1 (+0.17); deg_pooled_log2fc=nan (+0.05),novel
1097,TGFB1,OPC_GABA_like_tumor,IDH_WT,tumor,0.0,0.0,0.0,0.0,,,0.0,0.0,0.0,0.0,,0.0,0.0,0.0,0.0,0.0,0.0,0.0,0.0,,0.0,0.0,0.0,0.0,,4,1,0,1,1,6741,14114,5040,1935,1935,0,0.0,0,0,2.0,"tumor,TAM_microglia",immune_synapse,Immunosuppressive cytokine (pathway-level),1,0.19174112982335595,0.03057199416308314,deg_n_celltypes_sig=0 (+0.43); cc_n_cells_e1=6.74e+03 (+0.20); deg_pooled_log2fc=nan (+0.05),literature tier 2 (label)
1098,NRXN2,TAM1/TAM2/microglia,IDH_WT,TAM_microglia,0.0,0.0,0.0,0.0,,,0.0,0.0,0.0,0.0,,0.0,1.0,0.0,0.0,0.0,0.0,0.0,0.0,,0.0,0.0,0.0,0.0,,10,1,0,1,1,12086,25922,9696,2745,2745,0,0.0,0,0,,,,,0,0.1911312546133907,0.021592770242863695,cc_n_cells_e1=1.21e+04 (+0.20); deg_pooled_log2fc=nan (+0.04); cc_n_celltypes_total=1 (+0.04),novel
1099,PILRA,T cell,IDH_WT,T_cell,0.0,0.0,0.0,0.0,,,0.0,0.0,0.0,0.0,,0.0,0.0,0.0,0.0,0.0,0.0,0.0,0.0,,0.0,0.0,0.0,0.0,,7,0,1,1,1,2662,1463,1681,1118,1118,0,0.0,0,0,,,,,0,0.19084843068283974,0.044531339397495345,deg_n_celltypes_sig=0 (+0.38); cc_n_celltypes_total=1 (+0.12); cc_is_ligand=0 (+0.08),novel
1100,CLEC2B,cycling_tumor,IDH_WT,tumor,1.0,-7.447999442166703,7.447999442166703,18.680394969210795,0.005,0.142,-0.13699999999999998,-1.0,1.0,1.0,-7.7470146683184975,1.0,2.0,0.0,0.0,0.0,0.0,0.0,0.0,,0.0,0.0,0.0,0.0,,6,1,0,1,2,6410,814,5847,663,663,0,-0.0,0,0,,,,,0,0.19078179921209465,0.05578130438197296,cc_n_cells_e1=6.41e+03 (+0.22); cc_n_cells_e2=814 (+0.07); cc_n_celltypes_total=2 (+0.04),novel
1101,HLA-DMB,cycling_tumor,IDH_WT,tumor,1.0,-7.140410700892755,7.140410700892755,18.336986567521397,0.003,0.138,-0.135,-1.0,1.0,1.0,-6.1258997909701325,1.0,1.0,0.0,0.0,0.0,0.0,0.0,0.0,,0.0,0.0,0.0,0.0,,4,1,0,1,1,6410,814,5847,663,663,0,-0.0,0,0,,,,,0,0.1906901558417422,0.06304714579450711,cc_n_cells_e1=6.41e+03 (+0.17); cc_n_cells_e2=814 (+0.07); cc_n_celltypes_total=1 (+0.06),novel
1102,PSAP,TAM1/TAM2/microglia,IDH_WT,TAM_microglia,0.0,0.0,0.0,0.0,,,0.0,0.0,0.0,0.0,,0.0,0.0,2.0,0.0,1.0,1.0,0.0103328573239385,0.0097178938974877,0.0,1.0,1.0,2.0,2.0,0.0,9,1,0,1,5,12086,25922,9696,2745,2745,0,0.0,0,0,,,,,0,0.18960029004621018,0.0732890986204717,deg_n_celltypes_sig=0 (+0.32); cc_n_cells_e1=1.21e+04 (+0.23); deg_pooled_log2fc=nan (+0.04),novel
1103,LGALS9,TAM1/TAM2/microglia,IDH_Mutant,TAM_microglia,0.0,0.0,0.0,0.0,,,0.0,0.0,0.0,0.0,,0.0,1.0,13.0,0.0,13.0,0.0,0.0161731728416982,0.006557732812207392,0.0,1.0,4.0,8.0,13.0,1.0,13,1,0,1,1,12086,25922,2106,21701,2106,0,0.0,1,0,2.0,"tumor,TAM_microglia",immune_synapse,HAVCR2 ligand (pathway-level),1,0.189150002529896,0.062288235143869365,cc_edges_total=13 (+0.56); cc_n_partners=4 (+0.24); cc_n_cells_e1=1.21e+04 (+0.20),literature tier 2 (label)
1104,CLEC2B,cycling_tumor,IDH_Mutant,tumor,1.0,-7.542738597519156,7.542738597519156,3.0280366247551256,0.0,0.196,-0.196,-1.0,1.0,1.0,-7.7470146683184975,1.0,2.0,0.0,0.0,0.0,0.0,0.0,0.0,,0.0,0.0,0.0,0.0,,6,1,0,1,2,6410,814,270,136,136,0,-0.0,1,0,,,,,0,0.18897481984428466,0.05737079683240494,cc_n_cells_e1=6.41e+03 (+0.22); cc_n_cells_e2=814 (+0.07); cc_n_celltypes_total=2 (+0.05),novel
1105,MRC1,T cell,IDH_WT,T_cell,0.0,0.0,0.0,0.0,,,0.0,0.0,0.0,0.0,,0.0,0.0,0.0,0.0,0.0,0.0,0.0,0.0,,0.0,0.0,0.0,0.0,,4,0,1,1,1,2662,1463,1681,1118,1118,0,0.0,0,0,,,,,0,0.18857840787864694,0.08400512873975213,deg_n_celltypes_sig=0 (+0.50); cc_n_celltypes_total=1 (+0.12); cc_is_ligand=0 (+0.08),novel
1106,PTGER4,T cell,IDH_WT,T_cell,1.0,-1.0150101641759006,1.0150101641759006,2.7069500239619932,0.076,0.142,-0.06599999999999999,-1.0,0.0,0.0,-0.9382289511343168,1.0,2.0,0.0,0.0,0.0,0.0,0.0,0.0,,0.0,0.0,0.0,0.0,,14,0,1,1,1,2662,1463,1681,1118,1118,0,-0.0,0,0,,,,,0,0.18829780533520188,0.07164342691284446,cc_edges_total=14 (+0.56); cc_n_celltypes_total=1 (+0.17); cc_is_ligand=0 (+0.08),novel
1107,ITGB2,cycling_tumor,IDH_Mutant,tumor,1.0,-5.376244031262254,5.376244031262254,11.710319236366402,0.015,0.415,-0.39999999999999997,-1.0,1.0,1.0,-5.015485281475216,1.0,2.0,0.0,0.0,0.0,0.0,0.0,0.0,,0.0,0.0,0.0,0.0,,4,0,1,2,1,6410,814,270,136,136,0,-0.0,1,0,,,,,0,0.18806321659248834,0.04719400881916422,cc_n_cells_e1=6.41e+03 (+0.19); cc_n_cells_e2=814 (+0.07); cc_n_celltypes_total=1 (+0.06),novel
1108,PCDHGA10,TAM1/TAM2/microglia,IDH_WT,TAM_microglia,0.0,0.0,0.0,0.0,,,0.0,0.0,0.0,0.0,,0.0,2.0,0.0,0.0,0.0,0.0,0.0,0.0,,0.0,0.0,0.0,0.0,,2,1,1,1,1,12086,25922,9696,2745,2745,0,0.0,0,0,,,,,0,0.18703245654888906,0.0980147261508157,cc_n_cells_e1=1.21e+04 (+0.22); deg_pooled_log2fc=nan (+0.06); cc_n_celltypes_total=1 (+0.04),novel
1109,MRC1,T cell,IDH_Mutant,T_cell,0.0,0.0,0.0,0.0,,,0.0,0.0,0.0,0.0,,0.0,0.0,0.0,0.0,0.0,0.0,0.0,0.0,,0.0,0.0,0.0,0.0,,4,0,1,1,1,2662,1463,941,334,334,0,0.0,1,0,,,,,0,0.18691261978682994,0.08399201125459163,deg_n_celltypes_sig=0 (+0.48); cc_n_celltypes_total=1 (+0.12); cc_is_ligand=0 (+0.08),novel
1110,PDGFA,OPC_GABA_like_tumor,IDH_WT,tumor,0.0,0.0,0.0,0.0,,,0.0,0.0,0.0,0.0,,0.0,2.0,0.0,0.0,0.0,0.0,0.0,0.0,,0.0,0.0,0.0,0.0,,3,1,0,1,1,6741,14114,5040,1935,1935,0,0.0,0,0,,,,,0,0.18680328452302125,0.043489932143303135,cc_n_cells_e1=6.74e+03 (+0.22); deg_pooled_log2fc=nan (+0.05); cc_n_celltypes_total=1 (+0.05),novel
1111,TGFB1,AC_like_tumor,IDH_Mutant,tumor,0.0,0.0,0.0,0.0,,,0.0,0.0,0.0,0.0,,0.0,1.0,0.0,0.0,0.0,0.0,0.0,0.0,,0.0,0.0,0.0,0.0,,4,1,0,1,1,72549,446,4249,283,283,0,0.0,1,0,2.0,"tumor,TAM_microglia",immune_synapse,Immunosuppressive cytokine (pathway-level),1,0.18652140776984377,0.0242996463042437,cc_n_cells_e1=7.25e+04 (+0.20); cc_n_cells_e2=446 (+0.08); cc_n_celltypes_total=1 (+0.05),literature tier 2 (label)
1112,AREG,T cell,IDH_Mutant,T_cell,1.0,2.621978049134785,2.621978049134785,45.230029365178375,0.524,0.143,0.381,1.0,1.0,1.0,1.3790139787467863,1.0,2.0,7.0,0.0,7.0,0.0,0.0324842206972956,0.012891952110335543,0.0,1.0,4.0,7.0,7.0,1.0,7,1,0,1,1,2662,1463,941,334,334,0,1.0,1,1,,,,,0,0.18588690718604353,0.07060328183801401,cc_n_partners=4 (+0.43); deg_pooled_log2fc=1.38 (+0.35); cc_edges_e2=7 (+0.23),novel
1113,CNTN1,T cell,IDH_WT,T_cell,0.0,0.0,0.0,0.0,,,0.0,0.0,0.0,0.0,,0.0,4.0,0.0,0.0,0.0,0.0,0.0,0.0,,0.0,0.0,0.0,0.0,,16,1,0,1,2,2662,1463,1681,1118,1118,0,0.0,0,0,2.0,tumor,neuron_tumor,Synaptic adhesion (pathway-level),0,0.1857803588652044,0.04642800878410268,cc_edges_total=16 (+0.98); deg_n_celltypes_sig=4 (+0.07); deg_pooled_log2fc=nan (+0.03),"literature gene, other compartment"
1114,KLRC2,T cell,IDH_WT,T_cell,0.0,0.0,0.0,0.0,,,0.0,0.0,0.0,0.0,,0.0,0.0,0.0,0.0,0.0,0.0,0.0,0.0,,0.0,0.0,0.0,0.0,,6,0,1,1,1,2662,1463,1681,1118,1118,0,0.0,0,0,,,,,0,0.1846460476346198,0.08559451821796978,deg_n_celltypes_sig=0 (+0.38); cc_n_celltypes_total=1 (+0.12); cc_is_ligand=0 (+0.08),novel
1115,HLA-DRB5,cycling_tumor,IDH_WT,tumor,1.0,-5.388167588528949,5.388167588528949,15.818416467018212,0.009,0.135,-0.126,-1.0,1.0,1.0,-5.030979118008403,1.0,2.0,0.0,0.0,0.0,0.0,0.0,0.0,,0.0,0.0,0.0,0.0,,4,1,0,1,1,6410,814,5847,663,663,0,-0.0,0,0,,,,,0,0.1839073662031573,0.04075243187672262,cc_n_cells_e1=6.41e+03 (+0.20); cc_n_cells_e2=814 (+0.07); cc_n_celltypes_total=1 (+0.06),novel
1116,AREG,T cell,IDH_WT,T_cell,1.0,0.9672239572986688,0.9672239572986688,4.436011743196359,0.226,0.141,0.08500000000000002,1.0,1.0,1.0,1.3790139787467863,1.0,2.0,7.0,0.0,7.0,0.0,0.0324842206972956,0.012891952110335543,0.0,1.0,4.0,7.0,7.0,1.0,7,1,0,1,1,2662,1463,1681,1118,1118,0,1.0,0,1,,,,,0,0.18354447372083044,0.06257061248526036,cc_n_partners=4 (+0.43); deg_pooled_log2fc=1.38 (+0.35); cc_edges_e2=7 (+0.22),novel
1117,C3,cycling_tumor,IDH_WT,tumor,1.0,-5.515786341867351,5.515786341867351,19.951250467066693,0.012,0.161,-0.149,-1.0,1.0,1.0,-5.025493283963822,1.0,2.0,0.0,0.0,0.0,0.0,0.0,0.0,,0.0,0.0,0.0,0.0,,6,1,0,1,1,6410,814,5847,663,663,0,-0.0,0,0,,,,,0,0.18346658893020637,0.009008306265295097,cc_n_cells_e1=6.41e+03 (+0.20); cc_n_cells_e2=814 (+0.07); cc_n_celltypes_total=1 (+0.06),novel
1118,NLGN3,OPC_GABA_AC_like_tumor,IDH_WT,tumor,0.0,0.0,0.0,0.0,,,0.0,0.0,0.0,0.0,,0.0,2.0,0.0,0.0,0.0,0.0,0.0,0.0,,0.0,0.0,0.0,0.0,,6,0,1,1,1,6202,1012,5384,171,171,0,0.0,0,0,1.0,tumor,neuron_tumor,"Venkatesh et al., Cell 2015; Venkatesh et al., Nature 2017",1,0.18332095075468974,0.040192592658791985,cc_n_cells_e1=6.2e+03 (+0.21); cc_n_cells_e2=1.01e+03 (+0.08); cc_n_celltypes_total=1 (+0.05),literature tier 1 (label)
1119,GRIA4,T cell,IDH_Mutant,T_cell,0.0,0.0,0.0,0.0,,,0.0,0.0,0.0,0.0,,0.0,4.0,0.0,0.0,0.0,0.0,0.0,0.0,,0.0,0.0,0.0,0.0,,15,0,1,1,4,2662,1463,941,334,334,0,0.0,1,0,2.0,tumor,neuron_tumor,"AMPAR subunit family; Venkatesh et al., Nature 2019",0,0.18325351261348502,0.06121629959676595,cc_edges_total=15 (+0.94); cc_is_ligand=0 (+0.08); deg_n_celltypes_sig=4 (+0.08),"literature gene, other compartment"
1120,JAM3,OPC_GABA_like_tumor,IDH_WT,tumor,1.0,1.3398998392869823,1.3398998392869823,108.55574591193887,0.286,0.074,0.21199999999999997,1.0,0.0,0.0,0.5046479726210078,1.0,3.0,0.0,0.0,0.0,0.0,0.0,0.0,,0.0,0.0,0.0,0.0,,3,1,1,1,1,6741,14114,5040,1935,1935,0,0.0,0,0,,,,,0,0.18316278886795984,0.061854373892499266,cc_n_cells_e1=6.74e+03 (+0.20); deg_pct_diff=0.212 (+0.14); deg_log2fc=1.34 (+0.13),novel
1121,TGFB1,OPC_GABA_AC_like_tumor,IDH_Mutant,tumor,0.0,0.0,0.0,0.0,,,0.0,0.0,0.0,0.0,,0.0,1.0,0.0,0.0,0.0,0.0,0.0,0.0,,0.0,0.0,0.0,0.0,,4,1,0,1,1,6202,1012,352,742,352,0,0.0,1,0,2.0,"tumor,TAM_microglia",immune_synapse,Immunosuppressive cytokine (pathway-level),1,0.18261721250684357,0.023721819264136076,cc_n_cells_e1=6.2e+03 (+0.21); cc_n_cells_e2=1.01e+03 (+0.08); cc_n_celltypes_total=1 (+0.05),literature tier 2 (label)
1122,NLGN3,AC_like_tumor,IDH_WT,tumor,0.0,0.0,0.0,0.0,,,0.0,0.0,0.0,0.0,,0.0,2.0,0.0,0.0,0.0,0.0,0.0,0.0,,0.0,0.0,0.0,0.0,,6,0,1,1,1,72549,446,64812,108,108,0,0.0,0,0,1.0,tumor,neuron_tumor,"Venkatesh et al., Cell 2015; Venkatesh et al., Nature 2017",1,0.18141011039691277,0.03894655066831201,cc_n_cells_e1=7.25e+04 (+0.21); cc_n_cells_e2=446 (+0.08); cc_n_celltypes_total=1 (+0.05),literature tier 1 (label)
1123,HLA-DRB5,cycling_tumor,IDH_Mutant,tumor,1.0,-5.469553657520708,5.469553657520708,6.950520795754701,0.037,0.341,-0.30400000000000005,-1.0,1.0,1.0,-5.030979118008403,1.0,3.0,0.0,0.0,0.0,0.0,0.0,0.0,,0.0,0.0,0.0,0.0,,4,1,0,1,1,6410,814,270,136,136,0,-0.0,1,0,,,,,0,0.1812275500608155,0.03316918222689021,cc_n_cells_e1=6.41e+03 (+0.20); cc_n_cells_e2=814 (+0.07); cc_n_celltypes_total=1 (+0.06),novel
1124,ADORA3,T cell,IDH_WT,T_cell,0.0,0.0,0.0,0.0,,,0.0,0.0,0.0,0.0,,0.0,1.0,0.0,0.0,0.0,0.0,0.0,0.0,,0.0,0.0,0.0,0.0,,1,1,0,1,1,2662,1463,1681,1118,1118,0,0.0,0,0,,,,,0,0.18112551346410669,0.04640827132105235,cc_n_celltypes_total=1 (+0.12); deg_n_celltypes_sig=1 (+0.11); deg_pooled_log2fc=nan (+0.06),novel
1125,HLA-DMA,OPC_GABA_like_tumor,IDH_Mutant,tumor,0.0,0.0,0.0,0.0,,,0.0,0.0,0.0,0.0,,0.0,2.0,0.0,0.0,0.0,0.0,0.0,0.0,,0.0,0.0,0.0,0.0,,8,1,0,1,3,6741,14114,1658,11741,1658,0,0.0,1,0,,,,,0,0.18104964332603882,0.0539060804174727,cc_n_cells_e1=6.74e+03 (+0.24); cc_n_celltypes_total=3 (+0.05); deg_pooled_log2fc=nan (+0.03),novel
1126,HLA-DPA1,T cell,IDH_WT,T_cell,1.0,0.6387378387373901,0.6387378387373901,5.048767892887816,0.42,0.316,0.10399999999999998,1.0,0.0,0.0,0.6837834330624064,1.0,5.0,4.0,0.0,2.0,2.0,0.0064586265870979,0.0031475290013926347,0.0,1.0,1.0,4.0,4.0,0.0,14,1,0,1,5,2662,1463,1681,1118,1118,0,0.0,0,1,,,,,0,0.1809949564325254,0.05347192247143209,cc_edges_total=14 (+0.38); deg_pct_diff=0.104 (+0.28); cc_edges_e2=2 (+0.26),novel
1127,APOE,OPC_GABA_AC_like_tumor,IDH_WT,tumor,1.0,-2.668709091510955,2.668709091510955,20.1000560887845,0.216,0.584,-0.368,-1.0,1.0,1.0,-2.253725601633628,1.0,6.0,3.0,0.0,0.0,3.0,0.122364695000407,0.10778539957778387,0.0,1.0,2.0,3.0,3.0,-1.0,36,1,0,1,7,6202,1012,5384,171,171,0,1.0,0,1,2.0,TAM_microglia,myeloid_bridge,TAM lipid program (pathway-level),0,0.18047872930292205,0.0750523400565529,cc_n_partners=2 (+0.76); cc_n_cells_e1=6.2e+03 (+0.25); deg_n_celltypes_sig=6 (+0.10),"literature gene, other compartment"
1128,CNTN1,T cell,IDH_Mutant,T_cell,0.0,0.0,0.0,0.0,,,0.0,0.0,0.0,0.0,,0.0,2.0,0.0,0.0,0.0,0.0,0.0,0.0,,0.0,0.0,0.0,0.0,,16,1,0,1,2,2662,1463,941,334,334,0,0.0,1,0,2.0,tumor,neuron_tumor,Synaptic adhesion (pathway-level),0,0.18043529381256487,0.041650848072572196,cc_edges_total=16 (+0.99); deg_pooled_log2fc=nan (+0.04); cc_n_celltypes_total=2 (+0.02),"literature gene, other compartment"
1129,MIF,T cell,IDH_WT,T_cell,0.0,0.0,0.0,0.0,,,0.0,0.0,0.0,0.0,,0.0,3.0,12.0,0.0,6.0,6.0,0.0339427181697322,0.01835433728957329,0.0,1.0,2.0,4.0,12.0,0.0,66,1,0,1,6,2662,1463,1681,1118,1118,0,0.0,0,0,1.0,tumor,myeloid_bridge,"Ghoochani et al., Oncotarget 2016",0,0.18034330885412034,0.049342523603428175,cc_n_partners=2 (+0.85); cc_edges_total=66 (+0.79); cc_edges_e2=6 (+0.21),"literature gene, other compartment"
1130,MDK,T cell,IDH_Mutant,T_cell,0.0,0.0,0.0,0.0,,,0.0,0.0,0.0,0.0,,0.0,1.0,0.0,0.0,0.0,0.0,0.0,0.0,,0.0,0.0,0.0,0.0,,28,1,0,1,1,2662,1463,941,334,334,0,0.0,1,0,,,,,0,0.1801701305260469,0.06562339400348154,cc_n_celltypes_total=1 (+0.17); deg_n_celltypes_sig=1 (+0.12); deg_pooled_log2fc=nan (+0.04),novel
1131,LGALS9,TAM1/TAM2/microglia,IDH_WT,TAM_microglia,1.0,0.3557137866024683,0.3557137866024683,9.642147284133971,0.29,0.215,0.07499999999999998,1.0,0.0,0.0,,0.0,1.0,13.0,0.0,13.0,0.0,0.0161731728416982,0.006557732812207392,0.0,1.0,4.0,8.0,13.0,1.0,13,1,0,1,1,12086,25922,9696,2745,2745,0,1.0,0,1,2.0,"tumor,TAM_microglia",immune_synapse,HAVCR2 ligand (pathway-level),1,0.1801508525280754,0.05001817165902231,cc_edges_total=13 (+0.56); cc_n_partners=4 (+0.26); cc_n_cells_e1=1.21e+04 (+0.19),literature tier 2 (label)
1132,NLGN3,OPC_GABA_AC_like_tumor,IDH_Mutant,tumor,0.0,0.0,0.0,0.0,,,0.0,0.0,0.0,0.0,,0.0,2.0,0.0,0.0,0.0,0.0,0.0,0.0,,0.0,0.0,0.0,0.0,,6,0,1,1,1,6202,1012,352,742,352,0,0.0,1,0,1.0,tumor,neuron_tumor,"Venkatesh et al., Cell 2015; Venkatesh et al., Nature 2017",1,0.1800944242335127,0.039759218879413916,cc_n_cells_e1=6.2e+03 (+0.21); cc_n_cells_e2=1.01e+03 (+0.08); cc_n_celltypes_total=1 (+0.05),literature tier 1 (label)
1133,NLGN3,AC_like_tumor,IDH_Mutant,tumor,0.0,0.0,0.0,0.0,,,0.0,0.0,0.0,0.0,,0.0,2.0,0.0,0.0,0.0,0.0,0.0,0.0,,0.0,0.0,0.0,0.0,,6,0,1,1,1,72549,446,4249,283,283,0,0.0,1,0,1.0,tumor,neuron_tumor,"Venkatesh et al., Cell 2015; Venkatesh et al., Nature 2017",1,0.17984412629145374,0.03799763261611455,cc_n_cells_e1=7.25e+04 (+0.21); cc_n_cells_e2=446 (+0.08); cc_n_celltypes_total=1 (+0.05),literature tier 1 (label)
1134,DLL1,TAM1/TAM2/microglia,IDH_Mutant,TAM_microglia,0.0,0.0,0.0,0.0,,,0.0,0.0,0.0,0.0,,0.0,3.0,0.0,0.0,0.0,0.0,0.0,0.0,,0.0,0.0,0.0,0.0,,4,1,0,1,2,12086,25922,2106,21701,2106,0,0.0,1,0,,,,,0,0.17979331942945154,0.03779252477259058,cc_n_cells_e1=1.21e+04 (+0.25); deg_pooled_log2fc=nan (+0.05); cc_n_celltypes_total=2 (+0.03),novel
1135,AREG,OPC_GABA_like_tumor,IDH_WT,tumor,0.0,0.0,0.0,0.0,,,0.0,0.0,0.0,0.0,,0.0,2.0,0.0,0.0,0.0,0.0,0.0,0.0,,0.0,0.0,0.0,0.0,,7,1,0,1,1,6741,14114,5040,1935,1935,0,0.0,0,0,,,,,0,0.17966335680160156,0.050960203874722235,cc_n_cells_e1=6.74e+03 (+0.22); cc_n_celltypes_total=1 (+0.05); deg_pooled_log2fc=nan (+0.04),novel
1136,HLA-DQA1,TAM1/TAM2/microglia,IDH_Mutant,TAM_microglia,1.0,-1.915022739295755,1.915022739295755,297.651399886943,0.317,0.669,-0.35200000000000004,-1.0,0.0,0.0,-1.3917598014019477,1.0,2.0,4.0,0.0,2.0,2.0,0.0140740943328221,0.00499675499961522,0.0,1.0,1.0,0.0,4.0,0.0,4,1,0,1,1,12086,25922,2106,21701,2106,0,-0.0,1,1,,,,,0,0.1790784459923866,0.04115101042973368,cc_edges_e2=2 (+0.23); cc_n_cells_e1=1.21e+04 (+0.21); deg_neglog10_padj=298 (+0.07),novel
1137,DLL1,TAM1/TAM2/microglia,IDH_WT,TAM_microglia,0.0,0.0,0.0,0.0,,,0.0,0.0,0.0,0.0,,0.0,2.0,0.0,0.0,0.0,0.0,0.0,0.0,,0.0,0.0,0.0,0.0,,4,1,0,1,2,12086,25922,9696,2745,2745,0,0.0,0,0,,,,,0,0.17889954625927604,0.0338047196774647,cc_n_cells_e1=1.21e+04 (+0.25); deg_pooled_log2fc=nan (+0.05); cc_n_celltypes_total=2 (+0.03),novel
1138,AXL,OPC_GABA_like_tumor,IDH_WT,tumor,0.0,0.0,0.0,0.0,,,0.0,0.0,0.0,0.0,,0.0,0.0,0.0,0.0,0.0,0.0,0.0,0.0,,0.0,0.0,0.0,0.0,,1,0,1,1,1,6741,14114,5040,1935,1935,0,0.0,0,0,2.0,"TAM_microglia,tumor",myeloid_bridge,TAM receptor family (pathway-level),1,0.1788580729804575,0.04895590990004331,deg_n_celltypes_sig=0 (+0.49); cc_n_cells_e1=6.74e+03 (+0.18); cc_edges_total=1 (+0.09),literature tier 2 (label)
1139,CADM1,T cell,IDH_WT,T_cell,0.0,0.0,0.0,0.0,,,0.0,0.0,0.0,0.0,,0.0,1.0,0.0,0.0,0.0,0.0,0.0,0.0,,0.0,0.0,0.0,0.0,,32,1,1,1,3,2662,1463,1681,1118,1118,0,0.0,0,0,,,,,0,0.1788567937171643,0.05323869102601666,deg_n_celltypes_sig=1 (+0.12); cc_n_celltypes_total=3 (+0.03); deg_pooled_log2fc=nan (+0.03),novel
1140,AREG,OPC_GABA_like_tumor,IDH_Mutant,tumor,0.0,0.0,0.0,0.0,,,0.0,0.0,0.0,0.0,,0.0,2.0,0.0,0.0,0.0,0.0,0.0,0.0,,0.0,0.0,0.0,0.0,,7,1,0,1,1,6741,14114,1658,11741,1658,0,0.0,1,0,,,,,0,0.17795116755981605,0.05324930866978495,cc_n_cells_e1=6.74e+03 (+0.22); cc_n_celltypes_total=1 (+0.05); deg_pooled_log2fc=nan (+0.04),novel
1141,AXL,OPC_GABA_like_tumor,IDH_Mutant,tumor,0.0,0.0,0.0,0.0,,,0.0,0.0,0.0,0.0,,0.0,0.0,0.0,0.0,0.0,0.0,0.0,0.0,,0.0,0.0,0.0,0.0,,1,0,1,1,1,6741,14114,1658,11741,1658,0,0.0,1,0,2.0,"TAM_microglia,tumor",myeloid_bridge,TAM receptor family (pathway-level),1,0.17727022977940135,0.050094084610124164,deg_n_celltypes_sig=0 (+0.45); cc_n_cells_e1=6.74e+03 (+0.18); cc_edges_total=1 (+0.10),literature tier 2 (label)
1142,GRN,OPC_GABA_like_tumor,IDH_Mutant,tumor,1.0,-0.7791388283861211,0.7791388283861211,4.891738789273467,0.116,0.169,-0.053000000000000005,-1.0,0.0,0.0,-1.0374745400121972,1.0,3.0,0.0,0.0,0.0,0.0,0.0,0.0,,0.0,0.0,0.0,0.0,,3,1,0,1,2,6741,14114,1658,11741,1658,0,-0.0,1,0,,,,,0,0.17724552125717116,0.03045807814488419,cc_n_cells_e1=6.74e+03 (+0.23); cc_n_celltypes_total=2 (+0.03); deg_pct_e1=0.169 (+0.02),novel
1143,SLITRK2,T cell,IDH_Mutant,T_cell,0.0,0.0,0.0,0.0,,,0.0,0.0,0.0,0.0,,0.0,1.0,0.0,0.0,0.0,0.0,0.0,0.0,,0.0,0.0,0.0,0.0,,1,1,0,1,1,2662,1463,941,334,334,0,0.0,1,0,,,,,0,0.17696768529072965,0.0510180106898242,cc_n_celltypes_total=1 (+0.12); deg_n_celltypes_sig=1 (+0.11); deg_pooled_log2fc=nan (+0.06),novel
1144,PTPRC,OPC_GABA_like_tumor,IDH_WT,tumor,0.0,0.0,0.0,0.0,,,0.0,0.0,0.0,0.0,,0.0,3.0,0.0,0.0,0.0,0.0,0.0,0.0,,0.0,0.0,0.0,0.0,,8,1,1,2,2,6741,14114,5040,1935,1935,0,0.0,0,0,,,,,0,0.1768689873530198,0.041978539565468036,cc_n_cells_e1=6.74e+03 (+0.24); deg_pooled_log2fc=nan (+0.04); cc_n_celltypes_total=2 (+0.04),novel
1145,JAM3,TAM1/TAM2/microglia,IDH_WT,TAM_microglia,0.0,0.0,0.0,0.0,,,0.0,0.0,0.0,0.0,,0.0,3.0,0.0,0.0,0.0,0.0,0.0,0.0,,0.0,0.0,0.0,0.0,,3,1,1,1,1,12086,25922,9696,2745,2745,0,0.0,0,0,,,,,0,0.17619004070025446,0.07027299619982752,cc_n_cells_e1=1.21e+04 (+0.22); deg_pooled_log2fc=nan (+0.05); cc_n_celltypes_total=1 (+0.04),novel
1146,HLA-DQB1,cycling_tumor,IDH_WT,tumor,1.0,-6.823733393722145,6.823733393722145,31.39043150404676,0.011,0.215,-0.204,-1.0,1.0,1.0,-6.677965434719021,1.0,1.0,0.0,0.0,0.0,0.0,0.0,0.0,,0.0,0.0,0.0,0.0,,6,1,0,1,2,6410,814,5847,663,663,0,-0.0,0,0,,,,,0,0.17495404413902158,0.02348125319159203,cc_n_cells_e1=6.41e+03 (+0.20); cc_n_cells_e2=814 (+0.07); deg_n_celltypes_sig=1 (+0.06),novel
1147,PSAP,OPC_GABA_like_tumor,IDH_WT,tumor,0.0,0.0,0.0,0.0,,,0.0,0.0,0.0,0.0,,0.0,0.0,2.0,0.0,1.0,1.0,0.0022598039211921,0.0019001285955775999,0.0,1.0,1.0,0.0,2.0,0.0,9,1,0,1,5,6741,14114,5040,1935,1935,0,0.0,0,0,,,,,0,0.17441423179842883,0.06583225618060601,deg_n_celltypes_sig=0 (+0.31); cc_n_cells_e1=6.74e+03 (+0.22); deg_pooled_log2fc=nan (+0.04),novel
1148,GAS6,T cell,IDH_WT,T_cell,0.0,0.0,0.0,0.0,,,0.0,0.0,0.0,0.0,,0.0,1.0,0.0,0.0,0.0,0.0,0.0,0.0,,0.0,0.0,0.0,0.0,,2,1,0,1,1,2662,1463,1681,1118,1118,0,0.0,0,0,,,,,0,0.1741279689571687,0.05602251234526664,cc_n_celltypes_total=1 (+0.12); deg_n_celltypes_sig=1 (+0.12); deg_pooled_log2fc=nan (+0.06),novel
1149,HLA-DMB,cycling_tumor,IDH_Mutant,tumor,1.0,-5.173753514312838,5.173753514312838,2.713921114491697,0.022,0.226,-0.20400000000000001,-1.0,1.0,1.0,-6.1258997909701325,1.0,2.0,0.0,0.0,0.0,0.0,0.0,0.0,,0.0,0.0,0.0,0.0,,4,1,0,1,1,6410,814,270,136,136,0,-0.0,1,0,,,,,0,0.17372848774080127,0.04788593884328747,cc_n_cells_e1=6.41e+03 (+0.20); cc_n_cells_e2=814 (+0.07); cc_n_celltypes_total=1 (+0.06),novel
1150,TGFB1,TAM1/TAM2/microglia,IDH_Mutant,TAM_microglia,0.0,0.0,0.0,0.0,,,0.0,0.0,0.0,0.0,,0.0,1.0,4.0,0.0,2.0,2.0,0.0050238491740621,0.003124057670555575,0.0,1.0,1.0,0.0,4.0,0.0,4,1,0,1,1,12086,25922,2106,21701,2106,0,0.0,1,0,2.0,"tumor,TAM_microglia",immune_synapse,Immunosuppressive cytokine (pathway-level),1,0.17339444369186954,0.022382720813481232,cc_edges_e2=2 (+0.21); cc_n_cells_e1=1.21e+04 (+0.20); cc_max_prob=0.00502 (+0.08),literature tier 2 (label)
1151,SORT1,OPC_GABA_like_tumor,IDH_WT,tumor,1.0,-0.4897114363380846,0.4897114363380846,5.179604958279772,0.227,0.148,0.07900000000000001,-1.0,1.0,1.0,-1.2758171498785147,1.0,3.0,0.0,0.0,0.0,0.0,0.0,0.0,,0.0,0.0,0.0,0.0,,3,0,1,1,1,6741,14114,5040,1935,1935,0,-0.0,0,0,,,,,0,0.17282925471224136,0.049452203393506054,cc_n_cells_e1=6.74e+03 (+0.19); deg_pct_diff=0.079 (+0.08); cc_n_celltypes_total=1 (+0.04),novel
1152,ITGAV,T cell,IDH_Mutant,T_cell,0.0,0.0,0.0,0.0,,,0.0,0.0,0.0,0.0,,0.0,3.0,0.0,0.0,0.0,0.0,0.0,0.0,,0.0,0.0,0.0,0.0,,39,0,1,3,3,2662,1463,941,334,334,0,0.0,1,0,,,,,0,0.1727604719338038,0.03693546638805222,cc_is_ligand=0 (+0.08); cc_n_celltypes_total=3 (+0.03); deg_pooled_log2fc=nan (+0.02),novel
1153,HLA-E,OPC_GABA_like_tumor,IDH_Mutant,tumor,1.0,-3.530087658998165,3.530087658998165,300.0,0.051,0.417,-0.366,-1.0,0.0,0.0,-2.6572544460266494,1.0,4.0,0.0,0.0,0.0,0.0,0.0,0.0,,0.0,0.0,0.0,0.0,,6,1,0,1,4,6741,14114,1658,11741,1658,0,-0.0,1,0,,,,,0,0.17273433119331605,0.029110412491464097,cc_n_cells_e1=6.74e+03 (+0.23); deg_neglog10_padj=300 (+0.10); deg_n_celltypes_sig=4 (+0.07),novel
1154,APOE,OPC_GABA_AC_like_tumor,IDH_Mutant,tumor,1.0,-2.609371925660078,2.609371925660078,55.955528044708835,0.225,0.682,-0.4570000000000001,-1.0,1.0,1.0,-2.253725601633628,1.0,5.0,3.0,0.0,0.0,3.0,0.122364695000407,0.10778539957778387,0.0,1.0,2.0,3.0,3.0,-1.0,36,1,0,1,7,6202,1012,352,742,352,0,1.0,1,1,2.0,TAM_microglia,myeloid_bridge,TAM lipid program (pathway-level),0,0.17258814965025196,0.07495922630350103,cc_n_partners=2 (+0.77); cc_n_cells_e1=6.2e+03 (+0.25); deg_n_celltypes_sig=5 (+0.11),"literature gene, other compartment"
1155,PTPRC,OPC_GABA_like_tumor,IDH_Mutant,tumor,0.0,0.0,0.0,0.0,,,0.0,0.0,0.0,0.0,,0.0,2.0,0.0,0.0,0.0,0.0,0.0,0.0,,0.0,0.0,0.0,0.0,,8,1,1,2,2,6741,14114,1658,11741,1658,0,0.0,1,0,,,,,0,0.17106296561850948,0.04672776284678177,cc_n_cells_e1=6.74e+03 (+0.24); deg_pooled_log2fc=nan (+0.04); cc_n_celltypes_total=2 (+0.03),novel
1156,GRIA2,OPC_GABA_AC_like_tumor,IDH_WT,tumor,0.0,0.0,0.0,0.0,,,0.0,0.0,0.0,0.0,,0.0,2.0,0.0,0.0,0.0,0.0,0.0,0.0,,0.0,0.0,0.0,0.0,,12,0,1,1,3,6202,1012,5384,171,171,0,0.0,0,0,1.0,tumor,neuron_tumor,"Venkatesh et al., Nature 2019; Venkataramani et al., Nature 2019",1,0.17082171930556153,0.043972674380937854,cc_n_cells_e1=6.2e+03 (+0.25); cc_n_cells_e2=1.01e+03 (+0.08); cc_n_celltypes_total=3 (+0.07),literature tier 1 (label)
1157,C3,cycling_tumor,IDH_Mutant,tumor,1.0,-5.7893548254696,5.7893548254696,16.716723966679133,0.051,0.533,-0.48200000000000004,-1.0,1.0,1.0,-5.025493283963822,1.0,2.0,0.0,0.0,0.0,0.0,0.0,0.0,,0.0,0.0,0.0,0.0,,6,1,0,1,1,6410,814,270,136,136,0,-0.0,1,0,,,,,0,0.17079262432790002,0.020371641859148106,cc_n_cells_e1=6.41e+03 (+0.20); cc_n_cells_e2=814 (+0.07); cc_n_celltypes_total=1 (+0.06),novel
1158,TMIGD3,cycling_tumor,IDH_Mutant,tumor,1.0,-5.246512447110795,5.246512447110795,5.594656120336014,0.007,0.274,-0.267,-1.0,1.0,1.0,-5.307012678244631,1.0,2.0,0.0,0.0,0.0,0.0,0.0,0.0,,0.0,0.0,0.0,0.0,,3,0,1,1,2,6410,814,270,136,136,0,-0.0,1,0,,,,,0,0.17042824435197762,0.03217301436474391,cc_n_cells_e1=6.41e+03 (+0.20); cc_n_cells_e2=814 (+0.07); cc_n_celltypes_total=2 (+0.05),novel
1159,ITGAV,T cell,IDH_WT,T_cell,0.0,0.0,0.0,0.0,,,0.0,0.0,0.0,0.0,,0.0,2.0,0.0,0.0,0.0,0.0,0.0,0.0,,0.0,0.0,0.0,0.0,,39,0,1,3,3,2662,1463,1681,1118,1118,0,0.0,0,0,,,,,0,0.1701636489406639,0.03611679749325218,cc_is_ligand=0 (+0.08); cc_n_celltypes_total=3 (+0.03); deg_pooled_log2fc=nan (+0.02),novel
1160,GRIA4,T cell,IDH_WT,T_cell,0.0,0.0,0.0,0.0,,,0.0,0.0,0.0,0.0,,0.0,2.0,0.0,0.0,0.0,0.0,0.0,0.0,,0.0,0.0,0.0,0.0,,15,0,1,1,4,2662,1463,1681,1118,1118,0,0.0,0,0,2.0,tumor,neuron_tumor,"AMPAR subunit family; Venkatesh et al., Nature 2019",0,0.16959394827866892,0.061662553039457176,cc_edges_total=15 (+0.95); cc_is_ligand=0 (+0.08); deg_pooled_log2fc=nan (+0.02),"literature gene, other compartment"
1161,HBEGF,OPC_GABA_like_tumor,IDH_WT,tumor,0.0,0.0,0.0,0.0,,,0.0,0.0,0.0,0.0,,0.0,2.0,0.0,0.0,0.0,0.0,0.0,0.0,,0.0,0.0,0.0,0.0,,7,1,0,1,1,6741,14114,5040,1935,1935,0,0.0,0,0,,,,,0,0.16948620772152198,0.049774178827296504,cc_n_cells_e1=6.74e+03 (+0.22); cc_n_celltypes_total=1 (+0.05); deg_pooled_log2fc=nan (+0.04),novel
1162,TMIGD3,cycling_tumor,IDH_WT,tumor,1.0,-5.366153677704372,5.366153677704372,26.88427138261898,0.018,0.204,-0.186,-1.0,1.0,1.0,-5.307012678244631,1.0,2.0,0.0,0.0,0.0,0.0,0.0,0.0,,0.0,0.0,0.0,0.0,,3,0,1,1,2,6410,814,5847,663,663,0,-0.0,0,0,,,,,0,0.16900553232412938,0.03256262248171549,cc_n_cells_e1=6.41e+03 (+0.20); cc_n_cells_e2=814 (+0.07); cc_n_celltypes_total=2 (+0.04),novel
1163,ANXA1,cycling_tumor,IDH_WT,tumor,1.0,-3.9272321735779694,3.9272321735779694,50.643246931574936,0.056,0.353,-0.297,-1.0,0.0,0.0,-4.111965521490045,1.0,4.0,2.0,0.0,0.0,2.0,0.005857065867727,0.00517192095952055,0.0,1.0,1.0,2.0,2.0,-1.0,10,1,0,1,4,6410,814,5847,663,663,0,1.0,0,1,,,,,0,0.16717421232975244,0.06597872214251979,cc_n_cells_e1=6.41e+03 (+0.23); deg_n_celltypes_sig=4 (+0.06); cc_n_cells_e2=814 (+0.06),novel
1164,MERTK,T cell,IDH_Mutant,T_cell,0.0,0.0,0.0,0.0,,,0.0,0.0,0.0,0.0,,0.0,2.0,0.0,0.0,0.0,0.0,0.0,0.0,,0.0,0.0,0.0,0.0,,1,0,1,1,1,2662,1463,941,334,334,0,0.0,1,0,,,,,0,0.16678234341243112,0.05358256817545545,cc_n_celltypes_total=1 (+0.12); cc_is_ligand=0 (+0.08); deg_pooled_log2fc=nan (+0.05),novel
1165,HLA-DQB1,TAM1/TAM2/microglia,IDH_Mutant,TAM_microglia,1.0,-1.6316148284320091,1.6316148284320091,134.0464141805525,0.475,0.681,-0.20600000000000007,-1.0,0.0,0.0,-1.3977999715061902,1.0,2.0,4.0,0.0,2.0,2.0,0.018298993149735,0.00788969711259746,0.0,1.0,1.0,0.0,4.0,0.0,6,1,0,1,2,12086,25922,2106,21701,2106,0,-0.0,1,1,,,,,0,0.16637326611153097,0.05843705156000025,cc_edges_e2=2 (+0.26); cc_n_cells_e1=1.21e+04 (+0.23); cc_n_celltypes_total=2 (+0.05),novel
1166,PILRB,TAM1/TAM2/microglia,IDH_WT,TAM_microglia,0.0,0.0,0.0,0.0,,,0.0,0.0,0.0,0.0,,0.0,2.0,0.0,0.0,0.0,0.0,0.0,0.0,,0.0,0.0,0.0,0.0,,7,0,1,1,1,12086,25922,9696,2745,2745,0,0.0,0,0,,,,,0,0.16610421638237755,0.03967453112130355,cc_n_cells_e1=1.21e+04 (+0.21); deg_pooled_log2fc=nan (+0.04); cc_n_celltypes_total=1 (+0.04),novel
1167,TGFB1,OPC_GABA_like_tumor,IDH_Mutant,tumor,0.0,0.0,0.0,0.0,,,0.0,0.0,0.0,0.0,,0.0,1.0,0.0,0.0,0.0,0.0,0.0,0.0,,0.0,0.0,0.0,0.0,,4,1,0,1,1,6741,14114,1658,11741,1658,0,0.0,1,0,2.0,"tumor,TAM_microglia",immune_synapse,Immunosuppressive cytokine (pathway-level),1,0.1658656131463719,0.026979300096563345,cc_n_cells_e1=6.74e+03 (+0.20); deg_pooled_log2fc=nan (+0.05); cc_n_celltypes_total=1 (+0.05),literature tier 2 (label)
1168,CDH2,T cell,IDH_Mutant,T_cell,0.0,0.0,0.0,0.0,,,0.0,0.0,0.0,0.0,,0.0,1.0,0.0,0.0,0.0,0.0,0.0,0.0,,0.0,0.0,0.0,0.0,,32,1,1,1,3,2662,1463,941,334,334,0,0.0,1,0,,,,,0,0.16525883486143847,0.05340901882990473,deg_n_celltypes_sig=1 (+0.12); cc_n_celltypes_total=3 (+0.03); deg_pooled_log2fc=nan (+0.03),novel
1169,COL9A1,T cell,IDH_Mutant,T_cell,0.0,0.0,0.0,0.0,,,0.0,0.0,0.0,0.0,,0.0,0.0,0.0,0.0,0.0,0.0,0.0,0.0,,0.0,0.0,0.0,0.0,,5,1,0,1,1,2662,1463,941,334,334,0,0.0,1,0,,,,,0,0.16514443309777965,0.0677438043042087,deg_n_celltypes_sig=0 (+0.39); cc_n_celltypes_total=1 (+0.12); deg_pooled_log2fc=nan (+0.05),novel
1170,NLGN3,OPC_GABA_like_tumor,IDH_WT,tumor,1.0,0.9871474974152122,0.9871474974152122,112.99767565638146,0.315,0.085,0.22999999999999998,1.0,1.0,1.0,0.735934578812126,1.0,2.0,0.0,0.0,0.0,0.0,0.0,0.0,,0.0,0.0,0.0,0.0,,6,0,1,1,1,6741,14114,5040,1935,1935,0,0.0,0,0,1.0,tumor,neuron_tumor,"Venkatesh et al., Cell 2015; Venkatesh et al., Nature 2017",1,0.16448428774112048,0.024578629435412662,deg_pooled_log2fc=0.736 (+0.24); cc_n_cells_e1=6.74e+03 (+0.19); deg_pct_diff=0.23 (+0.18),literature tier 1 (label)
1171,PTPRD,T cell,IDH_Mutant,T_cell,0.0,0.0,0.0,0.0,,,0.0,0.0,0.0,0.0,,0.0,1.0,0.0,0.0,0.0,0.0,0.0,0.0,,0.0,0.0,0.0,0.0,,1,0,1,1,1,2662,1463,941,334,334,0,0.0,1,0,,,,,0,0.16391823509132467,0.04552231198017861,cc_n_celltypes_total=1 (+0.12); deg_n_celltypes_sig=1 (+0.11); cc_is_ligand=0 (+0.08),novel
1172,CDH2,T cell,IDH_WT,T_cell,0.0,0.0,0.0,0.0,,,0.0,0.0,0.0,0.0,,0.0,1.0,0.0,0.0,0.0,0.0,0.0,0.0,,0.0,0.0,0.0,0.0,,32,1,1,1,3,2662,1463,1681,1118,1118,0,0.0,0,0,,,,,0,0.16230915965750461,0.05241260628314429,deg_n_celltypes_sig=1 (+0.12); cc_n_celltypes_total=3 (+0.03); deg_pooled_log2fc=nan (+0.03),novel
1173,HLA-E,cycling_tumor,IDH_WT,tumor,1.0,-2.98578670334208,2.98578670334208,11.220255953942393,0.164,0.276,-0.11200000000000002,-1.0,1.0,1.0,-3.141242191234189,1.0,3.0,1.0,0.0,0.0,1.0,0.0040438839943757,0.0040438839943757,0.0,1.0,1.0,0.0,1.0,-1.0,6,1,0,1,4,6410,814,5847,663,663,0,1.0,0,1,,,,,0,0.16207870509683878,0.05680837681873146,cc_n_cells_e1=6.41e+03 (+0.22); cc_n_cells_e2=814 (+0.06); cc_max_prob=0.00404 (+0.06),novel
1174,SORL1,T cell,IDH_Mutant,T_cell,0.0,0.0,0.0,0.0,,,0.0,0.0,0.0,0.0,,0.0,3.0,0.0,0.0,0.0,0.0,0.0,0.0,,0.0,0.0,0.0,0.0,,14,0,1,1,1,2662,1463,941,334,334,0,0.0,1,0,,,,,0,0.1614463346154038,0.04712135009249497,cc_edges_total=14 (+0.53); cc_n_celltypes_total=1 (+0.17); cc_is_ligand=0 (+0.08),novel
1175,ITGB1,T cell,IDH_Mutant,T_cell,0.0,0.0,0.0,0.0,,,0.0,0.0,0.0,0.0,,0.0,1.0,0.0,0.0,0.0,0.0,0.0,0.0,,0.0,0.0,0.0,0.0,,36,0,1,2,3,2662,1463,941,334,334,0,0.0,1,0,,,,,0,0.16113949165937588,0.06861343556003657,deg_n_celltypes_sig=1 (+0.12); cc_is_ligand=0 (+0.08); cc_n_celltypes_total=3 (+0.03),novel
1176,NRXN2,TAM1/TAM2/microglia,IDH_Mutant,TAM_microglia,0.0,0.0,0.0,0.0,,,0.0,0.0,0.0,0.0,,0.0,3.0,0.0,0.0,0.0,0.0,0.0,0.0,,0.0,0.0,0.0,0.0,,10,1,0,1,1,12086,25922,2106,21701,2106,0,0.0,1,0,,,,,0,0.15990936735641706,0.018252034162112435,cc_n_cells_e1=1.21e+04 (+0.22); deg_pooled_log2fc=nan (+0.04); cc_n_celltypes_total=1 (+0.04),novel
1177,ANXA1,OPC_GABA_AC_like_tumor,IDH_WT,tumor,1.0,-3.3981163625903408,3.3981163625903408,3.7126320094508953,0.029,0.21,-0.181,-1.0,0.0,0.0,-5.405165505232273,1.0,4.0,0.0,0.0,0.0,0.0,0.0,0.0,,0.0,0.0,0.0,0.0,,10,1,0,1,4,6202,1012,5384,171,171,0,-0.0,0,0,,,,,0,0.15976622880290825,0.0313944194488339,cc_n_cells_e1=6.2e+03 (+0.24); cc_n_cells_e2=1.01e+03 (+0.07); deg_n_celltypes_sig=4 (+0.06),novel
1178,GRN,TAM1/TAM2/microglia,IDH_Mutant,TAM_microglia,1.0,-0.2640489282341633,0.2640489282341633,7.9801390891202555,0.586,0.643,-0.05700000000000005,-1.0,0.0,0.0,-0.2677956716570902,1.0,3.0,2.0,0.0,1.0,1.0,0.005960292884092,0.00594661701763135,0.0,1.0,1.0,2.0,2.0,0.0,3,1,0,1,2,12086,25922,2106,21701,2106,0,-0.0,1,1,,,,,0,0.15922285376716927,0.05859176669290089,cc_n_cells_e1=1.21e+04 (+0.24); cc_n_celltypes_total=2 (+0.03); deg_pct_e2=0.586 (+0.03),novel
1179,CLEC2D,AC_like_tumor,IDH_Mutant,tumor,0.0,0.0,0.0,0.0,,,0.0,0.0,0.0,0.0,,0.0,1.0,0.0,0.0,0.0,0.0,0.0,0.0,,0.0,0.0,0.0,0.0,,2,1,0,1,1,72549,446,4249,283,283,0,0.0,1,0,1.0,"tumor,TAM_microglia",immune_synapse,"Mathewson et al., Cell 2021",1,0.15912471216322416,0.026148940732365795,cc_n_cells_e1=7.25e+04 (+0.19); cc_n_cells_e2=446 (+0.08); deg_pooled_log2fc=nan (+0.06),literature tier 1 (label)
1180,SORL1,T cell,IDH_WT,T_cell,0.0,0.0,0.0,0.0,,,0.0,0.0,0.0,0.0,,0.0,3.0,0.0,0.0,0.0,0.0,0.0,0.0,,0.0,0.0,0.0,0.0,,14,0,1,1,1,2662,1463,1681,1118,1118,0,0.0,0,0,,,,,0,0.15890447977022343,0.04786249153255059,cc_edges_total=14 (+0.53); cc_n_celltypes_total=1 (+0.17); cc_is_ligand=0 (+0.08),novel
1181,AXL,TAM1/TAM2/microglia,IDH_WT,TAM_microglia,0.0,0.0,0.0,0.0,,,0.0,0.0,0.0,0.0,,0.0,0.0,0.0,1.0,1.0,0.0,0.0038266213753899,0.0038266213753899,0.0,1.0,1.0,0.0,1.0,1.0,1,0,1,1,1,12086,25922,9696,2745,2745,0,0.0,0,0,2.0,"TAM_microglia,tumor",myeloid_bridge,TAM receptor family (pathway-level),1,0.15867863995622308,0.03644526317191067,deg_n_celltypes_sig=0 (+0.49); cc_n_cells_e1=1.21e+04 (+0.18); cc_edges_total=1 (+0.10),literature tier 2 (label)
1182,CLEC2D,OPC_GABA_AC_like_tumor,IDH_Mutant,tumor,0.0,0.0,0.0,0.0,,,0.0,0.0,0.0,0.0,,0.0,1.0,0.0,0.0,0.0,0.0,0.0,0.0,,0.0,0.0,0.0,0.0,,2,1,0,1,1,6202,1012,352,742,352,0,0.0,1,0,1.0,"tumor,TAM_microglia",immune_synapse,"Mathewson et al., Cell 2021",1,0.15861162519074687,0.026101649089419563,cc_n_cells_e1=6.2e+03 (+0.20); cc_n_cells_e2=1.01e+03 (+0.08); deg_pooled_log2fc=nan (+0.06),literature tier 1 (label)
1183,HLA-DQB1,cycling_tumor,IDH_Mutant,tumor,1.0,-6.389090176778849,6.389090176778849,8.159306206834312,0.029,0.356,-0.32699999999999996,-1.0,1.0,1.0,-6.677965434719021,1.0,2.0,0.0,0.0,0.0,0.0,0.0,0.0,,0.0,0.0,0.0,0.0,,6,1,0,1,2,6410,814,270,136,136,0,-0.0,1,0,,,,,0,0.158342614834526,0.0273783816020576,cc_n_cells_e1=6.41e+03 (+0.22); cc_n_cells_e2=814 (+0.07); cc_n_celltypes_total=2 (+0.05),novel
1184,PSAP,OPC_GABA_AC_like_tumor,IDH_Mutant,tumor,0.0,0.0,0.0,0.0,,,0.0,0.0,0.0,0.0,,0.0,3.0,0.0,0.0,0.0,0.0,0.0,0.0,,0.0,0.0,0.0,0.0,,9,1,0,1,5,6202,1012,352,742,352,0,0.0,1,0,,,,,0,0.15778806036132725,0.06607591492414382,cc_n_cells_e1=6.2e+03 (+0.25); cc_n_cells_e2=1.01e+03 (+0.06); deg_pooled_log2fc=nan (+0.04),novel
1185,CLEC2D,cycling_tumor,IDH_Mutant,tumor,0.0,0.0,0.0,0.0,,,0.0,0.0,0.0,0.0,,0.0,1.0,0.0,0.0,0.0,0.0,0.0,0.0,,0.0,0.0,0.0,0.0,,2,1,0,1,1,6410,814,270,136,136,0,0.0,1,0,1.0,"tumor,TAM_microglia",immune_synapse,"Mathewson et al., Cell 2021",1,0.15752949725434556,0.027912966698412724,cc_n_cells_e1=6.41e+03 (+0.19); cc_n_cells_e2=814 (+0.08); deg_pooled_log2fc=nan (+0.06),literature tier 1 (label)
1186,HLA-DRB5,T cell,IDH_Mutant,T_cell,1.0,0.967642772811686,0.967642772811686,1.4481237247366432,0.186,0.085,0.10099999999999999,1.0,0.0,0.0,0.7803796499122759,1.0,3.0,0.0,0.0,0.0,0.0,0.0,0.0,,0.0,0.0,0.0,0.0,,4,1,0,1,1,2662,1463,941,334,334,0,0.0,1,0,,,,,0,0.15733918726129545,0.0503848808986154,deg_pct_diff=0.101 (+0.19); deg_log2fc=0.968 (+0.14); deg_pooled_log2fc=0.78 (+0.13),novel
1187,TGFB1,cycling_tumor,IDH_Mutant,tumor,1.0,-6.31110728427774,6.31110728427774,3.389996469301425,0.015,0.23,-0.21500000000000002,-1.0,0.0,0.0,,0.0,1.0,0.0,0.0,0.0,0.0,0.0,0.0,,0.0,0.0,0.0,0.0,,4,1,0,1,1,6410,814,270,136,136,0,-0.0,1,0,2.0,"tumor,TAM_microglia",immune_synapse,Immunosuppressive cytokine (pathway-level),1,0.15649968893221122,0.02477497760083053,cc_n_cells_e1=6.41e+03 (+0.18); cc_n_cells_e2=814 (+0.07); deg_pooled_log2fc=nan (+0.06),literature tier 2 (label)
1188,DAG1,T cell,IDH_WT,T_cell,0.0,0.0,0.0,0.0,,,0.0,0.0,0.0,0.0,,0.0,1.0,0.0,0.0,0.0,0.0,0.0,0.0,,0.0,0.0,0.0,0.0,,6,0,1,1,1,2662,1463,1681,1118,1118,0,0.0,0,0,,,,,0,0.1552882000501799,0.05145964207424026,deg_n_celltypes_sig=1 (+0.13); cc_n_celltypes_total=1 (+0.12); cc_is_ligand=0 (+0.08),novel
1189,AXL,TAM1/TAM2/microglia,IDH_Mutant,TAM_microglia,0.0,0.0,0.0,0.0,,,0.0,0.0,0.0,0.0,,0.0,0.0,0.0,1.0,1.0,0.0,0.0038266213753899,0.0038266213753899,0.0,1.0,1.0,0.0,1.0,1.0,1,0,1,1,1,12086,25922,2106,21701,2106,0,0.0,1,0,2.0,"TAM_microglia,tumor",myeloid_bridge,TAM receptor family (pathway-level),1,0.15515511051881786,0.037081233669180584,deg_n_celltypes_sig=0 (+0.45); cc_n_cells_e1=1.21e+04 (+0.18); cc_edges_total=1 (+0.10),literature tier 2 (label)
1190,HLA-DPA1,T cell,IDH_Mutant,T_cell,0.0,0.0,0.0,0.0,,,0.0,0.0,0.0,0.0,,0.0,4.0,4.0,0.0,2.0,2.0,0.0064586265870979,0.0031475290013926347,0.0,1.0,1.0,4.0,4.0,0.0,14,1,0,1,5,2662,1463,941,334,334,0,0.0,1,0,,,,,0,0.1547869079984699,0.07086296030650252,cc_edges_total=14 (+0.41); cc_edges_e2=2 (+0.24); deg_n_celltypes_sig=4 (+0.10),novel
1191,HLA-E,cycling_tumor,IDH_Mutant,tumor,1.0,-5.300401047119455,5.300401047119455,18.74604355532581,0.066,0.578,-0.512,-1.0,1.0,1.0,-3.141242191234189,1.0,4.0,1.0,0.0,0.0,1.0,0.0040438839943757,0.0040438839943757,0.0,1.0,1.0,0.0,1.0,-1.0,6,1,0,1,4,6410,814,270,136,136,0,1.0,1,1,,,,,0,0.15265159780576446,0.0501042585197395,cc_n_cells_e1=6.41e+03 (+0.24); cc_n_cells_e2=814 (+0.06); cc_max_prob=0.00404 (+0.06),novel
1192,LRRTM3,T cell,IDH_Mutant,T_cell,0.0,0.0,0.0,0.0,,,0.0,0.0,0.0,0.0,,0.0,1.0,0.0,0.0,0.0,0.0,0.0,0.0,,0.0,0.0,0.0,0.0,,6,0,1,1,1,2662,1463,941,334,334,0,0.0,1,0,,,,,0,0.15106473292275302,0.0480363457990638,deg_n_celltypes_sig=1 (+0.13); cc_n_celltypes_total=1 (+0.12); cc_is_ligand=0 (+0.08),novel
1193,NLGN3,OPC_GABA_like_tumor,IDH_Mutant,tumor,1.0,0.7668658050127499,0.7668658050127499,7.131321079464726,0.192,0.125,0.067,1.0,1.0,1.0,0.735934578812126,1.0,2.0,0.0,0.0,0.0,0.0,0.0,0.0,,0.0,0.0,0.0,0.0,,6,0,1,1,1,6741,14114,1658,11741,1658,0,0.0,1,0,1.0,tumor,neuron_tumor,"Venkatesh et al., Cell 2015; Venkatesh et al., Nature 2017",1,0.1499528670271916,0.02609230456574073,deg_pooled_log2fc=0.736 (+0.24); cc_n_cells_e1=6.74e+03 (+0.19); deg_pct_e1=0.125 (+0.12),literature tier 1 (label)
1194,GRN,cycling_tumor,IDH_Mutant,tumor,1.0,-3.3390010043527902,3.3390010043527902,2.1072722592230684,0.132,0.341,-0.20900000000000002,-1.0,1.0,1.0,-0.8381617394508267,1.0,3.0,1.0,0.0,1.0,0.0,0.0010429007073132,0.0010429007073132,0.0,1.0,1.0,0.0,1.0,1.0,3,1,0,1,2,6410,814,270,136,136,0,-1.0,1,1,,,,,0,0.14982776308194262,0.027408692629964763,cc_n_cells_e1=6.41e+03 (+0.23); cc_n_cells_e2=814 (+0.06); cc_n_celltypes_total=2 (+0.04),novel
1195,SORT1,OPC_GABA_like_tumor,IDH_Mutant,tumor,1.0,-1.013349127742366,1.013349127742366,14.98635608123007,0.084,0.154,-0.06999999999999999,-1.0,1.0,1.0,-1.2758171498785147,1.0,2.0,0.0,0.0,0.0,0.0,0.0,0.0,,0.0,0.0,0.0,0.0,,3,0,1,1,1,6741,14114,1658,11741,1658,0,-0.0,1,0,,,,,0,0.14835619574049458,0.04004677766759216,cc_n_cells_e1=6.74e+03 (+0.18); cc_n_celltypes_total=1 (+0.05); cc_is_ligand=0 (+0.04),novel
1196,HLA-DMA,cycling_tumor,IDH_WT,tumor,1.0,-6.038030044164264,6.038030044164264,38.419143754899444,0.024,0.263,-0.23900000000000002,-1.0,1.0,1.0,-5.239708435940198,1.0,1.0,2.0,0.0,0.0,2.0,0.0032317829215343,0.0017512198751586294,0.0,1.0,1.0,2.0,2.0,-1.0,8,1,0,1,3,6410,814,5847,663,663,0,1.0,0,1,,,,,0,0.14823772785990658,0.032267676725536716,cc_n_cells_e1=6.41e+03 (+0.20); cc_n_cells_e2=814 (+0.06); cc_n_celltypes_total=3 (+0.06),novel
1197,PILRB,T cell,IDH_Mutant,T_cell,0.0,0.0,0.0,0.0,,,0.0,0.0,0.0,0.0,,0.0,0.0,0.0,0.0,0.0,0.0,0.0,0.0,,0.0,0.0,0.0,0.0,,7,0,1,1,1,2662,1463,941,334,334,0,0.0,1,0,,,,,0,0.14821020993350795,0.06128857593908365,deg_n_celltypes_sig=0 (+0.37); cc_n_celltypes_total=1 (+0.12); cc_is_ligand=0 (+0.08),novel
1198,LAIR1,T cell,IDH_Mutant,T_cell,0.0,0.0,0.0,0.0,,,0.0,0.0,0.0,0.0,,0.0,1.0,0.0,0.0,0.0,0.0,0.0,0.0,,0.0,0.0,0.0,0.0,,4,1,0,1,1,2662,1463,941,334,334,0,0.0,1,0,,,,,0,0.14817887520072343,0.037662808377283315,deg_n_celltypes_sig=1 (+0.12); cc_n_celltypes_total=1 (+0.12); deg_pooled_log2fc=nan (+0.05),novel
1199,PCDHGA10,T cell,IDH_Mutant,T_cell,0.0,0.0,0.0,0.0,,,0.0,0.0,0.0,0.0,,0.0,1.0,0.0,0.0,0.0,0.0,0.0,0.0,,0.0,0.0,0.0,0.0,,2,1,1,1,1,2662,1463,941,334,334,0,0.0,1,0,,,,,0,0.14638889121255033,0.046794899996547436,cc_n_celltypes_total=1 (+0.12); deg_n_celltypes_sig=1 (+0.12); deg_pooled_log2fc=nan (+0.06),novel
1200,PSAP,AC_like_tumor,IDH_Mutant,tumor,0.0,0.0,0.0,0.0,,,0.0,0.0,0.0,0.0,,0.0,3.0,2.0,0.0,1.0,1.0,0.0021302161985696,0.0018567956874288999,0.0,1.0,1.0,0.0,2.0,0.0,9,1,0,1,5,72549,446,4249,283,283,0,0.0,1,0,,,,,0,0.14628633832330537,0.0654139826099244,cc_n_cells_e1=7.25e+04 (+0.25); cc_n_cells_e2=446 (+0.05); deg_pooled_log2fc=nan (+0.04),novel
1201,HLA-DQA1,cycling_tumor,IDH_WT,tumor,1.0,-4.746705362321017,4.746705362321017,15.829126599692925,0.011,0.137,-0.126,-1.0,0.0,0.0,-4.588889315734522,1.0,2.0,0.0,0.0,0.0,0.0,0.0,0.0,,0.0,0.0,0.0,0.0,,4,1,0,1,1,6410,814,5847,663,663,0,-0.0,0,0,,,,,0,0.14594044685344518,0.038052728181729036,cc_n_cells_e1=6.41e+03 (+0.20); cc_n_cells_e2=814 (+0.07); cc_n_celltypes_total=1 (+0.06),novel
1202,HLA-DRA,T cell,IDH_Mutant,T_cell,0.0,0.0,0.0,0.0,,,0.0,0.0,0.0,0.0,,0.0,5.0,4.0,0.0,2.0,2.0,0.0155067311054044,0.005776417214999927,0.0,1.0,1.0,4.0,4.0,0.0,20,1,0,1,7,2662,1463,941,334,334,0,0.0,1,0,2.0,TAM_microglia,immune_synapse,MHC-II antigen presentation (pathway-level),0,0.1450836265387881,0.05296104703171948,cc_edges_total=20 (+0.70); cc_edges_e2=2 (+0.22); deg_n_celltypes_sig=5 (+0.11),"literature gene, other compartment"
1203,LAIR1,T cell,IDH_WT,T_cell,0.0,0.0,0.0,0.0,,,0.0,0.0,0.0,0.0,,0.0,1.0,0.0,0.0,0.0,0.0,0.0,0.0,,0.0,0.0,0.0,0.0,,4,1,0,1,1,2662,1463,1681,1118,1118,0,0.0,0,0,,,,,0,0.1450430070681412,0.03684489864735771,deg_n_celltypes_sig=1 (+0.12); cc_n_celltypes_total=1 (+0.12); deg_pooled_log2fc=nan (+0.05),novel
1204,PILRA,T cell,IDH_Mutant,T_cell,0.0,0.0,0.0,0.0,,,0.0,0.0,0.0,0.0,,0.0,1.0,0.0,0.0,0.0,0.0,0.0,0.0,,0.0,0.0,0.0,0.0,,7,0,1,1,1,2662,1463,941,334,334,0,0.0,1,0,,,,,0,0.1445839347175981,0.024216821296690002,deg_n_celltypes_sig=1 (+0.13); cc_n_celltypes_total=1 (+0.12); cc_is_ligand=0 (+0.08),novel
1205,NLGN3,TAM1/TAM2/microglia,IDH_WT,TAM_microglia,0.0,0.0,0.0,0.0,,,0.0,0.0,0.0,0.0,,0.0,2.0,0.0,0.0,0.0,0.0,0.0,0.0,,0.0,0.0,0.0,0.0,,6,0,1,1,1,12086,25922,9696,2745,2745,0,0.0,0,0,1.0,tumor,neuron_tumor,"Venkatesh et al., Cell 2015; Venkatesh et al., Nature 2017",0,0.14365981883601536,0.040148930035460585,cc_n_cells_e1=1.21e+04 (+0.21); deg_pooled_log2fc=nan (+0.04); cc_n_celltypes_total=1 (+0.04),"literature gene, other compartment"
1206,PTGES3,T cell,IDH_Mutant,T_cell,0.0,0.0,0.0,0.0,,,0.0,0.0,0.0,0.0,,0.0,0.0,2.0,0.0,1.0,1.0,0.0036836510154045,0.00361958430436245,0.0,1.0,1.0,2.0,2.0,0.0,13,1,0,1,7,2662,1463,941,334,334,0,0.0,1,0,,,,,0,0.14311796476277133,0.028103940225994377,cc_edges_total=13 (+0.33); deg_n_celltypes_sig=0 (+0.30); deg_pooled_log2fc=nan (+0.04),novel
1207,TGFBR2,T cell,IDH_WT,T_cell,0.0,0.0,0.0,0.0,,,0.0,0.0,0.0,0.0,,0.0,1.0,0.0,0.0,0.0,0.0,0.0,0.0,,0.0,0.0,0.0,0.0,,4,0,1,1,1,2662,1463,1681,1118,1118,0,0.0,0,0,,,,,0,0.14276927000495387,0.04231566354789587,cc_n_celltypes_total=1 (+0.12); deg_n_celltypes_sig=1 (+0.12); cc_is_ligand=0 (+0.08),novel
1208,P4HB,T cell,IDH_Mutant,T_cell,0.0,0.0,0.0,0.0,,,0.0,0.0,0.0,0.0,,0.0,0.0,0.0,0.0,0.0,0.0,0.0,0.0,,0.0,0.0,0.0,0.0,,5,0,1,1,3,2662,1463,941,334,334,0,0.0,1,0,,,,,0,0.14225525788492238,0.0708851522724477,deg_n_celltypes_sig=0 (+0.38); cc_is_ligand=0 (+0.08); deg_pooled_log2fc=nan (+0.03),novel
1209,GRIA2,TAM1/TAM2/microglia,IDH_Mutant,TAM_microglia,0.0,0.0,0.0,0.0,,,0.0,0.0,0.0,0.0,,0.0,4.0,0.0,0.0,0.0,0.0,0.0,0.0,,0.0,0.0,0.0,0.0,,12,0,1,1,3,12086,25922,2106,21701,2106,0,0.0,1,0,1.0,tumor,neuron_tumor,"Venkatesh et al., Nature 2019; Venkataramani et al., Nature 2019",0,0.14191125301269936,0.023174932883562184,cc_n_cells_e1=1.21e+04 (+0.25); deg_n_celltypes_sig=4 (+0.17); cc_n_celltypes_total=3 (+0.05),"literature gene, other compartment"
1210,PTPRC,cycling_tumor,IDH_WT,tumor,1.0,-5.81135211004621,5.81135211004621,12.986010701771058,0.008,0.116,-0.10800000000000001,-1.0,1.0,1.0,-5.434248611522105,1.0,3.0,0.0,0.0,0.0,0.0,0.0,0.0,,0.0,0.0,0.0,0.0,,8,1,1,2,2,6410,814,5847,663,663,0,-0.0,0,0,,,,,0,0.14187130851941596,0.03780167070283375,cc_n_cells_e1=6.41e+03 (+0.22); deg_pct_e1=0.116 (+0.08); cc_n_cells_e2=814 (+0.07),novel
1211,CLDN11,T cell,IDH_WT,T_cell,0.0,0.0,0.0,0.0,,,0.0,0.0,0.0,0.0,,0.0,2.0,0.0,0.0,0.0,0.0,0.0,0.0,,0.0,0.0,0.0,0.0,,2,1,1,1,1,2662,1463,1681,1118,1118,0,0.0,0,0,,,,,0,0.13988992903583888,0.03570521614361884,cc_n_celltypes_total=1 (+0.12); deg_pooled_log2fc=nan (+0.06); cc_edges_total=2 (+0.03),novel
1212,CADM1,T cell,IDH_Mutant,T_cell,0.0,0.0,0.0,0.0,,,0.0,0.0,0.0,0.0,,0.0,2.0,0.0,0.0,0.0,0.0,0.0,0.0,,0.0,0.0,0.0,0.0,,32,1,1,1,3,2662,1463,941,334,334,0,0.0,1,0,,,,,0,0.13951131366446093,0.040544036412956605,cc_n_celltypes_total=3 (+0.03); deg_pooled_log2fc=nan (+0.03); ctx_min_n=334 (+0.01),novel
1213,NLGN3,TAM1/TAM2/microglia,IDH_Mutant,TAM_microglia,0.0,0.0,0.0,0.0,,,0.0,0.0,0.0,0.0,,0.0,2.0,0.0,0.0,0.0,0.0,0.0,0.0,,0.0,0.0,0.0,0.0,,6,0,1,1,1,12086,25922,2106,21701,2106,0,0.0,1,0,1.0,tumor,neuron_tumor,"Venkatesh et al., Cell 2015; Venkatesh et al., Nature 2017",0,0.13939779768556687,0.038658101748079585,cc_n_cells_e1=1.21e+04 (+0.21); deg_pooled_log2fc=nan (+0.04); cc_n_celltypes_total=1 (+0.04),"literature gene, other compartment"
1214,CLEC2B,TAM1/TAM2/microglia,IDH_WT,TAM_microglia,1.0,-0.8327285231313564,0.8327285231313564,28.961802044762376,0.303,0.408,-0.10499999999999998,-1.0,1.0,1.0,-1.3330252851399822,1.0,2.0,2.0,0.0,0.0,2.0,0.0067936439601685,0.0061007050888057,0.0,1.0,1.0,2.0,2.0,-1.0,6,1,0,1,2,12086,25922,9696,2745,2745,0,1.0,0,1,,,,,0,0.13924512485318952,0.04456704235317971,cc_n_cells_e1=1.21e+04 (+0.23); cc_edges_e1=2 (+0.04); cc_n_celltypes_total=2 (+0.04),novel
1215,ANXA1,OPC_GABA_like_tumor,IDH_Mutant,tumor,1.0,-5.457329276245706,5.457329276245706,275.2474577239009,0.003,0.13,-0.127,-1.0,1.0,1.0,-6.165433524380917,1.0,3.0,0.0,0.0,0.0,0.0,0.0,0.0,,0.0,0.0,0.0,0.0,,10,1,0,1,4,6741,14114,1658,11741,1658,0,-0.0,1,0,,,,,0,0.13790494447469753,0.019574021806616205,cc_n_cells_e1=6.74e+03 (+0.22); deg_neglog10_padj=275 (+0.06); cc_n_celltypes_total=4 (+0.04),novel
1216,CLEC2B,TAM1/TAM2/microglia,IDH_Mutant,TAM_microglia,1.0,-0.626433295092881,0.626433295092881,48.47711645175549,0.164,0.309,-0.145,-1.0,1.0,1.0,-1.3330252851399822,1.0,2.0,2.0,0.0,0.0,2.0,0.0067936439601685,0.0061007050888057,0.0,1.0,1.0,2.0,2.0,-1.0,6,1,0,1,2,12086,25922,2106,21701,2106,0,1.0,1,1,,,,,0,0.13787276547249827,0.04518283459077017,cc_n_cells_e1=1.21e+04 (+0.23); cc_n_celltypes_total=2 (+0.04); cc_edges_e1=2 (+0.03),novel
1217,LILRB4,T cell,IDH_WT,T_cell,0.0,0.0,0.0,0.0,,,0.0,0.0,0.0,0.0,,0.0,1.0,0.0,0.0,0.0,0.0,0.0,0.0,,0.0,0.0,0.0,0.0,,4,0,1,1,1,2662,1463,1681,1118,1118,0,0.0,0,0,2.0,TAM_microglia,myeloid_bridge,Myeloid checkpoint (pathway-level),0,0.13724523709199857,0.05920958973959987,cc_n_celltypes_total=1 (+0.12); deg_n_celltypes_sig=1 (+0.12); cc_is_ligand=0 (+0.08),"literature gene, other compartment"
1218,HBEGF,T cell,IDH_Mutant,T_cell,0.0,0.0,0.0,0.0,,,0.0,0.0,0.0,0.0,,0.0,0.0,0.0,0.0,0.0,0.0,0.0,0.0,,0.0,0.0,0.0,0.0,,7,1,0,1,1,2662,1463,941,334,334,0,0.0,1,0,,,,,0,0.1371846644687886,0.0509033518181762,deg_n_celltypes_sig=0 (+0.37); cc_n_celltypes_total=1 (+0.12); deg_pooled_log2fc=nan (+0.04),novel
1219,ITGB8,T cell,IDH_WT,T_cell,0.0,0.0,0.0,0.0,,,0.0,0.0,0.0,0.0,,0.0,0.0,0.0,0.0,0.0,0.0,0.0,0.0,,0.0,0.0,0.0,0.0,,3,0,1,1,2,2662,1463,1681,1118,1118,0,0.0,0,0,,,,,0,0.13709190566285126,0.07046604407755291,deg_n_celltypes_sig=0 (+0.50); cc_is_ligand=0 (+0.08); deg_pooled_log2fc=nan (+0.04),novel
1220,MDK,T cell,IDH_WT,T_cell,0.0,0.0,0.0,0.0,,,0.0,0.0,0.0,0.0,,0.0,2.0,0.0,0.0,0.0,0.0,0.0,0.0,,0.0,0.0,0.0,0.0,,28,1,0,1,1,2662,1463,1681,1118,1118,0,0.0,0,0,,,,,0,0.13678856924833147,0.04782073659913275,cc_n_celltypes_total=1 (+0.17); deg_pooled_log2fc=nan (+0.04); deg_cc_concordance=0 (+0.01),novel
1221,CLEC2D,OPC_GABA_like_tumor,IDH_Mutant,tumor,0.0,0.0,0.0,0.0,,,0.0,0.0,0.0,0.0,,0.0,1.0,0.0,0.0,0.0,0.0,0.0,0.0,,0.0,0.0,0.0,0.0,,2,1,0,1,1,6741,14114,1658,11741,1658,0,0.0,1,0,1.0,"tumor,TAM_microglia",immune_synapse,"Mathewson et al., Cell 2021",1,0.1361366093948683,0.023830783328039562,cc_n_cells_e1=6.74e+03 (+0.19); deg_pooled_log2fc=nan (+0.06); cc_n_celltypes_total=1 (+0.05),literature tier 1 (label)
1222,PTPRC,cycling_tumor,IDH_Mutant,tumor,1.0,-5.517572124585554,5.517572124585554,6.292604876961501,0.022,0.307,-0.285,-1.0,1.0,1.0,-5.434248611522105,1.0,2.0,0.0,0.0,0.0,0.0,0.0,0.0,,0.0,0.0,0.0,0.0,,8,1,1,2,2,6410,814,270,136,136,0,-0.0,1,0,,,,,0,0.13503296606495446,0.03856732849846993,cc_n_cells_e1=6.41e+03 (+0.22); cc_n_cells_e2=814 (+0.07); cc_n_celltypes_total=2 (+0.05),novel
1223,CLEC2D,OPC_GABA_like_tumor,IDH_WT,tumor,1.0,0.5068661785778048,0.5068661785778048,42.930146994825115,0.148,0.044,0.104,1.0,0.0,0.0,,0.0,3.0,0.0,0.0,0.0,0.0,0.0,0.0,,0.0,0.0,0.0,0.0,,2,1,0,1,1,6741,14114,5040,1935,1935,0,0.0,0,0,1.0,"tumor,TAM_microglia",immune_synapse,"Mathewson et al., Cell 2021",1,0.13448729386561323,0.02968089167336902,cc_n_cells_e1=6.74e+03 (+0.20); deg_pct_diff=0.104 (+0.16); deg_log2fc=0.507 (+0.11),literature tier 1 (label)
1224,GLS,T cell,IDH_WT,T_cell,0.0,0.0,0.0,0.0,,,0.0,0.0,0.0,0.0,,0.0,3.0,0.0,0.0,0.0,0.0,0.0,0.0,,0.0,0.0,0.0,0.0,,39,1,0,1,2,2662,1463,1681,1118,1118,0,0.0,0,0,,,,,0,0.13447981802903838,0.03154117738686632,deg_pooled_log2fc=nan (+0.04); cc_n_celltypes_total=2 (+0.02); deg_cc_concordance=0 (+0.01),novel
1225,HLA-DQA1,T cell,IDH_Mutant,T_cell,1.0,1.6232308556617745,1.6232308556617745,2.1531669995221825,0.165,0.07,0.095,1.0,1.0,1.0,1.1255376384244378,1.0,2.0,0.0,0.0,0.0,0.0,0.0,0.0,,0.0,0.0,0.0,0.0,,4,1,0,1,1,2662,1463,941,334,334,0,0.0,1,0,,,,,0,0.13447512712273033,0.0221834286916352,deg_pct_diff=0.095 (+0.19); deg_log2fc=1.62 (+0.14); deg_pct_e1=0.07 (+0.12),novel
1226,GLS,T cell,IDH_Mutant,T_cell,0.0,0.0,0.0,0.0,,,0.0,0.0,0.0,0.0,,0.0,2.0,0.0,0.0,0.0,0.0,0.0,0.0,,0.0,0.0,0.0,0.0,,39,1,0,1,2,2662,1463,941,334,334,0,0.0,1,0,,,,,0,0.1342452732279393,0.031163595200812078,deg_pooled_log2fc=nan (+0.04); cc_n_celltypes_total=2 (+0.02); ctx_min_n=334 (+0.01),novel
1227,ANXA1,TAM1/TAM2/microglia,IDH_Mutant,TAM_microglia,1.0,-2.606964589265456,2.606964589265456,225.68513296772664,0.025,0.165,-0.14,-1.0,1.0,1.0,-3.531279895410132,1.0,3.0,2.0,0.0,0.0,2.0,0.0062273756011233,0.0054991206684735505,0.0,1.0,1.0,0.0,2.0,-1.0,10,1,0,1,4,12086,25922,2106,21701,2106,0,1.0,1,1,,,,,0,0.13383087818132636,0.024720901617714723,cc_n_cells_e1=1.21e+04 (+0.22); cc_n_celltypes_total=4 (+0.04); deg_neglog10_padj=226 (+0.04),novel
1228,CLEC2D,OPC_GABA_AC_like_tumor,IDH_WT,tumor,0.0,0.0,0.0,0.0,,,0.0,0.0,0.0,0.0,,0.0,3.0,0.0,0.0,0.0,0.0,0.0,0.0,,0.0,0.0,0.0,0.0,,2,1,0,1,1,6202,1012,5384,171,171,0,0.0,0,0,1.0,"tumor,TAM_microglia",immune_synapse,"Mathewson et al., Cell 2021",1,0.1332223209973877,0.023137226056869298,cc_n_cells_e1=6.2e+03 (+0.23); cc_n_cells_e2=1.01e+03 (+0.08); deg_pooled_log2fc=nan (+0.06),literature tier 1 (label)
1229,SLC1A3,T cell,IDH_Mutant,T_cell,0.0,0.0,0.0,0.0,,,0.0,0.0,0.0,0.0,,0.0,3.0,0.0,0.0,0.0,0.0,0.0,0.0,,0.0,0.0,0.0,0.0,,26,1,0,1,2,2662,1463,941,334,334,0,0.0,1,0,,,,,0,0.13272538604387568,0.026018959625074736,deg_pooled_log2fc=nan (+0.04); cc_n_celltypes_total=2 (+0.02); ctx_min_n=334 (+0.01),novel
1230,DLL3,TAM1/TAM2/microglia,IDH_WT,TAM_microglia,0.0,0.0,0.0,0.0,,,0.0,0.0,0.0,0.0,,0.0,4.0,0.0,0.0,0.0,0.0,0.0,0.0,,0.0,0.0,0.0,0.0,,8,1,0,1,4,12086,25922,9696,2745,2745,0,0.0,0,0,1.0,tumor,growth,"Spino et al., Clin Cancer Res 2019 (IDH-mutant glioma)",0,0.13236430747898367,0.02426655554652212,cc_n_cells_e1=1.21e+04 (+0.25); deg_n_celltypes_sig=4 (+0.17); cc_n_celltypes_total=4 (+0.03),"literature gene, other compartment"
1231,CLEC2D,AC_like_tumor,IDH_WT,tumor,0.0,0.0,0.0,0.0,,,0.0,0.0,0.0,0.0,,0.0,3.0,0.0,0.0,0.0,0.0,0.0,0.0,,0.0,0.0,0.0,0.0,,2,1,0,1,1,72549,446,64812,108,108,0,0.0,0,0,1.0,"tumor,TAM_microglia",immune_synapse,"Mathewson et al., Cell 2021",1,0.1317950980135814,0.024025719415650994,cc_n_cells_e1=7.25e+04 (+0.22); cc_n_cells_e2=446 (+0.08); deg_pooled_log2fc=nan (+0.06),literature tier 1 (label)
1232,HLA-DMB,T cell,IDH_WT,T_cell,0.0,0.0,0.0,0.0,,,0.0,0.0,0.0,0.0,,0.0,1.0,0.0,0.0,0.0,0.0,0.0,0.0,,0.0,0.0,0.0,0.0,,4,1,0,1,1,2662,1463,1681,1118,1118,0,0.0,0,0,,,,,0,0.13122801087392305,0.04817231084904858,deg_n_celltypes_sig=1 (+0.12); cc_n_celltypes_total=1 (+0.12); deg_pooled_log2fc=nan (+0.05),novel
1233,APOE,T cell,IDH_Mutant,T_cell,0.0,0.0,0.0,0.0,,,0.0,0.0,0.0,0.0,,0.0,5.0,6.0,0.0,3.0,3.0,0.1125528420381205,0.06786869683633903,0.02,1.0,2.0,6.0,6.0,0.0,36,1,0,1,7,2662,1463,941,334,334,0,0.0,1,0,2.0,TAM_microglia,myeloid_bridge,TAM lipid program (pathway-level),0,0.13061816126957093,0.039592842178793,cc_n_partners=2 (+0.82); cc_edges_e2=3 (+0.23); deg_n_celltypes_sig=5 (+0.16),"literature gene, other compartment"
1234,PCDHGC3,T cell,IDH_WT,T_cell,0.0,0.0,0.0,0.0,,,0.0,0.0,0.0,0.0,,0.0,3.0,0.0,0.0,0.0,0.0,0.0,0.0,,0.0,0.0,0.0,0.0,,2,1,1,1,1,2662,1463,1681,1118,1118,0,0.0,0,0,,,,,0,0.13052285374346068,0.0491083690766446,cc_n_celltypes_total=1 (+0.12); deg_pooled_log2fc=nan (+0.06); cc_edges_total=2 (+0.03),novel
1235,PCDHGC3,T cell,IDH_Mutant,T_cell,0.0,0.0,0.0,0.0,,,0.0,0.0,0.0,0.0,,0.0,2.0,0.0,0.0,0.0,0.0,0.0,0.0,,0.0,0.0,0.0,0.0,,2,1,1,1,1,2662,1463,941,334,334,0,0.0,1,0,,,,,0,0.13036823998925245,0.048935817889350336,cc_n_celltypes_total=1 (+0.12); deg_pooled_log2fc=nan (+0.06); cc_edges_total=2 (+0.03),novel
1236,GPR37L1,T cell,IDH_WT,T_cell,0.0,0.0,0.0,0.0,,,0.0,0.0,0.0,0.0,,0.0,0.0,0.0,0.0,0.0,0.0,0.0,0.0,,0.0,0.0,0.0,0.0,,9,0,1,1,1,2662,1463,1681,1118,1118,0,0.0,0,0,,,,,0,0.13027182910700827,0.053203696747571784,deg_n_celltypes_sig=0 (+0.38); cc_n_celltypes_total=1 (+0.12); cc_is_ligand=0 (+0.08),novel
1237,DLL3,TAM1/TAM2/microglia,IDH_Mutant,TAM_microglia,0.0,0.0,0.0,0.0,,,0.0,0.0,0.0,0.0,,0.0,4.0,0.0,0.0,0.0,0.0,0.0,0.0,,0.0,0.0,0.0,0.0,,8,1,0,1,4,12086,25922,2106,21701,2106,0,0.0,1,0,1.0,tumor,growth,"Spino et al., Clin Cancer Res 2019 (IDH-mutant glioma)",0,0.1302544037730996,0.02174954476464079,cc_n_cells_e1=1.21e+04 (+0.25); deg_n_celltypes_sig=4 (+0.17); cc_n_celltypes_total=4 (+0.03),"literature gene, other compartment"
1238,SLITRK2,T cell,IDH_WT,T_cell,0.0,0.0,0.0,0.0,,,0.0,0.0,0.0,0.0,,0.0,2.0,0.0,0.0,0.0,0.0,0.0,0.0,,0.0,0.0,0.0,0.0,,1,1,0,1,1,2662,1463,1681,1118,1118,0,0.0,0,0,,,,,0,0.13010801825338802,0.03885714925632301,cc_n_celltypes_total=1 (+0.12); deg_pooled_log2fc=nan (+0.06); deg_abs_log2fc=0 (+0.02),novel
1239,SLC1A3,T cell,IDH_WT,T_cell,0.0,0.0,0.0,0.0,,,0.0,0.0,0.0,0.0,,0.0,2.0,0.0,0.0,0.0,0.0,0.0,0.0,,0.0,0.0,0.0,0.0,,26,1,0,1,2,2662,1463,1681,1118,1118,0,0.0,0,0,,,,,0,0.1296960910213138,0.027061732862891905,deg_pooled_log2fc=nan (+0.04); cc_n_celltypes_total=2 (+0.02); deg_cc_concordance=0 (+0.01),novel
1240,FPR1,T cell,IDH_WT,T_cell,0.0,0.0,0.0,0.0,,,0.0,0.0,0.0,0.0,,0.0,1.0,0.0,0.0,0.0,0.0,0.0,0.0,,0.0,0.0,0.0,0.0,,10,0,1,1,1,2662,1463,1681,1118,1118,0,0.0,0,0,,,,,0,0.12858337476868922,0.030572747054548242,deg_n_celltypes_sig=1 (+0.13); cc_n_celltypes_total=1 (+0.12); cc_is_ligand=0 (+0.08),novel
1241,ANXA1,OPC_GABA_like_tumor,IDH_WT,tumor,1.0,-4.239461302670273,4.239461302670273,87.51851321505721,0.039,0.247,-0.208,-1.0,1.0,1.0,-6.165433524380917,1.0,4.0,0.0,0.0,0.0,0.0,0.0,0.0,,0.0,0.0,0.0,0.0,,10,1,0,1,4,6741,14114,5040,1935,1935,0,-0.0,0,0,,,,,0,0.1285420386102973,0.02945313525014581,cc_n_cells_e1=6.74e+03 (+0.23); deg_n_celltypes_sig=4 (+0.07); cc_n_celltypes_total=4 (+0.05),novel
1242,HAVCR2,T cell,IDH_WT,T_cell,0.0,0.0,0.0,0.0,,,0.0,0.0,0.0,0.0,,0.0,1.0,0.0,0.0,0.0,0.0,0.0,0.0,,0.0,0.0,0.0,0.0,,2,0,1,1,1,2662,1463,1681,1118,1118,0,0.0,0,0,1.0,T_cell,immune_synapse,"Kim et al., Clin Cancer Res 2017",1,0.12843913620489794,0.023498563029221254,cc_n_celltypes_total=1 (+0.12); deg_n_celltypes_sig=1 (+0.11); cc_is_ligand=0 (+0.08),literature tier 1 (label)
1243,SLIT1,T cell,IDH_Mutant,T_cell,0.0,0.0,0.0,0.0,,,0.0,0.0,0.0,0.0,,0.0,3.0,0.0,0.0,0.0,0.0,0.0,0.0,,0.0,0.0,0.0,0.0,,2,1,0,1,1,2662,1463,941,334,334,0,0.0,1,0,,,,,0,0.12834542059575557,0.03106907040094479,cc_n_celltypes_total=1 (+0.12); deg_pooled_log2fc=nan (+0.06); cc_edges_total=2 (+0.03),novel
1244,AREG,TAM1/TAM2/microglia,IDH_Mutant,TAM_microglia,1.0,-3.777906881760644,3.777906881760644,168.48894456347006,0.016,0.115,-0.099,-1.0,1.0,1.0,-3.319258461992185,1.0,2.0,0.0,0.0,0.0,0.0,0.0,0.0,,0.0,0.0,0.0,0.0,,7,1,0,1,1,12086,25922,2106,21701,2106,0,-0.0,1,0,,,,,0,0.12794474775227146,0.03619974966921245,cc_n_cells_e1=1.21e+04 (+0.20); deg_pct_e1=0.115 (+0.08); cc_n_celltypes_total=1 (+0.04),novel
1245,ANXA1,T cell,IDH_WT,T_cell,0.0,0.0,0.0,0.0,,,0.0,0.0,0.0,0.0,,0.0,4.0,4.0,0.0,2.0,2.0,0.0086008858847479,0.007114231858496975,0.0,1.0,1.0,4.0,4.0,0.0,10,1,0,1,4,2662,1463,1681,1118,1118,0,0.0,0,0,,,,,0,0.12582548402943758,0.024856769710270767,cc_edges_e2=2 (+0.25); deg_n_celltypes_sig=4 (+0.11); cc_edges_e1=2 (+0.04),novel
1246,EGFR,T cell,IDH_Mutant,T_cell,0.0,0.0,0.0,0.0,,,0.0,0.0,0.0,0.0,,0.0,3.0,0.0,0.0,0.0,0.0,0.0,0.0,,0.0,0.0,0.0,0.0,,14,0,1,1,4,2662,1463,941,334,334,0,0.0,1,0,1.0,tumor,growth,"Brennan et al., Cell 2013 (TCGA GBM)",0,0.1252572265616131,0.040364518836148215,cc_edges_total=14 (+0.53); cc_is_ligand=0 (+0.08); deg_pooled_log2fc=nan (+0.03),"literature gene, other compartment"
1247,EGFR,T cell,IDH_WT,T_cell,0.0,0.0,0.0,0.0,,,0.0,0.0,0.0,0.0,,0.0,3.0,0.0,0.0,0.0,0.0,0.0,0.0,,0.0,0.0,0.0,0.0,,14,0,1,1,4,2662,1463,1681,1118,1118,0,0.0,0,0,1.0,tumor,growth,"Brennan et al., Cell 2013 (TCGA GBM)",0,0.12456763990826367,0.04151580308806078,cc_edges_total=14 (+0.53); cc_is_ligand=0 (+0.08); deg_pooled_log2fc=nan (+0.03),"literature gene, other compartment"
1248,KLRC2,T cell,IDH_Mutant,T_cell,0.0,0.0,0.0,0.0,,,0.0,0.0,0.0,0.0,,0.0,3.0,0.0,0.0,0.0,0.0,0.0,0.0,,0.0,0.0,0.0,0.0,,6,0,1,1,1,2662,1463,941,334,334,0,0.0,1,0,,,,,0,0.12400944231292574,0.04746748378171413,cc_n_celltypes_total=1 (+0.12); cc_is_ligand=0 (+0.08); deg_pooled_log2fc=nan (+0.04),novel
1249,AXL,T cell,IDH_WT,T_cell,0.0,0.0,0.0,0.0,,,0.0,0.0,0.0,0.0,,0.0,0.0,0.0,0.0,0.0,0.0,0.0,0.0,,0.0,0.0,0.0,0.0,,1,0,1,1,1,2662,1463,1681,1118,1118,0,0.0,0,0,2.0,"TAM_microglia,tumor",myeloid_bridge,TAM receptor family (pathway-level),0,0.12359325221421155,0.040464510441198476,deg_n_celltypes_sig=0 (+0.55); cc_edges_total=1 (+0.15); cc_n_celltypes_total=1 (+0.12),"literature gene, other compartment"
1250,P4HB,TAM1/TAM2/microglia,IDH_WT,TAM_microglia,1.0,-0.5629102175258354,0.5629102175258354,2.315406836498125,0.285,0.317,-0.03200000000000003,-1.0,0.0,0.0,-0.8764560737777898,1.0,2.0,0.0,1.0,0.0,1.0,0.0024062850263849,0.0024062850263849,0.0,1.0,1.0,0.0,1.0,-1.0,5,0,1,1,3,12086,25922,9696,2745,2745,0,1.0,0,1,,,,,0,0.12356990867975486,0.025749029706963196,cc_n_cells_e1=1.21e+04 (+0.22); cc_n_celltypes_total=3 (+0.04); cc_is_ligand=0 (+0.03),novel
1251,AXL,T cell,IDH_Mutant,T_cell,0.0,0.0,0.0,0.0,,,0.0,0.0,0.0,0.0,,0.0,0.0,0.0,0.0,0.0,0.0,0.0,0.0,,0.0,0.0,0.0,0.0,,1,0,1,1,1,2662,1463,941,334,334,0,0.0,1,0,2.0,"TAM_microglia,tumor",myeloid_bridge,TAM receptor family (pathway-level),0,0.12320879423981676,0.038987152414441686,deg_n_celltypes_sig=0 (+0.54); cc_edges_total=1 (+0.15); cc_n_celltypes_total=1 (+0.12),"literature gene, other compartment"
1252,GRIA2,TAM1/TAM2/microglia,IDH_WT,TAM_microglia,0.0,0.0,0.0,0.0,,,0.0,0.0,0.0,0.0,,0.0,2.0,0.0,0.0,0.0,0.0,0.0,0.0,,0.0,0.0,0.0,0.0,,12,0,1,1,3,12086,25922,9696,2745,2745,0,0.0,0,0,1.0,tumor,neuron_tumor,"Venkatesh et al., Nature 2019; Venkataramani et al., Nature 2019",0,0.12299108186040009,0.022453581157596665,cc_n_cells_e1=1.21e+04 (+0.24); cc_n_celltypes_total=3 (+0.05); cc_is_ligand=0 (+0.03),"literature gene, other compartment"
1253,ITGB1,T cell,IDH_WT,T_cell,0.0,0.0,0.0,0.0,,,0.0,0.0,0.0,0.0,,0.0,2.0,0.0,0.0,0.0,0.0,0.0,0.0,,0.0,0.0,0.0,0.0,,36,0,1,2,3,2662,1463,1681,1118,1118,0,0.0,0,0,,,,,0,0.12279872151145377,0.05064128271460801,cc_is_ligand=0 (+0.08); cc_n_celltypes_total=3 (+0.03); deg_pooled_log2fc=nan (+0.02),novel
1254,SLIT1,T cell,IDH_WT,T_cell,0.0,0.0,0.0,0.0,,,0.0,0.0,0.0,0.0,,0.0,2.0,0.0,0.0,0.0,0.0,0.0,0.0,,0.0,0.0,0.0,0.0,,2,1,0,1,1,2662,1463,1681,1118,1118,0,0.0,0,0,,,,,0,0.12268972919780727,0.02530542836324642,cc_n_celltypes_total=1 (+0.12); deg_pooled_log2fc=nan (+0.06); cc_edges_total=2 (+0.03),novel
1255,CLSTN1,T cell,IDH_Mutant,T_cell,0.0,0.0,0.0,0.0,,,0.0,0.0,0.0,0.0,,0.0,1.0,0.0,0.0,0.0,0.0,0.0,0.0,,0.0,0.0,0.0,0.0,,12,0,1,1,2,2662,1463,941,334,334,0,0.0,1,0,,,,,0,0.12091448717982825,0.03451991047687594,deg_n_celltypes_sig=1 (+0.13); cc_is_ligand=0 (+0.08); deg_pooled_log2fc=nan (+0.04),novel
1256,NCAM2,T cell,IDH_WT,T_cell,0.0,0.0,0.0,0.0,,,0.0,0.0,0.0,0.0,,0.0,2.0,0.0,0.0,0.0,0.0,0.0,0.0,,0.0,0.0,0.0,0.0,,5,0,1,1,1,2662,1463,1681,1118,1118,0,0.0,0,0,,,,,0,0.12090301084842489,0.03328546709121248,cc_n_celltypes_total=1 (+0.12); cc_is_ligand=0 (+0.08); deg_pooled_log2fc=nan (+0.04),novel
1257,NCAM2,T cell,IDH_Mutant,T_cell,0.0,0.0,0.0,0.0,,,0.0,0.0,0.0,0.0,,0.0,2.0,0.0,0.0,0.0,0.0,0.0,0.0,,0.0,0.0,0.0,0.0,,5,0,1,1,1,2662,1463,941,334,334,0,0.0,1,0,,,,,0,0.1206813083590467,0.033304494940940614,cc_n_celltypes_total=1 (+0.12); cc_is_ligand=0 (+0.08); deg_pooled_log2fc=nan (+0.04),novel
1258,HLA-DQA1,T cell,IDH_WT,T_cell,1.0,0.9120736919079188,0.9120736919079188,2.3570250095401675,0.124,0.066,0.057999999999999996,1.0,1.0,1.0,1.1255376384244378,1.0,2.0,0.0,0.0,0.0,0.0,0.0,0.0,,0.0,0.0,0.0,0.0,,4,1,0,1,1,2662,1463,1681,1118,1118,0,0.0,0,0,,,,,0,0.12050230521640368,0.02253813336138148,deg_log2fc=0.912 (+0.12); deg_pct_e1=0.066 (+0.12); cc_n_celltypes_total=1 (+0.11),novel
1259,TNF,T cell,IDH_Mutant,T_cell,0.0,0.0,0.0,0.0,,,0.0,0.0,0.0,0.0,,0.0,1.0,0.0,0.0,0.0,0.0,0.0,0.0,,0.0,0.0,0.0,0.0,,3,1,0,1,1,2662,1463,941,334,334,0,0.0,1,0,,,,,0,0.11941362108626359,0.06516784019118926,deg_n_celltypes_sig=1 (+0.12); cc_n_celltypes_total=1 (+0.12); deg_pooled_log2fc=nan (+0.05),novel
1260,ANXA1,TAM1/TAM2/microglia,IDH_WT,TAM_microglia,1.0,-1.6688803158048915,1.6688803158048915,147.10238376776053,0.192,0.461,-0.269,-1.0,1.0,1.0,-3.531279895410132,1.0,4.0,2.0,0.0,0.0,2.0,0.0062273756011233,0.0054991206684735505,0.0,1.0,1.0,0.0,2.0,-1.0,10,1,0,1,4,12086,25922,9696,2745,2745,0,1.0,0,1,,,,,0,0.11916232032918787,0.03540511241695557,cc_n_cells_e1=1.21e+04 (+0.24); deg_n_celltypes_sig=4 (+0.06); cc_n_celltypes_total=4 (+0.04),novel
1261,ITGAX,T cell,IDH_Mutant,T_cell,0.0,0.0,0.0,0.0,,,0.0,0.0,0.0,0.0,,0.0,0.0,0.0,0.0,0.0,0.0,0.0,0.0,,0.0,0.0,0.0,0.0,,4,0,1,2,1,2662,1463,941,334,334,0,0.0,1,0,,,,,0,0.11785326011152411,0.07427653508744923,deg_n_celltypes_sig=0 (+0.48); cc_n_celltypes_total=1 (+0.12); cc_is_ligand=0 (+0.08),novel
1262,TNF,T cell,IDH_WT,T_cell,0.0,0.0,0.0,0.0,,,0.0,0.0,0.0,0.0,,0.0,1.0,0.0,0.0,0.0,0.0,0.0,0.0,,0.0,0.0,0.0,0.0,,3,1,0,1,1,2662,1463,1681,1118,1118,0,0.0,0,0,,,,,0,0.11782154927053731,0.06293103820165774,deg_n_celltypes_sig=1 (+0.12); cc_n_celltypes_total=1 (+0.12); deg_pooled_log2fc=nan (+0.05),novel
1263,ROBO1,T cell,IDH_Mutant,T_cell,0.0,0.0,0.0,0.0,,,0.0,0.0,0.0,0.0,,0.0,3.0,0.0,0.0,0.0,0.0,0.0,0.0,,0.0,0.0,0.0,0.0,,2,0,1,1,2,2662,1463,941,334,334,0,0.0,1,0,,,,,0,0.11754945588167673,0.03811597114318798,cc_is_ligand=0 (+0.08); deg_pooled_log2fc=nan (+0.05); cc_edges_total=2 (+0.03),novel
1264,ITGB2,T cell,IDH_Mutant,T_cell,0.0,0.0,0.0,0.0,,,0.0,0.0,0.0,0.0,,0.0,2.0,0.0,0.0,0.0,0.0,0.0,0.0,,0.0,0.0,0.0,0.0,,4,0,1,2,1,2662,1463,941,334,334,0,0.0,1,0,,,,,0,0.11732804026373142,0.032430793402088834,cc_n_celltypes_total=1 (+0.12); cc_is_ligand=0 (+0.08); deg_pooled_log2fc=nan (+0.04),novel
1265,HLA-DMA,cycling_tumor,IDH_Mutant,tumor,1.0,-5.393978081590536,5.393978081590536,11.33642968877675,0.051,0.441,-0.39,-1.0,1.0,1.0,-5.239708435940198,1.0,2.0,2.0,0.0,0.0,2.0,0.0032317829215343,0.0017512198751586294,0.0,1.0,1.0,2.0,2.0,-1.0,8,1,0,1,3,6410,814,270,136,136,0,1.0,1,1,,,,,0,0.1171764948795089,0.027029857587269727,cc_n_cells_e1=6.41e+03 (+0.23); cc_n_celltypes_total=3 (+0.06); cc_n_cells_e2=814 (+0.06),novel
1266,PSAP,cycling_tumor,IDH_Mutant,tumor,1.0,-2.436264167218373,2.436264167218373,2.305200049796671,0.39,0.519,-0.129,-1.0,0.0,0.0,,0.0,3.0,2.0,0.0,1.0,1.0,0.0023740659443612,0.0017510849844291,0.0,1.0,1.0,0.0,2.0,0.0,9,1,0,1,5,6410,814,270,136,136,0,-0.0,1,1,,,,,0,0.11704034761778379,0.046972810762473165,cc_n_cells_e1=6.41e+03 (+0.24); cc_n_cells_e2=814 (+0.05); deg_pooled_log2fc=nan (+0.04),novel
1267,DAG1,T cell,IDH_Mutant,T_cell,0.0,0.0,0.0,0.0,,,0.0,0.0,0.0,0.0,,0.0,2.0,0.0,0.0,0.0,0.0,0.0,0.0,,0.0,0.0,0.0,0.0,,6,0,1,1,1,2662,1463,941,334,334,0,0.0,1,0,,,,,0,0.11682309240195474,0.037523048416594415,cc_n_celltypes_total=1 (+0.12); cc_is_ligand=0 (+0.08); deg_pooled_log2fc=nan (+0.04),novel
1268,ITGB2,T cell,IDH_WT,T_cell,0.0,0.0,0.0,0.0,,,0.0,0.0,0.0,0.0,,0.0,2.0,0.0,0.0,0.0,0.0,0.0,0.0,,0.0,0.0,0.0,0.0,,4,0,1,2,1,2662,1463,1681,1118,1118,0,0.0,0,0,,,,,0,0.11652316484495984,0.03316967398628232,cc_n_celltypes_total=1 (+0.12); cc_is_ligand=0 (+0.08); deg_pooled_log2fc=nan (+0.04),novel
1269,SDC3,T cell,IDH_Mutant,T_cell,0.0,0.0,0.0,0.0,,,0.0,0.0,0.0,0.0,,0.0,1.0,0.0,0.0,0.0,0.0,0.0,0.0,,0.0,0.0,0.0,0.0,,11,0,1,1,1,2662,1463,941,334,334,0,0.0,1,0,,,,,0,0.1162056602139144,0.035728005491079816,deg_n_celltypes_sig=1 (+0.13); cc_n_celltypes_total=1 (+0.12); cc_is_ligand=0 (+0.08),novel
1270,PTPRD,T cell,IDH_WT,T_cell,0.0,0.0,0.0,0.0,,,0.0,0.0,0.0,0.0,,0.0,3.0,0.0,0.0,0.0,0.0,0.0,0.0,,0.0,0.0,0.0,0.0,,1,0,1,1,1,2662,1463,1681,1118,1118,0,0.0,0,0,,,,,0,0.11541600271817298,0.03756333617602021,cc_n_celltypes_total=1 (+0.12); cc_is_ligand=0 (+0.08); deg_pooled_log2fc=nan (+0.05),novel
1271,ROBO1,T cell,IDH_WT,T_cell,0.0,0.0,0.0,0.0,,,0.0,0.0,0.0,0.0,,0.0,2.0,0.0,0.0,0.0,0.0,0.0,0.0,,0.0,0.0,0.0,0.0,,2,0,1,1,2,2662,1463,1681,1118,1118,0,0.0,0,0,,,,,0,0.1153654914998353,0.037734692729003455,cc_is_ligand=0 (+0.08); deg_pooled_log2fc=nan (+0.05); cc_edges_total=2 (+0.03),novel
1272,PTGES2,T cell,IDH_Mutant,T_cell,0.0,0.0,0.0,0.0,,,0.0,0.0,0.0,0.0,,0.0,2.0,0.0,0.0,0.0,0.0,0.0,0.0,,0.0,0.0,0.0,0.0,,1,1,0,1,1,2662,1463,941,334,334,0,0.0,1,0,,,,,0,0.11261334356813062,0.02223923133765717,cc_n_celltypes_total=1 (+0.12); deg_pooled_log2fc=nan (+0.06); deg_abs_log2fc=0 (+0.02),novel
1273,GAS6,T cell,IDH_Mutant,T_cell,0.0,0.0,0.0,0.0,,,0.0,0.0,0.0,0.0,,0.0,2.0,0.0,0.0,0.0,0.0,0.0,0.0,,0.0,0.0,0.0,0.0,,2,1,0,1,1,2662,1463,941,334,334,0,0.0,1,0,,,,,0,0.11218995714183637,0.035110192871518627,cc_n_celltypes_total=1 (+0.12); deg_pooled_log2fc=nan (+0.06); cc_edges_total=2 (+0.03),novel
1274,CLEC2D,TAM1/TAM2/microglia,IDH_Mutant,TAM_microglia,0.0,0.0,0.0,0.0,,,0.0,0.0,0.0,0.0,,0.0,1.0,0.0,0.0,0.0,0.0,0.0,0.0,,0.0,0.0,0.0,0.0,,2,1,0,1,1,12086,25922,2106,21701,2106,0,0.0,1,0,1.0,"tumor,TAM_microglia",immune_synapse,"Mathewson et al., Cell 2021",1,0.11120977940683774,0.012139299518172266,cc_n_cells_e1=1.21e+04 (+0.19); deg_pooled_log2fc=nan (+0.06); cc_n_celltypes_total=1 (+0.04),literature tier 1 (label)
1275,PTGES2,T cell,IDH_WT,T_cell,0.0,0.0,0.0,0.0,,,0.0,0.0,0.0,0.0,,0.0,2.0,0.0,0.0,0.0,0.0,0.0,0.0,,0.0,0.0,0.0,0.0,,1,1,0,1,1,2662,1463,1681,1118,1118,0,0.0,0,0,,,,,0,0.11105946051691858,0.022918297894546562,cc_n_celltypes_total=1 (+0.12); deg_pooled_log2fc=nan (+0.06); deg_abs_log2fc=0 (+0.02),novel
1276,LRRTM3,T cell,IDH_WT,T_cell,0.0,0.0,0.0,0.0,,,0.0,0.0,0.0,0.0,,0.0,2.0,0.0,0.0,0.0,0.0,0.0,0.0,,0.0,0.0,0.0,0.0,,6,0,1,1,1,2662,1463,1681,1118,1118,0,0.0,0,0,,,,,0,0.10836312914646237,0.03452185689962494,cc_n_celltypes_total=1 (+0.12); cc_is_ligand=0 (+0.08); deg_pooled_log2fc=nan (+0.04),novel
1277,NRXN2,T cell,IDH_WT,T_cell,0.0,0.0,0.0,0.0,,,0.0,0.0,0.0,0.0,,0.0,1.0,0.0,0.0,0.0,0.0,0.0,0.0,,0.0,0.0,0.0,0.0,,10,1,0,1,1,2662,1463,1681,1118,1118,0,0.0,0,0,,,,,0,0.10805209031751575,0.0393716642106142,deg_n_celltypes_sig=1 (+0.13); cc_n_celltypes_total=1 (+0.12); deg_pooled_log2fc=nan (+0.04),novel
1278,PCDHGA10,T cell,IDH_WT,T_cell,0.0,0.0,0.0,0.0,,,0.0,0.0,0.0,0.0,,0.0,2.0,0.0,0.0,0.0,0.0,0.0,0.0,,0.0,0.0,0.0,0.0,,2,1,1,1,1,2662,1463,1681,1118,1118,0,0.0,0,0,,,,,0,0.10718172849404022,0.039694003392965735,cc_n_celltypes_total=1 (+0.12); deg_pooled_log2fc=nan (+0.06); cc_edges_total=2 (+0.03),novel
1279,TGFBR2,T cell,IDH_Mutant,T_cell,0.0,0.0,0.0,0.0,,,0.0,0.0,0.0,0.0,,0.0,2.0,0.0,0.0,0.0,0.0,0.0,0.0,,0.0,0.0,0.0,0.0,,4,0,1,1,1,2662,1463,941,334,334,0,0.0,1,0,,,,,0,0.10698336336641168,0.033085458111496345,cc_n_celltypes_total=1 (+0.12); cc_is_ligand=0 (+0.08); deg_pooled_log2fc=nan (+0.04),novel
1280,ITGB8,OPC_GABA_like_tumor,IDH_Mutant,tumor,1.0,-0.5206364989184884,0.5206364989184884,19.21809113925056,0.338,0.47,-0.13199999999999995,-1.0,0.0,0.0,-1.174668896138416,1.0,2.0,0.0,2.0,1.0,1.0,0.001639426134793,0.0013962872285488,0.0,1.0,1.0,0.0,2.0,0.0,3,0,1,1,2,6741,14114,1658,11741,1658,0,-0.0,1,1,,,,,0,0.10637801285436779,0.03864249993632531,cc_n_cells_e1=6.74e+03 (+0.22); cc_is_ligand=0 (+0.04); cc_n_celltypes_total=2 (+0.04),novel
1281,GRN,T cell,IDH_WT,T_cell,0.0,0.0,0.0,0.0,,,0.0,0.0,0.0,0.0,,0.0,1.0,0.0,0.0,0.0,0.0,0.0,0.0,,0.0,0.0,0.0,0.0,,3,1,0,1,2,2662,1463,1681,1118,1118,0,0.0,0,0,,,,,0,0.10584881230245882,0.03275690495549974,deg_n_celltypes_sig=1 (+0.12); deg_pooled_log2fc=nan (+0.05); deg_cc_concordance=0 (+0.01),novel
1282,THY1,T cell,IDH_WT,T_cell,0.0,0.0,0.0,0.0,,,0.0,0.0,0.0,0.0,,0.0,4.0,0.0,0.0,0.0,0.0,0.0,0.0,,0.0,0.0,0.0,0.0,,2,1,0,1,2,2662,1463,1681,1118,1118,0,0.0,0,0,,,,,0,0.10557899015729337,0.03199642790975653,deg_n_celltypes_sig=4 (+0.06); deg_pooled_log2fc=nan (+0.05); cc_edges_total=2 (+0.04),novel
1283,GPR37L1,T cell,IDH_Mutant,T_cell,0.0,0.0,0.0,0.0,,,0.0,0.0,0.0,0.0,,0.0,1.0,0.0,0.0,0.0,0.0,0.0,0.0,,0.0,0.0,0.0,0.0,,9,0,1,1,1,2662,1463,941,334,334,0,0.0,1,0,,,,,0,0.10546637332797378,0.026922580878269275,deg_n_celltypes_sig=1 (+0.13); cc_n_celltypes_total=1 (+0.12); cc_is_ligand=0 (+0.08),novel
1284,JAM3,T cell,IDH_Mutant,T_cell,0.0,0.0,0.0,0.0,,,0.0,0.0,0.0,0.0,,0.0,1.0,0.0,0.0,0.0,0.0,0.0,0.0,,0.0,0.0,0.0,0.0,,3,1,1,1,1,2662,1463,941,334,334,0,0.0,1,0,,,,,0,0.10531291174069646,0.016066268142966186,deg_n_celltypes_sig=1 (+0.12); cc_n_celltypes_total=1 (+0.12); deg_pooled_log2fc=nan (+0.04),novel
1285,SORT1,T cell,IDH_WT,T_cell,0.0,0.0,0.0,0.0,,,0.0,0.0,0.0,0.0,,0.0,3.0,0.0,0.0,0.0,0.0,0.0,0.0,,0.0,0.0,0.0,0.0,,3,0,1,1,1,2662,1463,1681,1118,1118,0,0.0,0,0,,,,,0,0.10461179078752147,0.032382488851605405,cc_n_celltypes_total=1 (+0.12); cc_is_ligand=0 (+0.08); deg_pooled_log2fc=nan (+0.04),novel
1286,AREG,TAM1/TAM2/microglia,IDH_WT,TAM_microglia,1.0,-0.8546221706978485,0.8546221706978485,9.049947087920996,0.163,0.226,-0.063,-1.0,1.0,1.0,-3.319258461992185,1.0,2.0,0.0,0.0,0.0,0.0,0.0,0.0,,0.0,0.0,0.0,0.0,,7,1,0,1,1,12086,25922,9696,2745,2745,0,-0.0,0,0,,,,,0,0.10403151936543817,0.02279840064800944,cc_n_cells_e1=1.21e+04 (+0.20); cc_n_celltypes_total=1 (+0.04); ctx_n_e1=9.7e+03 (+0.01),novel
1287,ENTPD1,T cell,IDH_Mutant,T_cell,0.0,0.0,0.0,0.0,,,0.0,0.0,0.0,0.0,,0.0,1.0,0.0,0.0,0.0,0.0,0.0,0.0,,0.0,0.0,0.0,0.0,,4,1,1,1,1,2662,1463,941,334,334,0,0.0,1,0,1.0,TAM_microglia,myeloid_bridge,"Takenaka et al., Nat Neurosci 2019",0,0.10397454991272195,0.02640906267465821,deg_n_celltypes_sig=1 (+0.12); cc_n_celltypes_total=1 (+0.12); deg_pooled_log2fc=nan (+0.04),"literature gene, other compartment"
1288,ENTPD1,T cell,IDH_WT,T_cell,0.0,0.0,0.0,0.0,,,0.0,0.0,0.0,0.0,,0.0,1.0,0.0,0.0,0.0,0.0,0.0,0.0,,0.0,0.0,0.0,0.0,,4,1,1,1,1,2662,1463,1681,1118,1118,0,0.0,0,0,1.0,TAM_microglia,myeloid_bridge,"Takenaka et al., Nat Neurosci 2019",0,0.10336664125053718,0.026778236374217897,deg_n_celltypes_sig=1 (+0.12); cc_n_celltypes_total=1 (+0.12); deg_pooled_log2fc=nan (+0.04),"literature gene, other compartment"
1289,CLEC2D,cycling_tumor,IDH_WT,tumor,1.0,0.4232851334045273,0.4232851334045273,25.581682812448022,0.142,0.037,0.10499999999999998,1.0,0.0,0.0,0.4673652569920334,1.0,3.0,0.0,0.0,0.0,0.0,0.0,0.0,,0.0,0.0,0.0,0.0,,2,1,0,1,1,6410,814,5847,663,663,0,0.0,0,0,1.0,"tumor,TAM_microglia",immune_synapse,"Mathewson et al., Cell 2021",1,0.10052148176275691,0.035648666768592116,cc_n_cells_e1=6.41e+03 (+0.20); deg_pct_diff=0.105 (+0.16); deg_log2fc=0.423 (+0.11),literature tier 1 (label)
1290,PSAP,TAM1/TAM2/microglia,IDH_Mutant,TAM_microglia,1.0,-0.2812494639765921,0.2812494639765921,11.093660131024475,0.799,0.832,-0.03299999999999992,-1.0,0.0,0.0,-0.4280789159029763,1.0,3.0,2.0,0.0,1.0,1.0,0.0103328573239385,0.0097178938974877,0.0,1.0,1.0,2.0,2.0,0.0,9,1,0,1,5,12086,25922,2106,21701,2106,0,-0.0,1,1,,,,,0,0.1004553205434368,0.06376280079663639,cc_n_cells_e1=1.21e+04 (+0.24); deg_pct_e2=0.799 (+0.04); cc_max_prob=0.0103 (+0.02),novel
1291,SORT1,T cell,IDH_Mutant,T_cell,0.0,0.0,0.0,0.0,,,0.0,0.0,0.0,0.0,,0.0,2.0,0.0,0.0,0.0,0.0,0.0,0.0,,0.0,0.0,0.0,0.0,,3,0,1,1,1,2662,1463,941,334,334,0,0.0,1,0,,,,,0,0.0995892406826239,0.02661851062649032,cc_n_celltypes_total=1 (+0.12); cc_is_ligand=0 (+0.08); deg_pooled_log2fc=nan (+0.04),novel
1292,PTGES3,T cell,IDH_WT,T_cell,0.0,0.0,0.0,0.0,,,0.0,0.0,0.0,0.0,,0.0,3.0,2.0,0.0,1.0,1.0,0.0036836510154045,0.00361958430436245,0.0,1.0,1.0,2.0,2.0,0.0,13,1,0,1,7,2662,1463,1681,1118,1118,0,0.0,0,0,,,,,0,0.09760759591271795,0.02925127643272634,cc_edges_total=13 (+0.42); deg_pooled_log2fc=nan (+0.03); cc_mean_prob=0.00362 (+0.03),novel
1293,NRCAM,T cell,IDH_WT,T_cell,0.0,0.0,0.0,0.0,,,0.0,0.0,0.0,0.0,,0.0,1.0,0.0,0.0,0.0,0.0,0.0,0.0,,0.0,0.0,0.0,0.0,,12,0,1,1,4,2662,1463,1681,1118,1118,0,0.0,0,0,,,,,0,0.09723516362990484,0.041726368229298386,deg_n_celltypes_sig=1 (+0.12); cc_is_ligand=0 (+0.08); deg_pooled_log2fc=nan (+0.02),novel
1294,THY1,T cell,IDH_Mutant,T_cell,0.0,0.0,0.0,0.0,,,0.0,0.0,0.0,0.0,,0.0,3.0,0.0,0.0,0.0,0.0,0.0,0.0,,0.0,0.0,0.0,0.0,,2,1,0,1,2,2662,1463,941,334,334,0,0.0,1,0,,,,,0,0.09607376856584234,0.027367482126587683,deg_pooled_log2fc=nan (+0.06); cc_edges_total=2 (+0.03); deg_abs_log2fc=0 (+0.02),novel
1295,PDGFB,T cell,IDH_Mutant,T_cell,0.0,0.0,0.0,0.0,,,0.0,0.0,0.0,0.0,,0.0,1.0,0.0,0.0,0.0,0.0,0.0,0.0,,0.0,0.0,0.0,0.0,,3,1,0,1,1,2662,1463,941,334,334,0,0.0,1,0,,,,,0,0.0955970524594318,0.05890716610294651,deg_n_celltypes_sig=1 (+0.12); cc_n_celltypes_total=1 (+0.12); deg_pooled_log2fc=nan (+0.05),novel
1296,FPR1,T cell,IDH_Mutant,T_cell,0.0,0.0,0.0,0.0,,,0.0,0.0,0.0,0.0,,0.0,2.0,0.0,0.0,0.0,0.0,0.0,0.0,,0.0,0.0,0.0,0.0,,10,0,1,1,1,2662,1463,941,334,334,0,0.0,1,0,,,,,0,0.0953583211874802,0.028160504164845897,cc_n_celltypes_total=1 (+0.12); cc_is_ligand=0 (+0.08); deg_pooled_log2fc=nan (+0.04),novel
1297,LILRB4,T cell,IDH_Mutant,T_cell,0.0,0.0,0.0,0.0,,,0.0,0.0,0.0,0.0,,0.0,2.0,0.0,0.0,0.0,0.0,0.0,0.0,,0.0,0.0,0.0,0.0,,4,0,1,1,1,2662,1463,941,334,334,0,0.0,1,0,2.0,TAM_microglia,myeloid_bridge,Myeloid checkpoint (pathway-level),0,0.09365352721545805,0.047178496231146935,cc_n_celltypes_total=1 (+0.12); cc_is_ligand=0 (+0.08); deg_pooled_log2fc=nan (+0.04),"literature gene, other compartment"
1298,HLA-DRB5,T cell,IDH_WT,T_cell,0.0,0.0,0.0,0.0,,,0.0,0.0,0.0,0.0,,0.0,2.0,0.0,0.0,0.0,0.0,0.0,0.0,,0.0,0.0,0.0,0.0,,4,1,0,1,1,2662,1463,1681,1118,1118,0,0.0,0,0,,,,,0,0.09276331158009168,0.021139254960457873,cc_n_celltypes_total=1 (+0.12); deg_pooled_log2fc=nan (+0.05); deg_cc_concordance=0 (+0.01),novel
1299,CLEC2D,TAM1/TAM2/microglia,IDH_WT,TAM_microglia,0.0,0.0,0.0,0.0,,,0.0,0.0,0.0,0.0,,0.0,3.0,0.0,0.0,0.0,0.0,0.0,0.0,,0.0,0.0,0.0,0.0,,2,1,0,1,1,12086,25922,9696,2745,2745,0,0.0,0,0,1.0,"tumor,TAM_microglia",immune_synapse,"Mathewson et al., Cell 2021",1,0.09245311672002653,0.01081539999217538,cc_n_cells_e1=1.21e+04 (+0.22); deg_pooled_log2fc=nan (+0.06); cc_n_celltypes_total=1 (+0.04),literature tier 1 (label)
1300,CLSTN1,T cell,IDH_WT,T_cell,0.0,0.0,0.0,0.0,,,0.0,0.0,0.0,0.0,,0.0,2.0,0.0,0.0,0.0,0.0,0.0,0.0,,0.0,0.0,0.0,0.0,,12,0,1,1,2,2662,1463,1681,1118,1118,0,0.0,0,0,,,,,0,0.09230255746450751,0.0225107332617903,cc_is_ligand=0 (+0.08); deg_pooled_log2fc=nan (+0.04); deg_cc_concordance=0 (+0.01),novel
1301,PDGFB,T cell,IDH_WT,T_cell,0.0,0.0,0.0,0.0,,,0.0,0.0,0.0,0.0,,0.0,1.0,0.0,0.0,0.0,0.0,0.0,0.0,,0.0,0.0,0.0,0.0,,3,1,0,1,1,2662,1463,1681,1118,1118,0,0.0,0,0,,,,,0,0.09228376919793849,0.054932908101652,deg_n_celltypes_sig=1 (+0.12); cc_n_celltypes_total=1 (+0.12); deg_pooled_log2fc=nan (+0.05),novel
1302,HAVCR2,T cell,IDH_Mutant,T_cell,1.0,1.9362697654948275,1.9362697654948275,3.13850499040765,0.129,0.043,0.08600000000000001,1.0,0.0,0.0,,0.0,3.0,0.0,0.0,0.0,0.0,0.0,0.0,,0.0,0.0,0.0,0.0,,2,0,1,1,1,2662,1463,941,334,334,0,0.0,1,0,1.0,T_cell,immune_synapse,"Kim et al., Clin Cancer Res 2017",1,0.08946888195753015,0.02075193517783736,deg_pct_diff=0.086 (+0.17); deg_log2fc=1.94 (+0.15); deg_pct_e1=0.043 (+0.14),literature tier 1 (label)
1303,HLA-DMB,T cell,IDH_Mutant,T_cell,0.0,0.0,0.0,0.0,,,0.0,0.0,0.0,0.0,,0.0,2.0,0.0,0.0,0.0,0.0,0.0,0.0,,0.0,0.0,0.0,0.0,,4,1,0,1,1,2662,1463,941,334,334,0,0.0,1,0,,,,,0,0.08917274033770228,0.018924049843506287,cc_n_celltypes_total=1 (+0.12); deg_pooled_log2fc=nan (+0.05); ctx_min_n=334 (+0.01),novel
1304,SDC3,T cell,IDH_WT,T_cell,0.0,0.0,0.0,0.0,,,0.0,0.0,0.0,0.0,,0.0,2.0,0.0,0.0,0.0,0.0,0.0,0.0,,0.0,0.0,0.0,0.0,,11,0,1,1,1,2662,1463,1681,1118,1118,0,0.0,0,0,,,,,0,0.08886590835828131,0.020553848215854487,cc_n_celltypes_total=1 (+0.12); cc_is_ligand=0 (+0.08); deg_pooled_log2fc=nan (+0.04),novel
1305,C3AR1,T cell,IDH_WT,T_cell,0.0,0.0,0.0,0.0,,,0.0,0.0,0.0,0.0,,0.0,1.0,0.0,0.0,0.0,0.0,0.0,0.0,,0.0,0.0,0.0,0.0,,4,0,1,1,1,2662,1463,1681,1118,1118,0,0.0,0,0,,,,,0,0.08711811709671427,0.03797470367894951,cc_n_celltypes_total=1 (+0.12); deg_n_celltypes_sig=1 (+0.12); cc_is_ligand=0 (+0.08),novel
1306,LRRTM2,T cell,IDH_Mutant,T_cell,0.0,0.0,0.0,0.0,,,0.0,0.0,0.0,0.0,,0.0,3.0,0.0,0.0,0.0,0.0,0.0,0.0,,0.0,0.0,0.0,0.0,,12,0,1,1,2,2662,1463,941,334,334,0,0.0,1,0,,,,,0,0.08683089409010489,0.01782201523826201,cc_is_ligand=0 (+0.08); deg_pooled_log2fc=nan (+0.04); ctx_min_n=334 (+0.01),novel
1307,HLA-E,T cell,IDH_Mutant,T_cell,0.0,0.0,0.0,0.0,,,0.0,0.0,0.0,0.0,,0.0,4.0,2.0,0.0,1.0,1.0,0.0243335020236749,0.0230551639814484,0.0,1.0,1.0,2.0,2.0,0.0,6,1,0,1,4,2662,1463,941,334,334,0,0.0,1,0,,,,,0,0.08663205279790273,0.010135931992738243,deg_n_celltypes_sig=4 (+0.09); deg_pooled_log2fc=nan (+0.02); deg_cc_concordance=0 (+0.01),novel
1308,GRIA3,T cell,IDH_WT,T_cell,0.0,0.0,0.0,0.0,,,0.0,0.0,0.0,0.0,,0.0,1.0,0.0,0.0,0.0,0.0,0.0,0.0,,0.0,0.0,0.0,0.0,,6,0,1,1,2,2662,1463,1681,1118,1118,0,0.0,0,0,2.0,tumor,neuron_tumor,"AMPAR subunit family; Venkatesh et al., Nature 2019",0,0.08653036869585928,0.024884681465231064,deg_n_celltypes_sig=1 (+0.13); cc_is_ligand=0 (+0.08); deg_pooled_log2fc=nan (+0.04),"literature gene, other compartment"
1309,C3,T cell,IDH_Mutant,T_cell,0.0,0.0,0.0,0.0,,,0.0,0.0,0.0,0.0,,0.0,2.0,0.0,0.0,0.0,0.0,0.0,0.0,,0.0,0.0,0.0,0.0,,6,1,0,1,1,2662,1463,941,334,334,0,0.0,1,0,,,,,0,0.08449268313159272,0.02533980830329831,cc_n_celltypes_total=1 (+0.12); deg_pooled_log2fc=nan (+0.04); ctx_min_n=334 (+0.01),novel
1310,LGALS9,T cell,IDH_Mutant,T_cell,0.0,0.0,0.0,0.0,,,0.0,0.0,0.0,0.0,,0.0,1.0,0.0,0.0,0.0,0.0,0.0,0.0,,0.0,0.0,0.0,0.0,,13,1,0,1,1,2662,1463,941,334,334,0,0.0,1,0,2.0,"tumor,TAM_microglia",immune_synapse,HAVCR2 ligand (pathway-level),0,0.08448793342435194,0.0217827304262897,cc_edges_total=13 (+0.53); cc_n_celltypes_total=1 (+0.17); deg_n_celltypes_sig=1 (+0.14),"literature gene, other compartment"
1311,C3,T cell,IDH_WT,T_cell,0.0,0.0,0.0,0.0,,,0.0,0.0,0.0,0.0,,0.0,2.0,0.0,0.0,0.0,0.0,0.0,0.0,,0.0,0.0,0.0,0.0,,6,1,0,1,1,2662,1463,1681,1118,1118,0,0.0,0,0,,,,,0,0.08428966973373922,0.025297792650877955,cc_n_celltypes_total=1 (+0.12); deg_pooled_log2fc=nan (+0.04); deg_cc_concordance=0 (+0.01),novel
1312,CLEC2B,T cell,IDH_WT,T_cell,0.0,0.0,0.0,0.0,,,0.0,0.0,0.0,0.0,,0.0,2.0,4.0,0.0,2.0,2.0,0.0096511344119366,0.00826076587006,0.0,1.0,1.0,0.0,4.0,0.0,6,1,0,1,2,2662,1463,1681,1118,1118,0,0.0,0,0,,,,,0,0.08420215334803026,0.034624095067458144,cc_edges_e2=2 (+0.23); deg_pooled_log2fc=nan (+0.04); cc_edges_e1=2 (+0.03),novel
1313,CLEC2B,T cell,IDH_Mutant,T_cell,0.0,0.0,0.0,0.0,,,0.0,0.0,0.0,0.0,,0.0,2.0,4.0,0.0,2.0,2.0,0.0096511344119366,0.00826076587006,0.0,1.0,1.0,0.0,4.0,0.0,6,1,0,1,2,2662,1463,941,334,334,0,0.0,1,0,,,,,0,0.08420215334803026,0.034624095067458144,cc_edges_e2=2 (+0.23); deg_pooled_log2fc=nan (+0.04); cc_edges_e1=2 (+0.03),novel
1314,LRRTM2,T cell,IDH_WT,T_cell,0.0,0.0,0.0,0.0,,,0.0,0.0,0.0,0.0,,0.0,2.0,0.0,0.0,0.0,0.0,0.0,0.0,,0.0,0.0,0.0,0.0,,12,0,1,1,2,2662,1463,1681,1118,1118,0,0.0,0,0,,,,,0,0.08404317884996845,0.018329420664500884,cc_is_ligand=0 (+0.08); deg_pooled_log2fc=nan (+0.04); deg_cc_concordance=0 (+0.01),novel
1315,P4HB,T cell,IDH_WT,T_cell,0.0,0.0,0.0,0.0,,,0.0,0.0,0.0,0.0,,0.0,2.0,0.0,0.0,0.0,0.0,0.0,0.0,,0.0,0.0,0.0,0.0,,5,0,1,1,3,2662,1463,1681,1118,1118,0,0.0,0,0,,,,,0,0.08375698701863073,0.02208211674714427,cc_is_ligand=0 (+0.08); deg_pooled_log2fc=nan (+0.03); deg_cc_concordance=0 (+0.01),novel
1316,LRP1,T cell,IDH_Mutant,T_cell,0.0,0.0,0.0,0.0,,,0.0,0.0,0.0,0.0,,0.0,1.0,0.0,0.0,0.0,0.0,0.0,0.0,,0.0,0.0,0.0,0.0,,7,0,1,1,4,2662,1463,941,334,334,0,0.0,1,0,,,,,0,0.08348960103273993,0.024576514195129403,deg_n_celltypes_sig=1 (+0.12); cc_is_ligand=0 (+0.08); deg_pooled_log2fc=nan (+0.03),novel
1317,NRCAM,T cell,IDH_Mutant,T_cell,0.0,0.0,0.0,0.0,,,0.0,0.0,0.0,0.0,,0.0,4.0,0.0,0.0,0.0,0.0,0.0,0.0,,0.0,0.0,0.0,0.0,,12,0,1,1,4,2662,1463,941,334,334,0,0.0,1,0,,,,,0,0.08244928875376767,0.039988740490782354,cc_is_ligand=0 (+0.08); deg_n_celltypes_sig=4 (+0.07); deg_pooled_log2fc=nan (+0.02),novel
1318,LGALS9,T cell,IDH_WT,T_cell,0.0,0.0,0.0,0.0,,,0.0,0.0,0.0,0.0,,0.0,1.0,0.0,0.0,0.0,0.0,0.0,0.0,,0.0,0.0,0.0,0.0,,13,1,0,1,1,2662,1463,1681,1118,1118,0,0.0,0,0,2.0,"tumor,TAM_microglia",immune_synapse,HAVCR2 ligand (pathway-level),0,0.08236447994308274,0.021367805229227353,cc_edges_total=13 (+0.53); cc_n_celltypes_total=1 (+0.17); deg_n_celltypes_sig=1 (+0.14),"literature gene, other compartment"
1319,TGFBR1,T cell,IDH_Mutant,T_cell,0.0,0.0,0.0,0.0,,,0.0,0.0,0.0,0.0,,0.0,2.0,0.0,0.0,0.0,0.0,0.0,0.0,,0.0,0.0,0.0,0.0,,4,0,1,1,1,2662,1463,941,334,334,0,0.0,1,0,,,,,0,0.08219655666581002,0.036025989481537006,cc_n_celltypes_total=1 (+0.12); cc_is_ligand=0 (+0.08); deg_pooled_log2fc=nan (+0.04),novel
1320,MPZL1,T cell,IDH_Mutant,T_cell,0.0,0.0,0.0,0.0,,,0.0,0.0,0.0,0.0,,0.0,1.0,0.0,0.0,0.0,0.0,0.0,0.0,,0.0,0.0,0.0,0.0,,8,1,1,1,2,2662,1463,941,334,334,0,0.0,1,0,,,,,0,0.08188808580375356,0.01895427277985201,deg_n_celltypes_sig=1 (+0.13); deg_pooled_log2fc=nan (+0.04); ctx_min_n=334 (+0.01),novel
1321,PDGFRA,T cell,IDH_Mutant,T_cell,0.0,0.0,0.0,0.0,,,0.0,0.0,0.0,0.0,,0.0,4.0,0.0,0.0,0.0,0.0,0.0,0.0,,0.0,0.0,0.0,0.0,,6,0,1,1,3,2662,1463,941,334,334,0,0.0,1,0,1.0,tumor,growth,"Brennan et al., Cell 2013; Verhaak et al., Cancer Cell 2010",0,0.08163171643471387,0.030804037251400077,cc_is_ligand=0 (+0.08); deg_n_celltypes_sig=4 (+0.08); deg_pooled_log2fc=nan (+0.02),"literature gene, other compartment"
1322,TGFBR1,T cell,IDH_WT,T_cell,0.0,0.0,0.0,0.0,,,0.0,0.0,0.0,0.0,,0.0,2.0,0.0,0.0,0.0,0.0,0.0,0.0,,0.0,0.0,0.0,0.0,,4,0,1,1,1,2662,1463,1681,1118,1118,0,0.0,0,0,,,,,0,0.08159121548102352,0.03648809687598145,cc_n_celltypes_total=1 (+0.12); cc_is_ligand=0 (+0.08); deg_pooled_log2fc=nan (+0.04),novel
1323,PDGFA,T cell,IDH_Mutant,T_cell,0.0,0.0,0.0,0.0,,,0.0,0.0,0.0,0.0,,0.0,1.0,0.0,0.0,0.0,0.0,0.0,0.0,,0.0,0.0,0.0,0.0,,3,1,0,1,1,2662,1463,941,334,334,0,0.0,1,0,,,,,0,0.08010703658000926,0.055628773830100016,deg_n_celltypes_sig=1 (+0.12); cc_n_celltypes_total=1 (+0.12); deg_pooled_log2fc=nan (+0.05),novel
1324,PDGFRA,T cell,IDH_WT,T_cell,0.0,0.0,0.0,0.0,,,0.0,0.0,0.0,0.0,,0.0,4.0,0.0,0.0,0.0,0.0,0.0,0.0,,0.0,0.0,0.0,0.0,,6,0,1,1,3,2662,1463,1681,1118,1118,0,0.0,0,0,1.0,tumor,growth,"Brennan et al., Cell 2013; Verhaak et al., Cancer Cell 2010",0,0.07979790770873532,0.030284178933802006,cc_is_ligand=0 (+0.08); deg_n_celltypes_sig=4 (+0.08); deg_pooled_log2fc=nan (+0.02),"literature gene, other compartment"
1325,JAM2,T cell,IDH_Mutant,T_cell,0.0,0.0,0.0,0.0,,,0.0,0.0,0.0,0.0,,0.0,2.0,0.0,0.0,0.0,0.0,0.0,0.0,,0.0,0.0,0.0,0.0,,6,1,1,1,1,2662,1463,941,334,334,0,0.0,1,0,,,,,0,0.079133259465579,0.024720038977321432,cc_n_celltypes_total=1 (+0.12); deg_pooled_log2fc=nan (+0.04); ctx_min_n=334 (+0.01),novel
1326,PILRB,T cell,IDH_WT,T_cell,0.0,0.0,0.0,0.0,,,0.0,0.0,0.0,0.0,,0.0,2.0,0.0,0.0,0.0,0.0,0.0,0.0,,0.0,0.0,0.0,0.0,,7,0,1,1,1,2662,1463,1681,1118,1118,0,0.0,0,0,,,,,0,0.07804903475232956,0.027542466433284316,cc_n_celltypes_total=1 (+0.12); cc_is_ligand=0 (+0.08); deg_pooled_log2fc=nan (+0.04),novel
1327,JAM2,T cell,IDH_WT,T_cell,0.0,0.0,0.0,0.0,,,0.0,0.0,0.0,0.0,,0.0,2.0,0.0,0.0,0.0,0.0,0.0,0.0,,0.0,0.0,0.0,0.0,,6,1,1,1,1,2662,1463,1681,1118,1118,0,0.0,0,0,,,,,0,0.07750740278118215,0.025711364158433194,cc_n_celltypes_total=1 (+0.12); deg_pooled_log2fc=nan (+0.04); deg_cc_concordance=0 (+0.01),novel
1328,HLA-DQB1,T cell,IDH_WT,T_cell,0.0,0.0,0.0,0.0,,,0.0,0.0,0.0,0.0,,0.0,1.0,0.0,0.0,0.0,0.0,0.0,0.0,,0.0,0.0,0.0,0.0,,6,1,0,1,2,2662,1463,1681,1118,1118,0,0.0,0,0,,,,,0,0.0774245165954853,0.014083032110838757,deg_n_celltypes_sig=1 (+0.13); deg_pooled_log2fc=nan (+0.04); deg_cc_concordance=0 (+0.01),novel
1329,ITGAX,T cell,IDH_WT,T_cell,0.0,0.0,0.0,0.0,,,0.0,0.0,0.0,0.0,,0.0,1.0,0.0,0.0,0.0,0.0,0.0,0.0,,0.0,0.0,0.0,0.0,,4,0,1,2,1,2662,1463,1681,1118,1118,0,0.0,0,0,,,,,0,0.07650937300831248,0.036803132604709514,cc_n_celltypes_total=1 (+0.12); deg_n_celltypes_sig=1 (+0.12); cc_is_ligand=0 (+0.08),novel
1330,GRN,T cell,IDH_Mutant,T_cell,0.0,0.0,0.0,0.0,,,0.0,0.0,0.0,0.0,,0.0,3.0,0.0,0.0,0.0,0.0,0.0,0.0,,0.0,0.0,0.0,0.0,,3,1,0,1,2,2662,1463,941,334,334,0,0.0,1,0,,,,,0,0.07518256753368986,0.017420287096565384,deg_pooled_log2fc=nan (+0.05); ctx_min_n=334 (+0.01); deg_cc_concordance=0 (+0.01),novel
1331,NRXN2,T cell,IDH_Mutant,T_cell,0.0,0.0,0.0,0.0,,,0.0,0.0,0.0,0.0,,0.0,3.0,0.0,0.0,0.0,0.0,0.0,0.0,,0.0,0.0,0.0,0.0,,10,1,0,1,1,2662,1463,941,334,334,0,0.0,1,0,,,,,0,0.07451654284702343,0.024255250535619673,cc_n_celltypes_total=1 (+0.12); deg_pooled_log2fc=nan (+0.04); ctx_min_n=334 (+0.01),novel
1332,HLA-DMA,T cell,IDH_WT,T_cell,0.0,0.0,0.0,0.0,,,0.0,0.0,0.0,0.0,,0.0,1.0,0.0,0.0,0.0,0.0,0.0,0.0,,0.0,0.0,0.0,0.0,,8,1,0,1,3,2662,1463,1681,1118,1118,0,0.0,0,0,,,,,0,0.06998711737954139,0.020125574587719512,deg_n_celltypes_sig=1 (+0.12); deg_pooled_log2fc=nan (+0.03); deg_cc_concordance=0 (+0.01),novel
1333,MPZL1,T cell,IDH_WT,T_cell,0.0,0.0,0.0,0.0,,,0.0,0.0,0.0,0.0,,0.0,4.0,0.0,0.0,0.0,0.0,0.0,0.0,,0.0,0.0,0.0,0.0,,8,1,1,1,2,2662,1463,1681,1118,1118,0,0.0,0,0,,,,,0,0.06947193236314489,0.01774749421937344,deg_n_celltypes_sig=4 (+0.07); deg_pooled_log2fc=nan (+0.03); deg_cc_concordance=0 (+0.01),novel
1334,ANXA1,T cell,IDH_Mutant,T_cell,1.0,-1.4755624160204823,1.4755624160204823,13.02362697618783,0.389,0.615,-0.22599999999999998,-1.0,0.0,0.0,-0.7321958216918238,1.0,3.0,4.0,0.0,2.0,2.0,0.0086008858847479,0.007114231858496975,0.0,1.0,1.0,4.0,4.0,0.0,10,1,0,1,4,2662,1463,941,334,334,0,-0.0,1,1,,,,,0,0.06855410723806987,0.012986652131655783,cc_edges_e2=2 (+0.24); cc_edges_e1=2 (+0.04); deg_abs_log2fc=1.48 (+0.02),novel
1335,JAM3,T cell,IDH_WT,T_cell,0.0,0.0,0.0,0.0,,,0.0,0.0,0.0,0.0,,0.0,3.0,0.0,0.0,0.0,0.0,0.0,0.0,,0.0,0.0,0.0,0.0,,3,1,1,1,1,2662,1463,1681,1118,1118,0,0.0,0,0,,,,,0,0.06779635350798234,0.013207875752996739,cc_n_celltypes_total=1 (+0.12); deg_pooled_log2fc=nan (+0.04); deg_cc_concordance=0 (+0.01),novel
1336,NLGN3,T cell,IDH_Mutant,T_cell,0.0,0.0,0.0,0.0,,,0.0,0.0,0.0,0.0,,0.0,2.0,0.0,0.0,0.0,0.0,0.0,0.0,,0.0,0.0,0.0,0.0,,6,0,1,1,1,2662,1463,941,334,334,0,0.0,1,0,1.0,tumor,neuron_tumor,"Venkatesh et al., Cell 2015; Venkatesh et al., Nature 2017",0,0.06760468877627605,0.02091917936024681,cc_n_celltypes_total=1 (+0.12); cc_is_ligand=0 (+0.08); deg_pooled_log2fc=nan (+0.04),"literature gene, other compartment"
1337,COL9A1,T cell,IDH_WT,T_cell,0.0,0.0,0.0,0.0,,,0.0,0.0,0.0,0.0,,0.0,2.0,0.0,0.0,0.0,0.0,0.0,0.0,,0.0,0.0,0.0,0.0,,5,1,0,1,1,2662,1463,1681,1118,1118,0,0.0,0,0,,,,,0,0.06654447290381267,0.026440328325384364,cc_n_celltypes_total=1 (+0.12); deg_pooled_log2fc=nan (+0.05); deg_cc_concordance=0 (+0.01),novel
1338,NLGN3,T cell,IDH_WT,T_cell,0.0,0.0,0.0,0.0,,,0.0,0.0,0.0,0.0,,0.0,2.0,0.0,0.0,0.0,0.0,0.0,0.0,,0.0,0.0,0.0,0.0,,6,0,1,1,1,2662,1463,1681,1118,1118,0,0.0,0,0,1.0,tumor,neuron_tumor,"Venkatesh et al., Cell 2015; Venkatesh et al., Nature 2017",0,0.06651130848753532,0.020853231997237216,cc_n_celltypes_total=1 (+0.12); cc_is_ligand=0 (+0.08); deg_pooled_log2fc=nan (+0.04),"literature gene, other compartment"
1339,CLEC2D,T cell,IDH_Mutant,T_cell,1.0,-1.355669581626439,1.355669581626439,7.7936293880574565,0.192,0.396,-0.20400000000000001,-1.0,1.0,1.0,-1.2622850555175171,1.0,1.0,2.0,0.0,0.0,2.0,0.0064186582730417,0.0057637704942803,0.0,1.0,1.0,0.0,2.0,-1.0,2,1,0,1,1,2662,1463,941,334,334,0,1.0,1,1,1.0,"tumor,TAM_microglia",immune_synapse,"Mathewson et al., Cell 2021",0,0.066378315774716,0.031200708588749685,deg_n_celltypes_sig=1 (+0.15); cc_n_celltypes_total=1 (+0.13); cc_edges_e1=2 (+0.03),"literature gene, other compartment"
1340,PTPRC,T cell,IDH_Mutant,T_cell,1.0,-0.6311738239259213,0.6311738239259213,5.434409448048717,0.728,0.818,-0.08999999999999997,-1.0,1.0,1.0,-0.7802312468627823,1.0,2.0,2.0,2.0,2.0,2.0,0.0190396652672054,0.015650702062507026,0.0,2.0,1.0,4.0,4.0,0.0,8,1,1,2,2,2662,1463,941,334,334,0,-0.0,1,1,,,,,0,0.06628556955723806,0.020233502990685538,cc_edges_e2=2 (+0.24); deg_pct_e2=0.728 (+0.04); cc_edges_e1=2 (+0.04),novel
1341,PSAP,OPC_GABA_like_tumor,IDH_Mutant,tumor,1.0,-1.3612885720879864,1.3612885720879864,150.07892328767193,0.449,0.698,-0.24899999999999994,-1.0,0.0,0.0,-0.911250745259244,1.0,3.0,2.0,0.0,1.0,1.0,0.0022598039211921,0.0019001285955775999,0.0,1.0,1.0,0.0,2.0,0.0,9,1,0,1,5,6741,14114,1658,11741,1658,0,-0.0,1,1,,,,,0,0.06623774916108778,0.028802219508499555,cc_n_cells_e1=6.74e+03 (+0.23); deg_cc_concordance=-0 (+0.01); cc_max_pval=0 (+0.01),novel
1342,HBEGF,T cell,IDH_WT,T_cell,0.0,0.0,0.0,0.0,,,0.0,0.0,0.0,0.0,,0.0,2.0,0.0,0.0,0.0,0.0,0.0,0.0,,0.0,0.0,0.0,0.0,,7,1,0,1,1,2662,1463,1681,1118,1118,0,0.0,0,0,,,,,0,0.06561002170144434,0.0211403668534111,cc_n_celltypes_total=1 (+0.12); deg_pooled_log2fc=nan (+0.04); deg_cc_concordance=0 (+0.01),novel
1343,PSAP,T cell,IDH_WT,T_cell,0.0,0.0,0.0,0.0,,,0.0,0.0,0.0,0.0,,0.0,0.0,0.0,0.0,0.0,0.0,0.0,0.0,,0.0,0.0,0.0,0.0,,9,1,0,1,5,2662,1463,1681,1118,1118,0,0.0,0,0,,,,,0,0.06520259746228597,0.02981376735391933,deg_n_celltypes_sig=0 (+0.38); deg_pooled_log2fc=nan (+0.03); idh_mutant=0 (+0.01),novel
1344,LRP1,T cell,IDH_WT,T_cell,0.0,0.0,0.0,0.0,,,0.0,0.0,0.0,0.0,,0.0,2.0,0.0,0.0,0.0,0.0,0.0,0.0,,0.0,0.0,0.0,0.0,,7,0,1,1,4,2662,1463,1681,1118,1118,0,0.0,0,0,,,,,0,0.06432145623983031,0.02463446581944524,cc_is_ligand=0 (+0.08); deg_pooled_log2fc=nan (+0.03); deg_cc_concordance=0 (+0.01),novel
1345,TMIGD3,T cell,IDH_Mutant,T_cell,0.0,0.0,0.0,0.0,,,0.0,0.0,0.0,0.0,,0.0,2.0,0.0,0.0,0.0,0.0,0.0,0.0,,0.0,0.0,0.0,0.0,,3,0,1,1,2,2662,1463,941,334,334,0,0.0,1,0,,,,,0,0.0638306500752009,0.02755950922775054,cc_is_ligand=0 (+0.08); deg_pooled_log2fc=nan (+0.04); ctx_min_n=334 (+0.01),novel
1346,C3AR1,T cell,IDH_Mutant,T_cell,0.0,0.0,0.0,0.0,,,0.0,0.0,0.0,0.0,,0.0,2.0,0.0,0.0,0.0,0.0,0.0,0.0,,0.0,0.0,0.0,0.0,,4,0,1,1,1,2662,1463,941,334,334,0,0.0,1,0,,,,,0,0.06351419322806665,0.028989942062971102,cc_n_celltypes_total=1 (+0.12); cc_is_ligand=0 (+0.08); deg_pooled_log2fc=nan (+0.04),novel
1347,TMIGD3,T cell,IDH_WT,T_cell,0.0,0.0,0.0,0.0,,,0.0,0.0,0.0,0.0,,0.0,2.0,0.0,0.0,0.0,0.0,0.0,0.0,,0.0,0.0,0.0,0.0,,3,0,1,1,2,2662,1463,1681,1118,1118,0,0.0,0,0,,,,,0,0.06343161493394592,0.027644944376344148,cc_is_ligand=0 (+0.08); deg_pooled_log2fc=nan (+0.04); deg_cc_concordance=0 (+0.01),novel
1348,GRIA3,T cell,IDH_Mutant,T_cell,0.0,0.0,0.0,0.0,,,0.0,0.0,0.0,0.0,,0.0,2.0,0.0,0.0,0.0,0.0,0.0,0.0,,0.0,0.0,0.0,0.0,,6,0,1,1,2,2662,1463,941,334,334,0,0.0,1,0,2.0,tumor,neuron_tumor,"AMPAR subunit family; Venkatesh et al., Nature 2019",0,0.06259149477430717,0.021047491019516567,cc_is_ligand=0 (+0.08); deg_pooled_log2fc=nan (+0.04); ctx_min_n=334 (+0.01),"literature gene, other compartment"
1349,GRIK2,T cell,IDH_Mutant,T_cell,0.0,0.0,0.0,0.0,,,0.0,0.0,0.0,0.0,,0.0,3.0,0.0,0.0,0.0,0.0,0.0,0.0,,0.0,0.0,0.0,0.0,,6,0,1,1,2,2662,1463,941,334,334,0,0.0,1,0,,,,,0,0.062130477346249255,0.021063964682277288,cc_is_ligand=0 (+0.08); deg_pooled_log2fc=nan (+0.04); ctx_min_n=334 (+0.01),novel
1350,PTPRC,T cell,IDH_WT,T_cell,1.0,-0.7666020759789496,0.7666020759789496,29.045799687220544,0.494,0.694,-0.19999999999999996,-1.0,1.0,1.0,-0.7802312468627823,1.0,3.0,2.0,2.0,2.0,2.0,0.0190396652672054,0.015650702062507026,0.0,2.0,1.0,4.0,4.0,0.0,8,1,1,2,2,2662,1463,1681,1118,1118,0,-0.0,0,1,,,,,0,0.06003482336885926,0.016706256464005826,cc_edges_e2=2 (+0.25); cc_edges_e1=2 (+0.04); deg_abs_log2fc=0.767 (+0.01),novel
1351,HLA-DQB1,T cell,IDH_Mutant,T_cell,0.0,0.0,0.0,0.0,,,0.0,0.0,0.0,0.0,,0.0,2.0,0.0,0.0,0.0,0.0,0.0,0.0,,0.0,0.0,0.0,0.0,,6,1,0,1,2,2662,1463,941,334,334,0,0.0,1,0,,,,,0,0.059123322758731424,0.01762805725724943,deg_pooled_log2fc=nan (+0.04); ctx_min_n=334 (+0.01); deg_cc_concordance=0 (+0.01),novel
1352,GRIK2,T cell,IDH_WT,T_cell,0.0,0.0,0.0,0.0,,,0.0,0.0,0.0,0.0,,0.0,2.0,0.0,0.0,0.0,0.0,0.0,0.0,,0.0,0.0,0.0,0.0,,6,0,1,1,2,2662,1463,1681,1118,1118,0,0.0,0,0,,,,,0,0.05910697121134752,0.017626822846406223,cc_is_ligand=0 (+0.08); deg_pooled_log2fc=nan (+0.04); deg_cc_concordance=0 (+0.01),novel
1353,CD69,T cell,IDH_Mutant,T_cell,1.0,-0.5267865336035498,0.5267865336035498,1.4711407130907908,0.716,0.799,-0.08300000000000007,-1.0,1.0,1.0,-0.8759182319456174,1.0,1.0,4.0,0.0,2.0,2.0,0.0319079660883083,0.019165476305495574,0.0,1.0,1.0,0.0,4.0,0.0,6,1,0,1,2,2662,1463,941,334,334,0,-0.0,1,1,,,,,0,0.058865288044509335,0.022360035089792972,cc_edges_e2=2 (+0.23); deg_n_celltypes_sig=1 (+0.13); deg_pct_e2=0.716 (+0.04),novel
1354,TGFB1,T cell,IDH_WT,T_cell,0.0,0.0,0.0,0.0,,,0.0,0.0,0.0,0.0,,0.0,0.0,0.0,0.0,0.0,0.0,0.0,0.0,,0.0,0.0,0.0,0.0,,4,1,0,1,1,2662,1463,1681,1118,1118,0,0.0,0,0,2.0,"tumor,TAM_microglia",immune_synapse,Immunosuppressive cytokine (pathway-level),0,0.05542353797195454,0.02076328015907245,deg_n_celltypes_sig=0 (+0.50); cc_n_celltypes_total=1 (+0.12); deg_pooled_log2fc=nan (+0.05),"literature gene, other compartment"
1355,HLA-DMA,T cell,IDH_Mutant,T_cell,0.0,0.0,0.0,0.0,,,0.0,0.0,0.0,0.0,,0.0,2.0,0.0,0.0,0.0,0.0,0.0,0.0,,0.0,0.0,0.0,0.0,,8,1,0,1,3,2662,1463,941,334,334,0,0.0,1,0,,,,,0,0.053756249980220806,0.015166275772645845,deg_pooled_log2fc=nan (+0.03); ctx_min_n=334 (+0.01); deg_cc_concordance=0 (+0.01),novel
1356,DLL1,T cell,IDH_Mutant,T_cell,0.0,0.0,0.0,0.0,,,0.0,0.0,0.0,0.0,,0.0,3.0,0.0,0.0,0.0,0.0,0.0,0.0,,0.0,0.0,0.0,0.0,,4,1,0,1,2,2662,1463,941,334,334,0,0.0,1,0,,,,,0,0.053168041214650685,0.01732094938820079,deg_pooled_log2fc=nan (+0.05); ctx_min_n=334 (+0.01); deg_cc_concordance=0 (+0.01),novel
1357,PDGFA,T cell,IDH_WT,T_cell,0.0,0.0,0.0,0.0,,,0.0,0.0,0.0,0.0,,0.0,2.0,0.0,0.0,0.0,0.0,0.0,0.0,,0.0,0.0,0.0,0.0,,3,1,0,1,1,2662,1463,1681,1118,1118,0,0.0,0,0,,,,,0,0.05308192808938787,0.038329848566578374,cc_n_celltypes_total=1 (+0.12); deg_pooled_log2fc=nan (+0.05); deg_cc_concordance=0 (+0.01),novel
1358,GRIA2,T cell,IDH_Mutant,T_cell,0.0,0.0,0.0,0.0,,,0.0,0.0,0.0,0.0,,0.0,4.0,0.0,0.0,0.0,0.0,0.0,0.0,,0.0,0.0,0.0,0.0,,12,0,1,1,3,2662,1463,941,334,334,0,0.0,1,0,1.0,tumor,neuron_tumor,"Venkatesh et al., Nature 2019; Venkataramani et al., Nature 2019",0,0.05256667018944736,0.019175368751845705,cc_is_ligand=0 (+0.08); deg_n_celltypes_sig=4 (+0.07); deg_pooled_log2fc=nan (+0.02),"literature gene, other compartment"
1359,ITGB8,T cell,IDH_Mutant,T_cell,0.0,0.0,0.0,0.0,,,0.0,0.0,0.0,0.0,,0.0,2.0,0.0,0.0,0.0,0.0,0.0,0.0,,0.0,0.0,0.0,0.0,,3,0,1,1,2,2662,1463,941,334,334,0,0.0,1,0,,,,,0,0.05213877600809245,0.02472072819098011,cc_is_ligand=0 (+0.08); deg_pooled_log2fc=nan (+0.04); ctx_min_n=334 (+0.01),novel
1360,DLL1,T cell,IDH_WT,T_cell,0.0,0.0,0.0,0.0,,,0.0,0.0,0.0,0.0,,0.0,2.0,0.0,0.0,0.0,0.0,0.0,0.0,,0.0,0.0,0.0,0.0,,4,1,0,1,2,2662,1463,1681,1118,1118,0,0.0,0,0,,,,,0,0.051001081351347885,0.01504562520638208,deg_pooled_log2fc=nan (+0.05); deg_cc_concordance=0 (+0.01); cc_mean_prob=0 (+0.01),novel
1361,HLA-E,T cell,IDH_WT,T_cell,1.0,-0.5038481542141051,0.5038481542141051,11.83486321570158,0.523,0.663,-0.14,-1.0,0.0,0.0,-0.3183570483078131,1.0,3.0,2.0,0.0,1.0,1.0,0.0243335020236749,0.0230551639814484,0.0,1.0,1.0,2.0,2.0,0.0,6,1,0,1,4,2662,1463,1681,1118,1118,0,-0.0,0,1,,,,,0,0.049371900468264666,0.01690968828475151,deg_cc_concordance=-0 (+0.01); cc_max_prob=0.0243 (+0.01); cc_max_pval=0 (+0.01),novel
1362,TGFB1,T cell,IDH_Mutant,T_cell,0.0,0.0,0.0,0.0,,,0.0,0.0,0.0,0.0,,0.0,1.0,0.0,0.0,0.0,0.0,0.0,0.0,,0.0,0.0,0.0,0.0,,4,1,0,1,1,2662,1463,941,334,334,0,0.0,1,0,2.0,"tumor,TAM_microglia",immune_synapse,Immunosuppressive cytokine (pathway-level),0,0.04737295349975563,0.017715414020286417,deg_n_celltypes_sig=1 (+0.12); cc_n_celltypes_total=1 (+0.12); deg_pooled_log2fc=nan (+0.05),"literature gene, other compartment"
1363,GRIA2,T cell,IDH_WT,T_cell,0.0,0.0,0.0,0.0,,,0.0,0.0,0.0,0.0,,0.0,2.0,0.0,0.0,0.0,0.0,0.0,0.0,,0.0,0.0,0.0,0.0,,12,0,1,1,3,2662,1463,1681,1118,1118,0,0.0,0,0,1.0,tumor,neuron_tumor,"Venkatesh et al., Nature 2019; Venkataramani et al., Nature 2019",0,0.04726858607306872,0.018223586659529657,cc_is_ligand=0 (+0.08); deg_pooled_log2fc=nan (+0.02); deg_cc_concordance=0 (+0.01),"literature gene, other compartment"
1364,CLEC2D,T cell,IDH_WT,T_cell,1.0,-1.0287148092193548,1.0287148092193548,4.532803883123424,0.105,0.187,-0.082,-1.0,1.0,1.0,-1.2622850555175171,1.0,3.0,2.0,0.0,0.0,2.0,0.0064186582730417,0.0057637704942803,0.0,1.0,1.0,0.0,2.0,-1.0,2,1,0,1,1,2662,1463,1681,1118,1118,0,1.0,0,1,1.0,"tumor,TAM_microglia",immune_synapse,"Mathewson et al., Cell 2021",0,0.04708771894335158,0.021103373590356737,cc_n_celltypes_total=1 (+0.13); deg_pct_e1=0.187 (+0.04); cc_edges_e1=2 (+0.03),"literature gene, other compartment"
1365,CD69,T cell,IDH_WT,T_cell,1.0,-0.9019146998420502,0.9019146998420502,16.352325035005265,0.389,0.542,-0.15300000000000002,-1.0,1.0,1.0,-0.8759182319456174,1.0,2.0,4.0,0.0,2.0,2.0,0.0319079660883083,0.019165476305495574,0.0,1.0,1.0,0.0,4.0,0.0,6,1,0,1,2,2662,1463,1681,1118,1118,0,-0.0,0,1,,,,,0,0.03545925200286143,0.009531471526602641,cc_edges_e2=2 (+0.25); cc_edges_e1=2 (+0.03); deg_abs_log2fc=0.902 (+0.01),novel
1366,PSAP,T cell,IDH_Mutant,T_cell,0.0,0.0,0.0,0.0,,,0.0,0.0,0.0,0.0,,0.0,3.0,0.0,0.0,0.0,0.0,0.0,0.0,,0.0,0.0,0.0,0.0,,9,1,0,1,5,2662,1463,941,334,334,0,0.0,1,0,,,,,0,0.034119769269213465,0.012645181680052747,deg_pooled_log2fc=nan (+0.03); deg_cc_concordance=0 (+0.01); cc_mean_prob=0 (+0.01),novel
1367,DLL3,T cell,IDH_WT,T_cell,0.0,0.0,0.0,0.0,,,0.0,0.0,0.0,0.0,,0.0,4.0,0.0,0.0,0.0,0.0,0.0,0.0,,0.0,0.0,0.0,0.0,,8,1,0,1,4,2662,1463,1681,1118,1118,0,0.0,0,0,1.0,tumor,growth,"Spino et al., Clin Cancer Res 2019 (IDH-mutant glioma)",0,0.033749016147325284,0.009958900255981938,deg_n_celltypes_sig=4 (+0.08); deg_pooled_log2fc=nan (+0.03); deg_cc_concordance=0 (+0.01),"literature gene, other compartment"
1368,DLL3,T cell,IDH_Mutant,T_cell,0.0,0.0,0.0,0.0,,,0.0,0.0,0.0,0.0,,0.0,4.0,0.0,0.0,0.0,0.0,0.0,0.0,,0.0,0.0,0.0,0.0,,8,1,0,1,4,2662,1463,941,334,334,0,0.0,1,0,1.0,tumor,growth,"Spino et al., Clin Cancer Res 2019 (IDH-mutant glioma)",0,0.03361142424771786,0.00973122411215144,deg_n_celltypes_sig=4 (+0.08); deg_pooled_log2fc=nan (+0.03); ctx_min_n=334 (+0.01),"literature gene, other compartment"
