gene,p_immune_synapse,best_ct_immune_synapse,best_idh_immune_synapse,gene_rank_immune_synapse,in_immune_synapse,in_published_33,novel,published_tier
HLA-DPB1,0.9693793257853882,cycling_tumor,IDH_WT,1,0,0,1,
HLA-DPA1,0.9579816528201519,cycling_tumor,IDH_WT,2,0,0,1,
SPP1,0.9556672462563558,OPC_GABA_AC_like_tumor,IDH_WT,3,0,1,0,1.0
CD74,0.94621525596599,cycling_tumor,IDH_Mutant,4,0,1,0,1.0
HLA-DRB1,0.9256935907218049,cycling_tumor,IDH_WT,5,1,0,0,
IGFBP2,0.9236539348795875,T cell,IDH_WT,6,0,0,1,
CDC42EP3,0.9181100224156156,OPC_GABA_AC_like_tumor,IDH_WT,7,0,0,1,
CCL2,0.9111505390256062,TAM1/TAM2/microglia,IDH_Mutant,8,0,0,1,
TYROBP,0.9099511974531407,cycling_tumor,IDH_WT,9,0,1,0,2.0
EGFR,0.9072106110752166,OPC_GABA_AC_like_tumor,IDH_WT,10,0,1,0,1.0
PTGER4,0.905977845898134,T cell,IDH_WT,11,0,0,1,
LRCH1,0.9007949896313565,TAM1/TAM2/microglia,IDH_Mutant,12,0,0,1,
HLA-DQA1,0.8980074845679488,cycling_tumor,IDH_WT,13,0,0,1,
HLA-DMA,0.8946258065138528,cycling_tumor,IDH_Mutant,14,0,0,1,
TREM2,0.89381464365169,cycling_tumor,IDH_Mutant,15,0,1,0,2.0
GAB2,0.8932114895565204,TAM1/TAM2/microglia,IDH_Mutant,16,0,0,1,
MIF,0.8898530722823612,TAM1/TAM2/microglia,IDH_WT,17,0,1,0,1.0
CLEC2D,0.8884576746772874,T cell,IDH_WT,18,0,1,0,1.0
TMIGD3,0.8867527880401165,cycling_tumor,IDH_Mutant,19,0,0,1,
CD69,0.8866217135980093,T cell,IDH_WT,20,0,0,1,
SFMBT2,0.8858643148295711,TAM1/TAM2/microglia,IDH_WT,21,0,0,1,
SERPINB1,0.8811254039301352,cycling_tumor,IDH_Mutant,22,0,0,1,
SIT1,0.8807784787103895,T cell,IDH_WT,23,0,0,1,
HLA-DMB,0.8797007930682732,cycling_tumor,IDH_Mutant,24,0,0,1,
PTN,0.8790764595075802,T cell,IDH_WT,25,0,1,0,1.0
MARCH3,0.8783104627266992,TAM1/TAM2/microglia,IDH_Mutant,26,0,0,1,
CDC14A,0.8772224958700662,T cell,IDH_WT,27,0,0,1,
MYBPC1,0.8764479320949785,OPC_GABA_AC_like_tumor,IDH_WT,28,0,0,1,
HLA-E,0.8754142175583246,cycling_tumor,IDH_WT,29,0,0,1,
ITGB2,0.8739296954329931,cycling_tumor,IDH_WT,30,0,0,1,
TRIP6,0.8733445715678586,OPC_GABA_AC_like_tumor,IDH_WT,31,0,0,1,
HLA-DRB5,0.873050363104498,cycling_tumor,IDH_Mutant,32,0,0,1,
PDE3B,0.8723058444671526,TAM1/TAM2/microglia,IDH_Mutant,33,0,0,1,
ARHGAP25,0.8722982863340418,TAM1/TAM2/microglia,IDH_Mutant,34,0,0,1,
MS4A4A,0.8721540221998888,cycling_tumor,IDH_WT,35,0,0,1,
HLA-DQB1,0.8718841809318892,cycling_tumor,IDH_Mutant,36,0,0,1,
GPR171,0.8694509317638934,T cell,IDH_Mutant,37,0,0,1,
CXCR6,0.8687620108048956,T cell,IDH_Mutant,38,0,0,1,
SPRY1,0.8677740053979497,TAM1/TAM2/microglia,IDH_Mutant,39,0,0,1,
DLK1,0.8675173861693993,OPC_GABA_AC_like_tumor,IDH_WT,40,0,0,1,
CXCR4,0.8675141312301102,cycling_tumor,IDH_WT,41,0,1,0,1.0
PAG1,0.8666675997040443,T cell,IDH_Mutant,42,0,0,1,
TBC1D4,0.8664945329620097,T cell,IDH_WT,43,0,0,1,
AK4,0.8654499364117182,OPC_GABA_AC_like_tumor,IDH_WT,44,0,0,1,
SKAP2,0.8649145876241379,cycling_tumor,IDH_WT,45,0,0,1,
CCL4L2,0.864437934343874,cycling_tumor,IDH_WT,46,0,0,1,
FCGR2A,0.863372625479441,cycling_tumor,IDH_WT,47,0,0,1,
SLC9A9,0.8632847902747448,TAM1/TAM2/microglia,IDH_Mutant,48,0,0,1,
DUSP4,0.8630635373034755,T cell,IDH_WT,49,0,0,1,
PLA2G4A,0.8628073851106149,TAM1/TAM2/microglia,IDH_Mutant,50,0,0,1,
GIMAP1,0.8627965884610118,T cell,IDH_WT,51,0,0,1,
CIB1,0.8622601793529749,cycling_tumor,IDH_WT,52,0,0,1,
C3,0.8620410786175003,cycling_tumor,IDH_Mutant,53,0,0,1,
IL7R,0.86021537651054,T cell,IDH_WT,54,0,0,1,
ANKRD44,0.8595174761061213,TAM1/TAM2/microglia,IDH_WT,55,0,0,1,
PTPRC,0.8594442383390412,cycling_tumor,IDH_Mutant,56,0,0,1,
ANXA1,0.8591673791057328,cycling_tumor,IDH_WT,57,0,0,1,
CRYBG1,0.8590345014911607,T cell,IDH_Mutant,58,0,0,1,
CLEC2B,0.8582938500949135,cycling_tumor,IDH_Mutant,59,0,0,1,
ZNF831,0.8577252261385595,T cell,IDH_Mutant,60,0,0,1,
ICOS,0.8573109626854103,T cell,IDH_Mutant,61,0,0,1,
TSC22D2,0.8572186250859183,TAM1/TAM2/microglia,IDH_Mutant,62,0,0,1,
GALM,0.8564156920434612,T cell,IDH_Mutant,63,0,0,1,
THEMIS,0.8560067052880289,T cell,IDH_Mutant,64,0,0,1,
LINC00513,0.8558027878791764,T cell,IDH_Mutant,65,0,0,1,
SOCS3,0.8555658287193362,T cell,IDH_Mutant,66,0,0,1,
CTLA4,0.8547328735588238,T cell,IDH_Mutant,67,0,0,1,
WDR74,0.8545679414763783,TAM1/TAM2/microglia,IDH_Mutant,68,0,0,1,
FCHSD2,0.8543113326694971,TAM1/TAM2/microglia,IDH_Mutant,69,0,0,1,
CCL4,0.8536603933414199,cycling_tumor,IDH_WT,70,0,0,1,
TRAT1,0.8534920623927957,T cell,IDH_Mutant,71,0,0,1,
UBE2E2,0.8530495438315124,TAM1/TAM2/microglia,IDH_Mutant,72,0,0,1,
DIP2B,0.8524815677289885,TAM1/TAM2/microglia,IDH_Mutant,73,0,0,1,
ARHGDIB,0.8508454204637157,cycling_tumor,IDH_Mutant,74,0,0,1,
LINC01934,0.8499187859654527,T cell,IDH_Mutant,75,0,0,1,
RNASE6,0.8496236710833965,cycling_tumor,IDH_Mutant,76,0,0,1,
INPP4B,0.8493317317199571,T cell,IDH_Mutant,77,0,0,1,
ARHGAP9,0.8491957939642034,T cell,IDH_Mutant,78,0,0,1,
PRKCA,0.8489720863480749,TAM1/TAM2/microglia,IDH_Mutant,79,0,0,1,
MSMP,0.8487501056084013,OPC_GABA_AC_like_tumor,IDH_WT,80,0,0,1,
MT1M,0.8487494082378886,OPC_GABA_AC_like_tumor,IDH_WT,81,0,0,1,
S100A11,0.8483840228828651,OPC_GABA_AC_like_tumor,IDH_WT,82,0,0,1,
DAB2,0.8477652009024915,cycling_tumor,IDH_WT,83,0,0,1,
MAFB,0.8471160017542536,cycling_tumor,IDH_WT,84,0,0,1,
C1QB,0.8470849536038896,cycling_tumor,IDH_WT,85,0,0,1,
TNFRSF18,0.8465267622760951,T cell,IDH_Mutant,86,0,0,1,
LY86,0.8464404899935275,cycling_tumor,IDH_WT,87,0,0,1,
NPC2,0.8462583715086864,cycling_tumor,IDH_WT,88,0,0,1,
AQP3,0.8460713664673454,T cell,IDH_Mutant,89,0,0,1,
FCGBP,0.8453600426589329,cycling_tumor,IDH_WT,90,0,0,1,
SRGAP2B,0.8452255842627533,TAM1/TAM2/microglia,IDH_Mutant,91,0,0,1,
S100A13,0.8432050574631157,AC_like_tumor,IDH_Mutant,92,0,0,1,
CD44,0.8429977594860404,cycling_tumor,IDH_WT,93,0,1,0,1.0
RHEB,0.8418367302202097,T cell,IDH_WT,94,0,0,1,
CTSS,0.8412677858661718,cycling_tumor,IDH_Mutant,95,0,0,1,
IFITM2,0.8410110746108262,cycling_tumor,IDH_WT,96,0,0,1,
MS4A7,0.8401795180424798,cycling_tumor,IDH_Mutant,97,0,0,1,
ABCC4,0.8396046817589508,TAM1/TAM2/microglia,IDH_Mutant,98,0,0,1,
SLC4A4,0.8384484782366867,OPC_GABA_AC_like_tumor,IDH_WT,99,0,0,1,
ARHGAP15,0.8384390740007385,T cell,IDH_Mutant,100,0,0,1,
LPCAT2,0.8384389905730005,cycling_tumor,IDH_WT,101,0,0,1,
MSR1,0.838080984539808,cycling_tumor,IDH_Mutant,102,0,0,1,
BHLHE41,0.8378748670005413,cycling_tumor,IDH_WT,103,0,0,1,
APBB1IP,0.8374661596339028,cycling_tumor,IDH_Mutant,104,0,0,1,
CCL3L1,0.8367848039049741,cycling_tumor,IDH_WT,105,0,0,1,
S100A8,0.836643595099007,cycling_tumor,IDH_WT,106,0,0,1,
ELMO1,0.8366231135681707,TAM1/TAM2/microglia,IDH_Mutant,107,0,0,1,
CPVL,0.8359159858900107,cycling_tumor,IDH_Mutant,108,0,0,1,
SLAMF1,0.8358982179854066,T cell,IDH_Mutant,109,0,0,1,
STAT4,0.8350557962643208,T cell,IDH_WT,110,0,0,1,
CHST12,0.8348651703728942,T cell,IDH_Mutant,111,0,0,1,
TSPAN31,0.8331446231000227,OPC_GABA_AC_like_tumor,IDH_WT,112,0,0,1,
TRADD,0.8320304243961291,T cell,IDH_WT,113,0,0,1,
TSPYL2,0.8309602010720836,T cell,IDH_WT,114,0,0,1,
MKNK2,0.8306291534197264,OPC_GABA_like_tumor,IDH_WT,115,0,0,1,
DIAPH2,0.8303381515572597,TAM1/TAM2/microglia,IDH_Mutant,116,0,0,1,
ARHGAP18,0.830089232607433,cycling_tumor,IDH_WT,117,0,0,1,
MCTP2,0.8297840115161117,T cell,IDH_Mutant,118,0,0,1,
SERINC5,0.829764838898407,T cell,IDH_Mutant,119,0,0,1,
MGST2,0.828956969983575,cycling_tumor,IDH_WT,120,0,0,1,
CH25H,0.8284533765342136,TAM1/TAM2/microglia,IDH_WT,121,0,0,1,
SOCS6,0.8278855540506754,TAM1/TAM2/microglia,IDH_WT,122,1,0,0,
BCL11B,0.8273919391313568,T cell,IDH_Mutant,123,0,0,1,
CEBPB,0.8272767974487752,cycling_tumor,IDH_Mutant,124,0,0,1,
CD6,0.8267020209681174,T cell,IDH_Mutant,125,1,0,0,
ENG,0.8263036082393171,TAM1/TAM2/microglia,IDH_WT,126,0,0,1,
CHI3L1,0.8263004765356203,cycling_tumor,IDH_WT,127,0,0,1,
FOXO1,0.8260929199014464,T cell,IDH_Mutant,128,0,0,1,
RNF180,0.8258699116668327,OPC_GABA_AC_like_tumor,IDH_WT,129,0,0,1,
BCL2A1,0.8257070251967,cycling_tumor,IDH_WT,130,0,0,1,
CD8B,0.8250480673494229,T cell,IDH_WT,131,0,0,1,
RARRES3,0.8249433120406084,cycling_tumor,IDH_WT,132,0,0,1,
SCIN,0.8240109059321137,cycling_tumor,IDH_WT,133,0,0,1,
HECA,0.8239389084412603,T cell,IDH_Mutant,134,0,0,1,
SORL1,0.8238421535810359,cycling_tumor,IDH_WT,135,0,0,1,
CLU,0.8233365667355784,OPC_GABA_AC_like_tumor,IDH_WT,136,0,0,1,
SPI1,0.8231029472633841,cycling_tumor,IDH_Mutant,137,0,0,1,
IGSF6,0.8226261367737482,cycling_tumor,IDH_Mutant,138,0,0,1,
LMO2,0.82228052818583,cycling_tumor,IDH_WT,139,0,0,1,
VAMP5,0.821674223799738,cycling_tumor,IDH_WT,140,0,0,1,
GPR34,0.8211278862027488,cycling_tumor,IDH_WT,141,0,0,1,
PSAP,0.8209048954522506,cycling_tumor,IDH_Mutant,142,0,0,1,
CTSH,0.820431011396779,cycling_tumor,IDH_WT,143,0,0,1,
RNF19A,0.8194396549950709,T cell,IDH_WT,144,0,0,1,
FHIT,0.8192798402302678,TAM1/TAM2/microglia,IDH_Mutant,145,0,0,1,
SPOCK2,0.8189144673578366,T cell,IDH_Mutant,146,0,0,1,
ATXN1,0.8188189263464827,T cell,IDH_Mutant,147,0,0,1,
EML4,0.8186087271422527,T cell,IDH_Mutant,148,0,0,1,
SRGN,0.8185532805370983,cycling_tumor,IDH_Mutant,149,0,0,1,
DTX3,0.8185034493559706,OPC_GABA_AC_like_tumor,IDH_WT,150,0,0,1,
RCAN3,0.8184632209214995,T cell,IDH_Mutant,151,0,0,1,
DOCK4,0.818246198273652,TAM1/TAM2/microglia,IDH_WT,152,0,0,1,
CD3G,0.818003479495256,T cell,IDH_Mutant,153,0,0,1,
PLCG2,0.8176240978707794,T cell,IDH_Mutant,154,0,0,1,
CYLD,0.81743901993137,T cell,IDH_WT,155,0,0,1,
PIM1,0.8173789019497821,T cell,IDH_WT,156,0,0,1,
CCL3,0.8173729298310484,cycling_tumor,IDH_Mutant,157,0,0,1,
GIMAP7,0.8171753198938715,T cell,IDH_WT,158,0,0,1,
NEAT1,0.8169538743441448,OPC_GABA_AC_like_tumor,IDH_WT,159,0,0,1,
EMP3,0.816725652797424,cycling_tumor,IDH_WT,160,0,0,1,
CYBA,0.8167098456202911,cycling_tumor,IDH_WT,161,0,0,1,
GIMAP4,0.8163237579046365,cycling_tumor,IDH_Mutant,162,0,0,1,
GPR183,0.8161159804593531,T cell,IDH_WT,163,0,0,1,
RNASET2,0.8161151892434904,cycling_tumor,IDH_WT,164,0,0,1,
ITK,0.8155689433650313,T cell,IDH_Mutant,165,0,0,1,
LRRK1,0.8152435346081898,TAM1/TAM2/microglia,IDH_Mutant,166,0,0,1,
AD000090.1,0.8148234660588758,T cell,IDH_WT,167,0,0,1,
SEC14L1,0.8145707225712023,OPC_GABA_AC_like_tumor,IDH_WT,168,0,0,1,
COTL1,0.8144248256779081,cycling_tumor,IDH_Mutant,169,0,0,1,
VSTM2A,0.8143802561060391,cycling_tumor,IDH_WT,170,0,0,1,
CD27,0.8143234781437905,T cell,IDH_Mutant,171,0,0,1,
C1QA,0.8141752063453117,cycling_tumor,IDH_WT,172,0,0,1,
RNF115,0.8139769520642421,TAM1/TAM2/microglia,IDH_Mutant,173,0,0,1,
CD68,0.8135708201447424,cycling_tumor,IDH_WT,174,0,0,1,
PTGDR,0.8128224341109285,T cell,IDH_Mutant,175,0,0,1,
BLVRB,0.81254824244428,cycling_tumor,IDH_WT,176,0,0,1,
LCP1,0.8123814370633621,cycling_tumor,IDH_WT,177,0,0,1,
CD2,0.8122579047915444,T cell,IDH_Mutant,178,0,0,1,
AIF1,0.8121039770841547,OPC_GABA_AC_like_tumor,IDH_WT,179,0,0,1,
MAP3K5,0.8117073323512892,TAM1/TAM2/microglia,IDH_Mutant,180,0,0,1,
TTC39C,0.8111362620205902,T cell,IDH_WT,181,0,0,1,
PDK4,0.8110354506636333,TAM1/TAM2/microglia,IDH_WT,182,0,0,1,
NETO2,0.8109702735331542,OPC_GABA_like_tumor,IDH_WT,183,0,0,1,
TMEM219,0.8109266382355738,cycling_tumor,IDH_WT,184,0,0,1,
ABCA8,0.810787927602993,OPC_GABA_like_tumor,IDH_WT,185,0,0,1,
HAMP,0.8103556094196946,cycling_tumor,IDH_Mutant,186,0,0,1,
AQP4,0.8102637826104718,OPC_GABA_AC_like_tumor,IDH_WT,187,0,0,1,
CD40LG,0.8102618582717824,T cell,IDH_Mutant,188,0,0,1,
OS9,0.8097376272726663,OPC_GABA_AC_like_tumor,IDH_WT,189,0,0,1,
LST1,0.8094527445668884,cycling_tumor,IDH_Mutant,190,0,0,1,
CD53,0.8090903017692757,cycling_tumor,IDH_Mutant,191,1,0,0,
PYCARD,0.8090311788494853,cycling_tumor,IDH_Mutant,192,0,0,1,
EPSTI1,0.8088040703713828,TAM1/TAM2/microglia,IDH_WT,193,0,0,1,
HOPX,0.8086737681535384,cycling_tumor,IDH_WT,194,0,0,1,
CAMK4,0.8077697463188548,T cell,IDH_Mutant,195,0,0,1,
MGAT5,0.807553779980746,TAM1/TAM2/microglia,IDH_Mutant,196,0,0,1,
GPNMB,0.8074036649109461,TAM1/TAM2/microglia,IDH_WT,197,0,0,1,
MT3,0.8072725798170204,OPC_GABA_AC_like_tumor,IDH_WT,198,0,0,1,
TOB1,0.8068337829075773,T cell,IDH_Mutant,199,0,0,1,
SPARCL1,0.8060689452091262,OPC_GABA_AC_like_tumor,IDH_WT,200,0,0,1,
LTC4S,0.8057519172069177,cycling_tumor,IDH_WT,201,0,0,1,
PLEK,0.8055957110499922,cycling_tumor,IDH_WT,202,0,0,1,
SAMSN1,0.8055486598574555,cycling_tumor,IDH_WT,203,0,0,1,
FCGR3A,0.8054449567157267,cycling_tumor,IDH_WT,204,0,0,1,
TC2N,0.8051576747080285,T cell,IDH_Mutant,205,0,0,1,
CSF1R,0.8050517642227177,cycling_tumor,IDH_Mutant,206,0,0,1,
PRKACB,0.8047229540952341,TAM1/TAM2/microglia,IDH_WT,207,0,0,1,
TANK,0.8042329715078266,TAM1/TAM2/microglia,IDH_Mutant,208,0,0,1,
MT2A,0.8039539949013907,OPC_GABA_AC_like_tumor,IDH_Mutant,209,0,0,1,
PHLDA3,0.8037576758205518,OPC_GABA_like_tumor,IDH_WT,210,0,0,1,
LRMDA,0.8035728293363892,TAM1/TAM2/microglia,IDH_Mutant,211,0,0,1,
VSIG4,0.8028554799242416,cycling_tumor,IDH_Mutant,212,0,0,1,
TRBC2,0.8027291722523989,T cell,IDH_WT,213,0,0,1,
MTHFD2,0.8018400310387543,TAM1/TAM2/microglia,IDH_Mutant,214,0,0,1,
FCGRT,0.8017413110389204,cycling_tumor,IDH_WT,215,0,0,1,
LYZ,0.8014361651444926,cycling_tumor,IDH_WT,216,0,0,1,
ELOVL2,0.8013682901071799,cycling_tumor,IDH_WT,217,0,0,1,
ALDOC,0.80094231726993,OPC_GABA_like_tumor,IDH_WT,218,0,0,1,
PTPN6,0.8008759468852575,T cell,IDH_Mutant,219,0,0,1,
GZMM,0.8003444531012066,T cell,IDH_WT,220,0,0,1,
CSGALNACT1,0.8000153499788609,TAM1/TAM2/microglia,IDH_Mutant,221,0,0,1,
REL,0.7999368388216738,T cell,IDH_Mutant,222,0,0,1,
HCST,0.7998013823333653,cycling_tumor,IDH_WT,223,0,0,1,
CCDC88A,0.7996316423483004,TAM1/TAM2/microglia,IDH_Mutant,224,0,0,1,
MIR4435-2HG,0.7990325619608857,cycling_tumor,IDH_WT,225,0,0,1,
IER3,0.7982885574514069,cycling_tumor,IDH_WT,226,0,0,1,
SLCO1C1,0.7980453705927927,OPC_GABA_like_tumor,IDH_WT,227,0,0,1,
GZMK,0.7978802172116228,T cell,IDH_Mutant,228,0,0,1,
NUPR1,0.7966851941103906,cycling_tumor,IDH_WT,229,0,0,1,
MGLL,0.7959773002800838,OPC_GABA_like_tumor,IDH_WT,230,0,0,1,
RGL1,0.795602493121698,TAM1/TAM2/microglia,IDH_Mutant,231,0,0,1,
GMFG,0.7954578837389962,cycling_tumor,IDH_Mutant,232,0,0,1,
CNOT6L,0.7948946741062367,T cell,IDH_WT,233,0,0,1,
ATP1A2,0.7947728151653353,OPC_GABA_AC_like_tumor,IDH_WT,234,0,0,1,
PLA2G16,0.7943977306886285,OPC_GABA_AC_like_tumor,IDH_Mutant,235,0,0,1,
SELENOP,0.7943390792322896,OPC_GABA_AC_like_tumor,IDH_WT,236,0,0,1,
FRMD4A,0.7939058345416626,TAM1/TAM2/microglia,IDH_WT,237,0,0,1,
CYSTM1,0.7937638288367053,AC_like_tumor,IDH_Mutant,238,0,0,1,
GNLY,0.7936592909589357,T cell,IDH_WT,239,0,0,1,
DLEU2,0.7932870908601345,TAM1/TAM2/microglia,IDH_Mutant,240,0,0,1,
IGFBP7,0.7927523192110026,cycling_tumor,IDH_WT,241,0,0,1,
LYN,0.7924945041245572,cycling_tumor,IDH_Mutant,242,0,0,1,
BST2,0.7920527186528004,cycling_tumor,IDH_WT,243,0,0,1,
FCER1G,0.7920071421377283,cycling_tumor,IDH_WT,244,0,0,1,
HCLS1,0.791290529607533,cycling_tumor,IDH_WT,245,0,0,1,
LINC01736,0.7911566715435807,cycling_tumor,IDH_WT,246,0,0,1,
KLHDC8A,0.7911198011526073,OPC_GABA_like_tumor,IDH_WT,247,0,0,1,
ARPC1B,0.7904211598445651,cycling_tumor,IDH_WT,248,0,0,1,
CD99,0.7903695202911117,cycling_tumor,IDH_Mutant,249,0,1,0,2.0
CD14,0.7903503980989164,cycling_tumor,IDH_WT,250,0,0,1,
CYBB,0.7902829148023643,cycling_tumor,IDH_Mutant,251,0,0,1,
TRAC,0.7902523845660213,T cell,IDH_Mutant,252,0,0,1,
C1orf162,0.7898218979946953,cycling_tumor,IDH_Mutant,253,0,0,1,
SPARC,0.7894607056426504,OPC_GABA_AC_like_tumor,IDH_WT,254,0,0,1,
RGS2,0.7893333770791864,cycling_tumor,IDH_WT,255,0,0,1,
AC058791.1,0.7888136861428384,T cell,IDH_WT,256,0,0,1,
RGS1,0.7887394656171473,cycling_tumor,IDH_Mutant,257,0,0,1,
TNFSF8,0.7884434902287061,T cell,IDH_Mutant,258,0,0,1,
PRDM1,0.7878885860994824,T cell,IDH_WT,259,0,0,1,
C1QC,0.7871591730332653,cycling_tumor,IDH_WT,260,0,0,1,
CITED2,0.7869801556804004,T cell,IDH_Mutant,261,0,0,1,
CAPG,0.7866746985334323,cycling_tumor,IDH_Mutant,262,0,0,1,
LTB,0.7863971440885412,T cell,IDH_WT,263,0,0,1,
RHOH,0.7863653907659762,T cell,IDH_WT,264,1,0,0,
GRAP2,0.78609509972925,T cell,IDH_Mutant,265,0,0,1,
HMOX1,0.7859681532438783,cycling_tumor,IDH_WT,266,0,0,1,
CST3,0.7850704186053024,OPC_GABA_AC_like_tumor,IDH_Mutant,267,0,0,1,
HBEGF,0.7849157845120792,cycling_tumor,IDH_WT,268,0,0,1,
RAB8B,0.7846905336165089,TAM1/TAM2/microglia,IDH_Mutant,269,0,0,1,
MAML2,0.7840287106646515,TAM1/TAM2/microglia,IDH_Mutant,270,0,0,1,
SOCS2,0.7839972000251295,OPC_GABA_AC_like_tumor,IDH_WT,271,0,0,1,
GBP5,0.7838282035629769,T cell,IDH_WT,272,0,0,1,
MT1E,0.7836956969645825,OPC_GABA_AC_like_tumor,IDH_WT,273,0,0,1,
SMIM3,0.7835952448350916,cycling_tumor,IDH_WT,274,0,0,1,
CYTOR,0.7831576035545564,cycling_tumor,IDH_WT,275,0,0,1,
RSBN1,0.7826646367614393,T cell,IDH_WT,276,0,0,1,
OGFRL1,0.7819388009818071,OPC_GABA_AC_like_tumor,IDH_Mutant,277,0,0,1,
CD8A,0.7817565367185689,T cell,IDH_Mutant,278,0,0,1,
APMAP,0.7813360061820986,T cell,IDH_Mutant,279,0,0,1,
LSM4,0.7797526179692447,T cell,IDH_WT,280,0,0,1,
XPO1,0.7797365732594426,TAM1/TAM2/microglia,IDH_WT,281,0,0,1,
IFI6,0.77952597894814,OPC_GABA_AC_like_tumor,IDH_Mutant,282,0,0,1,
BDP1,0.7786908411329155,TAM1/TAM2/microglia,IDH_WT,283,0,0,1,
CLIC1,0.778322297961876,cycling_tumor,IDH_Mutant,284,0,0,1,
GNPTAB,0.7780336639619785,T cell,IDH_Mutant,285,0,0,1,
CAPZA2,0.7780016653269978,TAM1/TAM2/microglia,IDH_Mutant,286,0,0,1,
ANXA2,0.7778575545201807,TAM1/TAM2/microglia,IDH_Mutant,287,0,0,1,
PPIA,0.7774904014563597,TAM1/TAM2/microglia,IDH_WT,288,0,0,1,
GPRIN3,0.7774009015660134,TAM1/TAM2/microglia,IDH_WT,289,0,0,1,
YTHDC1,0.7770775987157141,TAM1/TAM2/microglia,IDH_Mutant,290,0,0,1,
C3AR1,0.7766801617795791,TAM1/TAM2/microglia,IDH_WT,291,0,0,1,
PTBP3,0.7754670068685847,TAM1/TAM2/microglia,IDH_Mutant,292,0,0,1,
CTSZ,0.7753565154529954,cycling_tumor,IDH_Mutant,293,0,0,1,
MS4A6A,0.7744891434326124,cycling_tumor,IDH_Mutant,294,0,0,1,
RIN2,0.7742679420344089,TAM1/TAM2/microglia,IDH_WT,295,0,0,1,
FKBP5,0.774205440238271,OPC_GABA_like_tumor,IDH_WT,296,0,0,1,
TSTD1,0.7740983331506239,cycling_tumor,IDH_WT,297,0,0,1,
LAPTM5,0.7740828958238788,cycling_tumor,IDH_Mutant,298,0,0,1,
MPLKIP,0.7739646708124445,TAM1/TAM2/microglia,IDH_Mutant,299,0,0,1,
APOE,0.7736997453474141,T cell,IDH_WT,300,0,1,0,2.0
MGP,0.7733911668748406,OPC_GABA_AC_like_tumor,IDH_WT,301,0,0,1,
TAL1,0.7732965461041637,TAM1/TAM2/microglia,IDH_Mutant,302,0,0,1,
MGST1,0.7732808162235136,cycling_tumor,IDH_WT,303,0,0,1,
STAG1,0.7732631502430067,TAM1/TAM2/microglia,IDH_Mutant,304,0,0,1,
CORO1B,0.772566841371076,T cell,IDH_Mutant,305,0,0,1,
MAML3,0.772537496669236,TAM1/TAM2/microglia,IDH_Mutant,306,0,0,1,
ALOX5AP,0.7722642310993181,cycling_tumor,IDH_Mutant,307,0,0,1,
ARHGAP26,0.7721224489025919,cycling_tumor,IDH_WT,308,0,0,1,
IL18,0.7719910169892731,cycling_tumor,IDH_Mutant,309,0,0,1,
LY96,0.7719639382943779,cycling_tumor,IDH_Mutant,310,0,0,1,
ACSL1,0.7714599919614971,TAM1/TAM2/microglia,IDH_Mutant,311,0,0,1,
SAT1,0.7712095131589208,OPC_GABA_AC_like_tumor,IDH_Mutant,312,0,0,1,
CD247,0.7711496504688862,T cell,IDH_Mutant,313,0,0,1,
HSPA2,0.7708887464142022,OPC_GABA_like_tumor,IDH_WT,314,0,0,1,
ODF2L,0.7703387844883881,T cell,IDH_WT,315,0,0,1,
UROD,0.7703229039387833,OPC_GABA_like_tumor,IDH_WT,316,0,0,1,
FXYD5,0.7701463127261436,cycling_tumor,IDH_Mutant,317,0,0,1,
COL1A2,0.770063115489768,OPC_GABA_like_tumor,IDH_WT,318,0,0,1,
CAMK2N1,0.7696333937854434,OPC_GABA_AC_like_tumor,IDH_WT,319,0,0,1,
S100A16,0.7693089234535374,AC_like_tumor,IDH_Mutant,320,0,0,1,
LIFR,0.769263484124907,OPC_GABA_like_tumor,IDH_WT,321,0,0,1,
CORO1A,0.769131623098602,cycling_tumor,IDH_WT,322,1,0,0,
FYB1,0.7691258245019864,cycling_tumor,IDH_WT,323,0,0,1,
ABHD5,0.7690562017933708,TAM1/TAM2/microglia,IDH_WT,324,0,0,1,
FABP5,0.7689014131430574,TAM1/TAM2/microglia,IDH_Mutant,325,0,0,1,
IFNGR1,0.768492785363107,cycling_tumor,IDH_Mutant,326,0,0,1,
A2M,0.7683509366770882,cycling_tumor,IDH_Mutant,327,0,0,1,
CD37,0.7683052326842297,cycling_tumor,IDH_WT,328,1,0,0,
FOXG1,0.7674541605075622,cycling_tumor,IDH_WT,329,0,0,1,
PPP1CB,0.7674161899552993,T cell,IDH_Mutant,330,0,0,1,
GLIPR1,0.7673066073727435,cycling_tumor,IDH_WT,331,0,0,1,
MAF,0.7664799195496839,T cell,IDH_WT,332,0,0,1,
NFKBIZ,0.7664175733457937,T cell,IDH_WT,333,0,0,1,
CADM1,0.766128788480149,TAM1/TAM2/microglia,IDH_WT,334,0,0,1,
APOC1,0.7657246321907003,OPC_GABA_AC_like_tumor,IDH_WT,335,0,0,1,
PDLIM4,0.7656443802012441,OPC_GABA_like_tumor,IDH_WT,336,0,0,1,
CXCL14,0.765351313296239,OPC_GABA_AC_like_tumor,IDH_WT,337,0,0,1,
PDCD2,0.7644749775507702,TAM1/TAM2/microglia,IDH_Mutant,338,0,0,1,
DNAJB1,0.7643427235423687,T cell,IDH_Mutant,339,0,0,1,
PLK2,0.7642440716532889,OPC_GABA_like_tumor,IDH_WT,340,0,0,1,
SH3BGRL3,0.7639554840720117,cycling_tumor,IDH_WT,341,0,0,1,
C6orf48,0.7638956444773791,OPC_GABA_AC_like_tumor,IDH_WT,342,0,0,1,
OCIAD2,0.7634558037696865,OPC_GABA_AC_like_tumor,IDH_WT,343,0,0,1,
SH3BP5,0.7631330058360112,TAM1/TAM2/microglia,IDH_WT,344,0,0,1,
LGALS1,0.762992572353762,AC_like_tumor,IDH_Mutant,345,0,0,1,
SRGAP2C,0.7627819386763478,TAM1/TAM2/microglia,IDH_Mutant,346,0,0,1,
MATK,0.76268873747953,T cell,IDH_Mutant,347,0,0,1,
MED13L,0.7622782866368165,TAM1/TAM2/microglia,IDH_Mutant,348,0,0,1,
NRP2,0.7607203266025001,OPC_GABA_like_tumor,IDH_WT,349,0,0,1,
NMB,0.760051452697756,OPC_GABA_like_tumor,IDH_WT,350,0,0,1,
MLC1,0.7597570224760688,OPC_GABA_like_tumor,IDH_WT,351,0,0,1,
ASAH1,0.7597455240360994,T cell,IDH_WT,352,0,0,1,
TYMP,0.7590459544290318,cycling_tumor,IDH_WT,353,0,0,1,
HTRA1,0.758920582038966,cycling_tumor,IDH_WT,354,0,0,1,
BAALC,0.7581596210840242,T cell,IDH_WT,355,0,0,1,
DISC1,0.7572876705277378,TAM1/TAM2/microglia,IDH_Mutant,356,0,0,1,
TNFAIP3,0.7568584553008048,T cell,IDH_WT,357,0,0,1,
HSBP1,0.7567063242351955,T cell,IDH_WT,358,0,0,1,
VIM,0.7559135008368003,AC_like_tumor,IDH_Mutant,359,0,0,1,
RAB42,0.7556367611767472,TAM1/TAM2/microglia,IDH_WT,360,0,0,1,
ITM2A,0.7546822483468149,T cell,IDH_Mutant,361,0,0,1,
DPYSL2,0.7544979245859359,TAM1/TAM2/microglia,IDH_Mutant,362,0,0,1,
UGCG,0.7544710566233835,TAM1/TAM2/microglia,IDH_Mutant,363,0,0,1,
RASGEF1C,0.7542167980962152,TAM1/TAM2/microglia,IDH_Mutant,364,0,0,1,
IFI27,0.7540438023842596,cycling_tumor,IDH_WT,365,0,0,1,
LEPROTL1,0.7540055620067581,T cell,IDH_WT,366,0,0,1,
LDHA,0.7539455179593926,TAM1/TAM2/microglia,IDH_WT,367,0,0,1,
SMAP2,0.7538540800184179,OPC_GABA_AC_like_tumor,IDH_Mutant,368,0,0,1,
LAIR1,0.7538034525918789,TAM1/TAM2/microglia,IDH_Mutant,369,0,0,1,
CDKN1A,0.7537512035543148,cycling_tumor,IDH_WT,370,0,0,1,
GDAP1L1,0.7536400428369439,OPC_GABA_like_tumor,IDH_Mutant,371,0,0,1,
FGD5-AS1,0.7530568793577396,TAM1/TAM2/microglia,IDH_Mutant,372,0,0,1,
MNDA,0.7525923889681947,cycling_tumor,IDH_Mutant,373,0,0,1,
ZC3HAV1,0.7520216807601154,T cell,IDH_Mutant,374,0,0,1,
HSPH1,0.7519094595447529,T cell,IDH_WT,375,0,0,1,
TGFB1,0.7516693099197086,cycling_tumor,IDH_Mutant,376,0,1,0,2.0
CSTB,0.7511880897487391,TAM1/TAM2/microglia,IDH_WT,377,0,0,1,
DHRS9,0.7511275966588439,TAM1/TAM2/microglia,IDH_Mutant,378,0,0,1,
IFITM3,0.7509362266107591,OPC_GABA_AC_like_tumor,IDH_Mutant,379,0,0,1,
S1PR4,0.7503991445592869,T cell,IDH_WT,380,0,0,1,
FAM32A,0.7494136021101185,OPC_GABA_like_tumor,IDH_Mutant,381,0,0,1,
AP003481.1,0.748593416864772,TAM1/TAM2/microglia,IDH_Mutant,382,0,0,1,
GRN,0.7483414679650302,TAM1/TAM2/microglia,IDH_Mutant,383,0,0,1,
ZNF385D,0.7481592312900085,OPC_GABA_like_tumor,IDH_WT,384,0,0,1,
S100A4,0.7474437423511905,cycling_tumor,IDH_WT,385,0,0,1,
ARGLU1,0.7468218703314805,T cell,IDH_WT,386,0,0,1,
AREG,0.7467798277314596,TAM1/TAM2/microglia,IDH_WT,387,0,0,1,
GLUL,0.7466413319208745,T cell,IDH_WT,388,0,0,1,
SMG1,0.7462092054841613,T cell,IDH_WT,389,0,0,1,
METTL1,0.7460812749349026,OPC_GABA_like_tumor,IDH_WT,390,0,0,1,
VAMP8,0.7459880812974807,OPC_GABA_AC_like_tumor,IDH_Mutant,391,1,0,0,
CDK4,0.7459168049256959,T cell,IDH_WT,392,0,0,1,
STMN2,0.7458190038087573,OPC_GABA_AC_like_tumor,IDH_WT,393,0,0,1,
PRRC2C,0.7458053932470373,T cell,IDH_WT,394,0,0,1,
GCA,0.7451108096171343,TAM1/TAM2/microglia,IDH_WT,395,0,0,1,
KCNIP1,0.7446359427497152,OPC_GABA_like_tumor,IDH_WT,396,0,0,1,
SLC1A2,0.744264364365074,OPC_GABA_AC_like_tumor,IDH_WT,397,0,0,1,
YWHAE,0.7439630650397644,TAM1/TAM2/microglia,IDH_Mutant,398,0,0,1,
C1orf54,0.7437973824068018,cycling_tumor,IDH_Mutant,399,0,0,1,
SNX9,0.7436970311960556,cycling_tumor,IDH_WT,400,0,0,1,
S100A6,0.7435461727997258,TAM1/TAM2/microglia,IDH_WT,401,0,0,1,
USP8,0.7427446297455029,TAM1/TAM2/microglia,IDH_WT,402,0,0,1,
CEBPD,0.7427106593008758,OPC_GABA_AC_like_tumor,IDH_WT,403,0,0,1,
TNFAIP2,0.7421275618683858,TAM1/TAM2/microglia,IDH_WT,404,0,0,1,
LBR,0.7416743295439298,TAM1/TAM2/microglia,IDH_WT,405,0,0,1,
FAM129A,0.74097030478682,T cell,IDH_WT,406,0,0,1,
CGGBP1,0.7402891727032059,TAM1/TAM2/microglia,IDH_Mutant,407,0,0,1,
APLP2,0.7398024302565848,TAM1/TAM2/microglia,IDH_Mutant,408,0,0,1,
CHURC1,0.7397068446415322,TAM1/TAM2/microglia,IDH_Mutant,409,0,0,1,
CYB561D2,0.7386641040698538,TAM1/TAM2/microglia,IDH_Mutant,410,0,0,1,
ZSWIM6,0.7385760660889048,TAM1/TAM2/microglia,IDH_Mutant,411,0,0,1,
TBC1D22A,0.7383792965609824,TAM1/TAM2/microglia,IDH_Mutant,412,0,0,1,
ARHGAP24,0.7381159776122279,TAM1/TAM2/microglia,IDH_Mutant,413,0,0,1,
MYL12A,0.7378057895700622,cycling_tumor,IDH_Mutant,414,0,0,1,
BAZ1A,0.7376363721991841,T cell,IDH_WT,415,0,0,1,
M6PR,0.7375912990188775,TAM1/TAM2/microglia,IDH_Mutant,416,0,0,1,
JUNB,0.7374975210467994,T cell,IDH_WT,417,0,0,1,
PIP4K2C,0.7371959937929595,OPC_GABA_like_tumor,IDH_WT,418,0,0,1,
CSRP2,0.736821438621158,AC_like_tumor,IDH_Mutant,419,0,0,1,
STAB1,0.7364917897927645,TAM1/TAM2/microglia,IDH_Mutant,420,0,0,1,
RAB34,0.7363163595722005,OPC_GABA_like_tumor,IDH_WT,421,0,0,1,
APC,0.7362788670029106,TAM1/TAM2/microglia,IDH_WT,422,0,0,1,
ZCCHC2,0.7361317066165574,TAM1/TAM2/microglia,IDH_Mutant,423,0,0,1,
CD3D,0.7358704469341198,T cell,IDH_Mutant,424,0,0,1,
RGS10,0.7353855040116057,OPC_GABA_AC_like_tumor,IDH_WT,425,0,0,1,
CD48,0.7352908932247855,T cell,IDH_WT,426,0,0,1,
HLA-B,0.7351390460812975,cycling_tumor,IDH_Mutant,427,0,0,1,
TGFBR2,0.7351118215339797,cycling_tumor,IDH_Mutant,428,0,0,1,
RAB3IP,0.7345493082591126,AC_like_tumor,IDH_Mutant,429,0,0,1,
N4BP2L2,0.7340472579140126,T cell,IDH_WT,430,0,0,1,
TTYH1,0.734023214251264,AC_like_tumor,IDH_Mutant,431,0,0,1,
HIPK1,0.7339785179090276,TAM1/TAM2/microglia,IDH_WT,432,0,0,1,
KIAA1551,0.7335892444243541,T cell,IDH_WT,433,0,0,1,
KLF9,0.7331368240222561,OPC_GABA_like_tumor,IDH_WT,434,0,0,1,
THY1,0.7321113642657342,AC_like_tumor,IDH_Mutant,435,0,0,1,
EIF3G,0.7319835996738641,T cell,IDH_Mutant,436,0,0,0,
SLC1A3,0.7319430034731553,AC_like_tumor,IDH_Mutant,437,0,0,1,
MAST4,0.7316724999001004,OPC_GABA_like_tumor,IDH_WT,438,0,0,1,
EMB,0.7307889302735184,TAM1/TAM2/microglia,IDH_WT,439,0,0,1,
PTPRZ1,0.7305493593507275,T cell,IDH_WT,440,0,1,0,1.0
LHFPL6,0.7304891877527602,OPC_GABA_like_tumor,IDH_WT,441,0,0,1,
GSN,0.7300120120844292,cycling_tumor,IDH_Mutant,442,0,0,1,
BIRC3,0.7295719829927507,T cell,IDH_WT,443,0,0,1,
PTGS1,0.7290712536494517,TAM1/TAM2/microglia,IDH_Mutant,444,0,0,1,
CMC1,0.7290199007595973,T cell,IDH_Mutant,445,0,0,1,
CD28,0.7285259115935658,T cell,IDH_Mutant,446,1,0,0,
ATP1B2,0.728408217219608,OPC_GABA_like_tumor,IDH_WT,447,0,0,1,
SYNGR2,0.728174570152675,cycling_tumor,IDH_WT,448,0,0,1,
IRF1,0.728064386119976,T cell,IDH_Mutant,449,0,0,1,
SYNM,0.7280408757359134,OPC_GABA_like_tumor,IDH_WT,450,0,0,1,
TIMP1,0.7279694382621453,cycling_tumor,IDH_WT,451,0,0,1,
FPR1,0.7279503152096265,cycling_tumor,IDH_Mutant,452,0,0,1,
PARP8,0.7279285509099261,T cell,IDH_WT,453,0,0,1,
KLRB1,0.7278340314550491,T cell,IDH_Mutant,454,0,1,0,1.0
ICAM3,0.727232663232068,T cell,IDH_WT,455,0,0,1,
NAV3,0.7272315216001227,TAM1/TAM2/microglia,IDH_Mutant,456,0,0,1,
S100A9,0.72701139545547,cycling_tumor,IDH_WT,457,0,0,1,
FNIP2,0.7267133308600126,OPC_GABA_like_tumor,IDH_WT,458,0,0,1,
AIDA,0.7265221190890534,TAM1/TAM2/microglia,IDH_WT,459,0,0,1,
RASSF8,0.7263151092127587,OPC_GABA_like_tumor,IDH_Mutant,460,0,0,1,
LIMCH1,0.7257875323746238,AC_like_tumor,IDH_Mutant,461,0,0,1,
ST6GAL1,0.7256343400257343,TAM1/TAM2/microglia,IDH_WT,462,0,0,1,
EFHD2,0.7250946436690809,T cell,IDH_Mutant,463,0,0,1,
HEXB,0.7250025257958057,TAM1/TAM2/microglia,IDH_Mutant,464,0,0,1,
THG1L,0.7248475590563085,OPC_GABA_like_tumor,IDH_WT,465,0,0,1,
LIX1,0.7247113917298799,AC_like_tumor,IDH_Mutant,466,0,0,1,
RNASE1,0.7246366712811607,TAM1/TAM2/microglia,IDH_Mutant,467,0,0,1,
HNMT,0.7243024434735708,cycling_tumor,IDH_WT,468,0,0,1,
EPHX1,0.7241444708619303,AC_like_tumor,IDH_Mutant,469,0,0,1,
NOS2,0.7238595536346935,OPC_GABA_like_tumor,IDH_WT,470,0,0,1,
PRDX1,0.7237051951078988,T cell,IDH_Mutant,471,0,0,1,
CYTL1,0.723594863417002,cycling_tumor,IDH_Mutant,472,0,0,1,
EFEMP1,0.7232579323587853,OPC_GABA_like_tumor,IDH_WT,473,0,0,1,
NASP,0.7232136838371249,TAM1/TAM2/microglia,IDH_Mutant,474,0,0,1,
SUSD3,0.7230599478376637,cycling_tumor,IDH_Mutant,475,0,0,1,
CD86,0.7230475744345937,cycling_tumor,IDH_Mutant,476,0,0,1,
PEAK1,0.7227115337834604,TAM1/TAM2/microglia,IDH_Mutant,477,0,0,1,
CRYAB,0.722626770915199,cycling_tumor,IDH_WT,478,0,0,1,
CREG1,0.7223165360863317,cycling_tumor,IDH_Mutant,479,0,0,1,
SLC16A10,0.7221308872745402,TAM1/TAM2/microglia,IDH_WT,480,0,0,1,
LDLRAD4,0.7210107483479751,TAM1/TAM2/microglia,IDH_WT,481,0,0,1,
AC016831.7,0.7206831269943945,TAM1/TAM2/microglia,IDH_Mutant,482,0,0,1,
AKT3,0.7199864050428257,TAM1/TAM2/microglia,IDH_Mutant,483,0,0,1,
MAF1,0.7196910597226895,TAM1/TAM2/microglia,IDH_Mutant,484,0,0,1,
KCNN3,0.7196904878761891,AC_like_tumor,IDH_Mutant,485,0,0,1,
FBXO32,0.7194611646792246,OPC_GABA_like_tumor,IDH_WT,486,0,0,1,
SP3,0.7191938961310542,TAM1/TAM2/microglia,IDH_Mutant,487,0,0,1,
PRDX3,0.7185328532512105,T cell,IDH_WT,488,0,0,1,
SEC61G,0.7182118207817715,T cell,IDH_WT,489,0,0,1,
RAP2A,0.7180821131413933,OPC_GABA_AC_like_tumor,IDH_Mutant,490,0,0,1,
THUMPD1,0.7180122091144843,TAM1/TAM2/microglia,IDH_WT,491,0,0,1,
TNKS2,0.7178929374848988,TAM1/TAM2/microglia,IDH_Mutant,492,0,0,1,
RPS20,0.7178765461358889,OPC_GABA_AC_like_tumor,IDH_Mutant,493,0,0,0,
SLC9A3R1,0.7177264480733457,OPC_GABA_like_tumor,IDH_WT,494,0,0,1,
PPFIA1,0.7168397278161162,OPC_GABA_like_tumor,IDH_WT,495,0,0,1,
PON2,0.7168209168341385,AC_like_tumor,IDH_Mutant,496,0,0,1,
DDX24,0.7167417925180135,T cell,IDH_WT,497,0,0,1,
SEC31A,0.7165340095333205,TAM1/TAM2/microglia,IDH_Mutant,498,0,0,1,
DBP,0.7165126655983372,OPC_GABA_like_tumor,IDH_WT,499,0,0,1,
RAB2A,0.7161671956966666,TAM1/TAM2/microglia,IDH_Mutant,500,0,0,1,
IRAK2,0.7160335162985114,TAM1/TAM2/microglia,IDH_Mutant,501,0,0,1,
S100A10,0.7156516319746381,TAM1/TAM2/microglia,IDH_WT,502,0,0,1,
RASSF2,0.7156069308008468,TAM1/TAM2/microglia,IDH_Mutant,503,0,0,1,
PPIE,0.7155961380473681,OPC_GABA_like_tumor,IDH_WT,504,0,0,1,
WAS,0.7155691202563906,TAM1/TAM2/microglia,IDH_WT,505,0,0,1,
FRMD4B,0.715482513518106,T cell,IDH_WT,506,0,0,1,
MSN,0.7154311919918351,TAM1/TAM2/microglia,IDH_Mutant,507,0,0,1,
MRPS25,0.7153107734235403,OPC_GABA_like_tumor,IDH_Mutant,508,0,0,0,
ZEB2,0.7149704125938536,T cell,IDH_Mutant,509,0,0,1,
IFIT2,0.7140501886989953,OPC_GABA_AC_like_tumor,IDH_Mutant,510,0,0,1,
BCL2L12,0.7135224432304427,cycling_tumor,IDH_WT,511,0,0,1,
HPGDS,0.7134150889657707,cycling_tumor,IDH_Mutant,512,0,0,1,
NCKAP1L,0.7131171459498026,TAM1/TAM2/microglia,IDH_Mutant,513,0,0,1,
HDAC9,0.7122914326655188,TAM1/TAM2/microglia,IDH_Mutant,514,0,0,1,
ROBO1,0.7122669969176891,AC_like_tumor,IDH_Mutant,515,0,0,1,
CD3E,0.7120806456562845,T cell,IDH_Mutant,516,1,0,0,
IL32,0.711248155819048,T cell,IDH_Mutant,517,0,0,1,
FAM216A,0.7111954188309699,OPC_GABA_like_tumor,IDH_WT,518,0,0,1,
C1QTNF1,0.7094420710675514,OPC_GABA_like_tumor,IDH_WT,519,0,0,1,
GLUD1,0.7087975019692314,AC_like_tumor,IDH_Mutant,520,0,0,1,
MPP1,0.7087396473295711,TAM1/TAM2/microglia,IDH_Mutant,521,0,0,1,
RPN1,0.708693361836328,TAM1/TAM2/microglia,IDH_Mutant,522,0,0,1,
FUCA2,0.708110541620855,cycling_tumor,IDH_Mutant,523,0,0,1,
GAS1,0.7080373513431596,OPC_GABA_like_tumor,IDH_WT,524,0,0,1,
BTG3,0.708006047271555,TAM1/TAM2/microglia,IDH_Mutant,525,0,0,1,
ADAP2,0.7079263046361142,cycling_tumor,IDH_Mutant,526,0,0,1,
TSNAX,0.7076963586836666,TAM1/TAM2/microglia,IDH_WT,527,0,0,1,
LDHB,0.7076333759021427,T cell,IDH_Mutant,528,0,0,1,
XRN2,0.7074517059833239,TAM1/TAM2/microglia,IDH_WT,529,0,0,1,
ATP6V1B2,0.7073097839406393,TAM1/TAM2/microglia,IDH_Mutant,530,0,0,1,
KLF6,0.7066469141463071,T cell,IDH_WT,531,0,0,1,
CHMP1B,0.7066154549842284,TAM1/TAM2/microglia,IDH_Mutant,532,0,0,1,
SRSF9,0.7065637110322991,TAM1/TAM2/microglia,IDH_Mutant,533,0,0,1,
LGALS9,0.7064444536840313,TAM1/TAM2/microglia,IDH_WT,534,0,1,0,2.0
VAV3,0.7057738803701531,T cell,IDH_Mutant,535,1,0,0,
APEX1,0.705732510389183,TAM1/TAM2/microglia,IDH_Mutant,536,0,0,1,
MARCH2,0.7053721758647398,cycling_tumor,IDH_WT,537,0,0,1,
ITPR2,0.7050718315708604,TAM1/TAM2/microglia,IDH_WT,538,0,0,1,
P4HB,0.7050357448399583,TAM1/TAM2/microglia,IDH_WT,539,0,0,1,
KMT2A,0.7050283103917756,TAM1/TAM2/microglia,IDH_WT,540,0,0,1,
VPS41,0.7049890163784379,TAM1/TAM2/microglia,IDH_Mutant,541,0,0,1,
CDC37,0.7046664544221104,TAM1/TAM2/microglia,IDH_Mutant,542,0,0,1,
ARL4C,0.7045598340608515,OPC_GABA_like_tumor,IDH_WT,543,0,0,1,
HSPA1B,0.704421653297642,T cell,IDH_WT,544,0,0,1,
LCK,0.7042743502494504,T cell,IDH_WT,545,1,0,0,
ZFAND3,0.7042181282712925,TAM1/TAM2/microglia,IDH_Mutant,546,0,0,1,
OLIG2,0.7037248808884916,OPC_GABA_AC_like_tumor,IDH_WT,547,0,0,1,
VCP,0.703447192802442,TAM1/TAM2/microglia,IDH_Mutant,548,0,0,1,
ZFAS1,0.7034022302830512,OPC_GABA_AC_like_tumor,IDH_WT,549,0,0,1,
ZNF292,0.703101562294617,TAM1/TAM2/microglia,IDH_Mutant,550,0,0,1,
SRPRA,0.7029164384806225,TAM1/TAM2/microglia,IDH_WT,551,0,0,1,
ELOC,0.7027353887589269,TAM1/TAM2/microglia,IDH_WT,552,0,0,1,
NORAD,0.7024893218347765,TAM1/TAM2/microglia,IDH_WT,553,0,0,1,
CHST11,0.7024699279897954,TAM1/TAM2/microglia,IDH_Mutant,554,0,0,1,
HACD4,0.7021958780565505,TAM1/TAM2/microglia,IDH_Mutant,555,0,0,1,
ICAM1,0.7018813882678263,TAM1/TAM2/microglia,IDH_WT,556,1,0,0,
CTSC,0.7017907920453438,cycling_tumor,IDH_Mutant,557,0,0,1,
ABHD17A,0.7017049018816051,T cell,IDH_Mutant,558,0,0,1,
IKZF1,0.7014162833807097,T cell,IDH_WT,559,0,0,1,
IBTK,0.7013569729150929,TAM1/TAM2/microglia,IDH_Mutant,560,0,0,1,
LSM5,0.70127309510083,TAM1/TAM2/microglia,IDH_Mutant,561,0,0,1,
ECHDC2,0.7012543237921072,OPC_GABA_like_tumor,IDH_WT,562,0,0,1,
EDF1,0.700514236164062,TAM1/TAM2/microglia,IDH_WT,563,0,0,1,
RIN3,0.7002958401774653,T cell,IDH_Mutant,564,0,0,1,
G0S2,0.7002562231416436,TAM1/TAM2/microglia,IDH_WT,565,0,0,1,
PPIL3,0.7002318124018356,OPC_GABA_like_tumor,IDH_WT,566,0,0,1,
TUBA1C,0.6999622185626706,cycling_tumor,IDH_Mutant,567,0,0,1,
LRP10,0.6999479791092024,TAM1/TAM2/microglia,IDH_WT,568,0,0,1,
PLSCR1,0.6996181789804383,TAM1/TAM2/microglia,IDH_Mutant,569,0,0,1,
OTULINL,0.6995741075685779,cycling_tumor,IDH_Mutant,570,0,0,1,
HSPA9,0.6993949005605214,TAM1/TAM2/microglia,IDH_Mutant,571,0,0,1,
WIPF3,0.6993492809973505,OPC_GABA_like_tumor,IDH_WT,572,0,0,1,
KDM5A,0.699312126607428,TAM1/TAM2/microglia,IDH_WT,573,0,0,1,
TUBB6,0.6988638159705595,OPC_GABA_like_tumor,IDH_WT,574,0,0,1,
PLEKHO2,0.6986869615301721,TAM1/TAM2/microglia,IDH_Mutant,575,0,0,1,
LPL,0.6986494754758538,OPC_GABA_like_tumor,IDH_WT,576,0,0,1,
H2AFJ,0.6984090853125945,OPC_GABA_like_tumor,IDH_WT,577,0,0,0,
GOPC,0.6983362229361583,TAM1/TAM2/microglia,IDH_WT,578,0,0,1,
AC245014.3,0.697911237379306,TAM1/TAM2/microglia,IDH_WT,579,0,0,1,
TMEFF2,0.6976877849903896,OPC_GABA_like_tumor,IDH_Mutant,580,0,0,1,
SOX9,0.6972714469172929,OPC_GABA_like_tumor,IDH_WT,581,0,0,1,
AUTS2,0.6970196688744699,TAM1/TAM2/microglia,IDH_Mutant,582,0,0,1,
HIST1H1E,0.6967688847608576,TAM1/TAM2/microglia,IDH_Mutant,583,0,0,0,
FOXN3,0.6965144319431811,TAM1/TAM2/microglia,IDH_Mutant,584,0,0,1,
MT-ND6,0.6962814848753549,TAM1/TAM2/microglia,IDH_WT,585,0,0,0,
LINC01094,0.6962269007307285,TAM1/TAM2/microglia,IDH_WT,586,0,0,1,
ELL2,0.6959846593273532,OPC_GABA_like_tumor,IDH_WT,587,0,0,1,
CLEC4E,0.6959152906176581,TAM1/TAM2/microglia,IDH_Mutant,588,0,0,1,
GYPC,0.6956633511387247,OPC_GABA_AC_like_tumor,IDH_Mutant,589,0,0,1,
STARD3NL,0.6954416992457484,T cell,IDH_Mutant,590,0,0,1,
FYN,0.695339611124314,T cell,IDH_WT,591,0,0,1,
ALOX5,0.6952626046003549,TAM1/TAM2/microglia,IDH_Mutant,592,0,0,1,
PPP2R5C,0.6951459070801581,T cell,IDH_Mutant,593,0,0,1,
ARID5B,0.6950968518809064,T cell,IDH_WT,594,0,0,1,
DNAJB14,0.6948508493945396,TAM1/TAM2/microglia,IDH_WT,595,0,0,1,
HSD17B12,0.6948446479274474,TAM1/TAM2/microglia,IDH_Mutant,596,0,0,1,
CD7,0.6947107848553559,T cell,IDH_Mutant,597,0,0,1,
NEMF,0.6943163879479656,TAM1/TAM2/microglia,IDH_Mutant,598,0,0,1,
ANXA4,0.6942928604107476,TAM1/TAM2/microglia,IDH_Mutant,599,0,0,1,
RNASE2,0.6939539968855333,cycling_tumor,IDH_Mutant,600,0,0,1,
MT1X,0.693891172293903,AC_like_tumor,IDH_Mutant,601,0,0,1,
TMEM47,0.693562980978646,AC_like_tumor,IDH_Mutant,602,0,0,1,
KLF7,0.6935255393036515,OPC_GABA_like_tumor,IDH_WT,603,0,0,1,
HLA-DRA,0.6933993395545185,OPC_GABA_AC_like_tumor,IDH_WT,604,1,1,0,2.0
CD46,0.6933734628023224,TAM1/TAM2/microglia,IDH_WT,605,0,0,1,
NR4A1,0.692993528126926,cycling_tumor,IDH_Mutant,606,0,0,1,
PPP4R3A,0.6929727295457505,TAM1/TAM2/microglia,IDH_Mutant,607,0,0,1,
HSP90B1,0.692346333083729,TAM1/TAM2/microglia,IDH_Mutant,608,0,0,1,
DAZAP2,0.6922675516514751,TAM1/TAM2/microglia,IDH_WT,609,0,0,1,
RFC1,0.6922470477883436,TAM1/TAM2/microglia,IDH_WT,610,0,0,1,
PLIN2,0.6922227662201994,TAM1/TAM2/microglia,IDH_Mutant,611,0,0,1,
XCL2,0.6919936446725229,T cell,IDH_Mutant,612,0,0,1,
GJA1,0.6916585740807127,AC_like_tumor,IDH_Mutant,613,0,0,1,
TMSB10,0.6913237222766014,OPC_GABA_AC_like_tumor,IDH_Mutant,614,0,0,1,
HSPB1,0.691251007493518,cycling_tumor,IDH_WT,615,0,0,1,
YWHAQ,0.6911303227727299,TAM1/TAM2/microglia,IDH_Mutant,616,0,0,1,
LYSMD2,0.6911279246847463,cycling_tumor,IDH_WT,617,0,0,1,
NPEPPS,0.6907331382276795,TAM1/TAM2/microglia,IDH_Mutant,618,0,0,1,
GOLIM4,0.6904594932959405,TAM1/TAM2/microglia,IDH_WT,619,0,0,1,
RGCC,0.6902560692705826,T cell,IDH_Mutant,620,0,0,1,
COMMD1,0.6900870375025729,TAM1/TAM2/microglia,IDH_Mutant,621,0,0,1,
CPE,0.6900747786071525,OPC_GABA_AC_like_tumor,IDH_WT,622,0,0,1,
RAB5A,0.6897088104963792,TAM1/TAM2/microglia,IDH_WT,623,0,0,1,
CLTC,0.689702376204075,TAM1/TAM2/microglia,IDH_Mutant,624,0,0,1,
GALNT11,0.689338577211572,OPC_GABA_like_tumor,IDH_WT,625,0,0,1,
TXNIP,0.689322672831048,TAM1/TAM2/microglia,IDH_Mutant,626,0,0,1,
IFI30,0.6889958183358761,TAM1/TAM2/microglia,IDH_WT,627,0,0,1,
PHC2,0.6884541103481052,TAM1/TAM2/microglia,IDH_Mutant,628,0,0,1,
YPEL5,0.6883584675901446,TAM1/TAM2/microglia,IDH_Mutant,629,0,0,1,
CDH6,0.6881940200852902,OPC_GABA_like_tumor,IDH_WT,630,0,0,1,
TMED5,0.687861889557776,TAM1/TAM2/microglia,IDH_Mutant,631,0,0,1,
INAFM1,0.6874358987712771,OPC_GABA_like_tumor,IDH_WT,632,0,0,1,
SLFN5,0.6874217635777181,T cell,IDH_WT,633,0,0,1,
FNDC3A,0.6869641619471087,TAM1/TAM2/microglia,IDH_WT,634,0,0,1,
SOAT1,0.6867850296743946,TAM1/TAM2/microglia,IDH_Mutant,635,0,0,1,
CREM,0.6865545648143403,T cell,IDH_WT,636,0,0,1,
STRBP,0.686306111140607,T cell,IDH_Mutant,637,0,0,1,
ALDH2,0.6862138984342511,AC_like_tumor,IDH_Mutant,638,0,0,1,
HLA-C,0.6861975414965743,cycling_tumor,IDH_Mutant,639,0,0,1,
KIF5B,0.6857051969154798,TAM1/TAM2/microglia,IDH_WT,640,0,0,1,
MCUB,0.685514605397941,T cell,IDH_Mutant,641,0,0,1,
RASAL2,0.6854315759167785,TAM1/TAM2/microglia,IDH_Mutant,642,0,0,1,
TM9SF2,0.6852334817481944,TAM1/TAM2/microglia,IDH_WT,643,0,0,1,
FAM120A,0.6845968361354304,TAM1/TAM2/microglia,IDH_Mutant,644,0,0,1,
CAP2,0.6842298667151383,OPC_GABA_like_tumor,IDH_WT,645,0,0,1,
AMZ2,0.684029939695711,TAM1/TAM2/microglia,IDH_WT,646,0,0,1,
DROSHA,0.6833885766365566,OPC_GABA_like_tumor,IDH_WT,647,0,0,1,
VPS36,0.6833310295621849,TAM1/TAM2/microglia,IDH_WT,648,0,0,1,
PLXDC2,0.6831366770928489,cycling_tumor,IDH_Mutant,649,0,0,1,
HK1,0.683105721423132,TAM1/TAM2/microglia,IDH_WT,650,0,0,1,
MYH9,0.6828298121446721,TAM1/TAM2/microglia,IDH_Mutant,651,1,0,0,
CYTIP,0.6827634627376384,T cell,IDH_WT,652,0,0,1,
GNG5,0.6827534483123896,OPC_GABA_like_tumor,IDH_Mutant,653,0,0,1,
ATXN7L3B,0.6826959310986422,TAM1/TAM2/microglia,IDH_WT,654,0,0,1,
RNF213,0.6826184948919887,T cell,IDH_WT,655,0,0,1,
ANKRD12,0.6825692345134469,T cell,IDH_WT,656,0,0,1,
MAP2,0.6820130186232305,AC_like_tumor,IDH_Mutant,657,0,0,1,
DGUOK,0.6818797030815575,OPC_GABA_like_tumor,IDH_Mutant,658,0,0,1,
COX6B1,0.6817594632232997,TAM1/TAM2/microglia,IDH_Mutant,659,0,0,0,
LINGO1,0.6816912065656939,OPC_GABA_like_tumor,IDH_Mutant,660,0,0,1,
FERMT2,0.6814330061800364,AC_like_tumor,IDH_Mutant,661,0,0,1,
STOM,0.6812592442333945,TAM1/TAM2/microglia,IDH_Mutant,662,0,0,1,
PARVG,0.6810586741157776,TAM1/TAM2/microglia,IDH_WT,663,0,0,1,
MIER1,0.6810531150592647,TAM1/TAM2/microglia,IDH_Mutant,664,0,0,1,
RMND5B,0.6809995532765379,OPC_GABA_like_tumor,IDH_WT,665,0,0,1,
SMU1,0.6807408422286898,TAM1/TAM2/microglia,IDH_Mutant,666,0,0,1,
IFI44,0.680577595366476,TAM1/TAM2/microglia,IDH_Mutant,667,0,0,1,
FOLR2,0.680470545470487,OPC_GABA_AC_like_tumor,IDH_Mutant,668,0,0,1,
VKORC1,0.6804099700599899,OPC_GABA_like_tumor,IDH_WT,669,0,0,1,
UGT8,0.6804044513061225,OPC_GABA_like_tumor,IDH_Mutant,670,0,0,1,
MRFAP1L1,0.6803534026552095,OPC_GABA_like_tumor,IDH_Mutant,671,0,0,1,
TRIM22,0.680270749945878,cycling_tumor,IDH_Mutant,672,0,0,1,
SLAIN2,0.6798604797874939,OPC_GABA_like_tumor,IDH_WT,673,0,0,1,
ZNF791,0.6798012249722845,OPC_GABA_like_tumor,IDH_Mutant,674,0,0,1,
HNRNPUL1,0.6796988004021353,TAM1/TAM2/microglia,IDH_WT,675,0,0,1,
SREK1,0.6794557962294252,TAM1/TAM2/microglia,IDH_Mutant,676,0,0,1,
KCTD12,0.6792854138205934,OPC_GABA_like_tumor,IDH_Mutant,677,0,0,1,
SOCS1,0.679134605198715,TAM1/TAM2/microglia,IDH_Mutant,678,0,0,1,
OST4,0.6787741204156571,TAM1/TAM2/microglia,IDH_Mutant,679,0,0,1,
THRAP3,0.6786922563128355,TAM1/TAM2/microglia,IDH_WT,680,0,0,1,
CBR1,0.6784378371696895,AC_like_tumor,IDH_Mutant,681,0,0,1,
NUP62,0.6782288717496618,TAM1/TAM2/microglia,IDH_WT,682,0,0,1,
TMEM59L,0.6781849104470725,OPC_GABA_like_tumor,IDH_WT,683,0,0,1,
BCAN,0.6781031088683565,TAM1/TAM2/microglia,IDH_WT,684,0,0,1,
CMSS1,0.6778849735026828,OPC_GABA_like_tumor,IDH_Mutant,685,0,0,1,
SCFD1,0.6773564058427094,TAM1/TAM2/microglia,IDH_Mutant,686,0,0,1,
RDH10,0.677299595288002,OPC_GABA_like_tumor,IDH_WT,687,0,0,1,
MPST,0.6771986672028448,TAM1/TAM2/microglia,IDH_Mutant,688,0,0,1,
ARL5A,0.6771859968627798,TAM1/TAM2/microglia,IDH_Mutant,689,0,0,1,
LYPLA1,0.6771668136613377,TAM1/TAM2/microglia,IDH_Mutant,690,0,0,1,
CCDC80,0.6771258920943432,AC_like_tumor,IDH_Mutant,691,0,0,1,
HIST1H2AC,0.6770525922616074,TAM1/TAM2/microglia,IDH_WT,692,0,0,0,
CLINT1,0.6769562764840868,TAM1/TAM2/microglia,IDH_WT,693,0,0,1,
OXNAD1,0.6767326320181054,T cell,IDH_WT,694,0,0,1,
XCL1,0.6760898278005881,T cell,IDH_Mutant,695,0,0,1,
DNTTIP2,0.6758417283616845,TAM1/TAM2/microglia,IDH_Mutant,696,0,0,1,
IL13RA1,0.6757800475888895,cycling_tumor,IDH_Mutant,697,0,0,1,
ZFYVE21,0.6757743896228251,AC_like_tumor,IDH_Mutant,698,0,0,1,
SYTL3,0.6757720589185707,TAM1/TAM2/microglia,IDH_WT,699,0,0,1,
TRBC1,0.6755749951668666,T cell,IDH_WT,700,0,0,1,
WBP11,0.6751816461796631,TAM1/TAM2/microglia,IDH_WT,701,0,0,1,
SYNE2,0.6751532740139192,T cell,IDH_WT,702,0,0,1,
CD163,0.6747148543534351,cycling_tumor,IDH_WT,703,0,0,1,
PJA2,0.674501350529747,TAM1/TAM2/microglia,IDH_Mutant,704,0,0,1,
VPS29,0.6742849556524585,T cell,IDH_WT,705,0,0,1,
PTBP1,0.6742070432826399,TAM1/TAM2/microglia,IDH_Mutant,706,0,0,1,
KLF10,0.6739442816074507,TAM1/TAM2/microglia,IDH_WT,707,0,0,1,
CD4,0.6738723277707719,cycling_tumor,IDH_Mutant,708,0,1,0,2.0
TMEM223,0.6738357655216428,TAM1/TAM2/microglia,IDH_Mutant,709,0,0,1,
WASL,0.673680825061753,OPC_GABA_AC_like_tumor,IDH_WT,710,0,0,1,
LMO3,0.673283955967287,OPC_GABA_like_tumor,IDH_WT,711,0,0,1,
RABGGTB,0.6732159683531518,TAM1/TAM2/microglia,IDH_WT,712,0,0,1,
SLC12A5,0.6729574288865054,TAM1/TAM2/microglia,IDH_Mutant,713,0,0,1,
TWF2,0.6729096480103356,TAM1/TAM2/microglia,IDH_Mutant,714,0,0,1,
YBEY,0.6729061510612886,OPC_GABA_like_tumor,IDH_WT,715,0,0,1,
ECI1,0.672902889392501,TAM1/TAM2/microglia,IDH_Mutant,716,0,0,1,
DNAJB12,0.6728364914193595,TAM1/TAM2/microglia,IDH_WT,717,0,0,1,
SNHG12,0.6725925313973886,TAM1/TAM2/microglia,IDH_WT,718,0,0,1,
AEBP1,0.6721202765966844,OPC_GABA_like_tumor,IDH_WT,719,0,0,1,
NSRP1,0.6720810180311394,TAM1/TAM2/microglia,IDH_WT,720,0,0,1,
STAG2,0.6720742548985021,TAM1/TAM2/microglia,IDH_WT,721,0,0,1,
SLC11A1,0.6720338991930201,TAM1/TAM2/microglia,IDH_WT,722,0,0,1,
BTG2,0.67202384717842,T cell,IDH_WT,723,0,0,1,
TCP1,0.6719444846920103,TAM1/TAM2/microglia,IDH_WT,724,0,0,1,
SPON2,0.6718744976289781,T cell,IDH_Mutant,725,0,0,1,
MRPS30,0.6718025750369891,OPC_GABA_like_tumor,IDH_Mutant,726,0,0,0,
SIPA1L1,0.6714139593163486,OPC_GABA_like_tumor,IDH_Mutant,727,0,0,1,
EEF1AKMT3,0.670900435667473,OPC_GABA_like_tumor,IDH_WT,728,0,0,0,
ARHGAP4,0.6707525339335525,TAM1/TAM2/microglia,IDH_WT,729,0,0,1,
TUT4,0.6702377613501274,TAM1/TAM2/microglia,IDH_WT,730,0,0,1,
NDUFA4,0.6702374698730151,TAM1/TAM2/microglia,IDH_Mutant,731,0,0,0,
CDKN1B,0.6701440300785654,T cell,IDH_WT,732,0,0,1,
RYR1,0.6701126421675911,TAM1/TAM2/microglia,IDH_Mutant,733,0,0,1,
INPP5D,0.669951412648216,cycling_tumor,IDH_Mutant,734,0,0,1,
MYOF,0.6699454051484781,TAM1/TAM2/microglia,IDH_WT,735,0,0,1,
ETS1,0.6698872610412663,T cell,IDH_WT,736,0,0,1,
RBPJ,0.6698408823213914,TAM1/TAM2/microglia,IDH_Mutant,737,0,0,1,
LINC01088,0.6698346226225567,AC_like_tumor,IDH_Mutant,738,0,0,1,
SQSTM1,0.6697970916555416,TAM1/TAM2/microglia,IDH_Mutant,739,0,0,1,
MINOS1,0.6695185675904345,TAM1/TAM2/microglia,IDH_Mutant,740,0,0,1,
ATP1A1,0.6695040607240741,TAM1/TAM2/microglia,IDH_Mutant,741,0,0,1,
BSG,0.6694762168278925,OPC_GABA_AC_like_tumor,IDH_Mutant,742,0,0,1,
TLN1,0.6694719111262971,T cell,IDH_Mutant,743,0,0,1,
BLOC1S6,0.669105324727683,TAM1/TAM2/microglia,IDH_WT,744,0,0,1,
CSRP1,0.66906635136421,AC_like_tumor,IDH_Mutant,745,0,0,1,
CCNL1,0.6688681173866426,T cell,IDH_WT,746,0,0,1,
TSPO,0.6688537991124897,cycling_tumor,IDH_Mutant,747,0,0,1,
BAZ1B,0.6688203325055524,TAM1/TAM2/microglia,IDH_WT,748,0,0,1,
MARCH9,0.668746630518733,OPC_GABA_like_tumor,IDH_WT,749,0,0,1,
ZMIZ1,0.6687317423285041,TAM1/TAM2/microglia,IDH_Mutant,750,0,0,1,
PPDPF,0.6679673186926052,TAM1/TAM2/microglia,IDH_Mutant,751,0,0,1,
CXXC5,0.6678004500001304,TAM1/TAM2/microglia,IDH_WT,752,0,0,1,
C1orf61,0.6677719364688923,T cell,IDH_WT,753,0,0,1,
SDF2L1,0.6676623937177052,TAM1/TAM2/microglia,IDH_Mutant,754,0,0,1,
MT1G,0.6675675395119275,AC_like_tumor,IDH_Mutant,755,0,0,1,
ZDHHC12,0.6672590676483221,cycling_tumor,IDH_Mutant,756,0,0,1,
EIF4G1,0.6671068908506294,TAM1/TAM2/microglia,IDH_WT,757,0,0,0,
IFI44L,0.666957070758679,AC_like_tumor,IDH_Mutant,758,0,0,1,
FAM208A,0.6666929997368835,OPC_GABA_like_tumor,IDH_WT,759,0,0,1,
GFAP,0.6666661643299191,OPC_GABA_AC_like_tumor,IDH_Mutant,760,0,0,1,
LACTB,0.6666642196361617,TAM1/TAM2/microglia,IDH_Mutant,761,0,0,1,
PRNP,0.6666568818757314,TAM1/TAM2/microglia,IDH_WT,762,0,0,1,
NHLRC3,0.6665647455111194,TAM1/TAM2/microglia,IDH_WT,763,0,0,1,
HNRNPA3,0.6665614685443689,TAM1/TAM2/microglia,IDH_Mutant,764,0,0,1,
STAT1,0.6665585594529915,TAM1/TAM2/microglia,IDH_Mutant,765,0,0,1,
C2orf88,0.6664906905412341,OPC_GABA_like_tumor,IDH_WT,766,0,0,1,
IQGAP2,0.666431259470651,TAM1/TAM2/microglia,IDH_Mutant,767,0,0,1,
PLP2,0.6661829693501062,TAM1/TAM2/microglia,IDH_WT,768,0,0,1,
GPX4,0.6659540821878539,T cell,IDH_WT,769,0,0,1,
CD9,0.6658961082757962,TAM1/TAM2/microglia,IDH_Mutant,770,0,0,1,
ZC3H13,0.6656262676157362,TAM1/TAM2/microglia,IDH_WT,771,0,0,1,
NCSTN,0.6655785179374695,OPC_GABA_like_tumor,IDH_WT,772,0,0,1,
BRI3,0.6649508744470681,T cell,IDH_WT,773,0,0,1,
CLNS1A,0.6646925965324268,TAM1/TAM2/microglia,IDH_Mutant,774,0,0,1,
CHCHD3,0.6646762559269426,TAM1/TAM2/microglia,IDH_Mutant,775,0,0,1,
ATP5F1D,0.6644458231208379,TAM1/TAM2/microglia,IDH_Mutant,776,0,0,0,
RND3,0.6641110354850128,OPC_GABA_like_tumor,IDH_WT,777,0,0,1,
ZMAT2,0.6640949563668914,OPC_GABA_like_tumor,IDH_Mutant,778,0,0,1,
VPS4B,0.6639709038987146,T cell,IDH_Mutant,779,0,0,1,
OSTC,0.6639105358309967,TAM1/TAM2/microglia,IDH_Mutant,780,0,0,1,
LNPEP,0.6633976918090287,TAM1/TAM2/microglia,IDH_WT,781,0,0,1,
IRS2,0.6631731768315652,OPC_GABA_like_tumor,IDH_WT,782,0,0,1,
ZFP36,0.663088223604474,cycling_tumor,IDH_Mutant,783,0,0,1,
MORC3,0.6627828356962657,TAM1/TAM2/microglia,IDH_WT,784,0,0,1,
FN1,0.6627670471368102,cycling_tumor,IDH_WT,785,0,0,1,
MAT2A,0.6626004527627734,TAM1/TAM2/microglia,IDH_Mutant,786,0,0,1,
ITM2B,0.6623000041884163,OPC_GABA_AC_like_tumor,IDH_WT,787,0,0,1,
C15orf48,0.6622609526434321,TAM1/TAM2/microglia,IDH_WT,788,0,0,1,
SREK1IP1,0.6622180853570001,OPC_GABA_like_tumor,IDH_Mutant,789,0,0,1,
ZBTB38,0.6621310101815813,TAM1/TAM2/microglia,IDH_Mutant,790,0,0,1,
SDAD1,0.6620069094105807,OPC_GABA_like_tumor,IDH_WT,791,0,0,1,
MAPK1IP1L,0.661873895669639,TAM1/TAM2/microglia,IDH_Mutant,792,0,0,1,
DRAM2,0.6618328045718238,TAM1/TAM2/microglia,IDH_Mutant,793,0,0,1,
TXN,0.6618077430027309,TAM1/TAM2/microglia,IDH_WT,794,0,0,1,
TFAM,0.6617654777940102,TAM1/TAM2/microglia,IDH_Mutant,795,0,0,1,
TMEM30A,0.6616789103889168,TAM1/TAM2/microglia,IDH_WT,796,0,0,1,
MTRNR2L1,0.6616086676336227,T cell,IDH_WT,797,0,0,0,
PINK1,0.6615607535853482,cycling_tumor,IDH_WT,798,0,0,1,
PPP1R2,0.6612953031052644,T cell,IDH_WT,799,0,0,1,
TMEM259,0.6610988124106616,TAM1/TAM2/microglia,IDH_WT,800,0,0,1,
BIN1,0.6610938192184604,cycling_tumor,IDH_Mutant,801,0,0,1,
CNN3,0.6610014013688951,AC_like_tumor,IDH_Mutant,802,0,0,1,
EEA1,0.6609166515716293,TAM1/TAM2/microglia,IDH_Mutant,803,0,0,1,
RB1CC1,0.6608904520056068,TAM1/TAM2/microglia,IDH_Mutant,804,0,0,1,
STAMBPL1,0.6605034733620055,TAM1/TAM2/microglia,IDH_Mutant,805,0,0,1,
VTI1B,0.6602963297783526,OPC_GABA_like_tumor,IDH_WT,806,0,0,1,
FNBP1L,0.6602676273712247,OPC_GABA_like_tumor,IDH_WT,807,0,0,1,
MZT2B,0.6599233777762803,TAM1/TAM2/microglia,IDH_Mutant,808,0,0,1,
ID3,0.659533826836467,AC_like_tumor,IDH_Mutant,809,0,0,1,
RAC2,0.6594668638576969,cycling_tumor,IDH_Mutant,810,0,0,1,
CREBRF,0.6593413922422673,OPC_GABA_like_tumor,IDH_WT,811,0,0,1,
RPL22L1,0.6592052004110519,TAM1/TAM2/microglia,IDH_WT,812,0,0,0,
RAB13,0.6590464896569141,T cell,IDH_WT,813,0,0,1,
ZNF385A,0.6590192990693212,TAM1/TAM2/microglia,IDH_WT,814,0,0,1,
PPHLN1,0.6585976942007017,TAM1/TAM2/microglia,IDH_Mutant,815,0,0,1,
ADRB2,0.658515059098675,TAM1/TAM2/microglia,IDH_Mutant,816,0,0,1,
RNF145,0.658149992394782,TAM1/TAM2/microglia,IDH_Mutant,817,0,0,1,
IFNGR2,0.6578748202918174,TAM1/TAM2/microglia,IDH_Mutant,818,0,0,1,
SPTAN1,0.6577298183578009,TAM1/TAM2/microglia,IDH_WT,819,0,0,1,
MCCC2,0.6572474926167595,OPC_GABA_like_tumor,IDH_WT,820,0,0,1,
SCPEP1,0.6572308546894966,cycling_tumor,IDH_Mutant,821,0,0,1,
APP,0.6571654786006048,OPC_GABA_like_tumor,IDH_Mutant,822,0,0,1,
PSD3,0.6571504676468096,OPC_GABA_like_tumor,IDH_WT,823,0,0,1,
JPX,0.6571428089929597,TAM1/TAM2/microglia,IDH_Mutant,824,0,0,1,
DNAJC7,0.6569085131271988,OPC_GABA_like_tumor,IDH_Mutant,825,0,0,1,
RBMS1,0.6569051029881293,TAM1/TAM2/microglia,IDH_Mutant,826,0,0,1,
ALKBH7,0.65680277191978,TAM1/TAM2/microglia,IDH_Mutant,827,0,0,1,
AC074327.1,0.6566460954329356,TAM1/TAM2/microglia,IDH_Mutant,828,0,0,1,
SMARCE1,0.6565306192668064,OPC_GABA_like_tumor,IDH_Mutant,829,0,0,1,
MT1F,0.6564394599812113,AC_like_tumor,IDH_Mutant,830,0,0,1,
MAPK1,0.6563996360197226,T cell,IDH_Mutant,831,0,0,1,
OLR1,0.65630445428029,cycling_tumor,IDH_Mutant,832,0,0,1,
PSME2,0.6562705232009949,TAM1/TAM2/microglia,IDH_Mutant,833,0,0,1,
ARL8B,0.6562698855299638,TAM1/TAM2/microglia,IDH_Mutant,834,0,0,1,
RASSF8-AS1,0.6560609738836362,OPC_GABA_like_tumor,IDH_WT,835,0,0,1,
LONRF2,0.6558178167421669,OPC_GABA_like_tumor,IDH_WT,836,0,0,1,
SMIM29,0.6556377452524836,OPC_GABA_like_tumor,IDH_WT,837,0,0,1,
ARHGAP6,0.6556321958056326,TAM1/TAM2/microglia,IDH_Mutant,838,0,0,1,
HECTD1,0.6555926802058253,OPC_GABA_like_tumor,IDH_Mutant,839,0,0,1,
STMN1,0.6552785279754074,T cell,IDH_WT,840,0,0,1,
HLA-DQA2,0.6552026127205478,TAM1/TAM2/microglia,IDH_WT,841,0,0,1,
CLEC4A,0.6551228231557101,TAM1/TAM2/microglia,IDH_Mutant,842,0,0,1,
CNPY3,0.6549684187072535,OPC_GABA_like_tumor,IDH_WT,843,0,0,1,
MMP16,0.654896552741951,AC_like_tumor,IDH_Mutant,844,0,0,1,
UBE2N,0.6548934396085003,OPC_GABA_AC_like_tumor,IDH_WT,845,0,0,1,
AHCYL1,0.6546498455384494,AC_like_tumor,IDH_Mutant,846,0,0,1,
RRAGA,0.6544149916326555,TAM1/TAM2/microglia,IDH_WT,847,0,0,1,
CCDC82,0.6539545400304299,TAM1/TAM2/microglia,IDH_WT,848,0,0,1,
PSME1,0.6538188353339678,TAM1/TAM2/microglia,IDH_Mutant,849,0,0,1,
TCF25,0.6537442273571143,TAM1/TAM2/microglia,IDH_WT,850,0,0,1,
SOX6,0.65359096504165,AC_like_tumor,IDH_Mutant,851,0,0,1,
SDC3,0.6534169817256428,OPC_GABA_like_tumor,IDH_Mutant,852,0,0,1,
CHMP3,0.65320738891592,OPC_GABA_like_tumor,IDH_Mutant,853,0,0,1,
P4HA1,0.6531539615169227,cycling_tumor,IDH_WT,854,0,0,1,
CARHSP1,0.6531393733437111,TAM1/TAM2/microglia,IDH_WT,855,0,0,1,
ELK3,0.652658353256611,TAM1/TAM2/microglia,IDH_WT,856,0,0,1,
IFIT1,0.6525036140110922,AC_like_tumor,IDH_Mutant,857,0,0,1,
DNAJC2,0.6523018281544937,TAM1/TAM2/microglia,IDH_Mutant,858,0,0,1,
DDX42,0.6522385203521378,OPC_GABA_like_tumor,IDH_WT,859,0,0,1,
OAS1,0.6522016983768169,TAM1/TAM2/microglia,IDH_WT,860,0,0,1,
CIRBP,0.6521219402411128,OPC_GABA_AC_like_tumor,IDH_WT,861,0,0,1,
C12orf75,0.6520715792422374,cycling_tumor,IDH_Mutant,862,0,0,1,
IPCEF1,0.6516150119700483,TAM1/TAM2/microglia,IDH_Mutant,863,0,0,1,
AC079015.1,0.6515743176148928,TAM1/TAM2/microglia,IDH_Mutant,864,0,0,1,
MXI1,0.6515464526663731,TAM1/TAM2/microglia,IDH_WT,865,0,0,1,
ACADVL,0.6514784259045234,TAM1/TAM2/microglia,IDH_Mutant,866,0,0,1,
FNIP1,0.651443966543044,TAM1/TAM2/microglia,IDH_WT,867,0,0,1,
HERPUD1,0.65117681798114,T cell,IDH_WT,868,0,0,1,
ANKRD9,0.6510498680416481,cycling_tumor,IDH_WT,869,0,0,1,
ACP1,0.6509889807058172,TAM1/TAM2/microglia,IDH_Mutant,870,0,0,1,
FBXL5,0.650962224261322,TAM1/TAM2/microglia,IDH_Mutant,871,0,0,1,
VEGFA,0.650625626831095,TAM1/TAM2/microglia,IDH_WT,872,0,0,1,
SEPT7,0.6505989899954122,T cell,IDH_WT,873,0,0,1,
S100B,0.6504839870122465,T cell,IDH_WT,874,0,0,1,
LMNA,0.6502439151507522,TAM1/TAM2/microglia,IDH_WT,875,0,0,1,
LSM3,0.650152837851516,TAM1/TAM2/microglia,IDH_WT,876,0,0,1,
CMTM3,0.6499482518430095,cycling_tumor,IDH_WT,877,0,0,1,
PNRC1,0.6498277992514708,T cell,IDH_WT,878,0,0,1,
VSIR,0.6497960157986966,cycling_tumor,IDH_Mutant,879,0,0,1,
FCGR1A,0.6497137702831891,cycling_tumor,IDH_Mutant,880,0,0,1,
CKB,0.6496390580660009,T cell,IDH_WT,881,0,0,1,
APOC2,0.6495803295093887,TAM1/TAM2/microglia,IDH_WT,882,0,0,1,
SMC1A,0.6494456337890885,TAM1/TAM2/microglia,IDH_WT,883,0,0,1,
SLC15A2,0.6494399927987535,TAM1/TAM2/microglia,IDH_Mutant,884,0,0,1,
ST3GAL6,0.6491745731506163,OPC_GABA_like_tumor,IDH_Mutant,885,0,0,1,
CTSD,0.6491326476729152,T cell,IDH_Mutant,886,0,0,1,
HIP1R,0.6489822695605991,OPC_GABA_like_tumor,IDH_Mutant,887,0,0,1,
P2RY12,0.6487579244192896,cycling_tumor,IDH_Mutant,888,0,0,1,
CTSB,0.6483509408136758,cycling_tumor,IDH_Mutant,889,0,0,1,
ADAR,0.6481644121935946,TAM1/TAM2/microglia,IDH_WT,890,0,0,1,
SSBP4,0.6477176410513383,TAM1/TAM2/microglia,IDH_Mutant,891,0,0,1,
ARL6IP5,0.6474830150098045,T cell,IDH_WT,892,0,0,1,
MRPL16,0.6472245098724291,TAM1/TAM2/microglia,IDH_Mutant,893,0,0,0,
BEX3,0.6469071436917859,T cell,IDH_WT,894,0,0,1,
IRF8,0.6467727486473365,cycling_tumor,IDH_Mutant,895,0,0,1,
ZNF331,0.6467471827176505,T cell,IDH_WT,896,0,0,1,
CYTH4,0.646711479487757,TAM1/TAM2/microglia,IDH_Mutant,897,0,0,1,
SCD,0.6466468837090542,TAM1/TAM2/microglia,IDH_WT,898,0,0,1,
AUP1,0.6466448607744876,OPC_GABA_like_tumor,IDH_WT,899,0,0,1,
RPS4Y1,0.6462982227451727,TAM1/TAM2/microglia,IDH_Mutant,900,0,0,0,
KTN1,0.6462772223182218,TAM1/TAM2/microglia,IDH_WT,901,0,0,1,
SMCHD1,0.646267060144236,T cell,IDH_WT,902,0,0,1,
ZNF451,0.6461120420230156,TAM1/TAM2/microglia,IDH_Mutant,903,0,0,1,
NCOR1,0.646036419112168,TAM1/TAM2/microglia,IDH_WT,904,0,0,1,
TLN2,0.6458202543224314,TAM1/TAM2/microglia,IDH_WT,905,0,0,1,
PTPN2,0.6457028393823318,TAM1/TAM2/microglia,IDH_Mutant,906,0,0,1,
ATP8B4,0.645629865270999,TAM1/TAM2/microglia,IDH_Mutant,907,0,0,1,
CAMK2D,0.6451966239505772,OPC_GABA_like_tumor,IDH_WT,908,0,0,1,
NKAP,0.6449737305365717,TAM1/TAM2/microglia,IDH_Mutant,909,0,0,1,
NOP10,0.6448631319921397,TAM1/TAM2/microglia,IDH_Mutant,910,0,0,1,
NNMT,0.6447711324295365,OPC_GABA_AC_like_tumor,IDH_WT,911,0,0,1,
TXNRD1,0.644646613319134,OPC_GABA_like_tumor,IDH_Mutant,912,0,0,1,
STAU1,0.6444277947427751,TAM1/TAM2/microglia,IDH_Mutant,913,0,0,1,
IVD,0.6444025391361748,TAM1/TAM2/microglia,IDH_WT,914,0,0,1,
MYL12B,0.6443510558683645,TAM1/TAM2/microglia,IDH_WT,915,0,0,1,
SARAF,0.644288327216392,T cell,IDH_WT,916,0,0,1,
CCND1,0.6442121452725977,TAM1/TAM2/microglia,IDH_Mutant,917,0,0,1,
RNF220,0.64415761689073,OPC_GABA_like_tumor,IDH_WT,918,0,0,1,
TMEM176B,0.6440272776659235,TAM1/TAM2/microglia,IDH_WT,919,0,0,1,
PLCL2,0.6438564982427935,TAM1/TAM2/microglia,IDH_Mutant,920,0,0,1,
UBAC2,0.6437790506359191,TAM1/TAM2/microglia,IDH_Mutant,921,0,0,1,
PDIA3,0.6436508471889744,TAM1/TAM2/microglia,IDH_Mutant,922,0,0,1,
MAPRE1,0.6436298810346399,OPC_GABA_like_tumor,IDH_WT,923,0,0,1,
NMI,0.6435321691073661,TAM1/TAM2/microglia,IDH_Mutant,924,0,0,1,
C20orf27,0.643473546929592,TAM1/TAM2/microglia,IDH_WT,925,0,0,1,
TUBB,0.6429095413783343,T cell,IDH_WT,926,0,0,1,
ADRM1,0.6427947160091634,OPC_GABA_like_tumor,IDH_WT,927,0,0,1,
ATRAID,0.6427821005631007,TAM1/TAM2/microglia,IDH_Mutant,928,0,0,1,
RANBP9,0.6427535996772042,TAM1/TAM2/microglia,IDH_Mutant,929,0,0,1,
SORT1,0.6426780424994122,OPC_GABA_like_tumor,IDH_Mutant,930,0,0,1,
ZNF593,0.6426108432975386,TAM1/TAM2/microglia,IDH_Mutant,931,0,0,1,
CD302,0.6424545189192254,TAM1/TAM2/microglia,IDH_WT,932,0,0,1,
ATG5,0.6422643595431022,TAM1/TAM2/microglia,IDH_Mutant,933,0,0,1,
ANAPC16,0.6422538997595196,TAM1/TAM2/microglia,IDH_Mutant,934,0,0,1,
VASP,0.6422520327482174,cycling_tumor,IDH_WT,935,0,0,1,
SELENOF,0.6419680966954975,TAM1/TAM2/microglia,IDH_Mutant,936,0,0,1,
CASP8,0.6419065424240187,TAM1/TAM2/microglia,IDH_WT,937,0,0,1,
C7orf50,0.6415078650295237,TAM1/TAM2/microglia,IDH_WT,938,0,0,1,
IQGAP1,0.6413612640176571,OPC_GABA_like_tumor,IDH_Mutant,939,0,0,1,
IMP3,0.6413197091744862,TAM1/TAM2/microglia,IDH_Mutant,940,0,0,1,
POP5,0.64128195265546,TAM1/TAM2/microglia,IDH_Mutant,941,0,0,1,
IER5,0.6412146071951319,OPC_GABA_like_tumor,IDH_WT,942,0,0,1,
P2RY13,0.6410836328319535,cycling_tumor,IDH_Mutant,943,0,0,1,
PXMP2,0.6409863906229922,OPC_GABA_like_tumor,IDH_Mutant,944,0,0,1,
TBRG1,0.6408918665637817,TAM1/TAM2/microglia,IDH_WT,945,0,0,1,
HERC5,0.6405990033766462,cycling_tumor,IDH_Mutant,946,0,0,1,
IRF7,0.6404263506503676,TAM1/TAM2/microglia,IDH_Mutant,947,0,0,1,
ASB8,0.6403687264622475,OPC_GABA_like_tumor,IDH_Mutant,948,0,0,1,
HUWE1,0.6403353352709991,TAM1/TAM2/microglia,IDH_WT,949,0,0,1,
EDNRB,0.6403269116435528,AC_like_tumor,IDH_Mutant,950,0,0,1,
TP53I13,0.6402335699428798,OPC_GABA_like_tumor,IDH_WT,951,0,0,1,
GAMT,0.6401749515712126,TAM1/TAM2/microglia,IDH_Mutant,952,0,0,1,
HK2,0.6401503910457652,TAM1/TAM2/microglia,IDH_WT,953,0,0,1,
IGFBP5,0.6399633395859078,OPC_GABA_like_tumor,IDH_WT,954,0,0,1,
OAZ2,0.6399072272212303,OPC_GABA_like_tumor,IDH_WT,955,0,0,1,
SNW1,0.6398931421344413,OPC_GABA_like_tumor,IDH_WT,956,0,0,1,
CNOT1,0.6397718072377446,TAM1/TAM2/microglia,IDH_Mutant,957,0,0,1,
RSRC1,0.6396238567507158,TAM1/TAM2/microglia,IDH_Mutant,958,0,0,1,
TNF,0.6394294982575637,TAM1/TAM2/microglia,IDH_Mutant,959,0,0,1,
UBE3A,0.6393596351861498,TAM1/TAM2/microglia,IDH_Mutant,960,0,0,1,
KATNBL1,0.6393117470672192,TAM1/TAM2/microglia,IDH_Mutant,961,0,0,1,
ORAI1,0.6393105749340714,TAM1/TAM2/microglia,IDH_Mutant,962,0,0,1,
PTP4A1,0.6391294529053029,AC_like_tumor,IDH_Mutant,963,0,0,1,
PTPMT1,0.6391244914223657,cycling_tumor,IDH_WT,964,0,0,1,
IFI16,0.638646333538958,cycling_tumor,IDH_Mutant,965,0,0,1,
DNAJC19,0.638643190023368,TAM1/TAM2/microglia,IDH_Mutant,966,0,0,1,
JOSD1,0.6383857465956917,TAM1/TAM2/microglia,IDH_Mutant,967,0,0,1,
IPO9,0.6381924296119988,OPC_GABA_like_tumor,IDH_WT,968,0,0,1,
NUDT14,0.6381407920072965,TAM1/TAM2/microglia,IDH_WT,969,0,0,1,
SLA,0.6381385000140911,cycling_tumor,IDH_Mutant,970,0,0,1,
CTSW,0.6380162132107018,T cell,IDH_Mutant,971,0,0,1,
OLFML3,0.63800739151887,cycling_tumor,IDH_Mutant,972,0,0,1,
IL2RB,0.6379778378952528,T cell,IDH_Mutant,973,0,0,1,
PLAC8,0.637933689443373,cycling_tumor,IDH_Mutant,974,0,0,1,
SUPT6H,0.6376778588132143,TAM1/TAM2/microglia,IDH_WT,975,0,0,1,
TMF1,0.6373944146520378,TAM1/TAM2/microglia,IDH_WT,976,0,0,1,
RPS27L,0.6373711219388621,cycling_tumor,IDH_WT,977,0,0,0,
MORF4L1,0.6373304466977482,TAM1/TAM2/microglia,IDH_Mutant,978,0,0,1,
BCAT1,0.6371136837669626,OPC_GABA_like_tumor,IDH_WT,979,0,0,1,
ABI3,0.637084680538492,cycling_tumor,IDH_Mutant,980,0,0,1,
SLC7A5,0.6370283979130675,TAM1/TAM2/microglia,IDH_WT,981,0,0,1,
CX3CR1,0.6369151231741862,cycling_tumor,IDH_Mutant,982,0,0,1,
TAGLN3,0.6367517117178633,OPC_GABA_like_tumor,IDH_Mutant,983,0,0,1,
ELOB,0.6367430296990296,TAM1/TAM2/microglia,IDH_Mutant,984,0,0,1,
STX10,0.6366871813937967,TAM1/TAM2/microglia,IDH_Mutant,985,0,0,1,
OSTF1,0.6366659551317273,cycling_tumor,IDH_Mutant,986,0,0,1,
BNIP3,0.6363036738390339,OPC_GABA_like_tumor,IDH_WT,987,0,0,1,
NEDD8,0.6362152197095352,TAM1/TAM2/microglia,IDH_WT,988,0,0,1,
CAPZB,0.6360688671835327,cycling_tumor,IDH_Mutant,989,0,0,1,
SAP18,0.6360431570686761,TAM1/TAM2/microglia,IDH_WT,990,0,0,1,
ZNF524,0.6360400941976952,TAM1/TAM2/microglia,IDH_Mutant,991,0,0,1,
TIPARP,0.6359894619753127,TAM1/TAM2/microglia,IDH_Mutant,992,0,0,1,
IER3IP1,0.6357872462163778,OPC_GABA_like_tumor,IDH_WT,993,0,0,1,
GOLGA3,0.6356247553458539,TAM1/TAM2/microglia,IDH_WT,994,0,0,1,
AC093157.1,0.6353545574377195,OPC_GABA_like_tumor,IDH_Mutant,995,0,0,1,
FAM110B,0.6351911477288401,AC_like_tumor,IDH_Mutant,996,0,0,1,
USP15,0.6344377122382517,T cell,IDH_WT,997,0,0,1,
C1orf122,0.6343536872395221,OPC_GABA_like_tumor,IDH_Mutant,998,0,0,1,
MAN2A1,0.6343233484664648,TAM1/TAM2/microglia,IDH_WT,999,0,0,1,
MPV17,0.6340057900791056,OPC_GABA_like_tumor,IDH_WT,1000,0,0,1,
SNAPC5,0.6339886126252985,OPC_GABA_like_tumor,IDH_WT,1001,0,0,1,
TAF1D,0.6338269325848526,TAM1/TAM2/microglia,IDH_WT,1002,0,0,1,
STK17B,0.633759617877834,T cell,IDH_WT,1003,0,0,1,
TTC37,0.6333693877263606,TAM1/TAM2/microglia,IDH_WT,1004,0,0,1,
TMEM126A,0.6331952784971113,TAM1/TAM2/microglia,IDH_Mutant,1005,0,0,1,
RBM47,0.6331828887183341,TAM1/TAM2/microglia,IDH_Mutant,1006,0,0,1,
DNASE2,0.6330572008036277,cycling_tumor,IDH_WT,1007,0,0,1,
GPR108,0.6328560893227946,TAM1/TAM2/microglia,IDH_Mutant,1008,0,0,1,
SEPT6,0.6327351483426218,TAM1/TAM2/microglia,IDH_WT,1009,0,0,1,
EIF3E,0.6326618714182279,TAM1/TAM2/microglia,IDH_Mutant,1010,0,0,0,
TXK,0.6324855150132318,T cell,IDH_Mutant,1011,0,0,1,
PSMA3-AS1,0.6323225214883819,TAM1/TAM2/microglia,IDH_WT,1012,0,0,1,
ZNRD1,0.6322909260546004,TAM1/TAM2/microglia,IDH_Mutant,1013,0,0,1,
AHNAK,0.6322428116502913,TAM1/TAM2/microglia,IDH_Mutant,1014,0,0,1,
SAFB2,0.6320964607449167,TAM1/TAM2/microglia,IDH_Mutant,1015,0,0,1,
MAGT1,0.6320434065228749,TAM1/TAM2/microglia,IDH_Mutant,1016,0,0,1,
AC090204.1,0.6318075705053875,OPC_GABA_like_tumor,IDH_WT,1017,0,0,1,
GPM6B,0.6317982088277222,T cell,IDH_WT,1018,0,0,1,
TGFBI,0.6317050585608096,TAM1/TAM2/microglia,IDH_WT,1019,0,0,1,
ID4,0.6315673814946484,AC_like_tumor,IDH_Mutant,1020,0,0,1,
PQBP1,0.6315179347305069,TAM1/TAM2/microglia,IDH_Mutant,1021,0,0,1,
SOD2,0.6314167949037326,OPC_GABA_like_tumor,IDH_Mutant,1022,0,0,1,
ACSL3,0.6313899378583889,OPC_GABA_like_tumor,IDH_WT,1023,0,0,1,
IL1B,0.6313272036904076,AC_like_tumor,IDH_Mutant,1024,0,0,1,
ACTR3,0.6312993259097888,TAM1/TAM2/microglia,IDH_Mutant,1025,0,0,1,
SLC31A2,0.6308121400603112,TAM1/TAM2/microglia,IDH_WT,1026,0,0,1,
SRRM1,0.6307768952278716,TAM1/TAM2/microglia,IDH_Mutant,1027,0,0,1,
WEE1,0.6302647394567231,OPC_GABA_like_tumor,IDH_WT,1028,0,0,1,
SRRM2,0.63018795499284,TAM1/TAM2/microglia,IDH_Mutant,1029,0,0,1,
KCNIP4,0.630058923515292,OPC_GABA_like_tumor,IDH_WT,1030,0,0,1,
FAM173A,0.6299651633541076,TAM1/TAM2/microglia,IDH_Mutant,1031,0,0,1,
NIT1,0.6299595525861872,OPC_GABA_like_tumor,IDH_Mutant,1032,0,0,1,
CDK17,0.6298736110477289,OPC_GABA_like_tumor,IDH_Mutant,1033,0,0,1,
EIF4G3,0.6298683916793654,TAM1/TAM2/microglia,IDH_Mutant,1034,0,0,0,
SAMHD1,0.6298615774300851,TAM1/TAM2/microglia,IDH_WT,1035,0,0,1,
KLF3,0.6296166774373205,TAM1/TAM2/microglia,IDH_Mutant,1036,0,0,1,
SEC11A,0.6295482361560579,T cell,IDH_WT,1037,0,0,1,
CPEB2,0.6295251464918732,OPC_GABA_like_tumor,IDH_WT,1038,0,0,1,
TNFAIP8,0.6294072580858813,T cell,IDH_WT,1039,0,0,1,
DYNLL2,0.6293907374085186,TAM1/TAM2/microglia,IDH_WT,1040,0,0,1,
CRIP2,0.6292647161571481,cycling_tumor,IDH_WT,1041,0,0,1,
HMX1,0.629085819086492,OPC_GABA_like_tumor,IDH_Mutant,1042,0,0,1,
ZNF609,0.6288974551606054,TAM1/TAM2/microglia,IDH_Mutant,1043,0,0,1,
VASH1,0.6288508295677945,TAM1/TAM2/microglia,IDH_WT,1044,0,0,1,
DR1,0.628636895804114,TAM1/TAM2/microglia,IDH_WT,1045,0,0,1,
SURF4,0.6283548817526488,TAM1/TAM2/microglia,IDH_Mutant,1046,0,0,1,
RAMP1,0.6283105950521494,TAM1/TAM2/microglia,IDH_Mutant,1047,0,0,1,
HIVEP3,0.6282703931283079,TAM1/TAM2/microglia,IDH_Mutant,1048,0,0,1,
PTPN1,0.6281959682621893,TAM1/TAM2/microglia,IDH_WT,1049,0,0,1,
COL4A3BP,0.6280920673716592,TAM1/TAM2/microglia,IDH_Mutant,1050,0,0,1,
EVA1B,0.6279992651715434,TAM1/TAM2/microglia,IDH_Mutant,1051,0,0,1,
EPB41L3,0.6278884848917925,TAM1/TAM2/microglia,IDH_WT,1052,0,0,1,
ITGAM,0.6278785925880491,TAM1/TAM2/microglia,IDH_Mutant,1053,0,0,1,
NCAN,0.6275406503545466,OPC_GABA_like_tumor,IDH_Mutant,1054,0,0,1,
MRPL1,0.6275251307890659,OPC_GABA_like_tumor,IDH_WT,1055,0,0,0,
CSTA,0.6272702026771777,TAM1/TAM2/microglia,IDH_WT,1056,0,0,1,
FLNA,0.627225966559005,TAM1/TAM2/microglia,IDH_WT,1057,0,0,1,
LINC01896,0.6272244450983873,OPC_GABA_AC_like_tumor,IDH_WT,1058,0,0,1,
NCK2,0.6270573925360502,TAM1/TAM2/microglia,IDH_Mutant,1059,0,0,1,
UBXN6,0.6267864157187666,OPC_GABA_like_tumor,IDH_WT,1060,0,0,1,
PSMF1,0.6265964057054791,TAM1/TAM2/microglia,IDH_Mutant,1061,0,0,1,
CTDSPL,0.6265004126409417,OPC_GABA_like_tumor,IDH_WT,1062,0,0,1,
COMMD8,0.6263479518658319,OPC_GABA_like_tumor,IDH_WT,1063,0,0,1,
UQCR10,0.6260944363913661,TAM1/TAM2/microglia,IDH_Mutant,1064,0,0,0,
MALAT1,0.6259855902811882,OPC_GABA_AC_like_tumor,IDH_WT,1065,0,0,1,
TIMP3,0.6259210044757244,AC_like_tumor,IDH_Mutant,1066,0,0,1,
SLC20A2,0.625819510339504,OPC_GABA_like_tumor,IDH_Mutant,1067,0,0,1,
SLCO2B1,0.6257488972114074,cycling_tumor,IDH_Mutant,1068,0,0,1,
ZNF638,0.6255913716764074,TAM1/TAM2/microglia,IDH_WT,1069,0,0,1,
MRTO4,0.6253674655763944,OPC_GABA_like_tumor,IDH_Mutant,1070,0,0,1,
CDK2AP1,0.6252271306368904,TAM1/TAM2/microglia,IDH_Mutant,1071,0,0,1,
GON4L,0.6252241136907506,OPC_GABA_like_tumor,IDH_WT,1072,0,0,1,
UNC93B1,0.6252058806802342,cycling_tumor,IDH_Mutant,1073,0,0,1,
CAPZA1,0.6249576000712336,TAM1/TAM2/microglia,IDH_Mutant,1074,0,0,1,
SPATA13,0.6248195664749356,TAM1/TAM2/microglia,IDH_Mutant,1075,0,0,1,
CDK12,0.6247564457601166,OPC_GABA_like_tumor,IDH_WT,1076,0,0,1,
EIF2AK4,0.6247381401943881,OPC_GABA_like_tumor,IDH_Mutant,1077,0,0,0,
USP7,0.6246975718702222,TAM1/TAM2/microglia,IDH_Mutant,1078,0,0,1,
ITM2C,0.6246426043129498,AC_like_tumor,IDH_Mutant,1079,0,0,1,
LINC01003,0.6246241176473282,OPC_GABA_like_tumor,IDH_Mutant,1080,0,0,1,
RUNX1,0.6244590845563301,TAM1/TAM2/microglia,IDH_Mutant,1081,0,0,1,
UBL5,0.6244544944456765,TAM1/TAM2/microglia,IDH_WT,1082,0,0,1,
NDRG2,0.6244491317399119,OPC_GABA_AC_like_tumor,IDH_WT,1083,0,0,1,
BBX,0.6243512310546938,TAM1/TAM2/microglia,IDH_Mutant,1084,0,0,1,
BRD8,0.6242538246675853,OPC_GABA_like_tumor,IDH_Mutant,1085,0,0,1,
PCDH19,0.624244849924296,OPC_GABA_like_tumor,IDH_WT,1086,0,0,1,
CHMP4B,0.6241478680780009,OPC_GABA_like_tumor,IDH_WT,1087,0,0,1,
MKL2,0.6241444749569643,OPC_GABA_like_tumor,IDH_WT,1088,0,0,1,
LITAF,0.6241232173256668,TAM1/TAM2/microglia,IDH_Mutant,1089,0,0,1,
CWC22,0.6239501156373268,TAM1/TAM2/microglia,IDH_WT,1090,0,0,1,
CEBPZ,0.6237553532601086,OPC_GABA_like_tumor,IDH_WT,1091,0,0,1,
ARHGAP1,0.6237390523665619,OPC_GABA_like_tumor,IDH_Mutant,1092,0,0,1,
HES1,0.6236096847213831,AC_like_tumor,IDH_Mutant,1093,0,0,1,
PDZRN3,0.6235601306610802,OPC_GABA_like_tumor,IDH_Mutant,1094,0,0,1,
C16orf72,0.6235040348318834,TAM1/TAM2/microglia,IDH_WT,1095,0,0,1,
KCNQ3,0.6234893127810456,TAM1/TAM2/microglia,IDH_Mutant,1096,0,0,1,
PCBD2,0.6232192301688234,cycling_tumor,IDH_WT,1097,0,0,1,
SEC63,0.6231943264618771,TAM1/TAM2/microglia,IDH_Mutant,1098,0,0,1,
NEK11,0.6231719479517375,OPC_GABA_like_tumor,IDH_Mutant,1099,0,0,1,
YIPF4,0.6230871743729269,TAM1/TAM2/microglia,IDH_WT,1100,0,0,1,
TRIB1,0.6230177089699354,TAM1/TAM2/microglia,IDH_WT,1101,0,0,1,
HMGN1,0.6228697583611759,TAM1/TAM2/microglia,IDH_Mutant,1102,0,0,1,
TFDP2,0.6228274064297427,TAM1/TAM2/microglia,IDH_WT,1103,0,0,1,
UBLCP1,0.6227180865395926,OPC_GABA_like_tumor,IDH_Mutant,1104,0,0,1,
SH3GLB1,0.6226983962490765,OPC_GABA_like_tumor,IDH_Mutant,1105,0,0,1,
NELFCD,0.6225492947384204,TAM1/TAM2/microglia,IDH_Mutant,1106,0,0,1,
DDAH2,0.6225235677949247,TAM1/TAM2/microglia,IDH_WT,1107,0,0,1,
C1QL1,0.6225200450557593,OPC_GABA_AC_like_tumor,IDH_Mutant,1108,0,0,1,
USP3,0.6224375855743025,TAM1/TAM2/microglia,IDH_Mutant,1109,0,0,1,
RAB31,0.6222686594238451,T cell,IDH_WT,1110,0,0,1,
MRPS6,0.6222232601875987,TAM1/TAM2/microglia,IDH_WT,1111,0,0,0,
PSAT1,0.622151938447246,AC_like_tumor,IDH_Mutant,1112,0,0,1,
YPEL3,0.622054367058906,TAM1/TAM2/microglia,IDH_Mutant,1113,0,0,1,
CHCHD7,0.6220541267632831,cycling_tumor,IDH_WT,1114,0,0,1,
PTPRJ,0.6218985818683483,TAM1/TAM2/microglia,IDH_Mutant,1115,1,0,0,
SSR3,0.6218820789436581,TAM1/TAM2/microglia,IDH_WT,1116,0,0,1,
TM2D2,0.6218649434720314,OPC_GABA_like_tumor,IDH_Mutant,1117,0,0,1,
LILRB4,0.6218522638960422,cycling_tumor,IDH_Mutant,1118,0,1,0,2.0
C12orf45,0.6217247049995207,TAM1/TAM2/microglia,IDH_WT,1119,0,0,1,
TBCA,0.6217140596757991,T cell,IDH_WT,1120,0,0,1,
CALM3,0.6216229951061351,TAM1/TAM2/microglia,IDH_Mutant,1121,0,0,1,
WASHC4,0.6214160691515108,TAM1/TAM2/microglia,IDH_Mutant,1122,0,0,1,
TNR,0.6213001048733039,AC_like_tumor,IDH_Mutant,1123,0,0,1,
UBE2D3,0.6211809901477787,TAM1/TAM2/microglia,IDH_Mutant,1124,0,0,1,
NUTF2,0.6210794722540276,TAM1/TAM2/microglia,IDH_Mutant,1125,0,0,1,
LMBRD1,0.6208179857507476,TAM1/TAM2/microglia,IDH_WT,1126,0,0,1,
DDAH1,0.6207744281635127,OPC_GABA_like_tumor,IDH_WT,1127,0,0,1,
ATXN10,0.6206933730746341,TAM1/TAM2/microglia,IDH_Mutant,1128,0,0,1,
MYO1F,0.6206465912258269,TAM1/TAM2/microglia,IDH_Mutant,1129,0,0,1,
SRSF1,0.6205943568057968,TAM1/TAM2/microglia,IDH_WT,1130,0,0,1,
NR2F1-AS1,0.6204177275357192,OPC_GABA_like_tumor,IDH_WT,1131,0,0,1,
TFCP2L1,0.6203116302673234,OPC_GABA_like_tumor,IDH_WT,1132,0,0,1,
ARID4B,0.6202566659744442,T cell,IDH_WT,1133,0,0,1,
HSPA4,0.6202224415045443,OPC_GABA_like_tumor,IDH_WT,1134,0,0,1,
COIL,0.6202121809545939,OPC_GABA_like_tumor,IDH_Mutant,1135,0,0,1,
RAB10,0.6200483753220813,TAM1/TAM2/microglia,IDH_Mutant,1136,0,0,1,
SUPT4H1,0.6199064084520811,OPC_GABA_like_tumor,IDH_Mutant,1137,0,0,1,
SINHCAF,0.6198479780043182,AC_like_tumor,IDH_Mutant,1138,0,0,1,
ANAPC15,0.6197993350736248,AC_like_tumor,IDH_Mutant,1139,0,0,1,
FGL2,0.619659556195279,cycling_tumor,IDH_Mutant,1140,0,0,1,
FOPNL,0.619565877739047,OPC_GABA_like_tumor,IDH_WT,1141,0,0,1,
RSF1,0.6195226951079837,TAM1/TAM2/microglia,IDH_WT,1142,0,0,1,
DNER,0.6192633682992434,cycling_tumor,IDH_WT,1143,0,0,1,
TNFRSF14,0.6192009536439826,TAM1/TAM2/microglia,IDH_WT,1144,0,0,1,
HMGXB4,0.6191557692724077,OPC_GABA_like_tumor,IDH_Mutant,1145,0,0,1,
RRP7A,0.6191473708764113,TAM1/TAM2/microglia,IDH_Mutant,1146,0,0,1,
SLC25A3,0.6191118144986769,TAM1/TAM2/microglia,IDH_Mutant,1147,0,0,1,
COLGALT1,0.6190460655870803,TAM1/TAM2/microglia,IDH_WT,1148,0,0,1,
VPS26A,0.6190178803829147,TAM1/TAM2/microglia,IDH_Mutant,1149,0,0,1,
EEF2,0.6189842937411134,T cell,IDH_WT,1150,0,0,0,
TLE1,0.618759436985617,OPC_GABA_like_tumor,IDH_WT,1151,0,0,1,
EZR,0.6186312406557768,TAM1/TAM2/microglia,IDH_WT,1152,1,0,0,
WBP4,0.6185086558881979,TAM1/TAM2/microglia,IDH_WT,1153,0,0,1,
METTL7A,0.6183384489769621,OPC_GABA_like_tumor,IDH_WT,1154,0,0,1,
ABRACL,0.6183193837491683,T cell,IDH_WT,1155,0,0,1,
DDIT4,0.6183092556478462,OPC_GABA_like_tumor,IDH_WT,1156,0,0,1,
NFAT5,0.6181521772863356,OPC_GABA_like_tumor,IDH_WT,1157,0,0,1,
TTC19,0.6179838523264266,TAM1/TAM2/microglia,IDH_Mutant,1158,0,0,1,
RIDA,0.6179815459968228,AC_like_tumor,IDH_Mutant,1159,0,0,1,
MIEN1,0.6179777819374614,TAM1/TAM2/microglia,IDH_Mutant,1160,0,0,1,
SEC13,0.6179660969915377,OPC_GABA_like_tumor,IDH_WT,1161,0,0,1,
AASDH,0.6178268173277737,OPC_GABA_like_tumor,IDH_WT,1162,0,0,1,
PRDX4,0.617822581392336,TAM1/TAM2/microglia,IDH_Mutant,1163,0,0,1,
SLC16A3,0.6176450229837688,TAM1/TAM2/microglia,IDH_Mutant,1164,0,0,1,
ARHGAP45,0.6174501954460686,TAM1/TAM2/microglia,IDH_WT,1165,0,0,1,
SYBU,0.6173835448626659,OPC_GABA_like_tumor,IDH_Mutant,1166,0,0,1,
ARNT2,0.6173678504698012,OPC_GABA_like_tumor,IDH_WT,1167,0,0,1,
PFDN4,0.6171208979121724,TAM1/TAM2/microglia,IDH_Mutant,1168,0,0,1,
CLASP2,0.6169013856483465,AC_like_tumor,IDH_Mutant,1169,0,0,1,
PIN1,0.6167707295862399,OPC_GABA_like_tumor,IDH_Mutant,1170,0,0,1,
RMDN1,0.6164007905048942,OPC_GABA_like_tumor,IDH_WT,1171,0,0,1,
TNFAIP8L3,0.6162829148093493,TAM1/TAM2/microglia,IDH_Mutant,1172,0,0,1,
RANBP3L,0.6160767181027603,AC_like_tumor,IDH_Mutant,1173,0,0,1,
CCDC107,0.6159495717141008,TAM1/TAM2/microglia,IDH_Mutant,1174,0,0,1,
CTNND1,0.615891856011284,OPC_GABA_like_tumor,IDH_WT,1175,0,0,1,
SH3BP2,0.6158724366696464,TAM1/TAM2/microglia,IDH_Mutant,1176,0,0,1,
ETNPPL,0.6158365159828822,AC_like_tumor,IDH_Mutant,1177,0,0,1,
EMC6,0.615746782016184,TAM1/TAM2/microglia,IDH_Mutant,1178,0,0,1,
PGLS,0.6156987743074646,TAM1/TAM2/microglia,IDH_Mutant,1179,0,0,1,
SNHG8,0.6155574810169732,TAM1/TAM2/microglia,IDH_Mutant,1180,0,0,1,
MOB3B,0.6151596413818978,OPC_GABA_like_tumor,IDH_WT,1181,0,0,1,
ARL16,0.6150132856404994,OPC_GABA_like_tumor,IDH_Mutant,1182,0,0,1,
ACTR10,0.6148429258184038,cycling_tumor,IDH_WT,1183,0,0,1,
TRAPPC10,0.6147310886982214,TAM1/TAM2/microglia,IDH_Mutant,1184,0,0,1,
RGS12,0.6146957507573267,OPC_GABA_like_tumor,IDH_WT,1185,0,0,1,
PEA15,0.6146860036789854,AC_like_tumor,IDH_Mutant,1186,0,0,1,
WAC,0.6145889045056467,TAM1/TAM2/microglia,IDH_WT,1187,0,0,1,
CWC27,0.614460867500729,OPC_GABA_like_tumor,IDH_Mutant,1188,0,0,1,
UPP1,0.6144282716008286,TAM1/TAM2/microglia,IDH_WT,1189,0,0,1,
AGT,0.6142696782340565,AC_like_tumor,IDH_Mutant,1190,0,0,1,
CLIP1,0.6141802841638015,OPC_GABA_like_tumor,IDH_WT,1191,0,0,1,
SCAMP2,0.6140391857201614,TAM1/TAM2/microglia,IDH_WT,1192,0,0,1,
FCGR1B,0.613991952857974,cycling_tumor,IDH_Mutant,1193,0,0,1,
GAS6,0.6139723451911904,cycling_tumor,IDH_Mutant,1194,0,0,1,
ACADM,0.6138365058844112,OPC_GABA_like_tumor,IDH_WT,1195,0,0,1,
PPIL4,0.6137424650384831,TAM1/TAM2/microglia,IDH_WT,1196,0,0,1,
RCAN1,0.6136126992612041,TAM1/TAM2/microglia,IDH_WT,1197,0,0,1,
PPP4R2,0.6133990813466915,TAM1/TAM2/microglia,IDH_WT,1198,0,0,1,
MEF2C,0.6133177591068388,cycling_tumor,IDH_Mutant,1199,0,0,1,
MYL6B,0.6132922787497448,TAM1/TAM2/microglia,IDH_WT,1200,0,0,1,
RPS17,0.613288715315581,OPC_GABA_like_tumor,IDH_WT,1201,0,0,0,
RPH3A,0.6132629990963305,OPC_GABA_like_tumor,IDH_WT,1202,0,0,1,
NCAM1,0.6132300881511583,OPC_GABA_AC_like_tumor,IDH_Mutant,1203,0,1,0,2.0
FAM162A,0.6132007609623579,TAM1/TAM2/microglia,IDH_Mutant,1204,0,0,1,
SIL1,0.6127915213913688,OPC_GABA_like_tumor,IDH_WT,1205,0,0,1,
GPATCH2L,0.6127657327099157,TAM1/TAM2/microglia,IDH_Mutant,1206,0,0,1,
AC007952.4,0.6127053235563266,OPC_GABA_like_tumor,IDH_WT,1207,0,0,1,
DDX46,0.6125581800094926,TAM1/TAM2/microglia,IDH_WT,1208,0,0,1,
RAD51C,0.6124959409446454,TAM1/TAM2/microglia,IDH_Mutant,1209,0,0,1,
DUS1L,0.6124143482989166,TAM1/TAM2/microglia,IDH_WT,1210,0,0,1,
HLA-DQB2,0.6123693615589305,TAM1/TAM2/microglia,IDH_Mutant,1211,0,0,1,
ZNF326,0.6122135723417717,TAM1/TAM2/microglia,IDH_Mutant,1212,0,0,1,
ARIH1,0.6121895718162783,TAM1/TAM2/microglia,IDH_Mutant,1213,0,0,1,
COA1,0.6119406856325956,TAM1/TAM2/microglia,IDH_Mutant,1214,0,0,1,
IWS1,0.611919684118299,TAM1/TAM2/microglia,IDH_WT,1215,0,0,1,
MERTK,0.6118475853405283,TAM1/TAM2/microglia,IDH_Mutant,1216,0,0,1,
CASC4,0.6117753793058665,TAM1/TAM2/microglia,IDH_WT,1217,0,0,1,
COA6,0.6116302808047307,OPC_GABA_like_tumor,IDH_Mutant,1218,0,0,1,
YWHAB,0.6112957845620289,T cell,IDH_WT,1219,0,0,1,
PIK3IP1,0.6112428987974126,TAM1/TAM2/microglia,IDH_WT,1220,0,0,1,
ABHD2,0.6111589124707069,OPC_GABA_AC_like_tumor,IDH_WT,1221,0,0,1,
SHD,0.6111137529865929,OPC_GABA_AC_like_tumor,IDH_Mutant,1222,0,0,1,
C1orf35,0.6109411433289911,OPC_GABA_like_tumor,IDH_WT,1223,0,0,1,
RAC1,0.6108706982218537,T cell,IDH_WT,1224,0,0,1,
ANXA5,0.6108520991831257,OPC_GABA_AC_like_tumor,IDH_WT,1225,0,0,1,
SERPINE1,0.6108279336527009,TAM1/TAM2/microglia,IDH_WT,1226,0,0,1,
EIF6,0.6107946075751286,OPC_GABA_like_tumor,IDH_WT,1227,0,0,1,
PADI2,0.6107449694283088,TAM1/TAM2/microglia,IDH_Mutant,1228,0,0,1,
CD160,0.6106355794558815,T cell,IDH_Mutant,1229,0,0,1,
COX14,0.6104299760744162,TAM1/TAM2/microglia,IDH_Mutant,1230,0,0,0,
RHOC,0.6102293481556424,TAM1/TAM2/microglia,IDH_WT,1231,0,0,1,
SF3B5,0.6102129292135624,TAM1/TAM2/microglia,IDH_WT,1232,0,0,1,
MTSS1,0.609889461983584,AC_like_tumor,IDH_Mutant,1233,0,0,1,
SHCBP1,0.6097107391422355,cycling_tumor,IDH_Mutant,1234,0,0,1,
NEDD4L,0.6097022881481624,OPC_GABA_like_tumor,IDH_WT,1235,0,0,1,
TRIM56,0.60965505903023,cycling_tumor,IDH_WT,1236,0,0,1,
TRPS1,0.6096185779019007,TAM1/TAM2/microglia,IDH_Mutant,1237,0,0,1,
TET2,0.6093680294554299,TAM1/TAM2/microglia,IDH_Mutant,1238,0,0,1,
AQR,0.6091327411779949,OPC_GABA_like_tumor,IDH_WT,1239,0,0,1,
ISG15,0.6090247680839453,OPC_GABA_AC_like_tumor,IDH_Mutant,1240,0,0,1,
ZHX3,0.6089937115920263,OPC_GABA_like_tumor,IDH_WT,1241,0,0,1,
MYDGF,0.6088872204611817,OPC_GABA_like_tumor,IDH_Mutant,1242,0,0,1,
NUDT12,0.6087974884644745,OPC_GABA_like_tumor,IDH_WT,1243,0,0,1,
AFG3L2,0.6086414599338278,TAM1/TAM2/microglia,IDH_WT,1244,0,0,1,
SCN3A,0.6085571769964571,AC_like_tumor,IDH_Mutant,1245,0,0,1,
IRF9,0.6085536422977069,OPC_GABA_like_tumor,IDH_Mutant,1246,0,0,1,
SUMO3,0.6084542463551013,OPC_GABA_like_tumor,IDH_WT,1247,0,0,1,
CKAP2,0.6083697181324578,OPC_GABA_like_tumor,IDH_Mutant,1248,0,0,1,
PSMB5,0.6083600167683472,T cell,IDH_WT,1249,0,0,1,
PACS2,0.6083320758266852,OPC_GABA_like_tumor,IDH_WT,1250,0,0,1,
DCAF8,0.608299127012734,OPC_GABA_like_tumor,IDH_WT,1251,0,0,1,
TCF12,0.6082454915835753,TAM1/TAM2/microglia,IDH_Mutant,1252,0,0,1,
GLYR1,0.6082119997640189,TAM1/TAM2/microglia,IDH_Mutant,1253,0,0,1,
TUBA1B,0.6081972516106272,OPC_GABA_like_tumor,IDH_Mutant,1254,0,0,1,
CDK5RAP2,0.6080155604800842,OPC_GABA_like_tumor,IDH_Mutant,1255,0,0,1,
HOOK3,0.6080105424902763,TAM1/TAM2/microglia,IDH_Mutant,1256,0,0,1,
CD47,0.6079195695525209,OPC_GABA_AC_like_tumor,IDH_WT,1257,0,0,1,
ANKRD28,0.6079095987785232,TAM1/TAM2/microglia,IDH_WT,1258,0,0,1,
KLRF1,0.6076940122967216,T cell,IDH_Mutant,1259,0,0,1,
VDAC1,0.6076925822643945,TAM1/TAM2/microglia,IDH_Mutant,1260,0,0,1,
AP2S1,0.6075921361946814,TAM1/TAM2/microglia,IDH_WT,1261,0,0,1,
NAGK,0.6073578055005122,OPC_GABA_like_tumor,IDH_WT,1262,0,0,1,
VOPP1,0.6071701158743512,TAM1/TAM2/microglia,IDH_Mutant,1263,0,0,1,
KLRC1,0.6068543419100655,T cell,IDH_Mutant,1264,0,0,1,
TCEAL4,0.6068003215539279,TAM1/TAM2/microglia,IDH_Mutant,1265,0,0,1,
CXorf21,0.606760491015546,TAM1/TAM2/microglia,IDH_WT,1266,0,0,1,
WARS,0.6062900879053814,TAM1/TAM2/microglia,IDH_Mutant,1267,0,0,1,
ITGB1,0.6062451770483339,OPC_GABA_like_tumor,IDH_Mutant,1268,0,0,1,
RAB21,0.6062051223653518,TAM1/TAM2/microglia,IDH_Mutant,1269,0,0,1,
HYI,0.6061978702878978,TAM1/TAM2/microglia,IDH_Mutant,1270,0,0,1,
CST7,0.6061320464265915,T cell,IDH_Mutant,1271,0,0,1,
RBP1,0.6060602397223473,TAM1/TAM2/microglia,IDH_WT,1272,0,0,1,
TKT,0.6058948289527809,OPC_GABA_like_tumor,IDH_Mutant,1273,0,0,1,
RNF157,0.6058818717924174,OPC_GABA_like_tumor,IDH_Mutant,1274,0,0,1,
GOLPH3,0.6058265846887579,OPC_GABA_like_tumor,IDH_WT,1275,0,0,1,
SLCO3A1,0.6058140582818108,OPC_GABA_like_tumor,IDH_Mutant,1276,0,0,1,
GADD45A,0.6057209680633113,OPC_GABA_like_tumor,IDH_Mutant,1277,0,0,1,
FCGR2B,0.6055220059675575,TAM1/TAM2/microglia,IDH_WT,1278,0,0,1,
BBOX1,0.6054628119876819,AC_like_tumor,IDH_Mutant,1279,0,0,1,
UNC119,0.6052747891915745,OPC_GABA_like_tumor,IDH_Mutant,1280,0,0,1,
CDC34,0.6052190844673573,OPC_GABA_like_tumor,IDH_WT,1281,0,0,1,
GADD45B,0.6050549475645999,OPC_GABA_like_tumor,IDH_Mutant,1282,0,0,1,
PIK3C2A,0.6048530623124961,TAM1/TAM2/microglia,IDH_Mutant,1283,0,0,1,
DDOST,0.6046951137096297,OPC_GABA_like_tumor,IDH_WT,1284,0,0,1,
FRG1,0.6045168370164508,TAM1/TAM2/microglia,IDH_Mutant,1285,0,0,1,
U2SURP,0.6044561820315529,TAM1/TAM2/microglia,IDH_WT,1286,0,0,1,
BACE1,0.6044441306709774,AC_like_tumor,IDH_Mutant,1287,0,0,1,
TLE4,0.6041467677109507,OPC_GABA_like_tumor,IDH_Mutant,1288,0,0,1,
IMP4,0.6038901246951005,OPC_GABA_like_tumor,IDH_WT,1289,0,0,1,
ANLN,0.6036059800990967,OPC_GABA_like_tumor,IDH_Mutant,1290,0,0,1,
GCC2,0.6035209589683249,OPC_GABA_like_tumor,IDH_WT,1291,0,0,1,
IL1RAP,0.6034689147510998,TAM1/TAM2/microglia,IDH_Mutant,1292,0,0,1,
HHEX,0.6034651922741455,TAM1/TAM2/microglia,IDH_Mutant,1293,0,0,1,
RCSD1,0.6034351957282768,cycling_tumor,IDH_Mutant,1294,0,0,1,
NXT2,0.6032726978444299,OPC_GABA_like_tumor,IDH_Mutant,1295,0,0,1,
EIF3A,0.6030884830119925,TAM1/TAM2/microglia,IDH_Mutant,1296,0,0,0,
SATB1,0.6029933463349482,AC_like_tumor,IDH_Mutant,1297,0,0,1,
ARRB2,0.6028778698237549,cycling_tumor,IDH_WT,1298,0,0,1,
SELENOW,0.6027736792451447,TAM1/TAM2/microglia,IDH_WT,1299,0,0,1,
ERO1A,0.6026443510392571,TAM1/TAM2/microglia,IDH_WT,1300,0,0,1,
PPP1R7,0.6026214271163013,OPC_GABA_like_tumor,IDH_WT,1301,0,0,1,
MED29,0.602536495574778,OPC_GABA_like_tumor,IDH_Mutant,1302,0,0,1,
FABP7,0.6023932126827761,cycling_tumor,IDH_WT,1303,0,0,1,
PPP2CB,0.602328906617969,cycling_tumor,IDH_Mutant,1304,0,0,1,
WDR73,0.6021140150304636,OPC_GABA_like_tumor,IDH_WT,1305,0,0,1,
SARS,0.6020288573259784,OPC_GABA_like_tumor,IDH_Mutant,1306,0,0,1,
TAGLN2,0.6019917706864324,TAM1/TAM2/microglia,IDH_WT,1307,0,0,1,
RNF181,0.6019703924346136,TAM1/TAM2/microglia,IDH_Mutant,1308,0,0,1,
ATP1B3,0.6017427101938437,TAM1/TAM2/microglia,IDH_WT,1309,0,0,1,
APRT,0.6015728358313116,OPC_GABA_like_tumor,IDH_Mutant,1310,0,0,1,
TXLNA,0.6015115359924006,TAM1/TAM2/microglia,IDH_WT,1311,0,0,1,
DOCK8,0.6012515124296283,cycling_tumor,IDH_Mutant,1312,0,0,1,
KANK1,0.6011955910426432,OPC_GABA_like_tumor,IDH_WT,1313,0,0,1,
DSE,0.601166624655997,OPC_GABA_like_tumor,IDH_Mutant,1314,0,0,1,
POT1,0.6010901953170287,OPC_GABA_like_tumor,IDH_Mutant,1315,0,0,1,
CHCHD10,0.6010390567734885,cycling_tumor,IDH_Mutant,1316,0,0,1,
SH3BGRL,0.6010115006486132,OPC_GABA_like_tumor,IDH_Mutant,1317,0,0,1,
HEXA,0.6007994780673198,OPC_GABA_like_tumor,IDH_WT,1318,0,0,1,
ESF1,0.600522918923439,OPC_GABA_like_tumor,IDH_WT,1319,0,0,1,
CDC73,0.6004465219857564,TAM1/TAM2/microglia,IDH_Mutant,1320,0,0,1,
ZFHX3,0.600430371174389,OPC_GABA_like_tumor,IDH_Mutant,1321,0,0,1,
SETBP1,0.6003899782418426,OPC_GABA_like_tumor,IDH_WT,1322,0,0,1,
FEZ1,0.6001488957123575,AC_like_tumor,IDH_Mutant,1323,0,0,1,
HACD3,0.60012589195555,TAM1/TAM2/microglia,IDH_WT,1324,0,0,1,
CEP70,0.5998872269247049,OPC_GABA_like_tumor,IDH_Mutant,1325,0,0,1,
PDCD6,0.5998296125183973,TAM1/TAM2/microglia,IDH_Mutant,1326,0,0,1,
RAB20,0.599773823591738,TAM1/TAM2/microglia,IDH_Mutant,1327,0,0,1,
CTNNA1,0.5997176037872191,TAM1/TAM2/microglia,IDH_Mutant,1328,0,0,1,
WDR83OS,0.5996714744977047,TAM1/TAM2/microglia,IDH_WT,1329,0,0,1,
KLHDC10,0.5996312266903251,OPC_GABA_like_tumor,IDH_Mutant,1330,0,0,1,
LAT2,0.5995605641549691,T cell,IDH_Mutant,1331,0,0,1,
METRNL,0.5995596119694775,TAM1/TAM2/microglia,IDH_WT,1332,0,0,1,
GPAA1,0.5994976494262143,OPC_GABA_like_tumor,IDH_WT,1333,0,0,1,
B4GALT5,0.5993346472890128,cycling_tumor,IDH_WT,1334,0,0,1,
IFIT3,0.5992962075735274,AC_like_tumor,IDH_Mutant,1335,0,0,1,
UQCRC1,0.5991493314502006,OPC_GABA_like_tumor,IDH_WT,1336,0,0,0,
NDRG1,0.5991377495190884,TAM1/TAM2/microglia,IDH_WT,1337,0,0,1,
ATG7,0.5990791424002918,TAM1/TAM2/microglia,IDH_Mutant,1338,0,0,1,
SLC2A3,0.5990410328555662,TAM1/TAM2/microglia,IDH_Mutant,1339,0,0,1,
UBA2,0.5990270103591588,TAM1/TAM2/microglia,IDH_Mutant,1340,0,0,1,
DOCK7,0.5989305410003279,OPC_GABA_like_tumor,IDH_Mutant,1341,0,0,1,
CACYBP,0.5987353606294368,TAM1/TAM2/microglia,IDH_Mutant,1342,0,0,1,
CCDC43,0.5985583697852979,OPC_GABA_like_tumor,IDH_WT,1343,0,0,1,
EWSR1,0.5984140070463952,TAM1/TAM2/microglia,IDH_WT,1344,0,0,1,
RBM48,0.5981374166461728,OPC_GABA_like_tumor,IDH_Mutant,1345,0,0,1,
FAT1,0.5981239075846917,OPC_GABA_like_tumor,IDH_Mutant,1346,0,0,1,
MRPL27,0.5980031741047818,TAM1/TAM2/microglia,IDH_WT,1347,0,0,0,
NAT9,0.5978723796053677,OPC_GABA_like_tumor,IDH_WT,1348,0,0,1,
DMTF1,0.597826912575891,OPC_GABA_like_tumor,IDH_WT,1349,0,0,1,
UBE2E1,0.5978216546378197,TAM1/TAM2/microglia,IDH_Mutant,1350,0,0,1,
NDUFB2,0.5977624575470644,T cell,IDH_WT,1351,0,0,0,
CHGB,0.5976073820065091,AC_like_tumor,IDH_Mutant,1352,0,0,1,
RTN1,0.5975382803119945,OPC_GABA_AC_like_tumor,IDH_Mutant,1353,0,0,1,
TMIGD2,0.5973975714554189,T cell,IDH_Mutant,1354,0,0,1,
NDUFS4,0.5972997031342745,TAM1/TAM2/microglia,IDH_Mutant,1355,0,0,0,
LSP1,0.5972814151359207,TAM1/TAM2/microglia,IDH_Mutant,1356,0,0,1,
PARP14,0.5971012160607342,OPC_GABA_like_tumor,IDH_Mutant,1357,0,0,1,
ZNF277,0.597069127821628,TAM1/TAM2/microglia,IDH_Mutant,1358,0,0,1,
SHKBP1,0.5969634997278673,TAM1/TAM2/microglia,IDH_Mutant,1359,0,0,1,
AKIRIN1,0.5968071574948387,TAM1/TAM2/microglia,IDH_WT,1360,0,0,1,
PCDH9,0.5967717887778464,OPC_GABA_like_tumor,IDH_WT,1361,0,0,1,
PRRC2A,0.5967375244046794,OPC_GABA_like_tumor,IDH_WT,1362,0,0,1,
USP16,0.5966936907468692,TAM1/TAM2/microglia,IDH_WT,1363,0,0,1,
ARF1,0.5966600533367786,OPC_GABA_AC_like_tumor,IDH_WT,1364,0,0,1,
DDT,0.5966404671649578,TAM1/TAM2/microglia,IDH_WT,1365,0,0,1,
MRAS,0.5966378933652245,OPC_GABA_like_tumor,IDH_WT,1366,0,0,1,
YBX3,0.5966376715081767,TAM1/TAM2/microglia,IDH_WT,1367,0,0,1,
TOMM7,0.5966011724170063,cycling_tumor,IDH_WT,1368,0,0,1,
GRAMD2B,0.5965858409739829,AC_like_tumor,IDH_Mutant,1369,0,0,1,
CLCN7,0.5965176251311968,TAM1/TAM2/microglia,IDH_WT,1370,0,0,1,
PSMG3,0.5963675845150779,OPC_GABA_AC_like_tumor,IDH_WT,1371,0,0,1,
CARD16,0.5961578995761252,TAM1/TAM2/microglia,IDH_WT,1372,0,0,1,
FGF12,0.5960530182340401,AC_like_tumor,IDH_Mutant,1373,0,0,1,
ARL6IP1,0.5959495083713697,TAM1/TAM2/microglia,IDH_Mutant,1374,0,0,1,
NTPCR,0.5959339165714537,OPC_GABA_like_tumor,IDH_WT,1375,0,0,1,
NSD3,0.5959057912513924,TAM1/TAM2/microglia,IDH_WT,1376,0,0,1,
C6orf62,0.5957266148392932,TAM1/TAM2/microglia,IDH_WT,1377,0,0,1,
PTGDS,0.5956817802971853,AC_like_tumor,IDH_Mutant,1378,0,0,1,
MEGF11,0.5956289278476609,OPC_GABA_like_tumor,IDH_Mutant,1379,0,0,1,
FIBP,0.5954834357781484,OPC_GABA_like_tumor,IDH_Mutant,1380,0,0,1,
NTRK2,0.5954479483311286,AC_like_tumor,IDH_Mutant,1381,0,0,1,
PLOD2,0.5954208785580775,OPC_GABA_like_tumor,IDH_Mutant,1382,0,0,1,
TOP2A,0.5954140432783236,OPC_GABA_like_tumor,IDH_WT,1383,0,0,1,
USP54,0.5952954746666057,OPC_GABA_like_tumor,IDH_WT,1384,0,0,1,
FTO,0.5951373470076076,OPC_GABA_like_tumor,IDH_Mutant,1385,0,0,1,
CREBL2,0.5949668901264272,TAM1/TAM2/microglia,IDH_WT,1386,0,0,1,
RBAK-RBAKDN,0.5948490483941677,OPC_GABA_like_tumor,IDH_WT,1387,0,0,1,
IPO7,0.5948422628578142,TAM1/TAM2/microglia,IDH_Mutant,1388,0,0,1,
FAM107A,0.5948313511926623,OPC_GABA_AC_like_tumor,IDH_Mutant,1389,0,0,1,
PPIP5K2,0.59468420055053,TAM1/TAM2/microglia,IDH_WT,1390,0,0,1,
SLC2A5,0.5946651370675414,cycling_tumor,IDH_Mutant,1391,0,0,1,
MOSPD2,0.5946450843007305,OPC_GABA_like_tumor,IDH_WT,1392,0,0,1,
JMJD6,0.5945919722264994,TAM1/TAM2/microglia,IDH_Mutant,1393,0,0,1,
IMMT,0.5945691518094208,OPC_GABA_like_tumor,IDH_WT,1394,0,0,1,
HRH2,0.5945442579788764,TAM1/TAM2/microglia,IDH_Mutant,1395,0,0,1,
SEPT10,0.5943639287579364,OPC_GABA_like_tumor,IDH_Mutant,1396,0,0,1,
MORF4L2,0.5943061939794976,TAM1/TAM2/microglia,IDH_Mutant,1397,0,0,1,
MX2,0.5942204735541463,TAM1/TAM2/microglia,IDH_Mutant,1398,0,0,1,
PHPT1,0.5940574225678068,T cell,IDH_WT,1399,0,0,1,
INTS10,0.5939624666296769,TAM1/TAM2/microglia,IDH_WT,1400,0,0,1,
SMIM14,0.5936411372488537,cycling_tumor,IDH_Mutant,1401,0,0,1,
LILRB1,0.5934819846909207,TAM1/TAM2/microglia,IDH_WT,1402,0,0,1,
RGS16,0.5934168321234724,TAM1/TAM2/microglia,IDH_WT,1403,0,0,1,
ARHGEF9,0.5932436954896176,OPC_GABA_like_tumor,IDH_Mutant,1404,0,0,1,
DPP6,0.5932099204437039,OPC_GABA_like_tumor,IDH_WT,1405,0,0,1,
SNX10,0.5930947028416558,TAM1/TAM2/microglia,IDH_WT,1406,0,0,1,
KLRC2,0.5930900395628089,OPC_GABA_like_tumor,IDH_Mutant,1407,0,0,1,
UBE2G2,0.5930406149180806,TAM1/TAM2/microglia,IDH_WT,1408,0,0,1,
MBNL2,0.593010890884883,OPC_GABA_like_tumor,IDH_WT,1409,0,0,1,
TRIAP1,0.5930046344416763,OPC_GABA_like_tumor,IDH_Mutant,1410,0,0,1,
SLC25A33,0.5928678112808944,OPC_GABA_like_tumor,IDH_Mutant,1411,0,0,1,
FTX,0.5928118260653112,TAM1/TAM2/microglia,IDH_Mutant,1412,0,0,1,
PTPN12,0.592739341664931,T cell,IDH_Mutant,1413,0,0,1,
MORN2,0.5925565568368516,OPC_GABA_like_tumor,IDH_Mutant,1414,0,0,1,
RAB32,0.5925283407923196,cycling_tumor,IDH_Mutant,1415,0,0,1,
RAB29,0.5925120574640369,OPC_GABA_like_tumor,IDH_Mutant,1416,0,0,1,
PLD4,0.5925078129276271,cycling_tumor,IDH_Mutant,1417,0,0,1,
BMP2,0.5923857593524273,AC_like_tumor,IDH_Mutant,1418,0,0,1,
NCKAP5,0.5922026000817268,TAM1/TAM2/microglia,IDH_Mutant,1419,0,0,1,
RPL21,0.5921228091317385,OPC_GABA_AC_like_tumor,IDH_WT,1420,0,0,0,
LYL1,0.5920800291719893,cycling_tumor,IDH_Mutant,1421,0,0,1,
TRAF3IP2,0.5919142549144429,OPC_GABA_like_tumor,IDH_WT,1422,0,0,1,
JAM2,0.5919036865720086,OPC_GABA_like_tumor,IDH_Mutant,1423,0,0,1,
MPC2,0.5918503212904271,TAM1/TAM2/microglia,IDH_Mutant,1424,0,0,1,
C19orf53,0.5918114023731755,TAM1/TAM2/microglia,IDH_Mutant,1425,0,0,1,
UBAP2L,0.5917068008322478,TAM1/TAM2/microglia,IDH_WT,1426,0,0,1,
BTBD7,0.5916264116216964,OPC_GABA_like_tumor,IDH_Mutant,1427,0,0,1,
PI4K2A,0.5915843738564937,TAM1/TAM2/microglia,IDH_WT,1428,0,0,1,
SUZ12,0.591530514784661,OPC_GABA_AC_like_tumor,IDH_WT,1429,0,0,1,
KLRD1,0.5914650877961724,T cell,IDH_WT,1430,0,0,1,
GIMAP2,0.5910514747870546,TAM1/TAM2/microglia,IDH_Mutant,1431,0,0,1,
LINC00623,0.5909989130423956,OPC_GABA_like_tumor,IDH_Mutant,1432,0,0,1,
LINC00937,0.5909022683184918,OPC_GABA_like_tumor,IDH_Mutant,1433,0,0,1,
DRAP1,0.590883202264645,TAM1/TAM2/microglia,IDH_Mutant,1434,0,0,1,
ERLIN2,0.5908006170353188,OPC_GABA_like_tumor,IDH_Mutant,1435,0,0,1,
RTTN,0.5906896799505994,TAM1/TAM2/microglia,IDH_Mutant,1436,0,0,1,
RANBP1,0.5905449869365557,TAM1/TAM2/microglia,IDH_Mutant,1437,0,0,1,
SPRY4,0.5905443146999683,OPC_GABA_like_tumor,IDH_WT,1438,0,0,1,
GNAI2,0.590527573340623,TAM1/TAM2/microglia,IDH_Mutant,1439,0,0,1,
PCBD1,0.590212698859393,TAM1/TAM2/microglia,IDH_Mutant,1440,0,0,1,
GNA12,0.5900938718438822,OPC_GABA_like_tumor,IDH_WT,1441,0,0,1,
PLEKHA2,0.5897324730648287,TAM1/TAM2/microglia,IDH_Mutant,1442,0,0,1,
PRDX5,0.5896256621119348,T cell,IDH_Mutant,1443,0,0,1,
TULP3,0.5895449506152735,OPC_GABA_like_tumor,IDH_Mutant,1444,0,0,1,
SYPL1,0.5894654808170254,OPC_GABA_like_tumor,IDH_Mutant,1445,0,0,1,
RRP36,0.5894439326501437,TAM1/TAM2/microglia,IDH_Mutant,1446,0,0,1,
TNFRSF1B,0.5894429249258191,TAM1/TAM2/microglia,IDH_Mutant,1447,0,0,1,
EGR2,0.5892110957932961,OPC_GABA_like_tumor,IDH_Mutant,1448,0,0,1,
REST,0.5891217295861193,OPC_GABA_like_tumor,IDH_Mutant,1449,0,0,1,
ITPRIPL2,0.5890380203111034,TAM1/TAM2/microglia,IDH_WT,1450,0,0,1,
ZNF667-AS1,0.5890372143624926,OPC_GABA_like_tumor,IDH_Mutant,1451,0,0,1,
PKM,0.5889607799758417,TAM1/TAM2/microglia,IDH_Mutant,1452,0,0,1,
PET100,0.5889316991143122,TAM1/TAM2/microglia,IDH_Mutant,1453,0,0,1,
RERE,0.5887662160514197,TAM1/TAM2/microglia,IDH_Mutant,1454,0,0,1,
SDCCAG8,0.5886621482806305,cycling_tumor,IDH_WT,1455,0,0,1,
EIF4E,0.5883604572403631,OPC_GABA_like_tumor,IDH_WT,1456,0,0,0,
PGAM1,0.5882943675922802,TAM1/TAM2/microglia,IDH_WT,1457,0,0,1,
MBNL1,0.5882018274809753,T cell,IDH_WT,1458,0,0,1,
AHCYL2,0.5881941287496624,OPC_GABA_like_tumor,IDH_Mutant,1459,0,0,1,
MAP4K4,0.5881500516955591,TAM1/TAM2/microglia,IDH_Mutant,1460,0,0,1,
DCTN5,0.5880738631189333,OPC_GABA_like_tumor,IDH_Mutant,1461,0,0,1,
CKS2,0.5879153035846992,OPC_GABA_like_tumor,IDH_WT,1462,0,0,1,
CCAR1,0.5877442223377942,TAM1/TAM2/microglia,IDH_Mutant,1463,0,0,1,
ARFGAP2,0.5875139135686217,TAM1/TAM2/microglia,IDH_WT,1464,0,0,1,
COX17,0.5873565205633561,OPC_GABA_like_tumor,IDH_Mutant,1465,0,0,0,
SYF2,0.5873231228474084,OPC_GABA_like_tumor,IDH_Mutant,1466,0,0,1,
EVI5,0.5872323163678016,OPC_GABA_like_tumor,IDH_WT,1467,0,0,1,
SNX1,0.5871742563152488,TAM1/TAM2/microglia,IDH_Mutant,1468,0,0,1,
PRKAG2,0.587133038610642,OPC_GABA_like_tumor,IDH_WT,1469,0,0,1,
ALDH6A1,0.5870882374155407,OPC_GABA_like_tumor,IDH_Mutant,1470,0,0,1,
ANAPC11,0.5870623265103238,T cell,IDH_WT,1471,0,0,1,
DNAJC3,0.5868488655823624,OPC_GABA_like_tumor,IDH_Mutant,1472,0,0,1,
MXRA7,0.5867917531092688,OPC_GABA_like_tumor,IDH_Mutant,1473,0,0,1,
FOXD1,0.5867714888125651,OPC_GABA_like_tumor,IDH_WT,1474,0,0,1,
ZNF677,0.5866907497097122,OPC_GABA_like_tumor,IDH_Mutant,1475,0,0,1,
CARD19,0.5865246674312852,TAM1/TAM2/microglia,IDH_WT,1476,0,0,1,
PPP1R15B,0.5864812999131106,TAM1/TAM2/microglia,IDH_Mutant,1477,0,0,1,
ISG20,0.5864744041036285,T cell,IDH_WT,1478,0,0,1,
ZDHHC5,0.5864371207736786,TAM1/TAM2/microglia,IDH_WT,1479,0,0,1,
WIPF1,0.5864209618470306,cycling_tumor,IDH_WT,1480,0,0,1,
WDR26,0.5863704334657548,OPC_GABA_like_tumor,IDH_Mutant,1481,0,0,1,
ZNF217,0.5862526582366275,TAM1/TAM2/microglia,IDH_Mutant,1482,0,0,1,
COX8A,0.5862474489436844,TAM1/TAM2/microglia,IDH_WT,1483,0,0,0,
LSM14A,0.5861847038194901,TAM1/TAM2/microglia,IDH_Mutant,1484,0,0,1,
ARPC1A,0.5859633489638009,OPC_GABA_like_tumor,IDH_Mutant,1485,0,0,1,
LEO1,0.5858566159628344,AC_like_tumor,IDH_Mutant,1486,0,0,1,
ADGRV1,0.5858137927557834,OPC_GABA_like_tumor,IDH_Mutant,1487,0,0,1,
HINT1,0.5858091711335799,TAM1/TAM2/microglia,IDH_WT,1488,0,0,1,
COX5B,0.5856520884914659,TAM1/TAM2/microglia,IDH_Mutant,1489,0,0,0,
GTF3C6,0.5855772120858858,TAM1/TAM2/microglia,IDH_WT,1490,0,0,1,
SELPLG,0.5854038156459753,TAM1/TAM2/microglia,IDH_WT,1491,0,0,1,
TRAPPC6A,0.5854009682706125,TAM1/TAM2/microglia,IDH_Mutant,1492,0,0,1,
TRIM4,0.5853134551944532,OPC_GABA_like_tumor,IDH_WT,1493,0,0,1,
CDC42SE1,0.5851565732381024,TAM1/TAM2/microglia,IDH_Mutant,1494,0,0,1,
JADE1,0.5850781386883676,OPC_GABA_like_tumor,IDH_WT,1495,0,0,1,
SF3B1,0.5850061035980506,TAM1/TAM2/microglia,IDH_Mutant,1496,0,0,1,
NDUFA12,0.5848474137193975,TAM1/TAM2/microglia,IDH_Mutant,1497,0,0,0,
FAM229B,0.5847853539866396,OPC_GABA_like_tumor,IDH_WT,1498,0,0,1,
SERPING1,0.5844899589165872,TAM1/TAM2/microglia,IDH_WT,1499,0,0,1,
FBP1,0.5843841479996245,TAM1/TAM2/microglia,IDH_WT,1500,0,0,1,
TMEM120A,0.584161469064986,OPC_GABA_like_tumor,IDH_WT,1501,0,0,1,
PRELID1,0.5840070742085277,TAM1/TAM2/microglia,IDH_WT,1502,0,0,1,
ZNF24,0.5838541884988439,TAM1/TAM2/microglia,IDH_WT,1503,0,0,1,
SPTLC2,0.5838492644343232,TAM1/TAM2/microglia,IDH_WT,1504,0,0,1,
CDC26,0.5838182842798169,OPC_GABA_like_tumor,IDH_WT,1505,0,0,1,
MRPL34,0.5838057404424889,OPC_GABA_AC_like_tumor,IDH_WT,1506,0,0,0,
PDP1,0.583765413578909,TAM1/TAM2/microglia,IDH_WT,1507,0,0,1,
UBE2Q1,0.5836298540727324,OPC_GABA_like_tumor,IDH_Mutant,1508,0,0,1,
PRKRIP1,0.5835597942510196,OPC_GABA_like_tumor,IDH_WT,1509,0,0,1,
NDUFB11,0.5835566052152753,TAM1/TAM2/microglia,IDH_WT,1510,0,0,0,
PPP1R10,0.5835213006249851,OPC_GABA_like_tumor,IDH_WT,1511,0,0,1,
NUDC,0.5832825911637092,TAM1/TAM2/microglia,IDH_Mutant,1512,0,0,1,
GNB1,0.5831796469706407,TAM1/TAM2/microglia,IDH_Mutant,1513,0,0,1,
BCL7C,0.5830420665317344,OPC_GABA_like_tumor,IDH_Mutant,1514,0,0,1,
ELF1,0.5830380755276978,T cell,IDH_WT,1515,0,0,1,
RAC3,0.5829962116745406,OPC_GABA_like_tumor,IDH_Mutant,1516,0,0,1,
SRP9,0.5829470931187809,TAM1/TAM2/microglia,IDH_WT,1517,0,0,1,
ARPP21,0.5829329962404316,AC_like_tumor,IDH_Mutant,1518,0,0,1,
ZNF655,0.5829094061702579,TAM1/TAM2/microglia,IDH_WT,1519,0,0,1,
DDX49,0.5828594746541167,OPC_GABA_like_tumor,IDH_Mutant,1520,0,0,1,
FXR1,0.5825888901821805,OPC_GABA_like_tumor,IDH_Mutant,1521,0,0,1,
TLK1,0.5825536978815615,TAM1/TAM2/microglia,IDH_Mutant,1522,0,0,1,
ASIC4,0.5825516141206525,AC_like_tumor,IDH_Mutant,1523,0,0,1,
PTRHD1,0.5824031360995143,TAM1/TAM2/microglia,IDH_Mutant,1524,0,0,1,
UCP2,0.582386167684849,cycling_tumor,IDH_Mutant,1525,0,0,1,
MRPL17,0.5822963849775293,OPC_GABA_AC_like_tumor,IDH_WT,1526,0,0,0,
MED19,0.5821842607494728,OPC_GABA_like_tumor,IDH_Mutant,1527,0,0,1,
FXYD6,0.582116631340817,OPC_GABA_AC_like_tumor,IDH_WT,1528,0,0,1,
MARCH7,0.5820876651708667,OPC_GABA_like_tumor,IDH_Mutant,1529,0,0,1,
NDUFC1,0.5820329533417146,OPC_GABA_like_tumor,IDH_Mutant,1530,0,0,0,
EXOC3,0.581991936496263,TAM1/TAM2/microglia,IDH_WT,1531,0,0,1,
PLTP,0.581934446734282,OPC_GABA_like_tumor,IDH_Mutant,1532,0,0,1,
CUL2,0.581620946376562,TAM1/TAM2/microglia,IDH_Mutant,1533,0,0,1,
TLR4,0.5816133699073257,TAM1/TAM2/microglia,IDH_WT,1534,0,0,1,
RRAGD,0.5815656929534025,TAM1/TAM2/microglia,IDH_WT,1535,0,0,1,
OGFR,0.5815142290077325,TAM1/TAM2/microglia,IDH_WT,1536,0,0,1,
LENG8,0.5815033499680391,TAM1/TAM2/microglia,IDH_Mutant,1537,0,0,1,
ITGAX,0.5813888681005226,TAM1/TAM2/microglia,IDH_WT,1538,0,0,1,
LTBP3,0.5811628260857326,OPC_GABA_like_tumor,IDH_WT,1539,0,0,1,
MLX,0.5811173206321941,OPC_GABA_like_tumor,IDH_Mutant,1540,0,0,1,
RIF1,0.580800480196119,TAM1/TAM2/microglia,IDH_Mutant,1541,0,0,1,
CDC42SE2,0.5807948272553339,OPC_GABA_like_tumor,IDH_WT,1542,0,0,1,
RAP1B,0.5807153846603464,OPC_GABA_like_tumor,IDH_WT,1543,0,0,1,
TTYH3,0.5805158635848799,TAM1/TAM2/microglia,IDH_Mutant,1544,0,0,1,
RNF130,0.5803848796806561,TAM1/TAM2/microglia,IDH_Mutant,1545,0,0,1,
B3GNT5,0.5803388303504825,TAM1/TAM2/microglia,IDH_WT,1546,0,0,1,
NDUFC2,0.5803232001602622,TAM1/TAM2/microglia,IDH_Mutant,1547,0,0,0,
NRP1,0.5802288199797326,TAM1/TAM2/microglia,IDH_Mutant,1548,0,0,1,
EIF3F,0.5800850198353765,TAM1/TAM2/microglia,IDH_Mutant,1549,0,0,0,
CUTA,0.5795954203249691,TAM1/TAM2/microglia,IDH_WT,1550,0,0,1,
MIS18BP1,0.5794699960111188,TAM1/TAM2/microglia,IDH_WT,1551,0,0,1,
PUF60,0.5793204529806281,TAM1/TAM2/microglia,IDH_Mutant,1552,0,0,1,
IDS,0.5792964684095459,TAM1/TAM2/microglia,IDH_Mutant,1553,0,0,1,
GSDMD,0.5792864404615939,TAM1/TAM2/microglia,IDH_Mutant,1554,0,0,1,
CMBL,0.5791868672251186,cycling_tumor,IDH_WT,1555,0,0,1,
SRPK2,0.5790807316736603,TAM1/TAM2/microglia,IDH_Mutant,1556,0,0,1,
GTF2A2,0.5789788546311424,TAM1/TAM2/microglia,IDH_Mutant,1557,0,0,1,
FIS1,0.5787989881058209,TAM1/TAM2/microglia,IDH_WT,1558,0,0,1,
SPCS3,0.5786733479483337,OPC_GABA_like_tumor,IDH_Mutant,1559,0,0,1,
JUN,0.5786367948135166,T cell,IDH_WT,1560,0,0,1,
PNPO,0.5786159941792446,OPC_GABA_like_tumor,IDH_WT,1561,0,0,1,
EPHA4,0.5786009068981048,OPC_GABA_like_tumor,IDH_WT,1562,0,0,1,
CCDC115,0.5783916151271807,TAM1/TAM2/microglia,IDH_Mutant,1563,0,0,1,
SLC25A19,0.5783656894694559,cycling_tumor,IDH_WT,1564,0,0,1,
C15orf40,0.5781726781489728,OPC_GABA_like_tumor,IDH_WT,1565,0,0,1,
PPP4R3B,0.5781551821003565,TAM1/TAM2/microglia,IDH_WT,1566,0,0,1,
GAA,0.5781073564920043,cycling_tumor,IDH_WT,1567,0,0,1,
NAPRT,0.5779480560750163,TAM1/TAM2/microglia,IDH_Mutant,1568,0,0,1,
PLXNB2,0.577926594341836,TAM1/TAM2/microglia,IDH_WT,1569,0,0,1,
PLP1,0.5776835046715199,cycling_tumor,IDH_WT,1570,0,0,1,
SPRED1,0.5775948568715666,TAM1/TAM2/microglia,IDH_Mutant,1571,0,0,1,
GNPTG,0.5775605484480993,OPC_GABA_like_tumor,IDH_Mutant,1572,0,0,1,
MITD1,0.5774862386251188,OPC_GABA_like_tumor,IDH_Mutant,1573,0,0,1,
BRMS1,0.5774579586124612,TAM1/TAM2/microglia,IDH_Mutant,1574,0,0,1,
CFD,0.5773689835780629,TAM1/TAM2/microglia,IDH_Mutant,1575,0,0,1,
FAM168A,0.5771956911513453,OPC_GABA_like_tumor,IDH_WT,1576,0,0,1,
EZH1,0.577108619601715,OPC_GABA_like_tumor,IDH_WT,1577,0,0,1,
CACNA1A,0.5770484859152875,cycling_tumor,IDH_Mutant,1578,0,0,1,
RRBP1,0.5770204069995971,TAM1/TAM2/microglia,IDH_WT,1579,0,0,1,
TRIM14,0.576961239228361,TAM1/TAM2/microglia,IDH_WT,1580,0,0,1,
PAK1,0.5769512286748946,TAM1/TAM2/microglia,IDH_WT,1581,0,0,1,
NBR1,0.5769445250487181,OPC_GABA_like_tumor,IDH_WT,1582,0,0,1,
NEDD9,0.5768720889268991,TAM1/TAM2/microglia,IDH_Mutant,1583,1,0,0,
S100A1,0.5768555742189835,AC_like_tumor,IDH_Mutant,1584,0,0,1,
VGLL4,0.5768441292594136,OPC_GABA_like_tumor,IDH_WT,1585,0,0,1,
TRAPPC2L,0.576838128699724,TAM1/TAM2/microglia,IDH_WT,1586,0,0,1,
CUL5,0.5768207825176385,TAM1/TAM2/microglia,IDH_Mutant,1587,0,0,1,
SYNCRIP,0.5767572151751055,TAM1/TAM2/microglia,IDH_Mutant,1588,0,0,1,
GLRX5,0.5766341745387031,OPC_GABA_like_tumor,IDH_Mutant,1589,0,0,1,
SLC39A3,0.5766159544720889,OPC_GABA_like_tumor,IDH_WT,1590,0,0,1,
OSBPL9,0.5766074483998606,TAM1/TAM2/microglia,IDH_Mutant,1591,0,0,1,
ACIN1,0.5765141446886682,TAM1/TAM2/microglia,IDH_Mutant,1592,0,0,1,
PBX1,0.5765028782543022,OPC_GABA_like_tumor,IDH_Mutant,1593,0,0,1,
TUT7,0.576221309282918,TAM1/TAM2/microglia,IDH_Mutant,1594,0,0,1,
PRPF4B,0.5761444991720625,TAM1/TAM2/microglia,IDH_WT,1595,0,0,1,
PILRA,0.5761438945900966,TAM1/TAM2/microglia,IDH_Mutant,1596,0,0,1,
PRKAR2A,0.5761377053655868,TAM1/TAM2/microglia,IDH_Mutant,1597,0,0,1,
FAM118A,0.5758417415039911,OPC_GABA_like_tumor,IDH_Mutant,1598,0,0,1,
DCLK1,0.5757020245532252,OPC_GABA_like_tumor,IDH_Mutant,1599,0,0,1,
RNF14,0.5755491776458322,OPC_GABA_like_tumor,IDH_WT,1600,0,0,1,
ACTR2,0.5754744769928213,TAM1/TAM2/microglia,IDH_Mutant,1601,0,0,1,
MKLN1,0.5754472252320985,OPC_GABA_like_tumor,IDH_Mutant,1602,0,0,1,
LRRC25,0.5752049190098221,TAM1/TAM2/microglia,IDH_Mutant,1603,0,0,1,
ABCD4,0.5751930257597749,OPC_GABA_like_tumor,IDH_WT,1604,0,0,1,
TPST2,0.5751667412709502,TAM1/TAM2/microglia,IDH_Mutant,1605,0,0,1,
NENF,0.5750089288930252,TAM1/TAM2/microglia,IDH_WT,1606,0,0,1,
AIMP1,0.5748496153540541,cycling_tumor,IDH_Mutant,1607,0,0,1,
STX4,0.5748169497325535,TAM1/TAM2/microglia,IDH_WT,1608,0,0,1,
CCSER2,0.5746185762716054,TAM1/TAM2/microglia,IDH_Mutant,1609,0,0,1,
DCTPP1,0.5745919908249121,OPC_GABA_like_tumor,IDH_WT,1610,0,0,1,
AKR1A1,0.5745036998066111,OPC_GABA_AC_like_tumor,IDH_WT,1611,0,0,1,
LPP,0.5744025578272691,TAM1/TAM2/microglia,IDH_Mutant,1612,0,0,1,
CNBP,0.5743010617649063,TAM1/TAM2/microglia,IDH_WT,1613,0,0,1,
C11orf49,0.5740010485403799,OPC_GABA_like_tumor,IDH_WT,1614,0,0,1,
NFKBID,0.573984420073012,TAM1/TAM2/microglia,IDH_Mutant,1615,0,0,1,
LGALS3,0.5739822236033234,OPC_GABA_AC_like_tumor,IDH_WT,1616,1,0,0,
DSCAML1,0.5739635714762271,OPC_GABA_like_tumor,IDH_Mutant,1617,0,0,1,
ARMCX2,0.573919412383578,OPC_GABA_like_tumor,IDH_Mutant,1618,0,0,1,
MTHFD1L,0.5739167955491808,TAM1/TAM2/microglia,IDH_Mutant,1619,0,0,1,
NRDC,0.5738783792261409,TAM1/TAM2/microglia,IDH_WT,1620,0,0,1,
CCDC152,0.5737555019968982,OPC_GABA_like_tumor,IDH_WT,1621,0,0,1,
PRKD1,0.5737122658068016,OPC_GABA_like_tumor,IDH_WT,1622,0,0,1,
CRELD2,0.5736127430038996,OPC_GABA_like_tumor,IDH_WT,1623,0,0,1,
APOBEC3G,0.5735587341618203,TAM1/TAM2/microglia,IDH_Mutant,1624,0,0,1,
MIF4GD,0.5734491182231942,TAM1/TAM2/microglia,IDH_Mutant,1625,0,0,1,
MAN1A2,0.5732039073765894,TAM1/TAM2/microglia,IDH_Mutant,1626,0,0,1,
MAP2K1,0.5729226716869117,cycling_tumor,IDH_WT,1627,0,0,1,
WAPL,0.5728377650730113,TAM1/TAM2/microglia,IDH_Mutant,1628,0,0,1,
EHBP1L1,0.5726038036925364,TAM1/TAM2/microglia,IDH_WT,1629,0,0,1,
RBM33,0.5725918909697205,TAM1/TAM2/microglia,IDH_Mutant,1630,0,0,1,
PRKAR1A,0.5725229158310621,OPC_GABA_like_tumor,IDH_Mutant,1631,1,0,0,
TMX1,0.5724618241656078,TAM1/TAM2/microglia,IDH_WT,1632,0,0,1,
PSMG2,0.5724589417247634,OPC_GABA_like_tumor,IDH_WT,1633,0,0,1,
SNRPE,0.572049219614714,TAM1/TAM2/microglia,IDH_WT,1634,0,0,1,
UBE2F,0.5720430134951733,TAM1/TAM2/microglia,IDH_Mutant,1635,0,0,1,
NCOA7,0.5720321743452054,TAM1/TAM2/microglia,IDH_WT,1636,0,0,1,
HMGN3,0.5720213482255776,T cell,IDH_Mutant,1637,0,0,1,
CYP20A1,0.5717690143866914,TAM1/TAM2/microglia,IDH_Mutant,1638,0,0,1,
UHMK1,0.5716649625256872,OPC_GABA_like_tumor,IDH_Mutant,1639,0,0,1,
EIF4EBP1,0.5716366464151236,TAM1/TAM2/microglia,IDH_WT,1640,0,0,0,
CCRL2,0.5713648630224395,TAM1/TAM2/microglia,IDH_WT,1641,0,0,1,
CHCHD5,0.571337197234208,TAM1/TAM2/microglia,IDH_Mutant,1642,0,0,1,
ATP5PF,0.5712906935383948,TAM1/TAM2/microglia,IDH_WT,1643,0,0,0,
NSF,0.57118123922473,TAM1/TAM2/microglia,IDH_WT,1644,0,0,1,
PTTG1,0.571104812699849,OPC_GABA_like_tumor,IDH_WT,1645,0,0,1,
TSC22D1,0.5708868525136386,TAM1/TAM2/microglia,IDH_WT,1646,0,0,1,
CHSY1,0.5707444626440158,TAM1/TAM2/microglia,IDH_Mutant,1647,0,0,1,
ZNF333,0.5707435662721086,OPC_GABA_like_tumor,IDH_WT,1648,0,0,1,
HMGB3,0.5706573629005209,OPC_GABA_like_tumor,IDH_Mutant,1649,0,0,1,
STK4,0.5706338664455523,T cell,IDH_WT,1650,0,0,1,
NUDCD2,0.5705170754180967,TAM1/TAM2/microglia,IDH_WT,1651,0,0,1,
GATAD1,0.5704917398930792,TAM1/TAM2/microglia,IDH_WT,1652,0,0,1,
ARPC5,0.5703966108881248,TAM1/TAM2/microglia,IDH_Mutant,1653,0,0,1,
ZCRB1,0.570380826146088,TAM1/TAM2/microglia,IDH_Mutant,1654,0,0,1,
WWOX,0.5703437769046463,OPC_GABA_like_tumor,IDH_Mutant,1655,0,0,1,
TNFRSF1A,0.5703069597783119,TAM1/TAM2/microglia,IDH_WT,1656,0,0,1,
PPP2R5E,0.5701210001371075,TAM1/TAM2/microglia,IDH_Mutant,1657,0,0,1,
NPDC1,0.5700393607990952,OPC_GABA_AC_like_tumor,IDH_Mutant,1658,0,0,1,
RNASEH2C,0.5699777615797571,OPC_GABA_like_tumor,IDH_WT,1659,0,0,1,
RASSF4,0.5699554282819623,TAM1/TAM2/microglia,IDH_WT,1660,0,0,1,
ABR,0.5699422280823573,TAM1/TAM2/microglia,IDH_Mutant,1661,0,0,1,
SMAP1,0.5699243956927689,OPC_GABA_AC_like_tumor,IDH_WT,1662,0,0,1,
PDAP1,0.5699138951077811,AC_like_tumor,IDH_Mutant,1663,0,0,1,
RFLNB,0.5698905224432271,cycling_tumor,IDH_WT,1664,0,0,1,
NKG7,0.569875744155053,T cell,IDH_WT,1665,0,0,1,
DOPEY2,0.5696834898696036,TAM1/TAM2/microglia,IDH_WT,1666,0,0,1,
HNRNPA0,0.5696506616459056,TAM1/TAM2/microglia,IDH_Mutant,1667,0,0,1,
CD79A,0.5696383831699415,T cell,IDH_Mutant,1668,0,0,1,
CLDN10,0.569442098005486,AC_like_tumor,IDH_Mutant,1669,0,0,1,
RPS5,0.5693479721417412,T cell,IDH_WT,1670,0,0,0,
SPINT2,0.5691892223182172,TAM1/TAM2/microglia,IDH_Mutant,1671,0,0,1,
UTP11,0.5691690523509836,OPC_GABA_like_tumor,IDH_Mutant,1672,0,0,1,
DESI2,0.5691488615003581,OPC_GABA_like_tumor,IDH_WT,1673,0,0,1,
ARHGEF12,0.5691032344713018,OPC_GABA_like_tumor,IDH_WT,1674,0,0,1,
ATF7,0.5690991595510263,OPC_GABA_like_tumor,IDH_WT,1675,0,0,1,
CTSL,0.5690784725413376,TAM1/TAM2/microglia,IDH_WT,1676,0,0,1,
ANKRD11,0.5690338367181034,OPC_GABA_like_tumor,IDH_Mutant,1677,0,0,1,
RASGRP1,0.5690143209026959,T cell,IDH_WT,1678,0,0,1,
SEC14L2,0.5689698759401393,OPC_GABA_like_tumor,IDH_WT,1679,0,0,1,
ETFB,0.5689425402112874,TAM1/TAM2/microglia,IDH_WT,1680,0,0,1,
STK24,0.5684787652593662,TAM1/TAM2/microglia,IDH_Mutant,1681,0,0,1,
LSM2,0.5683997738265261,TAM1/TAM2/microglia,IDH_Mutant,1682,0,0,1,
ORAI2,0.568357708587161,TAM1/TAM2/microglia,IDH_WT,1683,0,0,1,
MYO10,0.5682949346862302,OPC_GABA_AC_like_tumor,IDH_WT,1684,0,0,1,
HSPA1A,0.5682779427516801,T cell,IDH_WT,1685,0,0,1,
PHKG1,0.5681564987818255,OPC_GABA_like_tumor,IDH_Mutant,1686,0,0,1,
CLCN3,0.568010845946724,OPC_GABA_like_tumor,IDH_Mutant,1687,0,0,1,
CTNNA2,0.5679196429425084,cycling_tumor,IDH_WT,1688,0,0,1,
ITGAV,0.5678555610456072,TAM1/TAM2/microglia,IDH_Mutant,1689,0,0,1,
AKAP17A,0.5678316584807538,TAM1/TAM2/microglia,IDH_Mutant,1690,0,0,1,
TEX264,0.5677689340021153,OPC_GABA_like_tumor,IDH_Mutant,1691,0,0,1,
UBXN1,0.5676550547280472,TAM1/TAM2/microglia,IDH_Mutant,1692,0,0,1,
SVBP,0.567548394807422,TAM1/TAM2/microglia,IDH_Mutant,1693,0,0,1,
FAM198B,0.5675020092882848,TAM1/TAM2/microglia,IDH_WT,1694,0,0,1,
OGFOD1,0.5673624332313092,OPC_GABA_like_tumor,IDH_Mutant,1695,0,0,1,
SESN3,0.5670765695080296,TAM1/TAM2/microglia,IDH_Mutant,1696,0,0,1,
CCDC167,0.5670310479197063,OPC_GABA_AC_like_tumor,IDH_WT,1697,0,0,1,
ZFP90,0.5667996817715235,OPC_GABA_like_tumor,IDH_Mutant,1698,0,0,1,
CLEC11A,0.5665763105693841,OPC_GABA_like_tumor,IDH_WT,1699,0,0,1,
ASPSCR1,0.5664627202817261,OPC_GABA_like_tumor,IDH_WT,1700,0,0,1,
ARHGEF6,0.5664308564676276,TAM1/TAM2/microglia,IDH_WT,1701,0,0,1,
DDX6,0.5663703723846352,TAM1/TAM2/microglia,IDH_WT,1702,0,0,1,
SPCS1,0.5663375513423385,TAM1/TAM2/microglia,IDH_Mutant,1703,0,0,1,
SRRT,0.5660551329398616,OPC_GABA_like_tumor,IDH_Mutant,1704,0,0,1,
ATG3,0.5659959089851765,AC_like_tumor,IDH_Mutant,1705,0,0,1,
COX7B,0.5657561642727986,TAM1/TAM2/microglia,IDH_WT,1706,0,0,0,
EXOC4,0.565661809585484,TAM1/TAM2/microglia,IDH_Mutant,1707,0,0,1,
PER3,0.5656483170784201,OPC_GABA_like_tumor,IDH_WT,1708,0,0,1,
NAGA,0.5656404803288841,TAM1/TAM2/microglia,IDH_WT,1709,0,0,1,
TRIP12,0.5656193259363154,OPC_GABA_like_tumor,IDH_WT,1710,0,0,1,
LARP4,0.5655480330779861,TAM1/TAM2/microglia,IDH_Mutant,1711,0,0,1,
AMER2,0.5654212668580977,OPC_GABA_like_tumor,IDH_Mutant,1712,0,0,1,
HIPK2,0.5653024796579461,T cell,IDH_Mutant,1713,0,0,1,
DCAF7,0.5652646179450109,OPC_GABA_like_tumor,IDH_Mutant,1714,0,0,1,
ACAP2,0.5652348483035856,cycling_tumor,IDH_WT,1715,0,0,1,
MEAF6,0.5650428062646735,AC_like_tumor,IDH_Mutant,1716,0,0,1,
HEBP2,0.5648967919547317,TAM1/TAM2/microglia,IDH_Mutant,1717,0,0,1,
FBXL17,0.5648939241053714,OPC_GABA_like_tumor,IDH_WT,1718,0,0,1,
ADCYAP1R1,0.5647225576614616,OPC_GABA_like_tumor,IDH_Mutant,1719,0,0,1,
ILK,0.564406664061471,OPC_GABA_like_tumor,IDH_WT,1720,0,0,1,
RHOA,0.5643042881574512,TAM1/TAM2/microglia,IDH_WT,1721,0,0,1,
BLMH,0.5642807131947765,OPC_GABA_like_tumor,IDH_WT,1722,0,0,1,
CSN1S1,0.5642043827403742,OPC_GABA_like_tumor,IDH_WT,1723,0,0,1,
SIKE1,0.5641893464898453,OPC_GABA_like_tumor,IDH_WT,1724,0,0,1,
TIMM9,0.5640851932555804,OPC_GABA_like_tumor,IDH_Mutant,1725,0,0,1,
SRRD,0.5639129168052347,OPC_GABA_like_tumor,IDH_WT,1726,0,0,1,
SKI,0.5639059016221939,OPC_GABA_like_tumor,IDH_WT,1727,0,0,1,
PTEN,0.5638869994418525,OPC_GABA_like_tumor,IDH_WT,1728,0,0,1,
C1GALT1,0.5637228515814974,OPC_GABA_like_tumor,IDH_WT,1729,0,0,1,
CHMP4A,0.5635167304179906,OPC_GABA_like_tumor,IDH_WT,1730,0,0,1,
DDX5,0.5634449983993257,T cell,IDH_WT,1731,0,0,1,
BARD1,0.563436056683337,OPC_GABA_like_tumor,IDH_Mutant,1732,0,0,1,
MPC1,0.5634311385899704,TAM1/TAM2/microglia,IDH_Mutant,1733,0,0,1,
ZNF521,0.5633630700520806,cycling_tumor,IDH_WT,1734,0,0,1,
PSTPIP2,0.5630486282188699,TAM1/TAM2/microglia,IDH_Mutant,1735,0,0,1,
ADD1,0.5630443531151472,TAM1/TAM2/microglia,IDH_Mutant,1736,0,0,1,
SNX13,0.563002606618155,OPC_GABA_like_tumor,IDH_WT,1737,0,0,1,
MED7,0.5629709969851625,OPC_GABA_like_tumor,IDH_WT,1738,0,0,1,
ELAVL1,0.5628822552694707,OPC_GABA_AC_like_tumor,IDH_WT,1739,0,0,1,
RNF166,0.5627523695029736,TAM1/TAM2/microglia,IDH_WT,1740,0,0,1,
ZMYND8,0.5626826725658575,TAM1/TAM2/microglia,IDH_WT,1741,0,0,1,
CCNG1,0.5625961276824574,OPC_GABA_like_tumor,IDH_WT,1742,0,0,1,
PPME1,0.5625569200147744,OPC_GABA_like_tumor,IDH_WT,1743,0,0,1,
PREX1,0.5624900554115498,cycling_tumor,IDH_Mutant,1744,0,0,1,
SF3B3,0.5622723796529434,OPC_GABA_like_tumor,IDH_Mutant,1745,0,0,1,
MCRIP2,0.562220225693933,TAM1/TAM2/microglia,IDH_WT,1746,0,0,1,
GSTZ1,0.5621463103854527,OPC_GABA_like_tumor,IDH_WT,1747,0,0,1,
KIAA1328,0.5620131792948664,OPC_GABA_like_tumor,IDH_Mutant,1748,0,0,1,
GRK3,0.5619881741532351,TAM1/TAM2/microglia,IDH_Mutant,1749,0,0,1,
FAM53C,0.5618981587160853,TAM1/TAM2/microglia,IDH_Mutant,1750,0,0,1,
PSPH,0.5618973292165872,OPC_GABA_like_tumor,IDH_Mutant,1751,0,0,1,
IRAK3,0.5618178815482091,TAM1/TAM2/microglia,IDH_WT,1752,0,0,1,
MRPL14,0.5617704407461654,OPC_GABA_AC_like_tumor,IDH_WT,1753,0,0,0,
ITPA,0.5616990987971726,OPC_GABA_like_tumor,IDH_Mutant,1754,0,0,1,
RCBTB2,0.5616710537386023,TAM1/TAM2/microglia,IDH_Mutant,1755,0,0,1,
DYNLL1,0.5614874363325824,TAM1/TAM2/microglia,IDH_Mutant,1756,0,0,1,
TOMM40,0.5614685045701608,TAM1/TAM2/microglia,IDH_Mutant,1757,0,0,1,
MAP3K2,0.5612770136115514,TAM1/TAM2/microglia,IDH_Mutant,1758,0,0,1,
SLC41A1,0.5611766405739572,OPC_GABA_like_tumor,IDH_WT,1759,0,0,1,
FMNL2,0.5611583860485554,TAM1/TAM2/microglia,IDH_Mutant,1760,0,0,1,
MAFF,0.5611558061267548,TAM1/TAM2/microglia,IDH_Mutant,1761,0,0,1,
GUSB,0.5609974123661435,OPC_GABA_like_tumor,IDH_WT,1762,0,0,1,
PIK3R1,0.5608688366991041,TAM1/TAM2/microglia,IDH_Mutant,1763,0,0,1,
GTF3A,0.560686146479982,OPC_GABA_like_tumor,IDH_Mutant,1764,0,0,1,
GIPC1,0.5605752319702035,OPC_GABA_like_tumor,IDH_WT,1765,0,0,1,
SPIDR,0.5604964642808855,TAM1/TAM2/microglia,IDH_Mutant,1766,0,0,1,
KIF1B,0.5604660207128381,TAM1/TAM2/microglia,IDH_WT,1767,0,0,1,
ZFHX4,0.5604498720438589,cycling_tumor,IDH_WT,1768,0,0,1,
GRIA3,0.5604385737259017,AC_like_tumor,IDH_Mutant,1769,0,1,0,2.0
TIMM13,0.5603047139605568,TAM1/TAM2/microglia,IDH_WT,1770,0,0,1,
RAB12,0.560298387437057,OPC_GABA_like_tumor,IDH_Mutant,1771,0,0,1,
DCN,0.5600102748360541,OPC_GABA_like_tumor,IDH_WT,1772,0,0,1,
PHKB,0.5599900417040841,cycling_tumor,IDH_Mutant,1773,0,0,1,
DNAJA2,0.5599356302640507,cycling_tumor,IDH_Mutant,1774,0,0,1,
ANKS1A,0.5598133534707941,TAM1/TAM2/microglia,IDH_Mutant,1775,0,0,1,
HES4,0.5597351285861063,AC_like_tumor,IDH_Mutant,1776,0,0,1,
C9orf16,0.5595751829083331,OPC_GABA_like_tumor,IDH_Mutant,1777,0,0,1,
STK3,0.5595687769679134,OPC_GABA_like_tumor,IDH_Mutant,1778,0,0,1,
SMIM37,0.559479683750286,OPC_GABA_like_tumor,IDH_WT,1779,0,0,1,
PYGL,0.5593335974338709,TAM1/TAM2/microglia,IDH_Mutant,1780,0,0,1,
RHOQ,0.5591540410886098,OPC_GABA_AC_like_tumor,IDH_WT,1781,0,0,1,
ATP5MPL,0.5591438075116799,TAM1/TAM2/microglia,IDH_WT,1782,0,0,0,
CCT7,0.5591169247677164,TAM1/TAM2/microglia,IDH_Mutant,1783,0,0,1,
MT-ND4L,0.5591148123307321,TAM1/TAM2/microglia,IDH_Mutant,1784,0,0,0,
IMMP2L,0.5590569957081382,OPC_GABA_like_tumor,IDH_Mutant,1785,0,0,1,
NUP58,0.5590551028241847,TAM1/TAM2/microglia,IDH_Mutant,1786,0,0,1,
CPM,0.5590525881808464,TAM1/TAM2/microglia,IDH_WT,1787,0,0,1,
SNRPD3,0.558904781619744,TAM1/TAM2/microglia,IDH_Mutant,1788,0,0,1,
NAXE,0.5585692713879824,cycling_tumor,IDH_Mutant,1789,0,0,1,
TPST1,0.55844658071731,OPC_GABA_like_tumor,IDH_Mutant,1790,0,0,1,
ENTPD1-AS1,0.5583615375559189,OPC_GABA_like_tumor,IDH_Mutant,1791,0,0,1,
BNIP2,0.558224708264979,TAM1/TAM2/microglia,IDH_WT,1792,0,0,1,
METRN,0.5582220934369014,TAM1/TAM2/microglia,IDH_Mutant,1793,0,0,1,
OXA1L,0.5581016932151146,TAM1/TAM2/microglia,IDH_Mutant,1794,0,0,1,
ANO6,0.5580759765902628,OPC_GABA_like_tumor,IDH_Mutant,1795,0,0,1,
TGS1,0.5579838867325037,OPC_GABA_like_tumor,IDH_Mutant,1796,0,0,1,
SET,0.5579426799200087,TAM1/TAM2/microglia,IDH_Mutant,1797,0,0,1,
SASH3,0.5579082232092241,TAM1/TAM2/microglia,IDH_WT,1798,0,0,1,
GLDN,0.5578305875510035,TAM1/TAM2/microglia,IDH_WT,1799,0,0,1,
TMEM199,0.5577246781353724,OPC_GABA_like_tumor,IDH_WT,1800,0,0,1,
TRA2B,0.5575488908407175,TAM1/TAM2/microglia,IDH_WT,1801,0,0,1,
ARRDC3,0.5575465904506597,TAM1/TAM2/microglia,IDH_Mutant,1802,0,0,1,
MRPS11,0.5574881398340006,TAM1/TAM2/microglia,IDH_Mutant,1803,0,0,0,
ID2,0.5574158512466949,OPC_GABA_like_tumor,IDH_Mutant,1804,0,0,1,
TOX4,0.5573495146244636,OPC_GABA_like_tumor,IDH_WT,1805,0,0,1,
CDO1,0.5572803559227059,OPC_GABA_like_tumor,IDH_WT,1806,0,0,1,
RAB5C,0.5571541855539588,OPC_GABA_like_tumor,IDH_Mutant,1807,0,0,1,
DCXR,0.556935961275727,OPC_GABA_like_tumor,IDH_WT,1808,0,0,1,
HEPACAM,0.5568123872654988,OPC_GABA_like_tumor,IDH_Mutant,1809,0,0,1,
GPATCH4,0.5567955649259437,OPC_GABA_like_tumor,IDH_WT,1810,0,0,1,
PMP22,0.5566725273216921,TAM1/TAM2/microglia,IDH_WT,1811,0,0,1,
BCAS3,0.5565834431998309,OPC_GABA_like_tumor,IDH_Mutant,1812,0,0,1,
PLVAP,0.556552915221763,TAM1/TAM2/microglia,IDH_Mutant,1813,0,0,1,
IDH2,0.5564431135773497,OPC_GABA_like_tumor,IDH_WT,1814,0,0,1,
MRPL20,0.5564358038864774,TAM1/TAM2/microglia,IDH_Mutant,1815,0,0,0,
SRFBP1,0.5564335068155906,TAM1/TAM2/microglia,IDH_WT,1816,0,0,1,
CAMK2G,0.5564067260908665,OPC_GABA_like_tumor,IDH_Mutant,1817,0,0,1,
CD59,0.5563892734059286,TAM1/TAM2/microglia,IDH_WT,1818,0,0,1,
ACSL4,0.5563050919209875,TAM1/TAM2/microglia,IDH_Mutant,1819,0,0,1,
ZNHIT1,0.5561892499607605,OPC_GABA_AC_like_tumor,IDH_WT,1820,0,0,1,
FAM213A,0.5559938652901869,OPC_GABA_like_tumor,IDH_Mutant,1821,0,0,1,
SCRN1,0.5559731156035557,OPC_GABA_like_tumor,IDH_WT,1822,0,0,1,
LIFR-AS1,0.5557550465906302,OPC_GABA_like_tumor,IDH_Mutant,1823,0,0,1,
UBE2K,0.5557545793489675,OPC_GABA_like_tumor,IDH_WT,1824,0,0,1,
CD79B,0.5557015012293827,T cell,IDH_Mutant,1825,0,0,1,
TCF19,0.5556202385402459,cycling_tumor,IDH_WT,1826,0,0,1,
LRBA,0.5555816423850606,TAM1/TAM2/microglia,IDH_Mutant,1827,0,0,1,
PLA2G15,0.5555455377310892,TAM1/TAM2/microglia,IDH_Mutant,1828,0,0,1,
RALA,0.5553401228758023,TAM1/TAM2/microglia,IDH_WT,1829,0,0,1,
ARL14EP,0.5551405806373062,cycling_tumor,IDH_Mutant,1830,0,0,1,
EEF1E1,0.5551158985842103,OPC_GABA_AC_like_tumor,IDH_WT,1831,0,0,0,
HNRNPK,0.5551062528986905,TAM1/TAM2/microglia,IDH_Mutant,1832,0,0,1,
SSNA1,0.5550777479437765,OPC_GABA_AC_like_tumor,IDH_WT,1833,0,0,1,
RNF10,0.555057317418361,TAM1/TAM2/microglia,IDH_Mutant,1834,0,0,1,
OSGEP,0.5549876687288531,TAM1/TAM2/microglia,IDH_WT,1835,0,0,1,
ZNF207,0.5548550615974994,TAM1/TAM2/microglia,IDH_WT,1836,0,0,1,
CACHD1,0.554853427849058,OPC_GABA_like_tumor,IDH_Mutant,1837,0,0,1,
ATP13A4,0.5547672891582269,OPC_GABA_like_tumor,IDH_Mutant,1838,0,0,1,
HSP90AA1,0.5545694400136716,AC_like_tumor,IDH_Mutant,1839,0,0,1,
VPS37A,0.5545433852119785,TAM1/TAM2/microglia,IDH_Mutant,1840,0,0,1,
NSG2,0.554384474863723,OPC_GABA_like_tumor,IDH_Mutant,1841,0,0,1,
CHRNB1,0.5542807291197074,OPC_GABA_like_tumor,IDH_Mutant,1842,0,0,1,
ETHE1,0.5541485647985216,TAM1/TAM2/microglia,IDH_Mutant,1843,0,0,1,
FEZ2,0.554072986132571,OPC_GABA_like_tumor,IDH_WT,1844,0,0,1,
EXOC6B,0.5540066449599281,OPC_GABA_like_tumor,IDH_Mutant,1845,0,0,1,
HTT,0.5539781359759013,TAM1/TAM2/microglia,IDH_WT,1846,0,0,1,
RABGAP1L,0.5539466267649499,TAM1/TAM2/microglia,IDH_WT,1847,0,0,1,
CAPRIN1,0.5539066781135527,AC_like_tumor,IDH_Mutant,1848,0,0,1,
SUSD6,0.5538980198273556,OPC_GABA_like_tumor,IDH_Mutant,1849,0,0,1,
TPM3,0.553884567337442,TAM1/TAM2/microglia,IDH_Mutant,1850,0,0,1,
COX6C,0.5538828140649283,TAM1/TAM2/microglia,IDH_WT,1851,0,0,0,
UBE2J1,0.5538365790954923,TAM1/TAM2/microglia,IDH_WT,1852,0,0,1,
POLR2I,0.5538258095702353,TAM1/TAM2/microglia,IDH_Mutant,1853,0,0,1,
TMCC3,0.5537992603407618,TAM1/TAM2/microglia,IDH_Mutant,1854,0,0,1,
LIMS1,0.5537701470882206,OPC_GABA_like_tumor,IDH_WT,1855,0,0,1,
ASAP1,0.5537400878430117,TAM1/TAM2/microglia,IDH_Mutant,1856,0,0,1,
NDUFA8,0.5536951871708957,TAM1/TAM2/microglia,IDH_Mutant,1857,0,0,0,
USP48,0.5536898246200048,TAM1/TAM2/microglia,IDH_WT,1858,0,0,1,
LIMD2,0.5534978405295906,TAM1/TAM2/microglia,IDH_WT,1859,0,0,1,
MT-ATP8,0.5533843120493012,TAM1/TAM2/microglia,IDH_Mutant,1860,0,0,0,
SMS,0.5532998551851381,TAM1/TAM2/microglia,IDH_WT,1861,0,0,1,
SURF2,0.553159053866575,OPC_GABA_like_tumor,IDH_WT,1862,0,0,1,
FAM149A,0.553054459238931,TAM1/TAM2/microglia,IDH_Mutant,1863,0,0,1,
AP1S2,0.5530360056497097,TAM1/TAM2/microglia,IDH_Mutant,1864,0,0,1,
ABL2,0.5529532142041049,cycling_tumor,IDH_WT,1865,0,0,1,
AGPS,0.552930948368533,TAM1/TAM2/microglia,IDH_Mutant,1866,0,0,1,
DAP3,0.552810814682247,OPC_GABA_like_tumor,IDH_WT,1867,0,0,1,
IRF3,0.5528011152076685,TAM1/TAM2/microglia,IDH_WT,1868,0,0,1,
TMEM141,0.5527791851035322,TAM1/TAM2/microglia,IDH_Mutant,1869,0,0,1,
ACAA1,0.5527494922736725,OPC_GABA_AC_like_tumor,IDH_WT,1870,0,0,1,
FAR1,0.5524390726241429,TAM1/TAM2/microglia,IDH_WT,1871,0,0,1,
HAUS2,0.5523703930614274,cycling_tumor,IDH_WT,1872,0,0,1,
OLIG1,0.5523130990785317,AC_like_tumor,IDH_WT,1873,0,0,1,
PAICS,0.5521338614887844,OPC_GABA_AC_like_tumor,IDH_WT,1874,0,0,1,
PARP4,0.5519899459765556,TAM1/TAM2/microglia,IDH_WT,1875,0,0,1,
PRKCH,0.5519673408900576,TAM1/TAM2/microglia,IDH_Mutant,1876,0,0,1,
TNK2,0.5518407414792291,AC_like_tumor,IDH_Mutant,1877,0,0,1,
PMAIP1,0.5517809027455678,TAM1/TAM2/microglia,IDH_WT,1878,0,0,1,
TPGS1,0.5517645864272155,TAM1/TAM2/microglia,IDH_Mutant,1879,0,0,1,
SRPX,0.5516994040785596,OPC_GABA_like_tumor,IDH_Mutant,1880,0,0,1,
ABCA1,0.5516200244050826,OPC_GABA_like_tumor,IDH_Mutant,1881,0,0,1,
AES,0.5514266949265169,TAM1/TAM2/microglia,IDH_Mutant,1882,0,0,1,
ACOX1,0.5512266769270557,OPC_GABA_like_tumor,IDH_WT,1883,0,0,1,
ATP5MC3,0.5512146714269649,TAM1/TAM2/microglia,IDH_WT,1884,0,0,0,
ASH1L,0.551120460026732,TAM1/TAM2/microglia,IDH_Mutant,1885,0,0,1,
FDX1,0.5509785777492207,cycling_tumor,IDH_WT,1886,0,0,1,
SAMD9,0.5509633830558911,OPC_GABA_like_tumor,IDH_WT,1887,0,0,1,
GPR137B,0.5509163926939571,TAM1/TAM2/microglia,IDH_Mutant,1888,0,0,1,
STK38L,0.5508856754234622,OPC_GABA_like_tumor,IDH_Mutant,1889,0,0,1,
SNX4,0.5505978195892223,TAM1/TAM2/microglia,IDH_Mutant,1890,0,0,1,
CLIC3,0.5504121440248729,T cell,IDH_Mutant,1891,0,0,1,
FAM13A,0.5503761355374237,TAM1/TAM2/microglia,IDH_WT,1892,0,0,1,
CISD2,0.5502984317828201,OPC_GABA_like_tumor,IDH_Mutant,1893,0,0,1,
TMED1,0.5502677996959708,TAM1/TAM2/microglia,IDH_Mutant,1894,0,0,1,
UTP18,0.5502193837153719,TAM1/TAM2/microglia,IDH_WT,1895,0,0,1,
SLC25A23,0.5502073478275771,OPC_GABA_like_tumor,IDH_Mutant,1896,0,0,1,
ADAM23,0.5500966972251932,OPC_GABA_like_tumor,IDH_Mutant,1897,0,0,1,
ADAM9,0.550019562746456,TAM1/TAM2/microglia,IDH_Mutant,1898,0,0,1,
GGNBP2,0.5499219483371758,OPC_GABA_like_tumor,IDH_Mutant,1899,0,0,1,
SDCBP,0.5495458433669572,TAM1/TAM2/microglia,IDH_Mutant,1900,0,0,1,
MSRB2,0.549491643666963,TAM1/TAM2/microglia,IDH_Mutant,1901,0,0,1,
LRPAP1,0.5494700809687588,TAM1/TAM2/microglia,IDH_Mutant,1902,0,0,1,
NR1H2,0.5493696494248359,OPC_GABA_like_tumor,IDH_Mutant,1903,0,0,1,
AKR7A2,0.5493519880675384,TAM1/TAM2/microglia,IDH_Mutant,1904,0,0,1,
UFD1,0.5493310049873708,TAM1/TAM2/microglia,IDH_Mutant,1905,0,0,1,
BRD4,0.5493019548451965,TAM1/TAM2/microglia,IDH_Mutant,1906,0,0,1,
NME4,0.5491785416722899,TAM1/TAM2/microglia,IDH_Mutant,1907,0,0,1,
PRR14L,0.5491324540322993,TAM1/TAM2/microglia,IDH_Mutant,1908,0,0,1,
WDR45B,0.5490475858366227,TAM1/TAM2/microglia,IDH_WT,1909,0,0,1,
LAMP1,0.5487505342320786,TAM1/TAM2/microglia,IDH_Mutant,1910,0,0,1,
ARFIP1,0.5484321727772645,OPC_GABA_like_tumor,IDH_WT,1911,0,0,1,
PCDH15,0.5483966547243048,AC_like_tumor,IDH_Mutant,1912,0,0,1,
DGCR6L,0.5483572495475901,OPC_GABA_like_tumor,IDH_Mutant,1913,0,0,1,
GPI,0.5481363319955634,TAM1/TAM2/microglia,IDH_WT,1914,0,0,1,
ATOX1,0.5481198691784591,T cell,IDH_WT,1915,0,0,1,
DTNA,0.5480465090213567,OPC_GABA_like_tumor,IDH_Mutant,1916,0,0,1,
NFE2L2,0.5479830067580567,TAM1/TAM2/microglia,IDH_WT,1917,0,0,1,
DERL2,0.5477970719444043,OPC_GABA_like_tumor,IDH_Mutant,1918,0,0,1,
FADS2,0.5477809563239966,OPC_GABA_like_tumor,IDH_Mutant,1919,0,0,1,
ZMAT3,0.5476842451957376,OPC_GABA_like_tumor,IDH_Mutant,1920,0,0,1,
SNRNP200,0.5476529625937105,OPC_GABA_like_tumor,IDH_WT,1921,0,0,1,
THEMIS2,0.5476443742874768,TAM1/TAM2/microglia,IDH_WT,1922,0,0,1,
TMEM87A,0.5476242901398856,TAM1/TAM2/microglia,IDH_Mutant,1923,0,0,1,
SRM,0.5476011667564137,TAM1/TAM2/microglia,IDH_Mutant,1924,0,0,1,
AURKAIP1,0.5475935827878246,TAM1/TAM2/microglia,IDH_WT,1925,0,0,1,
TPD52L2,0.5475892854983597,TAM1/TAM2/microglia,IDH_Mutant,1926,0,0,1,
NAV1,0.5475037640108241,OPC_GABA_like_tumor,IDH_WT,1927,0,0,1,
SNRNP25,0.5474777521704078,TAM1/TAM2/microglia,IDH_Mutant,1928,0,0,1,
NTHL1,0.5474427308945239,OPC_GABA_like_tumor,IDH_WT,1929,0,0,1,
FDPS,0.5473524385410926,OPC_GABA_like_tumor,IDH_Mutant,1930,0,0,1,
PSMB4,0.5473310252607291,TAM1/TAM2/microglia,IDH_WT,1931,0,0,1,
GABARAPL2,0.5472477158263709,TAM1/TAM2/microglia,IDH_Mutant,1932,0,0,1,
NUDT3,0.5471874293889171,TAM1/TAM2/microglia,IDH_Mutant,1933,0,0,1,
ECHDC1,0.5471162090360547,OPC_GABA_AC_like_tumor,IDH_WT,1934,0,0,1,
ZBTB8OS,0.5470939494427214,OPC_GABA_like_tumor,IDH_WT,1935,0,0,1,
PCSK1N,0.5470651616600611,TAM1/TAM2/microglia,IDH_WT,1936,0,0,1,
SDHAF3,0.5468254941997406,OPC_GABA_like_tumor,IDH_WT,1937,0,0,1,
KRT81,0.5467950819249005,T cell,IDH_Mutant,1938,0,0,1,
HINT2,0.5467507793851297,TAM1/TAM2/microglia,IDH_Mutant,1939,0,0,1,
GPCPD1,0.5467382247855065,TAM1/TAM2/microglia,IDH_WT,1940,0,0,1,
IL1RN,0.5465788054092479,TAM1/TAM2/microglia,IDH_WT,1941,0,0,1,
RAB6A,0.5465500170403885,TAM1/TAM2/microglia,IDH_Mutant,1942,0,0,1,
EIF3B,0.5465213674109689,OPC_GABA_AC_like_tumor,IDH_WT,1943,0,0,0,
KPNB1,0.5464450608457142,TAM1/TAM2/microglia,IDH_WT,1944,0,0,1,
DNM1L,0.5464443694981325,TAM1/TAM2/microglia,IDH_Mutant,1945,0,0,1,
EEPD1,0.5463315720071574,OPC_GABA_like_tumor,IDH_Mutant,1946,0,0,1,
ATP5F1E,0.5463150115732567,TAM1/TAM2/microglia,IDH_Mutant,1947,0,0,0,
IER2,0.5462827578542708,OPC_GABA_like_tumor,IDH_Mutant,1948,0,0,1,
SSBP2,0.5462132480596102,OPC_GABA_like_tumor,IDH_Mutant,1949,0,0,1,
NDUFB5,0.5461975219536246,OPC_GABA_AC_like_tumor,IDH_WT,1950,0,0,0,
SMAD2,0.5460971721294603,TAM1/TAM2/microglia,IDH_Mutant,1951,0,0,1,
PIGP,0.5460791172235805,TAM1/TAM2/microglia,IDH_Mutant,1952,0,0,1,
NCAM2,0.5459213029082989,OPC_GABA_like_tumor,IDH_Mutant,1953,0,0,1,
DENR,0.5457629298548132,OPC_GABA_like_tumor,IDH_Mutant,1954,0,0,1,
ARV1,0.5457474509253671,OPC_GABA_like_tumor,IDH_WT,1955,0,0,1,
NPTN,0.5455326951479054,OPC_GABA_like_tumor,IDH_WT,1956,1,0,0,
ANKH,0.5455261923576551,TAM1/TAM2/microglia,IDH_WT,1957,0,0,1,
STARD7,0.5454820494068453,OPC_GABA_like_tumor,IDH_WT,1958,0,0,1,
SIPA1L2,0.5454518493024809,TAM1/TAM2/microglia,IDH_Mutant,1959,0,0,1,
GMNN,0.5454436701304936,AC_like_tumor,IDH_Mutant,1960,0,0,1,
RYBP,0.5453849445405707,OPC_GABA_like_tumor,IDH_WT,1961,0,0,1,
C19orf48,0.5452879001211419,OPC_GABA_AC_like_tumor,IDH_WT,1962,0,0,1,
PPP4C,0.545170306615703,OPC_GABA_like_tumor,IDH_WT,1963,0,0,1,
SLC35F5,0.5449688265665766,OPC_GABA_like_tumor,IDH_WT,1964,0,0,1,
HSP90AB1,0.5448266336278753,TAM1/TAM2/microglia,IDH_WT,1965,0,0,1,
TBC1D12,0.5447999578935105,TAM1/TAM2/microglia,IDH_WT,1966,0,0,1,
CYBC1,0.5447364231889897,TAM1/TAM2/microglia,IDH_WT,1967,0,0,1,
AR,0.544699877560639,OPC_GABA_like_tumor,IDH_Mutant,1968,0,0,1,
MRPS33,0.544658468147159,OPC_GABA_like_tumor,IDH_Mutant,1969,0,0,0,
FOXP1,0.544521460448682,T cell,IDH_WT,1970,0,0,1,
UBR4,0.5444082913395067,TAM1/TAM2/microglia,IDH_WT,1971,0,0,1,
FADS1,0.5443390192505762,OPC_GABA_like_tumor,IDH_WT,1972,0,0,1,
ZNF770,0.5443199523224753,OPC_GABA_like_tumor,IDH_WT,1973,0,0,1,
SLC40A1,0.5442538580591932,TAM1/TAM2/microglia,IDH_Mutant,1974,0,0,1,
TRMT112,0.5441528697807658,TAM1/TAM2/microglia,IDH_WT,1975,0,0,1,
LONP2,0.5441015236278115,TAM1/TAM2/microglia,IDH_Mutant,1976,0,0,1,
NUBP2,0.5439595995755055,TAM1/TAM2/microglia,IDH_Mutant,1977,0,0,1,
SMARCC2,0.5439471875182567,TAM1/TAM2/microglia,IDH_WT,1978,0,0,1,
MRPL15,0.5439295137354804,TAM1/TAM2/microglia,IDH_Mutant,1979,0,0,0,
RPS19BP1,0.5439238563751962,TAM1/TAM2/microglia,IDH_WT,1980,0,0,0,
SFPQ,0.5438932611931897,TAM1/TAM2/microglia,IDH_Mutant,1981,0,0,1,
TMBIM4,0.5438083064714028,OPC_GABA_like_tumor,IDH_WT,1982,0,0,1,
MGST3,0.5437279175788738,TAM1/TAM2/microglia,IDH_WT,1983,0,0,1,
ZNF131,0.5437084504413658,OPC_GABA_like_tumor,IDH_Mutant,1984,0,0,1,
LUZP1,0.5436397048922107,OPC_GABA_like_tumor,IDH_WT,1985,0,0,1,
EDEM3,0.5434856800030564,TAM1/TAM2/microglia,IDH_Mutant,1986,0,0,1,
SCIMP,0.5434654242337179,TAM1/TAM2/microglia,IDH_Mutant,1987,1,0,0,
MYO9B,0.5434409601465828,TAM1/TAM2/microglia,IDH_Mutant,1988,0,0,1,
NTAN1,0.5434342145614233,TAM1/TAM2/microglia,IDH_WT,1989,0,0,1,
SMYD2,0.5433495685736979,cycling_tumor,IDH_WT,1990,0,0,1,
FNTA,0.5433176300821975,OPC_GABA_AC_like_tumor,IDH_WT,1991,0,0,1,
LAGE3,0.5433099501425238,OPC_GABA_AC_like_tumor,IDH_WT,1992,0,0,1,
SYNE1,0.5432384622937183,cycling_tumor,IDH_WT,1993,0,0,1,
SEL1L,0.5431976642913121,TAM1/TAM2/microglia,IDH_WT,1994,0,0,1,
DCK,0.5431809509101678,cycling_tumor,IDH_WT,1995,0,0,1,
SLC12A4,0.5431724210330824,OPC_GABA_like_tumor,IDH_Mutant,1996,0,0,1,
MAP9,0.5430885272284303,OPC_GABA_like_tumor,IDH_WT,1997,0,0,1,
LRRFIP1,0.5430396913626855,OPC_GABA_like_tumor,IDH_Mutant,1998,0,0,1,
CRCP,0.543010301577897,OPC_GABA_like_tumor,IDH_WT,1999,0,0,1,
ATF3,0.5429915053097573,OPC_GABA_like_tumor,IDH_Mutant,2000,0,0,1,
DLL3,0.5429513447394647,AC_like_tumor,IDH_Mutant,2001,0,1,0,1.0
EIF4A2,0.5427602585076998,TAM1/TAM2/microglia,IDH_WT,2002,0,0,0,
AMD1,0.5427458482281899,TAM1/TAM2/microglia,IDH_Mutant,2003,0,0,1,
WDR34,0.5427320184907504,OPC_GABA_like_tumor,IDH_WT,2004,0,0,1,
JAZF1,0.5427165089702697,TAM1/TAM2/microglia,IDH_Mutant,2005,0,0,1,
GPC6,0.5427068786026777,OPC_GABA_like_tumor,IDH_Mutant,2006,0,0,1,
HLA-A,0.5426502550586816,OPC_GABA_like_tumor,IDH_Mutant,2007,0,0,1,
SNHG9,0.5425171179677118,OPC_GABA_like_tumor,IDH_Mutant,2008,0,0,1,
RAP1A,0.5423235555940282,TAM1/TAM2/microglia,IDH_WT,2009,0,0,1,
SLC8A1,0.5422562983604712,TAM1/TAM2/microglia,IDH_Mutant,2010,0,0,1,
PHF20L1,0.5422225453301999,OPC_GABA_like_tumor,IDH_Mutant,2011,0,0,1,
ARMCX3,0.5421888654462139,TAM1/TAM2/microglia,IDH_Mutant,2012,0,0,1,
NUDT1,0.5421846620203093,TAM1/TAM2/microglia,IDH_WT,2013,0,0,1,
GRK2,0.5420601587278389,TAM1/TAM2/microglia,IDH_WT,2014,0,0,1,
PSMD12,0.5420459339560997,OPC_GABA_like_tumor,IDH_WT,2015,0,0,1,
GUK1,0.5419951237905893,OPC_GABA_like_tumor,IDH_Mutant,2016,0,0,1,
BPTF,0.5419444174290765,TAM1/TAM2/microglia,IDH_WT,2017,0,0,1,
ZC3H15,0.5417726688686717,OPC_GABA_like_tumor,IDH_Mutant,2018,0,0,1,
MFAP1,0.5416441117887125,OPC_GABA_like_tumor,IDH_WT,2019,0,0,1,
CELF1,0.541609670237865,TAM1/TAM2/microglia,IDH_WT,2020,0,0,1,
TCF7L1,0.5416037984441742,OPC_GABA_like_tumor,IDH_WT,2021,0,0,1,
CCS,0.5415567236750003,cycling_tumor,IDH_WT,2022,0,0,1,
C14orf119,0.5415436891705879,OPC_GABA_like_tumor,IDH_Mutant,2023,0,0,1,
MAPRE2,0.5414888049306533,TAM1/TAM2/microglia,IDH_WT,2024,0,0,1,
DNM3,0.5414679917092438,AC_like_tumor,IDH_Mutant,2025,0,0,1,
CPEB3,0.5414047802732321,TAM1/TAM2/microglia,IDH_Mutant,2026,0,0,1,
HEATR5A,0.5413681586530403,OPC_GABA_like_tumor,IDH_Mutant,2027,0,0,1,
ADM,0.54131292325853,TAM1/TAM2/microglia,IDH_WT,2028,0,0,1,
CHST9,0.5412254026096345,OPC_GABA_like_tumor,IDH_WT,2029,0,0,1,
SMARCA1,0.5411932075066213,OPC_GABA_like_tumor,IDH_WT,2030,0,0,1,
WBP2,0.5411772724142777,OPC_GABA_like_tumor,IDH_WT,2031,0,0,1,
TMEM256,0.541163424528976,cycling_tumor,IDH_WT,2032,0,0,1,
RNF149,0.5407092277803077,TAM1/TAM2/microglia,IDH_Mutant,2033,0,0,1,
IRF2,0.5406697266179123,OPC_GABA_like_tumor,IDH_Mutant,2034,0,0,1,
MAP1S,0.5403791098479387,TAM1/TAM2/microglia,IDH_WT,2035,0,0,1,
SRGAP2,0.5403667808894657,TAM1/TAM2/microglia,IDH_WT,2036,0,0,1,
CCDC14,0.540356232412165,OPC_GABA_like_tumor,IDH_WT,2037,0,0,1,
TCEAL3,0.5403214469311572,OPC_GABA_like_tumor,IDH_Mutant,2038,0,0,1,
ALAS1,0.5402922118003539,TAM1/TAM2/microglia,IDH_WT,2039,0,0,1,
FKBP8,0.5401963920911128,cycling_tumor,IDH_Mutant,2040,0,0,1,
DHRS7B,0.540159092266919,OPC_GABA_like_tumor,IDH_Mutant,2041,0,0,1,
SQLE,0.5400047009671656,cycling_tumor,IDH_Mutant,2042,0,0,1,
CKLF,0.5396348136660603,TAM1/TAM2/microglia,IDH_Mutant,2043,0,0,1,
RRP1B,0.5396112226579378,TAM1/TAM2/microglia,IDH_WT,2044,0,0,1,
FAXDC2,0.5395718542097876,OPC_GABA_like_tumor,IDH_Mutant,2045,0,0,1,
ARAP2,0.5395286482971953,OPC_GABA_like_tumor,IDH_WT,2046,0,0,1,
PCYT2,0.5394200254771311,OPC_GABA_like_tumor,IDH_Mutant,2047,0,0,1,
SERINC1,0.5393574866464582,cycling_tumor,IDH_Mutant,2048,0,0,1,
SRSF4,0.5393569804957916,TAM1/TAM2/microglia,IDH_Mutant,2049,0,0,1,
TUFM,0.5392878208758016,TAM1/TAM2/microglia,IDH_Mutant,2050,0,0,1,
NBDY,0.5391839008105022,TAM1/TAM2/microglia,IDH_Mutant,2051,0,0,1,
SNTG1,0.5391668048714886,AC_like_tumor,IDH_Mutant,2052,0,0,1,
PCNX1,0.5389954577676792,TAM1/TAM2/microglia,IDH_Mutant,2053,0,0,1,
ARFGAP3,0.538962154310858,OPC_GABA_like_tumor,IDH_WT,2054,0,0,1,
ARL3,0.5388170089961678,OPC_GABA_like_tumor,IDH_WT,2055,0,0,1,
RRP1,0.5387492290131776,OPC_GABA_like_tumor,IDH_Mutant,2056,0,0,1,
HOMER3,0.5387461108855283,OPC_GABA_like_tumor,IDH_WT,2057,0,0,1,
APOO,0.5387207235822935,OPC_GABA_like_tumor,IDH_Mutant,2058,0,0,1,
GORAB,0.5385474096913383,OPC_GABA_like_tumor,IDH_Mutant,2059,0,0,1,
EIF4E2,0.5385100270260434,OPC_GABA_like_tumor,IDH_WT,2060,0,0,0,
TAPBP,0.5384783763957337,OPC_GABA_like_tumor,IDH_WT,2061,0,0,1,
GNG7,0.5384534950994526,TAM1/TAM2/microglia,IDH_WT,2062,0,0,1,
RANBP2,0.5383424285723126,OPC_GABA_like_tumor,IDH_WT,2063,0,0,1,
SLC11A2,0.5383313375960344,TAM1/TAM2/microglia,IDH_Mutant,2064,0,0,1,
USO1,0.5382681834057496,TAM1/TAM2/microglia,IDH_Mutant,2065,0,0,1,
HNRNPF,0.5382527209822926,TAM1/TAM2/microglia,IDH_Mutant,2066,0,0,1,
SOX4,0.5381515190572739,AC_like_tumor,IDH_WT,2067,0,0,1,
RPS6KA3,0.5381124125994633,TAM1/TAM2/microglia,IDH_WT,2068,0,0,0,
NKAIN3,0.5380387562488261,AC_like_tumor,IDH_Mutant,2069,0,0,1,
CDV3,0.5379599705996776,OPC_GABA_AC_like_tumor,IDH_WT,2070,0,0,1,
UFL1,0.5378443479091894,TAM1/TAM2/microglia,IDH_WT,2071,0,0,1,
ZNF226,0.5378175216389197,OPC_GABA_like_tumor,IDH_WT,2072,0,0,1,
UGGT1,0.537813239663134,OPC_GABA_like_tumor,IDH_WT,2073,0,0,1,
FBXO11,0.5377465390050105,TAM1/TAM2/microglia,IDH_Mutant,2074,0,0,1,
PAXX,0.5376559104725123,TAM1/TAM2/microglia,IDH_Mutant,2075,0,0,1,
ZBTB20,0.5370875424227031,TAM1/TAM2/microglia,IDH_Mutant,2076,0,0,1,
EIF2AK2,0.5370773144964651,TAM1/TAM2/microglia,IDH_WT,2077,0,0,0,
SRSF7,0.5369002382061077,T cell,IDH_WT,2078,0,0,1,
PLXNA4,0.5368856528477296,OPC_GABA_like_tumor,IDH_Mutant,2079,0,0,1,
MIOS,0.536811612139499,TAM1/TAM2/microglia,IDH_WT,2080,0,0,1,
ZC3H18,0.5367805031728421,TAM1/TAM2/microglia,IDH_WT,2081,0,0,1,
PLEKHF2,0.5367556055075421,OPC_GABA_like_tumor,IDH_Mutant,2082,0,0,1,
STT3B,0.5367533203624827,TAM1/TAM2/microglia,IDH_Mutant,2083,0,0,1,
VAPA,0.5366821201487593,TAM1/TAM2/microglia,IDH_Mutant,2084,0,0,1,
UBE2J2,0.5365891310552886,OPC_GABA_like_tumor,IDH_WT,2085,0,0,1,
RTL8A,0.536585079664191,OPC_GABA_like_tumor,IDH_WT,2086,0,0,1,
DOCK10,0.5365565729559751,TAM1/TAM2/microglia,IDH_Mutant,2087,0,0,1,
CAMLG,0.5365453343724773,TAM1/TAM2/microglia,IDH_WT,2088,0,0,1,
SLTM,0.5364802303800728,OPC_GABA_like_tumor,IDH_Mutant,2089,0,0,1,
PITPNA-AS1,0.5363732018868055,cycling_tumor,IDH_Mutant,2090,0,0,1,
NOC2L,0.5363415937088429,OPC_GABA_like_tumor,IDH_Mutant,2091,0,0,1,
TRDC,0.5361358606829155,T cell,IDH_Mutant,2092,0,0,1,
COX7C,0.5361077700230962,TAM1/TAM2/microglia,IDH_Mutant,2093,0,0,0,
XPO6,0.5360679275452369,TAM1/TAM2/microglia,IDH_Mutant,2094,0,0,1,
ESD,0.5360130381545545,TAM1/TAM2/microglia,IDH_Mutant,2095,0,0,1,
RBM42,0.5360054246896239,OPC_GABA_AC_like_tumor,IDH_WT,2096,0,0,1,
AC013394.1,0.5358659907922585,TAM1/TAM2/microglia,IDH_Mutant,2097,0,0,1,
SLC39A1,0.5358349133740169,OPC_GABA_like_tumor,IDH_Mutant,2098,0,0,1,
GAPT,0.5357330669102333,TAM1/TAM2/microglia,IDH_Mutant,2099,0,0,1,
ITGA6,0.535693466639332,TAM1/TAM2/microglia,IDH_WT,2100,0,0,1,
SLC20A1,0.53567506744075,OPC_GABA_like_tumor,IDH_WT,2101,0,0,1,
CASP4,0.5355440314099609,TAM1/TAM2/microglia,IDH_Mutant,2102,0,0,1,
NAPG,0.5354932720943543,OPC_GABA_like_tumor,IDH_WT,2103,0,0,1,
UBE2L3,0.535478669776309,TAM1/TAM2/microglia,IDH_Mutant,2104,0,0,1,
INTS12,0.5354454107562219,OPC_GABA_like_tumor,IDH_Mutant,2105,0,0,1,
RIT1,0.5353639431433654,OPC_GABA_like_tumor,IDH_WT,2106,0,0,1,
PROX1,0.5352239872311222,OPC_GABA_like_tumor,IDH_Mutant,2107,0,0,1,
A1BG,0.5351792353556112,TAM1/TAM2/microglia,IDH_WT,2108,0,0,1,
SLC4A7,0.5351361626144102,TAM1/TAM2/microglia,IDH_WT,2109,0,0,1,
BRIX1,0.5350878911049629,OPC_GABA_like_tumor,IDH_WT,2110,0,0,1,
NCOR2,0.535058394742719,TAM1/TAM2/microglia,IDH_WT,2111,0,0,1,
RRM2B,0.5350176277759436,cycling_tumor,IDH_WT,2112,0,0,1,
SLC25A39,0.534802651816443,TAM1/TAM2/microglia,IDH_Mutant,2113,0,0,1,
PDCD4,0.5347957545499102,TAM1/TAM2/microglia,IDH_WT,2114,0,0,1,
SPATC1L,0.5346813006014677,OPC_GABA_like_tumor,IDH_WT,2115,0,0,1,
GPATCH11,0.5345568204703961,cycling_tumor,IDH_Mutant,2116,0,0,1,
SYTL4,0.5344673132502418,AC_like_tumor,IDH_Mutant,2117,0,0,1,
DDIT3,0.5344402309025382,TAM1/TAM2/microglia,IDH_Mutant,2118,0,0,1,
SCARA3,0.5344250722079277,OPC_GABA_like_tumor,IDH_Mutant,2119,0,0,1,
NDUFA13,0.534104558362381,OPC_GABA_like_tumor,IDH_WT,2120,0,0,0,
GALNT2,0.5340148646826883,OPC_GABA_like_tumor,IDH_Mutant,2121,0,0,1,
ATP6V0D1,0.5339188669264598,AC_like_tumor,IDH_Mutant,2122,0,0,1,
SLC6A1,0.5338531843978377,OPC_GABA_like_tumor,IDH_Mutant,2123,0,0,1,
RBM5,0.5337793840936482,TAM1/TAM2/microglia,IDH_Mutant,2124,0,0,1,
FGF2,0.5336895569159448,OPC_GABA_like_tumor,IDH_Mutant,2125,0,0,1,
GNA13,0.5336686130571742,TAM1/TAM2/microglia,IDH_Mutant,2126,0,0,1,
GNAI3,0.5336349617740408,OPC_GABA_like_tumor,IDH_WT,2127,0,0,1,
NSL1,0.53357219834926,OPC_GABA_like_tumor,IDH_WT,2128,0,0,1,
RALY,0.5335409147917783,TAM1/TAM2/microglia,IDH_Mutant,2129,0,0,1,
CDC5L,0.5334432079975743,OPC_GABA_like_tumor,IDH_WT,2130,0,0,1,
MBP,0.5332572252238126,OPC_GABA_like_tumor,IDH_WT,2131,0,0,1,
NCL,0.5332224681830544,AC_like_tumor,IDH_Mutant,2132,0,0,1,
FAM210B,0.5332200203867468,OPC_GABA_like_tumor,IDH_Mutant,2133,0,0,1,
DYNLRB1,0.5329707996363242,TAM1/TAM2/microglia,IDH_Mutant,2134,0,0,1,
C17orf80,0.5329649697061859,OPC_GABA_like_tumor,IDH_WT,2135,0,0,1,
GMPR2,0.5328870283549857,TAM1/TAM2/microglia,IDH_Mutant,2136,0,0,1,
ARL15,0.5327359556828086,TAM1/TAM2/microglia,IDH_Mutant,2137,0,0,1,
CREB3L2,0.5327004792501573,TAM1/TAM2/microglia,IDH_Mutant,2138,0,0,1,
PSMD10,0.5326774084214739,OPC_GABA_like_tumor,IDH_WT,2139,0,0,1,
RAPGEF1,0.5326236562385561,TAM1/TAM2/microglia,IDH_WT,2140,0,0,1,
NDUFA6,0.5326075239538137,TAM1/TAM2/microglia,IDH_Mutant,2141,0,0,0,
HLTF,0.5325725431889696,TAM1/TAM2/microglia,IDH_WT,2142,0,0,1,
KPNA4,0.5325465181890768,cycling_tumor,IDH_WT,2143,0,0,1,
LIPT1,0.5325271327016968,OPC_GABA_like_tumor,IDH_Mutant,2144,0,0,1,
IST1,0.5325091366599366,TAM1/TAM2/microglia,IDH_WT,2145,0,0,1,
AL133453.1,0.5325017516617011,TAM1/TAM2/microglia,IDH_WT,2146,0,0,1,
IP6K2,0.5324797171538497,TAM1/TAM2/microglia,IDH_Mutant,2147,0,0,1,
TSPAN14,0.5324129571439564,TAM1/TAM2/microglia,IDH_Mutant,2148,0,0,1,
NAMPT,0.5323726983876973,OPC_GABA_like_tumor,IDH_WT,2149,0,0,1,
DPY30,0.5322018418242611,cycling_tumor,IDH_Mutant,2150,0,0,1,
RCOR3,0.5321962604335859,TAM1/TAM2/microglia,IDH_WT,2151,0,0,1,
CHPT1,0.5321110657677472,OPC_GABA_like_tumor,IDH_Mutant,2152,0,0,1,
ZFAND5,0.5320780044111588,OPC_GABA_like_tumor,IDH_Mutant,2153,0,0,1,
ENTPD1,0.5320112819280224,TAM1/TAM2/microglia,IDH_WT,2154,0,1,0,1.0
FAM3C,0.5319394390100171,OPC_GABA_AC_like_tumor,IDH_WT,2155,0,0,1,
RHOG,0.5319010528698879,TAM1/TAM2/microglia,IDH_Mutant,2156,0,0,1,
CRYL1,0.5317332839385221,cycling_tumor,IDH_WT,2157,0,0,1,
C19orf70,0.5317051996338433,TAM1/TAM2/microglia,IDH_WT,2158,0,0,1,
NDUFB1,0.531660456664772,TAM1/TAM2/microglia,IDH_Mutant,2159,0,0,0,
MZT2A,0.5314566557814631,TAM1/TAM2/microglia,IDH_Mutant,2160,0,0,1,
SAV1,0.5314312794326874,OPC_GABA_like_tumor,IDH_Mutant,2161,0,0,1,
EI24,0.5314270313394915,OPC_GABA_like_tumor,IDH_Mutant,2162,0,0,1,
PRPF8,0.5313913403114816,TAM1/TAM2/microglia,IDH_WT,2163,0,0,1,
OSBPL1A,0.5313322601467365,TAM1/TAM2/microglia,IDH_Mutant,2164,0,0,1,
FBL,0.531314144459125,cycling_tumor,IDH_Mutant,2165,0,0,1,
PAN3,0.531176587095983,TAM1/TAM2/microglia,IDH_Mutant,2166,0,0,1,
PRR13,0.5311448622834105,cycling_tumor,IDH_WT,2167,0,0,1,
SACM1L,0.5311034747227292,TAM1/TAM2/microglia,IDH_WT,2168,0,0,1,
MAPK6,0.5309949967410981,OPC_GABA_like_tumor,IDH_Mutant,2169,0,0,1,
TRMT6,0.5309579020219019,OPC_GABA_like_tumor,IDH_WT,2170,0,0,1,
CYB5A,0.5309482403927726,TAM1/TAM2/microglia,IDH_WT,2171,0,0,1,
SNX29,0.5309339060714364,TAM1/TAM2/microglia,IDH_WT,2172,0,0,1,
TLR1,0.5308456872015955,TAM1/TAM2/microglia,IDH_Mutant,2173,0,0,1,
NDUFAB1,0.530828781472338,TAM1/TAM2/microglia,IDH_WT,2174,0,0,0,
TPM4,0.5307946564794649,TAM1/TAM2/microglia,IDH_WT,2175,0,0,1,
RNF7,0.5307752276394945,TAM1/TAM2/microglia,IDH_Mutant,2176,0,0,1,
PRDX2,0.5306010266210484,TAM1/TAM2/microglia,IDH_Mutant,2177,0,0,1,
VPS25,0.530509220509286,OPC_GABA_like_tumor,IDH_WT,2178,0,0,1,
MOB1A,0.5303336340728015,OPC_GABA_like_tumor,IDH_Mutant,2179,0,0,1,
EMC1,0.5302774643639229,OPC_GABA_like_tumor,IDH_WT,2180,0,0,1,
ATP6V1G1,0.5302030058145625,TAM1/TAM2/microglia,IDH_WT,2181,0,0,1,
ZCCHC17,0.5302025439951386,OPC_GABA_AC_like_tumor,IDH_WT,2182,0,0,1,
FAM120C,0.5301964721895718,OPC_GABA_like_tumor,IDH_Mutant,2183,0,0,1,
CD83,0.5301724664127313,cycling_tumor,IDH_Mutant,2184,0,0,1,
RPA3,0.5300033043869055,OPC_GABA_AC_like_tumor,IDH_WT,2185,0,0,1,
GNPDA2,0.5299738307881807,OPC_GABA_like_tumor,IDH_WT,2186,0,0,1,
MTMR3,0.5298529376748886,OPC_GABA_like_tumor,IDH_Mutant,2187,0,0,1,
ASRGL1,0.5298414153125705,OPC_GABA_like_tumor,IDH_Mutant,2188,0,0,1,
CNIH4,0.5298162683320919,TAM1/TAM2/microglia,IDH_WT,2189,0,0,1,
AGTRAP,0.5297595776441297,OPC_GABA_like_tumor,IDH_Mutant,2190,0,0,1,
DUSP6,0.529737898007922,OPC_GABA_like_tumor,IDH_WT,2191,0,0,1,
MAGED1,0.5296655565986124,OPC_GABA_like_tumor,IDH_Mutant,2192,0,0,1,
NUMB,0.5295987981884205,OPC_GABA_like_tumor,IDH_Mutant,2193,0,0,1,
FKBP3,0.5295043809459398,AC_like_tumor,IDH_Mutant,2194,0,0,1,
SPATS2L,0.5294132279994915,OPC_GABA_like_tumor,IDH_Mutant,2195,0,0,1,
ENPP4,0.5293546155185757,TAM1/TAM2/microglia,IDH_WT,2196,0,0,1,
NAV2,0.5291645440808764,TAM1/TAM2/microglia,IDH_Mutant,2197,0,0,1,
BLOC1S1,0.5291573031588561,TAM1/TAM2/microglia,IDH_Mutant,2198,0,0,1,
ANP32E,0.5290952626038623,OPC_GABA_like_tumor,IDH_Mutant,2199,0,0,1,
PIK3CB,0.5289866649328376,OPC_GABA_like_tumor,IDH_Mutant,2200,0,0,1,
SPTLC1,0.5286498275058727,TAM1/TAM2/microglia,IDH_Mutant,2201,0,0,1,
SP100,0.5285664490288585,TAM1/TAM2/microglia,IDH_Mutant,2202,0,0,1,
ANKLE2,0.5285603816907495,OPC_GABA_like_tumor,IDH_Mutant,2203,0,0,1,
SRSF2,0.5282548136121352,TAM1/TAM2/microglia,IDH_WT,2204,0,0,1,
SAYSD1,0.5280266746547186,OPC_GABA_like_tumor,IDH_WT,2205,0,0,1,
ATIC,0.5279739565346797,OPC_GABA_like_tumor,IDH_WT,2206,0,0,1,
RASA1,0.5279479766333885,TAM1/TAM2/microglia,IDH_Mutant,2207,0,0,1,
TMA7,0.5279437664401057,TAM1/TAM2/microglia,IDH_Mutant,2208,0,0,1,
KRTCAP2,0.5278529622102222,OPC_GABA_like_tumor,IDH_Mutant,2209,0,0,1,
CD52,0.5277450499607153,T cell,IDH_Mutant,2210,0,0,1,
LPAR6,0.5277448239344908,TAM1/TAM2/microglia,IDH_WT,2211,0,0,1,
TMEM205,0.5277239583639295,TAM1/TAM2/microglia,IDH_Mutant,2212,0,0,1,
HS2ST1,0.5276334546169015,OPC_GABA_like_tumor,IDH_Mutant,2213,0,0,1,
OGDH,0.5276323487985959,OPC_GABA_like_tumor,IDH_Mutant,2214,0,0,1,
POLR2J,0.5276171902567298,TAM1/TAM2/microglia,IDH_Mutant,2215,0,0,1,
ZRANB2,0.5273584219023828,TAM1/TAM2/microglia,IDH_WT,2216,0,0,1,
SSR1,0.5273479643369253,OPC_GABA_AC_like_tumor,IDH_WT,2217,0,0,1,
GSTM3,0.5273404229093093,OPC_GABA_like_tumor,IDH_Mutant,2218,0,0,1,
TGFBR1,0.5273254934359242,TAM1/TAM2/microglia,IDH_Mutant,2219,0,0,1,
BEX2,0.527267399203415,cycling_tumor,IDH_WT,2220,0,0,1,
MLEC,0.5272364848202021,OPC_GABA_AC_like_tumor,IDH_WT,2221,0,0,1,
MIR99AHG,0.5271987296846963,OPC_GABA_like_tumor,IDH_Mutant,2222,0,0,1,
SNRNP70,0.5271918286797991,TAM1/TAM2/microglia,IDH_WT,2223,0,0,1,
TNFAIP8L2,0.5271480637522732,TAM1/TAM2/microglia,IDH_Mutant,2224,0,0,1,
HIST2H2BF,0.5271419800181605,TAM1/TAM2/microglia,IDH_Mutant,2225,0,0,0,
AAMDC,0.5271040425787656,OPC_GABA_like_tumor,IDH_WT,2226,0,0,1,
ERCC6,0.5270853517105614,TAM1/TAM2/microglia,IDH_WT,2227,0,0,1,
PHC3,0.5270764052388248,TAM1/TAM2/microglia,IDH_Mutant,2228,0,0,1,
KAT7,0.5270725804840091,OPC_GABA_like_tumor,IDH_Mutant,2229,0,0,1,
LBH,0.5267386263189102,OPC_GABA_like_tumor,IDH_WT,2230,0,0,1,
BTBD2,0.526685958287282,OPC_GABA_like_tumor,IDH_WT,2231,0,0,1,
HSD17B10,0.5266315706756249,TAM1/TAM2/microglia,IDH_Mutant,2232,0,0,1,
PHF3,0.5265983224785987,cycling_tumor,IDH_WT,2233,0,0,1,
AZIN1,0.5264468118959497,TAM1/TAM2/microglia,IDH_Mutant,2234,0,0,1,
VCAN,0.5263992845210568,TAM1/TAM2/microglia,IDH_WT,2235,0,0,1,
AK3,0.5263803544726231,cycling_tumor,IDH_WT,2236,0,0,1,
MTMR4,0.5263452559362156,OPC_GABA_like_tumor,IDH_Mutant,2237,0,0,1,
COPA,0.5262473640518621,OPC_GABA_like_tumor,IDH_Mutant,2238,0,0,1,
DDX39A,0.5262309868863433,OPC_GABA_like_tumor,IDH_Mutant,2239,0,0,1,
NECAP2,0.5261548574291782,OPC_GABA_like_tumor,IDH_Mutant,2240,0,0,1,
PRKAG2-AS1,0.5258477794367028,TAM1/TAM2/microglia,IDH_Mutant,2241,0,0,1,
SLC35E1,0.5258280715604038,OPC_GABA_like_tumor,IDH_WT,2242,0,0,1,
UBAC1,0.5257968660368209,cycling_tumor,IDH_Mutant,2243,0,0,1,
ACTN1,0.5257835070140581,TAM1/TAM2/microglia,IDH_WT,2244,0,0,1,
SLC25A6,0.5256702592902204,TAM1/TAM2/microglia,IDH_WT,2245,0,0,1,
PSMB3,0.5255733925447191,TAM1/TAM2/microglia,IDH_Mutant,2246,0,0,1,
FGD4,0.5255175892053675,TAM1/TAM2/microglia,IDH_WT,2247,0,0,1,
FNDC3B,0.5254838514360664,TAM1/TAM2/microglia,IDH_WT,2248,0,0,1,
CTBP1,0.5254528707435184,OPC_GABA_like_tumor,IDH_WT,2249,0,0,1,
GAS2L1,0.5253904047996203,OPC_GABA_like_tumor,IDH_Mutant,2250,0,0,1,
AL118516.1,0.5253657569465209,TAM1/TAM2/microglia,IDH_Mutant,2251,0,0,1,
TTC9B,0.525330499832061,OPC_GABA_like_tumor,IDH_Mutant,2252,0,0,1,
RHPN1,0.5253107906390216,OPC_GABA_like_tumor,IDH_Mutant,2253,0,0,1,
COMT,0.5252667685766054,TAM1/TAM2/microglia,IDH_Mutant,2254,0,0,1,
PDGFB,0.5251215363142487,TAM1/TAM2/microglia,IDH_Mutant,2255,0,0,1,
WDFY2,0.5250417431598275,TAM1/TAM2/microglia,IDH_Mutant,2256,0,0,1,
HMGN2,0.524978904691244,OPC_GABA_like_tumor,IDH_Mutant,2257,0,0,1,
DPM1,0.5249052556279159,cycling_tumor,IDH_Mutant,2258,0,0,1,
UBQLN1,0.5248878848734468,OPC_GABA_like_tumor,IDH_WT,2259,0,0,1,
SERTAD1,0.5247843079381579,TAM1/TAM2/microglia,IDH_WT,2260,0,0,1,
DGCR6,0.5247572248640248,OPC_GABA_like_tumor,IDH_Mutant,2261,0,0,1,
ANGPTL2,0.5247180964136212,AC_like_tumor,IDH_Mutant,2262,0,0,1,
ERGIC1,0.5246013089892757,OPC_GABA_like_tumor,IDH_WT,2263,0,0,1,
TENT2,0.5245395804961113,OPC_GABA_like_tumor,IDH_WT,2264,0,0,1,
LINC02001,0.5244277339162398,AC_like_tumor,IDH_Mutant,2265,0,0,1,
NEO1,0.5242808707987064,OPC_GABA_like_tumor,IDH_Mutant,2266,0,0,1,
AKIP1,0.5241932563361786,cycling_tumor,IDH_WT,2267,0,0,1,
ERBIN,0.5241859208918529,TAM1/TAM2/microglia,IDH_Mutant,2268,0,0,1,
THOC1,0.5239055017359598,OPC_GABA_like_tumor,IDH_WT,2269,0,0,1,
SMC5,0.5238499678637876,OPC_GABA_like_tumor,IDH_WT,2270,0,0,1,
B3GLCT,0.5236714086498224,OPC_GABA_like_tumor,IDH_Mutant,2271,0,0,1,
NAP1L1,0.523350618791184,TAM1/TAM2/microglia,IDH_Mutant,2272,0,0,1,
SDHAF1,0.5233180059793398,OPC_GABA_like_tumor,IDH_Mutant,2273,0,0,1,
SERF2,0.5232996234796672,OPC_GABA_AC_like_tumor,IDH_WT,2274,0,0,1,
HAP1,0.5232811645190373,OPC_GABA_like_tumor,IDH_WT,2275,0,0,1,
SIGLEC8,0.5232278794428394,TAM1/TAM2/microglia,IDH_WT,2276,0,0,1,
PYURF,0.5230531925410284,OPC_GABA_like_tumor,IDH_Mutant,2277,0,0,1,
FOXO3,0.5229054353888101,TAM1/TAM2/microglia,IDH_Mutant,2278,0,0,1,
PRICKLE2,0.5228458876094335,OPC_GABA_like_tumor,IDH_Mutant,2279,0,0,1,
GPATCH2,0.5227740293035753,TAM1/TAM2/microglia,IDH_Mutant,2280,0,0,1,
HADHB,0.522708057020163,OPC_GABA_like_tumor,IDH_Mutant,2281,0,0,1,
EMP1,0.5226760862250901,OPC_GABA_like_tumor,IDH_Mutant,2282,0,0,1,
MTRNR2L10,0.5225453931001223,TAM1/TAM2/microglia,IDH_Mutant,2283,0,0,0,
POU2F2,0.5225266352998458,TAM1/TAM2/microglia,IDH_WT,2284,0,0,1,
ARL4A,0.5225213305478873,AC_like_tumor,IDH_Mutant,2285,0,0,1,
C2,0.5224259235138342,TAM1/TAM2/microglia,IDH_Mutant,2286,0,0,1,
POGZ,0.5222850813913771,OPC_GABA_like_tumor,IDH_WT,2287,0,0,1,
CNOT4,0.522229134116196,TAM1/TAM2/microglia,IDH_Mutant,2288,0,0,1,
DNTTIP1,0.5220849506965362,OPC_GABA_like_tumor,IDH_Mutant,2289,0,0,1,
TM2D3,0.5220425571568383,cycling_tumor,IDH_WT,2290,0,0,1,
TARDBP,0.5220227980173348,OPC_GABA_like_tumor,IDH_WT,2291,0,0,1,
RNPEPL1,0.5220032378844326,TAM1/TAM2/microglia,IDH_Mutant,2292,0,0,1,
ATP5MD,0.5219707286016882,TAM1/TAM2/microglia,IDH_WT,2293,0,0,0,
PILRB,0.5218994515950423,OPC_GABA_like_tumor,IDH_WT,2294,0,0,1,
CHTOP,0.5218938363493635,OPC_GABA_like_tumor,IDH_WT,2295,0,0,1,
CEP78,0.5218338820475552,OPC_GABA_like_tumor,IDH_WT,2296,0,0,1,
PURB,0.5216649735460244,OPC_GABA_like_tumor,IDH_WT,2297,0,0,1,
NDUFAF2,0.5213562152997276,OPC_GABA_like_tumor,IDH_WT,2298,0,0,0,
MRPL33,0.5212775986402516,OPC_GABA_like_tumor,IDH_Mutant,2299,0,0,0,
ALG3,0.5212454238235584,OPC_GABA_like_tumor,IDH_WT,2300,0,0,1,
TBC1D1,0.5212370098851431,TAM1/TAM2/microglia,IDH_WT,2301,0,0,1,
NDUFV3,0.5211975082508661,OPC_GABA_like_tumor,IDH_Mutant,2302,0,0,0,
H2AFY,0.5211929516157984,AC_like_tumor,IDH_Mutant,2303,0,0,0,
NDUFA2,0.5211188151784848,TAM1/TAM2/microglia,IDH_WT,2304,0,0,0,
PPM1G,0.5208741882426614,OPC_GABA_AC_like_tumor,IDH_WT,2305,0,0,1,
TMEM170A,0.5208144077094679,OPC_GABA_like_tumor,IDH_WT,2306,0,0,1,
NUPL2,0.5208004925271589,TAM1/TAM2/microglia,IDH_Mutant,2307,0,0,1,
RABAC1,0.5206762910711221,OPC_GABA_like_tumor,IDH_Mutant,2308,0,0,1,
WIPI1,0.5206199706760913,TAM1/TAM2/microglia,IDH_Mutant,2309,0,0,1,
GOLGB1,0.52060734363693,TAM1/TAM2/microglia,IDH_Mutant,2310,0,0,1,
USP22,0.5206001913784928,OPC_GABA_AC_like_tumor,IDH_WT,2311,0,0,1,
YKT6,0.5205887649948661,OPC_GABA_like_tumor,IDH_WT,2312,0,0,1,
ESYT2,0.5205847141297687,TAM1/TAM2/microglia,IDH_Mutant,2313,0,0,1,
FILIP1L,0.520457740571457,TAM1/TAM2/microglia,IDH_Mutant,2314,0,0,1,
MDK,0.5204473495349665,OPC_GABA_like_tumor,IDH_WT,2315,0,0,1,
OLFM2,0.5203976768383869,OPC_GABA_like_tumor,IDH_Mutant,2316,0,0,1,
ATP5PD,0.5203451748312246,TAM1/TAM2/microglia,IDH_WT,2317,0,0,0,
GSTP1,0.5203307724514661,OPC_GABA_AC_like_tumor,IDH_Mutant,2318,0,0,1,
ARMCX6,0.5202140306675866,OPC_GABA_AC_like_tumor,IDH_WT,2319,0,0,1,
ARHGEF4,0.5201677589904394,OPC_GABA_like_tumor,IDH_Mutant,2320,0,0,1,
SELENOH,0.5201220745643444,TAM1/TAM2/microglia,IDH_Mutant,2321,0,0,1,
AATF,0.5200866304972752,OPC_GABA_like_tumor,IDH_Mutant,2322,0,0,1,
CD2BP2,0.520052364956435,TAM1/TAM2/microglia,IDH_Mutant,2323,0,0,1,
STK25,0.5199259279555057,OPC_GABA_like_tumor,IDH_Mutant,2324,0,0,1,
IARS,0.5198821824742534,OPC_GABA_like_tumor,IDH_WT,2325,0,0,1,
NDUFB10,0.5197799130493168,TAM1/TAM2/microglia,IDH_WT,2326,0,0,0,
PPCS,0.519584638332338,cycling_tumor,IDH_WT,2327,0,0,1,
ATP6AP1,0.519541685124717,OPC_GABA_like_tumor,IDH_Mutant,2328,0,0,1,
FSD1L,0.5193799355890272,OPC_GABA_like_tumor,IDH_Mutant,2329,0,0,1,
TMEM161B,0.5193617482732561,OPC_GABA_like_tumor,IDH_WT,2330,0,0,1,
GBP1,0.5192922384016289,TAM1/TAM2/microglia,IDH_Mutant,2331,0,0,1,
TMEM50A,0.519216928247144,OPC_GABA_AC_like_tumor,IDH_WT,2332,0,0,1,
SEM1,0.5191395509712946,TAM1/TAM2/microglia,IDH_WT,2333,0,0,1,
SLF2,0.5189838834204548,TAM1/TAM2/microglia,IDH_WT,2334,0,0,1,
RNF4,0.5189674296331583,OPC_GABA_like_tumor,IDH_WT,2335,0,0,1,
NDUFAF1,0.5189362482077504,OPC_GABA_like_tumor,IDH_Mutant,2336,0,0,0,
TPI1,0.5187860617718557,TAM1/TAM2/microglia,IDH_Mutant,2337,0,0,1,
ANXA6,0.5187458609718735,OPC_GABA_like_tumor,IDH_Mutant,2338,0,0,1,
CHD4,0.5186077611042423,TAM1/TAM2/microglia,IDH_Mutant,2339,0,0,1,
HCK,0.5185858642190373,TAM1/TAM2/microglia,IDH_WT,2340,0,0,1,
DARS,0.5185856923391281,OPC_GABA_like_tumor,IDH_Mutant,2341,0,0,1,
VEZF1,0.5185094052106523,TAM1/TAM2/microglia,IDH_Mutant,2342,0,0,1,
PRDX6,0.5183098988189752,TAM1/TAM2/microglia,IDH_Mutant,2343,0,0,1,
SAFB,0.5182879212708571,TAM1/TAM2/microglia,IDH_Mutant,2344,0,0,1,
MLXIP,0.5180230088402042,TAM1/TAM2/microglia,IDH_WT,2345,0,0,1,
GIT2,0.5179784383506326,TAM1/TAM2/microglia,IDH_Mutant,2346,0,0,1,
FAM50A,0.5179074870857041,TAM1/TAM2/microglia,IDH_Mutant,2347,0,0,1,
CHD1,0.5178798253566732,TAM1/TAM2/microglia,IDH_WT,2348,0,0,1,
SMARCA5,0.5178714298891636,TAM1/TAM2/microglia,IDH_WT,2349,0,0,1,
CHPF,0.5177935416273095,OPC_GABA_like_tumor,IDH_WT,2350,0,0,1,
PGM1,0.5177491300984057,OPC_GABA_AC_like_tumor,IDH_WT,2351,0,0,1,
PRICKLE1,0.5177212517811055,OPC_GABA_like_tumor,IDH_WT,2352,0,0,1,
MTREX,0.5176429762407182,TAM1/TAM2/microglia,IDH_Mutant,2353,0,0,1,
MRPL32,0.5176223301685139,OPC_GABA_AC_like_tumor,IDH_WT,2354,0,0,0,
GRID2,0.5175087948287246,TAM1/TAM2/microglia,IDH_Mutant,2355,0,0,1,
SLC43A2,0.5172487375605517,TAM1/TAM2/microglia,IDH_WT,2356,0,0,1,
REV3L,0.5172440628958277,TAM1/TAM2/microglia,IDH_Mutant,2357,0,0,1,
CD99L2,0.5172046608553698,OPC_GABA_like_tumor,IDH_Mutant,2358,0,0,1,
TMUB2,0.5171560179678154,TAM1/TAM2/microglia,IDH_Mutant,2359,0,0,1,
EFCAB14,0.5169558342028319,cycling_tumor,IDH_WT,2360,0,0,1,
PSMA2,0.5168173921912699,OPC_GABA_like_tumor,IDH_Mutant,2361,0,0,1,
GADD45GIP1,0.5167802419637957,OPC_GABA_like_tumor,IDH_Mutant,2362,0,0,1,
SRSF5,0.5167199219712435,T cell,IDH_WT,2363,0,0,1,
NDUFB4,0.5165829953011568,TAM1/TAM2/microglia,IDH_WT,2364,0,0,0,
ATP6V1F,0.5164882617772029,TAM1/TAM2/microglia,IDH_Mutant,2365,0,0,1,
ETF1,0.5164625585094844,TAM1/TAM2/microglia,IDH_Mutant,2366,0,0,1,
CEP85L,0.5163876990523321,OPC_GABA_like_tumor,IDH_Mutant,2367,0,0,1,
RBBP6,0.5163270423190588,TAM1/TAM2/microglia,IDH_WT,2368,0,0,1,
SBF2,0.516206473856965,TAM1/TAM2/microglia,IDH_Mutant,2369,0,0,1,
CD24,0.5161767606078007,OPC_GABA_AC_like_tumor,IDH_Mutant,2370,0,0,1,
FSD1,0.516052904683179,AC_like_tumor,IDH_Mutant,2371,0,0,1,
TSPAN5,0.5159123217383336,cycling_tumor,IDH_WT,2372,0,0,1,
COX7A2,0.515910900435076,TAM1/TAM2/microglia,IDH_WT,2373,0,0,0,
MARCH5,0.5159091943158585,TAM1/TAM2/microglia,IDH_Mutant,2374,0,0,1,
AKNA,0.5158081707629811,TAM1/TAM2/microglia,IDH_WT,2375,0,0,1,
RALBP1,0.5157904823259079,TAM1/TAM2/microglia,IDH_Mutant,2376,0,0,1,
CPNE2,0.5155754516844266,OPC_GABA_like_tumor,IDH_WT,2377,0,0,1,
TERF2,0.515551033728084,cycling_tumor,IDH_WT,2378,0,0,1,
CNOT2,0.5154896984534278,OPC_GABA_like_tumor,IDH_Mutant,2379,0,0,1,
SSR4,0.5154122217891277,TAM1/TAM2/microglia,IDH_WT,2380,0,0,1,
CDK16,0.515344985487083,cycling_tumor,IDH_WT,2381,0,0,1,
CPEB4,0.5153422529560646,TAM1/TAM2/microglia,IDH_Mutant,2382,0,0,1,
B4GALT4,0.5152869931192492,TAM1/TAM2/microglia,IDH_Mutant,2383,0,0,1,
KIAA0355,0.5152489518990052,OPC_GABA_like_tumor,IDH_WT,2384,0,0,1,
DHX30,0.5152450161002691,OPC_GABA_like_tumor,IDH_Mutant,2385,0,0,1,
GLG1,0.5152409614168529,TAM1/TAM2/microglia,IDH_WT,2386,0,0,1,
TRIOBP,0.5151764770935683,TAM1/TAM2/microglia,IDH_WT,2387,0,0,1,
NPNT,0.5151710495421848,OPC_GABA_like_tumor,IDH_WT,2388,0,0,1,
CMTM6,0.5151560032911233,TAM1/TAM2/microglia,IDH_Mutant,2389,0,0,1,
CLTB,0.5150169855045059,AC_like_tumor,IDH_Mutant,2390,0,0,1,
PPP2CA,0.5150167966622473,TAM1/TAM2/microglia,IDH_WT,2391,0,0,1,
RGS18,0.5149923755275396,TAM1/TAM2/microglia,IDH_Mutant,2392,0,0,1,
GCAT,0.5149298302884076,OPC_GABA_like_tumor,IDH_Mutant,2393,0,0,1,
RUNDC1,0.5149086601947999,OPC_GABA_like_tumor,IDH_WT,2394,0,0,1,
POLE4,0.5148107057685489,OPC_GABA_like_tumor,IDH_Mutant,2395,0,0,1,
ITFG1,0.514786142476413,OPC_GABA_like_tumor,IDH_WT,2396,0,0,1,
FXYD1,0.514714173843785,AC_like_tumor,IDH_Mutant,2397,0,0,1,
KMT2C,0.5146840436479101,TAM1/TAM2/microglia,IDH_WT,2398,0,0,1,
CWC15,0.5146499808660862,OPC_GABA_like_tumor,IDH_Mutant,2399,0,0,1,
KCNJ10,0.5145740527782007,OPC_GABA_like_tumor,IDH_WT,2400,0,0,1,
ARL5B,0.5145692933600723,TAM1/TAM2/microglia,IDH_WT,2401,0,0,1,
GTF2H5,0.5145483410727894,OPC_GABA_like_tumor,IDH_WT,2402,0,0,1,
UBA6,0.5145422101829216,TAM1/TAM2/microglia,IDH_Mutant,2403,0,0,1,
GNAQ,0.5144647738104129,TAM1/TAM2/microglia,IDH_Mutant,2404,0,0,1,
RGMA,0.514461132738243,OPC_GABA_like_tumor,IDH_Mutant,2405,0,0,1,
PSRC1,0.5143837455827078,OPC_GABA_like_tumor,IDH_WT,2406,0,0,1,
ENO1,0.51432476234388,TAM1/TAM2/microglia,IDH_Mutant,2407,0,0,1,
DDX3Y,0.5143110654677143,TAM1/TAM2/microglia,IDH_WT,2408,0,0,1,
LRRTM2,0.5142932585117933,AC_like_tumor,IDH_Mutant,2409,0,0,1,
FERMT1,0.5142742376299752,AC_like_tumor,IDH_Mutant,2410,0,0,1,
PSMA5,0.5142742002297066,OPC_GABA_like_tumor,IDH_WT,2411,0,0,1,
PDCD5,0.5140250506547206,TAM1/TAM2/microglia,IDH_WT,2412,0,0,1,
LINC00844,0.5139933190218653,OPC_GABA_like_tumor,IDH_Mutant,2413,0,0,1,
NDUFS8,0.5139358068889706,TAM1/TAM2/microglia,IDH_WT,2414,0,0,0,
EPS8,0.5137901632899896,OPC_GABA_like_tumor,IDH_Mutant,2415,0,0,1,
NUDT4,0.5137636259633869,OPC_GABA_like_tumor,IDH_Mutant,2416,0,0,1,
CARS,0.5137551312074087,OPC_GABA_like_tumor,IDH_WT,2417,0,0,1,
LMAN1,0.513446827202207,OPC_GABA_AC_like_tumor,IDH_WT,2418,0,0,1,
FAM104B,0.513341767124397,cycling_tumor,IDH_WT,2419,0,0,1,
DOCK3,0.5131633775336284,OPC_GABA_like_tumor,IDH_Mutant,2420,0,0,1,
CUX1,0.5131021093188348,OPC_GABA_like_tumor,IDH_WT,2421,0,0,1,
APCDD1,0.5130909271123303,OPC_GABA_like_tumor,IDH_WT,2422,0,0,1,
CTSF,0.513059099537922,OPC_GABA_like_tumor,IDH_Mutant,2423,0,0,1,
KMT5B,0.5129820152833546,AC_like_tumor,IDH_Mutant,2424,0,0,1,
CWC25,0.5129359915766291,TAM1/TAM2/microglia,IDH_WT,2425,0,0,1,
GAN,0.5127586347999195,OPC_GABA_like_tumor,IDH_Mutant,2426,0,0,1,
MIR222HG,0.5127207349744387,TAM1/TAM2/microglia,IDH_Mutant,2427,0,0,1,
HAS2,0.5126781553610901,OPC_GABA_like_tumor,IDH_WT,2428,0,0,1,
SRSF10,0.5126372971884875,TAM1/TAM2/microglia,IDH_WT,2429,0,0,1,
MCUR1,0.5125807717452454,OPC_GABA_AC_like_tumor,IDH_WT,2430,0,0,1,
P2RX7,0.5125656147119239,TAM1/TAM2/microglia,IDH_WT,2431,0,0,1,
RASGRP3,0.5124681556273345,TAM1/TAM2/microglia,IDH_WT,2432,0,0,1,
HSPB8,0.5124532961564132,AC_like_tumor,IDH_Mutant,2433,0,0,1,
LRIG1,0.5124218576547135,OPC_GABA_like_tumor,IDH_Mutant,2434,0,0,1,
GTF2F2,0.5124212372519658,OPC_GABA_like_tumor,IDH_WT,2435,0,0,1,
MSL3,0.5124152299097708,TAM1/TAM2/microglia,IDH_WT,2436,0,0,1,
BNIP3L,0.5123961513321982,TAM1/TAM2/microglia,IDH_WT,2437,0,0,1,
AL589740.1,0.5123820279957689,OPC_GABA_like_tumor,IDH_Mutant,2438,0,0,1,
SP110,0.5122851346500046,OPC_GABA_like_tumor,IDH_WT,2439,0,0,1,
MARCKS,0.5122316529933791,T cell,IDH_WT,2440,0,0,1,
DPP8,0.5121320952743684,OPC_GABA_like_tumor,IDH_WT,2441,0,0,1,
SEPT8,0.5120895750520503,cycling_tumor,IDH_WT,2442,0,0,1,
SSU72,0.5120709004535725,TAM1/TAM2/microglia,IDH_Mutant,2443,0,0,1,
MRPS7,0.5120378834937556,TAM1/TAM2/microglia,IDH_Mutant,2444,0,0,0,
LRWD1,0.5120333305775883,OPC_GABA_like_tumor,IDH_Mutant,2445,0,0,1,
CTDSP1,0.5120184540716304,OPC_GABA_like_tumor,IDH_Mutant,2446,0,0,1,
HSD17B14,0.5120111526425865,OPC_GABA_like_tumor,IDH_Mutant,2447,0,0,1,
CUL3,0.5119428025749209,TAM1/TAM2/microglia,IDH_Mutant,2448,0,0,1,
ZFP36L2,0.511732425291791,T cell,IDH_WT,2449,0,0,1,
CMIP,0.5117047718170455,TAM1/TAM2/microglia,IDH_WT,2450,0,0,1,
NOP53,0.5116902954308922,TAM1/TAM2/microglia,IDH_WT,2451,0,0,1,
EIF3K,0.5115321884170471,TAM1/TAM2/microglia,IDH_Mutant,2452,0,0,0,
RHBDF2,0.5114736463975185,TAM1/TAM2/microglia,IDH_Mutant,2453,0,0,1,
PAM,0.5110547338763916,OPC_GABA_like_tumor,IDH_Mutant,2454,0,0,1,
TRAPPC1,0.5109850453817506,TAM1/TAM2/microglia,IDH_Mutant,2455,0,0,1,
MALT1,0.5108724214923605,TAM1/TAM2/microglia,IDH_Mutant,2456,0,0,1,
FBXO8,0.5104960464522075,OPC_GABA_like_tumor,IDH_Mutant,2457,0,0,1,
C3orf70,0.5104695997080793,OPC_GABA_like_tumor,IDH_Mutant,2458,0,0,1,
KDM3A,0.5104382151495197,OPC_GABA_like_tumor,IDH_Mutant,2459,0,0,1,
RPSA,0.5104366085870778,TAM1/TAM2/microglia,IDH_Mutant,2460,0,0,1,
BAIAP2,0.510406653036892,OPC_GABA_like_tumor,IDH_Mutant,2461,0,0,1,
SLC30A9,0.5103436722423018,OPC_GABA_like_tumor,IDH_WT,2462,0,0,1,
KIF13B,0.5102862369242752,TAM1/TAM2/microglia,IDH_Mutant,2463,0,0,1,
SNX17,0.5102094321834936,OPC_GABA_like_tumor,IDH_WT,2464,0,0,1,
AGO2,0.5102086474066526,OPC_GABA_like_tumor,IDH_WT,2465,0,0,1,
TM9SF3,0.5100667398228512,TAM1/TAM2/microglia,IDH_Mutant,2466,0,0,1,
MDH2,0.5100378317817134,OPC_GABA_like_tumor,IDH_Mutant,2467,0,0,1,
ANXA7,0.5100008519298636,OPC_GABA_like_tumor,IDH_Mutant,2468,0,0,1,
SUPT3H,0.5099913261907594,OPC_GABA_like_tumor,IDH_Mutant,2469,0,0,1,
C2orf76,0.5099676248392837,OPC_GABA_like_tumor,IDH_WT,2470,0,0,1,
CLK1,0.5099507114820022,T cell,IDH_WT,2471,0,0,1,
MGAT4C,0.5099128683911436,OPC_GABA_like_tumor,IDH_Mutant,2472,0,0,1,
METTL26,0.5098331024585745,TAM1/TAM2/microglia,IDH_WT,2473,0,0,1,
TK2,0.5097030052498166,OPC_GABA_like_tumor,IDH_Mutant,2474,0,0,1,
DEXI,0.5096957646579005,OPC_GABA_like_tumor,IDH_WT,2475,0,0,1,
SMDT1,0.5095802110284526,TAM1/TAM2/microglia,IDH_Mutant,2476,0,0,1,
RSRP1,0.5095783357046516,OPC_GABA_like_tumor,IDH_WT,2477,0,0,1,
NAF1,0.5095603601807445,TAM1/TAM2/microglia,IDH_Mutant,2478,0,0,1,
FRMD5,0.5095555604686568,OPC_GABA_like_tumor,IDH_Mutant,2479,0,0,1,
UBR2,0.5094962500498552,TAM1/TAM2/microglia,IDH_Mutant,2480,0,0,1,
ASPH,0.5093354521758255,OPC_GABA_like_tumor,IDH_Mutant,2481,0,0,1,
MTRNR2L8,0.5092955366511948,T cell,IDH_WT,2482,0,0,0,
IGF1,0.5092603423516769,TAM1/TAM2/microglia,IDH_WT,2483,0,0,1,
TRAF4,0.5092328122018352,OPC_GABA_AC_like_tumor,IDH_WT,2484,0,0,1,
STMP1,0.5090084776046085,OPC_GABA_AC_like_tumor,IDH_WT,2485,0,0,1,
SAMD9L,0.5089926121876518,TAM1/TAM2/microglia,IDH_WT,2486,0,0,1,
BABAM2,0.5089879610344034,OPC_GABA_like_tumor,IDH_Mutant,2487,0,0,1,
FUCA1,0.5089741429078473,TAM1/TAM2/microglia,IDH_WT,2488,0,0,1,
NDUFB7,0.5089131589710367,T cell,IDH_WT,2489,0,0,0,
LSM12,0.5089112100641489,OPC_GABA_like_tumor,IDH_Mutant,2490,0,0,1,
ASTN2,0.5088575308706298,OPC_GABA_like_tumor,IDH_Mutant,2491,0,0,1,
TCF4,0.508834534541623,TAM1/TAM2/microglia,IDH_WT,2492,0,0,1,
NACA2,0.5088056052467147,cycling_tumor,IDH_WT,2493,0,0,1,
COMMD6,0.5087968343036741,TAM1/TAM2/microglia,IDH_WT,2494,0,0,1,
RNF216,0.5087061572720544,OPC_GABA_like_tumor,IDH_WT,2495,0,0,1,
EPS15,0.5087021912477603,OPC_GABA_like_tumor,IDH_WT,2496,0,0,1,
DCLK2,0.5086485724922243,OPC_GABA_like_tumor,IDH_Mutant,2497,0,0,1,
EIF4A3,0.5085257082712992,OPC_GABA_AC_like_tumor,IDH_WT,2498,0,0,0,
DECR1,0.5084629486571137,OPC_GABA_AC_like_tumor,IDH_WT,2499,0,0,1,
MTIF3,0.5084539182472968,cycling_tumor,IDH_WT,2500,0,0,1,
SPTSSA,0.5084420773933422,OPC_GABA_like_tumor,IDH_Mutant,2501,0,0,1,
NDUFA1,0.5084358033457872,OPC_GABA_like_tumor,IDH_Mutant,2502,0,0,0,
MIA3,0.508391516927029,TAM1/TAM2/microglia,IDH_WT,2503,0,0,1,
RALGPS2,0.508368506403243,T cell,IDH_Mutant,2504,0,0,1,
ATP6V1H,0.508212579790073,TAM1/TAM2/microglia,IDH_Mutant,2505,0,0,1,
DHX36,0.5081521807545304,OPC_GABA_AC_like_tumor,IDH_WT,2506,0,0,1,
VPS50,0.508031424522563,TAM1/TAM2/microglia,IDH_Mutant,2507,0,0,1,
PLPP1,0.508018550970374,OPC_GABA_like_tumor,IDH_Mutant,2508,0,0,1,
LGMN,0.5078972461284328,OPC_GABA_like_tumor,IDH_Mutant,2509,0,0,1,
MDM2,0.5078261855643763,TAM1/TAM2/microglia,IDH_WT,2510,0,0,1,
BLCAP,0.5077979617803188,OPC_GABA_like_tumor,IDH_WT,2511,0,0,1,
NOP58,0.5076228464370411,OPC_GABA_like_tumor,IDH_Mutant,2512,0,0,1,
EIF4A1,0.5075602463488946,TAM1/TAM2/microglia,IDH_Mutant,2513,0,0,0,
ALDH9A1,0.5075439673697228,OPC_GABA_like_tumor,IDH_Mutant,2514,0,0,1,
DDX27,0.5075193253590112,TAM1/TAM2/microglia,IDH_WT,2515,0,0,1,
MPP5,0.5074631376426482,OPC_GABA_like_tumor,IDH_Mutant,2516,0,0,1,
BAX,0.5074401866103806,TAM1/TAM2/microglia,IDH_Mutant,2517,0,0,1,
TNFAIP6,0.5074149952541422,OPC_GABA_like_tumor,IDH_WT,2518,0,0,1,
FBXW7,0.5073884819419326,OPC_GABA_like_tumor,IDH_WT,2519,0,0,1,
BAG1,0.5072929041200049,TAM1/TAM2/microglia,IDH_Mutant,2520,0,0,1,
MMP2,0.5072753377088031,TAM1/TAM2/microglia,IDH_WT,2521,0,0,1,
ARCN1,0.5072501375503713,cycling_tumor,IDH_Mutant,2522,0,0,1,
CFAP97,0.5071926926640351,cycling_tumor,IDH_WT,2523,0,0,1,
MRPL55,0.5071718750771106,TAM1/TAM2/microglia,IDH_Mutant,2524,0,0,0,
EBNA1BP2,0.5070979259930887,TAM1/TAM2/microglia,IDH_Mutant,2525,0,0,1,
CCT4,0.5070361312151916,OPC_GABA_AC_like_tumor,IDH_WT,2526,0,0,1,
PGGT1B,0.5070317232358763,TAM1/TAM2/microglia,IDH_WT,2527,0,0,1,
CTTNBP2NL,0.5069220601433426,TAM1/TAM2/microglia,IDH_Mutant,2528,0,0,1,
OLFM1,0.5069196394721694,OPC_GABA_like_tumor,IDH_WT,2529,0,0,1,
SRGAP1,0.5069097397109813,TAM1/TAM2/microglia,IDH_WT,2530,0,0,1,
HIGD2A,0.5068328485398202,TAM1/TAM2/microglia,IDH_WT,2531,0,0,1,
CABIN1,0.5067358102139653,OPC_GABA_like_tumor,IDH_WT,2532,0,0,1,
CD300A,0.5066714543639197,T cell,IDH_Mutant,2533,0,0,1,
ELP6,0.5066620457993501,OPC_GABA_like_tumor,IDH_Mutant,2534,0,0,1,
ECH1,0.5066385400777872,OPC_GABA_like_tumor,IDH_WT,2535,0,0,1,
PRKCB,0.5066367325775495,TAM1/TAM2/microglia,IDH_Mutant,2536,0,0,1,
DENND4A,0.506589281407088,TAM1/TAM2/microglia,IDH_Mutant,2537,0,0,1,
GPR155,0.5065796683749455,TAM1/TAM2/microglia,IDH_WT,2538,0,0,1,
PRPF40A,0.5065326926162501,TAM1/TAM2/microglia,IDH_WT,2539,0,0,1,
AKAP13,0.5065112882240699,OPC_GABA_like_tumor,IDH_WT,2540,0,0,1,
FAM126A,0.5065103850364749,OPC_GABA_like_tumor,IDH_WT,2541,0,0,1,
PTPRF,0.5064824523846793,OPC_GABA_like_tumor,IDH_Mutant,2542,0,0,1,
PARD3B,0.5064152968757639,OPC_GABA_like_tumor,IDH_Mutant,2543,0,0,1,
TAF15,0.5063751185849276,TAM1/TAM2/microglia,IDH_WT,2544,0,0,1,
MDM4,0.5063715414396937,TAM1/TAM2/microglia,IDH_Mutant,2545,0,0,1,
TMEM18,0.5063136642261374,OPC_GABA_like_tumor,IDH_WT,2546,0,0,1,
UCHL5,0.5063038659066387,OPC_GABA_like_tumor,IDH_Mutant,2547,0,0,1,
NEK4,0.5062241546273196,OPC_GABA_like_tumor,IDH_Mutant,2548,0,0,1,
TPR,0.5061164248427382,TAM1/TAM2/microglia,IDH_WT,2549,0,0,1,
TMEM70,0.5059477043200078,OPC_GABA_like_tumor,IDH_WT,2550,0,0,1,
CDK14,0.5058448611132357,OPC_GABA_like_tumor,IDH_WT,2551,0,0,1,
SNN,0.5058149939340634,OPC_GABA_like_tumor,IDH_Mutant,2552,0,0,1,
SHARPIN,0.5056824505573264,TAM1/TAM2/microglia,IDH_Mutant,2553,0,0,1,
GAS7,0.5056802821534904,cycling_tumor,IDH_WT,2554,0,0,1,
TFPT,0.5056690807520042,TAM1/TAM2/microglia,IDH_Mutant,2555,0,0,1,
NME1,0.5056321688682635,T cell,IDH_WT,2556,0,0,1,
DNAJC4,0.5056313620277985,OPC_GABA_like_tumor,IDH_WT,2557,0,0,1,
CERS4,0.505524432840968,OPC_GABA_like_tumor,IDH_WT,2558,0,0,1,
ZMIZ2,0.5052034756970852,OPC_GABA_like_tumor,IDH_WT,2559,0,0,1,
DOK5,0.5051302689772081,OPC_GABA_like_tumor,IDH_Mutant,2560,0,0,1,
YY1AP1,0.5051023053786364,TAM1/TAM2/microglia,IDH_Mutant,2561,0,0,1,
SRI,0.5048299752203448,T cell,IDH_WT,2562,0,0,1,
YIPF3,0.5047511765302108,TAM1/TAM2/microglia,IDH_Mutant,2563,0,0,1,
ALG13,0.5047378641883791,OPC_GABA_like_tumor,IDH_Mutant,2564,0,0,1,
PIN4,0.5047356984844077,TAM1/TAM2/microglia,IDH_Mutant,2565,0,0,1,
TIMMDC1,0.5046133609673167,OPC_GABA_like_tumor,IDH_Mutant,2566,0,0,1,
MRPS23,0.5046127081380529,TAM1/TAM2/microglia,IDH_WT,2567,0,0,0,
NSMCE1,0.5045942442664922,OPC_GABA_like_tumor,IDH_WT,2568,0,0,1,
RER1,0.5045167283554877,OPC_GABA_AC_like_tumor,IDH_WT,2569,0,0,1,
CCDC191,0.5044226156434087,OPC_GABA_like_tumor,IDH_Mutant,2570,0,0,1,
CSRNP1,0.5043890920070471,TAM1/TAM2/microglia,IDH_Mutant,2571,0,0,1,
JAGN1,0.5043736945692159,OPC_GABA_like_tumor,IDH_WT,2572,0,0,1,
TMEM98,0.5043089039443381,OPC_GABA_like_tumor,IDH_Mutant,2573,0,0,1,
STIP1,0.5042955788403803,OPC_GABA_like_tumor,IDH_Mutant,2574,0,0,1,
NDUFS6,0.5042884712820384,TAM1/TAM2/microglia,IDH_WT,2575,0,0,0,
RILPL2,0.5042604372146298,TAM1/TAM2/microglia,IDH_WT,2576,0,0,1,
ABCF1,0.5041400153497125,OPC_GABA_like_tumor,IDH_WT,2577,0,0,1,
RBM39,0.5040283841748667,T cell,IDH_Mutant,2578,0,0,1,
GLS,0.5039120921696295,TAM1/TAM2/microglia,IDH_WT,2579,0,0,1,
ARC,0.5038717545798053,OPC_GABA_like_tumor,IDH_Mutant,2580,0,0,1,
TXNDC17,0.5038537239626344,OPC_GABA_like_tumor,IDH_Mutant,2581,0,0,1,
TNFSF9,0.5037747802438709,TAM1/TAM2/microglia,IDH_WT,2582,0,0,1,
LYPD1,0.5037435177896866,OPC_GABA_like_tumor,IDH_Mutant,2583,0,0,1,
UBE2D4,0.5037047637579964,OPC_GABA_like_tumor,IDH_WT,2584,0,0,1,
PHF19,0.5036221231533046,OPC_GABA_like_tumor,IDH_Mutant,2585,0,0,1,
OXCT1,0.503576377346665,OPC_GABA_like_tumor,IDH_Mutant,2586,0,0,1,
FBXO9,0.5035359691472228,OPC_GABA_like_tumor,IDH_WT,2587,0,0,1,
UBE2A,0.5033415249166545,OPC_GABA_like_tumor,IDH_Mutant,2588,0,0,1,
TMEM208,0.503328532698713,TAM1/TAM2/microglia,IDH_Mutant,2589,0,0,1,
MBD4,0.5033069218945916,TAM1/TAM2/microglia,IDH_WT,2590,0,0,1,
RSU1,0.5032758031227044,OPC_GABA_like_tumor,IDH_Mutant,2591,0,0,1,
RFK,0.5032464541551721,OPC_GABA_like_tumor,IDH_Mutant,2592,0,0,1,
KIDINS220,0.5032462799684263,TAM1/TAM2/microglia,IDH_Mutant,2593,0,0,1,
HIF1A,0.5032086549923064,OPC_GABA_like_tumor,IDH_Mutant,2594,0,0,1,
RBCK1,0.5031567384331039,OPC_GABA_like_tumor,IDH_WT,2595,0,0,1,
HNRNPDL,0.5030899331185957,TAM1/TAM2/microglia,IDH_Mutant,2596,0,0,1,
NSG1,0.502913053684793,OPC_GABA_like_tumor,IDH_WT,2597,0,0,1,
CRY2,0.502866518968837,OPC_GABA_like_tumor,IDH_Mutant,2598,0,0,1,
ELAVL3,0.5025572801626745,OPC_GABA_like_tumor,IDH_Mutant,2599,0,0,1,
USP9X,0.5024919473756642,TAM1/TAM2/microglia,IDH_Mutant,2600,0,0,1,
SCAND1,0.5024061893259087,TAM1/TAM2/microglia,IDH_Mutant,2601,0,0,1,
ERP44,0.5023748895082064,TAM1/TAM2/microglia,IDH_Mutant,2602,0,0,1,
THAP12,0.5023698277322819,OPC_GABA_like_tumor,IDH_Mutant,2603,0,0,1,
TRIM47,0.5022378977461803,OPC_GABA_like_tumor,IDH_WT,2604,0,0,1,
ATP5MF,0.5022283169193795,TAM1/TAM2/microglia,IDH_Mutant,2605,0,0,0,
SPART,0.5021697786020811,cycling_tumor,IDH_Mutant,2606,0,0,1,
MRPL51,0.5020888686825677,TAM1/TAM2/microglia,IDH_WT,2607,0,0,0,
BEX4,0.5020743470008824,TAM1/TAM2/microglia,IDH_Mutant,2608,0,0,1,
SRP68,0.502015285760779,OPC_GABA_like_tumor,IDH_WT,2609,0,0,1,
PSMA1,0.5019514250995818,TAM1/TAM2/microglia,IDH_Mutant,2610,0,0,1,
NFATC2IP,0.501827629897545,OPC_GABA_like_tumor,IDH_WT,2611,0,0,1,
RB1,0.5017361354763004,cycling_tumor,IDH_WT,2612,0,0,1,
MRM2,0.5017037408926248,OPC_GABA_like_tumor,IDH_WT,2613,0,0,1,
NME3,0.5016876724568423,OPC_GABA_like_tumor,IDH_Mutant,2614,0,0,1,
UBN1,0.5015359627381459,TAM1/TAM2/microglia,IDH_WT,2615,0,0,1,
EIF5A,0.5014875186038551,OPC_GABA_like_tumor,IDH_Mutant,2616,0,0,0,
TRAPPC3,0.501478455786398,OPC_GABA_like_tumor,IDH_WT,2617,0,0,1,
NUDT5,0.5014726845992102,OPC_GABA_like_tumor,IDH_Mutant,2618,0,0,1,
PDCD6IP,0.5014005203401224,OPC_GABA_like_tumor,IDH_WT,2619,1,0,0,
AK2,0.5013969198849958,OPC_GABA_like_tumor,IDH_Mutant,2620,0,0,1,
FMN2,0.5013950872487387,OPC_GABA_like_tumor,IDH_Mutant,2621,0,0,1,
FBXL15,0.5013566463204698,TAM1/TAM2/microglia,IDH_Mutant,2622,0,0,1,
DNAJA1,0.5013438029975672,T cell,IDH_WT,2623,0,0,1,
XRN1,0.5011877767578218,TAM1/TAM2/microglia,IDH_Mutant,2624,0,0,1,
BCAS2,0.5011799107020766,TAM1/TAM2/microglia,IDH_Mutant,2625,0,0,1,
WDR1,0.5011571000930988,OPC_GABA_like_tumor,IDH_Mutant,2626,0,0,1,
PAPOLG,0.5011299056150463,TAM1/TAM2/microglia,IDH_Mutant,2627,0,0,1,
CLN5,0.5011291887383369,TAM1/TAM2/microglia,IDH_WT,2628,0,0,1,
NHP2,0.50109165050054,TAM1/TAM2/microglia,IDH_WT,2629,0,0,1,
PSME4,0.5010452316929616,OPC_GABA_like_tumor,IDH_Mutant,2630,0,0,1,
EFTUD2,0.5010235467803346,OPC_GABA_like_tumor,IDH_WT,2631,0,0,1,
PALD1,0.5009918484253802,TAM1/TAM2/microglia,IDH_Mutant,2632,0,0,1,
ADA2,0.5009361618592374,TAM1/TAM2/microglia,IDH_WT,2633,0,0,1,
BCL2L1,0.5008473124624016,TAM1/TAM2/microglia,IDH_Mutant,2634,0,0,1,
SLC35B1,0.5008250271320591,OPC_GABA_AC_like_tumor,IDH_WT,2635,0,0,1,
MCF2L,0.500765987686342,TAM1/TAM2/microglia,IDH_Mutant,2636,0,0,1,
TNFSF13B,0.5007015498236334,OPC_GABA_like_tumor,IDH_Mutant,2637,0,0,1,
TBCB,0.5006568325821472,OPC_GABA_like_tumor,IDH_Mutant,2638,0,0,1,
AC008267.5,0.500635717296104,OPC_GABA_like_tumor,IDH_WT,2639,0,0,1,
DNPH1,0.5005565457251913,OPC_GABA_AC_like_tumor,IDH_Mutant,2640,0,0,1,
ZMPSTE24,0.5005458248855692,OPC_GABA_like_tumor,IDH_WT,2641,0,0,1,
GRASP,0.5003709817952875,TAM1/TAM2/microglia,IDH_WT,2642,0,0,1,
FAM96B,0.500332121478888,TAM1/TAM2/microglia,IDH_Mutant,2643,0,0,1,
PRPF6,0.5003202796092673,cycling_tumor,IDH_WT,2644,0,0,1,
ALDH3A2,0.500276925563753,OPC_GABA_like_tumor,IDH_Mutant,2645,0,0,1,
TMEM14B,0.5001672490456244,OPC_GABA_AC_like_tumor,IDH_WT,2646,0,0,1,
LY6E,0.5001189144495537,TAM1/TAM2/microglia,IDH_Mutant,2647,0,0,1,
ATP6V0B,0.4998315153622386,OPC_GABA_like_tumor,IDH_Mutant,2648,0,0,1,
MRPS12,0.4997538105389414,TAM1/TAM2/microglia,IDH_Mutant,2649,0,0,0,
TRGC1,0.4997124637814997,T cell,IDH_Mutant,2650,0,0,1,
IGSF11,0.4995532591456483,OPC_GABA_like_tumor,IDH_Mutant,2651,0,0,1,
EPB41L4A-AS1,0.4995353966076511,cycling_tumor,IDH_WT,2652,0,0,1,
PPP2R3C,0.4994677324515231,OPC_GABA_like_tumor,IDH_WT,2653,0,0,1,
TP53TG1,0.499453448646082,OPC_GABA_like_tumor,IDH_Mutant,2654,0,0,1,
EIF4B,0.49944406937942254,TAM1/TAM2/microglia,IDH_Mutant,2655,0,0,0,
SLU7,0.49933602272821764,OPC_GABA_like_tumor,IDH_WT,2656,0,0,1,
POLR1D,0.49916246806250186,OPC_GABA_like_tumor,IDH_Mutant,2657,0,0,1,
SSFA2,0.4991433007548901,OPC_GABA_AC_like_tumor,IDH_WT,2658,0,0,1,
CLPP,0.4990323074785736,TAM1/TAM2/microglia,IDH_Mutant,2659,0,0,1,
PHF6,0.49897379524902474,TAM1/TAM2/microglia,IDH_WT,2660,0,0,1,
AC025164.1,0.49894740141672084,TAM1/TAM2/microglia,IDH_WT,2661,0,0,1,
NAT8L,0.49889522823758253,OPC_GABA_like_tumor,IDH_Mutant,2662,0,0,1,
RPS29,0.4988887133367985,T cell,IDH_WT,2663,0,0,0,
TOMM22,0.49888444606705623,TAM1/TAM2/microglia,IDH_Mutant,2664,0,0,1,
PDGFRA,0.4988417304217501,OPC_GABA_AC_like_tumor,IDH_Mutant,2665,0,1,0,1.0
PPA2,0.49862873650548734,OPC_GABA_like_tumor,IDH_Mutant,2666,0,0,1,
TCOF1,0.4984408181874832,TAM1/TAM2/microglia,IDH_Mutant,2667,0,0,1,
TMEM267,0.49842459088338503,OPC_GABA_like_tumor,IDH_Mutant,2668,0,0,1,
KDM2A,0.498406658687201,TAM1/TAM2/microglia,IDH_Mutant,2669,0,0,1,
MAP2K6,0.4983205112255155,OPC_GABA_like_tumor,IDH_Mutant,2670,0,0,1,
MICAL1,0.4983053830321314,TAM1/TAM2/microglia,IDH_WT,2671,0,0,1,
RPE,0.49829782567449854,OPC_GABA_like_tumor,IDH_WT,2672,0,0,1,
CHL1,0.4982710661366762,OPC_GABA_like_tumor,IDH_Mutant,2673,0,0,1,
CHMP2B,0.49814268652972266,OPC_GABA_like_tumor,IDH_WT,2674,0,0,1,
CEBPA,0.49810926713071735,TAM1/TAM2/microglia,IDH_Mutant,2675,0,0,1,
RNFT1,0.49808247324486804,TAM1/TAM2/microglia,IDH_Mutant,2676,0,0,1,
GZMB,0.4979750552396592,T cell,IDH_WT,2677,1,0,0,
ATP5PO,0.4979583800645215,TAM1/TAM2/microglia,IDH_Mutant,2678,0,0,0,
UQCRB,0.49793255054144386,TAM1/TAM2/microglia,IDH_Mutant,2679,0,0,0,
SFT2D2,0.4976966020218752,OPC_GABA_like_tumor,IDH_Mutant,2680,0,0,1,
TSPAN7,0.497627356123887,cycling_tumor,IDH_WT,2681,0,0,1,
COMMD10,0.4975411565917369,OPC_GABA_like_tumor,IDH_WT,2682,0,0,1,
STX11,0.49753767120140235,TAM1/TAM2/microglia,IDH_WT,2683,1,0,0,
AP006621.3,0.4975291726246415,OPC_GABA_like_tumor,IDH_Mutant,2684,0,0,1,
AC067930.1,0.4975239201645345,TAM1/TAM2/microglia,IDH_Mutant,2685,0,0,1,
PIAS1,0.4973173251277678,TAM1/TAM2/microglia,IDH_WT,2686,0,0,1,
ITSN2,0.49724617922290043,TAM1/TAM2/microglia,IDH_Mutant,2687,0,0,1,
TMEM121,0.4970814315040317,OPC_GABA_like_tumor,IDH_Mutant,2688,0,0,1,
EBLN3P,0.49698782183076445,OPC_GABA_like_tumor,IDH_WT,2689,0,0,1,
TOR1AIP1,0.4968760118102022,TAM1/TAM2/microglia,IDH_Mutant,2690,0,0,1,
UBA1,0.49683134482438635,OPC_GABA_like_tumor,IDH_WT,2691,0,0,1,
LAMP2,0.4967557909860817,OPC_GABA_like_tumor,IDH_Mutant,2692,0,0,1,
XAF1,0.4966738633834839,TAM1/TAM2/microglia,IDH_WT,2693,0,0,1,
PLBD1,0.49663405741333155,TAM1/TAM2/microglia,IDH_Mutant,2694,0,0,1,
RABEP1,0.496625544910836,TAM1/TAM2/microglia,IDH_WT,2695,0,0,1,
NKTR,0.49658656841837673,TAM1/TAM2/microglia,IDH_WT,2696,0,0,1,
TIMM8B,0.4964772565570952,OPC_GABA_like_tumor,IDH_WT,2697,0,0,1,
HMGB2,0.4964187154027774,TAM1/TAM2/microglia,IDH_Mutant,2698,0,0,1,
ARID4A,0.4963543925637034,TAM1/TAM2/microglia,IDH_WT,2699,0,0,1,
APBB2,0.49629501969954226,OPC_GABA_like_tumor,IDH_WT,2700,0,0,1,
NACC2,0.4962733758086886,OPC_GABA_like_tumor,IDH_WT,2701,0,0,1,
LYRM9,0.496205486421078,OPC_GABA_like_tumor,IDH_Mutant,2702,0,0,1,
TFRC,0.49612663032399185,TAM1/TAM2/microglia,IDH_Mutant,2703,0,0,1,
FZD3,0.4960624373837292,OPC_GABA_like_tumor,IDH_Mutant,2704,0,0,1,
CCDC124,0.49595213669311305,TAM1/TAM2/microglia,IDH_Mutant,2705,0,0,1,
LHFPL3,0.49590765504164497,AC_like_tumor,IDH_Mutant,2706,0,0,1,
RBBP4,0.4959065671403776,OPC_GABA_like_tumor,IDH_WT,2707,0,0,1,
DDX17,0.49587446417389475,TAM1/TAM2/microglia,IDH_WT,2708,0,0,1,
SMYD3,0.49581730830409176,OPC_GABA_like_tumor,IDH_WT,2709,0,0,1,
STK17A,0.4957798280341157,OPC_GABA_like_tumor,IDH_Mutant,2710,0,0,1,
FAM111A,0.4957701747594389,TAM1/TAM2/microglia,IDH_WT,2711,0,0,1,
ANKFN1,0.49563341732636407,OPC_GABA_like_tumor,IDH_Mutant,2712,0,0,1,
MLLT6,0.495584665726667,AC_like_tumor,IDH_Mutant,2713,0,0,1,
CD320,0.4955792451077136,OPC_GABA_AC_like_tumor,IDH_WT,2714,0,0,1,
NREP,0.4955432924615442,cycling_tumor,IDH_WT,2715,0,0,1,
ADPGK,0.4955292150958213,TAM1/TAM2/microglia,IDH_Mutant,2716,0,0,1,
MRPL36,0.49551419169276373,cycling_tumor,IDH_Mutant,2717,0,0,0,
ICE1,0.4954896560415885,OPC_GABA_like_tumor,IDH_WT,2718,0,0,1,
TMOD1,0.4954243280804966,OPC_GABA_like_tumor,IDH_Mutant,2719,0,0,1,
TMC6,0.4953566950166274,TAM1/TAM2/microglia,IDH_Mutant,2720,0,0,1,
DHX9,0.49532191805723336,TAM1/TAM2/microglia,IDH_WT,2721,0,0,1,
OPTN,0.49525909908404475,OPC_GABA_like_tumor,IDH_Mutant,2722,0,0,1,
COMMD4,0.4951225470887066,TAM1/TAM2/microglia,IDH_Mutant,2723,0,0,1,
CMTM4,0.4950692810740124,OPC_GABA_like_tumor,IDH_Mutant,2724,0,0,1,
XIST,0.4950615832435982,TAM1/TAM2/microglia,IDH_WT,2725,0,0,1,
MAPKAPK5-AS1,0.4949516847018285,cycling_tumor,IDH_WT,2726,0,0,1,
FAM192A,0.4949443650939185,OPC_GABA_like_tumor,IDH_WT,2727,0,0,1,
PUS7L,0.49493798845662174,OPC_GABA_like_tumor,IDH_WT,2728,0,0,1,
ZMAT5,0.4949233461348757,OPC_GABA_like_tumor,IDH_WT,2729,0,0,1,
NDUFB9,0.4948265242849127,TAM1/TAM2/microglia,IDH_Mutant,2730,0,0,0,
CD84,0.49473729352305595,TAM1/TAM2/microglia,IDH_WT,2731,0,0,1,
C1orf21,0.49467224320155634,cycling_tumor,IDH_WT,2732,0,0,1,
PLEKHB1,0.4946395350436702,OPC_GABA_like_tumor,IDH_WT,2733,0,0,1,
WDR70,0.4946325560675147,TAM1/TAM2/microglia,IDH_Mutant,2734,0,0,1,
SF1,0.49462662939482105,TAM1/TAM2/microglia,IDH_WT,2735,0,0,1,
TNRC6C,0.4945303776191796,OPC_GABA_like_tumor,IDH_Mutant,2736,0,0,1,
SNAPIN,0.4945195409479009,OPC_GABA_like_tumor,IDH_WT,2737,0,0,1,
UTP20,0.49451777188376794,OPC_GABA_like_tumor,IDH_WT,2738,0,0,1,
ZNF43,0.49447410418531074,OPC_GABA_like_tumor,IDH_Mutant,2739,0,0,1,
GAR1,0.49438383014371745,cycling_tumor,IDH_WT,2740,0,0,1,
AKAP12,0.49420891924021965,cycling_tumor,IDH_WT,2741,0,0,1,
NDUFB6,0.494178373023659,cycling_tumor,IDH_WT,2742,0,0,0,
FGFBP2,0.4940473531637264,T cell,IDH_Mutant,2743,0,0,1,
ELOVL1,0.49403684441782464,OPC_GABA_like_tumor,IDH_WT,2744,0,0,1,
TMEM135,0.4940223344824098,OPC_GABA_like_tumor,IDH_Mutant,2745,0,0,1,
MAVS,0.4940098468395018,OPC_GABA_like_tumor,IDH_WT,2746,0,0,1,
CMC2,0.4938931240772225,OPC_GABA_like_tumor,IDH_Mutant,2747,0,0,1,
PMVK,0.493746273498654,TAM1/TAM2/microglia,IDH_Mutant,2748,0,0,1,
TNRC18,0.4937263357464661,TAM1/TAM2/microglia,IDH_Mutant,2749,0,0,1,
HIST1H1C,0.4936506278382902,OPC_GABA_AC_like_tumor,IDH_WT,2750,0,0,0,
AZIN2,0.4936209591315815,TAM1/TAM2/microglia,IDH_Mutant,2751,0,0,1,
CTTNBP2,0.4934442903467984,TAM1/TAM2/microglia,IDH_WT,2752,0,0,1,
DPM3,0.49344336189356497,TAM1/TAM2/microglia,IDH_Mutant,2753,0,0,1,
TNFRSF10B,0.49327446074949755,TAM1/TAM2/microglia,IDH_Mutant,2754,0,0,1,
TUSC1,0.49326000589187824,OPC_GABA_like_tumor,IDH_Mutant,2755,0,0,1,
VMO1,0.4932399821894336,TAM1/TAM2/microglia,IDH_Mutant,2756,0,0,1,
OLFML2B,0.4932208868677832,TAM1/TAM2/microglia,IDH_WT,2757,0,0,1,
TIPRL,0.49311254643446,OPC_GABA_like_tumor,IDH_Mutant,2758,0,0,1,
RASD1,0.4930697303472867,OPC_GABA_like_tumor,IDH_Mutant,2759,0,0,1,
EIF2S1,0.4930695963081372,OPC_GABA_AC_like_tumor,IDH_WT,2760,0,0,0,
ZFAND2A,0.49298487327066703,OPC_GABA_like_tumor,IDH_WT,2761,0,0,1,
LPAR5,0.4929829054114568,TAM1/TAM2/microglia,IDH_WT,2762,0,0,1,
RAB18,0.49281863584140295,cycling_tumor,IDH_WT,2763,0,0,1,
ATP5F1A,0.4927985735643028,TAM1/TAM2/microglia,IDH_Mutant,2764,0,0,0,
UBE2H,0.49271344644521875,cycling_tumor,IDH_Mutant,2765,0,0,1,
KDELR2,0.49267757592309946,OPC_GABA_AC_like_tumor,IDH_WT,2766,0,0,1,
RPL7,0.492565169152268,TAM1/TAM2/microglia,IDH_Mutant,2767,0,0,0,
RNF215,0.49255914140412954,OPC_GABA_like_tumor,IDH_Mutant,2768,0,0,1,
MCTS1,0.49236228827915784,TAM1/TAM2/microglia,IDH_Mutant,2769,0,0,1,
MED13,0.49233212254077036,TAM1/TAM2/microglia,IDH_Mutant,2770,0,0,1,
SPRY2,0.49226326649968816,OPC_GABA_like_tumor,IDH_Mutant,2771,0,0,1,
MTF2,0.4922534667614576,TAM1/TAM2/microglia,IDH_WT,2772,0,0,1,
STXBP3,0.49214237703783575,OPC_GABA_like_tumor,IDH_WT,2773,0,0,1,
SFXN5,0.49209835240351085,OPC_GABA_like_tumor,IDH_Mutant,2774,0,0,1,
CORO7,0.4920801505874114,TAM1/TAM2/microglia,IDH_Mutant,2775,0,0,1,
PSMD8,0.49205653716022624,TAM1/TAM2/microglia,IDH_WT,2776,0,0,1,
ZC3H12C,0.49199082723563253,OPC_GABA_like_tumor,IDH_Mutant,2777,0,0,1,
TCIM,0.491904136229277,OPC_GABA_like_tumor,IDH_Mutant,2778,0,0,1,
PDLIM2,0.49186880009275935,TAM1/TAM2/microglia,IDH_Mutant,2779,0,0,1,
SMARCC1,0.4917859376975972,TAM1/TAM2/microglia,IDH_Mutant,2780,0,0,1,
KDM4C,0.4917659877709144,TAM1/TAM2/microglia,IDH_Mutant,2781,0,0,1,
ZFX,0.4916801794629831,OPC_GABA_like_tumor,IDH_Mutant,2782,0,0,1,
SRP14,0.49162670346545967,OPC_GABA_AC_like_tumor,IDH_WT,2783,0,0,1,
SLC44A2,0.4916184726676905,OPC_GABA_like_tumor,IDH_Mutant,2784,0,0,1,
HAT1,0.49157939171864146,OPC_GABA_like_tumor,IDH_WT,2785,0,0,1,
BPGM,0.4915774016542163,OPC_GABA_like_tumor,IDH_Mutant,2786,0,0,1,
KIAA1958,0.4915645546499963,OPC_GABA_like_tumor,IDH_WT,2787,0,0,1,
KMT2E,0.49153904798253334,TAM1/TAM2/microglia,IDH_WT,2788,0,0,1,
ATXN8OS,0.49152191273338897,TAM1/TAM2/microglia,IDH_WT,2789,0,0,1,
PACS1,0.49150604913671714,TAM1/TAM2/microglia,IDH_Mutant,2790,0,0,1,
MIR29B2CHG,0.4912141678082338,TAM1/TAM2/microglia,IDH_Mutant,2791,0,0,1,
COL18A1,0.4910900422558625,OPC_GABA_like_tumor,IDH_WT,2792,0,0,1,
KCNQ1OT1,0.4910227937291598,AC_like_tumor,IDH_Mutant,2793,0,0,1,
TUBB2A,0.49100838476289776,OPC_GABA_like_tumor,IDH_WT,2794,0,0,1,
UPF1,0.490977542942127,TAM1/TAM2/microglia,IDH_Mutant,2795,0,0,1,
BTG1,0.49078391865162396,TAM1/TAM2/microglia,IDH_Mutant,2796,0,0,1,
NCOA1,0.4907520169623649,TAM1/TAM2/microglia,IDH_WT,2797,0,0,1,
PDS5A,0.4907052323439327,TAM1/TAM2/microglia,IDH_Mutant,2798,0,0,1,
ZNRF2,0.4906911103019591,TAM1/TAM2/microglia,IDH_Mutant,2799,0,0,1,
PUM1,0.4906693801598413,OPC_GABA_like_tumor,IDH_Mutant,2800,0,0,1,
NRXN3,0.4906244260720256,OPC_GABA_like_tumor,IDH_Mutant,2801,0,0,1,
CCDC91,0.49054769141754073,TAM1/TAM2/microglia,IDH_Mutant,2802,0,0,1,
ERI3,0.49052551281909185,OPC_GABA_AC_like_tumor,IDH_WT,2803,0,0,1,
SMARCA2,0.49040361622516393,TAM1/TAM2/microglia,IDH_WT,2804,0,0,1,
KLHL18,0.4903001821640913,TAM1/TAM2/microglia,IDH_Mutant,2805,0,0,1,
CALD1,0.4902479526565383,TAM1/TAM2/microglia,IDH_WT,2806,0,0,1,
PICALM,0.4902029174192982,OPC_GABA_like_tumor,IDH_WT,2807,0,0,1,
AC104986.2,0.49007063511658766,OPC_GABA_like_tumor,IDH_Mutant,2808,0,0,1,
CRLF3,0.4900071114423751,TAM1/TAM2/microglia,IDH_Mutant,2809,0,0,1,
TSC22D3,0.4899952661228465,TAM1/TAM2/microglia,IDH_WT,2810,0,0,1,
MTUS1,0.4899265979689725,OPC_GABA_like_tumor,IDH_Mutant,2811,0,0,1,
OGT,0.48987503153767153,TAM1/TAM2/microglia,IDH_Mutant,2812,0,0,1,
FAM171A1,0.4898721479836249,OPC_GABA_like_tumor,IDH_Mutant,2813,0,0,1,
PHACTR1,0.48953745215915756,TAM1/TAM2/microglia,IDH_WT,2814,0,0,1,
NUMA1,0.4895000007984242,TAM1/TAM2/microglia,IDH_WT,2815,0,0,1,
TCTN1,0.489474583513291,OPC_GABA_like_tumor,IDH_Mutant,2816,0,0,1,
CDK19,0.48944909884210885,TAM1/TAM2/microglia,IDH_Mutant,2817,0,0,1,
MRPS35,0.4894408067439472,OPC_GABA_like_tumor,IDH_Mutant,2818,0,0,0,
FLOT1,0.4893862414742866,OPC_GABA_like_tumor,IDH_Mutant,2819,0,0,1,
SKIL,0.48927358337053395,OPC_GABA_like_tumor,IDH_Mutant,2820,0,0,1,
DUSP14,0.4890447723482342,OPC_GABA_like_tumor,IDH_Mutant,2821,0,0,1,
CACNG4,0.488846743669298,AC_like_tumor,IDH_Mutant,2822,0,0,1,
MOK,0.48883492031806713,OPC_GABA_like_tumor,IDH_WT,2823,0,0,1,
NEU4,0.48875913953985356,OPC_GABA_AC_like_tumor,IDH_Mutant,2824,0,0,1,
ITGB8,0.48867833833803215,OPC_GABA_like_tumor,IDH_Mutant,2825,0,0,1,
TMEM154,0.48859555875490024,OPC_GABA_like_tumor,IDH_WT,2826,0,0,1,
CDIP1,0.4883357617048286,OPC_GABA_like_tumor,IDH_Mutant,2827,0,0,1,
ASIC1,0.4883131296636088,AC_like_tumor,IDH_Mutant,2828,0,0,1,
CAB39,0.488201470649852,TAM1/TAM2/microglia,IDH_Mutant,2829,0,0,1,
DDX39B,0.48807909583438747,TAM1/TAM2/microglia,IDH_Mutant,2830,0,0,1,
LSM6,0.48805164853537236,cycling_tumor,IDH_WT,2831,0,0,1,
ADCK2,0.4879101925181665,TAM1/TAM2/microglia,IDH_WT,2832,0,0,1,
RASL10A,0.4878809378123831,OPC_GABA_like_tumor,IDH_Mutant,2833,0,0,1,
DCTN3,0.4878460461231621,TAM1/TAM2/microglia,IDH_WT,2834,0,0,1,
NUTM2B-AS1,0.48769261608283393,TAM1/TAM2/microglia,IDH_Mutant,2835,0,0,1,
PSMA7,0.4876338160842334,TAM1/TAM2/microglia,IDH_Mutant,2836,0,0,1,
ACTN4,0.4876306531133854,cycling_tumor,IDH_WT,2837,0,0,1,
PDE4B,0.4875956755290753,AC_like_tumor,IDH_Mutant,2838,0,0,1,
GPBP1,0.4875083156803523,TAM1/TAM2/microglia,IDH_WT,2839,0,0,1,
ARF5,0.48738889288483894,TAM1/TAM2/microglia,IDH_Mutant,2840,0,0,1,
ARPC3,0.4873706871411265,cycling_tumor,IDH_Mutant,2841,0,0,1,
CHST15,0.48731439921673303,TAM1/TAM2/microglia,IDH_Mutant,2842,0,0,1,
PLGRKT,0.48725460138113463,cycling_tumor,IDH_WT,2843,0,0,1,
GSS,0.48699716616247873,OPC_GABA_like_tumor,IDH_WT,2844,0,0,1,
SGSM2,0.486887048500111,OPC_GABA_like_tumor,IDH_Mutant,2845,0,0,1,
RPN2,0.4868369261371899,OPC_GABA_like_tumor,IDH_Mutant,2846,0,0,1,
GFOD1,0.4867824902262027,T cell,IDH_Mutant,2847,0,0,1,
USP33,0.486732978730893,TAM1/TAM2/microglia,IDH_Mutant,2848,0,0,1,
IDH3B,0.4866708210353189,cycling_tumor,IDH_Mutant,2849,0,0,1,
SON,0.4866670719599725,TAM1/TAM2/microglia,IDH_WT,2850,0,0,1,
FJX1,0.48660748791085584,OPC_GABA_like_tumor,IDH_Mutant,2851,0,0,1,
DAG1,0.48636626663887766,OPC_GABA_like_tumor,IDH_Mutant,2852,0,0,1,
BBS9,0.4863485233471903,OPC_GABA_like_tumor,IDH_Mutant,2853,0,0,1,
PARVB,0.4863182502235234,TAM1/TAM2/microglia,IDH_WT,2854,0,0,1,
RWDD1,0.48629047258775326,TAM1/TAM2/microglia,IDH_Mutant,2855,0,0,1,
PHYH,0.48624464793018857,OPC_GABA_like_tumor,IDH_WT,2856,0,0,1,
C5orf24,0.4861640764130611,OPC_GABA_like_tumor,IDH_Mutant,2857,0,0,1,
SLF1,0.48604116633902994,OPC_GABA_like_tumor,IDH_WT,2858,0,0,1,
GOSR1,0.4860085231819916,cycling_tumor,IDH_WT,2859,0,0,1,
INTS6,0.4859462901335904,OPC_GABA_like_tumor,IDH_WT,2860,0,0,1,
C5AR1,0.4859415067315619,TAM1/TAM2/microglia,IDH_Mutant,2861,0,0,1,
GID8,0.48569055703978375,OPC_GABA_like_tumor,IDH_WT,2862,0,0,1,
CUL1,0.48564839908010893,OPC_GABA_like_tumor,IDH_WT,2863,0,0,1,
MTMR6,0.4856311159963417,TAM1/TAM2/microglia,IDH_Mutant,2864,0,0,1,
LRRC23,0.4855739346497523,OPC_GABA_like_tumor,IDH_Mutant,2865,0,0,1,
AQP4-AS1,0.48550901507579436,OPC_GABA_like_tumor,IDH_Mutant,2866,0,0,1,
ECI2,0.4854351219965444,OPC_GABA_like_tumor,IDH_WT,2867,0,0,1,
EMC3,0.4853570974141242,OPC_GABA_like_tumor,IDH_WT,2868,0,0,1,
BMP7,0.48534033077269856,OPC_GABA_like_tumor,IDH_WT,2869,0,0,1,
ABI1,0.48530495750464747,TAM1/TAM2/microglia,IDH_WT,2870,0,0,1,
URI1,0.4851982979816,OPC_GABA_AC_like_tumor,IDH_WT,2871,0,0,1,
LINC00667,0.48519328358918046,OPC_GABA_like_tumor,IDH_WT,2872,0,0,1,
HOXA7,0.48518034401365717,OPC_GABA_like_tumor,IDH_WT,2873,0,0,1,
WNK1,0.4851249537604276,OPC_GABA_like_tumor,IDH_Mutant,2874,0,0,1,
LSAMP,0.48510285057526453,cycling_tumor,IDH_WT,2875,0,0,1,
NDUFV2,0.48496306767502934,OPC_GABA_AC_like_tumor,IDH_WT,2876,0,0,0,
RNPC3,0.4849138879120966,OPC_GABA_like_tumor,IDH_WT,2877,0,0,1,
ADGRG1,0.48482561758172055,TAM1/TAM2/microglia,IDH_WT,2878,0,0,1,
ZSCAN16-AS1,0.4848181191360366,OPC_GABA_like_tumor,IDH_Mutant,2879,0,0,1,
RAD21,0.4846772924843689,OPC_GABA_AC_like_tumor,IDH_WT,2880,0,0,1,
NALCN,0.4845992615668481,OPC_GABA_like_tumor,IDH_Mutant,2881,0,0,1,
TRIM44,0.4845920059102961,TAM1/TAM2/microglia,IDH_Mutant,2882,0,0,1,
COL6A1,0.48459108036260706,OPC_GABA_like_tumor,IDH_WT,2883,0,0,1,
C5orf15,0.4845290965153488,OPC_GABA_like_tumor,IDH_WT,2884,0,0,1,
FAM172A,0.4844974497210264,cycling_tumor,IDH_Mutant,2885,0,0,1,
ZNF146,0.4842162814441238,OPC_GABA_like_tumor,IDH_WT,2886,0,0,1,
USP1,0.48406605354243315,OPC_GABA_like_tumor,IDH_WT,2887,0,0,1,
TMEM158,0.48400925731817246,OPC_GABA_like_tumor,IDH_WT,2888,0,0,1,
IRAK1,0.4839890848606041,OPC_GABA_like_tumor,IDH_Mutant,2889,0,0,1,
SFXN1,0.48398521378117215,OPC_GABA_like_tumor,IDH_WT,2890,0,0,1,
ISCA1,0.4838353484094802,OPC_GABA_like_tumor,IDH_WT,2891,0,0,1,
AHSA1,0.48383033756080673,TAM1/TAM2/microglia,IDH_WT,2892,0,0,1,
EXT1,0.4837950002231482,OPC_GABA_like_tumor,IDH_Mutant,2893,0,0,1,
TRIM69,0.4837625447855947,cycling_tumor,IDH_WT,2894,0,0,1,
MEA1,0.48348182919243365,TAM1/TAM2/microglia,IDH_Mutant,2895,0,0,1,
MARCH6,0.48339978311492915,TAM1/TAM2/microglia,IDH_Mutant,2896,0,0,1,
ASNA1,0.48331587267305726,OPC_GABA_AC_like_tumor,IDH_WT,2897,0,0,1,
CKAP5,0.48330862738630403,TAM1/TAM2/microglia,IDH_WT,2898,0,0,1,
SCAMP4,0.4832581853907115,OPC_GABA_like_tumor,IDH_WT,2899,0,0,1,
KRT10,0.4831822701778038,TAM1/TAM2/microglia,IDH_WT,2900,0,0,1,
TPM2,0.4830618265226244,OPC_GABA_like_tumor,IDH_WT,2901,0,0,1,
RSL1D1,0.48302643163280107,TAM1/TAM2/microglia,IDH_Mutant,2902,0,0,1,
MYL6,0.4830088413715011,TAM1/TAM2/microglia,IDH_Mutant,2903,0,0,1,
MRPS9,0.4829764898368681,OPC_GABA_like_tumor,IDH_WT,2904,0,0,0,
GSTO1,0.48293368784072294,TAM1/TAM2/microglia,IDH_Mutant,2905,0,0,1,
DEK,0.4828157791987485,OPC_GABA_AC_like_tumor,IDH_WT,2906,0,0,1,
UQCR11,0.48277488237691857,TAM1/TAM2/microglia,IDH_Mutant,2907,0,0,0,
MFSD1,0.4827386508490704,TAM1/TAM2/microglia,IDH_WT,2908,0,0,1,
PSD2,0.4827098698273177,OPC_GABA_like_tumor,IDH_Mutant,2909,0,0,1,
PPP3CA,0.4826572820611747,cycling_tumor,IDH_Mutant,2910,0,0,1,
MSI2,0.48262912817284975,OPC_GABA_like_tumor,IDH_Mutant,2911,0,0,1,
SNRPD2,0.4826180399303702,TAM1/TAM2/microglia,IDH_WT,2912,0,0,1,
DCPS,0.4825666151553708,cycling_tumor,IDH_WT,2913,0,0,1,
COQ9,0.48246063567084674,OPC_GABA_like_tumor,IDH_WT,2914,0,0,1,
ARAP1,0.4824158531642221,TAM1/TAM2/microglia,IDH_WT,2915,0,0,1,
ZMYM2,0.48226396787330456,TAM1/TAM2/microglia,IDH_WT,2916,0,0,1,
RETREG1,0.48223229436443765,OPC_GABA_like_tumor,IDH_Mutant,2917,0,0,1,
LYST,0.48214083225026166,OPC_GABA_like_tumor,IDH_Mutant,2918,0,0,1,
USP10,0.48210292219027256,OPC_GABA_like_tumor,IDH_Mutant,2919,0,0,1,
NDUFAF3,0.4820409858153301,OPC_GABA_like_tumor,IDH_WT,2920,0,0,0,
PSMC2,0.482021170414622,OPC_GABA_AC_like_tumor,IDH_WT,2921,0,0,1,
CYR61,0.48199167309678537,OPC_GABA_like_tumor,IDH_WT,2922,0,0,1,
SEC61B,0.4819867721026011,TAM1/TAM2/microglia,IDH_WT,2923,0,0,1,
MIIP,0.481902310818685,OPC_GABA_like_tumor,IDH_WT,2924,0,0,1,
HAVCR2,0.48186794082667833,cycling_tumor,IDH_Mutant,2925,1,1,0,1.0
SNX18,0.4818374593802838,OPC_GABA_like_tumor,IDH_Mutant,2926,0,0,1,
SGCZ,0.4817642428848898,OPC_GABA_like_tumor,IDH_Mutant,2927,0,0,1,
MRFAP1,0.48171871053611826,TAM1/TAM2/microglia,IDH_Mutant,2928,0,0,1,
SUCLG2,0.4816279768222372,OPC_GABA_like_tumor,IDH_Mutant,2929,0,0,1,
MRPL40,0.4815406816931386,TAM1/TAM2/microglia,IDH_WT,2930,0,0,0,
LTBP4,0.481463474417807,OPC_GABA_like_tumor,IDH_Mutant,2931,0,0,1,
SNU13,0.48138976606381556,TAM1/TAM2/microglia,IDH_Mutant,2932,0,0,1,
ARHGEF26,0.4813837847537842,OPC_GABA_like_tumor,IDH_Mutant,2933,0,0,1,
RNF13,0.48136840054688823,OPC_GABA_like_tumor,IDH_Mutant,2934,0,0,1,
MRPS15,0.48125679486395717,OPC_GABA_like_tumor,IDH_WT,2935,0,0,0,
INO80D,0.4812288058672662,OPC_GABA_like_tumor,IDH_Mutant,2936,0,0,1,
TAOK3,0.48107858282267274,TAM1/TAM2/microglia,IDH_WT,2937,0,0,1,
CYREN,0.4810280369245473,cycling_tumor,IDH_WT,2938,0,0,1,
SPIRE1,0.4810036381040822,OPC_GABA_like_tumor,IDH_Mutant,2939,0,0,1,
LRRTM4,0.48099012834411115,OPC_GABA_like_tumor,IDH_Mutant,2940,0,0,1,
TRA2A,0.48080707520756427,TAM1/TAM2/microglia,IDH_WT,2941,0,0,1,
ICMT,0.4807631629765239,cycling_tumor,IDH_WT,2942,0,0,1,
FIBIN,0.4807506250948602,OPC_GABA_like_tumor,IDH_Mutant,2943,0,0,1,
POLR2F,0.4806149389335119,TAM1/TAM2/microglia,IDH_Mutant,2944,0,0,1,
SPAG7,0.4805779516516731,OPC_GABA_like_tumor,IDH_WT,2945,0,0,1,
SNRPB,0.4804972409688504,TAM1/TAM2/microglia,IDH_Mutant,2946,0,0,1,
DDX52,0.48045828300578536,OPC_GABA_like_tumor,IDH_WT,2947,0,0,1,
ILF3,0.48043907883117337,TAM1/TAM2/microglia,IDH_Mutant,2948,0,0,1,
TWF1,0.4804117539019301,OPC_GABA_like_tumor,IDH_WT,2949,0,0,1,
YWHAG,0.4802126514346174,TAM1/TAM2/microglia,IDH_Mutant,2950,0,0,1,
IAH1,0.48010660719277043,cycling_tumor,IDH_WT,2951,0,0,1,
HCFC1R1,0.48004797446584907,OPC_GABA_like_tumor,IDH_WT,2952,0,0,1,
ELF2,0.47998972981801497,TAM1/TAM2/microglia,IDH_Mutant,2953,0,0,1,
WIPF2,0.4799796323170379,TAM1/TAM2/microglia,IDH_Mutant,2954,0,0,1,
CYB5B,0.4799520920517907,OPC_GABA_like_tumor,IDH_WT,2955,0,0,1,
AP002884.1,0.4799320794814137,OPC_GABA_like_tumor,IDH_Mutant,2956,0,0,1,
TMEM161B-AS1,0.47991436122900755,cycling_tumor,IDH_WT,2957,0,0,1,
ADD3,0.4798613671212788,OPC_GABA_like_tumor,IDH_Mutant,2958,0,0,1,
CYC1,0.47978625112543066,TAM1/TAM2/microglia,IDH_Mutant,2959,0,0,1,
GLIPR2,0.4796093269119166,OPC_GABA_like_tumor,IDH_WT,2960,0,0,1,
EP300,0.47954595691220625,TAM1/TAM2/microglia,IDH_Mutant,2961,0,0,1,
HIPK3,0.4795426782404997,TAM1/TAM2/microglia,IDH_WT,2962,0,0,1,
LRRC8A,0.47944510356754044,OPC_GABA_like_tumor,IDH_Mutant,2963,0,0,1,
DNAJC15,0.47939493764905555,OPC_GABA_AC_like_tumor,IDH_WT,2964,0,0,1,
SECISBP2,0.4793889408558621,OPC_GABA_like_tumor,IDH_Mutant,2965,0,0,1,
MLF1,0.47936633073825174,OPC_GABA_like_tumor,IDH_WT,2966,0,0,1,
PSMB6,0.47934854841689367,TAM1/TAM2/microglia,IDH_Mutant,2967,0,0,1,
SLIT1,0.47930240672540697,OPC_GABA_like_tumor,IDH_Mutant,2968,0,0,1,
IMPDH2,0.4792887611922584,cycling_tumor,IDH_WT,2969,0,0,1,
CENPB,0.47925534381251056,cycling_tumor,IDH_Mutant,2970,0,0,1,
BEST1,0.47923318182231156,TAM1/TAM2/microglia,IDH_WT,2971,0,0,1,
WDR6,0.47922718294808064,cycling_tumor,IDH_WT,2972,0,0,1,
HDGF,0.4792030832020953,OPC_GABA_like_tumor,IDH_WT,2973,0,0,1,
ING2,0.4791849335093487,OPC_GABA_like_tumor,IDH_Mutant,2974,0,0,1,
SLCO1A2,0.47910122066498734,OPC_GABA_like_tumor,IDH_Mutant,2975,0,0,1,
LIMA1,0.47909929259352113,cycling_tumor,IDH_Mutant,2976,0,0,1,
OSGIN2,0.4790739904112943,OPC_GABA_like_tumor,IDH_Mutant,2977,0,0,1,
CTNND2,0.479053333503942,OPC_GABA_like_tumor,IDH_Mutant,2978,0,0,1,
BEND6,0.47901984372582007,OPC_GABA_like_tumor,IDH_WT,2979,0,0,1,
PCDHGC3,0.47900830665541694,OPC_GABA_like_tumor,IDH_Mutant,2980,0,0,1,
CCDC50,0.47889935280363816,TAM1/TAM2/microglia,IDH_WT,2981,0,0,1,
VARS,0.4787735862884134,OPC_GABA_like_tumor,IDH_Mutant,2982,0,0,1,
RABL6,0.47867875507748464,OPC_GABA_like_tumor,IDH_Mutant,2983,0,0,1,
SEPT9,0.47861671475390527,OPC_GABA_like_tumor,IDH_Mutant,2984,0,0,1,
SLC29A1,0.47860979159521466,TAM1/TAM2/microglia,IDH_WT,2985,0,0,1,
RTRAF,0.478565520468318,OPC_GABA_AC_like_tumor,IDH_WT,2986,0,0,1,
CPNE5,0.47837447368468045,OPC_GABA_like_tumor,IDH_Mutant,2987,0,0,1,
PFN1,0.4783590428697992,TAM1/TAM2/microglia,IDH_Mutant,2988,0,0,1,
TANC2,0.4783347321304812,cycling_tumor,IDH_WT,2989,0,0,1,
MCM3,0.4781753193693974,OPC_GABA_like_tumor,IDH_WT,2990,0,0,1,
CEP97,0.47809160135945383,AC_like_tumor,IDH_Mutant,2991,0,0,1,
BMPR1A,0.4778438275594329,OPC_GABA_like_tumor,IDH_Mutant,2992,0,0,1,
DUSP2,0.4777982391477885,TAM1/TAM2/microglia,IDH_WT,2993,0,0,1,
SERPINB6,0.47774337620704055,OPC_GABA_like_tumor,IDH_Mutant,2994,0,0,1,
ZNF330,0.47773423530739284,cycling_tumor,IDH_WT,2995,0,0,1,
ARHGAP5,0.4776742032058041,OPC_GABA_like_tumor,IDH_WT,2996,0,0,1,
ATP2B1-AS1,0.47760786483369244,OPC_GABA_like_tumor,IDH_Mutant,2997,0,0,1,
ERG28,0.4775055997357486,OPC_GABA_like_tumor,IDH_WT,2998,0,0,1,
DAAM1,0.47742525215638487,TAM1/TAM2/microglia,IDH_Mutant,2999,0,0,1,
CAT,0.47738268639579184,OPC_GABA_like_tumor,IDH_Mutant,3000,0,0,1,
GRIA2,0.47737316207665337,OPC_GABA_AC_like_tumor,IDH_Mutant,3001,0,1,0,1.0
MPEG1,0.4773580192285308,TAM1/TAM2/microglia,IDH_Mutant,3002,0,0,1,
RAB33A,0.4773540607632829,OPC_GABA_like_tumor,IDH_Mutant,3003,0,0,1,
ST8SIA4,0.47734768166477065,TAM1/TAM2/microglia,IDH_WT,3004,0,0,1,
HDAC8,0.4772741281748867,OPC_GABA_like_tumor,IDH_WT,3005,0,0,1,
SNX3,0.47717449700633124,TAM1/TAM2/microglia,IDH_Mutant,3006,0,0,1,
HEBP1,0.4771187015068377,OPC_GABA_like_tumor,IDH_Mutant,3007,0,0,1,
POGLUT1,0.47708125425368947,OPC_GABA_like_tumor,IDH_WT,3008,0,0,1,
GK,0.4770426386782372,TAM1/TAM2/microglia,IDH_Mutant,3009,0,0,1,
EFR3A,0.47701793439921597,cycling_tumor,IDH_WT,3010,0,0,1,
PTPN13,0.47694037825113966,OPC_GABA_like_tumor,IDH_Mutant,3011,0,0,1,
PIK3AP1,0.4768044583760525,TAM1/TAM2/microglia,IDH_Mutant,3012,0,0,1,
DDRGK1,0.476715584042356,cycling_tumor,IDH_Mutant,3013,0,0,1,
ACER3,0.4766609559565881,TAM1/TAM2/microglia,IDH_Mutant,3014,0,0,1,
HCCS,0.4764727069183027,cycling_tumor,IDH_WT,3015,0,0,1,
CCNB1IP1,0.4764689224299987,cycling_tumor,IDH_Mutant,3016,0,0,1,
ALDH7A1,0.47633158970858647,OPC_GABA_like_tumor,IDH_Mutant,3017,0,0,1,
C20orf194,0.4763200525910893,TAM1/TAM2/microglia,IDH_Mutant,3018,0,0,1,
USP24,0.4763142275819988,TAM1/TAM2/microglia,IDH_Mutant,3019,0,0,1,
ECHS1,0.47629801590819226,TAM1/TAM2/microglia,IDH_Mutant,3020,0,0,1,
EMC2,0.47628595614448493,OPC_GABA_like_tumor,IDH_Mutant,3021,0,0,1,
RPL37A,0.47620623570837095,TAM1/TAM2/microglia,IDH_WT,3022,0,0,0,
PCDH17,0.476180365666079,OPC_GABA_AC_like_tumor,IDH_Mutant,3023,0,0,1,
SELENOK,0.47613055831256307,TAM1/TAM2/microglia,IDH_Mutant,3024,0,0,1,
LSM7,0.47604879387442417,TAM1/TAM2/microglia,IDH_Mutant,3025,0,0,1,
RBX1,0.47591460982206274,TAM1/TAM2/microglia,IDH_Mutant,3026,0,0,1,
CARD8,0.4758339848393499,TAM1/TAM2/microglia,IDH_WT,3027,0,0,1,
PMF1,0.4758263268739535,TAM1/TAM2/microglia,IDH_Mutant,3028,0,0,1,
EXOSC6,0.47571988169269996,OPC_GABA_like_tumor,IDH_Mutant,3029,0,0,1,
MLLT11,0.4756874575727735,AC_like_tumor,IDH_Mutant,3030,0,0,1,
TMEM156,0.47568611412855943,TAM1/TAM2/microglia,IDH_WT,3031,0,0,1,
ARHGEF1,0.47558614231537444,TAM1/TAM2/microglia,IDH_Mutant,3032,0,0,1,
OXSR1,0.475572894160236,TAM1/TAM2/microglia,IDH_Mutant,3033,0,0,1,
GYG1,0.47549584678412965,OPC_GABA_like_tumor,IDH_Mutant,3034,0,0,1,
PNRC2,0.47549030589647645,OPC_GABA_like_tumor,IDH_WT,3035,0,0,1,
NDUFB3,0.47538739140950115,TAM1/TAM2/microglia,IDH_WT,3036,0,0,0,
SEMA6A,0.47531027321602376,OPC_GABA_like_tumor,IDH_Mutant,3037,0,0,1,
MUM1,0.47529578238618875,TAM1/TAM2/microglia,IDH_Mutant,3038,0,0,1,
AFF4,0.47522548970145645,TAM1/TAM2/microglia,IDH_Mutant,3039,0,0,1,
STX8,0.4752128309722476,TAM1/TAM2/microglia,IDH_Mutant,3040,0,0,1,
NBEAL1,0.47518517930308485,TAM1/TAM2/microglia,IDH_Mutant,3041,0,0,1,
CTGF,0.47503047414824595,OPC_GABA_like_tumor,IDH_Mutant,3042,0,0,1,
NSA2,0.4749884330713222,TAM1/TAM2/microglia,IDH_WT,3043,0,0,1,
BIRC2,0.4749428880401846,TAM1/TAM2/microglia,IDH_WT,3044,0,0,1,
LIAS,0.4749418664358934,OPC_GABA_like_tumor,IDH_WT,3045,0,0,1,
SYS1,0.4748325092204032,OPC_GABA_like_tumor,IDH_Mutant,3046,0,0,1,
POU3F3,0.4747799823250364,OPC_GABA_like_tumor,IDH_WT,3047,0,0,1,
EIF4EBP2,0.4747349720756454,cycling_tumor,IDH_WT,3048,0,0,0,
RNF11,0.4746668954399301,TAM1/TAM2/microglia,IDH_Mutant,3049,0,0,1,
PSTPIP1,0.4746596140916702,OPC_GABA_like_tumor,IDH_Mutant,3050,0,0,1,
UBALD2,0.47465822671332003,OPC_GABA_like_tumor,IDH_WT,3051,0,0,1,
AVL9,0.47460764151796714,OPC_GABA_like_tumor,IDH_WT,3052,0,0,1,
PPP5C,0.4745903811673767,OPC_GABA_like_tumor,IDH_WT,3053,0,0,1,
BOC,0.47451184644991856,OPC_GABA_like_tumor,IDH_Mutant,3054,0,0,1,
DMXL1,0.4744869087393816,TAM1/TAM2/microglia,IDH_Mutant,3055,0,0,1,
PABPN1,0.4743855441014132,TAM1/TAM2/microglia,IDH_WT,3056,0,0,1,
KLHL25,0.47437996939944727,OPC_GABA_like_tumor,IDH_Mutant,3057,0,0,1,
TACC1,0.47434666103105505,TAM1/TAM2/microglia,IDH_Mutant,3058,0,0,1,
DTNB,0.47433983113803196,TAM1/TAM2/microglia,IDH_Mutant,3059,0,0,1,
SCCPDH,0.4742834952006416,OPC_GABA_like_tumor,IDH_WT,3060,0,0,1,
GLRX,0.47422889602289775,OPC_GABA_like_tumor,IDH_WT,3061,0,0,1,
PIGC,0.4741775695085358,OPC_GABA_like_tumor,IDH_Mutant,3062,0,0,1,
METTL5,0.47414706080428354,TAM1/TAM2/microglia,IDH_Mutant,3063,0,0,1,
TMEM109,0.474117305751225,TAM1/TAM2/microglia,IDH_WT,3064,0,0,1,
PPP6R2,0.47408149875577327,TAM1/TAM2/microglia,IDH_Mutant,3065,0,0,1,
GAB1,0.4739278964038971,OPC_GABA_like_tumor,IDH_Mutant,3066,0,0,1,
IRF2BP2,0.4739134448746721,OPC_GABA_like_tumor,IDH_WT,3067,0,0,1,
AC120042.3,0.4739042288839766,OPC_GABA_like_tumor,IDH_Mutant,3068,0,0,1,
ZIC1,0.47386187521390155,OPC_GABA_like_tumor,IDH_Mutant,3069,0,0,1,
POLR3GL,0.4738486847628919,TAM1/TAM2/microglia,IDH_Mutant,3070,0,0,1,
HIST2H2AC,0.4738228455899282,TAM1/TAM2/microglia,IDH_WT,3071,0,0,0,
MRPS18C,0.4738205997820087,TAM1/TAM2/microglia,IDH_Mutant,3072,0,0,0,
TCEAL2,0.4738166899989915,OPC_GABA_like_tumor,IDH_WT,3073,0,0,1,
WDFY3,0.47380412775356484,OPC_GABA_like_tumor,IDH_WT,3074,0,0,1,
THOC7,0.47377137367488065,OPC_GABA_like_tumor,IDH_WT,3075,0,0,1,
SIRT2,0.4736800315091082,cycling_tumor,IDH_WT,3076,0,0,1,
MARK1,0.47366321938482675,OPC_GABA_like_tumor,IDH_WT,3077,0,0,1,
ADGRL3,0.47338461801648635,AC_like_tumor,IDH_Mutant,3078,0,0,1,
SEPT11,0.4733759084029354,OPC_GABA_like_tumor,IDH_Mutant,3079,0,0,1,
PLEKHA5,0.4733289532321227,OPC_GABA_like_tumor,IDH_Mutant,3080,0,0,1,
PIMREG,0.47318995200503416,cycling_tumor,IDH_Mutant,3081,0,0,1,
SND1,0.47316043702712385,OPC_GABA_like_tumor,IDH_WT,3082,0,0,1,
NDUFA11,0.47315952029621117,TAM1/TAM2/microglia,IDH_Mutant,3083,0,0,0,
SGTA,0.47313380329476107,OPC_GABA_like_tumor,IDH_Mutant,3084,0,0,1,
VBP1,0.47313318801567733,TAM1/TAM2/microglia,IDH_Mutant,3085,0,0,1,
ASTN1,0.4731208326478383,OPC_GABA_like_tumor,IDH_WT,3086,0,0,1,
ATP5MG,0.4730223156947484,TAM1/TAM2/microglia,IDH_Mutant,3087,0,0,0,
TSEN15,0.4729469740057618,OPC_GABA_like_tumor,IDH_Mutant,3088,0,0,1,
PDPN,0.47294125937900117,TAM1/TAM2/microglia,IDH_WT,3089,0,0,1,
RAPGEF2,0.4728317090551942,TAM1/TAM2/microglia,IDH_Mutant,3090,0,0,1,
SNX14,0.47282077893031194,TAM1/TAM2/microglia,IDH_Mutant,3091,0,0,1,
JAK1,0.4727204281731499,OPC_GABA_like_tumor,IDH_Mutant,3092,0,0,1,
TMEM263,0.47269104602984535,cycling_tumor,IDH_WT,3093,0,0,1,
CDYL,0.4726332458575436,TAM1/TAM2/microglia,IDH_Mutant,3094,0,0,1,
ABCG1,0.4726076581775436,TAM1/TAM2/microglia,IDH_Mutant,3095,0,0,1,
AP2M1,0.4725093907465731,TAM1/TAM2/microglia,IDH_Mutant,3096,0,0,1,
AC100810.1,0.4724928286817466,OPC_GABA_like_tumor,IDH_WT,3097,0,0,1,
FKBP2,0.4724428160774653,OPC_GABA_like_tumor,IDH_WT,3098,0,0,1,
LAP3,0.4723964946515274,TAM1/TAM2/microglia,IDH_WT,3099,0,0,1,
NFYC,0.4721529198565606,TAM1/TAM2/microglia,IDH_Mutant,3100,0,0,1,
UBE2E3,0.47215120956307766,TAM1/TAM2/microglia,IDH_Mutant,3101,0,0,1,
RPF2,0.4720833778530447,OPC_GABA_like_tumor,IDH_WT,3102,0,0,1,
UBE2D1,0.47192731455042913,cycling_tumor,IDH_WT,3103,0,0,1,
SIN3B,0.47181486049432797,OPC_GABA_like_tumor,IDH_WT,3104,0,0,1,
NCBP2-AS2,0.4717375824658722,OPC_GABA_AC_like_tumor,IDH_WT,3105,0,0,1,
SESN1,0.4716479484906446,OPC_GABA_like_tumor,IDH_Mutant,3106,0,0,1,
KRIT1,0.4716087366587344,TAM1/TAM2/microglia,IDH_WT,3107,0,0,1,
FIGN,0.47159088693666906,OPC_GABA_like_tumor,IDH_WT,3108,0,0,1,
WTAP,0.4714296590904362,OPC_GABA_like_tumor,IDH_WT,3109,0,0,1,
ANP32B,0.47136936604521446,TAM1/TAM2/microglia,IDH_Mutant,3110,0,0,1,
IFT27,0.471340894314668,OPC_GABA_like_tumor,IDH_WT,3111,0,0,1,
SRGAP3,0.4713076623718021,OPC_GABA_like_tumor,IDH_WT,3112,0,0,1,
ZFP36L1,0.47128612833385886,OPC_GABA_like_tumor,IDH_Mutant,3113,0,0,1,
PSMC5,0.4712219190870357,TAM1/TAM2/microglia,IDH_Mutant,3114,0,0,1,
TNIK,0.4712070847349928,OPC_GABA_like_tumor,IDH_WT,3115,0,0,1,
HPS3,0.4711631597984199,TAM1/TAM2/microglia,IDH_WT,3116,0,0,1,
USP14,0.4710457835798804,OPC_GABA_like_tumor,IDH_WT,3117,0,0,1,
DENND3,0.4710351715565541,TAM1/TAM2/microglia,IDH_Mutant,3118,0,0,1,
DDA1,0.47102845733743404,OPC_GABA_like_tumor,IDH_WT,3119,0,0,1,
RAB4A,0.4710141582843771,OPC_GABA_like_tumor,IDH_WT,3120,0,0,1,
SPIN1,0.4710087913051078,TAM1/TAM2/microglia,IDH_Mutant,3121,0,0,1,
PWP1,0.47099044397061346,OPC_GABA_like_tumor,IDH_Mutant,3122,0,0,1,
TMEM132A,0.47091254641277924,OPC_GABA_like_tumor,IDH_Mutant,3123,0,0,1,
TNFSF12,0.4709070157124395,OPC_GABA_like_tumor,IDH_Mutant,3124,0,0,1,
RBM17,0.4708819583821331,OPC_GABA_like_tumor,IDH_WT,3125,0,0,1,
WDR35,0.47083917359927874,OPC_GABA_like_tumor,IDH_Mutant,3126,0,0,1,
KCNMB4,0.4707556386646938,OPC_GABA_like_tumor,IDH_WT,3127,0,0,1,
PPID,0.4707452939960515,OPC_GABA_like_tumor,IDH_WT,3128,0,0,1,
CAPN12,0.4707162295329942,T cell,IDH_Mutant,3129,0,0,1,
PRR7,0.47066514537141363,OPC_GABA_like_tumor,IDH_WT,3130,0,0,1,
NUDT16L1,0.47066322970159097,OPC_GABA_like_tumor,IDH_WT,3131,0,0,1,
TAB2,0.4706079979010874,cycling_tumor,IDH_WT,3132,0,0,1,
NUDT22,0.4705855136385818,TAM1/TAM2/microglia,IDH_Mutant,3133,0,0,1,
GUCY1A2,0.47057442433965485,AC_like_tumor,IDH_Mutant,3134,0,0,1,
PPIF,0.4705472876457396,OPC_GABA_like_tumor,IDH_Mutant,3135,0,0,1,
LIPA,0.47053745618347886,OPC_GABA_like_tumor,IDH_Mutant,3136,0,0,1,
YAF2,0.4704933565873882,TAM1/TAM2/microglia,IDH_Mutant,3137,0,0,1,
DALRD3,0.4704159244894755,OPC_GABA_like_tumor,IDH_Mutant,3138,0,0,1,
IL4R,0.4703203419659575,TAM1/TAM2/microglia,IDH_Mutant,3139,0,0,1,
DDB1,0.4702134085330515,OPC_GABA_like_tumor,IDH_WT,3140,0,0,1,
SCAF8,0.4701700286822006,TAM1/TAM2/microglia,IDH_Mutant,3141,0,0,1,
USP2,0.47010838566478724,OPC_GABA_like_tumor,IDH_Mutant,3142,0,0,1,
HSPA5,0.47005635384611927,TAM1/TAM2/microglia,IDH_Mutant,3143,0,0,1,
MRPL43,0.4700197090945265,TAM1/TAM2/microglia,IDH_Mutant,3144,0,0,0,
ARPC2,0.4699615304346292,TAM1/TAM2/microglia,IDH_Mutant,3145,0,0,1,
BMS1,0.4699503461538588,OPC_GABA_like_tumor,IDH_Mutant,3146,0,0,1,
SPAG9,0.4698759712676629,TAM1/TAM2/microglia,IDH_Mutant,3147,0,0,1,
NIPA2,0.4698604019909987,OPC_GABA_like_tumor,IDH_Mutant,3148,0,0,1,
ARIH2,0.469822533248188,OPC_GABA_like_tumor,IDH_WT,3149,0,0,1,
IL10RA,0.46982094917904504,TAM1/TAM2/microglia,IDH_WT,3150,0,0,1,
ANKRD10,0.4698139178902568,TAM1/TAM2/microglia,IDH_Mutant,3151,0,0,1,
PRPS1,0.4697800422701276,OPC_GABA_like_tumor,IDH_Mutant,3152,0,0,1,
IFT43,0.46962078950760144,OPC_GABA_like_tumor,IDH_WT,3153,0,0,1,
NR3C1,0.4695108664375544,cycling_tumor,IDH_WT,3154,0,0,1,
PPP4R1,0.46946324563103803,cycling_tumor,IDH_WT,3155,0,0,1,
SEZ6L,0.46946130825094967,AC_like_tumor,IDH_Mutant,3156,0,0,1,
FARSA,0.46934254596853187,cycling_tumor,IDH_WT,3157,0,0,1,
ZNF512,0.4693403435744206,OPC_GABA_like_tumor,IDH_Mutant,3158,0,0,1,
ARL2BP,0.4693148160285839,OPC_GABA_like_tumor,IDH_WT,3159,0,0,1,
CITED1,0.46930877700234214,cycling_tumor,IDH_WT,3160,0,0,1,
PLRG1,0.4692905276140101,OPC_GABA_like_tumor,IDH_WT,3161,0,0,1,
ATF6,0.46916751923207267,TAM1/TAM2/microglia,IDH_WT,3162,0,0,1,
MSL1,0.4691098412812044,TAM1/TAM2/microglia,IDH_WT,3163,0,0,1,
SPATA6,0.4690859910517081,OPC_GABA_like_tumor,IDH_Mutant,3164,0,0,1,
SLC25A25,0.46905827518536025,OPC_GABA_like_tumor,IDH_WT,3165,0,0,1,
TRAPPC2B,0.4690295274534318,OPC_GABA_like_tumor,IDH_WT,3166,0,0,1,
NRBF2,0.4689529275574693,cycling_tumor,IDH_WT,3167,0,0,1,
PSMA3,0.46888328541348423,OPC_GABA_AC_like_tumor,IDH_WT,3168,0,0,1,
CLK4,0.4688443470651437,OPC_GABA_like_tumor,IDH_WT,3169,0,0,1,
POLR2L,0.4687620113886921,TAM1/TAM2/microglia,IDH_Mutant,3170,0,0,1,
ETFRF1,0.4687449109363713,OPC_GABA_like_tumor,IDH_WT,3171,0,0,1,
PCDH10,0.4686402490360681,OPC_GABA_like_tumor,IDH_Mutant,3172,0,0,1,
SPNS2,0.4685797082176779,TAM1/TAM2/microglia,IDH_Mutant,3173,0,0,1,
HDLBP,0.46853657364993107,cycling_tumor,IDH_Mutant,3174,0,0,1,
PBX3,0.4684627941004028,TAM1/TAM2/microglia,IDH_Mutant,3175,0,0,1,
CTDSPL2,0.46840788227043717,TAM1/TAM2/microglia,IDH_Mutant,3176,0,0,1,
CD33,0.4683375007276462,TAM1/TAM2/microglia,IDH_Mutant,3177,0,0,1,
CIR1,0.46819189390753424,OPC_GABA_like_tumor,IDH_WT,3178,0,0,1,
NAB1,0.4681745339937005,OPC_GABA_like_tumor,IDH_Mutant,3179,0,0,1,
NSUN5,0.4681301059824524,OPC_GABA_like_tumor,IDH_WT,3180,0,0,1,
AP3B1,0.46811934827854795,TAM1/TAM2/microglia,IDH_WT,3181,0,0,1,
GRB2,0.46798253994113326,OPC_GABA_like_tumor,IDH_WT,3182,0,0,1,
ISCU,0.4679821433744407,TAM1/TAM2/microglia,IDH_Mutant,3183,0,0,1,
NFIL3,0.46795916111636,TAM1/TAM2/microglia,IDH_WT,3184,0,0,1,
NCOA3,0.46787303163567506,TAM1/TAM2/microglia,IDH_WT,3185,0,0,1,
AKT2,0.46782601043461003,OPC_GABA_like_tumor,IDH_WT,3186,0,0,1,
PLPPR1,0.467792043793761,OPC_GABA_like_tumor,IDH_Mutant,3187,0,0,1,
RAB9A,0.4677678690584541,OPC_GABA_AC_like_tumor,IDH_WT,3188,0,0,1,
NOA1,0.46775528763305746,OPC_GABA_like_tumor,IDH_WT,3189,0,0,1,
C1orf43,0.4676397888175803,OPC_GABA_like_tumor,IDH_Mutant,3190,0,0,1,
SETD3,0.467637125385228,cycling_tumor,IDH_WT,3191,0,0,1,
TRIR,0.4676359851695361,TAM1/TAM2/microglia,IDH_Mutant,3192,0,0,1,
RAB1A,0.4675259214396286,TAM1/TAM2/microglia,IDH_Mutant,3193,0,0,1,
NUP37,0.4675190941198214,OPC_GABA_like_tumor,IDH_WT,3194,0,0,1,
SSBP1,0.4674761508306018,TAM1/TAM2/microglia,IDH_WT,3195,0,0,1,
MEG8,0.46738324174877083,OPC_GABA_like_tumor,IDH_WT,3196,0,0,1,
ERH,0.46732895293466703,TAM1/TAM2/microglia,IDH_WT,3197,0,0,1,
NIN,0.46732695989178674,TAM1/TAM2/microglia,IDH_WT,3198,0,0,1,
CD151,0.46730971383773723,TAM1/TAM2/microglia,IDH_Mutant,3199,0,0,1,
NCF1,0.46719925524050315,TAM1/TAM2/microglia,IDH_Mutant,3200,0,0,1,
MPP6,0.46707983549637505,OPC_GABA_like_tumor,IDH_Mutant,3201,0,0,1,
BUD31,0.4670544518496743,TAM1/TAM2/microglia,IDH_Mutant,3202,0,0,1,
FMN1,0.46703549596022703,TAM1/TAM2/microglia,IDH_Mutant,3203,0,0,1,
EID1,0.4670204953490057,TAM1/TAM2/microglia,IDH_WT,3204,0,0,1,
UQCRH,0.4669520383536018,TAM1/TAM2/microglia,IDH_WT,3205,0,0,0,
LRP1B,0.4669183089627226,OPC_GABA_like_tumor,IDH_Mutant,3206,0,0,1,
ZNF710,0.4668807648154867,TAM1/TAM2/microglia,IDH_Mutant,3207,0,0,1,
NME7,0.4668642513365972,OPC_GABA_like_tumor,IDH_WT,3208,0,0,1,
MGAT4A,0.4668613772519544,TAM1/TAM2/microglia,IDH_Mutant,3209,0,0,1,
ZNF436-AS1,0.4668299207443377,OPC_GABA_like_tumor,IDH_Mutant,3210,0,0,1,
DPCD,0.4667488617616458,OPC_GABA_like_tumor,IDH_Mutant,3211,0,0,1,
ABCC5,0.4667064101697396,TAM1/TAM2/microglia,IDH_Mutant,3212,0,0,1,
USP53,0.46669999428479764,TAM1/TAM2/microglia,IDH_WT,3213,0,0,1,
KMT2B,0.4665362769120339,OPC_GABA_like_tumor,IDH_WT,3214,0,0,1,
TSPAN32,0.4665136038153044,T cell,IDH_Mutant,3215,0,0,1,
CCDC25,0.46649631490771226,OPC_GABA_like_tumor,IDH_WT,3216,0,0,1,
TMEM107,0.4664636704233923,TAM1/TAM2/microglia,IDH_WT,3217,0,0,1,
SKA2,0.46644152272526485,OPC_GABA_AC_like_tumor,IDH_WT,3218,0,0,1,
NEU1,0.466414109599255,TAM1/TAM2/microglia,IDH_Mutant,3219,0,0,1,
UBA3,0.4663703497495762,OPC_GABA_like_tumor,IDH_Mutant,3220,0,0,1,
BCKDHB,0.4663294024247291,OPC_GABA_like_tumor,IDH_Mutant,3221,0,0,1,
WASHC3,0.466262802534561,OPC_GABA_like_tumor,IDH_WT,3222,0,0,1,
RPL38,0.46623522539760254,TAM1/TAM2/microglia,IDH_Mutant,3223,0,0,0,
WDR41,0.4662081247937973,OPC_GABA_like_tumor,IDH_WT,3224,0,0,1,
DDX59,0.4661648503228264,OPC_GABA_like_tumor,IDH_Mutant,3225,0,0,1,
PARK7,0.4660768886904451,TAM1/TAM2/microglia,IDH_WT,3226,0,0,1,
MRPL12,0.4660645048210698,AC_like_tumor,IDH_Mutant,3227,0,0,0,
CCDC160,0.46595696721479446,OPC_GABA_like_tumor,IDH_Mutant,3228,0,0,1,
AC124312.1,0.4659294123551632,OPC_GABA_like_tumor,IDH_Mutant,3229,0,0,1,
SAMD4B,0.46585833053548376,OPC_GABA_like_tumor,IDH_WT,3230,0,0,1,
ACAA2,0.4657193414644146,OPC_GABA_like_tumor,IDH_WT,3231,0,0,1,
DENND1A,0.4656037982684162,OPC_GABA_like_tumor,IDH_Mutant,3232,0,0,1,
UHRF1BP1L,0.4654751671893063,TAM1/TAM2/microglia,IDH_Mutant,3233,0,0,1,
CROT,0.465457583302414,OPC_GABA_like_tumor,IDH_WT,3234,0,0,1,
SNAP25,0.4654063131868707,AC_like_tumor,IDH_Mutant,3235,0,0,1,
PTGFRN,0.46536248996423735,OPC_GABA_like_tumor,IDH_WT,3236,0,0,1,
SDHB,0.46535403139433756,OPC_GABA_like_tumor,IDH_WT,3237,0,0,1,
AMPD2,0.46533466308393656,TAM1/TAM2/microglia,IDH_WT,3238,0,0,1,
RAB6B,0.46528515469045945,OPC_GABA_like_tumor,IDH_Mutant,3239,0,0,1,
PFKFB3,0.46525875739649347,OPC_GABA_like_tumor,IDH_Mutant,3240,0,0,1,
MON2,0.4652430329183259,TAM1/TAM2/microglia,IDH_Mutant,3241,0,0,1,
ARHGEF3,0.4651154928906364,OPC_GABA_like_tumor,IDH_Mutant,3242,0,0,1,
CBFB,0.46506159778211276,OPC_GABA_like_tumor,IDH_WT,3243,0,0,1,
MPZL1,0.4649982233813148,TAM1/TAM2/microglia,IDH_Mutant,3244,0,0,1,
RTN4,0.46497160331715665,TAM1/TAM2/microglia,IDH_WT,3245,0,0,1,
LGALS3BP,0.4648922915485641,OPC_GABA_like_tumor,IDH_Mutant,3246,0,0,1,
FBXW5,0.46489116831058014,OPC_GABA_like_tumor,IDH_WT,3247,0,0,1,
RAB7A,0.4648493810639091,OPC_GABA_like_tumor,IDH_Mutant,3248,0,0,1,
DHRS7,0.4647195578404343,OPC_GABA_AC_like_tumor,IDH_WT,3249,0,0,1,
DNAJC21,0.46470092589504575,OPC_GABA_like_tumor,IDH_WT,3250,0,0,1,
TBC1D5,0.46469317002593324,TAM1/TAM2/microglia,IDH_Mutant,3251,0,0,1,
ARFRP1,0.4646826168724713,cycling_tumor,IDH_WT,3252,0,0,1,
DUT,0.4646338692576812,TAM1/TAM2/microglia,IDH_Mutant,3253,0,0,1,
PSMB1,0.4645732057118342,TAM1/TAM2/microglia,IDH_WT,3254,0,0,1,
JAK2,0.4645686860558043,TAM1/TAM2/microglia,IDH_Mutant,3255,0,0,1,
MTHFD2L,0.46451753440561216,OPC_GABA_like_tumor,IDH_WT,3256,0,0,1,
DENND4C,0.4643771224529242,TAM1/TAM2/microglia,IDH_Mutant,3257,0,0,1,
DLEU7,0.4643640655408035,TAM1/TAM2/microglia,IDH_Mutant,3258,0,0,1,
TM2D1,0.46432783521347254,OPC_GABA_like_tumor,IDH_WT,3259,0,0,1,
TNFSF10,0.46428211287607163,TAM1/TAM2/microglia,IDH_WT,3260,0,0,1,
ABCD3,0.46427009995086105,OPC_GABA_like_tumor,IDH_WT,3261,0,0,1,
TMEM119,0.4641443654420243,TAM1/TAM2/microglia,IDH_WT,3262,0,0,1,
SELENOM,0.4640747127177045,TAM1/TAM2/microglia,IDH_Mutant,3263,0,0,1,
AKT1S1,0.4640470786165102,OPC_GABA_like_tumor,IDH_WT,3264,0,0,1,
ARID1A,0.4640173633628459,cycling_tumor,IDH_WT,3265,0,0,1,
PMEPA1,0.4640110747402021,cycling_tumor,IDH_WT,3266,0,0,1,
DHX29,0.4639889396981962,OPC_GABA_like_tumor,IDH_Mutant,3267,0,0,1,
TNS3,0.4639674486105461,TAM1/TAM2/microglia,IDH_Mutant,3268,0,0,1,
KLHDC3,0.46379563849195016,OPC_GABA_like_tumor,IDH_WT,3269,0,0,1,
ATP5MC1,0.46367474106343265,TAM1/TAM2/microglia,IDH_WT,3270,0,0,0,
GPN3,0.4636446168565714,OPC_GABA_like_tumor,IDH_WT,3271,0,0,1,
HSH2D,0.46355917729384943,T cell,IDH_Mutant,3272,0,0,1,
NTM,0.46355758197714747,OPC_GABA_like_tumor,IDH_WT,3273,0,0,1,
SMIM12,0.46354154837214806,OPC_GABA_like_tumor,IDH_WT,3274,0,0,1,
ATPAF1,0.46353153945528175,OPC_GABA_like_tumor,IDH_WT,3275,0,0,1,
C16orf91,0.46351705109848884,cycling_tumor,IDH_WT,3276,0,0,1,
PSMD3,0.463513176018603,OPC_GABA_like_tumor,IDH_WT,3277,0,0,1,
MRPS27,0.4634942799213995,OPC_GABA_like_tumor,IDH_WT,3278,0,0,0,
PDCD10,0.46348492761761567,OPC_GABA_like_tumor,IDH_WT,3279,0,0,1,
BID,0.4634114836742104,OPC_GABA_like_tumor,IDH_WT,3280,0,0,1,
POU3F2,0.46340908701081773,OPC_GABA_like_tumor,IDH_WT,3281,0,0,1,
SAP30,0.4633422654330329,TAM1/TAM2/microglia,IDH_Mutant,3282,0,0,1,
XPA,0.4633323553039415,cycling_tumor,IDH_Mutant,3283,0,0,1,
TMEM181,0.46322510426442004,OPC_GABA_like_tumor,IDH_Mutant,3284,0,0,1,
RPS6KA1,0.46320944031198474,TAM1/TAM2/microglia,IDH_Mutant,3285,0,0,0,
SURF1,0.4631690203155035,TAM1/TAM2/microglia,IDH_Mutant,3286,0,0,1,
ABLIM1,0.4630760163339704,OPC_GABA_like_tumor,IDH_Mutant,3287,0,0,1,
COPB1,0.46305557027007527,TAM1/TAM2/microglia,IDH_WT,3288,0,0,1,
SLC44A5,0.46297145327059025,OPC_GABA_like_tumor,IDH_Mutant,3289,0,0,1,
LAPTM4A,0.4628906651312243,OPC_GABA_like_tumor,IDH_Mutant,3290,0,0,1,
PHF1,0.462886951346735,OPC_GABA_like_tumor,IDH_Mutant,3291,0,0,1,
NAIP,0.46287415141698807,cycling_tumor,IDH_WT,3292,0,0,1,
CNOT8,0.46273534309972747,OPC_GABA_like_tumor,IDH_Mutant,3293,0,0,1,
RFXANK,0.4627114327262902,TAM1/TAM2/microglia,IDH_Mutant,3294,0,0,1,
BRK1,0.46269361890558314,TAM1/TAM2/microglia,IDH_Mutant,3295,0,0,1,
BIN2,0.4626390595449174,TAM1/TAM2/microglia,IDH_WT,3296,0,0,1,
SMIM19,0.4625855926110414,OPC_GABA_like_tumor,IDH_WT,3297,0,0,1,
SRBD1,0.4625473007748943,OPC_GABA_like_tumor,IDH_Mutant,3298,0,0,1,
PLOD3,0.4625268036511372,OPC_GABA_like_tumor,IDH_WT,3299,0,0,1,
TMEM134,0.46243336407909374,TAM1/TAM2/microglia,IDH_Mutant,3300,0,0,1,
SELENON,0.46238383740100053,OPC_GABA_like_tumor,IDH_Mutant,3301,0,0,1,
GPBP1L1,0.46237516474272466,TAM1/TAM2/microglia,IDH_Mutant,3302,0,0,1,
SLC7A11,0.46222255711276583,OPC_GABA_like_tumor,IDH_Mutant,3303,0,0,1,
NDUFS5,0.4622009748349464,TAM1/TAM2/microglia,IDH_WT,3304,0,0,0,
VTI1A,0.4619943639914859,TAM1/TAM2/microglia,IDH_Mutant,3305,0,0,1,
DAGLB,0.4619916283401744,TAM1/TAM2/microglia,IDH_WT,3306,0,0,1,
IDNK,0.4619900273441635,OPC_GABA_like_tumor,IDH_Mutant,3307,0,0,1,
MMAB,0.4619663218613891,cycling_tumor,IDH_WT,3308,0,0,1,
WDR54,0.4619461298987149,OPC_GABA_like_tumor,IDH_WT,3309,0,0,1,
TBL1XR1,0.46185817715280375,TAM1/TAM2/microglia,IDH_WT,3310,0,0,1,
TCERG1,0.46184016609318645,TAM1/TAM2/microglia,IDH_WT,3311,0,0,1,
IFT74,0.46173323225406665,OPC_GABA_like_tumor,IDH_WT,3312,0,0,1,
PLAGL1,0.46168481115454146,TAM1/TAM2/microglia,IDH_Mutant,3313,0,0,1,
PSMB9,0.4616398889944012,OPC_GABA_like_tumor,IDH_Mutant,3314,0,0,1,
C6orf203,0.46163013986996704,cycling_tumor,IDH_WT,3315,0,0,1,
RPS18,0.4615506720210127,T cell,IDH_Mutant,3316,0,0,0,
ZCCHC10,0.46145370570360933,OPC_GABA_like_tumor,IDH_WT,3317,0,0,1,
B4GALT1,0.46145313887596495,TAM1/TAM2/microglia,IDH_Mutant,3318,0,0,1,
PCBP1,0.4614444021223574,OPC_GABA_like_tumor,IDH_Mutant,3319,0,0,1,
CYFIP1,0.4613997255622819,OPC_GABA_like_tumor,IDH_Mutant,3320,0,0,1,
OSBPL6,0.46117536552300964,OPC_GABA_like_tumor,IDH_Mutant,3321,0,0,1,
TRIP11,0.4610981614506974,OPC_GABA_like_tumor,IDH_WT,3322,0,0,1,
MALSU1,0.4609408479127716,TAM1/TAM2/microglia,IDH_WT,3323,0,0,1,
PRKCSH,0.46094078452689524,cycling_tumor,IDH_Mutant,3324,0,0,1,
PLEKHA3,0.46088515012697684,OPC_GABA_like_tumor,IDH_WT,3325,0,0,1,
SUPT5H,0.4608529773680082,TAM1/TAM2/microglia,IDH_Mutant,3326,0,0,1,
FKBP1A,0.46079563825171893,OPC_GABA_like_tumor,IDH_Mutant,3327,0,0,1,
MXD4,0.46077980185136863,OPC_GABA_like_tumor,IDH_WT,3328,0,0,1,
SPG21,0.46075251258827404,cycling_tumor,IDH_WT,3329,0,0,1,
FH,0.46075023828119666,OPC_GABA_like_tumor,IDH_WT,3330,0,0,1,
GPATCH8,0.4606984024747779,TAM1/TAM2/microglia,IDH_Mutant,3331,0,0,1,
AP2A2,0.46069789150621376,TAM1/TAM2/microglia,IDH_Mutant,3332,0,0,1,
AC005332.5,0.4606906538001055,OPC_GABA_like_tumor,IDH_Mutant,3333,0,0,1,
RBM26,0.46068333471212614,TAM1/TAM2/microglia,IDH_Mutant,3334,0,0,1,
MRPL54,0.4606674968289017,TAM1/TAM2/microglia,IDH_Mutant,3335,0,0,0,
TXN2,0.46065794266001675,TAM1/TAM2/microglia,IDH_Mutant,3336,0,0,1,
MAPT,0.46061046821349744,OPC_GABA_like_tumor,IDH_WT,3337,0,0,1,
CTSA,0.46058037178760103,OPC_GABA_like_tumor,IDH_Mutant,3338,0,0,1,
TIA1,0.4605018101154362,TAM1/TAM2/microglia,IDH_WT,3339,0,0,1,
NES,0.46048461334045354,OPC_GABA_like_tumor,IDH_Mutant,3340,0,0,1,
PDLIM5,0.4604165279050244,OPC_GABA_like_tumor,IDH_Mutant,3341,0,0,1,
PHF11,0.4603777335799055,TAM1/TAM2/microglia,IDH_WT,3342,0,0,1,
CSF2RA,0.4603644085329976,TAM1/TAM2/microglia,IDH_WT,3343,0,0,1,
EXOSC5,0.4602524820093536,OPC_GABA_like_tumor,IDH_Mutant,3344,0,0,1,
THBS2,0.4601789706572098,OPC_GABA_like_tumor,IDH_WT,3345,0,0,1,
C1orf198,0.4601743332561646,OPC_GABA_like_tumor,IDH_Mutant,3346,0,0,1,
NUP107,0.46015786580568535,OPC_GABA_like_tumor,IDH_WT,3347,0,0,1,
PCDHB2,0.4601388495716952,OPC_GABA_like_tumor,IDH_WT,3348,0,0,1,
GTF2B,0.46013781367030526,OPC_GABA_like_tumor,IDH_WT,3349,0,0,1,
RPRM,0.4601304689119212,OPC_GABA_like_tumor,IDH_Mutant,3350,0,0,1,
FUS,0.46011913320213227,TAM1/TAM2/microglia,IDH_WT,3351,0,0,1,
CKS1B,0.4601025013090374,T cell,IDH_WT,3352,0,0,1,
CCDC102B,0.4600438170789727,OPC_GABA_like_tumor,IDH_WT,3353,0,0,1,
POLK,0.46002860905904175,TAM1/TAM2/microglia,IDH_Mutant,3354,0,0,1,
ANKIB1,0.4599945036494404,TAM1/TAM2/microglia,IDH_Mutant,3355,0,0,1,
EGR3,0.4599554082195576,TAM1/TAM2/microglia,IDH_Mutant,3356,0,0,1,
ZDHHC14,0.45995400431187594,OPC_GABA_like_tumor,IDH_Mutant,3357,0,0,1,
MS4A1,0.45992555829793813,T cell,IDH_Mutant,3358,0,0,1,
MFSD14B,0.45992112382897093,TAM1/TAM2/microglia,IDH_Mutant,3359,0,0,1,
IQSEC1,0.4599139537220032,OPC_GABA_like_tumor,IDH_WT,3360,0,0,1,
PTGS2,0.45986259204664737,TAM1/TAM2/microglia,IDH_WT,3361,0,0,1,
VMP1,0.4598540463101215,TAM1/TAM2/microglia,IDH_Mutant,3362,0,0,1,
UNK,0.45979931540525537,OPC_GABA_like_tumor,IDH_Mutant,3363,0,0,1,
PLEKHJ1,0.45977657725326315,OPC_GABA_like_tumor,IDH_Mutant,3364,0,0,1,
MICU3,0.45967685051886953,TAM1/TAM2/microglia,IDH_Mutant,3365,0,0,1,
RASSF5,0.4595946735130891,TAM1/TAM2/microglia,IDH_Mutant,3366,0,0,1,
ASNS,0.45953010544793793,OPC_GABA_like_tumor,IDH_Mutant,3367,0,0,1,
SETD7,0.45945283732806114,TAM1/TAM2/microglia,IDH_Mutant,3368,0,0,1,
RPL17,0.4594517875111368,OPC_GABA_like_tumor,IDH_Mutant,3369,0,0,0,
ARL2,0.4594371329011973,TAM1/TAM2/microglia,IDH_Mutant,3370,0,0,1,
TUSC2,0.4594353145459902,OPC_GABA_AC_like_tumor,IDH_WT,3371,0,0,1,
PGD,0.459406359079801,OPC_GABA_like_tumor,IDH_WT,3372,0,0,1,
COPS4,0.45938927690766473,cycling_tumor,IDH_Mutant,3373,0,0,1,
NT5DC3,0.45934216946898704,OPC_GABA_like_tumor,IDH_Mutant,3374,0,0,1,
MAGED2,0.4591235801246164,OPC_GABA_like_tumor,IDH_Mutant,3375,0,0,1,
FAM184A,0.4590640694693894,OPC_GABA_like_tumor,IDH_WT,3376,0,0,1,
NINJ1,0.45896860993296196,OPC_GABA_like_tumor,IDH_Mutant,3377,0,0,1,
EMP2,0.4589373701893396,OPC_GABA_like_tumor,IDH_WT,3378,0,0,1,
CLEC16A,0.4588112500508533,OPC_GABA_like_tumor,IDH_Mutant,3379,0,0,1,
PLXND1,0.4587845544790767,TAM1/TAM2/microglia,IDH_WT,3380,0,0,1,
PTGES2,0.45876294893293706,OPC_GABA_like_tumor,IDH_Mutant,3381,0,0,1,
TLR7,0.4586628232398057,TAM1/TAM2/microglia,IDH_Mutant,3382,0,0,1,
PDGFA,0.4584753792956822,cycling_tumor,IDH_WT,3383,0,0,1,
GLT8D1,0.4583595093432834,OPC_GABA_like_tumor,IDH_WT,3384,0,0,1,
CREB1,0.45834920446175387,TAM1/TAM2/microglia,IDH_Mutant,3385,0,0,1,
RBM25,0.4583057260082981,TAM1/TAM2/microglia,IDH_WT,3386,0,0,1,
PACSIN2,0.45820936847966853,TAM1/TAM2/microglia,IDH_Mutant,3387,0,0,1,
CSNK1G3,0.4580850414796038,TAM1/TAM2/microglia,IDH_Mutant,3388,0,0,1,
ELOF1,0.4580520454316071,cycling_tumor,IDH_WT,3389,0,0,1,
GIGYF2,0.45804025719575936,OPC_GABA_like_tumor,IDH_WT,3390,0,0,1,
SERBP1,0.4580100095760845,OPC_GABA_AC_like_tumor,IDH_WT,3391,0,0,1,
RCN1,0.4580085190905393,OPC_GABA_like_tumor,IDH_WT,3392,0,0,1,
VPS13B,0.4579154009688535,TAM1/TAM2/microglia,IDH_Mutant,3393,0,0,1,
C9orf72,0.45790000747777204,TAM1/TAM2/microglia,IDH_WT,3394,0,0,1,
BAD,0.45783272001415193,TAM1/TAM2/microglia,IDH_Mutant,3395,0,0,1,
MTIF2,0.4578224807688578,TAM1/TAM2/microglia,IDH_WT,3396,0,0,1,
MKL1,0.45773648821698887,TAM1/TAM2/microglia,IDH_Mutant,3397,0,0,1,
CETN2,0.4576670045800152,OPC_GABA_like_tumor,IDH_Mutant,3398,0,0,1,
MRPL47,0.45761197024621864,OPC_GABA_AC_like_tumor,IDH_WT,3399,0,0,0,
GALNT7,0.45755708695343084,OPC_GABA_like_tumor,IDH_WT,3400,0,0,1,
FKBP10,0.45751447266261963,OPC_GABA_like_tumor,IDH_WT,3401,0,0,1,
ATXN2L,0.4572823807367799,TAM1/TAM2/microglia,IDH_Mutant,3402,0,0,1,
NDUFAF8,0.4572463084714905,TAM1/TAM2/microglia,IDH_Mutant,3403,0,0,0,
ABCE1,0.45724297008524617,TAM1/TAM2/microglia,IDH_WT,3404,0,0,1,
ACAP3,0.45712839997122245,AC_like_tumor,IDH_Mutant,3405,0,0,1,
JARID2,0.45710722113168456,TAM1/TAM2/microglia,IDH_Mutant,3406,0,0,1,
FAM161A,0.4571060920059427,OPC_GABA_like_tumor,IDH_Mutant,3407,0,0,1,
PPFIBP1,0.4571007347693151,OPC_GABA_like_tumor,IDH_WT,3408,0,0,1,
RALGAPA1,0.4569823250157533,OPC_GABA_like_tumor,IDH_WT,3409,0,0,1,
RHOBTB3,0.45692224708386375,TAM1/TAM2/microglia,IDH_WT,3410,0,0,1,
MTR,0.45691489204165964,TAM1/TAM2/microglia,IDH_Mutant,3411,0,0,1,
CHMP2A,0.4568922525606999,TAM1/TAM2/microglia,IDH_WT,3412,0,0,1,
FBXW2,0.4568786279824021,OPC_GABA_like_tumor,IDH_WT,3413,0,0,1,
ASXL1,0.45683406686283057,TAM1/TAM2/microglia,IDH_Mutant,3414,0,0,1,
USP11,0.4568133079798778,OPC_GABA_like_tumor,IDH_WT,3415,0,0,1,
AFF1,0.45655863566841337,TAM1/TAM2/microglia,IDH_Mutant,3416,0,0,1,
TOMM5,0.4565561230989936,OPC_GABA_like_tumor,IDH_WT,3417,0,0,1,
UFM1,0.456484489614904,OPC_GABA_like_tumor,IDH_Mutant,3418,0,0,1,
SMAD1,0.4564799786337842,cycling_tumor,IDH_WT,3419,0,0,1,
NAALADL2,0.45640949515166274,OPC_GABA_like_tumor,IDH_Mutant,3420,0,0,1,
PWAR6,0.45640914689514256,OPC_GABA_like_tumor,IDH_WT,3421,0,0,1,
WDR43,0.456394125172635,OPC_GABA_like_tumor,IDH_Mutant,3422,0,0,1,
SPATA33,0.4563797896701888,OPC_GABA_like_tumor,IDH_WT,3423,0,0,1,
RNH1,0.4563635325685943,TAM1/TAM2/microglia,IDH_Mutant,3424,0,0,1,
COX6A1,0.456355823619312,TAM1/TAM2/microglia,IDH_Mutant,3425,0,0,0,
STX6,0.45627741016670526,OPC_GABA_like_tumor,IDH_Mutant,3426,0,0,1,
TMEM60,0.456245075161599,OPC_GABA_like_tumor,IDH_Mutant,3427,0,0,1,
GOLM1,0.45620988161938814,OPC_GABA_like_tumor,IDH_Mutant,3428,0,0,1,
NELFE,0.45619673057628835,TAM1/TAM2/microglia,IDH_Mutant,3429,0,0,1,
COA3,0.4561424847493769,TAM1/TAM2/microglia,IDH_Mutant,3430,0,0,1,
AL078639.1,0.45611384609031136,AC_like_tumor,IDH_Mutant,3431,0,0,1,
PDSS1,0.4561028902756343,OPC_GABA_like_tumor,IDH_Mutant,3432,0,0,1,
CHD7,0.45609838876905995,AC_like_tumor,IDH_Mutant,3433,0,0,1,
PIGBOS1,0.4560553035174449,cycling_tumor,IDH_WT,3434,0,0,1,
TTC28,0.45604154252644313,OPC_GABA_like_tumor,IDH_Mutant,3435,0,0,1,
SIGIRR,0.4560382919616268,TAM1/TAM2/microglia,IDH_Mutant,3436,0,0,1,
ABHD12,0.4559134709275846,OPC_GABA_like_tumor,IDH_Mutant,3437,0,0,1,
PHIP,0.45581809231802095,OPC_GABA_like_tumor,IDH_Mutant,3438,0,0,1,
NCR3,0.45559861021921266,T cell,IDH_Mutant,3439,0,0,1,
DYNLT1,0.4555662471188632,TAM1/TAM2/microglia,IDH_WT,3440,0,0,1,
FAM222B,0.45554549415549755,OPC_GABA_like_tumor,IDH_WT,3441,0,0,1,
FAM207A,0.45552735680431483,cycling_tumor,IDH_WT,3442,0,0,1,
FARS2,0.4555235425495245,TAM1/TAM2/microglia,IDH_Mutant,3443,0,0,1,
DCP2,0.4554011462975495,cycling_tumor,IDH_WT,3444,0,0,1,
TMEM51,0.4553515285819105,TAM1/TAM2/microglia,IDH_Mutant,3445,0,0,1,
PA2G4,0.45534107662424256,TAM1/TAM2/microglia,IDH_Mutant,3446,0,0,1,
MAN1A1,0.45527511754318395,TAM1/TAM2/microglia,IDH_Mutant,3447,0,0,1,
PWWP2A,0.45516650105695877,OPC_GABA_like_tumor,IDH_Mutant,3448,0,0,1,
RPL31,0.4551506003056236,OPC_GABA_AC_like_tumor,IDH_WT,3449,0,0,0,
SYNDIG1,0.45504656310520053,TAM1/TAM2/microglia,IDH_Mutant,3450,0,0,1,
CCT5,0.4549313975544371,OPC_GABA_like_tumor,IDH_Mutant,3451,0,0,1,
MAP2K3,0.45488510134131,TAM1/TAM2/microglia,IDH_WT,3452,0,0,1,
AP1B1,0.4548849145955586,cycling_tumor,IDH_WT,3453,0,0,1,
MRPS14,0.4548087937440114,OPC_GABA_like_tumor,IDH_WT,3454,0,0,0,
TRIL,0.45467292381945523,OPC_GABA_like_tumor,IDH_Mutant,3455,0,0,1,
LAMTOR4,0.4546721624671715,TAM1/TAM2/microglia,IDH_Mutant,3456,0,0,1,
EIF2S3,0.45460704558475235,cycling_tumor,IDH_WT,3457,0,0,0,
CSF1,0.4545906131180696,OPC_GABA_like_tumor,IDH_Mutant,3458,0,0,1,
ELAVL4,0.45443017138271713,OPC_GABA_like_tumor,IDH_Mutant,3459,0,0,1,
RRS1,0.45441223335739683,OPC_GABA_like_tumor,IDH_WT,3460,0,0,1,
SOX5,0.45433700279031175,OPC_GABA_like_tumor,IDH_Mutant,3461,0,0,1,
PIGF,0.4542394039111789,OPC_GABA_like_tumor,IDH_Mutant,3462,0,0,1,
SGK3,0.4542253105325235,TAM1/TAM2/microglia,IDH_Mutant,3463,0,0,1,
REPS1,0.45404621577400867,OPC_GABA_like_tumor,IDH_Mutant,3464,0,0,1,
ODC1,0.4540327292696458,TAM1/TAM2/microglia,IDH_Mutant,3465,0,0,1,
CSNK1E,0.45401296524506324,AC_like_tumor,IDH_Mutant,3466,0,0,1,
YTHDC2,0.4540061928420437,OPC_GABA_like_tumor,IDH_WT,3467,0,0,1,
SPON1,0.4539754410692042,OPC_GABA_like_tumor,IDH_Mutant,3468,0,0,1,
TCF7L2,0.4539737797655903,TAM1/TAM2/microglia,IDH_Mutant,3469,0,0,1,
PRKD3,0.45392241753567664,OPC_GABA_like_tumor,IDH_Mutant,3470,0,0,1,
TPRKB,0.4538231745060818,TAM1/TAM2/microglia,IDH_Mutant,3471,0,0,1,
TLE3,0.45381988450046834,TAM1/TAM2/microglia,IDH_Mutant,3472,0,0,1,
SLC3A2,0.4537890501667746,OPC_GABA_like_tumor,IDH_Mutant,3473,0,0,1,
MAT2B,0.45377572617784095,cycling_tumor,IDH_WT,3474,0,0,1,
PRRT2,0.453754365834377,OPC_GABA_like_tumor,IDH_Mutant,3475,0,0,1,
GGA2,0.4537245078703573,cycling_tumor,IDH_WT,3476,0,0,1,
HSPB11,0.45365705333633677,OPC_GABA_like_tumor,IDH_WT,3477,0,0,1,
TARS,0.45364667984839446,OPC_GABA_like_tumor,IDH_WT,3478,0,0,1,
TCEAL9,0.4536251925310338,OPC_GABA_like_tumor,IDH_Mutant,3479,0,0,1,
HNRNPH1,0.45358669101473614,TAM1/TAM2/microglia,IDH_WT,3480,0,0,1,
TMEM245,0.45349987020916727,OPC_GABA_like_tumor,IDH_WT,3481,0,0,1,
NQO2,0.4533464812836227,OPC_GABA_like_tumor,IDH_WT,3482,0,0,1,
OARD1,0.453281407961191,cycling_tumor,IDH_Mutant,3483,0,0,1,
PPA1,0.45322088183246534,TAM1/TAM2/microglia,IDH_Mutant,3484,0,0,1,
BCL2,0.4531403871415754,TAM1/TAM2/microglia,IDH_Mutant,3485,0,0,1,
CPSF2,0.45307210909611884,TAM1/TAM2/microglia,IDH_WT,3486,0,0,1,
DMAC2,0.4530266896097574,OPC_GABA_like_tumor,IDH_WT,3487,0,0,1,
STXBP4,0.45300523437342194,OPC_GABA_like_tumor,IDH_WT,3488,0,0,1,
PHF20,0.45298991616816553,TAM1/TAM2/microglia,IDH_WT,3489,0,0,1,
AURKA,0.45292671584016053,cycling_tumor,IDH_WT,3490,0,0,1,
B2M,0.4528384641162667,OPC_GABA_AC_like_tumor,IDH_Mutant,3491,0,0,1,
PLEKHM2,0.4528121636847941,TAM1/TAM2/microglia,IDH_Mutant,3492,0,0,1,
PHGDH,0.4527387479935885,OPC_GABA_like_tumor,IDH_Mutant,3493,0,0,1,
TBXAS1,0.4527229420017025,TAM1/TAM2/microglia,IDH_Mutant,3494,0,0,1,
PARP1,0.45269006305950177,OPC_GABA_AC_like_tumor,IDH_WT,3495,0,0,1,
SYK,0.452658079361839,T cell,IDH_Mutant,3496,0,0,1,
TUBG1,0.45263780190853026,cycling_tumor,IDH_WT,3497,0,0,1,
SUMF1,0.4526015460597647,OPC_GABA_like_tumor,IDH_Mutant,3498,0,0,1,
ATP2B1,0.45259215826201726,OPC_GABA_like_tumor,IDH_Mutant,3499,1,0,0,
ZNF138,0.45253216812028985,OPC_GABA_like_tumor,IDH_WT,3500,0,0,1,
CEP41,0.4524804166615003,OPC_GABA_like_tumor,IDH_WT,3501,0,0,1,
CDK13,0.45242644142735866,AC_like_tumor,IDH_Mutant,3502,0,0,1,
KIAA2013,0.45235324159911167,OPC_GABA_like_tumor,IDH_WT,3503,0,0,1,
COX5A,0.45229345748331273,OPC_GABA_like_tumor,IDH_WT,3504,0,0,0,
AAED1,0.4522546728813981,TAM1/TAM2/microglia,IDH_Mutant,3505,0,0,1,
ZFAND6,0.4522064166129069,TAM1/TAM2/microglia,IDH_Mutant,3506,0,0,1,
KLHDC2,0.4520029110811099,AC_like_tumor,IDH_Mutant,3507,0,0,1,
WDR37,0.45197139188893454,TAM1/TAM2/microglia,IDH_Mutant,3508,0,0,1,
CDC42EP1,0.45196566289312157,OPC_GABA_like_tumor,IDH_Mutant,3509,0,0,1,
ZFPM1,0.45193958474882956,OPC_GABA_like_tumor,IDH_WT,3510,0,0,1,
NR4A3,0.45193752973871615,TAM1/TAM2/microglia,IDH_Mutant,3511,0,0,1,
HMGXB3,0.4518536477234143,TAM1/TAM2/microglia,IDH_WT,3512,0,0,1,
UMAD1,0.45182644161334995,OPC_GABA_like_tumor,IDH_Mutant,3513,0,0,1,
PUM2,0.45179112117566866,TAM1/TAM2/microglia,IDH_Mutant,3514,0,0,1,
CSNK2A2,0.45171608254672346,AC_like_tumor,IDH_Mutant,3515,0,0,1,
AK6,0.4517003052821799,OPC_GABA_like_tumor,IDH_WT,3516,0,0,1,
DPH6,0.45164186478508217,OPC_GABA_like_tumor,IDH_WT,3517,0,0,1,
TALDO1,0.4516345215895764,TAM1/TAM2/microglia,IDH_WT,3518,0,0,1,
SESTD1,0.45162013971851084,OPC_GABA_like_tumor,IDH_WT,3519,0,0,1,
ZNF394,0.4516192966483124,OPC_GABA_like_tumor,IDH_WT,3520,0,0,1,
MRPS16,0.4516091619596918,OPC_GABA_like_tumor,IDH_WT,3521,0,0,0,
SSPN,0.4515183812018795,OPC_GABA_like_tumor,IDH_Mutant,3522,0,0,1,
LFNG,0.45147933185109307,OPC_GABA_like_tumor,IDH_Mutant,3523,0,0,1,
VMA21,0.45145272645382006,AC_like_tumor,IDH_Mutant,3524,0,0,1,
RCOR1,0.4513173952505686,TAM1/TAM2/microglia,IDH_Mutant,3525,0,0,1,
SNTB2,0.45124038745307204,OPC_GABA_like_tumor,IDH_WT,3526,0,0,1,
WDR45,0.45122629957723975,OPC_GABA_like_tumor,IDH_Mutant,3527,0,0,1,
RNF141,0.451093635001547,cycling_tumor,IDH_WT,3528,0,0,1,
EVI2B,0.4510890458936663,TAM1/TAM2/microglia,IDH_Mutant,3529,0,0,1,
MSX1,0.45108118019056703,OPC_GABA_like_tumor,IDH_Mutant,3530,0,0,1,
CD2AP,0.4510685231522902,TAM1/TAM2/microglia,IDH_WT,3531,0,0,1,
ETV5,0.4509117364539361,TAM1/TAM2/microglia,IDH_Mutant,3532,0,0,1,
NSMAF,0.4508767121710128,TAM1/TAM2/microglia,IDH_Mutant,3533,0,0,1,
UBR3,0.45086953925336415,TAM1/TAM2/microglia,IDH_Mutant,3534,0,0,1,
DIXDC1,0.4508549085246827,OPC_GABA_like_tumor,IDH_Mutant,3535,0,0,1,
PLPP4,0.4506940603554823,OPC_GABA_like_tumor,IDH_Mutant,3536,0,0,1,
NRIP1,0.4505139735113911,TAM1/TAM2/microglia,IDH_WT,3537,0,0,1,
PRUNE2,0.4505046819323789,OPC_GABA_like_tumor,IDH_WT,3538,0,0,1,
LTN1,0.4503567470180208,OPC_GABA_like_tumor,IDH_WT,3539,0,0,1,
LSM10,0.4502660934607599,TAM1/TAM2/microglia,IDH_Mutant,3540,0,0,1,
CCDC146,0.45019034467213714,OPC_GABA_like_tumor,IDH_Mutant,3541,0,0,1,
ZYG11B,0.4501301647575346,OPC_GABA_like_tumor,IDH_WT,3542,0,0,1,
MCL1,0.45012561638284276,OPC_GABA_like_tumor,IDH_Mutant,3543,0,0,1,
MRPL46,0.45007469087205454,cycling_tumor,IDH_WT,3544,0,0,0,
AL121827.2,0.45005481790210355,OPC_GABA_like_tumor,IDH_Mutant,3545,0,0,1,
MIA2,0.45004807759156984,TAM1/TAM2/microglia,IDH_Mutant,3546,0,0,1,
MED1,0.450030638707557,OPC_GABA_like_tumor,IDH_Mutant,3547,0,0,1,
BACH1,0.44999688485535067,TAM1/TAM2/microglia,IDH_WT,3548,0,0,1,
DIRC2,0.4499642130656043,OPC_GABA_like_tumor,IDH_Mutant,3549,0,0,1,
JDP2,0.4498861591644605,TAM1/TAM2/microglia,IDH_WT,3550,0,0,1,
CALCOCO2,0.4498597240847091,OPC_GABA_like_tumor,IDH_WT,3551,0,0,1,
PROS1,0.449805962087977,OPC_GABA_like_tumor,IDH_Mutant,3552,0,0,1,
SUCO,0.44969782897661154,TAM1/TAM2/microglia,IDH_WT,3553,0,0,1,
SAP30BP,0.4496115282839817,OPC_GABA_like_tumor,IDH_Mutant,3554,0,0,1,
ARF6,0.44959514502612674,OPC_GABA_like_tumor,IDH_WT,3555,0,0,1,
DPY19L1,0.44956801142913144,OPC_GABA_like_tumor,IDH_WT,3556,0,0,1,
SECISBP2L,0.4495342781464843,cycling_tumor,IDH_WT,3557,0,0,1,
MT-ND2,0.4494309976061942,TAM1/TAM2/microglia,IDH_Mutant,3558,0,0,0,
KLHL9,0.44940488018473007,OPC_GABA_like_tumor,IDH_Mutant,3559,0,0,1,
CPED1,0.4493227177240412,TAM1/TAM2/microglia,IDH_Mutant,3560,0,0,1,
GCHFR,0.44928902992278985,TAM1/TAM2/microglia,IDH_WT,3561,0,0,1,
POLR2E,0.44923773297489705,OPC_GABA_AC_like_tumor,IDH_WT,3562,0,0,1,
CRTAP,0.44919557220270656,cycling_tumor,IDH_WT,3563,0,0,1,
EMILIN2,0.4491804501524417,OPC_GABA_like_tumor,IDH_WT,3564,0,0,1,
GABBR2,0.4490884689986953,OPC_GABA_like_tumor,IDH_Mutant,3565,0,0,1,
UBC,0.449039577956293,OPC_GABA_like_tumor,IDH_Mutant,3566,0,0,1,
RHBDL3,0.44900870506893253,OPC_GABA_like_tumor,IDH_Mutant,3567,0,0,1,
METTL15,0.44900067600110827,OPC_GABA_like_tumor,IDH_Mutant,3568,0,0,1,
IFI27L2,0.4489583348930162,TAM1/TAM2/microglia,IDH_Mutant,3569,0,0,1,
TIMM17A,0.4487967133223478,cycling_tumor,IDH_WT,3570,0,0,1,
COQ2,0.44875228620332897,TAM1/TAM2/microglia,IDH_Mutant,3571,0,0,1,
CCDC84,0.44874900491265723,TAM1/TAM2/microglia,IDH_Mutant,3572,0,0,1,
QPRT,0.4487429317985341,TAM1/TAM2/microglia,IDH_WT,3573,0,0,1,
TSFM,0.4487382296881973,OPC_GABA_like_tumor,IDH_WT,3574,0,0,1,
FUOM,0.44871834463058685,TAM1/TAM2/microglia,IDH_Mutant,3575,0,0,1,
EXOSC10,0.4486842481129168,OPC_GABA_like_tumor,IDH_WT,3576,0,0,1,
DYNC1LI1,0.44856632830688337,OPC_GABA_like_tumor,IDH_Mutant,3577,0,0,1,
SH3GL1,0.44850066042078385,OPC_GABA_like_tumor,IDH_Mutant,3578,0,0,1,
TMOD3,0.44848325861549626,cycling_tumor,IDH_WT,3579,0,0,1,
TGOLN2,0.4484320878246996,OPC_GABA_like_tumor,IDH_WT,3580,0,0,1,
ME2,0.4483643790966279,cycling_tumor,IDH_WT,3581,0,0,1,
PRPF38B,0.44835156996245623,TAM1/TAM2/microglia,IDH_WT,3582,0,0,1,
ADGRB1,0.4483385067103393,OPC_GABA_like_tumor,IDH_Mutant,3583,0,0,1,
ATL2,0.44828509870149913,TAM1/TAM2/microglia,IDH_Mutant,3584,0,0,1,
MTA1,0.4482362878981266,OPC_GABA_like_tumor,IDH_Mutant,3585,0,0,1,
AC091271.1,0.4482287833163083,OPC_GABA_like_tumor,IDH_Mutant,3586,0,0,1,
BRD3OS,0.44815701835881167,OPC_GABA_like_tumor,IDH_Mutant,3587,0,0,1,
PPP6C,0.44812058545320504,TAM1/TAM2/microglia,IDH_Mutant,3588,0,0,1,
NRXN2,0.448103775745213,OPC_GABA_like_tumor,IDH_Mutant,3589,0,0,1,
TOB2,0.44806154826657413,OPC_GABA_like_tumor,IDH_Mutant,3590,0,0,1,
TTC1,0.4479950130540612,OPC_GABA_like_tumor,IDH_WT,3591,0,0,1,
ACO1,0.44786626579484023,OPC_GABA_like_tumor,IDH_WT,3592,0,0,1,
KIAA1211,0.4478515077889095,OPC_GABA_like_tumor,IDH_Mutant,3593,0,0,1,
DMAC1,0.4478398967454276,TAM1/TAM2/microglia,IDH_Mutant,3594,0,0,1,
ALOX12-AS1,0.44783348971744213,OPC_GABA_like_tumor,IDH_Mutant,3595,0,0,1,
MRPS36,0.4477118017312101,TAM1/TAM2/microglia,IDH_Mutant,3596,0,0,0,
SLC39A11,0.4476502735769524,OPC_GABA_like_tumor,IDH_Mutant,3597,0,0,1,
DCTN4,0.4476500859313834,TAM1/TAM2/microglia,IDH_WT,3598,0,0,1,
LARP7,0.4476038929750665,OPC_GABA_like_tumor,IDH_WT,3599,0,0,1,
DOCK11,0.4475733306142162,TAM1/TAM2/microglia,IDH_Mutant,3600,0,0,1,
SERPINB9,0.44750856586052273,TAM1/TAM2/microglia,IDH_WT,3601,0,0,1,
AAK1,0.4472790001522052,TAM1/TAM2/microglia,IDH_WT,3602,0,0,1,
NLN,0.44725859428939313,OPC_GABA_like_tumor,IDH_WT,3603,0,0,1,
ARHGAP31,0.44712145442542184,OPC_GABA_like_tumor,IDH_Mutant,3604,0,0,1,
ZFAND1,0.44708962926467555,OPC_GABA_like_tumor,IDH_WT,3605,0,0,1,
PSENEN,0.44708903818934276,TAM1/TAM2/microglia,IDH_Mutant,3606,0,0,1,
IRF2BPL,0.44705225117845576,TAM1/TAM2/microglia,IDH_WT,3607,0,0,1,
C1GALT1C1,0.44705181952435413,OPC_GABA_like_tumor,IDH_Mutant,3608,0,0,1,
PNP,0.4470224829227412,OPC_GABA_like_tumor,IDH_WT,3609,0,0,1,
AP1G1,0.4469939161133527,TAM1/TAM2/microglia,IDH_Mutant,3610,0,0,1,
AGO4,0.4469383395077308,TAM1/TAM2/microglia,IDH_WT,3611,0,0,1,
ATG12,0.4469187764408086,OPC_GABA_like_tumor,IDH_Mutant,3612,0,0,1,
EPM2AIP1,0.4469020222677937,OPC_GABA_like_tumor,IDH_Mutant,3613,0,0,1,
GOLGA7,0.4468890000795689,cycling_tumor,IDH_Mutant,3614,0,0,1,
H2AFZ,0.44677761494101464,TAM1/TAM2/microglia,IDH_WT,3615,0,0,0,
CREBBP,0.44671297792932824,TAM1/TAM2/microglia,IDH_Mutant,3616,0,0,1,
PCSK7,0.44668832374820644,OPC_GABA_like_tumor,IDH_Mutant,3617,0,0,1,
RIPK2,0.4466617555982898,OPC_GABA_like_tumor,IDH_Mutant,3618,0,0,1,
CCNL2,0.4466443996944546,cycling_tumor,IDH_WT,3619,0,0,1,
GRIK2,0.44660117938974075,AC_like_tumor,IDH_Mutant,3620,0,0,1,
MRPL13,0.4465561609343255,OPC_GABA_like_tumor,IDH_Mutant,3621,0,0,0,
MTG2,0.44654116509641595,OPC_GABA_like_tumor,IDH_Mutant,3622,0,0,1,
CLSTN1,0.4465215817371912,TAM1/TAM2/microglia,IDH_Mutant,3623,0,0,1,
PMPCA,0.44650916221917314,OPC_GABA_like_tumor,IDH_WT,3624,0,0,1,
STX17,0.446204355975696,OPC_GABA_like_tumor,IDH_Mutant,3625,0,0,1,
SIAH2,0.44619076366690413,TAM1/TAM2/microglia,IDH_WT,3626,0,0,1,
ST3GAL1,0.44606186987913,TAM1/TAM2/microglia,IDH_Mutant,3627,0,0,1,
CLIP2,0.44604492098348203,OPC_GABA_like_tumor,IDH_WT,3628,0,0,1,
RAD1,0.44604331364211475,OPC_GABA_like_tumor,IDH_WT,3629,0,0,1,
SPHKAP,0.4459740984863421,OPC_GABA_like_tumor,IDH_Mutant,3630,0,0,1,
PPP2R2B,0.44594083217795166,OPC_GABA_like_tumor,IDH_WT,3631,0,0,1,
HLA-DOA,0.445925029836905,TAM1/TAM2/microglia,IDH_Mutant,3632,0,0,1,
PRPSAP1,0.44591806359892405,OPC_GABA_like_tumor,IDH_WT,3633,0,0,1,
GART,0.4458750976056738,OPC_GABA_AC_like_tumor,IDH_WT,3634,0,0,1,
KIAA1109,0.4458536441211889,OPC_GABA_like_tumor,IDH_Mutant,3635,0,0,1,
FOSB,0.44578867792533605,AC_like_tumor,IDH_Mutant,3636,0,0,1,
ADIPOR2,0.4457712250612925,OPC_GABA_like_tumor,IDH_Mutant,3637,0,0,1,
ARF4,0.44576083982860837,TAM1/TAM2/microglia,IDH_Mutant,3638,0,0,1,
PPP1R35,0.4457553540039455,cycling_tumor,IDH_WT,3639,0,0,1,
MRPL50,0.44574763209163837,OPC_GABA_like_tumor,IDH_WT,3640,0,0,0,
IL6ST,0.44562503797033093,TAM1/TAM2/microglia,IDH_WT,3641,0,0,1,
PDK3,0.44557585813705475,TAM1/TAM2/microglia,IDH_Mutant,3642,0,0,1,
BTAF1,0.44544552030128165,TAM1/TAM2/microglia,IDH_Mutant,3643,0,0,1,
ANAPC7,0.4454420028154454,OPC_GABA_like_tumor,IDH_WT,3644,0,0,1,
PANK2,0.44541892160517815,TAM1/TAM2/microglia,IDH_Mutant,3645,0,0,1,
TIMP2,0.4453950162322674,OPC_GABA_like_tumor,IDH_WT,3646,0,0,1,
NFKB1,0.44529985277088135,TAM1/TAM2/microglia,IDH_Mutant,3647,0,0,1,
NFIA,0.4452920634218728,OPC_GABA_like_tumor,IDH_Mutant,3648,0,0,1,
WDR46,0.4452720431609579,cycling_tumor,IDH_WT,3649,0,0,1,
ATF7IP,0.44518030965784544,TAM1/TAM2/microglia,IDH_Mutant,3650,0,0,1,
SRP54,0.4451583102379112,OPC_GABA_like_tumor,IDH_WT,3651,0,0,1,
PAIP2,0.4451532884611159,OPC_GABA_like_tumor,IDH_Mutant,3652,0,0,1,
SNRPC,0.4451355734515691,cycling_tumor,IDH_Mutant,3653,0,0,1,
ZNF576,0.4450626156733833,OPC_GABA_like_tumor,IDH_WT,3654,0,0,1,
DTYMK,0.4449605236657096,OPC_GABA_AC_like_tumor,IDH_WT,3655,0,0,1,
WSCD1,0.4448791249289066,OPC_GABA_AC_like_tumor,IDH_WT,3656,0,0,1,
SNX24,0.44475501967367154,TAM1/TAM2/microglia,IDH_Mutant,3657,0,0,1,
NIPBL,0.444562190595978,TAM1/TAM2/microglia,IDH_WT,3658,0,0,1,
SH3TC1,0.44443384949754944,TAM1/TAM2/microglia,IDH_Mutant,3659,0,0,1,
TTC32,0.4442856702990635,OPC_GABA_like_tumor,IDH_Mutant,3660,0,0,1,
POLR2J3.1,0.44425186312362114,AC_like_tumor,IDH_Mutant,3661,0,0,1,
MOB3C,0.4442423570101998,TAM1/TAM2/microglia,IDH_Mutant,3662,0,0,1,
PSMB8,0.44420607768881437,TAM1/TAM2/microglia,IDH_Mutant,3663,0,0,1,
DHX8,0.444196370448734,OPC_GABA_like_tumor,IDH_WT,3664,0,0,1,
NDUFS3,0.44419235866549006,TAM1/TAM2/microglia,IDH_Mutant,3665,0,0,0,
LAMTOR5,0.44408863767724915,TAM1/TAM2/microglia,IDH_Mutant,3666,0,0,1,
MASP1,0.44401633079020975,OPC_GABA_like_tumor,IDH_Mutant,3667,0,0,1,
ALYREF,0.4439893344927787,OPC_GABA_like_tumor,IDH_WT,3668,0,0,1,
FBXO21,0.4439686399306531,OPC_GABA_AC_like_tumor,IDH_WT,3669,0,0,1,
EXTL2,0.4438023091476723,OPC_GABA_like_tumor,IDH_WT,3670,0,0,1,
NSMCE2,0.44378989033355304,OPC_GABA_like_tumor,IDH_WT,3671,0,0,1,
PPP1R1A,0.4436439256939527,OPC_GABA_like_tumor,IDH_Mutant,3672,0,0,1,
CDK6,0.443594150664868,OPC_GABA_like_tumor,IDH_Mutant,3673,0,0,1,
RNASEK,0.44353487681469905,TAM1/TAM2/microglia,IDH_WT,3674,0,0,1,
METAP2,0.44345767202494824,cycling_tumor,IDH_Mutant,3675,0,0,1,
EXOC7,0.4433961628749087,OPC_GABA_like_tumor,IDH_Mutant,3676,0,0,1,
BUD23,0.4433411169104093,AC_like_tumor,IDH_Mutant,3677,0,0,1,
AFTPH,0.44333209590249706,TAM1/TAM2/microglia,IDH_Mutant,3678,0,0,1,
TOR1AIP2,0.44330358993606805,TAM1/TAM2/microglia,IDH_Mutant,3679,0,0,1,
TRIM8,0.4432527736250331,TAM1/TAM2/microglia,IDH_Mutant,3680,0,0,1,
SOX11,0.44319194500962267,cycling_tumor,IDH_WT,3681,0,0,1,
PRF1,0.44317127646087284,T cell,IDH_Mutant,3682,1,0,0,
ATM,0.4431001670342061,TAM1/TAM2/microglia,IDH_Mutant,3683,0,0,1,
MFHAS1,0.44307466916332794,OPC_GABA_like_tumor,IDH_Mutant,3684,0,0,1,
UBE2W,0.44304814534684384,TAM1/TAM2/microglia,IDH_WT,3685,0,0,1,
KIF9,0.44298282637692166,OPC_GABA_like_tumor,IDH_Mutant,3686,0,0,1,
RUVBL2,0.4429413619228259,OPC_GABA_AC_like_tumor,IDH_WT,3687,0,0,1,
TPP1,0.44293833122052845,OPC_GABA_like_tumor,IDH_Mutant,3688,0,0,1,
NELFB,0.4429040483357502,cycling_tumor,IDH_WT,3689,0,0,1,
EXOSC8,0.4428644569466318,OPC_GABA_like_tumor,IDH_WT,3690,0,0,1,
NEBL,0.44284685645392274,OPC_GABA_like_tumor,IDH_Mutant,3691,0,0,1,
HES6,0.4428311970876881,AC_like_tumor,IDH_WT,3692,0,0,1,
RREB1,0.4428197582488723,TAM1/TAM2/microglia,IDH_Mutant,3693,0,0,1,
SERINC3,0.44272613798999993,OPC_GABA_like_tumor,IDH_WT,3694,0,0,1,
SPPL3,0.442696220039537,TAM1/TAM2/microglia,IDH_Mutant,3695,0,0,1,
ACTR6,0.44263775610839556,cycling_tumor,IDH_Mutant,3696,0,0,1,
NLRP3,0.4426358658185169,TAM1/TAM2/microglia,IDH_WT,3697,0,0,1,
IGHM,0.4426144385726521,T cell,IDH_Mutant,3698,0,0,1,
PXDC1,0.4425673460354605,OPC_GABA_like_tumor,IDH_WT,3699,0,0,1,
ENSA,0.4425164869857342,TAM1/TAM2/microglia,IDH_Mutant,3700,0,0,1,
HP1BP3,0.4425051003410683,OPC_GABA_AC_like_tumor,IDH_WT,3701,0,0,1,
ZFR,0.44246760321821493,cycling_tumor,IDH_Mutant,3702,0,0,1,
TMEM38B,0.4424354049298868,OPC_GABA_like_tumor,IDH_WT,3703,0,0,1,
ZNF117,0.44242194175542604,OPC_GABA_like_tumor,IDH_WT,3704,0,0,1,
RCHY1,0.4423935504947143,OPC_GABA_like_tumor,IDH_Mutant,3705,0,0,1,
BAZ2A,0.44239165571095934,TAM1/TAM2/microglia,IDH_WT,3706,0,0,1,
PITPNA,0.44237502509301885,TAM1/TAM2/microglia,IDH_Mutant,3707,0,0,1,
FAM136A,0.4423649551280374,OPC_GABA_like_tumor,IDH_WT,3708,0,0,1,
YTHDF3,0.4422292080744244,TAM1/TAM2/microglia,IDH_Mutant,3709,0,0,1,
FAM133B,0.4422191783505305,TAM1/TAM2/microglia,IDH_Mutant,3710,0,0,1,
PPP2R2A,0.44216839876533526,TAM1/TAM2/microglia,IDH_WT,3711,0,0,1,
HLA-F,0.4421281840207646,TAM1/TAM2/microglia,IDH_Mutant,3712,0,0,1,
KCNT2,0.4421075131676157,OPC_GABA_like_tumor,IDH_Mutant,3713,0,0,1,
CRNDE,0.4420994765014033,OPC_GABA_like_tumor,IDH_WT,3714,0,0,1,
RPL36A,0.4420647580629452,TAM1/TAM2/microglia,IDH_Mutant,3715,0,0,0,
MFSD14C,0.4420445428583724,OPC_GABA_like_tumor,IDH_WT,3716,0,0,1,
POP7,0.4419477232216096,OPC_GABA_AC_like_tumor,IDH_WT,3717,0,0,1,
BLVRA,0.4419019261478246,OPC_GABA_AC_like_tumor,IDH_WT,3718,0,0,1,
MDFI,0.4417965465337935,OPC_GABA_AC_like_tumor,IDH_WT,3719,0,0,1,
ADGRL1,0.4417695948370083,OPC_GABA_like_tumor,IDH_Mutant,3720,0,0,1,
STAMBP,0.4417269255370556,cycling_tumor,IDH_WT,3721,0,0,1,
TUBA1A,0.44165204071293285,cycling_tumor,IDH_WT,3722,0,0,1,
RND2,0.44160947060492867,OPC_GABA_like_tumor,IDH_WT,3723,0,0,1,
LINC00662,0.4415978307605747,AC_like_tumor,IDH_Mutant,3724,0,0,1,
GDE1,0.4415615147539138,TAM1/TAM2/microglia,IDH_Mutant,3725,0,0,1,
EVL,0.44156034399299804,TAM1/TAM2/microglia,IDH_Mutant,3726,0,0,1,
C6orf120,0.4415328071453084,OPC_GABA_like_tumor,IDH_Mutant,3727,0,0,1,
ERICH1,0.4415065522936753,TAM1/TAM2/microglia,IDH_WT,3728,0,0,1,
DIAPH1,0.4415055667940929,cycling_tumor,IDH_WT,3729,0,0,1,
KDM6B,0.4414598222265761,TAM1/TAM2/microglia,IDH_WT,3730,0,0,1,
TTC14,0.44134574757932354,OPC_GABA_like_tumor,IDH_WT,3731,0,0,1,
ATP9B,0.4413448664429443,TAM1/TAM2/microglia,IDH_Mutant,3732,0,0,1,
DAD1,0.4413374674493203,TAM1/TAM2/microglia,IDH_Mutant,3733,0,0,1,
TRRAP,0.4413210832506717,OPC_GABA_like_tumor,IDH_WT,3734,0,0,1,
PEPD,0.44125868092059173,OPC_GABA_like_tumor,IDH_Mutant,3735,0,0,1,
GPS2,0.4412239034521219,OPC_GABA_like_tumor,IDH_WT,3736,0,0,1,
H1FX,0.44116364996423474,OPC_GABA_AC_like_tumor,IDH_WT,3737,0,0,0,
SLC25A11,0.44115297391274877,OPC_GABA_AC_like_tumor,IDH_WT,3738,0,0,1,
GPKOW,0.4411415979798704,OPC_GABA_like_tumor,IDH_Mutant,3739,0,0,1,
TUBB4B,0.44111899667567417,OPC_GABA_like_tumor,IDH_Mutant,3740,0,0,1,
KXD1,0.44108539661669327,cycling_tumor,IDH_WT,3741,0,0,1,
DHRS4L2,0.44099518560406076,OPC_GABA_like_tumor,IDH_Mutant,3742,0,0,1,
ZNF91,0.4409552881851847,cycling_tumor,IDH_WT,3743,0,0,1,
GFPT2,0.44080790132922054,OPC_GABA_like_tumor,IDH_Mutant,3744,0,0,1,
PRKN,0.44072167515878435,OPC_GABA_like_tumor,IDH_Mutant,3745,0,0,1,
MEIS3,0.4407201447317969,AC_like_tumor,IDH_Mutant,3746,0,0,1,
ACSS1,0.4406889780304487,OPC_GABA_like_tumor,IDH_Mutant,3747,0,0,1,
NUDT21,0.4406059736299027,OPC_GABA_like_tumor,IDH_Mutant,3748,0,0,1,
CDS2,0.44053154413958956,OPC_GABA_like_tumor,IDH_Mutant,3749,0,0,1,
MED21,0.44052923620378637,cycling_tumor,IDH_Mutant,3750,0,0,1,
PSMA4,0.4404714792173025,AC_like_tumor,IDH_Mutant,3751,0,0,1,
EIF2S2,0.440455725627232,TAM1/TAM2/microglia,IDH_Mutant,3752,0,0,0,
ZNF264,0.44043670655959577,OPC_GABA_like_tumor,IDH_WT,3753,0,0,1,
TNIP2,0.4403297652140757,OPC_GABA_like_tumor,IDH_Mutant,3754,0,0,1,
SH3BGR,0.44026611975778246,OPC_GABA_like_tumor,IDH_Mutant,3755,0,0,1,
IL17D,0.44024538895100473,OPC_GABA_like_tumor,IDH_Mutant,3756,0,0,1,
SV2A,0.44019286522543066,OPC_GABA_like_tumor,IDH_WT,3757,0,0,1,
BRAF,0.4401474764960879,TAM1/TAM2/microglia,IDH_Mutant,3758,0,0,1,
PPP2R5A,0.4400784854865771,OPC_GABA_like_tumor,IDH_Mutant,3759,0,0,1,
GLO1,0.439999641591973,OPC_GABA_like_tumor,IDH_Mutant,3760,0,0,1,
NFATC2,0.43995696109374827,TAM1/TAM2/microglia,IDH_Mutant,3761,0,0,1,
APPL2,0.4399404304801859,TAM1/TAM2/microglia,IDH_Mutant,3762,0,0,1,
RTCA,0.4398873113902324,cycling_tumor,IDH_WT,3763,0,0,1,
TPGS2,0.43983376590411727,OPC_GABA_like_tumor,IDH_WT,3764,0,0,1,
SFSWAP,0.4398140397714764,TAM1/TAM2/microglia,IDH_Mutant,3765,0,0,1,
SOD1,0.43980830001237836,TAM1/TAM2/microglia,IDH_Mutant,3766,0,0,1,
GATM,0.4397982309492785,OPC_GABA_like_tumor,IDH_Mutant,3767,0,0,1,
SNRNP35,0.43979539870580525,OPC_GABA_like_tumor,IDH_Mutant,3768,0,0,1,
MT-ND1,0.43974480860377974,TAM1/TAM2/microglia,IDH_Mutant,3769,0,0,0,
LY6H,0.43971621832669233,OPC_GABA_like_tumor,IDH_Mutant,3770,0,0,1,
RPS25,0.4395644472408232,cycling_tumor,IDH_WT,3771,0,0,0,
MPHOSPH8,0.4393363118538174,OPC_GABA_like_tumor,IDH_WT,3772,0,0,1,
PCGF5,0.43930308192533546,OPC_GABA_like_tumor,IDH_Mutant,3773,0,0,1,
SMIM30,0.4391860802122146,cycling_tumor,IDH_WT,3774,0,0,1,
MARCH1,0.4391696685345493,TAM1/TAM2/microglia,IDH_Mutant,3775,0,0,1,
DNAJC10,0.4391045483014776,TAM1/TAM2/microglia,IDH_WT,3776,0,0,1,
PNO1,0.4390803800947192,OPC_GABA_like_tumor,IDH_WT,3777,0,0,1,
RASGEF1B,0.43907746448093665,TAM1/TAM2/microglia,IDH_WT,3778,0,0,1,
EFHC1,0.43895684783464384,OPC_GABA_like_tumor,IDH_Mutant,3779,0,0,1,
ACTN2,0.4389499373456761,OPC_GABA_like_tumor,IDH_Mutant,3780,0,0,1,
SULF2,0.4389335772334553,OPC_GABA_like_tumor,IDH_WT,3781,0,0,1,
PEX10,0.43893231139995115,OPC_GABA_like_tumor,IDH_Mutant,3782,0,0,1,
COX7A2L,0.4389142171976637,TAM1/TAM2/microglia,IDH_Mutant,3783,0,0,0,
HADHA,0.4388910378371317,OPC_GABA_like_tumor,IDH_Mutant,3784,0,0,1,
SLC25A37,0.4388745872308153,TAM1/TAM2/microglia,IDH_Mutant,3785,0,0,1,
DNAJB11,0.4388172599460133,TAM1/TAM2/microglia,IDH_Mutant,3786,0,0,1,
SSR2,0.43871222912492075,TAM1/TAM2/microglia,IDH_WT,3787,0,0,1,
CMTM7,0.4387041426946484,TAM1/TAM2/microglia,IDH_Mutant,3788,0,0,1,
TMEM9B,0.43862282895690957,cycling_tumor,IDH_WT,3789,0,0,1,
NRBP2,0.4385699141472926,OPC_GABA_like_tumor,IDH_Mutant,3790,0,0,1,
GRIPAP1,0.43848048497916403,TAM1/TAM2/microglia,IDH_WT,3791,0,0,1,
RGS19,0.4384545592734911,TAM1/TAM2/microglia,IDH_Mutant,3792,0,0,1,
AC007388.1,0.4381722051575342,OPC_GABA_like_tumor,IDH_Mutant,3793,0,0,1,
MAP4K3,0.4380941933733398,TAM1/TAM2/microglia,IDH_Mutant,3794,0,0,1,
CDC42EP4,0.4378693925518545,OPC_GABA_like_tumor,IDH_Mutant,3795,0,0,1,
NECTIN3,0.437756171603305,OPC_GABA_like_tumor,IDH_Mutant,3796,0,0,1,
AZIN1-AS1,0.43764706435764833,OPC_GABA_like_tumor,IDH_Mutant,3797,0,0,1,
CPLANE1,0.4376186449570431,OPC_GABA_like_tumor,IDH_WT,3798,0,0,1,
MAML1,0.4375660455544783,OPC_GABA_like_tumor,IDH_WT,3799,0,0,1,
CHD8,0.4375579538209253,OPC_GABA_like_tumor,IDH_Mutant,3800,0,0,1,
NMD3,0.4374812412390908,OPC_GABA_like_tumor,IDH_Mutant,3801,0,0,1,
NAA10,0.4374776343556464,TAM1/TAM2/microglia,IDH_Mutant,3802,0,0,1,
HECTD2,0.4374418939221498,TAM1/TAM2/microglia,IDH_Mutant,3803,0,0,1,
ALKBH5,0.4374083684077824,cycling_tumor,IDH_WT,3804,0,0,1,
SEMA3E,0.4373326161456701,OPC_GABA_like_tumor,IDH_WT,3805,0,0,1,
NEDD4,0.4372994552751875,OPC_GABA_like_tumor,IDH_Mutant,3806,0,0,1,
SF3B2,0.43728974409730215,OPC_GABA_like_tumor,IDH_Mutant,3807,0,0,1,
UBR5,0.43710096984420915,TAM1/TAM2/microglia,IDH_Mutant,3808,0,0,1,
MPG,0.4370049683509315,TAM1/TAM2/microglia,IDH_Mutant,3809,0,0,1,
LAMTOR1,0.4369531960203526,TAM1/TAM2/microglia,IDH_Mutant,3810,0,0,1,
EEF1D,0.4369133715736545,T cell,IDH_WT,3811,0,0,0,
SENP7,0.43688852343602125,TAM1/TAM2/microglia,IDH_Mutant,3812,0,0,1,
SUB1,0.4368731713837346,TAM1/TAM2/microglia,IDH_WT,3813,0,0,1,
COPS5,0.4367942230697966,OPC_GABA_AC_like_tumor,IDH_WT,3814,0,0,1,
FER,0.43675196692944374,TAM1/TAM2/microglia,IDH_Mutant,3815,0,0,1,
ZSWIM7,0.4367262410980519,cycling_tumor,IDH_WT,3816,0,0,1,
RSRC2,0.4366751578350936,TAM1/TAM2/microglia,IDH_WT,3817,0,0,1,
LCOR,0.43658889386056365,TAM1/TAM2/microglia,IDH_Mutant,3818,0,0,1,
TRAK1,0.4365542781841496,TAM1/TAM2/microglia,IDH_Mutant,3819,0,0,1,
ISCA2,0.4364925044464301,OPC_GABA_like_tumor,IDH_WT,3820,0,0,1,
SPTY2D1,0.4364002200012399,TAM1/TAM2/microglia,IDH_WT,3821,0,0,1,
VEGFB,0.43637386077241447,OPC_GABA_like_tumor,IDH_WT,3822,0,0,1,
ZNF846,0.436316438616139,TAM1/TAM2/microglia,IDH_Mutant,3823,0,0,1,
SCRN3,0.436308286469927,OPC_GABA_like_tumor,IDH_WT,3824,0,0,1,
DPP7,0.4362589927491472,TAM1/TAM2/microglia,IDH_Mutant,3825,0,0,1,
FAM84B,0.4362473719053626,OPC_GABA_like_tumor,IDH_WT,3826,0,0,1,
TCTEX1D2,0.43621555612371116,OPC_GABA_like_tumor,IDH_WT,3827,0,0,1,
ADGRB3,0.4361574121879329,OPC_GABA_like_tumor,IDH_Mutant,3828,0,0,1,
AKAP8L,0.43613705306762884,OPC_GABA_like_tumor,IDH_WT,3829,0,0,1,
ATP5IF1,0.43606061889405645,TAM1/TAM2/microglia,IDH_Mutant,3830,0,0,0,
ADCY7,0.43599419928773814,TAM1/TAM2/microglia,IDH_WT,3831,0,0,1,
LYPLAL1,0.43598343048305005,OPC_GABA_like_tumor,IDH_Mutant,3832,0,0,1,
OSBPL11,0.4359673691428127,OPC_GABA_like_tumor,IDH_Mutant,3833,0,0,1,
ITGB5,0.4358850916917249,TAM1/TAM2/microglia,IDH_Mutant,3834,0,0,1,
PMP2,0.4358645235175377,AC_like_tumor,IDH_Mutant,3835,0,0,1,
ZNFX1,0.43585639278461946,TAM1/TAM2/microglia,IDH_Mutant,3836,0,0,1,
CTNNA3,0.435842851386062,OPC_GABA_like_tumor,IDH_Mutant,3837,0,0,1,
GPANK1,0.43582418312918564,OPC_GABA_like_tumor,IDH_WT,3838,0,0,1,
UVRAG,0.4357250672060745,TAM1/TAM2/microglia,IDH_WT,3839,0,0,1,
ACOT13,0.43565677364620736,OPC_GABA_like_tumor,IDH_WT,3840,0,0,1,
MKRN1,0.4355092513168516,cycling_tumor,IDH_WT,3841,0,0,1,
CFDP1,0.43550502976044925,OPC_GABA_like_tumor,IDH_Mutant,3842,0,0,1,
ILVBL,0.4354887535881874,OPC_GABA_like_tumor,IDH_WT,3843,0,0,1,
KCTD3,0.4354640013364083,OPC_GABA_like_tumor,IDH_Mutant,3844,0,0,1,
LEPROT,0.4353842608454329,cycling_tumor,IDH_WT,3845,0,0,1,
CADPS,0.4353453362811668,OPC_GABA_like_tumor,IDH_Mutant,3846,0,0,1,
PTTG1IP,0.435265402253167,OPC_GABA_AC_like_tumor,IDH_WT,3847,0,0,1,
IL33,0.43522099238636824,OPC_GABA_like_tumor,IDH_Mutant,3848,0,0,1,
DEPTOR,0.4351522333420599,TAM1/TAM2/microglia,IDH_Mutant,3849,0,0,1,
HNRNPL,0.43511161763106826,TAM1/TAM2/microglia,IDH_Mutant,3850,0,0,1,
RPL36AL,0.43502977175838276,OPC_GABA_like_tumor,IDH_Mutant,3851,0,0,0,
MINK1,0.43495565494014554,TAM1/TAM2/microglia,IDH_WT,3852,0,0,1,
LRRC59,0.43487068662508366,OPC_GABA_like_tumor,IDH_WT,3853,0,0,1,
PDE1C,0.4347733230355756,OPC_GABA_like_tumor,IDH_WT,3854,0,0,1,
PSMB7,0.4347720224007034,TAM1/TAM2/microglia,IDH_Mutant,3855,0,0,1,
MTAP,0.43474770688408115,OPC_GABA_like_tumor,IDH_Mutant,3856,0,0,1,
AL161772.1,0.43472859106086237,OPC_GABA_like_tumor,IDH_Mutant,3857,0,0,1,
TOR3A,0.4346727332898478,TAM1/TAM2/microglia,IDH_WT,3858,0,0,1,
HELZ,0.4346601244811345,TAM1/TAM2/microglia,IDH_WT,3859,0,0,1,
ARHGAP32,0.4345773315908071,OPC_GABA_like_tumor,IDH_WT,3860,0,0,1,
SERPINA1,0.43454964877686547,TAM1/TAM2/microglia,IDH_Mutant,3861,0,0,1,
LMCD1-AS1,0.4345459322435655,OPC_GABA_like_tumor,IDH_Mutant,3862,0,0,1,
ZDHHC3,0.43440469814342764,cycling_tumor,IDH_WT,3863,0,0,1,
SPEN,0.4343685636803591,TAM1/TAM2/microglia,IDH_WT,3864,0,0,1,
NADK2,0.434330489883358,OPC_GABA_like_tumor,IDH_Mutant,3865,0,0,1,
ARHGEF10L,0.4343053162281345,OPC_GABA_like_tumor,IDH_Mutant,3866,0,0,1,
ATP11B,0.43418882071286974,TAM1/TAM2/microglia,IDH_Mutant,3867,0,0,1,
CKAP4,0.43413537675128033,OPC_GABA_like_tumor,IDH_WT,3868,0,0,1,
FGFR1,0.43410761036944584,OPC_GABA_like_tumor,IDH_WT,3869,0,0,1,
MKNK1,0.4340983410727299,TAM1/TAM2/microglia,IDH_WT,3870,0,0,1,
RTCB,0.4340756999325701,OPC_GABA_AC_like_tumor,IDH_WT,3871,0,0,1,
ALKBH4,0.4340632952025828,OPC_GABA_like_tumor,IDH_WT,3872,0,0,1,
CCT2,0.43399644464804304,OPC_GABA_like_tumor,IDH_Mutant,3873,0,0,1,
EHMT1,0.4339809622860932,TAM1/TAM2/microglia,IDH_Mutant,3874,0,0,1,
PNPLA8,0.43396437039488733,TAM1/TAM2/microglia,IDH_Mutant,3875,0,0,1,
FAM49B,0.43395931483239575,OPC_GABA_AC_like_tumor,IDH_WT,3876,0,0,1,
NMU,0.4338848760998724,cycling_tumor,IDH_WT,3877,0,0,1,
AC005261.1,0.4338493267055445,AC_like_tumor,IDH_Mutant,3878,0,0,1,
TRMT11,0.4338306189208092,OPC_GABA_like_tumor,IDH_WT,3879,0,0,1,
PTAFR,0.4336813328478358,TAM1/TAM2/microglia,IDH_Mutant,3880,0,0,1,
CENPF,0.4336726154942501,OPC_GABA_like_tumor,IDH_WT,3881,0,0,1,
CHCHD2,0.43366790455043064,TAM1/TAM2/microglia,IDH_Mutant,3882,0,0,1,
TMEM147,0.4335898040808802,cycling_tumor,IDH_Mutant,3883,0,0,1,
YES1,0.43357779713169453,OPC_GABA_like_tumor,IDH_Mutant,3884,0,0,1,
HES5,0.4335252750545314,OPC_GABA_like_tumor,IDH_Mutant,3885,0,0,1,
SEMA4B,0.4334716129503026,OPC_GABA_like_tumor,IDH_Mutant,3886,0,0,1,
ZDHHC22,0.4334199869461455,OPC_GABA_like_tumor,IDH_Mutant,3887,0,0,1,
CAV2,0.43317115552578755,OPC_GABA_like_tumor,IDH_WT,3888,0,0,1,
KIAA0930,0.43313674786457723,OPC_GABA_like_tumor,IDH_Mutant,3889,0,0,1,
ETS2,0.43306112937383323,TAM1/TAM2/microglia,IDH_Mutant,3890,0,0,1,
PARP9,0.43299113116468335,TAM1/TAM2/microglia,IDH_WT,3891,0,0,1,
MRPS21,0.4329503227067014,TAM1/TAM2/microglia,IDH_Mutant,3892,0,0,0,
SFRP1,0.4329441318216933,cycling_tumor,IDH_WT,3893,0,0,1,
NKAIN4,0.43291495434705923,OPC_GABA_AC_like_tumor,IDH_Mutant,3894,0,0,1,
DNAJB6,0.4329036316157113,TAM1/TAM2/microglia,IDH_Mutant,3895,0,0,1,
SCNM1,0.4328658833076016,cycling_tumor,IDH_WT,3896,0,0,1,
NUDT16,0.43286559982570594,TAM1/TAM2/microglia,IDH_Mutant,3897,0,0,1,
CHORDC1,0.43285340780901305,TAM1/TAM2/microglia,IDH_Mutant,3898,0,0,1,
SASH1,0.4328296774187267,OPC_GABA_like_tumor,IDH_Mutant,3899,0,0,1,
ZNF160,0.43279357116992667,OPC_GABA_like_tumor,IDH_WT,3900,0,0,1,
OGA,0.43277582080686805,TAM1/TAM2/microglia,IDH_Mutant,3901,0,0,1,
USP6NL,0.4326818915949418,TAM1/TAM2/microglia,IDH_WT,3902,0,0,1,
CDC14B,0.4326224329233314,OPC_GABA_like_tumor,IDH_WT,3903,0,0,1,
RPS10,0.4325840331089218,OPC_GABA_like_tumor,IDH_WT,3904,0,0,0,
MANF,0.43256488723894754,OPC_GABA_AC_like_tumor,IDH_WT,3905,0,0,1,
PANK3,0.4325611807740676,cycling_tumor,IDH_WT,3906,0,0,1,
IL17RD,0.43255110096824767,OPC_GABA_like_tumor,IDH_Mutant,3907,0,0,1,
SUGP2,0.4325089642558865,OPC_GABA_like_tumor,IDH_Mutant,3908,0,0,1,
SNAPC1,0.4324820835392867,OPC_GABA_like_tumor,IDH_WT,3909,0,0,1,
AIF1L,0.43233952240481893,OPC_GABA_like_tumor,IDH_WT,3910,0,0,1,
CCDC6,0.4323372081610895,cycling_tumor,IDH_WT,3911,0,0,1,
GSDME,0.43231245779497796,OPC_GABA_like_tumor,IDH_WT,3912,0,0,1,
TMEM165,0.43227218966553,TAM1/TAM2/microglia,IDH_Mutant,3913,0,0,1,
TRAM1,0.432253532039543,OPC_GABA_like_tumor,IDH_WT,3914,0,0,1,
PTPRA,0.4322315034566707,OPC_GABA_like_tumor,IDH_WT,3915,0,0,1,
C7orf26,0.43215117290810623,OPC_GABA_like_tumor,IDH_WT,3916,0,0,1,
TBC1D14,0.4321508709841095,TAM1/TAM2/microglia,IDH_Mutant,3917,0,0,1,
C11orf71,0.43208243274378305,OPC_GABA_like_tumor,IDH_Mutant,3918,0,0,1,
PSEN1,0.43206094381039567,TAM1/TAM2/microglia,IDH_WT,3919,0,0,1,
PRSS35,0.43195888170888797,OPC_GABA_like_tumor,IDH_Mutant,3920,0,0,1,
GLDC,0.43192402467495505,OPC_GABA_like_tumor,IDH_WT,3921,0,0,1,
CISD3,0.4317350139303346,TAM1/TAM2/microglia,IDH_Mutant,3922,0,0,1,
PIGK,0.43171799770524705,OPC_GABA_like_tumor,IDH_Mutant,3923,0,0,1,
YBX1,0.4317111335483427,T cell,IDH_WT,3924,0,0,1,
JTB,0.43167787926322665,TAM1/TAM2/microglia,IDH_Mutant,3925,0,0,1,
NPC1,0.43167771158810775,TAM1/TAM2/microglia,IDH_Mutant,3926,0,0,1,
KCMF1,0.4315232495663654,TAM1/TAM2/microglia,IDH_Mutant,3927,0,0,1,
FAM102A,0.43149568309421554,OPC_GABA_like_tumor,IDH_Mutant,3928,0,0,1,
LINC00632,0.4314375161157177,OPC_GABA_like_tumor,IDH_Mutant,3929,0,0,1,
THADA,0.4313982903451262,TAM1/TAM2/microglia,IDH_Mutant,3930,0,0,1,
SLC25A18,0.43128812846128994,OPC_GABA_like_tumor,IDH_Mutant,3931,0,0,1,
SCRIB,0.43127309623962,OPC_GABA_like_tumor,IDH_Mutant,3932,1,0,0,
HSDL2,0.4312330810948509,OPC_GABA_like_tumor,IDH_Mutant,3933,0,0,1,
TAGAP,0.4312212184647299,TAM1/TAM2/microglia,IDH_Mutant,3934,0,0,1,
C8orf59,0.43120953424197966,OPC_GABA_like_tumor,IDH_WT,3935,0,0,1,
UQCC2,0.43115016668142314,TAM1/TAM2/microglia,IDH_Mutant,3936,0,0,1,
TUBGCP2,0.43114743845146347,cycling_tumor,IDH_Mutant,3937,0,0,1,
SH3GL2,0.43112457128263654,OPC_GABA_like_tumor,IDH_Mutant,3938,0,0,1,
SIRPA,0.4310451411914998,OPC_GABA_like_tumor,IDH_Mutant,3939,0,0,1,
TMEM65,0.4310311873924041,OPC_GABA_like_tumor,IDH_Mutant,3940,0,0,1,
BTBD6,0.4310139317044128,cycling_tumor,IDH_WT,3941,0,0,1,
ICE2,0.4309845417418967,TAM1/TAM2/microglia,IDH_Mutant,3942,0,0,1,
NT5C2,0.4309285523079656,TAM1/TAM2/microglia,IDH_Mutant,3943,0,0,1,
GPR37L1,0.4308954961812689,OPC_GABA_like_tumor,IDH_Mutant,3944,0,0,1,
LINC01678,0.4307609695483512,TAM1/TAM2/microglia,IDH_WT,3945,0,0,1,
ASCC1,0.43075049576294744,OPC_GABA_like_tumor,IDH_Mutant,3946,0,0,1,
PYGB,0.4306920126544515,OPC_GABA_like_tumor,IDH_Mutant,3947,0,0,1,
LZIC,0.43067973070760335,OPC_GABA_like_tumor,IDH_Mutant,3948,0,0,1,
RRP15,0.43066110960309656,OPC_GABA_like_tumor,IDH_Mutant,3949,0,0,1,
QDPR,0.43065154562919494,cycling_tumor,IDH_WT,3950,0,0,1,
PLD3,0.4306390259340403,cycling_tumor,IDH_WT,3951,0,0,1,
DCAF5,0.43061844005839883,TAM1/TAM2/microglia,IDH_Mutant,3952,0,0,1,
FADS3,0.43061416314037854,OPC_GABA_like_tumor,IDH_WT,3953,0,0,1,
RNF168,0.43050306628750423,TAM1/TAM2/microglia,IDH_Mutant,3954,0,0,1,
NHSL1,0.43045934150322107,TAM1/TAM2/microglia,IDH_Mutant,3955,0,0,1,
RPUSD3,0.43042262862028036,OPC_GABA_like_tumor,IDH_Mutant,3956,0,0,1,
INO80E,0.43041261645570505,cycling_tumor,IDH_WT,3957,0,0,1,
SPPL2A,0.4303726853534574,TAM1/TAM2/microglia,IDH_Mutant,3958,0,0,1,
ATP6V1D,0.4302689527266308,cycling_tumor,IDH_Mutant,3959,0,0,1,
PAF1,0.43020744329824395,OPC_GABA_like_tumor,IDH_WT,3960,0,0,1,
SF3B6,0.4300044541656258,TAM1/TAM2/microglia,IDH_WT,3961,0,0,1,
FAIM2,0.4299967521458961,OPC_GABA_like_tumor,IDH_Mutant,3962,0,0,1,
SSRP1,0.4299762244102808,OPC_GABA_like_tumor,IDH_Mutant,3963,0,0,1,
ZDHHC4,0.42996589656224804,OPC_GABA_like_tumor,IDH_WT,3964,0,0,1,
COX11,0.4299051090016424,OPC_GABA_AC_like_tumor,IDH_WT,3965,0,0,0,
CCNK,0.429878237820564,TAM1/TAM2/microglia,IDH_Mutant,3966,0,0,1,
TMEM50B,0.4296065268996398,OPC_GABA_like_tumor,IDH_Mutant,3967,0,0,1,
RSL24D1,0.42954125566677587,TAM1/TAM2/microglia,IDH_Mutant,3968,0,0,1,
IKBIP,0.429495959655603,cycling_tumor,IDH_WT,3969,0,0,1,
MYADM,0.42933341368581746,TAM1/TAM2/microglia,IDH_Mutant,3970,0,0,1,
KRCC1,0.42931409230593953,OPC_GABA_like_tumor,IDH_WT,3971,0,0,1,
ALG6,0.42929527046559873,OPC_GABA_like_tumor,IDH_WT,3972,0,0,1,
CAMK1D,0.42927062454726095,OPC_GABA_like_tumor,IDH_Mutant,3973,0,0,1,
LAMB2,0.42921297933736036,OPC_GABA_like_tumor,IDH_Mutant,3974,0,0,1,
Z93241.1,0.42915956861045046,OPC_GABA_like_tumor,IDH_Mutant,3975,0,0,1,
FAM199X,0.42897303259821806,OPC_GABA_like_tumor,IDH_WT,3976,0,0,1,
NARS,0.42888388035695035,OPC_GABA_like_tumor,IDH_WT,3977,0,0,1,
DDX56,0.42880387629158034,OPC_GABA_like_tumor,IDH_WT,3978,0,0,1,
MCRS1,0.4287299755038232,OPC_GABA_like_tumor,IDH_WT,3979,0,0,1,
ADNP2,0.4286415219261862,OPC_GABA_like_tumor,IDH_WT,3980,0,0,1,
MINCR,0.4286283302121129,OPC_GABA_like_tumor,IDH_Mutant,3981,0,0,1,
ROMO1,0.4286053021924438,TAM1/TAM2/microglia,IDH_Mutant,3982,0,0,1,
SYAP1,0.4285419335104185,OPC_GABA_like_tumor,IDH_WT,3983,0,0,1,
PIP4K2A,0.4284791840799995,OPC_GABA_like_tumor,IDH_Mutant,3984,0,0,1,
ITGAE,0.42838753486659764,OPC_GABA_like_tumor,IDH_WT,3985,0,0,1,
WASF2,0.42833690883271347,OPC_GABA_like_tumor,IDH_Mutant,3986,0,0,1,
RECK,0.4281891460114394,TAM1/TAM2/microglia,IDH_Mutant,3987,0,0,1,
GSTK1,0.428173358675382,OPC_GABA_like_tumor,IDH_Mutant,3988,0,0,1,
TEX14,0.42803530956010094,TAM1/TAM2/microglia,IDH_Mutant,3989,0,0,1,
WLS,0.42801867557666357,OPC_GABA_like_tumor,IDH_Mutant,3990,0,0,1,
DCAF6,0.4279667804010473,TAM1/TAM2/microglia,IDH_Mutant,3991,0,0,1,
AHCTF1,0.4278758541177966,OPC_GABA_like_tumor,IDH_Mutant,3992,0,0,1,
SLC36A4,0.4278634707033221,TAM1/TAM2/microglia,IDH_Mutant,3993,0,0,1,
CACNB2,0.4277684254579994,OPC_GABA_like_tumor,IDH_Mutant,3994,0,0,1,
DTWD1,0.4277482124013689,OPC_GABA_like_tumor,IDH_WT,3995,0,0,1,
DIMT1,0.42774500026162504,OPC_GABA_like_tumor,IDH_WT,3996,0,0,1,
LRRC47,0.42764858565668495,OPC_GABA_like_tumor,IDH_Mutant,3997,0,0,1,
GABRB3,0.427596944426101,AC_like_tumor,IDH_Mutant,3998,0,0,1,
ROCK2,0.42751128478406075,OPC_GABA_like_tumor,IDH_WT,3999,0,0,1,
TSC22D4,0.42750533975702093,T cell,IDH_WT,4000,0,0,1,
RNF146,0.4274832996162477,TAM1/TAM2/microglia,IDH_Mutant,4001,0,0,1,
CRISPLD1,0.42748162242364673,OPC_GABA_like_tumor,IDH_Mutant,4002,0,0,1,
SEC23B,0.427454248835915,TAM1/TAM2/microglia,IDH_Mutant,4003,0,0,1,
TECR,0.4273797048292517,OPC_GABA_AC_like_tumor,IDH_WT,4004,0,0,1,
LETMD1,0.42733445147788157,AC_like_tumor,IDH_Mutant,4005,0,0,1,
TTC38,0.4272995938543388,T cell,IDH_Mutant,4006,0,0,1,
TBC1D15,0.42725300189872184,cycling_tumor,IDH_WT,4007,0,0,1,
DLEU7-AS1,0.42723624834661383,TAM1/TAM2/microglia,IDH_Mutant,4008,0,0,1,
ORMDL2,0.42722349760681916,OPC_GABA_like_tumor,IDH_WT,4009,0,0,1,
TATDN1,0.42716775114625555,OPC_GABA_like_tumor,IDH_WT,4010,0,0,1,
DNM2,0.427146379188381,TAM1/TAM2/microglia,IDH_Mutant,4011,0,0,1,
ATAD2,0.427129598166929,OPC_GABA_like_tumor,IDH_WT,4012,0,0,1,
ARL13B,0.427122135314386,OPC_GABA_like_tumor,IDH_Mutant,4013,0,0,1,
RORA,0.42710853963670203,OPC_GABA_like_tumor,IDH_Mutant,4014,0,0,1,
SFT2D1,0.42689441107877146,OPC_GABA_like_tumor,IDH_WT,4015,0,0,1,
PLCD3,0.42689379807251804,OPC_GABA_like_tumor,IDH_Mutant,4016,0,0,1,
GNPDA1,0.42664952798105416,OPC_GABA_like_tumor,IDH_WT,4017,0,0,1,
DOCK2,0.4266379821292617,TAM1/TAM2/microglia,IDH_WT,4018,0,0,1,
SULT1C4,0.42655570515315444,OPC_GABA_like_tumor,IDH_Mutant,4019,0,0,1,
LRFN4,0.42654159244093065,OPC_GABA_like_tumor,IDH_Mutant,4020,0,0,1,
HPR,0.42651231883759033,OPC_GABA_like_tumor,IDH_Mutant,4021,0,0,1,
LOXL3,0.42649324216967077,TAM1/TAM2/microglia,IDH_Mutant,4022,0,0,1,
ADI1,0.42638711423464315,OPC_GABA_like_tumor,IDH_Mutant,4023,0,0,1,
FRYL,0.4263633502310967,TAM1/TAM2/microglia,IDH_Mutant,4024,0,0,1,
BANF1,0.42632995974882915,TAM1/TAM2/microglia,IDH_Mutant,4025,0,0,1,
MBTPS1,0.4261412569656783,OPC_GABA_like_tumor,IDH_WT,4026,0,0,1,
ECSIT,0.42607644154491114,OPC_GABA_like_tumor,IDH_WT,4027,0,0,1,
LRRN3,0.42604765287116797,OPC_GABA_like_tumor,IDH_Mutant,4028,0,0,1,
ZBTB7A,0.4258090845571948,OPC_GABA_like_tumor,IDH_Mutant,4029,0,0,1,
KDM3B,0.4258080417664207,AC_like_tumor,IDH_Mutant,4030,0,0,1,
UST,0.42574911913921837,AC_like_tumor,IDH_Mutant,4031,0,0,1,
PCF11,0.4256340132885762,cycling_tumor,IDH_WT,4032,0,0,1,
CALU,0.42560682139965306,OPC_GABA_AC_like_tumor,IDH_WT,4033,0,0,1,
PNISR,0.42551254660211624,TAM1/TAM2/microglia,IDH_WT,4034,0,0,1,
BZW1,0.4254608161890038,OPC_GABA_AC_like_tumor,IDH_WT,4035,0,0,1,
CFL1,0.425421532282854,TAM1/TAM2/microglia,IDH_Mutant,4036,0,0,1,
IDH3G,0.4252937720929676,OPC_GABA_like_tumor,IDH_WT,4037,0,0,1,
MID1IP1,0.42528977285783726,OPC_GABA_like_tumor,IDH_WT,4038,0,0,1,
C9orf3,0.42525455979354854,OPC_GABA_like_tumor,IDH_Mutant,4039,0,0,1,
PSPC1,0.4252415834837504,OPC_GABA_like_tumor,IDH_Mutant,4040,0,0,1,
CEBPG,0.4251657948781361,OPC_GABA_like_tumor,IDH_WT,4041,0,0,1,
RAP1GDS1,0.42516193675056035,TAM1/TAM2/microglia,IDH_Mutant,4042,0,0,1,
NRARP,0.42505570978305596,OPC_GABA_like_tumor,IDH_Mutant,4043,0,0,1,
PBDC1,0.4250007044154064,OPC_GABA_like_tumor,IDH_WT,4044,0,0,1,
NLRP1,0.42500026624306936,TAM1/TAM2/microglia,IDH_Mutant,4045,0,0,1,
DUSP26,0.4249660239660325,AC_like_tumor,IDH_Mutant,4046,0,0,1,
CNTRL,0.424926503717736,TAM1/TAM2/microglia,IDH_WT,4047,0,0,1,
IFI27L1,0.4248133427128603,OPC_GABA_like_tumor,IDH_WT,4048,0,0,1,
AKAP6,0.42481019590904123,OPC_GABA_like_tumor,IDH_Mutant,4049,0,0,1,
PPP1R12A,0.4247860846815816,TAM1/TAM2/microglia,IDH_WT,4050,0,0,1,
ACAT1,0.42478294626732715,AC_like_tumor,IDH_Mutant,4051,0,0,1,
RLF,0.4247210908094677,TAM1/TAM2/microglia,IDH_Mutant,4052,0,0,1,
YME1L1,0.42467293043454984,OPC_GABA_like_tumor,IDH_WT,4053,0,0,1,
ATF4,0.4244344353724494,OPC_GABA_like_tumor,IDH_Mutant,4054,0,0,1,
PCNX4,0.4244029969009084,TAM1/TAM2/microglia,IDH_Mutant,4055,0,0,1,
CUEDC2,0.4243814929518985,TAM1/TAM2/microglia,IDH_Mutant,4056,0,0,1,
NOS1AP,0.4243736507104329,OPC_GABA_like_tumor,IDH_Mutant,4057,0,0,1,
NAA50,0.42436715080582754,OPC_GABA_like_tumor,IDH_WT,4058,0,0,1,
WBP1L,0.42432789174002056,TAM1/TAM2/microglia,IDH_Mutant,4059,0,0,1,
CLIC4,0.4240146295175916,OPC_GABA_like_tumor,IDH_Mutant,4060,0,0,1,
IFT88,0.4239263860383947,OPC_GABA_like_tumor,IDH_Mutant,4061,0,0,1,
MX1,0.4239133270114813,TAM1/TAM2/microglia,IDH_Mutant,4062,0,0,1,
BICD2,0.4238639723819757,TAM1/TAM2/microglia,IDH_WT,4063,0,0,1,
AC006333.2,0.4237959452658611,OPC_GABA_like_tumor,IDH_WT,4064,0,0,1,
PLPP3,0.42377673291255835,OPC_GABA_like_tumor,IDH_WT,4065,0,0,1,
CCDC28B,0.42375228797145,OPC_GABA_AC_like_tumor,IDH_WT,4066,0,0,1,
TPK1,0.4237374842957811,TAM1/TAM2/microglia,IDH_Mutant,4067,0,0,1,
UBL7-AS1,0.4236585056826915,OPC_GABA_like_tumor,IDH_Mutant,4068,0,0,1,
TCEA2,0.4236296373576175,OPC_GABA_like_tumor,IDH_Mutant,4069,0,0,1,
SEPHS1,0.423623760783926,OPC_GABA_like_tumor,IDH_Mutant,4070,0,0,1,
ZEB2-AS1,0.4236115868482762,TAM1/TAM2/microglia,IDH_Mutant,4071,0,0,1,
SGK1,0.4235514732276407,OPC_GABA_AC_like_tumor,IDH_WT,4072,0,0,1,
SNX5,0.42354680230006475,OPC_GABA_like_tumor,IDH_WT,4073,0,0,1,
CSPG5,0.42347064096601483,OPC_GABA_AC_like_tumor,IDH_WT,4074,0,0,1,
MANBA,0.4234101125222952,TAM1/TAM2/microglia,IDH_Mutant,4075,0,0,1,
ACSL6,0.42337892611466144,OPC_GABA_like_tumor,IDH_Mutant,4076,0,0,1,
GPR180,0.4233601310494115,OPC_GABA_like_tumor,IDH_WT,4077,0,0,1,
P2RX4,0.4233574472897958,TAM1/TAM2/microglia,IDH_Mutant,4078,0,0,1,
B3GAT2,0.423322763294905,OPC_GABA_like_tumor,IDH_Mutant,4079,0,0,1,
CRYZL1,0.4232363397992736,OPC_GABA_like_tumor,IDH_WT,4080,0,0,1,
TFDP1,0.42321617353701874,cycling_tumor,IDH_WT,4081,0,0,1,
AIP,0.42310752523027506,TAM1/TAM2/microglia,IDH_Mutant,4082,0,0,1,
PRKAG1,0.4230960770574055,OPC_GABA_like_tumor,IDH_WT,4083,0,0,1,
LRP2BP,0.42309448355914325,OPC_GABA_like_tumor,IDH_Mutant,4084,0,0,1,
PDXK,0.42293071646939817,OPC_GABA_like_tumor,IDH_Mutant,4085,0,0,1,
IPMK,0.42291733280037347,TAM1/TAM2/microglia,IDH_Mutant,4086,0,0,1,
EAPP,0.4228793782706412,cycling_tumor,IDH_Mutant,4087,0,0,1,
NF1,0.42284791385664755,TAM1/TAM2/microglia,IDH_Mutant,4088,0,0,1,
DERA,0.42282590863226,OPC_GABA_like_tumor,IDH_Mutant,4089,0,0,1,
WIPI2,0.42275754552998696,cycling_tumor,IDH_WT,4090,0,0,1,
TMED7,0.4226706089769108,OPC_GABA_like_tumor,IDH_Mutant,4091,0,0,1,
SYMPK,0.42260237358836134,OPC_GABA_like_tumor,IDH_WT,4092,0,0,1,
NOTCH2,0.42259213298931647,OPC_GABA_like_tumor,IDH_Mutant,4093,0,0,1,
ETNK1,0.4225392925293992,TAM1/TAM2/microglia,IDH_WT,4094,0,0,1,
GTF2H3,0.4224936410154708,cycling_tumor,IDH_WT,4095,0,0,1,
LRRCC1,0.4224609823236564,OPC_GABA_like_tumor,IDH_Mutant,4096,0,0,1,
RNMT,0.4224526511876232,cycling_tumor,IDH_Mutant,4097,0,0,1,
PSMC4,0.42243399465396514,OPC_GABA_like_tumor,IDH_WT,4098,0,0,1,
RPL23,0.42242524736414955,TAM1/TAM2/microglia,IDH_Mutant,4099,0,0,0,
GOSR2,0.4223964091659835,cycling_tumor,IDH_WT,4100,0,0,1,
ZBED1,0.422379909208993,OPC_GABA_like_tumor,IDH_WT,4101,0,0,1,
GALNT15,0.42225202928810557,OPC_GABA_like_tumor,IDH_Mutant,4102,0,0,1,
EBAG9,0.42205720399054425,OPC_GABA_like_tumor,IDH_WT,4103,0,0,1,
RABGAP1,0.4220304895853536,OPC_GABA_like_tumor,IDH_WT,4104,0,0,1,
CXCL16,0.4220227396148958,TAM1/TAM2/microglia,IDH_WT,4105,0,0,1,
NAGLU,0.42194819135190353,OPC_GABA_like_tumor,IDH_WT,4106,0,0,1,
AC006059.1,0.42192740601315853,OPC_GABA_like_tumor,IDH_Mutant,4107,0,0,1,
EIF3M,0.4219233044818573,TAM1/TAM2/microglia,IDH_Mutant,4108,0,0,0,
HAUS6,0.42192175585988156,OPC_GABA_like_tumor,IDH_WT,4109,0,0,1,
ZNF518A,0.42189073550005246,OPC_GABA_like_tumor,IDH_Mutant,4110,0,0,1,
ADAMTS1,0.4218712956331306,OPC_GABA_like_tumor,IDH_WT,4111,0,0,1,
DAP,0.4218234999068525,TAM1/TAM2/microglia,IDH_Mutant,4112,0,0,1,
ADORA3,0.4218020324390833,TAM1/TAM2/microglia,IDH_WT,4113,0,0,1,
RFX2,0.42177601542498355,OPC_GABA_like_tumor,IDH_Mutant,4114,0,0,1,
CERS1,0.4217506391833279,OPC_GABA_like_tumor,IDH_WT,4115,0,0,1,
SRSF6,0.4217414883570618,TAM1/TAM2/microglia,IDH_Mutant,4116,0,0,1,
RPS6,0.4217107051492001,TAM1/TAM2/microglia,IDH_WT,4117,0,0,0,
SLC6A8,0.4215304095341411,OPC_GABA_like_tumor,IDH_WT,4118,0,0,1,
SPACA9,0.4214860577637497,OPC_GABA_like_tumor,IDH_Mutant,4119,0,0,1,
NARF,0.42142977298854517,OPC_GABA_like_tumor,IDH_Mutant,4120,0,0,1,
DUSP1,0.4214123452908975,OPC_GABA_like_tumor,IDH_Mutant,4121,0,0,1,
PSMD13,0.42137554458081283,OPC_GABA_like_tumor,IDH_Mutant,4122,0,0,1,
JOSD2,0.4212566406945831,OPC_GABA_like_tumor,IDH_Mutant,4123,0,0,1,
ATP2C1,0.42120377729480013,cycling_tumor,IDH_WT,4124,0,0,1,
KDM6A,0.4211417932666599,TAM1/TAM2/microglia,IDH_Mutant,4125,0,0,1,
POLE3,0.4210666646190929,OPC_GABA_like_tumor,IDH_WT,4126,0,0,1,
LARS,0.42104476532179147,OPC_GABA_like_tumor,IDH_Mutant,4127,0,0,1,
PAQR6,0.42090587102482324,OPC_GABA_like_tumor,IDH_Mutant,4128,0,0,1,
SRR,0.42086306099697657,OPC_GABA_like_tumor,IDH_Mutant,4129,0,0,1,
RACK1,0.4208476204066596,TAM1/TAM2/microglia,IDH_Mutant,4130,0,0,1,
TSPAN12,0.4207375492824544,OPC_GABA_like_tumor,IDH_Mutant,4131,0,0,1,
ATXN2,0.420717852303597,TAM1/TAM2/microglia,IDH_Mutant,4132,0,0,1,
NBN,0.42071687646532985,OPC_GABA_like_tumor,IDH_WT,4133,0,0,1,
TAF10,0.4206321507986286,TAM1/TAM2/microglia,IDH_Mutant,4134,0,0,1,
GRINA,0.42061882159541397,OPC_GABA_like_tumor,IDH_Mutant,4135,0,0,1,
ARHGEF17,0.42060859751870827,OPC_GABA_like_tumor,IDH_Mutant,4136,0,0,1,
WDFY4,0.42048636084895374,TAM1/TAM2/microglia,IDH_Mutant,4137,0,0,1,
BMP2K,0.42045049154384195,OPC_GABA_like_tumor,IDH_Mutant,4138,0,0,1,
ARID5A,0.4204310735789387,TAM1/TAM2/microglia,IDH_Mutant,4139,0,0,1,
CHCHD6,0.42042146578718054,OPC_GABA_like_tumor,IDH_WT,4140,0,0,1,
PIANP,0.4203983839631763,AC_like_tumor,IDH_Mutant,4141,0,0,1,
NECTIN2,0.4203411493996514,TAM1/TAM2/microglia,IDH_Mutant,4142,0,0,1,
FAAP20,0.42028393286744176,TAM1/TAM2/microglia,IDH_Mutant,4143,0,0,1,
PRKX,0.4202507071896135,OPC_GABA_like_tumor,IDH_WT,4144,0,0,1,
MOGS,0.42021887706831984,OPC_GABA_like_tumor,IDH_WT,4145,0,0,1,
HGSNAT,0.4201406401132143,TAM1/TAM2/microglia,IDH_Mutant,4146,0,0,1,
HTATSF1,0.42013000622587154,OPC_GABA_like_tumor,IDH_WT,4147,0,0,1,
MMADHC,0.4201006471228844,OPC_GABA_like_tumor,IDH_WT,4148,0,0,1,
RCC2,0.42000610409380473,TAM1/TAM2/microglia,IDH_Mutant,4149,0,0,1,
SLC27A5,0.41996793652267705,OPC_GABA_like_tumor,IDH_WT,4150,0,0,1,
KCTD6,0.41986561687919954,OPC_GABA_like_tumor,IDH_Mutant,4151,0,0,1,
ADGRA3,0.41983811891023315,OPC_GABA_like_tumor,IDH_Mutant,4152,0,0,1,
TFB1M,0.4197724477398214,OPC_GABA_like_tumor,IDH_Mutant,4153,0,0,1,
CDR1,0.41973685666750066,OPC_GABA_like_tumor,IDH_Mutant,4154,0,0,1,
DCUN1D5,0.4197178415814463,OPC_GABA_like_tumor,IDH_Mutant,4155,0,0,1,
FAM76A,0.41956910941191206,OPC_GABA_like_tumor,IDH_Mutant,4156,0,0,1,
METTL2B,0.4194869224105419,OPC_GABA_like_tumor,IDH_Mutant,4157,0,0,1,
ZBED3-AS1,0.41940129436248774,OPC_GABA_like_tumor,IDH_Mutant,4158,0,0,1,
UBL3,0.419254714969746,OPC_GABA_like_tumor,IDH_WT,4159,0,0,1,
ZNF267,0.4192494639080161,TAM1/TAM2/microglia,IDH_Mutant,4160,0,0,1,
C6orf226,0.4191656711662516,OPC_GABA_like_tumor,IDH_Mutant,4161,0,0,1,
CCNH,0.4190849363536441,TAM1/TAM2/microglia,IDH_WT,4162,0,0,1,
CCDC85B,0.4190788526472861,TAM1/TAM2/microglia,IDH_Mutant,4163,0,0,1,
ACBD3,0.418968155372159,OPC_GABA_like_tumor,IDH_WT,4164,0,0,1,
PPP1R14B,0.41895764397761737,TAM1/TAM2/microglia,IDH_WT,4165,0,0,1,
SLC30A7,0.418956712431407,TAM1/TAM2/microglia,IDH_Mutant,4166,0,0,1,
CDC37L1,0.418924460304546,OPC_GABA_like_tumor,IDH_WT,4167,0,0,1,
GGH,0.4188875948006191,OPC_GABA_like_tumor,IDH_WT,4168,0,0,1,
SELENOS,0.41885321429486233,cycling_tumor,IDH_WT,4169,0,0,1,
NFKBIL1,0.4188065316826832,OPC_GABA_like_tumor,IDH_WT,4170,0,0,1,
NR3C2,0.41878475475154175,OPC_GABA_like_tumor,IDH_Mutant,4171,0,0,1,
HSPE1,0.4187514322350487,OPC_GABA_like_tumor,IDH_Mutant,4172,0,0,1,
KCTD1,0.4187296114807236,OPC_GABA_like_tumor,IDH_Mutant,4173,0,0,1,
SENP6,0.4186323950348013,TAM1/TAM2/microglia,IDH_Mutant,4174,0,0,1,
TBX2-AS1,0.41854785766800573,OPC_GABA_like_tumor,IDH_Mutant,4175,0,0,1,
SMAD9,0.41847656716309745,OPC_GABA_like_tumor,IDH_Mutant,4176,0,0,1,
QTRT2,0.4184580090057063,OPC_GABA_like_tumor,IDH_WT,4177,0,0,1,
THOC2,0.418456370146577,OPC_GABA_like_tumor,IDH_WT,4178,0,0,1,
CSNK1D,0.4184542880436865,TAM1/TAM2/microglia,IDH_Mutant,4179,0,0,1,
ZFC3H1,0.4184184810054017,TAM1/TAM2/microglia,IDH_Mutant,4180,0,0,1,
MTPN,0.41837963745355256,TAM1/TAM2/microglia,IDH_Mutant,4181,0,0,1,
AIG1,0.4182384603057848,OPC_GABA_like_tumor,IDH_WT,4182,0,0,1,
RABIF,0.4182310372151764,OPC_GABA_like_tumor,IDH_WT,4183,0,0,1,
RNF167,0.4182193826559703,cycling_tumor,IDH_WT,4184,0,0,1,
ATP6AP2,0.4181272746579608,OPC_GABA_AC_like_tumor,IDH_WT,4185,0,0,1,
HNRNPH2,0.4180930271009776,OPC_GABA_like_tumor,IDH_WT,4186,0,0,1,
ZNF544,0.41806484495632673,OPC_GABA_like_tumor,IDH_WT,4187,0,0,1,
AC245297.3,0.4179600367373061,OPC_GABA_like_tumor,IDH_Mutant,4188,0,0,1,
RIMS2,0.4179483525105213,AC_like_tumor,IDH_Mutant,4189,0,0,1,
MRPL42,0.4179471408282021,OPC_GABA_AC_like_tumor,IDH_WT,4190,0,0,0,
HABP4,0.41781211565719634,OPC_GABA_like_tumor,IDH_Mutant,4191,0,0,1,
SLC39A14,0.4176769390281276,OPC_GABA_like_tumor,IDH_Mutant,4192,0,0,1,
REX1BD,0.4176095708904593,TAM1/TAM2/microglia,IDH_Mutant,4193,0,0,1,
VXN,0.4175454043672856,OPC_GABA_AC_like_tumor,IDH_WT,4194,0,0,1,
MMD,0.4175405698201236,TAM1/TAM2/microglia,IDH_Mutant,4195,0,0,1,
YIF1B,0.4174795039200926,OPC_GABA_like_tumor,IDH_WT,4196,0,0,1,
HSD17B4,0.417442772205865,OPC_GABA_like_tumor,IDH_WT,4197,0,0,1,
PEF1,0.4173339346585661,OPC_GABA_like_tumor,IDH_WT,4198,0,0,1,
LYRM4,0.41729560276735045,OPC_GABA_like_tumor,IDH_WT,4199,0,0,1,
ALG5,0.41717058327446244,cycling_tumor,IDH_Mutant,4200,0,0,1,
CSNK1A1,0.41715304742200277,OPC_GABA_like_tumor,IDH_Mutant,4201,0,0,1,
FAM96A,0.4171477562403956,cycling_tumor,IDH_WT,4202,0,0,1,
ADNP,0.4170157719430696,TAM1/TAM2/microglia,IDH_Mutant,4203,0,0,1,
NAP1L4,0.4170139812718001,OPC_GABA_like_tumor,IDH_WT,4204,0,0,1,
SRP72,0.41693679269148526,OPC_GABA_like_tumor,IDH_Mutant,4205,0,0,1,
CSNK2B,0.4168135655502591,cycling_tumor,IDH_WT,4206,0,0,1,
LAPTM4B,0.4167876503671358,OPC_GABA_AC_like_tumor,IDH_WT,4207,0,0,1,
SPG7,0.416763978154841,TAM1/TAM2/microglia,IDH_WT,4208,0,0,1,
DNAJA4,0.4166877764201316,TAM1/TAM2/microglia,IDH_WT,4209,0,0,1,
CYTH2,0.4166744764267265,OPC_GABA_like_tumor,IDH_Mutant,4210,0,0,1,
ZNF621,0.4166062827351852,OPC_GABA_like_tumor,IDH_WT,4211,0,0,1,
QARS,0.416543342765879,OPC_GABA_like_tumor,IDH_WT,4212,0,0,1,
SERP1,0.41653298011922607,TAM1/TAM2/microglia,IDH_Mutant,4213,0,0,1,
SREBF1,0.41635777988201444,OPC_GABA_like_tumor,IDH_Mutant,4214,0,0,1,
VCL,0.4163304662802144,OPC_GABA_like_tumor,IDH_Mutant,4215,0,0,1,
SGCD,0.416327845208336,OPC_GABA_like_tumor,IDH_Mutant,4216,0,0,1,
CXCL8,0.41610834549608045,TAM1/TAM2/microglia,IDH_WT,4217,0,0,1,
FAM13B,0.41603271627979466,TAM1/TAM2/microglia,IDH_Mutant,4218,0,0,1,
GAP43,0.4159358234947762,AC_like_tumor,IDH_Mutant,4219,0,0,1,
KLHL6,0.4159280677269506,TAM1/TAM2/microglia,IDH_Mutant,4220,0,0,1,
OTOA,0.41591737929499334,TAM1/TAM2/microglia,IDH_WT,4221,0,0,1,
NDUFA3,0.41590621471790357,OPC_GABA_like_tumor,IDH_WT,4222,0,0,0,
CISD1,0.41588002795294116,OPC_GABA_like_tumor,IDH_WT,4223,0,0,1,
RPS26,0.4158345292469024,TAM1/TAM2/microglia,IDH_Mutant,4224,0,0,0,
RPLP2,0.4156802597699324,OPC_GABA_like_tumor,IDH_WT,4225,0,0,0,
RAB3GAP2,0.4156706947569517,TAM1/TAM2/microglia,IDH_Mutant,4226,0,0,1,
RAB11A,0.4156050380248968,TAM1/TAM2/microglia,IDH_Mutant,4227,0,0,1,
OTUD1,0.41558482651857964,TAM1/TAM2/microglia,IDH_Mutant,4228,0,0,1,
CAMTA1,0.41553220158776527,OPC_GABA_like_tumor,IDH_Mutant,4229,0,0,1,
KLF15,0.4154512119352615,OPC_GABA_like_tumor,IDH_Mutant,4230,0,0,1,
E2F3,0.415401689719173,AC_like_tumor,IDH_Mutant,4231,0,0,1,
AMOTL2,0.41528772886167326,OPC_GABA_like_tumor,IDH_Mutant,4232,0,0,1,
KIF2C,0.415233098952329,cycling_tumor,IDH_WT,4233,0,0,1,
LACTB2,0.41523099059325774,OPC_GABA_like_tumor,IDH_WT,4234,0,0,1,
RPL13A,0.4152147323784726,TAM1/TAM2/microglia,IDH_Mutant,4235,0,0,0,
ZRANB1,0.4151766909893517,TAM1/TAM2/microglia,IDH_Mutant,4236,0,0,1,
RPS3,0.41500849975526755,TAM1/TAM2/microglia,IDH_WT,4237,0,0,0,
MAPKAP1,0.4149797516913364,TAM1/TAM2/microglia,IDH_Mutant,4238,0,0,1,
EIF1AY,0.4149247662433451,OPC_GABA_AC_like_tumor,IDH_WT,4239,0,0,0,
ITGB1BP1,0.4149214728436398,TAM1/TAM2/microglia,IDH_WT,4240,0,0,1,
PIH1D1,0.4148461916089694,TAM1/TAM2/microglia,IDH_WT,4241,0,0,1,
TMSB4X,0.41481276902078923,OPC_GABA_AC_like_tumor,IDH_Mutant,4242,0,0,1,
KIF1A,0.4147899415348249,OPC_GABA_like_tumor,IDH_Mutant,4243,0,0,1,
MBOAT7,0.41472604353041564,OPC_GABA_like_tumor,IDH_WT,4244,0,0,1,
KDSR,0.4146960028097551,cycling_tumor,IDH_WT,4245,0,0,1,
MRPL57,0.4146814545000662,TAM1/TAM2/microglia,IDH_Mutant,4246,0,0,0,
COPRS,0.4146622692472959,OPC_GABA_like_tumor,IDH_Mutant,4247,0,0,1,
KLHL5,0.41465756554128685,OPC_GABA_like_tumor,IDH_Mutant,4248,0,0,1,
R3HDM2,0.4146210220535737,TAM1/TAM2/microglia,IDH_Mutant,4249,0,0,1,
EPB41,0.4145826516783768,TAM1/TAM2/microglia,IDH_Mutant,4250,0,0,1,
VPS37B,0.41456615952227543,TAM1/TAM2/microglia,IDH_Mutant,4251,0,0,1,
EXOC1,0.4145324484662588,TAM1/TAM2/microglia,IDH_WT,4252,0,0,1,
GABBR1,0.41449335377276786,OPC_GABA_like_tumor,IDH_WT,4253,0,0,1,
MTFR1L,0.4144727235242744,OPC_GABA_like_tumor,IDH_WT,4254,0,0,1,
SUPT16H,0.414409329059478,OPC_GABA_AC_like_tumor,IDH_WT,4255,0,0,1,
DYM,0.4143030096454261,TAM1/TAM2/microglia,IDH_Mutant,4256,0,0,1,
CSDC2,0.41429290826113807,OPC_GABA_like_tumor,IDH_Mutant,4257,0,0,1,
VAV1,0.4142778405328261,TAM1/TAM2/microglia,IDH_Mutant,4258,0,0,1,
RNF111,0.41425180601400047,TAM1/TAM2/microglia,IDH_Mutant,4259,0,0,1,
CNP,0.4142415718026613,OPC_GABA_AC_like_tumor,IDH_WT,4260,0,0,1,
TSPAN6,0.41398076481923296,OPC_GABA_like_tumor,IDH_Mutant,4261,0,0,1,
SLC1A4,0.4139574401338354,OPC_GABA_like_tumor,IDH_Mutant,4262,0,0,1,
TPD52,0.4138929499411799,cycling_tumor,IDH_WT,4263,0,0,1,
CAPNS1,0.41384722427395915,TAM1/TAM2/microglia,IDH_Mutant,4264,0,0,1,
BCL6,0.4138288842947908,TAM1/TAM2/microglia,IDH_Mutant,4265,0,0,1,
PIP5K1A,0.4137862265564829,TAM1/TAM2/microglia,IDH_Mutant,4266,0,0,1,
MSRB1,0.41377081277850813,cycling_tumor,IDH_WT,4267,0,0,1,
COA5,0.413749956995736,TAM1/TAM2/microglia,IDH_Mutant,4268,0,0,1,
GLCE,0.41374246536490206,TAM1/TAM2/microglia,IDH_Mutant,4269,0,0,1,
TET1,0.41367591988910446,OPC_GABA_like_tumor,IDH_Mutant,4270,0,0,1,
GGA1,0.41363242519037147,TAM1/TAM2/microglia,IDH_Mutant,4271,0,0,1,
TOP1,0.41360580205496655,OPC_GABA_like_tumor,IDH_Mutant,4272,0,0,1,
RNASEH1-AS1,0.41355542216407065,OPC_GABA_like_tumor,IDH_WT,4273,0,0,1,
FLI1,0.41353180371996184,TAM1/TAM2/microglia,IDH_Mutant,4274,0,0,1,
PDE8A,0.4135030003566256,OPC_GABA_like_tumor,IDH_Mutant,4275,0,0,1,
SIPA1,0.4134920613314086,TAM1/TAM2/microglia,IDH_WT,4276,0,0,1,
YY1,0.4133366403783053,OPC_GABA_like_tumor,IDH_Mutant,4277,0,0,1,
TMX4,0.41332278403860456,OPC_GABA_like_tumor,IDH_WT,4278,0,0,1,
RP9,0.41323815853091395,OPC_GABA_like_tumor,IDH_WT,4279,0,0,1,
MSH6,0.4131976470541193,TAM1/TAM2/microglia,IDH_WT,4280,0,0,1,
ZNF397,0.4130880387462133,AC_like_tumor,IDH_Mutant,4281,0,0,1,
CCDC106,0.41298047968862434,OPC_GABA_like_tumor,IDH_Mutant,4282,0,0,1,
ABI3BP,0.4129157523030398,OPC_GABA_like_tumor,IDH_Mutant,4283,0,0,1,
CHERP,0.41288898584135414,OPC_GABA_like_tumor,IDH_WT,4284,0,0,1,
EMC4,0.4128537343102365,cycling_tumor,IDH_Mutant,4285,0,0,1,
HEY1,0.41281504106275124,OPC_GABA_like_tumor,IDH_WT,4286,0,0,1,
NCKAP5L,0.4128130167520088,TAM1/TAM2/microglia,IDH_Mutant,4287,0,0,1,
ZNF681,0.4128071225746888,AC_like_tumor,IDH_Mutant,4288,0,0,1,
DIP2A,0.4127909738853667,TAM1/TAM2/microglia,IDH_Mutant,4289,0,0,1,
R3HCC1,0.412783661719821,OPC_GABA_like_tumor,IDH_WT,4290,0,0,1,
ATL3,0.4126921214020756,OPC_GABA_like_tumor,IDH_WT,4291,0,0,1,
CMTM5,0.41266951097418775,AC_like_tumor,IDH_Mutant,4292,0,0,1,
STOML2,0.4125730669279162,TAM1/TAM2/microglia,IDH_Mutant,4293,1,0,0,
PACRG,0.41256963890424786,OPC_GABA_like_tumor,IDH_Mutant,4294,0,0,1,
CCDC34,0.4125482958355618,cycling_tumor,IDH_WT,4295,0,0,1,
HERC1,0.4125320375806729,TAM1/TAM2/microglia,IDH_Mutant,4296,0,0,1,
ATP6V1C1,0.4125041848964287,cycling_tumor,IDH_WT,4297,0,0,1,
UGP2,0.41241718560199264,OPC_GABA_like_tumor,IDH_Mutant,4298,0,0,1,
STAM2,0.41241712736337544,TAM1/TAM2/microglia,IDH_Mutant,4299,0,0,1,
COQ4,0.41239487310415035,OPC_GABA_like_tumor,IDH_WT,4300,0,0,1,
EFHD1,0.4123851045268402,OPC_GABA_like_tumor,IDH_Mutant,4301,0,0,1,
LIN7B,0.41237293351944054,OPC_GABA_like_tumor,IDH_Mutant,4302,0,0,1,
MESD,0.41229246011719195,OPC_GABA_like_tumor,IDH_WT,4303,0,0,1,
PAXIP1-AS1,0.4122584998310172,OPC_GABA_like_tumor,IDH_WT,4304,0,0,1,
KCNN2,0.4122582064468777,OPC_GABA_like_tumor,IDH_Mutant,4305,0,0,1,
PABPC4,0.4122555206863037,cycling_tumor,IDH_WT,4306,0,0,1,
IFT22,0.4121772210802176,OPC_GABA_like_tumor,IDH_Mutant,4307,0,0,1,
OSM,0.41211509126234747,TAM1/TAM2/microglia,IDH_Mutant,4308,0,0,1,
HMGA1,0.4121019322994231,cycling_tumor,IDH_WT,4309,0,0,1,
DCAF13,0.4120845091460046,OPC_GABA_AC_like_tumor,IDH_WT,4310,0,0,1,
SNX30,0.4119735212618365,TAM1/TAM2/microglia,IDH_Mutant,4311,0,0,1,
SPCS2,0.41179813520325637,OPC_GABA_AC_like_tumor,IDH_Mutant,4312,0,0,1,
CRB1,0.4117013035550302,AC_like_tumor,IDH_Mutant,4313,0,0,1,
CLIP3,0.4116830326800711,OPC_GABA_like_tumor,IDH_WT,4314,0,0,1,
ZMYM5,0.41165686717224537,OPC_GABA_like_tumor,IDH_WT,4315,0,0,1,
YWHAZ,0.41145751660542784,AC_like_tumor,IDH_Mutant,4316,0,0,1,
LINC01480,0.4113787329673507,TAM1/TAM2/microglia,IDH_WT,4317,0,0,1,
KRAS,0.4113362411185252,cycling_tumor,IDH_Mutant,4318,0,0,1,
PLIN3,0.4113065002968536,OPC_GABA_like_tumor,IDH_Mutant,4319,0,0,1,
PDZD11,0.41120375270918547,cycling_tumor,IDH_Mutant,4320,0,0,1,
ANKRD42,0.4109869604045917,OPC_GABA_like_tumor,IDH_Mutant,4321,0,0,1,
SUN1,0.41077007549208605,OPC_GABA_like_tumor,IDH_WT,4322,0,0,1,
SIVA1,0.41076376163943384,TAM1/TAM2/microglia,IDH_Mutant,4323,0,0,1,
UBE2M,0.4107286549018011,AC_like_tumor,IDH_Mutant,4324,0,0,1,
KAT6A,0.4106974507604647,TAM1/TAM2/microglia,IDH_WT,4325,0,0,1,
MYNN,0.41066356086686007,OPC_GABA_like_tumor,IDH_WT,4326,0,0,1,
ZNF506,0.41063051445614923,OPC_GABA_like_tumor,IDH_Mutant,4327,0,0,1,
COPS7A,0.41056497701514855,cycling_tumor,IDH_WT,4328,0,0,1,
NCOA2,0.4105133027544713,TAM1/TAM2/microglia,IDH_Mutant,4329,0,0,1,
CHD9,0.4104421483020582,TAM1/TAM2/microglia,IDH_Mutant,4330,0,0,1,
WASF1,0.41043003752958385,AC_like_tumor,IDH_Mutant,4331,0,0,1,
TMEM106C,0.41042170147783796,OPC_GABA_like_tumor,IDH_WT,4332,0,0,1,
ING1,0.4103698458774502,OPC_GABA_like_tumor,IDH_Mutant,4333,0,0,1,
FHL1,0.41036360451835324,OPC_GABA_like_tumor,IDH_Mutant,4334,0,0,1,
TARBP1,0.4103513466901754,OPC_GABA_like_tumor,IDH_Mutant,4335,0,0,1,
MIR181A1HG,0.41033969517043445,TAM1/TAM2/microglia,IDH_WT,4336,0,0,1,
USP4,0.4103307469034874,TAM1/TAM2/microglia,IDH_Mutant,4337,0,0,1,
TXLNG,0.4103063842894564,OPC_GABA_like_tumor,IDH_WT,4338,0,0,1,
PLEKHB2,0.4102824589247123,OPC_GABA_like_tumor,IDH_WT,4339,0,0,1,
CDC25B,0.41024620385729393,OPC_GABA_like_tumor,IDH_Mutant,4340,0,0,1,
FDFT1,0.410203924405738,TAM1/TAM2/microglia,IDH_Mutant,4341,0,0,1,
RHOB,0.4101959798277689,OPC_GABA_like_tumor,IDH_Mutant,4342,0,0,1,
ZNRF3,0.4101671969728981,OPC_GABA_like_tumor,IDH_Mutant,4343,0,0,1,
ENDOG,0.4101498401520135,cycling_tumor,IDH_WT,4344,0,0,1,
ANTXR1,0.4101390032383482,OPC_GABA_like_tumor,IDH_WT,4345,0,0,1,
ATP13A3,0.4100929166108017,OPC_GABA_like_tumor,IDH_WT,4346,0,0,1,
EIF2B2,0.4100712041014546,cycling_tumor,IDH_WT,4347,0,0,0,
KIFAP3,0.4099567945179022,cycling_tumor,IDH_WT,4348,0,0,1,
AC004687.1,0.4098614659694695,TAM1/TAM2/microglia,IDH_Mutant,4349,0,0,1,
ASCL1,0.4098189775813134,OPC_GABA_AC_like_tumor,IDH_WT,4350,0,0,1,
OTUD6B-AS1,0.40976443705908216,OPC_GABA_like_tumor,IDH_WT,4351,0,0,1,
SLC25A13,0.40975632906173115,OPC_GABA_like_tumor,IDH_WT,4352,0,0,1,
RICTOR,0.40970815774307806,TAM1/TAM2/microglia,IDH_Mutant,4353,0,0,1,
PYCR2,0.4097032730153017,OPC_GABA_like_tumor,IDH_Mutant,4354,0,0,1,
NIT2,0.40965821912079675,cycling_tumor,IDH_WT,4355,0,0,1,
SLC25A5,0.40962271255962684,TAM1/TAM2/microglia,IDH_Mutant,4356,0,0,1,
YARS,0.40961682361080387,OPC_GABA_like_tumor,IDH_WT,4357,0,0,1,
LRP1,0.409604965568618,OPC_GABA_like_tumor,IDH_Mutant,4358,0,0,1,
GLB1,0.40959767765369115,TAM1/TAM2/microglia,IDH_Mutant,4359,0,0,1,
KIF3A,0.40956968949708716,OPC_GABA_like_tumor,IDH_WT,4360,0,0,1,
RGS9,0.40955509552422253,OPC_GABA_like_tumor,IDH_Mutant,4361,0,0,1,
MINDY2,0.40954330558182966,cycling_tumor,IDH_WT,4362,0,0,1,
SNAP23,0.4095060266161911,OPC_GABA_like_tumor,IDH_Mutant,4363,1,0,0,
PNKD,0.4094588465821902,OPC_GABA_like_tumor,IDH_Mutant,4364,0,0,1,
ACLY,0.40936069960256666,OPC_GABA_like_tumor,IDH_Mutant,4365,0,0,1,
RAD23A,0.40931551632033153,OPC_GABA_like_tumor,IDH_WT,4366,0,0,1,
RANGAP1,0.4092416114331522,cycling_tumor,IDH_WT,4367,0,0,1,
CBL,0.4092365455982897,TAM1/TAM2/microglia,IDH_WT,4368,0,0,1,
LCAT,0.4091541360724099,OPC_GABA_like_tumor,IDH_Mutant,4369,0,0,1,
FAM177A1,0.4091443700146433,OPC_GABA_AC_like_tumor,IDH_WT,4370,0,0,1,
SS18,0.4090733027641888,OPC_GABA_like_tumor,IDH_WT,4371,0,0,1,
ZNF720,0.4090597555433352,OPC_GABA_like_tumor,IDH_WT,4372,0,0,1,
LHFPL2,0.4090498852884076,TAM1/TAM2/microglia,IDH_Mutant,4373,0,0,1,
SRPK1,0.40902004999119457,OPC_GABA_like_tumor,IDH_WT,4374,0,0,1,
TNRC6B,0.40900023893680004,TAM1/TAM2/microglia,IDH_Mutant,4375,0,0,1,
KIAA1147,0.4089929775803295,TAM1/TAM2/microglia,IDH_Mutant,4376,0,0,1,
LRIF1,0.4089343761462108,OPC_GABA_like_tumor,IDH_WT,4377,0,0,1,
HDAC4,0.4089049503487672,TAM1/TAM2/microglia,IDH_Mutant,4378,0,0,1,
AKR1C3,0.4087995073313011,T cell,IDH_Mutant,4379,0,0,1,
RBSN,0.4087663318513054,OPC_GABA_like_tumor,IDH_WT,4380,0,0,1,
F2R,0.40873374048705174,OPC_GABA_like_tumor,IDH_Mutant,4381,0,0,1,
MBD2,0.40872037776759046,OPC_GABA_like_tumor,IDH_WT,4382,0,0,1,
SELENOT,0.4087068949201007,OPC_GABA_AC_like_tumor,IDH_WT,4383,0,0,1,
SLC35A4,0.40857009696579805,OPC_GABA_like_tumor,IDH_WT,4384,0,0,1,
NUAK1,0.408319407074356,TAM1/TAM2/microglia,IDH_Mutant,4385,0,0,1,
ZNF644,0.4081686240475794,TAM1/TAM2/microglia,IDH_WT,4386,0,0,1,
GGCX,0.40807959759159634,TAM1/TAM2/microglia,IDH_WT,4387,0,0,1,
UXT,0.40804151489915863,AC_like_tumor,IDH_Mutant,4388,0,0,1,
PPM1K,0.40799119091146957,TAM1/TAM2/microglia,IDH_Mutant,4389,0,0,1,
ATP11A,0.4079678638637067,TAM1/TAM2/microglia,IDH_Mutant,4390,0,0,1,
ATP1B1,0.40793174896954454,OPC_GABA_like_tumor,IDH_Mutant,4391,0,0,1,
NFIC,0.4078705367945751,TAM1/TAM2/microglia,IDH_Mutant,4392,0,0,1,
C4orf3,0.40783388057114917,TAM1/TAM2/microglia,IDH_WT,4393,0,0,1,
NDUFA10,0.40778450183534554,cycling_tumor,IDH_Mutant,4394,0,0,0,
SCAF11,0.4077401470347559,TAM1/TAM2/microglia,IDH_WT,4395,0,0,1,
UBE2V2,0.40772478518829364,AC_like_tumor,IDH_Mutant,4396,0,0,1,
ANKRD17,0.4076780510777843,TAM1/TAM2/microglia,IDH_WT,4397,0,0,1,
EFR3B,0.40764657879049315,OPC_GABA_like_tumor,IDH_Mutant,4398,0,0,1,
MLLT10,0.4075960644703386,TAM1/TAM2/microglia,IDH_Mutant,4399,0,0,1,
RPS8,0.4075922546731606,OPC_GABA_like_tumor,IDH_WT,4400,0,0,0,
SPECC1,0.4075759202782547,TAM1/TAM2/microglia,IDH_WT,4401,0,0,1,
EGLN3,0.4074475687077702,OPC_GABA_like_tumor,IDH_Mutant,4402,0,0,1,
MFSD11,0.4073098228028743,TAM1/TAM2/microglia,IDH_Mutant,4403,0,0,1,
GLRX3,0.40722222016536336,cycling_tumor,IDH_WT,4404,0,0,1,
BLM,0.4071301554256538,cycling_tumor,IDH_WT,4405,0,0,1,
CIAPIN1,0.4071138579778559,OPC_GABA_like_tumor,IDH_Mutant,4406,0,0,1,
GNPNAT1,0.4070403947937331,OPC_GABA_like_tumor,IDH_WT,4407,0,0,1,
DTNBP1,0.4070271041468091,cycling_tumor,IDH_WT,4408,0,0,1,
TPM1,0.40685386751196984,OPC_GABA_like_tumor,IDH_Mutant,4409,0,0,1,
SKP1,0.40682316993966267,TAM1/TAM2/microglia,IDH_WT,4410,0,0,1,
CASP2,0.4068054349014235,OPC_GABA_like_tumor,IDH_WT,4411,0,0,1,
ERBB3,0.406790583461452,OPC_GABA_AC_like_tumor,IDH_WT,4412,0,0,1,
RASSF3,0.4067875255298147,TAM1/TAM2/microglia,IDH_Mutant,4413,0,0,1,
INIP,0.40676857987155524,cycling_tumor,IDH_WT,4414,0,0,1,
EGLN1,0.4066888901647097,OPC_GABA_like_tumor,IDH_WT,4415,0,0,1,
OTUD7B,0.4066830176608871,OPC_GABA_like_tumor,IDH_Mutant,4416,0,0,1,
BMPR1B,0.40658502082714565,OPC_GABA_like_tumor,IDH_Mutant,4417,0,0,1,
ARID3A,0.4064778881391507,TAM1/TAM2/microglia,IDH_Mutant,4418,0,0,1,
ACBD5,0.40631291055226476,cycling_tumor,IDH_WT,4419,0,0,1,
NCAPG2,0.40628876658537766,cycling_tumor,IDH_WT,4420,0,0,1,
CASS4,0.40628686492590005,TAM1/TAM2/microglia,IDH_Mutant,4421,0,0,1,
PIP4P1,0.4062495016017996,OPC_GABA_like_tumor,IDH_WT,4422,0,0,1,
NRCAM,0.4062202565551984,OPC_GABA_AC_like_tumor,IDH_Mutant,4423,0,0,1,
ORMDL1,0.4061377624299194,TAM1/TAM2/microglia,IDH_WT,4424,0,0,1,
PRRX1,0.4060552956941136,OPC_GABA_like_tumor,IDH_Mutant,4425,0,0,1,
ERC1,0.40604967397293346,TAM1/TAM2/microglia,IDH_Mutant,4426,0,0,1,
PARD3,0.4060141521016017,OPC_GABA_like_tumor,IDH_Mutant,4427,0,0,1,
XPC,0.40599685290740195,OPC_GABA_like_tumor,IDH_WT,4428,0,0,1,
PHACTR3,0.4059236991303923,OPC_GABA_like_tumor,IDH_Mutant,4429,0,0,1,
ARHGAP12,0.4059027325777384,TAM1/TAM2/microglia,IDH_Mutant,4430,0,0,1,
KMT5A,0.40587866533022215,TAM1/TAM2/microglia,IDH_Mutant,4431,0,0,1,
TTC21B,0.4058635367868825,OPC_GABA_like_tumor,IDH_WT,4432,0,0,1,
COPS9,0.4058632726075483,OPC_GABA_like_tumor,IDH_Mutant,4433,0,0,1,
PSMC3,0.40579010897830736,TAM1/TAM2/microglia,IDH_Mutant,4434,0,0,1,
EID2,0.40566679246686255,OPC_GABA_like_tumor,IDH_WT,4435,0,0,1,
CRIPT,0.405581401520971,OPC_GABA_AC_like_tumor,IDH_WT,4436,0,0,1,
MICU1,0.4055615817950269,TAM1/TAM2/microglia,IDH_Mutant,4437,0,0,1,
FOXN2,0.4053719897858648,AC_like_tumor,IDH_Mutant,4438,0,0,1,
DYNC2LI1,0.4053120823935652,OPC_GABA_like_tumor,IDH_Mutant,4439,0,0,1,
TMEM43,0.40530505758300056,OPC_GABA_like_tumor,IDH_WT,4440,0,0,1,
C9orf78,0.4053009841287502,cycling_tumor,IDH_WT,4441,0,0,1,
SNRNP40,0.4052842217799196,OPC_GABA_like_tumor,IDH_WT,4442,0,0,1,
LPXN,0.40518025291686055,TAM1/TAM2/microglia,IDH_Mutant,4443,0,0,1,
TNRC6A,0.40513080819914615,OPC_GABA_like_tumor,IDH_Mutant,4444,0,0,1,
TANC1,0.40510132505731844,OPC_GABA_like_tumor,IDH_Mutant,4445,0,0,1,
DOCK1,0.40506453450224245,OPC_GABA_like_tumor,IDH_Mutant,4446,0,0,1,
SLC25A24,0.4050493066374896,cycling_tumor,IDH_WT,4447,0,0,1,
PGM2L1,0.40498691356753874,cycling_tumor,IDH_WT,4448,0,0,1,
ACYP2,0.40497435414620464,cycling_tumor,IDH_WT,4449,0,0,1,
MRPL41,0.4049112618911205,TAM1/TAM2/microglia,IDH_Mutant,4450,0,0,0,
RPL4,0.4048998454752436,TAM1/TAM2/microglia,IDH_Mutant,4451,0,0,0,
ATF5,0.40487197662556235,cycling_tumor,IDH_WT,4452,0,0,1,
STRADB,0.40485192036288514,OPC_GABA_like_tumor,IDH_WT,4453,0,0,1,
PTPRG,0.40481091943723674,OPC_GABA_like_tumor,IDH_Mutant,4454,0,0,1,
NRXN1,0.40475964258656055,OPC_GABA_like_tumor,IDH_WT,4455,0,1,0,2.0
FMNL3,0.4046928669180444,TAM1/TAM2/microglia,IDH_WT,4456,0,0,1,
DUSP23,0.4046770020850192,TAM1/TAM2/microglia,IDH_Mutant,4457,0,0,1,
TCEAL8,0.4046263552165783,OPC_GABA_like_tumor,IDH_WT,4458,0,0,1,
MCM3AP,0.40462627758281133,TAM1/TAM2/microglia,IDH_Mutant,4459,0,0,1,
MRPS18A,0.4045757915818746,OPC_GABA_like_tumor,IDH_WT,4460,0,0,0,
PDZD4,0.40453736024473663,OPC_GABA_like_tumor,IDH_Mutant,4461,0,0,1,
PRELID3B,0.40453136607876505,OPC_GABA_like_tumor,IDH_WT,4462,0,0,1,
BLNK,0.4045302861939527,TAM1/TAM2/microglia,IDH_Mutant,4463,0,0,1,
ARHGEF40,0.4044592223304795,TAM1/TAM2/microglia,IDH_Mutant,4464,0,0,1,
CEP89,0.40440555912401727,OPC_GABA_like_tumor,IDH_WT,4465,0,0,1,
TSG101,0.4043929706300097,AC_like_tumor,IDH_Mutant,4466,0,0,1,
RPL36,0.4042402368297318,TAM1/TAM2/microglia,IDH_WT,4467,0,0,0,
THUMPD3,0.40422459357611223,OPC_GABA_like_tumor,IDH_WT,4468,0,0,1,
ANKFY1,0.4040953278843455,OPC_GABA_like_tumor,IDH_Mutant,4469,0,0,1,
LUZP2,0.40404545103284367,OPC_GABA_like_tumor,IDH_Mutant,4470,0,0,1,
PCDHGA10,0.40397685791726684,OPC_GABA_like_tumor,IDH_WT,4471,0,0,1,
CHD6,0.4039103915558765,OPC_GABA_like_tumor,IDH_WT,4472,0,0,1,
C14orf132,0.40390981901339484,OPC_GABA_like_tumor,IDH_Mutant,4473,0,0,1,
USP32,0.40390955090345326,TAM1/TAM2/microglia,IDH_Mutant,4474,0,0,1,
RAMMET,0.4038333384656648,OPC_GABA_like_tumor,IDH_WT,4475,0,0,1,
GNS,0.40380438106027583,OPC_GABA_like_tumor,IDH_WT,4476,0,0,1,
TAF11,0.40379230938007077,cycling_tumor,IDH_WT,4477,0,0,1,
C21orf2,0.40374169201990984,cycling_tumor,IDH_WT,4478,0,0,1,
LHPP,0.40373803449636503,OPC_GABA_like_tumor,IDH_Mutant,4479,0,0,1,
UNC50,0.40370056596662174,OPC_GABA_like_tumor,IDH_Mutant,4480,0,0,1,
THYN1,0.4036965191429281,cycling_tumor,IDH_WT,4481,0,0,1,
MOCS2,0.4036530939564387,OPC_GABA_like_tumor,IDH_Mutant,4482,0,0,1,
SLC15A4,0.403617525579037,TAM1/TAM2/microglia,IDH_Mutant,4483,0,0,1,
IER5L,0.403565199437166,cycling_tumor,IDH_WT,4484,0,0,1,
SMC2,0.40354795775603397,OPC_GABA_AC_like_tumor,IDH_WT,4485,0,0,1,
PTOV1,0.40350457227747005,OPC_GABA_AC_like_tumor,IDH_WT,4486,0,0,1,
PITPNC1,0.40340778873434724,cycling_tumor,IDH_WT,4487,0,0,1,
ADAM10,0.4032158168496437,TAM1/TAM2/microglia,IDH_WT,4488,0,0,1,
SF3A3,0.40309842893866865,OPC_GABA_like_tumor,IDH_WT,4489,0,0,1,
UBA52,0.4030904641359627,TAM1/TAM2/microglia,IDH_Mutant,4490,0,0,0,
RXYLT1,0.40302560979902446,OPC_GABA_like_tumor,IDH_WT,4491,0,0,1,
SEMA6D,0.4029937917577529,OPC_GABA_like_tumor,IDH_Mutant,4492,0,0,1,
MYCBP2,0.40292072496939363,TAM1/TAM2/microglia,IDH_Mutant,4493,0,0,1,
DENND4B,0.4027583613682788,TAM1/TAM2/microglia,IDH_Mutant,4494,0,0,1,
BCLAF1,0.4027249645448232,TAM1/TAM2/microglia,IDH_WT,4495,0,0,1,
NSFL1C,0.40259090876283476,cycling_tumor,IDH_Mutant,4496,0,0,1,
PBRM1,0.4025607422271057,AC_like_tumor,IDH_Mutant,4497,0,0,1,
ZMAT1,0.40254494470202884,OPC_GABA_like_tumor,IDH_WT,4498,0,0,1,
SNF8,0.40254190951748897,TAM1/TAM2/microglia,IDH_Mutant,4499,0,0,1,
SERTAD2,0.40252602531371623,OPC_GABA_like_tumor,IDH_WT,4500,0,0,1,
GPRC5B,0.40246675115690483,OPC_GABA_like_tumor,IDH_Mutant,4501,0,0,1,
VKORC1L1,0.4024579332815759,OPC_GABA_like_tumor,IDH_WT,4502,0,0,1,
UPF2,0.4024088415021653,cycling_tumor,IDH_WT,4503,0,0,1,
NPAS3,0.40233963350117674,OPC_GABA_like_tumor,IDH_WT,4504,0,0,1,
POM121C,0.40231044724233583,OPC_GABA_like_tumor,IDH_WT,4505,0,0,1,
MBIP,0.4022476559547942,OPC_GABA_like_tumor,IDH_WT,4506,0,0,1,
PIGM,0.40223234075988357,OPC_GABA_like_tumor,IDH_WT,4507,0,0,1,
PHF21A,0.40220934499305283,TAM1/TAM2/microglia,IDH_Mutant,4508,0,0,1,
AMOT,0.4021650838493662,OPC_GABA_like_tumor,IDH_Mutant,4509,0,0,1,
TADA3,0.4021621846376289,cycling_tumor,IDH_Mutant,4510,0,0,1,
COMMD5,0.4021497546824097,OPC_GABA_like_tumor,IDH_WT,4511,0,0,1,
RAPH1,0.4021432747723134,TAM1/TAM2/microglia,IDH_Mutant,4512,0,0,1,
ZBTB4,0.40212346411766636,TAM1/TAM2/microglia,IDH_WT,4513,0,0,1,
MYLIP,0.4020931048749762,TAM1/TAM2/microglia,IDH_Mutant,4514,0,0,1,
CCDC130,0.4020167095881907,cycling_tumor,IDH_WT,4515,0,0,1,
PHYKPL,0.4019761378686022,TAM1/TAM2/microglia,IDH_Mutant,4516,0,0,1,
NSD1,0.40193983367968233,cycling_tumor,IDH_WT,4517,0,0,1,
TXNL1,0.4018961420613631,OPC_GABA_AC_like_tumor,IDH_WT,4518,0,0,1,
TF,0.40176509612201305,OPC_GABA_like_tumor,IDH_Mutant,4519,0,0,1,
RXRA,0.4017573470484245,OPC_GABA_like_tumor,IDH_Mutant,4520,0,0,1,
PRDM2,0.40155733282590067,TAM1/TAM2/microglia,IDH_Mutant,4521,0,0,1,
RPL39L,0.40154919574906944,OPC_GABA_like_tumor,IDH_WT,4522,0,0,0,
CCSAP,0.40143463364460563,OPC_GABA_like_tumor,IDH_WT,4523,0,0,1,
TST,0.4011071695002729,OPC_GABA_like_tumor,IDH_Mutant,4524,0,0,1,
GPT2,0.40100529469527235,OPC_GABA_like_tumor,IDH_Mutant,4525,0,0,1,
DMWD,0.40094130440470693,OPC_GABA_like_tumor,IDH_WT,4526,0,0,1,
UBFD1,0.4009236880751813,OPC_GABA_like_tumor,IDH_Mutant,4527,0,0,1,
C3orf58,0.4008647365435077,OPC_GABA_like_tumor,IDH_Mutant,4528,0,0,1,
STX16,0.4007918021202137,TAM1/TAM2/microglia,IDH_Mutant,4529,0,0,1,
CINP,0.4007708466514842,OPC_GABA_like_tumor,IDH_WT,4530,0,0,1,
MACF1,0.4007539771329246,TAM1/TAM2/microglia,IDH_Mutant,4531,0,0,1,
AKAP10,0.4007396918659564,TAM1/TAM2/microglia,IDH_Mutant,4532,0,0,1,
DENND5A,0.40067301676733047,TAM1/TAM2/microglia,IDH_Mutant,4533,0,0,1,
TENM4,0.4006505129278305,OPC_GABA_like_tumor,IDH_Mutant,4534,0,0,1,
EIF3L,0.40062583515530664,TAM1/TAM2/microglia,IDH_Mutant,4535,0,0,0,
HNRNPH3,0.4006238086008098,TAM1/TAM2/microglia,IDH_Mutant,4536,0,0,1,
GRWD1,0.4004836370894095,OPC_GABA_like_tumor,IDH_WT,4537,0,0,1,
ST6GAL2,0.4004658895489127,OPC_GABA_like_tumor,IDH_Mutant,4538,0,0,1,
ABHD17C,0.40042762900112183,OPC_GABA_like_tumor,IDH_Mutant,4539,0,0,1,
TRPC4AP,0.40035783675818787,OPC_GABA_like_tumor,IDH_Mutant,4540,0,0,1,
GAL3ST4,0.40030944149257675,TAM1/TAM2/microglia,IDH_Mutant,4541,0,0,1,
ANAPC13,0.4002838138917614,cycling_tumor,IDH_WT,4542,0,0,1,
NOV,0.4002522555664144,OPC_GABA_like_tumor,IDH_WT,4543,0,0,1,
NIP7,0.4000714950959683,OPC_GABA_like_tumor,IDH_Mutant,4544,0,0,1,
SSH2,0.40005861378299395,TAM1/TAM2/microglia,IDH_WT,4545,0,0,1,
MFGE8,0.39995662305758595,OPC_GABA_like_tumor,IDH_WT,4546,0,0,1,
RFX4,0.3998678115615701,OPC_GABA_like_tumor,IDH_Mutant,4547,0,0,1,
POLR3H,0.3998438515061393,OPC_GABA_like_tumor,IDH_Mutant,4548,0,0,1,
TRIM33,0.39970476903148766,TAM1/TAM2/microglia,IDH_WT,4549,0,0,1,
MMGT1,0.3997016478279454,OPC_GABA_like_tumor,IDH_WT,4550,0,0,1,
AC131097.3,0.39968933320081057,OPC_GABA_like_tumor,IDH_Mutant,4551,0,0,1,
SAMD8,0.3996880792739249,TAM1/TAM2/microglia,IDH_Mutant,4552,0,0,1,
SEC11C,0.3996287389104699,OPC_GABA_like_tumor,IDH_WT,4553,0,0,1,
BORCS8,0.3996281837622645,OPC_GABA_like_tumor,IDH_Mutant,4554,0,0,1,
AP1M1,0.39960191722730354,cycling_tumor,IDH_WT,4555,0,0,1,
USP46,0.3995330527603069,OPC_GABA_like_tumor,IDH_WT,4556,0,0,1,
SOX8,0.39947707495164,OPC_GABA_AC_like_tumor,IDH_WT,4557,0,0,1,
PLEKHO1,0.3993110538837557,TAM1/TAM2/microglia,IDH_WT,4558,0,0,1,
UTP6,0.3993103831233741,TAM1/TAM2/microglia,IDH_WT,4559,0,0,1,
HNRNPAB,0.3993049701427123,OPC_GABA_AC_like_tumor,IDH_WT,4560,0,0,1,
NAA20,0.39929486139051973,TAM1/TAM2/microglia,IDH_WT,4561,0,0,1,
LINC02232,0.39926223807543343,TAM1/TAM2/microglia,IDH_Mutant,4562,0,0,1,
AMOTL1,0.3992459468822478,OPC_GABA_like_tumor,IDH_Mutant,4563,0,0,1,
SALL1,0.39914481498391535,TAM1/TAM2/microglia,IDH_Mutant,4564,0,0,1,
VAMP3,0.39911581220847764,OPC_GABA_like_tumor,IDH_WT,4565,0,0,1,
GAK,0.3990618332504096,TAM1/TAM2/microglia,IDH_Mutant,4566,0,0,1,
PFDN5,0.3989277170372903,TAM1/TAM2/microglia,IDH_Mutant,4567,0,0,1,
DYNC1H1,0.39887567870368834,OPC_GABA_AC_like_tumor,IDH_Mutant,4568,0,0,1,
LONRF1,0.3988439312763831,OPC_GABA_like_tumor,IDH_WT,4569,0,0,1,
SUMF2,0.3988315629963509,OPC_GABA_like_tumor,IDH_WT,4570,0,0,1,
MAP7,0.3988049549031743,OPC_GABA_like_tumor,IDH_Mutant,4571,0,0,1,
DYRK1A,0.39873685851798657,TAM1/TAM2/microglia,IDH_Mutant,4572,0,0,1,
MTHFD1,0.3987065836624005,OPC_GABA_like_tumor,IDH_WT,4573,0,0,1,
ITPKB,0.39865816171607804,OPC_GABA_like_tumor,IDH_Mutant,4574,0,0,1,
QSER1,0.39865301542139375,TAM1/TAM2/microglia,IDH_WT,4575,0,0,1,
LINC00836,0.3985498458499356,OPC_GABA_like_tumor,IDH_Mutant,4576,0,0,1,
PCYOX1,0.3985413479986659,OPC_GABA_like_tumor,IDH_WT,4577,0,0,1,
SNCA,0.39847702713780614,TAM1/TAM2/microglia,IDH_WT,4578,0,0,1,
MTCH1,0.39844853663689106,OPC_GABA_AC_like_tumor,IDH_WT,4579,0,0,1,
SORD,0.39843670509530976,OPC_GABA_like_tumor,IDH_Mutant,4580,0,0,1,
WDR82,0.3984167765160621,AC_like_tumor,IDH_Mutant,4581,0,0,1,
SORBS1,0.3984044918441453,OPC_GABA_like_tumor,IDH_Mutant,4582,0,0,1,
SCOC,0.39839036154412827,OPC_GABA_like_tumor,IDH_WT,4583,0,0,1,
CTBP2,0.3983403009386729,TAM1/TAM2/microglia,IDH_Mutant,4584,0,0,1,
GTPBP6,0.3983119933049423,OPC_GABA_AC_like_tumor,IDH_WT,4585,0,0,1,
C3orf14,0.39826204577756097,cycling_tumor,IDH_Mutant,4586,0,0,1,
AASS,0.3982557110719568,OPC_GABA_like_tumor,IDH_Mutant,4587,0,0,1,
IL10,0.3982410666278847,TAM1/TAM2/microglia,IDH_WT,4588,0,0,1,
CLUAP1,0.39818465942812126,OPC_GABA_like_tumor,IDH_Mutant,4589,0,0,1,
CDH20,0.39814686474628463,OPC_GABA_like_tumor,IDH_Mutant,4590,0,0,1,
FGF14,0.3981163144698025,AC_like_tumor,IDH_Mutant,4591,0,0,1,
FBXO17,0.398033091511871,OPC_GABA_like_tumor,IDH_WT,4592,0,0,1,
AC103591.3,0.39803296410913525,TAM1/TAM2/microglia,IDH_Mutant,4593,0,0,1,
ZNF83,0.39797534359890985,OPC_GABA_like_tumor,IDH_WT,4594,0,0,1,
RMI2,0.39796198971507807,cycling_tumor,IDH_Mutant,4595,0,0,1,
ZNF106,0.39795245162103476,OPC_GABA_like_tumor,IDH_Mutant,4596,0,0,1,
OMG,0.39794639962200884,OPC_GABA_like_tumor,IDH_Mutant,4597,0,0,1,
SPC25,0.39789358663043245,cycling_tumor,IDH_WT,4598,0,0,1,
MCFD2,0.3978794045386517,OPC_GABA_like_tumor,IDH_WT,4599,0,0,1,
GTF3C1,0.39783578558991806,AC_like_tumor,IDH_Mutant,4600,0,0,1,
LENG1,0.39780258361302456,OPC_GABA_like_tumor,IDH_WT,4601,0,0,1,
ZNF583,0.3977670960329555,OPC_GABA_like_tumor,IDH_Mutant,4602,0,0,1,
NGDN,0.3977229822970312,cycling_tumor,IDH_WT,4603,0,0,1,
MAP3K4,0.3976495062012308,OPC_GABA_like_tumor,IDH_WT,4604,0,0,1,
ZNHIT6,0.3976488850395233,OPC_GABA_like_tumor,IDH_WT,4605,0,0,1,
GSE1,0.3976430201249726,AC_like_tumor,IDH_Mutant,4606,0,0,1,
AC090152.1,0.397638004968048,OPC_GABA_like_tumor,IDH_Mutant,4607,0,0,1,
SLC12A2,0.397622115313469,OPC_GABA_like_tumor,IDH_WT,4608,0,0,1,
SH2B3,0.3975028649436762,TAM1/TAM2/microglia,IDH_Mutant,4609,0,0,1,
UBE2B,0.39744862058365943,OPC_GABA_like_tumor,IDH_WT,4610,0,0,1,
NFATC3,0.3974228285306495,TAM1/TAM2/microglia,IDH_Mutant,4611,0,0,1,
TMEM258,0.3973478873809214,TAM1/TAM2/microglia,IDH_Mutant,4612,0,0,1,
VPS53,0.397335252858812,TAM1/TAM2/microglia,IDH_Mutant,4613,0,0,1,
NNT,0.3973066313022636,cycling_tumor,IDH_WT,4614,0,0,1,
TNKS,0.3972730604384688,OPC_GABA_like_tumor,IDH_WT,4615,0,0,1,
PAPPA,0.39718207838483094,OPC_GABA_like_tumor,IDH_Mutant,4616,0,0,1,
STMN4,0.3971517447189173,AC_like_tumor,IDH_Mutant,4617,0,0,1,
ZMYM4,0.39701316767698397,OPC_GABA_like_tumor,IDH_Mutant,4618,0,0,1,
MCRIP1,0.39696006188432625,TAM1/TAM2/microglia,IDH_Mutant,4619,0,0,1,
TLK2,0.39694936515215196,OPC_GABA_like_tumor,IDH_Mutant,4620,0,0,1,
ZNF32,0.39692560355269374,cycling_tumor,IDH_Mutant,4621,0,0,1,
BRD3,0.3968878135140971,OPC_GABA_like_tumor,IDH_WT,4622,0,0,1,
PUM3,0.3968828203815972,TAM1/TAM2/microglia,IDH_WT,4623,0,0,1,
HPS5,0.39683871622331046,TAM1/TAM2/microglia,IDH_Mutant,4624,0,0,1,
CENPJ,0.39680190898274553,cycling_tumor,IDH_WT,4625,0,0,1,
AC020911.2,0.39679132427248753,TAM1/TAM2/microglia,IDH_Mutant,4626,0,0,1,
RPL29,0.3967834763251886,TAM1/TAM2/microglia,IDH_Mutant,4627,0,0,0,
OAZ1,0.39676701126648073,cycling_tumor,IDH_Mutant,4628,0,0,1,
EIF2A,0.39670670114384377,OPC_GABA_like_tumor,IDH_WT,4629,0,0,0,
PPT1,0.3966374635670642,OPC_GABA_like_tumor,IDH_WT,4630,0,0,1,
EXOSC9,0.396599866385736,OPC_GABA_like_tumor,IDH_WT,4631,0,0,1,
BTK,0.39658902162061926,TAM1/TAM2/microglia,IDH_WT,4632,0,0,1,
MASTL,0.3965087912056027,cycling_tumor,IDH_Mutant,4633,0,0,1,
NIPSNAP2,0.39640955763987346,OPC_GABA_like_tumor,IDH_Mutant,4634,0,0,1,
UNC5B,0.3963701820701071,TAM1/TAM2/microglia,IDH_WT,4635,0,0,1,
MRPS10,0.3962830713789053,cycling_tumor,IDH_Mutant,4636,0,0,0,
CCNY,0.39621268339542476,TAM1/TAM2/microglia,IDH_Mutant,4637,0,0,1,
HMOX2,0.3961395870579152,OPC_GABA_like_tumor,IDH_WT,4638,0,0,1,
IDI1,0.3961353000699232,TAM1/TAM2/microglia,IDH_WT,4639,0,0,1,
MED31,0.39612112791296195,OPC_GABA_like_tumor,IDH_WT,4640,0,0,1,
CALM2,0.3961179037324779,T cell,IDH_WT,4641,0,0,1,
KHDRBS3,0.3960685862817669,cycling_tumor,IDH_WT,4642,0,0,1,
UTY,0.3960411188480554,TAM1/TAM2/microglia,IDH_Mutant,4643,0,0,1,
ACOT9,0.39594778429733846,OPC_GABA_like_tumor,IDH_WT,4644,0,0,1,
GALNT1,0.3959424693850749,TAM1/TAM2/microglia,IDH_WT,4645,0,0,1,
KIAA1143,0.3958834482445858,cycling_tumor,IDH_WT,4646,0,0,1,
RPS21,0.3958532969896229,TAM1/TAM2/microglia,IDH_Mutant,4647,0,0,0,
KIF21B,0.39583757363775884,OPC_GABA_like_tumor,IDH_Mutant,4648,0,0,1,
HOOK2,0.3958041764344259,OPC_GABA_like_tumor,IDH_WT,4649,0,0,1,
ITPRIP,0.39573633546550735,TAM1/TAM2/microglia,IDH_Mutant,4650,0,0,1,
FOS,0.3955810557350864,OPC_GABA_like_tumor,IDH_Mutant,4651,0,0,1,
SEPT2,0.39556130389276223,OPC_GABA_AC_like_tumor,IDH_WT,4652,0,0,1,
GTPBP4,0.39551703017947065,cycling_tumor,IDH_WT,4653,0,0,1,
BUB1B,0.39546667769479893,cycling_tumor,IDH_WT,4654,0,0,1,
AC010642.2,0.3954564549875861,OPC_GABA_AC_like_tumor,IDH_WT,4655,0,0,1,
MRC2,0.3954535439295097,TAM1/TAM2/microglia,IDH_Mutant,4656,0,0,1,
DDR2,0.39541306813195554,OPC_GABA_like_tumor,IDH_Mutant,4657,0,0,1,
CENPK,0.3953948452014037,OPC_GABA_like_tumor,IDH_WT,4658,0,0,1,
MGA,0.3953946215757064,TAM1/TAM2/microglia,IDH_Mutant,4659,0,0,1,
ZNF608,0.3953758962388444,OPC_GABA_like_tumor,IDH_WT,4660,0,0,1,
EIF4G2,0.3952957725623107,OPC_GABA_like_tumor,IDH_Mutant,4661,0,0,0,
ALPK1,0.39525694544286055,TAM1/TAM2/microglia,IDH_Mutant,4662,0,0,1,
LAMTOR2,0.3952475391958775,TAM1/TAM2/microglia,IDH_Mutant,4663,0,0,1,
NDUFB8,0.39524579645290825,TAM1/TAM2/microglia,IDH_Mutant,4664,0,0,0,
MRPS34,0.39523031517166307,OPC_GABA_like_tumor,IDH_Mutant,4665,0,0,0,
ZBTB16,0.3951583622573628,TAM1/TAM2/microglia,IDH_WT,4666,0,0,1,
NEDD1,0.3951302157954638,cycling_tumor,IDH_WT,4667,0,0,1,
NDUFS2,0.3951175524588545,OPC_GABA_AC_like_tumor,IDH_WT,4668,0,0,0,
FUNDC2,0.39508282768760244,OPC_GABA_like_tumor,IDH_WT,4669,0,0,1,
TECPR2,0.3950449017037506,OPC_GABA_like_tumor,IDH_Mutant,4670,0,0,1,
RNF126,0.39502068792500095,OPC_GABA_like_tumor,IDH_Mutant,4671,0,0,1,
KIAA2026,0.39501287945073377,TAM1/TAM2/microglia,IDH_Mutant,4672,0,0,1,
C12orf65,0.39497909136894793,cycling_tumor,IDH_WT,4673,0,0,1,
DST,0.3949631446974829,cycling_tumor,IDH_Mutant,4674,0,0,1,
FAM167A,0.39494700266188454,OPC_GABA_like_tumor,IDH_Mutant,4675,0,0,1,
NOSIP,0.3949447389514762,cycling_tumor,IDH_Mutant,4676,0,0,1,
HNRNPC,0.394788863890233,TAM1/TAM2/microglia,IDH_Mutant,4677,0,0,1,
SDR39U1,0.3946954663449827,cycling_tumor,IDH_WT,4678,0,0,1,
NUP98,0.3946420482409915,TAM1/TAM2/microglia,IDH_Mutant,4679,0,0,1,
LRRC4B,0.39463652910354946,OPC_GABA_like_tumor,IDH_Mutant,4680,0,0,1,
MYC,0.39456084335903086,OPC_GABA_like_tumor,IDH_Mutant,4681,0,0,1,
ADAM17,0.39438388668631896,TAM1/TAM2/microglia,IDH_Mutant,4682,0,0,1,
EIF1B,0.3943041607552901,OPC_GABA_AC_like_tumor,IDH_Mutant,4683,0,0,0,
FGFR2,0.39426532772767053,OPC_GABA_like_tumor,IDH_Mutant,4684,0,0,1,
GGCT,0.3942345470131943,cycling_tumor,IDH_Mutant,4685,0,0,1,
AHI1,0.3941886068183892,OPC_GABA_like_tumor,IDH_WT,4686,0,0,1,
C1orf123,0.3940112865682069,TAM1/TAM2/microglia,IDH_Mutant,4687,0,0,1,
MAP4K5,0.39394844775326193,TAM1/TAM2/microglia,IDH_Mutant,4688,0,0,1,
UNC79,0.39390231809159926,OPC_GABA_like_tumor,IDH_Mutant,4689,0,0,1,
IQCK,0.39370023404903803,OPC_GABA_like_tumor,IDH_Mutant,4690,0,0,1,
ADIPOR1,0.39366921244104836,cycling_tumor,IDH_WT,4691,0,0,1,
RAB28,0.39356887878111857,OPC_GABA_like_tumor,IDH_Mutant,4692,0,0,1,
IL6R,0.3935377454669534,TAM1/TAM2/microglia,IDH_Mutant,4693,0,0,1,
YAE1D1,0.39352645234396777,OPC_GABA_like_tumor,IDH_WT,4694,0,0,1,
GSPT1,0.39341526018079104,OPC_GABA_like_tumor,IDH_WT,4695,0,0,1,
LRCH3,0.3934127564554859,TAM1/TAM2/microglia,IDH_Mutant,4696,0,0,1,
RBM6,0.3933218247818006,TAM1/TAM2/microglia,IDH_Mutant,4697,0,0,1,
VPS13D,0.39321647181314884,OPC_GABA_like_tumor,IDH_Mutant,4698,0,0,1,
AKAP11,0.3931888758704543,TAM1/TAM2/microglia,IDH_WT,4699,0,0,1,
BANK1,0.39310808790605983,T cell,IDH_Mutant,4700,0,0,1,
PCM1,0.39294672636705974,TAM1/TAM2/microglia,IDH_Mutant,4701,0,0,1,
UCHL1,0.3929353922037298,OPC_GABA_AC_like_tumor,IDH_WT,4702,0,0,1,
ZNF652,0.39291760748934024,TAM1/TAM2/microglia,IDH_Mutant,4703,0,0,1,
FNBP4,0.3928968064951329,TAM1/TAM2/microglia,IDH_WT,4704,0,0,1,
NUFIP2,0.39288651416873244,TAM1/TAM2/microglia,IDH_WT,4705,0,0,1,
GRHPR,0.3928811850011477,TAM1/TAM2/microglia,IDH_Mutant,4706,0,0,1,
RAMP2,0.39282212583638365,OPC_GABA_like_tumor,IDH_Mutant,4707,0,0,1,
PTP4A2,0.3927869474528966,OPC_GABA_like_tumor,IDH_WT,4708,0,0,1,
FGFR1OP2,0.3927411666550348,cycling_tumor,IDH_Mutant,4709,0,0,1,
TBC1D2B,0.3927406465826857,TAM1/TAM2/microglia,IDH_WT,4710,0,0,1,
ADPRHL2,0.3926326653611723,OPC_GABA_like_tumor,IDH_WT,4711,0,0,1,
KPNA1,0.3925266264905352,OPC_GABA_like_tumor,IDH_WT,4712,0,0,1,
EIF2AK1,0.39249452743808133,OPC_GABA_like_tumor,IDH_WT,4713,0,0,0,
RPL28,0.3924824695028545,TAM1/TAM2/microglia,IDH_Mutant,4714,0,0,0,
TMEM11,0.39247802818066696,cycling_tumor,IDH_Mutant,4715,0,0,1,
DLG5,0.39243898899752844,OPC_GABA_like_tumor,IDH_Mutant,4716,0,0,1,
BRI3BP,0.39238275200365846,cycling_tumor,IDH_WT,4717,0,0,1,
PIGX,0.3923730420970812,OPC_GABA_like_tumor,IDH_Mutant,4718,0,0,1,
GRAMD1A,0.3923552112878186,TAM1/TAM2/microglia,IDH_Mutant,4719,0,0,1,
PLCE1,0.3923271900525417,OPC_GABA_like_tumor,IDH_Mutant,4720,0,0,1,
PSMD6,0.3923267487993219,OPC_GABA_like_tumor,IDH_WT,4721,0,0,1,
PIAS2,0.39231831019652386,cycling_tumor,IDH_WT,4722,0,0,1,
BCAP29,0.39229937258350167,cycling_tumor,IDH_Mutant,4723,0,0,1,
HIGD1A,0.3922168490692878,OPC_GABA_like_tumor,IDH_Mutant,4724,0,0,1,
IPO5,0.39219965078445507,cycling_tumor,IDH_Mutant,4725,0,0,1,
MARK3,0.39217757482346915,TAM1/TAM2/microglia,IDH_Mutant,4726,0,0,1,
ATP2A2,0.3921602393250545,TAM1/TAM2/microglia,IDH_Mutant,4727,0,0,1,
AC084033.3,0.3920354340945261,OPC_GABA_like_tumor,IDH_WT,4728,0,0,1,
MTOR,0.3918609377000647,OPC_GABA_like_tumor,IDH_WT,4729,0,0,1,
SMIM20,0.3918343460124003,OPC_GABA_like_tumor,IDH_Mutant,4730,0,0,1,
ZNF626,0.3917684937623034,OPC_GABA_like_tumor,IDH_WT,4731,0,0,1,
PER1,0.3917588836751769,TAM1/TAM2/microglia,IDH_WT,4732,0,0,1,
SH3KBP1,0.39173021773614103,TAM1/TAM2/microglia,IDH_WT,4733,0,0,1,
CTU1,0.39170060632084464,OPC_GABA_like_tumor,IDH_WT,4734,0,0,1,
CD164,0.39166976038694096,OPC_GABA_like_tumor,IDH_Mutant,4735,0,0,1,
HIF3A,0.3916301292328616,OPC_GABA_like_tumor,IDH_Mutant,4736,0,0,1,
NR2C2AP,0.39162822316295737,cycling_tumor,IDH_WT,4737,0,0,1,
DCAKD,0.3916279264449227,OPC_GABA_like_tumor,IDH_Mutant,4738,0,0,1,
EIPR1,0.3915201414035897,OPC_GABA_like_tumor,IDH_WT,4739,0,0,1,
SH3BP4,0.3913773628639198,OPC_GABA_like_tumor,IDH_WT,4740,0,0,1,
ANGEL2,0.39137219511511534,OPC_GABA_like_tumor,IDH_WT,4741,0,0,1,
CIITA,0.39128247256899745,TAM1/TAM2/microglia,IDH_WT,4742,0,0,1,
HMG20B,0.39124354371408315,OPC_GABA_like_tumor,IDH_Mutant,4743,0,0,1,
RUFY1,0.3911972914288716,cycling_tumor,IDH_WT,4744,0,0,1,
GTF2F1,0.3911960663009575,OPC_GABA_like_tumor,IDH_WT,4745,0,0,1,
CASC15,0.391191011489859,OPC_GABA_like_tumor,IDH_Mutant,4746,0,0,1,
RRAGC,0.3911572754550067,cycling_tumor,IDH_WT,4747,0,0,1,
DEF8,0.3911472882887656,OPC_GABA_like_tumor,IDH_Mutant,4748,0,0,1,
KCNQ5,0.39112468966866076,OPC_GABA_like_tumor,IDH_Mutant,4749,0,0,1,
RNF8,0.391040887612048,OPC_GABA_like_tumor,IDH_WT,4750,0,0,1,
KIF3B,0.3910141339500304,OPC_GABA_like_tumor,IDH_WT,4751,0,0,1,
VPS72,0.39095309526131217,OPC_GABA_like_tumor,IDH_WT,4752,0,0,1,
MAFG,0.3909429380818553,OPC_GABA_like_tumor,IDH_WT,4753,0,0,1,
SLC16A2,0.39094213205472556,OPC_GABA_like_tumor,IDH_WT,4754,0,0,1,
LPGAT1,0.3909086425089063,OPC_GABA_like_tumor,IDH_WT,4755,0,0,1,
TMEM9,0.39084593437408677,OPC_GABA_like_tumor,IDH_Mutant,4756,0,0,1,
SCAPER,0.39082737474840984,cycling_tumor,IDH_Mutant,4757,0,0,1,
URM1,0.3908149591588078,OPC_GABA_like_tumor,IDH_WT,4758,0,0,1,
TMEM115,0.39079042454471685,OPC_GABA_like_tumor,IDH_WT,4759,0,0,1,
TENT5A,0.39076928874830646,cycling_tumor,IDH_WT,4760,0,0,1,
AC093673.1,0.39070069459117607,cycling_tumor,IDH_WT,4761,0,0,1,
KBTBD2,0.39059070488044145,AC_like_tumor,IDH_Mutant,4762,0,0,1,
ANOS1,0.39054976070721753,OPC_GABA_like_tumor,IDH_Mutant,4763,0,0,1,
LCP2,0.39051457398017575,TAM1/TAM2/microglia,IDH_Mutant,4764,0,0,1,
NUDT11,0.3904895402423854,OPC_GABA_like_tumor,IDH_Mutant,4765,0,0,1,
CDC27,0.39041076719987844,TAM1/TAM2/microglia,IDH_WT,4766,0,0,1,
GOLGA4,0.3904049910303174,TAM1/TAM2/microglia,IDH_Mutant,4767,0,0,1,
SEMA5A,0.39035504075477884,cycling_tumor,IDH_WT,4768,0,0,1,
EHD4,0.3903537569529178,TAM1/TAM2/microglia,IDH_Mutant,4769,0,0,1,
NCBP3,0.39028170969380915,TAM1/TAM2/microglia,IDH_WT,4770,0,0,1,
PIK3CA,0.3902796535901868,OPC_GABA_like_tumor,IDH_WT,4771,0,0,1,
CCM2,0.3901464381772817,OPC_GABA_like_tumor,IDH_WT,4772,0,0,1,
TRMT10C,0.3900710759966413,OPC_GABA_like_tumor,IDH_Mutant,4773,0,0,1,
PTAR1,0.3900706111316381,OPC_GABA_like_tumor,IDH_WT,4774,0,0,1,
POLR2G,0.39005504162476445,cycling_tumor,IDH_WT,4775,0,0,1,
KCTD20,0.3900148460057994,OPC_GABA_like_tumor,IDH_WT,4776,0,0,1,
PFN2,0.3899142829121782,cycling_tumor,IDH_WT,4777,0,0,1,
VPS8,0.3898577354886764,TAM1/TAM2/microglia,IDH_Mutant,4778,0,0,1,
KLF4,0.3898066237361307,OPC_GABA_like_tumor,IDH_WT,4779,0,0,1,
RTL8C,0.38971015316804974,OPC_GABA_like_tumor,IDH_WT,4780,0,0,1,
GNB2,0.3896788424735579,AC_like_tumor,IDH_Mutant,4781,0,0,1,
PREPL,0.38965352758570937,cycling_tumor,IDH_WT,4782,0,0,1,
TMCC1,0.38963784657764733,TAM1/TAM2/microglia,IDH_Mutant,4783,0,0,1,
UBE2L6,0.3895317797527566,TAM1/TAM2/microglia,IDH_Mutant,4784,0,0,1,
TMEM251,0.38946476174029215,OPC_GABA_like_tumor,IDH_WT,4785,0,0,1,
NAE1,0.38934009018384297,OPC_GABA_like_tumor,IDH_WT,4786,0,0,1,
ARL6IP6,0.3893305676940167,OPC_GABA_like_tumor,IDH_Mutant,4787,0,0,1,
BAG5,0.38928491128199716,cycling_tumor,IDH_WT,4788,0,0,1,
H1F0,0.3891845215690215,cycling_tumor,IDH_WT,4789,0,0,0,
MTMR9,0.389179226853352,OPC_GABA_like_tumor,IDH_WT,4790,0,0,1,
SETD2,0.3891760370467698,TAM1/TAM2/microglia,IDH_Mutant,4791,0,0,1,
POLR2H,0.3891630768684214,AC_like_tumor,IDH_Mutant,4792,0,0,1,
ST7L,0.3891188766385042,OPC_GABA_like_tumor,IDH_WT,4793,0,0,1,
MRNIP,0.3889755927027791,OPC_GABA_like_tumor,IDH_Mutant,4794,0,0,1,
LRRFIP2,0.38895945254372666,OPC_GABA_like_tumor,IDH_WT,4795,0,0,1,
GBP2,0.3889506927219447,TAM1/TAM2/microglia,IDH_WT,4796,0,0,1,
TMEM179B,0.388765862175002,OPC_GABA_like_tumor,IDH_Mutant,4797,0,0,1,
KANSL1,0.38876184797998814,TAM1/TAM2/microglia,IDH_WT,4798,0,0,1,
CYTH1,0.3887219593112489,TAM1/TAM2/microglia,IDH_Mutant,4799,0,0,1,
HNRNPM,0.38869626075633035,TAM1/TAM2/microglia,IDH_Mutant,4800,0,0,1,
TJP1,0.3886524785726432,OPC_GABA_like_tumor,IDH_Mutant,4801,0,0,1,
TCEAL1,0.38865048560380966,OPC_GABA_like_tumor,IDH_WT,4802,0,0,1,
CHCHD1,0.3886191126774383,TAM1/TAM2/microglia,IDH_Mutant,4803,0,0,1,
MECP2,0.3884153529938414,TAM1/TAM2/microglia,IDH_Mutant,4804,0,0,1,
C2orf74,0.3883260538034873,OPC_GABA_like_tumor,IDH_Mutant,4805,0,0,1,
RPL12,0.388169494990254,TAM1/TAM2/microglia,IDH_WT,4806,0,0,0,
MTX3,0.3881577381509141,OPC_GABA_like_tumor,IDH_WT,4807,0,0,1,
NT5DC2,0.3880129051873176,OPC_GABA_like_tumor,IDH_Mutant,4808,0,0,1,
CAB39L,0.38795259486146383,OPC_GABA_like_tumor,IDH_Mutant,4809,0,0,1,
VEZT,0.3879276652830607,TAM1/TAM2/microglia,IDH_Mutant,4810,0,0,1,
SPTBN1,0.38790945443745073,OPC_GABA_like_tumor,IDH_WT,4811,0,0,1,
DSCAM,0.38785804776085575,AC_like_tumor,IDH_Mutant,4812,0,0,1,
REV1,0.3878345980721315,TAM1/TAM2/microglia,IDH_Mutant,4813,0,0,1,
KNSTRN,0.38778406625995104,cycling_tumor,IDH_Mutant,4814,0,0,1,
DNAJB4,0.38753231470181915,OPC_GABA_like_tumor,IDH_Mutant,4815,0,0,1,
XBP1,0.38747559117963143,TAM1/TAM2/microglia,IDH_Mutant,4816,0,0,1,
HEATR5B,0.38746492649344305,TAM1/TAM2/microglia,IDH_Mutant,4817,0,0,1,
SHTN1,0.3874588008375397,TAM1/TAM2/microglia,IDH_Mutant,4818,0,0,1,
FAM169A,0.38736283064176746,OPC_GABA_like_tumor,IDH_Mutant,4819,0,0,1,
WDR77,0.38735970558421107,cycling_tumor,IDH_WT,4820,0,0,1,
TP53BP2,0.3873212210759654,TAM1/TAM2/microglia,IDH_WT,4821,0,0,1,
SWI5,0.38730906967348927,OPC_GABA_like_tumor,IDH_Mutant,4822,0,0,1,
DAZAP1,0.38727660206382375,OPC_GABA_like_tumor,IDH_Mutant,4823,0,0,1,
ZNF248,0.38727559236658005,AC_like_tumor,IDH_Mutant,4824,0,0,1,
DNAJC12,0.3872731860251274,AC_like_tumor,IDH_Mutant,4825,0,0,1,
VPS28,0.38722260700942907,TAM1/TAM2/microglia,IDH_Mutant,4826,0,0,1,
GABPB1-AS1,0.3871655637061655,cycling_tumor,IDH_WT,4827,0,0,1,
TM6SF1,0.387100938345576,TAM1/TAM2/microglia,IDH_WT,4828,0,0,1,
EDNRA,0.386924886779396,OPC_GABA_like_tumor,IDH_Mutant,4829,0,0,1,
LPCAT1,0.3868466594881862,cycling_tumor,IDH_WT,4830,0,0,1,
PITPNB,0.38683240706984673,AC_like_tumor,IDH_Mutant,4831,0,0,1,
TROVE2,0.3865218231230823,OPC_GABA_AC_like_tumor,IDH_WT,4832,0,0,1,
RUFY3,0.38648723925064926,TAM1/TAM2/microglia,IDH_Mutant,4833,0,0,1,
AP3D1,0.3863087791671398,cycling_tumor,IDH_WT,4834,0,0,1,
ZNF33A,0.38627620893440606,TAM1/TAM2/microglia,IDH_Mutant,4835,0,0,1,
RHOT1,0.38626165741437446,cycling_tumor,IDH_WT,4836,0,0,1,
MED30,0.38620929147992167,TAM1/TAM2/microglia,IDH_WT,4837,0,0,1,
TAF12,0.385963527385018,OPC_GABA_like_tumor,IDH_WT,4838,0,0,1,
SDK1,0.38595958441173417,TAM1/TAM2/microglia,IDH_Mutant,4839,0,0,1,
NRG3,0.38585576029547053,OPC_GABA_like_tumor,IDH_Mutant,4840,0,0,1,
CBY1,0.3858032328991121,OPC_GABA_like_tumor,IDH_Mutant,4841,0,0,1,
CPQ,0.38578412821231245,TAM1/TAM2/microglia,IDH_Mutant,4842,0,0,1,
CDK2AP2,0.3857536576233758,cycling_tumor,IDH_WT,4843,0,0,1,
FAF1,0.38558303795430665,TAM1/TAM2/microglia,IDH_Mutant,4844,0,0,1,
RHOU,0.3855036885690487,TAM1/TAM2/microglia,IDH_WT,4845,0,0,1,
FAM219B,0.3854689344029404,OPC_GABA_like_tumor,IDH_Mutant,4846,0,0,1,
FYTTD1,0.38546548170832406,OPC_GABA_like_tumor,IDH_WT,4847,0,0,1,
RNF219-AS1,0.3853457195232484,OPC_GABA_like_tumor,IDH_Mutant,4848,0,0,1,
HDAC1,0.3853017686528994,cycling_tumor,IDH_WT,4849,0,0,1,
CCT8,0.3852932929957108,AC_like_tumor,IDH_Mutant,4850,0,0,1,
PLA2G7,0.3851106259625411,TAM1/TAM2/microglia,IDH_Mutant,4851,0,0,1,
MCPH1,0.3850836814491977,OPC_GABA_like_tumor,IDH_WT,4852,0,0,1,
USP34,0.3850059318791248,TAM1/TAM2/microglia,IDH_Mutant,4853,0,0,1,
ATRX,0.38495792194135353,TAM1/TAM2/microglia,IDH_Mutant,4854,0,0,1,
TRAF3IP2-AS1,0.3849399009340832,OPC_GABA_like_tumor,IDH_WT,4855,0,0,1,
ARL1,0.3848974871251094,cycling_tumor,IDH_WT,4856,0,0,1,
SHMT2,0.3848281625629731,OPC_GABA_like_tumor,IDH_Mutant,4857,0,0,1,
JAKMIP2,0.3848046965575181,OPC_GABA_like_tumor,IDH_WT,4858,0,0,1,
PDCL,0.3847967176526822,cycling_tumor,IDH_WT,4859,0,0,1,
HEXIM1,0.38458268015481434,OPC_GABA_like_tumor,IDH_Mutant,4860,0,0,1,
PDGFD,0.38456307851024263,T cell,IDH_Mutant,4861,0,0,1,
TMEM123,0.3845619518454378,OPC_GABA_like_tumor,IDH_WT,4862,0,0,1,
EIF2B3,0.3845369492213461,OPC_GABA_like_tumor,IDH_WT,4863,0,0,0,
DCTN2,0.3845071944899369,OPC_GABA_AC_like_tumor,IDH_WT,4864,0,0,1,
TXNL4A,0.38425682693418856,OPC_GABA_like_tumor,IDH_Mutant,4865,0,0,1,
TTC17,0.3841402255103569,TAM1/TAM2/microglia,IDH_Mutant,4866,0,0,1,
EIF3D,0.38403265711216306,OPC_GABA_AC_like_tumor,IDH_WT,4867,0,0,0,
SMIM26,0.3840197927491378,TAM1/TAM2/microglia,IDH_Mutant,4868,0,0,1,
NAA38,0.38397989094171303,TAM1/TAM2/microglia,IDH_Mutant,4869,0,0,1,
TIAM1,0.38391182204513086,TAM1/TAM2/microglia,IDH_Mutant,4870,0,0,1,
NEK1,0.3838414640210827,OPC_GABA_like_tumor,IDH_Mutant,4871,0,0,1,
C1D,0.3837865095462953,OPC_GABA_like_tumor,IDH_WT,4872,0,0,1,
SDHA,0.383684475159868,cycling_tumor,IDH_WT,4873,0,0,1,
TOM1L2,0.3836274961963967,OPC_GABA_like_tumor,IDH_Mutant,4874,0,0,1,
HNRNPD,0.3835602314545596,TAM1/TAM2/microglia,IDH_Mutant,4875,0,0,1,
IVNS1ABP,0.38352491659970855,cycling_tumor,IDH_WT,4876,0,0,1,
TMEM160,0.38352150455097866,TAM1/TAM2/microglia,IDH_Mutant,4877,0,0,1,
CCPG1,0.3835021586442419,OPC_GABA_like_tumor,IDH_Mutant,4878,0,0,1,
GALK1,0.38347919295245547,OPC_GABA_like_tumor,IDH_WT,4879,0,0,1,
KIF20B,0.38338007839833577,cycling_tumor,IDH_WT,4880,0,0,1,
TOX3,0.3833561801780787,AC_like_tumor,IDH_Mutant,4881,0,0,1,
ADCY8,0.38333470913164636,OPC_GABA_like_tumor,IDH_Mutant,4882,0,0,1,
VDAC3,0.3833101527657076,OPC_GABA_AC_like_tumor,IDH_WT,4883,0,0,1,
MARS,0.3831762851832135,OPC_GABA_like_tumor,IDH_WT,4884,0,0,1,
MAGEH1,0.3831653564581693,OPC_GABA_AC_like_tumor,IDH_Mutant,4885,0,0,1,
PDCL3,0.38303455638293615,TAM1/TAM2/microglia,IDH_WT,4886,0,0,1,
TIMM17B,0.3830217192886253,OPC_GABA_AC_like_tumor,IDH_WT,4887,0,0,1,
ZNF736,0.3829765747927404,cycling_tumor,IDH_WT,4888,0,0,1,
CSF3R,0.382909371152356,TAM1/TAM2/microglia,IDH_WT,4889,0,0,1,
REEP5,0.3828983369422675,OPC_GABA_like_tumor,IDH_WT,4890,0,0,1,
RIC1,0.38288817995924274,TAM1/TAM2/microglia,IDH_Mutant,4891,0,0,1,
ROCK1,0.38287513455846583,TAM1/TAM2/microglia,IDH_WT,4892,0,0,1,
RAB3GAP1,0.3827905757932883,TAM1/TAM2/microglia,IDH_Mutant,4893,0,0,1,
SPAG16,0.38271439440504024,OPC_GABA_like_tumor,IDH_Mutant,4894,0,0,1,
B3GALT6,0.382709735440905,OPC_GABA_like_tumor,IDH_Mutant,4895,0,0,1,
MUC20-OT1,0.3825217706460094,TAM1/TAM2/microglia,IDH_WT,4896,0,0,1,
CCND3,0.3823166446799947,cycling_tumor,IDH_WT,4897,0,0,1,
ZNF148,0.3823142103865983,TAM1/TAM2/microglia,IDH_WT,4898,0,0,1,
OXR1,0.38227171655840103,TAM1/TAM2/microglia,IDH_WT,4899,0,0,1,
ACO2,0.38226865810103217,OPC_GABA_like_tumor,IDH_Mutant,4900,0,0,1,
FAM91A1,0.3822424429193384,OPC_GABA_like_tumor,IDH_WT,4901,0,0,1,
CHD2,0.38221620567958653,TAM1/TAM2/microglia,IDH_WT,4902,0,0,1,
CFL2,0.3822062521564567,OPC_GABA_like_tumor,IDH_Mutant,4903,0,0,1,
SNX7,0.38201798110529495,OPC_GABA_like_tumor,IDH_Mutant,4904,0,0,1,
NCK1,0.38197337725894026,OPC_GABA_like_tumor,IDH_WT,4905,0,0,1,
KIZ,0.3819470951919076,AC_like_tumor,IDH_Mutant,4906,0,0,1,
CNOT6,0.38192774867791857,OPC_GABA_like_tumor,IDH_Mutant,4907,0,0,1,
HIST1H1D,0.38188888341046495,TAM1/TAM2/microglia,IDH_Mutant,4908,0,0,0,
NRBP1,0.3818127776556737,OPC_GABA_like_tumor,IDH_WT,4909,0,0,1,
FASTKD2,0.38170393340527414,OPC_GABA_like_tumor,IDH_WT,4910,0,0,1,
H3F3A,0.3815586625402727,T cell,IDH_Mutant,4911,0,0,0,
ARHGEF7,0.38154229585731003,TAM1/TAM2/microglia,IDH_Mutant,4912,0,0,1,
UQCC3,0.3814826804082898,cycling_tumor,IDH_Mutant,4913,0,0,1,
GPSM2,0.38142247580883665,OPC_GABA_like_tumor,IDH_WT,4914,0,0,1,
ARHGAP35,0.38137699681263876,TAM1/TAM2/microglia,IDH_Mutant,4915,0,0,1,
GPALPP1,0.3812917114184442,OPC_GABA_like_tumor,IDH_WT,4916,0,0,1,
TMEM131,0.38129058955474887,TAM1/TAM2/microglia,IDH_Mutant,4917,0,0,1,
MOB4,0.38117870353207384,cycling_tumor,IDH_WT,4918,0,0,1,
MEF2D,0.38111860524154045,TAM1/TAM2/microglia,IDH_Mutant,4919,0,0,1,
CDKN1C,0.38103602922769547,AC_like_tumor,IDH_Mutant,4920,0,0,1,
COPS2,0.38091678815969754,cycling_tumor,IDH_WT,4921,0,0,1,
GAPVD1,0.380864352233271,cycling_tumor,IDH_WT,4922,0,0,1,
VDAC2,0.3807890798454834,TAM1/TAM2/microglia,IDH_WT,4923,0,0,1,
NOL8,0.38075383583497635,TAM1/TAM2/microglia,IDH_WT,4924,0,0,1,
FSCN1,0.38074403897188897,TAM1/TAM2/microglia,IDH_Mutant,4925,0,0,1,
ARMCX1,0.38063135920560776,OPC_GABA_like_tumor,IDH_WT,4926,0,0,1,
AP5M1,0.3806250661311739,OPC_GABA_like_tumor,IDH_WT,4927,0,0,1,
DNAAF4,0.3806097175902267,OPC_GABA_like_tumor,IDH_Mutant,4928,0,0,1,
DYNC1I2,0.3805865145065256,OPC_GABA_like_tumor,IDH_WT,4929,0,0,1,
GRIA4,0.3805680112203364,OPC_GABA_like_tumor,IDH_WT,4930,0,1,0,2.0
ARRB1,0.38056757050458934,TAM1/TAM2/microglia,IDH_Mutant,4931,0,0,1,
PSMD4,0.3804799220566362,OPC_GABA_like_tumor,IDH_WT,4932,0,0,1,
DDX23,0.38047436155964015,cycling_tumor,IDH_WT,4933,0,0,1,
IFRD1,0.3804356798751137,TAM1/TAM2/microglia,IDH_Mutant,4934,0,0,1,
FAM102B,0.38041119512951316,TAM1/TAM2/microglia,IDH_Mutant,4935,0,0,1,
AOAH,0.3803171516552716,TAM1/TAM2/microglia,IDH_WT,4936,0,0,1,
TIMP4,0.3800849356837002,OPC_GABA_like_tumor,IDH_WT,4937,0,0,1,
MOB1B,0.3800371895725359,TAM1/TAM2/microglia,IDH_Mutant,4938,0,0,1,
ETFA,0.3799727324472302,OPC_GABA_like_tumor,IDH_Mutant,4939,0,0,1,
EP400,0.3798482964760169,TAM1/TAM2/microglia,IDH_Mutant,4940,0,0,1,
KCNQ1,0.3797929296208534,TAM1/TAM2/microglia,IDH_Mutant,4941,0,0,1,
SHOC2,0.3797713816115998,TAM1/TAM2/microglia,IDH_Mutant,4942,0,0,1,
AC004540.2,0.3797655338133269,OPC_GABA_like_tumor,IDH_WT,4943,0,0,1,
KCNQ2,0.3797453077948951,AC_like_tumor,IDH_Mutant,4944,0,0,1,
IGBP1,0.3797251049997167,OPC_GABA_like_tumor,IDH_WT,4945,0,0,1,
DDR1,0.37967732902366524,OPC_GABA_like_tumor,IDH_WT,4946,0,0,1,
PFKP,0.3796482881040874,OPC_GABA_like_tumor,IDH_Mutant,4947,0,0,1,
TMED4,0.3794216323475647,OPC_GABA_like_tumor,IDH_Mutant,4948,0,0,1,
GNA11,0.3794206361504767,AC_like_tumor,IDH_WT,4949,0,0,1,
FUBP1,0.379246146493405,cycling_tumor,IDH_WT,4950,0,0,1,
PPARA,0.37923797211044624,OPC_GABA_like_tumor,IDH_Mutant,4951,0,0,1,
SZRD1,0.3792043868043181,OPC_GABA_like_tumor,IDH_WT,4952,0,0,1,
CEP170,0.3790589946811914,TAM1/TAM2/microglia,IDH_WT,4953,0,0,1,
DHRSX,0.3790514408997644,TAM1/TAM2/microglia,IDH_Mutant,4954,0,0,1,
SH3YL1,0.3790496272422236,OPC_GABA_like_tumor,IDH_Mutant,4955,0,0,1,
IFI35,0.3790139310014744,TAM1/TAM2/microglia,IDH_Mutant,4956,0,0,1,
PHLPP1,0.3789152195373646,OPC_GABA_like_tumor,IDH_Mutant,4957,0,0,1,
CEP350,0.3788301043321237,TAM1/TAM2/microglia,IDH_Mutant,4958,0,0,1,
SLC39A10,0.37879659610559263,OPC_GABA_like_tumor,IDH_WT,4959,0,0,1,
AC002429.2,0.3787816996468631,OPC_GABA_like_tumor,IDH_Mutant,4960,0,0,1,
RPP25L,0.3787800633175572,OPC_GABA_like_tumor,IDH_Mutant,4961,0,0,1,
ZHX2,0.37874577829752715,AC_like_tumor,IDH_Mutant,4962,0,0,1,
PTPRT,0.3787298788181063,OPC_GABA_like_tumor,IDH_Mutant,4963,0,0,1,
ZNF428,0.3786921271615135,TAM1/TAM2/microglia,IDH_WT,4964,0,0,1,
PTS,0.3786408831714577,TAM1/TAM2/microglia,IDH_Mutant,4965,0,0,1,
TSTA3,0.37854756186009364,AC_like_tumor,IDH_Mutant,4966,0,0,1,
SRSF11,0.3784762761896886,OPC_GABA_like_tumor,IDH_Mutant,4967,0,0,1,
MAP1LC3A,0.37846225757339846,cycling_tumor,IDH_WT,4968,0,0,1,
FTL,0.37842578856389486,cycling_tumor,IDH_Mutant,4969,0,0,0,
TLR5,0.3784180110012409,TAM1/TAM2/microglia,IDH_WT,4970,0,0,1,
CSE1L,0.3782331461627048,OPC_GABA_like_tumor,IDH_Mutant,4971,0,0,1,
NBAS,0.37818383008227274,TAM1/TAM2/microglia,IDH_Mutant,4972,0,0,1,
PIP5K1B,0.3781033990171546,TAM1/TAM2/microglia,IDH_Mutant,4973,0,0,1,
HIST1H4C,0.3780825171182355,TAM1/TAM2/microglia,IDH_Mutant,4974,0,0,0,
MAP2K2,0.37806604894152873,TAM1/TAM2/microglia,IDH_Mutant,4975,0,0,1,
CADM2,0.37799476363748946,OPC_GABA_AC_like_tumor,IDH_WT,4976,0,0,1,
PDHB,0.37798443523841685,OPC_GABA_AC_like_tumor,IDH_WT,4977,0,0,1,
MEG3,0.37795891988885333,AC_like_tumor,IDH_Mutant,4978,0,0,1,
SOS2,0.37792537466482445,TAM1/TAM2/microglia,IDH_WT,4979,0,0,1,
SGMS1,0.3778333887752089,TAM1/TAM2/microglia,IDH_Mutant,4980,0,0,1,
AF117829.1,0.3777013784248096,OPC_GABA_like_tumor,IDH_Mutant,4981,0,0,1,
FAU,0.37768002301564485,TAM1/TAM2/microglia,IDH_Mutant,4982,0,0,1,
IDH1,0.37761379315895705,OPC_GABA_like_tumor,IDH_WT,4983,0,0,1,
AGO1,0.37761175341737746,OPC_GABA_like_tumor,IDH_WT,4984,0,0,1,
MRS2,0.3774885000322786,OPC_GABA_like_tumor,IDH_WT,4985,0,0,1,
AASDHPPT,0.37748553340671764,OPC_GABA_like_tumor,IDH_WT,4986,0,0,1,
RBM10,0.37735977019543937,OPC_GABA_like_tumor,IDH_WT,4987,0,0,1,
ZNF358,0.37733066449534003,OPC_GABA_like_tumor,IDH_WT,4988,0,0,1,
MEX3C,0.3771164367343853,OPC_GABA_like_tumor,IDH_Mutant,4989,0,0,1,
MNS1,0.37707237176079883,cycling_tumor,IDH_WT,4990,0,0,1,
FAM19A5,0.3770447961584203,OPC_GABA_like_tumor,IDH_Mutant,4991,0,0,1,
SDHC,0.37702843283729326,cycling_tumor,IDH_WT,4992,0,0,1,
PMS1,0.3769706118109707,OPC_GABA_like_tumor,IDH_WT,4993,0,0,1,
C3orf38,0.37683964386065083,OPC_GABA_like_tumor,IDH_WT,4994,0,0,1,
HPSE,0.37678586413010906,TAM1/TAM2/microglia,IDH_Mutant,4995,0,0,1,
RBM7,0.3766596767879412,TAM1/TAM2/microglia,IDH_WT,4996,0,0,1,
MAPKAPK2,0.3765686204835773,TAM1/TAM2/microglia,IDH_Mutant,4997,0,0,1,
NLGN2,0.3764081009803257,OPC_GABA_like_tumor,IDH_Mutant,4998,0,0,1,
FAM98A,0.3763346137537608,OPC_GABA_like_tumor,IDH_WT,4999,0,0,1,
FAM228B,0.3761479028385266,OPC_GABA_like_tumor,IDH_WT,5000,0,0,1,
CEP63,0.37613268624298246,TAM1/TAM2/microglia,IDH_WT,5001,0,0,1,
HEPN1,0.37595928668517054,OPC_GABA_like_tumor,IDH_Mutant,5002,0,0,1,
HEY2,0.3759191792936859,OPC_GABA_like_tumor,IDH_Mutant,5003,0,0,1,
CANT1,0.3759082999549119,OPC_GABA_like_tumor,IDH_WT,5004,0,0,1,
YIF1A,0.37589218716052886,cycling_tumor,IDH_Mutant,5005,0,0,1,
DDX21,0.3758612506745447,TAM1/TAM2/microglia,IDH_Mutant,5006,0,0,1,
MICU2,0.3758293273798974,cycling_tumor,IDH_Mutant,5007,0,0,1,
FBXO30,0.3757219989561431,OPC_GABA_like_tumor,IDH_Mutant,5008,0,0,1,
DLGAP1,0.3755357523418522,AC_like_tumor,IDH_Mutant,5009,0,0,1,
ENC1,0.37544050609099106,OPC_GABA_like_tumor,IDH_WT,5010,0,0,1,
ERBB4,0.37538410321645543,OPC_GABA_like_tumor,IDH_Mutant,5011,0,0,1,
BOD1L1,0.37537650667804223,TAM1/TAM2/microglia,IDH_WT,5012,0,0,1,
RNF150,0.3752961476516494,AC_like_tumor,IDH_Mutant,5013,0,0,1,
SLC38A10,0.3751668088315223,TAM1/TAM2/microglia,IDH_WT,5014,0,0,1,
COPE,0.37512966552662963,TAM1/TAM2/microglia,IDH_Mutant,5015,0,0,1,
SLC12A9,0.37509689853106803,OPC_GABA_like_tumor,IDH_WT,5016,0,0,1,
TP53I3,0.37502417978868297,OPC_GABA_AC_like_tumor,IDH_WT,5017,0,0,1,
TSR3,0.37478217941912145,TAM1/TAM2/microglia,IDH_Mutant,5018,0,0,1,
GALNT10,0.3747521556907695,TAM1/TAM2/microglia,IDH_Mutant,5019,0,0,1,
C2orf72,0.3746638070401844,OPC_GABA_like_tumor,IDH_Mutant,5020,0,0,1,
ENHO,0.3745930667257717,OPC_GABA_like_tumor,IDH_WT,5021,0,0,1,
RARRES2,0.3745435940637643,OPC_GABA_like_tumor,IDH_WT,5022,0,0,1,
TDG,0.3745320013176715,OPC_GABA_like_tumor,IDH_Mutant,5023,0,0,1,
GNPAT,0.3744210058935006,OPC_GABA_like_tumor,IDH_WT,5024,0,0,1,
LINC00461,0.3742240236032262,OPC_GABA_like_tumor,IDH_Mutant,5025,0,0,1,
VTA1,0.3741987858152916,cycling_tumor,IDH_WT,5026,0,0,1,
PABPC1,0.3741746484335213,TAM1/TAM2/microglia,IDH_WT,5027,0,0,1,
BIRC6,0.374001791271766,OPC_GABA_like_tumor,IDH_WT,5028,0,0,1,
HERC2,0.3739959650866224,TAM1/TAM2/microglia,IDH_Mutant,5029,0,0,1,
USF2,0.37398803515792317,cycling_tumor,IDH_WT,5030,0,0,1,
SCLT1,0.37398701664172657,TAM1/TAM2/microglia,IDH_Mutant,5031,0,0,1,
DEGS1,0.3739808515074853,OPC_GABA_like_tumor,IDH_Mutant,5032,0,0,1,
CSTF3,0.37394496729986365,cycling_tumor,IDH_WT,5033,0,0,1,
PITHD1,0.3739090059219362,AC_like_tumor,IDH_Mutant,5034,0,0,1,
ZNF580,0.3737975841790571,OPC_GABA_like_tumor,IDH_WT,5035,0,0,1,
MDH1,0.3737037795236776,OPC_GABA_AC_like_tumor,IDH_WT,5036,0,0,1,
GCLC,0.37356380879301954,OPC_GABA_like_tumor,IDH_Mutant,5037,0,0,1,
DPH3,0.3735536125708288,cycling_tumor,IDH_WT,5038,0,0,1,
PEBP1,0.37352376816934363,TAM1/TAM2/microglia,IDH_WT,5039,0,0,1,
KAZN,0.3734094101508545,OPC_GABA_like_tumor,IDH_Mutant,5040,0,0,1,
PLPBP,0.3733682700813139,OPC_GABA_like_tumor,IDH_WT,5041,0,0,1,
KLHL24,0.373340779085303,cycling_tumor,IDH_Mutant,5042,0,0,1,
CSK,0.3732900458438461,TAM1/TAM2/microglia,IDH_WT,5043,0,0,1,
GMDS-DT,0.3731778948538022,OPC_GABA_like_tumor,IDH_Mutant,5044,0,0,1,
C1QBP,0.3731400715832935,TAM1/TAM2/microglia,IDH_Mutant,5045,0,0,1,
STK33,0.37313916490008847,OPC_GABA_like_tumor,IDH_Mutant,5046,0,0,1,
TYW3,0.37305773304084594,cycling_tumor,IDH_WT,5047,0,0,1,
SEMA4D,0.3730071608867215,TAM1/TAM2/microglia,IDH_Mutant,5048,0,0,1,
CDCA4,0.3729136753922215,cycling_tumor,IDH_WT,5049,0,0,1,
VIPR2,0.37289100931466435,OPC_GABA_like_tumor,IDH_Mutant,5050,0,0,1,
ADK,0.3728689720847954,OPC_GABA_like_tumor,IDH_WT,5051,0,0,1,
TMEM54,0.3728419473836463,OPC_GABA_like_tumor,IDH_Mutant,5052,0,0,1,
FAT3,0.3727966398489231,OPC_GABA_like_tumor,IDH_Mutant,5053,0,0,1,
NOL4,0.37274904759856187,AC_like_tumor,IDH_Mutant,5054,0,0,1,
CDKN2D,0.37269045752875746,cycling_tumor,IDH_WT,5055,0,0,1,
ALKBH2,0.37255510518792445,OPC_GABA_AC_like_tumor,IDH_WT,5056,0,0,1,
LATS1,0.37252735284856364,TAM1/TAM2/microglia,IDH_Mutant,5057,0,0,1,
SNAP29,0.3725041209997998,OPC_GABA_like_tumor,IDH_WT,5058,0,0,1,
FARP1,0.37232706043566466,OPC_GABA_like_tumor,IDH_Mutant,5059,0,0,1,
FAM76B,0.37225589339451387,OPC_GABA_like_tumor,IDH_Mutant,5060,0,0,1,
PLSCR4,0.3722186013197502,OPC_GABA_like_tumor,IDH_Mutant,5061,0,0,1,
PSMD14,0.37211050904571613,OPC_GABA_AC_like_tumor,IDH_WT,5062,0,0,1,
ARMC10,0.3720629466104205,OPC_GABA_like_tumor,IDH_WT,5063,0,0,1,
FUT9,0.37200295421908275,OPC_GABA_like_tumor,IDH_Mutant,5064,0,0,1,
BAG3,0.3719948603444251,TAM1/TAM2/microglia,IDH_WT,5065,0,0,1,
B3GAT3,0.3718879874239973,OPC_GABA_like_tumor,IDH_WT,5066,0,0,1,
RPL6,0.37187546005611305,TAM1/TAM2/microglia,IDH_Mutant,5067,0,0,0,
DDX18,0.37187019013811495,OPC_GABA_AC_like_tumor,IDH_WT,5068,0,0,1,
RAF1,0.3718695200289366,TAM1/TAM2/microglia,IDH_Mutant,5069,0,0,1,
TRPM2,0.3718554763945625,TAM1/TAM2/microglia,IDH_WT,5070,0,0,1,
FBXO22,0.3718281183748114,OPC_GABA_like_tumor,IDH_WT,5071,0,0,1,
SERPINE2,0.3717889766154648,OPC_GABA_AC_like_tumor,IDH_WT,5072,0,0,1,
RPS15A,0.37178464509453935,OPC_GABA_AC_like_tumor,IDH_WT,5073,0,0,0,
GPSM3,0.37176893406473377,TAM1/TAM2/microglia,IDH_Mutant,5074,0,0,1,
APH1A,0.3717543451784456,OPC_GABA_like_tumor,IDH_WT,5075,0,0,1,
FAM208B,0.37167970823133345,TAM1/TAM2/microglia,IDH_Mutant,5076,0,0,1,
OFD1,0.3716493376685005,TAM1/TAM2/microglia,IDH_WT,5077,0,0,1,
IFT57,0.3715984397239346,OPC_GABA_like_tumor,IDH_WT,5078,0,0,1,
GINM1,0.37148067870824353,OPC_GABA_like_tumor,IDH_WT,5079,0,0,1,
PDS5B,0.37139542170657264,TAM1/TAM2/microglia,IDH_Mutant,5080,0,0,1,
PRCP,0.3713143452182743,cycling_tumor,IDH_Mutant,5081,0,0,1,
CADM4,0.37131061958831274,OPC_GABA_AC_like_tumor,IDH_WT,5082,0,0,1,
EIF3J,0.37126931013022657,cycling_tumor,IDH_WT,5083,0,0,0,
DBF4,0.37116308573837953,OPC_GABA_like_tumor,IDH_Mutant,5084,0,0,1,
SBNO1,0.37104914333322025,OPC_GABA_like_tumor,IDH_WT,5085,0,0,1,
RASA3,0.3710442115840483,TAM1/TAM2/microglia,IDH_Mutant,5086,0,0,1,
CS,0.37099306224084433,OPC_GABA_like_tumor,IDH_Mutant,5087,0,0,1,
DNAJC5,0.3709716109898711,cycling_tumor,IDH_WT,5088,0,0,1,
FANCA,0.37097118265758977,cycling_tumor,IDH_Mutant,5089,0,0,1,
ZHX1,0.37092202437543675,cycling_tumor,IDH_WT,5090,0,0,1,
MAN2A2,0.37088574688925585,OPC_GABA_like_tumor,IDH_WT,5091,0,0,1,
FUNDC1,0.3708197488775586,cycling_tumor,IDH_WT,5092,0,0,1,
FAM92A,0.37075416492317137,OPC_GABA_like_tumor,IDH_WT,5093,0,0,1,
ZNF581,0.3706354388196139,cycling_tumor,IDH_WT,5094,0,0,1,
GDI1,0.3704594499365347,OPC_GABA_AC_like_tumor,IDH_WT,5095,0,0,1,
FMC1,0.37044869303702527,OPC_GABA_AC_like_tumor,IDH_WT,5096,0,0,1,
G6PC3,0.37044784311945256,cycling_tumor,IDH_WT,5097,0,0,1,
NDC80,0.37041286673553864,cycling_tumor,IDH_Mutant,5098,0,0,1,
GDAP1,0.3704025515636585,AC_like_tumor,IDH_Mutant,5099,0,0,1,
MSRA,0.37033481772987586,cycling_tumor,IDH_WT,5100,0,0,1,
WDR33,0.3703314414398218,cycling_tumor,IDH_WT,5101,0,0,1,
ITCH,0.3703092349735856,TAM1/TAM2/microglia,IDH_Mutant,5102,0,0,1,
HS3ST1,0.370304338627799,OPC_GABA_like_tumor,IDH_Mutant,5103,0,0,1,
SOS1,0.37020584428596226,TAM1/TAM2/microglia,IDH_Mutant,5104,0,0,1,
PRTFDC1,0.3701255875905697,OPC_GABA_like_tumor,IDH_Mutant,5105,0,0,1,
NTMT1,0.3700736775738245,OPC_GABA_AC_like_tumor,IDH_WT,5106,0,0,1,
TNPO3,0.3700724510687561,OPC_GABA_like_tumor,IDH_WT,5107,0,0,1,
MT-ND4,0.3700120733116945,TAM1/TAM2/microglia,IDH_Mutant,5108,0,0,0,
BOD1,0.36994292449508787,OPC_GABA_AC_like_tumor,IDH_WT,5109,0,0,1,
JAML,0.36988387398657735,TAM1/TAM2/microglia,IDH_Mutant,5110,0,0,1,
TRIM38,0.36981149587947304,TAM1/TAM2/microglia,IDH_Mutant,5111,0,0,1,
VPS51,0.3698072650804124,OPC_GABA_like_tumor,IDH_WT,5112,0,0,1,
TRIM27,0.369724379827386,OPC_GABA_like_tumor,IDH_Mutant,5113,0,0,1,
KAT6B,0.3697134351471233,OPC_GABA_like_tumor,IDH_Mutant,5114,0,0,1,
DNAJC1,0.3695877541760241,OPC_GABA_like_tumor,IDH_Mutant,5115,0,0,1,
CIAO1,0.3695587568154004,cycling_tumor,IDH_WT,5116,0,0,1,
MAP3K13,0.3695230249920587,OPC_GABA_AC_like_tumor,IDH_WT,5117,0,0,1,
MED4,0.3694209398137942,cycling_tumor,IDH_WT,5118,0,0,1,
DDX1,0.369337841075963,cycling_tumor,IDH_WT,5119,0,0,1,
ROM1,0.3693159663848075,OPC_GABA_like_tumor,IDH_Mutant,5120,0,0,1,
CD38,0.3692906709439846,OPC_GABA_like_tumor,IDH_Mutant,5121,0,0,1,
TENT4B,0.36921491680899,TAM1/TAM2/microglia,IDH_Mutant,5122,0,0,1,
EED,0.36915996477799273,TAM1/TAM2/microglia,IDH_Mutant,5123,0,0,1,
C12orf57,0.3691114035794331,TAM1/TAM2/microglia,IDH_Mutant,5124,0,0,1,
INAFM2,0.3690838688809264,TAM1/TAM2/microglia,IDH_Mutant,5125,0,0,1,
PSMB2,0.36906596421819093,OPC_GABA_like_tumor,IDH_WT,5126,0,0,1,
RBM12,0.3690058659340391,OPC_GABA_like_tumor,IDH_Mutant,5127,0,0,1,
SMURF2,0.3689445105114247,cycling_tumor,IDH_WT,5128,0,0,1,
SLC26A2,0.36888815424731114,OPC_GABA_like_tumor,IDH_WT,5129,0,0,1,
SSH1,0.36880425901640884,TAM1/TAM2/microglia,IDH_Mutant,5130,0,0,1,
RUVBL1,0.3688007224958761,OPC_GABA_like_tumor,IDH_WT,5131,0,0,1,
SLC25A36,0.36870665278309084,AC_like_tumor,IDH_Mutant,5132,0,0,1,
POLR2A,0.3687057367876975,cycling_tumor,IDH_WT,5133,0,0,1,
BRD7,0.3686880477636877,OPC_GABA_like_tumor,IDH_WT,5134,0,0,1,
RPL10A,0.3686602183296559,TAM1/TAM2/microglia,IDH_WT,5135,0,0,0,
ERAL1,0.368657398787623,OPC_GABA_like_tumor,IDH_WT,5136,0,0,1,
NAP1L3,0.36861924097257076,OPC_GABA_like_tumor,IDH_WT,5137,0,0,1,
UQCRHL,0.36860888495986055,cycling_tumor,IDH_WT,5138,0,0,0,
ATP5MC2,0.36847285515835654,TAM1/TAM2/microglia,IDH_Mutant,5139,0,0,0,
USP47,0.36838800810869754,TAM1/TAM2/microglia,IDH_Mutant,5140,0,0,1,
DEAF1,0.36837808863936233,TAM1/TAM2/microglia,IDH_Mutant,5141,0,0,1,
TXNDC12,0.36832408292994556,OPC_GABA_like_tumor,IDH_WT,5142,0,0,1,
CCDC12,0.3682982730152973,AC_like_tumor,IDH_Mutant,5143,0,0,1,
ADAM28,0.3682311639438,TAM1/TAM2/microglia,IDH_Mutant,5144,0,0,1,
MANBAL,0.3681305869977642,cycling_tumor,IDH_WT,5145,0,0,1,
NCLN,0.36808808562940787,OPC_GABA_like_tumor,IDH_WT,5146,0,0,1,
YTHDF2,0.3680737516402947,OPC_GABA_like_tumor,IDH_WT,5147,0,0,1,
CREB3,0.36802166143370274,cycling_tumor,IDH_WT,5148,0,0,1,
CYFIP2,0.3679693615448759,OPC_GABA_like_tumor,IDH_WT,5149,0,0,1,
EPB41L2,0.36791157156451326,OPC_GABA_like_tumor,IDH_Mutant,5150,0,0,1,
RPLP0,0.367809699517339,TAM1/TAM2/microglia,IDH_WT,5151,0,0,0,
CBR4,0.36779978951529085,OPC_GABA_like_tumor,IDH_Mutant,5152,0,0,1,
TLR3,0.3677991308422516,TAM1/TAM2/microglia,IDH_WT,5153,0,0,1,
PRRC2B,0.3676554177841524,TAM1/TAM2/microglia,IDH_WT,5154,0,0,1,
EPRS,0.3676480696165939,OPC_GABA_AC_like_tumor,IDH_WT,5155,0,0,1,
COQ10B,0.36762412400676736,OPC_GABA_like_tumor,IDH_WT,5156,0,0,1,
NFKBIA,0.36757347833784965,OPC_GABA_like_tumor,IDH_WT,5157,0,0,1,
POC1A,0.36753125645186546,cycling_tumor,IDH_WT,5158,0,0,1,
MRPL28,0.36748889964458964,TAM1/TAM2/microglia,IDH_Mutant,5159,0,0,0,
HERC4,0.3674348881684962,TAM1/TAM2/microglia,IDH_Mutant,5160,0,0,1,
RETREG2,0.36727420566913155,OPC_GABA_like_tumor,IDH_WT,5161,0,0,1,
PHB,0.3672605854259351,TAM1/TAM2/microglia,IDH_Mutant,5162,0,0,1,
AGTPBP1,0.36724425912871955,TAM1/TAM2/microglia,IDH_Mutant,5163,0,0,1,
WDR91,0.3672002288535688,TAM1/TAM2/microglia,IDH_Mutant,5164,0,0,1,
TTC7A,0.3671421147366441,TAM1/TAM2/microglia,IDH_WT,5165,0,0,1,
SOBP,0.3671088785789012,AC_like_tumor,IDH_Mutant,5166,0,0,1,
CREBZF,0.3670977352998054,AC_like_tumor,IDH_Mutant,5167,0,0,1,
DCTN6,0.3670662471704707,cycling_tumor,IDH_WT,5168,0,0,1,
LYRM2,0.36700151180140667,OPC_GABA_like_tumor,IDH_Mutant,5169,0,0,1,
MED11,0.3669591787564942,cycling_tumor,IDH_WT,5170,0,0,1,
CDKN2B,0.36690795831688783,OPC_GABA_like_tumor,IDH_WT,5171,0,0,1,
KRR1,0.36686772925884725,OPC_GABA_like_tumor,IDH_Mutant,5172,0,0,1,
BCL7A,0.3668422501915378,AC_like_tumor,IDH_Mutant,5173,0,0,1,
LSG1,0.3667158941015173,OPC_GABA_like_tumor,IDH_WT,5174,0,0,1,
TMX3,0.3667122395052374,OPC_GABA_like_tumor,IDH_WT,5175,0,0,1,
STUB1,0.3666946335006668,TAM1/TAM2/microglia,IDH_Mutant,5176,0,0,1,
CNDP2,0.36664299289109464,cycling_tumor,IDH_WT,5177,0,0,1,
NOLC1,0.3665658663826196,OPC_GABA_like_tumor,IDH_WT,5178,0,0,1,
C8orf33,0.3665478182669912,OPC_GABA_like_tumor,IDH_WT,5179,0,0,1,
SGCB,0.3664938907995014,OPC_GABA_AC_like_tumor,IDH_Mutant,5180,0,0,1,
SCYL2,0.36648304970942813,OPC_GABA_like_tumor,IDH_WT,5181,0,0,1,
EBP,0.36645916639271414,cycling_tumor,IDH_WT,5182,0,0,1,
RAP2B,0.36642816124797317,OPC_GABA_like_tumor,IDH_WT,5183,0,0,1,
NKD1,0.3663943364208845,OPC_GABA_like_tumor,IDH_Mutant,5184,0,0,1,
MAGI1,0.36631574379046505,OPC_GABA_like_tumor,IDH_Mutant,5185,0,0,1,
ATP5ME,0.3661617793233908,TAM1/TAM2/microglia,IDH_Mutant,5186,0,0,0,
IMPA1,0.36611854802332144,OPC_GABA_like_tumor,IDH_Mutant,5187,0,0,1,
DAPK1,0.3661075655933636,OPC_GABA_like_tumor,IDH_Mutant,5188,0,0,1,
SNRPB2,0.36606533698883237,OPC_GABA_like_tumor,IDH_Mutant,5189,0,0,1,
NT5C3B,0.3660507689175544,OPC_GABA_like_tumor,IDH_WT,5190,0,0,1,
GAREM1,0.36601047890293925,OPC_GABA_like_tumor,IDH_Mutant,5191,0,0,1,
MRPL44,0.36594845114067887,OPC_GABA_like_tumor,IDH_Mutant,5192,0,0,0,
LRMP,0.365924592257,TAM1/TAM2/microglia,IDH_Mutant,5193,0,0,1,
POLD3,0.36592456304405374,cycling_tumor,IDH_Mutant,5194,0,0,1,
SOGA1,0.3659044563034147,OPC_GABA_like_tumor,IDH_WT,5195,0,0,1,
TXNDC9,0.36589215824885646,cycling_tumor,IDH_WT,5196,0,0,1,
CDH11,0.36577081710874515,OPC_GABA_like_tumor,IDH_Mutant,5197,0,0,1,
G3BP2,0.3657461814454764,OPC_GABA_like_tumor,IDH_WT,5198,0,0,1,
MIDN,0.3657433101921227,TAM1/TAM2/microglia,IDH_WT,5199,0,0,1,
SNRPA,0.3657284755321385,OPC_GABA_like_tumor,IDH_WT,5200,0,0,1,
SLC16A9,0.36566316157912293,OPC_GABA_like_tumor,IDH_Mutant,5201,0,0,1,
MVB12B,0.36558937429019,TAM1/TAM2/microglia,IDH_Mutant,5202,0,0,1,
SPPL2B,0.3655429386151338,OPC_GABA_like_tumor,IDH_WT,5203,0,0,1,
SOX15,0.3655127914854303,OPC_GABA_like_tumor,IDH_Mutant,5204,0,0,1,
LNPK,0.36551078597295883,cycling_tumor,IDH_WT,5205,0,0,1,
RPL27A,0.36534449960265053,TAM1/TAM2/microglia,IDH_Mutant,5206,0,0,0,
CDKN2AIP,0.3652869016151358,TAM1/TAM2/microglia,IDH_WT,5207,0,0,1,
LRRC17,0.3652187878133829,OPC_GABA_like_tumor,IDH_Mutant,5208,0,0,1,
SUMO2,0.36519959409766517,TAM1/TAM2/microglia,IDH_Mutant,5209,0,0,1,
GNL1,0.36514505167405503,OPC_GABA_like_tumor,IDH_WT,5210,0,0,1,
TRIM23,0.36514138216055014,OPC_GABA_like_tumor,IDH_WT,5211,0,0,1,
DERL1,0.3650434127704013,OPC_GABA_like_tumor,IDH_WT,5212,0,0,1,
ZDHHC9,0.3649991769902042,OPC_GABA_like_tumor,IDH_WT,5213,0,0,1,
AGO3,0.3648469431105529,TAM1/TAM2/microglia,IDH_Mutant,5214,0,0,1,
FLAD1,0.3648006183753084,OPC_GABA_like_tumor,IDH_WT,5215,0,0,1,
ZMYND11,0.3645752615372885,OPC_GABA_like_tumor,IDH_WT,5216,0,0,1,
HIST3H2A,0.36452622090341735,cycling_tumor,IDH_WT,5217,0,0,0,
SPOCK1,0.3644691814801802,OPC_GABA_like_tumor,IDH_Mutant,5218,0,0,1,
TPCN1,0.3644671554030855,TAM1/TAM2/microglia,IDH_Mutant,5219,0,0,1,
DYNC2H1,0.3644408752705649,OPC_GABA_like_tumor,IDH_Mutant,5220,0,0,1,
RPL22,0.36431713261108084,TAM1/TAM2/microglia,IDH_Mutant,5221,0,0,0,
PAFAH1B1,0.36430847401708766,cycling_tumor,IDH_WT,5222,0,0,1,
KIAA0319L,0.36427706269669036,OPC_GABA_like_tumor,IDH_WT,5223,0,0,1,
CCT6A,0.3641503796597222,OPC_GABA_AC_like_tumor,IDH_WT,5224,0,0,1,
TIMM10,0.36413830914527034,TAM1/TAM2/microglia,IDH_Mutant,5225,0,0,1,
PPM1L,0.36413156032768984,OPC_GABA_like_tumor,IDH_Mutant,5226,0,0,1,
STX18,0.3641071353366135,TAM1/TAM2/microglia,IDH_Mutant,5227,0,0,1,
ARID1B,0.3639721970988462,TAM1/TAM2/microglia,IDH_Mutant,5228,0,0,1,
IFT81,0.36396569605490864,OPC_GABA_like_tumor,IDH_WT,5229,0,0,1,
SUMO1,0.363860179420219,OPC_GABA_AC_like_tumor,IDH_WT,5230,0,0,1,
SMIM10L1,0.36379433581250736,AC_like_tumor,IDH_Mutant,5231,0,0,1,
DHRS3,0.3637656966965156,T cell,IDH_Mutant,5232,0,0,1,
PLK3,0.36372775672771884,TAM1/TAM2/microglia,IDH_WT,5233,0,0,1,
FAR2,0.36369283664669927,TAM1/TAM2/microglia,IDH_Mutant,5234,0,0,1,
ZNF431,0.36367158123162113,OPC_GABA_like_tumor,IDH_WT,5235,0,0,1,
N4BP2,0.36365187638032037,TAM1/TAM2/microglia,IDH_Mutant,5236,0,0,1,
BROX,0.36356238620103143,OPC_GABA_like_tumor,IDH_WT,5237,0,0,1,
SLC38A1,0.36353976053084575,OPC_GABA_like_tumor,IDH_WT,5238,0,0,1,
NUDT2,0.36345791644129183,OPC_GABA_like_tumor,IDH_WT,5239,0,0,1,
FAM135A,0.3632350141906259,OPC_GABA_like_tumor,IDH_Mutant,5240,0,0,1,
RECQL,0.3632245098869574,cycling_tumor,IDH_WT,5241,0,0,1,
SCML1,0.36316844517578845,TAM1/TAM2/microglia,IDH_Mutant,5242,0,0,1,
SIRT1,0.3631503420366401,TAM1/TAM2/microglia,IDH_Mutant,5243,0,0,1,
SSBP3,0.36300817787605816,OPC_GABA_like_tumor,IDH_Mutant,5244,0,0,1,
FMR1,0.3629690628440292,OPC_GABA_like_tumor,IDH_WT,5245,0,0,1,
YLPM1,0.3629177061411526,cycling_tumor,IDH_WT,5246,0,0,1,
RBBP8,0.36286843612936764,OPC_GABA_like_tumor,IDH_WT,5247,0,0,1,
GFM1,0.36286388077693876,OPC_GABA_like_tumor,IDH_WT,5248,0,0,1,
BDH2,0.36272695959667656,OPC_GABA_like_tumor,IDH_Mutant,5249,0,0,1,
SEC24B,0.3625973504370251,TAM1/TAM2/microglia,IDH_Mutant,5250,0,0,1,
PPP2R2D,0.3625079981899457,TAM1/TAM2/microglia,IDH_Mutant,5251,0,0,1,
BMPR2,0.36233288564975785,cycling_tumor,IDH_WT,5252,0,0,1,
DPP10,0.362326399384751,OPC_GABA_like_tumor,IDH_Mutant,5253,0,0,1,
EVI2A,0.3623169013857484,TAM1/TAM2/microglia,IDH_Mutant,5254,0,0,1,
BRWD1,0.3623151470328322,OPC_GABA_like_tumor,IDH_WT,5255,0,0,1,
DKK3,0.3623122965773281,OPC_GABA_like_tumor,IDH_Mutant,5256,0,0,1,
TMED10,0.3622455279135344,OPC_GABA_like_tumor,IDH_Mutant,5257,0,0,1,
PMM1,0.362155374706267,OPC_GABA_like_tumor,IDH_Mutant,5258,0,0,1,
TBPL1,0.36214684669996594,AC_like_tumor,IDH_Mutant,5259,0,0,1,
CENPC,0.36207915060271606,OPC_GABA_like_tumor,IDH_WT,5260,0,0,1,
PLEKHG2,0.362004819255766,TAM1/TAM2/microglia,IDH_WT,5261,0,0,1,
STRN3,0.36189502176595567,TAM1/TAM2/microglia,IDH_Mutant,5262,0,0,1,
PCNP,0.36170638197122934,OPC_GABA_like_tumor,IDH_WT,5263,0,0,1,
GPC1,0.3616205814312447,OPC_GABA_like_tumor,IDH_WT,5264,0,0,1,
NRSN1,0.3615903067322896,OPC_GABA_like_tumor,IDH_Mutant,5265,0,0,1,
ABI2,0.36157441848540534,TAM1/TAM2/microglia,IDH_Mutant,5266,0,0,1,
MFF,0.3615363381181568,OPC_GABA_AC_like_tumor,IDH_WT,5267,0,0,1,
CGRRF1,0.3615090676062558,OPC_GABA_like_tumor,IDH_WT,5268,0,0,1,
ZNF75A,0.36141040403699737,OPC_GABA_like_tumor,IDH_WT,5269,0,0,1,
SLC8B1,0.36122658750909353,TAM1/TAM2/microglia,IDH_Mutant,5270,0,0,1,
KIF21A,0.3610593492084299,OPC_GABA_like_tumor,IDH_Mutant,5271,0,0,1,
FGD2,0.36105443505922724,TAM1/TAM2/microglia,IDH_Mutant,5272,0,0,1,
SAT2,0.3610418845922128,OPC_GABA_like_tumor,IDH_WT,5273,0,0,1,
ELP4,0.3610290088717291,OPC_GABA_like_tumor,IDH_Mutant,5274,0,0,1,
ZC3H6,0.3609110420640102,TAM1/TAM2/microglia,IDH_WT,5275,0,0,1,
TMEM14C,0.36075901773841157,TAM1/TAM2/microglia,IDH_Mutant,5276,0,0,1,
CFLAR,0.3607463084964018,TAM1/TAM2/microglia,IDH_WT,5277,0,0,1,
FAXC,0.3606586585170023,OPC_GABA_like_tumor,IDH_Mutant,5278,0,0,1,
ARL8A,0.36060985705675896,OPC_GABA_like_tumor,IDH_WT,5279,0,0,1,
BUB1,0.36058852384923884,cycling_tumor,IDH_WT,5280,0,0,1,
MATN2,0.3605827751063229,OPC_GABA_like_tumor,IDH_WT,5281,0,0,1,
RPL35A,0.36050278529386304,T cell,IDH_WT,5282,0,0,0,
C12orf10,0.36050049434993603,OPC_GABA_like_tumor,IDH_WT,5283,0,0,1,
RUNX2,0.36045498935737585,TAM1/TAM2/microglia,IDH_Mutant,5284,0,0,1,
DLG1,0.3604374477627356,OPC_GABA_like_tumor,IDH_WT,5285,1,0,0,
PAFAH1B3,0.3604022590433712,OPC_GABA_AC_like_tumor,IDH_WT,5286,0,0,1,
BBIP1,0.3603982575375669,OPC_GABA_like_tumor,IDH_Mutant,5287,0,0,1,
NAP1L5,0.3603756467233887,OPC_GABA_like_tumor,IDH_Mutant,5288,0,0,1,
TEDC1,0.36029222575813774,cycling_tumor,IDH_Mutant,5289,0,0,1,
ZNF260,0.3602766923174999,OPC_GABA_like_tumor,IDH_WT,5290,0,0,1,
VIRMA,0.36024557930224854,OPC_GABA_like_tumor,IDH_WT,5291,0,0,1,
MRPL3,0.36021514814803246,OPC_GABA_AC_like_tumor,IDH_WT,5292,0,0,0,
CEP68,0.36019709890256874,TAM1/TAM2/microglia,IDH_Mutant,5293,0,0,1,
ZNF302,0.360188562757351,cycling_tumor,IDH_WT,5294,0,0,1,
NLGN4X,0.36015356351283645,AC_like_tumor,IDH_Mutant,5295,0,0,1,
STON2,0.36005611119149067,OPC_GABA_like_tumor,IDH_Mutant,5296,0,0,1,
PKN2,0.3600347014061138,TAM1/TAM2/microglia,IDH_Mutant,5297,0,0,1,
IL17RA,0.36000115185862397,TAM1/TAM2/microglia,IDH_Mutant,5298,0,0,1,
KIF1BP,0.359997835990601,cycling_tumor,IDH_WT,5299,0,0,1,
DPM2,0.3599692825527224,OPC_GABA_like_tumor,IDH_WT,5300,0,0,1,
CCT3,0.35993333988845666,AC_like_tumor,IDH_Mutant,5301,0,0,1,
TMEM97,0.3598438737982577,OPC_GABA_like_tumor,IDH_WT,5302,0,0,1,
PRKACA,0.35984238445311734,OPC_GABA_like_tumor,IDH_WT,5303,0,0,1,
MRPS18B,0.35982635906914806,TAM1/TAM2/microglia,IDH_Mutant,5304,0,0,0,
ANK2,0.3596657765693954,OPC_GABA_like_tumor,IDH_Mutant,5305,0,0,1,
RAD23B,0.35959781090739995,AC_like_tumor,IDH_Mutant,5306,0,0,1,
EPC1,0.35955933468513096,cycling_tumor,IDH_WT,5307,0,0,1,
FAM20A,0.3595524135521719,TAM1/TAM2/microglia,IDH_WT,5308,0,0,1,
CTHRC1,0.35953778750777693,OPC_GABA_like_tumor,IDH_WT,5309,0,0,1,
HS3ST4,0.35939850577709753,TAM1/TAM2/microglia,IDH_Mutant,5310,0,0,1,
ZNF487,0.3593826807078325,OPC_GABA_like_tumor,IDH_Mutant,5311,0,0,1,
ZNF721,0.35928420279895146,cycling_tumor,IDH_WT,5312,0,0,1,
TMEM218,0.3591637364839494,OPC_GABA_like_tumor,IDH_Mutant,5313,0,0,1,
AC008124.1,0.35903636277217604,OPC_GABA_like_tumor,IDH_WT,5314,0,0,1,
WDR49,0.3590132021924114,OPC_GABA_like_tumor,IDH_Mutant,5315,0,0,1,
C17orf58,0.3589750126356301,OPC_GABA_AC_like_tumor,IDH_WT,5316,0,0,1,
LARP4B,0.35893599009378674,TAM1/TAM2/microglia,IDH_WT,5317,0,0,1,
UNG,0.35885066029964524,cycling_tumor,IDH_WT,5318,0,0,1,
BCKDK,0.3586019912375764,cycling_tumor,IDH_WT,5319,0,0,1,
SSTR2,0.35855734105787107,OPC_GABA_like_tumor,IDH_Mutant,5320,0,0,1,
GEM,0.3584308371368431,OPC_GABA_like_tumor,IDH_Mutant,5321,0,0,1,
PFKL,0.35838487050904166,OPC_GABA_like_tumor,IDH_WT,5322,0,0,1,
SHISA4,0.3583768397962167,OPC_GABA_AC_like_tumor,IDH_WT,5323,0,0,1,
ISOC2,0.35835482472112784,OPC_GABA_like_tumor,IDH_WT,5324,0,0,1,
NOM1,0.3582952987220788,OPC_GABA_like_tumor,IDH_WT,5325,0,0,1,
ACACA,0.35829473079653357,OPC_GABA_like_tumor,IDH_WT,5326,0,0,1,
PRMT5,0.35815974042236076,OPC_GABA_like_tumor,IDH_WT,5327,0,0,1,
GOLT1B,0.35812270320514983,OPC_GABA_like_tumor,IDH_WT,5328,0,0,1,
DEF6,0.35806762277280774,TAM1/TAM2/microglia,IDH_WT,5329,0,0,1,
SH3RF3,0.3579527804106473,TAM1/TAM2/microglia,IDH_Mutant,5330,0,0,1,
RIOX2,0.3579520024854347,OPC_GABA_like_tumor,IDH_WT,5331,0,0,1,
HILPDA,0.35768629302798693,OPC_GABA_AC_like_tumor,IDH_WT,5332,0,0,1,
MTX1,0.35749025012069613,OPC_GABA_like_tumor,IDH_WT,5333,0,0,1,
SDHD,0.3573827834989296,TAM1/TAM2/microglia,IDH_Mutant,5334,0,0,1,
RSPRY1,0.35735659570886336,OPC_GABA_like_tumor,IDH_WT,5335,0,0,1,
PLCB1,0.3572979252359894,OPC_GABA_like_tumor,IDH_Mutant,5336,0,0,1,
OGFOD3,0.3572965163140377,OPC_GABA_like_tumor,IDH_Mutant,5337,0,0,1,
SMARCD3,0.35723506392728177,AC_like_tumor,IDH_Mutant,5338,0,0,1,
COP1,0.3572161418012765,TAM1/TAM2/microglia,IDH_Mutant,5339,0,0,1,
ATRN,0.3571988672454324,TAM1/TAM2/microglia,IDH_Mutant,5340,0,0,1,
ORC3,0.3571975225661216,cycling_tumor,IDH_WT,5341,0,0,1,
H2AFV,0.3571837509208797,OPC_GABA_AC_like_tumor,IDH_WT,5342,0,0,0,
RFC2,0.3571292917616185,OPC_GABA_like_tumor,IDH_WT,5343,0,0,1,
C19orf24,0.35701087152837496,TAM1/TAM2/microglia,IDH_Mutant,5344,0,0,1,
WDR60,0.35686297844322895,OPC_GABA_like_tumor,IDH_WT,5345,0,0,1,
NUP214,0.35680919612109496,OPC_GABA_like_tumor,IDH_WT,5346,0,0,1,
EIF1AX,0.3567924863467319,AC_like_tumor,IDH_Mutant,5347,0,0,0,
MYO1E,0.3567692033720957,TAM1/TAM2/microglia,IDH_Mutant,5348,0,0,1,
STAT3,0.3566620011151494,TAM1/TAM2/microglia,IDH_WT,5349,0,0,1,
WDR61,0.35655043511219336,OPC_GABA_like_tumor,IDH_WT,5350,0,0,1,
ARID2,0.35641708560194096,TAM1/TAM2/microglia,IDH_Mutant,5351,0,0,1,
SLC2A4RG,0.3563754350022864,cycling_tumor,IDH_WT,5352,0,0,1,
TAF3,0.356307789703175,OPC_GABA_like_tumor,IDH_Mutant,5353,0,0,1,
CANX,0.3562435156640045,OPC_GABA_like_tumor,IDH_Mutant,5354,0,0,1,
PIGT,0.35611542105888855,cycling_tumor,IDH_WT,5355,0,0,1,
TOPORS,0.35586201289391955,cycling_tumor,IDH_WT,5356,0,0,1,
MT-ND3,0.35580185674600817,T cell,IDH_WT,5357,0,0,0,
KIAA0586,0.35579466532369974,cycling_tumor,IDH_WT,5358,0,0,1,
CELSR2,0.3557578612242241,OPC_GABA_like_tumor,IDH_WT,5359,0,0,1,
ZPR1,0.35572835256069146,cycling_tumor,IDH_WT,5360,0,0,1,
RARS2,0.3556127567572806,OPC_GABA_like_tumor,IDH_WT,5361,0,0,1,
ZNF714,0.35547587512776796,OPC_GABA_like_tumor,IDH_WT,5362,0,0,1,
TMPO,0.35540451312140175,TAM1/TAM2/microglia,IDH_WT,5363,0,0,1,
ARFGEF1,0.35526276820398894,TAM1/TAM2/microglia,IDH_Mutant,5364,0,0,1,
ITSN1,0.35513860378980133,TAM1/TAM2/microglia,IDH_Mutant,5365,0,0,1,
MRPL19,0.3549781737996275,OPC_GABA_like_tumor,IDH_WT,5366,0,0,0,
CXXC4,0.3548868341459118,AC_like_tumor,IDH_Mutant,5367,0,0,1,
RRAS,0.35488502153464646,TAM1/TAM2/microglia,IDH_Mutant,5368,0,0,1,
ERI1,0.3548705315862834,cycling_tumor,IDH_WT,5369,0,0,1,
SMCO4,0.3547933176121707,OPC_GABA_like_tumor,IDH_Mutant,5370,0,0,1,
SLC44A1,0.35465410760152327,OPC_GABA_AC_like_tumor,IDH_Mutant,5371,0,0,1,
NDP,0.35463541711510255,OPC_GABA_like_tumor,IDH_Mutant,5372,0,0,1,
SKA3,0.3546165622182113,cycling_tumor,IDH_WT,5373,0,0,1,
KRT86,0.3544536916228787,T cell,IDH_Mutant,5374,0,0,1,
C11orf96,0.35443080080963735,AC_like_tumor,IDH_Mutant,5375,0,0,1,
SLC7A8,0.35441984797041426,TAM1/TAM2/microglia,IDH_Mutant,5376,0,0,1,
ING3,0.3543847245657304,AC_like_tumor,IDH_Mutant,5377,0,0,1,
INTS1,0.3543113471496465,OPC_GABA_like_tumor,IDH_WT,5378,0,0,1,
KDM2B,0.35424783697801343,TAM1/TAM2/microglia,IDH_Mutant,5379,0,0,1,
DSEL,0.3541468934931867,OPC_GABA_AC_like_tumor,IDH_WT,5380,0,0,1,
PSMC1,0.35409165729207503,cycling_tumor,IDH_WT,5381,0,0,1,
YIPF5,0.35403092232938327,cycling_tumor,IDH_WT,5382,0,0,1,
SGPP1,0.3539644038580943,TAM1/TAM2/microglia,IDH_WT,5383,0,0,1,
AP1S1,0.3539381277367207,AC_like_tumor,IDH_Mutant,5384,0,0,1,
SYNGR1,0.35379621506797493,TAM1/TAM2/microglia,IDH_WT,5385,0,0,1,
BCAP31,0.3537010032094854,OPC_GABA_like_tumor,IDH_Mutant,5386,0,0,1,
TRAPPC4,0.35369179896226377,cycling_tumor,IDH_Mutant,5387,0,0,1,
DBI,0.3536299635327027,AC_like_tumor,IDH_Mutant,5388,0,0,1,
RHNO1,0.35356156550914253,cycling_tumor,IDH_WT,5389,0,0,1,
PBXIP1,0.35351196316993044,OPC_GABA_like_tumor,IDH_Mutant,5390,0,0,1,
TRIO,0.3534389977153074,TAM1/TAM2/microglia,IDH_Mutant,5391,0,0,1,
P4HTM,0.35343488043080773,OPC_GABA_like_tumor,IDH_WT,5392,0,0,1,
OLA1,0.35340257947573805,OPC_GABA_AC_like_tumor,IDH_WT,5393,0,0,1,
DYNC1LI2,0.35331878267883565,cycling_tumor,IDH_Mutant,5394,0,0,1,
TTF1,0.3533105922586418,cycling_tumor,IDH_WT,5395,0,0,1,
MYH10,0.3533093725391574,cycling_tumor,IDH_WT,5396,0,0,1,
ILF3-DT,0.3530858805105102,TAM1/TAM2/microglia,IDH_WT,5397,0,0,1,
CNTN1,0.3529559065539138,OPC_GABA_like_tumor,IDH_Mutant,5398,0,1,0,2.0
HNRNPR,0.35293501734204347,OPC_GABA_AC_like_tumor,IDH_WT,5399,0,0,1,
PNN,0.3528670135010469,TAM1/TAM2/microglia,IDH_WT,5400,0,0,1,
CAV1,0.3528160038657585,cycling_tumor,IDH_WT,5401,0,0,1,
PGAP1,0.3527752274180313,OPC_GABA_like_tumor,IDH_Mutant,5402,0,0,1,
LRP3,0.3527064818620994,OPC_GABA_like_tumor,IDH_WT,5403,0,0,1,
NDRG4,0.3526913699897426,OPC_GABA_like_tumor,IDH_Mutant,5404,0,0,1,
BTBD8,0.3526197534596466,OPC_GABA_like_tumor,IDH_Mutant,5405,0,0,1,
MILR1,0.35261842543662897,TAM1/TAM2/microglia,IDH_Mutant,5406,0,0,1,
ENOSF1,0.35261731548563346,cycling_tumor,IDH_WT,5407,0,0,1,
PTGES3,0.3524471902716173,OPC_GABA_AC_like_tumor,IDH_WT,5408,0,0,1,
TGIF1,0.35241186694184906,OPC_GABA_like_tumor,IDH_WT,5409,0,0,1,
UQCRQ,0.3524041392628208,TAM1/TAM2/microglia,IDH_Mutant,5410,0,0,0,
SP140L,0.35233491432716585,TAM1/TAM2/microglia,IDH_WT,5411,0,0,1,
EEF1B2,0.35226106779721683,TAM1/TAM2/microglia,IDH_Mutant,5412,0,0,0,
EBPL,0.35223446377205614,OPC_GABA_AC_like_tumor,IDH_WT,5413,0,0,1,
PLPP5,0.35212960350613814,OPC_GABA_like_tumor,IDH_Mutant,5414,0,0,1,
UBAP2,0.35211823553113464,OPC_GABA_like_tumor,IDH_WT,5415,0,0,1,
XRCC6,0.3520587637396306,OPC_GABA_AC_like_tumor,IDH_WT,5416,0,0,1,
ERP29,0.35202532553611104,TAM1/TAM2/microglia,IDH_Mutant,5417,0,0,1,
AC018647.1,0.35181125652059886,OPC_GABA_like_tumor,IDH_Mutant,5418,0,0,1,
DMAP1,0.3517074620437761,cycling_tumor,IDH_WT,5419,0,0,1,
PTCD3,0.35164952227145063,OPC_GABA_like_tumor,IDH_WT,5420,0,0,1,
ROBO2,0.35163884495620445,OPC_GABA_like_tumor,IDH_Mutant,5421,0,0,1,
PIBF1,0.35157036262787567,TAM1/TAM2/microglia,IDH_Mutant,5422,0,0,1,
MACROD1,0.35155965435858216,OPC_GABA_like_tumor,IDH_Mutant,5423,0,0,1,
ID1,0.3513798202483572,OPC_GABA_like_tumor,IDH_Mutant,5424,0,0,1,
ZBTB1,0.35132776171865454,TAM1/TAM2/microglia,IDH_WT,5425,0,0,1,
TRMT1,0.35132505368559264,TAM1/TAM2/microglia,IDH_WT,5426,0,0,1,
SCD5,0.35124171302946855,OPC_GABA_AC_like_tumor,IDH_WT,5427,0,0,1,
CTNNB1,0.35118879163461963,TAM1/TAM2/microglia,IDH_Mutant,5428,0,0,1,
PKIG,0.3511664689694342,OPC_GABA_like_tumor,IDH_Mutant,5429,0,0,1,
MRPS28,0.35116040601578774,OPC_GABA_like_tumor,IDH_Mutant,5430,0,0,0,
ECD,0.3510952538439478,TAM1/TAM2/microglia,IDH_Mutant,5431,0,0,1,
AGPAT3,0.3510919461465768,OPC_GABA_like_tumor,IDH_Mutant,5432,0,0,1,
HDAC3,0.3510795339173189,cycling_tumor,IDH_WT,5433,0,0,1,
RNASEH1,0.35095461317456655,cycling_tumor,IDH_WT,5434,0,0,1,
MAP1LC3B,0.3509196958846771,OPC_GABA_like_tumor,IDH_WT,5435,0,0,1,
OSTM1,0.35054395567868857,OPC_GABA_like_tumor,IDH_WT,5436,0,0,1,
PELI1,0.3504762129810922,TAM1/TAM2/microglia,IDH_Mutant,5437,0,0,1,
RAB5IF,0.35047310266305404,OPC_GABA_like_tumor,IDH_WT,5438,0,0,1,
BPHL,0.35046396789665435,OPC_GABA_like_tumor,IDH_WT,5439,0,0,1,
ALPK3,0.35046311066567676,TAM1/TAM2/microglia,IDH_WT,5440,0,0,1,
CNRIP1,0.3503894412266277,OPC_GABA_like_tumor,IDH_WT,5441,0,0,1,
FAHD1,0.35034701423679065,OPC_GABA_like_tumor,IDH_Mutant,5442,0,0,1,
FAM13C,0.35032358258915197,AC_like_tumor,IDH_Mutant,5443,0,0,1,
FBXW11,0.35022521345809876,TAM1/TAM2/microglia,IDH_Mutant,5444,0,0,1,
C12orf49,0.3501861279602576,cycling_tumor,IDH_WT,5445,0,0,1,
ADGRE2,0.3501683015482051,TAM1/TAM2/microglia,IDH_WT,5446,0,0,1,
EMC10,0.3501221335133481,cycling_tumor,IDH_WT,5447,0,0,1,
ZYX,0.3501217299294379,cycling_tumor,IDH_WT,5448,0,0,1,
MBD5,0.3499526574705744,TAM1/TAM2/microglia,IDH_Mutant,5449,0,0,1,
PSMD11,0.34986553134632736,OPC_GABA_AC_like_tumor,IDH_WT,5450,0,0,1,
FAM89A,0.34986173589801084,cycling_tumor,IDH_WT,5451,0,0,1,
TMEM14A,0.34982586847631747,OPC_GABA_like_tumor,IDH_Mutant,5452,0,0,1,
MYO6,0.3497821183062094,OPC_GABA_like_tumor,IDH_Mutant,5453,0,0,1,
SYNRG,0.34969407650172146,OPC_GABA_like_tumor,IDH_WT,5454,0,0,1,
PPP1R11,0.3496140211723505,cycling_tumor,IDH_WT,5455,0,0,1,
TMEM161A,0.3495596386829106,OPC_GABA_like_tumor,IDH_WT,5456,0,0,1,
ARF3,0.3495169909260184,OPC_GABA_AC_like_tumor,IDH_WT,5457,0,0,1,
ING5,0.3494339185716412,OPC_GABA_like_tumor,IDH_Mutant,5458,0,0,1,
HSPBAP1,0.3493810170379893,TAM1/TAM2/microglia,IDH_Mutant,5459,0,0,1,
NT5E,0.3493712815460492,OPC_GABA_like_tumor,IDH_WT,5460,0,0,1,
VPS4A,0.34934068778361443,AC_like_tumor,IDH_Mutant,5461,0,0,1,
SLC35B4,0.34928294174777624,cycling_tumor,IDH_WT,5462,0,0,1,
OAT,0.3492143875214227,OPC_GABA_like_tumor,IDH_Mutant,5463,0,0,1,
UHRF2,0.3492139936840992,OPC_GABA_like_tumor,IDH_WT,5464,0,0,1,
MBD6,0.34919221196657446,TAM1/TAM2/microglia,IDH_Mutant,5465,0,0,1,
CDKN2A,0.34917454112161855,OPC_GABA_like_tumor,IDH_Mutant,5466,0,0,1,
ATCAY,0.34903594744332883,OPC_GABA_like_tumor,IDH_Mutant,5467,0,0,1,
SLC35F1,0.34899798106909,OPC_GABA_like_tumor,IDH_WT,5468,0,0,1,
USP42,0.3487886662021139,OPC_GABA_like_tumor,IDH_WT,5469,0,0,1,
MESP1,0.348769154944007,OPC_GABA_like_tumor,IDH_WT,5470,0,0,1,
RPS16,0.34864898864335303,TAM1/TAM2/microglia,IDH_Mutant,5471,0,0,0,
MED16,0.3486310868785373,OPC_GABA_like_tumor,IDH_WT,5472,0,0,1,
PDRG1,0.3486170382075208,cycling_tumor,IDH_WT,5473,0,0,1,
SMIM8,0.3486005785222498,OPC_GABA_like_tumor,IDH_Mutant,5474,0,0,1,
MAGEF1,0.34847273530295664,OPC_GABA_AC_like_tumor,IDH_WT,5475,0,0,1,
HAGH,0.34842433086191243,OPC_GABA_like_tumor,IDH_WT,5476,0,0,1,
CBX5,0.34839153398837197,OPC_GABA_AC_like_tumor,IDH_WT,5477,0,0,1,
EMC8,0.3483893937181418,OPC_GABA_like_tumor,IDH_WT,5478,0,0,1,
RBFOX2,0.3483642651437721,AC_like_tumor,IDH_Mutant,5479,0,0,1,
LUC7L2,0.34834233515353275,cycling_tumor,IDH_WT,5480,0,0,1,
PCNX2,0.348297284938128,TAM1/TAM2/microglia,IDH_Mutant,5481,0,0,1,
LRPPRC,0.3482940494115593,OPC_GABA_like_tumor,IDH_WT,5482,0,0,1,
ATP6V0A1,0.34825757872110064,TAM1/TAM2/microglia,IDH_Mutant,5483,0,0,1,
HCG18,0.34819560474236366,OPC_GABA_like_tumor,IDH_WT,5484,0,0,1,
DOK6,0.3481019117515958,OPC_GABA_like_tumor,IDH_Mutant,5485,0,0,1,
SNRPF,0.3480608474184571,TAM1/TAM2/microglia,IDH_Mutant,5486,0,0,1,
SLC2A13,0.3480477656698516,AC_like_tumor,IDH_Mutant,5487,0,0,1,
CCDC47,0.34804677527360417,TAM1/TAM2/microglia,IDH_WT,5488,0,0,1,
ARHGAP20,0.34795784025094023,TAM1/TAM2/microglia,IDH_WT,5489,0,0,1,
C1orf52,0.34794174243912784,TAM1/TAM2/microglia,IDH_WT,5490,0,0,1,
PTRH2,0.34793245901392944,OPC_GABA_like_tumor,IDH_WT,5491,0,0,1,
GLRX2,0.3478243794391026,OPC_GABA_like_tumor,IDH_WT,5492,0,0,1,
RTF1,0.34780152533093445,AC_like_tumor,IDH_Mutant,5493,0,0,1,
PARPBP,0.3476182873129248,cycling_tumor,IDH_WT,5494,0,0,1,
BASP1,0.3476073757161445,OPC_GABA_like_tumor,IDH_Mutant,5495,0,0,1,
CSMD3,0.3475937911607747,AC_like_tumor,IDH_Mutant,5496,0,0,1,
CDKN2C,0.3475745628153345,OPC_GABA_like_tumor,IDH_WT,5497,0,0,1,
ZNF827,0.3475208490739842,OPC_GABA_like_tumor,IDH_Mutant,5498,0,0,1,
CENPQ,0.34749567347287663,cycling_tumor,IDH_Mutant,5499,0,0,1,
CENPX,0.3473111385838864,TAM1/TAM2/microglia,IDH_Mutant,5500,0,0,1,
TFCP2,0.3472818799228342,OPC_GABA_like_tumor,IDH_WT,5501,0,0,1,
CCNE2,0.34696306997648785,cycling_tumor,IDH_Mutant,5502,0,0,1,
CYB5R3,0.3468720078847601,OPC_GABA_like_tumor,IDH_WT,5503,0,0,1,
TLNRD1,0.3468561501634157,TAM1/TAM2/microglia,IDH_Mutant,5504,0,0,1,
HBS1L,0.3467028205977924,OPC_GABA_like_tumor,IDH_WT,5505,0,0,1,
PTMA,0.34664762343519784,AC_like_tumor,IDH_Mutant,5506,0,0,0,
TTL,0.346633177646978,OPC_GABA_like_tumor,IDH_WT,5507,0,0,1,
PPP6R3,0.34658998845367395,OPC_GABA_like_tumor,IDH_WT,5508,0,0,1,
SETD5,0.34656981326245273,TAM1/TAM2/microglia,IDH_WT,5509,0,0,1,
TNPO2,0.34654282014881405,OPC_GABA_like_tumor,IDH_WT,5510,0,0,1,
RHBDD2,0.3464250077445338,cycling_tumor,IDH_WT,5511,0,0,1,
CRK,0.3464185016778635,TAM1/TAM2/microglia,IDH_WT,5512,0,0,1,
CBX1,0.34639844713721185,OPC_GABA_AC_like_tumor,IDH_WT,5513,0,0,1,
TAF1,0.34637806992950326,TAM1/TAM2/microglia,IDH_Mutant,5514,0,0,1,
GSK3B,0.34636898608153394,TAM1/TAM2/microglia,IDH_Mutant,5515,0,0,1,
RIPK1,0.3461870373595777,TAM1/TAM2/microglia,IDH_Mutant,5516,0,0,1,
MLXIPL,0.3461367670244817,TAM1/TAM2/microglia,IDH_Mutant,5517,0,0,1,
GTF2H2,0.3460945211606222,OPC_GABA_like_tumor,IDH_WT,5518,0,0,1,
UBB,0.3460863410075515,AC_like_tumor,IDH_Mutant,5519,0,0,1,
PFDN6,0.3460211615214503,OPC_GABA_like_tumor,IDH_WT,5520,0,0,1,
KIAA1468,0.34595303774288705,TAM1/TAM2/microglia,IDH_Mutant,5521,0,0,1,
CASD1,0.3459282632718955,OPC_GABA_like_tumor,IDH_WT,5522,0,0,1,
CBWD5,0.3457817560227746,TAM1/TAM2/microglia,IDH_Mutant,5523,0,0,1,
BZW2,0.3457565503998258,OPC_GABA_AC_like_tumor,IDH_WT,5524,0,0,1,
APLP1,0.34571678341025985,AC_like_tumor,IDH_Mutant,5525,0,0,1,
ZNF787,0.3454609445323073,OPC_GABA_like_tumor,IDH_WT,5526,0,0,1,
POU2F1,0.34546091073456314,TAM1/TAM2/microglia,IDH_Mutant,5527,0,0,1,
PEX2,0.34538668755435104,cycling_tumor,IDH_WT,5528,0,0,1,
RBM23,0.3453331220272562,cycling_tumor,IDH_WT,5529,0,0,1,
DYNLT3,0.3453317109581967,OPC_GABA_like_tumor,IDH_WT,5530,0,0,1,
SAR1B,0.34526511567134444,OPC_GABA_like_tumor,IDH_Mutant,5531,0,0,1,
CACUL1,0.345247499528489,TAM1/TAM2/microglia,IDH_WT,5532,0,0,1,
ELOVL5,0.34522937847214685,OPC_GABA_like_tumor,IDH_WT,5533,0,0,1,
HDDC2,0.34521843141120895,OPC_GABA_AC_like_tumor,IDH_WT,5534,0,0,1,
THUMPD3-AS1,0.3451968292120051,OPC_GABA_like_tumor,IDH_WT,5535,0,0,1,
SUCLG1,0.3451665684106553,OPC_GABA_AC_like_tumor,IDH_WT,5536,0,0,1,
EXOC5,0.34515804738676015,cycling_tumor,IDH_WT,5537,0,0,1,
RPL18A,0.345036889078666,TAM1/TAM2/microglia,IDH_Mutant,5538,0,0,0,
SF3A1,0.3449987809811088,cycling_tumor,IDH_WT,5539,0,0,1,
PRKAA1,0.344939906466763,OPC_GABA_like_tumor,IDH_WT,5540,0,0,1,
OTULIN,0.3446817488506643,TAM1/TAM2/microglia,IDH_Mutant,5541,0,0,1,
RAB8A,0.34465556463840064,OPC_GABA_like_tumor,IDH_Mutant,5542,0,0,1,
CERS6,0.34433654716426865,TAM1/TAM2/microglia,IDH_Mutant,5543,0,0,1,
GTF3C4,0.34423511553642583,OPC_GABA_like_tumor,IDH_WT,5544,0,0,1,
TRAPPC6B,0.3441866291657375,OPC_GABA_like_tumor,IDH_Mutant,5545,0,0,1,
SLC25A4,0.34417056958671227,OPC_GABA_like_tumor,IDH_Mutant,5546,0,0,1,
AZI2,0.3441532603950152,cycling_tumor,IDH_Mutant,5547,0,0,1,
CCDC137,0.3440343291854384,cycling_tumor,IDH_WT,5548,0,0,1,
XPOT,0.34398789950835085,OPC_GABA_like_tumor,IDH_WT,5549,0,0,1,
UBE2S,0.34390551902298006,OPC_GABA_AC_like_tumor,IDH_WT,5550,0,0,1,
TRAPPC11,0.34383199189614294,OPC_GABA_like_tumor,IDH_WT,5551,0,0,1,
EPN2,0.34379984074249564,OPC_GABA_AC_like_tumor,IDH_WT,5552,0,0,1,
KHDRBS1,0.343660507316551,OPC_GABA_like_tumor,IDH_Mutant,5553,0,0,1,
NAA35,0.3436324287160133,OPC_GABA_like_tumor,IDH_WT,5554,0,0,1,
ERCC6L2,0.3434363691366497,OPC_GABA_like_tumor,IDH_WT,5555,0,0,1,
NCKAP1,0.343418416612111,OPC_GABA_like_tumor,IDH_WT,5556,0,0,1,
TRMT5,0.3433635922293864,OPC_GABA_like_tumor,IDH_WT,5557,0,0,1,
C4orf48,0.34332884452017765,OPC_GABA_like_tumor,IDH_WT,5558,0,0,1,
DIAPH3,0.3432223418925332,cycling_tumor,IDH_WT,5559,0,0,1,
SLC14A1,0.3432199205111022,OPC_GABA_like_tumor,IDH_Mutant,5560,0,0,1,
STX7,0.34317737633189177,TAM1/TAM2/microglia,IDH_Mutant,5561,1,0,0,
U2AF1L4,0.3430622961547396,OPC_GABA_like_tumor,IDH_WT,5562,0,0,1,
CCDC66,0.3430351797400706,OPC_GABA_like_tumor,IDH_WT,5563,0,0,1,
FAF2,0.34297710303451673,cycling_tumor,IDH_WT,5564,0,0,1,
TMEM99,0.34295765577070203,OPC_GABA_like_tumor,IDH_WT,5565,0,0,1,
PKN1,0.34284442149228733,cycling_tumor,IDH_WT,5566,0,0,1,
CLDND1,0.34283348108431555,OPC_GABA_like_tumor,IDH_Mutant,5567,0,0,1,
DSTYK,0.34281972756660084,OPC_GABA_like_tumor,IDH_WT,5568,0,0,1,
GPD2,0.3425939606942181,OPC_GABA_like_tumor,IDH_WT,5569,0,0,1,
DCX,0.34252791598925875,AC_like_tumor,IDH_Mutant,5570,0,0,1,
SIRT7,0.3425098868412718,OPC_GABA_like_tumor,IDH_WT,5571,0,0,1,
CEBPZOS,0.3424784986270274,OPC_GABA_like_tumor,IDH_WT,5572,0,0,1,
SRSF3,0.3424639300778657,TAM1/TAM2/microglia,IDH_Mutant,5573,0,0,1,
TMEM126B,0.3424319947837363,cycling_tumor,IDH_WT,5574,0,0,1,
UBE3C,0.3423670149077883,OPC_GABA_like_tumor,IDH_WT,5575,0,0,1,
NDUFS7,0.3423559800672432,TAM1/TAM2/microglia,IDH_Mutant,5576,0,0,0,
VPS13A,0.3422617890368126,OPC_GABA_like_tumor,IDH_WT,5577,0,0,1,
IMPACT,0.34222793578256827,OPC_GABA_like_tumor,IDH_WT,5578,0,0,1,
CEP57,0.34222741869029694,cycling_tumor,IDH_WT,5579,0,0,1,
HAUS8,0.34217190970538425,cycling_tumor,IDH_WT,5580,0,0,1,
ATG4B,0.34215708747392315,OPC_GABA_like_tumor,IDH_WT,5581,0,0,1,
LSM8,0.34212786289134317,OPC_GABA_like_tumor,IDH_Mutant,5582,0,0,1,
CRLS1,0.34209493474499164,OPC_GABA_like_tumor,IDH_WT,5583,0,0,1,
MEF2A,0.3420891129344553,TAM1/TAM2/microglia,IDH_WT,5584,0,0,1,
BTBD1,0.3420645298968153,TAM1/TAM2/microglia,IDH_Mutant,5585,0,0,1,
EHMT2,0.3420014087379597,AC_like_tumor,IDH_Mutant,5586,0,0,1,
ARHGAP21,0.34188578322556323,TAM1/TAM2/microglia,IDH_WT,5587,0,0,1,
RPL27,0.3418338849240968,TAM1/TAM2/microglia,IDH_Mutant,5588,0,0,0,
INA,0.34178681989737936,OPC_GABA_like_tumor,IDH_Mutant,5589,0,0,1,
IFNAR1,0.3417021714522622,OPC_GABA_like_tumor,IDH_WT,5590,0,0,1,
TRIM73,0.34164460728849844,OPC_GABA_like_tumor,IDH_WT,5591,0,0,1,
NOG,0.34160445203691975,OPC_GABA_like_tumor,IDH_Mutant,5592,0,0,1,
PRADC1,0.34150879155345465,cycling_tumor,IDH_WT,5593,0,0,1,
WDR3,0.34146042233269097,OPC_GABA_like_tumor,IDH_Mutant,5594,0,0,1,
COG5,0.34144247762745283,TAM1/TAM2/microglia,IDH_Mutant,5595,0,0,1,
KNTC1,0.34133075491176323,cycling_tumor,IDH_Mutant,5596,0,0,1,
CDK5,0.34129794260878776,OPC_GABA_like_tumor,IDH_WT,5597,0,0,1,
ARPC5L,0.3412803843575538,OPC_GABA_like_tumor,IDH_WT,5598,0,0,1,
CTNNBIP1,0.3412198551634301,cycling_tumor,IDH_Mutant,5599,0,0,1,
SEPT4,0.3412155213528754,OPC_GABA_like_tumor,IDH_Mutant,5600,0,0,1,
EEF1AKMT2,0.34115592273401607,cycling_tumor,IDH_Mutant,5601,0,0,0,
ERCC4,0.3410301650112032,OPC_GABA_like_tumor,IDH_WT,5602,0,0,1,
NABP2,0.34101996637737747,OPC_GABA_like_tumor,IDH_WT,5603,0,0,1,
NEGR1,0.34098956355971066,OPC_GABA_like_tumor,IDH_Mutant,5604,0,0,1,
BNC2,0.3408846159240711,TAM1/TAM2/microglia,IDH_Mutant,5605,0,0,1,
RBM22,0.34084162814387986,cycling_tumor,IDH_WT,5606,0,0,1,
PGM5,0.340798681252964,TAM1/TAM2/microglia,IDH_Mutant,5607,0,0,1,
RFC4,0.340766359557448,OPC_GABA_like_tumor,IDH_WT,5608,0,0,1,
SLIRP,0.3407310893615595,OPC_GABA_like_tumor,IDH_WT,5609,0,0,1,
LPIN1,0.3406888607460149,OPC_GABA_like_tumor,IDH_Mutant,5610,0,0,1,
GNG12,0.3405762182170594,OPC_GABA_like_tumor,IDH_WT,5611,0,0,1,
IGSF21,0.3403391535836808,TAM1/TAM2/microglia,IDH_Mutant,5612,0,0,1,
HIKESHI,0.3402297413207569,OPC_GABA_like_tumor,IDH_WT,5613,0,0,1,
GATAD2B,0.34010458373142977,TAM1/TAM2/microglia,IDH_Mutant,5614,0,0,1,
SETX,0.34006624364139737,TAM1/TAM2/microglia,IDH_Mutant,5615,0,0,1,
ETV6,0.33999313403302256,OPC_GABA_like_tumor,IDH_WT,5616,0,0,1,
MAD2L1,0.33996483850177156,OPC_GABA_like_tumor,IDH_Mutant,5617,0,0,1,
TPP2,0.3398296407745043,TAM1/TAM2/microglia,IDH_Mutant,5618,0,0,1,
DNALI1,0.3397525344341613,cycling_tumor,IDH_WT,5619,0,0,1,
RAB11B,0.33972727631580274,cycling_tumor,IDH_WT,5620,0,0,1,
NCOA4,0.339690428043198,cycling_tumor,IDH_WT,5621,0,0,1,
FKBP4,0.33968731150187026,OPC_GABA_like_tumor,IDH_Mutant,5622,0,0,1,
ZNF430,0.3396543316867521,AC_like_tumor,IDH_Mutant,5623,0,0,1,
ISG20L2,0.3395242250081699,TAM1/TAM2/microglia,IDH_WT,5624,0,0,1,
GSAP,0.33945877553163617,T cell,IDH_Mutant,5625,0,0,1,
TMEM206,0.33944882924267594,cycling_tumor,IDH_WT,5626,0,0,1,
AKTIP,0.33936763060967606,OPC_GABA_like_tumor,IDH_Mutant,5627,0,0,1,
DTD1,0.33935164411101565,OPC_GABA_AC_like_tumor,IDH_WT,5628,0,0,1,
ZNF800,0.3393500075957171,cycling_tumor,IDH_WT,5629,0,0,1,
IQCB1,0.33924242154861417,TAM1/TAM2/microglia,IDH_Mutant,5630,0,0,1,
RPRD2,0.3392273220114348,TAM1/TAM2/microglia,IDH_Mutant,5631,0,0,1,
FAM69C,0.3390786723479036,OPC_GABA_like_tumor,IDH_Mutant,5632,0,0,1,
HELLS,0.33902611380561287,cycling_tumor,IDH_WT,5633,0,0,1,
ADSS,0.3385660444866804,OPC_GABA_like_tumor,IDH_WT,5634,0,0,1,
TRIB2,0.33850454426121035,OPC_GABA_like_tumor,IDH_Mutant,5635,0,0,1,
APC2,0.3385037999098996,OPC_GABA_like_tumor,IDH_WT,5636,0,0,1,
GNB4,0.3384533909076022,OPC_GABA_like_tumor,IDH_Mutant,5637,0,0,1,
ASCC3,0.33844993837364445,TAM1/TAM2/microglia,IDH_Mutant,5638,0,0,1,
ATF2,0.33843692671277,TAM1/TAM2/microglia,IDH_Mutant,5639,0,0,1,
SNRPD1,0.3384176952485277,OPC_GABA_AC_like_tumor,IDH_WT,5640,0,0,1,
TTYH2,0.3383556772666775,OPC_GABA_like_tumor,IDH_Mutant,5641,0,0,1,
TMEM167A,0.3383326834551127,OPC_GABA_AC_like_tumor,IDH_WT,5642,0,0,1,
PPP1R15A,0.33825413092469425,TAM1/TAM2/microglia,IDH_WT,5643,0,0,1,
METTL2A,0.3382501668013055,OPC_GABA_like_tumor,IDH_WT,5644,0,0,1,
GHITM,0.338234868583274,OPC_GABA_like_tumor,IDH_Mutant,5645,0,0,1,
GTF2A1,0.3382197356290707,cycling_tumor,IDH_WT,5646,0,0,1,
PDE8B,0.33819199188470456,OPC_GABA_like_tumor,IDH_Mutant,5647,0,0,1,
CBX6,0.33818317897015043,OPC_GABA_like_tumor,IDH_Mutant,5648,0,0,1,
TRPM7,0.3381038924483888,TAM1/TAM2/microglia,IDH_Mutant,5649,0,0,1,
RPAP2,0.33808797814602637,cycling_tumor,IDH_WT,5650,0,0,1,
MITF,0.337994849922866,TAM1/TAM2/microglia,IDH_Mutant,5651,0,0,1,
MT-ND5,0.33789711001998424,TAM1/TAM2/microglia,IDH_WT,5652,0,0,0,
HTRA2,0.33777859178159947,cycling_tumor,IDH_WT,5653,0,0,1,
TBC1D16,0.3377211709476359,TAM1/TAM2/microglia,IDH_Mutant,5654,0,0,1,
PPM1A,0.33770151799253306,OPC_GABA_like_tumor,IDH_WT,5655,0,0,1,
HAX1,0.3376988419299997,cycling_tumor,IDH_Mutant,5656,0,0,1,
BATF3,0.3376762939468636,TAM1/TAM2/microglia,IDH_Mutant,5657,0,0,1,
LINC01268,0.33755624566864506,TAM1/TAM2/microglia,IDH_Mutant,5658,0,0,1,
SNHG15,0.33747815674374537,OPC_GABA_like_tumor,IDH_Mutant,5659,0,0,1,
VHL,0.3374638506612737,OPC_GABA_like_tumor,IDH_Mutant,5660,0,0,1,
ZNF639,0.33742610350383717,OPC_GABA_like_tumor,IDH_WT,5661,0,0,1,
NKAPD1,0.3372622954942762,cycling_tumor,IDH_Mutant,5662,0,0,1,
EML1,0.33724289173131344,TAM1/TAM2/microglia,IDH_Mutant,5663,0,0,1,
HIBCH,0.3372284040622687,OPC_GABA_like_tumor,IDH_Mutant,5664,0,0,1,
MRPS5,0.3370878425678535,OPC_GABA_like_tumor,IDH_WT,5665,0,0,0,
POM121,0.3370318213243466,TAM1/TAM2/microglia,IDH_Mutant,5666,0,0,1,
GLOD4,0.3370175510857055,cycling_tumor,IDH_Mutant,5667,0,0,1,
MCF2L2,0.3370011976771273,TAM1/TAM2/microglia,IDH_Mutant,5668,0,0,1,
RMI1,0.3368737074620343,cycling_tumor,IDH_WT,5669,0,0,1,
GPD1,0.3367114244998432,OPC_GABA_AC_like_tumor,IDH_WT,5670,0,0,1,
TCEAL5,0.33667867303123666,cycling_tumor,IDH_WT,5671,0,0,1,
BTBD17,0.3366457360074067,OPC_GABA_like_tumor,IDH_Mutant,5672,0,0,1,
FBXO44,0.33660450220095545,OPC_GABA_like_tumor,IDH_Mutant,5673,0,0,1,
AP005530.1,0.33654827103410095,TAM1/TAM2/microglia,IDH_Mutant,5674,0,0,1,
CDC42BPB,0.33653495062299166,OPC_GABA_like_tumor,IDH_WT,5675,0,0,1,
ZNF532,0.3364991319659666,OPC_GABA_like_tumor,IDH_WT,5676,0,0,1,
RACGAP1,0.3364259930243005,cycling_tumor,IDH_Mutant,5677,0,0,1,
TCHP,0.33633963435946307,OPC_GABA_like_tumor,IDH_WT,5678,0,0,1,
FEN1,0.3362458571663108,cycling_tumor,IDH_WT,5679,0,0,1,
ING4,0.3361764727797513,AC_like_tumor,IDH_Mutant,5680,0,0,1,
SMARCA4,0.3361608834320461,AC_like_tumor,IDH_Mutant,5681,0,0,1,
RNF41,0.3361518940511617,TAM1/TAM2/microglia,IDH_Mutant,5682,0,0,1,
MTX2,0.3361471622969242,OPC_GABA_like_tumor,IDH_Mutant,5683,0,0,1,
NTNG1,0.3361119481552278,OPC_GABA_like_tumor,IDH_WT,5684,0,0,1,
ATP9A,0.33610864490998915,OPC_GABA_like_tumor,IDH_Mutant,5685,0,0,1,
POLD2,0.3360938346265757,AC_like_tumor,IDH_Mutant,5686,0,0,1,
SPATS2,0.3360469302754135,cycling_tumor,IDH_WT,5687,0,0,1,
HBP1,0.3359434111211016,OPC_GABA_like_tumor,IDH_WT,5688,0,0,1,
EIF5B,0.3358710471470538,OPC_GABA_like_tumor,IDH_Mutant,5689,0,0,0,
FAM221A,0.3358513181792367,OPC_GABA_like_tumor,IDH_WT,5690,0,0,1,
TSPYL4,0.3357783697206705,AC_like_tumor,IDH_Mutant,5691,0,0,1,
PRAF2,0.33574793826520377,OPC_GABA_like_tumor,IDH_Mutant,5692,0,0,1,
WSB1,0.33572647029782754,TAM1/TAM2/microglia,IDH_WT,5693,0,0,1,
TOPBP1,0.3356600814417331,cycling_tumor,IDH_Mutant,5694,0,0,1,
FAM107B,0.33554368166092885,cycling_tumor,IDH_WT,5695,0,0,1,
ST3GAL5,0.3355385245638416,OPC_GABA_like_tumor,IDH_WT,5696,0,0,1,
TMEM178B,0.33553595955387694,OPC_GABA_like_tumor,IDH_WT,5697,0,0,1,
KPNA6,0.33548229312767724,TAM1/TAM2/microglia,IDH_Mutant,5698,0,0,1,
RPS6KB2,0.335419238417238,cycling_tumor,IDH_WT,5699,0,0,0,
DESI1,0.3354075271663018,OPC_GABA_like_tumor,IDH_WT,5700,0,0,1,
ZNF562,0.3353440933819373,OPC_GABA_like_tumor,IDH_WT,5701,0,0,1,
AC234582.1,0.3352993904269866,OPC_GABA_like_tumor,IDH_Mutant,5702,0,0,1,
BAZ2B,0.3352070370432599,cycling_tumor,IDH_WT,5703,0,0,1,
KLF12,0.3351410788856811,OPC_GABA_like_tumor,IDH_Mutant,5704,0,0,1,
PNMA8A,0.3350768411267038,OPC_GABA_like_tumor,IDH_WT,5705,0,0,1,
ADH5,0.33505918595439005,cycling_tumor,IDH_Mutant,5706,0,0,1,
AC020916.1,0.33501515165541773,TAM1/TAM2/microglia,IDH_Mutant,5707,0,0,1,
DHX15,0.33492389066579553,TAM1/TAM2/microglia,IDH_Mutant,5708,0,0,1,
UBTF,0.33491421422116596,AC_like_tumor,IDH_Mutant,5709,0,0,1,
RIC8B,0.3349088905586907,OPC_GABA_like_tumor,IDH_WT,5710,0,0,1,
C19orf12,0.334835198210218,OPC_GABA_like_tumor,IDH_Mutant,5711,0,0,1,
RAB14,0.3348334560439314,OPC_GABA_AC_like_tumor,IDH_WT,5712,0,0,1,
DHX57,0.334756880957161,OPC_GABA_like_tumor,IDH_WT,5713,0,0,1,
KIAA0232,0.3347138845618534,cycling_tumor,IDH_WT,5714,0,0,1,
HIBADH,0.3345842696115165,OPC_GABA_like_tumor,IDH_Mutant,5715,0,0,1,
KLHL42,0.33456071960742506,cycling_tumor,IDH_WT,5716,0,0,1,
COPB2,0.33447997803473506,cycling_tumor,IDH_Mutant,5717,0,0,1,
NCS1,0.3344625249368036,OPC_GABA_like_tumor,IDH_Mutant,5718,0,0,1,
CNOT9,0.33437570620066887,cycling_tumor,IDH_WT,5719,0,0,1,
GLIS3,0.3341705929527069,OPC_GABA_like_tumor,IDH_Mutant,5720,0,0,1,
TIAL1,0.333964794032609,TAM1/TAM2/microglia,IDH_WT,5721,0,0,1,
C1orf131,0.33388443179565663,OPC_GABA_like_tumor,IDH_WT,5722,0,0,1,
HECTD4,0.3338749808920939,OPC_GABA_like_tumor,IDH_Mutant,5723,0,0,1,
PRMT1,0.3337774574629288,OPC_GABA_AC_like_tumor,IDH_WT,5724,0,0,1,
MEF2C-AS1,0.3337115772694904,TAM1/TAM2/microglia,IDH_Mutant,5725,0,0,1,
AC118549.1,0.33328439289984135,TAM1/TAM2/microglia,IDH_Mutant,5726,0,0,1,
BTF3,0.3332737459197873,TAM1/TAM2/microglia,IDH_Mutant,5727,0,0,0,
TMX2,0.3332179475907787,OPC_GABA_like_tumor,IDH_WT,5728,0,0,1,
NOB1,0.333081919039332,OPC_GABA_like_tumor,IDH_Mutant,5729,0,0,1,
EXOSC4,0.3330573698065898,OPC_GABA_like_tumor,IDH_WT,5730,0,0,1,
LINC00926,0.33289711446427506,T cell,IDH_Mutant,5731,0,0,1,
NUP54,0.33270200014677237,cycling_tumor,IDH_Mutant,5732,0,0,1,
PTPDC1,0.3326275300025522,OPC_GABA_like_tumor,IDH_WT,5733,0,0,1,
YRDC,0.3326155501771219,OPC_GABA_like_tumor,IDH_WT,5734,0,0,1,
TNC,0.3326067866931432,OPC_GABA_like_tumor,IDH_Mutant,5735,0,0,1,
DPH7,0.33250063794207746,OPC_GABA_like_tumor,IDH_WT,5736,0,0,1,
CITED4,0.33244611261831697,TAM1/TAM2/microglia,IDH_Mutant,5737,0,0,1,
CASTOR3,0.3322820411059771,AC_like_tumor,IDH_Mutant,5738,0,0,1,
UBE2Q2,0.33221609103878497,OPC_GABA_like_tumor,IDH_Mutant,5739,0,0,1,
BCHE,0.3320902337160975,OPC_GABA_like_tumor,IDH_Mutant,5740,0,0,1,
ZNF667,0.33191358890302813,OPC_GABA_like_tumor,IDH_Mutant,5741,0,0,1,
FUT8,0.3318934748858678,cycling_tumor,IDH_WT,5742,0,0,1,
UBXN2B,0.33176705345465596,cycling_tumor,IDH_WT,5743,0,0,1,
TAOK1,0.3316808691326446,TAM1/TAM2/microglia,IDH_Mutant,5744,0,0,1,
IARS2,0.33165370100057473,OPC_GABA_like_tumor,IDH_WT,5745,0,0,1,
C12orf43,0.33139655869474505,cycling_tumor,IDH_WT,5746,0,0,1,
GMFB,0.3313571044234055,OPC_GABA_AC_like_tumor,IDH_WT,5747,0,0,1,
CTCF,0.3312764988455791,OPC_GABA_like_tumor,IDH_WT,5748,0,0,1,
ATP8A1,0.33095363821361296,AC_like_tumor,IDH_Mutant,5749,0,0,1,
QTRT1,0.33090147376822576,cycling_tumor,IDH_WT,5750,0,0,1,
TMEM222,0.3308901794222288,OPC_GABA_like_tumor,IDH_WT,5751,0,0,1,
TBC1D10A,0.33086988237485965,OPC_GABA_like_tumor,IDH_Mutant,5752,0,0,1,
TYMS,0.33081475418439343,OPC_GABA_AC_like_tumor,IDH_WT,5753,0,0,1,
CCDC59,0.33066629547913,cycling_tumor,IDH_Mutant,5754,0,0,1,
FOXP2,0.3305659261127731,TAM1/TAM2/microglia,IDH_Mutant,5755,0,0,1,
THRA,0.33052421535844473,cycling_tumor,IDH_WT,5756,0,0,1,
CETN3,0.330394364701437,cycling_tumor,IDH_WT,5757,0,0,1,
ZNF281,0.33021904450028056,OPC_GABA_like_tumor,IDH_WT,5758,0,0,1,
CAPN2,0.3301192468732577,cycling_tumor,IDH_WT,5759,0,0,1,
PIK3R5,0.3300190431152298,TAM1/TAM2/microglia,IDH_Mutant,5760,0,0,1,
GRAMD1B,0.33000625583703697,TAM1/TAM2/microglia,IDH_Mutant,5761,0,0,1,
BCAR3,0.3299872010599468,TAM1/TAM2/microglia,IDH_Mutant,5762,0,0,1,
CLDN11,0.32998588047047955,OPC_GABA_like_tumor,IDH_WT,5763,0,0,1,
NONO,0.3299390248753884,AC_like_tumor,IDH_Mutant,5764,0,0,1,
NECAP1,0.32988135411805414,TAM1/TAM2/microglia,IDH_Mutant,5765,0,0,1,
CD81,0.3298231762253064,AC_like_tumor,IDH_Mutant,5766,1,0,0,
MAGOHB,0.3297315384830428,AC_like_tumor,IDH_Mutant,5767,0,0,1,
RIOK3,0.3295697611748742,AC_like_tumor,IDH_Mutant,5768,0,0,1,
NDE1,0.32948686345226036,cycling_tumor,IDH_WT,5769,0,0,1,
NPL,0.3294698925286619,TAM1/TAM2/microglia,IDH_Mutant,5770,0,0,1,
PLK1,0.3294162512621005,cycling_tumor,IDH_WT,5771,0,0,1,
HMGN5,0.3293719246887328,cycling_tumor,IDH_Mutant,5772,0,0,1,
CDKAL1,0.3290883395549217,TAM1/TAM2/microglia,IDH_Mutant,5773,0,0,1,
PLEKHM1,0.32908344409642254,OPC_GABA_like_tumor,IDH_WT,5774,0,0,1,
SHISA7,0.32906858829869645,OPC_GABA_like_tumor,IDH_Mutant,5775,0,0,1,
CELF2,0.3290326579106836,TAM1/TAM2/microglia,IDH_Mutant,5776,0,0,1,
ACTL6A,0.32899863959476894,OPC_GABA_like_tumor,IDH_WT,5777,0,0,1,
SERP2,0.32886482519518206,AC_like_tumor,IDH_Mutant,5778,0,0,1,
MAP3K12,0.3287537115274338,OPC_GABA_like_tumor,IDH_WT,5779,0,0,1,
CNTLN,0.32868629388780907,OPC_GABA_like_tumor,IDH_WT,5780,0,0,1,
CSNK1G2,0.3286725918337881,TAM1/TAM2/microglia,IDH_WT,5781,0,0,1,
TCTN3,0.32853362505306577,OPC_GABA_like_tumor,IDH_WT,5782,0,0,1,
DEPDC1B,0.3283756997495417,cycling_tumor,IDH_WT,5783,0,0,1,
ARPP19,0.32814996883415226,cycling_tumor,IDH_WT,5784,0,0,1,
FTH1,0.32804430889384645,AC_like_tumor,IDH_Mutant,5785,0,0,0,
PLCB2,0.32802607115585297,TAM1/TAM2/microglia,IDH_WT,5786,0,0,1,
TAMM41,0.3279470795593608,OPC_GABA_like_tumor,IDH_Mutant,5787,0,0,1,
CDC45,0.32792578028520525,cycling_tumor,IDH_Mutant,5788,0,0,1,
ODR4,0.32789619524657976,OPC_GABA_like_tumor,IDH_WT,5789,0,0,1,
AGPAT5,0.32781443240965624,AC_like_tumor,IDH_WT,5790,0,0,1,
CRMP1,0.32780795089141834,AC_like_tumor,IDH_Mutant,5791,0,0,1,
FBXL7,0.32774863104374663,cycling_tumor,IDH_WT,5792,0,0,1,
R3HDM1,0.3277423559954165,OPC_GABA_like_tumor,IDH_WT,5793,0,0,1,
VPS35L,0.32725580266389903,cycling_tumor,IDH_WT,5794,0,0,1,
SLC16A1,0.32722710105547426,OPC_GABA_like_tumor,IDH_WT,5795,0,0,1,
CLASP1,0.3272000763705397,AC_like_tumor,IDH_Mutant,5796,0,0,1,
OPA1,0.32719393958934917,TAM1/TAM2/microglia,IDH_Mutant,5797,0,0,1,
ACAT2,0.3270503234743078,OPC_GABA_like_tumor,IDH_Mutant,5798,0,0,1,
MPDZ,0.32698460116585226,OPC_GABA_like_tumor,IDH_Mutant,5799,0,0,1,
GNG2,0.32696329704227856,AC_like_tumor,IDH_Mutant,5800,0,0,1,
MAP3K8,0.3269491467904295,T cell,IDH_Mutant,5801,0,0,1,
BORCS7,0.3268279608170406,cycling_tumor,IDH_WT,5802,0,0,1,
IFRD2,0.3268183525959384,OPC_GABA_like_tumor,IDH_WT,5803,0,0,1,
C18orf21,0.3267720485842209,OPC_GABA_like_tumor,IDH_WT,5804,0,0,1,
NAA25,0.3266999996097848,OPC_GABA_like_tumor,IDH_WT,5805,0,0,1,
PREX2,0.32652374292130276,OPC_GABA_like_tumor,IDH_WT,5806,0,0,1,
CENPW,0.3264217954838921,OPC_GABA_like_tumor,IDH_WT,5807,0,0,1,
LINC00665,0.32640107947544783,OPC_GABA_like_tumor,IDH_WT,5808,0,0,1,
RAB22A,0.32637176694303277,cycling_tumor,IDH_WT,5809,0,0,1,
BICD1,0.3263520284613991,cycling_tumor,IDH_WT,5810,0,0,1,
ZNF280D,0.32633385633325884,TAM1/TAM2/microglia,IDH_Mutant,5811,0,0,1,
ACOT8,0.326230771310111,OPC_GABA_like_tumor,IDH_WT,5812,0,0,1,
DDX50,0.32620983655509705,cycling_tumor,IDH_WT,5813,0,0,1,
PXDN,0.32608227395268585,OPC_GABA_like_tumor,IDH_Mutant,5814,0,0,1,
OBSL1,0.3260345285134346,OPC_GABA_like_tumor,IDH_WT,5815,0,0,1,
ARHGAP22,0.32599140201230087,TAM1/TAM2/microglia,IDH_Mutant,5816,0,0,1,
LINC00511,0.32596225701186343,AC_like_tumor,IDH_Mutant,5817,0,0,1,
PEX19,0.32595232508472544,OPC_GABA_like_tumor,IDH_WT,5818,0,0,1,
HMGCR,0.32577837464165627,OPC_GABA_like_tumor,IDH_Mutant,5819,0,0,1,
GPX3,0.32560606691962213,OPC_GABA_like_tumor,IDH_Mutant,5820,0,0,1,
ST6GALNAC3,0.3256001659347823,TAM1/TAM2/microglia,IDH_Mutant,5821,0,0,1,
SH3D19,0.32559597933411116,OPC_GABA_like_tumor,IDH_Mutant,5822,0,0,1,
QSOX1,0.3255651419718744,TAM1/TAM2/microglia,IDH_Mutant,5823,0,0,1,
TRNAU1AP,0.3254044835000224,OPC_GABA_like_tumor,IDH_WT,5824,0,0,1,
CDCA8,0.32537996286054505,cycling_tumor,IDH_WT,5825,0,0,1,
KIF3C,0.3251573598265384,OPC_GABA_like_tumor,IDH_Mutant,5826,0,0,1,
TSPYL1,0.32501847101638537,AC_like_tumor,IDH_Mutant,5827,0,0,1,
SOCS4,0.325002163796358,cycling_tumor,IDH_WT,5828,0,0,1,
STK10,0.32494309213602984,TAM1/TAM2/microglia,IDH_Mutant,5829,0,0,1,
TSSC4,0.3249006062988641,cycling_tumor,IDH_WT,5830,0,0,1,
MIEF1,0.3248928019660834,OPC_GABA_like_tumor,IDH_WT,5831,0,0,1,
TRIM13,0.32486880918446437,TAM1/TAM2/microglia,IDH_Mutant,5832,0,0,1,
BCL7B,0.32484291861494896,cycling_tumor,IDH_WT,5833,0,0,1,
FOXJ3,0.32465829553243897,TAM1/TAM2/microglia,IDH_WT,5834,0,0,1,
MED8,0.3246548582496775,cycling_tumor,IDH_WT,5835,0,0,1,
MBOAT2,0.3245420160602468,OPC_GABA_like_tumor,IDH_Mutant,5836,0,0,1,
HMBOX1,0.32447958120197645,TAM1/TAM2/microglia,IDH_Mutant,5837,0,0,1,
FAM189A2,0.324458409617672,OPC_GABA_like_tumor,IDH_Mutant,5838,0,0,1,
PHTF2,0.3244580363490617,cycling_tumor,IDH_WT,5839,0,0,1,
CD82,0.3243723140920116,AC_like_tumor,IDH_Mutant,5840,0,0,1,
ATP5PB,0.32431491770170157,OPC_GABA_like_tumor,IDH_WT,5841,0,0,0,
RPS28,0.3243143776444185,TAM1/TAM2/microglia,IDH_Mutant,5842,0,0,0,
IFT52,0.32429860004517497,AC_like_tumor,IDH_Mutant,5843,0,0,1,
VPS13C,0.32408736566249907,TAM1/TAM2/microglia,IDH_WT,5844,0,0,1,
PEG10,0.3240576705980897,OPC_GABA_like_tumor,IDH_Mutant,5845,0,0,1,
GALNT13,0.32391968814825484,AC_like_tumor,IDH_Mutant,5846,0,0,1,
OSBPL3,0.32373920080978913,TAM1/TAM2/microglia,IDH_Mutant,5847,0,0,1,
CIPC,0.32345033736896234,OPC_GABA_like_tumor,IDH_WT,5848,0,0,1,
FANCL,0.32340127855864315,cycling_tumor,IDH_WT,5849,0,0,1,
LMO4,0.3233578454149114,cycling_tumor,IDH_Mutant,5850,0,0,1,
TCF3,0.32330889708101024,OPC_GABA_like_tumor,IDH_WT,5851,0,0,1,
RPL23A,0.3232406430623397,TAM1/TAM2/microglia,IDH_Mutant,5852,0,0,0,
ERLEC1,0.32321822936555406,OPC_GABA_like_tumor,IDH_WT,5853,0,0,1,
NABP1,0.3230149770472066,TAM1/TAM2/microglia,IDH_WT,5854,0,0,1,
HGS,0.3229481682278238,OPC_GABA_like_tumor,IDH_WT,5855,0,0,1,
ATE1,0.3229131131182458,AC_like_tumor,IDH_Mutant,5856,0,0,1,
ZNF3,0.3229104501201987,OPC_GABA_like_tumor,IDH_Mutant,5857,0,0,1,
MAPRE3,0.3229097566379414,OPC_GABA_like_tumor,IDH_Mutant,5858,0,0,1,
MACO1,0.3228508329666095,TAM1/TAM2/microglia,IDH_Mutant,5859,0,0,1,
STK19,0.3227875302227933,OPC_GABA_like_tumor,IDH_Mutant,5860,0,0,1,
ATP6V0E2,0.32274419249224084,OPC_GABA_AC_like_tumor,IDH_Mutant,5861,0,0,1,
CCDC112,0.3225593545199512,OPC_GABA_like_tumor,IDH_WT,5862,0,0,1,
ADAM22,0.3225221386431232,AC_like_tumor,IDH_Mutant,5863,0,0,1,
SUPT20H,0.32242302253410704,cycling_tumor,IDH_Mutant,5864,0,0,1,
SNRK,0.32241479941909157,OPC_GABA_like_tumor,IDH_Mutant,5865,0,0,1,
KLHL2,0.32239896309712635,TAM1/TAM2/microglia,IDH_Mutant,5866,0,0,1,
NUCB1,0.3223569532400984,cycling_tumor,IDH_WT,5867,0,0,1,
HPS4,0.3222453807310254,OPC_GABA_like_tumor,IDH_WT,5868,0,0,1,
PKP4,0.32219480127821737,OPC_GABA_like_tumor,IDH_WT,5869,0,0,1,
NSMCE3,0.3221381472469304,cycling_tumor,IDH_WT,5870,0,0,1,
FRA10AC1,0.32210123897910264,AC_like_tumor,IDH_Mutant,5871,0,0,1,
LYVE1,0.3220992334668507,TAM1/TAM2/microglia,IDH_Mutant,5872,0,0,1,
NUP153,0.3220932527532431,TAM1/TAM2/microglia,IDH_Mutant,5873,0,0,1,
POLR3D,0.3220650139043748,OPC_GABA_like_tumor,IDH_Mutant,5874,0,0,1,
NANS,0.3219466024012493,OPC_GABA_like_tumor,IDH_WT,5875,0,0,1,
KHK,0.3219339577665683,OPC_GABA_like_tumor,IDH_WT,5876,0,0,1,
RTF2,0.32188356888856057,OPC_GABA_like_tumor,IDH_WT,5877,0,0,1,
ERGIC3,0.321773252737935,cycling_tumor,IDH_WT,5878,0,0,1,
LYRM7,0.3216374233148821,cycling_tumor,IDH_WT,5879,0,0,1,
COBL,0.32162114781290124,OPC_GABA_like_tumor,IDH_WT,5880,0,0,1,
MYSM1,0.3211386469492027,TAM1/TAM2/microglia,IDH_Mutant,5881,0,0,1,
MRPL21,0.3209848367705768,TAM1/TAM2/microglia,IDH_Mutant,5882,0,0,0,
PNMA1,0.32091833644012435,OPC_GABA_like_tumor,IDH_WT,5883,0,0,1,
SHISA5,0.32072756233905125,cycling_tumor,IDH_WT,5884,0,0,1,
ACYP1,0.320680726189325,OPC_GABA_like_tumor,IDH_WT,5885,0,0,1,
DHX40,0.32063740256666073,cycling_tumor,IDH_WT,5886,0,0,1,
SCG2,0.3206064565357404,AC_like_tumor,IDH_Mutant,5887,0,0,1,
RPL5,0.32059378511213277,TAM1/TAM2/microglia,IDH_Mutant,5888,0,0,0,
PRR11,0.32058618082164886,cycling_tumor,IDH_WT,5889,0,0,1,
NR2F1,0.32056982819129204,cycling_tumor,IDH_WT,5890,0,0,1,
LINC01563,0.32047586967580444,OPC_GABA_like_tumor,IDH_WT,5891,0,0,1,
SAR1A,0.32043525776681625,cycling_tumor,IDH_Mutant,5892,0,0,1,
YEATS2,0.3204348732628707,OPC_GABA_like_tumor,IDH_Mutant,5893,0,0,1,
FBXO45,0.3203425438174706,cycling_tumor,IDH_WT,5894,0,0,1,
DDX3X,0.3203223465617134,TAM1/TAM2/microglia,IDH_WT,5895,0,0,1,
GPS1,0.3202917649200739,cycling_tumor,IDH_WT,5896,0,0,1,
SF3B4,0.3202320338114949,OPC_GABA_like_tumor,IDH_WT,5897,0,0,1,
MBD3,0.32014658710879684,OPC_GABA_like_tumor,IDH_WT,5898,0,0,1,
ZC3H8,0.3201408194183776,OPC_GABA_like_tumor,IDH_WT,5899,0,0,1,
CSTF1,0.32013348234851724,OPC_GABA_like_tumor,IDH_WT,5900,0,0,1,
ZNF195,0.32013211445519724,OPC_GABA_like_tumor,IDH_WT,5901,0,0,1,
MIAT,0.31995950524801875,OPC_GABA_like_tumor,IDH_Mutant,5902,0,0,1,
PHB2,0.31993294387899623,OPC_GABA_AC_like_tumor,IDH_WT,5903,0,0,1,
MTCH2,0.31986620318501313,OPC_GABA_like_tumor,IDH_WT,5904,0,0,1,
MRPS2,0.3196693976511162,OPC_GABA_like_tumor,IDH_WT,5905,0,0,0,
TOMM20,0.31964784142917524,TAM1/TAM2/microglia,IDH_WT,5906,0,0,1,
LPIN2,0.31963239046183567,TAM1/TAM2/microglia,IDH_Mutant,5907,0,0,1,
HSPA8,0.3196185747747513,TAM1/TAM2/microglia,IDH_WT,5908,0,0,1,
C6orf89,0.3196003352124807,cycling_tumor,IDH_WT,5909,0,0,1,
PSMD7,0.3195922236256526,OPC_GABA_like_tumor,IDH_WT,5910,0,0,1,
BBS2,0.319511538143753,OPC_GABA_like_tumor,IDH_Mutant,5911,0,0,1,
ABAT,0.3194929111745644,OPC_GABA_like_tumor,IDH_WT,5912,0,0,1,
ELMSAN1,0.31947736232621854,TAM1/TAM2/microglia,IDH_WT,5913,0,0,1,
ZNF821,0.31946672398043063,AC_like_tumor,IDH_Mutant,5914,0,0,1,
SLC52A2,0.3194123820613422,OPC_GABA_like_tumor,IDH_WT,5915,0,0,1,
TMEM173,0.31934767101308786,TAM1/TAM2/microglia,IDH_WT,5916,0,0,1,
SMOX,0.3193361261980422,OPC_GABA_like_tumor,IDH_Mutant,5917,0,0,1,
ENDOD1,0.3193085993506546,cycling_tumor,IDH_WT,5918,0,0,1,
AKAP1,0.3193013755198895,OPC_GABA_like_tumor,IDH_WT,5919,0,0,1,
PPP1R18,0.31924178359277133,cycling_tumor,IDH_WT,5920,0,0,1,
SIK3,0.3192214688733839,TAM1/TAM2/microglia,IDH_Mutant,5921,0,0,1,
PTRH1,0.3191617958815125,OPC_GABA_like_tumor,IDH_WT,5922,0,0,1,
AC078846.1,0.319025731649378,OPC_GABA_like_tumor,IDH_WT,5923,0,0,1,
ARMH3,0.3190076120892712,TAM1/TAM2/microglia,IDH_Mutant,5924,0,0,1,
CNOT7,0.3189309786896125,cycling_tumor,IDH_WT,5925,0,0,1,
RLIM,0.31890313508904516,TAM1/TAM2/microglia,IDH_Mutant,5926,0,0,1,
HCFC1,0.3186433792941645,cycling_tumor,IDH_Mutant,5927,0,0,1,
RBM28,0.318622611280026,AC_like_tumor,IDH_Mutant,5928,0,0,1,
HDGFL2,0.31841541595864087,OPC_GABA_like_tumor,IDH_WT,5929,0,0,1,
RPL35,0.31828383828329476,TAM1/TAM2/microglia,IDH_Mutant,5930,0,0,0,
CENPA,0.31817614699804114,cycling_tumor,IDH_WT,5931,0,0,1,
CENPN,0.3180495897284212,cycling_tumor,IDH_WT,5932,0,0,1,
YIPF6,0.3176955354529278,OPC_GABA_like_tumor,IDH_WT,5933,0,0,1,
PRPSAP2,0.3175695036293721,OPC_GABA_like_tumor,IDH_Mutant,5934,0,0,1,
RRN3,0.317441077031836,OPC_GABA_like_tumor,IDH_Mutant,5935,0,0,1,
MAD1L1,0.3174116382178588,OPC_GABA_like_tumor,IDH_WT,5936,0,0,1,
MVB12A,0.3173825920679888,cycling_tumor,IDH_Mutant,5937,0,0,1,
ACTG1,0.317329482102547,TAM1/TAM2/microglia,IDH_WT,5938,0,0,1,
R3HCC1L,0.31732372506481477,TAM1/TAM2/microglia,IDH_Mutant,5939,0,0,1,
ATAT1,0.3172978761177748,AC_like_tumor,IDH_Mutant,5940,0,0,1,
PLEC,0.3172971232810435,OPC_GABA_like_tumor,IDH_Mutant,5941,0,0,1,
TRMT61B,0.3172156396244442,OPC_GABA_like_tumor,IDH_WT,5942,0,0,1,
TUBGCP3,0.3172057241313843,cycling_tumor,IDH_Mutant,5943,0,0,1,
SPAG5,0.3170555510622256,cycling_tumor,IDH_WT,5944,0,0,1,
HDAC2,0.3169287431779218,AC_like_tumor,IDH_Mutant,5945,0,0,1,
PGRMC1,0.3168764745177095,OPC_GABA_AC_like_tumor,IDH_Mutant,5946,0,0,1,
PAFAH1B2,0.3167723576146318,OPC_GABA_like_tumor,IDH_Mutant,5947,0,0,1,
AC084871.2,0.3167418005787204,TAM1/TAM2/microglia,IDH_Mutant,5948,0,0,1,
ZCCHC24,0.31661793522419035,OPC_GABA_like_tumor,IDH_Mutant,5949,0,0,1,
ATP1A3,0.31658935863508136,OPC_GABA_like_tumor,IDH_Mutant,5950,0,0,1,
CRBN,0.31643958807216926,OPC_GABA_like_tumor,IDH_WT,5951,0,0,1,
SCG3,0.31642597989704885,cycling_tumor,IDH_WT,5952,0,0,1,
GSK3A,0.31641784134536904,OPC_GABA_like_tumor,IDH_WT,5953,0,0,1,
MFSD10,0.3162927146128377,OPC_GABA_like_tumor,IDH_Mutant,5954,0,0,1,
ARL6IP4,0.3162552657117287,TAM1/TAM2/microglia,IDH_Mutant,5955,0,0,1,
BCCIP,0.3162551171140979,OPC_GABA_like_tumor,IDH_WT,5956,0,0,1,
PIP4P2,0.3161908773912041,OPC_GABA_like_tumor,IDH_WT,5957,0,0,1,
EIF3I,0.3161366992374671,TAM1/TAM2/microglia,IDH_Mutant,5958,0,0,0,
RPS11,0.3161200064828435,OPC_GABA_like_tumor,IDH_Mutant,5959,0,0,0,
KDELR1,0.316046666961426,cycling_tumor,IDH_Mutant,5960,0,0,1,
DIS3,0.316006546726901,OPC_GABA_like_tumor,IDH_WT,5961,0,0,1,
HIRIP3,0.31599235044884777,cycling_tumor,IDH_WT,5962,0,0,1,
PTPN11,0.3159627600248126,cycling_tumor,IDH_WT,5963,0,0,1,
LINC00909,0.3158516013912515,OPC_GABA_like_tumor,IDH_WT,5964,0,0,1,
TINF2,0.31581855548415255,OPC_GABA_like_tumor,IDH_WT,5965,0,0,1,
MELK,0.3156875207775537,cycling_tumor,IDH_Mutant,5966,0,0,1,
KCNMA1,0.31562485260775436,TAM1/TAM2/microglia,IDH_Mutant,5967,0,0,1,
SHROOM4,0.31560725944364776,OPC_GABA_like_tumor,IDH_WT,5968,0,0,1,
NDUFA9,0.31516351888850236,OPC_GABA_AC_like_tumor,IDH_WT,5969,0,0,0,
E2F8,0.3150709257630897,cycling_tumor,IDH_WT,5970,0,0,1,
CTDNEP1,0.31501053490630576,cycling_tumor,IDH_WT,5971,0,0,1,
THAP3,0.31495912782775826,OPC_GABA_like_tumor,IDH_WT,5972,0,0,1,
PRH1,0.31494894256206407,AC_like_tumor,IDH_Mutant,5973,0,0,1,
APIP,0.31491562717983823,OPC_GABA_like_tumor,IDH_WT,5974,0,0,1,
TFG,0.31486556163606283,OPC_GABA_AC_like_tumor,IDH_WT,5975,0,0,1,
SLC35B2,0.314646247574356,OPC_GABA_like_tumor,IDH_WT,5976,0,0,1,
ENO2,0.3146076458996626,OPC_GABA_AC_like_tumor,IDH_Mutant,5977,0,0,1,
CHIC2,0.3145760447987616,cycling_tumor,IDH_WT,5978,0,0,1,
ITPR1,0.3145061883621236,TAM1/TAM2/microglia,IDH_Mutant,5979,0,0,1,
RPL14,0.3143432175582511,TAM1/TAM2/microglia,IDH_WT,5980,0,0,0,
NEK2,0.31420739704466455,cycling_tumor,IDH_WT,5981,0,0,1,
LMBR1,0.31415056290959503,OPC_GABA_like_tumor,IDH_WT,5982,0,0,1,
RPL9,0.31411464805094835,TAM1/TAM2/microglia,IDH_Mutant,5983,0,0,0,
CMKLR1,0.3140499458758059,TAM1/TAM2/microglia,IDH_WT,5984,0,0,1,
RPL18,0.3138270264922136,OPC_GABA_like_tumor,IDH_WT,5985,0,0,0,
DPYSL3,0.3137971804822331,cycling_tumor,IDH_WT,5986,0,0,1,
UBE2I,0.31351045099994534,OPC_GABA_AC_like_tumor,IDH_WT,5987,0,0,1,
UHRF1,0.3134937194649865,OPC_GABA_like_tumor,IDH_WT,5988,0,0,1,
STRAP,0.313469961595119,OPC_GABA_AC_like_tumor,IDH_WT,5989,0,0,1,
EIF2B1,0.31343309205271996,OPC_GABA_like_tumor,IDH_WT,5990,0,0,0,
SMURF1,0.3134044557785852,TAM1/TAM2/microglia,IDH_Mutant,5991,0,0,1,
COX4I1,0.31338481548539565,TAM1/TAM2/microglia,IDH_Mutant,5992,0,0,0,
AC068992.1,0.31333451178417543,TAM1/TAM2/microglia,IDH_Mutant,5993,0,0,1,
LANCL1,0.3132326013102724,OPC_GABA_like_tumor,IDH_WT,5994,0,0,1,
TNPO1,0.31322746851514294,cycling_tumor,IDH_Mutant,5995,0,0,1,
MGME1,0.3131601204472739,cycling_tumor,IDH_WT,5996,0,0,1,
SAMD1,0.31309284276761024,cycling_tumor,IDH_WT,5997,0,0,1,
SLC25A29,0.31306176850464473,OPC_GABA_like_tumor,IDH_Mutant,5998,0,0,1,
WDR47,0.3130519528717297,OPC_GABA_like_tumor,IDH_Mutant,5999,0,0,1,
HNRNPU,0.31297992320716983,TAM1/TAM2/microglia,IDH_WT,6000,0,0,1,
MAP7D1,0.312849676600596,cycling_tumor,IDH_WT,6001,0,0,1,
KIF15,0.3128118218626608,cycling_tumor,IDH_Mutant,6002,0,0,1,
SRA1,0.31281078418212716,OPC_GABA_like_tumor,IDH_WT,6003,0,0,1,
CPSF7,0.3128024063611321,cycling_tumor,IDH_Mutant,6004,0,0,1,
UTRN,0.31268014379052184,OPC_GABA_like_tumor,IDH_Mutant,6005,0,0,1,
DPY19L4,0.31266312517179173,OPC_GABA_like_tumor,IDH_WT,6006,0,0,1,
ATP2B4,0.31265697614759563,OPC_GABA_like_tumor,IDH_Mutant,6007,0,0,1,
ZCCHC7,0.31264375809288125,TAM1/TAM2/microglia,IDH_Mutant,6008,0,0,1,
HUS1,0.31256064897255154,cycling_tumor,IDH_WT,6009,0,0,1,
GCDH,0.3123568625460636,OPC_GABA_like_tumor,IDH_Mutant,6010,0,0,1,
TMED8,0.3123438434257363,OPC_GABA_like_tumor,IDH_Mutant,6011,0,0,1,
GABARAPL1,0.3122756067450728,OPC_GABA_like_tumor,IDH_Mutant,6012,0,0,1,
CCNG2,0.3122748974333132,OPC_GABA_like_tumor,IDH_Mutant,6013,0,0,1,
CEP295,0.3121926581721051,cycling_tumor,IDH_WT,6014,0,0,1,
ZNF493,0.3121024622915244,OPC_GABA_like_tumor,IDH_WT,6015,0,0,1,
HSPA13,0.31206327443322446,OPC_GABA_like_tumor,IDH_Mutant,6016,0,0,1,
CD276,0.3120575069386171,TAM1/TAM2/microglia,IDH_Mutant,6017,0,0,1,
RNF113A,0.3119662155153846,OPC_GABA_like_tumor,IDH_Mutant,6018,0,0,1,
AC009041.2,0.3118672706331663,AC_like_tumor,IDH_Mutant,6019,0,0,1,
NAPA,0.3116685492174537,cycling_tumor,IDH_WT,6020,0,0,1,
MTMR10,0.31160581776994406,TAM1/TAM2/microglia,IDH_Mutant,6021,0,0,1,
PPIL1,0.31152208494564865,OPC_GABA_like_tumor,IDH_WT,6022,0,0,1,
NSD2,0.31140234703257347,AC_like_tumor,IDH_Mutant,6023,0,0,1,
ZNHIT3,0.3113770614440851,cycling_tumor,IDH_Mutant,6024,0,0,1,
FAM69A,0.3112663991049095,OPC_GABA_like_tumor,IDH_Mutant,6025,0,0,1,
TRAF3,0.3112445577282461,OPC_GABA_like_tumor,IDH_WT,6026,0,0,1,
RAB1B,0.31115654757761907,cycling_tumor,IDH_WT,6027,0,0,1,
DNAAF2,0.31115277925990315,OPC_GABA_like_tumor,IDH_WT,6028,0,0,1,
MYEF2,0.3110692525215239,OPC_GABA_like_tumor,IDH_Mutant,6029,0,0,1,
HMMR,0.31102986096969365,cycling_tumor,IDH_Mutant,6030,0,0,1,
KIAA0100,0.31097891029800695,OPC_GABA_like_tumor,IDH_WT,6031,0,0,1,
RBMX,0.31094992631849283,TAM1/TAM2/microglia,IDH_WT,6032,0,0,1,
ATG10,0.3108156280750329,TAM1/TAM2/microglia,IDH_Mutant,6033,0,0,1,
DAAM2,0.3108061709842815,OPC_GABA_like_tumor,IDH_Mutant,6034,0,0,1,
FAM89B,0.31073938176987803,TAM1/TAM2/microglia,IDH_Mutant,6035,0,0,1,
SALL3,0.31058709274037316,OPC_GABA_like_tumor,IDH_WT,6036,0,0,1,
IGKC,0.31058539931043583,T cell,IDH_Mutant,6037,0,0,1,
TRNT1,0.3104647810926988,OPC_GABA_like_tumor,IDH_WT,6038,0,0,1,
TUBG2,0.310371185410051,OPC_GABA_like_tumor,IDH_WT,6039,0,0,1,
SLC22A17,0.31032339960504807,OPC_GABA_like_tumor,IDH_Mutant,6040,0,0,1,
WRB,0.310158528401306,cycling_tumor,IDH_Mutant,6041,0,0,1,
DUSP12,0.31002109193950245,OPC_GABA_like_tumor,IDH_WT,6042,0,0,1,
SLC23A2,0.3099861885080529,TAM1/TAM2/microglia,IDH_Mutant,6043,0,0,1,
SPATA7,0.309934885798553,OPC_GABA_like_tumor,IDH_WT,6044,0,0,1,
USP12,0.30989059201632524,TAM1/TAM2/microglia,IDH_Mutant,6045,0,0,1,
MED24,0.30983553685973797,OPC_GABA_like_tumor,IDH_WT,6046,0,0,1,
TMED2,0.30979035011237177,OPC_GABA_like_tumor,IDH_WT,6047,0,0,1,
TBK1,0.30972213402318705,TAM1/TAM2/microglia,IDH_Mutant,6048,0,0,1,
BAG6,0.3097215824886209,OPC_GABA_like_tumor,IDH_WT,6049,0,0,1,
HADH,0.3097068066667807,OPC_GABA_like_tumor,IDH_WT,6050,0,0,1,
H3F3B,0.3096667172192104,TAM1/TAM2/microglia,IDH_WT,6051,0,0,0,
RPL37,0.3094830243493355,TAM1/TAM2/microglia,IDH_Mutant,6052,0,0,0,
UBXN7,0.3094388336535258,cycling_tumor,IDH_Mutant,6053,0,0,1,
QKI,0.3093799352349756,TAM1/TAM2/microglia,IDH_Mutant,6054,0,0,1,
DLGAP4,0.3093200545782845,AC_like_tumor,IDH_Mutant,6055,0,0,1,
RNF165,0.30924798651722435,OPC_GABA_like_tumor,IDH_WT,6056,0,0,1,
CAPN7,0.3091033154765493,OPC_GABA_like_tumor,IDH_WT,6057,0,0,1,
PGPEP1,0.30903319714597716,OPC_GABA_like_tumor,IDH_WT,6058,0,0,1,
SPOP,0.3089439887583183,cycling_tumor,IDH_Mutant,6059,0,0,1,
SNX2,0.3089095868469729,cycling_tumor,IDH_WT,6060,0,0,1,
PHF14,0.30888288474871617,AC_like_tumor,IDH_Mutant,6061,0,0,1,
CAMK2N2,0.30869808636383567,AC_like_tumor,IDH_Mutant,6062,0,0,1,
PPP6R1,0.3086115476921508,cycling_tumor,IDH_WT,6063,0,0,1,
MRPS22,0.3083874853089469,OPC_GABA_AC_like_tumor,IDH_WT,6064,0,0,0,
PGK1,0.3083144536304906,TAM1/TAM2/microglia,IDH_WT,6065,0,0,1,
GATC,0.308242551894262,OPC_GABA_like_tumor,IDH_Mutant,6066,0,0,1,
CCND2,0.3081560414061689,AC_like_tumor,IDH_Mutant,6067,0,0,1,
PPP1CC,0.30813431827351295,OPC_GABA_AC_like_tumor,IDH_WT,6068,0,0,1,
PALLD,0.3080885551490445,OPC_GABA_like_tumor,IDH_Mutant,6069,0,0,1,
STOX1,0.30807277734697786,OPC_GABA_like_tumor,IDH_Mutant,6070,0,0,1,
NR2F6,0.30804354321871985,OPC_GABA_like_tumor,IDH_WT,6071,0,0,1,
BRD2,0.3079410440135134,TAM1/TAM2/microglia,IDH_Mutant,6072,0,0,1,
RPS15,0.30792077391911726,TAM1/TAM2/microglia,IDH_Mutant,6073,0,0,0,
ZBTB33,0.30791819858385255,OPC_GABA_like_tumor,IDH_Mutant,6074,0,0,1,
SNRPN,0.3078330120853582,AC_like_tumor,IDH_Mutant,6075,0,0,1,
LSM1,0.30782119686742,AC_like_tumor,IDH_WT,6076,0,0,1,
NCF2,0.3077883957737523,TAM1/TAM2/microglia,IDH_WT,6077,0,0,1,
ECPAS,0.3077384440034955,TAM1/TAM2/microglia,IDH_Mutant,6078,0,0,1,
ATP5F1B,0.30744162331731917,OPC_GABA_AC_like_tumor,IDH_WT,6079,0,0,0,
FAIM,0.3072700324841569,OPC_GABA_like_tumor,IDH_Mutant,6080,0,0,1,
SNRNP27,0.30723655833100155,cycling_tumor,IDH_Mutant,6081,0,0,1,
DCUN1D1,0.30716884524539667,cycling_tumor,IDH_WT,6082,0,0,1,
COL20A1,0.3071434687610304,OPC_GABA_AC_like_tumor,IDH_WT,6083,0,0,1,
SWAP70,0.3071044321434902,TAM1/TAM2/microglia,IDH_Mutant,6084,0,0,1,
NUP50,0.30704827598827567,OPC_GABA_like_tumor,IDH_WT,6085,0,0,1,
MAP1B,0.3070167445569471,OPC_GABA_like_tumor,IDH_Mutant,6086,0,0,1,
PRKCI,0.30701087150422435,OPC_GABA_like_tumor,IDH_WT,6087,0,0,1,
PRPF4,0.30700690303507916,cycling_tumor,IDH_WT,6088,0,0,1,
UPF3A,0.3069533937342578,cycling_tumor,IDH_WT,6089,0,0,1,
PHACTR2,0.30691602447895966,TAM1/TAM2/microglia,IDH_Mutant,6090,0,0,1,
TIMM44,0.3068535671686644,OPC_GABA_like_tumor,IDH_WT,6091,0,0,1,
PNPLA2,0.3068315530932451,TAM1/TAM2/microglia,IDH_Mutant,6092,0,0,1,
DHPS,0.30682904896055807,AC_like_tumor,IDH_Mutant,6093,0,0,1,
PSMG4,0.30671169744788496,AC_like_tumor,IDH_Mutant,6094,0,0,1,
SLC38A2,0.30651723581848744,TAM1/TAM2/microglia,IDH_WT,6095,0,0,1,
ANAPC5,0.30646990664567386,OPC_GABA_AC_like_tumor,IDH_WT,6096,0,0,1,
SMNDC1,0.3064481421127799,OPC_GABA_like_tumor,IDH_WT,6097,0,0,1,
ZNF100,0.30644488757912147,OPC_GABA_like_tumor,IDH_WT,6098,0,0,1,
ATAD2B,0.30634660273576036,TAM1/TAM2/microglia,IDH_Mutant,6099,0,0,1,
PSMC6,0.306307760576266,cycling_tumor,IDH_Mutant,6100,0,0,1,
C16orf45,0.30627498383280705,cycling_tumor,IDH_WT,6101,0,0,1,
MLH1,0.30614376101477486,OPC_GABA_like_tumor,IDH_WT,6102,0,0,1,
NXPH1,0.3061151104224987,OPC_GABA_AC_like_tumor,IDH_WT,6103,0,0,1,
CXCL2,0.30607820688529175,OPC_GABA_like_tumor,IDH_Mutant,6104,0,0,1,
AC004817.3,0.305949422600273,TAM1/TAM2/microglia,IDH_WT,6105,0,0,1,
TAPT1,0.30587566025831336,AC_like_tumor,IDH_Mutant,6106,0,0,1,
RDH14,0.3058321492805518,OPC_GABA_like_tumor,IDH_WT,6107,0,0,1,
BRD1,0.3057626326638628,AC_like_tumor,IDH_Mutant,6108,0,0,1,
NOL10,0.3057319111325213,OPC_GABA_like_tumor,IDH_WT,6109,0,0,1,
CCNT2,0.30564890758656454,TAM1/TAM2/microglia,IDH_Mutant,6110,0,0,1,
NDEL1,0.3055729597086077,TAM1/TAM2/microglia,IDH_Mutant,6111,0,0,1,
MYO5A,0.30546075742073736,TAM1/TAM2/microglia,IDH_Mutant,6112,0,0,1,
AGGF1,0.3054424784992349,OPC_GABA_like_tumor,IDH_WT,6113,0,0,1,
ABHD11,0.3053561916538048,TAM1/TAM2/microglia,IDH_Mutant,6114,0,0,1,
HSCB,0.305344587170607,OPC_GABA_like_tumor,IDH_WT,6115,0,0,1,
RPL32,0.305312947884293,TAM1/TAM2/microglia,IDH_WT,6116,0,0,0,
HSPBP1,0.30518064527263195,OPC_GABA_like_tumor,IDH_WT,6117,0,0,1,
NOL11,0.3051710602551462,OPC_GABA_like_tumor,IDH_WT,6118,0,0,1,
RPS2,0.30509739009518794,TAM1/TAM2/microglia,IDH_Mutant,6119,0,0,0,
BEND5,0.3050696973323113,OPC_GABA_like_tumor,IDH_Mutant,6120,0,0,1,
MRPL11,0.30506795956264765,TAM1/TAM2/microglia,IDH_Mutant,6121,0,0,0,
CAND1,0.30504145291794404,cycling_tumor,IDH_WT,6122,0,0,1,
RCC1L,0.3050238556762289,cycling_tumor,IDH_WT,6123,0,0,1,
ASXL2,0.30489154685174735,TAM1/TAM2/microglia,IDH_Mutant,6124,0,0,1,
CYB5D1,0.3048010141178696,TAM1/TAM2/microglia,IDH_WT,6125,0,0,1,
SDSL,0.30474803387258637,OPC_GABA_like_tumor,IDH_Mutant,6126,0,0,1,
RPL26L1,0.3045000559814431,OPC_GABA_AC_like_tumor,IDH_WT,6127,0,0,0,
POR,0.30449992849349206,OPC_GABA_like_tumor,IDH_WT,6128,0,0,1,
PTPRE,0.30448600277549065,TAM1/TAM2/microglia,IDH_Mutant,6129,0,0,1,
TWISTNB,0.30440968097315324,cycling_tumor,IDH_Mutant,6130,0,0,1,
RBBP7,0.30440104905022725,OPC_GABA_AC_like_tumor,IDH_WT,6131,0,0,1,
TUBB2B,0.3043267127413299,T cell,IDH_WT,6132,0,0,1,
LUC7L,0.30425406326336,cycling_tumor,IDH_Mutant,6133,0,0,1,
DVL3,0.3041607837036443,OPC_GABA_like_tumor,IDH_WT,6134,0,0,1,
CLTA,0.3040386754985406,OPC_GABA_AC_like_tumor,IDH_WT,6135,0,0,1,
MSH2,0.3040249036364335,cycling_tumor,IDH_WT,6136,0,0,1,
RTN3,0.30402260151568106,OPC_GABA_AC_like_tumor,IDH_WT,6137,0,0,1,
MAZ,0.3039652972443047,OPC_GABA_AC_like_tumor,IDH_WT,6138,0,0,1,
ZKSCAN1,0.3039431425704767,AC_like_tumor,IDH_Mutant,6139,0,0,1,
GNAI1,0.3039189648161682,AC_like_tumor,IDH_Mutant,6140,0,0,1,
RPA2,0.3038704527561894,cycling_tumor,IDH_WT,6141,0,0,1,
ZNF92,0.30386475491173376,OPC_GABA_like_tumor,IDH_WT,6142,0,0,1,
RPS7,0.3038600644535081,OPC_GABA_AC_like_tumor,IDH_WT,6143,0,0,0,
LRRC1,0.3038149557294042,OPC_GABA_like_tumor,IDH_Mutant,6144,0,0,1,
MEOX2,0.30349979678305156,cycling_tumor,IDH_WT,6145,0,0,1,
ZNF367,0.303469549671159,cycling_tumor,IDH_Mutant,6146,0,0,1,
TMUB1,0.303210359866563,OPC_GABA_like_tumor,IDH_WT,6147,0,0,1,
PLLP,0.30294626547839154,OPC_GABA_AC_like_tumor,IDH_WT,6148,0,0,1,
CDCA3,0.3028072286339407,cycling_tumor,IDH_WT,6149,0,0,1,
CEP135,0.3027575169682308,cycling_tumor,IDH_WT,6150,0,0,1,
PTGR1,0.30275636833797964,cycling_tumor,IDH_WT,6151,0,0,1,
VWA1,0.30265752824113273,OPC_GABA_AC_like_tumor,IDH_WT,6152,0,0,1,
TMEM203,0.30253653464016467,OPC_GABA_like_tumor,IDH_WT,6153,0,0,1,
NDUFS1,0.3025229661663358,cycling_tumor,IDH_WT,6154,0,0,0,
OSBPL8,0.3025205056117043,OPC_GABA_AC_like_tumor,IDH_WT,6155,0,0,1,
GTPBP8,0.3023993670855096,OPC_GABA_like_tumor,IDH_WT,6156,0,0,1,
HPF1,0.3023770490710901,cycling_tumor,IDH_Mutant,6157,0,0,1,
RNF20,0.30224697461374384,OPC_GABA_like_tumor,IDH_WT,6158,0,0,1,
TMEM183A,0.30209154636964863,OPC_GABA_like_tumor,IDH_Mutant,6159,0,0,1,
SMC3,0.30208747467970165,AC_like_tumor,IDH_Mutant,6160,0,0,1,
TBRG4,0.3020378897968891,OPC_GABA_like_tumor,IDH_WT,6161,0,0,1,
NOC3L,0.3020215439605629,cycling_tumor,IDH_WT,6162,0,0,1,
MYBL1,0.3019862740504887,cycling_tumor,IDH_WT,6163,0,0,1,
DFFA,0.3019527777189045,OPC_GABA_like_tumor,IDH_WT,6164,0,0,1,
NMRK1,0.3019451340397086,TAM1/TAM2/microglia,IDH_WT,6165,0,0,1,
TCAF1,0.30188607363279396,AC_like_tumor,IDH_Mutant,6166,0,0,1,
APAF1,0.30187570862498714,TAM1/TAM2/microglia,IDH_WT,6167,0,0,1,
RGP1,0.301731715492362,OPC_GABA_like_tumor,IDH_Mutant,6168,0,0,1,
C12orf29,0.3015158720879853,OPC_GABA_like_tumor,IDH_WT,6169,0,0,1,
UBQLN2,0.30150502316288064,OPC_GABA_like_tumor,IDH_Mutant,6170,0,0,1,
MTDH,0.30149918667870795,OPC_GABA_AC_like_tumor,IDH_WT,6171,0,0,1,
INTS11,0.3014941762286011,OPC_GABA_like_tumor,IDH_WT,6172,0,0,1,
LCORL,0.3014840233737303,TAM1/TAM2/microglia,IDH_WT,6173,0,0,1,
SIAH1,0.3014265438798651,TAM1/TAM2/microglia,IDH_Mutant,6174,0,0,1,
RC3H1,0.301425427898823,TAM1/TAM2/microglia,IDH_Mutant,6175,0,0,1,
TMEM33,0.3014212426215048,cycling_tumor,IDH_Mutant,6176,0,0,1,
PAXBP1,0.30141137785546335,TAM1/TAM2/microglia,IDH_Mutant,6177,0,0,1,
MPHOSPH6,0.3013603398085545,cycling_tumor,IDH_Mutant,6178,0,0,1,
ZNF582-AS1,0.30134952674991117,OPC_GABA_like_tumor,IDH_WT,6179,0,0,1,
CBR3,0.3012201835355265,cycling_tumor,IDH_Mutant,6180,0,0,1,
RPL24,0.3012062363002128,TAM1/TAM2/microglia,IDH_WT,6181,0,0,0,
ENOPH1,0.30119135098727035,OPC_GABA_AC_like_tumor,IDH_Mutant,6182,0,0,1,
SMIM10,0.3011090365251983,cycling_tumor,IDH_WT,6183,0,0,1,
LINC02256,0.30103734826158357,TAM1/TAM2/microglia,IDH_Mutant,6184,0,0,1,
ASF1A,0.3009251501274709,cycling_tumor,IDH_WT,6185,0,0,1,
THAP5,0.30092281134311594,cycling_tumor,IDH_Mutant,6186,0,0,1,
SYP,0.3008824431741701,OPC_GABA_like_tumor,IDH_Mutant,6187,0,0,1,
UTP23,0.3004191573831558,OPC_GABA_like_tumor,IDH_WT,6188,0,0,1,
BOP1,0.30039038021999775,AC_like_tumor,IDH_Mutant,6189,0,0,1,
PURA,0.3003126326204603,OPC_GABA_like_tumor,IDH_WT,6190,0,0,1,
ASAP2,0.3002785378901457,cycling_tumor,IDH_WT,6191,0,0,1,
NMNAT2,0.3001978278932388,OPC_GABA_like_tumor,IDH_Mutant,6192,0,0,1,
ZNF85,0.3001886989574828,OPC_GABA_like_tumor,IDH_Mutant,6193,0,0,1,
CAMSAP2,0.3001813812178497,cycling_tumor,IDH_Mutant,6194,0,0,1,
MAD2L2,0.30010099976868393,OPC_GABA_like_tumor,IDH_Mutant,6195,0,0,1,
IP6K1,0.30007062930385064,OPC_GABA_like_tumor,IDH_WT,6196,0,0,1,
HSPD1,0.29969188505294003,TAM1/TAM2/microglia,IDH_WT,6197,0,0,1,
TBC1D23,0.2995142521298936,OPC_GABA_like_tumor,IDH_WT,6198,0,0,1,
TMEM168,0.29942971007034486,OPC_GABA_like_tumor,IDH_WT,6199,0,0,1,
MRPL58,0.29926592842262223,OPC_GABA_like_tumor,IDH_WT,6200,0,0,0,
PRKRA,0.29913861389008833,cycling_tumor,IDH_Mutant,6201,0,0,1,
GAB3,0.2990280516007021,TAM1/TAM2/microglia,IDH_Mutant,6202,0,0,1,
EGR1,0.2990189721341098,OPC_GABA_like_tumor,IDH_Mutant,6203,0,0,1,
CCZ1,0.29896509267531945,OPC_GABA_like_tumor,IDH_WT,6204,0,0,1,
MZT1,0.2989388129165355,cycling_tumor,IDH_Mutant,6205,0,0,1,
MAP3K1,0.29892524486692107,TAM1/TAM2/microglia,IDH_Mutant,6206,0,0,1,
C12orf76,0.2989093405543651,OPC_GABA_like_tumor,IDH_WT,6207,0,0,1,
UFC1,0.2988990743018004,OPC_GABA_like_tumor,IDH_WT,6208,0,0,1,
EIF3H,0.2987400387021978,TAM1/TAM2/microglia,IDH_Mutant,6209,0,0,0,
FAAP100,0.29860339623902055,OPC_GABA_like_tumor,IDH_WT,6210,0,0,1,
RPS14,0.2985821340544169,TAM1/TAM2/microglia,IDH_Mutant,6211,0,0,0,
CLPTM1L,0.2985732970654511,cycling_tumor,IDH_WT,6212,0,0,1,
NLGN3,0.2984788748038584,OPC_GABA_like_tumor,IDH_WT,6213,0,1,0,1.0
TCEAL7,0.298303806665102,AC_like_tumor,IDH_Mutant,6214,0,0,1,
PPP2R3B,0.29816340198260527,cycling_tumor,IDH_WT,6215,0,0,1,
SLC39A6,0.29805701741108803,AC_like_tumor,IDH_Mutant,6216,0,0,1,
XPO5,0.29800950011879823,OPC_GABA_like_tumor,IDH_WT,6217,0,0,1,
EXOG,0.29794315855017545,OPC_GABA_like_tumor,IDH_WT,6218,0,0,1,
FAM120AOS,0.29788701657727223,OPC_GABA_like_tumor,IDH_WT,6219,0,0,1,
KLHL8,0.29784878325208897,OPC_GABA_like_tumor,IDH_Mutant,6220,0,0,1,
CNPY4,0.29783635629822963,OPC_GABA_like_tumor,IDH_WT,6221,0,0,1,
RPAIN,0.2975300095863453,OPC_GABA_AC_like_tumor,IDH_WT,6222,0,0,1,
MRE11,0.29752914862603763,cycling_tumor,IDH_WT,6223,0,0,1,
GDPD1,0.2975220747005954,OPC_GABA_like_tumor,IDH_Mutant,6224,0,0,1,
MPRIP,0.29741806071061455,OPC_GABA_like_tumor,IDH_WT,6225,0,0,1,
UPF3B,0.2973576299495516,cycling_tumor,IDH_Mutant,6226,0,0,1,
KCND2,0.29734323071082686,OPC_GABA_like_tumor,IDH_Mutant,6227,0,0,1,
NSMCE4A,0.29725344844125445,cycling_tumor,IDH_Mutant,6228,0,0,1,
RNPS1,0.29720434068306756,AC_like_tumor,IDH_Mutant,6229,0,0,1,
ARMC8,0.29708285350627583,TAM1/TAM2/microglia,IDH_Mutant,6230,0,0,1,
CBLL1,0.2970555699810907,cycling_tumor,IDH_WT,6231,0,0,1,
SMG6,0.29693069999621896,TAM1/TAM2/microglia,IDH_Mutant,6232,0,0,1,
RIC3,0.29680977758930993,AC_like_tumor,IDH_Mutant,6233,0,0,1,
GABPB1,0.2967874190179963,TAM1/TAM2/microglia,IDH_Mutant,6234,0,0,1,
JMJD1C,0.2965435581887621,TAM1/TAM2/microglia,IDH_WT,6235,0,0,1,
VAMP2,0.29651996135655107,OPC_GABA_AC_like_tumor,IDH_Mutant,6236,0,0,1,
RPL30,0.2964980828530325,T cell,IDH_Mutant,6237,0,0,0,
SAE1,0.2964138292520513,OPC_GABA_like_tumor,IDH_WT,6238,0,0,1,
UTP14A,0.29624724753422105,OPC_GABA_like_tumor,IDH_WT,6239,0,0,1,
UBXN2A,0.2961305097849056,OPC_GABA_like_tumor,IDH_WT,6240,0,0,1,
PHF10,0.29609578069815157,cycling_tumor,IDH_WT,6241,0,0,1,
DNAJA3,0.29604273913532453,OPC_GABA_like_tumor,IDH_WT,6242,0,0,1,
TACC2,0.29599807722377214,OPC_GABA_like_tumor,IDH_Mutant,6243,0,0,1,
PGM2,0.29586247985047787,TAM1/TAM2/microglia,IDH_WT,6244,0,0,1,
LRR1,0.2958091056530942,cycling_tumor,IDH_Mutant,6245,0,0,1,
RBL1,0.29572604065108826,cycling_tumor,IDH_Mutant,6246,0,0,1,
EXOC6,0.295660849599099,TAM1/TAM2/microglia,IDH_Mutant,6247,0,0,1,
HJURP,0.29548813647731237,cycling_tumor,IDH_Mutant,6248,0,0,1,
EMG1,0.2954544115930218,cycling_tumor,IDH_WT,6249,0,0,1,
ACKR3,0.2953668066313,OPC_GABA_like_tumor,IDH_Mutant,6250,0,0,1,
WASF3,0.295357464785737,OPC_GABA_like_tumor,IDH_Mutant,6251,0,0,1,
MNAT1,0.2951134070404302,TAM1/TAM2/microglia,IDH_Mutant,6252,0,0,1,
EFS,0.29506877760905886,OPC_GABA_like_tumor,IDH_Mutant,6253,0,0,1,
FAM104A,0.29499787318483295,OPC_GABA_like_tumor,IDH_WT,6254,0,0,1,
NKIRAS2,0.29491562964887724,OPC_GABA_like_tumor,IDH_WT,6255,0,0,1,
MRPL52,0.29485093777237825,OPC_GABA_like_tumor,IDH_WT,6256,0,0,0,
CHAF1A,0.29477184061557227,cycling_tumor,IDH_WT,6257,0,0,1,
SMOC1,0.2947063577090135,OPC_GABA_AC_like_tumor,IDH_Mutant,6258,0,0,1,
CTR9,0.29466432605683845,cycling_tumor,IDH_WT,6259,0,0,1,
RNASEH2B,0.29465261458949715,OPC_GABA_like_tumor,IDH_WT,6260,0,0,1,
CHRAC1,0.29455593392910545,cycling_tumor,IDH_WT,6261,0,0,1,
PAK3,0.2944457167311344,OPC_GABA_like_tumor,IDH_Mutant,6262,0,0,1,
PAX6,0.29444143392308436,OPC_GABA_like_tumor,IDH_Mutant,6263,0,0,1,
HNRNPLL,0.2943334453765575,cycling_tumor,IDH_WT,6264,0,0,1,
NCALD,0.294277104477137,OPC_GABA_like_tumor,IDH_WT,6265,0,0,1,
IREB2,0.2941619977960944,TAM1/TAM2/microglia,IDH_WT,6266,0,0,1,
HINT3,0.2941178151599245,TAM1/TAM2/microglia,IDH_Mutant,6267,0,0,1,
JMY,0.2940546755413488,OPC_GABA_like_tumor,IDH_WT,6268,0,0,1,
XPO4,0.2940434032844211,TAM1/TAM2/microglia,IDH_Mutant,6269,0,0,1,
AURKB,0.2940350325828288,cycling_tumor,IDH_WT,6270,0,0,1,
NADK,0.2939244438496067,OPC_GABA_like_tumor,IDH_WT,6271,0,0,1,
PPP1R12C,0.29391470752251647,OPC_GABA_like_tumor,IDH_WT,6272,0,0,1,
TMOD2,0.2938937019864639,OPC_GABA_like_tumor,IDH_WT,6273,0,0,1,
ARHGAP17,0.2938595876165024,TAM1/TAM2/microglia,IDH_Mutant,6274,0,0,1,
ZFY,0.2938322033046068,TAM1/TAM2/microglia,IDH_WT,6275,0,0,1,
EIF5,0.2936798573509928,OPC_GABA_AC_like_tumor,IDH_WT,6276,0,0,0,
CCDC174,0.29348170565370657,cycling_tumor,IDH_WT,6277,0,0,1,
AKIRIN2,0.2934123671063763,OPC_GABA_like_tumor,IDH_WT,6278,0,0,1,
NUDCD3,0.29337190849650385,cycling_tumor,IDH_WT,6279,0,0,1,
THAP9-AS1,0.293358813214413,cycling_tumor,IDH_Mutant,6280,0,0,1,
P3H2,0.29318375404536756,TAM1/TAM2/microglia,IDH_Mutant,6281,0,0,1,
LRRN1,0.2930974569692195,cycling_tumor,IDH_WT,6282,0,0,1,
CDC123,0.29305614566071825,OPC_GABA_like_tumor,IDH_WT,6283,0,0,1,
API5,0.29290146056977884,OPC_GABA_like_tumor,IDH_WT,6284,0,0,1,
DYRK4,0.29288485738644515,OPC_GABA_like_tumor,IDH_WT,6285,0,0,1,
PKIA,0.29282499229508774,OPC_GABA_AC_like_tumor,IDH_WT,6286,0,0,1,
EHBP1,0.29281907176442834,OPC_GABA_like_tumor,IDH_WT,6287,0,0,1,
NDN,0.2927028437000093,OPC_GABA_AC_like_tumor,IDH_Mutant,6288,0,0,1,
CDKN2AIPNL,0.29247938005266516,cycling_tumor,IDH_WT,6289,0,0,1,
ATL1,0.29247270865708286,cycling_tumor,IDH_WT,6290,0,0,1,
CSMD2,0.29246854172901643,OPC_GABA_like_tumor,IDH_WT,6291,0,0,1,
STK38,0.2924386981702136,OPC_GABA_like_tumor,IDH_WT,6292,0,0,1,
DNAAF1,0.2922689135853201,TAM1/TAM2/microglia,IDH_WT,6293,0,0,1,
SMAD5,0.29221635361035264,cycling_tumor,IDH_Mutant,6294,0,0,1,
KLF2,0.2922152888540689,OPC_GABA_like_tumor,IDH_WT,6295,0,0,1,
SRPRB,0.29216170633936767,OPC_GABA_AC_like_tumor,IDH_WT,6296,0,0,1,
BICRAL,0.29195524099623127,TAM1/TAM2/microglia,IDH_Mutant,6297,0,0,1,
RPL7A,0.2918438912830842,TAM1/TAM2/microglia,IDH_WT,6298,0,0,0,
RPS12,0.2916252957844616,TAM1/TAM2/microglia,IDH_WT,6299,0,0,0,
CLOCK,0.2916224893909455,cycling_tumor,IDH_WT,6300,0,0,1,
UIMC1,0.2914692813585276,OPC_GABA_like_tumor,IDH_WT,6301,0,0,1,
SPSB3,0.2912148715890954,cycling_tumor,IDH_Mutant,6302,0,0,1,
RING1,0.2911811760153772,OPC_GABA_like_tumor,IDH_WT,6303,0,0,1,
SLC35E3,0.2911515018012068,OPC_GABA_like_tumor,IDH_WT,6304,0,0,1,
SPNS1,0.291012373141461,OPC_GABA_like_tumor,IDH_WT,6305,0,0,1,
LUC7L3,0.2909729594868006,AC_like_tumor,IDH_Mutant,6306,0,0,1,
PSMD2,0.2909725177037042,cycling_tumor,IDH_Mutant,6307,0,0,1,
GMDS,0.29089063030435175,TAM1/TAM2/microglia,IDH_Mutant,6308,0,0,1,
ZNF704,0.29085132606289793,AC_like_tumor,IDH_Mutant,6309,0,0,1,
MSH3,0.2907854675564109,OPC_GABA_like_tumor,IDH_WT,6310,0,0,1,
CDCA2,0.2907848980972679,cycling_tumor,IDH_WT,6311,0,0,1,
C11orf58,0.2907365989188881,AC_like_tumor,IDH_Mutant,6312,0,0,1,
COPS6,0.29064578077937353,TAM1/TAM2/microglia,IDH_Mutant,6313,0,0,1,
NFYB,0.29054451639295553,cycling_tumor,IDH_WT,6314,0,0,1,
CPD,0.29054136023074045,OPC_GABA_like_tumor,IDH_WT,6315,0,0,1,
OPRM1,0.29049413183270245,TAM1/TAM2/microglia,IDH_Mutant,6316,0,0,1,
SUDS3,0.29042985627066403,OPC_GABA_like_tumor,IDH_WT,6317,0,0,1,
PODXL2,0.29035572610213345,AC_like_tumor,IDH_Mutant,6318,0,0,1,
POLR2C,0.2903398060471435,cycling_tumor,IDH_Mutant,6319,0,0,1,
RDX,0.29033970374122603,OPC_GABA_AC_like_tumor,IDH_WT,6320,0,0,1,
STXBP1,0.29032287814784785,OPC_GABA_like_tumor,IDH_Mutant,6321,0,0,1,
TTK,0.29022577325480314,cycling_tumor,IDH_WT,6322,0,0,1,
EPC2,0.2901095449114058,TAM1/TAM2/microglia,IDH_Mutant,6323,0,0,1,
FBXO34,0.290027468997489,TAM1/TAM2/microglia,IDH_Mutant,6324,0,0,1,
WDR20,0.2898551756097564,OPC_GABA_like_tumor,IDH_WT,6325,0,0,1,
OSER1,0.28968797875165225,cycling_tumor,IDH_WT,6326,0,0,1,
PSMG1,0.28950500797308626,OPC_GABA_AC_like_tumor,IDH_WT,6327,0,0,1,
AGAP1,0.28946234587066483,OPC_GABA_like_tumor,IDH_WT,6328,0,0,1,
PID1,0.2894540576951014,AC_like_tumor,IDH_Mutant,6329,0,0,1,
CSRNP3,0.2894067020738073,OPC_GABA_like_tumor,IDH_Mutant,6330,0,0,1,
RFC5,0.2894037334459504,cycling_tumor,IDH_Mutant,6331,0,0,1,
PSME3,0.28917819579262294,cycling_tumor,IDH_WT,6332,0,0,1,
CREB5,0.2891770162528027,cycling_tumor,IDH_WT,6333,0,0,1,
UMPS,0.2891130189457853,OPC_GABA_like_tumor,IDH_WT,6334,0,0,1,
NRAS,0.28907687784147107,OPC_GABA_like_tumor,IDH_WT,6335,0,0,1,
PCNA,0.2890722525774703,OPC_GABA_like_tumor,IDH_Mutant,6336,0,0,1,
FIP1L1,0.28901797280379893,AC_like_tumor,IDH_Mutant,6337,0,0,1,
CEP162,0.28898853297555355,OPC_GABA_like_tumor,IDH_WT,6338,0,0,1,
RNF138,0.2889146478693501,TAM1/TAM2/microglia,IDH_Mutant,6339,0,0,1,
ZNF480,0.2888954729324015,OPC_GABA_like_tumor,IDH_WT,6340,0,0,1,
CLSTN2,0.2888441888508434,OPC_GABA_like_tumor,IDH_Mutant,6341,0,0,1,
KIF23,0.2887760920033687,cycling_tumor,IDH_WT,6342,0,0,1,
TRAP1,0.28876885947843217,cycling_tumor,IDH_WT,6343,0,0,1,
UNC80,0.28872855508473017,OPC_GABA_like_tumor,IDH_WT,6344,0,0,1,
HYAL2,0.288535491012316,OPC_GABA_like_tumor,IDH_WT,6345,0,0,1,
ASCC2,0.28842961417788576,OPC_GABA_like_tumor,IDH_WT,6346,0,0,1,
CDK11B,0.2884280300759743,OPC_GABA_like_tumor,IDH_WT,6347,0,0,1,
CHKA,0.2883184426369044,TAM1/TAM2/microglia,IDH_WT,6348,0,0,1,
GKAP1,0.2882222641826976,cycling_tumor,IDH_Mutant,6349,0,0,1,
PI4KA,0.28817057532754164,TAM1/TAM2/microglia,IDH_Mutant,6350,0,0,1,
CSPP1,0.2880753363553062,OPC_GABA_like_tumor,IDH_WT,6351,0,0,1,
AKAP9,0.2880544600358891,OPC_GABA_AC_like_tumor,IDH_Mutant,6352,0,0,1,
CENPE,0.2878653615500483,cycling_tumor,IDH_Mutant,6353,0,0,1,
FAM111B,0.28781401808065243,cycling_tumor,IDH_Mutant,6354,0,0,1,
FBXO5,0.28773202067297665,cycling_tumor,IDH_Mutant,6355,0,0,1,
DOK1,0.2875577677884319,TAM1/TAM2/microglia,IDH_WT,6356,0,0,1,
KIAA1586,0.2874886336524516,OPC_GABA_like_tumor,IDH_WT,6357,0,0,1,
APBA2,0.28741070246925043,AC_like_tumor,IDH_Mutant,6358,0,0,1,
RPL26,0.28735946877592694,TAM1/TAM2/microglia,IDH_Mutant,6359,0,0,0,
TMEM237,0.2872796532311917,cycling_tumor,IDH_WT,6360,0,0,1,
BNIP1,0.28725957273591274,OPC_GABA_like_tumor,IDH_WT,6361,0,0,1,
SPAST,0.28713421610434686,OPC_GABA_like_tumor,IDH_WT,6362,0,0,1,
SCN1B,0.2870473009089266,OPC_GABA_like_tumor,IDH_WT,6363,0,0,1,
MEGF9,0.2870108531333656,OPC_GABA_like_tumor,IDH_WT,6364,0,0,1,
HDAC6,0.28700987086744034,OPC_GABA_like_tumor,IDH_WT,6365,0,0,1,
C11orf74,0.2869737947615211,OPC_GABA_like_tumor,IDH_WT,6366,0,0,1,
MAP4,0.28665782170764614,cycling_tumor,IDH_WT,6367,0,0,1,
ZNF462,0.2866169785273234,AC_like_tumor,IDH_Mutant,6368,0,0,1,
CCDC126,0.28659958683012315,OPC_GABA_like_tumor,IDH_WT,6369,0,0,1,
CMAS,0.28659023569641795,cycling_tumor,IDH_WT,6370,0,0,1,
ZC3H14,0.286580242175699,cycling_tumor,IDH_Mutant,6371,0,0,1,
OPHN1,0.2864382663874207,cycling_tumor,IDH_Mutant,6372,0,0,1,
KIF4A,0.28642209402805385,cycling_tumor,IDH_Mutant,6373,0,0,1,
ICA1,0.28637148439768817,OPC_GABA_like_tumor,IDH_WT,6374,0,0,1,
ERCC1,0.2863041911186352,OPC_GABA_like_tumor,IDH_Mutant,6375,0,0,1,
PSMD1,0.2862776792563956,cycling_tumor,IDH_Mutant,6376,0,0,1,
ETAA1,0.2862741154820254,OPC_GABA_like_tumor,IDH_WT,6377,0,0,1,
ZNF708,0.286187899367763,cycling_tumor,IDH_WT,6378,0,0,1,
CIP2A,0.28617701869948897,cycling_tumor,IDH_Mutant,6379,0,0,1,
TULP4,0.2861670582638606,TAM1/TAM2/microglia,IDH_WT,6380,0,0,1,
DGCR2,0.28600461260404436,AC_like_tumor,IDH_Mutant,6381,0,0,1,
ADCY2,0.28592760316416377,OPC_GABA_like_tumor,IDH_Mutant,6382,0,0,1,
ARMH4,0.2856075076897735,OPC_GABA_like_tumor,IDH_WT,6383,0,0,1,
PMPCB,0.28543164283422084,cycling_tumor,IDH_WT,6384,0,0,1,
BRCA2,0.2854192500232179,cycling_tumor,IDH_Mutant,6385,0,0,1,
TIMM29,0.28527828910483144,OPC_GABA_like_tumor,IDH_WT,6386,0,0,1,
RBFA,0.28527422242687983,OPC_GABA_like_tumor,IDH_Mutant,6387,0,0,1,
TMEM106B,0.28526027279131094,OPC_GABA_AC_like_tumor,IDH_WT,6388,0,0,1,
BTF3L4,0.2851976952405947,AC_like_tumor,IDH_Mutant,6389,0,0,1,
SH2D1B,0.28517606220704844,T cell,IDH_Mutant,6390,0,0,1,
NT5C,0.2850002988539659,cycling_tumor,IDH_WT,6391,0,0,1,
USP5,0.2849919929036654,OPC_GABA_like_tumor,IDH_Mutant,6392,0,0,1,
ZNF37A,0.28498955102924856,OPC_GABA_like_tumor,IDH_Mutant,6393,0,0,1,
CASP3,0.28488694498060685,cycling_tumor,IDH_WT,6394,0,0,1,
STX2,0.28471174255150883,OPC_GABA_like_tumor,IDH_WT,6395,0,0,1,
TET3,0.2843700923426993,TAM1/TAM2/microglia,IDH_Mutant,6396,0,0,1,
TMEM100,0.28433230923121944,OPC_GABA_like_tumor,IDH_WT,6397,0,0,1,
INPP4A,0.2842861494433173,TAM1/TAM2/microglia,IDH_Mutant,6398,0,0,1,
SIGLEC10,0.28424097561662415,TAM1/TAM2/microglia,IDH_WT,6399,0,0,1,
KAT2B,0.2842280789500259,OPC_GABA_like_tumor,IDH_WT,6400,0,0,1,
GAPDH,0.2841428163791059,OPC_GABA_like_tumor,IDH_Mutant,6401,0,0,1,
MRPS31,0.2838931826603874,cycling_tumor,IDH_Mutant,6402,0,0,0,
EXOSC3,0.28368311375756977,cycling_tumor,IDH_WT,6403,0,0,1,
DLG2,0.2835957527743945,OPC_GABA_like_tumor,IDH_Mutant,6404,0,0,1,
RUFY2,0.2835678663592546,OPC_GABA_like_tumor,IDH_Mutant,6405,0,0,1,
MRPL18,0.2835234683073765,cycling_tumor,IDH_Mutant,6406,0,0,0,
SACS,0.2834886198295643,cycling_tumor,IDH_WT,6407,0,0,1,
ZNF830,0.283483082703056,OPC_GABA_like_tumor,IDH_WT,6408,0,0,1,
LARP1,0.2834445242569267,cycling_tumor,IDH_WT,6409,0,0,1,
LLPH,0.2834203580109854,cycling_tumor,IDH_WT,6410,0,0,1,
MPHOSPH9,0.28341920670492876,OPC_GABA_like_tumor,IDH_Mutant,6411,0,0,1,
STARD13,0.28339803358946386,TAM1/TAM2/microglia,IDH_Mutant,6412,0,0,1,
FANCB,0.2833812458524121,cycling_tumor,IDH_WT,6413,0,0,1,
SEZ6L2,0.2833244906703428,AC_like_tumor,IDH_Mutant,6414,0,0,1,
GMCL1,0.2830571202547053,OPC_GABA_like_tumor,IDH_WT,6415,0,0,1,
INO80,0.2830048136226493,TAM1/TAM2/microglia,IDH_Mutant,6416,0,0,1,
BRIP1,0.2827740564430115,cycling_tumor,IDH_Mutant,6417,0,0,1,
ELP2,0.2825510727130785,OPC_GABA_like_tumor,IDH_WT,6418,0,0,1,
YIPF2,0.2824481088878561,OPC_GABA_like_tumor,IDH_WT,6419,0,0,1,
CHFR,0.2820497251329714,TAM1/TAM2/microglia,IDH_Mutant,6420,0,0,1,
DDX20,0.2819016982957444,OPC_GABA_like_tumor,IDH_WT,6421,0,0,1,
DCAF10,0.28180938262483335,OPC_GABA_like_tumor,IDH_WT,6422,0,0,1,
SNAPC2,0.28179353215773,OPC_GABA_like_tumor,IDH_WT,6423,0,0,1,
HRAS,0.28175044744015787,OPC_GABA_like_tumor,IDH_Mutant,6424,0,0,1,
RBM4,0.28174543201047886,OPC_GABA_like_tumor,IDH_Mutant,6425,0,0,1,
CAST,0.28143081796539565,OPC_GABA_like_tumor,IDH_Mutant,6426,0,0,1,
CAAP1,0.2813830035960068,cycling_tumor,IDH_WT,6427,0,0,1,
TERF2IP,0.28133215895946967,OPC_GABA_AC_like_tumor,IDH_Mutant,6428,0,0,1,
TBC1D7,0.28129002654948754,TAM1/TAM2/microglia,IDH_Mutant,6429,0,0,1,
HDHD2,0.2812567101472564,OPC_GABA_like_tumor,IDH_WT,6430,0,0,1,
ANKRD36C,0.2812245447214316,cycling_tumor,IDH_Mutant,6431,0,0,1,
COPZ1,0.28120096533492933,cycling_tumor,IDH_WT,6432,0,0,1,
C2CD5,0.28104538821986036,TAM1/TAM2/microglia,IDH_Mutant,6433,0,0,1,
RPL39,0.28101699546254955,TAM1/TAM2/microglia,IDH_WT,6434,0,0,0,
TBCC,0.2807982473699688,OPC_GABA_like_tumor,IDH_WT,6435,0,0,1,
VAT1,0.2806973620902945,OPC_GABA_like_tumor,IDH_WT,6436,0,0,1,
NBEA,0.28066628871516963,AC_like_tumor,IDH_Mutant,6437,0,0,1,
CBX3,0.2804536664242977,AC_like_tumor,IDH_Mutant,6438,0,0,1,
MT-CO2,0.28043528790316097,T cell,IDH_WT,6439,0,0,0,
CPT1C,0.2804342460182104,OPC_GABA_like_tumor,IDH_WT,6440,0,0,1,
MIR4458HG,0.280350905485795,OPC_GABA_like_tumor,IDH_WT,6441,0,0,1,
EIF2B5,0.28028504521458225,OPC_GABA_like_tumor,IDH_WT,6442,0,0,0,
CEMIP2,0.28022408819923245,TAM1/TAM2/microglia,IDH_Mutant,6443,0,0,1,
GRIA1,0.28010494211706105,OPC_GABA_like_tumor,IDH_Mutant,6444,0,0,1,
AC244021.1,0.28007455888137167,TAM1/TAM2/microglia,IDH_Mutant,6445,0,0,1,
CALM1,0.27999704615787363,TAM1/TAM2/microglia,IDH_WT,6446,0,0,1,
PAK1IP1,0.27992380566488906,OPC_GABA_like_tumor,IDH_Mutant,6447,0,0,1,
KIF2A,0.27981487087794815,OPC_GABA_like_tumor,IDH_WT,6448,0,0,1,
GRIK3,0.2795772157387209,OPC_GABA_like_tumor,IDH_Mutant,6449,0,0,1,
ZNF84,0.2795218208874811,AC_like_tumor,IDH_Mutant,6450,0,0,1,
PCDHA10,0.2794192753400294,cycling_tumor,IDH_WT,6451,0,0,1,
PCMTD2,0.2793868195043518,cycling_tumor,IDH_WT,6452,0,0,1,
ANKRD26,0.2792924311226848,OPC_GABA_like_tumor,IDH_WT,6453,0,0,1,
PGP,0.279229417263132,OPC_GABA_like_tumor,IDH_WT,6454,0,0,1,
XRCC2,0.27921896755293096,cycling_tumor,IDH_WT,6455,0,0,1,
CD63,0.2792061571977258,TAM1/TAM2/microglia,IDH_Mutant,6456,0,0,1,
ALCAM,0.27919801361615704,TAM1/TAM2/microglia,IDH_Mutant,6457,1,0,0,
AIMP2,0.27915897218354274,cycling_tumor,IDH_WT,6458,0,0,1,
FAM45A,0.2791461582449867,OPC_GABA_like_tumor,IDH_WT,6459,0,0,1,
RPAP3,0.27912795520266814,OPC_GABA_like_tumor,IDH_WT,6460,0,0,1,
YEATS4,0.2791102180065571,cycling_tumor,IDH_WT,6461,0,0,1,
UROS,0.27899194972915803,OPC_GABA_like_tumor,IDH_WT,6462,0,0,1,
DISP3,0.2788873532164517,OPC_GABA_like_tumor,IDH_Mutant,6463,0,0,1,
SCYL1,0.2788678869806577,OPC_GABA_like_tumor,IDH_WT,6464,0,0,1,
MANEA,0.2788395574566255,OPC_GABA_like_tumor,IDH_WT,6465,0,0,1,
ATG16L2,0.27883602201210034,TAM1/TAM2/microglia,IDH_WT,6466,0,0,1,
ZNF273,0.2786711744026272,OPC_GABA_like_tumor,IDH_Mutant,6467,0,0,1,
CGREF1,0.27863920473337006,OPC_GABA_like_tumor,IDH_Mutant,6468,0,0,1,
PCCA,0.27860842822032494,OPC_GABA_like_tumor,IDH_Mutant,6469,0,0,1,
PHACTR4,0.2786047199593519,TAM1/TAM2/microglia,IDH_WT,6470,0,0,1,
ARNT,0.27859411127029976,TAM1/TAM2/microglia,IDH_Mutant,6471,0,0,1,
RPP30,0.2785249469448352,cycling_tumor,IDH_Mutant,6472,0,0,1,
ZNF184,0.2785000838103217,OPC_GABA_like_tumor,IDH_WT,6473,0,0,1,
RPL11,0.27847894220669434,TAM1/TAM2/microglia,IDH_Mutant,6474,0,0,0,
SCN2A,0.2782823439774277,AC_like_tumor,IDH_Mutant,6475,0,0,1,
ACBD6,0.27826380253221267,cycling_tumor,IDH_WT,6476,0,0,1,
CPSF4,0.2781923874731089,cycling_tumor,IDH_WT,6477,0,0,1,
CDK5RAP3,0.2781366643203086,cycling_tumor,IDH_Mutant,6478,0,0,1,
C2orf80,0.2780288210635443,OPC_GABA_like_tumor,IDH_Mutant,6479,0,0,1,
RPS6KB1,0.27801915929122906,AC_like_tumor,IDH_Mutant,6480,0,0,0,
WDR36,0.27801514772233726,OPC_GABA_like_tumor,IDH_WT,6481,0,0,1,
CNPY2,0.27784769854327646,OPC_GABA_AC_like_tumor,IDH_WT,6482,0,0,1,
THAP7,0.27779196072483847,cycling_tumor,IDH_WT,6483,0,0,1,
GADD45G,0.2776665204983869,OPC_GABA_like_tumor,IDH_WT,6484,0,0,1,
GINS1,0.27755061194185027,cycling_tumor,IDH_Mutant,6485,0,0,1,
ANKRD39,0.27746550642720835,OPC_GABA_like_tumor,IDH_WT,6486,0,0,1,
CEP192,0.2773802530123202,cycling_tumor,IDH_Mutant,6487,0,0,1,
ILF2,0.2773077961574283,OPC_GABA_AC_like_tumor,IDH_WT,6488,0,0,1,
GANAB,0.2772219592012676,cycling_tumor,IDH_WT,6489,0,0,1,
NLGN1,0.2772187889166274,AC_like_tumor,IDH_Mutant,6490,0,1,0,2.0
PCMT1,0.2771931565322761,OPC_GABA_AC_like_tumor,IDH_WT,6491,0,0,1,
PKMYT1,0.2771839938942064,cycling_tumor,IDH_Mutant,6492,0,0,1,
CTXN1,0.2770397495763816,OPC_GABA_like_tumor,IDH_Mutant,6493,0,0,1,
ST20,0.2769528333960348,OPC_GABA_like_tumor,IDH_WT,6494,0,0,1,
PRPF31,0.27694518552153513,cycling_tumor,IDH_WT,6495,0,0,1,
SNRPA1,0.2768663786168371,OPC_GABA_AC_like_tumor,IDH_WT,6496,0,0,1,
PHLDA1,0.276836545727278,cycling_tumor,IDH_Mutant,6497,0,0,1,
PTK2,0.27668285181650043,cycling_tumor,IDH_WT,6498,0,0,1,
GBE1,0.27663739778758833,TAM1/TAM2/microglia,IDH_Mutant,6499,0,0,1,
KPNA2,0.27652354442077154,OPC_GABA_AC_like_tumor,IDH_WT,6500,0,0,1,
CDCA7L,0.27639672058490433,cycling_tumor,IDH_WT,6501,0,0,1,
CRYBG3,0.27639554528341426,OPC_GABA_like_tumor,IDH_WT,6502,0,0,1,
PARL,0.2763758799906329,OPC_GABA_like_tumor,IDH_WT,6503,0,0,1,
MAN1B1,0.2763025173098346,OPC_GABA_like_tumor,IDH_WT,6504,0,0,1,
RALGAPA2,0.2761550965888203,TAM1/TAM2/microglia,IDH_Mutant,6505,0,0,1,
NFIB,0.27608330614996973,OPC_GABA_AC_like_tumor,IDH_Mutant,6506,0,0,1,
GCSH,0.27598735945216535,OPC_GABA_AC_like_tumor,IDH_WT,6507,0,0,1,
RPL13,0.27596090654272376,T cell,IDH_Mutant,6508,0,0,0,
CHID1,0.27595694384667835,cycling_tumor,IDH_WT,6509,0,0,1,
CHMP5,0.2759542585416553,OPC_GABA_like_tumor,IDH_WT,6510,0,0,1,
SCARB2,0.27580599507564785,OPC_GABA_like_tumor,IDH_WT,6511,0,0,1,
INTS13,0.27567317986401524,OPC_GABA_like_tumor,IDH_WT,6512,0,0,1,
ELK4,0.27558464119880155,OPC_GABA_like_tumor,IDH_WT,6513,0,0,1,
EIF4H,0.2755278907109734,cycling_tumor,IDH_Mutant,6514,0,0,0,
ZNF134,0.2755133441508679,OPC_GABA_like_tumor,IDH_WT,6515,0,0,1,
AP2B1,0.27550086709216565,cycling_tumor,IDH_WT,6516,0,0,1,
SKA1,0.2753458806377859,cycling_tumor,IDH_WT,6517,0,0,1,
UBR1,0.27501489037777294,TAM1/TAM2/microglia,IDH_Mutant,6518,0,0,1,
MECR,0.27501026667362904,OPC_GABA_like_tumor,IDH_WT,6519,0,0,1,
PCP4,0.27477991762350407,OPC_GABA_AC_like_tumor,IDH_WT,6520,0,0,1,
MXD3,0.27465366640900923,cycling_tumor,IDH_Mutant,6521,0,0,1,
COX19,0.2746151537203523,TAM1/TAM2/microglia,IDH_WT,6522,0,0,0,
GTF2I,0.2743977916184405,AC_like_tumor,IDH_Mutant,6523,0,0,1,
RELT,0.27436804713778695,TAM1/TAM2/microglia,IDH_WT,6524,0,0,1,
TRIM28,0.27436103450809346,OPC_GABA_like_tumor,IDH_Mutant,6525,0,0,1,
ENKUR,0.274299174244748,OPC_GABA_like_tumor,IDH_Mutant,6526,0,0,1,
MOAP1,0.2742976670875392,OPC_GABA_like_tumor,IDH_WT,6527,0,0,1,
SCRG1,0.2742693745462745,OPC_GABA_AC_like_tumor,IDH_WT,6528,0,0,1,
FAM210A,0.274148530563476,OPC_GABA_like_tumor,IDH_WT,6529,0,0,1,
CHN1,0.2740429915004956,cycling_tumor,IDH_WT,6530,0,0,1,
RPS3A,0.27401224761704857,TAM1/TAM2/microglia,IDH_Mutant,6531,0,0,0,
APOD,0.2739394172666852,OPC_GABA_like_tumor,IDH_Mutant,6532,0,0,1,
RGMB,0.27389290144208284,OPC_GABA_like_tumor,IDH_Mutant,6533,0,0,1,
AC092683.1,0.27369280065995905,OPC_GABA_like_tumor,IDH_Mutant,6534,0,0,1,
STX5,0.2736065325819176,TAM1/TAM2/microglia,IDH_Mutant,6535,0,0,1,
ARHGAP42,0.27354207827308413,OPC_GABA_like_tumor,IDH_Mutant,6536,0,0,1,
ETV1,0.2734532913054177,OPC_GABA_AC_like_tumor,IDH_WT,6537,0,0,1,
HMG20A,0.27331387676667374,OPC_GABA_like_tumor,IDH_Mutant,6538,0,0,1,
AHCY,0.27325853387253407,cycling_tumor,IDH_WT,6539,0,0,1,
NMT1,0.2728514002349601,OPC_GABA_like_tumor,IDH_Mutant,6540,0,0,1,
CAPRIN2,0.27272036293019486,OPC_GABA_like_tumor,IDH_WT,6541,0,0,1,
ENTR1,0.2727178436028298,cycling_tumor,IDH_WT,6542,0,0,1,
PTCH1,0.2726755141849933,cycling_tumor,IDH_WT,6543,0,0,1,
TMEM209,0.2726594397099059,cycling_tumor,IDH_WT,6544,0,0,1,
SUCLA2,0.2724543858248363,cycling_tumor,IDH_WT,6545,0,0,1,
RFX3,0.2724361064596562,TAM1/TAM2/microglia,IDH_Mutant,6546,0,0,1,
PSIP1,0.27239117625057835,AC_like_tumor,IDH_Mutant,6547,0,0,1,
ZC3H7A,0.2723706260937779,OPC_GABA_like_tumor,IDH_Mutant,6548,0,0,1,
MORC4,0.2722265035185412,OPC_GABA_like_tumor,IDH_WT,6549,0,0,1,
NTNG2,0.2722109908273417,OPC_GABA_like_tumor,IDH_Mutant,6550,0,0,1,
HSPA12A,0.27221043370360526,OPC_GABA_like_tumor,IDH_WT,6551,0,0,1,
EPS15L1,0.27204985897491846,TAM1/TAM2/microglia,IDH_Mutant,6552,0,0,1,
FUBP3,0.272024668967838,OPC_GABA_like_tumor,IDH_WT,6553,0,0,1,
HMCES,0.27201037715087784,OPC_GABA_like_tumor,IDH_WT,6554,0,0,1,
RAD51B,0.2717894166099354,TAM1/TAM2/microglia,IDH_Mutant,6555,0,0,1,
RAD18,0.27170571946421646,cycling_tumor,IDH_WT,6556,0,0,1,
RPS4X,0.2716999794073737,OPC_GABA_AC_like_tumor,IDH_WT,6557,0,0,0,
AKAP7,0.2714776458474012,AC_like_tumor,IDH_Mutant,6558,0,0,1,
TOGARAM1,0.27133063446595407,OPC_GABA_like_tumor,IDH_WT,6559,0,0,1,
AC007336.1,0.2710035710458915,TAM1/TAM2/microglia,IDH_Mutant,6560,0,0,1,
PPM1B,0.2709131862219646,TAM1/TAM2/microglia,IDH_Mutant,6561,0,0,1,
MT-CO3,0.27088258393065967,TAM1/TAM2/microglia,IDH_Mutant,6562,0,0,0,
HAPLN1,0.2707813807807133,OPC_GABA_like_tumor,IDH_Mutant,6563,0,0,1,
FAM181B,0.2705604069381052,AC_like_tumor,IDH_WT,6564,0,0,1,
KIAA1549,0.2704625610884373,OPC_GABA_like_tumor,IDH_Mutant,6565,0,0,1,
ATP5S,0.27042938843451003,cycling_tumor,IDH_Mutant,6566,0,0,0,
BUB3,0.2703102181776694,OPC_GABA_like_tumor,IDH_WT,6567,0,0,1,
METTL23,0.27016239671077097,cycling_tumor,IDH_WT,6568,0,0,1,
ZNF322,0.26996292197459404,OPC_GABA_AC_like_tumor,IDH_WT,6569,0,0,1,
STAT2,0.26982234716188047,OPC_GABA_like_tumor,IDH_WT,6570,0,0,1,
DDHD1,0.2697963457070168,OPC_GABA_like_tumor,IDH_WT,6571,0,0,1,
ZNF254,0.26958106027329676,AC_like_tumor,IDH_Mutant,6572,0,0,1,
INPPL1,0.26951223711539946,TAM1/TAM2/microglia,IDH_WT,6573,0,0,1,
CEP95,0.2693528208438324,OPC_GABA_like_tumor,IDH_WT,6574,0,0,1,
RNPEP,0.26928150730227307,cycling_tumor,IDH_WT,6575,0,0,1,
FNDC4,0.2691734510753929,cycling_tumor,IDH_WT,6576,0,0,1,
KPNA3,0.2691435190195394,TAM1/TAM2/microglia,IDH_Mutant,6577,0,0,1,
DNAJC16,0.26908884975667136,OPC_GABA_like_tumor,IDH_WT,6578,0,0,1,
FRS2,0.26899560147637774,OPC_GABA_like_tumor,IDH_Mutant,6579,0,0,1,
SFRP2,0.2688483121317756,OPC_GABA_like_tumor,IDH_Mutant,6580,0,0,1,
URB1-AS1,0.2687333239352298,OPC_GABA_like_tumor,IDH_WT,6581,0,0,1,
FAM217B,0.2686400304702908,OPC_GABA_like_tumor,IDH_Mutant,6582,0,0,1,
ASMTL,0.2684431737697898,OPC_GABA_like_tumor,IDH_WT,6583,0,0,1,
UBE2R2,0.26842006530321594,cycling_tumor,IDH_Mutant,6584,0,0,1,
PHAX,0.2683205921094961,cycling_tumor,IDH_Mutant,6585,0,0,1,
PCBP4,0.2679565945925123,OPC_GABA_like_tumor,IDH_Mutant,6586,0,0,1,
DCTN1,0.26791080045598187,OPC_GABA_like_tumor,IDH_WT,6587,0,0,1,
SPG11,0.26788078913902363,TAM1/TAM2/microglia,IDH_Mutant,6588,0,0,1,
SALL2,0.2678776179050131,OPC_GABA_like_tumor,IDH_Mutant,6589,0,0,1,
FP700111.1,0.2675462395539186,TAM1/TAM2/microglia,IDH_Mutant,6590,0,0,1,
NCAPD3,0.267403835126474,cycling_tumor,IDH_Mutant,6591,0,0,1,
LRRC41,0.2673336880341356,TAM1/TAM2/microglia,IDH_Mutant,6592,0,0,1,
SYT11,0.26730389140461447,OPC_GABA_AC_like_tumor,IDH_Mutant,6593,0,0,1,
GARS,0.2671523103486655,OPC_GABA_like_tumor,IDH_WT,6594,0,0,1,
STK32A,0.26706220745115516,OPC_GABA_like_tumor,IDH_WT,6595,0,0,1,
KCNK13,0.2669966601234802,TAM1/TAM2/microglia,IDH_Mutant,6596,0,0,1,
RDH11,0.26695489611668444,cycling_tumor,IDH_WT,6597,0,0,1,
ENAH,0.2668977305320036,OPC_GABA_like_tumor,IDH_Mutant,6598,0,0,1,
TMC8,0.26684308462685324,TAM1/TAM2/microglia,IDH_Mutant,6599,0,0,1,
RTKN,0.2668325292666692,OPC_GABA_like_tumor,IDH_Mutant,6600,0,0,1,
UBE2Z,0.26683044526027244,cycling_tumor,IDH_WT,6601,0,0,1,
CFAP298,0.26665575695544513,OPC_GABA_like_tumor,IDH_WT,6602,0,0,1,
MTURN,0.2666268751682247,TAM1/TAM2/microglia,IDH_WT,6603,0,0,1,
RNF38,0.26657824551408627,TAM1/TAM2/microglia,IDH_Mutant,6604,0,0,1,
IMPAD1,0.2665510133882378,cycling_tumor,IDH_WT,6605,0,0,1,
GPAM,0.2664949404353189,OPC_GABA_like_tumor,IDH_WT,6606,0,0,1,
BFAR,0.26642051779509274,OPC_GABA_like_tumor,IDH_Mutant,6607,0,0,1,
LRRC8C,0.2663868026866942,TAM1/TAM2/microglia,IDH_Mutant,6608,0,0,1,
FAM171A2,0.26629015767695696,OPC_GABA_like_tumor,IDH_Mutant,6609,0,0,1,
ZDHHC17,0.2661861498889805,OPC_GABA_like_tumor,IDH_WT,6610,0,0,1,
MAP1A,0.26602118852531115,OPC_GABA_like_tumor,IDH_Mutant,6611,0,0,1,
ILKAP,0.26592685567359864,TAM1/TAM2/microglia,IDH_Mutant,6612,0,0,1,
WASHC1,0.2659215710259912,cycling_tumor,IDH_WT,6613,0,0,1,
THSD7A,0.26584275087089615,OPC_GABA_like_tumor,IDH_WT,6614,0,0,1,
LIMK1,0.2658054708603798,cycling_tumor,IDH_WT,6615,0,0,1,
LIMK2,0.2657195253150371,AC_like_tumor,IDH_Mutant,6616,0,0,1,
STIM1,0.26561238762059175,TAM1/TAM2/microglia,IDH_Mutant,6617,0,0,1,
AMFR,0.265602242983885,OPC_GABA_like_tumor,IDH_Mutant,6618,0,0,1,
RYK,0.26541904517675763,OPC_GABA_like_tumor,IDH_WT,6619,0,0,1,
SMARCB1,0.2654108624858892,AC_like_tumor,IDH_Mutant,6620,0,0,1,
SEC61A1,0.26523663979927226,OPC_GABA_like_tumor,IDH_WT,6621,0,0,1,
DTX3L,0.2651478273255258,TAM1/TAM2/microglia,IDH_WT,6622,0,0,1,
ATOH8,0.2651436243003903,AC_like_tumor,IDH_Mutant,6623,0,0,1,
GOLGA2,0.26504981186743304,cycling_tumor,IDH_WT,6624,0,0,1,
GLTP,0.264992283745276,OPC_GABA_like_tumor,IDH_WT,6625,0,0,1,
IK,0.26489557863541935,OPC_GABA_like_tumor,IDH_Mutant,6626,0,0,1,
ZNF883,0.26458992633713546,AC_like_tumor,IDH_Mutant,6627,0,0,1,
UBIAD1,0.2645629932615047,OPC_GABA_like_tumor,IDH_WT,6628,0,0,1,
CSNK2A1,0.2644912480042773,cycling_tumor,IDH_WT,6629,0,0,1,
RAB3IL1,0.2644235099902951,TAM1/TAM2/microglia,IDH_Mutant,6630,0,0,1,
PCBP2,0.2643069374320479,AC_like_tumor,IDH_Mutant,6631,0,0,1,
GDI2,0.26383818198491155,OPC_GABA_like_tumor,IDH_WT,6632,0,0,1,
C8orf82,0.2637861157836766,OPC_GABA_like_tumor,IDH_Mutant,6633,0,0,1,
SLC35D2,0.2636931643248351,OPC_GABA_like_tumor,IDH_WT,6634,0,0,1,
VPS45,0.2636252340543499,OPC_GABA_like_tumor,IDH_WT,6635,0,0,1,
PPAT,0.2636246362304639,cycling_tumor,IDH_WT,6636,0,0,1,
HMGCS1,0.263547278407881,cycling_tumor,IDH_WT,6637,0,0,1,
CASK,0.2634159469726421,cycling_tumor,IDH_Mutant,6638,0,0,1,
HIST1H4H,0.2633802940648413,cycling_tumor,IDH_WT,6639,0,0,0,
CNIH1,0.26326811357973445,cycling_tumor,IDH_WT,6640,0,0,1,
B4GAT1,0.26319903847843334,OPC_GABA_like_tumor,IDH_WT,6641,0,0,1,
KIF14,0.263178419733731,cycling_tumor,IDH_WT,6642,0,0,1,
ERGIC2,0.2630623550119803,cycling_tumor,IDH_Mutant,6643,0,0,1,
TOX,0.2630594581749203,OPC_GABA_like_tumor,IDH_Mutant,6644,0,0,1,
COMMD2,0.26302551059095525,cycling_tumor,IDH_Mutant,6645,0,0,1,
SMAD4,0.2628735229019751,cycling_tumor,IDH_Mutant,6646,0,0,1,
MRPL9,0.2628060878221273,cycling_tumor,IDH_WT,6647,0,0,0,
DNAJC9,0.2626557459392914,cycling_tumor,IDH_WT,6648,0,0,1,
NDUFV1,0.262596088666215,cycling_tumor,IDH_WT,6649,0,0,0,
DRG1,0.2624956707194038,OPC_GABA_like_tumor,IDH_WT,6650,0,0,1,
RPS13,0.26239249836693357,AC_like_tumor,IDH_WT,6651,0,0,0,
MTRF1L,0.2622365539663474,OPC_GABA_like_tumor,IDH_WT,6652,0,0,1,
TMEM106A,0.2622361332321883,TAM1/TAM2/microglia,IDH_Mutant,6653,0,0,1,
LMNB2,0.26215220942092365,OPC_GABA_like_tumor,IDH_WT,6654,0,0,1,
MTERF3,0.26202430170775526,OPC_GABA_like_tumor,IDH_WT,6655,0,0,1,
NR4A2,0.2619471007438284,AC_like_tumor,IDH_Mutant,6656,0,0,1,
PPP1R9A,0.2619326591690854,cycling_tumor,IDH_WT,6657,0,0,1,
GNL2,0.261679045067526,cycling_tumor,IDH_WT,6658,0,0,1,
RPRD1A,0.2614788250240819,cycling_tumor,IDH_WT,6659,0,0,1,
ESCO1,0.261353677208144,OPC_GABA_like_tumor,IDH_WT,6660,0,0,1,
PRCC,0.2609913734970865,OPC_GABA_like_tumor,IDH_WT,6661,0,0,1,
THOP1,0.26093059628567644,OPC_GABA_like_tumor,IDH_WT,6662,0,0,1,
ZEB1,0.2608817887560403,OPC_GABA_AC_like_tumor,IDH_Mutant,6663,0,0,1,
AP2A1,0.2606419116873667,cycling_tumor,IDH_WT,6664,0,0,1,
C22orf39,0.260520247411298,OPC_GABA_like_tumor,IDH_WT,6665,0,0,1,
PDGFC,0.26045451513753004,TAM1/TAM2/microglia,IDH_Mutant,6666,0,0,1,
CHM,0.26041193482045943,OPC_GABA_like_tumor,IDH_WT,6667,0,0,1,
NKX2-2,0.2604089398118322,OPC_GABA_like_tumor,IDH_Mutant,6668,0,0,1,
SNAPC3,0.26029780628643917,OPC_GABA_like_tumor,IDH_WT,6669,0,0,1,
BCL2L13,0.2602031576514507,OPC_GABA_like_tumor,IDH_WT,6670,0,0,1,
ORC4,0.26018594434450315,OPC_GABA_like_tumor,IDH_WT,6671,0,0,1,
NOP56,0.2600963845285618,AC_like_tumor,IDH_Mutant,6672,0,0,1,
MGAT1,0.2600768634076872,cycling_tumor,IDH_WT,6673,0,0,1,
IRAK4,0.2600344964774458,OPC_GABA_like_tumor,IDH_WT,6674,0,0,1,
SAPCD2,0.25992794592972324,OPC_GABA_like_tumor,IDH_Mutant,6675,0,0,1,
NAA15,0.2597343213845321,TAM1/TAM2/microglia,IDH_Mutant,6676,0,0,1,
SLC1A1,0.2597279261794909,OPC_GABA_like_tumor,IDH_WT,6677,0,0,1,
TP53BP1,0.25970456887051163,AC_like_tumor,IDH_Mutant,6678,0,0,1,
CDC6,0.2596931063031666,cycling_tumor,IDH_WT,6679,0,0,1,
CYHR1,0.25956581234287623,cycling_tumor,IDH_WT,6680,0,0,1,
GPM6A,0.2595655197426072,OPC_GABA_AC_like_tumor,IDH_WT,6681,0,0,1,
CAP1,0.2595371838273302,OPC_GABA_like_tumor,IDH_WT,6682,0,0,1,
SRSF8,0.2592474217655896,cycling_tumor,IDH_WT,6683,0,0,1,
CEP152,0.25922564759357936,cycling_tumor,IDH_Mutant,6684,0,0,1,
WASHC5,0.25916499889571515,OPC_GABA_like_tumor,IDH_WT,6685,0,0,1,
NOTCH1,0.2588509619618439,OPC_GABA_like_tumor,IDH_WT,6686,0,1,0,2.0
CORO1C,0.2588339894021752,OPC_GABA_like_tumor,IDH_WT,6687,0,0,1,
UBN2,0.25882712346604786,OPC_GABA_like_tumor,IDH_WT,6688,0,0,1,
ATP6V0E1,0.25876324877171547,OPC_GABA_like_tumor,IDH_Mutant,6689,0,0,1,
WDR75,0.2587446204252529,OPC_GABA_like_tumor,IDH_WT,6690,0,0,1,
KCNIP3,0.258726133723192,OPC_GABA_like_tumor,IDH_Mutant,6691,0,0,1,
ZNF706,0.2586323124215588,OPC_GABA_AC_like_tumor,IDH_Mutant,6692,0,0,1,
KNL1,0.2585969608203381,cycling_tumor,IDH_WT,6693,0,0,1,
PAPSS1,0.25856306165768234,OPC_GABA_like_tumor,IDH_WT,6694,0,0,1,
GZF1,0.25851661412988225,TAM1/TAM2/microglia,IDH_WT,6695,0,0,1,
MFSD3,0.25845707818416347,OPC_GABA_like_tumor,IDH_Mutant,6696,0,0,1,
PDLIM7,0.25838890002574655,OPC_GABA_like_tumor,IDH_WT,6697,0,0,1,
CCDC136,0.2580764596206651,OPC_GABA_like_tumor,IDH_Mutant,6698,0,0,1,
SAC3D1,0.258054544105135,OPC_GABA_like_tumor,IDH_WT,6699,0,0,1,
WNK3,0.2580410070032119,OPC_GABA_like_tumor,IDH_WT,6700,0,0,1,
GATAD2A,0.2579141648981402,cycling_tumor,IDH_WT,6701,0,0,1,
RPL3,0.2578831216124716,TAM1/TAM2/microglia,IDH_WT,6702,0,0,0,
SMARCD1,0.2576974143120056,OPC_GABA_like_tumor,IDH_WT,6703,0,0,1,
FN3KRP,0.2576013238430944,cycling_tumor,IDH_WT,6704,0,0,1,
SLC18B1,0.25755059257741053,TAM1/TAM2/microglia,IDH_Mutant,6705,0,0,1,
SMIM13,0.25738547371574444,cycling_tumor,IDH_WT,6706,0,0,1,
LRP12,0.2572743693072653,OPC_GABA_like_tumor,IDH_Mutant,6707,0,0,1,
ZNF567,0.25717254473451395,OPC_GABA_like_tumor,IDH_WT,6708,0,0,1,
GPR17,0.2570831550963989,OPC_GABA_like_tumor,IDH_WT,6709,0,0,1,
AKT1,0.25707203895574937,OPC_GABA_like_tumor,IDH_WT,6710,0,0,1,
AFAP1L2,0.2570602921530788,OPC_GABA_like_tumor,IDH_WT,6711,0,0,1,
RPS27,0.2566824128745931,OPC_GABA_AC_like_tumor,IDH_WT,6712,0,0,0,
KDM1A,0.2566806565338437,cycling_tumor,IDH_Mutant,6713,0,0,1,
MND1,0.25660807617063186,cycling_tumor,IDH_Mutant,6714,0,0,1,
WHAMM,0.25646525660446157,TAM1/TAM2/microglia,IDH_WT,6715,0,0,1,
DNMT1,0.2563712450568113,AC_like_tumor,IDH_Mutant,6716,0,0,1,
HARS,0.25630689425591363,OPC_GABA_like_tumor,IDH_WT,6717,0,0,1,
GAS2L3,0.2562765491632321,cycling_tumor,IDH_WT,6718,0,0,1,
RBM27,0.2562165811835682,OPC_GABA_like_tumor,IDH_WT,6719,0,0,1,
FANCI,0.25620760517256325,cycling_tumor,IDH_Mutant,6720,0,0,1,
NCAPG,0.2561470782915746,cycling_tumor,IDH_WT,6721,0,0,1,
JPH4,0.25612807141294436,OPC_GABA_like_tumor,IDH_Mutant,6722,0,0,1,
EXOSC7,0.25609961881987625,OPC_GABA_like_tumor,IDH_WT,6723,0,0,1,
PLEKHH2,0.25606252455808304,cycling_tumor,IDH_WT,6724,0,0,1,
FAM222A,0.25606192364060865,OPC_GABA_like_tumor,IDH_Mutant,6725,0,0,1,
RUNDC3A,0.25600512705524314,OPC_GABA_like_tumor,IDH_Mutant,6726,0,0,1,
ZNF276,0.2559910073502182,OPC_GABA_like_tumor,IDH_Mutant,6727,0,0,1,
SPC24,0.2558833143246853,cycling_tumor,IDH_Mutant,6728,0,0,1,
TIMM8A,0.25564583812029607,cycling_tumor,IDH_WT,6729,0,0,1,
HIST1H2AE,0.2556243010912197,cycling_tumor,IDH_Mutant,6730,0,0,0,
HACL1,0.2554785171557114,OPC_GABA_like_tumor,IDH_Mutant,6731,0,0,1,
FAM219A,0.25545319204403255,OPC_GABA_like_tumor,IDH_Mutant,6732,0,0,1,
TMEM242,0.2554437557603274,OPC_GABA_like_tumor,IDH_WT,6733,0,0,1,
AFAP1,0.2553842870652309,OPC_GABA_like_tumor,IDH_Mutant,6734,0,0,1,
SLC39A9,0.2553600901612979,OPC_GABA_like_tumor,IDH_WT,6735,0,0,1,
GPR173,0.2553151459242771,OPC_GABA_like_tumor,IDH_Mutant,6736,0,0,1,
PRMT2,0.25526356655024307,OPC_GABA_like_tumor,IDH_WT,6737,0,0,1,
PQLC1,0.2550822288827582,cycling_tumor,IDH_WT,6738,0,0,1,
G2E3,0.25492197263305466,cycling_tumor,IDH_WT,6739,0,0,1,
GSTA4,0.2548926155156879,OPC_GABA_AC_like_tumor,IDH_WT,6740,0,0,1,
RAE1,0.2548449906150617,OPC_GABA_like_tumor,IDH_WT,6741,0,0,1,
POLR2B,0.25481198405206384,cycling_tumor,IDH_WT,6742,0,0,1,
NFASC,0.25471842864627003,cycling_tumor,IDH_WT,6743,0,0,1,
FASTK,0.2546461983332982,cycling_tumor,IDH_WT,6744,0,0,1,
DYRK2,0.25435581754605635,OPC_GABA_like_tumor,IDH_Mutant,6745,0,0,1,
PPP2R1A,0.25417662059895274,OPC_GABA_like_tumor,IDH_Mutant,6746,0,0,1,
ZNF649,0.2541674128057618,OPC_GABA_like_tumor,IDH_WT,6747,0,0,1,
ASGR1,0.25402172310100857,OPC_GABA_like_tumor,IDH_Mutant,6748,0,0,1,
KLC1,0.25400495725879624,OPC_GABA_like_tumor,IDH_Mutant,6749,0,0,1,
SH3BP1,0.25391937573536094,TAM1/TAM2/microglia,IDH_Mutant,6750,0,0,1,
TIMM22,0.25390126467160734,OPC_GABA_like_tumor,IDH_Mutant,6751,0,0,1,
S1PR1,0.2538915009947801,OPC_GABA_like_tumor,IDH_Mutant,6752,0,0,1,
TCAIM,0.2537310923444301,OPC_GABA_like_tumor,IDH_WT,6753,0,0,1,
GORASP2,0.2536992240219881,cycling_tumor,IDH_WT,6754,0,0,1,
COL9A2,0.2534394963224807,OPC_GABA_like_tumor,IDH_WT,6755,0,0,1,
RPS23,0.2534069753843699,cycling_tumor,IDH_WT,6756,0,0,0,
ZBED5,0.2533843165361119,OPC_GABA_like_tumor,IDH_Mutant,6757,0,0,1,
FAM177B,0.25330390281204435,TAM1/TAM2/microglia,IDH_Mutant,6758,0,0,1,
SGO1,0.2532371136665842,cycling_tumor,IDH_Mutant,6759,0,0,1,
CACNA2D1,0.25323050179168477,OPC_GABA_like_tumor,IDH_Mutant,6760,0,0,1,
PDZD8,0.25319386692231627,OPC_GABA_like_tumor,IDH_WT,6761,0,0,1,
PHF12,0.25305750144538425,OPC_GABA_like_tumor,IDH_WT,6762,0,0,1,
CTNNAL1,0.25285187668817377,OPC_GABA_like_tumor,IDH_WT,6763,0,0,1,
ATP6V1A,0.2527921472173385,cycling_tumor,IDH_WT,6764,0,0,1,
LINC02283,0.2527506660414342,AC_like_tumor,IDH_Mutant,6765,0,0,1,
EMSY,0.25260714753074887,AC_like_tumor,IDH_Mutant,6766,0,0,1,
CFAP20,0.25239463568652365,OPC_GABA_like_tumor,IDH_WT,6767,0,0,1,
ARHGEF2,0.2523122928514089,TAM1/TAM2/microglia,IDH_WT,6768,0,0,1,
CEP55,0.25219435890899394,cycling_tumor,IDH_WT,6769,0,0,1,
ZNF711,0.25196052180080314,OPC_GABA_like_tumor,IDH_WT,6770,0,0,1,
PDCD7,0.25181008578200714,OPC_GABA_like_tumor,IDH_Mutant,6771,0,0,1,
EDEM1,0.2515574531376058,TAM1/TAM2/microglia,IDH_Mutant,6772,0,0,1,
TRIM37,0.2513725364714706,cycling_tumor,IDH_WT,6773,0,0,1,
MARCH8,0.25133491054050416,OPC_GABA_like_tumor,IDH_Mutant,6774,0,0,1,
MCCC1,0.25130640034021867,TAM1/TAM2/microglia,IDH_Mutant,6775,0,0,1,
PFDN2,0.25129910435677544,AC_like_tumor,IDH_Mutant,6776,0,0,1,
ABRAXAS2,0.2512470746418451,OPC_GABA_like_tumor,IDH_WT,6777,0,0,1,
TRIM25,0.25119940792757184,OPC_GABA_like_tumor,IDH_WT,6778,0,0,1,
GMPS,0.2511861776471805,OPC_GABA_AC_like_tumor,IDH_WT,6779,0,0,1,
CLEC7A,0.25118331479623857,TAM1/TAM2/microglia,IDH_WT,6780,0,0,1,
JPT1,0.2510526263563696,OPC_GABA_AC_like_tumor,IDH_Mutant,6781,0,0,1,
ZSCAN18,0.25105166063536516,OPC_GABA_like_tumor,IDH_WT,6782,0,0,1,
RPP40,0.2510068522137839,OPC_GABA_like_tumor,IDH_WT,6783,0,0,1,
DENND6A,0.25097687357785564,TAM1/TAM2/microglia,IDH_Mutant,6784,0,0,1,
FBXL20,0.2509558882222046,TAM1/TAM2/microglia,IDH_Mutant,6785,0,0,1,
KIF13A,0.25091577181254976,OPC_GABA_like_tumor,IDH_Mutant,6786,0,0,1,
FAM168B,0.25086721043000915,OPC_GABA_like_tumor,IDH_WT,6787,0,0,1,
CIC,0.2507621656668826,OPC_GABA_like_tumor,IDH_WT,6788,0,0,1,
EDIL3,0.2507036069466461,OPC_GABA_like_tumor,IDH_Mutant,6789,0,0,1,
PEX1,0.25069218101781826,AC_like_tumor,IDH_Mutant,6790,0,0,1,
RRM1,0.25057965120282,OPC_GABA_like_tumor,IDH_WT,6791,0,0,1,
DNAJC13,0.250505275811726,TAM1/TAM2/microglia,IDH_WT,6792,0,0,1,
MICAL3,0.25042371947249487,cycling_tumor,IDH_WT,6793,0,0,1,
SCG5,0.25036502727459103,AC_like_tumor,IDH_Mutant,6794,0,0,1,
GINS2,0.25027872565833487,cycling_tumor,IDH_WT,6795,0,0,1,
ZMYM1,0.2502681574286463,cycling_tumor,IDH_WT,6796,0,0,1,
DLL1,0.250202964135382,OPC_GABA_like_tumor,IDH_WT,6797,0,0,1,
BTBD10,0.24983094206422934,OPC_GABA_like_tumor,IDH_WT,6798,0,0,1,
G3BP1,0.24982521031834687,cycling_tumor,IDH_Mutant,6799,0,0,1,
MLH3,0.2498248581706901,OPC_GABA_like_tumor,IDH_WT,6800,0,0,1,
NNT-AS1,0.24968880805043298,OPC_GABA_like_tumor,IDH_WT,6801,0,0,1,
CCNT1,0.249632973895579,OPC_GABA_like_tumor,IDH_WT,6802,0,0,1,
ELK1,0.24954022893554537,cycling_tumor,IDH_WT,6803,0,0,1,
ABL1,0.2495085461761292,TAM1/TAM2/microglia,IDH_Mutant,6804,0,0,1,
RTL6,0.24948187262302568,OPC_GABA_like_tumor,IDH_Mutant,6805,0,0,1,
CDC20,0.2494603641209535,cycling_tumor,IDH_WT,6806,0,0,1,
MIB1,0.2493035935862591,OPC_GABA_like_tumor,IDH_WT,6807,0,0,1,
ELOA,0.24926512821874408,OPC_GABA_like_tumor,IDH_WT,6808,0,0,1,
REPIN1,0.24910740125842462,AC_like_tumor,IDH_Mutant,6809,0,0,1,
TCHH,0.2490554033675907,TAM1/TAM2/microglia,IDH_WT,6810,0,0,1,
EEF1A1,0.24896234425167574,T cell,IDH_Mutant,6811,0,0,0,
PNMA2,0.24895809459369717,cycling_tumor,IDH_WT,6812,0,0,1,
NTRK3,0.24894833532253963,OPC_GABA_like_tumor,IDH_WT,6813,0,0,1,
AGK,0.24889900442147614,OPC_GABA_like_tumor,IDH_WT,6814,0,0,1,
TMEM42,0.24889055494999077,OPC_GABA_like_tumor,IDH_WT,6815,0,0,1,
EDEM2,0.24874015509646386,cycling_tumor,IDH_WT,6816,0,0,1,
TOP2B,0.24854907240846255,AC_like_tumor,IDH_Mutant,6817,0,0,1,
PGM3,0.2485094325820302,OPC_GABA_like_tumor,IDH_WT,6818,0,0,1,
KIF5C,0.24828258534285355,AC_like_tumor,IDH_Mutant,6819,0,0,1,
DBN1,0.24812007064734393,AC_like_tumor,IDH_Mutant,6820,0,0,1,
MED10,0.24808538761609872,cycling_tumor,IDH_WT,6821,0,0,1,
DHFR,0.24808251961835293,OPC_GABA_like_tumor,IDH_WT,6822,0,0,1,
UBE4A,0.24795517516900797,cycling_tumor,IDH_WT,6823,0,0,1,
COL5A3,0.24793949880307542,OPC_GABA_like_tumor,IDH_WT,6824,0,0,1,
TM7SF3,0.24793733430271195,TAM1/TAM2/microglia,IDH_WT,6825,0,0,1,
NCBP2,0.2479319409931306,cycling_tumor,IDH_WT,6826,0,0,1,
HM13,0.24781949470346193,cycling_tumor,IDH_WT,6827,0,0,1,
SH3RF1,0.24774738303415234,OPC_GABA_like_tumor,IDH_Mutant,6828,0,0,1,
RCN2,0.2477344797993038,OPC_GABA_AC_like_tumor,IDH_Mutant,6829,0,0,1,
GDF11,0.2476093360410984,OPC_GABA_like_tumor,IDH_WT,6830,0,0,1,
DZIP3,0.24747006219079712,OPC_GABA_like_tumor,IDH_WT,6831,0,0,1,
REEP3,0.2473834078271906,OPC_GABA_like_tumor,IDH_WT,6832,0,0,1,
GNG4,0.24712730131502275,AC_like_tumor,IDH_Mutant,6833,0,0,1,
C21orf58,0.24691181255303535,cycling_tumor,IDH_Mutant,6834,0,0,1,
FGR,0.24669922845123976,T cell,IDH_Mutant,6835,0,0,1,
USP36,0.2466741437719872,TAM1/TAM2/microglia,IDH_Mutant,6836,0,0,1,
KLHL23,0.2465516246277642,cycling_tumor,IDH_Mutant,6837,0,0,1,
CALCOCO1,0.24651156852600747,OPC_GABA_like_tumor,IDH_Mutant,6838,0,0,1,
PPARD,0.24640053583224794,TAM1/TAM2/microglia,IDH_WT,6839,0,0,1,
METTL6,0.2463839552055645,OPC_GABA_like_tumor,IDH_WT,6840,0,0,1,
ZNF738,0.24603387299142526,OPC_GABA_like_tumor,IDH_Mutant,6841,0,0,1,
ZNF568,0.2459043871076198,OPC_GABA_like_tumor,IDH_WT,6842,0,0,1,
JAM3,0.24587820075010852,cycling_tumor,IDH_WT,6843,0,0,1,
MTERF4,0.24580445161220515,cycling_tumor,IDH_WT,6844,0,0,1,
MSMO1,0.24577792164632145,OPC_GABA_like_tumor,IDH_WT,6845,0,0,1,
RIOK1,0.24568741627742102,OPC_GABA_like_tumor,IDH_WT,6846,0,0,1,
EID2B,0.2456380661795589,OPC_GABA_like_tumor,IDH_WT,6847,0,0,1,
DTL,0.24552885763217214,cycling_tumor,IDH_Mutant,6848,0,0,1,
TMEM41B,0.24546081972844366,OPC_GABA_like_tumor,IDH_WT,6849,0,0,1,
ICK,0.24539597852445322,OPC_GABA_like_tumor,IDH_Mutant,6850,0,0,1,
MPHOSPH10,0.24532536582083048,OPC_GABA_like_tumor,IDH_Mutant,6851,0,0,1,
CCDC18,0.24515902536372605,cycling_tumor,IDH_WT,6852,0,0,1,
KIAA0040,0.24508911302996092,OPC_GABA_like_tumor,IDH_WT,6853,0,0,1,
RPS27A,0.24500274713030684,OPC_GABA_like_tumor,IDH_Mutant,6854,0,0,0,
ZNF439,0.24480320577680564,OPC_GABA_like_tumor,IDH_Mutant,6855,0,0,1,
CASC3,0.2447836621290075,cycling_tumor,IDH_WT,6856,0,0,1,
PAPOLA,0.24476090423448751,OPC_GABA_like_tumor,IDH_Mutant,6857,0,0,1,
LINC01102,0.24475571227275011,OPC_GABA_like_tumor,IDH_Mutant,6858,0,0,1,
TMEM246,0.24474335228217958,OPC_GABA_like_tumor,IDH_WT,6859,0,0,1,
FAM84A,0.24461081810353075,cycling_tumor,IDH_WT,6860,0,0,1,
LHX5-AS1,0.24453095518770285,OPC_GABA_like_tumor,IDH_Mutant,6861,0,0,1,
SHPRH,0.24428974298368486,OPC_GABA_like_tumor,IDH_WT,6862,0,0,1,
TEAD1,0.2442623918373405,cycling_tumor,IDH_WT,6863,0,0,1,
UBR7,0.24419200929840837,OPC_GABA_like_tumor,IDH_WT,6864,0,0,1,
ZZEF1,0.24415170155995228,TAM1/TAM2/microglia,IDH_Mutant,6865,0,0,1,
ABCF2.1,0.2440548231890693,OPC_GABA_like_tumor,IDH_WT,6866,0,0,1,
DUSP3,0.2440167079172534,cycling_tumor,IDH_WT,6867,1,0,0,
NFE2L1,0.24390475967794475,OPC_GABA_like_tumor,IDH_WT,6868,0,0,1,
PSMC3IP,0.2438480303989444,cycling_tumor,IDH_WT,6869,0,0,1,
WWC3,0.24380499606793854,OPC_GABA_like_tumor,IDH_WT,6870,0,0,1,
TMEM230,0.24368572731885144,OPC_GABA_like_tumor,IDH_WT,6871,0,0,1,
RANBP17,0.24353441799134729,OPC_GABA_like_tumor,IDH_Mutant,6872,0,0,1,
KIF11,0.24347235381052323,cycling_tumor,IDH_WT,6873,0,0,1,
TPT1,0.24342573285240174,cycling_tumor,IDH_Mutant,6874,0,0,0,
RPS19,0.24335091742029222,cycling_tumor,IDH_WT,6875,0,0,0,
TAF7,0.2432694912220156,AC_like_tumor,IDH_Mutant,6876,0,0,1,
SMARCAD1,0.24318736908766683,OPC_GABA_like_tumor,IDH_Mutant,6877,0,0,1,
ZBTB43,0.2431344893109128,OPC_GABA_like_tumor,IDH_WT,6878,0,0,1,
SS18L2,0.24312707259011904,OPC_GABA_like_tumor,IDH_WT,6879,0,0,1,
RNF169,0.24308318161997383,AC_like_tumor,IDH_Mutant,6880,0,0,1,
CCNC,0.24304827145882127,OPC_GABA_like_tumor,IDH_WT,6881,0,0,1,
NOP16,0.24303633214786946,OPC_GABA_like_tumor,IDH_WT,6882,0,0,1,
ABHD3,0.24302426904222024,TAM1/TAM2/microglia,IDH_Mutant,6883,0,0,1,
COPS8,0.24298237112568724,cycling_tumor,IDH_Mutant,6884,0,0,1,
RFC3,0.24256473782394,cycling_tumor,IDH_Mutant,6885,0,0,1,
MAPK9,0.2425622265221687,cycling_tumor,IDH_WT,6886,0,0,1,
TMEM132B,0.2422411200351954,OPC_GABA_like_tumor,IDH_Mutant,6887,0,0,1,
MTRNR2L12,0.24218831010099584,TAM1/TAM2/microglia,IDH_Mutant,6888,0,0,0,
ZNF407,0.24216655073413834,OPC_GABA_like_tumor,IDH_WT,6889,0,0,1,
POP4,0.24210568399222626,cycling_tumor,IDH_WT,6890,0,0,1,
CTNNBL1,0.24203039033073398,cycling_tumor,IDH_WT,6891,0,0,1,
PTMS,0.2420287730785872,OPC_GABA_AC_like_tumor,IDH_WT,6892,0,0,1,
MT-CYB,0.24193918723779104,TAM1/TAM2/microglia,IDH_Mutant,6893,0,0,0,
SLC4A8,0.24167400923777643,cycling_tumor,IDH_WT,6894,0,0,1,
FCHO2,0.24165419879829186,cycling_tumor,IDH_WT,6895,0,0,1,
ZNF429,0.24165245311028533,OPC_GABA_like_tumor,IDH_WT,6896,0,0,1,
UCKL1,0.24156805713056806,OPC_GABA_like_tumor,IDH_WT,6897,0,0,1,
RSBN1L,0.2415433197736218,AC_like_tumor,IDH_Mutant,6898,0,0,1,
AGFG1,0.24142102240260446,OPC_GABA_like_tumor,IDH_WT,6899,0,0,1,
CKAP2L,0.2414064137477931,cycling_tumor,IDH_Mutant,6900,0,0,1,
LINC00237,0.24097359234083987,OPC_GABA_like_tumor,IDH_Mutant,6901,0,0,1,
XRCC5,0.24088429225673705,OPC_GABA_AC_like_tumor,IDH_WT,6902,0,0,1,
KLF13,0.2408595850572684,AC_like_tumor,IDH_Mutant,6903,0,0,1,
ZDHHC21,0.24079261987875147,OPC_GABA_like_tumor,IDH_WT,6904,0,0,1,
ANP32A,0.24069623018265549,cycling_tumor,IDH_WT,6905,0,0,1,
CCAR2,0.24056326926134725,cycling_tumor,IDH_WT,6906,0,0,1,
CA8,0.24055454928167,OPC_GABA_like_tumor,IDH_Mutant,6907,0,0,1,
EZH2,0.24054261685465997,OPC_GABA_like_tumor,IDH_WT,6908,0,0,1,
ZNRF1,0.24032295102321893,OPC_GABA_like_tumor,IDH_Mutant,6909,0,0,1,
PHLDB1,0.24030087082977766,OPC_GABA_like_tumor,IDH_WT,6910,0,0,1,
NXPE3,0.2402338283806526,cycling_tumor,IDH_WT,6911,0,0,1,
ACTR1B,0.2401447201978871,OPC_GABA_like_tumor,IDH_WT,6912,0,0,1,
XPR1,0.24007013234199617,cycling_tumor,IDH_WT,6913,0,0,1,
TOMM70,0.2400083237418335,OPC_GABA_AC_like_tumor,IDH_WT,6914,0,0,1,
PDE4DIP,0.23994461843385953,cycling_tumor,IDH_Mutant,6915,0,0,1,
TRAPPC2,0.23987845957366724,OPC_GABA_like_tumor,IDH_Mutant,6916,0,0,1,
THTPA,0.23985147096937215,OPC_GABA_like_tumor,IDH_WT,6917,0,0,1,
RAB3C,0.23951950306115427,OPC_GABA_like_tumor,IDH_Mutant,6918,0,0,1,
HIST1H2BB,0.2394531318084255,cycling_tumor,IDH_Mutant,6919,0,0,0,
NFIX,0.23942336587076635,OPC_GABA_like_tumor,IDH_WT,6920,0,0,1,
ST13,0.23934410623589772,OPC_GABA_like_tumor,IDH_WT,6921,0,0,1,
GNL3,0.2391663577307185,AC_like_tumor,IDH_Mutant,6922,0,0,1,
FZD1,0.23891013319832782,TAM1/TAM2/microglia,IDH_WT,6923,0,0,1,
SGCE,0.23887790225082828,cycling_tumor,IDH_WT,6924,0,0,1,
ZNF414,0.23882830612280936,OPC_GABA_like_tumor,IDH_Mutant,6925,0,0,1,
SMC6,0.2387215248712863,OPC_GABA_like_tumor,IDH_Mutant,6926,0,0,1,
CCP110,0.23866409599359897,cycling_tumor,IDH_Mutant,6927,0,0,1,
REC8,0.23863198060809715,OPC_GABA_like_tumor,IDH_Mutant,6928,0,0,1,
RCL1,0.23858384320239656,cycling_tumor,IDH_WT,6929,0,0,1,
GSTM4,0.2383881074015191,cycling_tumor,IDH_WT,6930,0,0,1,
SLC17A5,0.23827290017043973,TAM1/TAM2/microglia,IDH_Mutant,6931,0,0,1,
SLAIN1,0.23823793007344302,OPC_GABA_like_tumor,IDH_WT,6932,0,0,1,
ZBTB10,0.23817776603900698,OPC_GABA_like_tumor,IDH_WT,6933,0,0,1,
NXT1,0.2380911086810284,OPC_GABA_like_tumor,IDH_WT,6934,0,0,1,
TNIP1,0.23804473817036928,cycling_tumor,IDH_WT,6935,0,0,1,
PARD6G,0.23800986441266309,OPC_GABA_like_tumor,IDH_WT,6936,0,0,1,
CMPK1,0.2378721960674514,cycling_tumor,IDH_WT,6937,0,0,1,
SMIM18,0.23786097592354877,OPC_GABA_like_tumor,IDH_Mutant,6938,0,0,1,
TTC5,0.23773588423282827,OPC_GABA_like_tumor,IDH_WT,6939,0,0,1,
RNF185,0.23767234368646378,OPC_GABA_like_tumor,IDH_WT,6940,0,0,1,
RNF187,0.23765004897692857,cycling_tumor,IDH_Mutant,6941,0,0,1,
DNMT3A,0.2376318445346529,TAM1/TAM2/microglia,IDH_Mutant,6942,0,0,1,
ATF7IP2,0.23756055827764372,TAM1/TAM2/microglia,IDH_WT,6943,0,0,1,
KIF5A,0.23754488769991902,OPC_GABA_like_tumor,IDH_Mutant,6944,0,0,1,
GLA,0.23754103123856143,cycling_tumor,IDH_WT,6945,0,0,1,
SNAP91,0.23730457497097152,OPC_GABA_like_tumor,IDH_Mutant,6946,0,0,1,
CENPL,0.23723739050598583,cycling_tumor,IDH_WT,6947,0,0,1,
ARFIP2,0.23720597667003512,OPC_GABA_like_tumor,IDH_WT,6948,0,0,1,
FAM200B,0.23707130103739288,OPC_GABA_like_tumor,IDH_WT,6949,0,0,1,
AL359091.1,0.23700154240889554,OPC_GABA_AC_like_tumor,IDH_WT,6950,0,0,1,
FKBP15,0.2369781296283445,OPC_GABA_like_tumor,IDH_WT,6951,0,0,1,
PSD,0.23696647276028265,OPC_GABA_like_tumor,IDH_Mutant,6952,0,0,1,
MT-CO1,0.23695813503311638,AC_like_tumor,IDH_Mutant,6953,0,0,0,
NNAT,0.2367776631665574,cycling_tumor,IDH_WT,6954,0,0,1,
EBF4,0.2367640657823083,OPC_GABA_like_tumor,IDH_Mutant,6955,0,0,1,
ANKS3,0.23670402484349826,OPC_GABA_like_tumor,IDH_Mutant,6956,0,0,1,
RNF114,0.23658743762243511,OPC_GABA_like_tumor,IDH_WT,6957,0,0,1,
VRK1,0.23648951660454465,cycling_tumor,IDH_Mutant,6958,0,0,1,
EIF1,0.23648753929410002,OPC_GABA_like_tumor,IDH_WT,6959,0,0,0,
MARK2,0.2363915634668236,TAM1/TAM2/microglia,IDH_WT,6960,0,0,1,
NEPRO,0.23638758518055747,OPC_GABA_like_tumor,IDH_WT,6961,0,0,1,
SAP30L,0.2360956475541383,cycling_tumor,IDH_WT,6962,0,0,1,
CXorf38,0.23604099997128936,OPC_GABA_like_tumor,IDH_WT,6963,0,0,1,
VPS16,0.23590613259286677,OPC_GABA_like_tumor,IDH_WT,6964,0,0,1,
SEC22C,0.23553614679712154,cycling_tumor,IDH_Mutant,6965,0,0,1,
NDUFAF4,0.23529151074886726,cycling_tumor,IDH_WT,6966,0,0,0,
MAP3K20,0.23526862262926795,cycling_tumor,IDH_WT,6967,0,0,1,
FAM234A,0.23525309342485792,OPC_GABA_like_tumor,IDH_WT,6968,0,0,1,
TSEN34,0.23519356520013882,OPC_GABA_AC_like_tumor,IDH_WT,6969,0,0,1,
EMC9,0.23515420414954585,OPC_GABA_like_tumor,IDH_WT,6970,0,0,1,
SLC5A3,0.2349660409653486,AC_like_tumor,IDH_Mutant,6971,0,0,1,
ANKS1B,0.2349033494648099,OPC_GABA_like_tumor,IDH_Mutant,6972,0,0,1,
CDC40,0.2348004610334144,OPC_GABA_like_tumor,IDH_WT,6973,0,0,1,
GLRB,0.23466061621419118,OPC_GABA_like_tumor,IDH_Mutant,6974,0,0,1,
PHF5A,0.23459258001884464,OPC_GABA_like_tumor,IDH_WT,6975,0,0,1,
SLMAP,0.23423963994719138,OPC_GABA_like_tumor,IDH_WT,6976,0,0,1,
XIAP,0.23389026062034915,cycling_tumor,IDH_WT,6977,0,0,1,
SUGT1,0.2338549344373558,cycling_tumor,IDH_Mutant,6978,0,0,1,
MFN2,0.2337930318773805,cycling_tumor,IDH_WT,6979,0,0,1,
THOC3,0.23367176928442907,OPC_GABA_like_tumor,IDH_WT,6980,0,0,1,
CTPS1,0.23312006849289446,OPC_GABA_like_tumor,IDH_WT,6981,0,0,1,
UCHL3,0.23296878947480634,OPC_GABA_like_tumor,IDH_WT,6982,0,0,1,
CDK8,0.2328345408651143,AC_like_tumor,IDH_Mutant,6983,0,0,1,
ZNF660,0.23280729733352273,OPC_GABA_like_tumor,IDH_Mutant,6984,0,0,1,
MCM6,0.2326794964699929,cycling_tumor,IDH_WT,6985,0,0,1,
BRCC3,0.23267383768141642,OPC_GABA_like_tumor,IDH_WT,6986,0,0,1,
CPSF6,0.2326041443333265,AC_like_tumor,IDH_Mutant,6987,0,0,1,
SNHG7,0.2324931622052922,cycling_tumor,IDH_Mutant,6988,0,0,1,
UBE2G1,0.23243516105706244,OPC_GABA_like_tumor,IDH_WT,6989,0,0,1,
BRSK2,0.23229356589549893,OPC_GABA_like_tumor,IDH_Mutant,6990,0,0,1,
GCNT2,0.23213731610875832,TAM1/TAM2/microglia,IDH_Mutant,6991,0,0,1,
TSPAN13,0.23200574216310108,OPC_GABA_like_tumor,IDH_Mutant,6992,0,0,1,
AL391807.1,0.2320006204351738,OPC_GABA_like_tumor,IDH_WT,6993,0,0,1,
ARPC4,0.23195305766160276,cycling_tumor,IDH_WT,6994,0,0,1,
KLHL7,0.23186267632097168,OPC_GABA_like_tumor,IDH_Mutant,6995,0,0,1,
MAST3,0.23146966027484236,TAM1/TAM2/microglia,IDH_Mutant,6996,0,0,1,
FARP2,0.2313732422356322,TAM1/TAM2/microglia,IDH_Mutant,6997,0,0,1,
PPP3CB,0.23131365263054202,TAM1/TAM2/microglia,IDH_Mutant,6998,0,0,1,
PNPT1,0.23129334297607268,cycling_tumor,IDH_WT,6999,0,0,1,
TRAPPC9,0.23115687666226767,TAM1/TAM2/microglia,IDH_Mutant,7000,0,0,1,
RRM2,0.23113609299504115,cycling_tumor,IDH_WT,7001,0,0,1,
BRCA1,0.2310946580586078,OPC_GABA_like_tumor,IDH_WT,7002,0,0,1,
CACNB4,0.2309662628681024,TAM1/TAM2/microglia,IDH_Mutant,7003,0,0,1,
SMG9,0.23088545348492384,OPC_GABA_like_tumor,IDH_WT,7004,0,0,1,
AL078590.3,0.23086532139235785,TAM1/TAM2/microglia,IDH_Mutant,7005,0,0,1,
CDC42BPA,0.23086481083669516,OPC_GABA_like_tumor,IDH_Mutant,7006,0,0,1,
AC022217.3,0.23076894879420387,TAM1/TAM2/microglia,IDH_Mutant,7007,0,0,1,
ZFAND2B,0.23055278734538742,OPC_GABA_like_tumor,IDH_WT,7008,0,0,1,
ARMC1,0.23053859131305193,OPC_GABA_like_tumor,IDH_Mutant,7009,0,0,1,
ACVR2B,0.2304749998323686,OPC_GABA_like_tumor,IDH_Mutant,7010,0,0,1,
POGK,0.23037578466113534,OPC_GABA_like_tumor,IDH_WT,7011,0,0,1,
SOX2,0.23037508983110241,OPC_GABA_AC_like_tumor,IDH_Mutant,7012,0,0,1,
ZWINT,0.2302994183014652,cycling_tumor,IDH_WT,7013,0,0,1,
UBASH3B,0.2302222482890172,TAM1/TAM2/microglia,IDH_Mutant,7014,0,0,1,
TROAP,0.23009258929476353,cycling_tumor,IDH_WT,7015,0,0,1,
TEX30,0.22991018422965484,cycling_tumor,IDH_WT,7016,0,0,1,
MCM5,0.22935382624523326,OPC_GABA_like_tumor,IDH_WT,7017,0,0,1,
CBX4,0.22912812151885203,OPC_GABA_like_tumor,IDH_WT,7018,0,0,1,
NACA,0.22909436093372734,TAM1/TAM2/microglia,IDH_Mutant,7019,0,0,0,
TRIM24,0.22896127910316846,AC_like_tumor,IDH_Mutant,7020,0,0,1,
COA4,0.2289046005399687,OPC_GABA_like_tumor,IDH_Mutant,7021,0,0,1,
PRKAB1,0.2288596767101299,TAM1/TAM2/microglia,IDH_Mutant,7022,0,0,1,
CTTN,0.22863287007004907,OPC_GABA_like_tumor,IDH_WT,7023,0,0,1,
RPL7L1,0.22842566255214133,OPC_GABA_like_tumor,IDH_Mutant,7024,0,0,0,
GLCCI1,0.2282223385899807,AC_like_tumor,IDH_Mutant,7025,0,0,1,
ALG8,0.22784723401799867,OPC_GABA_like_tumor,IDH_WT,7026,0,0,1,
ARFGEF3,0.22778054670572895,cycling_tumor,IDH_Mutant,7027,0,0,1,
LINC01351,0.22751341419465465,OPC_GABA_like_tumor,IDH_WT,7028,0,0,1,
STIM2,0.227453964758141,TAM1/TAM2/microglia,IDH_Mutant,7029,0,0,1,
SLC35B3,0.22741126904993658,OPC_GABA_like_tumor,IDH_WT,7030,0,0,1,
JUND,0.2273597037490464,TAM1/TAM2/microglia,IDH_Mutant,7031,0,0,1,
HIST1H2BJ,0.2273030300711921,cycling_tumor,IDH_WT,7032,0,0,0,
CIT,0.2272374129214408,OPC_GABA_like_tumor,IDH_WT,7033,0,0,1,
NGLY1,0.22720197451616428,OPC_GABA_like_tumor,IDH_WT,7034,0,0,1,
TMED3,0.22714317386969407,AC_like_tumor,IDH_Mutant,7035,0,0,1,
AFDN,0.22707073973922695,OPC_GABA_like_tumor,IDH_WT,7036,0,0,1,
USF3,0.22696932683411047,OPC_GABA_like_tumor,IDH_WT,7037,0,0,1,
NUCB2,0.2268461655803339,cycling_tumor,IDH_WT,7038,0,0,1,
ZNF121,0.22670161147232082,OPC_GABA_like_tumor,IDH_WT,7039,0,0,1,
SETD9,0.22637491797269488,OPC_GABA_like_tumor,IDH_WT,7040,0,0,1,
ZFYVE9,0.2262518007326924,OPC_GABA_like_tumor,IDH_WT,7041,0,0,1,
TMEM108,0.22617319012072473,cycling_tumor,IDH_WT,7042,0,0,1,
PHYHIPL,0.22616907681605286,OPC_GABA_like_tumor,IDH_WT,7043,0,0,1,
SYT14,0.22592289562002382,OPC_GABA_like_tumor,IDH_Mutant,7044,0,0,1,
LRIG2,0.22589520846495875,OPC_GABA_like_tumor,IDH_Mutant,7045,0,0,1,
LRP6,0.2258489819450713,OPC_GABA_like_tumor,IDH_WT,7046,0,0,1,
MYT1,0.2257372444891438,OPC_GABA_like_tumor,IDH_Mutant,7047,0,0,1,
MEST,0.22558639286518808,cycling_tumor,IDH_WT,7048,0,0,1,
LIG1,0.22555902467337846,cycling_tumor,IDH_WT,7049,0,0,1,
COPS3,0.22553730093570942,OPC_GABA_like_tumor,IDH_WT,7050,0,0,1,
ZFPM2,0.22534603052150248,OPC_GABA_like_tumor,IDH_Mutant,7051,0,0,1,
SURF6,0.2252583054101561,AC_like_tumor,IDH_Mutant,7052,0,0,1,
AL139125.1,0.22523298792348428,TAM1/TAM2/microglia,IDH_Mutant,7053,0,0,1,
ZNF775,0.22505862556651027,OPC_GABA_like_tumor,IDH_Mutant,7054,0,0,1,
UTP25,0.22494679533070724,OPC_GABA_like_tumor,IDH_WT,7055,0,0,1,
ZFYVE16,0.22481480331433262,OPC_GABA_like_tumor,IDH_Mutant,7056,0,0,1,
DCUN1D4,0.22476026836664725,OPC_GABA_like_tumor,IDH_WT,7057,0,0,1,
DHDDS,0.22470288992066592,cycling_tumor,IDH_WT,7058,0,0,1,
TBX21,0.22458075093593255,T cell,IDH_Mutant,7059,0,0,1,
DIS3L2,0.22437258120234382,TAM1/TAM2/microglia,IDH_Mutant,7060,0,0,1,
CDK5R1,0.22410238771616817,OPC_GABA_like_tumor,IDH_Mutant,7061,0,0,1,
SGF29,0.22405745246507722,OPC_GABA_like_tumor,IDH_Mutant,7062,0,0,1,
IKBKB,0.22354769280007467,TAM1/TAM2/microglia,IDH_Mutant,7063,0,0,1,
CCNB1,0.22328607984958787,cycling_tumor,IDH_WT,7064,0,0,1,
IL17RB,0.22318696091456708,OPC_GABA_like_tumor,IDH_WT,7065,0,0,1,
TMEM35A,0.2231290917945977,OPC_GABA_like_tumor,IDH_Mutant,7066,0,0,1,
TP53RK,0.22306447407209817,OPC_GABA_like_tumor,IDH_Mutant,7067,0,0,1,
BRWD3,0.22294633898880806,TAM1/TAM2/microglia,IDH_Mutant,7068,0,0,1,
TNFRSF21,0.22260045175726226,OPC_GABA_like_tumor,IDH_WT,7069,0,0,1,
TTC3,0.22257802305357038,OPC_GABA_AC_like_tumor,IDH_WT,7070,0,0,1,
OSBP,0.22242091737657604,OPC_GABA_like_tumor,IDH_WT,7071,0,0,1,
THUMPD2,0.22236724952691897,cycling_tumor,IDH_WT,7072,0,0,1,
PARN,0.22231062645472358,TAM1/TAM2/microglia,IDH_Mutant,7073,0,0,1,
MELTF-AS1,0.2222686759068017,cycling_tumor,IDH_WT,7074,0,0,1,
USP39,0.22197317341232498,OPC_GABA_like_tumor,IDH_WT,7075,0,0,1,
PTPN23,0.22188881499841262,AC_like_tumor,IDH_Mutant,7076,0,0,1,
RFFL,0.22176890177462694,OPC_GABA_like_tumor,IDH_WT,7077,0,0,1,
NDUFAF6,0.22160095389477102,cycling_tumor,IDH_Mutant,7078,0,0,0,
CEP57L1,0.2214314271617488,cycling_tumor,IDH_Mutant,7079,0,0,1,
WSB2,0.22112452784386133,cycling_tumor,IDH_WT,7080,0,0,1,
PDIA4,0.2210270586416503,cycling_tumor,IDH_WT,7081,0,0,1,
WDR48,0.22098867099955039,OPC_GABA_like_tumor,IDH_WT,7082,0,0,1,
RAN,0.22085898296102888,OPC_GABA_like_tumor,IDH_Mutant,7083,0,0,1,
RPL34,0.22084439797496797,AC_like_tumor,IDH_WT,7084,0,0,0,
JKAMP,0.22069966033340233,OPC_GABA_like_tumor,IDH_WT,7085,0,0,1,
BEST3,0.22057833315952005,AC_like_tumor,IDH_Mutant,7086,0,0,1,
CTSV,0.22056697697137556,cycling_tumor,IDH_WT,7087,0,0,1,
BPNT1,0.22038966132939217,OPC_GABA_like_tumor,IDH_Mutant,7088,0,0,1,
TMEM255A,0.22018658927499715,OPC_GABA_like_tumor,IDH_WT,7089,0,0,1,
ATG101,0.22009511858685354,OPC_GABA_AC_like_tumor,IDH_WT,7090,0,0,1,
ZNF880,0.2200899960633831,cycling_tumor,IDH_WT,7091,0,0,1,
ZSWIM8,0.220060158788444,OPC_GABA_like_tumor,IDH_WT,7092,0,0,1,
INSM1,0.21996547327666746,cycling_tumor,IDH_Mutant,7093,0,0,1,
KBTBD6,0.21976140832197028,OPC_GABA_like_tumor,IDH_Mutant,7094,0,0,1,
CEP44,0.21955448367632022,cycling_tumor,IDH_Mutant,7095,0,0,1,
KDM5B,0.21953090427622243,AC_like_tumor,IDH_Mutant,7096,0,0,1,
ZNF224,0.21945696341722173,OPC_GABA_like_tumor,IDH_WT,7097,0,0,1,
PAIP1,0.21944309036186613,cycling_tumor,IDH_Mutant,7098,0,0,1,
DCP1A,0.2194430510938957,TAM1/TAM2/microglia,IDH_Mutant,7099,0,0,1,
CES2,0.2193110503938586,OPC_GABA_like_tumor,IDH_WT,7100,0,0,1,
RPL15,0.21930920400856974,TAM1/TAM2/microglia,IDH_Mutant,7101,0,0,0,
NPRL3,0.21918565871516765,OPC_GABA_like_tumor,IDH_WT,7102,0,0,1,
GNAS,0.2189949645194426,OPC_GABA_like_tumor,IDH_Mutant,7103,0,0,1,
RRP8,0.21885857776607764,OPC_GABA_like_tumor,IDH_WT,7104,0,0,1,
NSUN2,0.2187884587870462,OPC_GABA_like_tumor,IDH_WT,7105,0,0,1,
RNF217,0.2187311571861635,TAM1/TAM2/microglia,IDH_Mutant,7106,0,0,1,
DUSP10,0.21860592020371744,OPC_GABA_like_tumor,IDH_WT,7107,0,0,1,
ABHD14A,0.21844006254498746,OPC_GABA_like_tumor,IDH_WT,7108,0,0,1,
ATP13A1,0.21842774329173054,OPC_GABA_like_tumor,IDH_WT,7109,0,0,1,
ZNF746,0.21821349988027886,OPC_GABA_like_tumor,IDH_WT,7110,0,0,1,
SCP2,0.21801726867726137,cycling_tumor,IDH_WT,7111,0,0,1,
LAMB1,0.21801254361673178,OPC_GABA_like_tumor,IDH_WT,7112,0,0,1,
AGMO,0.21795116075154555,OPC_GABA_like_tumor,IDH_WT,7113,0,0,1,
TSN,0.2178425793888649,cycling_tumor,IDH_WT,7114,0,0,1,
RPUSD4,0.21774483701488467,OPC_GABA_like_tumor,IDH_Mutant,7115,0,0,1,
NEK7,0.2176921755949889,TAM1/TAM2/microglia,IDH_Mutant,7116,0,0,1,
SLC4A1AP,0.21738443714094116,cycling_tumor,IDH_WT,7117,0,0,1,
GSTM2,0.2171773724093891,TAM1/TAM2/microglia,IDH_Mutant,7118,0,0,1,
RALGDS,0.21711664685187032,OPC_GABA_like_tumor,IDH_WT,7119,0,0,1,
DKC1,0.21682014697595425,cycling_tumor,IDH_WT,7120,0,0,1,
BOLA1,0.21681595356558492,cycling_tumor,IDH_WT,7121,0,0,1,
AL450998.2,0.2167858508278405,OPC_GABA_like_tumor,IDH_WT,7122,0,0,1,
ZC3H4,0.21668542339025026,TAM1/TAM2/microglia,IDH_Mutant,7123,0,0,1,
CHEK1,0.2166291966714434,cycling_tumor,IDH_WT,7124,0,0,1,
ARHGDIA,0.21649739211730443,AC_like_tumor,IDH_Mutant,7125,1,0,0,
ZC2HC1A,0.21643466754673946,OPC_GABA_like_tumor,IDH_WT,7126,0,0,1,
IMMP1L,0.21633590530567695,cycling_tumor,IDH_Mutant,7127,0,0,1,
RPL10,0.21615742537834684,AC_like_tumor,IDH_Mutant,7128,0,0,0,
ZNF618,0.21615608476755285,TAM1/TAM2/microglia,IDH_Mutant,7129,0,0,1,
EMID1,0.21605835562401227,TAM1/TAM2/microglia,IDH_Mutant,7130,0,0,1,
SAMD4A,0.2157010308210499,TAM1/TAM2/microglia,IDH_Mutant,7131,0,0,1,
VSTM2B,0.21557406006871696,OPC_GABA_AC_like_tumor,IDH_WT,7132,0,0,1,
TERF1,0.21551813413979787,cycling_tumor,IDH_Mutant,7133,0,0,1,
TRUB2,0.21547755088032067,OPC_GABA_like_tumor,IDH_WT,7134,0,0,1,
TMBIM6,0.21545374074689377,OPC_GABA_like_tumor,IDH_Mutant,7135,0,0,1,
SBDS,0.21507479488661466,OPC_GABA_like_tumor,IDH_WT,7136,0,0,1,
NAT14,0.21490653893689884,cycling_tumor,IDH_WT,7137,0,0,1,
APTX,0.21484247214422375,OPC_GABA_like_tumor,IDH_WT,7138,0,0,1,
INHBA,0.2148258263096602,TAM1/TAM2/microglia,IDH_WT,7139,0,0,1,
MZF1-AS1,0.21481358727040015,cycling_tumor,IDH_WT,7140,0,0,1,
CNBD2,0.21472184274929562,OPC_GABA_like_tumor,IDH_WT,7141,0,0,1,
RAD51AP1,0.21466327988109546,cycling_tumor,IDH_WT,7142,0,0,1,
MCM7,0.21463872342860296,OPC_GABA_like_tumor,IDH_Mutant,7143,0,0,1,
C8orf76,0.21463073824557002,OPC_GABA_like_tumor,IDH_WT,7144,0,0,1,
DGKZ,0.21454782577905956,cycling_tumor,IDH_WT,7145,0,0,1,
NR1D2,0.21444441608478698,OPC_GABA_like_tumor,IDH_WT,7146,0,0,1,
GSPT2,0.2142258461261816,OPC_GABA_like_tumor,IDH_WT,7147,0,0,1,
ULK2,0.21417169588240087,TAM1/TAM2/microglia,IDH_Mutant,7148,0,0,1,
PELP1,0.214065068293815,OPC_GABA_like_tumor,IDH_Mutant,7149,0,0,1,
CCDC22,0.21385075995889152,OPC_GABA_like_tumor,IDH_WT,7150,0,0,1,
SENP1,0.21382563499487298,OPC_GABA_like_tumor,IDH_WT,7151,0,0,1,
WAC-AS1,0.21379654230080575,OPC_GABA_like_tumor,IDH_WT,7152,0,0,1,
MUT,0.2136427171248272,OPC_GABA_like_tumor,IDH_WT,7153,0,0,1,
AC004158.1,0.21362261936624055,OPC_GABA_like_tumor,IDH_WT,7154,0,0,1,
XKR4,0.21358206566579022,OPC_GABA_like_tumor,IDH_WT,7155,0,0,1,
SLC22A23,0.2132847517382781,TAM1/TAM2/microglia,IDH_Mutant,7156,0,0,1,
TACO1,0.21326286853267304,cycling_tumor,IDH_WT,7157,0,0,1,
ZNF678,0.2127823556425143,OPC_GABA_like_tumor,IDH_WT,7158,0,0,1,
PRIM1,0.2126624065920522,cycling_tumor,IDH_Mutant,7159,0,0,1,
COQ8A,0.2124810771698163,OPC_GABA_like_tumor,IDH_Mutant,7160,0,0,1,
NFX1,0.21241311675523913,TAM1/TAM2/microglia,IDH_Mutant,7161,0,0,1,
CLPTM1,0.2123293272802056,OPC_GABA_like_tumor,IDH_WT,7162,0,0,1,
RARS,0.21232174312039262,cycling_tumor,IDH_WT,7163,0,0,1,
HIST1H3B,0.21230973190405633,cycling_tumor,IDH_WT,7164,0,0,0,
SYT17,0.21220183250839103,OPC_GABA_like_tumor,IDH_WT,7165,0,0,1,
MTHFR,0.21211805603513878,TAM1/TAM2/microglia,IDH_Mutant,7166,0,0,1,
ZBTB44,0.21205546197141714,OPC_GABA_like_tumor,IDH_Mutant,7167,0,0,1,
SEMA5B,0.21204336512986846,OPC_GABA_like_tumor,IDH_WT,7168,0,0,1,
RRAGB,0.2120251154675339,OPC_GABA_like_tumor,IDH_WT,7169,0,0,1,
ITGA9,0.2118568653143465,TAM1/TAM2/microglia,IDH_Mutant,7170,0,0,1,
CASP8AP2,0.21171598586490395,OPC_GABA_like_tumor,IDH_WT,7171,0,0,1,
KCNB1,0.21168190365734546,OPC_GABA_like_tumor,IDH_Mutant,7172,0,0,1,
PTPRS,0.21157893120745158,cycling_tumor,IDH_WT,7173,0,0,1,
PAK2,0.21157449042260384,OPC_GABA_like_tumor,IDH_Mutant,7174,0,0,1,
C16orf87,0.21148215800909725,cycling_tumor,IDH_WT,7175,0,0,1,
RAB30-AS1,0.21137575700988434,cycling_tumor,IDH_Mutant,7176,0,0,1,
HIP1,0.21129491450515983,cycling_tumor,IDH_WT,7177,0,0,1,
LINC01141,0.21122517226598117,TAM1/TAM2/microglia,IDH_Mutant,7178,0,0,1,
SYT6,0.21096991396250536,TAM1/TAM2/microglia,IDH_Mutant,7179,0,0,1,
CAMSAP1,0.2109497733634517,OPC_GABA_like_tumor,IDH_Mutant,7180,0,0,1,
WDR12,0.21086303922626343,OPC_GABA_like_tumor,IDH_WT,7181,0,0,1,
HDGFL3,0.21075656766327025,AC_like_tumor,IDH_Mutant,7182,0,0,1,
COL11A1,0.21066875939678117,OPC_GABA_like_tumor,IDH_Mutant,7183,0,0,1,
FASN,0.2104930725145507,OPC_GABA_like_tumor,IDH_Mutant,7184,0,0,1,
ELP5,0.21037665139904246,OPC_GABA_like_tumor,IDH_WT,7185,0,0,1,
PIKFYVE,0.21003509232750242,TAM1/TAM2/microglia,IDH_Mutant,7186,0,0,1,
CEACAM21,0.20998015194471248,TAM1/TAM2/microglia,IDH_Mutant,7187,0,0,1,
PCCB,0.2098594776475379,OPC_GABA_like_tumor,IDH_WT,7188,0,0,1,
GPR162,0.20982869713068183,OPC_GABA_like_tumor,IDH_Mutant,7189,0,0,1,
SCN1A,0.20950244426784154,OPC_GABA_like_tumor,IDH_Mutant,7190,0,0,1,
WDR76,0.20946395244150318,cycling_tumor,IDH_WT,7191,0,0,1,
MT-ATP6,0.20931780989066726,OPC_GABA_like_tumor,IDH_WT,7192,0,0,0,
PEG3,0.20873718123195295,OPC_GABA_like_tumor,IDH_WT,7193,0,0,1,
HDHD5,0.2086332117135096,OPC_GABA_like_tumor,IDH_Mutant,7194,0,0,1,
BLOC1S2,0.2086158555792017,OPC_GABA_like_tumor,IDH_WT,7195,0,0,1,
FAM114A1,0.20854267568103896,cycling_tumor,IDH_WT,7196,0,0,1,
ELAVL2,0.20841359917374808,cycling_tumor,IDH_Mutant,7197,0,0,1,
FBXO7,0.2084008792611498,OPC_GABA_like_tumor,IDH_WT,7198,0,0,1,
MLF2,0.20835917069968465,AC_like_tumor,IDH_Mutant,7199,0,0,1,
ZNF675,0.2083432446237313,OPC_GABA_like_tumor,IDH_Mutant,7200,0,0,1,
MOSPD3,0.2083043951645675,OPC_GABA_like_tumor,IDH_WT,7201,0,0,1,
H2AFY2,0.208018929725043,AC_like_tumor,IDH_Mutant,7202,0,0,0,
PRKAR1B,0.2078460686375613,OPC_GABA_like_tumor,IDH_WT,7203,0,0,1,
MAP7D3,0.2077249834687383,OPC_GABA_like_tumor,IDH_WT,7204,0,0,1,
WWP2,0.207661890008653,TAM1/TAM2/microglia,IDH_Mutant,7205,0,0,1,
COX20,0.20749198769543234,cycling_tumor,IDH_Mutant,7206,0,0,0,
PPP1CA,0.20745012398744805,cycling_tumor,IDH_WT,7207,0,0,1,
HIVEP1,0.2074356410494933,OPC_GABA_like_tumor,IDH_WT,7208,0,0,1,
CEP290,0.20742600951650503,OPC_GABA_like_tumor,IDH_WT,7209,0,0,1,
USP25,0.2072983318098011,TAM1/TAM2/microglia,IDH_Mutant,7210,0,0,1,
SIM2,0.20723975747893947,OPC_GABA_like_tumor,IDH_WT,7211,0,0,1,
STARD3,0.20705294384272527,OPC_GABA_like_tumor,IDH_WT,7212,0,0,1,
NDUFAF5,0.20694309861217067,OPC_GABA_like_tumor,IDH_Mutant,7213,0,0,0,
ZNF398,0.2068444528031858,OPC_GABA_like_tumor,IDH_WT,7214,0,0,1,
ZNF891,0.2067272693674372,OPC_GABA_like_tumor,IDH_Mutant,7215,0,0,1,
DENND5B,0.2067267069596735,OPC_GABA_like_tumor,IDH_WT,7216,0,0,1,
DMXL2,0.20672292501514158,OPC_GABA_like_tumor,IDH_Mutant,7217,0,0,1,
CENPH,0.20666345612485593,OPC_GABA_like_tumor,IDH_WT,7218,0,0,1,
RRP9,0.20654571390320092,OPC_GABA_AC_like_tumor,IDH_WT,7219,0,0,1,
POMT1,0.20652027055781494,OPC_GABA_like_tumor,IDH_WT,7220,0,0,1,
SRP19,0.20650281766813175,OPC_GABA_like_tumor,IDH_WT,7221,0,0,1,
AGAP3,0.20643209221396797,OPC_GABA_like_tumor,IDH_Mutant,7222,0,0,1,
PARP11,0.2063870711950508,AC_like_tumor,IDH_Mutant,7223,0,0,1,
KDM4B,0.20638226678931537,AC_like_tumor,IDH_Mutant,7224,0,0,1,
PHKG2,0.20632107587448195,OPC_GABA_like_tumor,IDH_WT,7225,0,0,1,
DGKG,0.20606817474222483,OPC_GABA_like_tumor,IDH_WT,7226,0,0,1,
DDX58,0.20597795915637618,OPC_GABA_like_tumor,IDH_WT,7227,0,0,1,
SOX10,0.20586297854749427,OPC_GABA_AC_like_tumor,IDH_WT,7228,0,0,1,
NAA16,0.20583099753793524,OPC_GABA_like_tumor,IDH_Mutant,7229,0,0,1,
CDCA5,0.20559854864639204,cycling_tumor,IDH_WT,7230,0,0,1,
AC012360.3,0.20538832127379208,cycling_tumor,IDH_WT,7231,0,0,1,
PPFIA2,0.2050175119694512,OPC_GABA_like_tumor,IDH_Mutant,7232,0,0,1,
CSDE1,0.20496500667551124,OPC_GABA_like_tumor,IDH_WT,7233,0,0,1,
RPL41,0.20494415518539516,TAM1/TAM2/microglia,IDH_WT,7234,0,0,0,
ZBTB41,0.20493323842004169,OPC_GABA_like_tumor,IDH_WT,7235,0,0,1,
PDE7A,0.2049123876109106,TAM1/TAM2/microglia,IDH_Mutant,7236,0,0,1,
UBE2O,0.2049016642690254,OPC_GABA_like_tumor,IDH_WT,7237,0,0,1,
LANCL2,0.20464492642543664,OPC_GABA_like_tumor,IDH_Mutant,7238,0,0,1,
ALG2,0.20454219094489146,OPC_GABA_like_tumor,IDH_WT,7239,0,0,1,
RTKN2,0.20430989780325381,cycling_tumor,IDH_Mutant,7240,0,0,1,
NOVA1,0.2042630772584299,AC_like_tumor,IDH_WT,7241,0,0,1,
HAUS1,0.20421789997012949,cycling_tumor,IDH_WT,7242,0,0,1,
NPLOC4,0.20413459771160153,cycling_tumor,IDH_WT,7243,0,0,1,
SDF2,0.20409417487181641,cycling_tumor,IDH_Mutant,7244,0,0,1,
FAM204A,0.20400903575185944,OPC_GABA_like_tumor,IDH_WT,7245,0,0,1,
E2F1,0.20396246695628176,cycling_tumor,IDH_WT,7246,0,0,1,
SLC29A3,0.20380902879229149,TAM1/TAM2/microglia,IDH_Mutant,7247,0,0,1,
APBB1,0.20366119795897947,AC_like_tumor,IDH_Mutant,7248,0,0,1,
CAHM,0.20363272937922802,OPC_GABA_like_tumor,IDH_WT,7249,0,0,1,
RAPGEF4,0.20363143773560077,OPC_GABA_like_tumor,IDH_Mutant,7250,0,0,1,
GRPEL1,0.20352301185291685,OPC_GABA_like_tumor,IDH_WT,7251,0,0,1,
CHTF8,0.20349069769571884,OPC_GABA_like_tumor,IDH_WT,7252,0,0,1,
DPF1,0.20337507214785183,OPC_GABA_like_tumor,IDH_WT,7253,0,0,1,
FAM174A,0.20337207856994027,OPC_GABA_like_tumor,IDH_WT,7254,0,0,1,
TBC1D9,0.20323244719652558,TAM1/TAM2/microglia,IDH_WT,7255,0,0,1,
PCDHB9,0.20316053491350283,OPC_GABA_like_tumor,IDH_Mutant,7256,0,0,1,
AP4M1,0.20312979954199656,OPC_GABA_like_tumor,IDH_WT,7257,0,0,1,
RPL8,0.20307969434222467,OPC_GABA_like_tumor,IDH_WT,7258,0,0,0,
ZNF682,0.20303561647690568,OPC_GABA_like_tumor,IDH_Mutant,7259,0,0,1,
AGPAT1,0.20297553029993173,cycling_tumor,IDH_WT,7260,0,0,1,
KDM4A,0.20289301168454923,OPC_GABA_like_tumor,IDH_WT,7261,0,0,1,
SART3,0.20282905846996657,OPC_GABA_like_tumor,IDH_WT,7262,0,0,1,
LPAR1,0.20264250900823627,TAM1/TAM2/microglia,IDH_Mutant,7263,0,0,1,
TFAP2A,0.20262672376316662,OPC_GABA_like_tumor,IDH_WT,7264,0,0,1,
KIFC1,0.20254784124573172,cycling_tumor,IDH_WT,7265,0,0,1,
RFX7,0.202361738645601,AC_like_tumor,IDH_Mutant,7266,0,0,1,
ACTB,0.20229225076268326,AC_like_tumor,IDH_Mutant,7267,0,0,1,
LAS1L,0.202173194575691,cycling_tumor,IDH_WT,7268,0,0,1,
ATXN3,0.20194794996294935,cycling_tumor,IDH_Mutant,7269,0,0,1,
MPDU1,0.20178822295176504,cycling_tumor,IDH_WT,7270,0,0,1,
RBM8A,0.20174449152649113,OPC_GABA_like_tumor,IDH_WT,7271,0,0,1,
ZNF622,0.20166903703765798,OPC_GABA_like_tumor,IDH_WT,7272,0,0,1,
CHPF2,0.20149851827731155,OPC_GABA_like_tumor,IDH_WT,7273,0,0,1,
PRKDC,0.2014887531260829,OPC_GABA_AC_like_tumor,IDH_WT,7274,0,0,1,
DPYSL4,0.20134756315750568,OPC_GABA_like_tumor,IDH_Mutant,7275,0,0,1,
BTRC,0.20133403848673867,TAM1/TAM2/microglia,IDH_Mutant,7276,0,0,1,
SOX21,0.20131930503837156,OPC_GABA_like_tumor,IDH_Mutant,7277,0,0,1,
MEX3A,0.20128809249879112,OPC_GABA_like_tumor,IDH_Mutant,7278,0,0,1,
LIG3,0.2012551333996509,OPC_GABA_like_tumor,IDH_WT,7279,0,0,1,
TMEM101,0.20121706159147293,cycling_tumor,IDH_WT,7280,0,0,1,
CDH2,0.20103631020789847,cycling_tumor,IDH_WT,7281,0,0,1,
CUL4A,0.20081981570083607,TAM1/TAM2/microglia,IDH_Mutant,7282,0,0,1,
EFCAB2,0.20078153131352816,cycling_tumor,IDH_Mutant,7283,0,0,1,
C18orf25,0.2007679195981007,TAM1/TAM2/microglia,IDH_Mutant,7284,0,0,1,
MED14,0.20056531854776108,OPC_GABA_like_tumor,IDH_WT,7285,0,0,1,
INO80C,0.20042539483470864,OPC_GABA_like_tumor,IDH_Mutant,7286,0,0,1,
ACTL6B,0.20021085615660347,OPC_GABA_like_tumor,IDH_Mutant,7287,0,0,1,
APPBP2,0.20020374283666217,cycling_tumor,IDH_WT,7288,0,0,1,
POLG2,0.20012066116222157,OPC_GABA_like_tumor,IDH_WT,7289,0,0,1,
SMPD4,0.20010239932806656,AC_like_tumor,IDH_Mutant,7290,0,0,1,
MCM4,0.19984994707062098,cycling_tumor,IDH_Mutant,7291,0,0,1,
TRAPPC8,0.199750616291071,TAM1/TAM2/microglia,IDH_Mutant,7292,0,0,1,
UBA5,0.19973409921906046,OPC_GABA_like_tumor,IDH_WT,7293,0,0,1,
NRN1,0.19959200947832673,OPC_GABA_like_tumor,IDH_WT,7294,0,0,1,
AP002387.2,0.19953381110045976,OPC_GABA_like_tumor,IDH_WT,7295,0,0,1,
NLGN4Y,0.1992152311334358,OPC_GABA_like_tumor,IDH_WT,7296,0,0,1,
AC104051.2,0.1990703196361808,OPC_GABA_AC_like_tumor,IDH_WT,7297,0,0,1,
RPS9,0.19904326964932537,OPC_GABA_like_tumor,IDH_Mutant,7298,0,0,0,
DHRS4-AS1,0.19891719057475737,OPC_GABA_like_tumor,IDH_WT,7299,0,0,1,
NT5C3A,0.1987942706779067,OPC_GABA_AC_like_tumor,IDH_WT,7300,0,0,1,
KRI1,0.19861458973299337,OPC_GABA_like_tumor,IDH_WT,7301,0,0,1,
ZBTB11,0.19822420814063674,OPC_GABA_like_tumor,IDH_WT,7302,0,0,1,
RBM12B,0.19820302363978076,OPC_GABA_like_tumor,IDH_WT,7303,0,0,1,
PPIG,0.1979649169493462,OPC_GABA_like_tumor,IDH_WT,7304,0,0,1,
AC087190.1,0.1978810445893619,OPC_GABA_like_tumor,IDH_Mutant,7305,0,0,1,
L3MBTL4,0.19758266653684664,TAM1/TAM2/microglia,IDH_Mutant,7306,0,0,1,
H2AFX,0.19746355972388285,OPC_GABA_like_tumor,IDH_WT,7307,0,0,0,
ZNF253,0.1972682384353263,OPC_GABA_like_tumor,IDH_Mutant,7308,0,0,1,
CACNG7,0.19711581999548372,OPC_GABA_like_tumor,IDH_Mutant,7309,0,0,1,
RPLP1,0.1970247889174507,AC_like_tumor,IDH_WT,7310,0,0,0,
METTL3,0.19677530335249024,OPC_GABA_like_tumor,IDH_WT,7311,0,0,1,
SLC25A26,0.1966510458778689,OPC_GABA_like_tumor,IDH_WT,7312,0,0,1,
GTDC1,0.19645956154355146,TAM1/TAM2/microglia,IDH_Mutant,7313,0,0,1,
NDUFA5,0.19626055126615832,OPC_GABA_like_tumor,IDH_WT,7314,0,0,0,
ZFR2,0.19625197319646664,OPC_GABA_AC_like_tumor,IDH_WT,7315,0,0,1,
TNS2,0.19604239246639565,OPC_GABA_like_tumor,IDH_WT,7316,0,0,1,
STYXL1,0.1957375102605639,cycling_tumor,IDH_WT,7317,0,0,1,
POLQ,0.195499334005719,cycling_tumor,IDH_Mutant,7318,0,0,1,
SLC38A9,0.19542276031075273,TAM1/TAM2/microglia,IDH_Mutant,7319,0,0,1,
KARS,0.1952910349555661,cycling_tumor,IDH_Mutant,7320,0,0,1,
PIK3C3,0.19516665443261486,OPC_GABA_like_tumor,IDH_WT,7321,0,0,1,
CCNB2,0.1948387419432936,cycling_tumor,IDH_WT,7322,0,0,1,
MYO16,0.19479373069893438,OPC_GABA_like_tumor,IDH_Mutant,7323,0,0,1,
RIMKLB,0.19474572548697847,OPC_GABA_like_tumor,IDH_WT,7324,0,0,1,
CFAP36,0.19467685013710465,cycling_tumor,IDH_Mutant,7325,0,0,1,
NCBP1,0.19464952127421906,OPC_GABA_like_tumor,IDH_WT,7326,0,0,1,
MID1,0.19461479616831995,cycling_tumor,IDH_WT,7327,0,0,1,
ANKRD46,0.1945082070605731,OPC_GABA_like_tumor,IDH_Mutant,7328,0,0,1,
TIGAR,0.19407053132383695,cycling_tumor,IDH_WT,7329,0,0,1,
TSPAN3,0.19354178519120172,OPC_GABA_like_tumor,IDH_Mutant,7330,0,0,1,
GPN1,0.1932691285990425,OPC_GABA_like_tumor,IDH_WT,7331,0,0,1,
SCAMP5,0.19315160940523135,OPC_GABA_like_tumor,IDH_Mutant,7332,0,0,1,
MGRN1,0.19306897150144334,TAM1/TAM2/microglia,IDH_Mutant,7333,0,0,1,
MMS22L,0.19281383401780985,cycling_tumor,IDH_WT,7334,0,0,1,
RPL19,0.19276936770834965,TAM1/TAM2/microglia,IDH_Mutant,7335,0,0,0,
HRASLS,0.19255263005566534,OPC_GABA_AC_like_tumor,IDH_WT,7336,0,0,1,
NCAPH,0.19242792057436858,cycling_tumor,IDH_WT,7337,0,0,1,
ASPM,0.19225587121890272,cycling_tumor,IDH_Mutant,7338,0,0,1,
ZSCAN30,0.1922476650684774,cycling_tumor,IDH_WT,7339,0,0,1,
CSAD,0.19222587764957325,OPC_GABA_like_tumor,IDH_WT,7340,0,0,1,
PRIM2,0.19220979129427113,cycling_tumor,IDH_WT,7341,0,0,1,
MYBL2,0.19198686767096523,cycling_tumor,IDH_WT,7342,0,0,1,
NANOS1,0.19185450304419666,cycling_tumor,IDH_WT,7343,0,0,1,
ZBTB21,0.191790236402967,OPC_GABA_like_tumor,IDH_WT,7344,0,0,1,
AL021368.2,0.19168259136125237,OPC_GABA_like_tumor,IDH_Mutant,7345,0,0,1,
MAP2K7,0.191646139293407,OPC_GABA_like_tumor,IDH_WT,7346,0,0,1,
LRRTM3,0.19148098273333258,cycling_tumor,IDH_Mutant,7347,0,0,1,
ZFP69B,0.1913322318892751,cycling_tumor,IDH_WT,7348,0,0,1,
NLK,0.19130302441136687,cycling_tumor,IDH_WT,7349,0,0,1,
DNAH2,0.19120403876988318,OPC_GABA_like_tumor,IDH_WT,7350,0,0,1,
CCL5,0.19107659179037548,TAM1/TAM2/microglia,IDH_WT,7351,0,0,1,
TMEM67,0.19082437787041112,cycling_tumor,IDH_WT,7352,0,0,1,
MPPE1,0.19073437779511787,cycling_tumor,IDH_WT,7353,0,0,1,
CALCRL,0.1905533143611218,OPC_GABA_like_tumor,IDH_Mutant,7354,0,0,1,
CUL4B,0.19036453469585485,OPC_GABA_like_tumor,IDH_WT,7355,0,0,1,
ZNF804A,0.19036190966433236,OPC_GABA_like_tumor,IDH_Mutant,7356,0,0,1,
TIMM50,0.1903560346941055,OPC_GABA_like_tumor,IDH_WT,7357,0,0,1,
AP5Z1,0.19034837825647283,OPC_GABA_like_tumor,IDH_WT,7358,0,0,1,
ZNF566,0.19021880272929653,cycling_tumor,IDH_WT,7359,0,0,1,
SLC25A32,0.19003701897090738,TAM1/TAM2/microglia,IDH_Mutant,7360,0,0,1,
UBE2T,0.18982930252392588,OPC_GABA_like_tumor,IDH_WT,7361,0,0,1,
FAM120B,0.1897909173149443,TAM1/TAM2/microglia,IDH_Mutant,7362,0,0,1,
TGFBRAP1,0.18969479377501167,OPC_GABA_like_tumor,IDH_WT,7363,0,0,1,
UXS1,0.18966937669758938,cycling_tumor,IDH_WT,7364,0,0,1,
PLAT,0.18961158119339294,OPC_GABA_like_tumor,IDH_WT,7365,0,0,1,
CALR,0.18960873207938786,OPC_GABA_like_tumor,IDH_WT,7366,0,0,1,
NPM1,0.1895738917016543,AC_like_tumor,IDH_Mutant,7367,0,0,1,
LRRC4C,0.18953328943742237,OPC_GABA_like_tumor,IDH_Mutant,7368,0,0,1,
UGGT2,0.18926918931555636,TAM1/TAM2/microglia,IDH_Mutant,7369,0,0,1,
SCAMP1,0.18921331823698623,cycling_tumor,IDH_WT,7370,0,0,1,
DGKB,0.18916910029727738,cycling_tumor,IDH_WT,7371,0,0,1,
BCAR1,0.18912073628773923,OPC_GABA_like_tumor,IDH_Mutant,7372,0,0,1,
DSN1,0.18891656924464037,cycling_tumor,IDH_WT,7373,0,0,1,
AC011447.3,0.18890087010627163,cycling_tumor,IDH_Mutant,7374,0,0,1,
FAM95B1,0.18874544935383325,cycling_tumor,IDH_WT,7375,0,0,1,
ATAD5,0.18861727346748194,cycling_tumor,IDH_Mutant,7376,0,0,1,
ITGB3BP,0.18845358163134784,cycling_tumor,IDH_WT,7377,0,0,1,
GOT2,0.18816843872093814,cycling_tumor,IDH_Mutant,7378,0,0,1,
C2orf69,0.18798121827915876,cycling_tumor,IDH_WT,7379,0,0,1,
TXNDC15,0.1879735610307977,cycling_tumor,IDH_WT,7380,0,0,1,
VGF,0.18781638838513914,OPC_GABA_like_tumor,IDH_WT,7381,0,0,1,
PGRMC2,0.18777970134083793,cycling_tumor,IDH_Mutant,7382,0,0,1,
ASXL3,0.18766623309746194,AC_like_tumor,IDH_Mutant,7383,0,0,1,
AFMID,0.18757756320813324,OPC_GABA_like_tumor,IDH_WT,7384,0,0,1,
FOXM1,0.18735257935922736,cycling_tumor,IDH_WT,7385,0,0,1,
ANKRD13D,0.18729356964654514,TAM1/TAM2/microglia,IDH_WT,7386,0,0,1,
USP9Y,0.1871732352996623,TAM1/TAM2/microglia,IDH_Mutant,7387,0,0,1,
CHML,0.18700090069313138,OPC_GABA_like_tumor,IDH_WT,7388,0,0,1,
LTV1,0.18680679426973873,OPC_GABA_like_tumor,IDH_Mutant,7389,0,0,1,
SNX22,0.18657388674963477,OPC_GABA_like_tumor,IDH_WT,7390,0,0,1,
LINC00854,0.1865491681688962,TAM1/TAM2/microglia,IDH_Mutant,7391,0,0,1,
RNF5,0.18629778013714784,cycling_tumor,IDH_Mutant,7392,0,0,1,
EHD3,0.18557827425245937,OPC_GABA_like_tumor,IDH_WT,7393,0,0,1,
HNRNPA2B1,0.18536561100487187,OPC_GABA_AC_like_tumor,IDH_WT,7394,0,0,1,
RBM14,0.18524013342798648,OPC_GABA_like_tumor,IDH_WT,7395,0,0,1,
CENPV,0.1851202864763801,cycling_tumor,IDH_Mutant,7396,0,0,1,
DAXX,0.1850481883115797,cycling_tumor,IDH_WT,7397,0,0,1,
COG4,0.18497786296129054,OPC_GABA_like_tumor,IDH_WT,7398,0,0,1,
SLCO4A1-AS1,0.18468988518245544,OPC_GABA_like_tumor,IDH_WT,7399,0,0,1,
AAMP,0.18459072972070334,OPC_GABA_like_tumor,IDH_WT,7400,0,0,1,
ZNF516,0.18457338226220635,cycling_tumor,IDH_WT,7401,0,0,1,
MYRF,0.18446709740193584,OPC_GABA_like_tumor,IDH_WT,7402,0,0,1,
ZNF143,0.1841995789702034,cycling_tumor,IDH_WT,7403,0,0,1,
CDT1,0.18419831945122267,cycling_tumor,IDH_WT,7404,0,0,1,
DUSP11,0.18404459243201177,cycling_tumor,IDH_WT,7405,0,0,1,
CHAMP1,0.18399990678742104,OPC_GABA_like_tumor,IDH_Mutant,7406,0,0,1,
KHSRP,0.18396502066911796,cycling_tumor,IDH_WT,7407,0,0,1,
FGFBP3,0.18385266704286812,OPC_GABA_AC_like_tumor,IDH_WT,7408,0,0,1,
HOXA10,0.183841778611062,cycling_tumor,IDH_WT,7409,0,0,1,
NUTM2A-AS1,0.18355495110003925,TAM1/TAM2/microglia,IDH_Mutant,7410,0,0,1,
ZNF354B,0.1832594035001051,OPC_GABA_like_tumor,IDH_WT,7411,0,0,1,
AC004540.1,0.1831565040951037,OPC_GABA_like_tumor,IDH_WT,7412,0,0,1,
NUP205,0.183020672923968,cycling_tumor,IDH_WT,7413,0,0,1,
LRRC4,0.1827154515885377,OPC_GABA_like_tumor,IDH_Mutant,7414,0,0,1,
AC009779.2,0.1826643920337668,cycling_tumor,IDH_WT,7415,0,0,1,
MIS18A,0.18262704039309247,OPC_GABA_like_tumor,IDH_WT,7416,0,0,1,
TM4SF1,0.18258896034961078,OPC_GABA_AC_like_tumor,IDH_WT,7417,0,0,1,
KIN,0.18251029904930655,OPC_GABA_like_tumor,IDH_WT,7418,0,0,1,
EEF2KMT,0.182041874488318,OPC_GABA_like_tumor,IDH_WT,7419,0,0,0,
USP37,0.18194417171522193,OPC_GABA_like_tumor,IDH_WT,7420,0,0,1,
MCAT,0.1819378288686202,OPC_GABA_like_tumor,IDH_WT,7421,0,0,1,
PRPF39,0.18190954043430949,OPC_GABA_like_tumor,IDH_WT,7422,0,0,1,
TOR1A,0.1815705698815147,OPC_GABA_like_tumor,IDH_WT,7423,0,0,1,
FBXO28,0.18138490663902715,OPC_GABA_like_tumor,IDH_WT,7424,0,0,1,
DONSON,0.18133386121513786,cycling_tumor,IDH_Mutant,7425,0,0,1,
RANBP6,0.18082459890234853,OPC_GABA_like_tumor,IDH_WT,7426,0,0,1,
ALDH18A1,0.1807704283771449,OPC_GABA_like_tumor,IDH_WT,7427,0,0,1,
FBXO42,0.18069967470886178,TAM1/TAM2/microglia,IDH_Mutant,7428,0,0,1,
ACAN,0.18065390668907316,cycling_tumor,IDH_WT,7429,0,0,1,
CPXM1,0.18063682649279672,OPC_GABA_like_tumor,IDH_WT,7430,0,0,1,
LYPLA2,0.1805598446733282,cycling_tumor,IDH_WT,7431,0,0,1,
FAM122A,0.18055216843191246,TAM1/TAM2/microglia,IDH_WT,7432,0,0,1,
USB1,0.1805305721563397,OPC_GABA_like_tumor,IDH_WT,7433,0,0,1,
SLC38A6,0.18048378775831203,OPC_GABA_like_tumor,IDH_WT,7434,0,0,1,
CACNG2,0.18013079087894387,OPC_GABA_like_tumor,IDH_Mutant,7435,0,0,1,
SAMM50,0.18012654824363883,OPC_GABA_like_tumor,IDH_WT,7436,0,0,1,
MAPK8,0.17990116614357549,TAM1/TAM2/microglia,IDH_Mutant,7437,0,0,1,
SMG7,0.17985830166795252,TAM1/TAM2/microglia,IDH_Mutant,7438,0,0,1,
CXADR,0.17973377762308446,OPC_GABA_like_tumor,IDH_WT,7439,0,0,1,
KIAA0895,0.17963798721326749,OPC_GABA_like_tumor,IDH_WT,7440,0,0,1,
ABCB8,0.1793047075240369,OPC_GABA_like_tumor,IDH_WT,7441,0,0,1,
ACOT7,0.1793040482808086,OPC_GABA_like_tumor,IDH_Mutant,7442,0,0,1,
NET1,0.17926985157975245,TAM1/TAM2/microglia,IDH_WT,7443,0,0,1,
RIOK2,0.17924343005674057,cycling_tumor,IDH_WT,7444,0,0,1,
PARP2,0.17922151323557414,cycling_tumor,IDH_Mutant,7445,0,0,1,
ZNF107,0.17907754640836335,OPC_GABA_like_tumor,IDH_WT,7446,0,0,1,
HIST1H2AL,0.1789017225789445,cycling_tumor,IDH_WT,7447,0,0,0,
PELO,0.17879990026699608,OPC_GABA_like_tumor,IDH_WT,7448,0,0,1,
ARHGAP33,0.17877300666344398,cycling_tumor,IDH_WT,7449,0,0,1,
CMTR1,0.17865352930317735,OPC_GABA_like_tumor,IDH_WT,7450,0,0,1,
ZFP82,0.1786374722904252,OPC_GABA_like_tumor,IDH_WT,7451,0,0,1,
COL9A1,0.17860596112503502,cycling_tumor,IDH_WT,7452,0,0,1,
MAK16,0.17826683864338752,OPC_GABA_like_tumor,IDH_WT,7453,0,0,1,
POLDIP3,0.17790981276197712,OPC_GABA_like_tumor,IDH_WT,7454,0,0,1,
DUSP16,0.17767996709934675,TAM1/TAM2/microglia,IDH_Mutant,7455,0,0,1,
SRD5A3,0.1776388910064987,OPC_GABA_like_tumor,IDH_WT,7456,0,0,1,
MRGBP,0.17760738582359353,OPC_GABA_like_tumor,IDH_WT,7457,0,0,1,
B3GALNT1,0.1770723952994354,OPC_GABA_like_tumor,IDH_WT,7458,0,0,1,
SENP2,0.17698119446731989,OPC_GABA_like_tumor,IDH_WT,7459,0,0,1,
SCAF4,0.17686407519939856,TAM1/TAM2/microglia,IDH_Mutant,7460,0,0,1,
HIST1H2AG,0.17678287892966776,cycling_tumor,IDH_WT,7461,0,0,0,
ST5,0.17669543803179097,OPC_GABA_like_tumor,IDH_WT,7462,0,0,1,
PIK3R3,0.17661310198380056,OPC_GABA_like_tumor,IDH_WT,7463,0,0,1,
MRPL22,0.17659684263162237,cycling_tumor,IDH_WT,7464,0,0,0,
PSMD5,0.17656791792557208,OPC_GABA_like_tumor,IDH_WT,7465,0,0,1,
MRPL2,0.17633064747087346,cycling_tumor,IDH_Mutant,7466,0,0,0,
MRPL4,0.17630067013740924,cycling_tumor,IDH_WT,7467,0,0,0,
ESCO2,0.17627039253578014,cycling_tumor,IDH_WT,7468,0,0,1,
TMEM184B,0.17611055253347402,OPC_GABA_like_tumor,IDH_WT,7469,0,0,1,
ANKRD13A,0.175887285933446,TAM1/TAM2/microglia,IDH_WT,7470,0,0,1,
TIMELESS,0.1758539676806376,cycling_tumor,IDH_WT,7471,0,0,1,
MTERF2,0.1757928646218117,OPC_GABA_like_tumor,IDH_WT,7472,0,0,1,
ARHGAP27,0.1753942559130796,TAM1/TAM2/microglia,IDH_WT,7473,0,0,1,
ISY1,0.1753549449586162,OPC_GABA_like_tumor,IDH_WT,7474,0,0,1,
NIPSNAP1,0.17514896263473792,OPC_GABA_like_tumor,IDH_WT,7475,0,0,1,
TMEM189,0.1747326259096212,OPC_GABA_like_tumor,IDH_WT,7476,0,0,1,
ORC6,0.17447947750213824,OPC_GABA_like_tumor,IDH_WT,7477,0,0,1,
UQCRFS1,0.17388055646284967,cycling_tumor,IDH_Mutant,7478,0,0,0,
HEXDC,0.17377108661332313,OPC_GABA_like_tumor,IDH_Mutant,7479,0,0,1,
TMEM117,0.1737341389617585,TAM1/TAM2/microglia,IDH_Mutant,7480,0,0,1,
ZNF25,0.17357656839316815,OPC_GABA_like_tumor,IDH_Mutant,7481,0,0,1,
TLR10,0.17355671787672206,TAM1/TAM2/microglia,IDH_Mutant,7482,0,0,1,
RNF214,0.1735180759253248,AC_like_tumor,IDH_Mutant,7483,0,0,1,
TM7SF2,0.17345514521356556,OPC_GABA_like_tumor,IDH_WT,7484,0,0,1,
CA10,0.17337117633684448,OPC_GABA_like_tumor,IDH_Mutant,7485,0,0,1,
FAM193A,0.17308854556024145,TAM1/TAM2/microglia,IDH_Mutant,7486,0,0,1,
SLC37A3,0.1730738622673492,OPC_GABA_like_tumor,IDH_WT,7487,0,0,1,
PLXNB1,0.1729967969890039,OPC_GABA_like_tumor,IDH_WT,7488,0,0,1,
CHMP1A,0.1728665339750171,cycling_tumor,IDH_WT,7489,0,0,1,
DNAAF5,0.17284496197805477,OPC_GABA_like_tumor,IDH_WT,7490,0,0,1,
SENP5,0.17278943262146032,TAM1/TAM2/microglia,IDH_Mutant,7491,0,0,1,
IFFO1,0.1726412810651696,OPC_GABA_like_tumor,IDH_WT,7492,0,0,1,
IGF2BP2,0.17255015775708699,cycling_tumor,IDH_WT,7493,0,0,1,
PKD1,0.172291669756112,OPC_GABA_like_tumor,IDH_Mutant,7494,0,0,1,
REPS2,0.17213021157131297,AC_like_tumor,IDH_Mutant,7495,0,0,1,
ZNF383,0.1719205154869337,OPC_GABA_like_tumor,IDH_WT,7496,0,0,1,
WDR18,0.1718615290891741,cycling_tumor,IDH_WT,7497,0,0,1,
SDE2,0.17185814825149112,cycling_tumor,IDH_WT,7498,0,0,1,
LINC01220,0.17173642886152937,TAM1/TAM2/microglia,IDH_Mutant,7499,0,0,1,
MSL2,0.17134044959487235,TAM1/TAM2/microglia,IDH_Mutant,7500,0,0,1,
ANK3,0.17133635761445357,OPC_GABA_like_tumor,IDH_Mutant,7501,0,0,1,
PSTK,0.17128898687224706,cycling_tumor,IDH_WT,7502,0,0,1,
LIX1L,0.17126315744847315,OPC_GABA_like_tumor,IDH_WT,7503,0,0,1,
AL161935.3,0.1711451155107364,OPC_GABA_AC_like_tumor,IDH_WT,7504,0,0,1,
CCNA2,0.1710709112310025,cycling_tumor,IDH_Mutant,7505,0,0,1,
KHDC1,0.17071088723461111,OPC_GABA_like_tumor,IDH_WT,7506,0,0,1,
PDHA1,0.1706686717518018,cycling_tumor,IDH_WT,7507,0,0,1,
TXNL4B,0.17059532227375615,cycling_tumor,IDH_WT,7508,0,0,1,
AC044849.1,0.17045580801294102,OPC_GABA_like_tumor,IDH_WT,7509,0,0,1,
FAM3A,0.1703889632232263,OPC_GABA_like_tumor,IDH_WT,7510,0,0,1,
RNGTT,0.17036712150730776,cycling_tumor,IDH_WT,7511,0,0,1,
TTBK2,0.1703637748752899,TAM1/TAM2/microglia,IDH_Mutant,7512,0,0,1,
E2F5,0.17028066436717526,cycling_tumor,IDH_WT,7513,0,0,1,
SLC33A1,0.17019984652310544,OPC_GABA_like_tumor,IDH_WT,7514,0,0,1,
EBI3,0.17013236780896995,TAM1/TAM2/microglia,IDH_WT,7515,0,0,1,
SMAD3,0.17011043751119798,TAM1/TAM2/microglia,IDH_Mutant,7516,0,0,1,
AL139393.2,0.17002622420277594,cycling_tumor,IDH_WT,7517,0,0,1,
TRIM9,0.16993585266247532,cycling_tumor,IDH_Mutant,7518,0,0,1,
UBXN8,0.16980941113052242,OPC_GABA_like_tumor,IDH_WT,7519,0,0,1,
SNX8,0.16936447027160054,cycling_tumor,IDH_WT,7520,0,0,1,
HNRNPA1,0.1691344923610626,AC_like_tumor,IDH_Mutant,7521,0,0,1,
WDR62,0.1690147788521113,cycling_tumor,IDH_WT,7522,0,0,1,
MED23,0.16878893285845764,cycling_tumor,IDH_WT,7523,0,0,1,
SYNJ2BP,0.16870965378640648,cycling_tumor,IDH_Mutant,7524,0,0,1,
BEX1,0.1685948888143549,AC_like_tumor,IDH_Mutant,7525,0,0,1,
STAU2,0.16853757841861758,TAM1/TAM2/microglia,IDH_Mutant,7526,0,0,1,
USP18,0.16849970003907044,cycling_tumor,IDH_WT,7527,0,0,1,
FBXL12,0.16827710066939433,OPC_GABA_like_tumor,IDH_WT,7528,0,0,1,
CECR2,0.16823872262401332,TAM1/TAM2/microglia,IDH_Mutant,7529,0,0,1,
NUP188,0.16818908723100207,OPC_GABA_like_tumor,IDH_WT,7530,0,0,1,
POLB,0.16811883683452766,OPC_GABA_like_tumor,IDH_WT,7531,0,0,1,
DEPDC1,0.16808740097225558,cycling_tumor,IDH_WT,7532,0,0,1,
ZNF680,0.16808523943447748,cycling_tumor,IDH_WT,7533,0,0,1,
MCAM,0.16797814006611808,OPC_GABA_like_tumor,IDH_WT,7534,0,0,1,
NUCKS1,0.16791724963196158,cycling_tumor,IDH_Mutant,7535,0,0,1,
MCM10,0.16783757790418963,cycling_tumor,IDH_WT,7536,0,0,1,
ATAD3A,0.16770903765432252,OPC_GABA_like_tumor,IDH_WT,7537,0,0,1,
GLI4,0.1673670225967195,OPC_GABA_like_tumor,IDH_WT,7538,0,0,1,
POMT2,0.16736110091126627,cycling_tumor,IDH_WT,7539,0,0,1,
CPNE3,0.16719172902423093,cycling_tumor,IDH_Mutant,7540,0,0,1,
SNAP47,0.16686899545284734,cycling_tumor,IDH_WT,7541,0,0,1,
DLGAP5,0.16686063344083862,cycling_tumor,IDH_WT,7542,0,0,1,
ABHD4,0.16667569198553447,OPC_GABA_like_tumor,IDH_WT,7543,0,0,1,
ECT2,0.16656325337727723,cycling_tumor,IDH_Mutant,7544,0,0,1,
PRKCE,0.16649842378563648,TAM1/TAM2/microglia,IDH_Mutant,7545,0,0,1,
AL691432.2,0.16637036258379082,cycling_tumor,IDH_WT,7546,0,0,1,
MAPK8IP2,0.1662424412537879,OPC_GABA_like_tumor,IDH_Mutant,7547,0,0,1,
LAMA4,0.16602860562368862,cycling_tumor,IDH_WT,7548,0,0,1,
MCMBP,0.16598425465759317,cycling_tumor,IDH_WT,7549,0,0,1,
SF3A2,0.16596795558262428,cycling_tumor,IDH_Mutant,7550,0,0,1,
ZFP37,0.1658450422603399,OPC_GABA_like_tumor,IDH_Mutant,7551,0,0,1,
KCND3,0.1658296204232489,OPC_GABA_like_tumor,IDH_Mutant,7552,0,0,1,
LMAN2,0.16582453833233163,cycling_tumor,IDH_WT,7553,0,0,1,
EYA3,0.16578992983850896,TAM1/TAM2/microglia,IDH_Mutant,7554,0,0,1,
AC090114.2,0.1656981140451287,OPC_GABA_like_tumor,IDH_Mutant,7555,0,0,1,
BMP8B,0.16557149266179427,OPC_GABA_like_tumor,IDH_WT,7556,0,0,1,
PCED1B,0.16533150132378724,TAM1/TAM2/microglia,IDH_Mutant,7557,0,0,1,
CCNQ,0.16521785724418922,cycling_tumor,IDH_WT,7558,0,0,1,
CDH13,0.1651290982022611,OPC_GABA_like_tumor,IDH_Mutant,7559,0,0,1,
TRMO,0.16505212930287297,TAM1/TAM2/microglia,IDH_Mutant,7560,0,0,1,
KMT2E-AS1,0.16504696471304633,OPC_GABA_like_tumor,IDH_WT,7561,0,0,1,
RABEPK,0.1649809782788349,OPC_GABA_like_tumor,IDH_WT,7562,0,0,1,
RPS24,0.16495078227970764,TAM1/TAM2/microglia,IDH_Mutant,7563,0,0,0,
AL021453.1,0.16473742087804094,OPC_GABA_like_tumor,IDH_WT,7564,0,0,1,
CNOT3,0.16472289399388035,cycling_tumor,IDH_WT,7565,0,0,1,
PXN-AS1,0.16453463300508173,OPC_GABA_like_tumor,IDH_Mutant,7566,0,0,1,
NRF1,0.1645064322081867,TAM1/TAM2/microglia,IDH_Mutant,7567,0,0,1,
AL133465.1,0.16436939090502456,cycling_tumor,IDH_Mutant,7568,0,0,1,
SP140,0.16435712979266398,TAM1/TAM2/microglia,IDH_Mutant,7569,0,0,1,
TRAF3IP1,0.164122165083917,OPC_GABA_like_tumor,IDH_WT,7570,0,0,1,
SCN3B,0.16395113998041616,cycling_tumor,IDH_Mutant,7571,0,0,1,
COPS7B,0.16375517446506566,OPC_GABA_like_tumor,IDH_WT,7572,0,0,1,
AP002360.1,0.16364225147943454,OPC_GABA_like_tumor,IDH_WT,7573,0,0,1,
PET117,0.1635996246683312,cycling_tumor,IDH_Mutant,7574,0,0,1,
SEC24D,0.16355372669490725,TAM1/TAM2/microglia,IDH_Mutant,7575,0,0,1,
PAQR4,0.16353735927481192,cycling_tumor,IDH_WT,7576,0,0,1,
COLGALT2,0.16270573235474334,cycling_tumor,IDH_Mutant,7577,0,0,1,
DHODH,0.1625500194358401,OPC_GABA_like_tumor,IDH_WT,7578,0,0,1,
MLST8,0.16239464178716337,cycling_tumor,IDH_WT,7579,0,0,1,
RBBP5,0.16226757589958235,OPC_GABA_like_tumor,IDH_WT,7580,0,0,1,
ERV3-1,0.16222824307978181,OPC_GABA_like_tumor,IDH_WT,7581,0,0,1,
STX1B,0.1621558666659158,OPC_GABA_like_tumor,IDH_Mutant,7582,0,0,1,
URB1,0.16203596018940192,OPC_GABA_like_tumor,IDH_WT,7583,0,0,1,
TPPP3,0.16190970478347866,cycling_tumor,IDH_WT,7584,0,0,1,
ARL10,0.1617258961545362,OPC_GABA_like_tumor,IDH_Mutant,7585,0,0,1,
PLK4,0.16167375895069566,cycling_tumor,IDH_WT,7586,0,0,1,
DDX11,0.16165658769978403,OPC_GABA_like_tumor,IDH_WT,7587,0,0,1,
TOM1,0.1616333398118345,TAM1/TAM2/microglia,IDH_Mutant,7588,0,0,1,
UAP1,0.16159999138531997,OPC_GABA_like_tumor,IDH_WT,7589,0,0,1,
C9orf40,0.16137500570224292,cycling_tumor,IDH_WT,7590,0,0,1,
CLGN,0.1612179341575612,cycling_tumor,IDH_Mutant,7591,0,0,1,
N4BP1,0.16113464929761043,OPC_GABA_like_tumor,IDH_WT,7592,0,0,1,
SYNJ1,0.16100184096373063,TAM1/TAM2/microglia,IDH_Mutant,7593,0,0,1,
SLITRK2,0.16093635315622254,cycling_tumor,IDH_WT,7594,0,0,1,
F12,0.16087734571167095,OPC_GABA_like_tumor,IDH_WT,7595,0,0,1,
HIST1H2BC,0.16083868038338817,cycling_tumor,IDH_WT,7596,0,0,0,
RBAK,0.16080781825665708,OPC_GABA_like_tumor,IDH_WT,7597,0,0,1,
ADAL,0.16056502315600374,cycling_tumor,IDH_WT,7598,0,0,1,
MBTD1,0.16054275901823983,OPC_GABA_like_tumor,IDH_Mutant,7599,0,0,1,
PHF8,0.16052895009407164,OPC_GABA_like_tumor,IDH_WT,7600,0,0,1,
SLITRK5,0.1605191870734823,cycling_tumor,IDH_Mutant,7601,0,0,1,
BIRC5,0.16044958276719773,cycling_tumor,IDH_Mutant,7602,0,0,1,
UGDH,0.1601575996459189,OPC_GABA_like_tumor,IDH_Mutant,7603,0,0,1,
ACTR1A,0.16006699133692448,OPC_GABA_like_tumor,IDH_WT,7604,0,0,1,
TYW1,0.15989038941217124,OPC_GABA_like_tumor,IDH_WT,7605,0,0,1,
CEP164,0.1598861215377153,OPC_GABA_like_tumor,IDH_WT,7606,0,0,1,
NUF2,0.15984849416409896,cycling_tumor,IDH_WT,7607,0,0,1,
RASL11B,0.1596479178073783,OPC_GABA_like_tumor,IDH_WT,7608,0,0,1,
OSGEPL1,0.1596272196420098,OPC_GABA_like_tumor,IDH_WT,7609,0,0,1,
XPO7,0.15950060161357135,cycling_tumor,IDH_WT,7610,0,0,1,
NRM,0.15928014558772383,cycling_tumor,IDH_WT,7611,0,0,1,
TMEM52B,0.15911203204653646,TAM1/TAM2/microglia,IDH_Mutant,7612,0,0,1,
POLI,0.1590669224857809,OPC_GABA_like_tumor,IDH_WT,7613,0,0,1,
CROCC,0.1589649480791165,TAM1/TAM2/microglia,IDH_Mutant,7614,0,0,1,
TUBB4A,0.15893688236437079,OPC_GABA_like_tumor,IDH_WT,7615,0,0,1,
ATR,0.15887589914861358,TAM1/TAM2/microglia,IDH_Mutant,7616,0,0,1,
CXXC1,0.15882927140427008,OPC_GABA_like_tumor,IDH_WT,7617,0,0,1,
RUBCNL,0.15870699636698354,TAM1/TAM2/microglia,IDH_Mutant,7618,0,0,1,
NEURL1B,0.1586024673931114,OPC_GABA_like_tumor,IDH_WT,7619,0,0,1,
FOXK1,0.158498717092801,OPC_GABA_like_tumor,IDH_WT,7620,0,0,1,
FCAR,0.15844234107064914,TAM1/TAM2/microglia,IDH_Mutant,7621,0,0,1,
KBTBD8,0.15829021804042914,TAM1/TAM2/microglia,IDH_WT,7622,0,0,1,
AFF3,0.1582546225013246,cycling_tumor,IDH_Mutant,7623,0,0,1,
AL365273.2,0.15825098136115506,TAM1/TAM2/microglia,IDH_Mutant,7624,0,0,1,
CCDC32,0.15803636616756694,cycling_tumor,IDH_WT,7625,0,0,1,
ONECUT2,0.15796767712648258,cycling_tumor,IDH_WT,7626,0,0,1,
LMBR1L,0.15794884178501817,OPC_GABA_like_tumor,IDH_Mutant,7627,0,0,1,
NISCH,0.15782522742379781,OPC_GABA_like_tumor,IDH_WT,7628,0,0,1,
CLCN6,0.15782419858863864,OPC_GABA_like_tumor,IDH_WT,7629,0,0,1,
LRRC58,0.15781602578066858,cycling_tumor,IDH_WT,7630,0,0,1,
TRIT1,0.15774231479595008,cycling_tumor,IDH_WT,7631,0,0,1,
DACT3,0.15773375451366883,OPC_GABA_like_tumor,IDH_Mutant,7632,0,0,1,
TMEM163,0.1577115589512102,cycling_tumor,IDH_WT,7633,0,0,1,
MKRN2,0.15760647003309353,cycling_tumor,IDH_WT,7634,0,0,1,
STOX2,0.15760408218206873,OPC_GABA_like_tumor,IDH_Mutant,7635,0,0,1,
ZNF605,0.1574184953439707,OPC_GABA_like_tumor,IDH_Mutant,7636,0,0,1,
HMBS,0.1573122180932208,OPC_GABA_like_tumor,IDH_WT,7637,0,0,1,
ATP6V0A2,0.15725717666302672,cycling_tumor,IDH_WT,7638,0,0,1,
BCAS1,0.1562394657682816,cycling_tumor,IDH_WT,7639,0,0,1,
NAT10,0.15613880535696664,OPC_GABA_like_tumor,IDH_WT,7640,0,0,1,
MAPK10,0.1560455653969497,cycling_tumor,IDH_Mutant,7641,0,0,1,
C11orf24,0.15574543655697518,cycling_tumor,IDH_WT,7642,0,0,1,
UBE3B,0.15573497420749552,OPC_GABA_like_tumor,IDH_WT,7643,0,0,1,
NCOA6,0.15572339819409736,OPC_GABA_like_tumor,IDH_WT,7644,0,0,1,
ZNF197,0.15566927189703209,cycling_tumor,IDH_WT,7645,0,0,1,
ZNF570,0.15565385058867875,OPC_GABA_like_tumor,IDH_WT,7646,0,0,1,
MPV17L2,0.15564231824019628,OPC_GABA_like_tumor,IDH_WT,7647,0,0,1,
RFWD3,0.15551403569114086,cycling_tumor,IDH_WT,7648,0,0,1,
HSPA4L,0.1554481215114122,cycling_tumor,IDH_WT,7649,0,0,1,
C9orf85,0.15540543883334546,OPC_GABA_like_tumor,IDH_WT,7650,0,0,1,
PCDHGB7,0.1551275070569483,OPC_GABA_like_tumor,IDH_WT,7651,0,0,1,
TMCO1,0.1548671342121334,cycling_tumor,IDH_Mutant,7652,0,0,1,
PAXIP1,0.1548575133817067,OPC_GABA_like_tumor,IDH_WT,7653,0,0,1,
PES1,0.15485111765455856,OPC_GABA_like_tumor,IDH_WT,7654,0,0,1,
EIF3J-DT,0.15481068135213952,cycling_tumor,IDH_Mutant,7655,0,0,0,
CEP83,0.15477973374438897,AC_like_tumor,IDH_Mutant,7656,0,0,1,
BAMBI,0.15474467664052813,OPC_GABA_like_tumor,IDH_WT,7657,0,0,1,
ZNF737,0.15465673305310138,OPC_GABA_like_tumor,IDH_Mutant,7658,0,0,1,
ZNF35,0.15456457984505068,OPC_GABA_like_tumor,IDH_WT,7659,0,0,1,
CDH19,0.15433004659933197,cycling_tumor,IDH_WT,7660,0,0,1,
TFEB,0.15425000619444368,OPC_GABA_like_tumor,IDH_WT,7661,0,0,1,
NCAPD2,0.15413578900958158,cycling_tumor,IDH_WT,7662,0,0,1,
ARMC6,0.15386918545068706,OPC_GABA_like_tumor,IDH_WT,7663,0,0,1,
RXRB,0.15352592752168784,cycling_tumor,IDH_WT,7664,0,0,1,
NDRG3,0.15328813116894463,OPC_GABA_like_tumor,IDH_WT,7665,0,0,1,
SLC7A6,0.1531277332938209,TAM1/TAM2/microglia,IDH_Mutant,7666,0,0,1,
CARMIL1,0.1530505499139963,TAM1/TAM2/microglia,IDH_Mutant,7667,0,0,1,
APEH,0.1530249461603856,OPC_GABA_like_tumor,IDH_WT,7668,0,0,1,
BCOR,0.1528837051212283,cycling_tumor,IDH_WT,7669,0,0,1,
S100PBP,0.15283045067901194,TAM1/TAM2/microglia,IDH_Mutant,7670,0,0,1,
GEMIN2,0.15278948443593704,cycling_tumor,IDH_WT,7671,0,0,1,
C3orf62,0.15262246493497983,TAM1/TAM2/microglia,IDH_Mutant,7672,0,0,1,
SDCBP2,0.1525187809899871,OPC_GABA_like_tumor,IDH_WT,7673,0,0,1,
RAB27B,0.15202142220180306,cycling_tumor,IDH_Mutant,7674,0,0,1,
PYCR1,0.15200726593413907,OPC_GABA_like_tumor,IDH_WT,7675,0,0,1,
ARHGAP5-AS1,0.1519344123451797,cycling_tumor,IDH_WT,7676,0,0,1,
ZKSCAN5,0.15191932064449765,OPC_GABA_like_tumor,IDH_WT,7677,0,0,1,
ZC3H7B,0.15173010615207688,cycling_tumor,IDH_WT,7678,0,0,1,
RFT1,0.15168706440893504,OPC_GABA_like_tumor,IDH_WT,7679,0,0,1,
RPS6KC1,0.15166203475144008,TAM1/TAM2/microglia,IDH_Mutant,7680,0,0,0,
EPHB1,0.15153331283748556,cycling_tumor,IDH_WT,7681,0,0,1,
ZNF486,0.1514764228704224,cycling_tumor,IDH_WT,7682,0,0,1,
RBMX2,0.1513559780028077,cycling_tumor,IDH_Mutant,7683,0,0,1,
ZNF664,0.15132393881719322,OPC_GABA_like_tumor,IDH_WT,7684,0,0,1,
FBXL16,0.15122258875429434,OPC_GABA_like_tumor,IDH_Mutant,7685,0,0,1,
GPAT4,0.15117406118119825,cycling_tumor,IDH_WT,7686,0,0,1,
SLC41A3,0.15104891180369778,OPC_GABA_like_tumor,IDH_WT,7687,0,0,1,
ASNSD1,0.15088219402293482,cycling_tumor,IDH_Mutant,7688,0,0,1,
SIK2,0.15086170371281918,TAM1/TAM2/microglia,IDH_Mutant,7689,0,0,1,
LINC01089,0.15079970883556051,OPC_GABA_like_tumor,IDH_Mutant,7690,0,0,1,
PINX1.1,0.15073794583394468,OPC_GABA_like_tumor,IDH_WT,7691,0,0,1,
RC3H2,0.15046146674610364,OPC_GABA_like_tumor,IDH_WT,7692,0,0,1,
SERTAD3,0.1503827699781949,OPC_GABA_like_tumor,IDH_WT,7693,0,0,1,
TSR1,0.15035199524152681,OPC_GABA_like_tumor,IDH_Mutant,7694,0,0,1,
SCAMP1-AS1,0.1501983237873103,cycling_tumor,IDH_WT,7695,0,0,1,
PDSS2,0.15013262756491436,TAM1/TAM2/microglia,IDH_Mutant,7696,0,0,1,
FLOT2,0.1499539242388636,OPC_GABA_like_tumor,IDH_WT,7697,0,0,1,
CRY1,0.14987877141650127,OPC_GABA_like_tumor,IDH_WT,7698,0,0,1,
APOM,0.14974672978174502,cycling_tumor,IDH_WT,7699,0,0,1,
NPHP3,0.14960822183008388,OPC_GABA_like_tumor,IDH_WT,7700,0,0,1,
RASSF1,0.14938948684581405,OPC_GABA_like_tumor,IDH_WT,7701,0,0,1,
PYM1,0.1493804302486522,cycling_tumor,IDH_WT,7702,0,0,1,
CARD11,0.14932630514412507,TAM1/TAM2/microglia,IDH_Mutant,7703,1,0,0,
CBX2,0.1491542735597182,cycling_tumor,IDH_WT,7704,0,0,1,
PCYT1A,0.14914231687482005,OPC_GABA_like_tumor,IDH_WT,7705,0,0,1,
PPP1R8,0.14895514276334937,cycling_tumor,IDH_WT,7706,0,0,1,
KLHDC4,0.1489367889969785,cycling_tumor,IDH_WT,7707,0,0,1,
PRMT6,0.14892024225778636,OPC_GABA_like_tumor,IDH_WT,7708,0,0,1,
SORBS3,0.14891131237110114,OPC_GABA_like_tumor,IDH_WT,7709,0,0,1,
KCTD5,0.14887455577032077,TAM1/TAM2/microglia,IDH_Mutant,7710,0,0,1,
C19orf57,0.14863686577717586,cycling_tumor,IDH_Mutant,7711,0,0,1,
SVIP,0.14863556089436414,OPC_GABA_like_tumor,IDH_WT,7712,0,0,1,
NUMBL,0.14862881712469794,OPC_GABA_like_tumor,IDH_WT,7713,0,0,1,
BLZF1,0.14847569355942475,OPC_GABA_like_tumor,IDH_WT,7714,0,0,1,
HOMER1,0.1482025122197401,TAM1/TAM2/microglia,IDH_Mutant,7715,0,0,1,
SPATA5,0.14818078409821872,TAM1/TAM2/microglia,IDH_Mutant,7716,0,0,1,
VRK2,0.1480419985371339,TAM1/TAM2/microglia,IDH_Mutant,7717,0,0,1,
GNAL,0.1480198497836353,cycling_tumor,IDH_Mutant,7718,0,0,1,
DHCR24,0.14784809215536748,OPC_GABA_like_tumor,IDH_WT,7719,0,0,1,
NSDHL,0.14783437088305246,OPC_GABA_like_tumor,IDH_WT,7720,0,0,1,
SLC27A4,0.1478156699386838,cycling_tumor,IDH_WT,7721,0,0,1,
AC245060.5,0.1476872666659899,OPC_GABA_like_tumor,IDH_Mutant,7722,0,0,1,
MTA3,0.14765984845303223,OPC_GABA_like_tumor,IDH_WT,7723,0,0,1,
DAPK3,0.14751329389958776,OPC_GABA_like_tumor,IDH_WT,7724,0,0,1,
DCAF11,0.1473481170621296,OPC_GABA_like_tumor,IDH_WT,7725,0,0,1,
KANSL1L,0.14716300733863896,TAM1/TAM2/microglia,IDH_Mutant,7726,0,0,1,
KIAA1841,0.1471274107502817,cycling_tumor,IDH_Mutant,7727,0,0,1,
NEXMIF,0.14704281910534794,OPC_GABA_like_tumor,IDH_WT,7728,0,0,1,
PDE12,0.14698116901906827,OPC_GABA_like_tumor,IDH_WT,7729,0,0,1,
IRAK1BP1,0.1469024370995411,cycling_tumor,IDH_WT,7730,0,0,1,
PXK,0.14686865737091206,OPC_GABA_like_tumor,IDH_Mutant,7731,0,0,1,
AZGP1,0.14684647757941177,OPC_GABA_like_tumor,IDH_WT,7732,0,0,1,
CD3EAP,0.14680448729696888,OPC_GABA_like_tumor,IDH_WT,7733,0,0,1,
CLASRP,0.14663975110231925,TAM1/TAM2/microglia,IDH_Mutant,7734,0,0,1,
RAP1GAP2,0.14657949616659233,TAM1/TAM2/microglia,IDH_Mutant,7735,0,0,1,
EEF1A2,0.14650475846201608,OPC_GABA_AC_like_tumor,IDH_WT,7736,0,0,0,
COPG2,0.14647226762768073,OPC_GABA_like_tumor,IDH_WT,7737,0,0,1,
MFSD12,0.14613668917926598,OPC_GABA_like_tumor,IDH_WT,7738,0,0,1,
TTLL7,0.14611168418984016,OPC_GABA_like_tumor,IDH_WT,7739,0,0,1,
CENPT,0.14603688983702248,OPC_GABA_like_tumor,IDH_WT,7740,0,0,1,
IGF2BP3,0.14580613944156967,cycling_tumor,IDH_WT,7741,0,0,1,
NKIRAS1,0.1455012902824305,cycling_tumor,IDH_WT,7742,0,0,1,
TK1,0.14532674705166015,cycling_tumor,IDH_WT,7743,0,0,1,
GTSE1,0.14529108971592208,cycling_tumor,IDH_Mutant,7744,0,0,1,
PCNT,0.14515400832356953,cycling_tumor,IDH_Mutant,7745,0,0,1,
STT3A,0.14501099004331594,OPC_GABA_like_tumor,IDH_WT,7746,0,0,1,
SLC37A2,0.1447974847513533,TAM1/TAM2/microglia,IDH_Mutant,7747,0,0,1,
FAM155A,0.14438648935498918,cycling_tumor,IDH_Mutant,7748,0,0,1,
MMP17,0.14425330407496065,cycling_tumor,IDH_WT,7749,0,0,1,
PODXL,0.14421856353797527,OPC_GABA_like_tumor,IDH_WT,7750,0,0,1,
POU3F4,0.14416083364900878,cycling_tumor,IDH_Mutant,7751,0,0,1,
SLC7A6OS,0.14414460955173197,cycling_tumor,IDH_WT,7752,0,0,1,
ZNF483,0.14408559745724578,OPC_GABA_like_tumor,IDH_WT,7753,0,0,1,
TMSB15A,0.1439659074889476,AC_like_tumor,IDH_WT,7754,0,0,1,
PTPRD,0.1439301796504487,cycling_tumor,IDH_WT,7755,0,0,1,
EFNA1,0.14371969648945557,OPC_GABA_like_tumor,IDH_WT,7756,0,0,1,
ROGDI,0.14351732050789598,OPC_GABA_like_tumor,IDH_WT,7757,0,0,1,
ATMIN,0.1434496353265413,cycling_tumor,IDH_Mutant,7758,0,0,1,
SPOPL,0.14337619747959615,cycling_tumor,IDH_WT,7759,0,0,1,
LNX1,0.1432912013746781,OPC_GABA_like_tumor,IDH_WT,7760,0,0,1,
PIP4K2B,0.14327325466136387,OPC_GABA_like_tumor,IDH_WT,7761,0,0,1,
FGL1,0.14324254334429556,TAM1/TAM2/microglia,IDH_Mutant,7762,0,0,1,
MAIP1,0.1432290055868227,OPC_GABA_like_tumor,IDH_WT,7763,0,0,1,
MAP3K3,0.14313587809102749,TAM1/TAM2/microglia,IDH_WT,7764,0,0,1,
MSTO1,0.14313073665906403,OPC_GABA_like_tumor,IDH_WT,7765,0,0,1,
KEAP1,0.1430974910009372,cycling_tumor,IDH_WT,7766,0,0,1,
ZNF227,0.14307422932388741,OPC_GABA_like_tumor,IDH_WT,7767,0,0,1,
TECPR1,0.14278380644382935,OPC_GABA_like_tumor,IDH_WT,7768,0,0,1,
TELO2,0.14265878669757637,cycling_tumor,IDH_WT,7769,0,0,1,
ABHD17B,0.14253694073371512,cycling_tumor,IDH_WT,7770,0,0,1,
TIMM21,0.14237238627922982,OPC_GABA_like_tumor,IDH_WT,7771,0,0,1,
ACVR2A,0.14227833951978736,OPC_GABA_like_tumor,IDH_Mutant,7772,0,0,1,
CREB3L4,0.14193294611733914,cycling_tumor,IDH_Mutant,7773,0,0,1,
TTTY15,0.14183530876598466,cycling_tumor,IDH_WT,7774,0,0,1,
COQ5,0.14181027423203071,OPC_GABA_like_tumor,IDH_Mutant,7775,0,0,1,
CLSPN,0.14169222432536438,OPC_GABA_like_tumor,IDH_WT,7776,0,0,1,
FAM98C,0.14128968985440554,cycling_tumor,IDH_WT,7777,0,0,1,
DOLPP1,0.1411913104195896,cycling_tumor,IDH_WT,7778,0,0,1,
DNAJC30,0.14107302216221512,cycling_tumor,IDH_WT,7779,0,0,1,
RRP12,0.14103787067613874,TAM1/TAM2/microglia,IDH_Mutant,7780,0,0,1,
DCAF16,0.14097708028021239,OPC_GABA_like_tumor,IDH_Mutant,7781,0,0,1,
PIEZO1,0.14088050254115497,TAM1/TAM2/microglia,IDH_Mutant,7782,0,0,1,
RHOT2,0.14076287573996749,cycling_tumor,IDH_WT,7783,0,0,1,
C17orf75,0.14057326949135426,OPC_GABA_like_tumor,IDH_WT,7784,0,0,1,
UBE2D2,0.1404180804127791,cycling_tumor,IDH_Mutant,7785,0,0,1,
FBXO33,0.14034686832950444,OPC_GABA_like_tumor,IDH_WT,7786,0,0,1,
HIST1H1B,0.14018040800174242,OPC_GABA_like_tumor,IDH_WT,7787,0,0,0,
BCL10,0.14017418803645637,OPC_GABA_like_tumor,IDH_WT,7788,1,0,0,
DXO,0.14011834433806708,OPC_GABA_like_tumor,IDH_WT,7789,0,0,1,
MIR646HG,0.14010381885414447,TAM1/TAM2/microglia,IDH_Mutant,7790,0,0,1,
MSANTD3,0.13999102118221737,cycling_tumor,IDH_WT,7791,0,0,1,
DCAF17,0.13997101475888823,OPC_GABA_like_tumor,IDH_WT,7792,0,0,1,
KRBOX4,0.13994360438237624,OPC_GABA_like_tumor,IDH_WT,7793,0,0,1,
FREM2,0.1397260712392541,cycling_tumor,IDH_WT,7794,0,0,1,
TTI1,0.13952930493735982,OPC_GABA_like_tumor,IDH_WT,7795,0,0,1,
TUSC3,0.13945453989694845,cycling_tumor,IDH_Mutant,7796,0,0,1,
ERCC3,0.13938641840788946,OPC_GABA_like_tumor,IDH_WT,7797,0,0,1,
COA7,0.13936218650463922,OPC_GABA_like_tumor,IDH_WT,7798,0,0,1,
STX12,0.13915450921776082,cycling_tumor,IDH_WT,7799,0,0,1,
ATP10B,0.13900466267810913,OPC_GABA_like_tumor,IDH_WT,7800,0,0,1,
TMEM136,0.13886165501748693,cycling_tumor,IDH_Mutant,7801,0,0,1,
YTHDF1,0.138664708491146,cycling_tumor,IDH_WT,7802,0,0,1,
CERS5,0.13858704883054898,cycling_tumor,IDH_WT,7803,0,0,1,
MIGA1,0.1384800854465495,cycling_tumor,IDH_WT,7804,0,0,1,
ATRNL1,0.13846827451498872,cycling_tumor,IDH_WT,7805,0,0,1,
ACTR8,0.13837084609485156,OPC_GABA_like_tumor,IDH_WT,7806,0,0,1,
HIST1H1A,0.13828891379092617,cycling_tumor,IDH_WT,7807,0,0,0,
ZNF22,0.1382717999387386,OPC_GABA_like_tumor,IDH_WT,7808,0,0,1,
PDPK1,0.13816967822541426,cycling_tumor,IDH_WT,7809,0,0,1,
SLC25A44,0.13804861234462068,OPC_GABA_like_tumor,IDH_WT,7810,0,0,1,
ZBTB25,0.13802494076707364,OPC_GABA_like_tumor,IDH_WT,7811,0,0,1,
TATDN3,0.13793260190151407,OPC_GABA_like_tumor,IDH_WT,7812,0,0,1,
CU634019.6,0.1379302249434605,cycling_tumor,IDH_Mutant,7813,0,0,1,
CHD3,0.13778443115763223,OPC_GABA_like_tumor,IDH_Mutant,7814,0,0,1,
GPATCH1,0.1376636697825921,OPC_GABA_like_tumor,IDH_WT,7815,0,0,1,
AC020928.1,0.13760801586440452,OPC_GABA_like_tumor,IDH_WT,7816,0,0,1,
ATP13A5,0.13735870870256414,OPC_GABA_like_tumor,IDH_WT,7817,0,0,1,
ZNF620,0.13730291445924955,OPC_GABA_like_tumor,IDH_WT,7818,0,0,1,
PIM3,0.1371340558987487,OPC_GABA_like_tumor,IDH_Mutant,7819,0,0,1,
PRKCZ,0.13693350254803566,OPC_GABA_like_tumor,IDH_WT,7820,0,0,1,
BSDC1,0.13691706844775803,cycling_tumor,IDH_WT,7821,0,0,1,
HIST1H2BH,0.13675934750448712,cycling_tumor,IDH_WT,7822,0,0,0,
STK39,0.1365598389968528,cycling_tumor,IDH_WT,7823,0,0,1,
ZNF318,0.1364917621840716,OPC_GABA_like_tumor,IDH_WT,7824,0,0,1,
TPMT,0.13645982992049588,OPC_GABA_like_tumor,IDH_WT,7825,0,0,1,
CSMD1,0.13583180046715454,cycling_tumor,IDH_Mutant,7826,0,0,1,
OMA1,0.1357102413549523,cycling_tumor,IDH_WT,7827,0,0,1,
MEPCE,0.13546643903714659,cycling_tumor,IDH_Mutant,7828,0,0,1,
STRIP2,0.13526091450249803,cycling_tumor,IDH_WT,7829,0,0,1,
RAB39B,0.13517074125759568,OPC_GABA_like_tumor,IDH_Mutant,7830,0,0,1,
AIFM1,0.13481155704801456,OPC_GABA_like_tumor,IDH_WT,7831,0,0,1,
ST8SIA3,0.13475300733919568,cycling_tumor,IDH_Mutant,7832,0,0,1,
C5orf38,0.13473431737894453,cycling_tumor,IDH_Mutant,7833,0,0,1,
PTPN4,0.13458468616543365,AC_like_tumor,IDH_Mutant,7834,0,0,1,
TADA2A,0.13444294818897,OPC_GABA_like_tumor,IDH_WT,7835,0,0,1,
COASY,0.1343783185107533,OPC_GABA_like_tumor,IDH_WT,7836,0,0,1,
SYN1,0.1342963766218647,cycling_tumor,IDH_Mutant,7837,0,0,1,
CDC42,0.13428644756492586,OPC_GABA_like_tumor,IDH_WT,7838,0,0,1,
AL031777.3,0.13422293734120178,cycling_tumor,IDH_Mutant,7839,0,0,1,
THAP11,0.13401246599890823,cycling_tumor,IDH_Mutant,7840,0,0,1,
APOL2,0.13399673000186532,cycling_tumor,IDH_WT,7841,0,0,1,
SLC1A5,0.13364047241922278,TAM1/TAM2/microglia,IDH_WT,7842,0,0,1,
FAM171B,0.13349446951628463,OPC_GABA_like_tumor,IDH_WT,7843,0,0,1,
MEIS2,0.1334891096804744,cycling_tumor,IDH_WT,7844,0,0,1,
CD226,0.13346621219839547,TAM1/TAM2/microglia,IDH_Mutant,7845,0,0,1,
DHX33,0.133400056179216,OPC_GABA_like_tumor,IDH_WT,7846,0,0,1,
SOX12,0.13332577282008815,cycling_tumor,IDH_WT,7847,0,0,1,
RBMS3,0.13317516584321348,cycling_tumor,IDH_Mutant,7848,0,0,1,
GPR137C,0.13297194697732942,cycling_tumor,IDH_WT,7849,0,0,1,
ATAD1,0.13270880499176085,OPC_GABA_like_tumor,IDH_WT,7850,0,0,1,
RUNX1T1,0.1323962743684657,cycling_tumor,IDH_Mutant,7851,0,0,1,
CEND1,0.13238298066356985,OPC_GABA_like_tumor,IDH_Mutant,7852,0,0,1,
LRRK2,0.13236026032690734,OPC_GABA_like_tumor,IDH_WT,7853,0,0,1,
HACD2,0.13227317464784782,cycling_tumor,IDH_WT,7854,0,0,1,
ASPHD1,0.1322510325839944,cycling_tumor,IDH_Mutant,7855,0,0,1,
CDC25C,0.13220697390008487,cycling_tumor,IDH_WT,7856,0,0,1,
LINC01315,0.1320641154278285,cycling_tumor,IDH_WT,7857,0,0,1,
BTBD9,0.13206197652852392,TAM1/TAM2/microglia,IDH_Mutant,7858,0,0,1,
HMGB1,0.1320523689864161,cycling_tumor,IDH_Mutant,7859,0,0,1,
GOLGA5,0.13204180906842122,cycling_tumor,IDH_WT,7860,0,0,1,
KIT,0.1318787073895647,cycling_tumor,IDH_WT,7861,0,0,1,
KCTD17,0.13186507722935295,cycling_tumor,IDH_WT,7862,0,0,1,
RNFT2,0.1317349041544592,cycling_tumor,IDH_WT,7863,0,0,1,
ZBED3,0.13156996625497913,cycling_tumor,IDH_WT,7864,0,0,1,
ZDHHC20,0.13142069362812164,OPC_GABA_like_tumor,IDH_WT,7865,0,0,1,
CUEDC1,0.13139955340451512,cycling_tumor,IDH_WT,7866,0,0,1,
LRRC8D,0.1313994901674243,OPC_GABA_like_tumor,IDH_Mutant,7867,0,0,1,
USP49,0.13133424449710013,cycling_tumor,IDH_Mutant,7868,0,0,1,
AC025569.1,0.1313082488316977,TAM1/TAM2/microglia,IDH_Mutant,7869,0,0,1,
MB21D2,0.13129295599550417,TAM1/TAM2/microglia,IDH_Mutant,7870,0,0,1,
CRTAC1,0.1312795840058847,cycling_tumor,IDH_Mutant,7871,0,0,1,
PJA1,0.1311453730360322,OPC_GABA_like_tumor,IDH_Mutant,7872,0,0,1,
DPP9,0.1311139530284637,OPC_GABA_like_tumor,IDH_WT,7873,0,0,1,
B4GALT2,0.1310603193180967,cycling_tumor,IDH_Mutant,7874,0,0,1,
MIR497HG,0.13087246037790998,cycling_tumor,IDH_Mutant,7875,0,0,1,
GOLGA1,0.13083614503134816,cycling_tumor,IDH_WT,7876,0,0,1,
LARGE1,0.13081512250373012,cycling_tumor,IDH_WT,7877,0,0,1,
ZADH2,0.13081379465135645,cycling_tumor,IDH_WT,7878,0,0,1,
SNX27,0.13070604013256015,OPC_GABA_AC_like_tumor,IDH_WT,7879,1,0,0,
NBPF1,0.1307026937355189,OPC_GABA_like_tumor,IDH_WT,7880,0,0,1,
HIC2,0.1306760894971934,cycling_tumor,IDH_WT,7881,0,0,1,
AGPAT4,0.13067148730769657,cycling_tumor,IDH_WT,7882,0,0,1,
DNAJC18,0.13062760036919724,cycling_tumor,IDH_WT,7883,0,0,1,
EIF5A2,0.13044106723035606,cycling_tumor,IDH_WT,7884,0,0,0,
DNAJC24,0.13042465572778886,OPC_GABA_like_tumor,IDH_Mutant,7885,0,0,1,
PRPF19,0.130412134434632,cycling_tumor,IDH_Mutant,7886,0,0,1,
CNIH2,0.13030561206877664,cycling_tumor,IDH_WT,7887,0,0,1,
MIPOL1,0.1302726455543667,cycling_tumor,IDH_Mutant,7888,0,0,1,
TSPAN11,0.13021507119177836,OPC_GABA_like_tumor,IDH_WT,7889,0,0,1,
ARL4D,0.1301612455420749,OPC_GABA_like_tumor,IDH_WT,7890,0,0,1,
LIMD1,0.13007334708469007,OPC_GABA_like_tumor,IDH_WT,7891,0,0,1,
ZNF530,0.13002761718130978,cycling_tumor,IDH_WT,7892,0,0,1,
MIR4713HG,0.12999960133028007,TAM1/TAM2/microglia,IDH_Mutant,7893,0,0,1,
MCM2,0.12986074202756043,OPC_GABA_like_tumor,IDH_WT,7894,0,0,1,
XYLT1,0.1297391445768632,OPC_GABA_like_tumor,IDH_WT,7895,0,0,1,
SLC25A38,0.12970035644314268,OPC_GABA_like_tumor,IDH_WT,7896,0,0,1,
ZNF724,0.12953437745312643,cycling_tumor,IDH_WT,7897,0,0,1,
IMPDH1,0.12912570521977634,OPC_GABA_like_tumor,IDH_WT,7898,0,0,1,
KBTBD7,0.12907834358048614,cycling_tumor,IDH_Mutant,7899,0,0,1,
SHC3,0.12901663411817452,cycling_tumor,IDH_WT,7900,0,0,1,
VAX2,0.12882684996348012,OPC_GABA_like_tumor,IDH_Mutant,7901,0,0,1,
WWC2,0.12862217216788524,TAM1/TAM2/microglia,IDH_Mutant,7902,0,0,1,
CTIF,0.12859879616629313,OPC_GABA_like_tumor,IDH_Mutant,7903,0,0,1,
NIFK,0.1285837801713646,cycling_tumor,IDH_Mutant,7904,0,0,1,
L3MBTL2,0.12851791035609622,OPC_GABA_like_tumor,IDH_WT,7905,0,0,1,
IFNAR2,0.1285142010248041,OPC_GABA_like_tumor,IDH_WT,7906,0,0,1,
PM20D2,0.12847339296412547,OPC_GABA_like_tumor,IDH_WT,7907,0,0,1,
ANO3,0.12845671634876998,OPC_GABA_like_tumor,IDH_WT,7908,0,0,1,
L3HYPDH,0.12836740425172521,OPC_GABA_like_tumor,IDH_WT,7909,0,0,1,
SH3GL3,0.12815516035789198,cycling_tumor,IDH_Mutant,7910,0,0,1,
ZNF577,0.1281199622878833,cycling_tumor,IDH_WT,7911,0,0,1,
ZNF347,0.12804472544011494,OPC_GABA_like_tumor,IDH_WT,7912,0,0,1,
MDGA2,0.1279647646256729,cycling_tumor,IDH_WT,7913,0,0,1,
SRSF12,0.12792059859776844,OPC_GABA_like_tumor,IDH_WT,7914,0,0,1,
SEC62,0.12787524704592862,cycling_tumor,IDH_Mutant,7915,0,0,1,
ATP10D,0.12779248342681715,TAM1/TAM2/microglia,IDH_WT,7916,0,0,1,
LGALS8,0.12765058033505558,OPC_GABA_like_tumor,IDH_WT,7917,0,0,1,
GAL3ST1,0.1275856937111483,OPC_GABA_AC_like_tumor,IDH_WT,7918,0,0,1,
POLR1A,0.12742653032676654,OPC_GABA_like_tumor,IDH_WT,7919,0,0,1,
BX284668.6,0.12742428647059054,cycling_tumor,IDH_WT,7920,0,0,1,
SNRNP48,0.12735137116546935,cycling_tumor,IDH_Mutant,7921,0,0,1,
CERS2,0.12729652555821147,cycling_tumor,IDH_WT,7922,0,0,1,
GBF1,0.127256696500484,TAM1/TAM2/microglia,IDH_Mutant,7923,0,0,1,
ARSK,0.12710918076433658,cycling_tumor,IDH_WT,7924,0,0,1,
STK11,0.12709310137230245,OPC_GABA_like_tumor,IDH_WT,7925,0,0,1,
BORCS5,0.12704345463917474,cycling_tumor,IDH_WT,7926,0,0,1,
CDC7,0.12698048707722978,OPC_GABA_like_tumor,IDH_WT,7927,0,0,1,
SRRM3,0.12688212999290538,cycling_tumor,IDH_Mutant,7928,0,0,1,
SCAP,0.1268487672201914,cycling_tumor,IDH_WT,7929,0,0,1,
SIGMAR1,0.12674513042024413,cycling_tumor,IDH_WT,7930,0,0,1,
GPHN,0.1265995939984796,TAM1/TAM2/microglia,IDH_Mutant,7931,0,0,1,
LIMS2,0.12653581314950485,cycling_tumor,IDH_WT,7932,0,0,1,
INAVA,0.1265027113259894,OPC_GABA_like_tumor,IDH_WT,7933,0,0,1,
WNT7B,0.12642592326981889,OPC_GABA_like_tumor,IDH_WT,7934,0,0,1,
MYO19,0.12634192020857066,OPC_GABA_like_tumor,IDH_WT,7935,0,0,1,
RPIA,0.12616849876282207,cycling_tumor,IDH_WT,7936,0,0,1,
XACT,0.12609286466793393,TAM1/TAM2/microglia,IDH_Mutant,7937,0,0,1,
GPX7,0.12608002570135127,OPC_GABA_like_tumor,IDH_WT,7938,0,0,1,
PTBP2,0.12594794359893574,TAM1/TAM2/microglia,IDH_Mutant,7939,0,0,1,
TOLLIP,0.12593548994439246,cycling_tumor,IDH_Mutant,7940,0,0,1,
RAD54L2,0.1258362003234518,cycling_tumor,IDH_WT,7941,0,0,1,
LRRC24,0.12581810931184084,cycling_tumor,IDH_Mutant,7942,0,0,1,
SNRPG,0.12580177461793818,cycling_tumor,IDH_Mutant,7943,0,0,1,
APPL1,0.12579436363143248,OPC_GABA_like_tumor,IDH_WT,7944,0,0,1,
TPRN,0.12578400661590625,cycling_tumor,IDH_WT,7945,0,0,1,
TOR2A,0.12575463156452124,OPC_GABA_like_tumor,IDH_WT,7946,0,0,1,
ZNF300,0.12574867995691225,cycling_tumor,IDH_Mutant,7947,0,0,1,
DNAL1,0.12571023050579172,cycling_tumor,IDH_WT,7948,0,0,1,
FIGNL1,0.12567740458198134,OPC_GABA_like_tumor,IDH_WT,7949,0,0,1,
TTI2,0.1253875384316015,OPC_GABA_like_tumor,IDH_WT,7950,0,0,1,
CRELD1,0.12537615590285656,OPC_GABA_like_tumor,IDH_WT,7951,0,0,1,
BRPF3,0.12519674033127412,cycling_tumor,IDH_WT,7952,0,0,1,
MED12L,0.12519448119851323,TAM1/TAM2/microglia,IDH_Mutant,7953,0,0,1,
METTL21A,0.12515857260185143,cycling_tumor,IDH_WT,7954,0,0,1,
HOXD-AS2,0.12512047305407686,cycling_tumor,IDH_WT,7955,0,0,1,
GFRA1,0.1251002482462363,cycling_tumor,IDH_Mutant,7956,0,0,1,
SGO2,0.1250345677847096,cycling_tumor,IDH_WT,7957,0,0,1,
ZSCAN26,0.12502146852487758,AC_like_tumor,IDH_Mutant,7958,0,0,1,
TAF6,0.12493519816380058,cycling_tumor,IDH_WT,7959,0,0,1,
ZNF354A,0.12485622640291012,OPC_GABA_like_tumor,IDH_WT,7960,0,0,1,
BMI1,0.12485232134611879,OPC_GABA_like_tumor,IDH_WT,7961,0,0,1,
AGRN,0.1247890831373315,OPC_GABA_like_tumor,IDH_WT,7962,0,0,1,
FAM83D,0.12424471082798967,cycling_tumor,IDH_WT,7963,0,0,1,
BIVM,0.12411720856105588,cycling_tumor,IDH_Mutant,7964,0,0,1,
FBXO25,0.12399068673598576,OPC_GABA_like_tumor,IDH_WT,7965,0,0,1,
DHX16,0.1238413886683772,OPC_GABA_like_tumor,IDH_WT,7966,0,0,1,
OPCML,0.12374111366732679,OPC_GABA_like_tumor,IDH_WT,7967,0,0,1,
SEZ6,0.12366138781715216,cycling_tumor,IDH_Mutant,7968,0,0,1,
PVT1,0.12365633942574965,OPC_GABA_like_tumor,IDH_WT,7969,0,0,1,
RAI14,0.12353149905720835,OPC_GABA_like_tumor,IDH_WT,7970,0,0,1,
TAF1B,0.12338057716737842,OPC_GABA_like_tumor,IDH_WT,7971,0,0,1,
KCNC1,0.12325747143616188,cycling_tumor,IDH_Mutant,7972,0,0,1,
CTU2,0.12321110499872037,OPC_GABA_like_tumor,IDH_WT,7973,0,0,1,
PCOLCE2,0.12314815318083987,OPC_GABA_like_tumor,IDH_WT,7974,0,0,1,
SCARB1,0.12312115957943429,TAM1/TAM2/microglia,IDH_Mutant,7975,0,0,1,
TMEM187,0.12304963948929575,cycling_tumor,IDH_WT,7976,0,0,1,
DNA2,0.12281053766580227,cycling_tumor,IDH_Mutant,7977,0,0,1,
WDR7,0.1226545141701062,TAM1/TAM2/microglia,IDH_Mutant,7978,0,0,1,
SGTB,0.12260167685935128,cycling_tumor,IDH_WT,7979,0,0,1,
MRPS26,0.12251926255682606,cycling_tumor,IDH_WT,7980,0,0,0,
CARM1,0.12251371718827189,OPC_GABA_like_tumor,IDH_WT,7981,0,0,1,
PRAG1,0.12248173509437114,TAM1/TAM2/microglia,IDH_Mutant,7982,0,0,1,
PHF23,0.12245515434754554,cycling_tumor,IDH_WT,7983,0,0,1,
RPP14,0.12242312040941099,OPC_GABA_like_tumor,IDH_WT,7984,0,0,1,
FAM98B,0.12228097519781556,OPC_GABA_like_tumor,IDH_WT,7985,0,0,1,
TIAM2,0.12216819417455405,cycling_tumor,IDH_Mutant,7986,0,0,1,
ARHGAP39,0.12200503193855558,cycling_tumor,IDH_WT,7987,0,0,1,
VLDLR,0.12192257685504755,cycling_tumor,IDH_WT,7988,0,0,1,
TPX2,0.12187543446402213,cycling_tumor,IDH_Mutant,7989,0,0,1,
KCNS3,0.12173106840377997,cycling_tumor,IDH_WT,7990,0,0,1,
THOC6,0.12170000476629028,cycling_tumor,IDH_WT,7991,0,0,1,
TLR6,0.12169636223612215,TAM1/TAM2/microglia,IDH_WT,7992,0,0,1,
TMA16,0.12136436592104678,OPC_GABA_like_tumor,IDH_WT,7993,0,0,1,
CDKL3,0.12124519441400632,cycling_tumor,IDH_Mutant,7994,0,0,1,
HYOU1,0.1211589624919974,OPC_GABA_like_tumor,IDH_WT,7995,0,0,1,
ABCA3,0.12113628844421029,cycling_tumor,IDH_WT,7996,0,0,1,
FAM133A,0.12075443327359403,cycling_tumor,IDH_Mutant,7997,0,0,1,
PTPRO,0.12070296052364642,OPC_GABA_like_tumor,IDH_WT,7998,0,0,1,
TAZ,0.12067551071311362,OPC_GABA_like_tumor,IDH_WT,7999,0,0,1,
FA2H,0.12066005991465309,OPC_GABA_like_tumor,IDH_WT,8000,0,0,1,
PANX1,0.12053816934714927,TAM1/TAM2/microglia,IDH_Mutant,8001,0,0,1,
FANCG,0.12053082985791227,cycling_tumor,IDH_WT,8002,0,0,1,
EIF2B4,0.12045977030743933,OPC_GABA_like_tumor,IDH_WT,8003,0,0,0,
ZNF26,0.12021756550752974,OPC_GABA_like_tumor,IDH_WT,8004,0,0,1,
FRAT2,0.12021254572321546,OPC_GABA_like_tumor,IDH_Mutant,8005,0,0,1,
GBA,0.12002799427821123,cycling_tumor,IDH_WT,8006,0,0,1,
SCN9A,0.11998883718540307,OPC_GABA_like_tumor,IDH_WT,8007,0,0,1,
ERMAP,0.1198884344845436,TAM1/TAM2/microglia,IDH_Mutant,8008,0,0,1,
NMNAT3,0.11984971831327948,OPC_GABA_like_tumor,IDH_WT,8009,0,0,1,
VAMP7,0.11983207537624126,cycling_tumor,IDH_WT,8010,0,0,1,
VPS37D,0.11978419896581001,OPC_GABA_like_tumor,IDH_Mutant,8011,0,0,1,
KAT2A,0.11969920398668435,OPC_GABA_like_tumor,IDH_WT,8012,0,0,1,
RNF2,0.1196650772866826,cycling_tumor,IDH_WT,8013,0,0,1,
CU638689.5,0.11959653313730881,cycling_tumor,IDH_Mutant,8014,0,0,1,
ASH2L,0.11955638468995526,cycling_tumor,IDH_WT,8015,0,0,1,
CIB2,0.11944089206238155,cycling_tumor,IDH_Mutant,8016,0,0,1,
AC097534.2,0.11938399625062254,cycling_tumor,IDH_Mutant,8017,0,0,1,
ECE1,0.11934411583731952,cycling_tumor,IDH_Mutant,8018,0,0,1,
ZNF420,0.11923933724836103,cycling_tumor,IDH_WT,8019,0,0,1,
RAB35,0.11920127004906837,cycling_tumor,IDH_WT,8020,0,0,1,
UBAP1,0.1189684542451364,TAM1/TAM2/microglia,IDH_Mutant,8021,0,0,1,
USP13,0.11887246987545134,cycling_tumor,IDH_WT,8022,0,0,1,
CHSY3,0.11883243001252734,TAM1/TAM2/microglia,IDH_Mutant,8023,0,0,1,
KIF22,0.11882024274297151,cycling_tumor,IDH_Mutant,8024,0,0,1,
SNHG10,0.11877648295687245,OPC_GABA_like_tumor,IDH_WT,8025,0,0,1,
NPB,0.118576502335579,cycling_tumor,IDH_Mutant,8026,0,0,1,
AC027031.2,0.11855041240920235,cycling_tumor,IDH_WT,8027,0,0,1,
DDX55,0.1185218559357462,cycling_tumor,IDH_WT,8028,0,0,1,
PIGH,0.11842537069060859,cycling_tumor,IDH_WT,8029,0,0,1,
GPR107,0.11837880925229885,OPC_GABA_like_tumor,IDH_WT,8030,0,0,1,
CSTF2,0.11836786416605313,cycling_tumor,IDH_WT,8031,0,0,1,
ABCA2,0.11811434065462886,cycling_tumor,IDH_WT,8032,0,0,1,
SEH1L,0.11799148155572951,OPC_GABA_like_tumor,IDH_WT,8033,0,0,1,
DRAXIN,0.11797575983318129,cycling_tumor,IDH_WT,8034,0,0,1,
DELE1,0.11795087656046817,TAM1/TAM2/microglia,IDH_WT,8035,0,0,1,
TRABD,0.11761842429725008,OPC_GABA_like_tumor,IDH_WT,8036,0,0,1,
TUB,0.11760583464642815,cycling_tumor,IDH_Mutant,8037,0,0,1,
ITPK1,0.1176052447218269,OPC_GABA_like_tumor,IDH_WT,8038,0,0,1,
MSTN,0.11760339839106063,cycling_tumor,IDH_Mutant,8039,0,0,1,
DNM1,0.11759489347947652,OPC_GABA_like_tumor,IDH_WT,8040,0,0,1,
ZBTB6,0.11756581299546953,cycling_tumor,IDH_Mutant,8041,0,0,1,
CBFA2T2,0.11748676441779611,TAM1/TAM2/microglia,IDH_Mutant,8042,0,0,1,
AC004852.2,0.11742915363853232,OPC_GABA_like_tumor,IDH_WT,8043,0,0,1,
BRMS1L,0.11741847115639328,cycling_tumor,IDH_WT,8044,0,0,1,
NXN,0.11727144306142681,TAM1/TAM2/microglia,IDH_Mutant,8045,0,0,1,
CPLX1,0.11720118446846647,cycling_tumor,IDH_Mutant,8046,0,0,1,
IL1A,0.11716746779266622,TAM1/TAM2/microglia,IDH_Mutant,8047,0,0,1,
MEX3B,0.11710853769952038,cycling_tumor,IDH_WT,8048,0,0,1,
MTSS1L,0.11710417705379286,cycling_tumor,IDH_Mutant,8049,0,0,1,
ZBTB24,0.1170701581181679,cycling_tumor,IDH_WT,8050,0,0,1,
STRN,0.11704384162000359,cycling_tumor,IDH_WT,8051,0,0,1,
PABPC5,0.11700188156488008,cycling_tumor,IDH_Mutant,8052,0,0,1,
SLC39A7,0.11695033414468525,cycling_tumor,IDH_WT,8053,0,0,1,
TSEN54,0.11687691132940883,cycling_tumor,IDH_WT,8054,0,0,1,
TSPAN33,0.11677465512210428,cycling_tumor,IDH_WT,8055,0,0,1,
BTN3A2,0.11675367988091279,OPC_GABA_like_tumor,IDH_WT,8056,0,0,1,
PPP2R1B,0.11647715480626783,OPC_GABA_like_tumor,IDH_WT,8057,0,0,1,
ELAC1,0.11612936373524858,OPC_GABA_like_tumor,IDH_WT,8058,0,0,1,
ST8SIA1,0.1161268930520519,cycling_tumor,IDH_Mutant,8059,0,0,1,
ERVK3-1,0.11612172398025258,OPC_GABA_like_tumor,IDH_WT,8060,0,0,1,
AC069368.1,0.1160814509251967,TAM1/TAM2/microglia,IDH_Mutant,8061,0,0,1,
TIMM23,0.1160456452148847,cycling_tumor,IDH_WT,8062,0,0,1,
ADGRA1,0.1160353840668624,cycling_tumor,IDH_WT,8063,0,0,1,
YDJC,0.11597251151344316,OPC_GABA_like_tumor,IDH_WT,8064,0,0,1,
CCDC92,0.11595048905328909,OPC_GABA_like_tumor,IDH_WT,8065,0,0,1,
PDIA6,0.11585606691179873,OPC_GABA_like_tumor,IDH_WT,8066,0,0,1,
UBP1,0.1156838575993405,cycling_tumor,IDH_WT,8067,0,0,1,
TMEM243,0.1155297746992919,cycling_tumor,IDH_WT,8068,0,0,1,
FHOD3,0.1154615074072151,cycling_tumor,IDH_WT,8069,0,0,1,
LINC00685,0.1154400861422445,cycling_tumor,IDH_WT,8070,0,0,1,
ISOC1,0.11539107287503376,cycling_tumor,IDH_WT,8071,0,0,1,
FUZ,0.11537879904851678,cycling_tumor,IDH_Mutant,8072,0,0,1,
BMPER,0.11509624752699177,OPC_GABA_like_tumor,IDH_WT,8073,0,0,1,
ELP1,0.1150230286127865,cycling_tumor,IDH_WT,8074,0,0,1,
C1orf112,0.11501947415507083,cycling_tumor,IDH_WT,8075,0,0,1,
AC006978.2,0.11500557655935968,TAM1/TAM2/microglia,IDH_Mutant,8076,0,0,1,
NUP210,0.1148565413214678,OPC_GABA_like_tumor,IDH_WT,8077,0,0,1,
RBBP9,0.11481550558187088,OPC_GABA_like_tumor,IDH_WT,8078,0,0,1,
LMBRD2,0.11479969855471968,cycling_tumor,IDH_WT,8079,0,0,1,
GUCD1,0.11467098691880899,OPC_GABA_like_tumor,IDH_WT,8080,0,0,1,
ARSB,0.11465993850472886,TAM1/TAM2/microglia,IDH_Mutant,8081,0,0,1,
NUP35,0.11457358564415691,cycling_tumor,IDH_WT,8082,0,0,1,
THEM4,0.11455383964001678,OPC_GABA_like_tumor,IDH_WT,8083,0,0,1,
ATN1,0.11455172233218539,cycling_tumor,IDH_Mutant,8084,0,0,1,
NGRN,0.11445224836603465,cycling_tumor,IDH_Mutant,8085,0,0,1,
ZIM2-AS1,0.11426398707503291,cycling_tumor,IDH_WT,8086,0,0,1,
PREB,0.11426206157861744,OPC_GABA_like_tumor,IDH_WT,8087,0,0,1,
PCDHB16,0.11423045613813669,cycling_tumor,IDH_WT,8088,0,0,1,
C17orf51,0.11420171657468255,cycling_tumor,IDH_WT,8089,0,0,1,
RAB9B,0.11415292684060604,OPC_GABA_like_tumor,IDH_Mutant,8090,0,0,1,
ASL,0.1141126956083425,OPC_GABA_like_tumor,IDH_WT,8091,0,0,1,
TTTY14,0.1136466999914613,cycling_tumor,IDH_WT,8092,0,0,1,
MTERF1,0.1136454694569919,OPC_GABA_like_tumor,IDH_WT,8093,0,0,1,
HIST1H4E,0.11340228009103992,cycling_tumor,IDH_Mutant,8094,0,0,0,
ANAPC1,0.11339227583741285,OPC_GABA_like_tumor,IDH_WT,8095,0,0,1,
CCER2,0.11334188624197264,OPC_GABA_like_tumor,IDH_WT,8096,0,0,1,
PKNOX1,0.11329597557507529,cycling_tumor,IDH_Mutant,8097,0,0,1,
NFE2L3,0.11328311620356948,TAM1/TAM2/microglia,IDH_Mutant,8098,0,0,1,
CLPB,0.1132321854684851,OPC_GABA_like_tumor,IDH_WT,8099,0,0,1,
FLVCR1,0.11320879284759566,cycling_tumor,IDH_WT,8100,0,0,1,
HIST1H1T,0.11289433606795858,cycling_tumor,IDH_Mutant,8101,0,0,0,
ZNF592,0.1126703121159752,TAM1/TAM2/microglia,IDH_Mutant,8102,0,0,1,
KIF16B,0.11266263676168027,TAM1/TAM2/microglia,IDH_Mutant,8103,0,0,1,
POLR1C,0.11250997056093628,OPC_GABA_like_tumor,IDH_WT,8104,0,0,1,
CCDC74A,0.11241254253557431,cycling_tumor,IDH_Mutant,8105,0,0,1,
SEC24A,0.11234924404166442,cycling_tumor,IDH_WT,8106,0,0,1,
R3HDM4,0.11211143160981225,OPC_GABA_like_tumor,IDH_WT,8107,0,0,1,
CAMKK2,0.11209446586725677,OPC_GABA_like_tumor,IDH_WT,8108,0,0,1,
EXD2,0.11208641443563028,OPC_GABA_like_tumor,IDH_WT,8109,0,0,1,
ANKRD54,0.11206555034162011,OPC_GABA_like_tumor,IDH_WT,8110,0,0,1,
FRMD6,0.11206046115064916,OPC_GABA_like_tumor,IDH_WT,8111,0,0,1,
FBXO4,0.1120415840527128,OPC_GABA_like_tumor,IDH_WT,8112,0,0,1,
SLC12A6,0.11194715143057905,OPC_GABA_like_tumor,IDH_Mutant,8113,0,0,1,
HCN3,0.11184769763700646,cycling_tumor,IDH_Mutant,8114,0,0,1,
SMUG1,0.11174800478601372,OPC_GABA_like_tumor,IDH_WT,8115,0,0,1,
HIST1H2AB,0.11118692088296275,cycling_tumor,IDH_WT,8116,0,0,0,
CDK10,0.11115321081293869,OPC_GABA_like_tumor,IDH_WT,8117,0,0,1,
ZNF850,0.11105624750408907,cycling_tumor,IDH_WT,8118,0,0,1,
TRUB1,0.11102487672182884,OPC_GABA_like_tumor,IDH_Mutant,8119,0,0,1,
TMEM214,0.11099021285070916,OPC_GABA_like_tumor,IDH_WT,8120,0,0,1,
PIAS4,0.11098898508767932,OPC_GABA_like_tumor,IDH_WT,8121,0,0,1,
ANKRD50,0.11084653685419674,cycling_tumor,IDH_Mutant,8122,0,0,1,
FNTB,0.11068826127890245,OPC_GABA_like_tumor,IDH_WT,8123,0,0,1,
WNT5A,0.1106853661892246,OPC_GABA_like_tumor,IDH_WT,8124,0,0,1,
FAM214A,0.11060600608028455,cycling_tumor,IDH_Mutant,8125,0,0,1,
LINC01909,0.11054313452059591,TAM1/TAM2/microglia,IDH_Mutant,8126,0,0,1,
DIDO1,0.11038337261656302,TAM1/TAM2/microglia,IDH_Mutant,8127,0,0,1,
ZNF765,0.11021240342810863,OPC_GABA_like_tumor,IDH_WT,8128,0,0,1,
NR0B1,0.11014719643905631,cycling_tumor,IDH_WT,8129,0,0,1,
CENPU,0.1100909486727996,cycling_tumor,IDH_WT,8130,0,0,1,
SHC2,0.1100539176046619,cycling_tumor,IDH_Mutant,8131,0,0,1,
SLC35A5,0.10997610388528636,OPC_GABA_like_tumor,IDH_WT,8132,0,0,1,
XKR6,0.10996098274594328,TAM1/TAM2/microglia,IDH_Mutant,8133,0,0,1,
ALMS1,0.10992140337448222,OPC_GABA_like_tumor,IDH_WT,8134,0,0,1,
WRAP73,0.10980615804313457,OPC_GABA_like_tumor,IDH_WT,8135,0,0,1,
OTUD6B,0.10960406172727935,OPC_GABA_like_tumor,IDH_WT,8136,0,0,1,
AARS,0.10958441402292027,OPC_GABA_like_tumor,IDH_WT,8137,0,0,1,
AL391069.3,0.10936576357065678,cycling_tumor,IDH_Mutant,8138,0,0,1,
PDXDC1,0.10931345669313441,OPC_GABA_like_tumor,IDH_WT,8139,0,0,1,
ZNF488,0.10926571402381675,OPC_GABA_like_tumor,IDH_WT,8140,0,0,1,
ELP3,0.1092492971790416,OPC_GABA_like_tumor,IDH_WT,8141,0,0,1,
SLC31A1,0.10913320451330262,cycling_tumor,IDH_WT,8142,0,0,1,
PCDHB14,0.10896345323765418,OPC_GABA_like_tumor,IDH_WT,8143,0,0,1,
MIRLET7BHG,0.10894448923954034,cycling_tumor,IDH_WT,8144,0,0,1,
RAB11FIP2,0.10881436177274206,cycling_tumor,IDH_Mutant,8145,0,0,1,
BMP1,0.10878781305828453,OPC_GABA_like_tumor,IDH_WT,8146,0,0,1,
NACAD,0.10852006429057245,OPC_GABA_like_tumor,IDH_WT,8147,0,0,1,
TRAFD1,0.10847453923347021,OPC_GABA_like_tumor,IDH_WT,8148,0,0,1,
ARHGDIG,0.10841925813106731,cycling_tumor,IDH_Mutant,8149,0,0,1,
NOL9,0.10840720312375382,cycling_tumor,IDH_WT,8150,0,0,1,
INTS2,0.10834014564233663,OPC_GABA_like_tumor,IDH_WT,8151,0,0,1,
TAX1BP3,0.10829202981659798,cycling_tumor,IDH_WT,8152,0,0,1,
RPRD1B,0.10821452990852438,cycling_tumor,IDH_WT,8153,0,0,1,
FRZB,0.10819552986900591,cycling_tumor,IDH_WT,8154,0,0,1,
GTPBP1,0.10812621210790034,cycling_tumor,IDH_WT,8155,0,0,1,
NELL2,0.10803183226057866,OPC_GABA_like_tumor,IDH_WT,8156,0,0,1,
NF2,0.10802654794566138,cycling_tumor,IDH_WT,8157,0,0,1,
LINC01549,0.10788707442400924,cycling_tumor,IDH_WT,8158,0,0,1,
PPTC7,0.10787674119808836,OPC_GABA_like_tumor,IDH_WT,8159,0,0,1,
ATP5F1C,0.10777632011902012,cycling_tumor,IDH_Mutant,8160,0,0,0,
AATK,0.10774333144422724,cycling_tumor,IDH_WT,8161,0,0,1,
SHISA9,0.10769927347686012,OPC_GABA_like_tumor,IDH_WT,8162,0,0,1,
LRRC8B,0.10764612962633188,cycling_tumor,IDH_WT,8163,0,0,1,
TRIM2,0.1076226677469326,cycling_tumor,IDH_WT,8164,0,0,1,
PIK3CD,0.10760596819164325,TAM1/TAM2/microglia,IDH_Mutant,8165,0,0,1,
INVS,0.10748993714874529,TAM1/TAM2/microglia,IDH_Mutant,8166,0,0,1,
CNTFR,0.10737197791044872,OPC_GABA_like_tumor,IDH_Mutant,8167,0,0,1,
SLC8A3,0.10726545635465753,OPC_GABA_like_tumor,IDH_WT,8168,0,0,1,
PTPA,0.10711594222101324,OPC_GABA_like_tumor,IDH_WT,8169,0,0,1,
KBTBD12,0.10710020394647024,TAM1/TAM2/microglia,IDH_Mutant,8170,0,0,1,
GFPT1,0.10707823991334486,cycling_tumor,IDH_WT,8171,0,0,1,
MTFR1,0.10701545199798976,cycling_tumor,IDH_WT,8172,0,0,1,
DHRS2,0.10693730854988892,cycling_tumor,IDH_Mutant,8173,0,0,1,
SREBF2,0.10692800864619845,cycling_tumor,IDH_WT,8174,0,0,1,
BIN3,0.10692517415964227,OPC_GABA_like_tumor,IDH_WT,8175,0,0,1,
UCK2,0.1068362220334762,OPC_GABA_like_tumor,IDH_WT,8176,0,0,1,
RGR,0.10680251632559315,OPC_GABA_like_tumor,IDH_Mutant,8177,0,0,1,
ZNF528,0.10676336640002551,OPC_GABA_like_tumor,IDH_WT,8178,0,0,1,
TRAK2,0.10668204254031602,OPC_GABA_like_tumor,IDH_WT,8179,0,0,1,
AL512625.3,0.10655229115526188,OPC_GABA_like_tumor,IDH_WT,8180,0,0,1,
CCNI,0.10643433923623973,AC_like_tumor,IDH_Mutant,8181,0,0,1,
KLHL20,0.10635677460872502,OPC_GABA_like_tumor,IDH_WT,8182,0,0,1,
LRRC42,0.1063326235351542,cycling_tumor,IDH_WT,8183,0,0,1,
CDKN3,0.10624863663193466,OPC_GABA_like_tumor,IDH_WT,8184,0,0,1,
DGKD,0.10621877534271959,OPC_GABA_like_tumor,IDH_WT,8185,0,0,1,
PDE6D,0.10614858738368778,cycling_tumor,IDH_WT,8186,0,0,1,
GIT1,0.10611120264150291,OPC_GABA_like_tumor,IDH_WT,8187,0,0,1,
RFNG,0.10598928442334352,cycling_tumor,IDH_WT,8188,0,0,1,
LMO1,0.10595700963438223,cycling_tumor,IDH_Mutant,8189,0,0,1,
SP1,0.10595436418904809,OPC_GABA_like_tumor,IDH_WT,8190,0,0,1,
C1orf109,0.10546491305787913,OPC_GABA_like_tumor,IDH_WT,8191,0,0,1,
AL031430.1,0.10539829505630469,cycling_tumor,IDH_Mutant,8192,0,0,1,
CHMP7,0.10530194474148309,OPC_GABA_like_tumor,IDH_WT,8193,0,0,1,
TMEM94,0.10529520468715389,OPC_GABA_like_tumor,IDH_WT,8194,0,0,1,
ATP2A1-AS1,0.10528320950206002,cycling_tumor,IDH_WT,8195,0,0,1,
CENPM,0.10521384417855754,cycling_tumor,IDH_WT,8196,0,0,1,
KRBOX1,0.10514017276252133,cycling_tumor,IDH_Mutant,8197,0,0,1,
KAT8,0.10509986199400782,cycling_tumor,IDH_Mutant,8198,0,0,1,
PHC1,0.10501493925007235,cycling_tumor,IDH_WT,8199,0,0,1,
FGF9,0.10494176082961046,cycling_tumor,IDH_Mutant,8200,0,0,1,
TEX9,0.1049413740008465,cycling_tumor,IDH_Mutant,8201,0,0,1,
SLC4A2,0.10488655840855898,cycling_tumor,IDH_WT,8202,0,0,1,
SUN2,0.10484061281967953,OPC_GABA_like_tumor,IDH_WT,8203,0,0,1,
ZSCAN1,0.1048374325960622,cycling_tumor,IDH_WT,8204,0,0,1,
SOCS7,0.1047168796732079,OPC_GABA_like_tumor,IDH_WT,8205,0,0,1,
MED15,0.10471304997289725,TAM1/TAM2/microglia,IDH_Mutant,8206,0,0,1,
RNF34,0.1046615514576719,cycling_tumor,IDH_WT,8207,0,0,1,
LARP6,0.10465002393599143,cycling_tumor,IDH_WT,8208,0,0,1,
TJAP1,0.1045181792388079,OPC_GABA_like_tumor,IDH_WT,8209,0,0,1,
KANSL2,0.1044671137648755,cycling_tumor,IDH_WT,8210,0,0,1,
SFR1,0.10436745526511146,cycling_tumor,IDH_Mutant,8211,0,0,1,
SOX21-AS1,0.10429645933769313,OPC_GABA_like_tumor,IDH_Mutant,8212,0,0,1,
MN1,0.10428651595470298,cycling_tumor,IDH_Mutant,8213,0,0,1,
RWDD2B,0.10416103572207973,OPC_GABA_like_tumor,IDH_WT,8214,0,0,1,
MFN1,0.10398202340645839,cycling_tumor,IDH_WT,8215,0,0,1,
HEATR1,0.10385395323767321,OPC_GABA_like_tumor,IDH_WT,8216,0,0,1,
MOSPD1,0.10380979827485401,OPC_GABA_like_tumor,IDH_WT,8217,0,0,1,
PPP1R14C,0.10378062685674165,OPC_GABA_like_tumor,IDH_WT,8218,0,0,1,
ABHD15-AS1,0.10352041138567884,TAM1/TAM2/microglia,IDH_Mutant,8219,0,0,1,
AMBRA1,0.10342017016679819,TAM1/TAM2/microglia,IDH_Mutant,8220,0,0,1,
HIST1H4A,0.10335829105928931,cycling_tumor,IDH_Mutant,8221,0,0,0,
BLOC1S5,0.10332469696894298,cycling_tumor,IDH_WT,8222,0,0,1,
NAA30,0.1031067916211501,OPC_GABA_like_tumor,IDH_WT,8223,0,0,1,
TMEM45A,0.10285584183828549,OPC_GABA_like_tumor,IDH_WT,8224,0,0,1,
COQ8B,0.1026997478559291,OPC_GABA_like_tumor,IDH_WT,8225,0,0,1,
CCDC150,0.10242894087636549,cycling_tumor,IDH_WT,8226,0,0,1,
PTPRK,0.10225575796737577,cycling_tumor,IDH_Mutant,8227,0,0,1,
AP000547.3,0.10224229904321484,cycling_tumor,IDH_Mutant,8228,0,0,1,
CDK2,0.10223959105322344,cycling_tumor,IDH_Mutant,8229,0,0,1,
TAF9B,0.10222614664935754,OPC_GABA_like_tumor,IDH_WT,8230,0,0,1,
RAB2B,0.10212756603698106,cycling_tumor,IDH_WT,8231,0,0,1,
GALC,0.1021231838899734,cycling_tumor,IDH_WT,8232,0,0,1,
GPSM1,0.10212102343125755,cycling_tumor,IDH_WT,8233,0,0,1,
FKBP11,0.10209598248654435,OPC_GABA_like_tumor,IDH_WT,8234,0,0,1,
EID3,0.1020333725047529,cycling_tumor,IDH_WT,8235,0,0,1,
NR2C2,0.10193763309648773,TAM1/TAM2/microglia,IDH_Mutant,8236,0,0,1,
AL691403.1,0.10184235097239336,TAM1/TAM2/microglia,IDH_Mutant,8237,0,0,1,
LRP4,0.10182177296571471,cycling_tumor,IDH_Mutant,8238,0,0,1,
RPS6KL1,0.10176829511086746,OPC_GABA_like_tumor,IDH_WT,8239,0,0,0,
RGS17,0.10176649319551259,OPC_GABA_like_tumor,IDH_WT,8240,0,0,1,
MARCKSL1,0.10142945793272531,OPC_GABA_AC_like_tumor,IDH_Mutant,8241,0,0,1,
ZNF726,0.10141219366848113,cycling_tumor,IDH_WT,8242,0,0,1,
STXBP5L,0.10141187745548633,cycling_tumor,IDH_Mutant,8243,0,0,1,
SFT2D3,0.10137243760967422,cycling_tumor,IDH_WT,8244,0,0,1,
ANKRD65,0.10134777283718685,OPC_GABA_like_tumor,IDH_WT,8245,0,0,1,
LINC01632,0.10130829780399613,cycling_tumor,IDH_Mutant,8246,0,0,1,
C19orf25,0.1012785430991816,cycling_tumor,IDH_WT,8247,0,0,1,
COQ7,0.10118414069187094,cycling_tumor,IDH_WT,8248,0,0,1,
C17orf100,0.10112005735049794,cycling_tumor,IDH_WT,8249,0,0,1,
PPM1E,0.10089257522413583,cycling_tumor,IDH_Mutant,8250,0,0,1,
NPAT,0.10080308344349982,cycling_tumor,IDH_WT,8251,0,0,1,
VPS54,0.1007991182247538,TAM1/TAM2/microglia,IDH_Mutant,8252,0,0,1,
PPP2R5D,0.10069819130714452,cycling_tumor,IDH_WT,8253,0,0,1,
LRRC75B,0.100589691441799,cycling_tumor,IDH_Mutant,8254,0,0,1,
ENPP6,0.100509310881328,cycling_tumor,IDH_WT,8255,0,0,1,
COL9A3,0.10038476006165593,cycling_tumor,IDH_WT,8256,0,0,1,
AC016745.2,0.10037333798205154,AC_like_tumor,IDH_Mutant,8257,0,0,1,
TBCK,0.10029760538920525,TAM1/TAM2/microglia,IDH_Mutant,8258,0,0,1,
ZNF460,0.10028742542088107,OPC_GABA_like_tumor,IDH_WT,8259,0,0,1,
TMEM200C,0.10028050360160042,OPC_GABA_like_tumor,IDH_WT,8260,0,0,1,
GCN1,0.10019263668036493,OPC_GABA_like_tumor,IDH_WT,8261,0,0,1,
TMEM59,0.10016308612138902,cycling_tumor,IDH_WT,8262,0,0,1,
AL034397.3,0.10009740874307753,TAM1/TAM2/microglia,IDH_Mutant,8263,0,0,1,
GTF3C3,0.1000890758047345,OPC_GABA_like_tumor,IDH_WT,8264,0,0,1,
MRPL10,0.09971475523671758,cycling_tumor,IDH_WT,8265,0,0,0,
CCDC58,0.09964895498169653,cycling_tumor,IDH_WT,8266,0,0,1,
NUSAP1,0.09962638951368373,cycling_tumor,IDH_Mutant,8267,0,0,1,
VCPKMT,0.0994054229492706,OPC_GABA_like_tumor,IDH_WT,8268,0,0,1,
TUBE1,0.09919085255107754,OPC_GABA_like_tumor,IDH_WT,8269,0,0,1,
EFCAB7,0.09917467073303785,cycling_tumor,IDH_WT,8270,0,0,1,
LDB1,0.09892181270325144,cycling_tumor,IDH_Mutant,8271,0,0,1,
AP003086.2,0.09891528160742827,TAM1/TAM2/microglia,IDH_Mutant,8272,0,0,1,
YPEL1,0.09864081161016507,cycling_tumor,IDH_Mutant,8273,0,0,1,
RUBCN,0.09852033599959405,OPC_GABA_like_tumor,IDH_WT,8274,0,0,1,
RMND5A,0.0985004859485834,cycling_tumor,IDH_WT,8275,0,0,1,
EXOSC2,0.09835264438665967,OPC_GABA_like_tumor,IDH_WT,8276,0,0,1,
IGF1R,0.09813496313725703,cycling_tumor,IDH_Mutant,8277,0,0,1,
RNF122,0.09811154464812957,TAM1/TAM2/microglia,IDH_Mutant,8278,0,0,1,
TMEM260,0.0979731993953002,OPC_GABA_like_tumor,IDH_WT,8279,0,0,1,
TMED9,0.09778655248278104,cycling_tumor,IDH_WT,8280,0,0,1,
NHLRC2,0.09778408052367195,OPC_GABA_like_tumor,IDH_WT,8281,0,0,1,
AC006058.1,0.09775128844827512,cycling_tumor,IDH_WT,8282,0,0,1,
IDH3A,0.09774738742663056,cycling_tumor,IDH_WT,8283,0,0,1,
LRRC49,0.09764965088040209,cycling_tumor,IDH_Mutant,8284,0,0,1,
NAA60,0.09763873321099985,OPC_GABA_like_tumor,IDH_WT,8285,0,0,1,
FARSB,0.09763309526128568,OPC_GABA_like_tumor,IDH_WT,8286,0,0,1,
CAMKMT,0.09750062236709157,TAM1/TAM2/microglia,IDH_Mutant,8287,0,0,1,
ZNF688,0.09740650922679481,cycling_tumor,IDH_Mutant,8288,0,0,1,
ACAD9,0.09727305825333701,cycling_tumor,IDH_WT,8289,0,0,1,
TMPRSS5,0.09726484946554151,cycling_tumor,IDH_WT,8290,0,0,1,
BCR,0.09720619717594772,cycling_tumor,IDH_Mutant,8291,0,0,1,
ELL,0.09718701706321273,TAM1/TAM2/microglia,IDH_Mutant,8292,0,0,1,
VPS26B,0.09717850342836372,cycling_tumor,IDH_WT,8293,0,0,1,
RNF144A,0.09714574137343754,cycling_tumor,IDH_WT,8294,0,0,1,
ZNF519,0.09707086372868128,cycling_tumor,IDH_Mutant,8295,0,0,1,
UBXN4,0.09675552699389049,cycling_tumor,IDH_Mutant,8296,0,0,1,
EDRF1,0.09665773082965856,cycling_tumor,IDH_WT,8297,0,0,1,
TSPAN15,0.0966551525645021,OPC_GABA_like_tumor,IDH_WT,8298,0,0,1,
APTR,0.09656654693666325,OPC_GABA_like_tumor,IDH_WT,8299,0,0,1,
GTF2E2,0.09654065840341626,cycling_tumor,IDH_WT,8300,0,0,1,
ZNF76,0.09648987508910022,cycling_tumor,IDH_WT,8301,0,0,1,
TCTA,0.0964244771767151,OPC_GABA_like_tumor,IDH_WT,8302,0,0,1,
FXR2,0.09621903554166267,cycling_tumor,IDH_Mutant,8303,0,0,1,
VAMP4,0.09609661657466458,cycling_tumor,IDH_Mutant,8304,0,0,1,
ETFDH,0.09601866121680183,cycling_tumor,IDH_Mutant,8305,0,0,1,
HIST1H3F,0.09598836439153821,cycling_tumor,IDH_WT,8306,0,0,0,
NRDE2,0.09593090701913147,OPC_GABA_like_tumor,IDH_WT,8307,0,0,1,
MINDY3,0.09593012052790015,cycling_tumor,IDH_Mutant,8308,0,0,1,
CCDC181,0.09590393338518102,cycling_tumor,IDH_WT,8309,0,0,1,
CPSF1,0.09575556404665125,cycling_tumor,IDH_WT,8310,0,0,1,
INSIG1,0.09571725636679373,OPC_GABA_like_tumor,IDH_WT,8311,0,0,1,
WIZ,0.09571366558124064,cycling_tumor,IDH_WT,8312,0,0,1,
GPRIN1,0.09568784240965426,cycling_tumor,IDH_Mutant,8313,0,0,1,
YIPF1,0.09545697789526558,OPC_GABA_like_tumor,IDH_WT,8314,0,0,1,
ACD,0.09538140798959746,cycling_tumor,IDH_Mutant,8315,0,0,1,
NUDCD1,0.09525754439844789,OPC_GABA_like_tumor,IDH_WT,8316,0,0,1,
PHF2,0.09515580425131437,cycling_tumor,IDH_WT,8317,0,0,1,
AC021092.1,0.09513157850941519,cycling_tumor,IDH_WT,8318,0,0,1,
PRR36,0.09511650103786609,OPC_GABA_like_tumor,IDH_WT,8319,0,0,1,
SLCO5A1,0.09501608809702697,cycling_tumor,IDH_Mutant,8320,0,0,1,
CHD1L,0.09500386217867884,OPC_GABA_like_tumor,IDH_WT,8321,0,0,1,
PUS7,0.09498265700658737,OPC_GABA_like_tumor,IDH_WT,8322,0,0,1,
BRINP2,0.09493744755601297,cycling_tumor,IDH_Mutant,8323,0,0,1,
TRO,0.09487672303592357,OPC_GABA_like_tumor,IDH_WT,8324,0,0,1,
GPR161,0.09486923129721918,OPC_GABA_like_tumor,IDH_WT,8325,0,0,1,
GSTT2B,0.09481664797590716,OPC_GABA_AC_like_tumor,IDH_WT,8326,0,0,1,
AAAS,0.09480642260902099,cycling_tumor,IDH_Mutant,8327,0,0,1,
CIZ1,0.0947834038307108,OPC_GABA_like_tumor,IDH_WT,8328,0,0,1,
MAP2K4,0.09475486153023872,TAM1/TAM2/microglia,IDH_Mutant,8329,0,0,1,
C12orf73,0.09467314735118142,OPC_GABA_like_tumor,IDH_WT,8330,0,0,1,
CELF5,0.09466171708346557,cycling_tumor,IDH_Mutant,8331,0,0,1,
SOX13,0.09464004588925436,OPC_GABA_like_tumor,IDH_WT,8332,0,0,1,
ZNF316,0.09447105053151336,OPC_GABA_like_tumor,IDH_WT,8333,0,0,1,
COPG1,0.09437558849490027,cycling_tumor,IDH_WT,8334,0,0,1,
SLC25A40,0.09433253848534325,cycling_tumor,IDH_WT,8335,0,0,1,
SPRED2,0.09424443886955727,TAM1/TAM2/microglia,IDH_Mutant,8336,0,0,1,
VCPIP1,0.09414637225836871,cycling_tumor,IDH_WT,8337,0,0,1,
SCFD2,0.094133299188989,TAM1/TAM2/microglia,IDH_Mutant,8338,0,0,1,
SNHG18,0.09411008463525158,cycling_tumor,IDH_WT,8339,0,0,1,
EFCAB11,0.09406854681459823,cycling_tumor,IDH_WT,8340,0,0,1,
PCDHB4,0.09406082759858,cycling_tumor,IDH_Mutant,8341,0,0,1,
B3GNT7,0.09401703984104134,OPC_GABA_like_tumor,IDH_WT,8342,0,0,1,
PRRG4,0.09394757115710682,TAM1/TAM2/microglia,IDH_WT,8343,0,0,1,
OTUD4,0.09389761039139216,OPC_GABA_like_tumor,IDH_WT,8344,0,0,1,
NFKBIB,0.09379946109542578,OPC_GABA_like_tumor,IDH_WT,8345,0,0,1,
MBD1,0.09377058262106508,OPC_GABA_like_tumor,IDH_WT,8346,0,0,1,
COQ3,0.09375156054170533,cycling_tumor,IDH_WT,8347,0,0,1,
ZNF44,0.09374718736987489,OPC_GABA_like_tumor,IDH_WT,8348,0,0,1,
RPP38,0.09345464242807447,OPC_GABA_like_tumor,IDH_WT,8349,0,0,1,
GAD1,0.09343277556057521,cycling_tumor,IDH_Mutant,8350,0,0,1,
PCDH7,0.09333322574787387,cycling_tumor,IDH_WT,8351,0,0,1,
TBL2,0.09332685993216652,OPC_GABA_like_tumor,IDH_WT,8352,0,0,1,
PIGZ,0.09329429804610842,cycling_tumor,IDH_Mutant,8353,0,0,1,
CASTOR2,0.09325510036992755,cycling_tumor,IDH_Mutant,8354,0,0,1,
DNAJC25,0.09324942677611255,cycling_tumor,IDH_WT,8355,0,0,1,
MAGI2,0.09313584756753304,cycling_tumor,IDH_WT,8356,0,0,1,
CPSF3,0.09308476301065573,cycling_tumor,IDH_WT,8357,0,0,1,
BMT2,0.09296271932557006,OPC_GABA_like_tumor,IDH_WT,8358,0,0,1,
ZNF124,0.09294858100397549,TAM1/TAM2/microglia,IDH_Mutant,8359,0,0,1,
MRPL23,0.09292516334472074,OPC_GABA_like_tumor,IDH_WT,8360,0,0,0,
ZNF783,0.09288584687200631,OPC_GABA_like_tumor,IDH_WT,8361,0,0,1,
KPNA5,0.0928638032790417,cycling_tumor,IDH_Mutant,8362,0,0,1,
LINC00672,0.09272875380552197,cycling_tumor,IDH_Mutant,8363,0,0,1,
NETO1,0.09272778057834821,cycling_tumor,IDH_Mutant,8364,0,0,1,
CNKSR2,0.09271406558156589,cycling_tumor,IDH_Mutant,8365,0,0,1,
STRN4,0.0925479771145159,cycling_tumor,IDH_WT,8366,0,0,1,
GAREM2,0.09252682702173745,OPC_GABA_like_tumor,IDH_Mutant,8367,0,0,1,
INTS8,0.0925166060467045,cycling_tumor,IDH_WT,8368,0,0,1,
SLC16A14,0.0924413932228515,cycling_tumor,IDH_Mutant,8369,0,0,1,
RNF40,0.09232547762421557,cycling_tumor,IDH_WT,8370,0,0,1,
SELENOI,0.09211634560600238,cycling_tumor,IDH_WT,8371,0,0,1,
DMD,0.09197728924481283,cycling_tumor,IDH_WT,8372,0,0,1,
ORC5,0.09195446810919997,OPC_GABA_like_tumor,IDH_WT,8373,0,0,1,
RNF208,0.0919004054734275,cycling_tumor,IDH_Mutant,8374,0,0,1,
FAM114A2,0.09181518416926544,cycling_tumor,IDH_WT,8375,0,0,1,
SPSB1,0.09180346575184098,cycling_tumor,IDH_WT,8376,0,0,1,
PLPPR5,0.09168904963369173,cycling_tumor,IDH_WT,8377,0,0,1,
TRIM26,0.09165859950665736,cycling_tumor,IDH_Mutant,8378,0,0,1,
MDM1,0.09159482996406718,OPC_GABA_like_tumor,IDH_WT,8379,0,0,1,
PRRC1,0.09149045291913942,cycling_tumor,IDH_WT,8380,0,0,1,
SMTN,0.09131087911258054,cycling_tumor,IDH_WT,8381,0,0,1,
FAM20B,0.09127093332872371,OPC_GABA_like_tumor,IDH_WT,8382,0,0,1,
SMC4,0.09124189517720405,cycling_tumor,IDH_WT,8383,0,0,1,
BAHCC1,0.09123129202298977,cycling_tumor,IDH_Mutant,8384,0,0,1,
METTL4,0.09112898206559152,OPC_GABA_like_tumor,IDH_WT,8385,0,0,1,
KCTD2,0.09112077218156496,cycling_tumor,IDH_WT,8386,0,0,1,
LHX2,0.09110025515754056,cycling_tumor,IDH_WT,8387,0,0,1,
DNAJC8,0.09108516259925648,cycling_tumor,IDH_WT,8388,0,0,1,
ZNF789,0.09091916066611326,OPC_GABA_like_tumor,IDH_WT,8389,0,0,1,
AC044781.1,0.090903488797313,TAM1/TAM2/microglia,IDH_Mutant,8390,0,0,1,
LINC00467,0.09068133149218054,OPC_GABA_like_tumor,IDH_WT,8391,0,0,1,
DGKI,0.09067479771856171,cycling_tumor,IDH_WT,8392,0,0,1,
LEMD2,0.09063476490260211,OPC_GABA_like_tumor,IDH_WT,8393,0,0,1,
CAD,0.09059348159877392,OPC_GABA_like_tumor,IDH_WT,8394,0,0,1,
PLD1,0.09044079461247752,TAM1/TAM2/microglia,IDH_Mutant,8395,0,0,1,
LGALSL,0.09036749826095976,OPC_GABA_like_tumor,IDH_WT,8396,0,0,1,
MOG,0.09032353366715505,OPC_GABA_like_tumor,IDH_WT,8397,0,0,1,
ANKRD6,0.09031748388584179,cycling_tumor,IDH_Mutant,8398,0,0,1,
UBE4B,0.09029787418730803,OPC_GABA_like_tumor,IDH_WT,8399,0,0,1,
CHAC2,0.09013864938204227,cycling_tumor,IDH_WT,8400,0,0,1,
DOT1L,0.09013800150012796,OPC_GABA_like_tumor,IDH_WT,8401,0,0,1,
SCAI,0.09005070376622018,cycling_tumor,IDH_WT,8402,0,0,1,
ZBTB5,0.08998747686721494,cycling_tumor,IDH_Mutant,8403,0,0,1,
RTL8B,0.08983772661727836,OPC_GABA_like_tumor,IDH_WT,8404,0,0,1,
NME6,0.0898048155173464,OPC_GABA_like_tumor,IDH_WT,8405,0,0,1,
PTP4A3,0.08978610022645842,OPC_GABA_like_tumor,IDH_WT,8406,0,0,1,
CAPN5,0.08969661184079451,OPC_GABA_like_tumor,IDH_WT,8407,0,0,1,
EDC3,0.08964683570212204,cycling_tumor,IDH_Mutant,8408,0,0,1,
SFXN4,0.08959516765048983,OPC_GABA_like_tumor,IDH_WT,8409,0,0,1,
THEM6,0.08940280687535782,OPC_GABA_like_tumor,IDH_WT,8410,0,0,1,
RPS6KA5,0.08909263593789171,cycling_tumor,IDH_WT,8411,0,0,0,
MVD,0.0890874750427646,OPC_GABA_like_tumor,IDH_WT,8412,0,0,1,
ZNF492,0.08907812849841817,cycling_tumor,IDH_Mutant,8413,0,0,1,
DNAJC27,0.08903269019778956,cycling_tumor,IDH_WT,8414,0,0,1,
ADGRB2,0.08900721835967844,cycling_tumor,IDH_Mutant,8415,0,0,1,
LMNB1,0.08876449341753409,OPC_GABA_like_tumor,IDH_WT,8416,0,0,1,
SKP2,0.08869958809479725,OPC_GABA_like_tumor,IDH_WT,8417,0,0,1,
LRRC40,0.08863493372155762,OPC_GABA_like_tumor,IDH_WT,8418,0,0,1,
WDFY1,0.08856781329747332,cycling_tumor,IDH_WT,8419,0,0,1,
PLCXD3,0.08856495905409575,TAM1/TAM2/microglia,IDH_Mutant,8420,0,0,1,
PBK,0.08850236702696504,cycling_tumor,IDH_Mutant,8421,0,0,1,
NCAPH2,0.08847576904142104,cycling_tumor,IDH_Mutant,8422,0,0,1,
ABT1,0.08841026631898859,cycling_tumor,IDH_WT,8423,0,0,1,
DCC,0.08840929774040743,cycling_tumor,IDH_Mutant,8424,0,0,1,
DPY19L2,0.08838318416354901,cycling_tumor,IDH_WT,8425,0,0,1,
ZNF470,0.08835094568507815,cycling_tumor,IDH_WT,8426,0,0,1,
GEN1,0.08824976320053923,cycling_tumor,IDH_WT,8427,0,0,1,
TRMU,0.08820192575449454,OPC_GABA_like_tumor,IDH_WT,8428,0,0,1,
CC2D1A,0.08794414952758797,cycling_tumor,IDH_WT,8429,0,0,1,
KCTD15,0.08792543153655441,OPC_GABA_like_tumor,IDH_WT,8430,0,0,1,
GTF3C2,0.08791645303971977,cycling_tumor,IDH_WT,8431,0,0,1,
DAPL1,0.08780202937601085,cycling_tumor,IDH_Mutant,8432,0,0,1,
SBK1,0.0877300096067008,cycling_tumor,IDH_Mutant,8433,0,0,1,
PLEKHG3,0.08771779178075992,cycling_tumor,IDH_Mutant,8434,0,0,1,
UBL7,0.0876001236378123,cycling_tumor,IDH_Mutant,8435,0,0,1,
RUSC1,0.08746918367204318,OPC_GABA_like_tumor,IDH_WT,8436,0,0,1,
TLE2,0.08740553998183712,cycling_tumor,IDH_Mutant,8437,0,0,1,
SPOUT1,0.08739620435016968,OPC_GABA_like_tumor,IDH_WT,8438,0,0,1,
ZNF317,0.08733478444084226,OPC_GABA_like_tumor,IDH_WT,8439,0,0,1,
UBL4A,0.08733171278276002,OPC_GABA_like_tumor,IDH_WT,8440,0,0,1,
SPTBN2,0.08729457231327353,cycling_tumor,IDH_Mutant,8441,0,0,1,
VRK3,0.08718521713317903,cycling_tumor,IDH_WT,8442,0,0,1,
DDX51,0.0869733283652266,cycling_tumor,IDH_WT,8443,0,0,1,
CCDC138,0.08692259146767628,cycling_tumor,IDH_WT,8444,0,0,1,
GLMN,0.08690289056642139,OPC_GABA_like_tumor,IDH_WT,8445,0,0,1,
AC012368.1,0.08687495924061667,TAM1/TAM2/microglia,IDH_WT,8446,0,0,1,
IPO13,0.08686842000273019,cycling_tumor,IDH_WT,8447,0,0,1,
RNF219,0.08683024731141803,OPC_GABA_like_tumor,IDH_WT,8448,0,0,1,
PGAM5,0.08679839056904841,cycling_tumor,IDH_WT,8449,0,0,1,
ASB1,0.08677917986627484,OPC_GABA_like_tumor,IDH_WT,8450,0,0,1,
HOXD10,0.0867416067939265,cycling_tumor,IDH_WT,8451,0,0,1,
OAS3,0.08673731331674098,cycling_tumor,IDH_WT,8452,0,0,1,
CYCS,0.08672932498414623,cycling_tumor,IDH_Mutant,8453,0,0,1,
MRPL39,0.086675955958831,OPC_GABA_like_tumor,IDH_WT,8454,0,0,0,
AC046195.1,0.08658549744203022,TAM1/TAM2/microglia,IDH_Mutant,8455,0,0,1,
AC012306.2,0.08656181324104559,cycling_tumor,IDH_WT,8456,0,0,1,
NEIL2,0.08641762084202156,OPC_GABA_like_tumor,IDH_WT,8457,0,0,1,
TAP2,0.08639002337962814,cycling_tumor,IDH_WT,8458,0,0,1,
PAWR,0.08629341879737357,cycling_tumor,IDH_Mutant,8459,0,0,1,
MOSMO,0.08618018618928967,cycling_tumor,IDH_WT,8460,0,0,1,
PCGF6,0.08603036651691542,cycling_tumor,IDH_Mutant,8461,0,0,1,
SHF,0.08565538637852368,cycling_tumor,IDH_Mutant,8462,0,0,1,
ZNF98,0.08557634251025771,cycling_tumor,IDH_Mutant,8463,0,0,1,
SETDB1,0.0853251993819982,OPC_GABA_like_tumor,IDH_WT,8464,0,0,1,
SLFN11,0.08529001508080054,cycling_tumor,IDH_WT,8465,0,0,1,
PHTF1,0.0852428713217999,OPC_GABA_like_tumor,IDH_WT,8466,0,0,1,
ARRDC4,0.08513436967501736,OPC_GABA_like_tumor,IDH_WT,8467,0,0,1,
STIL,0.08512554342140574,cycling_tumor,IDH_WT,8468,0,0,1,
STK16,0.08509988065926322,cycling_tumor,IDH_WT,8469,0,0,1,
PTDSS2,0.08509316147341524,cycling_tumor,IDH_WT,8470,0,0,1,
SEMA4C,0.08499765326043784,cycling_tumor,IDH_WT,8471,0,0,1,
TNFAIP1,0.08493100759598601,cycling_tumor,IDH_WT,8472,0,0,1,
DCAF12,0.08484435683747675,cycling_tumor,IDH_WT,8473,0,0,1,
AC008080.4,0.08470266511613525,cycling_tumor,IDH_WT,8474,0,0,1,
SLCO4A1,0.08454464962534758,OPC_GABA_like_tumor,IDH_WT,8475,0,0,1,
SOCS5,0.08418103944176046,OPC_GABA_like_tumor,IDH_WT,8476,0,0,1,
SETD4,0.08413094215197585,cycling_tumor,IDH_WT,8477,0,0,1,
PGBD1,0.08402153927183718,cycling_tumor,IDH_WT,8478,0,0,1,
ZNF614,0.08394726005281274,OPC_GABA_like_tumor,IDH_WT,8479,0,0,1,
AC093635.1,0.08373552371885054,cycling_tumor,IDH_WT,8480,0,0,1,
CCDC77,0.08367640700803372,cycling_tumor,IDH_Mutant,8481,0,0,1,
FRRS1L,0.0836672485995629,cycling_tumor,IDH_WT,8482,0,0,1,
ARL17B,0.08353589121575102,TAM1/TAM2/microglia,IDH_Mutant,8483,0,0,1,
BCS1L,0.08349048183849225,OPC_GABA_like_tumor,IDH_WT,8484,0,0,1,
NUP160,0.08341069472444348,OPC_GABA_like_tumor,IDH_WT,8485,0,0,1,
MTRR,0.0833846840638203,OPC_GABA_like_tumor,IDH_WT,8486,0,0,1,
NUP93,0.08332638937287046,OPC_GABA_like_tumor,IDH_WT,8487,0,0,1,
BTD,0.08301327179169485,OPC_GABA_like_tumor,IDH_WT,8488,0,0,1,
FAAP24,0.0829613910415729,cycling_tumor,IDH_WT,8489,0,0,1,
SIX1,0.08286191453551044,OPC_GABA_like_tumor,IDH_WT,8490,0,0,1,
E2F2,0.08273134089243137,cycling_tumor,IDH_Mutant,8491,0,0,1,
PCID2,0.08268959043210473,OPC_GABA_like_tumor,IDH_WT,8492,0,0,1,
BHLHB9,0.0826390119997189,OPC_GABA_like_tumor,IDH_WT,8493,0,0,1,
RCOR2,0.08262198502634203,cycling_tumor,IDH_Mutant,8494,0,0,1,
ZEB1-AS1,0.08249315314800929,cycling_tumor,IDH_Mutant,8495,0,0,1,
AP000911.1,0.08243765177290402,AC_like_tumor,IDH_Mutant,8496,0,0,1,
ST7-AS1,0.08242736677048319,OPC_GABA_like_tumor,IDH_WT,8497,0,0,1,
QRICH1,0.08233657071766778,OPC_GABA_like_tumor,IDH_WT,8498,0,0,1,
TEX10,0.0822469223828275,cycling_tumor,IDH_WT,8499,0,0,1,
TMEM68,0.08219826259143746,OPC_GABA_like_tumor,IDH_WT,8500,0,0,1,
VSIG10,0.08202257893771603,OPC_GABA_like_tumor,IDH_WT,8501,0,0,1,
POLD1,0.08192583969587751,cycling_tumor,IDH_WT,8502,0,0,1,
SLC35C2,0.08191443545793069,OPC_GABA_like_tumor,IDH_WT,8503,0,0,1,
C1orf174,0.08173117412614885,cycling_tumor,IDH_WT,8504,0,0,1,
LINC01004,0.08142681554506194,TAM1/TAM2/microglia,IDH_Mutant,8505,0,0,1,
NEUROD1,0.08140289451516772,cycling_tumor,IDH_Mutant,8506,0,0,1,
SLC35A2,0.08137429856430413,OPC_GABA_like_tumor,IDH_WT,8507,0,0,1,
DBR1,0.08127360675009951,OPC_GABA_like_tumor,IDH_WT,8508,0,0,1,
HAND2,0.08125865941960818,cycling_tumor,IDH_WT,8509,0,0,1,
TRMT10B,0.08125456692383423,OPC_GABA_like_tumor,IDH_WT,8510,0,0,1,
AMZ1,0.08122159973320889,OPC_GABA_like_tumor,IDH_WT,8511,0,0,1,
LETM1,0.08116859828778228,OPC_GABA_like_tumor,IDH_WT,8512,0,0,1,
NOVA2,0.08115797442800007,cycling_tumor,IDH_Mutant,8513,0,0,1,
CLCC1,0.08114325126064056,cycling_tumor,IDH_WT,8514,0,0,1,
CHUK,0.08109893528171543,cycling_tumor,IDH_WT,8515,0,0,1,
NDFIP1,0.08107046208904754,cycling_tumor,IDH_WT,8516,0,0,1,
ABHD10,0.0809567401799662,OPC_GABA_like_tumor,IDH_WT,8517,0,0,1,
KANK2,0.08079574193134688,cycling_tumor,IDH_WT,8518,0,0,1,
HIST1H2AK,0.08075098549724749,cycling_tumor,IDH_WT,8519,0,0,0,
RBM15B,0.08056804435074753,AC_like_tumor,IDH_Mutant,8520,0,0,1,
MAG,0.08053946309110241,cycling_tumor,IDH_WT,8521,0,0,1,
TMEM179,0.08053134032561178,cycling_tumor,IDH_Mutant,8522,0,0,1,
MIR9-3HG,0.0805248618503163,cycling_tumor,IDH_Mutant,8523,0,0,1,
ZBTB37,0.08038999610756259,OPC_GABA_like_tumor,IDH_WT,8524,0,0,1,
PXN,0.0801110937147982,cycling_tumor,IDH_WT,8525,0,0,1,
C16orf58,0.07995754634492144,OPC_GABA_like_tumor,IDH_WT,8526,0,0,1,
SAAL1,0.0797948113395506,OPC_GABA_like_tumor,IDH_WT,8527,0,0,1,
FNDC5,0.07977250270306649,cycling_tumor,IDH_Mutant,8528,0,0,1,
ARFGEF2,0.07966945921048593,TAM1/TAM2/microglia,IDH_Mutant,8529,0,0,1,
WDHD1,0.07965943002180843,cycling_tumor,IDH_WT,8530,0,0,1,
KIAA0753,0.07956506283374515,cycling_tumor,IDH_WT,8531,0,0,1,
ENTPD4,0.07944849357864774,OPC_GABA_like_tumor,IDH_WT,8532,0,0,1,
ELOVL4,0.0793083292493216,OPC_GABA_like_tumor,IDH_WT,8533,0,0,1,
FXYD7,0.07918716138092297,OPC_GABA_like_tumor,IDH_WT,8534,0,0,1,
UFSP2,0.07909739112809977,cycling_tumor,IDH_Mutant,8535,0,0,1,
FAM160B2,0.07905186079943674,OPC_GABA_like_tumor,IDH_WT,8536,0,0,1,
EME1,0.0790246742842948,cycling_tumor,IDH_WT,8537,0,0,1,
DOPEY1,0.07899090529712142,cycling_tumor,IDH_Mutant,8538,0,0,1,
MTCL1,0.07898001551017503,OPC_GABA_like_tumor,IDH_WT,8539,0,0,1,
CHRDL1,0.07891347322094663,OPC_GABA_like_tumor,IDH_WT,8540,0,0,1,
ZNF766,0.07888017138561836,cycling_tumor,IDH_WT,8541,0,0,1,
C2orf49,0.07880301934856737,OPC_GABA_like_tumor,IDH_WT,8542,0,0,1,
CDCA7,0.0787263128684872,cycling_tumor,IDH_WT,8543,0,0,1,
MAN1C1,0.07863835711898474,TAM1/TAM2/microglia,IDH_Mutant,8544,0,0,1,
ACADS,0.07863048286839404,OPC_GABA_like_tumor,IDH_WT,8545,0,0,1,
ZNF529,0.07858840191783512,OPC_GABA_like_tumor,IDH_WT,8546,0,0,1,
ATXN7L1,0.0782355127210069,TAM1/TAM2/microglia,IDH_Mutant,8547,0,0,1,
TOE1,0.07811879434513984,cycling_tumor,IDH_WT,8548,0,0,1,
SDC1,0.07811015557075714,cycling_tumor,IDH_WT,8549,0,0,1,
MON1B,0.07802124419659548,cycling_tumor,IDH_WT,8550,0,0,1,
TAF2,0.07798955187663015,cycling_tumor,IDH_WT,8551,0,0,1,
PRKAR2B,0.07794735348818556,OPC_GABA_like_tumor,IDH_Mutant,8552,0,0,1,
EEFSEC,0.07784364093518754,OPC_GABA_like_tumor,IDH_WT,8553,0,0,1,
E2F6,0.07771619815390887,OPC_GABA_like_tumor,IDH_WT,8554,0,0,1,
RCAN2,0.07766582231210689,cycling_tumor,IDH_Mutant,8555,0,0,1,
AEBP2,0.0775486248276825,TAM1/TAM2/microglia,IDH_Mutant,8556,0,0,1,
DGKH,0.07736925876268522,OPC_GABA_like_tumor,IDH_WT,8557,0,0,1,
GRK6,0.07708554339374883,cycling_tumor,IDH_WT,8558,0,0,1,
DOLK,0.07703497201743395,cycling_tumor,IDH_WT,8559,0,0,1,
MLLT3,0.07691395241004784,cycling_tumor,IDH_Mutant,8560,0,0,1,
MAP2K5,0.0768458156065575,TAM1/TAM2/microglia,IDH_Mutant,8561,0,0,1,
EPG5,0.0768434201606677,cycling_tumor,IDH_WT,8562,0,0,1,
NOL4L,0.07677437177211684,cycling_tumor,IDH_WT,8563,0,0,1,
TRAPPC13,0.07673876145210372,cycling_tumor,IDH_WT,8564,0,0,1,
NDST4,0.07670453839492959,OPC_GABA_like_tumor,IDH_Mutant,8565,0,0,1,
OSBPL10,0.076688668555874,cycling_tumor,IDH_WT,8566,0,0,1,
HUNK,0.07657868731012521,cycling_tumor,IDH_WT,8567,0,0,1,
MAP6,0.07653069504745415,cycling_tumor,IDH_Mutant,8568,0,0,1,
SFMBT1,0.07646689381024464,cycling_tumor,IDH_WT,8569,0,0,1,
MYD88,0.07642032417744186,OPC_GABA_like_tumor,IDH_WT,8570,0,0,1,
ATG13,0.07641220047177835,cycling_tumor,IDH_Mutant,8571,0,0,1,
BRD9,0.07641067291269414,cycling_tumor,IDH_WT,8572,0,0,1,
PALM,0.07638351949356303,cycling_tumor,IDH_Mutant,8573,0,0,1,
SETD6,0.07638022675755737,OPC_GABA_like_tumor,IDH_WT,8574,0,0,1,
ANKMY2,0.0763763039255552,cycling_tumor,IDH_WT,8575,0,0,1,
SGPL1,0.0763672087116345,OPC_GABA_like_tumor,IDH_WT,8576,0,0,1,
LIG4,0.07627586703644394,OPC_GABA_like_tumor,IDH_WT,8577,0,0,1,
ODF2,0.07619845231287795,OPC_GABA_like_tumor,IDH_WT,8578,0,0,1,
PHKA2,0.07614332057116563,cycling_tumor,IDH_WT,8579,0,0,1,
ZDHHC6,0.07610147438880173,cycling_tumor,IDH_WT,8580,0,0,1,
LCA5,0.07602262209310588,cycling_tumor,IDH_WT,8581,0,0,1,
GATD1,0.0759381335482089,cycling_tumor,IDH_Mutant,8582,0,0,1,
NUFIP1,0.07585959286717778,OPC_GABA_like_tumor,IDH_WT,8583,0,0,1,
SPICE1,0.07578702415076136,cycling_tumor,IDH_WT,8584,0,0,1,
ZNF484,0.07578189332873742,OPC_GABA_like_tumor,IDH_WT,8585,0,0,1,
FAM118B,0.07576869880413836,cycling_tumor,IDH_WT,8586,0,0,1,
BTN2A1,0.07568333025779714,OPC_GABA_like_tumor,IDH_WT,8587,0,0,1,
WDYHV1,0.07561185062436471,OPC_GABA_like_tumor,IDH_WT,8588,0,0,1,
FOXD3-AS1,0.07554174458649812,OPC_GABA_like_tumor,IDH_WT,8589,0,0,1,
SC5D,0.07545975995608928,cycling_tumor,IDH_Mutant,8590,0,0,1,
TMTC3,0.07535861110539821,OPC_GABA_like_tumor,IDH_WT,8591,0,0,1,
FBXO3,0.07535755839726237,cycling_tumor,IDH_WT,8592,0,0,1,
CELF4,0.07534905981178164,cycling_tumor,IDH_Mutant,8593,0,0,1,
RBMXL1,0.0752495299302983,cycling_tumor,IDH_WT,8594,0,0,1,
TBC1D24,0.07521706727859764,OPC_GABA_like_tumor,IDH_Mutant,8595,0,0,1,
TAP1,0.07515394749768459,OPC_GABA_like_tumor,IDH_WT,8596,0,0,1,
DPYSL5,0.07514625311373249,cycling_tumor,IDH_Mutant,8597,0,0,1,
HSPA14.1,0.0750102990868213,OPC_GABA_like_tumor,IDH_WT,8598,0,0,1,
AL392172.1,0.0748124874398965,cycling_tumor,IDH_WT,8599,0,0,1,
CBWD2,0.0747727889665873,TAM1/TAM2/microglia,IDH_Mutant,8600,0,0,1,
WDR83,0.07463312862678642,OPC_GABA_like_tumor,IDH_WT,8601,0,0,1,
AADAT,0.07461708458348869,cycling_tumor,IDH_Mutant,8602,0,0,1,
NUP85,0.07458372399093223,cycling_tumor,IDH_WT,8603,0,0,1,
AL133325.3,0.07442005320656081,cycling_tumor,IDH_WT,8604,0,0,1,
ZNF274,0.07434634305315373,OPC_GABA_like_tumor,IDH_WT,8605,0,0,1,
DSTN,0.07433018027941238,cycling_tumor,IDH_Mutant,8606,0,0,1,
TPRA1,0.07409787847856446,cycling_tumor,IDH_WT,8607,0,0,1,
RHBDD3,0.07409009082962235,cycling_tumor,IDH_Mutant,8608,0,0,1,
PPP3R1,0.07397191348247123,OPC_GABA_like_tumor,IDH_WT,8609,0,0,1,
FANCM,0.07387057384690178,cycling_tumor,IDH_WT,8610,0,0,1,
TSC2,0.073779317356786,cycling_tumor,IDH_WT,8611,0,0,1,
RBM38,0.07375143813258975,cycling_tumor,IDH_WT,8612,0,0,1,
CAMK1,0.07369988163393211,cycling_tumor,IDH_Mutant,8613,0,0,1,
ELOVL6,0.0735704820946406,OPC_GABA_like_tumor,IDH_WT,8614,0,0,1,
THAP4,0.07355071762450793,cycling_tumor,IDH_WT,8615,0,0,1,
ILDR2,0.07350665327576059,cycling_tumor,IDH_Mutant,8616,0,0,1,
PTDSS1,0.07350480931993093,OPC_GABA_like_tumor,IDH_WT,8617,0,0,1,
LGR4,0.07349015373801138,cycling_tumor,IDH_WT,8618,0,0,1,
MAP3K7,0.07346370590771986,cycling_tumor,IDH_WT,8619,0,0,1,
CDC23,0.07336343179166802,cycling_tumor,IDH_WT,8620,0,0,1,
FBRSL1,0.07319813100501119,OPC_GABA_like_tumor,IDH_WT,8621,0,0,1,
USP51,0.07309629501401718,cycling_tumor,IDH_WT,8622,0,0,1,
RNF24,0.07295869247252383,OPC_GABA_like_tumor,IDH_WT,8623,0,0,1,
SEMA3D,0.07293286816424215,OPC_GABA_like_tumor,IDH_Mutant,8624,0,0,1,
PLCXD1,0.07290681014768632,cycling_tumor,IDH_Mutant,8625,0,0,1,
HSD17B7,0.07289745476767566,cycling_tumor,IDH_WT,8626,0,0,1,
LDLR,0.07275011335433815,OPC_GABA_like_tumor,IDH_WT,8627,0,0,1,
RINT1,0.0727308897955592,OPC_GABA_like_tumor,IDH_WT,8628,0,0,1,
GALE,0.07271175742746698,OPC_GABA_like_tumor,IDH_WT,8629,0,0,1,
LINC01224,0.0726692974598527,cycling_tumor,IDH_WT,8630,0,0,1,
XXYLT1,0.07255714573096606,OPC_GABA_like_tumor,IDH_WT,8631,0,0,1,
METAP1D,0.07253349353881096,cycling_tumor,IDH_WT,8632,0,0,1,
MXD1,0.07231737568930285,OPC_GABA_like_tumor,IDH_WT,8633,0,0,1,
MYO9A,0.0721519001711741,cycling_tumor,IDH_WT,8634,0,0,1,
CACNA1D,0.07211491778838239,TAM1/TAM2/microglia,IDH_Mutant,8635,0,0,1,
POLR3B,0.07201341418645196,cycling_tumor,IDH_WT,8636,0,0,1,
RFTN2,0.07197260553788072,cycling_tumor,IDH_WT,8637,0,0,1,
AL050341.2,0.0719402691599717,cycling_tumor,IDH_Mutant,8638,0,0,1,
CHEK2,0.07187316070978617,cycling_tumor,IDH_WT,8639,0,0,1,
DVL2,0.07187111387694481,OPC_GABA_like_tumor,IDH_WT,8640,0,0,1,
CYTH3,0.07184481969851983,TAM1/TAM2/microglia,IDH_Mutant,8641,0,0,1,
CDC25A,0.0717210349561407,cycling_tumor,IDH_WT,8642,0,0,1,
CENPO,0.07161600902112994,cycling_tumor,IDH_Mutant,8643,0,0,1,
RPTOR,0.07152556471945254,TAM1/TAM2/microglia,IDH_Mutant,8644,0,0,1,
ZNF426,0.07139875395521449,cycling_tumor,IDH_WT,8645,0,0,1,
KIF20A,0.0713650644628507,cycling_tumor,IDH_Mutant,8646,0,0,1,
ALDH16A1,0.07134273495551488,cycling_tumor,IDH_WT,8647,0,0,1,
PEX13,0.07129526000515143,OPC_GABA_like_tumor,IDH_WT,8648,0,0,1,
MPPED2,0.07127152241692021,cycling_tumor,IDH_Mutant,8649,0,0,1,
WDR25,0.07119129625278581,cycling_tumor,IDH_WT,8650,0,0,1,
KDM5C,0.0711328084008865,OPC_GABA_like_tumor,IDH_WT,8651,0,0,1,
LRP11,0.07095500861013991,cycling_tumor,IDH_Mutant,8652,0,0,1,
SNX16,0.07084452377347858,cycling_tumor,IDH_Mutant,8653,0,0,1,
WRN,0.07081408852504904,cycling_tumor,IDH_WT,8654,0,0,1,
HELB,0.07074539632174384,cycling_tumor,IDH_WT,8655,0,0,1,
TTC33,0.0707330626772498,cycling_tumor,IDH_Mutant,8656,0,0,1,
DNAJB2,0.07072915700816287,cycling_tumor,IDH_WT,8657,0,0,1,
VPS33A,0.0706403796189655,cycling_tumor,IDH_WT,8658,0,0,1,
NUP133,0.07058957977063691,cycling_tumor,IDH_WT,8659,0,0,1,
REEP1,0.07058108566707427,OPC_GABA_like_tumor,IDH_Mutant,8660,0,0,1,
CARS2,0.0703206564328422,cycling_tumor,IDH_WT,8661,0,0,1,
MAPK12,0.07031496476422607,cycling_tumor,IDH_Mutant,8662,0,0,1,
EXOSC1,0.070300838732218,OPC_GABA_like_tumor,IDH_WT,8663,0,0,1,
FOXRED1,0.07023129370692113,cycling_tumor,IDH_Mutant,8664,0,0,1,
ZNF454,0.07013222488659004,OPC_GABA_like_tumor,IDH_WT,8665,0,0,1,
TBL3,0.07007123518006059,cycling_tumor,IDH_WT,8666,0,0,1,
ADGRE5,0.07006800153462853,OPC_GABA_like_tumor,IDH_WT,8667,0,0,1,
AP002495.2,0.0700623663146279,cycling_tumor,IDH_Mutant,8668,0,0,1,
RANBP3,0.0699967501255889,cycling_tumor,IDH_WT,8669,0,0,1,
TRMT9B,0.06997769284440991,OPC_GABA_like_tumor,IDH_WT,8670,0,0,1,
ZNF579,0.06995327633706108,OPC_GABA_like_tumor,IDH_Mutant,8671,0,0,1,
TOP1MT,0.06995202852361393,cycling_tumor,IDH_WT,8672,0,0,1,
PDE9A,0.06980372560700657,OPC_GABA_like_tumor,IDH_WT,8673,0,0,1,
UCK1,0.06978435159015231,OPC_GABA_like_tumor,IDH_WT,8674,0,0,1,
MFSD2A,0.06976231670605522,cycling_tumor,IDH_WT,8675,0,0,1,
FTSJ3,0.0697559364310674,cycling_tumor,IDH_WT,8676,0,0,1,
SERPINB8,0.06969603439918685,OPC_GABA_like_tumor,IDH_WT,8677,0,0,1,
FAHD2A,0.0695225853411969,OPC_GABA_like_tumor,IDH_WT,8678,0,0,1,
MTMR14,0.06948842731082525,OPC_GABA_like_tumor,IDH_WT,8679,0,0,1,
FAM69B,0.06927381019889395,OPC_GABA_like_tumor,IDH_WT,8680,0,0,1,
PUSL1,0.06918765501794896,OPC_GABA_like_tumor,IDH_WT,8681,0,0,1,
HDX,0.06896729841940122,OPC_GABA_like_tumor,IDH_WT,8682,0,0,1,
ZNF66,0.06895908689857769,cycling_tumor,IDH_Mutant,8683,0,0,1,
ZUP1,0.06890714884068169,cycling_tumor,IDH_WT,8684,0,0,1,
DCAF15,0.06890215675811735,cycling_tumor,IDH_WT,8685,0,0,1,
ORMDL3,0.06883915781317365,cycling_tumor,IDH_WT,8686,0,0,1,
PGS1,0.0687458989261938,cycling_tumor,IDH_WT,8687,0,0,1,
CLCN4,0.06868914306378719,cycling_tumor,IDH_WT,8688,0,0,1,
PAN2,0.06843740680409559,cycling_tumor,IDH_WT,8689,0,0,1,
RP2,0.06837155603890724,OPC_GABA_like_tumor,IDH_WT,8690,0,0,1,
WRNIP1,0.06826428127609793,OPC_GABA_like_tumor,IDH_WT,8691,0,0,1,
C18orf54,0.06825021469417579,cycling_tumor,IDH_WT,8692,0,0,1,
BTBD19,0.06818048401460655,TAM1/TAM2/microglia,IDH_Mutant,8693,0,0,1,
PDCD2L,0.06807508767797647,OPC_GABA_like_tumor,IDH_WT,8694,0,0,1,
AC243829.1,0.06799074195318111,TAM1/TAM2/microglia,IDH_Mutant,8695,0,0,1,
LINC01505,0.06792745373904706,cycling_tumor,IDH_Mutant,8696,0,0,1,
BRAP,0.06790117449326409,OPC_GABA_like_tumor,IDH_WT,8697,0,0,1,
NID2,0.06787850080281978,cycling_tumor,IDH_WT,8698,0,0,1,
ZNF669,0.06787258611730625,OPC_GABA_like_tumor,IDH_WT,8699,0,0,1,
MYT1L,0.06779858189626786,OPC_GABA_like_tumor,IDH_Mutant,8700,0,0,1,
HSF2,0.06779650158527277,cycling_tumor,IDH_WT,8701,0,0,1,
CCDC144A,0.06767527639596949,cycling_tumor,IDH_Mutant,8702,0,0,1,
EHD1,0.06766646433855737,cycling_tumor,IDH_WT,8703,0,0,1,
OIP5,0.06764146256004004,cycling_tumor,IDH_WT,8704,0,0,1,
TBCE,0.06764055454849997,cycling_tumor,IDH_WT,8705,0,0,1,
ZNF266,0.06763833748079223,cycling_tumor,IDH_WT,8706,0,0,1,
ARL17A,0.0674657694819707,cycling_tumor,IDH_Mutant,8707,0,0,1,
HERPUD2,0.06746361007168947,cycling_tumor,IDH_WT,8708,0,0,1,
ENDOV,0.06740756503239811,cycling_tumor,IDH_WT,8709,0,0,1,
BRF2,0.06740077539528143,OPC_GABA_like_tumor,IDH_WT,8710,0,0,1,
GPC2,0.06734695755783505,cycling_tumor,IDH_WT,8711,0,0,1,
E2F4,0.06727956474851617,OPC_GABA_like_tumor,IDH_WT,8712,0,0,1,
CCDC61,0.06722901032187836,cycling_tumor,IDH_WT,8713,0,0,1,
ABCB7,0.06721967433042446,cycling_tumor,IDH_WT,8714,0,0,1,
AC008691.1,0.06720625523495027,TAM1/TAM2/microglia,IDH_Mutant,8715,0,0,1,
BRSK1,0.06709762250620083,OPC_GABA_like_tumor,IDH_WT,8716,0,0,1,
BYSL,0.06701655679657785,OPC_GABA_like_tumor,IDH_WT,8717,0,0,1,
PCDHB15,0.06697687836618907,OPC_GABA_like_tumor,IDH_WT,8718,0,0,1,
AC012447.1,0.06689463682113958,TAM1/TAM2/microglia,IDH_Mutant,8719,0,0,1,
RIC8A,0.06689052001515508,cycling_tumor,IDH_WT,8720,0,0,1,
STAM,0.06678780788576674,OPC_GABA_like_tumor,IDH_WT,8721,0,0,1,
MGAT2,0.06674937824057321,OPC_GABA_like_tumor,IDH_WT,8722,0,0,1,
TNFRSF10D,0.06672129641965563,TAM1/TAM2/microglia,IDH_Mutant,8723,0,0,1,
ATP7A,0.06666362630974917,OPC_GABA_like_tumor,IDH_WT,8724,0,0,1,
AL645728.1,0.06650867432181409,cycling_tumor,IDH_WT,8725,0,0,1,
B9D1,0.0664970171033212,cycling_tumor,IDH_Mutant,8726,0,0,1,
LKAAEAR1,0.06639393274723927,cycling_tumor,IDH_Mutant,8727,0,0,1,
H1FX-AS1,0.06633642618223022,cycling_tumor,IDH_Mutant,8728,0,0,0,
BEND7,0.06632461496715301,cycling_tumor,IDH_Mutant,8729,0,0,1,
FOXK2,0.06629031434452562,OPC_GABA_like_tumor,IDH_WT,8730,0,0,1,
TRAPPC12,0.06628500485485629,cycling_tumor,IDH_WT,8731,0,0,1,
NVL,0.06619350386455332,OPC_GABA_like_tumor,IDH_WT,8732,0,0,1,
SEPT3,0.06610817827317667,OPC_GABA_like_tumor,IDH_WT,8733,0,0,1,
ZNF335,0.06608298380438277,OPC_GABA_like_tumor,IDH_WT,8734,0,0,1,
SLC25A17,0.0660273335036352,OPC_GABA_like_tumor,IDH_WT,8735,0,0,1,
PRR34-AS1,0.0660029146660716,cycling_tumor,IDH_WT,8736,0,0,1,
PLEKHA8,0.06599892447231404,OPC_GABA_like_tumor,IDH_WT,8737,0,0,1,
MBTPS2,0.06599148199239091,OPC_GABA_like_tumor,IDH_WT,8738,0,0,1,
BCDIN3D,0.0658757833458934,OPC_GABA_like_tumor,IDH_WT,8739,0,0,1,
RAD51D,0.06579665682183254,OPC_GABA_like_tumor,IDH_WT,8740,0,0,1,
PIGN,0.06577620675049635,cycling_tumor,IDH_WT,8741,0,0,1,
SLC25A1,0.06565081090564835,cycling_tumor,IDH_Mutant,8742,0,0,1,
XRCC1,0.06559833906483808,cycling_tumor,IDH_WT,8743,0,0,1,
FANCD2,0.06558819693001591,cycling_tumor,IDH_Mutant,8744,0,0,1,
RND1,0.06552894397737746,cycling_tumor,IDH_Mutant,8745,0,0,1,
CYB5R4,0.06551665415840242,OPC_GABA_like_tumor,IDH_WT,8746,0,0,1,
REEP4,0.06536512132962288,cycling_tumor,IDH_WT,8747,0,0,1,
ST7,0.06534562399831874,OPC_GABA_like_tumor,IDH_WT,8748,0,0,1,
GPN2,0.06528435770690702,cycling_tumor,IDH_WT,8749,0,0,1,
DNAL4,0.06518270590003115,cycling_tumor,IDH_WT,8750,0,0,1,
EXOC3-AS1,0.06503547601996965,cycling_tumor,IDH_WT,8751,0,0,1,
TAX1BP1,0.06496075649104303,cycling_tumor,IDH_WT,8752,0,0,1,
CHADL,0.06491174291243326,cycling_tumor,IDH_WT,8753,0,0,1,
STAT5B,0.06488893301694418,cycling_tumor,IDH_Mutant,8754,0,0,1,
MIS12,0.06485938244307457,cycling_tumor,IDH_Mutant,8755,0,0,1,
GABRG2,0.0648269080205746,OPC_GABA_like_tumor,IDH_Mutant,8756,0,0,1,
TRAIP,0.06479526956397123,cycling_tumor,IDH_WT,8757,0,0,1,
POLR1B,0.06479095451051292,OPC_GABA_like_tumor,IDH_WT,8758,0,0,1,
PEX3,0.06474347326238247,OPC_GABA_like_tumor,IDH_WT,8759,0,0,1,
LDOC1,0.06469251533311131,cycling_tumor,IDH_WT,8760,0,0,1,
ZNF93,0.06465132754835379,cycling_tumor,IDH_WT,8761,0,0,1,
GEMIN5,0.06442544844887689,cycling_tumor,IDH_WT,8762,0,0,1,
MCOLN1,0.06426474274069574,cycling_tumor,IDH_WT,8763,0,0,1,
MAD2L1BP,0.06423592861572423,OPC_GABA_like_tumor,IDH_WT,8764,0,0,1,
BRAT1,0.06402164253689233,cycling_tumor,IDH_WT,8765,0,0,1,
ZXDC,0.06396597914832572,OPC_GABA_like_tumor,IDH_WT,8766,0,0,1,
BX284668.5,0.06394985724035121,cycling_tumor,IDH_WT,8767,0,0,1,
CYB5D2,0.06393688225341605,cycling_tumor,IDH_WT,8768,0,0,1,
B4GALNT1,0.0638918506344322,cycling_tumor,IDH_Mutant,8769,0,0,1,
TXNDC16,0.06383866424764148,cycling_tumor,IDH_WT,8770,0,0,1,
PICK1,0.063671493531,cycling_tumor,IDH_WT,8771,0,0,1,
ADD2,0.06363997772850363,cycling_tumor,IDH_Mutant,8772,0,0,1,
CERK,0.0636376081062224,OPC_GABA_like_tumor,IDH_WT,8773,0,0,1,
ZFPL1,0.06355120536062484,cycling_tumor,IDH_WT,8774,0,0,1,
ZGRF1,0.06350110926439165,cycling_tumor,IDH_Mutant,8775,0,0,1,
ATG2B,0.06343234059171457,OPC_GABA_like_tumor,IDH_WT,8776,0,0,1,
NOL7,0.06331674595757206,OPC_GABA_like_tumor,IDH_WT,8777,0,0,1,
KDM1B,0.06329064202300534,OPC_GABA_like_tumor,IDH_WT,8778,0,0,1,
CCDC86,0.0632340131780926,OPC_GABA_like_tumor,IDH_WT,8779,0,0,1,
MDN1,0.06321234030658256,cycling_tumor,IDH_WT,8780,0,0,1,
RFXAP,0.06318141296114932,cycling_tumor,IDH_Mutant,8781,0,0,1,
FBLL1,0.06307974634120707,cycling_tumor,IDH_Mutant,8782,0,0,1,
SLC26A11,0.06288622640376165,OPC_GABA_like_tumor,IDH_WT,8783,0,0,1,
CHMP6,0.0628658718966465,cycling_tumor,IDH_WT,8784,0,0,1,
DUSP28,0.06285498411528305,OPC_GABA_like_tumor,IDH_WT,8785,0,0,1,
RNF170,0.06284051818815774,cycling_tumor,IDH_Mutant,8786,0,0,1,
ZNF140,0.06266041836963988,OPC_GABA_like_tumor,IDH_WT,8787,0,0,1,
RASA2,0.062625017053143,OPC_GABA_like_tumor,IDH_WT,8788,0,0,1,
UNC119B,0.06262056954616671,OPC_GABA_like_tumor,IDH_WT,8789,0,0,1,
METTL16,0.06258018801016574,cycling_tumor,IDH_Mutant,8790,0,0,1,
SUV39H2,0.06252043983611519,cycling_tumor,IDH_Mutant,8791,0,0,1,
AC008050.1,0.06251803826387821,TAM1/TAM2/microglia,IDH_Mutant,8792,0,0,1,
VAPB,0.062465447650935944,cycling_tumor,IDH_Mutant,8793,0,0,1,
HRK,0.06241334485995139,cycling_tumor,IDH_Mutant,8794,0,0,1,
ADAT1,0.06240173846221778,cycling_tumor,IDH_WT,8795,0,0,1,
VPS26C,0.06225097822556055,cycling_tumor,IDH_WT,8796,0,0,1,
CD200,0.06218478197892126,OPC_GABA_like_tumor,IDH_Mutant,8797,0,0,1,
DHX38,0.06210590171472554,cycling_tumor,IDH_WT,8798,0,0,1,
C11orf1,0.06209727073690639,cycling_tumor,IDH_Mutant,8799,0,0,1,
NR2C1,0.06208793501551935,cycling_tumor,IDH_WT,8800,0,0,1,
STMN3,0.06207319951327578,cycling_tumor,IDH_WT,8801,0,0,1,
IFIT5,0.06205513128527564,cycling_tumor,IDH_Mutant,8802,0,0,1,
ADAMTSL2,0.06204690184781412,TAM1/TAM2/microglia,IDH_Mutant,8803,0,0,1,
ZBTB18,0.0620213280610318,cycling_tumor,IDH_WT,8804,0,0,1,
GSR,0.062018954412259755,OPC_GABA_like_tumor,IDH_WT,8805,0,0,1,
DCAF1,0.06195709376449014,OPC_GABA_like_tumor,IDH_WT,8806,0,0,1,
IKBKG,0.06186527382221964,OPC_GABA_like_tumor,IDH_WT,8807,0,0,1,
TMEM19,0.061818444399817804,cycling_tumor,IDH_WT,8808,0,0,1,
TOP3A,0.06161949166035639,cycling_tumor,IDH_WT,8809,0,0,1,
TRIM36,0.06154692235751511,OPC_GABA_like_tumor,IDH_WT,8810,0,0,1,
REXO5,0.06150537661203399,cycling_tumor,IDH_Mutant,8811,0,0,1,
CASP9,0.06144916385195408,OPC_GABA_like_tumor,IDH_Mutant,8812,0,0,1,
DPH2,0.0614193534086767,OPC_GABA_like_tumor,IDH_WT,8813,0,0,1,
CSKMT,0.06136621888925431,cycling_tumor,IDH_WT,8814,0,0,1,
ZNF10,0.061233347906795424,OPC_GABA_like_tumor,IDH_WT,8815,0,0,1,
MEX3D,0.06118417039602088,cycling_tumor,IDH_WT,8816,0,0,1,
HSDL1,0.061050932212411355,cycling_tumor,IDH_Mutant,8817,0,0,1,
POLRMT,0.06103868510359002,OPC_GABA_like_tumor,IDH_WT,8818,0,0,1,
ELAC2,0.06103257170607501,OPC_GABA_like_tumor,IDH_WT,8819,0,0,1,
EIF4ENIF1,0.060907657158862136,cycling_tumor,IDH_Mutant,8820,0,0,0,
ESPL1,0.06082896967166794,cycling_tumor,IDH_WT,8821,0,0,1,
LMF2,0.06069449452091326,cycling_tumor,IDH_WT,8822,0,0,1,
RECQL4,0.060559538532201626,cycling_tumor,IDH_Mutant,8823,0,0,1,
ZNF511,0.06044762252486495,OPC_GABA_like_tumor,IDH_WT,8824,0,0,1,
PPRC1,0.06042148902267543,OPC_GABA_like_tumor,IDH_WT,8825,0,0,1,
NSUN3,0.06039734610392844,OPC_GABA_like_tumor,IDH_WT,8826,0,0,1,
TMEM185A,0.060351836707268416,cycling_tumor,IDH_WT,8827,0,0,1,
TMEM192,0.06022167839227936,OPC_GABA_like_tumor,IDH_WT,8828,0,0,1,
TNFAIP8L1,0.060220904225811625,cycling_tumor,IDH_WT,8829,0,0,1,
NTN4,0.06020828688213029,OPC_GABA_like_tumor,IDH_Mutant,8830,0,0,1,
CEP120,0.06011661109834952,cycling_tumor,IDH_WT,8831,0,0,1,
ZNF853,0.06005038101529244,OPC_GABA_like_tumor,IDH_WT,8832,0,0,1,
COL5A2,0.05999112352172731,cycling_tumor,IDH_WT,8833,0,0,1,
SKIV2L,0.05997370988767271,cycling_tumor,IDH_WT,8834,0,0,1,
POLR2D,0.05995929172705866,OPC_GABA_like_tumor,IDH_WT,8835,0,0,1,
MYCN,0.05992329684766975,cycling_tumor,IDH_Mutant,8836,0,0,1,
ZFP28,0.0598859903465868,cycling_tumor,IDH_WT,8837,0,0,1,
USP45,0.05975241627432474,cycling_tumor,IDH_WT,8838,0,0,1,
FAM131A,0.05971370546665591,OPC_GABA_like_tumor,IDH_WT,8839,0,0,1,
CLN8,0.059662104468518995,OPC_GABA_like_tumor,IDH_WT,8840,0,0,1,
HLCS,0.05963185964548231,OPC_GABA_like_tumor,IDH_WT,8841,0,0,1,
CCDC51,0.05957640870121313,OPC_GABA_like_tumor,IDH_WT,8842,0,0,1,
ZIK1,0.05957071383517513,cycling_tumor,IDH_WT,8843,0,0,1,
RMND1,0.059557968662758295,cycling_tumor,IDH_WT,8844,0,0,1,
ZNF672,0.05952672642387504,OPC_GABA_like_tumor,IDH_WT,8845,0,0,1,
C4orf33,0.059487419315656334,OPC_GABA_like_tumor,IDH_WT,8846,0,0,1,
LINC01816,0.059477722498845545,cycling_tumor,IDH_WT,8847,0,0,1,
HELZ2,0.059427388734264355,cycling_tumor,IDH_WT,8848,0,0,1,
TRIM11,0.059376793993794606,cycling_tumor,IDH_WT,8849,0,0,1,
POLDIP2,0.05936957836210947,cycling_tumor,IDH_Mutant,8850,0,0,1,
SMIM7,0.05935622744011111,cycling_tumor,IDH_WT,8851,0,0,1,
DLST,0.05932310597284639,OPC_GABA_like_tumor,IDH_WT,8852,0,0,1,
TFIP11,0.059263240241143954,cycling_tumor,IDH_WT,8853,0,0,1,
FGF7,0.05920178104616404,OPC_GABA_like_tumor,IDH_WT,8854,0,0,1,
ARMCX5,0.05899902215608738,OPC_GABA_like_tumor,IDH_WT,8855,0,0,1,
ARHGAP10,0.058989139752447094,cycling_tumor,IDH_WT,8856,0,0,1,
ARSE,0.05894371810683148,cycling_tumor,IDH_WT,8857,0,0,1,
METTL17,0.05870349262371037,OPC_GABA_like_tumor,IDH_WT,8858,0,0,1,
SLC19A1,0.05864217447881653,OPC_GABA_like_tumor,IDH_WT,8859,0,0,1,
NCOA5,0.058498661742339184,TAM1/TAM2/microglia,IDH_Mutant,8860,0,0,1,
CDHR1,0.05832196883852049,OPC_GABA_like_tumor,IDH_Mutant,8861,0,0,1,
BCLAF3,0.05825309703126634,OPC_GABA_like_tumor,IDH_WT,8862,0,0,1,
SPRTN,0.05822759284496354,cycling_tumor,IDH_WT,8863,0,0,1,
DHFR2,0.05814601234312283,OPC_GABA_like_tumor,IDH_WT,8864,0,0,1,
COX15,0.05810490300985086,cycling_tumor,IDH_WT,8865,0,0,0,
PLAA,0.05804209553489485,OPC_GABA_like_tumor,IDH_WT,8866,0,0,1,
FZR1,0.057985735837834874,cycling_tumor,IDH_Mutant,8867,0,0,1,
FKBP1B,0.057875757620978976,OPC_GABA_like_tumor,IDH_WT,8868,0,0,1,
UBE2C,0.05775639335807077,cycling_tumor,IDH_Mutant,8869,0,0,1,
VANGL2,0.05774220568136429,cycling_tumor,IDH_WT,8870,0,0,1,
KIF18A,0.057711825051810973,cycling_tumor,IDH_Mutant,8871,0,0,1,
MATR3.1,0.05761912746752026,cycling_tumor,IDH_Mutant,8872,0,0,1,
SLC35A3,0.05755614872990824,OPC_GABA_like_tumor,IDH_WT,8873,0,0,1,
CSPG4,0.05751678304730652,OPC_GABA_like_tumor,IDH_Mutant,8874,0,0,1,
TSHZ1,0.057383354118066145,cycling_tumor,IDH_Mutant,8875,0,0,1,
CCDC159,0.057362585146592836,cycling_tumor,IDH_WT,8876,0,0,1,
RPS6KA2,0.05729904555826916,OPC_GABA_like_tumor,IDH_WT,8877,0,0,0,
CNOT10,0.05717586444452227,OPC_GABA_like_tumor,IDH_WT,8878,0,0,1,
TP53I11,0.05711856046851286,TAM1/TAM2/microglia,IDH_WT,8879,0,0,1,
MAEA,0.05708580540383466,OPC_GABA_like_tumor,IDH_WT,8880,0,0,1,
U2AF2,0.0570778430218721,cycling_tumor,IDH_WT,8881,0,0,1,
AC087564.1,0.05696162213639359,TAM1/TAM2/microglia,IDH_Mutant,8882,0,0,1,
UTP3,0.05683044103160364,cycling_tumor,IDH_WT,8883,0,0,1,
HAUS3,0.05678324146556583,cycling_tumor,IDH_WT,8884,0,0,1,
APBA1,0.056689747868229466,TAM1/TAM2/microglia,IDH_Mutant,8885,0,0,1,
ATG4C,0.05667541829246262,cycling_tumor,IDH_WT,8886,0,0,1,
AL136987.1,0.05646083987634289,TAM1/TAM2/microglia,IDH_WT,8887,0,0,1,
CHGA,0.05631202523461992,OPC_GABA_like_tumor,IDH_Mutant,8888,0,0,1,
PTPRD-AS1,0.056295370944717184,cycling_tumor,IDH_WT,8889,0,0,1,
PNPLA6,0.05617931433301573,cycling_tumor,IDH_WT,8890,0,0,1,
ZNF514,0.0561352623713916,OPC_GABA_like_tumor,IDH_WT,8891,0,0,1,
BAG2,0.05612470891551095,OPC_GABA_like_tumor,IDH_WT,8892,0,0,1,
MED27,0.05610712984778384,cycling_tumor,IDH_Mutant,8893,0,0,1,
ZMYND19,0.05599131402542714,cycling_tumor,IDH_Mutant,8894,0,0,1,
ZMYM3,0.055919462719301746,OPC_GABA_like_tumor,IDH_WT,8895,0,0,1,
OGG1,0.05591932419098864,cycling_tumor,IDH_WT,8896,0,0,1,
EPB41L5,0.05590943578989501,cycling_tumor,IDH_Mutant,8897,0,0,1,
TRIP13,0.05589199925159606,cycling_tumor,IDH_WT,8898,0,0,1,
LDLRAD3,0.055827609155016125,cycling_tumor,IDH_WT,8899,0,0,1,
TFB2M,0.05579578974668599,OPC_GABA_like_tumor,IDH_WT,8900,0,0,1,
PAAF1,0.055737937484446685,OPC_GABA_like_tumor,IDH_WT,8901,0,0,1,
ATP11C,0.05572705454893865,OPC_GABA_like_tumor,IDH_WT,8902,0,0,1,
MSANTD4,0.055710826025333046,cycling_tumor,IDH_WT,8903,0,0,1,
ZNF793-AS1,0.055671397409054316,cycling_tumor,IDH_Mutant,8904,0,0,1,
DTD2,0.05566520471743931,OPC_GABA_like_tumor,IDH_WT,8905,0,0,1,
CNKSR3,0.05560140108470428,cycling_tumor,IDH_WT,8906,0,0,1,
AP3M2,0.05553568561893333,OPC_GABA_like_tumor,IDH_WT,8907,0,0,1,
TICRR,0.05545414180941201,cycling_tumor,IDH_WT,8908,0,0,1,
TMEM41A,0.055398205066210036,OPC_GABA_like_tumor,IDH_WT,8909,0,0,1,
SETMAR,0.055312263160918626,OPC_GABA_like_tumor,IDH_WT,8910,0,0,1,
LSS,0.05509251954512053,OPC_GABA_like_tumor,IDH_WT,8911,0,0,1,
MCM8,0.05508806850230876,cycling_tumor,IDH_Mutant,8912,0,0,1,
FLRT3,0.05506798928784732,OPC_GABA_like_tumor,IDH_WT,8913,0,0,1,
LRRC37B,0.05502640842658185,OPC_GABA_like_tumor,IDH_WT,8914,0,0,1,
HEATR3,0.054994775976176746,OPC_GABA_like_tumor,IDH_WT,8915,0,0,1,
ZNF548,0.05495093855781805,OPC_GABA_like_tumor,IDH_WT,8916,0,0,1,
ZNF12,0.05492938519425158,cycling_tumor,IDH_WT,8917,0,0,1,
PPAN,0.05486381814461001,OPC_GABA_like_tumor,IDH_WT,8918,0,0,1,
RELA,0.05478824041755803,cycling_tumor,IDH_WT,8919,0,0,1,
ALG10B,0.05476682474295143,cycling_tumor,IDH_Mutant,8920,0,0,1,
GPRASP1,0.054653319340907267,cycling_tumor,IDH_WT,8921,0,0,1,
RRNAD1,0.05465032681329927,cycling_tumor,IDH_Mutant,8922,0,0,1,
WWP1,0.054630690714110565,cycling_tumor,IDH_WT,8923,0,0,1,
SARM1,0.05452625003677397,OPC_GABA_like_tumor,IDH_WT,8924,0,0,1,
DUS4L,0.054498513645073535,OPC_GABA_like_tumor,IDH_WT,8925,0,0,1,
ENY2,0.054423898397514416,OPC_GABA_like_tumor,IDH_WT,8926,0,0,1,
USF1,0.05440170967006088,OPC_GABA_like_tumor,IDH_WT,8927,0,0,1,
NOC4L,0.05434080702117681,OPC_GABA_like_tumor,IDH_WT,8928,0,0,1,
TMEM39A,0.054171518878139834,OPC_GABA_like_tumor,IDH_WT,8929,0,0,1,
EPHB2,0.05414519578722624,cycling_tumor,IDH_WT,8930,0,0,1,
GPR158,0.05408812955391758,OPC_GABA_like_tumor,IDH_WT,8931,0,0,1,
KLHL28,0.054085009405019924,cycling_tumor,IDH_Mutant,8932,0,0,1,
POMGNT2,0.054031367840456035,cycling_tumor,IDH_WT,8933,0,0,1,
TMEM8B,0.05401375469644563,AC_like_tumor,IDH_Mutant,8934,0,0,1,
TWSG1,0.053895956150714054,cycling_tumor,IDH_WT,8935,0,0,1,
AL135925.1,0.05387424883422713,cycling_tumor,IDH_Mutant,8936,0,0,1,
MED6,0.05371261767460058,cycling_tumor,IDH_Mutant,8937,0,0,1,
PPIL2,0.05370328738707868,cycling_tumor,IDH_Mutant,8938,0,0,1,
POLR1E,0.05370155530114109,cycling_tumor,IDH_WT,8939,0,0,1,
TMEM80,0.053676101586648484,cycling_tumor,IDH_Mutant,8940,0,0,1,
INPP1,0.05366908001055774,cycling_tumor,IDH_Mutant,8941,0,0,1,
PLXNA3,0.05365985507597139,cycling_tumor,IDH_WT,8942,0,0,1,
DDHD2,0.05364615888291093,AC_like_tumor,IDH_Mutant,8943,0,0,1,
CDC16,0.05364025025448994,cycling_tumor,IDH_WT,8944,0,0,1,
QSOX2,0.05362707808088839,OPC_GABA_like_tumor,IDH_WT,8945,0,0,1,
C18orf32,0.05360890106966119,cycling_tumor,IDH_WT,8946,0,0,1,
STK32C,0.05347274817415796,OPC_GABA_like_tumor,IDH_WT,8947,0,0,1,
TEX261,0.05336342801565279,cycling_tumor,IDH_WT,8948,0,0,1,
CCDC171,0.05333453440520959,OPC_GABA_like_tumor,IDH_WT,8949,0,0,1,
EIF2AK3,0.05322493604901063,cycling_tumor,IDH_WT,8950,0,0,0,
OXSM,0.053220924463655415,OPC_GABA_like_tumor,IDH_WT,8951,0,0,1,
PSMA6,0.05308824014603865,OPC_GABA_like_tumor,IDH_WT,8952,0,0,1,
ERCC8,0.053037591616872826,OPC_GABA_like_tumor,IDH_WT,8953,0,0,1,
CEP128,0.052951417569997716,cycling_tumor,IDH_WT,8954,0,0,1,
LRP8,0.052947301251018895,cycling_tumor,IDH_WT,8955,0,0,1,
ENTPD5,0.052837801619524026,cycling_tumor,IDH_WT,8956,0,0,1,
THOC5,0.05282138120896414,OPC_GABA_like_tumor,IDH_WT,8957,0,0,1,
LYRM1,0.05271159383412503,cycling_tumor,IDH_WT,8958,0,0,1,
SIRT6,0.05262896646333644,OPC_GABA_like_tumor,IDH_WT,8959,0,0,1,
DZIP1,0.052606875137437226,AC_like_tumor,IDH_Mutant,8960,0,0,1,
ZNF232,0.05258447609821069,OPC_GABA_like_tumor,IDH_WT,8961,0,0,1,
ATG14,0.052568564222056316,OPC_GABA_like_tumor,IDH_WT,8962,0,0,1,
MRPL48,0.05250389924610185,OPC_GABA_like_tumor,IDH_WT,8963,0,0,0,
ZFP30,0.052454885926130325,cycling_tumor,IDH_WT,8964,0,0,1,
ZNF569,0.05235492710205871,OPC_GABA_like_tumor,IDH_WT,8965,0,0,1,
ZNF354C,0.05231936735261048,OPC_GABA_like_tumor,IDH_WT,8966,0,0,1,
AMMECR1,0.05230697671790102,cycling_tumor,IDH_WT,8967,0,0,1,
RBM4B,0.052264781252281144,OPC_GABA_like_tumor,IDH_WT,8968,0,0,1,
CEP104,0.052261236436818084,OPC_GABA_like_tumor,IDH_WT,8969,0,0,1,
DPF2,0.05224078836206884,cycling_tumor,IDH_WT,8970,0,0,1,
GUF1,0.05201946329081515,cycling_tumor,IDH_WT,8971,0,0,1,
KATNA1,0.05198834607010562,cycling_tumor,IDH_WT,8972,0,0,1,
GNAO1,0.051977217752467164,cycling_tumor,IDH_Mutant,8973,0,0,1,
HIST1H3C,0.05196429231169616,cycling_tumor,IDH_Mutant,8974,0,0,0,
TBC1D32,0.0519248756629519,OPC_GABA_like_tumor,IDH_WT,8975,0,0,1,
OSR2,0.051899806051084775,OPC_GABA_like_tumor,IDH_WT,8976,0,0,1,
SSB,0.051880076249495345,cycling_tumor,IDH_Mutant,8977,0,0,1,
DNAJC11,0.05187804040703542,OPC_GABA_like_tumor,IDH_WT,8978,0,0,1,
ATRIP,0.051770132738588104,cycling_tumor,IDH_WT,8979,0,0,1,
GABPA,0.05154361023763596,cycling_tumor,IDH_WT,8980,0,0,1,
NEMP1,0.051513973865615494,cycling_tumor,IDH_WT,8981,0,0,1,
ULK1,0.05150761085275799,cycling_tumor,IDH_WT,8982,0,0,1,
AMH,0.05150458668356976,cycling_tumor,IDH_WT,8983,0,0,1,
HAGHL,0.0514406050803229,OPC_GABA_like_tumor,IDH_WT,8984,0,0,1,
PRR3,0.05139199063466192,cycling_tumor,IDH_WT,8985,0,0,1,
NXF1,0.0513047611679899,cycling_tumor,IDH_WT,8986,0,0,1,
ZNF574,0.051087231584354534,cycling_tumor,IDH_WT,8987,0,0,1,
ERF,0.05081260653848478,cycling_tumor,IDH_WT,8988,0,0,1,
MDC1,0.05075993914954753,cycling_tumor,IDH_WT,8989,0,0,1,
DOCK6,0.0506693956508303,cycling_tumor,IDH_WT,8990,0,0,1,
EAF1,0.05061874155039685,OPC_GABA_like_tumor,IDH_WT,8991,0,0,1,
GSKIP,0.05051568722743244,OPC_GABA_like_tumor,IDH_WT,8992,0,0,1,
PCGF2,0.050507634012890136,cycling_tumor,IDH_Mutant,8993,0,0,1,
CRKL,0.050413087994498416,OPC_GABA_like_tumor,IDH_WT,8994,0,0,1,
MRPL49,0.05039188787956378,cycling_tumor,IDH_WT,8995,0,0,0,
AACS,0.05030281631182859,OPC_GABA_like_tumor,IDH_WT,8996,0,0,1,
EPM2A,0.05024525976620124,cycling_tumor,IDH_WT,8997,0,0,1,
DDX10,0.05021722673040676,cycling_tumor,IDH_WT,8998,0,0,1,
ZC3HC1,0.050161028350523905,cycling_tumor,IDH_Mutant,8999,0,0,1,
REXO4,0.04997581859373508,cycling_tumor,IDH_WT,9000,0,0,1,
E2F7,0.049921777321670226,cycling_tumor,IDH_Mutant,9001,0,0,1,
AC040169.1,0.049876211144967084,cycling_tumor,IDH_WT,9002,0,0,1,
POLR3G,0.049850408304639174,cycling_tumor,IDH_WT,9003,0,0,1,
ZNF606,0.049822186978778674,cycling_tumor,IDH_WT,9004,0,0,1,
KDELC2,0.049756745181604604,cycling_tumor,IDH_WT,9005,0,0,1,
ZSCAN21,0.04967744882280001,cycling_tumor,IDH_WT,9006,0,0,1,
POLA2,0.049582375056568054,cycling_tumor,IDH_Mutant,9007,0,0,1,
INF2,0.049426214766738315,OPC_GABA_like_tumor,IDH_WT,9008,0,0,1,
ZCCHC14,0.04933431778397256,OPC_GABA_like_tumor,IDH_WT,9009,0,0,1,
LNP1,0.04929667100385309,cycling_tumor,IDH_Mutant,9010,0,0,1,
MUTYH,0.04896377061353493,OPC_GABA_like_tumor,IDH_WT,9011,0,0,1,
RABEP2,0.048902717325167676,OPC_GABA_like_tumor,IDH_WT,9012,0,0,1,
CDK11A,0.04881706213365079,OPC_GABA_like_tumor,IDH_WT,9013,0,0,1,
PPOX,0.048775550893928335,cycling_tumor,IDH_Mutant,9014,0,0,1,
OTUD3,0.04873302584691762,cycling_tumor,IDH_WT,9015,0,0,1,
TTLL5,0.048730924612840835,OPC_GABA_like_tumor,IDH_WT,9016,0,0,1,
KIF18B,0.04865049178200311,cycling_tumor,IDH_WT,9017,0,0,1,
SBF1,0.04863291433269136,OPC_GABA_like_tumor,IDH_WT,9018,0,0,1,
RAD9A,0.048578524436141454,cycling_tumor,IDH_WT,9019,0,0,1,
CEP19,0.04855048955437752,cycling_tumor,IDH_WT,9020,0,0,1,
GUCY1B1,0.048427182778854196,cycling_tumor,IDH_WT,9021,0,0,1,
FLYWCH2,0.04838307184738157,cycling_tumor,IDH_Mutant,9022,0,0,1,
YARS2,0.04820898647354404,OPC_GABA_like_tumor,IDH_WT,9023,0,0,1,
XRCC3,0.04812327227276248,cycling_tumor,IDH_WT,9024,0,0,1,
TANGO2,0.04811611411359344,TAM1/TAM2/microglia,IDH_Mutant,9025,0,0,1,
AKNAD1,0.04808785018762367,cycling_tumor,IDH_WT,9026,0,0,1,
YJU2,0.04795574205017049,cycling_tumor,IDH_WT,9027,0,0,1,
ENTPD3-AS1,0.04791772518841304,cycling_tumor,IDH_WT,9028,0,0,1,
PARP12,0.047915079822872325,OPC_GABA_like_tumor,IDH_WT,9029,0,0,1,
PKD2,0.047904487387880765,TAM1/TAM2/microglia,IDH_Mutant,9030,0,0,1,
SLC48A1,0.047817800944129504,OPC_GABA_like_tumor,IDH_WT,9031,0,0,1,
KDM5D,0.047793851797176934,OPC_GABA_like_tumor,IDH_WT,9032,0,0,1,
RIMS1,0.047729752867872954,OPC_GABA_like_tumor,IDH_Mutant,9033,0,0,1,
KTI12,0.047721003999749226,OPC_GABA_like_tumor,IDH_WT,9034,0,0,1,
DDX25,0.047665091321220925,cycling_tumor,IDH_WT,9035,0,0,1,
HCFC2,0.04762912083473995,OPC_GABA_like_tumor,IDH_WT,9036,0,0,1,
ORC2,0.04754640457478117,cycling_tumor,IDH_WT,9037,0,0,1,
GTF2E1,0.04753112403044842,cycling_tumor,IDH_WT,9038,0,0,1,
FAM213B,0.04750740965003662,cycling_tumor,IDH_WT,9039,0,0,1,
STRIP1,0.047475639700058955,OPC_GABA_like_tumor,IDH_WT,9040,0,0,1,
CERCAM,0.04734859563774898,OPC_GABA_like_tumor,IDH_WT,9041,0,0,1,
PIGQ,0.04730141314606801,cycling_tumor,IDH_Mutant,9042,0,0,1,
RCC1,0.047299569198160155,cycling_tumor,IDH_WT,9043,0,0,1,
POLR3F,0.04718401445691911,OPC_GABA_like_tumor,IDH_WT,9044,0,0,1,
CUTC,0.047092863555328504,cycling_tumor,IDH_WT,9045,0,0,1,
KIAA0895L,0.047073143363742756,cycling_tumor,IDH_Mutant,9046,0,0,1,
RARA,0.04706687560980279,cycling_tumor,IDH_WT,9047,0,0,1,
FAM27C,0.0470366439304133,cycling_tumor,IDH_WT,9048,0,0,1,
DGCR8,0.04701289156716605,cycling_tumor,IDH_Mutant,9049,0,0,1,
C6orf47,0.04697742514981276,cycling_tumor,IDH_Mutant,9050,0,0,1,
SP4,0.04693433741498753,cycling_tumor,IDH_WT,9051,0,0,1,
PRKCD,0.04683421384070806,TAM1/TAM2/microglia,IDH_WT,9052,0,0,1,
CENPP,0.04670497111497627,cycling_tumor,IDH_WT,9053,0,0,1,
XPNPEP3,0.04666942532658641,OPC_GABA_like_tumor,IDH_WT,9054,0,0,1,
EYA1,0.046590185830086554,cycling_tumor,IDH_Mutant,9055,0,0,1,
FKBPL,0.046562394267613674,cycling_tumor,IDH_Mutant,9056,0,0,1,
RHBDF1,0.046438077122360255,OPC_GABA_like_tumor,IDH_WT,9057,0,0,1,
TMEM201,0.04639564000788697,cycling_tumor,IDH_WT,9058,0,0,1,
LIN9,0.0463883652629604,cycling_tumor,IDH_Mutant,9059,0,0,1,
CDH10,0.04637099818416057,cycling_tumor,IDH_Mutant,9060,0,0,1,
C6orf136,0.04633000880170001,cycling_tumor,IDH_Mutant,9061,0,0,1,
ASTE1,0.04621657429002201,OPC_GABA_like_tumor,IDH_WT,9062,0,0,1,
CNPPD1,0.04616457102054884,cycling_tumor,IDH_WT,9063,0,0,1,
ZNF282,0.045950627656872,cycling_tumor,IDH_WT,9064,0,0,1,
REXO1,0.04590243884649187,OPC_GABA_like_tumor,IDH_WT,9065,0,0,1,
CYP51A1,0.04583581298501567,OPC_GABA_like_tumor,IDH_WT,9066,0,0,1,
POLE,0.045801858664647845,cycling_tumor,IDH_WT,9067,0,0,1,
MCEE,0.04567200394107549,OPC_GABA_like_tumor,IDH_WT,9068,0,0,1,
DHTKD1,0.04549202336122031,cycling_tumor,IDH_WT,9069,0,0,1,
ADAMTS6,0.04547737243844611,cycling_tumor,IDH_Mutant,9070,0,0,1,
AK9,0.04539091340800642,cycling_tumor,IDH_WT,9071,0,0,1,
C21orf91,0.04537201837991871,cycling_tumor,IDH_WT,9072,0,0,1,
B3GALNT2,0.04537166318643153,cycling_tumor,IDH_Mutant,9073,0,0,1,
MRRF,0.045352593653466014,cycling_tumor,IDH_WT,9074,0,0,1,
ZNF236,0.04509517364174054,OPC_GABA_like_tumor,IDH_WT,9075,0,0,1,
FKBP7,0.04507934284298944,OPC_GABA_like_tumor,IDH_WT,9076,0,0,1,
SART1,0.04507488550118356,OPC_GABA_like_tumor,IDH_WT,9077,0,0,1,
ZCCHC8,0.045053508801347564,cycling_tumor,IDH_Mutant,9078,0,0,1,
ZNF551,0.04503012863307724,cycling_tumor,IDH_WT,9079,0,0,1,
PEX26,0.04502577891147478,OPC_GABA_like_tumor,IDH_WT,9080,0,0,1,
TBP,0.045012703916833305,cycling_tumor,IDH_WT,9081,0,0,1,
ZNF536,0.045003448804976934,cycling_tumor,IDH_WT,9082,0,0,1,
GTF3C5,0.044944426591034294,cycling_tumor,IDH_WT,9083,0,0,1,
NIFK-AS1,0.04485041770184582,cycling_tumor,IDH_Mutant,9084,0,0,1,
GTPBP3,0.04484957561012876,OPC_GABA_like_tumor,IDH_WT,9085,0,0,1,
WDR5,0.04484445021096689,OPC_GABA_like_tumor,IDH_WT,9086,0,0,1,
ZNF219,0.044825217660121895,OPC_GABA_like_tumor,IDH_WT,9087,0,0,1,
USP28,0.044561205010563834,cycling_tumor,IDH_WT,9088,0,0,1,
HDAC5,0.04451355282926621,cycling_tumor,IDH_WT,9089,0,0,1,
KIF24,0.0445112353603188,cycling_tumor,IDH_WT,9090,0,0,1,
MON1A,0.04451086926226226,cycling_tumor,IDH_WT,9091,0,0,1,
ZBED4,0.04449899242955539,OPC_GABA_like_tumor,IDH_WT,9092,0,0,1,
PUS3,0.04448714611878577,cycling_tumor,IDH_Mutant,9093,0,0,1,
ZFP14,0.044471588095056226,cycling_tumor,IDH_WT,9094,0,0,1,
LEMD3,0.044461078887255,cycling_tumor,IDH_WT,9095,0,0,1,
GTPBP10,0.04438281575352486,cycling_tumor,IDH_WT,9096,0,0,1,
SNCAIP,0.04438176330178556,OPC_GABA_like_tumor,IDH_WT,9097,0,0,1,
RNF139,0.044377388718195014,OPC_GABA_like_tumor,IDH_WT,9098,0,0,1,
CCHCR1,0.04435003813692963,cycling_tumor,IDH_WT,9099,0,0,1,
METTL8,0.04434040883782363,cycling_tumor,IDH_WT,9100,0,0,1,
HACE1,0.04430938309476791,OPC_GABA_like_tumor,IDH_WT,9101,0,0,1,
SPIN4,0.04406823243673719,cycling_tumor,IDH_WT,9102,0,0,1,
SLC2A8,0.04404939736760427,OPC_GABA_like_tumor,IDH_WT,9103,0,0,1,
PRDM4,0.04403020809177589,OPC_GABA_like_tumor,IDH_WT,9104,0,0,1,
ZNF611,0.043984337245922545,OPC_GABA_like_tumor,IDH_WT,9105,0,0,1,
TMCO3,0.04397627061092581,cycling_tumor,IDH_Mutant,9106,0,0,1,
C2orf27B,0.043883708226270704,OPC_GABA_like_tumor,IDH_WT,9107,0,0,1,
CNTROB,0.04379521728414491,cycling_tumor,IDH_Mutant,9108,0,0,1,
B4GALT6,0.04379142531298282,cycling_tumor,IDH_WT,9109,0,0,1,
WARS2,0.043715299765246324,cycling_tumor,IDH_WT,9110,0,0,1,
PRKAB2,0.0436225061308799,OPC_GABA_like_tumor,IDH_WT,9111,0,0,1,
CCDC93,0.04359505036527924,cycling_tumor,IDH_WT,9112,0,0,1,
LPCAT3,0.04357204245505423,OPC_GABA_like_tumor,IDH_WT,9113,0,0,1,
DSCC1,0.043559711590085516,cycling_tumor,IDH_WT,9114,0,0,1,
CDR2L,0.043538251725523544,cycling_tumor,IDH_WT,9115,0,0,1,
SNX11,0.04348701878104061,OPC_GABA_like_tumor,IDH_WT,9116,0,0,1,
MLYCD,0.04337352012910667,cycling_tumor,IDH_Mutant,9117,0,0,1,
AKAP8,0.04335949992195391,OPC_GABA_like_tumor,IDH_WT,9118,0,0,1,
AL359513.1,0.04324024171513592,cycling_tumor,IDH_Mutant,9119,0,0,1,
DHCR7,0.043216152688465355,OPC_GABA_like_tumor,IDH_WT,9120,0,0,1,
NKRF,0.043152699645116074,OPC_GABA_like_tumor,IDH_WT,9121,0,0,1,
SLC25A46,0.04313982131285436,cycling_tumor,IDH_WT,9122,0,0,1,
AC016065.1,0.04303697829582705,OPC_GABA_like_tumor,IDH_WT,9123,0,0,1,
FOXRED2,0.04301860137427134,cycling_tumor,IDH_WT,9124,0,0,1,
KNOP1,0.04301705180386305,cycling_tumor,IDH_Mutant,9125,0,0,1,
ZNF90,0.0429543089929658,cycling_tumor,IDH_WT,9126,0,0,1,
LMAN2L,0.042937437835775846,cycling_tumor,IDH_WT,9127,0,0,1,
AC025159.1,0.04287335436892694,cycling_tumor,IDH_WT,9128,0,0,1,
ELN,0.04272262521061529,cycling_tumor,IDH_Mutant,9129,0,0,1,
ZCCHC3,0.042450737069419514,cycling_tumor,IDH_Mutant,9130,0,0,1,
IPO8,0.042441932321179175,OPC_GABA_like_tumor,IDH_WT,9131,0,0,1,
AC139530.1,0.04231117172645893,cycling_tumor,IDH_Mutant,9132,0,0,1,
BCL11A,0.04230846728467213,cycling_tumor,IDH_WT,9133,0,0,1,
BANP,0.042300303471360164,cycling_tumor,IDH_WT,9134,0,0,1,
ZNF718,0.042248264239790737,cycling_tumor,IDH_WT,9135,0,0,1,
EXOC2,0.042200589221877596,OPC_GABA_like_tumor,IDH_WT,9136,0,0,1,
LRCH2,0.04197629981222808,cycling_tumor,IDH_WT,9137,0,0,1,
ATP13A2,0.041862657699944905,OPC_GABA_like_tumor,IDH_WT,9138,0,0,1,
WDR44,0.04180662193888822,cycling_tumor,IDH_WT,9139,0,0,1,
XRCC4,0.04169923407065129,OPC_GABA_like_tumor,IDH_WT,9140,0,0,1,
MIER3,0.04165518393438111,cycling_tumor,IDH_WT,9141,0,0,1,
AC012640.2,0.041648859275840236,OPC_GABA_like_tumor,IDH_WT,9142,0,0,1,
NUS1,0.04159521178596358,OPC_GABA_like_tumor,IDH_WT,9143,0,0,1,
STXBP6,0.041554541215289155,cycling_tumor,IDH_Mutant,9144,0,0,1,
MTF1,0.04155001639501248,cycling_tumor,IDH_WT,9145,0,0,1,
TEX2,0.04153402175054702,cycling_tumor,IDH_WT,9146,0,0,1,
FAM200A,0.041486108131462696,cycling_tumor,IDH_WT,9147,0,0,1,
UHRF1BP1,0.04148321478785713,cycling_tumor,IDH_WT,9148,0,0,1,
CSTF2T,0.04146043903865905,cycling_tumor,IDH_Mutant,9149,0,0,1,
FBXW8,0.041399664472429765,OPC_GABA_like_tumor,IDH_WT,9150,0,0,1,
TDP1,0.04139664780728659,cycling_tumor,IDH_WT,9151,0,0,1,
CNST,0.04130754486719805,OPC_GABA_like_tumor,IDH_WT,9152,0,0,1,
RCBTB1,0.04126996768719303,cycling_tumor,IDH_WT,9153,0,0,1,
QRSL1,0.041254116731005,OPC_GABA_like_tumor,IDH_WT,9154,0,0,1,
POLA1,0.04122007588697524,cycling_tumor,IDH_WT,9155,0,0,1,
STK32B,0.04119581454270403,cycling_tumor,IDH_WT,9156,0,0,1,
NPPA,0.04109244598709839,OPC_GABA_like_tumor,IDH_Mutant,9157,0,0,1,
NOL6,0.0409378487343044,OPC_GABA_like_tumor,IDH_WT,9158,0,0,1,
TESK1,0.040865544782521905,cycling_tumor,IDH_WT,9159,0,0,1,
ENKD1,0.04082429498327016,cycling_tumor,IDH_Mutant,9160,0,0,1,
CXorf57,0.040816318219252724,cycling_tumor,IDH_WT,9161,0,0,1,
HSD11B1L,0.04070880194392092,cycling_tumor,IDH_Mutant,9162,0,0,1,
FKTN,0.040631024557241775,OPC_GABA_like_tumor,IDH_WT,9163,0,0,1,
ZNF701,0.04061950672442717,cycling_tumor,IDH_WT,9164,0,0,1,
ZFP1,0.04060508284217109,OPC_GABA_like_tumor,IDH_WT,9165,0,0,1,
CENPS,0.040600516043385985,cycling_tumor,IDH_WT,9166,0,0,1,
SLC5A6,0.04058929748504373,cycling_tumor,IDH_WT,9167,0,0,1,
PATZ1,0.04041688887405192,cycling_tumor,IDH_WT,9168,0,0,1,
C1orf56,0.040340415231743934,OPC_GABA_like_tumor,IDH_WT,9169,0,0,1,
ZNF34,0.040305661952048474,OPC_GABA_like_tumor,IDH_WT,9170,0,0,1,
RGL2,0.040229764806575134,cycling_tumor,IDH_WT,9171,0,0,1,
MAPKAPK5,0.040210870670693885,OPC_GABA_like_tumor,IDH_WT,9172,0,0,1,
RARRES1,0.04018641097193023,cycling_tumor,IDH_WT,9173,0,0,1,
TRMT61A,0.04016657677435131,cycling_tumor,IDH_WT,9174,0,0,1,
DCBLD1,0.04014280670138173,OPC_GABA_like_tumor,IDH_WT,9175,0,0,1,
TBCD,0.04013893839999608,OPC_GABA_like_tumor,IDH_WT,9176,0,0,1,
GTF2H1,0.040125663718754465,cycling_tumor,IDH_WT,9177,0,0,1,
UBTD2,0.03993227950776056,OPC_GABA_like_tumor,IDH_WT,9178,0,0,1,
AP3M1,0.03987355504904365,OPC_GABA_like_tumor,IDH_WT,9179,0,0,1,
ALDH5A1,0.039826479328941025,OPC_GABA_like_tumor,IDH_WT,9180,0,0,1,
TRIQK,0.039824298807463,OPC_GABA_like_tumor,IDH_WT,9181,0,0,1,
ZNF730,0.03980003740621405,cycling_tumor,IDH_Mutant,9182,0,0,1,
TRIM52,0.03977232665180538,cycling_tumor,IDH_WT,9183,0,0,1,
FKBP14,0.03969315809426509,cycling_tumor,IDH_WT,9184,0,0,1,
NPTXR,0.03964633791255752,OPC_GABA_like_tumor,IDH_WT,9185,0,0,1,
SLC25A28,0.039532204935425266,cycling_tumor,IDH_Mutant,9186,0,0,1,
COMMD3,0.03949754356156699,OPC_GABA_like_tumor,IDH_WT,9187,0,0,1,
UBQLN4,0.03948798775585251,cycling_tumor,IDH_WT,9188,0,0,1,
HSF1,0.03945251495247799,OPC_GABA_like_tumor,IDH_WT,9189,0,0,1,
DRG2,0.03934489092414478,OPC_GABA_like_tumor,IDH_WT,9190,0,0,1,
SLC25A20,0.03933238250398842,cycling_tumor,IDH_WT,9191,0,0,1,
OTUD5,0.03930488321295005,cycling_tumor,IDH_WT,9192,0,0,1,
INPP5F,0.03920098385064863,cycling_tumor,IDH_Mutant,9193,0,0,1,
ARHGEF11,0.039162640261876575,cycling_tumor,IDH_WT,9194,0,0,1,
IGF2R,0.03908842340992477,OPC_GABA_like_tumor,IDH_WT,9195,0,0,1,
BBS4,0.0388928860547624,cycling_tumor,IDH_WT,9196,0,0,1,
NAALAD2,0.03876873875876766,OPC_GABA_like_tumor,IDH_WT,9197,0,0,1,
TEPSIN,0.038717634394855975,cycling_tumor,IDH_WT,9198,0,0,1,
SOWAHC,0.038707339193346894,OPC_GABA_like_tumor,IDH_WT,9199,0,0,1,
KLHL13,0.038682580522088075,cycling_tumor,IDH_Mutant,9200,0,0,1,
ZNF654,0.03859413288340038,cycling_tumor,IDH_WT,9201,0,0,1,
THAP1,0.038528823080505016,OPC_GABA_like_tumor,IDH_WT,9202,0,0,1,
RBM41,0.03840746805896428,cycling_tumor,IDH_WT,9203,0,0,1,
NAPEPLD,0.03840189559338506,cycling_tumor,IDH_Mutant,9204,0,0,1,
TMTC2,0.03838859548480989,cycling_tumor,IDH_WT,9205,0,0,1,
PROSER1,0.038308330407906446,OPC_GABA_like_tumor,IDH_WT,9206,0,0,1,
GNB5,0.03811839290226917,cycling_tumor,IDH_Mutant,9207,0,0,1,
PLEKHA1,0.03805614447167884,cycling_tumor,IDH_WT,9208,0,0,1,
TMEM64,0.03805355889177143,cycling_tumor,IDH_WT,9209,0,0,1,
PIF1,0.03804551749252353,cycling_tumor,IDH_WT,9210,0,0,1,
DBT,0.03801285254392754,cycling_tumor,IDH_WT,9211,0,0,1,
NIF3L1,0.03796919989007286,OPC_GABA_like_tumor,IDH_WT,9212,0,0,1,
WDR11,0.03787268883194397,cycling_tumor,IDH_WT,9213,0,0,1,
HEATR6,0.0378338675212604,cycling_tumor,IDH_WT,9214,0,0,1,
RARA-AS1,0.037735348388824405,cycling_tumor,IDH_WT,9215,0,0,1,
FTSJ1,0.03759882256801249,OPC_GABA_like_tumor,IDH_WT,9216,0,0,1,
NRGN,0.03757524002515562,cycling_tumor,IDH_Mutant,9217,0,0,1,
GSG1L,0.037353005003587354,cycling_tumor,IDH_WT,9218,0,0,1,
LMTK2,0.03732212592858504,OPC_GABA_like_tumor,IDH_WT,9219,0,0,1,
DPY19L3,0.03714511782828748,cycling_tumor,IDH_Mutant,9220,0,0,1,
APOLD1,0.03691262132877597,cycling_tumor,IDH_Mutant,9221,0,0,1,
SMPD1,0.036869193056846265,cycling_tumor,IDH_WT,9222,0,0,1,
AC240274.1,0.03673862244410605,cycling_tumor,IDH_WT,9223,0,0,1,
DEDD2,0.036659735499902577,cycling_tumor,IDH_WT,9224,0,0,1,
DDX54,0.03663532542925213,cycling_tumor,IDH_WT,9225,0,0,1,
SELENOO,0.03653667846161748,cycling_tumor,IDH_WT,9226,0,0,1,
TYRO3,0.0364900603395857,OPC_GABA_like_tumor,IDH_Mutant,9227,0,0,1,
NSUN6,0.03639699282220454,cycling_tumor,IDH_WT,9228,0,0,1,
TAF1A,0.036385861138711464,cycling_tumor,IDH_WT,9229,0,0,1,
OCIAD1,0.036362216310453235,cycling_tumor,IDH_WT,9230,0,0,1,
YPEL2,0.03632389000658579,cycling_tumor,IDH_WT,9231,0,0,1,
NDFIP2,0.03626832595631327,OPC_GABA_like_tumor,IDH_WT,9232,0,0,1,
ERN1,0.03625636034610273,cycling_tumor,IDH_WT,9233,0,0,1,
TRIP4,0.036211117677561154,cycling_tumor,IDH_WT,9234,0,0,1,
USP31,0.03614026758659043,cycling_tumor,IDH_WT,9235,0,0,1,
ZNF684,0.03608227884633397,cycling_tumor,IDH_WT,9236,0,0,1,
IRGQ,0.03599504707696806,cycling_tumor,IDH_WT,9237,0,0,1,
XPNPEP1,0.035978809669124916,cycling_tumor,IDH_WT,9238,0,0,1,
RALGAPB,0.03568107279315572,cycling_tumor,IDH_WT,9239,0,0,1,
DBF4B,0.035635231511264215,cycling_tumor,IDH_WT,9240,0,0,1,
IKZF4,0.035539488947721694,cycling_tumor,IDH_WT,9241,0,0,1,
GOT1,0.0355355699196819,cycling_tumor,IDH_WT,9242,0,0,1,
KLHL22,0.035510749240354425,cycling_tumor,IDH_WT,9243,0,0,1,
ZNF557,0.0354154168410704,cycling_tumor,IDH_WT,9244,0,0,1,
SRF,0.03530455683638828,cycling_tumor,IDH_WT,9245,0,0,1,
NT5M,0.03529098412606233,cycling_tumor,IDH_Mutant,9246,0,0,1,
ZNF7,0.03528763282681395,cycling_tumor,IDH_WT,9247,0,0,1,
ZNF510,0.03526997189204647,OPC_GABA_like_tumor,IDH_WT,9248,0,0,1,
ABCF3,0.03525838251112444,OPC_GABA_like_tumor,IDH_WT,9249,0,0,1,
MTFR2,0.03517088049724409,cycling_tumor,IDH_WT,9250,0,0,1,
ASB3,0.03512514281889194,OPC_GABA_like_tumor,IDH_WT,9251,0,0,1,
CTDP1,0.03497876881051117,cycling_tumor,IDH_WT,9252,0,0,1,
ZNF445,0.034829588500711696,OPC_GABA_like_tumor,IDH_WT,9253,0,0,1,
TBC1D31,0.03458162644701822,cycling_tumor,IDH_WT,9254,0,0,1,
ZSCAN16,0.034573225385609314,cycling_tumor,IDH_WT,9255,0,0,1,
WDR13,0.03445681161894893,cycling_tumor,IDH_Mutant,9256,0,0,1,
DOHH,0.03442842750623641,cycling_tumor,IDH_WT,9257,0,0,1,
ERO1B,0.03441486976605036,cycling_tumor,IDH_WT,9258,0,0,1,
HHLA3,0.03437064657612147,cycling_tumor,IDH_WT,9259,0,0,1,
RPUSD1,0.03433714051040837,OPC_GABA_like_tumor,IDH_WT,9260,0,0,1,
CCDC117,0.0342735069205973,cycling_tumor,IDH_WT,9261,0,0,1,
SCX,0.03392180933328677,OPC_GABA_like_tumor,IDH_Mutant,9262,0,0,1,
BAP1,0.03390746510689564,cycling_tumor,IDH_WT,9263,0,0,1,
LMO7,0.03385446940430308,cycling_tumor,IDH_WT,9264,0,0,1,
MAPK8IP1,0.03369525271117338,cycling_tumor,IDH_Mutant,9265,0,0,1,
GRK4,0.03360409512426049,cycling_tumor,IDH_Mutant,9266,0,0,1,
FAM122B,0.03359695470233241,cycling_tumor,IDH_WT,9267,0,0,1,
WDR92,0.0334392802847379,cycling_tumor,IDH_WT,9268,0,0,1,
AC099778.1,0.033349472296185,cycling_tumor,IDH_WT,9269,0,0,1,
GIGYF1,0.03325010229816174,cycling_tumor,IDH_WT,9270,0,0,1,
TSTD2,0.03302380322432623,cycling_tumor,IDH_WT,9271,0,0,1,
SLC16A1-AS1,0.032993450410950205,cycling_tumor,IDH_WT,9272,0,0,1,
POLR3C,0.03290921911005139,cycling_tumor,IDH_WT,9273,0,0,1,
BAK1,0.032872371996408176,cycling_tumor,IDH_WT,9274,0,0,1,
BRINP3,0.03287016151888221,cycling_tumor,IDH_Mutant,9275,0,0,1,
DCBLD2,0.03283789198918054,OPC_GABA_like_tumor,IDH_WT,9276,0,0,1,
ADSL,0.03282718211277534,cycling_tumor,IDH_WT,9277,0,0,1,
PGAP2,0.03269291848228375,cycling_tumor,IDH_WT,9278,0,0,1,
MKI67,0.03268405052247549,cycling_tumor,IDH_Mutant,9279,0,0,1,
ACAD8,0.03256848485021789,cycling_tumor,IDH_WT,9280,0,0,1,
CSGALNACT2,0.032564925619233714,OPC_GABA_like_tumor,IDH_WT,9281,0,0,1,
NRSN2,0.03251771997177184,cycling_tumor,IDH_Mutant,9282,0,0,1,
C8orf88,0.03244288142578783,cycling_tumor,IDH_WT,9283,0,0,1,
JPT2,0.032413766817465564,cycling_tumor,IDH_WT,9284,0,0,1,
CDK9,0.032403512674637515,cycling_tumor,IDH_WT,9285,0,0,1,
RAD54L,0.032381841879493764,cycling_tumor,IDH_WT,9286,0,0,1,
C12orf4,0.03225907724832742,cycling_tumor,IDH_WT,9287,0,0,1,
BAG4,0.032139173632248205,cycling_tumor,IDH_WT,9288,0,0,1,
BCAT2,0.031947993898028965,cycling_tumor,IDH_WT,9289,0,0,1,
PEX7,0.031840854069852355,cycling_tumor,IDH_WT,9290,0,0,1,
PPP1R12B,0.03162647897981079,OPC_GABA_like_tumor,IDH_WT,9291,0,0,1,
THAP2,0.03162155218468986,cycling_tumor,IDH_WT,9292,0,0,1,
SLC25A14,0.03148070343106319,cycling_tumor,IDH_WT,9293,0,0,1,
TRMT13,0.03146548623837386,OPC_GABA_like_tumor,IDH_WT,9294,0,0,1,
SCO1,0.03137896564896149,OPC_GABA_like_tumor,IDH_WT,9295,0,0,1,
IQGAP3,0.031358151901964046,cycling_tumor,IDH_WT,9296,0,0,1,
SERAC1,0.03127895294993027,OPC_GABA_like_tumor,IDH_WT,9297,0,0,1,
PRPF3,0.03127811575598118,cycling_tumor,IDH_WT,9298,0,0,1,
LMCD1,0.031258994871710966,cycling_tumor,IDH_WT,9299,0,0,1,
TAF5L,0.031220117208783277,cycling_tumor,IDH_WT,9300,0,0,1,
B4GALT7,0.031124919320848314,cycling_tumor,IDH_WT,9301,0,0,1,
SIN3A,0.031059064182192085,TAM1/TAM2/microglia,IDH_Mutant,9302,0,0,1,
ZDHHC2,0.030910029934430927,cycling_tumor,IDH_WT,9303,0,0,1,
LYSMD3,0.030757356037856252,cycling_tumor,IDH_WT,9304,0,0,1,
ALAD,0.0306639013797017,OPC_GABA_like_tumor,IDH_WT,9305,0,0,1,
CDH24,0.030638337618467532,cycling_tumor,IDH_Mutant,9306,0,0,1,
FAM117B,0.0305039892658939,AC_like_tumor,IDH_Mutant,9307,0,0,1,
CARNMT1,0.03032811722013764,OPC_GABA_like_tumor,IDH_WT,9308,0,0,1,
CCNF,0.030150910540482256,cycling_tumor,IDH_WT,9309,0,0,1,
GFM2,0.030105717010682827,cycling_tumor,IDH_WT,9310,0,0,1,
NAXD,0.030096650552026545,cycling_tumor,IDH_WT,9311,0,0,1,
INSIG2,0.029757616083628126,OPC_GABA_like_tumor,IDH_WT,9312,0,0,1,
CDK5RAP1,0.029593426698111568,cycling_tumor,IDH_WT,9313,0,0,1,
DDX19A,0.029489065190011033,cycling_tumor,IDH_WT,9314,0,0,1,
ANKRD13C,0.029483244210949954,cycling_tumor,IDH_WT,9315,0,0,1,
IRX5,0.029440527194608344,cycling_tumor,IDH_WT,9316,0,0,1,
ARMCX4,0.029404760535756146,cycling_tumor,IDH_WT,9317,0,0,1,
MTMR2,0.02938062609769073,cycling_tumor,IDH_Mutant,9318,0,0,1,
ICA1L,0.029344511802158968,cycling_tumor,IDH_Mutant,9319,0,0,1,
EXO1,0.029341935252816198,cycling_tumor,IDH_WT,9320,0,0,1,
CCZ1B,0.029189496557024602,cycling_tumor,IDH_WT,9321,0,0,1,
HAUS5,0.02912920323842142,cycling_tumor,IDH_WT,9322,0,0,1,
HIST1H2BN,0.029063478565130918,cycling_tumor,IDH_WT,9323,0,0,0,
PIGS,0.02904872138301069,cycling_tumor,IDH_WT,9324,0,0,1,
HKR1,0.02892702462600716,cycling_tumor,IDH_WT,9325,0,0,1,
TCF7,0.02886647659354369,cycling_tumor,IDH_WT,9326,0,0,1,
C2orf68,0.028812202502688077,cycling_tumor,IDH_WT,9327,0,0,1,
HIST1H3J,0.028810750305998896,cycling_tumor,IDH_WT,9328,0,0,0,
NPRL2,0.02877362768816159,cycling_tumor,IDH_WT,9329,0,0,1,
GINS3,0.028500043851886238,cycling_tumor,IDH_Mutant,9330,0,0,1,
NARFL,0.028196767212720124,cycling_tumor,IDH_Mutant,9331,0,0,1,
PYGO1,0.028183308841632476,cycling_tumor,IDH_Mutant,9332,0,0,1,
RALGPS1,0.028036349013559815,cycling_tumor,IDH_Mutant,9333,0,0,1,
FAM189B,0.027965829146197496,cycling_tumor,IDH_WT,9334,0,0,1,
ZFP91,0.027908530354277483,cycling_tumor,IDH_Mutant,9335,0,0,1,
DARS2,0.027895251239844553,cycling_tumor,IDH_WT,9336,0,0,1,
GDAP2,0.027852400386985426,OPC_GABA_like_tumor,IDH_WT,9337,0,0,1,
IPO11,0.027812508007413382,cycling_tumor,IDH_WT,9338,0,0,1,
DNAJC14,0.02779654182828556,cycling_tumor,IDH_WT,9339,0,0,1,
SEC16A,0.027628161323683897,OPC_GABA_like_tumor,IDH_WT,9340,0,0,1,
ZNF324,0.027558480205206497,cycling_tumor,IDH_WT,9341,0,0,1,
NDC1,0.02726869701467364,cycling_tumor,IDH_WT,9342,0,0,1,
GGA3,0.027251948525666276,cycling_tumor,IDH_WT,9343,0,0,1,
CYP4V2,0.027196643285199357,cycling_tumor,IDH_WT,9344,0,0,1,
NACC1,0.02718815007190887,cycling_tumor,IDH_WT,9345,0,0,1,
PARD6A,0.027089915226091478,cycling_tumor,IDH_Mutant,9346,0,0,1,
CEP112,0.027054873552338026,cycling_tumor,IDH_WT,9347,0,0,1,
PRMT3,0.02700358177456923,cycling_tumor,IDH_WT,9348,0,0,1,
CMTR2,0.02698123965546938,cycling_tumor,IDH_WT,9349,0,0,1,
RMC1,0.026934221798672643,OPC_GABA_like_tumor,IDH_WT,9350,0,0,1,
TAF8,0.026855678070213617,cycling_tumor,IDH_WT,9351,0,0,1,
MTMR1,0.026825110126138176,cycling_tumor,IDH_Mutant,9352,0,0,1,
FGF14-AS2,0.02674115352320794,cycling_tumor,IDH_Mutant,9353,0,0,1,
POLH,0.026421551962163475,cycling_tumor,IDH_Mutant,9354,0,0,1,
AC092691.1,0.026394412161176956,OPC_GABA_like_tumor,IDH_WT,9355,0,0,1,
CACTIN,0.026159133040458044,cycling_tumor,IDH_WT,9356,0,0,1,
INCENP,0.026109656257428438,cycling_tumor,IDH_WT,9357,0,0,1,
ZBTB8A,0.02570340839863709,cycling_tumor,IDH_Mutant,9358,0,0,1,
GNAZ,0.02565372423651971,cycling_tumor,IDH_WT,9359,0,0,1,
KATNAL2,0.025593878728148826,cycling_tumor,IDH_WT,9360,0,0,1,
GGT7,0.025532258709567417,OPC_GABA_like_tumor,IDH_WT,9361,0,0,1,
MANEAL,0.025442270135128297,cycling_tumor,IDH_Mutant,9362,0,0,1,
LINC00476,0.025345809776428873,cycling_tumor,IDH_WT,9363,0,0,1,
RNF44,0.025266095160312068,OPC_GABA_like_tumor,IDH_WT,9364,0,0,1,
SLC7A1,0.025146937140540282,cycling_tumor,IDH_Mutant,9365,0,0,1,
SH3GLB2,0.025089057961988088,cycling_tumor,IDH_WT,9366,0,0,1,
BDH1,0.025071198104910365,OPC_GABA_like_tumor,IDH_WT,9367,0,0,1,
TNS1,0.025029449725677055,cycling_tumor,IDH_WT,9368,0,0,1,
WRAP53,0.02495714304027809,cycling_tumor,IDH_Mutant,9369,0,0,1,
ZNF844,0.024912490163396882,cycling_tumor,IDH_WT,9370,0,0,1,
ATF6B,0.02487828980815167,cycling_tumor,IDH_WT,9371,0,0,1,
KATNAL1,0.024871371692179435,cycling_tumor,IDH_WT,9372,0,0,1,
CCDC15,0.024837803161100867,cycling_tumor,IDH_Mutant,9373,0,0,1,
AP1AR,0.024644110074561715,OPC_GABA_like_tumor,IDH_WT,9374,0,0,1,
BTBD3,0.02455047396207507,cycling_tumor,IDH_Mutant,9375,0,0,1,
IGSF8,0.024543285590838328,cycling_tumor,IDH_WT,9376,0,0,1,
FEM1C,0.024484510947361447,cycling_tumor,IDH_Mutant,9377,0,0,1,
PPM1D,0.024424833476517173,cycling_tumor,IDH_Mutant,9378,0,0,1,
CBWD1,0.024128689119652276,cycling_tumor,IDH_WT,9379,0,0,1,
MOB2,0.024069120299054496,cycling_tumor,IDH_WT,9380,0,0,1,
ZNF136,0.024033997320699153,cycling_tumor,IDH_WT,9381,0,0,1,
HNRNPUL2,0.023914879179649788,cycling_tumor,IDH_Mutant,9382,0,0,1,
RBM19,0.023886593771496725,OPC_GABA_like_tumor,IDH_WT,9383,0,0,1,
CBLB,0.023629491437346637,OPC_GABA_like_tumor,IDH_WT,9384,0,0,1,
ARFGAP1,0.02358884139178667,cycling_tumor,IDH_WT,9385,0,0,1,
WDR89,0.023569725101902528,cycling_tumor,IDH_WT,9386,0,0,1,
ZDHHC15,0.023475559836472017,cycling_tumor,IDH_WT,9387,0,0,1,
GMEB1,0.023407342532073834,cycling_tumor,IDH_WT,9388,0,0,1,
INTS3,0.023377155770631,cycling_tumor,IDH_WT,9389,0,0,1,
PARG,0.023140084533110505,cycling_tumor,IDH_WT,9390,0,0,1,
ZNF507,0.02310680293353647,cycling_tumor,IDH_WT,9391,0,0,1,
LCLAT1,0.02290450207388126,cycling_tumor,IDH_WT,9392,0,0,1,
RPGR,0.022797409689510863,cycling_tumor,IDH_WT,9393,0,0,1,
ZNF814,0.02273070734135064,cycling_tumor,IDH_WT,9394,0,0,1,
MTMR12,0.022614093467403482,cycling_tumor,IDH_WT,9395,0,0,1,
HIST1H3H,0.02258277852740951,cycling_tumor,IDH_WT,9396,0,0,0,
CLK3,0.022443243059657884,cycling_tumor,IDH_WT,9397,0,0,1,
ZKSCAN8,0.022432103014052705,cycling_tumor,IDH_WT,9398,0,0,1,
ATP6V1G2,0.022351673269669324,cycling_tumor,IDH_Mutant,9399,0,0,1,
TENT4A,0.022197936776657306,cycling_tumor,IDH_WT,9400,0,0,1,
AMMECR1L,0.022159327280737162,cycling_tumor,IDH_WT,9401,0,0,1,
TTC8,0.02214699825796605,cycling_tumor,IDH_WT,9402,0,0,1,
ATG4D,0.02208267132481357,cycling_tumor,IDH_WT,9403,0,0,1,
USP19,0.02202099959452395,cycling_tumor,IDH_WT,9404,0,0,1,
COG2,0.021997359645145164,cycling_tumor,IDH_WT,9405,0,0,1,
MAU2,0.021867547120591847,cycling_tumor,IDH_WT,9406,0,0,1,
TMEM170B,0.021732814253553286,cycling_tumor,IDH_WT,9407,0,0,1,
USP40,0.02167711562103582,cycling_tumor,IDH_WT,9408,0,0,1,
ZBTB17,0.021447225273794373,OPC_GABA_like_tumor,IDH_WT,9409,0,0,1,
TSC1,0.021415134584101974,OPC_GABA_like_tumor,IDH_WT,9410,0,0,1,
KLHL15,0.0214037352080659,cycling_tumor,IDH_WT,9411,0,0,1,
MAPK3,0.021331023288710817,cycling_tumor,IDH_Mutant,9412,0,0,1,
MINPP1,0.021177072793353832,cycling_tumor,IDH_WT,9413,0,0,1,
MAPK7,0.021122018890737792,cycling_tumor,IDH_WT,9414,0,0,1,
KMT5C,0.021038448721050457,cycling_tumor,IDH_WT,9415,0,0,1,
MED22,0.021029139170212045,cycling_tumor,IDH_WT,9416,0,0,1,
NUP88,0.02096502502815341,cycling_tumor,IDH_WT,9417,0,0,1,
ZNF561,0.02066680664572288,cycling_tumor,IDH_WT,9418,0,0,1,
TEDC2,0.0206200407230226,cycling_tumor,IDH_WT,9419,0,0,1,
SEC23IP,0.020458042789039378,OPC_GABA_like_tumor,IDH_WT,9420,0,0,1,
TMEM63B,0.020377697501998512,cycling_tumor,IDH_WT,9421,0,0,1,
ZNF559,0.020153074840799284,cycling_tumor,IDH_WT,9422,0,0,1,
DUS3L,0.020064065145473445,cycling_tumor,IDH_WT,9423,0,0,1,
FBLN1,0.02001162062944099,cycling_tumor,IDH_WT,9424,0,0,1,
NEIL3,0.019928494292816325,cycling_tumor,IDH_WT,9425,0,0,1,
ANKRD36,0.019792023295755825,OPC_GABA_like_tumor,IDH_WT,9426,0,0,1,
ESS2,0.019594261227067988,cycling_tumor,IDH_WT,9427,0,0,1,
CENPI,0.019509967496171232,cycling_tumor,IDH_WT,9428,0,0,1,
DDIAS,0.01944483516135705,cycling_tumor,IDH_WT,9429,0,0,1,
ZNF599,0.019434301859328353,cycling_tumor,IDH_WT,9430,0,0,1,
CDK7,0.01940923237657945,cycling_tumor,IDH_WT,9431,0,0,1,
ITFG2,0.019343627181351193,cycling_tumor,IDH_WT,9432,0,0,1,
MAGI3,0.019282827100080974,cycling_tumor,IDH_WT,9433,0,0,1,
KIAA1191,0.019168065832120478,cycling_tumor,IDH_Mutant,9434,0,0,1,
TDP2,0.019153385519137228,OPC_GABA_like_tumor,IDH_WT,9435,0,0,1,
STAG3,0.019132755317094387,cycling_tumor,IDH_WT,9436,0,0,1,
PISD,0.01910032687535338,OPC_GABA_like_tumor,IDH_WT,9437,0,0,1,
MVK,0.018922791662667682,cycling_tumor,IDH_WT,9438,0,0,1,
ERCC6L,0.018889337767590452,cycling_tumor,IDH_WT,9439,0,0,1,
CPTP,0.01882798696489161,cycling_tumor,IDH_WT,9440,0,0,1,
TOR1B,0.018795024323889842,cycling_tumor,IDH_WT,9441,0,0,1,
C11orf54,0.018727630611801847,OPC_GABA_like_tumor,IDH_WT,9442,0,0,1,
TUBD1,0.0186690886724306,cycling_tumor,IDH_WT,9443,0,0,1,
PDHX,0.01819630020870472,cycling_tumor,IDH_WT,9444,0,0,1,
FIG4,0.01818548751328623,cycling_tumor,IDH_WT,9445,0,0,1,
PPP1R37,0.018138358792924657,cycling_tumor,IDH_WT,9446,0,0,1,
REEP2,0.017968049732634897,OPC_GABA_like_tumor,IDH_WT,9447,0,0,1,
DGAT1,0.017941289720121354,cycling_tumor,IDH_WT,9448,0,0,1,
TDRD3,0.017896155579247452,cycling_tumor,IDH_WT,9449,0,0,1,
RNF103,0.017887879743082924,OPC_GABA_like_tumor,IDH_WT,9450,0,0,1,
GJC1,0.017742864446611394,cycling_tumor,IDH_WT,9451,0,0,1,
E4F1,0.017714767058426954,cycling_tumor,IDH_WT,9452,0,0,1,
DEDD,0.017691782674925015,cycling_tumor,IDH_WT,9453,0,0,1,
TMEM127,0.01758518663902546,cycling_tumor,IDH_WT,9454,0,0,1,
AC018647.2,0.01743008585628803,cycling_tumor,IDH_WT,9455,0,0,1,
GABRB2,0.017426455197361617,OPC_GABA_like_tumor,IDH_WT,9456,0,0,1,
MUS81,0.017235678065378835,cycling_tumor,IDH_WT,9457,0,0,1,
POLE2,0.01716944520428641,cycling_tumor,IDH_WT,9458,0,0,1,
NLE1,0.017098014406063837,cycling_tumor,IDH_WT,9459,0,0,1,
SLC16A7,0.017030158614881448,cycling_tumor,IDH_WT,9460,0,0,1,
RAB23,0.016992760320228117,cycling_tumor,IDH_WT,9461,0,0,1,
PLXNA1,0.016906013763447053,cycling_tumor,IDH_WT,9462,0,0,1,
CHST3,0.016884285468254507,cycling_tumor,IDH_WT,9463,0,0,1,
GCFC2,0.016875909689585522,cycling_tumor,IDH_WT,9464,0,0,1,
ZNF71,0.016509884736344425,cycling_tumor,IDH_WT,9465,0,0,1,
CNOT11,0.016470057647455193,cycling_tumor,IDH_WT,9466,0,0,1,
DNAJB5,0.016427643218797645,cycling_tumor,IDH_WT,9467,0,0,1,
SHLD2,0.016203997433046076,OPC_GABA_like_tumor,IDH_WT,9468,0,0,1,
ZNF444,0.01619916649440873,cycling_tumor,IDH_WT,9469,0,0,1,
MIB2,0.016061880873922893,cycling_tumor,IDH_WT,9470,0,0,1,
PEMT,0.015865425110496035,OPC_GABA_like_tumor,IDH_WT,9471,0,0,1,
TMPO-AS1,0.015861688130283,cycling_tumor,IDH_WT,9472,0,0,1,
NSMF,0.015789795226511385,OPC_GABA_like_tumor,IDH_WT,9473,0,0,1,
GALK2,0.01571734617403992,cycling_tumor,IDH_WT,9474,0,0,1,
CEP85,0.01571112802251009,cycling_tumor,IDH_WT,9475,0,0,1,
ZDHHC16,0.015618265682998424,cycling_tumor,IDH_WT,9476,0,0,1,
FAM8A1,0.015602123978789179,cycling_tumor,IDH_WT,9477,0,0,1,
IFT122,0.015161377302899178,cycling_tumor,IDH_WT,9478,0,0,1,
PAK4,0.015143726611168995,cycling_tumor,IDH_WT,9479,0,0,1,
OPA3,0.014883672616645183,cycling_tumor,IDH_WT,9480,0,0,1,
DDI2,0.014816222507509936,cycling_tumor,IDH_WT,9481,0,0,1,
JMJD4,0.0148112746499048,cycling_tumor,IDH_WT,9482,0,0,1,
WDCP,0.014779779996503217,cycling_tumor,IDH_WT,9483,0,0,1,
CDK18,0.014753272117943611,cycling_tumor,IDH_WT,9484,0,0,1,
TMEM39B,0.014734357701486197,cycling_tumor,IDH_WT,9485,0,0,1,
BRPF1,0.014679509894867993,cycling_tumor,IDH_WT,9486,0,0,1,
BORA,0.0146658705103622,cycling_tumor,IDH_WT,9487,0,0,1,
HIST1H2BF,0.014559205596059558,cycling_tumor,IDH_WT,9488,0,0,0,
MTO1,0.014532630284379091,cycling_tumor,IDH_WT,9489,0,0,1,
ZNF829,0.01442904723703857,cycling_tumor,IDH_WT,9490,0,0,1,
ZNF473,0.014413428197949028,cycling_tumor,IDH_WT,9491,0,0,1,
DCLRE1B,0.014273615311008186,cycling_tumor,IDH_WT,9492,0,0,1,
SEC22A,0.014263180234442691,cycling_tumor,IDH_WT,9493,0,0,1,
CEPT1,0.01425056586953625,cycling_tumor,IDH_WT,9494,0,0,1,
RWDD2A,0.014172475955046896,OPC_GABA_like_tumor,IDH_WT,9495,0,0,1,
BCL2L11,0.014146800098672908,cycling_tumor,IDH_WT,9496,0,0,1,
GLE1,0.014103526540208739,cycling_tumor,IDH_WT,9497,0,0,1,
ARHGAP23,0.01409340063650671,cycling_tumor,IDH_WT,9498,0,0,1,
PLPPR2,0.01408574480760636,cycling_tumor,IDH_WT,9499,0,0,1,
ZBTB14,0.014060912362454677,cycling_tumor,IDH_WT,9500,0,0,1,
KCNAB3,0.01404122621291507,cycling_tumor,IDH_WT,9501,0,0,1,
P3H1,0.013892574868665441,cycling_tumor,IDH_WT,9502,0,0,1,
MED25,0.01385303207864853,cycling_tumor,IDH_WT,9503,0,0,1,
ERLIN1,0.013674092136762888,cycling_tumor,IDH_WT,9504,0,0,1,
ABHD13,0.013640951115854689,cycling_tumor,IDH_WT,9505,0,0,1,
ELMOD3,0.013531098423116237,cycling_tumor,IDH_WT,9506,0,0,1,
SLC9A6,0.01349167969010121,cycling_tumor,IDH_WT,9507,0,0,1,
TMEM184C,0.013438290172745856,cycling_tumor,IDH_WT,9508,0,0,1,
NUP43,0.01336936813908016,cycling_tumor,IDH_WT,9509,0,0,1,
TTLL1,0.013338634567408478,cycling_tumor,IDH_Mutant,9510,0,0,1,
MTA2,0.01325299407149893,cycling_tumor,IDH_WT,9511,0,0,1,
CAPN10,0.01312461392839213,cycling_tumor,IDH_WT,9512,0,0,1,
ZNF384,0.013000018042831763,cycling_tumor,IDH_WT,9513,0,0,1,
IL1RAPL1,0.012848361627806467,OPC_GABA_like_tumor,IDH_WT,9514,0,0,1,
B4GALNT4,0.01268788847264995,OPC_GABA_like_tumor,IDH_WT,9515,0,0,1,
INTS7,0.012578919344375666,cycling_tumor,IDH_WT,9516,0,0,1,
SLC30A1,0.012492431289212189,cycling_tumor,IDH_WT,9517,0,0,1,
WDR53,0.012482004466581122,cycling_tumor,IDH_WT,9518,0,0,1,
YOD1,0.012365943912263989,cycling_tumor,IDH_WT,9519,0,0,1,
FEM1A,0.012308938325733506,cycling_tumor,IDH_WT,9520,0,0,1,
AC060780.1,0.012235010392743072,cycling_tumor,IDH_WT,9521,0,0,1,
KATNB1,0.012192256270526164,cycling_tumor,IDH_WT,9522,0,0,1,
TMEM250,0.012191371889935597,cycling_tumor,IDH_WT,9523,0,0,1,
P3H4,0.012124522785440451,cycling_tumor,IDH_WT,9524,0,0,1,
SCAF1,0.012008614658899807,cycling_tumor,IDH_WT,9525,0,0,1,
CHDH,0.01197130406343927,cycling_tumor,IDH_Mutant,9526,0,0,1,
RNF26,0.011939487680341051,cycling_tumor,IDH_WT,9527,0,0,1,
UTP14C,0.011769331574377536,cycling_tumor,IDH_WT,9528,0,0,1,
IFT80,0.011734187637938681,cycling_tumor,IDH_WT,9529,0,0,1,
ITGA4,0.011516398683477291,cycling_tumor,IDH_WT,9530,0,0,1,
PDK2,0.011399517654081853,cycling_tumor,IDH_WT,9531,0,0,1,
AC242426.2,0.011359402689756241,OPC_GABA_like_tumor,IDH_WT,9532,0,0,1,
ERI2,0.011325916575112413,cycling_tumor,IDH_WT,9533,0,0,1,
PFKM,0.01116958148510871,cycling_tumor,IDH_WT,9534,0,0,1,
PDCD11,0.011077996992693816,OPC_GABA_like_tumor,IDH_WT,9535,0,0,1,
AC015813.1,0.011053253785201639,cycling_tumor,IDH_WT,9536,0,0,1,
MTPAP,0.01104226645616609,cycling_tumor,IDH_WT,9537,0,0,1,
POLR3A,0.010951295483528772,cycling_tumor,IDH_WT,9538,0,0,1,
ZW10,0.010891044164134101,cycling_tumor,IDH_WT,9539,0,0,1,
ANKRA2,0.01081784724136732,cycling_tumor,IDH_WT,9540,0,0,1,
AC005076.1,0.010772179234300325,cycling_tumor,IDH_WT,9541,0,0,1,
EXTL3,0.010741294312472865,cycling_tumor,IDH_WT,9542,0,0,1,
MUL1,0.010522705447297626,cycling_tumor,IDH_WT,9543,0,0,1,
DCLRE1C,0.010110341090024653,cycling_tumor,IDH_WT,9544,0,0,1,
FGFR1OP,0.010073697486240377,cycling_tumor,IDH_WT,9545,0,0,1,
INTS4,0.010020993220807722,cycling_tumor,IDH_WT,9546,0,0,1,
RITA1,0.009861094773319649,cycling_tumor,IDH_WT,9547,0,0,1,
AC004951.1,0.009808311617619764,cycling_tumor,IDH_WT,9548,0,0,1,
ZNF441,0.009283973856410018,cycling_tumor,IDH_WT,9549,0,0,1,
GFOD2,0.009171408668942468,cycling_tumor,IDH_WT,9550,0,0,1,
MRPS17,0.009126113513444997,cycling_tumor,IDH_WT,9551,0,0,0,
TMEM177,0.009080221291993493,cycling_tumor,IDH_WT,9552,0,0,1,
NR2F2,0.00879082051528482,cycling_tumor,IDH_WT,9553,0,0,1,
RELL1,0.0087623504185701,cycling_tumor,IDH_WT,9554,0,0,1,
SNX19,0.00864974678092152,cycling_tumor,IDH_WT,9555,0,0,1,
TRAF2,0.008522413998671579,cycling_tumor,IDH_WT,9556,0,0,1,
ZNF793,0.008475394838160661,cycling_tumor,IDH_WT,9557,0,0,1,
SPHK2,0.008261610062847749,cycling_tumor,IDH_WT,9558,0,0,1,
AMN1,0.008010292552334392,cycling_tumor,IDH_WT,9559,0,0,1,
LZTS2,0.007844483350934763,cycling_tumor,IDH_WT,9560,0,0,1,
LSM14B,0.007680200478586742,cycling_tumor,IDH_WT,9561,0,0,1,
EFNB2,0.007572772796313331,cycling_tumor,IDH_WT,9562,0,0,1,
PRMT7,0.007520539846824638,cycling_tumor,IDH_WT,9563,0,0,1,
INSR,0.007493704222203941,OPC_GABA_like_tumor,IDH_WT,9564,0,0,1,
ARAF,0.00749055169796386,cycling_tumor,IDH_WT,9565,0,0,1,
CYP2U1,0.007430891555903091,cycling_tumor,IDH_WT,9566,0,0,1,
PHF7,0.00741969221630263,cycling_tumor,IDH_WT,9567,0,0,1,
GMPPA,0.007342028676531863,cycling_tumor,IDH_WT,9568,0,0,1,
KCTD10,0.007242154896386703,cycling_tumor,IDH_WT,9569,0,0,1,
ALKBH3,0.007143265201978321,cycling_tumor,IDH_WT,9570,0,0,1,
BRF1,0.006871705363719299,cycling_tumor,IDH_WT,9571,0,0,1,
FANCC,0.00666363288475585,cycling_tumor,IDH_WT,9572,0,0,1,
ADO,0.006550589914407335,OPC_GABA_like_tumor,IDH_WT,9573,0,0,1,
NOTCH4,0.005647392042128956,cycling_tumor,IDH_WT,9574,0,0,1,
C5orf34,0.005283127972180846,cycling_tumor,IDH_WT,9575,0,0,1,
PDIK1L,0.005192779253460495,OPC_GABA_like_tumor,IDH_WT,9576,0,0,1,
PEX6,0.004779752484602806,cycling_tumor,IDH_WT,9577,0,0,1,
KHDC4,0.004688901147428133,cycling_tumor,IDH_WT,9578,0,0,1,
TMEM116,0.0045962216989946705,cycling_tumor,IDH_WT,9579,0,0,1,
RBM15,0.0035731187695237305,cycling_tumor,IDH_WT,9580,0,0,1,
