rank,gene,celltype_id,IDH_status,compartment,deg_is_sig,deg_log2fc,deg_abs_log2fc,deg_neglog10_padj,deg_pct_e2,deg_pct_e1,deg_pct_diff,deg_dir,deg_other_idh_sig,deg_other_idh_same_dir,deg_pooled_log2fc,deg_pooled_sig,deg_n_celltypes_sig,cc_lig_edges,cc_rec_edges,cc_edges_e2,cc_edges_e1,cc_max_prob,cc_mean_prob,cc_max_pval,cc_n_pathways,cc_n_partners,cc_cross_compartment_edges,cc_edges,cc_ephys_bias,cc_edges_total,cc_is_ligand,cc_is_receptor,cc_n_pathways_total,cc_n_celltypes_total,cc_n_cells_e1,cc_n_cells_e2,ctx_n_e1,ctx_n_e2,ctx_min_n,ctx_low_n,deg_cc_concordance,idh_mutant,rule_pass,llm_mention_rate,llm_unprompted_mention_rate,llm_mentions_per_run,llm_ctx_mention_rate,llm_n_runs,lit_tier,lit_compartments,lit_hypothesis,lit_reference,label,score,score_sd,top_reasons,status
1,GRIA4,cycling_tumor,IDH_Mutant,tumor,1.0,3.821438449183044,3.821438449183044,38.10029134533499,0.654,0.026,0.628,1.0,1.0,1.0,1.8628651002395609,1.0,4.0,0.0,3.0,3.0,0.0,0.0081863349032921,0.003932559284510067,0.0,1.0,2.0,1.0,3.0,1.0,15,0,1,1,4,6410,814,270,136,136,0,1.0,1,1,1.0,1.0,1.0,0.5,2,2.0,tumor,neuron_tumor,"AMPAR subunit family; Venkatesh et al., Nature 2019",1,0.9530412370605239,0.011828521499351622,deg_pooled_log2fc=1.86 (+0.76); cc_n_partners=2 (+0.50); cc_edges_total=15 (+0.42),literature tier 2 (label)
2,PTPRZ1,cycling_tumor,IDH_Mutant,tumor,1.0,3.9950683487464,3.9950683487464,54.06263865962284,0.882,0.063,0.819,1.0,1.0,1.0,2.045027084086322,1.0,4.0,0.0,17.0,10.0,7.0,0.2412077448909423,0.11252141689864227,0.0,2.0,5.0,1.0,17.0,0.17647058823529413,77,0,1,2,4,6410,814,270,136,136,0,0.17647058823529413,1,1,1.0,1.0,26.5,1.0,2,1.0,tumor,myeloid_bridge,"Shi et al., Cell Stem Cell 2017",1,0.9347550440297498,0.007667572266432751,llm_ctx_mention_rate=1 (+0.87); deg_pooled_log2fc=2.05 (+0.75); cc_edges_total=77 (+0.67),literature tier 1 (label)
3,NRXN1,cycling_tumor,IDH_Mutant,tumor,1.0,3.708429971077246,3.708429971077246,44.15627315584702,0.779,0.048,0.731,1.0,1.0,1.0,2.043076640812517,1.0,3.0,10.0,0.0,10.0,0.0,0.0028593048615199,0.0017488561969960198,0.0,1.0,3.0,0.0,10.0,1.0,50,1,0,1,4,6410,814,270,136,136,0,1.0,1,1,1.0,0.5,34.0,1.0,2,2.0,tumor,neuron_tumor,Presynaptic partner of NLGN3 (pathway-level),1,0.9320438675229198,0.014868787675108932,cc_edges_total=50 (+0.87); llm_ctx_mention_rate=1 (+0.66); deg_pooled_log2fc=2.04 (+0.62),literature tier 2 (label)
4,GRIA4,AC_like_tumor,IDH_Mutant,tumor,1.0,1.7343749854518906,1.7343749854518906,22.540380180773678,0.442,0.195,0.247,1.0,0.0,0.0,1.4946478019091822,1.0,4.0,0.0,3.0,3.0,0.0,0.0114997280346777,0.0055284985840857335,0.0,1.0,2.0,1.0,3.0,1.0,15,0,1,1,4,72549,446,4249,283,283,0,1.0,1,1,1.0,1.0,1.0,0.5,2,2.0,tumor,neuron_tumor,"AMPAR subunit family; Venkatesh et al., Nature 2019",1,0.9296831123548724,0.01783312869359887,deg_pooled_log2fc=1.49 (+0.69); cc_n_partners=2 (+0.51); cc_edges_total=15 (+0.41),literature tier 2 (label)
5,PTPRZ1,cycling_tumor,IDH_WT,tumor,1.0,2.072682953667877,2.072682953667877,201.28664276591905,0.941,0.403,0.5379999999999999,1.0,1.0,1.0,2.045027084086322,1.0,5.0,0.0,17.0,10.0,7.0,0.2412077448909423,0.11252141689864227,0.0,2.0,5.0,1.0,17.0,0.17647058823529413,77,0,1,2,4,6410,814,5847,663,663,0,0.17647058823529413,0,1,1.0,1.0,26.5,1.0,2,1.0,tumor,myeloid_bridge,"Shi et al., Cell Stem Cell 2017",1,0.9294360076653774,0.004178252313631035,llm_ctx_mention_rate=1 (+0.90); deg_pooled_log2fc=2.05 (+0.75); cc_edges_total=77 (+0.67),literature tier 1 (label)
6,GRIA4,OPC_GABA_AC_like_tumor,IDH_Mutant,tumor,1.0,1.2109919608963953,1.2109919608963953,4.885473816716232,0.295,0.116,0.179,1.0,0.0,0.0,1.374186037740927,1.0,4.0,0.0,3.0,3.0,0.0,0.0019474653876835,0.0009341804119280841,0.0,1.0,2.0,1.0,3.0,1.0,15,0,1,1,4,6202,1012,352,742,352,0,1.0,1,1,1.0,1.0,1.0,0.5,2,2.0,tumor,neuron_tumor,"AMPAR subunit family; Venkatesh et al., Nature 2019",1,0.924179291277779,0.025122309618580852,deg_pooled_log2fc=1.37 (+0.67); cc_n_partners=2 (+0.50); cc_edges_total=15 (+0.42),literature tier 2 (label)
7,NRXN1,OPC_GABA_AC_like_tumor,IDH_Mutant,tumor,1.0,0.9711430925721845,0.9711430925721845,7.351884471257842,0.371,0.145,0.226,1.0,0.0,0.0,1.907627706950044,1.0,3.0,10.0,0.0,10.0,0.0,0.0046552822689749,0.0028490387553084797,0.0,1.0,3.0,0.0,10.0,1.0,50,1,0,1,4,6202,1012,352,742,352,0,1.0,1,1,1.0,0.5,34.0,1.0,2,2.0,tumor,neuron_tumor,Presynaptic partner of NLGN3 (pathway-level),1,0.9231006802118911,0.02015554186511529,cc_edges_total=50 (+0.87); llm_ctx_mention_rate=1 (+0.66); deg_pooled_log2fc=1.91 (+0.62),literature tier 2 (label)
8,NRXN1,cycling_tumor,IDH_WT,tumor,1.0,0.9602406200106864,0.9602406200106864,36.6289552866046,0.259,0.083,0.176,1.0,1.0,1.0,2.043076640812517,1.0,2.0,10.0,0.0,10.0,0.0,0.0028593048615199,0.0017488561969960198,0.0,1.0,3.0,0.0,10.0,1.0,50,1,0,1,4,6410,814,5847,663,663,0,1.0,0,1,1.0,0.5,34.0,1.0,2,2.0,tumor,neuron_tumor,Presynaptic partner of NLGN3 (pathway-level),1,0.9214980138625306,0.02118241056297859,cc_edges_total=50 (+0.87); llm_ctx_mention_rate=1 (+0.66); deg_pooled_log2fc=2.04 (+0.62),literature tier 2 (label)
9,GRIA4,OPC_GABA_like_tumor,IDH_Mutant,tumor,1.0,1.402974154449864,1.402974154449864,204.40813729381244,0.774,0.46,0.314,1.0,1.0,0.0,1.528990554097498,1.0,4.0,0.0,6.0,3.0,3.0,0.0396835918506492,0.011420645031546101,0.0,1.0,2.0,2.0,6.0,0.0,15,0,1,1,4,6741,14114,1658,11741,1658,0,0.0,1,1,1.0,1.0,1.0,0.5,2,2.0,tumor,neuron_tumor,"AMPAR subunit family; Venkatesh et al., Nature 2019",1,0.91844112583946,0.027290430416327765,deg_pooled_log2fc=1.53 (+0.67); cc_n_partners=2 (+0.51); llm_mentions_per_run=1 (+0.44),literature tier 2 (label)
10,NLGN1,cycling_tumor,IDH_WT,tumor,1.0,1.8692054620801803,1.8692054620801803,214.48714471695223,0.472,0.062,0.41,1.0,1.0,1.0,2.041365180521054,1.0,2.0,0.0,6.0,6.0,0.0,0.0149916283128588,0.004876576865905467,0.0,1.0,4.0,0.0,6.0,1.0,18,0,1,1,3,6410,814,5847,663,663,0,1.0,0,1,1.0,1.0,9.0,1.0,2,2.0,tumor,neuron_tumor,Neuroligin family (pathway-level),1,0.9176872763252373,0.019700738494502355,llm_ctx_mention_rate=1 (+0.93); deg_pooled_log2fc=2.04 (+0.68); cc_edges_total=18 (+0.47),literature tier 2 (label)
11,NRXN1,AC_like_tumor,IDH_Mutant,tumor,1.0,0.6008951540009626,0.6008951540009626,5.218712506067573,0.583,0.377,0.20599999999999996,1.0,0.0,0.0,1.6117118674623212,1.0,3.0,10.0,0.0,10.0,0.0,0.0049699357888254,0.00304192474785722,0.0,1.0,3.0,0.0,10.0,1.0,50,1,0,1,4,72549,446,4249,283,283,0,1.0,1,1,1.0,0.5,34.0,1.0,2,2.0,tumor,neuron_tumor,Presynaptic partner of NLGN3 (pathway-level),1,0.9145191862688231,0.009231397011615081,cc_edges_total=50 (+0.87); llm_ctx_mention_rate=1 (+0.67); deg_pooled_log2fc=1.61 (+0.59),literature tier 2 (label)
12,NLGN1,cycling_tumor,IDH_Mutant,tumor,1.0,4.222105667455327,4.222105667455327,20.223256249987532,0.419,0.022,0.39699999999999996,1.0,1.0,1.0,2.041365180521054,1.0,2.0,0.0,6.0,6.0,0.0,0.0149916283128588,0.004876576865905467,0.0,1.0,4.0,0.0,6.0,1.0,18,0,1,1,3,6410,814,270,136,136,0,1.0,1,1,1.0,1.0,9.0,1.0,2,2.0,tumor,neuron_tumor,Neuroligin family (pathway-level),1,0.9122088255801671,0.022017165226067784,llm_ctx_mention_rate=1 (+0.93); deg_pooled_log2fc=2.04 (+0.68); cc_edges_total=18 (+0.47),literature tier 2 (label)
13,GRIA4,cycling_tumor,IDH_WT,tumor,1.0,1.3035883785292304,1.3035883785292304,133.11939523115862,0.412,0.074,0.33799999999999997,1.0,1.0,1.0,1.8628651002395609,1.0,2.0,0.0,3.0,3.0,0.0,0.0081863349032921,0.003932559284510067,0.0,1.0,2.0,1.0,3.0,1.0,15,0,1,1,4,6410,814,5847,663,663,0,1.0,0,1,1.0,1.0,1.0,0.5,2,2.0,tumor,neuron_tumor,"AMPAR subunit family; Venkatesh et al., Nature 2019",1,0.9070734811918285,0.027767888585915248,deg_pooled_log2fc=1.86 (+0.68); cc_n_partners=2 (+0.51); llm_mentions_per_run=1 (+0.44),literature tier 2 (label)
14,NLGN1,AC_like_tumor,IDH_Mutant,tumor,1.0,0.7595203165593838,0.7595203165593838,2.4222764046244936,0.279,0.156,0.12300000000000003,1.0,0.0,0.0,1.93614498517714,1.0,2.0,0.0,6.0,6.0,0.0,0.0072948300004392,0.002365786006153625,0.0,1.0,4.0,0.0,6.0,1.0,18,0,1,1,3,72549,446,4249,283,283,0,1.0,1,1,1.0,1.0,9.0,1.0,2,2.0,tumor,neuron_tumor,Neuroligin family (pathway-level),1,0.9002728812458185,0.02270747582289356,llm_ctx_mention_rate=1 (+0.93); deg_pooled_log2fc=1.94 (+0.64); cc_edges_total=18 (+0.47),literature tier 2 (label)
15,NRXN1,OPC_GABA_like_tumor,IDH_WT,tumor,1.0,0.4389322273675187,0.4389322273675187,39.704888127724416,0.396,0.201,0.195,1.0,0.0,0.0,1.3470831036683468,1.0,2.0,20.0,0.0,10.0,10.0,0.0202156564962208,0.007657003490098835,0.0,1.0,3.0,0.0,20.0,0.0,50,1,0,1,4,6741,14114,5040,1935,1935,0,0.0,0,1,1.0,0.5,34.0,1.0,2,2.0,tumor,neuron_tumor,Presynaptic partner of NLGN3 (pathway-level),1,0.8866713836262671,0.03837999489006165,cc_edges_total=50 (+0.86); llm_ctx_mention_rate=1 (+0.68); cc_n_partners=3 (+0.38),literature tier 2 (label)
16,GRIK2,cycling_tumor,IDH_WT,tumor,1.0,4.528205178189482,4.528205178189482,300.0,0.389,0.012,0.377,1.0,1.0,1.0,4.631978706508267,1.0,2.0,0.0,3.0,3.0,0.0,0.0065597772960454,0.0031500068338564404,0.0,1.0,2.0,1.0,3.0,1.0,6,0,1,1,2,6410,814,5847,663,663,0,1.0,0,1,0.5,0.5,0.5,0.5,2,,,,,0,0.8847976083357081,0.06434270535651146,deg_pooled_log2fc=4.63 (+0.54); cc_n_partners=2 (+0.51); llm_ctx_mention_rate=0.5 (+0.27),novel
17,GRIK2,cycling_tumor,IDH_Mutant,tumor,1.0,4.395623567045501,4.395623567045501,18.556434461649925,0.39,0.019,0.371,1.0,1.0,1.0,4.631978706508267,1.0,3.0,0.0,3.0,3.0,0.0,0.0065597772960454,0.0031500068338564404,0.0,1.0,2.0,1.0,3.0,1.0,6,0,1,1,2,6410,814,270,136,136,0,1.0,1,1,0.5,0.5,0.5,0.5,2,,,,,0,0.8831930488143456,0.06334806678113376,deg_pooled_log2fc=4.63 (+0.54); cc_n_partners=2 (+0.51); llm_ctx_mention_rate=0.5 (+0.27),novel
18,GRIK2,OPC_GABA_like_tumor,IDH_WT,tumor,1.0,2.355477324856107,2.355477324856107,254.8408924152123,0.415,0.069,0.346,1.0,1.0,1.0,1.945958225080222,1.0,2.0,0.0,3.0,3.0,0.0,0.0104304704349845,0.0050132069452765,0.0,1.0,2.0,1.0,3.0,1.0,6,0,1,1,2,6741,14114,5040,1935,1935,0,1.0,0,1,0.5,0.5,0.5,0.5,2,,,,,0,0.8753476339890464,0.060280767473776774,cc_n_partners=2 (+0.52); deg_pooled_log2fc=1.95 (+0.52); llm_ctx_mention_rate=0.5 (+0.27),novel
19,GRIK2,OPC_GABA_like_tumor,IDH_Mutant,tumor,1.0,0.7077504020705077,0.7077504020705077,46.94851154767892,0.442,0.237,0.20500000000000002,1.0,1.0,1.0,1.945958225080222,1.0,3.0,0.0,3.0,3.0,0.0,0.0104304704349845,0.0050132069452765,0.0,1.0,2.0,1.0,3.0,1.0,6,0,1,1,2,6741,14114,1658,11741,1658,0,1.0,1,1,0.5,0.5,0.5,0.5,2,,,,,0,0.859838684411492,0.06984050768896029,deg_pooled_log2fc=1.95 (+0.52); cc_n_partners=2 (+0.52); llm_ctx_mention_rate=0.5 (+0.27),novel
20,NLGN1,OPC_GABA_like_tumor,IDH_WT,tumor,1.0,1.0585738938253402,1.0585738938253402,152.14806400699962,0.456,0.137,0.319,1.0,0.0,0.0,0.769254745758341,1.0,2.0,0.0,6.0,6.0,0.0,0.0202156564962208,0.0065894255343515165,0.0,1.0,4.0,0.0,6.0,1.0,18,0,1,1,3,6741,14114,5040,1935,1935,0,1.0,0,1,1.0,1.0,9.0,1.0,2,2.0,tumor,neuron_tumor,Neuroligin family (pathway-level),1,0.859480931485062,0.03339786070431074,llm_ctx_mention_rate=1 (+0.97); cc_edges_total=18 (+0.47); llm_mention_rate=1 (+0.24),literature tier 2 (label)
21,TYROBP,TAM1/TAM2/microglia,IDH_Mutant,TAM_microglia,1.0,-0.7382940458645026,0.7382940458645026,265.51725895517706,0.92,0.973,-0.052999999999999936,-1.0,0.0,0.0,-0.6159331215141179,1.0,6.0,0.0,38.0,19.0,19.0,0.2392234722575476,0.08750399753816233,0.03,2.0,7.0,34.0,38.0,0.0,57,0,1,2,2,12086,25922,2106,21701,2106,0,-0.0,1,1,1.0,1.0,4.5,1.0,2,2.0,TAM_microglia,myeloid_bridge,TREM2 adaptor (pathway-level),1,0.8510020226179258,0.02189266639301735,llm_ctx_mention_rate=1 (+0.96); cc_edges_total=57 (+0.71); cc_n_cells_e1=1.21e+04 (+0.24),literature tier 2 (label)
22,NCL,cycling_tumor,IDH_Mutant,tumor,1.0,0.5154348925750831,0.5154348925750831,2.8279806111916863,0.853,0.452,0.40099999999999997,1.0,1.0,1.0,0.8838980851522424,1.0,3.0,0.0,16.0,9.0,7.0,0.1944223049077292,0.11037823575024061,0.0,2.0,4.0,0.0,16.0,0.125,70,0,1,2,7,6410,814,270,136,136,0,0.125,1,1,0.5,0.5,1.0,0.5,2,,,,,0,0.8509780042364067,0.025152849141193,cc_edges_total=70 (+0.58); llm_mentions_per_run=1 (+0.46); cc_n_cells_e1=6.41e+03 (+0.23),novel
23,NCL,cycling_tumor,IDH_WT,tumor,1.0,0.9511838022011868,0.9511838022011868,81.64712147971439,0.908,0.51,0.398,1.0,1.0,1.0,0.8838980851522424,1.0,2.0,0.0,16.0,9.0,7.0,0.1944223049077292,0.11037823575024061,0.0,2.0,4.0,0.0,16.0,0.125,70,0,1,2,7,6410,814,5847,663,663,0,0.125,0,1,0.5,0.5,1.0,0.5,2,,,,,0,0.8506822776393511,0.025081245643849864,cc_edges_total=70 (+0.58); llm_mentions_per_run=1 (+0.46); cc_n_cells_e1=6.41e+03 (+0.23),novel
24,NRXN1,AC_like_tumor,IDH_WT,tumor,0.0,0.0,0.0,0.0,,,0.0,0.0,0.0,0.0,,0.0,2.0,10.0,0.0,10.0,0.0,0.0049699357888254,0.00304192474785722,0.0,1.0,3.0,0.0,10.0,1.0,50,1,0,1,4,72549,446,64812,108,108,0,0.0,0,0,1.0,0.5,34.0,1.0,2,2.0,tumor,neuron_tumor,Presynaptic partner of NLGN3 (pathway-level),1,0.8440586078345215,0.016649312717474468,cc_edges_total=50 (+0.87); llm_ctx_mention_rate=1 (+0.72); cc_n_partners=3 (+0.36),literature tier 2 (label)
25,NRXN1,OPC_GABA_AC_like_tumor,IDH_WT,tumor,0.0,0.0,0.0,0.0,,,0.0,0.0,0.0,0.0,,0.0,2.0,10.0,0.0,10.0,0.0,0.0046552822689749,0.0028490387553084797,0.0,1.0,3.0,0.0,10.0,1.0,50,1,0,1,4,6202,1012,5384,171,171,0,0.0,0,0,1.0,0.5,34.0,1.0,2,2.0,tumor,neuron_tumor,Presynaptic partner of NLGN3 (pathway-level),1,0.8440586078345215,0.016649312717474468,cc_edges_total=50 (+0.87); llm_ctx_mention_rate=1 (+0.72); cc_n_partners=3 (+0.36),literature tier 2 (label)
26,BSG,cycling_tumor,IDH_WT,tumor,1.0,1.634504647128292,1.634504647128292,200.83427001293353,0.851,0.25,0.601,1.0,0.0,0.0,1.472420085272131,1.0,3.0,0.0,13.0,13.0,0.0,0.1356608701322122,0.10899925749619775,0.0,1.0,7.0,5.0,13.0,1.0,56,0,1,1,4,6410,814,5847,663,663,0,1.0,0,1,0.5,0.5,0.5,0.5,2,,,,,0,0.8417713176297912,0.048102359548073334,cc_edges_total=56 (+0.66); deg_pooled_log2fc=1.47 (+0.61); cc_n_cells_e1=6.41e+03 (+0.23),novel
27,GRIA4,OPC_GABA_like_tumor,IDH_WT,tumor,1.0,-0.5617661326101477,0.5617661326101477,10.56906676096856,0.343,0.205,0.13800000000000004,-1.0,1.0,0.0,1.528990554097498,1.0,2.0,0.0,6.0,3.0,3.0,0.0396835918506492,0.011420645031546101,0.0,1.0,2.0,2.0,6.0,0.0,15,0,1,1,4,6741,14114,5040,1935,1935,0,-0.0,0,1,1.0,1.0,1.0,0.5,2,2.0,tumor,neuron_tumor,"AMPAR subunit family; Venkatesh et al., Nature 2019",1,0.8385594120123117,0.054008477194871736,deg_pooled_log2fc=1.53 (+0.60); cc_n_partners=2 (+0.52); llm_mentions_per_run=1 (+0.47),literature tier 2 (label)
28,TYROBP,TAM1/TAM2/microglia,IDH_WT,TAM_microglia,0.0,0.0,0.0,0.0,,,0.0,0.0,0.0,0.0,,0.0,5.0,0.0,38.0,19.0,19.0,0.2392234722575476,0.08750399753816233,0.03,2.0,7.0,34.0,38.0,0.0,57,0,1,2,2,12086,25922,9696,2745,2745,0,0.0,0,0,1.0,1.0,4.5,1.0,2,2.0,TAM_microglia,myeloid_bridge,TREM2 adaptor (pathway-level),1,0.8318507334817762,0.025600938958977998,llm_ctx_mention_rate=1 (+0.94); cc_edges_total=57 (+0.68); cc_n_cells_e1=1.21e+04 (+0.24),literature tier 2 (label)
29,PTPRZ1,OPC_GABA_like_tumor,IDH_Mutant,tumor,1.0,1.4270032774712194,1.4270032774712194,300.0,0.975,0.848,0.127,1.0,1.0,1.0,0.8111005866360368,1.0,4.0,0.0,21.0,11.0,10.0,0.2619954091305924,0.15587502599335212,0.0,2.0,6.0,3.0,21.0,0.047619047619047616,77,0,1,2,4,6741,14114,1658,11741,1658,0,0.047619047619047616,1,1,1.0,1.0,26.5,1.0,2,1.0,tumor,myeloid_bridge,"Shi et al., Cell Stem Cell 2017",1,0.8315661243507246,0.04568500023334779,llm_ctx_mention_rate=1 (+0.95); cc_edges_total=77 (+0.67); deg_n_celltypes_sig=4 (+0.31),literature tier 1 (label)
30,PTPRZ1,OPC_GABA_like_tumor,IDH_WT,tumor,1.0,1.3379625570858416,1.3379625570858416,300.0,0.983,0.86,0.123,1.0,1.0,1.0,0.8111005866360368,1.0,5.0,0.0,21.0,11.0,10.0,0.2619954091305924,0.15587502599335212,0.0,2.0,6.0,3.0,21.0,0.047619047619047616,77,0,1,2,4,6741,14114,5040,1935,1935,0,0.047619047619047616,0,1,1.0,1.0,26.5,1.0,2,1.0,tumor,myeloid_bridge,"Shi et al., Cell Stem Cell 2017",1,0.830469878668157,0.0454765524250378,llm_ctx_mention_rate=1 (+0.95); cc_edges_total=77 (+0.67); deg_n_celltypes_sig=5 (+0.30),literature tier 1 (label)
31,PTPRZ1,AC_like_tumor,IDH_Mutant,tumor,1.0,1.1924080438665343,1.1924080438665343,22.332642659821058,0.689,0.453,0.23599999999999993,1.0,1.0,1.0,0.8452853049688347,1.0,4.0,0.0,19.0,10.0,9.0,0.1953178125352112,0.12154979763396631,0.0,2.0,5.0,1.0,19.0,0.05263157894736842,77,0,1,2,4,72549,446,4249,283,283,0,0.05263157894736842,1,1,1.0,1.0,26.5,1.0,2,1.0,tumor,myeloid_bridge,"Shi et al., Cell Stem Cell 2017",1,0.8282888105456788,0.04262682577209983,llm_ctx_mention_rate=1 (+0.94); cc_edges_total=77 (+0.67); deg_n_celltypes_sig=4 (+0.30),literature tier 1 (label)
32,EGFR,cycling_tumor,IDH_Mutant,tumor,1.0,3.583022084327702,3.583022084327702,35.3294962415499,0.669,0.041,0.628,1.0,1.0,0.0,,0.0,3.0,0.0,4.0,2.0,2.0,0.0064027402138418,0.003551269548778375,0.0,1.0,2.0,4.0,4.0,0.0,14,0,1,1,4,6410,814,270,136,136,0,0.0,1,1,1.0,1.0,10.5,1.0,2,1.0,tumor,growth,"Brennan et al., Cell 2013 (TCGA GBM)",1,0.8265637285864094,0.04956382749070364,llm_ctx_mention_rate=1 (+0.99); cc_n_partners=2 (+0.50); cc_edges_total=14 (+0.35),literature tier 1 (label)
33,PTPRZ1,AC_like_tumor,IDH_WT,tumor,1.0,1.4127205516116723,1.4127205516116723,3.264752982945147,0.685,0.597,0.08800000000000008,1.0,1.0,1.0,0.8452853049688347,1.0,5.0,0.0,19.0,10.0,9.0,0.1953178125352112,0.12154979763396631,0.0,2.0,5.0,1.0,19.0,0.05263157894736842,77,0,1,2,4,72549,446,64812,108,108,0,0.05263157894736842,0,1,1.0,1.0,26.5,1.0,2,1.0,tumor,myeloid_bridge,"Shi et al., Cell Stem Cell 2017",1,0.8247338056202397,0.04372250662999389,llm_ctx_mention_rate=1 (+0.94); cc_edges_total=77 (+0.67); deg_n_celltypes_sig=5 (+0.29),literature tier 1 (label)
34,BSG,OPC_GABA_AC_like_tumor,IDH_WT,tumor,1.0,1.3234847186944911,1.3234847186944911,14.531889683304207,0.503,0.203,0.3,1.0,1.0,1.0,,0.0,3.0,0.0,11.0,11.0,0.0,0.0364716239047509,0.030268695875044747,0.0,1.0,7.0,3.0,11.0,1.0,56,0,1,1,4,6202,1012,5384,171,171,0,1.0,0,1,0.5,0.5,0.5,0.5,2,,,,,0,0.82291014071626,0.03462190097885885,cc_edges_total=56 (+0.67); cc_n_cells_e1=6.2e+03 (+0.22); llm_ctx_mention_rate=0.5 (+0.16),novel
35,NRXN1,OPC_GABA_like_tumor,IDH_Mutant,tumor,0.0,0.0,0.0,0.0,,,0.0,0.0,0.0,0.0,,0.0,3.0,20.0,0.0,10.0,10.0,0.0202156564962208,0.007657003490098835,0.0,1.0,3.0,0.0,20.0,0.0,50,1,0,1,4,6741,14114,1658,11741,1658,0,0.0,1,0,1.0,0.5,34.0,1.0,2,2.0,tumor,neuron_tumor,Presynaptic partner of NLGN3 (pathway-level),1,0.8227652669265216,0.034870810869798756,cc_edges_total=50 (+0.86); llm_ctx_mention_rate=1 (+0.73); cc_n_partners=3 (+0.37),literature tier 2 (label)
36,NLGN1,AC_like_tumor,IDH_WT,tumor,0.0,0.0,0.0,0.0,,,0.0,0.0,0.0,0.0,,0.0,2.0,0.0,6.0,6.0,0.0,0.0072948300004392,0.002365786006153625,0.0,1.0,4.0,0.0,6.0,1.0,18,0,1,1,3,72549,446,64812,108,108,0,0.0,0,0,1.0,1.0,9.0,1.0,2,2.0,tumor,neuron_tumor,Neuroligin family (pathway-level),1,0.8140527655002099,0.026312231587258022,llm_ctx_mention_rate=1 (+0.98); cc_edges_total=18 (+0.47); llm_mention_rate=1 (+0.26),literature tier 2 (label)
37,NLGN1,OPC_GABA_like_tumor,IDH_Mutant,tumor,0.0,0.0,0.0,0.0,,,0.0,0.0,0.0,0.0,,0.0,2.0,0.0,6.0,6.0,0.0,0.0202156564962208,0.0065894255343515165,0.0,1.0,4.0,0.0,6.0,1.0,18,0,1,1,3,6741,14114,1658,11741,1658,0,0.0,1,0,1.0,1.0,9.0,1.0,2,2.0,tumor,neuron_tumor,Neuroligin family (pathway-level),1,0.8084488091884463,0.021409868273174384,llm_ctx_mention_rate=1 (+0.99); cc_edges_total=18 (+0.46); llm_mention_rate=1 (+0.25),literature tier 2 (label)
38,EGFR,AC_like_tumor,IDH_Mutant,tumor,1.0,0.9910509980827282,0.9910509980827282,6.212669893078216,0.371,0.2,0.17099999999999999,1.0,0.0,0.0,,0.0,3.0,0.0,4.0,2.0,2.0,0.0139104095399897,0.00775991270306315,0.0,1.0,2.0,4.0,4.0,0.0,14,0,1,1,4,72549,446,4249,283,283,0,0.0,1,1,1.0,1.0,10.5,1.0,2,1.0,tumor,growth,"Brennan et al., Cell 2013 (TCGA GBM)",1,0.8074856507814383,0.05264087938327735,llm_ctx_mention_rate=1 (+1.01); cc_n_partners=2 (+0.50); cc_edges_total=14 (+0.35),literature tier 1 (label)
39,PTN,cycling_tumor,IDH_Mutant,tumor,1.0,3.4586284775785563,3.4586284775785563,52.05251881221618,0.926,0.089,0.8370000000000001,1.0,1.0,1.0,0.9083364290477598,1.0,1.0,35.0,0.0,18.0,17.0,0.2619954091305924,0.12375513685284249,0.03,1.0,5.0,4.0,35.0,0.02857142857142857,137,1,0,1,7,6410,814,270,136,136,0,0.02857142857142857,1,1,1.0,1.0,56.5,1.0,2,1.0,TAM_microglia,myeloid_bridge,"Shi et al., Cell Stem Cell 2017",0,0.8057214434199407,0.02639885422914519,llm_ctx_mention_rate=1 (+0.74); cc_edges_total=137 (+0.64); llm_mentions_per_run=56.5 (+0.23),"literature gene, other compartment"
40,BSG,OPC_GABA_AC_like_tumor,IDH_Mutant,tumor,1.0,0.5692270483188733,0.5692270483188733,1.3611990434991594,0.247,0.111,0.136,1.0,1.0,1.0,,0.0,1.0,0.0,11.0,11.0,0.0,0.0364716239047509,0.030268695875044747,0.0,1.0,7.0,3.0,11.0,1.0,56,0,1,1,4,6202,1012,352,742,352,0,1.0,1,1,0.5,0.5,0.5,0.5,2,,,,,0,0.8033764319868586,0.03427171326162045,cc_edges_total=56 (+0.65); cc_n_cells_e1=6.2e+03 (+0.21); llm_ctx_mention_rate=0.5 (+0.15),novel
41,NCL,AC_like_tumor,IDH_Mutant,tumor,1.0,0.7528633734722951,0.7528633734722951,13.188503693061056,0.664,0.419,0.24500000000000005,1.0,0.0,0.0,0.580118032400988,1.0,3.0,0.0,10.0,9.0,1.0,0.1384156467333893,0.08741232974037678,0.0,2.0,4.0,0.0,10.0,0.8,70,0,1,2,7,72549,446,4249,283,283,0,0.8,1,1,0.5,0.5,1.0,0.5,2,,,,,0,0.8032362554299176,0.0420757246796683,cc_edges_total=70 (+0.60); llm_mentions_per_run=1 (+0.46); cc_n_cells_e1=7.25e+04 (+0.23),novel
42,NCL,OPC_GABA_like_tumor,IDH_WT,tumor,1.0,0.8775570359008116,0.8775570359008116,168.6242011385509,0.9,0.519,0.381,1.0,1.0,1.0,0.4633000810855576,1.0,2.0,0.0,18.0,9.0,9.0,0.1742786165151618,0.1032529440862241,0.0,2.0,4.0,0.0,18.0,0.0,70,0,1,2,7,6741,14114,5040,1935,1935,0,0.0,0,1,0.5,0.5,1.0,0.5,2,,,,,0,0.8029510641026427,0.03295847395915691,cc_edges_total=70 (+0.60); llm_mentions_per_run=1 (+0.46); cc_n_cells_e1=6.74e+03 (+0.23),novel
43,NCL,OPC_GABA_like_tumor,IDH_Mutant,tumor,1.0,0.5853743688956974,0.5853743688956974,75.52939428058913,0.834,0.706,0.128,1.0,1.0,1.0,0.4633000810855576,1.0,3.0,0.0,18.0,9.0,9.0,0.1742786165151618,0.1032529440862241,0.0,2.0,4.0,0.0,18.0,0.0,70,0,1,2,7,6741,14114,1658,11741,1658,0,0.0,1,1,0.5,0.5,1.0,0.5,2,,,,,0,0.802394635442463,0.0373634225457639,cc_edges_total=70 (+0.60); llm_mentions_per_run=1 (+0.46); cc_n_cells_e1=6.74e+03 (+0.23),novel
44,GRIA4,AC_like_tumor,IDH_WT,tumor,0.0,0.0,0.0,0.0,,,0.0,0.0,0.0,0.0,,0.0,2.0,0.0,3.0,3.0,0.0,0.0114997280346777,0.0055284985840857335,0.0,1.0,2.0,1.0,3.0,1.0,15,0,1,1,4,72549,446,64812,108,108,0,0.0,0,0,1.0,1.0,1.0,0.5,2,2.0,tumor,neuron_tumor,"AMPAR subunit family; Venkatesh et al., Nature 2019",1,0.8022131753509925,0.04706388092158313,cc_n_partners=2 (+0.49); llm_mentions_per_run=1 (+0.46); cc_edges_total=15 (+0.41),literature tier 2 (label)
45,GLS,TAM1/TAM2/microglia,IDH_Mutant,TAM_microglia,1.0,1.1064324236649108,1.1064324236649108,59.4595764004668,0.46,0.286,0.17400000000000004,1.0,1.0,1.0,1.3231426999977598,1.0,2.0,13.0,0.0,13.0,0.0,0.0580182501147297,0.014240210546249892,0.0,1.0,4.0,13.0,13.0,1.0,39,1,0,1,2,12086,25922,2106,21701,2106,0,1.0,1,1,1.0,1.0,2.0,1.0,2,,,,,0,0.8004382330333453,0.1350153096638787,llm_ctx_mention_rate=1 (+0.83); llm_mention_rate=1 (+0.24); cc_n_cells_e1=1.21e+04 (+0.23),novel
46,GLS,TAM1/TAM2/microglia,IDH_WT,TAM_microglia,1.0,0.8886823854089718,0.8886823854089718,71.8248014029961,0.386,0.214,0.17200000000000001,1.0,1.0,1.0,1.3231426999977598,1.0,3.0,13.0,0.0,13.0,0.0,0.0580182501147297,0.014240210546249892,0.0,1.0,4.0,13.0,13.0,1.0,39,1,0,1,2,12086,25922,9696,2745,2745,0,1.0,0,1,1.0,1.0,2.0,1.0,2,,,,,0,0.7972690064568078,0.13182620535478204,llm_ctx_mention_rate=1 (+0.83); llm_mention_rate=1 (+0.25); cc_n_cells_e1=1.21e+04 (+0.23),novel
47,PTN,cycling_tumor,IDH_WT,tumor,1.0,0.9780783020521522,0.9780783020521522,87.89866688909946,0.985,0.716,0.269,1.0,1.0,1.0,0.9083364290477598,1.0,3.0,35.0,0.0,18.0,17.0,0.2619954091305924,0.12375513685284249,0.03,1.0,5.0,4.0,35.0,0.02857142857142857,137,1,0,1,7,6410,814,5847,663,663,0,0.02857142857142857,0,1,1.0,1.0,56.5,1.0,2,1.0,TAM_microglia,myeloid_bridge,"Shi et al., Cell Stem Cell 2017",0,0.7969314832157928,0.04071503065915901,llm_ctx_mention_rate=1 (+0.77); cc_edges_total=137 (+0.66); llm_mentions_per_run=56.5 (+0.25),"literature gene, other compartment"
48,GRIA4,TAM1/TAM2/microglia,IDH_Mutant,TAM_microglia,0.0,0.0,0.0,0.0,,,0.0,0.0,0.0,0.0,,0.0,4.0,0.0,0.0,0.0,0.0,0.0,0.0,,0.0,0.0,0.0,0.0,,15,0,1,1,4,12086,25922,2106,21701,2106,0,0.0,1,0,1.0,1.0,1.0,1.0,2,2.0,tumor,neuron_tumor,"AMPAR subunit family; Venkatesh et al., Nature 2019",0,0.7969071257627925,0.0576283600556356,llm_ctx_mention_rate=1 (+0.91); llm_mentions_per_run=1 (+0.43); cc_edges_total=15 (+0.43),"literature gene, other compartment"
49,BSG,OPC_GABA_like_tumor,IDH_WT,tumor,1.0,1.0060499171543125,1.0060499171543125,184.95248526242392,0.777,0.317,0.46,1.0,0.0,0.0,,0.0,3.0,0.0,26.0,13.0,13.0,0.0371646066923417,0.028620767883067635,0.04,1.0,7.0,10.0,26.0,0.0,56,0,1,1,4,6741,14114,5040,1935,1935,0,0.0,0,1,0.5,0.5,0.5,0.5,2,,,,,0,0.7961351281263637,0.036779276600226646,cc_edges_total=56 (+0.65); cc_n_cells_e1=6.74e+03 (+0.23); llm_ctx_mention_rate=0.5 (+0.16),novel
50,GRIA4,OPC_GABA_AC_like_tumor,IDH_WT,tumor,0.0,0.0,0.0,0.0,,,0.0,0.0,0.0,0.0,,0.0,2.0,0.0,3.0,3.0,0.0,0.0019474653876835,0.0009341804119280841,0.0,1.0,2.0,1.0,3.0,1.0,15,0,1,1,4,6202,1012,5384,171,171,0,0.0,0,0,1.0,1.0,1.0,0.5,2,2.0,tumor,neuron_tumor,"AMPAR subunit family; Venkatesh et al., Nature 2019",1,0.7902206294365878,0.05219073821488711,cc_n_partners=2 (+0.49); llm_mentions_per_run=1 (+0.46); cc_edges_total=15 (+0.42),literature tier 2 (label)
51,PTPRZ1,OPC_GABA_AC_like_tumor,IDH_WT,tumor,1.0,1.3972861912109875,1.3972861912109875,18.340556017846417,0.871,0.614,0.257,1.0,1.0,1.0,0.6077021780204617,1.0,5.0,0.0,20.0,10.0,10.0,0.1818786977548719,0.1144304780832373,0.0,2.0,5.0,2.0,20.0,0.0,77,0,1,2,4,6202,1012,5384,171,171,0,0.0,0,1,1.0,1.0,26.5,1.0,2,1.0,tumor,myeloid_bridge,"Shi et al., Cell Stem Cell 2017",1,0.7883115447571413,0.06205375033740979,llm_ctx_mention_rate=1 (+0.96); cc_edges_total=77 (+0.69); deg_n_celltypes_sig=5 (+0.27),literature tier 1 (label)
52,PTPRZ1,OPC_GABA_AC_like_tumor,IDH_Mutant,tumor,1.0,0.6193622334057673,0.6193622334057673,8.918134252223007,0.712,0.415,0.297,1.0,1.0,1.0,0.6077021780204617,1.0,4.0,0.0,20.0,10.0,10.0,0.1818786977548719,0.1144304780832373,0.0,2.0,5.0,2.0,20.0,0.0,77,0,1,2,4,6202,1012,352,742,352,0,0.0,1,1,1.0,1.0,26.5,1.0,2,1.0,tumor,myeloid_bridge,"Shi et al., Cell Stem Cell 2017",1,0.7804670562541638,0.06444349143237478,llm_ctx_mention_rate=1 (+0.96); cc_edges_total=77 (+0.70); deg_n_celltypes_sig=4 (+0.26),literature tier 1 (label)
53,GRIA4,TAM1/TAM2/microglia,IDH_WT,TAM_microglia,0.0,0.0,0.0,0.0,,,0.0,0.0,0.0,0.0,,0.0,2.0,0.0,0.0,0.0,0.0,0.0,0.0,,0.0,0.0,0.0,0.0,,15,0,1,1,4,12086,25922,9696,2745,2745,0,0.0,0,0,1.0,1.0,1.0,1.0,2,2.0,tumor,neuron_tumor,"AMPAR subunit family; Venkatesh et al., Nature 2019",0,0.7766595135391369,0.06430638387256445,llm_ctx_mention_rate=1 (+0.92); llm_mentions_per_run=1 (+0.46); cc_edges_total=15 (+0.43),"literature gene, other compartment"
54,NCL,OPC_GABA_AC_like_tumor,IDH_Mutant,tumor,0.0,0.0,0.0,0.0,,,0.0,0.0,0.0,0.0,,0.0,3.0,0.0,9.0,7.0,2.0,0.1031600242652839,0.06558699115813464,0.03,2.0,4.0,0.0,9.0,0.5555555555555556,70,0,1,2,7,6202,1012,352,742,352,0,0.0,1,0,0.5,0.5,1.0,0.5,2,,,,,0,0.7737190763133459,0.049847931211423606,cc_edges_total=70 (+0.58); llm_mentions_per_run=1 (+0.46); cc_n_cells_e1=6.2e+03 (+0.24),novel
55,DAG1,cycling_tumor,IDH_Mutant,tumor,1.0,2.3691077077899365,2.3691077077899365,7.607543301074982,0.257,0.026,0.231,1.0,1.0,1.0,1.150522854828894,1.0,2.0,0.0,6.0,6.0,0.0,0.0134431326010437,0.004370217139411733,0.0,1.0,4.0,0.0,6.0,1.0,6,0,1,1,1,6410,814,270,136,136,0,1.0,1,1,0.5,0.5,1.5,0.5,2,,,,,0,0.7717902985253733,0.05783249053394949,llm_mentions_per_run=1.5 (+0.47); llm_ctx_mention_rate=0.5 (+0.26); llm_mention_rate=0.5 (+0.23),novel
56,NCL,OPC_GABA_AC_like_tumor,IDH_WT,tumor,0.0,0.0,0.0,0.0,,,0.0,0.0,0.0,0.0,,0.0,2.0,0.0,9.0,7.0,2.0,0.1031600242652839,0.06558699115813464,0.03,2.0,4.0,0.0,9.0,0.5555555555555556,70,0,1,2,7,6202,1012,5384,171,171,0,0.0,0,0,0.5,0.5,1.0,0.5,2,,,,,0,0.7700940657870146,0.04951039483872609,cc_edges_total=70 (+0.58); llm_mentions_per_run=1 (+0.46); cc_n_cells_e1=6.2e+03 (+0.24),novel
57,TREM2,TAM1/TAM2/microglia,IDH_WT,TAM_microglia,1.0,0.4580206192774372,0.4580206192774372,64.2337844280178,0.777,0.571,0.20600000000000007,1.0,0.0,0.0,,0.0,2.0,0.0,38.0,19.0,19.0,0.2392234722575476,0.08750399753816233,0.03,2.0,7.0,34.0,38.0,0.0,57,0,1,2,2,12086,25922,9696,2745,2745,0,0.0,0,1,1.0,1.0,4.5,1.0,2,2.0,TAM_microglia,myeloid_bridge,TAM marker (pathway-level),1,0.7699559462607104,0.06559024174923613,llm_ctx_mention_rate=1 (+0.96); cc_edges_total=57 (+0.68); llm_mentions_per_run=4.5 (+0.24),literature tier 2 (label)
58,PTN,OPC_GABA_like_tumor,IDH_WT,tumor,1.0,0.7469822389516407,0.7469822389516407,139.8483440448737,0.988,0.896,0.09199999999999997,1.0,0.0,0.0,-0.5882571766672164,1.0,3.0,34.0,0.0,17.0,17.0,0.2305449409125061,0.1188353571612105,0.0,1.0,5.0,4.0,34.0,0.0,137,1,0,1,7,6741,14114,5040,1935,1935,0,0.0,0,1,1.0,1.0,56.5,1.0,2,1.0,TAM_microglia,myeloid_bridge,"Shi et al., Cell Stem Cell 2017",0,0.7679666102931823,0.03931263095045649,llm_ctx_mention_rate=1 (+0.79); cc_edges_total=137 (+0.68); llm_mentions_per_run=56.5 (+0.25),"literature gene, other compartment"
59,NCL,AC_like_tumor,IDH_WT,tumor,0.0,0.0,0.0,0.0,,,0.0,0.0,0.0,0.0,,0.0,2.0,0.0,10.0,9.0,1.0,0.1384156467333893,0.08741232974037678,0.0,2.0,4.0,0.0,10.0,0.8,70,0,1,2,7,72549,446,64812,108,108,0,0.0,0,0,0.5,0.5,1.0,0.5,2,,,,,0,0.7654950672301228,0.05111001244042205,cc_edges_total=70 (+0.58); llm_mentions_per_run=1 (+0.46); cc_n_cells_e1=7.25e+04 (+0.24),novel
60,EGFR,AC_like_tumor,IDH_WT,tumor,0.0,0.0,0.0,0.0,,,0.0,0.0,0.0,0.0,,0.0,3.0,0.0,4.0,2.0,2.0,0.0139104095399897,0.00775991270306315,0.0,1.0,2.0,4.0,4.0,0.0,14,0,1,1,4,72549,446,64812,108,108,0,0.0,0,0,1.0,1.0,10.5,1.0,2,1.0,tumor,growth,"Brennan et al., Cell 2013 (TCGA GBM)",1,0.7579228183703324,0.05426358303305956,llm_ctx_mention_rate=1 (+1.01); cc_n_partners=2 (+0.49); cc_edges_total=14 (+0.36),literature tier 1 (label)
61,BSG,AC_like_tumor,IDH_WT,tumor,0.0,0.0,0.0,0.0,,,0.0,0.0,0.0,0.0,,0.0,3.0,0.0,6.0,6.0,0.0,0.027815192477311,0.02515049437541185,0.04,1.0,4.0,0.0,6.0,1.0,56,0,1,1,4,72549,446,64812,108,108,0,0.0,0,0,0.5,0.5,0.5,0.5,2,,,,,0,0.7555393111426024,0.06859152209702536,cc_edges_total=56 (+0.68); cc_n_cells_e1=7.25e+04 (+0.23); llm_ctx_mention_rate=0.5 (+0.17),novel
62,DAG1,cycling_tumor,IDH_WT,tumor,1.0,1.1621359187782838,1.1621359187782838,127.72158240460338,0.463,0.096,0.367,1.0,1.0,1.0,1.150522854828894,1.0,1.0,0.0,6.0,6.0,0.0,0.0134431326010437,0.004370217139411733,0.0,1.0,4.0,0.0,6.0,1.0,6,0,1,1,1,6410,814,5847,663,663,0,1.0,0,1,0.5,0.5,1.5,0.5,2,,,,,0,0.7525546362408119,0.06591100357219912,llm_mentions_per_run=1.5 (+0.46); llm_ctx_mention_rate=0.5 (+0.25); llm_mention_rate=0.5 (+0.22),novel
63,NCAM1,cycling_tumor,IDH_Mutant,tumor,1.0,4.828096259857139,4.828096259857139,49.45073162514205,0.787,0.037,0.75,1.0,1.0,1.0,2.6541876782611045,1.0,5.0,6.0,5.0,11.0,0.0,0.0539088305225066,0.022144309504525565,0.0,1.0,4.0,0.0,11.0,1.0,55,1,1,1,4,6410,814,270,136,136,0,1.0,1,1,0.0,0.0,0.0,0.0,2,2.0,tumor,neuron_tumor,Synaptic adhesion (pathway-level),1,0.752114827887007,0.05610727490515761,cc_edges_total=55 (+0.90); deg_pooled_log2fc=2.65 (+0.85); deg_n_celltypes_sig=5 (+0.39),literature tier 2 (label)
64,NCAM1,cycling_tumor,IDH_WT,tumor,1.0,2.4549849661677747,2.4549849661677747,300.0,0.691,0.094,0.597,1.0,1.0,1.0,2.6541876782611045,1.0,4.0,6.0,5.0,11.0,0.0,0.0539088305225066,0.022144309504525565,0.0,1.0,4.0,0.0,11.0,1.0,55,1,1,1,4,6410,814,5847,663,663,0,1.0,0,1,0.0,0.0,0.0,0.0,2,2.0,tumor,neuron_tumor,Synaptic adhesion (pathway-level),1,0.7510966733085496,0.04378330392937496,cc_edges_total=55 (+0.90); deg_pooled_log2fc=2.65 (+0.84); deg_n_celltypes_sig=4 (+0.38),literature tier 2 (label)
65,GRIA2,cycling_tumor,IDH_Mutant,tumor,1.0,4.653403958396013,4.653403958396013,37.39719059706227,0.647,0.03,0.617,1.0,1.0,1.0,2.6067381794114644,1.0,4.0,0.0,3.0,3.0,0.0,0.0081782421612816,0.003928664324832367,0.0,1.0,2.0,1.0,3.0,1.0,12,0,1,1,3,6410,814,270,136,136,0,1.0,1,1,1.0,0.5,4.5,0.5,2,1.0,tumor,neuron_tumor,"Venkatesh et al., Nature 2019; Venkataramani et al., Nature 2019",1,0.748678593068277,0.10724501918978313,deg_pooled_log2fc=2.61 (+0.82); cc_n_partners=2 (+0.50); llm_ctx_mention_rate=0.5 (+0.34),literature tier 1 (label)
66,BSG,AC_like_tumor,IDH_Mutant,tumor,0.0,0.0,0.0,0.0,,,0.0,0.0,0.0,0.0,,0.0,1.0,0.0,6.0,6.0,0.0,0.027815192477311,0.02515049437541185,0.04,1.0,4.0,0.0,6.0,1.0,56,0,1,1,4,72549,446,4249,283,283,0,0.0,1,0,0.5,0.5,0.5,0.5,2,,,,,0,0.7485109402738089,0.06571801669835604,cc_edges_total=56 (+0.66); cc_n_cells_e1=7.25e+04 (+0.22); llm_ctx_mention_rate=0.5 (+0.16),novel
67,PTN,OPC_GABA_like_tumor,IDH_Mutant,tumor,0.0,0.0,0.0,0.0,,,0.0,0.0,0.0,0.0,,0.0,1.0,34.0,0.0,17.0,17.0,0.2305449409125061,0.1188353571612105,0.0,1.0,5.0,4.0,34.0,0.0,137,1,0,1,7,6741,14114,1658,11741,1658,0,0.0,1,0,1.0,1.0,56.5,1.0,2,1.0,TAM_microglia,myeloid_bridge,"Shi et al., Cell Stem Cell 2017",0,0.7399210008527508,0.0400089880587152,llm_ctx_mention_rate=1 (+0.76); cc_edges_total=137 (+0.65); llm_mentions_per_run=56.5 (+0.24),"literature gene, other compartment"
68,NOTCH1,cycling_tumor,IDH_WT,tumor,1.0,2.186278539926624,2.186278539926624,186.2528481982885,0.383,0.046,0.337,1.0,0.0,0.0,2.0468222299775896,1.0,2.0,0.0,8.0,8.0,0.0,0.0102880806075418,0.004045192693051016,0.0,2.0,4.0,0.0,8.0,1.0,16,0,1,2,2,6410,814,5847,663,663,0,1.0,0,1,0.5,0.5,1.0,0.0,2,2.0,tumor,growth,Notch pathway (pathway-level),1,0.7368244216421023,0.08172169974230052,deg_pooled_log2fc=2.05 (+0.54); cc_edges_total=16 (+0.48); llm_mentions_per_run=1 (+0.43),literature tier 2 (label)
69,PTN,AC_like_tumor,IDH_WT,tumor,0.0,0.0,0.0,0.0,,,0.0,0.0,0.0,0.0,,0.0,3.0,29.0,0.0,12.0,17.0,0.2396805306048765,0.12107655797708905,0.0,1.0,5.0,2.0,29.0,-0.1724137931034483,137,1,0,1,7,72549,446,64812,108,108,0,-0.0,0,0,1.0,1.0,56.5,1.0,2,1.0,TAM_microglia,myeloid_bridge,"Shi et al., Cell Stem Cell 2017",0,0.7307637853937171,0.038337983239150004,llm_ctx_mention_rate=1 (+0.76); cc_edges_total=137 (+0.67); llm_mentions_per_run=56.5 (+0.25),"literature gene, other compartment"
70,PTN,OPC_GABA_AC_like_tumor,IDH_WT,tumor,0.0,0.0,0.0,0.0,,,0.0,0.0,0.0,0.0,,0.0,3.0,29.0,0.0,12.0,17.0,0.2435689856404543,0.12399226609018335,0.0,1.0,5.0,2.0,29.0,-0.1724137931034483,137,1,0,1,7,6202,1012,5384,171,171,0,-0.0,0,0,1.0,1.0,56.5,1.0,2,1.0,TAM_microglia,myeloid_bridge,"Shi et al., Cell Stem Cell 2017",0,0.7307637853937171,0.038337983239150004,llm_ctx_mention_rate=1 (+0.76); cc_edges_total=137 (+0.67); llm_mentions_per_run=56.5 (+0.25),"literature gene, other compartment"
71,PTN,AC_like_tumor,IDH_Mutant,tumor,0.0,0.0,0.0,0.0,,,0.0,0.0,0.0,0.0,,0.0,1.0,29.0,0.0,12.0,17.0,0.2396805306048765,0.12107655797708905,0.0,1.0,5.0,2.0,29.0,-0.1724137931034483,137,1,0,1,7,72549,446,4249,283,283,0,-0.0,1,0,1.0,1.0,56.5,1.0,2,1.0,TAM_microglia,myeloid_bridge,"Shi et al., Cell Stem Cell 2017",0,0.7300582083389695,0.049746242401131464,llm_ctx_mention_rate=1 (+0.76); cc_edges_total=137 (+0.65); llm_mentions_per_run=56.5 (+0.24),"literature gene, other compartment"
72,PTN,OPC_GABA_AC_like_tumor,IDH_Mutant,tumor,0.0,0.0,0.0,0.0,,,0.0,0.0,0.0,0.0,,0.0,1.0,29.0,0.0,12.0,17.0,0.2435689856404543,0.12399226609018335,0.0,1.0,5.0,2.0,29.0,-0.1724137931034483,137,1,0,1,7,6202,1012,352,742,352,0,-0.0,1,0,1.0,1.0,56.5,1.0,2,1.0,TAM_microglia,myeloid_bridge,"Shi et al., Cell Stem Cell 2017",0,0.7289828163857612,0.04991792320434364,llm_ctx_mention_rate=1 (+0.76); cc_edges_total=137 (+0.65); llm_mentions_per_run=56.5 (+0.24),"literature gene, other compartment"
73,TREM2,TAM1/TAM2/microglia,IDH_Mutant,TAM_microglia,0.0,0.0,0.0,0.0,,,0.0,0.0,0.0,0.0,,0.0,1.0,0.0,38.0,19.0,19.0,0.2392234722575476,0.08750399753816233,0.03,2.0,7.0,34.0,38.0,0.0,57,0,1,2,2,12086,25922,2106,21701,2106,0,0.0,1,0,1.0,1.0,4.5,1.0,2,2.0,TAM_microglia,myeloid_bridge,TAM marker (pathway-level),1,0.7252662372958325,0.05604867836762888,llm_ctx_mention_rate=1 (+0.93); cc_edges_total=57 (+0.67); cc_n_cells_e1=1.21e+04 (+0.23),literature tier 2 (label)
74,PDGFRA,cycling_tumor,IDH_WT,tumor,1.0,4.463580373741013,4.463580373741013,300.0,0.664,0.036,0.628,1.0,1.0,1.0,3.948858685997316,1.0,4.0,0.0,2.0,2.0,0.0,0.0119692946711039,0.0077375447327477,0.0,1.0,2.0,1.0,2.0,1.0,6,0,1,1,3,6410,814,5847,663,663,0,1.0,0,1,0.0,0.0,0.0,0.0,2,1.0,tumor,growth,"Brennan et al., Cell 2013; Verhaak et al., Cancer Cell 2010",1,0.7251931539989486,0.06734559348153867,deg_pooled_log2fc=3.95 (+0.85); cc_n_partners=2 (+0.53); deg_n_celltypes_sig=4 (+0.29),literature tier 1 (label)
75,LRRTM2,cycling_tumor,IDH_Mutant,tumor,1.0,4.007836668405867,4.007836668405867,5.2846177479249645,0.169,0.007,0.162,1.0,1.0,1.0,1.001053071696476,1.0,3.0,0.0,6.0,6.0,0.0,0.0103806915753576,0.00337061154555855,0.0,1.0,4.0,0.0,6.0,1.0,12,0,1,1,2,6410,814,270,136,136,0,1.0,1,1,0.5,0.5,2.0,0.5,2,,,,,0,0.7250541288349961,0.0944249850805974,llm_ctx_mention_rate=0.5 (+0.26); cc_n_cells_e1=6.41e+03 (+0.21); llm_mention_rate=0.5 (+0.20),novel
76,MPZL1,cycling_tumor,IDH_WT,tumor,1.0,2.127937477347736,2.127937477347736,191.79615545642392,0.493,0.081,0.412,1.0,0.0,0.0,1.8598006636625044,1.0,4.0,2.0,2.0,4.0,0.0,0.0023450528994386,0.0022104610097024,0.0,1.0,2.0,2.0,4.0,1.0,8,1,1,1,2,6410,814,5847,663,663,0,1.0,0,1,0.0,0.0,0.0,0.0,2,,,,,0,0.72438235142737,0.07980790250627415,deg_pooled_log2fc=1.86 (+0.59); cc_n_partners=2 (+0.53); deg_n_celltypes_sig=4 (+0.28),novel
77,KLRB1,OPC_GABA_AC_like_tumor,IDH_WT,tumor,0.0,0.0,0.0,0.0,,,0.0,0.0,0.0,0.0,,0.0,0.0,0.0,0.0,0.0,0.0,0.0,0.0,,0.0,0.0,0.0,0.0,,14,0,1,1,1,6202,1012,5384,171,171,0,0.0,0,0,1.0,1.0,7.0,0.0,2,1.0,T_cell,immune_synapse,"Mathewson et al., Cell 2021",0,0.7215872813660629,0.09153015330338185,deg_n_celltypes_sig=0 (+0.35); llm_mention_rate=1 (+0.27); cc_edges_total=14 (+0.22),"literature gene, other compartment"
78,KLRB1,AC_like_tumor,IDH_WT,tumor,0.0,0.0,0.0,0.0,,,0.0,0.0,0.0,0.0,,0.0,0.0,0.0,0.0,0.0,0.0,0.0,0.0,,0.0,0.0,0.0,0.0,,14,0,1,1,1,72549,446,64812,108,108,0,0.0,0,0,1.0,1.0,7.0,0.0,2,1.0,T_cell,immune_synapse,"Mathewson et al., Cell 2021",0,0.7215872813660629,0.09153015330338185,deg_n_celltypes_sig=0 (+0.35); llm_mention_rate=1 (+0.27); cc_edges_total=14 (+0.22),"literature gene, other compartment"
79,CNTN1,cycling_tumor,IDH_WT,tumor,1.0,4.193702883339663,4.193702883339663,300.0,0.428,0.015,0.413,1.0,1.0,1.0,3.9210720403512047,1.0,4.0,8.0,0.0,8.0,0.0,0.0116509341895663,0.003926612890837995,0.0,1.0,4.0,0.0,8.0,1.0,16,1,0,1,2,6410,814,5847,663,663,0,1.0,0,1,1.0,0.0,4.0,0.0,2,2.0,tumor,neuron_tumor,Synaptic adhesion (pathway-level),1,0.7211555261078448,0.08770495529823788,deg_pooled_log2fc=3.92 (+0.61); cc_edges_total=16 (+0.51); deg_n_celltypes_sig=4 (+0.29),literature tier 2 (label)
80,KLRB1,cycling_tumor,IDH_WT,tumor,0.0,0.0,0.0,0.0,,,0.0,0.0,0.0,0.0,,0.0,0.0,0.0,0.0,0.0,0.0,0.0,0.0,,0.0,0.0,0.0,0.0,,14,0,1,1,1,6410,814,5847,663,663,0,0.0,0,0,1.0,1.0,7.0,0.0,2,1.0,T_cell,immune_synapse,"Mathewson et al., Cell 2021",0,0.7205478429203314,0.09122507575952175,deg_n_celltypes_sig=0 (+0.35); llm_mention_rate=1 (+0.27); cc_edges_total=14 (+0.22),"literature gene, other compartment"
81,NCAM1,OPC_GABA_like_tumor,IDH_WT,tumor,1.0,1.9092615944633489,1.9092615944633489,300.0,0.761,0.194,0.567,1.0,1.0,1.0,1.8163051390488365,1.0,4.0,12.0,10.0,11.0,11.0,0.0937493977547745,0.022859245563446106,0.0,1.0,4.0,0.0,22.0,0.0,55,1,1,1,4,6741,14114,5040,1935,1935,0,0.0,0,1,0.0,0.0,0.0,0.0,2,2.0,tumor,neuron_tumor,Synaptic adhesion (pathway-level),1,0.7187338257768587,0.027332859875866783,cc_edges_total=55 (+0.90); deg_pooled_log2fc=1.82 (+0.76); deg_n_celltypes_sig=4 (+0.38),literature tier 2 (label)
82,EGFR,cycling_tumor,IDH_WT,tumor,1.0,-2.992594636900289,2.992594636900289,10.242048894764032,0.17,0.28,-0.11000000000000001,-1.0,1.0,0.0,,0.0,3.0,0.0,4.0,2.0,2.0,0.0064027402138418,0.003551269548778375,0.0,1.0,2.0,4.0,4.0,0.0,14,0,1,1,4,6410,814,5847,663,663,0,-0.0,0,1,1.0,1.0,10.5,1.0,2,1.0,tumor,growth,"Brennan et al., Cell 2013 (TCGA GBM)",1,0.7186853884883646,0.09090039281929702,llm_ctx_mention_rate=1 (+1.00); cc_n_partners=2 (+0.50); cc_edges_total=14 (+0.36),literature tier 1 (label)
83,APP,cycling_tumor,IDH_Mutant,tumor,1.0,3.047695379909121,3.047695379909121,30.167954522455883,0.662,0.074,0.5880000000000001,1.0,1.0,1.0,0.699568325640972,1.0,3.0,13.0,0.0,13.0,0.0,0.0953371521546039,0.04503520625305321,0.0,1.0,6.0,10.0,13.0,1.0,78,1,0,1,4,6410,814,270,136,136,0,1.0,1,1,0.0,0.0,0.0,0.0,2,,,,,0,0.7138778694763381,0.09499311014453947,cc_edges_total=78 (+0.90); cc_n_cells_e1=6.41e+03 (+0.22); deg_pct_diff=0.588 (+0.13),novel
84,GRIA2,AC_like_tumor,IDH_Mutant,tumor,1.0,1.2753291835796072,1.2753291835796072,12.021992749400278,0.452,0.256,0.196,1.0,0.0,0.0,2.218869375056152,1.0,4.0,0.0,3.0,3.0,0.0,0.01334006204483,0.006415987940346833,0.0,1.0,2.0,1.0,3.0,1.0,12,0,1,1,3,72549,446,4249,283,283,0,1.0,1,1,1.0,0.5,4.5,0.5,2,1.0,tumor,neuron_tumor,"Venkatesh et al., Nature 2019; Venkataramani et al., Nature 2019",1,0.7118249364313034,0.09880247460845427,deg_pooled_log2fc=2.22 (+0.82); cc_n_partners=2 (+0.50); llm_ctx_mention_rate=0.5 (+0.34),literature tier 1 (label)
85,KLRB1,OPC_GABA_like_tumor,IDH_WT,tumor,0.0,0.0,0.0,0.0,,,0.0,0.0,0.0,0.0,,0.0,0.0,0.0,0.0,0.0,0.0,0.0,0.0,,0.0,0.0,0.0,0.0,,14,0,1,1,1,6741,14114,5040,1935,1935,0,0.0,0,0,1.0,1.0,7.0,0.0,2,1.0,T_cell,immune_synapse,"Mathewson et al., Cell 2021",0,0.7117911498038337,0.0885086631266857,deg_n_celltypes_sig=0 (+0.35); llm_mention_rate=1 (+0.27); cc_edges_total=14 (+0.22),"literature gene, other compartment"
86,NCL,TAM1/TAM2/microglia,IDH_Mutant,TAM_microglia,0.0,0.0,0.0,0.0,,,0.0,0.0,0.0,0.0,,0.0,3.0,0.0,14.0,7.0,7.0,0.0999996120429012,0.07275541938109083,0.0,2.0,4.0,14.0,14.0,0.0,70,0,1,2,7,12086,25922,2106,21701,2106,0,0.0,1,0,0.5,0.5,1.0,0.0,2,,,,,0,0.7093370946740709,0.07594919386914276,cc_edges_total=70 (+0.66); llm_mentions_per_run=1 (+0.47); cc_n_cells_e1=1.21e+04 (+0.24),novel
87,PDGFRA,cycling_tumor,IDH_Mutant,tumor,1.0,3.761880760378688,3.761880760378688,30.936948110625547,0.551,0.019,0.532,1.0,1.0,1.0,3.948858685997316,1.0,4.0,0.0,2.0,2.0,0.0,0.0119692946711039,0.0077375447327477,0.0,1.0,2.0,1.0,2.0,1.0,6,0,1,1,3,6410,814,270,136,136,0,1.0,1,1,0.0,0.0,0.0,0.0,2,1.0,tumor,growth,"Brennan et al., Cell 2013; Verhaak et al., Cancer Cell 2010",1,0.7090337942015614,0.047905310339828484,deg_pooled_log2fc=3.95 (+0.85); cc_n_partners=2 (+0.54); deg_n_celltypes_sig=4 (+0.30),literature tier 1 (label)
88,EGFR,OPC_GABA_AC_like_tumor,IDH_Mutant,tumor,0.0,0.0,0.0,0.0,,,0.0,0.0,0.0,0.0,,0.0,3.0,0.0,2.0,0.0,2.0,0.0131137600897326,0.0103901636652432,0.0,1.0,2.0,2.0,2.0,-1.0,14,0,1,1,4,6202,1012,352,742,352,0,-0.0,1,0,1.0,1.0,10.5,1.0,2,1.0,tumor,growth,"Brennan et al., Cell 2013 (TCGA GBM)",1,0.708411213295428,0.058326656269613975,llm_ctx_mention_rate=1 (+1.00); cc_n_partners=2 (+0.49); cc_edges_total=14 (+0.37),literature tier 1 (label)
89,NCL,TAM1/TAM2/microglia,IDH_WT,TAM_microglia,0.0,0.0,0.0,0.0,,,0.0,0.0,0.0,0.0,,0.0,2.0,0.0,14.0,7.0,7.0,0.0999996120429012,0.07275541938109083,0.0,2.0,4.0,14.0,14.0,0.0,70,0,1,2,7,12086,25922,9696,2745,2745,0,0.0,0,0,0.5,0.5,1.0,0.0,2,,,,,0,0.7051555101730992,0.07314859215262916,cc_edges_total=70 (+0.66); llm_mentions_per_run=1 (+0.47); cc_n_cells_e1=1.21e+04 (+0.24),novel
90,LRRTM2,cycling_tumor,IDH_WT,tumor,1.0,1.0132404394620282,1.0132404394620282,99.16417413485708,0.359,0.072,0.287,1.0,1.0,1.0,1.001053071696476,1.0,2.0,0.0,6.0,6.0,0.0,0.0103806915753576,0.00337061154555855,0.0,1.0,4.0,0.0,6.0,1.0,12,0,1,1,2,6410,814,5847,663,663,0,1.0,0,1,0.5,0.5,2.0,0.5,2,,,,,0,0.703288012601266,0.08061598061978346,llm_ctx_mention_rate=0.5 (+0.26); cc_n_cells_e1=6.41e+03 (+0.21); llm_mention_rate=0.5 (+0.20),novel
91,NRXN1,TAM1/TAM2/microglia,IDH_Mutant,TAM_microglia,0.0,0.0,0.0,0.0,,,0.0,0.0,0.0,0.0,,0.0,3.0,0.0,0.0,0.0,0.0,0.0,0.0,,0.0,0.0,0.0,0.0,,50,1,0,1,4,12086,25922,2106,21701,2106,0,0.0,1,0,1.0,0.5,34.0,0.5,2,2.0,tumor,neuron_tumor,Presynaptic partner of NLGN3 (pathway-level),0,0.7015165252868597,0.07127146708970533,cc_edges_total=50 (+0.98); llm_mention_rate=1 (+0.28); cc_n_cells_e1=1.21e+04 (+0.23),"literature gene, other compartment"
92,CDH2,cycling_tumor,IDH_Mutant,tumor,1.0,2.6981053725906845,2.6981053725906845,16.020476888215608,0.39,0.03,0.36,1.0,1.0,1.0,0.8498387895961115,1.0,1.0,4.0,4.0,8.0,0.0,0.0076576511402805,0.0047415855174035,0.0,1.0,3.0,0.0,8.0,1.0,32,1,1,1,3,6410,814,270,136,136,0,1.0,1,1,0.0,0.0,0.0,0.0,2,,,,,0,0.7011959959655503,0.11461191924625533,cc_n_partners=3 (+0.29); cc_n_cells_e1=6.41e+03 (+0.21); cc_edges_e2=8 (+0.14),novel
93,NRXN1,TAM1/TAM2/microglia,IDH_WT,TAM_microglia,0.0,0.0,0.0,0.0,,,0.0,0.0,0.0,0.0,,0.0,2.0,0.0,0.0,0.0,0.0,0.0,0.0,,0.0,0.0,0.0,0.0,,50,1,0,1,4,12086,25922,9696,2745,2745,0,0.0,0,0,1.0,0.5,34.0,0.5,2,2.0,tumor,neuron_tumor,Presynaptic partner of NLGN3 (pathway-level),0,0.7010350662526338,0.06878254657788392,cc_edges_total=50 (+0.98); llm_mention_rate=1 (+0.28); cc_n_cells_e1=1.21e+04 (+0.23),"literature gene, other compartment"
94,PDGFRA,OPC_GABA_like_tumor,IDH_WT,tumor,1.0,3.474013477544889,3.474013477544889,300.0,0.758,0.108,0.65,1.0,1.0,1.0,2.676631319433065,1.0,4.0,0.0,2.0,2.0,0.0,0.0135999473904176,0.0087930875886892,0.0,1.0,2.0,1.0,2.0,1.0,6,0,1,1,3,6741,14114,5040,1935,1935,0,1.0,0,1,0.0,0.0,0.0,0.0,2,1.0,tumor,growth,"Brennan et al., Cell 2013; Verhaak et al., Cancer Cell 2010",1,0.7008451679053035,0.06277242036126185,deg_pooled_log2fc=2.68 (+0.85); cc_n_partners=2 (+0.55); deg_n_celltypes_sig=4 (+0.29),literature tier 1 (label)
95,KLRB1,TAM1/TAM2/microglia,IDH_WT,TAM_microglia,0.0,0.0,0.0,0.0,,,0.0,0.0,0.0,0.0,,0.0,0.0,0.0,0.0,0.0,0.0,0.0,0.0,,0.0,0.0,0.0,0.0,,14,0,1,1,1,12086,25922,9696,2745,2745,0,0.0,0,0,1.0,1.0,7.0,0.0,2,1.0,T_cell,immune_synapse,"Mathewson et al., Cell 2021",0,0.6985677804348752,0.09454391759126533,deg_n_celltypes_sig=0 (+0.35); llm_mention_rate=1 (+0.27); cc_edges_total=14 (+0.22),"literature gene, other compartment"
96,CDH2,cycling_tumor,IDH_WT,tumor,1.0,0.8278787438929278,0.8278787438929278,108.72235858210092,0.534,0.135,0.399,1.0,1.0,1.0,0.8498387895961115,1.0,1.0,4.0,4.0,8.0,0.0,0.0076576511402805,0.0047415855174035,0.0,1.0,3.0,0.0,8.0,1.0,32,1,1,1,3,6410,814,5847,663,663,0,1.0,0,1,0.0,0.0,0.0,0.0,2,,,,,0,0.6985210194442957,0.1118710319534497,cc_n_partners=3 (+0.28); cc_n_cells_e1=6.41e+03 (+0.21); cc_edges_e2=8 (+0.14),novel
97,NCAM1,AC_like_tumor,IDH_WT,tumor,1.0,1.2998359248681246,1.2998359248681246,1.8793646417452232,0.213,0.079,0.134,1.0,1.0,1.0,2.194451284307587,1.0,4.0,6.0,5.0,11.0,0.0,0.0240611309936104,0.009776743985464673,0.0,1.0,4.0,0.0,11.0,1.0,55,1,1,1,4,72549,446,64812,108,108,0,1.0,0,1,0.0,0.0,0.0,0.0,2,2.0,tumor,neuron_tumor,Synaptic adhesion (pathway-level),1,0.6970515264077537,0.04348172691112637,cc_edges_total=55 (+0.90); deg_pooled_log2fc=2.19 (+0.85); deg_n_celltypes_sig=4 (+0.35),literature tier 2 (label)
98,NLGN1,OPC_GABA_AC_like_tumor,IDH_WT,tumor,0.0,0.0,0.0,0.0,,,0.0,0.0,0.0,0.0,,0.0,2.0,0.0,0.0,0.0,0.0,0.0,0.0,,0.0,0.0,0.0,0.0,,18,0,1,1,3,6202,1012,5384,171,171,0,0.0,0,0,1.0,1.0,9.0,1.0,2,2.0,tumor,neuron_tumor,Neuroligin family (pathway-level),1,0.6932687767356749,0.04004153607328857,llm_ctx_mention_rate=1 (+0.98); cc_edges_total=18 (+0.51); llm_mention_rate=1 (+0.31),literature tier 2 (label)
99,GRIA3,cycling_tumor,IDH_Mutant,tumor,1.0,5.380637217529915,5.380637217529915,13.383804944810485,0.287,0.007,0.27999999999999997,1.0,1.0,1.0,1.3787508387172114,1.0,2.0,0.0,3.0,3.0,0.0,0.0040368629211877,0.0019373749634117178,0.0,1.0,2.0,1.0,3.0,1.0,6,0,1,1,2,6410,814,270,136,136,0,1.0,1,1,1.0,1.0,1.0,0.5,2,2.0,tumor,neuron_tumor,"AMPAR subunit family; Venkatesh et al., Nature 2019",1,0.6932460332729569,0.1423466944838416,cc_n_partners=2 (+0.51); deg_pooled_log2fc=1.38 (+0.44); llm_mentions_per_run=1 (+0.44),literature tier 2 (label)
100,APP,cycling_tumor,IDH_WT,tumor,1.0,0.5635272019122394,0.5635272019122394,78.444029319751,0.695,0.241,0.45399999999999996,1.0,1.0,1.0,0.699568325640972,1.0,1.0,13.0,0.0,13.0,0.0,0.0953371521546039,0.04503520625305321,0.0,1.0,6.0,10.0,13.0,1.0,78,1,0,1,4,6410,814,5847,663,663,0,1.0,0,1,0.0,0.0,0.0,0.0,2,,,,,0,0.6930377977721234,0.10138933620088104,cc_edges_total=78 (+0.89); cc_n_cells_e1=6.41e+03 (+0.21); deg_pct_diff=0.454 (+0.11),novel
101,APP,AC_like_tumor,IDH_WT,tumor,0.0,0.0,0.0,0.0,,,0.0,0.0,0.0,0.0,,0.0,1.0,20.0,0.0,10.0,10.0,0.0466729998846793,0.02494242887230293,0.04,1.0,4.0,16.0,20.0,0.0,78,1,0,1,4,72549,446,64812,108,108,0,0.0,0,0,0.0,0.0,0.0,0.0,2,,,,,0,0.6926985109164214,0.11541627964255693,cc_edges_total=78 (+0.89); cc_n_cells_e1=7.25e+04 (+0.22); cc_edges_e2=10 (+0.13),novel
102,NLGN1,OPC_GABA_AC_like_tumor,IDH_Mutant,tumor,0.0,0.0,0.0,0.0,,,0.0,0.0,0.0,0.0,,0.0,2.0,0.0,0.0,0.0,0.0,0.0,0.0,,0.0,0.0,0.0,0.0,,18,0,1,1,3,6202,1012,352,742,352,0,0.0,1,0,1.0,1.0,9.0,1.0,2,2.0,tumor,neuron_tumor,Neuroligin family (pathway-level),1,0.6914115288137428,0.04413403389458559,llm_ctx_mention_rate=1 (+0.98); cc_edges_total=18 (+0.51); llm_mention_rate=1 (+0.31),literature tier 2 (label)
103,NCAM1,OPC_GABA_AC_like_tumor,IDH_WT,tumor,1.0,1.5368251044595398,1.5368251044595398,4.561371074498678,0.152,0.047,0.105,1.0,1.0,1.0,1.9838758817197129,1.0,4.0,6.0,5.0,11.0,0.0,0.0228642376149114,0.00928642507819179,0.0,1.0,4.0,0.0,11.0,1.0,55,1,1,1,4,6202,1012,5384,171,171,0,1.0,0,1,0.0,0.0,0.0,0.0,2,2.0,tumor,neuron_tumor,Synaptic adhesion (pathway-level),1,0.6907725687120347,0.041105091049906665,cc_edges_total=55 (+0.90); deg_pooled_log2fc=1.98 (+0.84); deg_n_celltypes_sig=4 (+0.34),literature tier 2 (label)
104,PDGFRA,OPC_GABA_like_tumor,IDH_Mutant,tumor,1.0,2.0619251384266706,2.0619251384266706,207.62676451085866,0.615,0.183,0.432,1.0,1.0,1.0,2.676631319433065,1.0,4.0,0.0,2.0,2.0,0.0,0.0135999473904176,0.0087930875886892,0.0,1.0,2.0,1.0,2.0,1.0,6,0,1,1,3,6741,14114,1658,11741,1658,0,1.0,1,1,0.0,0.0,0.0,0.0,2,1.0,tumor,growth,"Brennan et al., Cell 2013; Verhaak et al., Cancer Cell 2010",1,0.6901384610786011,0.05973674455492651,deg_pooled_log2fc=2.68 (+0.85); cc_n_partners=2 (+0.55); deg_n_celltypes_sig=4 (+0.29),literature tier 1 (label)
105,HLA-DRA,TAM1/TAM2/microglia,IDH_WT,TAM_microglia,0.0,0.0,0.0,0.0,,,0.0,0.0,0.0,0.0,,0.0,5.0,4.0,0.0,2.0,2.0,0.0431531889546866,0.02156299090804295,0.0,1.0,1.0,0.0,4.0,0.0,20,1,0,1,7,12086,25922,9696,2745,2745,0,0.0,0,0,1.0,1.0,41.0,1.0,2,2.0,TAM_microglia,immune_synapse,MHC-II antigen presentation (pathway-level),1,0.6900390530886726,0.06087835429116865,llm_ctx_mention_rate=1 (+0.88); cc_edges_total=20 (+0.30); llm_mention_rate=1 (+0.26),literature tier 2 (label)
106,APP,AC_like_tumor,IDH_Mutant,tumor,0.0,0.0,0.0,0.0,,,0.0,0.0,0.0,0.0,,0.0,3.0,20.0,0.0,10.0,10.0,0.0466729998846793,0.02494242887230293,0.04,1.0,4.0,16.0,20.0,0.0,78,1,0,1,4,72549,446,4249,283,283,0,0.0,1,0,0.0,0.0,0.0,0.0,2,,,,,0,0.6894350097888784,0.10541147399937009,cc_edges_total=78 (+0.90); cc_n_cells_e1=7.25e+04 (+0.23); cc_edges_e2=10 (+0.14),novel
107,CD4,OPC_GABA_AC_like_tumor,IDH_WT,tumor,0.0,0.0,0.0,0.0,,,0.0,0.0,0.0,0.0,,0.0,1.0,0.0,0.0,0.0,0.0,0.0,0.0,,0.0,0.0,0.0,0.0,,88,0,1,1,1,6202,1012,5384,171,171,0,0.0,0,0,1.0,1.0,18.0,0.0,2,2.0,T_cell,immune_synapse,MHC-II co-receptor (pathway-level),0,0.6887486183766027,0.09029494366655623,cc_edges_total=88 (+1.11); llm_mention_rate=1 (+0.25); cc_n_cells_e1=6.2e+03 (+0.19),"literature gene, other compartment"
108,CD4,AC_like_tumor,IDH_WT,tumor,0.0,0.0,0.0,0.0,,,0.0,0.0,0.0,0.0,,0.0,1.0,0.0,0.0,0.0,0.0,0.0,0.0,,0.0,0.0,0.0,0.0,,88,0,1,1,1,72549,446,64812,108,108,0,0.0,0,0,1.0,1.0,18.0,0.0,2,2.0,T_cell,immune_synapse,MHC-II co-receptor (pathway-level),0,0.6887486183766027,0.09029494366655623,cc_edges_total=88 (+1.11); llm_mention_rate=1 (+0.25); cc_n_cells_e1=7.25e+04 (+0.19),"literature gene, other compartment"
109,CD4,cycling_tumor,IDH_WT,tumor,0.0,0.0,0.0,0.0,,,0.0,0.0,0.0,0.0,,0.0,1.0,0.0,0.0,0.0,0.0,0.0,0.0,,0.0,0.0,0.0,0.0,,88,0,1,1,1,6410,814,5847,663,663,0,0.0,0,0,1.0,1.0,18.0,0.0,2,2.0,T_cell,immune_synapse,MHC-II co-receptor (pathway-level),0,0.6878496732907362,0.08913921646376191,cc_edges_total=88 (+1.11); llm_mention_rate=1 (+0.25); cc_n_cells_e1=6.41e+03 (+0.19),"literature gene, other compartment"
110,CD4,AC_like_tumor,IDH_Mutant,tumor,0.0,0.0,0.0,0.0,,,0.0,0.0,0.0,0.0,,0.0,1.0,0.0,0.0,0.0,0.0,0.0,0.0,,0.0,0.0,0.0,0.0,,88,0,1,1,1,72549,446,4249,283,283,0,0.0,1,0,1.0,1.0,18.0,0.0,2,2.0,T_cell,immune_synapse,MHC-II co-receptor (pathway-level),0,0.6872825418051146,0.0922936771843358,cc_edges_total=88 (+1.11); llm_mention_rate=1 (+0.25); cc_n_cells_e1=7.25e+04 (+0.19),"literature gene, other compartment"
111,CD4,OPC_GABA_AC_like_tumor,IDH_Mutant,tumor,0.0,0.0,0.0,0.0,,,0.0,0.0,0.0,0.0,,0.0,1.0,0.0,0.0,0.0,0.0,0.0,0.0,,0.0,0.0,0.0,0.0,,88,0,1,1,1,6202,1012,352,742,352,0,0.0,1,0,1.0,1.0,18.0,0.0,2,2.0,T_cell,immune_synapse,MHC-II co-receptor (pathway-level),0,0.6863835967192481,0.09114883468028726,cc_edges_total=88 (+1.11); llm_mention_rate=1 (+0.25); cc_n_cells_e1=6.2e+03 (+0.19),"literature gene, other compartment"
112,NRCAM,cycling_tumor,IDH_Mutant,tumor,1.0,3.4835751532088644,3.4835751532088644,26.77674310433104,0.559,0.041,0.518,1.0,1.0,1.0,0.3838670058278617,1.0,4.0,0.0,2.0,2.0,0.0,0.005371724448235,0.005233137050460249,0.0,1.0,2.0,0.0,2.0,1.0,12,0,1,1,4,6410,814,270,136,136,0,1.0,1,1,1.0,1.0,3.0,0.0,2,,,,,0,0.6851226752297039,0.14764212710983116,cc_n_partners=2 (+0.49); llm_mention_rate=1 (+0.25); cc_n_cells_e1=6.41e+03 (+0.21),novel
113,APP,OPC_GABA_AC_like_tumor,IDH_WT,tumor,0.0,0.0,0.0,0.0,,,0.0,0.0,0.0,0.0,,0.0,1.0,19.0,0.0,9.0,10.0,0.0432295489429381,0.021942976615914607,0.02,1.0,4.0,16.0,19.0,-0.05263157894736842,78,1,0,1,4,6202,1012,5384,171,171,0,-0.0,0,0,0.0,0.0,0.0,0.0,2,,,,,0,0.6851175508279851,0.12131249514075292,cc_edges_total=78 (+0.89); cc_n_cells_e1=6.2e+03 (+0.22); cc_edges_e2=9 (+0.13),novel
114,BSG,OPC_GABA_like_tumor,IDH_Mutant,tumor,0.0,0.0,0.0,0.0,,,0.0,0.0,0.0,0.0,,0.0,1.0,0.0,26.0,13.0,13.0,0.0371646066923417,0.028620767883067635,0.04,1.0,7.0,10.0,26.0,0.0,56,0,1,1,4,6741,14114,1658,11741,1658,0,0.0,1,0,0.5,0.5,0.5,0.5,2,,,,,0,0.6845414511663852,0.05833306154492433,cc_edges_total=56 (+0.65); cc_n_cells_e1=6.74e+03 (+0.22); llm_ctx_mention_rate=0.5 (+0.15),novel
115,NRCAM,AC_like_tumor,IDH_Mutant,tumor,1.0,1.418778113763021,1.418778113763021,17.882406924454987,0.495,0.253,0.242,1.0,0.0,0.0,0.6015202490648668,1.0,4.0,0.0,4.0,2.0,2.0,0.0036696350326655,0.00316495639881815,0.0,1.0,2.0,0.0,4.0,0.0,12,0,1,1,4,72549,446,4249,283,283,0,0.0,1,1,1.0,1.0,3.0,0.0,2,,,,,0,0.6839409087775691,0.14647717276458241,cc_n_partners=2 (+0.49); llm_mention_rate=1 (+0.25); cc_n_cells_e1=7.25e+04 (+0.21),novel
116,GLS,AC_like_tumor,IDH_Mutant,tumor,1.0,0.5776595965084482,0.5776595965084482,1.6526299934287525,0.216,0.113,0.103,1.0,0.0,0.0,1.0697997501902503,1.0,2.0,0.0,0.0,0.0,0.0,0.0,0.0,,0.0,0.0,0.0,0.0,,39,1,0,1,2,72549,446,4249,283,283,0,0.0,1,0,1.0,1.0,2.0,0.5,2,,,,,0,0.6828906706559006,0.13295515452873455,llm_mention_rate=1 (+0.30); llm_ctx_mention_rate=0.5 (+0.27); cc_n_cells_e1=7.25e+04 (+0.24),novel
117,GRIK2,AC_like_tumor,IDH_Mutant,tumor,1.0,0.5109836578628133,0.5109836578628133,5.752684337080595,0.247,0.111,0.136,1.0,0.0,0.0,3.416141471364228,1.0,3.0,0.0,0.0,0.0,0.0,0.0,0.0,,0.0,0.0,0.0,0.0,,6,0,1,1,2,72549,446,4249,283,283,0,0.0,1,0,0.5,0.5,0.5,0.5,2,,,,,0,0.6822767348250055,0.17292563789371615,deg_pooled_log2fc=3.42 (+0.46); llm_ctx_mention_rate=0.5 (+0.27); llm_mention_rate=0.5 (+0.26),novel
118,NCAM1,AC_like_tumor,IDH_Mutant,tumor,1.0,0.7769346462815693,0.7769346462815693,5.175877672512749,0.463,0.3,0.16300000000000003,1.0,1.0,1.0,2.194451284307587,1.0,5.0,6.0,5.0,11.0,0.0,0.0240611309936104,0.009776743985464673,0.0,1.0,4.0,0.0,11.0,1.0,55,1,1,1,4,72549,446,4249,283,283,0,1.0,1,1,0.0,0.0,0.0,0.0,2,2.0,tumor,neuron_tumor,Synaptic adhesion (pathway-level),1,0.6814495520054171,0.04043959422132158,cc_edges_total=55 (+0.91); deg_pooled_log2fc=2.19 (+0.85); deg_n_celltypes_sig=5 (+0.33),literature tier 2 (label)
119,NRCAM,OPC_GABA_like_tumor,IDH_Mutant,tumor,1.0,1.3087184686449176,1.3087184686449176,181.6424703645547,0.789,0.517,0.272,1.0,0.0,0.0,0.6672142674371304,1.0,4.0,0.0,4.0,2.0,2.0,0.0122804136302003,0.00784968670479935,0.0,1.0,2.0,0.0,4.0,0.0,12,0,1,1,4,6741,14114,1658,11741,1658,0,0.0,1,1,1.0,1.0,3.0,0.0,2,,,,,0,0.6805949718975871,0.15050217787786657,cc_n_partners=2 (+0.50); llm_mention_rate=1 (+0.25); cc_n_cells_e1=6.74e+03 (+0.22),novel
120,APP,OPC_GABA_AC_like_tumor,IDH_Mutant,tumor,0.0,0.0,0.0,0.0,,,0.0,0.0,0.0,0.0,,0.0,3.0,19.0,0.0,9.0,10.0,0.0432295489429381,0.021942976615914607,0.02,1.0,4.0,16.0,19.0,-0.05263157894736842,78,1,0,1,4,6202,1012,352,742,352,0,-0.0,1,0,0.0,0.0,0.0,0.0,2,,,,,0,0.6804070553796004,0.10929698766814457,cc_edges_total=78 (+0.90); cc_n_cells_e1=6.2e+03 (+0.23); cc_edges_e2=9 (+0.14),novel
121,GRIA3,cycling_tumor,IDH_WT,tumor,1.0,1.2123710868250694,1.2123710868250694,63.0246063381897,0.252,0.055,0.197,1.0,1.0,1.0,1.3787508387172114,1.0,1.0,0.0,3.0,3.0,0.0,0.0040368629211877,0.0019373749634117178,0.0,1.0,2.0,1.0,3.0,1.0,6,0,1,1,2,6410,814,5847,663,663,0,1.0,0,1,1.0,1.0,1.0,0.5,2,2.0,tumor,neuron_tumor,"AMPAR subunit family; Venkatesh et al., Nature 2019",1,0.673798846006554,0.14006284392217735,llm_mentions_per_run=1 (+0.45); deg_pooled_log2fc=1.38 (+0.44); cc_n_partners=2 (+0.43),literature tier 2 (label)
122,DLL1,cycling_tumor,IDH_WT,tumor,1.0,5.679976711877195,5.679976711877195,300.0,0.287,0.004,0.283,1.0,1.0,1.0,5.212429076298599,1.0,2.0,2.0,0.0,2.0,0.0,0.000707569088656626,0.0006363527970828948,0.0,1.0,2.0,0.0,2.0,1.0,4,1,0,1,2,6410,814,5847,663,663,0,1.0,0,1,0.0,0.0,0.0,0.0,2,,,,,0,0.6735446011959615,0.061679561929551305,cc_n_partners=2 (+0.54); deg_pooled_log2fc=5.21 (+0.51); cc_n_cells_e1=6.41e+03 (+0.20),novel
123,CD4,OPC_GABA_like_tumor,IDH_WT,tumor,0.0,0.0,0.0,0.0,,,0.0,0.0,0.0,0.0,,0.0,1.0,0.0,0.0,0.0,0.0,0.0,0.0,,0.0,0.0,0.0,0.0,,88,0,1,1,1,6741,14114,5040,1935,1935,0,0.0,0,0,1.0,1.0,18.0,0.0,2,2.0,T_cell,immune_synapse,MHC-II co-receptor (pathway-level),0,0.672411504422106,0.09459613500050151,cc_edges_total=88 (+1.11); llm_mention_rate=1 (+0.25); cc_n_cells_e1=6.74e+03 (+0.19),"literature gene, other compartment"
124,SPP1,TAM1/TAM2/microglia,IDH_Mutant,TAM_microglia,1.0,0.9724987470856216,0.9724987470856216,228.2688017447793,0.896,0.63,0.266,1.0,0.0,0.0,-0.8376686343080255,1.0,4.0,10.0,0.0,5.0,5.0,0.0600743503220592,0.03767848687725736,0.0,1.0,4.0,8.0,10.0,0.0,55,1,0,1,7,12086,25922,2106,21701,2106,0,0.0,1,1,0.5,0.0,1.5,0.0,2,1.0,TAM_microglia,myeloid_bridge,"Wei et al., J Clin Invest 2019",1,0.6724035567529085,0.16458741546121453,cc_edges_total=55 (+0.71); llm_mentions_per_run=1.5 (+0.45); deg_n_celltypes_sig=4 (+0.27),literature tier 1 (label)
125,TREM2,AC_like_tumor,IDH_Mutant,tumor,0.0,0.0,0.0,0.0,,,0.0,0.0,0.0,0.0,,0.0,1.0,0.0,0.0,0.0,0.0,0.0,0.0,,0.0,0.0,0.0,0.0,,57,0,1,2,2,72549,446,4249,283,283,0,0.0,1,0,1.0,1.0,4.5,0.0,2,2.0,TAM_microglia,myeloid_bridge,TAM marker (pathway-level),0,0.6709587291001318,0.07919975237593903,cc_edges_total=57 (+0.99); llm_mention_rate=1 (+0.24); cc_n_cells_e1=7.25e+04 (+0.24),"literature gene, other compartment"
126,CD4,OPC_GABA_like_tumor,IDH_Mutant,tumor,0.0,0.0,0.0,0.0,,,0.0,0.0,0.0,0.0,,0.0,1.0,0.0,0.0,0.0,0.0,0.0,0.0,,0.0,0.0,0.0,0.0,,88,0,1,1,1,6741,14114,1658,11741,1658,0,0.0,1,0,1.0,1.0,18.0,0.0,2,2.0,T_cell,immune_synapse,MHC-II co-receptor (pathway-level),0,0.6709293318141134,0.09668951561537788,cc_edges_total=88 (+1.11); llm_mention_rate=1 (+0.25); cc_n_cells_e1=6.74e+03 (+0.19),"literature gene, other compartment"
127,DLL1,cycling_tumor,IDH_Mutant,tumor,1.0,3.886858107459028,3.886858107459028,2.604609347040156,0.147,0.015,0.132,1.0,1.0,1.0,5.212429076298599,1.0,3.0,2.0,0.0,2.0,0.0,0.000707569088656626,0.0006363527970828948,0.0,1.0,2.0,0.0,2.0,1.0,4,1,0,1,2,6410,814,270,136,136,0,1.0,1,1,0.0,0.0,0.0,0.0,2,,,,,0,0.6691195734173648,0.055095110964588905,cc_n_partners=2 (+0.54); deg_pooled_log2fc=5.21 (+0.51); cc_n_cells_e1=6.41e+03 (+0.20),novel
128,CD4,cycling_tumor,IDH_Mutant,tumor,1.0,-5.401511792661634,5.401511792661634,2.188992436607403,0.007,0.189,-0.182,-1.0,0.0,0.0,,0.0,1.0,0.0,0.0,0.0,0.0,0.0,0.0,,0.0,0.0,0.0,0.0,,88,0,1,1,1,6410,814,270,136,136,0,-0.0,1,0,1.0,1.0,18.0,0.0,2,2.0,T_cell,immune_synapse,MHC-II co-receptor (pathway-level),0,0.6689782631891145,0.07486450202154568,cc_edges_total=88 (+1.10); llm_mention_rate=1 (+0.22); cc_n_cells_e1=6.41e+03 (+0.18),"literature gene, other compartment"
129,TREM2,OPC_GABA_AC_like_tumor,IDH_Mutant,tumor,0.0,0.0,0.0,0.0,,,0.0,0.0,0.0,0.0,,0.0,1.0,0.0,0.0,0.0,0.0,0.0,0.0,,0.0,0.0,0.0,0.0,,57,0,1,2,2,6202,1012,352,742,352,0,0.0,1,0,1.0,1.0,4.5,0.0,2,2.0,TAM_microglia,myeloid_bridge,TAM marker (pathway-level),0,0.6689611907142918,0.07533916538076718,cc_edges_total=57 (+0.99); llm_mention_rate=1 (+0.24); cc_n_cells_e1=6.2e+03 (+0.24),"literature gene, other compartment"
130,BSG,cycling_tumor,IDH_Mutant,tumor,0.0,0.0,0.0,0.0,,,0.0,0.0,0.0,0.0,,0.0,1.0,0.0,13.0,13.0,0.0,0.1356608701322122,0.10899925749619775,0.0,1.0,7.0,5.0,13.0,1.0,56,0,1,1,4,6410,814,270,136,136,0,0.0,1,0,0.5,0.5,0.5,0.5,2,,,,,0,0.6648023196341277,0.06325428804694641,cc_edges_total=56 (+0.65); cc_n_cells_e1=6.41e+03 (+0.22); llm_ctx_mention_rate=0.5 (+0.15),novel
131,GRIA2,OPC_GABA_like_tumor,IDH_Mutant,tumor,1.0,1.2280166001478816,1.2280166001478816,223.51190941461152,0.857,0.589,0.268,1.0,1.0,1.0,2.0244922440570936,1.0,4.0,0.0,6.0,3.0,3.0,0.0580182501147297,0.01588006951036475,0.0,1.0,2.0,2.0,6.0,0.0,12,0,1,1,3,6741,14114,1658,11741,1658,0,0.0,1,1,1.0,0.5,4.5,0.5,2,1.0,tumor,neuron_tumor,"Venkatesh et al., Nature 2019; Venkataramani et al., Nature 2019",1,0.6617219475847957,0.11551768288455155,deg_pooled_log2fc=2.02 (+0.77); cc_n_partners=2 (+0.51); llm_ctx_mention_rate=0.5 (+0.34),literature tier 1 (label)
132,GLS,cycling_tumor,IDH_WT,tumor,1.0,0.9918381704077932,0.9918381704077932,90.22591303170422,0.339,0.073,0.266,1.0,0.0,0.0,0.6564354416742404,1.0,3.0,26.0,0.0,26.0,0.0,0.0180971001094363,0.0031970323399380897,0.0,1.0,4.0,0.0,26.0,1.0,39,1,0,1,2,6410,814,5847,663,663,0,1.0,0,1,1.0,1.0,2.0,0.5,2,,,,,0,0.6606837224623414,0.11343473935269348,llm_mention_rate=1 (+0.25); llm_ctx_mention_rate=0.5 (+0.24); cc_n_cells_e1=6.41e+03 (+0.22),novel
133,KLRB1,AC_like_tumor,IDH_Mutant,tumor,0.0,0.0,0.0,0.0,,,0.0,0.0,0.0,0.0,,0.0,1.0,0.0,0.0,0.0,0.0,0.0,0.0,,0.0,0.0,0.0,0.0,,14,0,1,1,1,72549,446,4249,283,283,0,0.0,1,0,1.0,1.0,7.0,0.0,2,1.0,T_cell,immune_synapse,"Mathewson et al., Cell 2021",0,0.6605585155590215,0.10345574454244197,cc_edges_total=14 (+0.36); llm_mention_rate=1 (+0.28); cc_n_cells_e1=7.25e+04 (+0.19),"literature gene, other compartment"
134,KLRB1,cycling_tumor,IDH_Mutant,tumor,0.0,0.0,0.0,0.0,,,0.0,0.0,0.0,0.0,,0.0,1.0,0.0,0.0,0.0,0.0,0.0,0.0,,0.0,0.0,0.0,0.0,,14,0,1,1,1,6410,814,270,136,136,0,0.0,1,0,1.0,1.0,7.0,0.0,2,1.0,T_cell,immune_synapse,"Mathewson et al., Cell 2021",0,0.6605585155590215,0.10345574454244197,cc_edges_total=14 (+0.36); llm_mention_rate=1 (+0.28); cc_n_cells_e1=6.41e+03 (+0.19),"literature gene, other compartment"
135,KLRB1,OPC_GABA_AC_like_tumor,IDH_Mutant,tumor,0.0,0.0,0.0,0.0,,,0.0,0.0,0.0,0.0,,0.0,1.0,0.0,0.0,0.0,0.0,0.0,0.0,,0.0,0.0,0.0,0.0,,14,0,1,1,1,6202,1012,352,742,352,0,0.0,1,0,1.0,1.0,7.0,0.0,2,1.0,T_cell,immune_synapse,"Mathewson et al., Cell 2021",0,0.6594151409306765,0.1029416781364892,cc_edges_total=14 (+0.36); llm_mention_rate=1 (+0.28); cc_n_cells_e1=6.2e+03 (+0.19),"literature gene, other compartment"
136,BSG,TAM1/TAM2/microglia,IDH_Mutant,TAM_microglia,0.0,0.0,0.0,0.0,,,0.0,0.0,0.0,0.0,,0.0,1.0,0.0,0.0,0.0,0.0,0.0,0.0,,0.0,0.0,0.0,0.0,,56,0,1,1,4,12086,25922,2106,21701,2106,0,0.0,1,0,0.5,0.5,0.5,0.0,2,,,,,0,0.6590584134787728,0.13039136162908121,cc_edges_total=56 (+0.98); cc_n_cells_e1=1.21e+04 (+0.24); llm_mention_rate=0.5 (+0.24),novel
137,GLS,cycling_tumor,IDH_Mutant,tumor,0.0,0.0,0.0,0.0,,,0.0,0.0,0.0,0.0,,0.0,2.0,26.0,0.0,26.0,0.0,0.0180971001094363,0.0031970323399380897,0.0,1.0,4.0,0.0,26.0,1.0,39,1,0,1,2,6410,814,270,136,136,0,0.0,1,0,1.0,1.0,2.0,0.5,2,,,,,0,0.6570074565618673,0.09505464636829057,llm_mention_rate=1 (+0.25); llm_ctx_mention_rate=0.5 (+0.24); cc_n_cells_e1=6.41e+03 (+0.24),novel
138,NCAM1,OPC_GABA_AC_like_tumor,IDH_Mutant,tumor,1.0,0.5713532922208646,0.5713532922208646,1.6095869100475486,0.334,0.168,0.166,1.0,1.0,1.0,1.9838758817197129,1.0,5.0,6.0,5.0,11.0,0.0,0.0228642376149114,0.00928642507819179,0.0,1.0,4.0,0.0,11.0,1.0,55,1,1,1,4,6202,1012,352,742,352,0,1.0,1,1,0.0,0.0,0.0,0.0,2,2.0,tumor,neuron_tumor,Synaptic adhesion (pathway-level),1,0.655033211989611,0.037973170649413815,cc_edges_total=55 (+0.91); deg_pooled_log2fc=1.98 (+0.84); deg_n_celltypes_sig=5 (+0.34),literature tier 2 (label)
139,PDGFRA,AC_like_tumor,IDH_WT,tumor,1.0,4.767666592412518,4.767666592412518,65.41537255550234,0.231,0.016,0.21500000000000002,1.0,1.0,1.0,4.140372631192878,1.0,4.0,0.0,2.0,2.0,0.0,0.0036612226418427,0.0023634613000852,0.0,1.0,2.0,1.0,2.0,1.0,6,0,1,1,3,72549,446,64812,108,108,0,1.0,0,1,0.0,0.0,0.0,0.0,2,1.0,tumor,growth,"Brennan et al., Cell 2013; Verhaak et al., Cancer Cell 2010",1,0.6545957007720714,0.07676178934798225,deg_pooled_log2fc=4.14 (+0.83); cc_n_partners=2 (+0.54); deg_n_celltypes_sig=4 (+0.29),literature tier 1 (label)
140,NRCAM,OPC_GABA_AC_like_tumor,IDH_Mutant,tumor,1.0,0.6382263569517461,0.6382263569517461,2.0352546465739065,0.309,0.151,0.158,1.0,0.0,0.0,0.435211459282609,1.0,4.0,0.0,2.0,2.0,0.0,0.0028041239019692,0.00273160202415355,0.0,1.0,2.0,0.0,2.0,1.0,12,0,1,1,4,6202,1012,352,742,352,0,1.0,1,1,1.0,1.0,3.0,0.0,2,,,,,0,0.6541832590394216,0.13077389675768028,cc_n_partners=2 (+0.48); llm_mention_rate=1 (+0.26); cc_n_cells_e1=6.2e+03 (+0.21),novel
141,CD4,TAM1/TAM2/microglia,IDH_WT,TAM_microglia,1.0,0.4949366086264276,0.4949366086264276,32.26112882942621,0.344,0.221,0.12299999999999997,1.0,0.0,0.0,0.5416554649180666,1.0,1.0,0.0,88.0,44.0,44.0,0.0431531889546866,0.007870965558880417,0.0,1.0,7.0,52.0,88.0,0.0,88,0,1,1,1,12086,25922,9696,2745,2745,0,0.0,0,1,1.0,1.0,18.0,0.0,2,2.0,T_cell,immune_synapse,MHC-II co-receptor (pathway-level),0,0.6514116110257336,0.0991736485197884,cc_edges_total=88 (+0.89); llm_mention_rate=1 (+0.20); cc_n_cells_e1=1.21e+04 (+0.16),"literature gene, other compartment"
142,KLRB1,OPC_GABA_like_tumor,IDH_Mutant,tumor,0.0,0.0,0.0,0.0,,,0.0,0.0,0.0,0.0,,0.0,1.0,0.0,0.0,0.0,0.0,0.0,0.0,,0.0,0.0,0.0,0.0,,14,0,1,1,1,6741,14114,1658,11741,1658,0,0.0,1,0,1.0,1.0,7.0,0.0,2,1.0,T_cell,immune_synapse,"Mathewson et al., Cell 2021",0,0.6494214683540409,0.09901484434293119,cc_edges_total=14 (+0.36); llm_mention_rate=1 (+0.28); cc_n_cells_e1=6.74e+03 (+0.19),"literature gene, other compartment"
143,APP,OPC_GABA_like_tumor,IDH_Mutant,tumor,1.0,-0.3167626362650033,0.3167626362650033,7.989395620186939,0.665,0.7,-0.03499999999999992,-1.0,0.0,0.0,,0.0,3.0,26.0,0.0,13.0,13.0,0.1172844910109071,0.0531219860188931,0.0,1.0,6.0,20.0,26.0,0.0,78,1,0,1,4,6741,14114,1658,11741,1658,0,-0.0,1,1,0.0,0.0,0.0,0.0,2,,,,,0,0.6489085454039982,0.11404326000782308,cc_edges_total=78 (+0.89); cc_n_cells_e1=6.74e+03 (+0.23); cc_cross_compartment_edges=20 (+0.07),novel
144,PTPRZ1,TAM1/TAM2/microglia,IDH_Mutant,TAM_microglia,0.0,0.0,0.0,0.0,,,0.0,0.0,0.0,0.0,,0.0,4.0,0.0,0.0,0.0,0.0,0.0,0.0,,0.0,0.0,0.0,0.0,,77,0,1,2,4,12086,25922,2106,21701,2106,0,0.0,1,0,1.0,1.0,26.5,0.5,2,1.0,tumor,myeloid_bridge,"Shi et al., Cell Stem Cell 2017",0,0.6468817328442463,0.06039397915069974,cc_edges_total=77 (+0.89); llm_ctx_mention_rate=0.5 (+0.32); llm_mention_rate=1 (+0.27),"literature gene, other compartment"
145,PTPRZ1,TAM1/TAM2/microglia,IDH_WT,TAM_microglia,0.0,0.0,0.0,0.0,,,0.0,0.0,0.0,0.0,,0.0,5.0,0.0,0.0,0.0,0.0,0.0,0.0,,0.0,0.0,0.0,0.0,,77,0,1,2,4,12086,25922,9696,2745,2745,0,0.0,0,0,1.0,1.0,26.5,0.5,2,1.0,tumor,myeloid_bridge,"Shi et al., Cell Stem Cell 2017",0,0.6468817328442463,0.06039397915069974,cc_edges_total=77 (+0.89); llm_ctx_mention_rate=0.5 (+0.32); llm_mention_rate=1 (+0.27),"literature gene, other compartment"
146,NCAM1,OPC_GABA_like_tumor,IDH_Mutant,tumor,1.0,0.8179474277147007,0.8179474277147007,112.0896766779872,0.836,0.671,0.16499999999999992,1.0,1.0,1.0,1.8163051390488365,1.0,5.0,12.0,10.0,11.0,11.0,0.0937493977547745,0.022859245563446106,0.0,1.0,4.0,0.0,22.0,0.0,55,1,1,1,4,6741,14114,1658,11741,1658,0,0.0,1,1,0.0,0.0,0.0,0.0,2,2.0,tumor,neuron_tumor,Synaptic adhesion (pathway-level),1,0.6466671503684436,0.039069791060005826,cc_edges_total=55 (+0.90); deg_pooled_log2fc=1.82 (+0.76); deg_n_celltypes_sig=5 (+0.37),literature tier 2 (label)
147,PDGFRA,AC_like_tumor,IDH_Mutant,tumor,1.0,1.4255408215478016,1.4255408215478016,13.220185656542728,0.307,0.123,0.184,1.0,1.0,1.0,4.140372631192878,1.0,4.0,0.0,2.0,2.0,0.0,0.0036612226418427,0.0023634613000852,0.0,1.0,2.0,1.0,2.0,1.0,6,0,1,1,3,72549,446,4249,283,283,0,1.0,1,1,0.0,0.0,0.0,0.0,2,1.0,tumor,growth,"Brennan et al., Cell 2013; Verhaak et al., Cancer Cell 2010",1,0.6431249342297634,0.06935919558780765,deg_pooled_log2fc=4.14 (+0.83); cc_n_partners=2 (+0.54); deg_n_celltypes_sig=4 (+0.30),literature tier 1 (label)
148,APP,OPC_GABA_like_tumor,IDH_WT,tumor,0.0,0.0,0.0,0.0,,,0.0,0.0,0.0,0.0,,0.0,1.0,26.0,0.0,13.0,13.0,0.1172844910109071,0.0531219860188931,0.0,1.0,6.0,20.0,26.0,0.0,78,1,0,1,4,6741,14114,5040,1935,1935,0,0.0,0,0,0.0,0.0,0.0,0.0,2,,,,,0,0.6423333277694077,0.11672310779041443,cc_edges_total=78 (+0.87); cc_n_cells_e1=6.74e+03 (+0.22); cc_cross_compartment_edges=20 (+0.07),novel
149,TREM2,OPC_GABA_like_tumor,IDH_Mutant,tumor,0.0,0.0,0.0,0.0,,,0.0,0.0,0.0,0.0,,0.0,1.0,0.0,0.0,0.0,0.0,0.0,0.0,,0.0,0.0,0.0,0.0,,57,0,1,2,2,6741,14114,1658,11741,1658,0,0.0,1,0,1.0,1.0,4.5,0.0,2,2.0,TAM_microglia,myeloid_bridge,TAM marker (pathway-level),0,0.6413307445278277,0.09467550726954503,cc_edges_total=57 (+0.99); llm_mention_rate=1 (+0.24); cc_n_cells_e1=6.74e+03 (+0.24),"literature gene, other compartment"
150,CD4,TAM1/TAM2/microglia,IDH_Mutant,TAM_microglia,0.0,0.0,0.0,0.0,,,0.0,0.0,0.0,0.0,,0.0,1.0,0.0,88.0,44.0,44.0,0.0431531889546866,0.007870965558880417,0.0,1.0,7.0,52.0,88.0,0.0,88,0,1,1,1,12086,25922,2106,21701,2106,0,0.0,1,0,1.0,1.0,18.0,0.0,2,2.0,T_cell,immune_synapse,MHC-II co-receptor (pathway-level),0,0.6411987313719589,0.07589066236481849,cc_edges_total=88 (+0.89); llm_mention_rate=1 (+0.20); cc_n_cells_e1=1.21e+04 (+0.17),"literature gene, other compartment"
151,TREM2,OPC_GABA_AC_like_tumor,IDH_WT,tumor,0.0,0.0,0.0,0.0,,,0.0,0.0,0.0,0.0,,0.0,2.0,0.0,0.0,0.0,0.0,0.0,0.0,,0.0,0.0,0.0,0.0,,57,0,1,2,2,6202,1012,5384,171,171,0,0.0,0,0,1.0,1.0,4.5,0.0,2,2.0,TAM_microglia,myeloid_bridge,TAM marker (pathway-level),0,0.6408565592965227,0.09141747653869853,cc_edges_total=57 (+1.00); llm_mention_rate=1 (+0.25); cc_n_cells_e1=6.2e+03 (+0.25),"literature gene, other compartment"
152,TREM2,AC_like_tumor,IDH_WT,tumor,0.0,0.0,0.0,0.0,,,0.0,0.0,0.0,0.0,,0.0,2.0,0.0,0.0,0.0,0.0,0.0,0.0,,0.0,0.0,0.0,0.0,,57,0,1,2,2,72549,446,64812,108,108,0,0.0,0,0,1.0,1.0,4.5,0.0,2,2.0,TAM_microglia,myeloid_bridge,TAM marker (pathway-level),0,0.6397849382289055,0.09259166334497797,cc_edges_total=57 (+1.00); llm_mention_rate=1 (+0.25); cc_n_cells_e1=7.25e+04 (+0.25),"literature gene, other compartment"
153,DAG1,OPC_GABA_AC_like_tumor,IDH_WT,tumor,0.0,0.0,0.0,0.0,,,0.0,0.0,0.0,0.0,,0.0,1.0,0.0,0.0,0.0,0.0,0.0,0.0,,0.0,0.0,0.0,0.0,,6,0,1,1,1,6202,1012,5384,171,171,0,0.0,0,0,0.5,0.5,1.5,0.5,2,,,,,0,0.6395777285081581,0.10443738153184018,llm_mentions_per_run=1.5 (+0.49); llm_mention_rate=0.5 (+0.28); llm_ctx_mention_rate=0.5 (+0.27),novel
154,DAG1,AC_like_tumor,IDH_WT,tumor,0.0,0.0,0.0,0.0,,,0.0,0.0,0.0,0.0,,0.0,1.0,0.0,0.0,0.0,0.0,0.0,0.0,,0.0,0.0,0.0,0.0,,6,0,1,1,1,72549,446,64812,108,108,0,0.0,0,0,0.5,0.5,1.5,0.5,2,,,,,0,0.6395777285081581,0.10443738153184018,llm_mentions_per_run=1.5 (+0.49); llm_mention_rate=0.5 (+0.28); llm_ctx_mention_rate=0.5 (+0.27),novel
155,BSG,TAM1/TAM2/microglia,IDH_WT,TAM_microglia,0.0,0.0,0.0,0.0,,,0.0,0.0,0.0,0.0,,0.0,3.0,0.0,0.0,0.0,0.0,0.0,0.0,,0.0,0.0,0.0,0.0,,56,0,1,1,4,12086,25922,9696,2745,2745,0,0.0,0,0,0.5,0.5,0.5,0.0,2,,,,,0,0.637918726232934,0.15611760595762728,cc_edges_total=56 (+0.99); cc_n_cells_e1=1.21e+04 (+0.25); llm_mention_rate=0.5 (+0.24),novel
156,DLL1,OPC_GABA_like_tumor,IDH_WT,tumor,1.0,3.431461094504926,3.431461094504926,285.6993976242018,0.333,0.026,0.307,1.0,1.0,1.0,2.8282909085737167,1.0,2.0,2.0,0.0,2.0,0.0,0.000913646620500901,0.0008217039288996302,0.0,1.0,2.0,0.0,2.0,1.0,4,1,0,1,2,6741,14114,5040,1935,1935,0,1.0,0,1,0.0,0.0,0.0,0.0,2,,,,,0,0.636046019143023,0.07831253703166152,cc_n_partners=2 (+0.55); deg_pooled_log2fc=2.83 (+0.51); cc_n_cells_e1=6.74e+03 (+0.20),novel
157,KLRB1,TAM1/TAM2/microglia,IDH_Mutant,TAM_microglia,0.0,0.0,0.0,0.0,,,0.0,0.0,0.0,0.0,,0.0,1.0,0.0,0.0,0.0,0.0,0.0,0.0,,0.0,0.0,0.0,0.0,,14,0,1,1,1,12086,25922,2106,21701,2106,0,0.0,1,0,1.0,1.0,7.0,0.0,2,1.0,T_cell,immune_synapse,"Mathewson et al., Cell 2021",0,0.6349547677416492,0.10862699561289349,cc_edges_total=14 (+0.36); llm_mention_rate=1 (+0.28); cc_n_cells_e1=1.21e+04 (+0.19),"literature gene, other compartment"
158,GLS,AC_like_tumor,IDH_WT,tumor,0.0,0.0,0.0,0.0,,,0.0,0.0,0.0,0.0,,0.0,3.0,0.0,0.0,0.0,0.0,0.0,0.0,,0.0,0.0,0.0,0.0,,39,1,0,1,2,72549,446,64812,108,108,0,0.0,0,0,1.0,1.0,2.0,0.5,2,,,,,0,0.6311364221662183,0.11646240001917985,llm_mention_rate=1 (+0.31); llm_ctx_mention_rate=0.5 (+0.27); cc_n_cells_e1=7.25e+04 (+0.25),novel
159,GLS,OPC_GABA_AC_like_tumor,IDH_WT,tumor,0.0,0.0,0.0,0.0,,,0.0,0.0,0.0,0.0,,0.0,3.0,0.0,0.0,0.0,0.0,0.0,0.0,,0.0,0.0,0.0,0.0,,39,1,0,1,2,6202,1012,5384,171,171,0,0.0,0,0,1.0,1.0,2.0,0.5,2,,,,,0,0.6311364221662183,0.11646240001917985,llm_mention_rate=1 (+0.31); llm_ctx_mention_rate=0.5 (+0.27); cc_n_cells_e1=6.2e+03 (+0.25),novel
160,GRIA2,cycling_tumor,IDH_WT,tumor,1.0,2.075188020547772,2.075188020547772,187.21850578965217,0.377,0.043,0.334,1.0,1.0,1.0,2.6067381794114644,1.0,2.0,0.0,3.0,3.0,0.0,0.0081782421612816,0.003928664324832367,0.0,1.0,2.0,1.0,3.0,1.0,12,0,1,1,3,6410,814,5847,663,663,0,1.0,0,1,1.0,0.5,4.5,0.5,2,1.0,tumor,neuron_tumor,"Venkatesh et al., Nature 2019; Venkataramani et al., Nature 2019",1,0.629213622017114,0.12410917178601892,deg_pooled_log2fc=2.61 (+0.73); cc_n_partners=2 (+0.51); llm_ctx_mention_rate=0.5 (+0.35),literature tier 1 (label)
161,HLA-DRA,TAM1/TAM2/microglia,IDH_Mutant,TAM_microglia,1.0,-1.3040264341078671,1.3040264341078671,300.0,0.929,0.979,-0.04999999999999993,-1.0,0.0,0.0,-0.9765472398250256,1.0,5.0,4.0,0.0,2.0,2.0,0.0431531889546866,0.02156299090804295,0.0,1.0,1.0,0.0,4.0,0.0,20,1,0,1,7,12086,25922,2106,21701,2106,0,-0.0,1,1,1.0,1.0,41.0,1.0,2,2.0,TAM_microglia,immune_synapse,MHC-II antigen presentation (pathway-level),1,0.6291297752494732,0.1084261082546083,llm_ctx_mention_rate=1 (+0.92); cc_edges_total=20 (+0.30); llm_mention_rate=1 (+0.25),literature tier 2 (label)
162,SPP1,AC_like_tumor,IDH_Mutant,tumor,0.0,0.0,0.0,0.0,,,0.0,0.0,0.0,0.0,,0.0,4.0,10.0,0.0,5.0,5.0,0.0305221727622704,0.01142515717792402,0.0,1.0,4.0,6.0,10.0,0.0,55,1,0,1,7,72549,446,4249,283,283,0,0.0,1,0,0.5,0.0,1.5,0.0,2,1.0,TAM_microglia,myeloid_bridge,"Wei et al., J Clin Invest 2019",0,0.6285285534667662,0.12242929901635038,cc_edges_total=55 (+0.70); llm_mentions_per_run=1.5 (+0.45); cc_n_cells_e1=7.25e+04 (+0.24),"literature gene, other compartment"
163,SLC1A1,cycling_tumor,IDH_WT,tumor,1.0,2.32828688324089,2.32828688324089,177.71930105276633,0.312,0.03,0.28200000000000003,1.0,0.0,0.0,2.2582834083093024,1.0,2.0,13.0,0.0,13.0,0.0,0.0085000406509992,0.002037173081619591,0.0,1.0,4.0,0.0,13.0,1.0,13,1,0,1,1,6410,814,5847,663,663,0,1.0,0,1,0.0,0.0,0.0,0.0,2,,,,,0,0.6267716399716072,0.1294534733819974,deg_pooled_log2fc=2.26 (+0.56); cc_edges_total=13 (+0.55); cc_n_partners=4 (+0.25),novel
164,GLS,OPC_GABA_AC_like_tumor,IDH_Mutant,tumor,0.0,0.0,0.0,0.0,,,0.0,0.0,0.0,0.0,,0.0,2.0,0.0,0.0,0.0,0.0,0.0,0.0,,0.0,0.0,0.0,0.0,,39,1,0,1,2,6202,1012,352,742,352,0,0.0,1,0,1.0,1.0,2.0,0.5,2,,,,,0,0.6265434826273497,0.11559932007510461,llm_mention_rate=1 (+0.31); llm_ctx_mention_rate=0.5 (+0.27); cc_n_cells_e1=6.2e+03 (+0.25),novel
165,NOTCH1,OPC_GABA_like_tumor,IDH_WT,tumor,1.0,1.948206935844322,1.948206935844322,219.237885823532,0.381,0.066,0.315,1.0,0.0,0.0,0.9602272582073454,1.0,2.0,0.0,8.0,8.0,0.0,0.0082329945247519,0.0032351133071600855,0.0,2.0,4.0,0.0,8.0,1.0,16,0,1,2,2,6741,14114,5040,1935,1935,0,1.0,0,1,0.5,0.5,1.0,0.0,2,2.0,tumor,growth,Notch pathway (pathway-level),1,0.626509347230025,0.10964737591345546,cc_edges_total=16 (+0.48); llm_mentions_per_run=1 (+0.45); cc_n_cells_e1=6.74e+03 (+0.23),literature tier 2 (label)
166,CADM1,OPC_GABA_like_tumor,IDH_Mutant,tumor,1.0,0.3166143080291086,0.3166143080291086,6.401929440123118,0.49,0.408,0.08200000000000002,1.0,0.0,0.0,,0.0,2.0,8.0,8.0,8.0,8.0,0.0116234274434474,0.006223641285348925,0.0,1.0,3.0,0.0,16.0,0.0,32,1,1,1,3,6741,14114,1658,11741,1658,0,0.0,1,1,0.0,0.0,0.0,0.0,2,,,,,0,0.6258097640140485,0.11242799480205147,cc_n_partners=3 (+0.39); cc_n_cells_e1=6.74e+03 (+0.23); cc_edges_e2=8 (+0.15),novel
167,DAG1,AC_like_tumor,IDH_Mutant,tumor,0.0,0.0,0.0,0.0,,,0.0,0.0,0.0,0.0,,0.0,2.0,0.0,0.0,0.0,0.0,0.0,0.0,,0.0,0.0,0.0,0.0,,6,0,1,1,1,72549,446,4249,283,283,0,0.0,1,0,0.5,0.5,1.5,0.5,2,,,,,0,0.6237189096338687,0.10615376144301628,llm_mentions_per_run=1.5 (+0.49); llm_mention_rate=0.5 (+0.29); llm_ctx_mention_rate=0.5 (+0.27),novel
168,DAG1,OPC_GABA_AC_like_tumor,IDH_Mutant,tumor,0.0,0.0,0.0,0.0,,,0.0,0.0,0.0,0.0,,0.0,2.0,0.0,0.0,0.0,0.0,0.0,0.0,,0.0,0.0,0.0,0.0,,6,0,1,1,1,6202,1012,352,742,352,0,0.0,1,0,0.5,0.5,1.5,0.5,2,,,,,0,0.6226920299527517,0.1057659759873779,llm_mentions_per_run=1.5 (+0.49); llm_mention_rate=0.5 (+0.29); llm_ctx_mention_rate=0.5 (+0.27),novel
169,CADM1,AC_like_tumor,IDH_WT,tumor,0.0,0.0,0.0,0.0,,,0.0,0.0,0.0,0.0,,0.0,1.0,4.0,4.0,8.0,0.0,0.0047318087990022,0.0033035204842957,0.0,1.0,3.0,0.0,8.0,1.0,32,1,1,1,3,72549,446,64812,108,108,0,0.0,0,0,0.0,0.0,0.0,0.0,2,,,,,0,0.6218387446116489,0.12454122721762574,cc_n_partners=3 (+0.29); cc_n_cells_e1=7.25e+04 (+0.22); cc_edges_e2=8 (+0.13),novel
170,CADM1,OPC_GABA_like_tumor,IDH_WT,tumor,0.0,0.0,0.0,0.0,,,0.0,0.0,0.0,0.0,,0.0,1.0,8.0,8.0,8.0,8.0,0.0116234274434474,0.006223641285348925,0.0,1.0,3.0,0.0,16.0,0.0,32,1,1,1,3,6741,14114,5040,1935,1935,0,0.0,0,0,0.0,0.0,0.0,0.0,2,,,,,0,0.6218252728279836,0.11186567625620611,cc_n_partners=3 (+0.30); cc_n_cells_e1=6.74e+03 (+0.22); cc_edges_e2=8 (+0.14),novel
171,DLL1,OPC_GABA_like_tumor,IDH_Mutant,tumor,1.0,2.042191813925619,2.042191813925619,65.90282349589543,0.248,0.052,0.196,1.0,1.0,1.0,2.8282909085737167,1.0,3.0,2.0,0.0,2.0,0.0,0.000913646620500901,0.0008217039288996302,0.0,1.0,2.0,0.0,2.0,1.0,4,1,0,1,2,6741,14114,1658,11741,1658,0,1.0,1,1,0.0,0.0,0.0,0.0,2,,,,,0,0.6180981354672153,0.0766691037018456,cc_n_partners=2 (+0.55); deg_pooled_log2fc=2.83 (+0.51); cc_n_cells_e1=6.74e+03 (+0.20),novel
172,DAG1,OPC_GABA_like_tumor,IDH_WT,tumor,0.0,0.0,0.0,0.0,,,0.0,0.0,0.0,0.0,,0.0,1.0,0.0,0.0,0.0,0.0,0.0,0.0,,0.0,0.0,0.0,0.0,,6,0,1,1,1,6741,14114,5040,1935,1935,0,0.0,0,0,0.5,0.5,1.5,0.5,2,,,,,0,0.6158993611520291,0.10306455918710306,llm_mentions_per_run=1.5 (+0.49); llm_mention_rate=0.5 (+0.28); llm_ctx_mention_rate=0.5 (+0.27),novel
173,SPP1,TAM1/TAM2/microglia,IDH_WT,TAM_microglia,0.0,0.0,0.0,0.0,,,0.0,0.0,0.0,0.0,,0.0,4.0,10.0,0.0,5.0,5.0,0.0600743503220592,0.03767848687725736,0.0,1.0,4.0,8.0,10.0,0.0,55,1,0,1,7,12086,25922,9696,2745,2745,0,0.0,0,0,0.5,0.0,1.5,0.0,2,1.0,TAM_microglia,myeloid_bridge,"Wei et al., J Clin Invest 2019",1,0.615506698263964,0.14554789423271525,cc_edges_total=55 (+0.70); llm_mentions_per_run=1.5 (+0.45); cc_n_cells_e1=1.21e+04 (+0.24),literature tier 1 (label)
174,CADM1,cycling_tumor,IDH_WT,tumor,0.0,0.0,0.0,0.0,,,0.0,0.0,0.0,0.0,,0.0,1.0,4.0,4.0,8.0,0.0,0.0099681326072411,0.00696732355166845,0.0,1.0,3.0,0.0,8.0,1.0,32,1,1,1,3,6410,814,5847,663,663,0,0.0,0,0,0.0,0.0,0.0,0.0,2,,,,,0,0.6140716206761125,0.11453341624096405,cc_n_partners=3 (+0.29); cc_n_cells_e1=6.41e+03 (+0.22); cc_edges_e2=8 (+0.13),novel
175,EGFR,OPC_GABA_like_tumor,IDH_Mutant,tumor,1.0,0.9416551344956996,0.9416551344956996,60.08480607195075,0.613,0.427,0.186,1.0,1.0,0.0,-2.881688130255577,1.0,3.0,0.0,4.0,2.0,2.0,0.0324842206972956,0.01927997356641785,0.0,1.0,2.0,4.0,4.0,0.0,14,0,1,1,4,6741,14114,1658,11741,1658,0,0.0,1,1,1.0,1.0,10.5,1.0,2,1.0,tumor,growth,"Brennan et al., Cell 2013 (TCGA GBM)",1,0.6133304619319832,0.03737353248584697,llm_ctx_mention_rate=1 (+1.06); cc_n_partners=2 (+0.50); cc_edges_total=14 (+0.33),literature tier 1 (label)
176,TREM2,OPC_GABA_like_tumor,IDH_WT,tumor,0.0,0.0,0.0,0.0,,,0.0,0.0,0.0,0.0,,0.0,2.0,0.0,0.0,0.0,0.0,0.0,0.0,,0.0,0.0,0.0,0.0,,57,0,1,2,2,6741,14114,5040,1935,1935,0,0.0,0,0,1.0,1.0,4.5,0.0,2,2.0,TAM_microglia,myeloid_bridge,TAM marker (pathway-level),0,0.611621861413225,0.10884356294549459,cc_edges_total=57 (+1.00); llm_mention_rate=1 (+0.25); cc_n_cells_e1=6.74e+03 (+0.25),"literature gene, other compartment"
177,CADM1,cycling_tumor,IDH_Mutant,tumor,1.0,3.528013664644946,3.528013664644946,17.323256391110135,0.434,0.044,0.39,1.0,0.0,0.0,0.2657044225772538,1.0,2.0,4.0,4.0,8.0,0.0,0.0099681326072411,0.00696732355166845,0.0,1.0,3.0,0.0,8.0,1.0,32,1,1,1,3,6410,814,270,136,136,0,1.0,1,1,0.0,0.0,0.0,0.0,2,,,,,0,0.6102862533760607,0.11712149861285334,cc_n_partners=3 (+0.38); cc_n_cells_e1=6.41e+03 (+0.22); deg_pct_diff=0.39 (+0.14),novel
178,AREG,T cell,IDH_Mutant,T_cell,1.0,2.621978049134785,2.621978049134785,45.230029365178375,0.524,0.143,0.381,1.0,1.0,1.0,1.3790139787467863,1.0,2.0,7.0,0.0,7.0,0.0,0.0324842206972956,0.012891952110335543,0.0,1.0,4.0,7.0,7.0,1.0,7,1,0,1,1,2662,1463,941,334,334,0,1.0,1,1,1.0,0.5,11.5,1.0,2,,,,,0,0.6071735595001753,0.10473772322495431,llm_ctx_mention_rate=1 (+0.76); deg_pooled_log2fc=1.38 (+0.40); llm_mentions_per_run=11.5 (+0.39),novel
179,SLC1A3,TAM1/TAM2/microglia,IDH_Mutant,TAM_microglia,1.0,0.5232657214623875,0.5232657214623875,70.94462165138104,0.9,0.783,0.11699999999999999,1.0,1.0,1.0,1.4026188000090016,1.0,3.0,13.0,0.0,13.0,0.0,0.0580182501147297,0.014240210546249892,0.0,1.0,4.0,13.0,13.0,1.0,26,1,0,1,2,12086,25922,2106,21701,2106,0,1.0,1,1,0.0,0.0,0.0,0.0,2,,,,,0,0.6016497093196145,0.07241759331674276,deg_pooled_log2fc=1.4 (+0.44); cc_n_cells_e1=1.21e+04 (+0.23); cc_n_partners=4 (+0.20),novel
180,GLS,OPC_GABA_like_tumor,IDH_Mutant,tumor,0.0,0.0,0.0,0.0,,,0.0,0.0,0.0,0.0,,0.0,2.0,0.0,0.0,0.0,0.0,0.0,0.0,,0.0,0.0,0.0,0.0,,39,1,0,1,2,6741,14114,1658,11741,1658,0,0.0,1,0,1.0,1.0,2.0,0.5,2,,,,,0,0.601385112103109,0.12974439673703533,llm_mention_rate=1 (+0.31); llm_ctx_mention_rate=0.5 (+0.27); cc_n_cells_e1=6.74e+03 (+0.25),novel
181,AREG,T cell,IDH_WT,T_cell,1.0,0.9672239572986688,0.9672239572986688,4.436011743196359,0.226,0.141,0.08500000000000002,1.0,1.0,1.0,1.3790139787467863,1.0,2.0,7.0,0.0,7.0,0.0,0.0324842206972956,0.012891952110335543,0.0,1.0,4.0,7.0,7.0,1.0,7,1,0,1,1,2662,1463,1681,1118,1118,0,1.0,0,1,1.0,0.5,11.5,1.0,2,,,,,0,0.5986559667424297,0.10327751470039172,llm_ctx_mention_rate=1 (+0.76); deg_pooled_log2fc=1.38 (+0.40); llm_mentions_per_run=11.5 (+0.39),novel
182,SLC1A3,TAM1/TAM2/microglia,IDH_WT,TAM_microglia,1.0,0.7048990104468937,0.7048990104468937,110.2670297906098,0.737,0.51,0.22699999999999998,1.0,1.0,1.0,1.4026188000090016,1.0,2.0,13.0,0.0,13.0,0.0,0.0580182501147297,0.014240210546249892,0.0,1.0,4.0,13.0,13.0,1.0,26,1,0,1,2,12086,25922,9696,2745,2745,0,1.0,0,1,0.0,0.0,0.0,0.0,2,,,,,0,0.5982525959200595,0.07505906921019449,deg_pooled_log2fc=1.4 (+0.44); cc_n_cells_e1=1.21e+04 (+0.23); cc_n_partners=4 (+0.20),novel
183,GLS,OPC_GABA_like_tumor,IDH_WT,tumor,1.0,1.189970242600572,1.189970242600572,125.73392048350394,0.332,0.087,0.24500000000000002,1.0,0.0,0.0,0.5942774403272952,1.0,3.0,0.0,0.0,0.0,0.0,0.0,0.0,,0.0,0.0,0.0,0.0,,39,1,0,1,2,6741,14114,5040,1935,1935,0,0.0,0,0,1.0,1.0,2.0,0.5,2,,,,,0,0.5970409849726359,0.14590360747682007,llm_mention_rate=1 (+0.30); llm_ctx_mention_rate=0.5 (+0.27); cc_n_cells_e1=6.74e+03 (+0.24),novel
184,CADM1,AC_like_tumor,IDH_Mutant,tumor,0.0,0.0,0.0,0.0,,,0.0,0.0,0.0,0.0,,0.0,2.0,4.0,4.0,8.0,0.0,0.0047318087990022,0.0033035204842957,0.0,1.0,3.0,0.0,8.0,1.0,32,1,1,1,3,72549,446,4249,283,283,0,0.0,1,0,0.0,0.0,0.0,0.0,2,,,,,0,0.5952987764100632,0.11949251493146945,cc_n_partners=3 (+0.38); cc_n_cells_e1=7.25e+04 (+0.23); cc_edges_e2=8 (+0.14),novel
185,DAG1,OPC_GABA_like_tumor,IDH_Mutant,tumor,1.0,-0.5659966388372857,0.5659966388372857,7.401699025526686,0.147,0.217,-0.07,-1.0,0.0,0.0,,0.0,2.0,0.0,0.0,0.0,0.0,0.0,0.0,,0.0,0.0,0.0,0.0,,6,0,1,1,1,6741,14114,1658,11741,1658,0,-0.0,1,0,0.5,0.5,1.5,0.5,2,,,,,0,0.591426518684148,0.08892184304432199,llm_mentions_per_run=1.5 (+0.46); llm_ctx_mention_rate=0.5 (+0.27); llm_mention_rate=0.5 (+0.26),novel
186,CLSTN1,cycling_tumor,IDH_Mutant,tumor,0.0,0.0,0.0,0.0,,,0.0,0.0,0.0,0.0,,0.0,1.0,0.0,6.0,6.0,0.0,0.0084269247922976,0.002734139854995377,0.0,1.0,4.0,0.0,6.0,1.0,12,0,1,1,2,6410,814,270,136,136,0,0.0,1,0,0.5,0.5,3.0,0.5,2,,,,,0,0.5911808320247482,0.03159996632188396,llm_ctx_mention_rate=0.5 (+0.25); cc_n_cells_e1=6.41e+03 (+0.21); llm_mention_rate=0.5 (+0.21),novel
187,CD74,OPC_GABA_AC_like_tumor,IDH_WT,tumor,1.0,-5.750809206703872,5.750809206703872,8.57196556734812,0.012,0.266,-0.254,-1.0,1.0,1.0,-2.7587158941915417,1.0,5.0,0.0,3.0,0.0,3.0,0.0151993918896934,0.013638357598851734,0.0,1.0,2.0,0.0,3.0,-1.0,109,0,1,2,6,6202,1012,5384,171,171,0,1.0,0,1,0.0,0.0,0.0,0.0,2,1.0,TAM_microglia,myeloid_bridge,"Ghoochani et al., Oncotarget 2016",0,0.59002181539801,0.07800597970960949,cc_edges_total=109 (+1.11); cc_n_partners=2 (+0.45); cc_n_cells_e1=6.2e+03 (+0.22),"literature gene, other compartment"
188,NOTCH1,cycling_tumor,IDH_Mutant,tumor,0.0,0.0,0.0,0.0,,,0.0,0.0,0.0,0.0,,0.0,0.0,0.0,8.0,8.0,0.0,0.0102880806075418,0.004045192693051016,0.0,2.0,4.0,0.0,8.0,1.0,16,0,1,2,2,6410,814,270,136,136,0,0.0,1,0,0.5,0.5,1.0,0.0,2,2.0,tumor,growth,Notch pathway (pathway-level),1,0.5896832830180416,0.11335665462258741,llm_mentions_per_run=1 (+0.45); cc_edges_total=16 (+0.33); cc_n_cells_e1=6.41e+03 (+0.23),literature tier 2 (label)
189,CNTN1,OPC_GABA_like_tumor,IDH_WT,tumor,1.0,2.582221557836003,2.582221557836003,300.0,0.575,0.089,0.486,1.0,1.0,0.0,0.7700451578531753,1.0,4.0,8.0,0.0,8.0,0.0,0.0122804136302003,0.00413992983265115,0.0,1.0,4.0,0.0,8.0,1.0,16,1,0,1,2,6741,14114,5040,1935,1935,0,1.0,0,1,1.0,0.0,4.0,0.0,2,2.0,tumor,neuron_tumor,Synaptic adhesion (pathway-level),1,0.5891214561536833,0.1416186541554801,cc_edges_total=16 (+0.51); cc_n_partners=4 (+0.26); deg_n_celltypes_sig=4 (+0.24),literature tier 2 (label)
190,CDH2,AC_like_tumor,IDH_WT,tumor,0.0,0.0,0.0,0.0,,,0.0,0.0,0.0,0.0,,0.0,1.0,4.0,4.0,8.0,0.0,0.0034390918544762,0.00212677993686345,0.0,1.0,3.0,0.0,8.0,1.0,32,1,1,1,3,72549,446,64812,108,108,0,0.0,0,0,0.0,0.0,0.0,0.0,2,,,,,0,0.5886950808461001,0.12053539062676027,cc_n_partners=3 (+0.28); cc_n_cells_e1=7.25e+04 (+0.22); cc_edges_e2=8 (+0.13),novel
191,CDH2,AC_like_tumor,IDH_Mutant,tumor,0.0,0.0,0.0,0.0,,,0.0,0.0,0.0,0.0,,0.0,1.0,4.0,4.0,8.0,0.0,0.0034390918544762,0.00212677993686345,0.0,1.0,3.0,0.0,8.0,1.0,32,1,1,1,3,72549,446,4249,283,283,0,0.0,1,0,0.0,0.0,0.0,0.0,2,,,,,0,0.5874802625720623,0.11925026884264758,cc_n_partners=3 (+0.28); cc_n_cells_e1=7.25e+04 (+0.22); cc_edges_e2=8 (+0.13),novel
192,CNTN1,cycling_tumor,IDH_Mutant,tumor,1.0,2.3951382460271518,2.3951382460271518,11.256414135215593,0.272,0.011,0.261,1.0,1.0,1.0,3.9210720403512047,1.0,2.0,8.0,0.0,8.0,0.0,0.0116509341895663,0.003926612890837995,0.0,1.0,4.0,0.0,8.0,1.0,16,1,0,1,2,6410,814,270,136,136,0,1.0,1,1,1.0,0.0,4.0,0.0,2,2.0,tumor,neuron_tumor,Synaptic adhesion (pathway-level),1,0.5870712264739282,0.10208419558335109,deg_pooled_log2fc=3.92 (+0.54); cc_edges_total=16 (+0.51); cc_n_cells_e1=6.41e+03 (+0.23),literature tier 2 (label)
193,NOTCH1,AC_like_tumor,IDH_Mutant,tumor,0.0,0.0,0.0,0.0,,,0.0,0.0,0.0,0.0,,0.0,0.0,0.0,0.0,0.0,0.0,0.0,0.0,,0.0,0.0,0.0,0.0,,16,0,1,2,2,72549,446,4249,283,283,0,0.0,1,0,0.5,0.5,1.0,0.0,2,2.0,tumor,growth,Notch pathway (pathway-level),1,0.5868834916398246,0.08389412790508269,llm_mentions_per_run=1 (+0.46); cc_edges_total=16 (+0.36); deg_n_celltypes_sig=0 (+0.30),literature tier 2 (label)
194,CDH2,OPC_GABA_like_tumor,IDH_WT,tumor,0.0,0.0,0.0,0.0,,,0.0,0.0,0.0,0.0,,0.0,1.0,8.0,8.0,8.0,8.0,0.0044510612440127,0.0024337427361116625,0.0,1.0,3.0,0.0,16.0,0.0,32,1,1,1,3,6741,14114,5040,1935,1935,0,0.0,0,0,0.0,0.0,0.0,0.0,2,,,,,0,0.5866020077048801,0.11764074728775213,cc_n_partners=3 (+0.30); cc_n_cells_e1=6.74e+03 (+0.22); cc_edges_e2=8 (+0.14),novel
195,NOTCH1,OPC_GABA_AC_like_tumor,IDH_Mutant,tumor,0.0,0.0,0.0,0.0,,,0.0,0.0,0.0,0.0,,0.0,0.0,0.0,0.0,0.0,0.0,0.0,0.0,,0.0,0.0,0.0,0.0,,16,0,1,2,2,6202,1012,352,742,352,0,0.0,1,0,0.5,0.5,1.0,0.0,2,2.0,tumor,growth,Notch pathway (pathway-level),1,0.5865710085504925,0.08358081992166679,llm_mentions_per_run=1 (+0.46); cc_edges_total=16 (+0.36); deg_n_celltypes_sig=0 (+0.29),literature tier 2 (label)
196,CDH2,OPC_GABA_like_tumor,IDH_Mutant,tumor,0.0,0.0,0.0,0.0,,,0.0,0.0,0.0,0.0,,0.0,1.0,8.0,8.0,8.0,8.0,0.0044510612440127,0.0024337427361116625,0.0,1.0,3.0,0.0,16.0,0.0,32,1,1,1,3,6741,14114,1658,11741,1658,0,0.0,1,0,0.0,0.0,0.0,0.0,2,,,,,0,0.5855421526154252,0.11893783980369806,cc_n_partners=3 (+0.30); cc_n_cells_e1=6.74e+03 (+0.22); cc_edges_e2=8 (+0.14),novel
197,CLSTN1,OPC_GABA_like_tumor,IDH_Mutant,tumor,0.0,0.0,0.0,0.0,,,0.0,0.0,0.0,0.0,,0.0,1.0,0.0,6.0,6.0,0.0,0.012676328998952,0.004119700281260216,0.0,1.0,4.0,0.0,6.0,1.0,12,0,1,1,2,6741,14114,1658,11741,1658,0,0.0,1,0,0.5,0.5,3.0,0.5,2,,,,,0,0.5842717106813187,0.03271248711990625,llm_ctx_mention_rate=0.5 (+0.25); cc_n_cells_e1=6.74e+03 (+0.21); llm_mention_rate=0.5 (+0.20),novel
198,CD74,OPC_GABA_AC_like_tumor,IDH_Mutant,tumor,1.0,-3.614543750610336,3.614543750610336,23.210025313781884,0.049,0.276,-0.22700000000000004,-1.0,1.0,1.0,-2.7587158941915417,1.0,4.0,0.0,3.0,0.0,3.0,0.0151993918896934,0.013638357598851734,0.0,1.0,2.0,0.0,3.0,-1.0,109,0,1,2,6,6202,1012,352,742,352,0,1.0,1,1,0.0,0.0,0.0,0.0,2,1.0,TAM_microglia,myeloid_bridge,"Ghoochani et al., Oncotarget 2016",0,0.5841071359873743,0.07969967799099642,cc_edges_total=109 (+1.11); cc_n_partners=2 (+0.45); cc_n_cells_e1=6.2e+03 (+0.22),"literature gene, other compartment"
199,CLSTN1,OPC_GABA_like_tumor,IDH_WT,tumor,0.0,0.0,0.0,0.0,,,0.0,0.0,0.0,0.0,,0.0,2.0,0.0,6.0,6.0,0.0,0.012676328998952,0.004119700281260216,0.0,1.0,4.0,0.0,6.0,1.0,12,0,1,1,2,6741,14114,5040,1935,1935,0,0.0,0,0,0.5,0.5,3.0,0.5,2,,,,,0,0.5836996794385434,0.0229119918219024,llm_ctx_mention_rate=0.5 (+0.26); cc_n_cells_e1=6.74e+03 (+0.22); llm_mention_rate=0.5 (+0.21),novel
200,LRRTM2,OPC_GABA_like_tumor,IDH_Mutant,tumor,1.0,0.4967458162778178,0.4967458162778178,15.476820739469032,0.317,0.201,0.11599999999999999,1.0,1.0,0.0,-0.2621371104223258,1.0,3.0,0.0,6.0,6.0,0.0,0.0156105918756343,0.005079151850641467,0.0,1.0,4.0,0.0,6.0,1.0,12,0,1,1,2,6741,14114,1658,11741,1658,0,1.0,1,1,0.5,0.5,2.0,0.5,2,,,,,0,0.5824359857477438,0.09058159795669388,llm_ctx_mention_rate=0.5 (+0.26); cc_n_cells_e1=6.74e+03 (+0.21); llm_mention_rate=0.5 (+0.21),novel
201,LRRTM2,OPC_GABA_like_tumor,IDH_WT,tumor,1.0,-0.6935439039610407,0.6935439039610407,12.85607413289099,0.328,0.19,0.138,-1.0,1.0,0.0,-0.2621371104223258,1.0,2.0,0.0,6.0,6.0,0.0,0.0156105918756343,0.005079151850641467,0.0,1.0,4.0,0.0,6.0,1.0,12,0,1,1,2,6741,14114,5040,1935,1935,0,-1.0,0,1,0.5,0.5,2.0,0.5,2,,,,,0,0.5820969459007682,0.07314781887302928,llm_ctx_mention_rate=0.5 (+0.26); cc_n_cells_e1=6.74e+03 (+0.21); llm_mention_rate=0.5 (+0.21),novel
202,NOTCH1,OPC_GABA_like_tumor,IDH_Mutant,tumor,0.0,0.0,0.0,0.0,,,0.0,0.0,0.0,0.0,,0.0,0.0,0.0,8.0,8.0,0.0,0.0082329945247519,0.0032351133071600855,0.0,2.0,4.0,0.0,8.0,1.0,16,0,1,2,2,6741,14114,1658,11741,1658,0,0.0,1,0,0.5,0.5,1.0,0.0,2,2.0,tumor,growth,Notch pathway (pathway-level),1,0.5806189714947435,0.11227593710897492,llm_mentions_per_run=1 (+0.45); cc_edges_total=16 (+0.32); cc_n_cells_e1=6.74e+03 (+0.23),literature tier 2 (label)
203,GRIA3,OPC_GABA_like_tumor,IDH_Mutant,tumor,0.0,0.0,0.0,0.0,,,0.0,0.0,0.0,0.0,,0.0,2.0,0.0,3.0,3.0,0.0,0.0082709493177436,0.003973284274476866,0.0,1.0,2.0,1.0,3.0,1.0,6,0,1,1,2,6741,14114,1658,11741,1658,0,0.0,1,0,1.0,1.0,1.0,0.5,2,2.0,tumor,neuron_tumor,"AMPAR subunit family; Venkatesh et al., Nature 2019",1,0.5769748337811703,0.13591855713008574,cc_n_partners=2 (+0.51); llm_mentions_per_run=1 (+0.48); llm_ctx_mention_rate=0.5 (+0.40),literature tier 2 (label)
204,GRIA3,OPC_GABA_like_tumor,IDH_WT,tumor,0.0,0.0,0.0,0.0,,,0.0,0.0,0.0,0.0,,0.0,1.0,0.0,3.0,3.0,0.0,0.0082709493177436,0.003973284274476866,0.0,1.0,2.0,1.0,3.0,1.0,6,0,1,1,2,6741,14114,5040,1935,1935,0,0.0,0,0,1.0,1.0,1.0,0.5,2,2.0,tumor,neuron_tumor,"AMPAR subunit family; Venkatesh et al., Nature 2019",1,0.5712123818198528,0.12738197965633385,llm_mentions_per_run=1 (+0.47); cc_n_partners=2 (+0.43); llm_ctx_mention_rate=0.5 (+0.39),literature tier 2 (label)
205,APP,TAM1/TAM2/microglia,IDH_Mutant,TAM_microglia,1.0,0.9549248139270824,0.9549248139270824,14.02637333862547,0.15,0.078,0.072,1.0,0.0,0.0,,0.0,3.0,0.0,0.0,0.0,0.0,0.0,0.0,,0.0,0.0,0.0,0.0,,78,1,0,1,4,12086,25922,2106,21701,2106,0,0.0,1,0,0.0,0.0,0.0,0.0,2,,,,,0,0.5700125702890697,0.12117029140681441,cc_edges_total=78 (+1.11); cc_n_cells_e1=1.21e+04 (+0.24); deg_pct_e1=0.078 (+0.10),novel
206,PPIA,TAM1/TAM2/microglia,IDH_WT,TAM_microglia,1.0,-0.367224250145898,0.367224250145898,32.65124251150428,0.835,0.842,-0.007000000000000006,-1.0,1.0,1.0,-0.7277355094696292,1.0,2.0,7.0,0.0,3.0,4.0,0.0978378557322367,0.04184953839754516,0.04,1.0,3.0,7.0,7.0,-0.14285714285714285,56,1,0,1,7,12086,25922,9696,2745,2745,0,0.14285714285714285,0,1,0.5,0.5,0.5,0.0,2,,,,,0,0.5604477072359585,0.0781586288151057,cc_edges_total=56 (+0.80); cc_n_partners=3 (+0.32); cc_n_cells_e1=1.21e+04 (+0.23),novel
207,GRIA2,OPC_GABA_like_tumor,IDH_WT,tumor,1.0,0.9728237493385066,0.9728237493385066,191.16403911691194,0.594,0.182,0.412,1.0,1.0,1.0,2.0244922440570936,1.0,2.0,0.0,6.0,3.0,3.0,0.0580182501147297,0.01588006951036475,0.0,1.0,2.0,2.0,6.0,0.0,12,0,1,1,3,6741,14114,5040,1935,1935,0,0.0,0,1,1.0,0.5,4.5,0.5,2,1.0,tumor,neuron_tumor,"Venkatesh et al., Nature 2019; Venkataramani et al., Nature 2019",1,0.5552442396059852,0.12460816702949885,deg_pooled_log2fc=2.02 (+0.70); cc_n_partners=2 (+0.51); llm_ctx_mention_rate=0.5 (+0.34),literature tier 1 (label)
208,SLIT1,OPC_GABA_like_tumor,IDH_WT,tumor,1.0,2.292751832614345,2.292751832614345,68.99620307387318,0.128,0.021,0.107,1.0,1.0,1.0,2.794243236803573,1.0,2.0,2.0,0.0,2.0,0.0,0.0026014314511136,0.00193069735608075,0.0,1.0,2.0,0.0,2.0,1.0,2,1,0,1,1,6741,14114,5040,1935,1935,0,1.0,0,1,0.0,0.0,0.0,0.0,2,,,,,0,0.5534743817332891,0.05386537887156643,cc_n_partners=2 (+0.55); deg_pooled_log2fc=2.79 (+0.44); cc_n_cells_e1=6.74e+03 (+0.17),novel
209,ITGAV,cycling_tumor,IDH_Mutant,tumor,1.0,0.539067686834929,0.539067686834929,1.8568969586238986,0.368,0.13,0.238,1.0,1.0,1.0,0.3303134313322708,1.0,3.0,0.0,13.0,13.0,0.0,0.029255088299547,0.012036451921385891,0.0,3.0,7.0,5.0,13.0,1.0,39,0,1,3,3,6410,814,270,136,136,0,1.0,1,1,1.0,1.0,2.0,0.0,2,,,,,0,0.5509763699628725,0.10383988391841979,cc_n_cells_e1=6.41e+03 (+0.22); llm_mention_rate=1 (+0.22); deg_pct_diff=0.238 (+0.14),novel
210,PPIA,TAM1/TAM2/microglia,IDH_Mutant,TAM_microglia,1.0,-0.4132315534024129,0.4132315534024129,55.166869464907194,0.768,0.848,-0.07999999999999996,-1.0,1.0,1.0,-0.7277355094696292,1.0,1.0,7.0,0.0,3.0,4.0,0.0978378557322367,0.04184953839754516,0.04,1.0,3.0,7.0,7.0,-0.14285714285714285,56,1,0,1,7,12086,25922,2106,21701,2106,0,0.14285714285714285,1,1,0.5,0.5,0.5,0.0,2,,,,,0,0.5502426391914108,0.07449715914836245,cc_edges_total=56 (+0.78); cc_n_partners=3 (+0.22); cc_n_cells_e1=1.21e+04 (+0.22),novel
211,PTGER4,AC_like_tumor,IDH_Mutant,tumor,0.0,0.0,0.0,0.0,,,0.0,0.0,0.0,0.0,,0.0,0.0,0.0,0.0,0.0,0.0,0.0,0.0,,0.0,0.0,0.0,0.0,,14,0,1,1,1,72549,446,4249,283,283,0,0.0,1,0,0.0,0.0,0.0,0.0,2,,,,,0,0.5501307010578982,0.15131893281560654,deg_n_celltypes_sig=0 (+0.34); cc_edges_total=14 (+0.30); cc_n_cells_e1=7.25e+04 (+0.21),novel
212,ADORA3,TAM1/TAM2/microglia,IDH_Mutant,TAM_microglia,0.0,0.0,0.0,0.0,,,0.0,0.0,0.0,0.0,,0.0,0.0,1.0,0.0,1.0,0.0,0.0039014203393133,0.0039014203393133,0.0,1.0,1.0,0.0,1.0,1.0,1,1,0,1,1,12086,25922,2106,21701,2106,0,0.0,1,0,0.0,0.0,0.0,0.0,2,,,,,0,0.5497619783016028,0.03865849415229725,deg_n_celltypes_sig=0 (+0.64); cc_n_cells_e1=1.21e+04 (+0.19); cc_edges_total=1 (+0.12),novel
213,SLIT1,OPC_GABA_like_tumor,IDH_Mutant,tumor,1.0,1.4881294612799278,1.4881294612799278,75.18350582055096,0.302,0.071,0.23099999999999998,1.0,1.0,1.0,2.794243236803573,1.0,3.0,2.0,0.0,2.0,0.0,0.0026014314511136,0.00193069735608075,0.0,1.0,2.0,0.0,2.0,1.0,2,1,0,1,1,6741,14114,1658,11741,1658,0,1.0,1,1,0.0,0.0,0.0,0.0,2,,,,,0,0.5496055885826583,0.05104972076910899,cc_n_partners=2 (+0.55); deg_pooled_log2fc=2.79 (+0.44); cc_n_cells_e1=6.74e+03 (+0.17),novel
214,THY1,cycling_tumor,IDH_WT,tumor,1.0,2.086533598784398,2.086533598784398,300.0,0.617,0.071,0.546,1.0,1.0,1.0,2.0196759371826856,1.0,4.0,1.0,0.0,1.0,0.0,0.0141911373026763,0.0141911373026763,0.0,1.0,1.0,1.0,1.0,1.0,2,1,0,1,2,6410,814,5847,663,663,0,1.0,0,1,0.0,0.0,0.0,0.0,2,,,,,0,0.5494836883446432,0.09985615043155319,deg_pooled_log2fc=2.02 (+0.53); deg_n_celltypes_sig=4 (+0.23); cc_n_cells_e1=6.41e+03 (+0.21),novel
215,NCAM2,cycling_tumor,IDH_Mutant,tumor,1.0,4.01083004443889,4.01083004443889,9.949480699379908,0.25,0.011,0.239,1.0,1.0,1.0,1.9479715419887156,1.0,2.0,0.0,5.0,5.0,0.0,0.0081777990732763,0.0035688930945901197,0.0,1.0,4.0,0.0,5.0,1.0,5,0,1,1,1,6410,814,270,136,136,0,1.0,1,1,0.0,0.0,0.0,0.0,2,,,,,0,0.5474771063936026,0.06155437879088731,deg_pooled_log2fc=1.95 (+0.53); cc_n_partners=4 (+0.26); cc_n_cells_e1=6.41e+03 (+0.18),novel
216,ITGAV,TAM1/TAM2/microglia,IDH_Mutant,TAM_microglia,1.0,1.4214269757136222,1.4214269757136222,51.61833925135819,0.299,0.138,0.16099999999999998,1.0,1.0,1.0,0.4690205660040947,1.0,3.0,0.0,12.0,12.0,0.0,0.0342673920775937,0.01516661356754101,0.0,2.0,7.0,10.0,12.0,1.0,39,0,1,3,3,12086,25922,2106,21701,2106,0,1.0,1,1,1.0,1.0,2.0,0.0,2,,,,,0,0.5473494605121931,0.10694160664523668,cc_n_cells_e1=1.21e+04 (+0.22); llm_mention_rate=1 (+0.22); deg_pct_diff=0.161 (+0.14),novel
217,SLC1A1,OPC_GABA_like_tumor,IDH_Mutant,tumor,1.0,2.579610842378,2.579610842378,54.441250844640095,0.177,0.021,0.156,1.0,1.0,1.0,0.7993808583361037,1.0,1.0,0.0,0.0,0.0,0.0,0.0,0.0,,0.0,0.0,0.0,0.0,,13,1,0,1,1,6741,14114,1658,11741,1658,0,0.0,1,0,0.0,0.0,0.0,0.0,2,,,,,0,0.5469734673442199,0.10958116963167192,cc_edges_total=13 (+0.55); cc_n_cells_e1=6.74e+03 (+0.20); deg_pooled_log2fc=0.799 (+0.12),novel
218,APP,TAM1/TAM2/microglia,IDH_WT,TAM_microglia,0.0,0.0,0.0,0.0,,,0.0,0.0,0.0,0.0,,0.0,1.0,0.0,0.0,0.0,0.0,0.0,0.0,,0.0,0.0,0.0,0.0,,78,1,0,1,4,12086,25922,9696,2745,2745,0,0.0,0,0,0.0,0.0,0.0,0.0,2,,,,,0,0.5461067286837693,0.14139465772355456,cc_edges_total=78 (+1.11); cc_n_cells_e1=1.21e+04 (+0.24); deg_n_celltypes_sig=1 (+0.03),novel
219,NRCAM,cycling_tumor,IDH_WT,tumor,1.0,0.2765338723748298,0.2765338723748298,51.43144348375306,0.603,0.228,0.375,1.0,1.0,1.0,0.3838670058278617,1.0,1.0,0.0,2.0,2.0,0.0,0.005371724448235,0.005233137050460249,0.0,1.0,2.0,0.0,2.0,1.0,12,0,1,1,4,6410,814,5847,663,663,0,1.0,0,1,1.0,1.0,3.0,0.0,2,,,,,0,0.5459557448141462,0.1734781437122512,cc_n_partners=2 (+0.41); llm_mention_rate=1 (+0.25); cc_n_cells_e1=6.41e+03 (+0.20),novel
220,ADORA3,AC_like_tumor,IDH_Mutant,tumor,0.0,0.0,0.0,0.0,,,0.0,0.0,0.0,0.0,,0.0,0.0,0.0,0.0,0.0,0.0,0.0,0.0,,0.0,0.0,0.0,0.0,,1,1,0,1,1,72549,446,4249,283,283,0,0.0,1,0,0.0,0.0,0.0,0.0,2,,,,,0,0.5448301125415653,0.0377127434618931,deg_n_celltypes_sig=0 (+0.65); cc_n_cells_e1=7.25e+04 (+0.19); cc_edges_total=1 (+0.11),novel
221,THY1,OPC_GABA_like_tumor,IDH_WT,tumor,1.0,2.4060124996105,2.4060124996105,300.0,0.617,0.102,0.515,1.0,1.0,1.0,2.0397824898375645,1.0,4.0,1.0,0.0,1.0,0.0,0.0075597332050079,0.0075597332050079,0.0,1.0,1.0,1.0,1.0,1.0,2,1,0,1,2,6741,14114,5040,1935,1935,0,1.0,0,1,0.0,0.0,0.0,0.0,2,,,,,0,0.5443950242103928,0.10065752525823779,deg_pooled_log2fc=2.04 (+0.53); deg_n_celltypes_sig=4 (+0.21); cc_n_cells_e1=6.74e+03 (+0.21),novel
222,CLSTN1,AC_like_tumor,IDH_Mutant,tumor,0.0,0.0,0.0,0.0,,,0.0,0.0,0.0,0.0,,0.0,1.0,0.0,0.0,0.0,0.0,0.0,0.0,,0.0,0.0,0.0,0.0,,12,0,1,1,2,72549,446,4249,283,283,0,0.0,1,0,0.5,0.5,3.0,0.5,2,,,,,0,0.543314472869114,0.037762031903572434,llm_ctx_mention_rate=0.5 (+0.27); llm_mention_rate=0.5 (+0.26); cc_n_cells_e1=7.25e+04 (+0.23),novel
223,PTGER4,OPC_GABA_AC_like_tumor,IDH_Mutant,tumor,0.0,0.0,0.0,0.0,,,0.0,0.0,0.0,0.0,,0.0,0.0,0.0,0.0,0.0,0.0,0.0,0.0,,0.0,0.0,0.0,0.0,,14,0,1,1,1,6202,1012,352,742,352,0,0.0,1,0,0.0,0.0,0.0,0.0,2,,,,,0,0.5421155642781987,0.14651495436040712,deg_n_celltypes_sig=0 (+0.33); cc_edges_total=14 (+0.30); cc_n_cells_e1=6.2e+03 (+0.21),novel
224,MRC1,TAM1/TAM2/microglia,IDH_WT,TAM_microglia,0.0,0.0,0.0,0.0,,,0.0,0.0,0.0,0.0,,0.0,0.0,0.0,4.0,4.0,0.0,0.0190396652672054,0.014954905079611875,0.0,1.0,2.0,2.0,4.0,1.0,4,0,1,1,1,12086,25922,9696,2745,2745,0,0.0,0,0,0.0,0.0,0.0,0.0,2,,,,,0,0.5419837815795158,0.1431487816525711,deg_n_celltypes_sig=0 (+0.53); cc_n_partners=2 (+0.44); cc_n_cells_e1=1.21e+04 (+0.18),novel
225,PTGER4,cycling_tumor,IDH_Mutant,tumor,0.0,0.0,0.0,0.0,,,0.0,0.0,0.0,0.0,,0.0,0.0,0.0,0.0,0.0,0.0,0.0,0.0,,0.0,0.0,0.0,0.0,,14,0,1,1,1,6410,814,270,136,136,0,0.0,1,0,0.0,0.0,0.0,0.0,2,,,,,0,0.5410378918662166,0.1469127399319324,deg_n_celltypes_sig=0 (+0.33); cc_edges_total=14 (+0.30); cc_n_cells_e1=6.41e+03 (+0.21),novel
226,NCAM2,cycling_tumor,IDH_WT,tumor,1.0,1.865944413135866,1.865944413135866,140.9311777197438,0.305,0.038,0.267,1.0,1.0,1.0,1.9479715419887156,1.0,2.0,0.0,5.0,5.0,0.0,0.0081777990732763,0.0035688930945901197,0.0,1.0,4.0,0.0,5.0,1.0,5,0,1,1,1,6410,814,5847,663,663,0,1.0,0,1,0.0,0.0,0.0,0.0,2,,,,,0,0.5408283874305122,0.06653459014226747,deg_pooled_log2fc=1.95 (+0.53); cc_n_partners=4 (+0.27); cc_n_cells_e1=6.41e+03 (+0.18),novel
227,CLSTN1,OPC_GABA_AC_like_tumor,IDH_Mutant,tumor,0.0,0.0,0.0,0.0,,,0.0,0.0,0.0,0.0,,0.0,1.0,0.0,0.0,0.0,0.0,0.0,0.0,,0.0,0.0,0.0,0.0,,12,0,1,1,2,6202,1012,352,742,352,0,0.0,1,0,0.5,0.5,3.0,0.5,2,,,,,0,0.5401600485413636,0.03649734594852288,llm_ctx_mention_rate=0.5 (+0.27); llm_mention_rate=0.5 (+0.26); cc_n_cells_e1=6.2e+03 (+0.23),novel
228,CD74,AC_like_tumor,IDH_Mutant,tumor,0.0,0.0,0.0,0.0,,,0.0,0.0,0.0,0.0,,0.0,4.0,0.0,6.0,0.0,6.0,0.0223694210384319,0.013996717026047665,0.04,1.0,4.0,0.0,6.0,-1.0,109,0,1,2,6,72549,446,4249,283,283,0,-0.0,1,0,0.0,0.0,0.0,0.0,2,1.0,TAM_microglia,myeloid_bridge,"Ghoochani et al., Oncotarget 2016",0,0.5394185515604222,0.09341369675469839,cc_edges_total=109 (+1.00); cc_n_cells_e1=7.25e+04 (+0.23); deg_n_celltypes_sig=4 (+0.21),"literature gene, other compartment"
229,NRCAM,AC_like_tumor,IDH_WT,tumor,0.0,0.0,0.0,0.0,,,0.0,0.0,0.0,0.0,,0.0,1.0,0.0,4.0,2.0,2.0,0.0036696350326655,0.00316495639881815,0.0,1.0,2.0,0.0,4.0,0.0,12,0,1,1,4,72549,446,64812,108,108,0,0.0,0,0,1.0,1.0,3.0,0.0,2,,,,,0,0.5366940286851234,0.13424152770365952,cc_n_partners=2 (+0.41); llm_mention_rate=1 (+0.26); cc_n_cells_e1=7.25e+04 (+0.21),novel
230,NOTCH1,OPC_GABA_AC_like_tumor,IDH_WT,tumor,0.0,0.0,0.0,0.0,,,0.0,0.0,0.0,0.0,,0.0,2.0,0.0,0.0,0.0,0.0,0.0,0.0,,0.0,0.0,0.0,0.0,,16,0,1,2,2,6202,1012,5384,171,171,0,0.0,0,0,0.5,0.5,1.0,0.0,2,2.0,tumor,growth,Notch pathway (pathway-level),1,0.5348115107675777,0.0802602089958976,cc_edges_total=16 (+0.51); llm_mentions_per_run=1 (+0.48); llm_mention_rate=0.5 (+0.27),literature tier 2 (label)
231,ITGAV,TAM1/TAM2/microglia,IDH_WT,TAM_microglia,1.0,0.6594635228753861,0.6594635228753861,47.98864885266488,0.4,0.25,0.15000000000000002,1.0,1.0,1.0,0.4690205660040947,1.0,2.0,0.0,12.0,12.0,0.0,0.0342673920775937,0.01516661356754101,0.0,2.0,7.0,10.0,12.0,1.0,39,0,1,3,3,12086,25922,9696,2745,2745,0,1.0,0,1,1.0,1.0,2.0,0.0,2,,,,,0,0.5346462080148499,0.10373384781086362,llm_mention_rate=1 (+0.22); cc_n_cells_e1=1.21e+04 (+0.22); deg_pct_diff=0.15 (+0.14),novel
232,NOTCH1,TAM1/TAM2/microglia,IDH_Mutant,TAM_microglia,0.0,0.0,0.0,0.0,,,0.0,0.0,0.0,0.0,,0.0,0.0,0.0,0.0,0.0,0.0,0.0,0.0,,0.0,0.0,0.0,0.0,,16,0,1,2,2,12086,25922,2106,21701,2106,0,0.0,1,0,0.5,0.5,1.0,0.0,2,2.0,tumor,growth,Notch pathway (pathway-level),0,0.5338887421842602,0.05857262681930376,llm_mentions_per_run=1 (+0.46); cc_edges_total=16 (+0.36); deg_n_celltypes_sig=0 (+0.29),"literature gene, other compartment"
233,NOTCH1,AC_like_tumor,IDH_WT,tumor,0.0,0.0,0.0,0.0,,,0.0,0.0,0.0,0.0,,0.0,2.0,0.0,0.0,0.0,0.0,0.0,0.0,,0.0,0.0,0.0,0.0,,16,0,1,2,2,72549,446,64812,108,108,0,0.0,0,0,0.5,0.5,1.0,0.0,2,2.0,tumor,growth,Notch pathway (pathway-level),1,0.5337547086755932,0.0797794439409046,cc_edges_total=16 (+0.51); llm_mentions_per_run=1 (+0.48); llm_mention_rate=0.5 (+0.27),literature tier 2 (label)
234,KLRB1,T cell,IDH_Mutant,T_cell,1.0,0.9926731949392452,0.9926731949392452,16.27715074713764,0.59,0.298,0.292,1.0,0.0,0.0,,0.0,1.0,0.0,14.0,7.0,7.0,0.0319079660883083,0.010231129628040679,0.0,1.0,2.0,4.0,14.0,0.0,14,0,1,1,1,2662,1463,941,334,334,0,0.0,1,1,1.0,1.0,7.0,1.0,2,1.0,T_cell,immune_synapse,"Mathewson et al., Cell 2021",1,0.5335621932180733,0.11761475171793834,llm_ctx_mention_rate=1 (+1.01); cc_n_partners=2 (+0.48); llm_mentions_per_run=7 (+0.35),literature tier 1 (label)
235,ADORA3,cycling_tumor,IDH_Mutant,tumor,0.0,0.0,0.0,0.0,,,0.0,0.0,0.0,0.0,,0.0,0.0,0.0,0.0,0.0,0.0,0.0,0.0,,0.0,0.0,0.0,0.0,,1,1,0,1,1,6410,814,270,136,136,0,0.0,1,0,0.0,0.0,0.0,0.0,2,,,,,0,0.5330360980870228,0.031165251815192016,deg_n_celltypes_sig=0 (+0.64); cc_n_cells_e1=6.41e+03 (+0.19); cc_edges_total=1 (+0.11),novel
236,GRIA2,OPC_GABA_AC_like_tumor,IDH_Mutant,tumor,1.0,1.0039010485398163,1.0039010485398163,3.086937256619465,0.276,0.119,0.15700000000000003,1.0,0.0,0.0,2.0500061429439427,1.0,4.0,0.0,0.0,0.0,0.0,0.0,0.0,,0.0,0.0,0.0,0.0,,12,0,1,1,3,6202,1012,352,742,352,0,0.0,1,0,1.0,0.5,4.5,0.5,2,1.0,tumor,neuron_tumor,"Venkatesh et al., Nature 2019; Venkataramani et al., Nature 2019",1,0.5319914127342236,0.07690094963438017,deg_pooled_log2fc=2.05 (+0.73); llm_ctx_mention_rate=0.5 (+0.34); llm_mention_rate=1 (+0.32),literature tier 1 (label)
237,PTGER4,TAM1/TAM2/microglia,IDH_Mutant,TAM_microglia,0.0,0.0,0.0,0.0,,,0.0,0.0,0.0,0.0,,0.0,0.0,0.0,14.0,14.0,0.0,0.0142202862652484,0.0057523660417539,0.0,1.0,7.0,12.0,14.0,1.0,14,0,1,1,1,12086,25922,2106,21701,2106,0,0.0,1,0,0.0,0.0,0.0,0.0,2,,,,,0,0.5316282526132199,0.1560982274706334,cc_edges_total=14 (+0.30); deg_n_celltypes_sig=0 (+0.22); cc_n_cells_e1=1.21e+04 (+0.20),novel
238,TYROBP,T cell,IDH_Mutant,T_cell,1.0,2.763077394886178,2.763077394886178,63.33832579476073,0.653,0.192,0.461,1.0,1.0,1.0,1.703711589095218,1.0,6.0,0.0,0.0,0.0,0.0,0.0,0.0,,0.0,0.0,0.0,0.0,,57,0,1,2,2,2662,1463,941,334,334,0,0.0,1,0,1.0,1.0,4.5,0.0,2,2.0,TAM_microglia,myeloid_bridge,TREM2 adaptor (pathway-level),0,0.5313113097737221,0.10601225439695947,cc_edges_total=57 (+0.89); deg_pooled_log2fc=1.7 (+0.44); llm_mention_rate=1 (+0.22),"literature gene, other compartment"
239,APOE,TAM1/TAM2/microglia,IDH_Mutant,TAM_microglia,1.0,-0.3471822166621594,0.3471822166621594,25.414853480777044,0.985,0.892,0.09299999999999997,-1.0,1.0,1.0,-0.9791405155287736,1.0,5.0,6.0,0.0,3.0,3.0,0.2392234722575476,0.20058439002568906,0.0,1.0,2.0,2.0,6.0,0.0,36,1,0,1,7,12086,25922,2106,21701,2106,0,-0.0,1,1,1.0,0.5,5.0,1.0,2,2.0,TAM_microglia,myeloid_bridge,TAM lipid program (pathway-level),1,0.5305304567068019,0.10266700357939966,llm_ctx_mention_rate=1 (+0.85); cc_n_partners=2 (+0.42); cc_n_cells_e1=1.21e+04 (+0.23),literature tier 2 (label)
240,ADORA3,OPC_GABA_AC_like_tumor,IDH_Mutant,tumor,0.0,0.0,0.0,0.0,,,0.0,0.0,0.0,0.0,,0.0,0.0,0.0,0.0,0.0,0.0,0.0,0.0,,0.0,0.0,0.0,0.0,,1,1,0,1,1,6202,1012,352,742,352,0,0.0,1,0,0.0,0.0,0.0,0.0,2,,,,,0,0.5304690646369551,0.03055082298091118,deg_n_celltypes_sig=0 (+0.64); cc_n_cells_e1=6.2e+03 (+0.19); cc_edges_total=1 (+0.11),novel
241,NCAM1,TAM1/TAM2/microglia,IDH_WT,TAM_microglia,0.0,0.0,0.0,0.0,,,0.0,0.0,0.0,0.0,,0.0,4.0,0.0,0.0,0.0,0.0,0.0,0.0,,0.0,0.0,0.0,0.0,,55,1,1,1,4,12086,25922,9696,2745,2745,0,0.0,0,0,0.0,0.0,0.0,0.0,2,2.0,tumor,neuron_tumor,Synaptic adhesion (pathway-level),0,0.5303273968777,0.07436551556439917,cc_edges_total=55 (+1.13); cc_n_cells_e1=1.21e+04 (+0.25); deg_n_celltypes_sig=4 (+0.11),"literature gene, other compartment"
242,PPIA,OPC_GABA_like_tumor,IDH_Mutant,tumor,0.0,0.0,0.0,0.0,,,0.0,0.0,0.0,0.0,,0.0,1.0,9.0,0.0,4.0,5.0,0.1147245041987962,0.04667047362903969,0.04,1.0,4.0,0.0,9.0,-0.1111111111111111,56,1,0,1,7,6741,14114,1658,11741,1658,0,-0.0,1,0,0.5,0.5,0.5,0.5,2,,,,,0,0.5293710931218758,0.1386368887674151,cc_edges_total=56 (+0.57); cc_n_cells_e1=6.74e+03 (+0.22); llm_mention_rate=0.5 (+0.12),novel
243,ITGAV,cycling_tumor,IDH_WT,tumor,1.0,0.2979974162568404,0.2979974162568404,54.56349993519065,0.501,0.177,0.324,1.0,1.0,1.0,0.3303134313322708,1.0,2.0,0.0,13.0,13.0,0.0,0.029255088299547,0.012036451921385891,0.0,3.0,7.0,5.0,13.0,1.0,39,0,1,3,3,6410,814,5847,663,663,0,1.0,0,1,1.0,1.0,2.0,0.0,2,,,,,0,0.5292972876254258,0.11857244253045521,cc_n_cells_e1=6.41e+03 (+0.22); llm_mention_rate=1 (+0.22); deg_pct_diff=0.324 (+0.13),novel
244,NCAM1,TAM1/TAM2/microglia,IDH_Mutant,TAM_microglia,0.0,0.0,0.0,0.0,,,0.0,0.0,0.0,0.0,,0.0,5.0,0.0,0.0,0.0,0.0,0.0,0.0,,0.0,0.0,0.0,0.0,,55,1,1,1,4,12086,25922,2106,21701,2106,0,0.0,1,0,0.0,0.0,0.0,0.0,2,2.0,tumor,neuron_tumor,Synaptic adhesion (pathway-level),0,0.5285199340752315,0.07871557645814302,cc_edges_total=55 (+1.13); cc_n_cells_e1=1.21e+04 (+0.25); deg_n_celltypes_sig=5 (+0.12),"literature gene, other compartment"
245,NRCAM,OPC_GABA_like_tumor,IDH_WT,tumor,0.0,0.0,0.0,0.0,,,0.0,0.0,0.0,0.0,,0.0,1.0,0.0,4.0,2.0,2.0,0.0122804136302003,0.00784968670479935,0.0,1.0,2.0,0.0,4.0,0.0,12,0,1,1,4,6741,14114,5040,1935,1935,0,0.0,0,0,1.0,1.0,3.0,0.0,2,,,,,0,0.5278077346026452,0.131909790541204,cc_n_partners=2 (+0.42); llm_mention_rate=1 (+0.26); cc_n_cells_e1=6.74e+03 (+0.21),novel
246,HLA-DRA,AC_like_tumor,IDH_Mutant,tumor,1.0,-1.6811244989658287,1.6811244989658287,1.6692340129231094,0.339,0.42,-0.08099999999999996,-1.0,1.0,1.0,-2.076948134283445,1.0,5.0,4.0,0.0,2.0,2.0,0.0076760484327047,0.002627653342575854,0.0,1.0,1.0,4.0,4.0,0.0,20,1,0,1,7,72549,446,4249,283,283,0,-0.0,1,1,1.0,1.0,41.0,1.0,2,2.0,TAM_microglia,immune_synapse,MHC-II antigen presentation (pathway-level),0,0.5268844627665846,0.06458943429543257,llm_ctx_mention_rate=1 (+0.91); cc_edges_total=20 (+0.30); llm_mention_rate=1 (+0.23),"literature gene, other compartment"
247,CLSTN1,OPC_GABA_AC_like_tumor,IDH_WT,tumor,0.0,0.0,0.0,0.0,,,0.0,0.0,0.0,0.0,,0.0,2.0,0.0,0.0,0.0,0.0,0.0,0.0,,0.0,0.0,0.0,0.0,,12,0,1,1,2,6202,1012,5384,171,171,0,0.0,0,0,0.5,0.5,3.0,0.5,2,,,,,0,0.5265935638764563,0.03497500802620647,llm_ctx_mention_rate=0.5 (+0.27); llm_mention_rate=0.5 (+0.26); cc_n_cells_e1=6.2e+03 (+0.24),novel
248,CLSTN1,AC_like_tumor,IDH_WT,tumor,0.0,0.0,0.0,0.0,,,0.0,0.0,0.0,0.0,,0.0,2.0,0.0,0.0,0.0,0.0,0.0,0.0,,0.0,0.0,0.0,0.0,,12,0,1,1,2,72549,446,64812,108,108,0,0.0,0,0,0.5,0.5,3.0,0.5,2,,,,,0,0.5265935638764563,0.03497500802620647,llm_ctx_mention_rate=0.5 (+0.27); llm_mention_rate=0.5 (+0.26); cc_n_cells_e1=7.25e+04 (+0.24),novel
249,PTN,T cell,IDH_WT,T_cell,1.0,1.3269534362612545,1.3269534362612545,16.507693913022326,0.333,0.184,0.14900000000000002,1.0,0.0,0.0,1.5663569147652017,1.0,3.0,2.0,0.0,2.0,0.0,0.0410665978377485,0.0213998994445401,0.0,1.0,2.0,2.0,2.0,1.0,137,1,0,1,7,2662,1463,1681,1118,1118,0,1.0,0,1,1.0,1.0,56.5,0.5,2,1.0,TAM_microglia,myeloid_bridge,"Shi et al., Cell Stem Cell 2017",0,0.5264384525273942,0.13088208208202493,cc_edges_total=137 (+0.69); deg_pooled_log2fc=1.57 (+0.61); cc_n_partners=2 (+0.50),"literature gene, other compartment"
250,DLL3,OPC_GABA_like_tumor,IDH_WT,tumor,1.0,4.5360143154011725,4.5360143154011725,300.0,0.71,0.066,0.6439999999999999,1.0,1.0,1.0,4.047193945889483,1.0,4.0,2.0,0.0,2.0,0.0,0.0102880806075418,0.00926053756614685,0.0,1.0,2.0,0.0,2.0,1.0,8,1,0,1,4,6741,14114,5040,1935,1935,0,1.0,0,1,0.0,0.0,0.0,0.0,2,1.0,tumor,growth,"Spino et al., Clin Cancer Res 2019 (IDH-mutant glioma)",1,0.5254279926958721,0.07048408545788395,deg_pooled_log2fc=4.05 (+0.86); cc_n_partners=2 (+0.55); deg_n_celltypes_sig=4 (+0.29),literature tier 1 (label)
251,ITGAV,OPC_GABA_like_tumor,IDH_WT,tumor,0.0,0.0,0.0,0.0,,,0.0,0.0,0.0,0.0,,0.0,2.0,0.0,14.0,13.0,1.0,0.0204651750303783,0.007934104333780162,0.0,3.0,7.0,5.0,14.0,0.8571428571428571,39,0,1,3,3,6741,14114,5040,1935,1935,0,0.0,0,0,1.0,1.0,2.0,0.0,2,,,,,0,0.5250512678138041,0.10261907095272887,cc_n_cells_e1=6.74e+03 (+0.23); llm_mention_rate=1 (+0.23); cc_n_partners=7 (+0.14),novel
252,TYROBP,T cell,IDH_WT,T_cell,1.0,1.2607220385718412,1.2607220385718412,32.24922802084761,0.453,0.234,0.219,1.0,1.0,1.0,1.703711589095218,1.0,5.0,0.0,0.0,0.0,0.0,0.0,0.0,,0.0,0.0,0.0,0.0,,57,0,1,2,2,2662,1463,1681,1118,1118,0,0.0,0,0,1.0,1.0,4.5,0.0,2,2.0,TAM_microglia,myeloid_bridge,TREM2 adaptor (pathway-level),0,0.5249732415194036,0.12250639280612977,cc_edges_total=57 (+0.89); deg_pooled_log2fc=1.7 (+0.44); llm_mention_rate=1 (+0.22),"literature gene, other compartment"
253,CLSTN1,cycling_tumor,IDH_WT,tumor,1.0,0.3741938401972891,0.3741938401972891,42.137859847371836,0.314,0.101,0.213,1.0,0.0,0.0,0.3377777166282039,1.0,2.0,0.0,6.0,6.0,0.0,0.0084269247922976,0.002734139854995377,0.0,1.0,4.0,0.0,6.0,1.0,12,0,1,1,2,6410,814,5847,663,663,0,1.0,0,1,0.5,0.5,3.0,0.5,2,,,,,0,0.5234281908848015,0.044140945229452125,llm_ctx_mention_rate=0.5 (+0.26); cc_n_cells_e1=6.41e+03 (+0.21); llm_mention_rate=0.5 (+0.21),novel
254,PPIA,AC_like_tumor,IDH_Mutant,tumor,0.0,0.0,0.0,0.0,,,0.0,0.0,0.0,0.0,,0.0,1.0,9.0,0.0,4.0,5.0,0.1186820423196334,0.04821918900484511,0.01,1.0,4.0,0.0,9.0,-0.1111111111111111,56,1,0,1,7,72549,446,4249,283,283,0,-0.0,1,0,0.5,0.5,0.5,0.5,2,,,,,0,0.5224770026396198,0.14730449285107397,cc_edges_total=56 (+0.57); cc_n_cells_e1=7.25e+04 (+0.22); llm_mention_rate=0.5 (+0.12),novel
255,NRCAM,OPC_GABA_AC_like_tumor,IDH_WT,tumor,0.0,0.0,0.0,0.0,,,0.0,0.0,0.0,0.0,,0.0,1.0,0.0,2.0,2.0,0.0,0.0028041239019692,0.00273160202415355,0.0,1.0,2.0,0.0,2.0,1.0,12,0,1,1,4,6202,1012,5384,171,171,0,0.0,0,0,1.0,1.0,3.0,0.0,2,,,,,0,0.5208011190407446,0.12275915965724622,cc_n_partners=2 (+0.41); llm_mention_rate=1 (+0.27); cc_n_cells_e1=6.2e+03 (+0.21),novel
256,GRIA3,TAM1/TAM2/microglia,IDH_WT,TAM_microglia,0.0,0.0,0.0,0.0,,,0.0,0.0,0.0,0.0,,0.0,1.0,0.0,0.0,0.0,0.0,0.0,0.0,,0.0,0.0,0.0,0.0,,6,0,1,1,2,12086,25922,9696,2745,2745,0,0.0,0,0,1.0,1.0,1.0,1.0,2,2.0,tumor,neuron_tumor,"AMPAR subunit family; Venkatesh et al., Nature 2019",0,0.5199973890973377,0.07820511301897683,llm_ctx_mention_rate=1 (+0.91); llm_mentions_per_run=1 (+0.47); llm_mention_rate=1 (+0.36),"literature gene, other compartment"
257,PPIA,cycling_tumor,IDH_Mutant,tumor,0.0,0.0,0.0,0.0,,,0.0,0.0,0.0,0.0,,0.0,1.0,10.0,0.0,5.0,5.0,0.1356608701322122,0.05412273350452988,0.0,1.0,4.0,0.0,10.0,0.0,56,1,0,1,7,6410,814,270,136,136,0,0.0,1,0,0.5,0.5,0.5,0.5,2,,,,,0,0.5182695204153325,0.15187390135273723,cc_edges_total=56 (+0.57); cc_n_cells_e1=6.41e+03 (+0.23); llm_mention_rate=0.5 (+0.12),novel
258,DLL3,cycling_tumor,IDH_WT,tumor,1.0,5.320873161724935,5.320873161724935,300.0,0.587,0.016,0.571,1.0,1.0,1.0,5.0483654431734255,1.0,4.0,2.0,0.0,2.0,0.0,0.0053419001169697,0.00480623530933965,0.0,1.0,2.0,0.0,2.0,1.0,8,1,0,1,4,6410,814,5847,663,663,0,1.0,0,1,0.0,0.0,0.0,0.0,2,1.0,tumor,growth,"Spino et al., Clin Cancer Res 2019 (IDH-mutant glioma)",1,0.5175241287258018,0.052720443378887295,deg_pooled_log2fc=5.05 (+0.85); cc_n_partners=2 (+0.53); deg_n_celltypes_sig=4 (+0.29),literature tier 1 (label)
259,TREM2,cycling_tumor,IDH_Mutant,tumor,1.0,-5.887620041796613,5.887620041796613,8.05588985656043,0.051,0.378,-0.327,-1.0,1.0,1.0,-6.42350936441021,1.0,1.0,0.0,0.0,0.0,0.0,0.0,0.0,,0.0,0.0,0.0,0.0,,57,0,1,2,2,6410,814,270,136,136,0,-0.0,1,0,1.0,1.0,4.5,0.0,2,2.0,TAM_microglia,myeloid_bridge,TAM marker (pathway-level),0,0.5174189892516798,0.10637942163863669,cc_edges_total=57 (+1.00); cc_n_cells_e1=6.41e+03 (+0.23); llm_mention_rate=1 (+0.21),"literature gene, other compartment"
260,KLRB1,T cell,IDH_WT,T_cell,0.0,0.0,0.0,0.0,,,0.0,0.0,0.0,0.0,,0.0,0.0,0.0,14.0,7.0,7.0,0.0319079660883083,0.010231129628040679,0.0,1.0,2.0,4.0,14.0,0.0,14,0,1,1,1,2662,1463,1681,1118,1118,0,0.0,0,0,1.0,1.0,7.0,1.0,2,1.0,T_cell,immune_synapse,"Mathewson et al., Cell 2021",1,0.5170764031990526,0.10560620479386619,llm_ctx_mention_rate=1 (+0.99); cc_n_partners=2 (+0.47); llm_mentions_per_run=7 (+0.34),literature tier 1 (label)
261,PPIA,OPC_GABA_AC_like_tumor,IDH_Mutant,tumor,0.0,0.0,0.0,0.0,,,0.0,0.0,0.0,0.0,,0.0,1.0,10.0,0.0,5.0,5.0,0.1265256391696476,0.04804807287943773,0.04,1.0,4.0,0.0,10.0,0.0,56,1,0,1,7,6202,1012,352,742,352,0,0.0,1,0,0.5,0.5,0.5,0.5,2,,,,,0,0.5163581123389713,0.15155333741427957,cc_edges_total=56 (+0.57); cc_n_cells_e1=6.2e+03 (+0.23); llm_mention_rate=0.5 (+0.12),novel
262,MRC1,TAM1/TAM2/microglia,IDH_Mutant,TAM_microglia,0.0,0.0,0.0,0.0,,,0.0,0.0,0.0,0.0,,0.0,0.0,0.0,4.0,4.0,0.0,0.0190396652672054,0.014954905079611875,0.0,1.0,2.0,2.0,4.0,1.0,4,0,1,1,1,12086,25922,2106,21701,2106,0,0.0,1,0,0.0,0.0,0.0,0.0,2,,,,,0,0.5148696656935388,0.13137956996181704,deg_n_celltypes_sig=0 (+0.47); cc_n_partners=2 (+0.44); cc_n_cells_e1=1.21e+04 (+0.18),novel
263,MIF,AC_like_tumor,IDH_Mutant,tumor,1.0,0.5947941119482809,0.5947941119482809,3.026633942473719,0.463,0.297,0.16600000000000004,1.0,0.0,0.0,,0.0,4.0,12.0,0.0,6.0,6.0,0.0301326100099938,0.01579069311718281,0.0,1.0,2.0,12.0,12.0,0.0,66,1,0,1,6,72549,446,4249,283,283,0,0.0,1,1,0.5,0.5,1.5,0.0,2,1.0,tumor,myeloid_bridge,"Ghoochani et al., Oncotarget 2016",1,0.5113999489344299,0.12298584833750914,cc_edges_total=66 (+0.80); llm_mentions_per_run=1.5 (+0.45); cc_n_partners=2 (+0.42),literature tier 1 (label)
264,PPIA,AC_like_tumor,IDH_WT,tumor,0.0,0.0,0.0,0.0,,,0.0,0.0,0.0,0.0,,0.0,2.0,9.0,0.0,4.0,5.0,0.1186820423196334,0.04821918900484511,0.01,1.0,4.0,0.0,9.0,-0.1111111111111111,56,1,0,1,7,72549,446,64812,108,108,0,-0.0,0,0,0.5,0.5,0.5,0.5,2,,,,,0,0.5113253448434613,0.1533465219814544,cc_edges_total=56 (+0.58); cc_n_cells_e1=7.25e+04 (+0.23); llm_mention_rate=0.5 (+0.13),novel
265,SLC1A3,cycling_tumor,IDH_Mutant,tumor,0.0,0.0,0.0,0.0,,,0.0,0.0,0.0,0.0,,0.0,3.0,13.0,0.0,13.0,0.0,0.0180971001094363,0.004356891598256588,0.0,1.0,4.0,0.0,13.0,1.0,26,1,0,1,2,6410,814,270,136,136,0,0.0,1,0,0.0,0.0,0.0,0.0,2,,,,,0,0.5112053687772888,0.0697486538812494,cc_n_cells_e1=6.41e+03 (+0.23); cc_n_partners=4 (+0.17); cc_n_celltypes_total=2 (+0.09),novel
266,PPIA,cycling_tumor,IDH_WT,tumor,0.0,0.0,0.0,0.0,,,0.0,0.0,0.0,0.0,,0.0,2.0,10.0,0.0,5.0,5.0,0.1356608701322122,0.05412273350452988,0.0,1.0,4.0,0.0,10.0,0.0,56,1,0,1,7,6410,814,5847,663,663,0,0.0,0,0,0.5,0.5,0.5,0.5,2,,,,,0,0.5099390838750166,0.15427924510106988,cc_edges_total=56 (+0.58); cc_n_cells_e1=6.41e+03 (+0.24); llm_mention_rate=0.5 (+0.13),novel
267,DLL3,OPC_GABA_AC_like_tumor,IDH_WT,tumor,1.0,4.580287125563434,4.580287125563434,146.18534377114162,0.509,0.044,0.465,1.0,1.0,1.0,3.733594881806671,1.0,4.0,2.0,0.0,2.0,0.0,0.0089272829550743,0.0080346715704097,0.0,1.0,2.0,0.0,2.0,1.0,8,1,0,1,4,6202,1012,5384,171,171,0,1.0,0,1,0.0,0.0,0.0,0.0,2,1.0,tumor,growth,"Spino et al., Clin Cancer Res 2019 (IDH-mutant glioma)",1,0.5098154100843717,0.08404065815754873,deg_pooled_log2fc=3.73 (+0.87); cc_n_partners=2 (+0.54); deg_n_celltypes_sig=4 (+0.29),literature tier 1 (label)
268,HLA-DRA,AC_like_tumor,IDH_WT,tumor,1.0,-2.9185997793086567,2.9185997793086567,8.45303885621402,0.139,0.491,-0.352,-1.0,1.0,1.0,-2.076948134283445,1.0,5.0,4.0,0.0,2.0,2.0,0.0076760484327047,0.002627653342575854,0.0,1.0,1.0,4.0,4.0,0.0,20,1,0,1,7,72549,446,64812,108,108,0,-0.0,0,1,1.0,1.0,41.0,1.0,2,2.0,TAM_microglia,immune_synapse,MHC-II antigen presentation (pathway-level),0,0.5096667164519209,0.06611374273123133,llm_ctx_mention_rate=1 (+0.91); cc_edges_total=20 (+0.30); llm_mention_rate=1 (+0.23),"literature gene, other compartment"
269,PPIA,OPC_GABA_AC_like_tumor,IDH_WT,tumor,0.0,0.0,0.0,0.0,,,0.0,0.0,0.0,0.0,,0.0,2.0,10.0,0.0,5.0,5.0,0.1265256391696476,0.04804807287943773,0.04,1.0,4.0,0.0,10.0,0.0,56,1,0,1,7,6202,1012,5384,171,171,0,0.0,0,0,0.5,0.5,0.5,0.5,2,,,,,0,0.5081010292840855,0.15388996646416217,cc_edges_total=56 (+0.58); cc_n_cells_e1=6.2e+03 (+0.24); llm_mention_rate=0.5 (+0.13),novel
270,PTGER4,OPC_GABA_like_tumor,IDH_Mutant,tumor,0.0,0.0,0.0,0.0,,,0.0,0.0,0.0,0.0,,0.0,0.0,0.0,0.0,0.0,0.0,0.0,0.0,,0.0,0.0,0.0,0.0,,14,0,1,1,1,6741,14114,1658,11741,1658,0,0.0,1,0,0.0,0.0,0.0,0.0,2,,,,,0,0.5080752605575825,0.14413884881606126,deg_n_celltypes_sig=0 (+0.33); cc_edges_total=14 (+0.30); cc_n_cells_e1=6.74e+03 (+0.21),novel
271,EGFR,OPC_GABA_like_tumor,IDH_WT,tumor,1.0,-4.810347400142153,4.810347400142153,300.0,0.239,0.664,-0.42500000000000004,-1.0,1.0,0.0,-2.881688130255577,1.0,3.0,0.0,4.0,2.0,2.0,0.0324842206972956,0.01927997356641785,0.0,1.0,2.0,4.0,4.0,0.0,14,0,1,1,4,6741,14114,5040,1935,1935,0,-0.0,0,1,1.0,1.0,10.5,1.0,2,1.0,tumor,growth,"Brennan et al., Cell 2013 (TCGA GBM)",1,0.5073719041390045,0.10888813614578907,llm_ctx_mention_rate=1 (+1.06); cc_n_partners=2 (+0.50); cc_edges_total=14 (+0.33),literature tier 1 (label)
272,PPIA,OPC_GABA_like_tumor,IDH_WT,tumor,0.0,0.0,0.0,0.0,,,0.0,0.0,0.0,0.0,,0.0,2.0,9.0,0.0,4.0,5.0,0.1147245041987962,0.04667047362903969,0.04,1.0,4.0,0.0,9.0,-0.1111111111111111,56,1,0,1,7,6741,14114,5040,1935,1935,0,-0.0,0,0,0.5,0.5,0.5,0.5,2,,,,,0,0.5070681901924722,0.1591638887838732,cc_edges_total=56 (+0.58); cc_n_cells_e1=6.74e+03 (+0.23); llm_mention_rate=0.5 (+0.13),novel
273,DLL3,OPC_GABA_like_tumor,IDH_Mutant,tumor,1.0,2.934704346904793,2.934704346904793,300.0,0.769,0.133,0.636,1.0,1.0,1.0,4.047193945889483,1.0,4.0,2.0,0.0,2.0,0.0,0.0102880806075418,0.00926053756614685,0.0,1.0,2.0,0.0,2.0,1.0,8,1,0,1,4,6741,14114,1658,11741,1658,0,1.0,1,1,0.0,0.0,0.0,0.0,2,1.0,tumor,growth,"Spino et al., Clin Cancer Res 2019 (IDH-mutant glioma)",1,0.5055636411944825,0.06878494426324012,deg_pooled_log2fc=4.05 (+0.86); cc_n_partners=2 (+0.55); deg_n_celltypes_sig=4 (+0.30),literature tier 1 (label)
274,ADORA3,OPC_GABA_like_tumor,IDH_Mutant,tumor,0.0,0.0,0.0,0.0,,,0.0,0.0,0.0,0.0,,0.0,0.0,0.0,0.0,0.0,0.0,0.0,0.0,,0.0,0.0,0.0,0.0,,1,1,0,1,1,6741,14114,1658,11741,1658,0,0.0,1,0,0.0,0.0,0.0,0.0,2,,,,,0,0.505364969327705,0.024527528094316426,deg_n_celltypes_sig=0 (+0.64); cc_n_cells_e1=6.74e+03 (+0.19); cc_edges_total=1 (+0.12),novel
275,DLL3,cycling_tumor,IDH_Mutant,tumor,1.0,4.335342191136341,4.335342191136341,22.566148752467672,0.485,0.037,0.448,1.0,1.0,1.0,5.0483654431734255,1.0,4.0,2.0,0.0,2.0,0.0,0.0053419001169697,0.00480623530933965,0.0,1.0,2.0,0.0,2.0,1.0,8,1,0,1,4,6410,814,270,136,136,0,1.0,1,1,0.0,0.0,0.0,0.0,2,1.0,tumor,growth,"Spino et al., Clin Cancer Res 2019 (IDH-mutant glioma)",1,0.5024992648764128,0.07122279090150356,deg_pooled_log2fc=5.05 (+0.86); cc_n_partners=2 (+0.54); deg_n_celltypes_sig=4 (+0.30),literature tier 1 (label)
276,DAG1,TAM1/TAM2/microglia,IDH_WT,TAM_microglia,0.0,0.0,0.0,0.0,,,0.0,0.0,0.0,0.0,,0.0,1.0,0.0,0.0,0.0,0.0,0.0,0.0,,0.0,0.0,0.0,0.0,,6,0,1,1,1,12086,25922,9696,2745,2745,0,0.0,0,0,0.5,0.5,1.5,0.0,2,,,,,0,0.501351728940455,0.1397227160863666,llm_mentions_per_run=1.5 (+0.49); llm_mention_rate=0.5 (+0.33); cc_n_cells_e1=1.21e+04 (+0.20),novel
277,THY1,AC_like_tumor,IDH_WT,tumor,1.0,2.52139659583966,2.52139659583966,2.4490698577526384,0.139,0.04,0.099,1.0,1.0,1.0,2.3596125280247646,1.0,4.0,0.0,0.0,0.0,0.0,0.0,0.0,,0.0,0.0,0.0,0.0,,2,1,0,1,2,72549,446,64812,108,108,0,0.0,0,0,0.0,0.0,0.0,0.0,2,,,,,0,0.5005401549173556,0.08552339981044009,deg_pooled_log2fc=2.36 (+0.47); cc_n_cells_e1=7.25e+04 (+0.21); deg_n_celltypes_sig=4 (+0.21),novel
278,MIF,cycling_tumor,IDH_Mutant,tumor,1.0,0.4621335145429552,0.4621335145429552,4.692467784437853,0.662,0.259,0.403,1.0,0.0,0.0,,0.0,4.0,12.0,0.0,6.0,6.0,0.0917041673934359,0.03640828598905308,0.0,1.0,2.0,12.0,12.0,0.0,66,1,0,1,6,6410,814,270,136,136,0,0.0,1,1,0.5,0.5,1.5,0.0,2,1.0,tumor,myeloid_bridge,"Ghoochani et al., Oncotarget 2016",1,0.49984291196072317,0.13073525709807143,cc_edges_total=66 (+0.80); llm_mentions_per_run=1.5 (+0.45); cc_n_partners=2 (+0.42),literature tier 1 (label)
279,APOE,TAM1/TAM2/microglia,IDH_WT,TAM_microglia,1.0,-0.2688031221302287,0.2688031221302287,13.176939930705021,0.995,0.978,0.017000000000000015,-1.0,1.0,1.0,-0.9791405155287736,1.0,6.0,6.0,0.0,3.0,3.0,0.2392234722575476,0.20058439002568906,0.0,1.0,2.0,2.0,6.0,0.0,36,1,0,1,7,12086,25922,9696,2745,2745,0,-0.0,0,1,1.0,0.5,5.0,1.0,2,2.0,TAM_microglia,myeloid_bridge,TAM lipid program (pathway-level),1,0.4989197073492641,0.10732923364401602,llm_ctx_mention_rate=1 (+0.86); cc_n_partners=2 (+0.42); cc_n_cells_e1=1.21e+04 (+0.23),literature tier 2 (label)
280,SLC1A1,AC_like_tumor,IDH_Mutant,tumor,0.0,0.0,0.0,0.0,,,0.0,0.0,0.0,0.0,,0.0,1.0,0.0,0.0,0.0,0.0,0.0,0.0,,0.0,0.0,0.0,0.0,,13,1,0,1,1,72549,446,4249,283,283,0,0.0,1,0,0.0,0.0,0.0,0.0,2,,,,,0,0.4988438537653518,0.1492583459754209,cc_edges_total=13 (+0.55); cc_n_cells_e1=7.25e+04 (+0.21); cc_n_celltypes_total=1 (+0.12),novel
281,SLC1A3,cycling_tumor,IDH_WT,tumor,1.0,-0.340864629736845,0.340864629736845,7.475719378462074,0.558,0.312,0.24600000000000005,-1.0,0.0,0.0,-0.4057424059477996,1.0,2.0,13.0,0.0,13.0,0.0,0.0180971001094363,0.004356891598256588,0.0,1.0,4.0,0.0,13.0,1.0,26,1,0,1,2,6410,814,5847,663,663,0,-1.0,0,1,0.0,0.0,0.0,0.0,2,,,,,0,0.49847804186995043,0.08898650356987298,cc_n_cells_e1=6.41e+03 (+0.22); cc_n_partners=4 (+0.16); deg_pct_diff=0.246 (+0.12),novel
282,MIF,TAM1/TAM2/microglia,IDH_Mutant,TAM_microglia,1.0,-0.5368933237581076,0.5368933237581076,11.671983520987483,0.126,0.191,-0.065,-1.0,1.0,1.0,-2.387004410374148,1.0,4.0,6.0,0.0,0.0,6.0,0.0301801420527412,0.016768099215291734,0.0,1.0,2.0,4.0,6.0,-1.0,66,1,0,1,6,12086,25922,2106,21701,2106,0,1.0,1,1,0.5,0.5,1.5,0.5,2,1.0,tumor,myeloid_bridge,"Ghoochani et al., Oncotarget 2016",0,0.4984579858958929,0.16364555333712133,cc_edges_total=66 (+0.75); cc_n_partners=2 (+0.43); llm_mentions_per_run=1.5 (+0.40),"literature gene, other compartment"
283,CNTN1,OPC_GABA_AC_like_tumor,IDH_WT,tumor,1.0,3.2457320655466555,3.2457320655466555,52.87836963837663,0.216,0.019,0.197,1.0,0.0,0.0,1.8901011720500247,1.0,4.0,0.0,0.0,0.0,0.0,0.0,0.0,,0.0,0.0,0.0,0.0,,16,1,0,1,2,6202,1012,5384,171,171,0,0.0,0,0,1.0,0.0,4.0,0.0,2,2.0,tumor,neuron_tumor,Synaptic adhesion (pathway-level),1,0.4983881733895865,0.08276686483033521,cc_edges_total=16 (+0.55); deg_pooled_log2fc=1.89 (+0.48); llm_mention_rate=1 (+0.26),literature tier 2 (label)
284,MIF,OPC_GABA_like_tumor,IDH_Mutant,tumor,1.0,0.4138481077866298,0.4138481077866298,19.995133091697035,0.623,0.507,0.11599999999999999,1.0,1.0,1.0,0.3824996223615886,1.0,4.0,12.0,0.0,6.0,6.0,0.07070325655545,0.027424934791117333,0.0,1.0,2.0,12.0,12.0,0.0,66,1,0,1,6,6741,14114,1658,11741,1658,0,0.0,1,1,0.5,0.5,1.5,0.0,2,1.0,tumor,myeloid_bridge,"Ghoochani et al., Oncotarget 2016",1,0.4966353254606384,0.14774625093833865,cc_edges_total=66 (+0.83); llm_mentions_per_run=1.5 (+0.45); cc_n_partners=2 (+0.44),literature tier 1 (label)
285,TREM2,cycling_tumor,IDH_WT,tumor,1.0,-6.7851625968802,6.7851625968802,36.551837621686865,0.012,0.24,-0.22799999999999998,-1.0,1.0,1.0,-6.42350936441021,1.0,2.0,0.0,0.0,0.0,0.0,0.0,0.0,,0.0,0.0,0.0,0.0,,57,0,1,2,2,6410,814,5847,663,663,0,-0.0,0,0,1.0,1.0,4.5,0.0,2,2.0,TAM_microglia,myeloid_bridge,TAM marker (pathway-level),0,0.49561572633992645,0.12369309949746261,cc_edges_total=57 (+1.02); cc_n_cells_e1=6.41e+03 (+0.24); llm_mention_rate=1 (+0.22),"literature gene, other compartment"
286,GRIA3,TAM1/TAM2/microglia,IDH_Mutant,TAM_microglia,0.0,0.0,0.0,0.0,,,0.0,0.0,0.0,0.0,,0.0,2.0,0.0,0.0,0.0,0.0,0.0,0.0,,0.0,0.0,0.0,0.0,,6,0,1,1,2,12086,25922,2106,21701,2106,0,0.0,1,0,1.0,1.0,1.0,1.0,2,2.0,tumor,neuron_tumor,"AMPAR subunit family; Venkatesh et al., Nature 2019",0,0.49462711339810017,0.10582236196264393,llm_ctx_mention_rate=1 (+0.91); llm_mentions_per_run=1 (+0.48); llm_mention_rate=1 (+0.36),"literature gene, other compartment"
287,SLC1A1,OPC_GABA_AC_like_tumor,IDH_Mutant,tumor,0.0,0.0,0.0,0.0,,,0.0,0.0,0.0,0.0,,0.0,1.0,0.0,0.0,0.0,0.0,0.0,0.0,,0.0,0.0,0.0,0.0,,13,1,0,1,1,6202,1012,352,742,352,0,0.0,1,0,0.0,0.0,0.0,0.0,2,,,,,0,0.49426530162205173,0.14727743358135426,cc_edges_total=13 (+0.55); cc_n_cells_e1=6.2e+03 (+0.21); cc_n_celltypes_total=1 (+0.12),novel
288,SPP1,cycling_tumor,IDH_WT,tumor,1.0,-5.034519235889427,5.034519235889427,122.415346717611,0.327,0.689,-0.36199999999999993,-1.0,1.0,1.0,-5.147553036495236,1.0,4.0,10.0,0.0,5.0,5.0,0.0364060099743201,0.012435470878227977,0.0,1.0,4.0,6.0,10.0,0.0,55,1,0,1,7,6410,814,5847,663,663,0,-0.0,0,1,0.5,0.0,1.5,0.0,2,1.0,TAM_microglia,myeloid_bridge,"Wei et al., J Clin Invest 2019",0,0.49415098443460526,0.13152769188355495,cc_edges_total=55 (+0.71); llm_mentions_per_run=1.5 (+0.38); cc_n_cells_e1=6.41e+03 (+0.24),"literature gene, other compartment"
289,SLC1A1,OPC_GABA_like_tumor,IDH_WT,tumor,1.0,1.0278539750876812,1.0278539750876812,157.27479345786205,0.344,0.073,0.27099999999999996,1.0,1.0,1.0,0.7993808583361037,1.0,2.0,0.0,0.0,0.0,0.0,0.0,0.0,,0.0,0.0,0.0,0.0,,13,1,0,1,1,6741,14114,5040,1935,1935,0,0.0,0,0,0.0,0.0,0.0,0.0,2,,,,,0,0.4939829293040079,0.10063027290658055,cc_edges_total=13 (+0.56); cc_n_cells_e1=6.74e+03 (+0.21); deg_pct_diff=0.271 (+0.12),novel
290,SPP1,AC_like_tumor,IDH_WT,tumor,1.0,-2.2244099767214216,2.2244099767214216,8.994884358375353,0.269,0.606,-0.33699999999999997,-1.0,0.0,0.0,-1.854419222143243,1.0,4.0,10.0,0.0,5.0,5.0,0.0305221727622704,0.01142515717792402,0.0,1.0,4.0,6.0,10.0,0.0,55,1,0,1,7,72549,446,64812,108,108,0,-0.0,0,1,0.5,0.0,1.5,0.0,2,1.0,TAM_microglia,myeloid_bridge,"Wei et al., J Clin Invest 2019",0,0.49347956894180534,0.12088519241750817,cc_edges_total=55 (+0.71); llm_mentions_per_run=1.5 (+0.39); cc_n_cells_e1=7.25e+04 (+0.24),"literature gene, other compartment"
291,CD74,cycling_tumor,IDH_Mutant,tumor,1.0,-5.536727835775332,5.536727835775332,28.934841700234518,0.162,0.752,-0.59,-1.0,1.0,1.0,-5.927962019903013,1.0,4.0,0.0,7.0,0.0,7.0,0.0612864457630957,0.03553958875203499,0.0,1.0,4.0,0.0,7.0,-1.0,109,0,1,2,6,6410,814,270,136,136,0,1.0,1,1,0.0,0.0,0.0,0.0,2,1.0,TAM_microglia,myeloid_bridge,"Ghoochani et al., Oncotarget 2016",0,0.4923501086670715,0.06505956750686905,cc_edges_total=109 (+1.01); cc_n_cells_e1=6.41e+03 (+0.22); deg_n_celltypes_sig=4 (+0.18),"literature gene, other compartment"
292,MPZL1,TAM1/TAM2/microglia,IDH_WT,TAM_microglia,1.0,0.5439794830751375,0.5439794830751375,13.78804312919027,0.198,0.13,0.068,1.0,1.0,1.0,0.9956801272371408,1.0,4.0,2.0,2.0,4.0,0.0,0.0020758691199662,0.0019566982996453,0.0,1.0,2.0,2.0,4.0,1.0,8,1,1,1,2,12086,25922,9696,2745,2745,0,1.0,0,1,0.0,0.0,0.0,0.0,2,,,,,0,0.4896389596255563,0.09803789758555992,cc_n_partners=2 (+0.53); deg_n_celltypes_sig=4 (+0.22); cc_n_cells_e1=1.21e+04 (+0.21),novel
293,SPP1,cycling_tumor,IDH_Mutant,tumor,1.0,-6.361783731764467,6.361783731764467,19.630313068343398,0.132,0.626,-0.494,-1.0,1.0,1.0,-5.147553036495236,1.0,4.0,10.0,0.0,5.0,5.0,0.0364060099743201,0.012435470878227977,0.0,1.0,4.0,6.0,10.0,0.0,55,1,0,1,7,6410,814,270,136,136,0,-0.0,1,1,0.5,0.0,1.5,0.0,2,1.0,TAM_microglia,myeloid_bridge,"Wei et al., J Clin Invest 2019",0,0.4890587902504403,0.12710010956709952,cc_edges_total=55 (+0.71); llm_mentions_per_run=1.5 (+0.38); cc_n_cells_e1=6.41e+03 (+0.24),"literature gene, other compartment"
294,CD74,AC_like_tumor,IDH_WT,tumor,1.0,-2.534226072156967,2.534226072156967,2.836070694942039,0.157,0.389,-0.232,-1.0,0.0,0.0,-1.6785643130973755,1.0,5.0,0.0,6.0,0.0,6.0,0.0223694210384319,0.013996717026047665,0.04,1.0,4.0,0.0,6.0,-1.0,109,0,1,2,6,72549,446,64812,108,108,0,1.0,0,1,0.0,0.0,0.0,0.0,2,1.0,TAM_microglia,myeloid_bridge,"Ghoochani et al., Oncotarget 2016",0,0.4887048107884994,0.06644822237697852,cc_edges_total=109 (+1.01); cc_n_cells_e1=7.25e+04 (+0.22); deg_n_celltypes_sig=5 (+0.16),"literature gene, other compartment"
295,SLC1A1,cycling_tumor,IDH_Mutant,tumor,0.0,0.0,0.0,0.0,,,0.0,0.0,0.0,0.0,,0.0,1.0,13.0,0.0,13.0,0.0,0.0085000406509992,0.002037173081619591,0.0,1.0,4.0,0.0,13.0,1.0,13,1,0,1,1,6410,814,270,136,136,0,0.0,1,0,0.0,0.0,0.0,0.0,2,,,,,0,0.4881722147572152,0.1460701252229472,cc_edges_total=13 (+0.54); cc_n_cells_e1=6.41e+03 (+0.20); cc_n_partners=4 (+0.10),novel
296,DLL3,AC_like_tumor,IDH_WT,tumor,1.0,4.882733549903664,4.882733549903664,75.67565799261446,0.222,0.013,0.209,1.0,1.0,1.0,5.406757172021811,1.0,4.0,2.0,0.0,2.0,0.0,0.0036567591714335,0.0032895772168579,0.0,1.0,2.0,0.0,2.0,1.0,8,1,0,1,4,72549,446,64812,108,108,0,1.0,0,1,0.0,0.0,0.0,0.0,2,1.0,tumor,growth,"Spino et al., Clin Cancer Res 2019 (IDH-mutant glioma)",1,0.4873384331345987,0.05926671294746327,deg_pooled_log2fc=5.41 (+0.85); cc_n_partners=2 (+0.54); deg_n_celltypes_sig=4 (+0.29),literature tier 1 (label)
297,THY1,OPC_GABA_AC_like_tumor,IDH_WT,tumor,1.0,2.818797499216989,2.818797499216989,43.1572602022785,0.263,0.035,0.228,1.0,0.0,0.0,2.061025788677575,1.0,4.0,0.0,0.0,0.0,0.0,0.0,0.0,,0.0,0.0,0.0,0.0,,2,1,0,1,2,6202,1012,5384,171,171,0,0.0,0,0,0.0,0.0,0.0,0.0,2,,,,,0,0.48674397084259696,0.0871401173581158,deg_pooled_log2fc=2.06 (+0.47); cc_n_cells_e1=6.2e+03 (+0.21); deg_n_celltypes_sig=4 (+0.21),novel
298,SLITRK2,cycling_tumor,IDH_Mutant,tumor,1.0,5.80559623923372,5.80559623923372,8.628322959583064,0.206,0.004,0.20199999999999999,1.0,1.0,1.0,2.4674687064605023,1.0,1.0,1.0,0.0,1.0,0.0,0.0011930593981233,0.0011930593981233,0.0,1.0,1.0,0.0,1.0,1.0,1,1,0,1,1,6410,814,270,136,136,0,1.0,1,1,0.0,0.0,0.0,0.0,2,,,,,0,0.4866965630642442,0.0786789574125309,deg_pooled_log2fc=2.47 (+0.41); cc_n_cells_e1=6.41e+03 (+0.18); deg_pct_diff=0.202 (+0.09),novel
299,CD74,cycling_tumor,IDH_WT,tumor,1.0,-6.387483746847463,6.387483746847463,121.72889883276908,0.057,0.56,-0.503,-1.0,1.0,1.0,-5.927962019903013,1.0,5.0,0.0,7.0,0.0,7.0,0.0612864457630957,0.03553958875203499,0.0,1.0,4.0,0.0,7.0,-1.0,109,0,1,2,6,6410,814,5847,663,663,0,1.0,0,1,0.0,0.0,0.0,0.0,2,1.0,TAM_microglia,myeloid_bridge,"Ghoochani et al., Oncotarget 2016",0,0.4853239054917142,0.0701264631020861,cc_edges_total=109 (+1.01); cc_n_cells_e1=6.41e+03 (+0.22); deg_n_celltypes_sig=5 (+0.18),"literature gene, other compartment"
300,DAG1,TAM1/TAM2/microglia,IDH_Mutant,TAM_microglia,0.0,0.0,0.0,0.0,,,0.0,0.0,0.0,0.0,,0.0,2.0,0.0,0.0,0.0,0.0,0.0,0.0,,0.0,0.0,0.0,0.0,,6,0,1,1,1,12086,25922,2106,21701,2106,0,0.0,1,0,0.5,0.5,1.5,0.0,2,,,,,0,0.48341343522928726,0.13796805139434232,llm_mentions_per_run=1.5 (+0.50); llm_mention_rate=0.5 (+0.33); cc_n_cells_e1=1.21e+04 (+0.21),novel
301,GRIK2,OPC_GABA_AC_like_tumor,IDH_Mutant,tumor,0.0,0.0,0.0,0.0,,,0.0,0.0,0.0,0.0,,0.0,3.0,0.0,0.0,0.0,0.0,0.0,0.0,,0.0,0.0,0.0,0.0,,6,0,1,1,2,6202,1012,352,742,352,0,0.0,1,0,0.5,0.5,0.5,0.5,2,,,,,0,0.48065391947234204,0.14187961294062046,llm_mention_rate=0.5 (+0.28); llm_ctx_mention_rate=0.5 (+0.27); cc_n_cells_e1=6.2e+03 (+0.22),novel
302,GRIK2,AC_like_tumor,IDH_WT,tumor,0.0,0.0,0.0,0.0,,,0.0,0.0,0.0,0.0,,0.0,2.0,0.0,0.0,0.0,0.0,0.0,0.0,,0.0,0.0,0.0,0.0,,6,0,1,1,2,72549,446,64812,108,108,0,0.0,0,0,0.5,0.5,0.5,0.5,2,,,,,0,0.47953463121042894,0.13741749494837238,llm_mention_rate=0.5 (+0.28); llm_ctx_mention_rate=0.5 (+0.27); cc_n_cells_e1=7.25e+04 (+0.22),novel
303,GRIK2,OPC_GABA_AC_like_tumor,IDH_WT,tumor,0.0,0.0,0.0,0.0,,,0.0,0.0,0.0,0.0,,0.0,2.0,0.0,0.0,0.0,0.0,0.0,0.0,,0.0,0.0,0.0,0.0,,6,0,1,1,2,6202,1012,5384,171,171,0,0.0,0,0,0.5,0.5,0.5,0.5,2,,,,,0,0.47953463121042894,0.13741749494837238,llm_mention_rate=0.5 (+0.28); llm_ctx_mention_rate=0.5 (+0.27); cc_n_cells_e1=6.2e+03 (+0.22),novel
304,DLL3,OPC_GABA_AC_like_tumor,IDH_Mutant,tumor,1.0,1.6916183380530057,1.6916183380530057,17.69848372220046,0.567,0.247,0.31999999999999995,1.0,1.0,1.0,3.733594881806671,1.0,4.0,2.0,0.0,2.0,0.0,0.0089272829550743,0.0080346715704097,0.0,1.0,2.0,0.0,2.0,1.0,8,1,0,1,4,6202,1012,352,742,352,0,1.0,1,1,0.0,0.0,0.0,0.0,2,1.0,tumor,growth,"Spino et al., Clin Cancer Res 2019 (IDH-mutant glioma)",1,0.47946386289360865,0.09818602973314518,deg_pooled_log2fc=3.73 (+0.87); cc_n_partners=2 (+0.54); deg_n_celltypes_sig=4 (+0.29),literature tier 1 (label)
305,DLL3,AC_like_tumor,IDH_Mutant,tumor,1.0,2.840524073739076,2.840524073739076,82.25445682802959,0.491,0.101,0.39,1.0,1.0,1.0,5.406757172021811,1.0,4.0,2.0,0.0,2.0,0.0,0.0036567591714335,0.0032895772168579,0.0,1.0,2.0,0.0,2.0,1.0,8,1,0,1,4,72549,446,4249,283,283,0,1.0,1,1,0.0,0.0,0.0,0.0,2,1.0,tumor,growth,"Spino et al., Clin Cancer Res 2019 (IDH-mutant glioma)",1,0.4790868402805595,0.07364925470173236,deg_pooled_log2fc=5.41 (+0.86); cc_n_partners=2 (+0.54); deg_n_celltypes_sig=4 (+0.29),literature tier 1 (label)
306,PTGER4,TAM1/TAM2/microglia,IDH_WT,TAM_microglia,1.0,0.7164989116131302,0.7164989116131302,45.615669939247255,0.33,0.195,0.135,1.0,0.0,0.0,,0.0,2.0,0.0,14.0,14.0,0.0,0.0142202862652484,0.0057523660417539,0.0,1.0,7.0,12.0,14.0,1.0,14,0,1,1,1,12086,25922,9696,2745,2745,0,1.0,0,1,0.0,0.0,0.0,0.0,2,,,,,0,0.47872102613999595,0.16163615227644135,cc_edges_total=14 (+0.44); cc_n_partners=7 (+0.20); cc_n_cells_e1=1.21e+04 (+0.20),novel
307,NOTCH1,TAM1/TAM2/microglia,IDH_WT,TAM_microglia,0.0,0.0,0.0,0.0,,,0.0,0.0,0.0,0.0,,0.0,2.0,0.0,0.0,0.0,0.0,0.0,0.0,,0.0,0.0,0.0,0.0,,16,0,1,2,2,12086,25922,9696,2745,2745,0,0.0,0,0,0.5,0.5,1.0,0.0,2,2.0,tumor,growth,Notch pathway (pathway-level),0,0.47854734625522577,0.05445381469117399,cc_edges_total=16 (+0.51); llm_mentions_per_run=1 (+0.48); llm_mention_rate=0.5 (+0.27),"literature gene, other compartment"
308,SPP1,OPC_GABA_AC_like_tumor,IDH_Mutant,tumor,1.0,-4.330442522087505,4.330442522087505,31.423975934425094,0.035,0.295,-0.26,-1.0,1.0,1.0,-3.560459158584305,1.0,4.0,5.0,0.0,0.0,5.0,0.0112397372446153,0.0071331209569268,0.0,1.0,4.0,3.0,5.0,-1.0,55,1,0,1,7,6202,1012,352,742,352,0,1.0,1,1,0.5,0.0,1.5,0.0,2,1.0,TAM_microglia,myeloid_bridge,"Wei et al., J Clin Invest 2019",0,0.4777490615501299,0.09399508351664483,cc_edges_total=55 (+0.74); llm_mentions_per_run=1.5 (+0.35); cc_n_cells_e1=6.2e+03 (+0.23),"literature gene, other compartment"
309,CD74,OPC_GABA_like_tumor,IDH_WT,tumor,1.0,-2.952578685908728,2.952578685908728,34.839183550101225,0.067,0.188,-0.121,-1.0,1.0,1.0,-2.3041532751923843,1.0,5.0,0.0,0.0,0.0,0.0,0.0,0.0,,0.0,0.0,0.0,0.0,,109,0,1,2,6,6741,14114,5040,1935,1935,0,-0.0,0,0,0.0,0.0,0.0,0.0,2,1.0,TAM_microglia,myeloid_bridge,"Ghoochani et al., Oncotarget 2016",0,0.4751511612944291,0.12721173652785686,cc_edges_total=109 (+1.21); cc_n_cells_e1=6.74e+03 (+0.23); deg_n_celltypes_sig=5 (+0.07),"literature gene, other compartment"
310,PDGFB,TAM1/TAM2/microglia,IDH_Mutant,TAM_microglia,1.0,0.6381750604527303,0.6381750604527303,16.712892227312814,0.396,0.299,0.09700000000000003,1.0,1.0,1.0,1.5049818546076257,1.0,1.0,3.0,0.0,3.0,0.0,0.0135999473904176,0.009743488234454733,0.0,1.0,3.0,3.0,3.0,1.0,3,1,0,1,1,12086,25922,2106,21701,2106,0,1.0,1,1,0.0,0.0,0.0,0.0,2,,,,,0,0.4736089976993788,0.13765836487408034,deg_pooled_log2fc=1.5 (+0.44); cc_n_partners=3 (+0.33); cc_n_cells_e1=1.21e+04 (+0.17),novel
311,SPP1,OPC_GABA_like_tumor,IDH_WT,tumor,1.0,-1.524564223802985,1.524564223802985,15.838803479491808,0.352,0.406,-0.05400000000000005,-1.0,1.0,1.0,-3.020977670875521,1.0,4.0,5.0,0.0,0.0,5.0,0.0085137702615473,0.0053990624157255595,0.0,1.0,4.0,3.0,5.0,-1.0,55,1,0,1,7,6741,14114,5040,1935,1935,0,1.0,0,1,0.5,0.0,1.5,0.0,2,1.0,TAM_microglia,myeloid_bridge,"Wei et al., J Clin Invest 2019",0,0.4717732414878716,0.07820511014723572,cc_edges_total=55 (+0.75); llm_mentions_per_run=1.5 (+0.39); cc_n_cells_e1=6.74e+03 (+0.24),"literature gene, other compartment"
312,ITGB1,OPC_GABA_like_tumor,IDH_WT,tumor,1.0,0.4100098388857025,0.4100098388857025,88.859551487124,0.447,0.175,0.272,1.0,1.0,1.0,,0.0,2.0,0.0,12.0,12.0,0.0,0.0204651750303783,0.00902374051798539,0.0,2.0,7.0,5.0,12.0,1.0,36,0,1,2,3,6741,14114,5040,1935,1935,0,1.0,0,1,1.0,1.0,2.0,0.0,2,,,,,0,0.471092758470523,0.1540790443595007,cc_n_cells_e1=6.74e+03 (+0.22); llm_mention_rate=1 (+0.22); cc_n_partners=7 (+0.15),novel
313,PDGFB,TAM1/TAM2/microglia,IDH_WT,TAM_microglia,1.0,0.8549951478664709,0.8549951478664709,49.691500856358125,0.246,0.124,0.122,1.0,1.0,1.0,1.5049818546076257,1.0,1.0,3.0,0.0,3.0,0.0,0.0135999473904176,0.009743488234454733,0.0,1.0,3.0,3.0,3.0,1.0,3,1,0,1,1,12086,25922,9696,2745,2745,0,1.0,0,1,0.0,0.0,0.0,0.0,2,,,,,0,0.4710173985276124,0.13071606838019906,deg_pooled_log2fc=1.5 (+0.44); cc_n_partners=3 (+0.33); cc_n_cells_e1=1.21e+04 (+0.17),novel
314,PTPRD,cycling_tumor,IDH_Mutant,tumor,1.0,2.676089364051008,2.676089364051008,6.426116947992638,0.199,0.011,0.188,1.0,1.0,1.0,2.9733404170939792,1.0,1.0,0.0,0.0,0.0,0.0,0.0,0.0,,0.0,0.0,0.0,0.0,,1,0,1,1,1,6410,814,270,136,136,0,0.0,1,0,0.0,0.0,0.0,0.0,2,,,,,0,0.4705500805056612,0.09573860171277321,deg_pooled_log2fc=2.97 (+0.37); cc_n_cells_e1=6.41e+03 (+0.17); deg_pct_diff=0.188 (+0.09),novel
315,NLGN1,TAM1/TAM2/microglia,IDH_WT,TAM_microglia,0.0,0.0,0.0,0.0,,,0.0,0.0,0.0,0.0,,0.0,2.0,0.0,0.0,0.0,0.0,0.0,0.0,,0.0,0.0,0.0,0.0,,18,0,1,1,3,12086,25922,9696,2745,2745,0,0.0,0,0,1.0,1.0,9.0,0.0,2,2.0,tumor,neuron_tumor,Neuroligin family (pathway-level),0,0.4685901649059514,0.04544242411355001,cc_edges_total=18 (+0.49); llm_mention_rate=1 (+0.28); cc_n_cells_e1=1.21e+04 (+0.22),"literature gene, other compartment"
316,HLA-DPA1,TAM1/TAM2/microglia,IDH_WT,TAM_microglia,0.0,0.0,0.0,0.0,,,0.0,0.0,0.0,0.0,,0.0,5.0,4.0,0.0,2.0,2.0,0.0333971442545754,0.016534185100048025,0.0,1.0,1.0,0.0,4.0,0.0,14,1,0,1,5,12086,25922,9696,2745,2745,0,0.0,0,0,1.0,1.0,2.0,0.0,2,,,,,0,0.466405361086878,0.14450890834516159,cc_edges_total=14 (+0.27); cc_n_cells_e1=1.21e+04 (+0.25); llm_mention_rate=1 (+0.23),novel
317,NLGN1,TAM1/TAM2/microglia,IDH_Mutant,TAM_microglia,0.0,0.0,0.0,0.0,,,0.0,0.0,0.0,0.0,,0.0,2.0,0.0,0.0,0.0,0.0,0.0,0.0,,0.0,0.0,0.0,0.0,,18,0,1,1,3,12086,25922,2106,21701,2106,0,0.0,1,0,1.0,1.0,9.0,0.0,2,2.0,tumor,neuron_tumor,Neuroligin family (pathway-level),0,0.46610994911130693,0.04313562095720274,cc_edges_total=18 (+0.49); llm_mention_rate=1 (+0.28); cc_n_cells_e1=1.21e+04 (+0.22),"literature gene, other compartment"
318,CD74,OPC_GABA_like_tumor,IDH_Mutant,tumor,1.0,-2.342910580514916,2.342910580514916,52.573378704302705,0.092,0.218,-0.126,-1.0,1.0,1.0,-2.3041532751923843,1.0,4.0,0.0,0.0,0.0,0.0,0.0,0.0,,0.0,0.0,0.0,0.0,,109,0,1,2,6,6741,14114,1658,11741,1658,0,-0.0,1,0,0.0,0.0,0.0,0.0,2,1.0,TAM_microglia,myeloid_bridge,"Ghoochani et al., Oncotarget 2016",0,0.46609681085011345,0.12939374735549383,cc_edges_total=109 (+1.21); cc_n_cells_e1=6.74e+03 (+0.23); deg_n_celltypes_sig=4 (+0.08),"literature gene, other compartment"
319,GRIA3,AC_like_tumor,IDH_Mutant,tumor,1.0,0.48452149802399,0.48452149802399,1.5931581494345577,0.205,0.106,0.09899999999999999,1.0,0.0,0.0,0.728766352401378,1.0,2.0,0.0,0.0,0.0,0.0,0.0,0.0,,0.0,0.0,0.0,0.0,,6,0,1,1,2,72549,446,4249,283,283,0,0.0,1,0,1.0,1.0,1.0,0.5,2,2.0,tumor,neuron_tumor,"AMPAR subunit family; Venkatesh et al., Nature 2019",1,0.464939591787677,0.1726670692407152,llm_mentions_per_run=1 (+0.48); llm_ctx_mention_rate=0.5 (+0.40); llm_mention_rate=1 (+0.36),literature tier 2 (label)
320,CLDN11,cycling_tumor,IDH_Mutant,tumor,0.0,0.0,0.0,0.0,,,0.0,0.0,0.0,0.0,,0.0,0.0,1.0,1.0,2.0,0.0,0.0009540821944767284,0.0009540821944767284,0.0,1.0,1.0,0.0,2.0,1.0,2,1,1,1,1,6410,814,270,136,136,0,0.0,1,0,0.0,0.0,0.0,0.0,2,,,,,0,0.4647393997940884,0.14099466134309363,deg_n_celltypes_sig=0 (+0.58); cc_n_cells_e1=6.41e+03 (+0.19); cc_edges_e2=2 (+0.12),novel
321,TNF,TAM1/TAM2/microglia,IDH_Mutant,TAM_microglia,1.0,1.3132675410875527,1.3132675410875527,80.4831079865942,0.506,0.299,0.20700000000000002,1.0,1.0,1.0,1.9618168414402013,1.0,1.0,3.0,0.0,3.0,0.0,0.0066747111237441,0.005627865693459934,0.0,1.0,1.0,0.0,3.0,1.0,3,1,0,1,1,12086,25922,2106,21701,2106,0,1.0,1,1,0.0,0.0,0.0,0.0,2,,,,,0,0.4645646346820874,0.10579995472241156,deg_pooled_log2fc=1.96 (+0.48); cc_n_cells_e1=1.21e+04 (+0.18); cc_edges_e2=3 (+0.15),novel
322,LRRTM2,AC_like_tumor,IDH_Mutant,tumor,1.0,1.6209291707314872,1.6209291707314872,4.293315804316049,0.177,0.074,0.103,1.0,0.0,0.0,0.4798341793656784,1.0,3.0,0.0,0.0,0.0,0.0,0.0,0.0,,0.0,0.0,0.0,0.0,,12,0,1,1,2,72549,446,4249,283,283,0,0.0,1,0,0.5,0.5,2.0,0.5,2,,,,,0,0.46404432744777174,0.08390435810937089,llm_ctx_mention_rate=0.5 (+0.28); llm_mention_rate=0.5 (+0.26); cc_n_cells_e1=7.25e+04 (+0.22),novel
323,COL9A1,cycling_tumor,IDH_WT,tumor,1.0,4.55887403212976,4.55887403212976,300.0,0.341,0.011,0.33,1.0,0.0,0.0,4.418977772799232,1.0,2.0,5.0,0.0,5.0,0.0,0.0026257015067272,0.00177275463141162,0.0,1.0,3.0,2.0,5.0,1.0,5,1,0,1,1,6410,814,5847,663,663,0,1.0,0,1,0.0,0.0,0.0,0.0,2,,,,,0,0.46265521780089613,0.02928127989835398,deg_pooled_log2fc=4.42 (+0.51); cc_n_partners=3 (+0.42); cc_n_cells_e1=6.41e+03 (+0.18),novel
324,MRC1,AC_like_tumor,IDH_WT,tumor,0.0,0.0,0.0,0.0,,,0.0,0.0,0.0,0.0,,0.0,0.0,0.0,0.0,0.0,0.0,0.0,0.0,,0.0,0.0,0.0,0.0,,4,0,1,1,1,72549,446,64812,108,108,0,0.0,0,0,0.0,0.0,0.0,0.0,2,,,,,0,0.4611582688675423,0.11026563125643804,deg_n_celltypes_sig=0 (+0.64); cc_n_cells_e1=7.25e+04 (+0.19); cc_n_celltypes_total=1 (+0.08),novel
325,MRC1,OPC_GABA_AC_like_tumor,IDH_WT,tumor,0.0,0.0,0.0,0.0,,,0.0,0.0,0.0,0.0,,0.0,0.0,0.0,0.0,0.0,0.0,0.0,0.0,,0.0,0.0,0.0,0.0,,4,0,1,1,1,6202,1012,5384,171,171,0,0.0,0,0,0.0,0.0,0.0,0.0,2,,,,,0,0.4611582688675423,0.11026563125643804,deg_n_celltypes_sig=0 (+0.64); cc_n_cells_e1=6.2e+03 (+0.19); cc_n_celltypes_total=1 (+0.08),novel
326,GAS6,TAM1/TAM2/microglia,IDH_WT,TAM_microglia,1.0,1.0297449427302867,1.0297449427302867,51.35063053791812,0.254,0.13,0.124,1.0,1.0,1.0,1.354641382858478,1.0,1.0,2.0,0.0,2.0,0.0,0.012077162692356,0.00795189203387295,0.0,1.0,1.0,0.0,2.0,1.0,2,1,0,1,1,12086,25922,9696,2745,2745,0,1.0,0,1,0.0,0.0,0.0,0.0,2,,,,,0,0.46100829585820396,0.06171099352990773,deg_pooled_log2fc=1.35 (+0.18); cc_n_cells_e1=1.21e+04 (+0.18); cc_edges_e2=2 (+0.15),novel
327,TNF,TAM1/TAM2/microglia,IDH_WT,TAM_microglia,1.0,1.3848520706951286,1.3848520706951286,103.47837557536793,0.332,0.146,0.18600000000000003,1.0,1.0,1.0,1.9618168414402013,1.0,1.0,3.0,0.0,3.0,0.0,0.0066747111237441,0.005627865693459934,0.0,1.0,1.0,0.0,3.0,1.0,3,1,0,1,1,12086,25922,9696,2745,2745,0,1.0,0,1,0.0,0.0,0.0,0.0,2,,,,,0,0.46055939867839957,0.0987163067275119,deg_pooled_log2fc=1.96 (+0.48); cc_n_cells_e1=1.21e+04 (+0.18); cc_edges_e2=3 (+0.15),novel
328,ITGB1,cycling_tumor,IDH_WT,tumor,1.0,0.3451924412793004,0.3451924412793004,53.24341452936317,0.51,0.181,0.329,1.0,0.0,0.0,,0.0,2.0,0.0,12.0,12.0,0.0,0.029255088299547,0.01293040491931679,0.0,2.0,7.0,5.0,12.0,1.0,36,0,1,2,3,6410,814,5847,663,663,0,1.0,0,1,1.0,1.0,2.0,0.0,2,,,,,0,0.4604679462463694,0.1458325727876136,cc_n_cells_e1=6.41e+03 (+0.23); llm_mention_rate=1 (+0.22); deg_pct_diff=0.329 (+0.13),novel
329,MRC1,cycling_tumor,IDH_WT,tumor,0.0,0.0,0.0,0.0,,,0.0,0.0,0.0,0.0,,0.0,0.0,0.0,0.0,0.0,0.0,0.0,0.0,,0.0,0.0,0.0,0.0,,4,0,1,1,1,6410,814,5847,663,663,0,0.0,0,0,0.0,0.0,0.0,0.0,2,,,,,0,0.46000944483664963,0.10974098953585036,deg_n_celltypes_sig=0 (+0.64); cc_n_cells_e1=6.41e+03 (+0.19); cc_n_celltypes_total=1 (+0.08),novel
330,SPP1,OPC_GABA_like_tumor,IDH_Mutant,tumor,1.0,-2.144547480960237,2.144547480960237,17.584618427709376,0.104,0.181,-0.077,-1.0,1.0,1.0,-3.020977670875521,1.0,4.0,5.0,0.0,0.0,5.0,0.0085137702615473,0.0053990624157255595,0.0,1.0,4.0,3.0,5.0,-1.0,55,1,0,1,7,6741,14114,1658,11741,1658,0,1.0,1,1,0.5,0.0,1.5,0.0,2,1.0,TAM_microglia,myeloid_bridge,"Wei et al., J Clin Invest 2019",0,0.4590745191204209,0.07903882392377366,cc_edges_total=55 (+0.75); llm_mentions_per_run=1.5 (+0.36); cc_n_cells_e1=6.74e+03 (+0.23),"literature gene, other compartment"
331,GRIK2,TAM1/TAM2/microglia,IDH_Mutant,TAM_microglia,0.0,0.0,0.0,0.0,,,0.0,0.0,0.0,0.0,,0.0,3.0,0.0,0.0,0.0,0.0,0.0,0.0,,0.0,0.0,0.0,0.0,,6,0,1,1,2,12086,25922,2106,21701,2106,0,0.0,1,0,0.5,0.5,0.5,0.5,2,,,,,0,0.45689340825573466,0.1455539539744816,llm_mention_rate=0.5 (+0.28); llm_ctx_mention_rate=0.5 (+0.27); cc_n_cells_e1=1.21e+04 (+0.22),novel
332,ITGAV,AC_like_tumor,IDH_Mutant,tumor,0.0,0.0,0.0,0.0,,,0.0,0.0,0.0,0.0,,0.0,3.0,0.0,0.0,0.0,0.0,0.0,0.0,,0.0,0.0,0.0,0.0,,39,0,1,3,3,72549,446,4249,283,283,0,0.0,1,0,1.0,1.0,2.0,0.0,2,,,,,0,0.45675824023227574,0.09571162744454162,llm_mention_rate=1 (+0.28); cc_n_cells_e1=7.25e+04 (+0.25); llm_mentions_per_run=2 (+0.09),novel
333,ITGAV,OPC_GABA_AC_like_tumor,IDH_Mutant,tumor,0.0,0.0,0.0,0.0,,,0.0,0.0,0.0,0.0,,0.0,3.0,0.0,0.0,0.0,0.0,0.0,0.0,,0.0,0.0,0.0,0.0,,39,0,1,3,3,6202,1012,352,742,352,0,0.0,1,0,1.0,1.0,2.0,0.0,2,,,,,0,0.4562619974641671,0.09329025087654176,llm_mention_rate=1 (+0.28); cc_n_cells_e1=6.2e+03 (+0.25); llm_mentions_per_run=2 (+0.09),novel
334,GRIK2,TAM1/TAM2/microglia,IDH_WT,TAM_microglia,0.0,0.0,0.0,0.0,,,0.0,0.0,0.0,0.0,,0.0,2.0,0.0,0.0,0.0,0.0,0.0,0.0,,0.0,0.0,0.0,0.0,,6,0,1,1,2,12086,25922,9696,2745,2745,0,0.0,0,0,0.5,0.5,0.5,0.5,2,,,,,0,0.4555712555315723,0.14141914361701696,llm_mention_rate=0.5 (+0.28); llm_ctx_mention_rate=0.5 (+0.28); cc_n_cells_e1=1.21e+04 (+0.22),novel
335,MIF,OPC_GABA_AC_like_tumor,IDH_Mutant,tumor,0.0,0.0,0.0,0.0,,,0.0,0.0,0.0,0.0,,0.0,4.0,12.0,0.0,6.0,6.0,0.0397126271796259,0.020401029579696084,0.0,1.0,2.0,12.0,12.0,0.0,66,1,0,1,6,6202,1012,352,742,352,0,0.0,1,0,0.5,0.5,1.5,0.0,2,1.0,tumor,myeloid_bridge,"Ghoochani et al., Oncotarget 2016",1,0.45547568570292307,0.1079450004668915,cc_edges_total=66 (+0.81); llm_mentions_per_run=1.5 (+0.46); cc_n_partners=2 (+0.42),literature tier 1 (label)
336,CD69,cycling_tumor,IDH_Mutant,tumor,0.0,0.0,0.0,0.0,,,0.0,0.0,0.0,0.0,,0.0,1.0,0.0,0.0,0.0,0.0,0.0,0.0,,0.0,0.0,0.0,0.0,,6,1,0,1,2,6410,814,270,136,136,0,0.0,1,0,1.0,1.0,2.0,0.0,2,,,,,0,0.45545323270639504,0.09589656268001537,llm_mention_rate=1 (+0.32); cc_n_cells_e1=6.41e+03 (+0.22); llm_mentions_per_run=2 (+0.10),novel
337,CD69,AC_like_tumor,IDH_Mutant,tumor,0.0,0.0,0.0,0.0,,,0.0,0.0,0.0,0.0,,0.0,1.0,0.0,0.0,0.0,0.0,0.0,0.0,,0.0,0.0,0.0,0.0,,6,1,0,1,2,72549,446,4249,283,283,0,0.0,1,0,1.0,1.0,2.0,0.0,2,,,,,0,0.45545323270639504,0.09589656268001537,llm_mention_rate=1 (+0.32); cc_n_cells_e1=7.25e+04 (+0.22); llm_mentions_per_run=2 (+0.10),novel
338,ITGAV,OPC_GABA_AC_like_tumor,IDH_WT,tumor,0.0,0.0,0.0,0.0,,,0.0,0.0,0.0,0.0,,0.0,2.0,0.0,0.0,0.0,0.0,0.0,0.0,,0.0,0.0,0.0,0.0,,39,0,1,3,3,6202,1012,5384,171,171,0,0.0,0,0,1.0,1.0,2.0,0.0,2,,,,,0,0.4548100070565081,0.09683273226528875,llm_mention_rate=1 (+0.28); cc_n_cells_e1=6.2e+03 (+0.25); llm_mentions_per_run=2 (+0.09),novel
339,AREG,cycling_tumor,IDH_Mutant,tumor,0.0,0.0,0.0,0.0,,,0.0,0.0,0.0,0.0,,0.0,2.0,0.0,0.0,0.0,0.0,0.0,0.0,,0.0,0.0,0.0,0.0,,7,1,0,1,1,6410,814,270,136,136,0,0.0,1,0,1.0,0.5,11.5,0.5,2,,,,,0,0.45476739513777603,0.21915531199521915,llm_mention_rate=1 (+0.36); llm_ctx_mention_rate=0.5 (+0.24); llm_mentions_per_run=11.5 (+0.18),novel
340,AREG,AC_like_tumor,IDH_Mutant,tumor,0.0,0.0,0.0,0.0,,,0.0,0.0,0.0,0.0,,0.0,2.0,0.0,0.0,0.0,0.0,0.0,0.0,,0.0,0.0,0.0,0.0,,7,1,0,1,1,72549,446,4249,283,283,0,0.0,1,0,1.0,0.5,11.5,0.5,2,,,,,0,0.45476739513777603,0.21915531199521915,llm_mention_rate=1 (+0.36); llm_ctx_mention_rate=0.5 (+0.24); llm_mentions_per_run=11.5 (+0.18),novel
341,AREG,AC_like_tumor,IDH_WT,tumor,0.0,0.0,0.0,0.0,,,0.0,0.0,0.0,0.0,,0.0,2.0,0.0,0.0,0.0,0.0,0.0,0.0,,0.0,0.0,0.0,0.0,,7,1,0,1,1,72549,446,64812,108,108,0,0.0,0,0,1.0,0.5,11.5,0.5,2,,,,,0,0.45476739513777603,0.21915531199521915,llm_mention_rate=1 (+0.36); llm_ctx_mention_rate=0.5 (+0.24); llm_mentions_per_run=11.5 (+0.18),novel
342,AREG,OPC_GABA_AC_like_tumor,IDH_WT,tumor,0.0,0.0,0.0,0.0,,,0.0,0.0,0.0,0.0,,0.0,2.0,0.0,0.0,0.0,0.0,0.0,0.0,,0.0,0.0,0.0,0.0,,7,1,0,1,1,6202,1012,5384,171,171,0,0.0,0,0,1.0,0.5,11.5,0.5,2,,,,,0,0.45476739513777603,0.21915531199521915,llm_mention_rate=1 (+0.36); llm_ctx_mention_rate=0.5 (+0.24); llm_mentions_per_run=11.5 (+0.18),novel
343,ITGAV,AC_like_tumor,IDH_WT,tumor,0.0,0.0,0.0,0.0,,,0.0,0.0,0.0,0.0,,0.0,2.0,0.0,0.0,0.0,0.0,0.0,0.0,,0.0,0.0,0.0,0.0,,39,0,1,3,3,72549,446,64812,108,108,0,0.0,0,0,1.0,1.0,2.0,0.0,2,,,,,0,0.4539034523818149,0.09826323989328321,llm_mention_rate=1 (+0.28); cc_n_cells_e1=7.25e+04 (+0.25); llm_mentions_per_run=2 (+0.09),novel
344,AREG,cycling_tumor,IDH_WT,tumor,0.0,0.0,0.0,0.0,,,0.0,0.0,0.0,0.0,,0.0,2.0,0.0,0.0,0.0,0.0,0.0,0.0,,0.0,0.0,0.0,0.0,,7,1,0,1,1,6410,814,5847,663,663,0,0.0,0,0,1.0,0.5,11.5,0.5,2,,,,,0,0.45352277886460673,0.2178828799706457,llm_mention_rate=1 (+0.36); llm_ctx_mention_rate=0.5 (+0.24); llm_mentions_per_run=11.5 (+0.18),novel
345,AREG,OPC_GABA_AC_like_tumor,IDH_Mutant,tumor,0.0,0.0,0.0,0.0,,,0.0,0.0,0.0,0.0,,0.0,2.0,0.0,0.0,0.0,0.0,0.0,0.0,,0.0,0.0,0.0,0.0,,7,1,0,1,1,6202,1012,352,742,352,0,0.0,1,0,1.0,0.5,11.5,0.5,2,,,,,0,0.45352277886460673,0.2178828799706457,llm_mention_rate=1 (+0.36); llm_ctx_mention_rate=0.5 (+0.24); llm_mentions_per_run=11.5 (+0.18),novel
346,HLA-DRA,OPC_GABA_AC_like_tumor,IDH_WT,tumor,1.0,-4.562986762043151,4.562986762043151,12.262862327823234,0.041,0.352,-0.311,-1.0,1.0,1.0,-2.792402915110826,1.0,5.0,2.0,0.0,0.0,2.0,0.0062435412835112,0.0033839399211915686,0.0,1.0,1.0,2.0,2.0,-1.0,20,1,0,1,7,6202,1012,5384,171,171,0,1.0,0,1,1.0,1.0,41.0,1.0,2,2.0,TAM_microglia,immune_synapse,MHC-II antigen presentation (pathway-level),0,0.4534008664901988,0.06456892081146971,llm_ctx_mention_rate=1 (+0.89); cc_edges_total=20 (+0.31); llm_mention_rate=1 (+0.23),"literature gene, other compartment"
347,ITGB1,OPC_GABA_like_tumor,IDH_Mutant,tumor,1.0,0.4572861542023095,0.4572861542023095,2.338109442974838,0.247,0.195,0.05199999999999999,1.0,1.0,1.0,,0.0,1.0,0.0,12.0,12.0,0.0,0.0204651750303783,0.00902374051798539,0.0,2.0,7.0,5.0,12.0,1.0,36,0,1,2,3,6741,14114,1658,11741,1658,0,1.0,1,1,1.0,1.0,2.0,0.0,2,,,,,0,0.4528511924237167,0.16928030557814672,llm_mention_rate=1 (+0.22); cc_n_cells_e1=6.74e+03 (+0.22); deg_pct_e1=0.195 (+0.08),novel
348,CD69,OPC_GABA_AC_like_tumor,IDH_Mutant,tumor,0.0,0.0,0.0,0.0,,,0.0,0.0,0.0,0.0,,0.0,1.0,0.0,0.0,0.0,0.0,0.0,0.0,,0.0,0.0,0.0,0.0,,6,1,0,1,2,6202,1012,352,742,352,0,0.0,1,0,1.0,1.0,2.0,0.0,2,,,,,0,0.4523059575296421,0.09560216519381089,llm_mention_rate=1 (+0.32); cc_n_cells_e1=6.2e+03 (+0.22); llm_mentions_per_run=2 (+0.10),novel
349,ITGAV,OPC_GABA_like_tumor,IDH_Mutant,tumor,1.0,-0.9361237616918576,0.9361237616918576,54.22678460579605,0.218,0.399,-0.18100000000000002,-1.0,0.0,0.0,-0.7919279087119326,1.0,3.0,0.0,14.0,13.0,1.0,0.0204651750303783,0.007934104333780162,0.0,3.0,7.0,5.0,14.0,0.8571428571428571,39,0,1,3,3,6741,14114,1658,11741,1658,0,-0.8571428571428571,1,1,1.0,1.0,2.0,0.0,2,,,,,0,0.4517041239074853,0.09469598382189104,cc_n_cells_e1=6.74e+03 (+0.23); llm_mention_rate=1 (+0.19); cc_n_partners=7 (+0.14),novel
350,TYROBP,OPC_GABA_AC_like_tumor,IDH_WT,tumor,1.0,-4.419009973403889,4.419009973403889,5.529212901490993,0.018,0.225,-0.20700000000000002,-1.0,1.0,1.0,-2.4518281529797026,1.0,5.0,0.0,0.0,0.0,0.0,0.0,0.0,,0.0,0.0,0.0,0.0,,57,0,1,2,2,6202,1012,5384,171,171,0,-0.0,0,0,1.0,1.0,4.5,0.0,2,2.0,TAM_microglia,myeloid_bridge,TREM2 adaptor (pathway-level),0,0.45107137935082176,0.1877449535343757,cc_edges_total=57 (+1.02); cc_n_cells_e1=6.2e+03 (+0.24); llm_mention_rate=1 (+0.21),"literature gene, other compartment"
351,EGFR,OPC_GABA_AC_like_tumor,IDH_WT,tumor,1.0,-3.884741073233089,3.884741073233089,14.342600748057844,0.064,0.407,-0.34299999999999997,-1.0,0.0,0.0,-2.635357256382062,1.0,3.0,0.0,2.0,0.0,2.0,0.0131137600897326,0.0103901636652432,0.0,1.0,2.0,2.0,2.0,-1.0,14,0,1,1,4,6202,1012,5384,171,171,0,1.0,0,1,1.0,1.0,10.5,1.0,2,1.0,tumor,growth,"Brennan et al., Cell 2013 (TCGA GBM)",1,0.448243958461014,0.08150913480516761,llm_ctx_mention_rate=1 (+1.04); cc_n_partners=2 (+0.49); cc_edges_total=14 (+0.35),literature tier 1 (label)
352,KLRC2,OPC_GABA_like_tumor,IDH_Mutant,tumor,1.0,1.8705339182188103,1.8705339182188103,170.01044008276833,0.563,0.195,0.36799999999999994,1.0,0.0,0.0,3.444669840971268,1.0,3.0,0.0,6.0,6.0,0.0,0.0287367317117394,0.018077051350929785,0.0,1.0,4.0,5.0,6.0,1.0,6,0,1,1,1,6741,14114,1658,11741,1658,0,1.0,1,1,0.0,0.0,0.0,0.0,2,,,,,0,0.4471768334519304,0.10102374468641927,deg_pooled_log2fc=3.44 (+0.60); cc_n_partners=4 (+0.29); cc_n_cells_e1=6.74e+03 (+0.18),novel
353,HLA-DRA,OPC_GABA_AC_like_tumor,IDH_Mutant,tumor,1.0,-3.106786146530202,3.106786146530202,18.113623634583856,0.08,0.295,-0.21499999999999997,-1.0,1.0,1.0,-2.792402915110826,1.0,5.0,2.0,0.0,0.0,2.0,0.0062435412835112,0.0033839399211915686,0.0,1.0,1.0,2.0,2.0,-1.0,20,1,0,1,7,6202,1012,352,742,352,0,1.0,1,1,1.0,1.0,41.0,1.0,2,2.0,TAM_microglia,immune_synapse,MHC-II antigen presentation (pathway-level),0,0.4450368810955834,0.06320803344446703,llm_ctx_mention_rate=1 (+0.89); cc_edges_total=20 (+0.31); llm_mention_rate=1 (+0.24),"literature gene, other compartment"
354,SLC1A1,TAM1/TAM2/microglia,IDH_Mutant,TAM_microglia,0.0,0.0,0.0,0.0,,,0.0,0.0,0.0,0.0,,0.0,1.0,0.0,0.0,0.0,0.0,0.0,0.0,,0.0,0.0,0.0,0.0,,13,1,0,1,1,12086,25922,2106,21701,2106,0,0.0,1,0,0.0,0.0,0.0,0.0,2,,,,,0,0.44346252263747427,0.13100935298590194,cc_edges_total=13 (+0.55); cc_n_cells_e1=1.21e+04 (+0.21); cc_n_celltypes_total=1 (+0.10),novel
355,JAM3,cycling_tumor,IDH_Mutant,tumor,1.0,2.592247044781339,2.592247044781339,2.8828515932834065,0.132,0.007,0.125,1.0,1.0,1.0,2.3973352035949205,1.0,1.0,1.0,2.0,3.0,0.0,0.001159002926699,0.0009328306067242937,0.0,1.0,1.0,0.0,3.0,1.0,3,1,1,1,1,6410,814,270,136,136,0,1.0,1,1,0.0,0.0,0.0,0.0,2,,,,,0,0.44329679147496714,0.07144308713902714,deg_pooled_log2fc=2.4 (+0.49); cc_n_cells_e1=6.41e+03 (+0.18); cc_edges_e2=3 (+0.13),novel
356,SLC1A1,AC_like_tumor,IDH_WT,tumor,0.0,0.0,0.0,0.0,,,0.0,0.0,0.0,0.0,,0.0,2.0,0.0,0.0,0.0,0.0,0.0,0.0,,0.0,0.0,0.0,0.0,,13,1,0,1,1,72549,446,64812,108,108,0,0.0,0,0,0.0,0.0,0.0,0.0,2,,,,,0,0.44294342368464185,0.12150831031979158,cc_edges_total=13 (+0.55); cc_n_cells_e1=7.25e+04 (+0.22); cc_n_celltypes_total=1 (+0.11),novel
357,SLC1A1,OPC_GABA_AC_like_tumor,IDH_WT,tumor,0.0,0.0,0.0,0.0,,,0.0,0.0,0.0,0.0,,0.0,2.0,0.0,0.0,0.0,0.0,0.0,0.0,,0.0,0.0,0.0,0.0,,13,1,0,1,1,6202,1012,5384,171,171,0,0.0,0,0,0.0,0.0,0.0,0.0,2,,,,,0,0.44294342368464185,0.12150831031979158,cc_edges_total=13 (+0.55); cc_n_cells_e1=6.2e+03 (+0.22); cc_n_celltypes_total=1 (+0.11),novel
358,SPP1,OPC_GABA_AC_like_tumor,IDH_WT,tumor,1.0,-2.26653344561614,2.26653344561614,9.573747032509344,0.164,0.462,-0.29800000000000004,-1.0,1.0,1.0,-3.560459158584305,1.0,4.0,5.0,0.0,0.0,5.0,0.0112397372446153,0.0071331209569268,0.0,1.0,4.0,3.0,5.0,-1.0,55,1,0,1,7,6202,1012,5384,171,171,0,1.0,0,1,0.5,0.0,1.5,0.0,2,1.0,TAM_microglia,myeloid_bridge,"Wei et al., J Clin Invest 2019",0,0.4425677627463255,0.0843075367118095,cc_edges_total=55 (+0.74); llm_mentions_per_run=1.5 (+0.37); cc_n_cells_e1=6.2e+03 (+0.24),"literature gene, other compartment"
359,MRC1,AC_like_tumor,IDH_Mutant,tumor,0.0,0.0,0.0,0.0,,,0.0,0.0,0.0,0.0,,0.0,0.0,0.0,0.0,0.0,0.0,0.0,0.0,,0.0,0.0,0.0,0.0,,4,0,1,1,1,72549,446,4249,283,283,0,0.0,1,0,0.0,0.0,0.0,0.0,2,,,,,0,0.44154435902952577,0.09970119677209872,deg_n_celltypes_sig=0 (+0.60); cc_n_cells_e1=7.25e+04 (+0.19); cc_n_celltypes_total=1 (+0.08),novel
360,DLL1,AC_like_tumor,IDH_Mutant,tumor,1.0,1.8687986210370748,1.8687986210370748,8.494743350033454,0.148,0.046,0.102,1.0,0.0,0.0,4.327056568079775,1.0,3.0,0.0,0.0,0.0,0.0,0.0,0.0,,0.0,0.0,0.0,0.0,,4,1,0,1,2,72549,446,4249,283,283,0,0.0,1,0,0.0,0.0,0.0,0.0,2,,,,,0,0.44052292855424824,0.09241218059394407,deg_pooled_log2fc=4.33 (+0.46); cc_n_cells_e1=7.25e+04 (+0.22); deg_pct_diff=0.102 (+0.13),novel
361,LRRTM2,AC_like_tumor,IDH_WT,tumor,0.0,0.0,0.0,0.0,,,0.0,0.0,0.0,0.0,,0.0,2.0,0.0,0.0,0.0,0.0,0.0,0.0,,0.0,0.0,0.0,0.0,,12,0,1,1,2,72549,446,64812,108,108,0,0.0,0,0,0.5,0.5,2.0,0.5,2,,,,,0,0.44013169485157205,0.0761394799447356,llm_ctx_mention_rate=0.5 (+0.27); llm_mention_rate=0.5 (+0.26); cc_n_cells_e1=7.25e+04 (+0.24),novel
362,LRRTM2,OPC_GABA_AC_like_tumor,IDH_WT,tumor,0.0,0.0,0.0,0.0,,,0.0,0.0,0.0,0.0,,0.0,2.0,0.0,0.0,0.0,0.0,0.0,0.0,,0.0,0.0,0.0,0.0,,12,0,1,1,2,6202,1012,5384,171,171,0,0.0,0,0,0.5,0.5,2.0,0.5,2,,,,,0,0.44013169485157205,0.0761394799447356,llm_ctx_mention_rate=0.5 (+0.27); llm_mention_rate=0.5 (+0.26); cc_n_cells_e1=6.2e+03 (+0.24),novel
363,HLA-DPB1,AC_like_tumor,IDH_Mutant,tumor,0.0,0.0,0.0,0.0,,,0.0,0.0,0.0,0.0,,0.0,5.0,2.0,0.0,0.0,2.0,0.0056623552726468,0.0030688153298774434,0.0,1.0,1.0,2.0,2.0,-1.0,14,1,0,1,5,72549,446,4249,283,283,0,-0.0,1,0,1.0,1.0,2.0,0.0,2,,,,,0,0.43985113063695136,0.06168641646553073,cc_edges_total=14 (+0.29); cc_n_cells_e1=7.25e+04 (+0.25); llm_mention_rate=1 (+0.24),novel
364,SORL1,TAM1/TAM2/microglia,IDH_Mutant,TAM_microglia,1.0,0.4988742202019969,0.4988742202019969,52.23560904181951,0.712,0.585,0.127,1.0,1.0,1.0,0.9799051202538605,1.0,3.0,0.0,14.0,7.0,7.0,0.0511641001611375,0.019258193673017707,0.0,1.0,4.0,14.0,14.0,0.0,14,0,1,1,1,12086,25922,2106,21701,2106,0,0.0,1,1,0.0,0.0,0.0,0.0,2,,,,,0,0.43869482532800824,0.1637240328748679,cc_edges_total=14 (+0.45); cc_n_partners=4 (+0.24); cc_n_cells_e1=1.21e+04 (+0.20),novel
365,SLIT1,cycling_tumor,IDH_Mutant,tumor,1.0,1.5041912208461443,1.5041912208461443,1.4560958694825672,0.11,0.007,0.103,1.0,1.0,1.0,2.852813420732657,1.0,3.0,0.0,0.0,0.0,0.0,0.0,0.0,,0.0,0.0,0.0,0.0,,2,1,0,1,1,6410,814,270,136,136,0,0.0,1,0,0.0,0.0,0.0,0.0,2,,,,,0,0.43857547947498043,0.03459333701417539,deg_pooled_log2fc=2.85 (+0.38); cc_n_cells_e1=6.41e+03 (+0.19); deg_pct_diff=0.103 (+0.11),novel
366,MRC1,OPC_GABA_like_tumor,IDH_WT,tumor,0.0,0.0,0.0,0.0,,,0.0,0.0,0.0,0.0,,0.0,0.0,0.0,0.0,0.0,0.0,0.0,0.0,,0.0,0.0,0.0,0.0,,4,0,1,1,1,6741,14114,5040,1935,1935,0,0.0,0,0,0.0,0.0,0.0,0.0,2,,,,,0,0.4382864923327537,0.10192381575457368,deg_n_celltypes_sig=0 (+0.64); cc_n_cells_e1=6.74e+03 (+0.19); cc_n_celltypes_total=1 (+0.07),novel
367,TYROBP,cycling_tumor,IDH_Mutant,tumor,1.0,-6.014119325408155,6.014119325408155,31.160106747980016,0.059,0.737,-0.6779999999999999,-1.0,1.0,1.0,-5.684061677509295,1.0,6.0,0.0,0.0,0.0,0.0,0.0,0.0,,0.0,0.0,0.0,0.0,,57,0,1,2,2,6410,814,270,136,136,0,-0.0,1,0,1.0,1.0,4.5,0.0,2,2.0,TAM_microglia,myeloid_bridge,TREM2 adaptor (pathway-level),0,0.4381373661308512,0.16800257327861576,cc_edges_total=57 (+1.02); cc_n_cells_e1=6.41e+03 (+0.24); llm_mention_rate=1 (+0.21),"literature gene, other compartment"
368,LRRTM2,OPC_GABA_AC_like_tumor,IDH_Mutant,tumor,0.0,0.0,0.0,0.0,,,0.0,0.0,0.0,0.0,,0.0,3.0,0.0,0.0,0.0,0.0,0.0,0.0,,0.0,0.0,0.0,0.0,,12,0,1,1,2,6202,1012,352,742,352,0,0.0,1,0,0.5,0.5,2.0,0.5,2,,,,,0,0.43807035385456644,0.07827113878785241,llm_ctx_mention_rate=0.5 (+0.27); llm_mention_rate=0.5 (+0.26); cc_n_cells_e1=6.2e+03 (+0.24),novel
369,NLGN3,cycling_tumor,IDH_Mutant,tumor,1.0,4.10352156299052,4.10352156299052,2.3100557200330885,0.132,0.011,0.12100000000000001,1.0,1.0,1.0,1.8474406918200492,1.0,2.0,0.0,6.0,6.0,0.0,0.0082445257936692,0.0026747700108033256,0.0,1.0,4.0,0.0,6.0,1.0,6,0,1,1,1,6410,814,270,136,136,0,1.0,1,1,0.5,0.5,0.5,0.5,2,1.0,tumor,neuron_tumor,"Venkatesh et al., Cell 2015; Venkatesh et al., Nature 2017",1,0.43764939541352027,0.02247313157097111,deg_pooled_log2fc=1.85 (+0.55); llm_ctx_mention_rate=0.5 (+0.26); llm_mention_rate=0.5 (+0.23),literature tier 1 (label)
370,CLEC2B,OPC_GABA_AC_like_tumor,IDH_WT,tumor,0.0,0.0,0.0,0.0,,,0.0,0.0,0.0,0.0,,0.0,2.0,0.0,0.0,0.0,0.0,0.0,0.0,,0.0,0.0,0.0,0.0,,6,1,0,1,2,6202,1012,5384,171,171,0,0.0,0,0,1.0,1.0,3.5,0.0,2,,,,,0,0.43680369651328704,0.06957890911788667,llm_mention_rate=1 (+0.33); cc_n_cells_e1=6.2e+03 (+0.23); llm_mentions_per_run=3.5 (+0.11),novel
371,CLEC2B,AC_like_tumor,IDH_WT,tumor,0.0,0.0,0.0,0.0,,,0.0,0.0,0.0,0.0,,0.0,2.0,0.0,0.0,0.0,0.0,0.0,0.0,,0.0,0.0,0.0,0.0,,6,1,0,1,2,72549,446,64812,108,108,0,0.0,0,0,1.0,1.0,3.5,0.0,2,,,,,0,0.43680369651328704,0.06957890911788667,llm_mention_rate=1 (+0.33); cc_n_cells_e1=7.25e+04 (+0.23); llm_mentions_per_run=3.5 (+0.11),novel
372,CLEC2B,AC_like_tumor,IDH_Mutant,tumor,0.0,0.0,0.0,0.0,,,0.0,0.0,0.0,0.0,,0.0,2.0,0.0,0.0,0.0,0.0,0.0,0.0,,0.0,0.0,0.0,0.0,,6,1,0,1,2,72549,446,4249,283,283,0,0.0,1,0,1.0,1.0,3.5,0.0,2,,,,,0,0.43634224812965783,0.06965165796532218,llm_mention_rate=1 (+0.33); cc_n_cells_e1=7.25e+04 (+0.23); llm_mentions_per_run=3.5 (+0.11),novel
373,HBEGF,AC_like_tumor,IDH_Mutant,tumor,0.0,0.0,0.0,0.0,,,0.0,0.0,0.0,0.0,,0.0,0.0,0.0,0.0,0.0,0.0,0.0,0.0,,0.0,0.0,0.0,0.0,,7,1,0,1,1,72549,446,4249,283,283,0,0.0,1,0,0.5,0.5,0.5,0.5,2,,,,,0,0.43601732898648393,0.08910056179705954,deg_n_celltypes_sig=0 (+0.36); llm_mention_rate=0.5 (+0.27); cc_n_cells_e1=7.25e+04 (+0.20),novel
374,PCDHGC3,cycling_tumor,IDH_Mutant,tumor,1.0,2.8886950190210867,2.8886950190210867,2.231402592410646,0.11,0.004,0.106,1.0,1.0,1.0,2.766243443713352,1.0,2.0,1.0,1.0,2.0,0.0,0.000909242078728849,0.000909242078728849,0.0,1.0,1.0,0.0,2.0,1.0,2,1,1,1,1,6410,814,270,136,136,0,1.0,1,1,0.0,0.0,0.0,0.0,2,,,,,0,0.43549020624201357,0.0760732497517802,deg_pooled_log2fc=2.77 (+0.42); cc_n_cells_e1=6.41e+03 (+0.19); cc_edges_e2=2 (+0.14),novel
375,SORL1,TAM1/TAM2/microglia,IDH_WT,TAM_microglia,1.0,0.6752151769204435,0.6752151769204435,92.25877261688396,0.629,0.404,0.22499999999999998,1.0,1.0,1.0,0.9799051202538605,1.0,3.0,0.0,14.0,7.0,7.0,0.0511641001611375,0.019258193673017707,0.0,1.0,4.0,14.0,14.0,0.0,14,0,1,1,1,12086,25922,9696,2745,2745,0,0.0,0,1,0.0,0.0,0.0,0.0,2,,,,,0,0.4353827209248535,0.16431582092084043,cc_edges_total=14 (+0.45); cc_n_partners=4 (+0.24); cc_n_cells_e1=1.21e+04 (+0.20),novel
376,CD69,OPC_GABA_like_tumor,IDH_Mutant,tumor,0.0,0.0,0.0,0.0,,,0.0,0.0,0.0,0.0,,0.0,1.0,0.0,0.0,0.0,0.0,0.0,0.0,,0.0,0.0,0.0,0.0,,6,1,0,1,2,6741,14114,1658,11741,1658,0,0.0,1,0,1.0,1.0,2.0,0.0,2,,,,,0,0.43527271345095697,0.08901827326312006,llm_mention_rate=1 (+0.32); cc_n_cells_e1=6.74e+03 (+0.22); llm_mentions_per_run=2 (+0.10),novel
377,CD74,TAM1/TAM2/microglia,IDH_Mutant,TAM_microglia,1.0,-0.6488107755664014,0.6488107755664014,154.4193713096651,0.961,0.979,-0.018000000000000016,-1.0,0.0,0.0,-0.3063398180010166,1.0,4.0,0.0,36.0,18.0,18.0,0.1172844910109071,0.05013193574605534,0.0,2.0,6.0,34.0,36.0,0.0,109,0,1,2,6,12086,25922,2106,21701,2106,0,-0.0,1,1,0.0,0.0,0.0,0.0,2,1.0,TAM_microglia,myeloid_bridge,"Ghoochani et al., Oncotarget 2016",1,0.43505759579235787,0.11058429699106583,cc_edges_total=109 (+0.99); deg_n_celltypes_sig=4 (+0.25); cc_n_cells_e1=1.21e+04 (+0.23),literature tier 1 (label)
378,CLEC2B,OPC_GABA_AC_like_tumor,IDH_Mutant,tumor,0.0,0.0,0.0,0.0,,,0.0,0.0,0.0,0.0,,0.0,2.0,0.0,0.0,0.0,0.0,0.0,0.0,,0.0,0.0,0.0,0.0,,6,1,0,1,2,6202,1012,352,742,352,0,0.0,1,0,1.0,1.0,3.5,0.0,2,,,,,0,0.4349663646017176,0.06878019139272748,llm_mention_rate=1 (+0.33); cc_n_cells_e1=6.2e+03 (+0.23); llm_mentions_per_run=3.5 (+0.11),novel
379,AREG,OPC_GABA_like_tumor,IDH_WT,tumor,0.0,0.0,0.0,0.0,,,0.0,0.0,0.0,0.0,,0.0,2.0,0.0,0.0,0.0,0.0,0.0,0.0,,0.0,0.0,0.0,0.0,,7,1,0,1,1,6741,14114,5040,1935,1935,0,0.0,0,0,1.0,0.5,11.5,0.5,2,,,,,0,0.4346912957475951,0.21818940280164315,llm_mention_rate=1 (+0.36); llm_ctx_mention_rate=0.5 (+0.24); llm_mentions_per_run=11.5 (+0.18),novel
380,AREG,OPC_GABA_like_tumor,IDH_Mutant,tumor,0.0,0.0,0.0,0.0,,,0.0,0.0,0.0,0.0,,0.0,2.0,0.0,0.0,0.0,0.0,0.0,0.0,,0.0,0.0,0.0,0.0,,7,1,0,1,1,6741,14114,1658,11741,1658,0,0.0,1,0,1.0,0.5,11.5,0.5,2,,,,,0,0.4346912957475951,0.21818940280164315,llm_mention_rate=1 (+0.36); llm_ctx_mention_rate=0.5 (+0.24); llm_mentions_per_run=11.5 (+0.18),novel
381,CADM1,OPC_GABA_AC_like_tumor,IDH_WT,tumor,0.0,0.0,0.0,0.0,,,0.0,0.0,0.0,0.0,,0.0,1.0,0.0,0.0,0.0,0.0,0.0,0.0,,0.0,0.0,0.0,0.0,,32,1,1,1,3,6202,1012,5384,171,171,0,0.0,0,0,0.0,0.0,0.0,0.0,2,,,,,0,0.433513138916359,0.1228345269363261,cc_n_cells_e1=6.2e+03 (+0.23); cc_edges_total=32 (+0.06); cc_n_cells_e2=1.01e+03 (+0.05),novel
382,ITGB1,AC_like_tumor,IDH_Mutant,tumor,0.0,0.0,0.0,0.0,,,0.0,0.0,0.0,0.0,,0.0,1.0,0.0,0.0,0.0,0.0,0.0,0.0,,0.0,0.0,0.0,0.0,,36,0,1,2,3,72549,446,4249,283,283,0,0.0,1,0,1.0,1.0,2.0,0.0,2,,,,,0,0.43338086042824786,0.10604926231044175,llm_mention_rate=1 (+0.27); cc_n_cells_e1=7.25e+04 (+0.24); llm_mentions_per_run=2 (+0.08),novel
383,HLA-DRA,cycling_tumor,IDH_WT,tumor,1.0,-6.331888195860917,6.331888195860917,154.87616933734833,0.09,0.652,-0.562,-1.0,1.0,1.0,-5.913342503557029,1.0,5.0,2.0,0.0,0.0,2.0,0.0226256983458374,0.0122774795947623,0.0,1.0,1.0,2.0,2.0,-1.0,20,1,0,1,7,6410,814,5847,663,663,0,1.0,0,1,1.0,1.0,41.0,1.0,2,2.0,TAM_microglia,immune_synapse,MHC-II antigen presentation (pathway-level),0,0.4331714922085294,0.09259384932630337,llm_ctx_mention_rate=1 (+0.92); cc_edges_total=20 (+0.31); llm_mention_rate=1 (+0.23),"literature gene, other compartment"
384,TYROBP,AC_like_tumor,IDH_Mutant,tumor,1.0,-2.040433949003196,2.040433949003196,1.9330292016245856,0.346,0.412,-0.066,-1.0,1.0,1.0,-1.884641691716887,1.0,6.0,0.0,0.0,0.0,0.0,0.0,0.0,,0.0,0.0,0.0,0.0,,57,0,1,2,2,72549,446,4249,283,283,0,-0.0,1,0,1.0,1.0,4.5,0.0,2,2.0,TAM_microglia,myeloid_bridge,TREM2 adaptor (pathway-level),0,0.4325784952727356,0.16398115290335485,cc_edges_total=57 (+1.02); cc_n_cells_e1=7.25e+04 (+0.24); llm_mention_rate=1 (+0.21),"literature gene, other compartment"
385,LRRTM3,cycling_tumor,IDH_Mutant,tumor,1.0,5.510581338267147,5.510581338267147,10.916043997926128,0.25,0.007,0.243,1.0,1.0,1.0,2.6774603953839025,1.0,1.0,0.0,0.0,0.0,0.0,0.0,0.0,,0.0,0.0,0.0,0.0,,6,0,1,1,1,6410,814,270,136,136,0,0.0,1,0,0.0,0.0,0.0,0.0,2,,,,,0,0.4325371872788354,0.03883599151200082,deg_pooled_log2fc=2.68 (+0.47); cc_n_cells_e1=6.41e+03 (+0.18); deg_pct_diff=0.243 (+0.12),novel
386,TYROBP,cycling_tumor,IDH_WT,tumor,1.0,-5.788001085697912,5.788001085697912,90.99910315405569,0.066,0.483,-0.417,-1.0,1.0,1.0,-5.684061677509295,1.0,5.0,0.0,0.0,0.0,0.0,0.0,0.0,,0.0,0.0,0.0,0.0,,57,0,1,2,2,6410,814,5847,663,663,0,-0.0,0,0,1.0,1.0,4.5,0.0,2,2.0,TAM_microglia,myeloid_bridge,TREM2 adaptor (pathway-level),0,0.4324949819421545,0.1611832462269972,cc_edges_total=57 (+1.02); cc_n_cells_e1=6.41e+03 (+0.24); llm_mention_rate=1 (+0.21),"literature gene, other compartment"
387,MIF,TAM1/TAM2/microglia,IDH_WT,TAM_microglia,1.0,-1.7007417161567784,1.7007417161567784,103.14721343765696,0.254,0.452,-0.198,-1.0,1.0,1.0,-2.387004410374148,1.0,3.0,6.0,0.0,0.0,6.0,0.0301801420527412,0.016768099215291734,0.0,1.0,2.0,4.0,6.0,-1.0,66,1,0,1,6,12086,25922,9696,2745,2745,0,1.0,0,1,0.5,0.5,1.5,0.5,2,1.0,tumor,myeloid_bridge,"Ghoochani et al., Oncotarget 2016",0,0.4323907330959596,0.17140645116976289,cc_edges_total=66 (+0.75); cc_n_partners=2 (+0.44); llm_mentions_per_run=1.5 (+0.43),"literature gene, other compartment"
388,ITGB1,OPC_GABA_AC_like_tumor,IDH_Mutant,tumor,0.0,0.0,0.0,0.0,,,0.0,0.0,0.0,0.0,,0.0,1.0,0.0,0.0,0.0,0.0,0.0,0.0,,0.0,0.0,0.0,0.0,,36,0,1,2,3,6202,1012,352,742,352,0,0.0,1,0,1.0,1.0,2.0,0.0,2,,,,,0,0.4323201936555404,0.10676442109853156,llm_mention_rate=1 (+0.27); cc_n_cells_e1=6.2e+03 (+0.24); llm_mentions_per_run=2 (+0.08),novel
389,MRC1,cycling_tumor,IDH_Mutant,tumor,0.0,0.0,0.0,0.0,,,0.0,0.0,0.0,0.0,,0.0,0.0,0.0,0.0,0.0,0.0,0.0,0.0,,0.0,0.0,0.0,0.0,,4,0,1,1,1,6410,814,270,136,136,0,0.0,1,0,0.0,0.0,0.0,0.0,2,,,,,0,0.43124036097467594,0.09409487359882632,deg_n_celltypes_sig=0 (+0.58); cc_n_cells_e1=6.41e+03 (+0.19); cc_n_celltypes_total=1 (+0.08),novel
390,MRC1,OPC_GABA_AC_like_tumor,IDH_Mutant,tumor,0.0,0.0,0.0,0.0,,,0.0,0.0,0.0,0.0,,0.0,0.0,0.0,0.0,0.0,0.0,0.0,0.0,,0.0,0.0,0.0,0.0,,4,0,1,1,1,6202,1012,352,742,352,0,0.0,1,0,0.0,0.0,0.0,0.0,2,,,,,0,0.4300964774351395,0.0936707269784781,deg_n_celltypes_sig=0 (+0.58); cc_n_cells_e1=6.2e+03 (+0.19); cc_n_celltypes_total=1 (+0.08),novel
391,SLC1A3,AC_like_tumor,IDH_Mutant,tumor,1.0,-1.4792910063223057,1.4792910063223057,5.530476937737077,0.396,0.513,-0.11699999999999999,-1.0,0.0,0.0,,0.0,3.0,0.0,0.0,0.0,0.0,0.0,0.0,,0.0,0.0,0.0,0.0,,26,1,0,1,2,72549,446,4249,283,283,0,-0.0,1,0,0.0,0.0,0.0,0.0,2,,,,,0,0.4300142570436834,0.06315109512268968,cc_n_cells_e1=7.25e+04 (+0.24); cc_edges_total=26 (+0.10); cc_n_celltypes_total=2 (+0.08),novel
392,SLC1A3,OPC_GABA_AC_like_tumor,IDH_Mutant,tumor,0.0,0.0,0.0,0.0,,,0.0,0.0,0.0,0.0,,0.0,3.0,0.0,0.0,0.0,0.0,0.0,0.0,,0.0,0.0,0.0,0.0,,26,1,0,1,2,6202,1012,352,742,352,0,0.0,1,0,0.0,0.0,0.0,0.0,2,,,,,0,0.4297232865581858,0.0834941042950073,cc_n_cells_e1=6.2e+03 (+0.24); cc_edges_total=26 (+0.10); cc_n_celltypes_total=2 (+0.07),novel
393,PTPRD,AC_like_tumor,IDH_WT,tumor,1.0,2.9682478856266057,2.9682478856266057,9.399019584061854,0.12,0.019,0.10099999999999999,1.0,0.0,0.0,2.8870189652680502,1.0,3.0,0.0,0.0,0.0,0.0,0.0,0.0,,0.0,0.0,0.0,0.0,,1,0,1,1,1,72549,446,64812,108,108,0,0.0,0,0,0.0,0.0,0.0,0.0,2,,,,,0,0.42837706225450356,0.0933054040986745,deg_pooled_log2fc=2.89 (+0.38); cc_n_cells_e1=7.25e+04 (+0.18); deg_pct_diff=0.101 (+0.11),novel
394,HBEGF,TAM1/TAM2/microglia,IDH_Mutant,TAM_microglia,0.0,0.0,0.0,0.0,,,0.0,0.0,0.0,0.0,,0.0,0.0,7.0,0.0,0.0,7.0,0.0191470332237848,0.0075573265473107285,0.0,1.0,4.0,7.0,7.0,-1.0,7,1,0,1,1,12086,25922,2106,21701,2106,0,-0.0,1,0,0.5,0.5,0.5,0.0,2,,,,,0,0.4282627759684157,0.04647571606883353,llm_mention_rate=0.5 (+0.27); deg_n_celltypes_sig=0 (+0.26); cc_n_cells_e1=1.21e+04 (+0.18),novel
395,CD69,TAM1/TAM2/microglia,IDH_Mutant,TAM_microglia,0.0,0.0,0.0,0.0,,,0.0,0.0,0.0,0.0,,0.0,1.0,2.0,0.0,2.0,0.0,0.0054582771010761,0.0049009474620876,0.0,1.0,1.0,2.0,2.0,1.0,6,1,0,1,2,12086,25922,2106,21701,2106,0,0.0,1,0,1.0,1.0,2.0,0.0,2,,,,,0,0.4279776269659976,0.08084093858978642,llm_mention_rate=1 (+0.30); cc_n_cells_e1=1.21e+04 (+0.22); cc_edges_e2=2 (+0.15),novel
396,SLC1A3,OPC_GABA_AC_like_tumor,IDH_WT,tumor,0.0,0.0,0.0,0.0,,,0.0,0.0,0.0,0.0,,0.0,2.0,0.0,0.0,0.0,0.0,0.0,0.0,,0.0,0.0,0.0,0.0,,26,1,0,1,2,6202,1012,5384,171,171,0,0.0,0,0,0.0,0.0,0.0,0.0,2,,,,,0,0.42791099073085476,0.08126340151934572,cc_n_cells_e1=6.2e+03 (+0.24); cc_edges_total=26 (+0.10); cc_n_celltypes_total=2 (+0.07),novel
397,HLA-DRB1,TAM1/TAM2/microglia,IDH_Mutant,TAM_microglia,1.0,-1.1518370213164628,1.1518370213164628,268.9874824299002,0.893,0.962,-0.06899999999999995,-1.0,0.0,0.0,-0.5067458686879718,1.0,4.0,4.0,0.0,2.0,2.0,0.0334073134215138,0.017249044865644925,0.0,1.0,1.0,0.0,4.0,0.0,14,1,0,1,5,12086,25922,2106,21701,2106,0,-0.0,1,1,1.0,1.0,2.0,0.0,2,,,,,0,0.42790582656901827,0.13591904476387096,cc_edges_total=14 (+0.26); cc_n_cells_e1=1.21e+04 (+0.25); llm_mention_rate=1 (+0.20),novel
398,TYROBP,AC_like_tumor,IDH_WT,tumor,1.0,-2.907676299760296,2.907676299760296,2.6351556806273595,0.102,0.33,-0.22800000000000004,-1.0,1.0,1.0,-1.884641691716887,1.0,5.0,0.0,0.0,0.0,0.0,0.0,0.0,,0.0,0.0,0.0,0.0,,57,0,1,2,2,72549,446,64812,108,108,0,-0.0,0,0,1.0,1.0,4.5,0.0,2,2.0,TAM_microglia,myeloid_bridge,TREM2 adaptor (pathway-level),0,0.42763804763180124,0.1650594980120692,cc_edges_total=57 (+1.02); cc_n_cells_e1=7.25e+04 (+0.24); llm_mention_rate=1 (+0.21),"literature gene, other compartment"
399,TYROBP,OPC_GABA_like_tumor,IDH_WT,tumor,1.0,-2.0097468367970213,2.0097468367970213,7.3440244443724705,0.079,0.134,-0.05500000000000001,-1.0,1.0,1.0,-1.735676282906917,1.0,5.0,0.0,0.0,0.0,0.0,0.0,0.0,,0.0,0.0,0.0,0.0,,57,0,1,2,2,6741,14114,5040,1935,1935,0,-0.0,0,0,1.0,1.0,4.5,0.0,2,2.0,TAM_microglia,myeloid_bridge,TREM2 adaptor (pathway-level),0,0.42694857174308476,0.16890828722244386,cc_edges_total=57 (+1.02); cc_n_cells_e1=6.74e+03 (+0.24); llm_mention_rate=1 (+0.23),"literature gene, other compartment"
400,SLC1A3,AC_like_tumor,IDH_WT,tumor,0.0,0.0,0.0,0.0,,,0.0,0.0,0.0,0.0,,0.0,2.0,0.0,0.0,0.0,0.0,0.0,0.0,,0.0,0.0,0.0,0.0,,26,1,0,1,2,72549,446,64812,108,108,0,0.0,0,0,0.0,0.0,0.0,0.0,2,,,,,0,0.42683287734612385,0.08039445747346402,cc_n_cells_e1=7.25e+04 (+0.24); cc_edges_total=26 (+0.10); cc_n_celltypes_total=2 (+0.07),novel
401,JAM2,cycling_tumor,IDH_Mutant,tumor,1.0,0.7960758978451711,0.7960758978451711,7.596818806928833,0.441,0.104,0.337,1.0,1.0,1.0,0.8274191381313104,1.0,2.0,5.0,1.0,6.0,0.0,0.0021428578601446,0.0016103557452642166,0.0,1.0,3.0,1.0,6.0,1.0,6,1,1,1,1,6410,814,270,136,136,0,1.0,1,1,0.0,0.0,0.0,0.0,2,,,,,0,0.42603345792364566,0.057166378627524814,cc_n_partners=3 (+0.39); cc_n_cells_e1=6.41e+03 (+0.18); cc_edges_e2=6 (+0.14),novel
402,HBEGF,cycling_tumor,IDH_Mutant,tumor,0.0,0.0,0.0,0.0,,,0.0,0.0,0.0,0.0,,0.0,0.0,0.0,0.0,0.0,0.0,0.0,0.0,,0.0,0.0,0.0,0.0,,7,1,0,1,1,6410,814,270,136,136,0,0.0,1,0,0.5,0.5,0.5,0.5,2,,,,,0,0.42472142526694956,0.08565651509676676,deg_n_celltypes_sig=0 (+0.35); llm_mention_rate=0.5 (+0.27); cc_n_cells_e1=6.41e+03 (+0.20),novel
403,TYROBP,OPC_GABA_AC_like_tumor,IDH_Mutant,tumor,1.0,-3.477348411641988,3.477348411641988,30.553483819257792,0.053,0.324,-0.271,-1.0,1.0,1.0,-2.4518281529797026,1.0,6.0,0.0,0.0,0.0,0.0,0.0,0.0,,0.0,0.0,0.0,0.0,,57,0,1,2,2,6202,1012,352,742,352,0,-0.0,1,0,1.0,1.0,4.5,0.0,2,2.0,TAM_microglia,myeloid_bridge,TREM2 adaptor (pathway-level),0,0.42449082351940015,0.16108291264330957,cc_edges_total=57 (+1.02); cc_n_cells_e1=6.2e+03 (+0.24); llm_mention_rate=1 (+0.21),"literature gene, other compartment"
404,CLDN11,AC_like_tumor,IDH_Mutant,tumor,0.0,0.0,0.0,0.0,,,0.0,0.0,0.0,0.0,,0.0,0.0,0.0,0.0,0.0,0.0,0.0,0.0,,0.0,0.0,0.0,0.0,,2,1,1,1,1,72549,446,4249,283,283,0,0.0,1,0,0.0,0.0,0.0,0.0,2,,,,,0,0.4242028579097893,0.17442484988995033,deg_n_celltypes_sig=0 (+0.61); cc_n_cells_e1=7.25e+04 (+0.19); cc_n_celltypes_total=1 (+0.08),novel
405,HBEGF,OPC_GABA_AC_like_tumor,IDH_Mutant,tumor,0.0,0.0,0.0,0.0,,,0.0,0.0,0.0,0.0,,0.0,0.0,0.0,0.0,0.0,0.0,0.0,0.0,,0.0,0.0,0.0,0.0,,7,1,0,1,1,6202,1012,352,742,352,0,0.0,1,0,0.5,0.5,0.5,0.5,2,,,,,0,0.42408429231366246,0.0823448484257136,deg_n_celltypes_sig=0 (+0.35); llm_mention_rate=0.5 (+0.27); cc_n_cells_e1=6.2e+03 (+0.20),novel
406,ITGB8,cycling_tumor,IDH_WT,tumor,0.0,0.0,0.0,0.0,,,0.0,0.0,0.0,0.0,,0.0,0.0,0.0,1.0,1.0,0.0,0.0013090159462151,0.0013090159462151,0.0,1.0,1.0,0.0,1.0,1.0,3,0,1,1,2,6410,814,5847,663,663,0,0.0,0,0,0.0,0.0,0.0,0.0,2,,,,,0,0.42151432530727045,0.15625453422524135,deg_n_celltypes_sig=0 (+0.63); cc_n_cells_e1=6.41e+03 (+0.21); cc_n_cells_e2=814 (+0.05),novel
407,COL9A1,cycling_tumor,IDH_Mutant,tumor,0.0,0.0,0.0,0.0,,,0.0,0.0,0.0,0.0,,0.0,0.0,5.0,0.0,5.0,0.0,0.0026257015067272,0.00177275463141162,0.0,1.0,3.0,2.0,5.0,1.0,5,1,0,1,1,6410,814,270,136,136,0,0.0,1,0,0.0,0.0,0.0,0.0,2,,,,,0,0.42144457091831866,0.09482927734033625,cc_n_partners=3 (+0.30); deg_n_celltypes_sig=0 (+0.29); cc_n_cells_e1=6.41e+03 (+0.18),novel
408,CDH2,OPC_GABA_AC_like_tumor,IDH_WT,tumor,0.0,0.0,0.0,0.0,,,0.0,0.0,0.0,0.0,,0.0,1.0,0.0,0.0,0.0,0.0,0.0,0.0,,0.0,0.0,0.0,0.0,,32,1,1,1,3,6202,1012,5384,171,171,0,0.0,0,0,0.0,0.0,0.0,0.0,2,,,,,0,0.42122176940363937,0.09745007164962752,cc_n_cells_e1=6.2e+03 (+0.23); cc_edges_total=32 (+0.06); cc_n_cells_e2=1.01e+03 (+0.05),novel
409,ITGB8,AC_like_tumor,IDH_WT,tumor,0.0,0.0,0.0,0.0,,,0.0,0.0,0.0,0.0,,0.0,0.0,0.0,0.0,0.0,0.0,0.0,0.0,,0.0,0.0,0.0,0.0,,3,0,1,1,2,72549,446,64812,108,108,0,0.0,0,0,0.0,0.0,0.0,0.0,2,,,,,0,0.42090368501742165,0.15369870032911348,deg_n_celltypes_sig=0 (+0.63); cc_n_cells_e1=7.25e+04 (+0.21); cc_n_cells_e2=446 (+0.05),novel
410,ITGB8,OPC_GABA_AC_like_tumor,IDH_WT,tumor,0.0,0.0,0.0,0.0,,,0.0,0.0,0.0,0.0,,0.0,0.0,0.0,0.0,0.0,0.0,0.0,0.0,,0.0,0.0,0.0,0.0,,3,0,1,1,2,6202,1012,5384,171,171,0,0.0,0,0,0.0,0.0,0.0,0.0,2,,,,,0,0.42090368501742165,0.15369870032911348,deg_n_celltypes_sig=0 (+0.63); cc_n_cells_e1=6.2e+03 (+0.21); cc_n_cells_e2=1.01e+03 (+0.04),novel
411,CD74,TAM1/TAM2/microglia,IDH_WT,TAM_microglia,0.0,0.0,0.0,0.0,,,0.0,0.0,0.0,0.0,,0.0,5.0,0.0,36.0,18.0,18.0,0.1172844910109071,0.05013193574605534,0.0,2.0,6.0,34.0,36.0,0.0,109,0,1,2,6,12086,25922,9696,2745,2745,0,0.0,0,0,0.0,0.0,0.0,0.0,2,1.0,TAM_microglia,myeloid_bridge,"Ghoochani et al., Oncotarget 2016",1,0.42035376083637094,0.12863688620666533,cc_edges_total=109 (+0.96); deg_n_celltypes_sig=5 (+0.24); cc_n_cells_e1=1.21e+04 (+0.23),literature tier 1 (label)
412,SLIT1,AC_like_tumor,IDH_Mutant,tumor,1.0,2.6990954050249907,2.6990954050249907,27.0414179322696,0.177,0.032,0.145,1.0,0.0,0.0,4.503828232956093,1.0,3.0,0.0,0.0,0.0,0.0,0.0,0.0,,0.0,0.0,0.0,0.0,,2,1,0,1,1,72549,446,4249,283,283,0,0.0,1,0,0.0,0.0,0.0,0.0,2,,,,,0,0.42014400478667185,0.03206329646980647,deg_pooled_log2fc=4.5 (+0.38); cc_n_cells_e1=7.25e+04 (+0.19); deg_pct_diff=0.145 (+0.10),novel
413,ITGB1,OPC_GABA_AC_like_tumor,IDH_WT,tumor,0.0,0.0,0.0,0.0,,,0.0,0.0,0.0,0.0,,0.0,2.0,0.0,0.0,0.0,0.0,0.0,0.0,,0.0,0.0,0.0,0.0,,36,0,1,2,3,6202,1012,5384,171,171,0,0.0,0,0,1.0,1.0,2.0,0.0,2,,,,,0,0.4196568352347705,0.0933912868183984,llm_mention_rate=1 (+0.28); cc_n_cells_e1=6.2e+03 (+0.25); llm_mentions_per_run=2 (+0.09),novel
414,ITGB1,AC_like_tumor,IDH_WT,tumor,0.0,0.0,0.0,0.0,,,0.0,0.0,0.0,0.0,,0.0,2.0,0.0,0.0,0.0,0.0,0.0,0.0,,0.0,0.0,0.0,0.0,,36,0,1,2,3,72549,446,64812,108,108,0,0.0,0,0,1.0,1.0,2.0,0.0,2,,,,,0,0.4196568352347705,0.0933912868183984,llm_mention_rate=1 (+0.28); cc_n_cells_e1=7.25e+04 (+0.25); llm_mentions_per_run=2 (+0.09),novel
415,HLA-DRA,cycling_tumor,IDH_Mutant,tumor,1.0,-5.352105679335363,5.352105679335363,29.607013521346605,0.176,0.767,-0.591,-1.0,1.0,1.0,-5.913342503557029,1.0,5.0,2.0,0.0,0.0,2.0,0.0226256983458374,0.0122774795947623,0.0,1.0,1.0,2.0,2.0,-1.0,20,1,0,1,7,6410,814,270,136,136,0,1.0,1,1,1.0,1.0,41.0,1.0,2,2.0,TAM_microglia,immune_synapse,MHC-II antigen presentation (pathway-level),0,0.41940606097125227,0.08802583772021413,llm_ctx_mention_rate=1 (+0.92); cc_edges_total=20 (+0.31); llm_mention_rate=1 (+0.23),"literature gene, other compartment"
416,MDK,AC_like_tumor,IDH_Mutant,tumor,0.0,0.0,0.0,0.0,,,0.0,0.0,0.0,0.0,,0.0,1.0,0.0,0.0,0.0,0.0,0.0,0.0,,0.0,0.0,0.0,0.0,,28,1,0,1,1,72549,446,4249,283,283,0,0.0,1,0,0.0,0.0,0.0,0.0,2,,,,,0,0.419255211617185,0.08855450481226357,cc_n_cells_e1=7.25e+04 (+0.21); cc_n_celltypes_total=1 (+0.12); cc_edges_total=28 (+0.09),novel
417,GRIA2,AC_like_tumor,IDH_WT,tumor,0.0,0.0,0.0,0.0,,,0.0,0.0,0.0,0.0,,0.0,2.0,0.0,3.0,3.0,0.0,0.01334006204483,0.006415987940346833,0.0,1.0,2.0,1.0,3.0,1.0,12,0,1,1,3,72549,446,64812,108,108,0,0.0,0,0,1.0,0.5,4.5,0.5,2,1.0,tumor,neuron_tumor,"Venkatesh et al., Nature 2019; Venkataramani et al., Nature 2019",1,0.4189571089065674,0.15836781299564914,cc_n_partners=2 (+0.49); llm_ctx_mention_rate=0.5 (+0.35); llm_mention_rate=1 (+0.29),literature tier 1 (label)
418,MDK,OPC_GABA_AC_like_tumor,IDH_Mutant,tumor,0.0,0.0,0.0,0.0,,,0.0,0.0,0.0,0.0,,0.0,1.0,0.0,0.0,0.0,0.0,0.0,0.0,,0.0,0.0,0.0,0.0,,28,1,0,1,1,6202,1012,352,742,352,0,0.0,1,0,0.0,0.0,0.0,0.0,2,,,,,0,0.41853002700580877,0.09082660121420152,cc_n_cells_e1=6.2e+03 (+0.21); cc_n_celltypes_total=1 (+0.12); cc_edges_total=28 (+0.09),novel
419,EGFR,TAM1/TAM2/microglia,IDH_WT,TAM_microglia,0.0,0.0,0.0,0.0,,,0.0,0.0,0.0,0.0,,0.0,3.0,0.0,0.0,0.0,0.0,0.0,0.0,,0.0,0.0,0.0,0.0,,14,0,1,1,4,12086,25922,9696,2745,2745,0,0.0,0,0,1.0,1.0,10.5,0.0,2,1.0,tumor,growth,"Brennan et al., Cell 2013 (TCGA GBM)",0,0.4184786896203142,0.10160526539549043,cc_edges_total=14 (+0.34); llm_mention_rate=1 (+0.28); cc_n_cells_e1=1.21e+04 (+0.22),"literature gene, other compartment"
420,EGFR,TAM1/TAM2/microglia,IDH_Mutant,TAM_microglia,0.0,0.0,0.0,0.0,,,0.0,0.0,0.0,0.0,,0.0,3.0,0.0,0.0,0.0,0.0,0.0,0.0,,0.0,0.0,0.0,0.0,,14,0,1,1,4,12086,25922,2106,21701,2106,0,0.0,1,0,1.0,1.0,10.5,0.0,2,1.0,tumor,growth,"Brennan et al., Cell 2013 (TCGA GBM)",0,0.4184786896203142,0.10160526539549043,cc_edges_total=14 (+0.34); llm_mention_rate=1 (+0.28); cc_n_cells_e1=1.21e+04 (+0.22),"literature gene, other compartment"
421,PTPRD,cycling_tumor,IDH_WT,tumor,1.0,3.184850354471642,3.184850354471642,120.30182883676825,0.178,0.012,0.16599999999999998,1.0,1.0,1.0,2.9733404170939792,1.0,3.0,0.0,0.0,0.0,0.0,0.0,0.0,,0.0,0.0,0.0,0.0,,1,0,1,1,1,6410,814,5847,663,663,0,0.0,0,0,0.0,0.0,0.0,0.0,2,,,,,0,0.41835405256439107,0.10360406808597158,deg_pooled_log2fc=2.97 (+0.38); cc_n_cells_e1=6.41e+03 (+0.18); deg_pct_diff=0.166 (+0.09),novel
422,CLEC2B,OPC_GABA_like_tumor,IDH_Mutant,tumor,0.0,0.0,0.0,0.0,,,0.0,0.0,0.0,0.0,,0.0,2.0,0.0,0.0,0.0,0.0,0.0,0.0,,0.0,0.0,0.0,0.0,,6,1,0,1,2,6741,14114,1658,11741,1658,0,0.0,1,0,1.0,1.0,3.5,0.0,2,,,,,0,0.41828546178643455,0.06609054689527924,llm_mention_rate=1 (+0.33); cc_n_cells_e1=6.74e+03 (+0.23); llm_mentions_per_run=3.5 (+0.11),novel
423,CLDN11,OPC_GABA_AC_like_tumor,IDH_Mutant,tumor,0.0,0.0,0.0,0.0,,,0.0,0.0,0.0,0.0,,0.0,0.0,0.0,0.0,0.0,0.0,0.0,0.0,,0.0,0.0,0.0,0.0,,2,1,1,1,1,6202,1012,352,742,352,0,0.0,1,0,0.0,0.0,0.0,0.0,2,,,,,0,0.41756390237491214,0.16861740229369032,deg_n_celltypes_sig=0 (+0.60); cc_n_cells_e1=6.2e+03 (+0.19); cc_n_celltypes_total=1 (+0.08),novel
424,CDH2,OPC_GABA_AC_like_tumor,IDH_Mutant,tumor,0.0,0.0,0.0,0.0,,,0.0,0.0,0.0,0.0,,0.0,1.0,0.0,0.0,0.0,0.0,0.0,0.0,,0.0,0.0,0.0,0.0,,32,1,1,1,3,6202,1012,352,742,352,0,0.0,1,0,0.0,0.0,0.0,0.0,2,,,,,0,0.4174873086422341,0.09630111511606378,cc_n_cells_e1=6.2e+03 (+0.23); cc_edges_total=32 (+0.06); cc_n_cells_e2=1.01e+03 (+0.05),novel
425,GRIA3,OPC_GABA_AC_like_tumor,IDH_WT,tumor,0.0,0.0,0.0,0.0,,,0.0,0.0,0.0,0.0,,0.0,1.0,0.0,0.0,0.0,0.0,0.0,0.0,,0.0,0.0,0.0,0.0,,6,0,1,1,2,6202,1012,5384,171,171,0,0.0,0,0,1.0,1.0,1.0,0.5,2,2.0,tumor,neuron_tumor,"AMPAR subunit family; Venkatesh et al., Nature 2019",1,0.4173056797546992,0.13273837027401875,llm_mentions_per_run=1 (+0.48); llm_ctx_mention_rate=0.5 (+0.39); llm_mention_rate=1 (+0.36),literature tier 2 (label)
426,GRIA3,AC_like_tumor,IDH_WT,tumor,0.0,0.0,0.0,0.0,,,0.0,0.0,0.0,0.0,,0.0,1.0,0.0,0.0,0.0,0.0,0.0,0.0,,0.0,0.0,0.0,0.0,,6,0,1,1,2,72549,446,64812,108,108,0,0.0,0,0,1.0,1.0,1.0,0.5,2,2.0,tumor,neuron_tumor,"AMPAR subunit family; Venkatesh et al., Nature 2019",1,0.4173056797546992,0.13273837027401875,llm_mentions_per_run=1 (+0.48); llm_ctx_mention_rate=0.5 (+0.39); llm_mention_rate=1 (+0.36),literature tier 2 (label)
427,HLA-DPA1,TAM1/TAM2/microglia,IDH_Mutant,TAM_microglia,1.0,-1.5185155949667548,1.5185155949667548,300.0,0.843,0.958,-0.11499999999999999,-1.0,0.0,0.0,-0.8565881023929776,1.0,4.0,4.0,0.0,2.0,2.0,0.0333971442545754,0.016534185100048025,0.0,1.0,1.0,0.0,4.0,0.0,14,1,0,1,5,12086,25922,2106,21701,2106,0,-0.0,1,1,1.0,1.0,2.0,0.0,2,,,,,0,0.417163135095297,0.1309739129301815,cc_edges_total=14 (+0.26); cc_n_cells_e1=1.21e+04 (+0.25); llm_mention_rate=1 (+0.20),novel
428,ITGB1,TAM1/TAM2/microglia,IDH_WT,TAM_microglia,0.0,0.0,0.0,0.0,,,0.0,0.0,0.0,0.0,,0.0,2.0,0.0,12.0,12.0,0.0,0.0342673920775937,0.01516661356754101,0.0,2.0,7.0,10.0,12.0,1.0,36,0,1,2,3,12086,25922,9696,2745,2745,0,0.0,0,0,1.0,1.0,2.0,0.0,2,,,,,0,0.41694936418750556,0.07717837404972742,cc_n_cells_e1=1.21e+04 (+0.23); llm_mention_rate=1 (+0.23); cc_n_partners=7 (+0.14),novel
429,CLEC2B,OPC_GABA_like_tumor,IDH_WT,tumor,0.0,0.0,0.0,0.0,,,0.0,0.0,0.0,0.0,,0.0,2.0,0.0,0.0,0.0,0.0,0.0,0.0,,0.0,0.0,0.0,0.0,,6,1,0,1,2,6741,14114,5040,1935,1935,0,0.0,0,0,1.0,1.0,3.5,0.0,2,,,,,0,0.4154265307258639,0.06693454737231797,llm_mention_rate=1 (+0.33); cc_n_cells_e1=6.74e+03 (+0.23); llm_mentions_per_run=3.5 (+0.11),novel
430,HLA-DPB1,TAM1/TAM2/microglia,IDH_WT,TAM_microglia,1.0,-0.3761779466778892,0.3761779466778892,5.581407958767327,0.92,0.871,0.049000000000000044,-1.0,1.0,1.0,-1.4002956125942698,1.0,5.0,4.0,0.0,2.0,2.0,0.0313832325589142,0.013363812357826549,0.0,1.0,1.0,0.0,4.0,0.0,14,1,0,1,5,12086,25922,9696,2745,2745,0,-0.0,0,1,1.0,1.0,2.0,0.0,2,,,,,0,0.4145407392321756,0.06767864513749497,cc_edges_total=14 (+0.25); cc_n_cells_e1=1.21e+04 (+0.25); llm_mention_rate=1 (+0.23),novel
431,SLITRK2,cycling_tumor,IDH_WT,tumor,1.0,2.495374877771578,2.495374877771578,168.2567280558554,0.299,0.029,0.26999999999999996,1.0,1.0,1.0,2.4674687064605023,1.0,2.0,1.0,0.0,1.0,0.0,0.0011930593981233,0.0011930593981233,0.0,1.0,1.0,0.0,1.0,1.0,1,1,0,1,1,6410,814,5847,663,663,0,1.0,0,1,0.0,0.0,0.0,0.0,2,,,,,0,0.4142177734871616,0.09920956158467048,deg_pooled_log2fc=2.47 (+0.42); cc_n_cells_e1=6.41e+03 (+0.19); deg_pct_diff=0.27 (+0.09),novel
432,HLA-DRA,OPC_GABA_like_tumor,IDH_WT,tumor,1.0,-2.6403241447077264,2.6403241447077264,47.235486409090676,0.113,0.266,-0.15300000000000002,-1.0,1.0,1.0,-2.303886554092712,1.0,5.0,2.0,0.0,0.0,2.0,0.0029418197824012,0.0015940634976052007,0.0,1.0,1.0,2.0,2.0,-1.0,20,1,0,1,7,6741,14114,5040,1935,1935,0,1.0,0,1,1.0,1.0,41.0,1.0,2,2.0,TAM_microglia,immune_synapse,MHC-II antigen presentation (pathway-level),0,0.4129233104270513,0.0795743032508263,llm_ctx_mention_rate=1 (+0.89); cc_edges_total=20 (+0.32); llm_mention_rate=1 (+0.25),"literature gene, other compartment"
433,HLA-DPB1,OPC_GABA_like_tumor,IDH_WT,tumor,0.0,0.0,0.0,0.0,,,0.0,0.0,0.0,0.0,,0.0,5.0,0.0,0.0,0.0,0.0,0.0,0.0,,0.0,0.0,0.0,0.0,,14,1,0,1,5,6741,14114,5040,1935,1935,0,0.0,0,0,1.0,1.0,2.0,0.0,2,,,,,0,0.4126959417504802,0.06503720849806717,cc_edges_total=14 (+0.29); llm_mention_rate=1 (+0.26); cc_n_cells_e1=6.74e+03 (+0.25),novel
434,HLA-DRA,OPC_GABA_like_tumor,IDH_Mutant,tumor,1.0,-2.2542419956913298,2.2542419956913298,94.50657435120421,0.119,0.306,-0.187,-1.0,1.0,1.0,-2.303886554092712,1.0,5.0,2.0,0.0,0.0,2.0,0.0029418197824012,0.0015940634976052007,0.0,1.0,1.0,2.0,2.0,-1.0,20,1,0,1,7,6741,14114,1658,11741,1658,0,1.0,1,1,1.0,1.0,41.0,1.0,2,2.0,TAM_microglia,immune_synapse,MHC-II antigen presentation (pathway-level),0,0.4114294701579902,0.07594198651451914,llm_ctx_mention_rate=1 (+0.89); cc_edges_total=20 (+0.32); llm_mention_rate=1 (+0.25),"literature gene, other compartment"
435,JAM2,cycling_tumor,IDH_WT,tumor,1.0,0.814318605370147,0.814318605370147,87.44936647563978,0.407,0.1,0.30699999999999994,1.0,1.0,1.0,0.8274191381313104,1.0,2.0,5.0,1.0,6.0,0.0,0.0021428578601446,0.0016103557452642166,0.0,1.0,3.0,1.0,6.0,1.0,6,1,1,1,1,6410,814,5847,663,663,0,1.0,0,1,0.0,0.0,0.0,0.0,2,,,,,0,0.4113298800813543,0.050751995756750434,cc_n_partners=3 (+0.40); cc_n_cells_e1=6.41e+03 (+0.18); cc_edges_e2=6 (+0.14),novel
436,SLIT1,cycling_tumor,IDH_WT,tumor,1.0,3.0824325708061653,3.0824325708061653,119.62328321696671,0.143,0.006,0.13699999999999998,1.0,1.0,1.0,2.852813420732657,1.0,2.0,0.0,0.0,0.0,0.0,0.0,0.0,,0.0,0.0,0.0,0.0,,2,1,0,1,1,6410,814,5847,663,663,0,0.0,0,0,0.0,0.0,0.0,0.0,2,,,,,0,0.4103203194585233,0.015080299959227902,deg_pooled_log2fc=2.85 (+0.38); cc_n_cells_e1=6.41e+03 (+0.19); deg_pct_diff=0.137 (+0.09),novel
437,ITGB1,cycling_tumor,IDH_Mutant,tumor,0.0,0.0,0.0,0.0,,,0.0,0.0,0.0,0.0,,0.0,1.0,0.0,12.0,12.0,0.0,0.029255088299547,0.01293040491931679,0.0,2.0,7.0,5.0,12.0,1.0,36,0,1,2,3,6410,814,270,136,136,0,0.0,1,0,1.0,1.0,2.0,0.0,2,,,,,0,0.4098194408860955,0.14334102038745666,cc_n_cells_e1=6.41e+03 (+0.22); llm_mention_rate=1 (+0.22); llm_mentions_per_run=2 (+0.10),novel
438,ITGB1,TAM1/TAM2/microglia,IDH_Mutant,TAM_microglia,0.0,0.0,0.0,0.0,,,0.0,0.0,0.0,0.0,,0.0,1.0,0.0,12.0,12.0,0.0,0.0342673920775937,0.01516661356754101,0.0,2.0,7.0,10.0,12.0,1.0,36,0,1,2,3,12086,25922,2106,21701,2106,0,0.0,1,0,1.0,1.0,2.0,0.0,2,,,,,0,0.409196724983115,0.08901768840603691,cc_n_cells_e1=1.21e+04 (+0.22); llm_mention_rate=1 (+0.22); llm_mentions_per_run=2 (+0.10),novel
439,NLGN3,cycling_tumor,IDH_WT,tumor,1.0,1.961368791254672,1.961368791254672,161.61789112875945,0.315,0.035,0.28,1.0,1.0,1.0,1.8474406918200492,1.0,2.0,0.0,6.0,6.0,0.0,0.0082445257936692,0.0026747700108033256,0.0,1.0,4.0,0.0,6.0,1.0,6,0,1,1,1,6410,814,5847,663,663,0,1.0,0,1,0.5,0.5,0.5,0.5,2,1.0,tumor,neuron_tumor,"Venkatesh et al., Cell 2015; Venkatesh et al., Nature 2017",1,0.4090385257472344,0.02851197921638562,deg_pooled_log2fc=1.85 (+0.55); llm_ctx_mention_rate=0.5 (+0.26); cc_n_partners=4 (+0.24),literature tier 1 (label)
440,CLDN11,cycling_tumor,IDH_WT,tumor,1.0,4.00677585319188,4.00677585319188,300.0,0.354,0.015,0.33899999999999997,1.0,0.0,0.0,3.772049796151734,1.0,2.0,1.0,1.0,2.0,0.0,0.0009540821944767284,0.0009540821944767284,0.0,1.0,1.0,0.0,2.0,1.0,2,1,1,1,1,6410,814,5847,663,663,0,1.0,0,1,0.0,0.0,0.0,0.0,2,,,,,0,0.4087763999467026,0.06069770757600997,deg_pooled_log2fc=3.77 (+0.42); cc_n_cells_e1=6.41e+03 (+0.19); cc_edges_e2=2 (+0.14),novel
441,PCDHGC3,cycling_tumor,IDH_WT,tumor,1.0,2.997778423563167,2.997778423563167,256.31077114322164,0.353,0.023,0.32999999999999996,1.0,1.0,1.0,2.766243443713352,1.0,3.0,1.0,1.0,2.0,0.0,0.000909242078728849,0.000909242078728849,0.0,1.0,1.0,0.0,2.0,1.0,2,1,1,1,1,6410,814,5847,663,663,0,1.0,0,1,0.0,0.0,0.0,0.0,2,,,,,0,0.408586578863998,0.06796898763634988,deg_pooled_log2fc=2.77 (+0.42); cc_n_cells_e1=6.41e+03 (+0.19); cc_edges_e2=2 (+0.14),novel
442,MRC1,OPC_GABA_like_tumor,IDH_Mutant,tumor,0.0,0.0,0.0,0.0,,,0.0,0.0,0.0,0.0,,0.0,0.0,0.0,0.0,0.0,0.0,0.0,0.0,,0.0,0.0,0.0,0.0,,4,0,1,1,1,6741,14114,1658,11741,1658,0,0.0,1,0,0.0,0.0,0.0,0.0,2,,,,,0,0.4084672388405891,0.08556166495725298,deg_n_celltypes_sig=0 (+0.58); cc_n_cells_e1=6.74e+03 (+0.19); cc_n_celltypes_total=1 (+0.07),novel
443,CD44,OPC_GABA_AC_like_tumor,IDH_Mutant,tumor,0.0,0.0,0.0,0.0,,,0.0,0.0,0.0,0.0,,0.0,1.0,0.0,0.0,0.0,0.0,0.0,0.0,,0.0,0.0,0.0,0.0,,48,0,1,4,1,6202,1012,352,742,352,0,0.0,1,0,1.0,1.0,2.0,0.0,2,1.0,tumor,myeloid_bridge,"Pietras et al., Cell Stem Cell 2014",1,0.40787159660339595,0.05773002642001518,cc_edges_total=48 (+1.15); llm_mention_rate=1 (+0.25); cc_n_cells_e1=6.2e+03 (+0.22),literature tier 1 (label)
444,ITGB8,OPC_GABA_like_tumor,IDH_WT,tumor,0.0,0.0,0.0,0.0,,,0.0,0.0,0.0,0.0,,0.0,0.0,0.0,2.0,1.0,1.0,0.001639426134793,0.0013962872285488,0.0,1.0,1.0,0.0,2.0,0.0,3,0,1,1,2,6741,14114,5040,1935,1935,0,0.0,0,0,0.0,0.0,0.0,0.0,2,,,,,0,0.4075358714905798,0.15275452602684295,deg_n_celltypes_sig=0 (+0.63); cc_n_cells_e1=6.74e+03 (+0.21); ctx_n_e1=5.04e+03 (+0.03),novel
445,CD44,cycling_tumor,IDH_Mutant,tumor,0.0,0.0,0.0,0.0,,,0.0,0.0,0.0,0.0,,0.0,1.0,0.0,0.0,0.0,0.0,0.0,0.0,,0.0,0.0,0.0,0.0,,48,0,1,4,1,6410,814,270,136,136,0,0.0,1,0,1.0,1.0,2.0,0.0,2,1.0,tumor,myeloid_bridge,"Pietras et al., Cell Stem Cell 2014",1,0.4067529224231837,0.05647932365021261,cc_edges_total=48 (+1.15); llm_mention_rate=1 (+0.25); cc_n_cells_e1=6.41e+03 (+0.22),literature tier 1 (label)
446,CD44,AC_like_tumor,IDH_Mutant,tumor,0.0,0.0,0.0,0.0,,,0.0,0.0,0.0,0.0,,0.0,1.0,0.0,0.0,0.0,0.0,0.0,0.0,,0.0,0.0,0.0,0.0,,48,0,1,4,1,72549,446,4249,283,283,0,0.0,1,0,1.0,1.0,2.0,0.0,2,1.0,tumor,myeloid_bridge,"Pietras et al., Cell Stem Cell 2014",1,0.4067529224231837,0.05647932365021261,cc_edges_total=48 (+1.15); llm_mention_rate=1 (+0.25); cc_n_cells_e1=7.25e+04 (+0.22),literature tier 1 (label)
447,TYROBP,OPC_GABA_like_tumor,IDH_Mutant,tumor,1.0,-1.7901404802287604,1.7901404802287604,17.353977302000875,0.108,0.185,-0.077,-1.0,1.0,1.0,-1.735676282906917,1.0,6.0,0.0,0.0,0.0,0.0,0.0,0.0,,0.0,0.0,0.0,0.0,,57,0,1,2,2,6741,14114,1658,11741,1658,0,-0.0,1,0,1.0,1.0,4.5,0.0,2,2.0,TAM_microglia,myeloid_bridge,TREM2 adaptor (pathway-level),0,0.40603342170242807,0.1533189834726875,cc_edges_total=57 (+1.02); cc_n_cells_e1=6.74e+03 (+0.24); llm_mention_rate=1 (+0.21),"literature gene, other compartment"
448,BSG,T cell,IDH_Mutant,T_cell,0.0,0.0,0.0,0.0,,,0.0,0.0,0.0,0.0,,0.0,1.0,0.0,0.0,0.0,0.0,0.0,0.0,,0.0,0.0,0.0,0.0,,56,0,1,1,4,2662,1463,941,334,334,0,0.0,1,0,0.5,0.5,0.5,0.0,2,,,,,0,0.4011878092085396,0.1162423338080477,cc_edges_total=56 (+0.87); llm_mention_rate=0.5 (+0.22); deg_n_celltypes_sig=1 (+0.07),novel
449,MDK,cycling_tumor,IDH_Mutant,tumor,1.0,0.9113864741046732,0.9113864741046732,2.8696231249311794,0.257,0.059,0.198,1.0,1.0,0.0,-0.3739503020192844,1.0,1.0,28.0,0.0,28.0,0.0,0.0180550672770162,0.0065825254786666745,0.0,1.0,7.0,7.0,28.0,1.0,28,1,0,1,1,6410,814,270,136,136,0,1.0,1,1,0.0,0.0,0.0,0.0,2,,,,,0,0.4007878346784758,0.07923602768339284,cc_n_cells_e1=6.41e+03 (+0.19); deg_pct_diff=0.198 (+0.11); cc_n_celltypes_total=1 (+0.09),novel
450,CD69,AC_like_tumor,IDH_WT,tumor,0.0,0.0,0.0,0.0,,,0.0,0.0,0.0,0.0,,0.0,2.0,0.0,0.0,0.0,0.0,0.0,0.0,,0.0,0.0,0.0,0.0,,6,1,0,1,2,72549,446,64812,108,108,0,0.0,0,0,1.0,1.0,2.0,0.0,2,,,,,0,0.4001936189646201,0.06868579430979993,llm_mention_rate=1 (+0.33); cc_n_cells_e1=7.25e+04 (+0.23); llm_mentions_per_run=2 (+0.11),novel
451,CD69,OPC_GABA_AC_like_tumor,IDH_WT,tumor,0.0,0.0,0.0,0.0,,,0.0,0.0,0.0,0.0,,0.0,2.0,0.0,0.0,0.0,0.0,0.0,0.0,,0.0,0.0,0.0,0.0,,6,1,0,1,2,6202,1012,5384,171,171,0,0.0,0,0,1.0,1.0,2.0,0.0,2,,,,,0,0.4001936189646201,0.06868579430979993,llm_mention_rate=1 (+0.33); cc_n_cells_e1=6.2e+03 (+0.23); llm_mentions_per_run=2 (+0.11),novel
452,CD44,OPC_GABA_AC_like_tumor,IDH_WT,tumor,0.0,0.0,0.0,0.0,,,0.0,0.0,0.0,0.0,,0.0,4.0,0.0,0.0,0.0,0.0,0.0,0.0,,0.0,0.0,0.0,0.0,,48,0,1,4,1,6202,1012,5384,171,171,0,0.0,0,0,1.0,1.0,2.0,0.0,2,1.0,tumor,myeloid_bridge,"Pietras et al., Cell Stem Cell 2014",1,0.3993869098423676,0.0592265935979105,cc_edges_total=48 (+1.16); llm_mention_rate=1 (+0.25); cc_n_cells_e1=6.2e+03 (+0.23),literature tier 1 (label)
453,GRIA3,OPC_GABA_AC_like_tumor,IDH_Mutant,tumor,0.0,0.0,0.0,0.0,,,0.0,0.0,0.0,0.0,,0.0,2.0,0.0,0.0,0.0,0.0,0.0,0.0,,0.0,0.0,0.0,0.0,,6,0,1,1,2,6202,1012,352,742,352,0,0.0,1,0,1.0,1.0,1.0,0.5,2,2.0,tumor,neuron_tumor,"AMPAR subunit family; Venkatesh et al., Nature 2019",1,0.39847479801783214,0.1522971577689694,llm_mentions_per_run=1 (+0.49); llm_ctx_mention_rate=0.5 (+0.40); llm_mention_rate=1 (+0.36),literature tier 2 (label)
454,CD44,AC_like_tumor,IDH_WT,tumor,0.0,0.0,0.0,0.0,,,0.0,0.0,0.0,0.0,,0.0,4.0,0.0,0.0,0.0,0.0,0.0,0.0,,0.0,0.0,0.0,0.0,,48,0,1,4,1,72549,446,64812,108,108,0,0.0,0,0,1.0,1.0,2.0,0.0,2,1.0,tumor,myeloid_bridge,"Pietras et al., Cell Stem Cell 2014",1,0.3983093699681002,0.057614411765174664,cc_edges_total=48 (+1.16); llm_mention_rate=1 (+0.25); cc_n_cells_e1=7.25e+04 (+0.23),literature tier 1 (label)
455,C3AR1,TAM1/TAM2/microglia,IDH_WT,TAM_microglia,1.0,0.8191693115065118,0.8191693115065118,93.9981608544624,0.574,0.363,0.21099999999999997,1.0,1.0,1.0,1.4998452390535073,1.0,1.0,0.0,4.0,2.0,2.0,0.0977093082783739,0.05098393546440895,0.0,1.0,1.0,0.0,4.0,0.0,4,0,1,1,1,12086,25922,9696,2745,2745,0,0.0,0,1,0.0,0.0,0.0,0.0,2,,,,,0,0.39739524575017293,0.03679905430653461,deg_pooled_log2fc=1.5 (+0.39); cc_n_cells_e1=1.21e+04 (+0.19); cc_edges_e2=2 (+0.15),novel
456,CD69,cycling_tumor,IDH_WT,tumor,0.0,0.0,0.0,0.0,,,0.0,0.0,0.0,0.0,,0.0,2.0,0.0,0.0,0.0,0.0,0.0,0.0,,0.0,0.0,0.0,0.0,,6,1,0,1,2,6410,814,5847,663,663,0,0.0,0,0,1.0,1.0,2.0,0.0,2,,,,,0,0.39709451856307093,0.06736944072182793,llm_mention_rate=1 (+0.33); cc_n_cells_e1=6.41e+03 (+0.23); llm_mentions_per_run=2 (+0.11),novel
457,CLDN11,OPC_GABA_like_tumor,IDH_Mutant,tumor,0.0,0.0,0.0,0.0,,,0.0,0.0,0.0,0.0,,0.0,0.0,0.0,0.0,0.0,0.0,0.0,0.0,,0.0,0.0,0.0,0.0,,2,1,1,1,1,6741,14114,1658,11741,1658,0,0.0,1,0,0.0,0.0,0.0,0.0,2,,,,,0,0.39378374307025493,0.1680175553401035,deg_n_celltypes_sig=0 (+0.60); cc_n_cells_e1=6.74e+03 (+0.19); cc_n_celltypes_total=1 (+0.07),novel
458,ITGB8,TAM1/TAM2/microglia,IDH_WT,TAM_microglia,0.0,0.0,0.0,0.0,,,0.0,0.0,0.0,0.0,,0.0,0.0,0.0,0.0,0.0,0.0,0.0,0.0,,0.0,0.0,0.0,0.0,,3,0,1,1,2,12086,25922,9696,2745,2745,0,0.0,0,0,0.0,0.0,0.0,0.0,2,,,,,0,0.39377569794804446,0.14801109814029553,deg_n_celltypes_sig=0 (+0.63); cc_n_cells_e1=1.21e+04 (+0.21); ctx_n_e1=9.7e+03 (+0.03),novel
459,HBEGF,OPC_GABA_like_tumor,IDH_Mutant,tumor,0.0,0.0,0.0,0.0,,,0.0,0.0,0.0,0.0,,0.0,0.0,0.0,0.0,0.0,0.0,0.0,0.0,,0.0,0.0,0.0,0.0,,7,1,0,1,1,6741,14114,1658,11741,1658,0,0.0,1,0,0.5,0.5,0.5,0.5,2,,,,,0,0.39344677923776555,0.09121834969240623,deg_n_celltypes_sig=0 (+0.35); llm_mention_rate=0.5 (+0.27); cc_n_cells_e1=6.74e+03 (+0.20),novel
460,COL9A1,AC_like_tumor,IDH_Mutant,tumor,0.0,0.0,0.0,0.0,,,0.0,0.0,0.0,0.0,,0.0,0.0,0.0,0.0,0.0,0.0,0.0,0.0,,0.0,0.0,0.0,0.0,,5,1,0,1,1,72549,446,4249,283,283,0,0.0,1,0,0.0,0.0,0.0,0.0,2,,,,,0,0.3928821237500817,0.09558921969066396,deg_n_celltypes_sig=0 (+0.40); cc_n_cells_e1=7.25e+04 (+0.19); cc_n_celltypes_total=1 (+0.08),novel
461,MERTK,TAM1/TAM2/microglia,IDH_WT,TAM_microglia,1.0,0.9037251374118256,0.9037251374118256,54.62848412842265,0.336,0.193,0.14300000000000002,1.0,1.0,1.0,1.885323092163253,1.0,1.0,0.0,1.0,1.0,0.0,0.012077162692356,0.012077162692356,0.0,1.0,1.0,0.0,1.0,1.0,1,0,1,1,1,12086,25922,9696,2745,2745,0,1.0,0,1,0.0,0.0,0.0,0.0,2,,,,,0,0.39198768662732514,0.07058300093726896,deg_pooled_log2fc=1.89 (+0.41); cc_n_cells_e1=1.21e+04 (+0.17); deg_pct_diff=0.143 (+0.09),novel
462,CXCR4,TAM1/TAM2/microglia,IDH_Mutant,TAM_microglia,1.0,-0.4659316323543718,0.4659316323543718,44.34663990905859,0.499,0.658,-0.15900000000000003,-1.0,0.0,0.0,,0.0,3.0,0.0,22.0,11.0,11.0,0.0917041673934359,0.03878429271831302,0.0,1.0,6.0,20.0,22.0,0.0,44,0,1,1,2,12086,25922,2106,21701,2106,0,-0.0,1,1,0.0,0.0,0.0,0.0,2,1.0,tumor,growth,"Rubin et al., PNAS 2003",0,0.3911939693858401,0.15491145827933597,cc_edges_total=44 (+1.07); cc_n_cells_e1=1.21e+04 (+0.23); cc_edges_e2=11 (+0.14),"literature gene, other compartment"
463,CLSTN1,TAM1/TAM2/microglia,IDH_Mutant,TAM_microglia,1.0,0.562912599527329,0.562912599527329,4.935691868432048,0.132,0.084,0.048,1.0,1.0,1.0,0.6226957303874081,1.0,1.0,0.0,0.0,0.0,0.0,0.0,0.0,,0.0,0.0,0.0,0.0,,12,0,1,1,2,12086,25922,2106,21701,2106,0,0.0,1,0,0.5,0.5,3.0,0.0,2,,,,,0,0.3903799833602174,0.09292264509929334,llm_mention_rate=0.5 (+0.30); cc_n_cells_e1=1.21e+04 (+0.22); llm_mentions_per_run=3 (+0.09),novel
464,MIF,AC_like_tumor,IDH_WT,tumor,0.0,0.0,0.0,0.0,,,0.0,0.0,0.0,0.0,,0.0,3.0,12.0,0.0,6.0,6.0,0.0301326100099938,0.01579069311718281,0.0,1.0,2.0,12.0,12.0,0.0,66,1,0,1,6,72549,446,64812,108,108,0,0.0,0,0,0.5,0.5,1.5,0.0,2,1.0,tumor,myeloid_bridge,"Ghoochani et al., Oncotarget 2016",1,0.389639918702131,0.09333337368122319,cc_edges_total=66 (+0.81); llm_mentions_per_run=1.5 (+0.49); cc_n_partners=2 (+0.43),literature tier 1 (label)
465,HLA-DPB1,TAM1/TAM2/microglia,IDH_Mutant,TAM_microglia,1.0,-1.892655573057629,1.892655573057629,300.0,0.692,0.928,-0.2360000000000001,-1.0,1.0,1.0,-1.4002956125942698,1.0,5.0,4.0,0.0,2.0,2.0,0.0313832325589142,0.013363812357826549,0.0,1.0,1.0,0.0,4.0,0.0,14,1,0,1,5,12086,25922,2106,21701,2106,0,-0.0,1,1,1.0,1.0,2.0,0.0,2,,,,,0,0.3892696255734642,0.06458441373897288,cc_n_cells_e1=1.21e+04 (+0.25); cc_edges_total=14 (+0.24); llm_mention_rate=1 (+0.20),novel
466,ENTPD1,TAM1/TAM2/microglia,IDH_Mutant,TAM_microglia,1.0,1.0096441126957014,1.0096441126957014,41.50421303315566,0.355,0.205,0.15,1.0,1.0,1.0,1.3567662403519276,1.0,1.0,3.0,1.0,4.0,0.0,0.0134956831199029,0.007203532889107,0.0,1.0,2.0,1.0,4.0,1.0,4,1,1,1,1,12086,25922,2106,21701,2106,0,1.0,1,1,0.0,0.0,0.0,0.0,2,1.0,TAM_microglia,myeloid_bridge,"Takenaka et al., Nat Neurosci 2019",1,0.38891300432688036,0.08762792754881997,cc_n_partners=2 (+0.47); deg_pooled_log2fc=1.36 (+0.44); cc_n_cells_e1=1.21e+04 (+0.17),literature tier 1 (label)
467,MDK,OPC_GABA_like_tumor,IDH_Mutant,tumor,0.0,0.0,0.0,0.0,,,0.0,0.0,0.0,0.0,,0.0,1.0,0.0,0.0,0.0,0.0,0.0,0.0,,0.0,0.0,0.0,0.0,,28,1,0,1,1,6741,14114,1658,11741,1658,0,0.0,1,0,0.0,0.0,0.0,0.0,2,,,,,0,0.3885084414514425,0.07593520213149389,cc_n_cells_e1=6.74e+03 (+0.21); cc_n_celltypes_total=1 (+0.11); cc_edges_total=28 (+0.08),novel
468,SLC1A3,OPC_GABA_like_tumor,IDH_WT,tumor,0.0,0.0,0.0,0.0,,,0.0,0.0,0.0,0.0,,0.0,2.0,0.0,0.0,0.0,0.0,0.0,0.0,,0.0,0.0,0.0,0.0,,26,1,0,1,2,6741,14114,5040,1935,1935,0,0.0,0,0,0.0,0.0,0.0,0.0,2,,,,,0,0.387510949130343,0.08353189139022807,cc_n_cells_e1=6.74e+03 (+0.24); cc_edges_total=26 (+0.10); cc_n_celltypes_total=2 (+0.07),novel
469,MDK,OPC_GABA_like_tumor,IDH_WT,tumor,1.0,0.4880890728665839,0.4880890728665839,54.96951463507859,0.306,0.125,0.181,1.0,0.0,0.0,,0.0,2.0,0.0,0.0,0.0,0.0,0.0,0.0,,0.0,0.0,0.0,0.0,,28,1,0,1,1,6741,14114,5040,1935,1935,0,0.0,0,0,0.0,0.0,0.0,0.0,2,,,,,0,0.38708543623523495,0.043210743091611076,cc_n_cells_e1=6.74e+03 (+0.21); deg_pct_diff=0.181 (+0.12); deg_pct_e1=0.125 (+0.10),novel
470,SLC1A1,TAM1/TAM2/microglia,IDH_WT,TAM_microglia,0.0,0.0,0.0,0.0,,,0.0,0.0,0.0,0.0,,0.0,2.0,0.0,0.0,0.0,0.0,0.0,0.0,,0.0,0.0,0.0,0.0,,13,1,0,1,1,12086,25922,9696,2745,2745,0,0.0,0,0,0.0,0.0,0.0,0.0,2,,,,,0,0.38616274925308314,0.0997697948878107,cc_edges_total=13 (+0.55); cc_n_cells_e1=1.21e+04 (+0.22); cc_n_celltypes_total=1 (+0.09),novel
471,PTGER4,OPC_GABA_AC_like_tumor,IDH_WT,tumor,0.0,0.0,0.0,0.0,,,0.0,0.0,0.0,0.0,,0.0,2.0,0.0,0.0,0.0,0.0,0.0,0.0,,0.0,0.0,0.0,0.0,,14,0,1,1,1,6202,1012,5384,171,171,0,0.0,0,0,0.0,0.0,0.0,0.0,2,,,,,0,0.3849584891503751,0.12651601918261415,cc_edges_total=14 (+0.44); cc_n_cells_e1=6.2e+03 (+0.22); cc_n_celltypes_total=1 (+0.11),novel
472,MIF,cycling_tumor,IDH_WT,tumor,0.0,0.0,0.0,0.0,,,0.0,0.0,0.0,0.0,,0.0,3.0,12.0,0.0,6.0,6.0,0.0917041673934359,0.03640828598905308,0.0,1.0,2.0,12.0,12.0,0.0,66,1,0,1,6,6410,814,5847,663,663,0,0.0,0,0,0.5,0.5,1.5,0.0,2,1.0,tumor,myeloid_bridge,"Ghoochani et al., Oncotarget 2016",1,0.38471890099186246,0.09634929155797024,cc_edges_total=66 (+0.81); llm_mentions_per_run=1.5 (+0.49); cc_n_partners=2 (+0.43),literature tier 1 (label)
473,CADM1,OPC_GABA_AC_like_tumor,IDH_Mutant,tumor,0.0,0.0,0.0,0.0,,,0.0,0.0,0.0,0.0,,0.0,2.0,0.0,0.0,0.0,0.0,0.0,0.0,,0.0,0.0,0.0,0.0,,32,1,1,1,3,6202,1012,352,742,352,0,0.0,1,0,0.0,0.0,0.0,0.0,2,,,,,0,0.38393865597604143,0.13050587380698228,cc_n_cells_e1=6.2e+03 (+0.24); cc_edges_total=32 (+0.07); cc_n_celltypes_total=3 (+0.05),novel
474,PTGER4,AC_like_tumor,IDH_WT,tumor,0.0,0.0,0.0,0.0,,,0.0,0.0,0.0,0.0,,0.0,2.0,0.0,0.0,0.0,0.0,0.0,0.0,,0.0,0.0,0.0,0.0,,14,0,1,1,1,72549,446,64812,108,108,0,0.0,0,0,0.0,0.0,0.0,0.0,2,,,,,0,0.38389605063036386,0.12605474566012725,cc_edges_total=14 (+0.44); cc_n_cells_e1=7.25e+04 (+0.22); cc_n_celltypes_total=1 (+0.11),novel
475,ENTPD1,TAM1/TAM2/microglia,IDH_WT,TAM_microglia,1.0,0.6512541342894388,0.6512541342894388,28.708785406810396,0.234,0.137,0.097,1.0,1.0,1.0,1.3567662403519276,1.0,1.0,3.0,1.0,4.0,0.0,0.0134956831199029,0.007203532889107,0.0,1.0,2.0,1.0,4.0,1.0,4,1,1,1,1,12086,25922,9696,2745,2745,0,1.0,0,1,0.0,0.0,0.0,0.0,2,1.0,TAM_microglia,myeloid_bridge,"Takenaka et al., Nat Neurosci 2019",1,0.38365976811248204,0.08166105521074767,cc_n_partners=2 (+0.47); deg_pooled_log2fc=1.36 (+0.44); cc_n_cells_e1=1.21e+04 (+0.17),literature tier 1 (label)
476,CD99,cycling_tumor,IDH_WT,tumor,1.0,-0.4001546013152632,0.4001546013152632,20.568767120890698,0.572,0.267,0.30499999999999994,-1.0,1.0,1.0,-0.6162220488602379,1.0,1.0,10.0,6.0,8.0,8.0,0.0093598934920334,0.004668256872639797,0.01,1.0,3.0,14.0,16.0,0.0,86,1,1,1,4,6410,814,5847,663,663,0,-0.0,0,1,0.0,0.0,0.0,0.0,2,2.0,tumor,immune_synapse,Glioma invasion marker (limited functional data),1,0.383447406102747,0.09618595967129447,cc_edges_total=86 (+1.15); cc_n_partners=3 (+0.29); cc_n_cells_e1=6.41e+03 (+0.21),literature tier 2 (label)
477,COL9A1,OPC_GABA_AC_like_tumor,IDH_Mutant,tumor,0.0,0.0,0.0,0.0,,,0.0,0.0,0.0,0.0,,0.0,0.0,0.0,0.0,0.0,0.0,0.0,0.0,,0.0,0.0,0.0,0.0,,5,1,0,1,1,6202,1012,352,742,352,0,0.0,1,0,0.0,0.0,0.0,0.0,2,,,,,0,0.38282973302227574,0.1028907561190331,deg_n_celltypes_sig=0 (+0.39); cc_n_cells_e1=6.2e+03 (+0.19); cc_n_celltypes_total=1 (+0.08),novel
478,PTGER4,cycling_tumor,IDH_WT,tumor,0.0,0.0,0.0,0.0,,,0.0,0.0,0.0,0.0,,0.0,2.0,0.0,0.0,0.0,0.0,0.0,0.0,,0.0,0.0,0.0,0.0,,14,0,1,1,1,6410,814,5847,663,663,0,0.0,0,0,0.0,0.0,0.0,0.0,2,,,,,0,0.3823971117995801,0.12546229160968128,cc_edges_total=14 (+0.44); cc_n_cells_e1=6.41e+03 (+0.22); cc_n_celltypes_total=1 (+0.11),novel
479,TGFBR2,TAM1/TAM2/microglia,IDH_WT,TAM_microglia,1.0,0.5692720779110882,0.5692720779110882,44.060814643964726,0.389,0.246,0.14300000000000002,1.0,1.0,1.0,0.9688495432510398,1.0,1.0,0.0,4.0,2.0,2.0,0.0050238491740621,0.003124057670555575,0.0,1.0,1.0,0.0,4.0,0.0,4,0,1,1,1,12086,25922,9696,2745,2745,0,0.0,0,1,0.0,0.0,0.0,0.0,2,,,,,0,0.3814197164904697,0.06804555272901079,cc_n_cells_e1=1.21e+04 (+0.18); cc_edges_e2=2 (+0.14); deg_pct_diff=0.143 (+0.11),novel
480,MIF,OPC_GABA_AC_like_tumor,IDH_WT,tumor,1.0,0.8205378996943107,0.8205378996943107,2.5517273503598554,0.468,0.264,0.20400000000000001,1.0,0.0,0.0,0.6652176027471779,1.0,3.0,12.0,0.0,6.0,6.0,0.0397126271796259,0.020401029579696084,0.0,1.0,2.0,12.0,12.0,0.0,66,1,0,1,6,6202,1012,5384,171,171,0,0.0,0,1,0.5,0.5,1.5,0.0,2,1.0,tumor,myeloid_bridge,"Ghoochani et al., Oncotarget 2016",1,0.38060342502870753,0.11184200655083174,cc_edges_total=66 (+0.83); llm_mentions_per_run=1.5 (+0.48); cc_n_partners=2 (+0.42),literature tier 1 (label)
481,CD69,OPC_GABA_like_tumor,IDH_WT,tumor,0.0,0.0,0.0,0.0,,,0.0,0.0,0.0,0.0,,0.0,2.0,0.0,0.0,0.0,0.0,0.0,0.0,,0.0,0.0,0.0,0.0,,6,1,0,1,2,6741,14114,5040,1935,1935,0,0.0,0,0,1.0,1.0,2.0,0.0,2,,,,,0,0.3805056358567497,0.06279748879252185,llm_mention_rate=1 (+0.33); cc_n_cells_e1=6.74e+03 (+0.23); llm_mentions_per_run=2 (+0.11),novel
482,CDH2,TAM1/TAM2/microglia,IDH_WT,TAM_microglia,0.0,0.0,0.0,0.0,,,0.0,0.0,0.0,0.0,,0.0,1.0,0.0,0.0,0.0,0.0,0.0,0.0,,0.0,0.0,0.0,0.0,,32,1,1,1,3,12086,25922,9696,2745,2745,0,0.0,0,0,0.0,0.0,0.0,0.0,2,,,,,0,0.37935181418945774,0.09138755907469132,cc_n_cells_e1=1.21e+04 (+0.23); cc_edges_total=32 (+0.06); deg_n_celltypes_sig=1 (+0.03),novel
483,THY1,cycling_tumor,IDH_Mutant,tumor,1.0,5.287322438007705,5.287322438007705,17.07447583658411,0.338,0.007,0.331,1.0,1.0,1.0,2.0196759371826856,1.0,3.0,1.0,0.0,1.0,0.0,0.0141911373026763,0.0141911373026763,0.0,1.0,1.0,1.0,1.0,1.0,2,1,0,1,2,6410,814,270,136,136,0,1.0,1,1,0.0,0.0,0.0,0.0,2,,,,,0,0.3788559630174717,0.05657594516583695,deg_pooled_log2fc=2.02 (+0.45); cc_n_cells_e1=6.41e+03 (+0.21); deg_pct_diff=0.331 (+0.10),novel
484,ROBO1,cycling_tumor,IDH_Mutant,tumor,1.0,3.2409438371447967,3.2409438371447967,18.521222297210237,0.404,0.022,0.382,1.0,1.0,1.0,2.651080049820704,1.0,3.0,0.0,1.0,1.0,0.0,0.0012599632610479,0.0012599632610479,0.0,1.0,1.0,0.0,1.0,1.0,2,0,1,1,2,6410,814,270,136,136,0,1.0,1,1,0.0,0.0,0.0,0.0,2,,,,,0,0.37821031558798024,0.05913315884978624,deg_pooled_log2fc=2.65 (+0.42); cc_n_cells_e1=6.41e+03 (+0.20); deg_pct_diff=0.382 (+0.10),novel
485,CDH2,TAM1/TAM2/microglia,IDH_Mutant,TAM_microglia,0.0,0.0,0.0,0.0,,,0.0,0.0,0.0,0.0,,0.0,1.0,0.0,0.0,0.0,0.0,0.0,0.0,,0.0,0.0,0.0,0.0,,32,1,1,1,3,12086,25922,2106,21701,2106,0,0.0,1,0,0.0,0.0,0.0,0.0,2,,,,,0,0.37786429184010767,0.08903961545470712,cc_n_cells_e1=1.21e+04 (+0.23); cc_edges_total=32 (+0.06); deg_n_celltypes_sig=1 (+0.04),novel
486,CLDN11,TAM1/TAM2/microglia,IDH_Mutant,TAM_microglia,0.0,0.0,0.0,0.0,,,0.0,0.0,0.0,0.0,,0.0,0.0,0.0,0.0,0.0,0.0,0.0,0.0,,0.0,0.0,0.0,0.0,,2,1,1,1,1,12086,25922,2106,21701,2106,0,0.0,1,0,0.0,0.0,0.0,0.0,2,,,,,0,0.37665217112713484,0.16187014687695486,deg_n_celltypes_sig=0 (+0.60); cc_n_cells_e1=1.21e+04 (+0.19); cc_n_celltypes_total=1 (+0.06),novel
487,HLA-DRB1,TAM1/TAM2/microglia,IDH_WT,TAM_microglia,0.0,0.0,0.0,0.0,,,0.0,0.0,0.0,0.0,,0.0,3.0,4.0,0.0,2.0,2.0,0.0334073134215138,0.017249044865644925,0.0,1.0,1.0,0.0,4.0,0.0,14,1,0,1,5,12086,25922,9696,2745,2745,0,0.0,0,0,1.0,1.0,2.0,0.0,2,,,,,0,0.37659142985392896,0.10419419873384768,cc_edges_total=14 (+0.27); cc_n_cells_e1=1.21e+04 (+0.25); llm_mention_rate=1 (+0.24),novel
488,SORT1,cycling_tumor,IDH_Mutant,tumor,0.0,0.0,0.0,0.0,,,0.0,0.0,0.0,0.0,,0.0,2.0,0.0,3.0,3.0,0.0,0.005960292884092,0.004312044914191967,0.0,1.0,2.0,2.0,3.0,1.0,3,0,1,1,1,6410,814,270,136,136,0,0.0,1,0,0.0,0.0,0.0,0.0,2,,,,,0,0.3764450743198167,0.02793274551271817,cc_n_partners=2 (+0.52); cc_n_cells_e1=6.41e+03 (+0.18); cc_edges_e2=3 (+0.14),novel
489,MDK,cycling_tumor,IDH_WT,tumor,1.0,-0.411493642920383,0.411493642920383,11.40062959582873,0.312,0.152,0.16,-1.0,1.0,0.0,-0.3739503020192844,1.0,2.0,28.0,0.0,28.0,0.0,0.0180550672770162,0.0065825254786666745,0.0,1.0,7.0,7.0,28.0,1.0,28,1,0,1,1,6410,814,5847,663,663,0,-1.0,0,1,0.0,0.0,0.0,0.0,2,,,,,0,0.3760459064604581,0.09169124428456106,cc_n_cells_e1=6.41e+03 (+0.20); cc_n_partners=7 (+0.15); deg_pct_diff=0.16 (+0.12),novel
490,MPZL1,TAM1/TAM2/microglia,IDH_Mutant,TAM_microglia,1.0,0.4276836194255389,0.4276836194255389,5.594055246589277,0.268,0.201,0.067,1.0,1.0,1.0,0.9956801272371408,1.0,1.0,2.0,2.0,4.0,0.0,0.0020758691199662,0.0019566982996453,0.0,1.0,2.0,2.0,4.0,1.0,8,1,1,1,2,12086,25922,2106,21701,2106,0,1.0,1,1,0.0,0.0,0.0,0.0,2,,,,,0,0.37537058151866215,0.10093425050377701,cc_n_partners=2 (+0.46); cc_n_cells_e1=1.21e+04 (+0.19); cc_edges_e2=4 (+0.17),novel
491,SORT1,cycling_tumor,IDH_WT,tumor,1.0,0.4802925311537963,0.4802925311537963,47.401025083636924,0.344,0.11,0.23399999999999999,1.0,0.0,0.0,0.3962583541004341,1.0,3.0,0.0,3.0,3.0,0.0,0.005960292884092,0.004312044914191967,0.0,1.0,2.0,2.0,3.0,1.0,3,0,1,1,1,6410,814,5847,663,663,0,1.0,0,1,0.0,0.0,0.0,0.0,2,,,,,0,0.37434435901888435,0.07293463279172822,cc_n_partners=2 (+0.52); cc_n_cells_e1=6.41e+03 (+0.17); cc_edges_e2=3 (+0.14),novel
492,CD69,TAM1/TAM2/microglia,IDH_WT,TAM_microglia,1.0,1.0733640866463734,1.0733640866463734,83.44111632462776,0.365,0.189,0.176,1.0,0.0,0.0,0.7006783248470634,1.0,2.0,2.0,0.0,2.0,0.0,0.0054582771010761,0.0049009474620876,0.0,1.0,1.0,2.0,2.0,1.0,6,1,0,1,2,12086,25922,9696,2745,2745,0,1.0,0,1,1.0,1.0,2.0,0.0,2,,,,,0,0.37421634530323356,0.08203287853100807,llm_mention_rate=1 (+0.30); cc_n_cells_e1=1.21e+04 (+0.22); cc_edges_e2=2 (+0.15),novel
493,PTGES3,AC_like_tumor,IDH_Mutant,tumor,0.0,0.0,0.0,0.0,,,0.0,0.0,0.0,0.0,,0.0,0.0,2.0,0.0,1.0,1.0,0.0074110138974112,0.0054116476705227,0.0,1.0,1.0,2.0,2.0,0.0,13,1,0,1,7,72549,446,4249,283,283,0,0.0,1,0,0.0,0.0,0.0,0.0,2,,,,,0,0.37407595521381687,0.05715504022506318,deg_n_celltypes_sig=0 (+0.32); cc_edges_total=13 (+0.32); cc_n_cells_e1=7.25e+04 (+0.23),novel
494,LRRTM3,cycling_tumor,IDH_WT,tumor,1.0,2.229641767151908,2.229641767151908,94.016110190004,0.145,0.011,0.13399999999999998,1.0,1.0,1.0,2.6774603953839025,1.0,2.0,0.0,0.0,0.0,0.0,0.0,0.0,,0.0,0.0,0.0,0.0,,6,0,1,1,1,6410,814,5847,663,663,0,0.0,0,0,0.0,0.0,0.0,0.0,2,,,,,0,0.37406861857894,0.08893538834977235,deg_pooled_log2fc=2.68 (+0.48); cc_n_cells_e1=6.41e+03 (+0.19); deg_pct_diff=0.134 (+0.12),novel
495,ROBO1,cycling_tumor,IDH_WT,tumor,1.0,2.5105739662255626,2.5105739662255626,175.6872582312553,0.279,0.023,0.256,1.0,1.0,1.0,2.651080049820704,1.0,2.0,0.0,1.0,1.0,0.0,0.0012599632610479,0.0012599632610479,0.0,1.0,1.0,0.0,1.0,1.0,2,0,1,1,2,6410,814,5847,663,663,0,1.0,0,1,0.0,0.0,0.0,0.0,2,,,,,0,0.3740256071711948,0.059248185158959334,deg_pooled_log2fc=2.65 (+0.42); cc_n_cells_e1=6.41e+03 (+0.20); deg_pct_diff=0.256 (+0.09),novel
496,CNTN1,OPC_GABA_like_tumor,IDH_Mutant,tumor,1.0,-0.854435922059237,0.854435922059237,47.18491590991191,0.223,0.395,-0.17200000000000001,-1.0,1.0,0.0,0.7700451578531753,1.0,2.0,8.0,0.0,8.0,0.0,0.0122804136302003,0.00413992983265115,0.0,1.0,4.0,0.0,8.0,1.0,16,1,0,1,2,6741,14114,1658,11741,1658,0,-1.0,1,1,1.0,0.0,4.0,0.0,2,2.0,tumor,neuron_tumor,Synaptic adhesion (pathway-level),1,0.37394562663892617,0.13597575100061482,cc_edges_total=16 (+0.51); cc_n_cells_e1=6.74e+03 (+0.24); cc_n_partners=4 (+0.21),literature tier 2 (label)
497,PTPRZ1,T cell,IDH_WT,T_cell,1.0,1.5626918692468383,1.5626918692468383,7.295678250287096,0.114,0.043,0.07100000000000001,1.0,0.0,0.0,,0.0,5.0,0.0,0.0,0.0,0.0,0.0,0.0,,0.0,0.0,0.0,0.0,,77,0,1,2,4,2662,1463,1681,1118,1118,0,0.0,0,0,1.0,1.0,26.5,0.0,2,1.0,tumor,myeloid_bridge,"Shi et al., Cell Stem Cell 2017",0,0.37376876063139963,0.054532321994724235,cc_edges_total=77 (+0.87); llm_mentions_per_run=26.5 (+0.24); llm_mention_rate=1 (+0.23),"literature gene, other compartment"
498,EGFR,T cell,IDH_Mutant,T_cell,0.0,0.0,0.0,0.0,,,0.0,0.0,0.0,0.0,,0.0,3.0,0.0,0.0,0.0,0.0,0.0,0.0,,0.0,0.0,0.0,0.0,,14,0,1,1,4,2662,1463,941,334,334,0,0.0,1,0,1.0,1.0,10.5,1.0,2,1.0,tumor,growth,"Brennan et al., Cell 2013 (TCGA GBM)",0,0.3727257034493897,0.1011532207691805,llm_ctx_mention_rate=1 (+0.98); llm_mentions_per_run=10.5 (+0.34); llm_mention_rate=1 (+0.30),"literature gene, other compartment"
499,PTGES3,OPC_GABA_AC_like_tumor,IDH_Mutant,tumor,0.0,0.0,0.0,0.0,,,0.0,0.0,0.0,0.0,,0.0,0.0,2.0,0.0,1.0,1.0,0.0083171818782097,0.00599865319317245,0.0,1.0,1.0,2.0,2.0,0.0,13,1,0,1,7,6202,1012,352,742,352,0,0.0,1,0,0.0,0.0,0.0,0.0,2,,,,,0,0.37261908306388725,0.05944004326506588,cc_edges_total=13 (+0.32); deg_n_celltypes_sig=0 (+0.31); cc_n_cells_e1=6.2e+03 (+0.23),novel
500,CXCR4,TAM1/TAM2/microglia,IDH_WT,TAM_microglia,0.0,0.0,0.0,0.0,,,0.0,0.0,0.0,0.0,,0.0,2.0,0.0,22.0,11.0,11.0,0.0917041673934359,0.03878429271831302,0.0,1.0,6.0,20.0,22.0,0.0,44,0,1,1,2,12086,25922,9696,2745,2745,0,0.0,0,0,0.0,0.0,0.0,0.0,2,1.0,tumor,growth,"Rubin et al., PNAS 2003",0,0.37224494311212747,0.1345204437501966,cc_edges_total=44 (+1.08); cc_n_cells_e1=1.21e+04 (+0.23); cc_edges_e2=11 (+0.14),"literature gene, other compartment"
501,PTN,TAM1/TAM2/microglia,IDH_Mutant,TAM_microglia,0.0,0.0,0.0,0.0,,,0.0,0.0,0.0,0.0,,0.0,1.0,1.0,0.0,0.0,1.0,0.0010558520129411,0.0010558520129411,0.0,1.0,1.0,1.0,1.0,-1.0,137,1,0,1,7,12086,25922,2106,21701,2106,0,-0.0,1,0,1.0,1.0,56.5,0.5,2,1.0,TAM_microglia,myeloid_bridge,"Shi et al., Cell Stem Cell 2017",1,0.37158502578174335,0.10749306594873774,cc_edges_total=137 (+0.91); llm_mention_rate=1 (+0.25); cc_n_cells_e1=1.21e+04 (+0.21),literature tier 1 (label)
502,CD44,TAM1/TAM2/microglia,IDH_Mutant,TAM_microglia,0.0,0.0,0.0,0.0,,,0.0,0.0,0.0,0.0,,0.0,1.0,0.0,0.0,0.0,0.0,0.0,0.0,,0.0,0.0,0.0,0.0,,48,0,1,4,1,12086,25922,2106,21701,2106,0,0.0,1,0,1.0,1.0,2.0,0.0,2,1.0,tumor,myeloid_bridge,"Pietras et al., Cell Stem Cell 2014",0,0.37142754817001783,0.06339939834413977,cc_edges_total=48 (+1.15); llm_mention_rate=1 (+0.25); cc_n_cells_e1=1.21e+04 (+0.22),"literature gene, other compartment"
503,KLRC2,cycling_tumor,IDH_Mutant,tumor,1.0,4.705482006974403,4.705482006974403,16.48061373591137,0.331,0.007,0.324,1.0,0.0,0.0,5.614705635497958,1.0,3.0,0.0,0.0,0.0,0.0,0.0,0.0,,0.0,0.0,0.0,0.0,,6,0,1,1,1,6410,814,270,136,136,0,0.0,1,0,0.0,0.0,0.0,0.0,2,,,,,0,0.3710269240380087,0.05418994290888458,deg_pooled_log2fc=5.61 (+0.48); cc_n_cells_e1=6.41e+03 (+0.19); deg_pct_diff=0.324 (+0.13),novel
504,MIF,OPC_GABA_like_tumor,IDH_WT,tumor,1.0,0.5105359474324811,0.5105359474324811,99.86773086790213,0.726,0.335,0.39099999999999996,1.0,1.0,1.0,0.3824996223615886,1.0,3.0,12.0,0.0,6.0,6.0,0.07070325655545,0.027424934791117333,0.0,1.0,2.0,12.0,12.0,0.0,66,1,0,1,6,6741,14114,5040,1935,1935,0,0.0,0,1,0.5,0.5,1.5,0.0,2,1.0,tumor,myeloid_bridge,"Ghoochani et al., Oncotarget 2016",1,0.3706623031731563,0.13516815658230485,cc_edges_total=66 (+0.83); llm_mentions_per_run=1.5 (+0.48); cc_n_partners=2 (+0.44),literature tier 1 (label)
505,EGFR,T cell,IDH_WT,T_cell,0.0,0.0,0.0,0.0,,,0.0,0.0,0.0,0.0,,0.0,3.0,0.0,0.0,0.0,0.0,0.0,0.0,,0.0,0.0,0.0,0.0,,14,0,1,1,4,2662,1463,1681,1118,1118,0,0.0,0,0,1.0,1.0,10.5,1.0,2,1.0,tumor,growth,"Brennan et al., Cell 2013 (TCGA GBM)",0,0.37056280064235436,0.10033871545463294,llm_ctx_mention_rate=1 (+0.98); llm_mentions_per_run=10.5 (+0.34); llm_mention_rate=1 (+0.30),"literature gene, other compartment"
506,CLSTN1,TAM1/TAM2/microglia,IDH_WT,TAM_microglia,1.0,0.5704274130975062,0.5704274130975062,14.513223633066772,0.129,0.073,0.05600000000000001,1.0,1.0,1.0,0.6226957303874081,1.0,2.0,0.0,0.0,0.0,0.0,0.0,0.0,,0.0,0.0,0.0,0.0,,12,0,1,1,2,12086,25922,9696,2745,2745,0,0.0,0,0,0.5,0.5,3.0,0.0,2,,,,,0,0.3703504876107278,0.08044816995480335,llm_mention_rate=0.5 (+0.31); cc_n_cells_e1=1.21e+04 (+0.23); llm_mentions_per_run=3 (+0.09),novel
507,CNTN1,AC_like_tumor,IDH_WT,tumor,1.0,1.794278055377577,1.794278055377577,3.7547594681386682,0.13,0.031,0.099,1.0,0.0,0.0,0.5105957887362043,1.0,4.0,0.0,0.0,0.0,0.0,0.0,0.0,,0.0,0.0,0.0,0.0,,16,1,0,1,2,72549,446,64812,108,108,0,0.0,0,0,1.0,0.0,4.0,0.0,2,2.0,tumor,neuron_tumor,Synaptic adhesion (pathway-level),1,0.36963644202231755,0.10350519827091197,cc_edges_total=16 (+0.54); llm_mention_rate=1 (+0.27); cc_n_cells_e1=7.25e+04 (+0.24),literature tier 2 (label)
508,PILRA,TAM1/TAM2/microglia,IDH_WT,TAM_microglia,0.0,0.0,0.0,0.0,,,0.0,0.0,0.0,0.0,,0.0,0.0,0.0,7.0,7.0,0.0,0.0082024937284372,0.0036620741932491857,0.0,1.0,4.0,5.0,7.0,1.0,7,0,1,1,1,12086,25922,9696,2745,2745,0,0.0,0,0,0.0,0.0,0.0,0.0,2,,,,,0,0.3694610412232066,0.04222245075124923,deg_n_celltypes_sig=0 (+0.33); cc_n_cells_e1=1.21e+04 (+0.18); cc_n_partners=4 (+0.14),novel
509,MDK,OPC_GABA_AC_like_tumor,IDH_WT,tumor,0.0,0.0,0.0,0.0,,,0.0,0.0,0.0,0.0,,0.0,2.0,0.0,0.0,0.0,0.0,0.0,0.0,,0.0,0.0,0.0,0.0,,28,1,0,1,1,6202,1012,5384,171,171,0,0.0,0,0,0.0,0.0,0.0,0.0,2,,,,,0,0.36931077683925395,0.07695367893097167,cc_n_cells_e1=6.2e+03 (+0.22); cc_n_celltypes_total=1 (+0.11); cc_edges_total=28 (+0.10),novel
510,PTGES3,cycling_tumor,IDH_Mutant,tumor,0.0,0.0,0.0,0.0,,,0.0,0.0,0.0,0.0,,0.0,0.0,2.0,0.0,1.0,1.0,0.0142202862652484,0.0090526384523239,0.0,1.0,1.0,2.0,2.0,0.0,13,1,0,1,7,6410,814,270,136,136,0,0.0,1,0,0.0,0.0,0.0,0.0,2,,,,,0,0.3687786731817487,0.05462163918149676,cc_edges_total=13 (+0.32); deg_n_celltypes_sig=0 (+0.31); cc_n_cells_e1=6.41e+03 (+0.23),novel
511,HLA-DPA1,AC_like_tumor,IDH_Mutant,tumor,0.0,0.0,0.0,0.0,,,0.0,0.0,0.0,0.0,,0.0,4.0,2.0,0.0,0.0,2.0,0.0056489295785856,0.003061536101100413,0.0,1.0,1.0,2.0,2.0,-1.0,14,1,0,1,5,72549,446,4249,283,283,0,-0.0,1,0,1.0,1.0,2.0,0.0,2,,,,,0,0.36858081937326687,0.11830272923963758,cc_edges_total=14 (+0.29); cc_n_cells_e1=7.25e+04 (+0.25); llm_mention_rate=1 (+0.25),novel
512,PDGFA,cycling_tumor,IDH_WT,tumor,1.0,1.0299781770199166,1.0299781770199166,76.43040977958185,0.299,0.065,0.23399999999999999,1.0,0.0,0.0,0.8635192989553302,1.0,2.0,3.0,0.0,3.0,0.0,0.0039862277869608,0.002852574179893333,0.0,1.0,3.0,0.0,3.0,1.0,3,1,0,1,1,6410,814,5847,663,663,0,1.0,0,1,0.0,0.0,0.0,0.0,2,,,,,0,0.3682436458480522,0.05642769103589964,cc_n_partners=3 (+0.40); cc_n_cells_e1=6.41e+03 (+0.18); cc_edges_e2=3 (+0.14),novel
513,MDK,AC_like_tumor,IDH_WT,tumor,0.0,0.0,0.0,0.0,,,0.0,0.0,0.0,0.0,,0.0,2.0,0.0,0.0,0.0,0.0,0.0,0.0,,0.0,0.0,0.0,0.0,,28,1,0,1,1,72549,446,64812,108,108,0,0.0,0,0,0.0,0.0,0.0,0.0,2,,,,,0,0.3682326634545231,0.07520001141675468,cc_n_cells_e1=7.25e+04 (+0.22); cc_n_celltypes_total=1 (+0.11); cc_edges_total=28 (+0.10),novel
514,ROBO1,AC_like_tumor,IDH_Mutant,tumor,1.0,0.9483749138816352,0.9483749138816352,3.8017152446429767,0.244,0.123,0.121,1.0,0.0,0.0,2.540399297294049,1.0,3.0,0.0,0.0,0.0,0.0,0.0,0.0,,0.0,0.0,0.0,0.0,,2,0,1,1,2,72549,446,4249,283,283,0,0.0,1,0,0.0,0.0,0.0,0.0,2,,,,,0,0.36814983771985926,0.0574895759685815,deg_pooled_log2fc=2.54 (+0.39); cc_n_cells_e1=7.25e+04 (+0.20); deg_pct_e1=0.123 (+0.11),novel
515,KLRC2,AC_like_tumor,IDH_Mutant,tumor,1.0,2.8021189931330643,2.8021189931330643,38.5073853247511,0.314,0.076,0.238,1.0,0.0,0.0,5.7559447110761335,1.0,3.0,0.0,0.0,0.0,0.0,0.0,0.0,,0.0,0.0,0.0,0.0,,6,0,1,1,1,72549,446,4249,283,283,0,0.0,1,0,0.0,0.0,0.0,0.0,2,,,,,0,0.3657907318720521,0.05275410852044397,deg_pooled_log2fc=5.76 (+0.48); cc_n_cells_e1=7.25e+04 (+0.19); deg_pct_diff=0.238 (+0.13),novel
516,MDK,TAM1/TAM2/microglia,IDH_Mutant,TAM_microglia,0.0,0.0,0.0,0.0,,,0.0,0.0,0.0,0.0,,0.0,1.0,0.0,0.0,0.0,0.0,0.0,0.0,,0.0,0.0,0.0,0.0,,28,1,0,1,1,12086,25922,2106,21701,2106,0,0.0,1,0,0.0,0.0,0.0,0.0,2,,,,,0,0.36530016924077247,0.07452924555450849,cc_n_cells_e1=1.21e+04 (+0.21); cc_n_celltypes_total=1 (+0.10); cc_edges_total=28 (+0.08),novel
517,PDGFRA,OPC_GABA_AC_like_tumor,IDH_WT,tumor,1.0,4.321853541570501,4.321853541570501,101.86863129492527,0.298,0.019,0.27899999999999997,1.0,1.0,1.0,2.445327706295491,1.0,4.0,0.0,0.0,0.0,0.0,0.0,0.0,,0.0,0.0,0.0,0.0,,6,0,1,1,3,6202,1012,5384,171,171,0,0.0,0,0,0.0,0.0,0.0,0.0,2,1.0,tumor,growth,"Brennan et al., Cell 2013; Verhaak et al., Cancer Cell 2010",1,0.36498854736700054,0.131874518008984,deg_pooled_log2fc=2.45 (+0.76); deg_n_celltypes_sig=4 (+0.25); cc_n_cells_e1=6.2e+03 (+0.22),literature tier 1 (label)
518,COL9A1,OPC_GABA_like_tumor,IDH_Mutant,tumor,0.0,0.0,0.0,0.0,,,0.0,0.0,0.0,0.0,,0.0,0.0,0.0,0.0,0.0,0.0,0.0,0.0,,0.0,0.0,0.0,0.0,,5,1,0,1,1,6741,14114,1658,11741,1658,0,0.0,1,0,0.0,0.0,0.0,0.0,2,,,,,0,0.363527258166911,0.09870458799841275,deg_n_celltypes_sig=0 (+0.39); cc_n_cells_e1=6.74e+03 (+0.19); cc_n_celltypes_total=1 (+0.07),novel
519,ROBO1,OPC_GABA_like_tumor,IDH_WT,tumor,1.0,1.510352374701229,1.510352374701229,129.75483408769708,0.339,0.091,0.24800000000000003,1.0,1.0,1.0,1.9488059339044457,1.0,2.0,0.0,1.0,1.0,0.0,0.0026014314511136,0.0026014314511136,0.0,1.0,1.0,0.0,1.0,1.0,2,0,1,1,2,6741,14114,5040,1935,1935,0,1.0,0,1,0.0,0.0,0.0,0.0,2,,,,,0,0.36147085475791635,0.05695504642985083,deg_pooled_log2fc=1.95 (+0.39); cc_n_cells_e1=6.74e+03 (+0.20); deg_pct_e1=0.091 (+0.10),novel
520,PTN,T cell,IDH_Mutant,T_cell,0.0,0.0,0.0,0.0,,,0.0,0.0,0.0,0.0,,0.0,1.0,2.0,0.0,2.0,0.0,0.0410665978377485,0.0213998994445401,0.0,1.0,2.0,2.0,2.0,1.0,137,1,0,1,7,2662,1463,941,334,334,0,0.0,1,0,1.0,1.0,56.5,0.5,2,1.0,TAM_microglia,myeloid_bridge,"Shi et al., Cell Stem Cell 2017",0,0.3607060361432113,0.0973646754297945,cc_edges_total=137 (+0.70); cc_n_partners=2 (+0.41); llm_mentions_per_run=56.5 (+0.32),"literature gene, other compartment"
521,PILRA,AC_like_tumor,IDH_WT,tumor,0.0,0.0,0.0,0.0,,,0.0,0.0,0.0,0.0,,0.0,0.0,0.0,0.0,0.0,0.0,0.0,0.0,,0.0,0.0,0.0,0.0,,7,0,1,1,1,72549,446,64812,108,108,0,0.0,0,0,0.0,0.0,0.0,0.0,2,,,,,0,0.3594233036651564,0.07562370932737424,deg_n_celltypes_sig=0 (+0.44); cc_n_cells_e1=7.25e+04 (+0.19); cc_n_celltypes_total=1 (+0.08),novel
522,ROBO1,OPC_GABA_like_tumor,IDH_Mutant,tumor,1.0,1.2380361790727927,1.2380361790727927,59.073468799273066,0.439,0.238,0.201,1.0,1.0,1.0,1.9488059339044457,1.0,3.0,0.0,1.0,1.0,0.0,0.0026014314511136,0.0026014314511136,0.0,1.0,1.0,0.0,1.0,1.0,2,0,1,1,2,6741,14114,1658,11741,1658,0,1.0,1,1,0.0,0.0,0.0,0.0,2,,,,,0,0.3592503799114821,0.06114911278690373,deg_pooled_log2fc=1.95 (+0.39); cc_n_cells_e1=6.74e+03 (+0.20); deg_pct_diff=0.201 (+0.10),novel
523,THY1,AC_like_tumor,IDH_Mutant,tumor,1.0,2.3129413973167683,2.3129413973167683,22.475625012904374,0.279,0.084,0.195,1.0,1.0,1.0,2.3596125280247646,1.0,3.0,0.0,0.0,0.0,0.0,0.0,0.0,,0.0,0.0,0.0,0.0,,2,1,0,1,2,72549,446,4249,283,283,0,0.0,1,0,0.0,0.0,0.0,0.0,2,,,,,0,0.35897678695577373,0.04713834585012224,deg_pooled_log2fc=2.36 (+0.39); cc_n_cells_e1=7.25e+04 (+0.21); deg_pct_diff=0.195 (+0.10),novel
524,PILRA,OPC_GABA_AC_like_tumor,IDH_WT,tumor,0.0,0.0,0.0,0.0,,,0.0,0.0,0.0,0.0,,0.0,0.0,0.0,0.0,0.0,0.0,0.0,0.0,,0.0,0.0,0.0,0.0,,7,0,1,1,1,6202,1012,5384,171,171,0,0.0,0,0,0.0,0.0,0.0,0.0,2,,,,,0,0.35864237912215813,0.0754873867210147,deg_n_celltypes_sig=0 (+0.44); cc_n_cells_e1=6.2e+03 (+0.19); cc_n_celltypes_total=1 (+0.08),novel
525,ITGB2,TAM1/TAM2/microglia,IDH_WT,TAM_microglia,1.0,0.2804559967618028,0.2804559967618028,15.993354138889703,0.598,0.489,0.10899999999999999,1.0,1.0,0.0,,0.0,2.0,0.0,4.0,4.0,0.0,0.0442420541942578,0.0234334586245721,0.0,2.0,3.0,2.0,4.0,1.0,4,0,1,2,1,12086,25922,9696,2745,2745,0,1.0,0,1,0.0,0.0,0.0,0.0,2,,,,,0,0.35677254672605785,0.07126919319056671,cc_n_partners=3 (+0.41); cc_n_cells_e1=1.21e+04 (+0.18); cc_edges_e2=4 (+0.15),novel
526,JAM3,cycling_tumor,IDH_WT,tumor,1.0,2.630915976788741,2.630915976788741,204.82074201969834,0.33,0.028,0.302,1.0,1.0,1.0,2.3973352035949205,1.0,3.0,1.0,2.0,3.0,0.0,0.001159002926699,0.0009328306067242937,0.0,1.0,1.0,0.0,3.0,1.0,3,1,1,1,1,6410,814,5847,663,663,0,1.0,0,1,0.0,0.0,0.0,0.0,2,,,,,0,0.3556365125271923,0.06648451307070545,deg_pooled_log2fc=2.4 (+0.49); cc_n_cells_e1=6.41e+03 (+0.19); cc_edges_e2=3 (+0.14),novel
527,CD99,TAM1/TAM2/microglia,IDH_WT,TAM_microglia,0.0,0.0,0.0,0.0,,,0.0,0.0,0.0,0.0,,0.0,1.0,16.0,12.0,16.0,12.0,0.0335568293583414,0.010434864974017268,0.03,1.0,4.0,18.0,28.0,0.14285714285714285,86,1,1,1,4,12086,25922,9696,2745,2745,0,0.0,0,0,0.0,0.0,0.0,0.0,2,2.0,tumor,immune_synapse,Glioma invasion marker (limited functional data),0,0.35519201213548346,0.08569281285558152,cc_edges_total=86 (+1.00); cc_n_cells_e1=1.21e+04 (+0.22); cc_cross_compartment_edges=18 (+0.07),"literature gene, other compartment"
528,THY1,OPC_GABA_like_tumor,IDH_Mutant,tumor,1.0,1.6376439269674128,1.6376439269674128,131.8425047459547,0.461,0.129,0.332,1.0,1.0,1.0,2.0397824898375645,1.0,3.0,1.0,0.0,1.0,0.0,0.0075597332050079,0.0075597332050079,0.0,1.0,1.0,1.0,1.0,1.0,2,1,0,1,2,6741,14114,1658,11741,1658,0,1.0,1,1,0.0,0.0,0.0,0.0,2,,,,,0,0.3549413743992714,0.050896210187867545,deg_pooled_log2fc=2.04 (+0.45); cc_n_cells_e1=6.74e+03 (+0.21); deg_pct_diff=0.332 (+0.10),novel
529,PILRA,cycling_tumor,IDH_WT,tumor,0.0,0.0,0.0,0.0,,,0.0,0.0,0.0,0.0,,0.0,0.0,0.0,0.0,0.0,0.0,0.0,0.0,,0.0,0.0,0.0,0.0,,7,0,1,1,1,6410,814,5847,663,663,0,0.0,0,0,0.0,0.0,0.0,0.0,2,,,,,0,0.35445611798351834,0.07650529655945833,deg_n_celltypes_sig=0 (+0.44); cc_n_cells_e1=6.41e+03 (+0.19); cc_n_celltypes_total=1 (+0.08),novel
530,CD99,OPC_GABA_like_tumor,IDH_WT,tumor,0.0,0.0,0.0,0.0,,,0.0,0.0,0.0,0.0,,0.0,1.0,6.0,4.0,0.0,10.0,0.0094000310679316,0.00473842761049317,0.03,1.0,3.0,9.0,10.0,-1.0,86,1,1,1,4,6741,14114,5040,1935,1935,0,-0.0,0,0,0.0,0.0,0.0,0.0,2,2.0,tumor,immune_synapse,Glioma invasion marker (limited functional data),1,0.35401115571368275,0.05643880262980106,cc_edges_total=86 (+1.15); cc_n_partners=3 (+0.31); cc_n_cells_e1=6.74e+03 (+0.22),literature tier 2 (label)
531,BSG,T cell,IDH_WT,T_cell,0.0,0.0,0.0,0.0,,,0.0,0.0,0.0,0.0,,0.0,3.0,0.0,0.0,0.0,0.0,0.0,0.0,,0.0,0.0,0.0,0.0,,56,0,1,1,4,2662,1463,1681,1118,1118,0,0.0,0,0,0.5,0.5,0.5,0.0,2,,,,,0,0.35326383575932,0.11967238061575183,cc_edges_total=56 (+0.88); llm_mention_rate=0.5 (+0.23); llm_unprompted_mention_rate=0.5 (+0.04),novel
532,LRRTM3,OPC_GABA_like_tumor,IDH_WT,tumor,1.0,1.1239498134434314,1.1239498134434314,82.02165362923598,0.217,0.054,0.163,1.0,0.0,0.0,1.1319662468646243,1.0,2.0,0.0,6.0,6.0,0.0,0.0130790509330356,0.004251251790534683,0.0,1.0,4.0,0.0,6.0,1.0,6,0,1,1,1,6741,14114,5040,1935,1935,0,1.0,0,1,0.0,0.0,0.0,0.0,2,,,,,0,0.35275203876134653,0.11814638022650648,cc_n_partners=4 (+0.24); cc_n_cells_e1=6.74e+03 (+0.18); cc_edges_e2=6 (+0.14),novel
533,PTGER4,OPC_GABA_like_tumor,IDH_WT,tumor,0.0,0.0,0.0,0.0,,,0.0,0.0,0.0,0.0,,0.0,2.0,0.0,0.0,0.0,0.0,0.0,0.0,,0.0,0.0,0.0,0.0,,14,0,1,1,1,6741,14114,5040,1935,1935,0,0.0,0,0,0.0,0.0,0.0,0.0,2,,,,,0,0.3512389912320727,0.1144157367192256,cc_edges_total=14 (+0.44); cc_n_cells_e1=6.74e+03 (+0.22); cc_n_celltypes_total=1 (+0.10),novel
534,NCAM1,T cell,IDH_Mutant,T_cell,1.0,3.3377055436951317,3.3377055436951317,17.58587983808966,0.147,0.013,0.13399999999999998,1.0,0.0,0.0,,0.0,5.0,0.0,0.0,0.0,0.0,0.0,0.0,,0.0,0.0,0.0,0.0,,55,1,1,1,4,2662,1463,941,334,334,0,0.0,1,0,0.0,0.0,0.0,0.0,2,2.0,tumor,neuron_tumor,Synaptic adhesion (pathway-level),0,0.35075047711401625,0.12199901147405226,cc_edges_total=55 (+1.00); deg_pct_diff=0.134 (+0.19); deg_n_celltypes_sig=5 (+0.16),"literature gene, other compartment"
535,CADM1,TAM1/TAM2/microglia,IDH_Mutant,TAM_microglia,0.0,0.0,0.0,0.0,,,0.0,0.0,0.0,0.0,,0.0,2.0,0.0,0.0,0.0,0.0,0.0,0.0,,0.0,0.0,0.0,0.0,,32,1,1,1,3,12086,25922,2106,21701,2106,0,0.0,1,0,0.0,0.0,0.0,0.0,2,,,,,0,0.3484584149982677,0.12886739273090536,cc_n_cells_e1=1.21e+04 (+0.24); cc_edges_total=32 (+0.07); cc_n_celltypes_total=3 (+0.03),novel
536,MPZL1,cycling_tumor,IDH_Mutant,tumor,0.0,0.0,0.0,0.0,,,0.0,0.0,0.0,0.0,,0.0,1.0,2.0,2.0,4.0,0.0,0.0023450528994386,0.0022104610097024,0.0,1.0,2.0,2.0,4.0,1.0,8,1,1,1,2,6410,814,270,136,136,0,0.0,1,0,0.0,0.0,0.0,0.0,2,,,,,0,0.3481705592790101,0.08238067240077357,cc_n_partners=2 (+0.45); cc_n_cells_e1=6.41e+03 (+0.20); cc_edges_e2=4 (+0.16),novel
537,COL9A1,TAM1/TAM2/microglia,IDH_Mutant,TAM_microglia,0.0,0.0,0.0,0.0,,,0.0,0.0,0.0,0.0,,0.0,0.0,0.0,0.0,0.0,0.0,0.0,0.0,,0.0,0.0,0.0,0.0,,5,1,0,1,1,12086,25922,2106,21701,2106,0,0.0,1,0,0.0,0.0,0.0,0.0,2,,,,,0,0.3480116578291434,0.09361082815072111,deg_n_celltypes_sig=0 (+0.39); cc_n_cells_e1=1.21e+04 (+0.19); cc_n_celltypes_total=1 (+0.06),novel
538,PTGES3,OPC_GABA_like_tumor,IDH_Mutant,tumor,0.0,0.0,0.0,0.0,,,0.0,0.0,0.0,0.0,,0.0,0.0,2.0,0.0,1.0,1.0,0.0101086430064245,0.0067944103372843,0.0,1.0,1.0,2.0,2.0,0.0,13,1,0,1,7,6741,14114,1658,11741,1658,0,0.0,1,0,0.0,0.0,0.0,0.0,2,,,,,0,0.3478728146157095,0.0469450601992298,cc_edges_total=13 (+0.32); deg_n_celltypes_sig=0 (+0.31); cc_n_cells_e1=6.74e+03 (+0.23),novel
539,PTGES2,AC_like_tumor,IDH_Mutant,tumor,1.0,1.0875593556585337,1.0875593556585337,2.558557645756527,0.177,0.083,0.09399999999999999,1.0,0.0,0.0,1.007974502288211,1.0,2.0,0.0,0.0,0.0,0.0,0.0,0.0,,0.0,0.0,0.0,0.0,,1,1,0,1,1,72549,446,4249,283,283,0,0.0,1,0,0.0,0.0,0.0,0.0,2,,,,,0,0.3475380189000497,0.03856167625385218,cc_n_cells_e1=7.25e+04 (+0.19); deg_pct_diff=0.094 (+0.10); deg_pct_e1=0.083 (+0.09),novel
540,CD99,TAM1/TAM2/microglia,IDH_Mutant,TAM_microglia,0.0,0.0,0.0,0.0,,,0.0,0.0,0.0,0.0,,0.0,3.0,16.0,12.0,16.0,12.0,0.0335568293583414,0.010434864974017268,0.03,1.0,4.0,18.0,28.0,0.14285714285714285,86,1,1,1,4,12086,25922,2106,21701,2106,0,0.0,1,0,0.0,0.0,0.0,0.0,2,2.0,tumor,immune_synapse,Glioma invasion marker (limited functional data),0,0.3465303374015692,0.10930423430807626,cc_edges_total=86 (+1.01); cc_n_cells_e1=1.21e+04 (+0.23); cc_n_partners=4 (+0.08),"literature gene, other compartment"
541,PTGES3,TAM1/TAM2/microglia,IDH_Mutant,TAM_microglia,0.0,0.0,0.0,0.0,,,0.0,0.0,0.0,0.0,,0.0,0.0,2.0,0.0,1.0,1.0,0.0070705546616578,0.00699289006561315,0.0,1.0,1.0,0.0,2.0,0.0,13,1,0,1,7,12086,25922,2106,21701,2106,0,0.0,1,0,0.0,0.0,0.0,0.0,2,,,,,0,0.3463567843579597,0.07549944641056851,cc_edges_total=13 (+0.32); deg_n_celltypes_sig=0 (+0.31); cc_n_cells_e1=1.21e+04 (+0.23),novel
542,MPZL1,OPC_GABA_AC_like_tumor,IDH_WT,tumor,1.0,2.018500626331633,2.018500626331633,16.693818731605994,0.181,0.035,0.146,1.0,0.0,0.0,,0.0,4.0,0.0,0.0,0.0,0.0,0.0,0.0,,0.0,0.0,0.0,0.0,,8,1,1,1,2,6202,1012,5384,171,171,0,0.0,0,0,0.0,0.0,0.0,0.0,2,,,,,0,0.34625177051827744,0.09349754481197395,cc_n_cells_e1=6.2e+03 (+0.22); deg_pct_diff=0.146 (+0.17); deg_n_celltypes_sig=4 (+0.16),novel
543,NRXN1,T cell,IDH_Mutant,T_cell,0.0,0.0,0.0,0.0,,,0.0,0.0,0.0,0.0,,0.0,3.0,0.0,0.0,0.0,0.0,0.0,0.0,,0.0,0.0,0.0,0.0,,50,1,0,1,4,2662,1463,941,334,334,0,0.0,1,0,1.0,0.5,34.0,0.5,2,2.0,tumor,neuron_tumor,Presynaptic partner of NLGN3 (pathway-level),0,0.34561489642755683,0.04210367469797924,cc_edges_total=50 (+0.87); llm_mentions_per_run=34 (+0.30); llm_mention_rate=1 (+0.27),"literature gene, other compartment"
544,PILRB,cycling_tumor,IDH_WT,tumor,1.0,1.8090647293403197,1.8090647293403197,124.71699438149511,0.278,0.036,0.24200000000000002,1.0,0.0,0.0,1.719810137348749,1.0,2.0,0.0,7.0,7.0,0.0,0.0037171475539804,0.0016564278310690797,0.0,1.0,4.0,4.0,7.0,1.0,7,0,1,1,1,6410,814,5847,663,663,0,1.0,0,1,0.0,0.0,0.0,0.0,2,,,,,0,0.3444552218373998,0.051886104434027414,deg_pooled_log2fc=1.72 (+0.54); cc_n_partners=4 (+0.27); cc_n_cells_e1=6.41e+03 (+0.18),novel
545,ITGB2,TAM1/TAM2/microglia,IDH_Mutant,TAM_microglia,1.0,-0.5566476131317764,0.5566476131317764,34.70903012964246,0.596,0.695,-0.09899999999999998,-1.0,1.0,0.0,,0.0,2.0,0.0,4.0,4.0,0.0,0.0442420541942578,0.0234334586245721,0.0,2.0,3.0,2.0,4.0,1.0,4,0,1,2,1,12086,25922,2106,21701,2106,0,-1.0,1,1,0.0,0.0,0.0,0.0,2,,,,,0,0.34264185600003383,0.05479697366750224,cc_n_partners=3 (+0.41); cc_n_cells_e1=1.21e+04 (+0.19); cc_edges_e2=4 (+0.15),novel
546,TGFBR2,TAM1/TAM2/microglia,IDH_Mutant,TAM_microglia,1.0,0.5832972303272868,0.5832972303272868,27.11970147496809,0.481,0.353,0.128,1.0,1.0,1.0,0.9688495432510398,1.0,2.0,0.0,4.0,2.0,2.0,0.0050238491740621,0.003124057670555575,0.0,1.0,1.0,0.0,4.0,0.0,4,0,1,1,1,12086,25922,2106,21701,2106,0,0.0,1,1,0.0,0.0,0.0,0.0,2,,,,,0,0.34064838327621516,0.07061455953483685,cc_n_cells_e1=1.21e+04 (+0.20); cc_edges_e2=2 (+0.15); deg_pct_diff=0.128 (+0.13),novel
547,PDGFRA,OPC_GABA_AC_like_tumor,IDH_Mutant,tumor,1.0,0.8930651334301924,0.8930651334301924,2.9745111319393667,0.222,0.08,0.14200000000000002,1.0,1.0,1.0,2.445327706295491,1.0,4.0,0.0,0.0,0.0,0.0,0.0,0.0,,0.0,0.0,0.0,0.0,,6,0,1,1,3,6202,1012,352,742,352,0,0.0,1,0,0.0,0.0,0.0,0.0,2,1.0,tumor,growth,"Brennan et al., Cell 2013; Verhaak et al., Cancer Cell 2010",1,0.34064429395675094,0.11752856688199145,deg_pooled_log2fc=2.45 (+0.76); deg_n_celltypes_sig=4 (+0.24); cc_n_cells_e1=6.2e+03 (+0.22),literature tier 1 (label)
548,NRXN1,T cell,IDH_WT,T_cell,0.0,0.0,0.0,0.0,,,0.0,0.0,0.0,0.0,,0.0,2.0,0.0,0.0,0.0,0.0,0.0,0.0,,0.0,0.0,0.0,0.0,,50,1,0,1,4,2662,1463,1681,1118,1118,0,0.0,0,0,1.0,0.5,34.0,0.5,2,2.0,tumor,neuron_tumor,Presynaptic partner of NLGN3 (pathway-level),0,0.34030846721339614,0.03770896651054266,cc_edges_total=50 (+0.87); llm_mentions_per_run=34 (+0.30); llm_mention_rate=1 (+0.27),"literature gene, other compartment"
549,ADORA3,TAM1/TAM2/microglia,IDH_WT,TAM_microglia,1.0,0.5865694265585446,0.5865694265585446,32.10623758005057,0.319,0.2,0.119,1.0,0.0,0.0,0.8332713766127892,1.0,1.0,1.0,0.0,1.0,0.0,0.0039014203393133,0.0039014203393133,0.0,1.0,1.0,0.0,1.0,1.0,1,1,0,1,1,12086,25922,9696,2745,2745,0,1.0,0,1,0.0,0.0,0.0,0.0,2,,,,,0,0.3397244944591935,0.05798920667026841,cc_n_cells_e1=1.21e+04 (+0.18); deg_pct_diff=0.119 (+0.10); deg_pct_e1=0.2 (+0.06),novel
550,MERTK,TAM1/TAM2/microglia,IDH_Mutant,TAM_microglia,1.0,1.037790316934118,1.037790316934118,74.79312828350913,0.588,0.4,0.18799999999999994,1.0,1.0,1.0,1.885323092163253,1.0,2.0,0.0,1.0,1.0,0.0,0.012077162692356,0.012077162692356,0.0,1.0,1.0,0.0,1.0,1.0,1,0,1,1,1,12086,25922,2106,21701,2106,0,1.0,1,1,0.0,0.0,0.0,0.0,2,,,,,0,0.3396060995388717,0.09157600592445993,deg_pooled_log2fc=1.89 (+0.41); cc_n_cells_e1=1.21e+04 (+0.19); deg_pct_diff=0.188 (+0.10),novel
551,NRXN2,OPC_GABA_like_tumor,IDH_WT,tumor,0.0,0.0,0.0,0.0,,,0.0,0.0,0.0,0.0,,0.0,1.0,10.0,0.0,10.0,0.0,0.0021343800502624,0.0013051518474101863,0.0,1.0,3.0,0.0,10.0,1.0,10,1,0,1,1,6741,14114,5040,1935,1935,0,0.0,0,0,0.0,0.0,0.0,0.0,2,,,,,0,0.3394348507174589,0.10025267899467605,cc_n_partners=3 (+0.32); cc_n_cells_e1=6.74e+03 (+0.18); cc_edges_e2=10 (+0.13),novel
552,MERTK,OPC_GABA_AC_like_tumor,IDH_WT,tumor,0.0,0.0,0.0,0.0,,,0.0,0.0,0.0,0.0,,0.0,1.0,0.0,0.0,0.0,0.0,0.0,0.0,,0.0,0.0,0.0,0.0,,1,0,1,1,1,6202,1012,5384,171,171,0,0.0,0,0,0.0,0.0,0.0,0.0,2,,,,,0,0.3375147101091282,0.06913324328248718,cc_n_cells_e1=6.2e+03 (+0.18); cc_n_celltypes_total=1 (+0.08); cc_n_cells_e2=1.01e+03 (+0.04),novel
553,MERTK,AC_like_tumor,IDH_WT,tumor,0.0,0.0,0.0,0.0,,,0.0,0.0,0.0,0.0,,0.0,1.0,0.0,0.0,0.0,0.0,0.0,0.0,,0.0,0.0,0.0,0.0,,1,0,1,1,1,72549,446,64812,108,108,0,0.0,0,0,0.0,0.0,0.0,0.0,2,,,,,0,0.3375147101091282,0.06913324328248718,cc_n_cells_e1=7.25e+04 (+0.18); cc_n_celltypes_total=1 (+0.08); cc_n_cells_e2=446 (+0.05),novel
554,PTPRD,AC_like_tumor,IDH_Mutant,tumor,0.0,0.0,0.0,0.0,,,0.0,0.0,0.0,0.0,,0.0,1.0,0.0,0.0,0.0,0.0,0.0,0.0,,0.0,0.0,0.0,0.0,,1,0,1,1,1,72549,446,4249,283,283,0,0.0,1,0,0.0,0.0,0.0,0.0,2,,,,,0,0.3366256089645794,0.09210255584073745,cc_n_cells_e1=7.25e+04 (+0.18); cc_n_celltypes_total=1 (+0.08); cc_n_cells_e2=446 (+0.05),novel
555,SORL1,OPC_GABA_AC_like_tumor,IDH_WT,tumor,0.0,0.0,0.0,0.0,,,0.0,0.0,0.0,0.0,,0.0,3.0,0.0,0.0,0.0,0.0,0.0,0.0,,0.0,0.0,0.0,0.0,,14,0,1,1,1,6202,1012,5384,171,171,0,0.0,0,0,0.0,0.0,0.0,0.0,2,,,,,0,0.33623046428509007,0.12414282944025044,cc_edges_total=14 (+0.44); cc_n_cells_e1=6.2e+03 (+0.22); cc_n_celltypes_total=1 (+0.11),novel
556,SORL1,AC_like_tumor,IDH_WT,tumor,0.0,0.0,0.0,0.0,,,0.0,0.0,0.0,0.0,,0.0,3.0,0.0,0.0,0.0,0.0,0.0,0.0,,0.0,0.0,0.0,0.0,,14,0,1,1,1,72549,446,64812,108,108,0,0.0,0,0,0.0,0.0,0.0,0.0,2,,,,,0,0.33623046428509007,0.12414282944025044,cc_edges_total=14 (+0.44); cc_n_cells_e1=7.25e+04 (+0.22); cc_n_celltypes_total=1 (+0.11),novel
557,SORL1,AC_like_tumor,IDH_Mutant,tumor,0.0,0.0,0.0,0.0,,,0.0,0.0,0.0,0.0,,0.0,3.0,0.0,0.0,0.0,0.0,0.0,0.0,,0.0,0.0,0.0,0.0,,14,0,1,1,1,72549,446,4249,283,283,0,0.0,1,0,0.0,0.0,0.0,0.0,2,,,,,0,0.33623046428509007,0.12414282944025044,cc_edges_total=14 (+0.44); cc_n_cells_e1=7.25e+04 (+0.22); cc_n_celltypes_total=1 (+0.11),novel
558,PTPRD,OPC_GABA_like_tumor,IDH_WT,tumor,1.0,2.24469629915764,2.24469629915764,153.68192307334738,0.265,0.043,0.22200000000000003,1.0,0.0,0.0,1.3999679783885448,1.0,3.0,0.0,1.0,1.0,0.0,0.0011930593981233,0.0011930593981233,0.0,1.0,1.0,0.0,1.0,1.0,1,0,1,1,1,6741,14114,5040,1935,1935,0,1.0,0,1,0.0,0.0,0.0,0.0,2,,,,,0,0.33596450292063446,0.0925644580239775,deg_pooled_log2fc=1.4 (+0.34); cc_n_cells_e1=6.74e+03 (+0.18); deg_pct_e1=0.043 (+0.11),novel
559,C3AR1,TAM1/TAM2/microglia,IDH_Mutant,TAM_microglia,1.0,0.893722014349404,0.893722014349404,107.45626348949514,0.745,0.589,0.15600000000000003,1.0,1.0,1.0,1.4998452390535073,1.0,2.0,0.0,4.0,2.0,2.0,0.0977093082783739,0.05098393546440895,0.0,1.0,1.0,0.0,4.0,0.0,4,0,1,1,1,12086,25922,2106,21701,2106,0,0.0,1,1,0.0,0.0,0.0,0.0,2,,,,,0,0.33544282018868693,0.06228124916291358,deg_pooled_log2fc=1.5 (+0.39); cc_n_cells_e1=1.21e+04 (+0.20); cc_edges_e2=2 (+0.15),novel
560,SORL1,OPC_GABA_AC_like_tumor,IDH_Mutant,tumor,0.0,0.0,0.0,0.0,,,0.0,0.0,0.0,0.0,,0.0,3.0,0.0,0.0,0.0,0.0,0.0,0.0,,0.0,0.0,0.0,0.0,,14,0,1,1,1,6202,1012,352,742,352,0,0.0,1,0,0.0,0.0,0.0,0.0,2,,,,,0,0.335003993583965,0.1241577993565162,cc_edges_total=14 (+0.44); cc_n_cells_e1=6.2e+03 (+0.22); cc_n_celltypes_total=1 (+0.11),novel
561,PCDHGA10,cycling_tumor,IDH_Mutant,tumor,1.0,3.7778153773002607,3.7778153773002607,6.261467363513313,0.213,0.019,0.194,1.0,1.0,1.0,2.410925101596722,1.0,1.0,0.0,0.0,0.0,0.0,0.0,0.0,,0.0,0.0,0.0,0.0,,2,1,1,1,1,6410,814,270,136,136,0,0.0,1,0,0.0,0.0,0.0,0.0,2,,,,,0,0.33461529395959133,0.05034038572740227,deg_pooled_log2fc=2.41 (+0.37); cc_n_cells_e1=6.41e+03 (+0.18); deg_pct_diff=0.194 (+0.09),novel
562,PILRA,OPC_GABA_like_tumor,IDH_WT,tumor,0.0,0.0,0.0,0.0,,,0.0,0.0,0.0,0.0,,0.0,0.0,0.0,0.0,0.0,0.0,0.0,0.0,,0.0,0.0,0.0,0.0,,7,0,1,1,1,6741,14114,5040,1935,1935,0,0.0,0,0,0.0,0.0,0.0,0.0,2,,,,,0,0.3342569287028098,0.08054859651578439,deg_n_celltypes_sig=0 (+0.44); cc_n_cells_e1=6.74e+03 (+0.19); cc_n_celltypes_total=1 (+0.07),novel
563,HLA-DRB1,AC_like_tumor,IDH_Mutant,tumor,0.0,0.0,0.0,0.0,,,0.0,0.0,0.0,0.0,,0.0,4.0,2.0,0.0,0.0,2.0,0.0041600414779594,0.0022543680300073665,0.0,1.0,1.0,2.0,2.0,-1.0,14,1,0,1,5,72549,446,4249,283,283,0,-0.0,1,0,1.0,1.0,2.0,0.0,2,,,,,0,0.3341406722196186,0.11313770313859561,cc_edges_total=14 (+0.29); cc_n_cells_e1=7.25e+04 (+0.25); llm_mention_rate=1 (+0.25),novel
564,PTN,TAM1/TAM2/microglia,IDH_WT,TAM_microglia,0.0,0.0,0.0,0.0,,,0.0,0.0,0.0,0.0,,0.0,3.0,1.0,0.0,0.0,1.0,0.0010558520129411,0.0010558520129411,0.0,1.0,1.0,1.0,1.0,-1.0,137,1,0,1,7,12086,25922,9696,2745,2745,0,-0.0,0,0,1.0,1.0,56.5,0.5,2,1.0,TAM_microglia,myeloid_bridge,"Shi et al., Cell Stem Cell 2017",1,0.33407020666355125,0.10464467534242469,cc_edges_total=137 (+0.92); llm_mention_rate=1 (+0.26); cc_n_cells_e1=1.21e+04 (+0.22),literature tier 1 (label)
565,SLITRK2,OPC_GABA_like_tumor,IDH_WT,tumor,1.0,2.365256056536932,2.365256056536932,232.18221614121134,0.367,0.057,0.31,1.0,0.0,0.0,1.1380986445112933,1.0,2.0,0.0,0.0,0.0,0.0,0.0,0.0,,0.0,0.0,0.0,0.0,,1,1,0,1,1,6741,14114,5040,1935,1935,0,0.0,0,0,0.0,0.0,0.0,0.0,2,,,,,0,0.33406769675254144,0.0668668305633111,cc_n_cells_e1=6.74e+03 (+0.19); deg_pct_diff=0.31 (+0.10); deg_pct_e1=0.057 (+0.09),novel
566,PTPRD,OPC_GABA_AC_like_tumor,IDH_Mutant,tumor,0.0,0.0,0.0,0.0,,,0.0,0.0,0.0,0.0,,0.0,1.0,0.0,0.0,0.0,0.0,0.0,0.0,,0.0,0.0,0.0,0.0,,1,0,1,1,1,6202,1012,352,742,352,0,0.0,1,0,0.0,0.0,0.0,0.0,2,,,,,0,0.33390893515413794,0.090533854899834,cc_n_cells_e1=6.2e+03 (+0.18); cc_n_celltypes_total=1 (+0.08); deg_n_celltypes_sig=1 (+0.05),novel
567,MERTK,cycling_tumor,IDH_WT,tumor,0.0,0.0,0.0,0.0,,,0.0,0.0,0.0,0.0,,0.0,1.0,0.0,0.0,0.0,0.0,0.0,0.0,,0.0,0.0,0.0,0.0,,1,0,1,1,1,6410,814,5847,663,663,0,0.0,0,0,0.0,0.0,0.0,0.0,2,,,,,0,0.3338055174094978,0.06945195318787142,cc_n_cells_e1=6.41e+03 (+0.18); cc_n_celltypes_total=1 (+0.08); cc_n_cells_e2=814 (+0.05),novel
568,CD99,OPC_GABA_AC_like_tumor,IDH_WT,tumor,0.0,0.0,0.0,0.0,,,0.0,0.0,0.0,0.0,,0.0,1.0,0.0,0.0,0.0,0.0,0.0,0.0,,0.0,0.0,0.0,0.0,,86,1,1,1,4,6202,1012,5384,171,171,0,0.0,0,0,0.0,0.0,0.0,0.0,2,2.0,tumor,immune_synapse,Glioma invasion marker (limited functional data),1,0.33331975028332456,0.04330945794130837,cc_edges_total=86 (+1.24); cc_n_cells_e1=6.2e+03 (+0.24); cc_n_cells_e2=1.01e+03 (+0.05),literature tier 2 (label)
569,CD99,AC_like_tumor,IDH_WT,tumor,0.0,0.0,0.0,0.0,,,0.0,0.0,0.0,0.0,,0.0,1.0,0.0,0.0,0.0,0.0,0.0,0.0,,0.0,0.0,0.0,0.0,,86,1,1,1,4,72549,446,64812,108,108,0,0.0,0,0,0.0,0.0,0.0,0.0,2,2.0,tumor,immune_synapse,Glioma invasion marker (limited functional data),1,0.33331975028332456,0.04330945794130837,cc_edges_total=86 (+1.24); cc_n_cells_e1=7.25e+04 (+0.24); cc_n_cells_e2=446 (+0.05),literature tier 2 (label)
570,ITGAX,TAM1/TAM2/microglia,IDH_Mutant,TAM_microglia,0.0,0.0,0.0,0.0,,,0.0,0.0,0.0,0.0,,0.0,0.0,0.0,4.0,4.0,0.0,0.0442420541942578,0.0234334586245721,0.0,2.0,3.0,2.0,4.0,1.0,4,0,1,2,1,12086,25922,2106,21701,2106,0,0.0,1,0,0.0,0.0,0.0,0.0,2,,,,,0,0.3329293442260718,0.13183962351659417,deg_n_celltypes_sig=0 (+0.46); cc_n_partners=3 (+0.31); cc_n_cells_e1=1.21e+04 (+0.18),novel
571,PTGES3,OPC_GABA_like_tumor,IDH_WT,tumor,1.0,0.5399867921172341,0.5399867921172341,98.23142148732953,0.84,0.427,0.413,1.0,0.0,0.0,,0.0,3.0,2.0,0.0,1.0,1.0,0.0101086430064245,0.0067944103372843,0.0,1.0,1.0,2.0,2.0,0.0,13,1,0,1,7,6741,14114,5040,1935,1935,0,0.0,0,1,0.0,0.0,0.0,0.0,2,,,,,0,0.330349368630076,0.09803010220323383,cc_edges_total=13 (+0.46); cc_n_cells_e1=6.74e+03 (+0.24); deg_pct_diff=0.413 (+0.14),novel
572,HBEGF,TAM1/TAM2/microglia,IDH_WT,TAM_microglia,1.0,0.9095021993511432,0.9095021993511432,64.75167939892984,0.485,0.316,0.16899999999999998,1.0,0.0,0.0,-0.7193658289602208,1.0,2.0,7.0,0.0,0.0,7.0,0.0191470332237848,0.0075573265473107285,0.0,1.0,4.0,7.0,7.0,-1.0,7,1,0,1,1,12086,25922,9696,2745,2745,0,-1.0,0,1,0.5,0.5,0.5,0.0,2,,,,,0,0.32816668704126317,0.07654474877804517,llm_mention_rate=0.5 (+0.28); cc_n_partners=4 (+0.21); cc_n_cells_e1=1.21e+04 (+0.18),novel
573,PDGFA,cycling_tumor,IDH_Mutant,tumor,0.0,0.0,0.0,0.0,,,0.0,0.0,0.0,0.0,,0.0,1.0,3.0,0.0,3.0,0.0,0.0039862277869608,0.002852574179893333,0.0,1.0,3.0,0.0,3.0,1.0,3,1,0,1,1,6410,814,270,136,136,0,0.0,1,0,0.0,0.0,0.0,0.0,2,,,,,0,0.3247945616113679,0.12336691190192323,cc_n_partners=3 (+0.31); cc_n_cells_e1=6.41e+03 (+0.18); cc_edges_e2=3 (+0.13),novel
574,CNTN1,AC_like_tumor,IDH_Mutant,tumor,0.0,0.0,0.0,0.0,,,0.0,0.0,0.0,0.0,,0.0,2.0,0.0,0.0,0.0,0.0,0.0,0.0,,0.0,0.0,0.0,0.0,,16,1,0,1,2,72549,446,4249,283,283,0,0.0,1,0,1.0,0.0,4.0,0.0,2,2.0,tumor,neuron_tumor,Synaptic adhesion (pathway-level),1,0.3241297620110828,0.09775652806163944,cc_edges_total=16 (+0.54); llm_mention_rate=1 (+0.28); cc_n_cells_e1=7.25e+04 (+0.25),literature tier 2 (label)
575,GAS6,TAM1/TAM2/microglia,IDH_Mutant,TAM_microglia,1.0,0.3876737388378609,0.3876737388378609,7.680681181946396,0.363,0.28,0.08299999999999996,1.0,1.0,1.0,1.354641382858478,1.0,2.0,2.0,0.0,2.0,0.0,0.012077162692356,0.00795189203387295,0.0,1.0,1.0,0.0,2.0,1.0,2,1,0,1,1,12086,25922,2106,21701,2106,0,1.0,1,1,0.0,0.0,0.0,0.0,2,,,,,0,0.3237195346042553,0.039955712924135627,cc_n_cells_e1=1.21e+04 (+0.19); deg_pooled_log2fc=1.35 (+0.18); cc_edges_e2=2 (+0.15),novel
576,CNTN1,OPC_GABA_AC_like_tumor,IDH_Mutant,tumor,0.0,0.0,0.0,0.0,,,0.0,0.0,0.0,0.0,,0.0,2.0,0.0,0.0,0.0,0.0,0.0,0.0,,0.0,0.0,0.0,0.0,,16,1,0,1,2,6202,1012,352,742,352,0,0.0,1,0,1.0,0.0,4.0,0.0,2,2.0,tumor,neuron_tumor,Synaptic adhesion (pathway-level),1,0.3232114069461168,0.09761290806970467,cc_edges_total=16 (+0.54); llm_mention_rate=1 (+0.28); cc_n_cells_e1=6.2e+03 (+0.25),literature tier 2 (label)
577,PTGES2,cycling_tumor,IDH_WT,tumor,1.0,0.91692452860917,0.91692452860917,108.21754135330681,0.341,0.062,0.279,1.0,0.0,0.0,0.7845764451819432,1.0,2.0,1.0,0.0,1.0,0.0,0.0010258920066067,0.0010258920066067,0.0,1.0,1.0,1.0,1.0,1.0,1,1,0,1,1,6410,814,5847,663,663,0,1.0,0,1,0.0,0.0,0.0,0.0,2,,,,,0,0.3228640553377241,0.02345556780543229,cc_n_cells_e1=6.41e+03 (+0.19); deg_pct_e1=0.062 (+0.09); deg_pct_diff=0.279 (+0.09),novel
578,APOE,OPC_GABA_like_tumor,IDH_Mutant,tumor,1.0,-5.737107541929249,5.737107541929249,300.0,0.317,0.91,-0.593,-1.0,1.0,1.0,-4.072788361263858,1.0,5.0,6.0,0.0,3.0,3.0,0.1006178802379461,0.052596146898227066,0.04,1.0,2.0,6.0,6.0,0.0,36,1,0,1,7,6741,14114,1658,11741,1658,0,-0.0,1,1,1.0,0.5,5.0,0.0,2,2.0,TAM_microglia,myeloid_bridge,TAM lipid program (pathway-level),0,0.32278295462620815,0.11679524638721493,cc_n_partners=2 (+0.42); cc_n_cells_e1=6.74e+03 (+0.23); llm_mention_rate=1 (+0.17),"literature gene, other compartment"
579,CD4,T cell,IDH_Mutant,T_cell,0.0,0.0,0.0,0.0,,,0.0,0.0,0.0,0.0,,0.0,1.0,0.0,0.0,0.0,0.0,0.0,0.0,,0.0,0.0,0.0,0.0,,88,0,1,1,1,2662,1463,941,334,334,0,0.0,1,0,1.0,1.0,18.0,0.0,2,2.0,T_cell,immune_synapse,MHC-II co-receptor (pathway-level),1,0.3225977939476234,0.08674904545471948,cc_edges_total=88 (+1.03); llm_mentions_per_run=18 (+0.27); llm_mention_rate=1 (+0.24),literature tier 2 (label)
580,CD4,T cell,IDH_WT,T_cell,0.0,0.0,0.0,0.0,,,0.0,0.0,0.0,0.0,,0.0,1.0,0.0,0.0,0.0,0.0,0.0,0.0,,0.0,0.0,0.0,0.0,,88,0,1,1,1,2662,1463,1681,1118,1118,0,0.0,0,0,1.0,1.0,18.0,0.0,2,2.0,T_cell,immune_synapse,MHC-II co-receptor (pathway-level),1,0.3225977939476234,0.08674904545471948,cc_edges_total=88 (+1.03); llm_mentions_per_run=18 (+0.27); llm_mention_rate=1 (+0.24),literature tier 2 (label)
581,HLA-DRA,T cell,IDH_WT,T_cell,1.0,1.201388345282215,1.201388345282215,24.578605438052506,0.535,0.355,0.18000000000000005,1.0,0.0,0.0,1.2241026217571085,1.0,5.0,4.0,0.0,2.0,2.0,0.0155067311054044,0.005776417214999927,0.0,1.0,1.0,4.0,4.0,0.0,20,1,0,1,7,2662,1463,1681,1118,1118,0,0.0,0,1,1.0,1.0,41.0,0.0,2,2.0,TAM_microglia,immune_synapse,MHC-II antigen presentation (pathway-level),0,0.3211241870682023,0.06471536521721173,llm_mentions_per_run=41 (+0.26); cc_edges_total=20 (+0.22); llm_mention_rate=1 (+0.21),"literature gene, other compartment"
582,ITGAX,AC_like_tumor,IDH_Mutant,tumor,0.0,0.0,0.0,0.0,,,0.0,0.0,0.0,0.0,,0.0,0.0,0.0,0.0,0.0,0.0,0.0,0.0,,0.0,0.0,0.0,0.0,,4,0,1,2,1,72549,446,4249,283,283,0,0.0,1,0,0.0,0.0,0.0,0.0,2,,,,,0,0.32096027201649985,0.15827404841009274,deg_n_celltypes_sig=0 (+0.60); cc_n_cells_e1=7.25e+04 (+0.19); cc_n_celltypes_total=1 (+0.08),novel
583,TNFRSF1A,TAM1/TAM2/microglia,IDH_WT,TAM_microglia,1.0,0.2563705336594064,0.2563705336594064,9.384461729052925,0.265,0.192,0.07300000000000001,1.0,0.0,0.0,0.8009924373378859,1.0,1.0,0.0,1.0,1.0,0.0,0.0056018898340466,0.0056018898340466,0.0,1.0,1.0,0.0,1.0,1.0,1,0,1,1,1,12086,25922,9696,2745,2745,0,1.0,0,1,0.0,0.0,0.0,0.0,2,,,,,0,0.32031222634671297,0.0711792398156863,cc_n_cells_e1=1.21e+04 (+0.18); deg_pct_diff=0.073 (+0.06); cc_max_prob=0.0056 (+0.06),novel
584,HLA-DRB1,AC_like_tumor,IDH_WT,tumor,0.0,0.0,0.0,0.0,,,0.0,0.0,0.0,0.0,,0.0,3.0,2.0,0.0,0.0,2.0,0.0041600414779594,0.0022543680300073665,0.0,1.0,1.0,2.0,2.0,-1.0,14,1,0,1,5,72549,446,64812,108,108,0,-0.0,0,0,1.0,1.0,2.0,0.0,2,,,,,0,0.319461012852877,0.09933036583389517,cc_edges_total=14 (+0.29); llm_mention_rate=1 (+0.26); cc_n_cells_e1=7.25e+04 (+0.25),novel
585,NRXN2,cycling_tumor,IDH_WT,tumor,1.0,0.8403773221055575,0.8403773221055575,40.97247610785651,0.175,0.039,0.13599999999999998,1.0,1.0,1.0,1.0493405799743036,1.0,1.0,0.0,0.0,0.0,0.0,0.0,0.0,,0.0,0.0,0.0,0.0,,10,1,0,1,1,6410,814,5847,663,663,0,0.0,0,0,0.0,0.0,0.0,0.0,2,,,,,0,0.31821477902574535,0.0459649122255732,cc_n_cells_e1=6.41e+03 (+0.19); deg_pct_diff=0.136 (+0.13); deg_pooled_log2fc=1.05 (+0.09),novel
586,TREM2,T cell,IDH_Mutant,T_cell,0.0,0.0,0.0,0.0,,,0.0,0.0,0.0,0.0,,0.0,1.0,0.0,0.0,0.0,0.0,0.0,0.0,,0.0,0.0,0.0,0.0,,57,0,1,2,2,2662,1463,941,334,334,0,0.0,1,0,1.0,1.0,4.5,0.0,2,2.0,TAM_microglia,myeloid_bridge,TAM marker (pathway-level),0,0.31782218468478496,0.059939696210156185,cc_edges_total=57 (+0.88); llm_mention_rate=1 (+0.23); deg_n_celltypes_sig=1 (+0.08),"literature gene, other compartment"
587,TNFRSF1A,AC_like_tumor,IDH_Mutant,tumor,0.0,0.0,0.0,0.0,,,0.0,0.0,0.0,0.0,,0.0,1.0,0.0,0.0,0.0,0.0,0.0,0.0,,0.0,0.0,0.0,0.0,,1,0,1,1,1,72549,446,4249,283,283,0,0.0,1,0,0.0,0.0,0.0,0.0,2,,,,,0,0.31763722815762757,0.03896148652804521,cc_n_cells_e1=7.25e+04 (+0.18); cc_n_celltypes_total=1 (+0.08); cc_n_cells_e2=446 (+0.05),novel
588,TNFRSF1A,OPC_GABA_AC_like_tumor,IDH_WT,tumor,0.0,0.0,0.0,0.0,,,0.0,0.0,0.0,0.0,,0.0,1.0,0.0,0.0,0.0,0.0,0.0,0.0,,0.0,0.0,0.0,0.0,,1,0,1,1,1,6202,1012,5384,171,171,0,0.0,0,0,0.0,0.0,0.0,0.0,2,,,,,0,0.31763722815762757,0.03896148652804521,cc_n_cells_e1=6.2e+03 (+0.18); cc_n_celltypes_total=1 (+0.08); cc_n_cells_e2=1.01e+03 (+0.04),novel
589,TNFRSF1A,AC_like_tumor,IDH_WT,tumor,0.0,0.0,0.0,0.0,,,0.0,0.0,0.0,0.0,,0.0,1.0,0.0,0.0,0.0,0.0,0.0,0.0,,0.0,0.0,0.0,0.0,,1,0,1,1,1,72549,446,64812,108,108,0,0.0,0,0,0.0,0.0,0.0,0.0,2,,,,,0,0.31763722815762757,0.03896148652804521,cc_n_cells_e1=7.25e+04 (+0.18); cc_n_celltypes_total=1 (+0.08); cc_n_cells_e2=446 (+0.05),novel
590,MDK,TAM1/TAM2/microglia,IDH_WT,TAM_microglia,0.0,0.0,0.0,0.0,,,0.0,0.0,0.0,0.0,,0.0,2.0,0.0,0.0,0.0,0.0,0.0,0.0,,0.0,0.0,0.0,0.0,,28,1,0,1,1,12086,25922,9696,2745,2745,0,0.0,0,0,0.0,0.0,0.0,0.0,2,,,,,0,0.31723616026144963,0.0653176075085015,cc_n_cells_e1=1.21e+04 (+0.22); cc_edges_total=28 (+0.10); cc_n_celltypes_total=1 (+0.10),novel
591,TNFRSF1A,cycling_tumor,IDH_Mutant,tumor,0.0,0.0,0.0,0.0,,,0.0,0.0,0.0,0.0,,0.0,1.0,0.0,0.0,0.0,0.0,0.0,0.0,,0.0,0.0,0.0,0.0,,1,0,1,1,1,6410,814,270,136,136,0,0.0,1,0,0.0,0.0,0.0,0.0,2,,,,,0,0.3164725326624679,0.041264079724731555,cc_n_cells_e1=6.41e+03 (+0.18); cc_n_celltypes_total=1 (+0.08); cc_n_cells_e2=814 (+0.05),novel
592,ITGAX,cycling_tumor,IDH_Mutant,tumor,0.0,0.0,0.0,0.0,,,0.0,0.0,0.0,0.0,,0.0,0.0,0.0,0.0,0.0,0.0,0.0,0.0,,0.0,0.0,0.0,0.0,,4,0,1,2,1,6410,814,270,136,136,0,0.0,1,0,0.0,0.0,0.0,0.0,2,,,,,0,0.31646171520440847,0.15771703067955045,deg_n_celltypes_sig=0 (+0.58); cc_n_cells_e1=6.41e+03 (+0.19); cc_n_celltypes_total=1 (+0.08),novel
593,PTGES3,OPC_GABA_AC_like_tumor,IDH_WT,tumor,1.0,1.0975112537670988,1.0975112537670988,17.78369834434546,0.69,0.313,0.37699999999999995,1.0,0.0,0.0,0.5129413175721254,1.0,3.0,2.0,0.0,1.0,1.0,0.0083171818782097,0.00599865319317245,0.0,1.0,1.0,2.0,2.0,0.0,13,1,0,1,7,6202,1012,5384,171,171,0,0.0,0,1,0.0,0.0,0.0,0.0,2,,,,,0,0.31586963160065523,0.10021902608927506,cc_edges_total=13 (+0.45); cc_n_cells_e1=6.2e+03 (+0.23); deg_pct_diff=0.377 (+0.14),novel
594,GPR37L1,OPC_GABA_like_tumor,IDH_WT,tumor,0.0,0.0,0.0,0.0,,,0.0,0.0,0.0,0.0,,0.0,0.0,0.0,9.0,9.0,0.0,0.0103328573239385,0.0037123086690787114,0.0,1.0,5.0,3.0,9.0,1.0,9,0,1,1,1,6741,14114,5040,1935,1935,0,0.0,0,0,0.0,0.0,0.0,0.0,2,,,,,0,0.31578268795096076,0.0957624992930914,deg_n_celltypes_sig=0 (+0.33); cc_n_cells_e1=6.74e+03 (+0.18); cc_n_partners=5 (+0.14),novel
595,TNFRSF1A,cycling_tumor,IDH_WT,tumor,0.0,0.0,0.0,0.0,,,0.0,0.0,0.0,0.0,,0.0,1.0,0.0,0.0,0.0,0.0,0.0,0.0,,0.0,0.0,0.0,0.0,,1,0,1,1,1,6410,814,5847,663,663,0,0.0,0,0,0.0,0.0,0.0,0.0,2,,,,,0,0.3153084234697072,0.04019353815457669,cc_n_cells_e1=6.41e+03 (+0.18); cc_n_celltypes_total=1 (+0.08); cc_n_cells_e2=814 (+0.05),novel
596,PILRB,cycling_tumor,IDH_Mutant,tumor,0.0,0.0,0.0,0.0,,,0.0,0.0,0.0,0.0,,0.0,0.0,0.0,7.0,7.0,0.0,0.0037171475539804,0.0016564278310690797,0.0,1.0,4.0,4.0,7.0,1.0,7,0,1,1,1,6410,814,270,136,136,0,0.0,1,0,0.0,0.0,0.0,0.0,2,,,,,0,0.31530703334441024,0.07334181933122573,deg_n_celltypes_sig=0 (+0.27); cc_n_cells_e1=6.41e+03 (+0.18); cc_n_partners=4 (+0.13),novel
597,TNFRSF1A,OPC_GABA_AC_like_tumor,IDH_Mutant,tumor,0.0,0.0,0.0,0.0,,,0.0,0.0,0.0,0.0,,0.0,1.0,0.0,0.0,0.0,0.0,0.0,0.0,,0.0,0.0,0.0,0.0,,1,0,1,1,1,6202,1012,352,742,352,0,0.0,1,0,0.0,0.0,0.0,0.0,2,,,,,0,0.31511392498703,0.04057826150535183,cc_n_cells_e1=6.2e+03 (+0.18); cc_n_celltypes_total=1 (+0.08); deg_n_celltypes_sig=1 (+0.05),novel
598,CD99,cycling_tumor,IDH_Mutant,tumor,1.0,-3.2447778625322616,3.2447778625322616,2.9915981843791757,0.096,0.33,-0.234,-1.0,1.0,1.0,-0.6162220488602379,1.0,3.0,10.0,6.0,8.0,8.0,0.0093598934920334,0.004668256872639797,0.01,1.0,3.0,14.0,16.0,0.0,86,1,1,1,4,6410,814,270,136,136,0,-0.0,1,1,0.0,0.0,0.0,0.0,2,2.0,tumor,immune_synapse,Glioma invasion marker (limited functional data),1,0.3151069485110541,0.08558827226994341,cc_edges_total=86 (+1.17); cc_n_partners=3 (+0.38); cc_n_cells_e1=6.41e+03 (+0.22),literature tier 2 (label)
599,ITGAX,OPC_GABA_AC_like_tumor,IDH_Mutant,tumor,0.0,0.0,0.0,0.0,,,0.0,0.0,0.0,0.0,,0.0,0.0,0.0,0.0,0.0,0.0,0.0,0.0,,0.0,0.0,0.0,0.0,,4,0,1,2,1,6202,1012,352,742,352,0,0.0,1,0,0.0,0.0,0.0,0.0,2,,,,,0,0.31498713500624087,0.1587624363823106,deg_n_celltypes_sig=0 (+0.58); cc_n_cells_e1=6.2e+03 (+0.19); cc_n_celltypes_total=1 (+0.08),novel
600,KLRC2,OPC_GABA_like_tumor,IDH_WT,tumor,0.0,0.0,0.0,0.0,,,0.0,0.0,0.0,0.0,,0.0,0.0,0.0,6.0,6.0,0.0,0.0287367317117394,0.018077051350929785,0.0,1.0,4.0,5.0,6.0,1.0,6,0,1,1,1,6741,14114,5040,1935,1935,0,0.0,0,0,0.0,0.0,0.0,0.0,2,,,,,0,0.31441815445583127,0.08803543734842602,deg_n_celltypes_sig=0 (+0.31); cc_n_cells_e1=6.74e+03 (+0.18); cc_n_partners=4 (+0.13),novel
601,TNFRSF1A,TAM1/TAM2/microglia,IDH_Mutant,TAM_microglia,0.0,0.0,0.0,0.0,,,0.0,0.0,0.0,0.0,,0.0,1.0,0.0,1.0,1.0,0.0,0.0056018898340466,0.0056018898340466,0.0,1.0,1.0,0.0,1.0,1.0,1,0,1,1,1,12086,25922,2106,21701,2106,0,0.0,1,0,0.0,0.0,0.0,0.0,2,,,,,0,0.3136265996288615,0.06940278947365958,cc_n_cells_e1=1.21e+04 (+0.18); cc_mean_prob=0.0056 (+0.07); cc_max_prob=0.0056 (+0.06),novel
602,PTPRZ1,T cell,IDH_Mutant,T_cell,0.0,0.0,0.0,0.0,,,0.0,0.0,0.0,0.0,,0.0,4.0,0.0,0.0,0.0,0.0,0.0,0.0,,0.0,0.0,0.0,0.0,,77,0,1,2,4,2662,1463,941,334,334,0,0.0,1,0,1.0,1.0,26.5,0.0,2,1.0,tumor,myeloid_bridge,"Shi et al., Cell Stem Cell 2017",0,0.31279550532961964,0.054541071429722476,cc_edges_total=77 (+0.89); llm_mentions_per_run=26.5 (+0.25); llm_mention_rate=1 (+0.24),"literature gene, other compartment"
603,KLRC2,OPC_GABA_AC_like_tumor,IDH_WT,tumor,0.0,0.0,0.0,0.0,,,0.0,0.0,0.0,0.0,,0.0,0.0,0.0,0.0,0.0,0.0,0.0,0.0,,0.0,0.0,0.0,0.0,,6,0,1,1,1,6202,1012,5384,171,171,0,0.0,0,0,0.0,0.0,0.0,0.0,2,,,,,0,0.3125907219010296,0.09532156032909297,deg_n_celltypes_sig=0 (+0.44); cc_n_cells_e1=6.2e+03 (+0.19); cc_n_celltypes_total=1 (+0.08),novel
604,GAS6,AC_like_tumor,IDH_WT,tumor,0.0,0.0,0.0,0.0,,,0.0,0.0,0.0,0.0,,0.0,1.0,0.0,0.0,0.0,0.0,0.0,0.0,,0.0,0.0,0.0,0.0,,2,1,0,1,1,72549,446,64812,108,108,0,0.0,0,0,0.0,0.0,0.0,0.0,2,,,,,0,0.31192174875250334,0.035422047242878056,cc_n_cells_e1=7.25e+04 (+0.18); cc_n_celltypes_total=1 (+0.08); cc_n_cells_e2=446 (+0.05),novel
605,GAS6,OPC_GABA_AC_like_tumor,IDH_WT,tumor,0.0,0.0,0.0,0.0,,,0.0,0.0,0.0,0.0,,0.0,1.0,0.0,0.0,0.0,0.0,0.0,0.0,,0.0,0.0,0.0,0.0,,2,1,0,1,1,6202,1012,5384,171,171,0,0.0,0,0,0.0,0.0,0.0,0.0,2,,,,,0,0.31192174875250334,0.035422047242878056,cc_n_cells_e1=6.2e+03 (+0.18); cc_n_celltypes_total=1 (+0.08); deg_n_celltypes_sig=1 (+0.05),novel
606,KLRC2,AC_like_tumor,IDH_WT,tumor,0.0,0.0,0.0,0.0,,,0.0,0.0,0.0,0.0,,0.0,0.0,0.0,0.0,0.0,0.0,0.0,0.0,,0.0,0.0,0.0,0.0,,6,0,1,1,1,72549,446,64812,108,108,0,0.0,0,0,0.0,0.0,0.0,0.0,2,,,,,0,0.3118735508890179,0.09608292179701182,deg_n_celltypes_sig=0 (+0.44); cc_n_cells_e1=7.25e+04 (+0.19); cc_n_celltypes_total=1 (+0.08),novel
607,MERTK,OPC_GABA_like_tumor,IDH_WT,tumor,0.0,0.0,0.0,0.0,,,0.0,0.0,0.0,0.0,,0.0,1.0,0.0,0.0,0.0,0.0,0.0,0.0,,0.0,0.0,0.0,0.0,,1,0,1,1,1,6741,14114,5040,1935,1935,0,0.0,0,0,0.0,0.0,0.0,0.0,2,,,,,0,0.31184223854065224,0.07230422727412252,cc_n_cells_e1=6.74e+03 (+0.18); cc_n_celltypes_total=1 (+0.07); deg_n_celltypes_sig=1 (+0.04),novel
608,APOE,OPC_GABA_like_tumor,IDH_WT,tumor,1.0,-2.254642753807273,2.254642753807273,11.809222181100063,0.411,0.416,-0.0050000000000000044,-1.0,1.0,1.0,-4.072788361263858,1.0,6.0,6.0,0.0,3.0,3.0,0.1006178802379461,0.052596146898227066,0.04,1.0,2.0,6.0,6.0,0.0,36,1,0,1,7,6741,14114,5040,1935,1935,0,-0.0,0,1,1.0,0.5,5.0,0.0,2,2.0,TAM_microglia,myeloid_bridge,TAM lipid program (pathway-level),0,0.3117851877924673,0.14897395069203057,cc_n_partners=2 (+0.42); cc_n_cells_e1=6.74e+03 (+0.23); llm_mention_rate=1 (+0.20),"literature gene, other compartment"
609,SLITRK2,AC_like_tumor,IDH_Mutant,tumor,0.0,0.0,0.0,0.0,,,0.0,0.0,0.0,0.0,,0.0,1.0,0.0,0.0,0.0,0.0,0.0,0.0,,0.0,0.0,0.0,0.0,,1,1,0,1,1,72549,446,4249,283,283,0,0.0,1,0,0.0,0.0,0.0,0.0,2,,,,,0,0.31167740506467806,0.03960076950103527,cc_n_cells_e1=7.25e+04 (+0.19); cc_n_celltypes_total=1 (+0.08); cc_n_cells_e2=446 (+0.05),novel
610,PTPRD,OPC_GABA_like_tumor,IDH_Mutant,tumor,0.0,0.0,0.0,0.0,,,0.0,0.0,0.0,0.0,,0.0,1.0,0.0,1.0,1.0,0.0,0.0011930593981233,0.0011930593981233,0.0,1.0,1.0,0.0,1.0,1.0,1,0,1,1,1,6741,14114,1658,11741,1658,0,0.0,1,0,0.0,0.0,0.0,0.0,2,,,,,0,0.3113001401602916,0.09151188517724462,cc_n_cells_e1=6.74e+03 (+0.18); cc_n_celltypes_total=1 (+0.07); deg_n_celltypes_sig=1 (+0.05),novel
611,GAS6,cycling_tumor,IDH_WT,tumor,0.0,0.0,0.0,0.0,,,0.0,0.0,0.0,0.0,,0.0,1.0,0.0,0.0,0.0,0.0,0.0,0.0,,0.0,0.0,0.0,0.0,,2,1,0,1,1,6410,814,5847,663,663,0,0.0,0,0,0.0,0.0,0.0,0.0,2,,,,,0,0.3091523919220143,0.038829339985807586,cc_n_cells_e1=6.41e+03 (+0.18); cc_n_celltypes_total=1 (+0.08); cc_n_cells_e2=814 (+0.05),novel
612,HBEGF,cycling_tumor,IDH_WT,tumor,1.0,-0.9029527762983448,0.9029527762983448,2.017577129885317,0.143,0.077,0.06599999999999999,-1.0,0.0,0.0,,0.0,2.0,0.0,0.0,0.0,0.0,0.0,0.0,,0.0,0.0,0.0,0.0,,7,1,0,1,1,6410,814,5847,663,663,0,-0.0,0,0,0.5,0.5,0.5,0.5,2,,,,,0,0.30866908921701064,0.0902170564597117,llm_mention_rate=0.5 (+0.29); cc_n_cells_e1=6.41e+03 (+0.20); llm_ctx_mention_rate=0.5 (+0.17),novel
613,KLRC2,cycling_tumor,IDH_WT,tumor,0.0,0.0,0.0,0.0,,,0.0,0.0,0.0,0.0,,0.0,0.0,0.0,0.0,0.0,0.0,0.0,0.0,,0.0,0.0,0.0,0.0,,6,0,1,1,1,6410,814,5847,663,663,0,0.0,0,0,0.0,0.0,0.0,0.0,2,,,,,0,0.3080943117308908,0.09494365678471907,deg_n_celltypes_sig=0 (+0.44); cc_n_cells_e1=6.41e+03 (+0.19); cc_n_celltypes_total=1 (+0.08),novel
614,HLA-DMB,TAM1/TAM2/microglia,IDH_WT,TAM_microglia,0.0,0.0,0.0,0.0,,,0.0,0.0,0.0,0.0,,0.0,1.0,4.0,0.0,2.0,2.0,0.0046828301407175,0.002460909781326619,0.0,1.0,1.0,0.0,4.0,0.0,4,1,0,1,1,12086,25922,9696,2745,2745,0,0.0,0,0,0.0,0.0,0.0,0.0,2,,,,,0,0.30734535209352565,0.07193052182293844,cc_n_cells_e1=1.21e+04 (+0.19); cc_edges_e2=2 (+0.14); cc_max_prob=0.00468 (+0.06),novel
615,SLITRK2,OPC_GABA_AC_like_tumor,IDH_Mutant,tumor,0.0,0.0,0.0,0.0,,,0.0,0.0,0.0,0.0,,0.0,1.0,0.0,0.0,0.0,0.0,0.0,0.0,,0.0,0.0,0.0,0.0,,1,1,0,1,1,6202,1012,352,742,352,0,0.0,1,0,0.0,0.0,0.0,0.0,2,,,,,0,0.30662639159908933,0.03700789505323034,cc_n_cells_e1=6.2e+03 (+0.19); cc_n_celltypes_total=1 (+0.08); deg_n_celltypes_sig=1 (+0.05),novel
616,ADORA3,T cell,IDH_Mutant,T_cell,0.0,0.0,0.0,0.0,,,0.0,0.0,0.0,0.0,,0.0,0.0,0.0,0.0,0.0,0.0,0.0,0.0,,0.0,0.0,0.0,0.0,,1,1,0,1,1,2662,1463,941,334,334,0,0.0,1,0,0.0,0.0,0.0,0.0,2,,,,,0,0.305431333362632,0.08492564968336475,deg_n_celltypes_sig=0 (+0.68); cc_edges_total=1 (+0.20); cc_n_celltypes_total=1 (+0.14),novel
617,APOE,cycling_tumor,IDH_WT,tumor,1.0,-4.621149299509157,4.621149299509157,149.35901737537023,0.379,0.744,-0.365,-1.0,1.0,1.0,-4.340427960083712,1.0,6.0,6.0,0.0,3.0,3.0,0.1534655254557488,0.07382589628953852,0.04,1.0,2.0,6.0,6.0,0.0,36,1,0,1,7,6410,814,5847,663,663,0,-0.0,0,1,1.0,0.5,5.0,0.0,2,2.0,TAM_microglia,myeloid_bridge,TAM lipid program (pathway-level),0,0.3052191352583781,0.13953270385139618,cc_n_partners=2 (+0.41); cc_n_cells_e1=6.41e+03 (+0.23); llm_mention_rate=1 (+0.17),"literature gene, other compartment"
618,PTGES2,cycling_tumor,IDH_Mutant,tumor,0.0,0.0,0.0,0.0,,,0.0,0.0,0.0,0.0,,0.0,2.0,1.0,0.0,1.0,0.0,0.0010258920066067,0.0010258920066067,0.0,1.0,1.0,1.0,1.0,1.0,1,1,0,1,1,6410,814,270,136,136,0,0.0,1,0,0.0,0.0,0.0,0.0,2,,,,,0,0.30255980595843157,0.016290164154810525,cc_n_cells_e1=6.41e+03 (+0.20); cc_n_celltypes_total=1 (+0.07); cc_n_cells_e2=814 (+0.05),novel
619,PTPRD,TAM1/TAM2/microglia,IDH_Mutant,TAM_microglia,0.0,0.0,0.0,0.0,,,0.0,0.0,0.0,0.0,,0.0,1.0,0.0,0.0,0.0,0.0,0.0,0.0,,0.0,0.0,0.0,0.0,,1,0,1,1,1,12086,25922,2106,21701,2106,0,0.0,1,0,0.0,0.0,0.0,0.0,2,,,,,0,0.3020676550535605,0.09181340229331554,cc_n_cells_e1=1.21e+04 (+0.18); cc_n_celltypes_total=1 (+0.06); deg_n_celltypes_sig=1 (+0.05),novel
620,NRXN2,cycling_tumor,IDH_Mutant,tumor,1.0,5.363354862664815,5.363354862664815,7.377522825770371,0.199,0.007,0.192,1.0,1.0,1.0,1.0493405799743036,1.0,3.0,0.0,0.0,0.0,0.0,0.0,0.0,,0.0,0.0,0.0,0.0,,10,1,0,1,1,6410,814,270,136,136,0,0.0,1,0,0.0,0.0,0.0,0.0,2,,,,,0,0.3014515089839661,0.08359845648858825,cc_n_cells_e1=6.41e+03 (+0.20); deg_pct_diff=0.192 (+0.13); deg_pooled_log2fc=1.05 (+0.10),novel
621,ADORA3,AC_like_tumor,IDH_WT,tumor,0.0,0.0,0.0,0.0,,,0.0,0.0,0.0,0.0,,0.0,1.0,0.0,0.0,0.0,0.0,0.0,0.0,,0.0,0.0,0.0,0.0,,1,1,0,1,1,72549,446,64812,108,108,0,0.0,0,0,0.0,0.0,0.0,0.0,2,,,,,0,0.3014401058558765,0.03468072317679699,cc_n_cells_e1=7.25e+04 (+0.19); cc_n_celltypes_total=1 (+0.08); cc_n_cells_e2=446 (+0.05),novel
622,ADORA3,OPC_GABA_AC_like_tumor,IDH_WT,tumor,0.0,0.0,0.0,0.0,,,0.0,0.0,0.0,0.0,,0.0,1.0,0.0,0.0,0.0,0.0,0.0,0.0,,0.0,0.0,0.0,0.0,,1,1,0,1,1,6202,1012,5384,171,171,0,0.0,0,0,0.0,0.0,0.0,0.0,2,,,,,0,0.3014401058558765,0.03468072317679699,cc_n_cells_e1=6.2e+03 (+0.19); cc_n_celltypes_total=1 (+0.08); cc_n_cells_e2=1.01e+03 (+0.04),novel
623,PTGES2,AC_like_tumor,IDH_WT,tumor,0.0,0.0,0.0,0.0,,,0.0,0.0,0.0,0.0,,0.0,2.0,0.0,0.0,0.0,0.0,0.0,0.0,,0.0,0.0,0.0,0.0,,1,1,0,1,1,72549,446,64812,108,108,0,0.0,0,0,0.0,0.0,0.0,0.0,2,,,,,0,0.3012368613821411,0.01697629030938533,cc_n_cells_e1=7.25e+04 (+0.20); cc_n_celltypes_total=1 (+0.07); cc_n_cells_e2=446 (+0.05),novel
624,PTGES2,OPC_GABA_AC_like_tumor,IDH_WT,tumor,0.0,0.0,0.0,0.0,,,0.0,0.0,0.0,0.0,,0.0,2.0,0.0,0.0,0.0,0.0,0.0,0.0,,0.0,0.0,0.0,0.0,,1,1,0,1,1,6202,1012,5384,171,171,0,0.0,0,0,0.0,0.0,0.0,0.0,2,,,,,0,0.3012368613821411,0.01697629030938533,cc_n_cells_e1=6.2e+03 (+0.20); cc_n_celltypes_total=1 (+0.07); cc_n_cells_e2=1.01e+03 (+0.04),novel
625,ITGAX,OPC_GABA_like_tumor,IDH_Mutant,tumor,0.0,0.0,0.0,0.0,,,0.0,0.0,0.0,0.0,,0.0,0.0,0.0,0.0,0.0,0.0,0.0,0.0,,0.0,0.0,0.0,0.0,,4,0,1,2,1,6741,14114,1658,11741,1658,0,0.0,1,0,0.0,0.0,0.0,0.0,2,,,,,0,0.3010624019505914,0.15292062930552258,deg_n_celltypes_sig=0 (+0.58); cc_n_cells_e1=6.74e+03 (+0.19); cc_n_celltypes_total=1 (+0.07),novel
626,CLEC2B,cycling_tumor,IDH_Mutant,tumor,1.0,-7.542738597519156,7.542738597519156,3.0280366247551256,0.0,0.196,-0.196,-1.0,1.0,1.0,-7.7470146683184975,1.0,2.0,0.0,0.0,0.0,0.0,0.0,0.0,,0.0,0.0,0.0,0.0,,6,1,0,1,2,6410,814,270,136,136,0,-0.0,1,0,1.0,1.0,3.5,0.0,2,,,,,0,0.30000035904443834,0.10170185956258472,llm_mention_rate=1 (+0.30); cc_n_cells_e1=6.41e+03 (+0.22); deg_pct_e1=0.196 (+0.05),novel
627,HAVCR2,TAM1/TAM2/microglia,IDH_WT,TAM_microglia,1.0,0.9651001381198132,0.9651001381198132,108.82802450474641,0.546,0.331,0.21500000000000002,1.0,1.0,1.0,1.1433285772866246,1.0,1.0,0.0,2.0,1.0,1.0,0.0101934918944621,0.00658942667833445,0.0,1.0,1.0,0.0,2.0,0.0,2,0,1,1,1,12086,25922,9696,2745,2745,0,0.0,0,1,0.0,0.0,0.0,0.0,2,1.0,T_cell,immune_synapse,"Kim et al., Clin Cancer Res 2017",0,0.29974028481030157,0.05737472215969245,cc_n_cells_e1=1.21e+04 (+0.18); deg_pct_diff=0.215 (+0.09); cc_max_prob=0.0102 (+0.06),"literature gene, other compartment"
628,ADORA3,cycling_tumor,IDH_WT,tumor,0.0,0.0,0.0,0.0,,,0.0,0.0,0.0,0.0,,0.0,1.0,0.0,0.0,0.0,0.0,0.0,0.0,,0.0,0.0,0.0,0.0,,1,1,0,1,1,6410,814,5847,663,663,0,0.0,0,0,0.0,0.0,0.0,0.0,2,,,,,0,0.2994355763545803,0.03664312533248892,cc_n_cells_e1=6.41e+03 (+0.19); cc_n_celltypes_total=1 (+0.08); cc_n_cells_e2=814 (+0.05),novel
629,TNFRSF1A,OPC_GABA_like_tumor,IDH_WT,tumor,0.0,0.0,0.0,0.0,,,0.0,0.0,0.0,0.0,,0.0,1.0,0.0,0.0,0.0,0.0,0.0,0.0,,0.0,0.0,0.0,0.0,,1,0,1,1,1,6741,14114,5040,1935,1935,0,0.0,0,0,0.0,0.0,0.0,0.0,2,,,,,0,0.2992210949715512,0.045887105112877594,cc_n_cells_e1=6.74e+03 (+0.18); cc_n_celltypes_total=1 (+0.07); deg_n_celltypes_sig=1 (+0.04),novel
630,CLEC2B,cycling_tumor,IDH_WT,tumor,1.0,-7.447999442166703,7.447999442166703,18.680394969210795,0.005,0.142,-0.13699999999999998,-1.0,1.0,1.0,-7.7470146683184975,1.0,2.0,0.0,0.0,0.0,0.0,0.0,0.0,,0.0,0.0,0.0,0.0,,6,1,0,1,2,6410,814,5847,663,663,0,-0.0,0,0,1.0,1.0,3.5,0.0,2,,,,,0,0.298354423548517,0.09496126522287882,llm_mention_rate=1 (+0.30); cc_n_cells_e1=6.41e+03 (+0.22); deg_pct_e1=0.142 (+0.05),novel
631,APOE,cycling_tumor,IDH_Mutant,tumor,1.0,-4.071242219853939,4.071242219853939,40.5734791065612,0.404,0.926,-0.522,-1.0,1.0,1.0,-4.340427960083712,1.0,5.0,6.0,0.0,3.0,3.0,0.1534655254557488,0.07382589628953852,0.04,1.0,2.0,6.0,6.0,0.0,36,1,0,1,7,6410,814,270,136,136,0,-0.0,1,1,1.0,0.5,5.0,0.0,2,2.0,TAM_microglia,myeloid_bridge,TAM lipid program (pathway-level),0,0.2982342806590802,0.13672752052731027,cc_n_partners=2 (+0.41); cc_n_cells_e1=6.41e+03 (+0.23); llm_mention_rate=1 (+0.17),"literature gene, other compartment"
632,PTGES3,cycling_tumor,IDH_WT,tumor,1.0,0.6006606876266547,0.6006606876266547,51.20752449890364,0.925,0.502,0.42300000000000004,1.0,0.0,0.0,0.5784650055884835,1.0,3.0,2.0,0.0,1.0,1.0,0.0142202862652484,0.0090526384523239,0.0,1.0,1.0,2.0,2.0,0.0,13,1,0,1,7,6410,814,5847,663,663,0,0.0,0,1,0.0,0.0,0.0,0.0,2,,,,,0,0.29812910399732695,0.08984379433657651,cc_edges_total=13 (+0.45); cc_n_cells_e1=6.41e+03 (+0.23); deg_pct_diff=0.423 (+0.13),novel
633,PTGES2,OPC_GABA_AC_like_tumor,IDH_Mutant,tumor,0.0,0.0,0.0,0.0,,,0.0,0.0,0.0,0.0,,0.0,2.0,0.0,0.0,0.0,0.0,0.0,0.0,,0.0,0.0,0.0,0.0,,1,1,0,1,1,6202,1012,352,742,352,0,0.0,1,0,0.0,0.0,0.0,0.0,2,,,,,0,0.29726873359016026,0.0159497196338476,cc_n_cells_e1=6.2e+03 (+0.20); cc_n_celltypes_total=1 (+0.07); cc_n_cells_e2=1.01e+03 (+0.04),novel
634,NRCAM,TAM1/TAM2/microglia,IDH_WT,TAM_microglia,0.0,0.0,0.0,0.0,,,0.0,0.0,0.0,0.0,,0.0,1.0,0.0,0.0,0.0,0.0,0.0,0.0,,0.0,0.0,0.0,0.0,,12,0,1,1,4,12086,25922,9696,2745,2745,0,0.0,0,0,1.0,1.0,3.0,0.0,2,,,,,0,0.2958207178266556,0.09642906300842291,llm_mention_rate=1 (+0.31); cc_n_cells_e1=1.21e+04 (+0.22); llm_mentions_per_run=3 (+0.09),novel
635,CXCR4,AC_like_tumor,IDH_Mutant,tumor,0.0,0.0,0.0,0.0,,,0.0,0.0,0.0,0.0,,0.0,3.0,0.0,0.0,0.0,0.0,0.0,0.0,,0.0,0.0,0.0,0.0,,44,0,1,1,2,72549,446,4249,283,283,0,0.0,1,0,0.0,0.0,0.0,0.0,2,1.0,tumor,growth,"Rubin et al., PNAS 2003",1,0.29440032323074095,0.08464916612649566,cc_edges_total=44 (+1.30); cc_n_cells_e1=7.25e+04 (+0.25); cc_n_celltypes_total=2 (+0.08),literature tier 1 (label)
636,LRRTM3,OPC_GABA_like_tumor,IDH_Mutant,tumor,0.0,0.0,0.0,0.0,,,0.0,0.0,0.0,0.0,,0.0,1.0,0.0,6.0,6.0,0.0,0.0130790509330356,0.004251251790534683,0.0,1.0,4.0,0.0,6.0,1.0,6,0,1,1,1,6741,14114,1658,11741,1658,0,0.0,1,0,0.0,0.0,0.0,0.0,2,,,,,0,0.2943505479270551,0.05909886859192333,cc_n_cells_e1=6.74e+03 (+0.18); cc_n_partners=4 (+0.14); cc_edges_e2=6 (+0.13),novel
637,FPR1,TAM1/TAM2/microglia,IDH_WT,TAM_microglia,1.0,0.5470222097655603,0.5470222097655603,46.002602613239794,0.493,0.332,0.16099999999999998,1.0,1.0,1.0,0.6383606487062171,1.0,1.0,0.0,10.0,5.0,5.0,0.0086008858847479,0.00602697727173577,0.0,1.0,4.0,8.0,10.0,0.0,10,0,1,1,1,12086,25922,9696,2745,2745,0,0.0,0,1,0.0,0.0,0.0,0.0,2,,,,,0,0.29377587653394954,0.060725976492272106,cc_n_cells_e1=1.21e+04 (+0.17); cc_n_partners=4 (+0.15); cc_edges_e2=5 (+0.14),novel
638,HLA-DMA,TAM1/TAM2/microglia,IDH_WT,TAM_microglia,0.0,0.0,0.0,0.0,,,0.0,0.0,0.0,0.0,,0.0,1.0,4.0,0.0,2.0,2.0,0.017037430185218,0.00849364729375935,0.0,1.0,1.0,0.0,4.0,0.0,8,1,0,1,3,12086,25922,9696,2745,2745,0,0.0,0,0,0.0,0.0,0.0,0.0,2,,,,,0,0.29325089286585787,0.09946619802035798,cc_n_cells_e1=1.21e+04 (+0.22); cc_edges_e2=2 (+0.16); cc_mean_prob=0.00849 (+0.06),novel
639,NRCAM,TAM1/TAM2/microglia,IDH_Mutant,TAM_microglia,0.0,0.0,0.0,0.0,,,0.0,0.0,0.0,0.0,,0.0,4.0,0.0,0.0,0.0,0.0,0.0,0.0,,0.0,0.0,0.0,0.0,,12,0,1,1,4,12086,25922,2106,21701,2106,0,0.0,1,0,1.0,1.0,3.0,0.0,2,,,,,0,0.29301444792851317,0.11537416075943854,llm_mention_rate=1 (+0.31); cc_n_cells_e1=1.21e+04 (+0.24); deg_n_celltypes_sig=4 (+0.07),novel
640,HLA-DPB1,T cell,IDH_Mutant,T_cell,1.0,1.0076233680161066,1.0076233680161066,2.5272494314732996,0.461,0.323,0.138,1.0,1.0,1.0,0.7594494955326812,1.0,5.0,4.0,0.0,2.0,2.0,0.0064620288945377,0.0032153495971184065,0.0,1.0,1.0,4.0,4.0,0.0,14,1,0,1,5,2662,1463,941,334,334,0,0.0,1,1,1.0,1.0,2.0,0.0,2,,,,,0,0.29260313706296487,0.09645573295375363,llm_mention_rate=1 (+0.21); deg_pct_diff=0.138 (+0.20); cc_edges_total=14 (+0.20),novel
641,CADM1,TAM1/TAM2/microglia,IDH_WT,TAM_microglia,1.0,-0.8550974990046181,0.8550974990046181,15.726103602900293,0.156,0.234,-0.07800000000000001,-1.0,0.0,0.0,-3.180587124716535,1.0,1.0,0.0,0.0,0.0,0.0,0.0,0.0,,0.0,0.0,0.0,0.0,,32,1,1,1,3,12086,25922,9696,2745,2745,0,-0.0,0,0,0.0,0.0,0.0,0.0,2,,,,,0,0.2920013007308854,0.07355996083093472,cc_n_cells_e1=1.21e+04 (+0.22); cc_edges_total=32 (+0.05); deg_pct_e1=0.234 (+0.05),novel
642,CXCR4,OPC_GABA_AC_like_tumor,IDH_Mutant,tumor,0.0,0.0,0.0,0.0,,,0.0,0.0,0.0,0.0,,0.0,3.0,0.0,0.0,0.0,0.0,0.0,0.0,,0.0,0.0,0.0,0.0,,44,0,1,1,2,6202,1012,352,742,352,0,0.0,1,0,0.0,0.0,0.0,0.0,2,1.0,tumor,growth,"Rubin et al., PNAS 2003",1,0.29180270938374264,0.08268192881671799,cc_edges_total=44 (+1.30); cc_n_cells_e1=6.2e+03 (+0.25); cc_n_celltypes_total=2 (+0.08),literature tier 1 (label)
643,TNFRSF1B,cycling_tumor,IDH_Mutant,tumor,0.0,0.0,0.0,0.0,,,0.0,0.0,0.0,0.0,,0.0,1.0,0.0,0.0,0.0,0.0,0.0,0.0,,0.0,0.0,0.0,0.0,,2,0,1,1,1,6410,814,270,136,136,0,0.0,1,0,0.0,0.0,0.0,0.0,2,,,,,0,0.2915396543127272,0.0673277874495698,cc_n_cells_e1=6.41e+03 (+0.18); cc_n_celltypes_total=1 (+0.08); deg_n_celltypes_sig=1 (+0.05),novel
644,TNFRSF1B,AC_like_tumor,IDH_WT,tumor,0.0,0.0,0.0,0.0,,,0.0,0.0,0.0,0.0,,0.0,1.0,0.0,0.0,0.0,0.0,0.0,0.0,,0.0,0.0,0.0,0.0,,2,0,1,1,1,72549,446,64812,108,108,0,0.0,0,0,0.0,0.0,0.0,0.0,2,,,,,0,0.2915396543127272,0.0673277874495698,cc_n_cells_e1=7.25e+04 (+0.18); cc_n_celltypes_total=1 (+0.08); cc_n_cells_e2=446 (+0.05),novel
645,TNFRSF1B,AC_like_tumor,IDH_Mutant,tumor,0.0,0.0,0.0,0.0,,,0.0,0.0,0.0,0.0,,0.0,1.0,0.0,0.0,0.0,0.0,0.0,0.0,,0.0,0.0,0.0,0.0,,2,0,1,1,1,72549,446,4249,283,283,0,0.0,1,0,0.0,0.0,0.0,0.0,2,,,,,0,0.2915396543127272,0.0673277874495698,cc_n_cells_e1=7.25e+04 (+0.18); cc_n_celltypes_total=1 (+0.08); deg_n_celltypes_sig=1 (+0.05),novel
646,TNFRSF1B,OPC_GABA_AC_like_tumor,IDH_WT,tumor,0.0,0.0,0.0,0.0,,,0.0,0.0,0.0,0.0,,0.0,1.0,0.0,0.0,0.0,0.0,0.0,0.0,,0.0,0.0,0.0,0.0,,2,0,1,1,1,6202,1012,5384,171,171,0,0.0,0,0,0.0,0.0,0.0,0.0,2,,,,,0,0.2915396543127272,0.0673277874495698,cc_n_cells_e1=6.2e+03 (+0.18); cc_n_celltypes_total=1 (+0.08); deg_n_celltypes_sig=1 (+0.04),novel
647,CXCR4,OPC_GABA_AC_like_tumor,IDH_WT,tumor,0.0,0.0,0.0,0.0,,,0.0,0.0,0.0,0.0,,0.0,2.0,0.0,0.0,0.0,0.0,0.0,0.0,,0.0,0.0,0.0,0.0,,44,0,1,1,2,6202,1012,5384,171,171,0,0.0,0,0,0.0,0.0,0.0,0.0,2,1.0,tumor,growth,"Rubin et al., PNAS 2003",1,0.291359644532626,0.0819034964736637,cc_edges_total=44 (+1.30); cc_n_cells_e1=6.2e+03 (+0.25); cc_n_celltypes_total=2 (+0.08),literature tier 1 (label)
648,CXCR4,AC_like_tumor,IDH_WT,tumor,0.0,0.0,0.0,0.0,,,0.0,0.0,0.0,0.0,,0.0,2.0,0.0,0.0,0.0,0.0,0.0,0.0,,0.0,0.0,0.0,0.0,,44,0,1,1,2,72549,446,64812,108,108,0,0.0,0,0,0.0,0.0,0.0,0.0,2,1.0,tumor,growth,"Rubin et al., PNAS 2003",1,0.291359644532626,0.0819034964736637,cc_edges_total=44 (+1.30); cc_n_cells_e1=7.25e+04 (+0.25); cc_n_celltypes_total=2 (+0.08),literature tier 1 (label)
649,DAG1,T cell,IDH_WT,T_cell,0.0,0.0,0.0,0.0,,,0.0,0.0,0.0,0.0,,0.0,1.0,0.0,0.0,0.0,0.0,0.0,0.0,,0.0,0.0,0.0,0.0,,6,0,1,1,1,2662,1463,1681,1118,1118,0,0.0,0,0,0.5,0.5,1.5,0.0,2,,,,,0,0.29105105147826293,0.13300710993513143,llm_mentions_per_run=1.5 (+0.45); llm_mention_rate=0.5 (+0.31); cc_n_celltypes_total=1 (+0.16),novel
650,CD99,OPC_GABA_AC_like_tumor,IDH_Mutant,tumor,0.0,0.0,0.0,0.0,,,0.0,0.0,0.0,0.0,,0.0,3.0,0.0,0.0,0.0,0.0,0.0,0.0,,0.0,0.0,0.0,0.0,,86,1,1,1,4,6202,1012,352,742,352,0,0.0,1,0,0.0,0.0,0.0,0.0,2,2.0,tumor,immune_synapse,Glioma invasion marker (limited functional data),1,0.29089004660048257,0.07901535028693406,cc_edges_total=86 (+1.25); cc_n_cells_e1=6.2e+03 (+0.25); cc_n_celltypes_total=4 (+0.05),literature tier 2 (label)
651,PILRB,AC_like_tumor,IDH_Mutant,tumor,0.0,0.0,0.0,0.0,,,0.0,0.0,0.0,0.0,,0.0,0.0,0.0,0.0,0.0,0.0,0.0,0.0,,0.0,0.0,0.0,0.0,,7,0,1,1,1,72549,446,4249,283,283,0,0.0,1,0,0.0,0.0,0.0,0.0,2,,,,,0,0.2902869875561701,0.08946527205454911,deg_n_celltypes_sig=0 (+0.39); cc_n_cells_e1=7.25e+04 (+0.19); cc_n_celltypes_total=1 (+0.08),novel
652,SLITRK2,OPC_GABA_like_tumor,IDH_Mutant,tumor,0.0,0.0,0.0,0.0,,,0.0,0.0,0.0,0.0,,0.0,1.0,0.0,0.0,0.0,0.0,0.0,0.0,,0.0,0.0,0.0,0.0,,1,1,0,1,1,6741,14114,1658,11741,1658,0,0.0,1,0,0.0,0.0,0.0,0.0,2,,,,,0,0.2899864978410453,0.040944638084866,cc_n_cells_e1=6.74e+03 (+0.19); cc_n_celltypes_total=1 (+0.07); deg_n_celltypes_sig=1 (+0.05),novel
653,CNTN1,TAM1/TAM2/microglia,IDH_WT,TAM_microglia,0.0,0.0,0.0,0.0,,,0.0,0.0,0.0,0.0,,0.0,4.0,0.0,0.0,0.0,0.0,0.0,0.0,,0.0,0.0,0.0,0.0,,16,1,0,1,2,12086,25922,9696,2745,2745,0,0.0,0,0,1.0,0.0,4.0,0.0,2,2.0,tumor,neuron_tumor,Synaptic adhesion (pathway-level),0,0.28991531491027117,0.07740584503874481,cc_edges_total=16 (+0.54); llm_mention_rate=1 (+0.27); cc_n_cells_e1=1.21e+04 (+0.25),"literature gene, other compartment"
654,GAS6,OPC_GABA_like_tumor,IDH_WT,tumor,0.0,0.0,0.0,0.0,,,0.0,0.0,0.0,0.0,,0.0,1.0,0.0,0.0,0.0,0.0,0.0,0.0,,0.0,0.0,0.0,0.0,,2,1,0,1,1,6741,14114,5040,1935,1935,0,0.0,0,0,0.0,0.0,0.0,0.0,2,,,,,0,0.2898732311970526,0.04109398707292316,cc_n_cells_e1=6.74e+03 (+0.18); cc_n_celltypes_total=1 (+0.07); deg_n_celltypes_sig=1 (+0.05),novel
655,LRRTM2,TAM1/TAM2/microglia,IDH_Mutant,TAM_microglia,0.0,0.0,0.0,0.0,,,0.0,0.0,0.0,0.0,,0.0,3.0,0.0,0.0,0.0,0.0,0.0,0.0,,0.0,0.0,0.0,0.0,,12,0,1,1,2,12086,25922,2106,21701,2106,0,0.0,1,0,0.5,0.5,2.0,0.0,2,,,,,0,0.28985465685648376,0.09330147721013246,llm_mention_rate=0.5 (+0.31); cc_n_cells_e1=1.21e+04 (+0.24); llm_mentions_per_run=2 (+0.10),novel
656,TNFRSF1B,OPC_GABA_AC_like_tumor,IDH_Mutant,tumor,0.0,0.0,0.0,0.0,,,0.0,0.0,0.0,0.0,,0.0,1.0,0.0,0.0,0.0,0.0,0.0,0.0,,0.0,0.0,0.0,0.0,,2,0,1,1,1,6202,1012,352,742,352,0,0.0,1,0,0.0,0.0,0.0,0.0,2,,,,,0,0.2897382041432194,0.06719212248877533,cc_n_cells_e1=6.2e+03 (+0.18); cc_n_celltypes_total=1 (+0.08); deg_n_celltypes_sig=1 (+0.05),novel
657,TNFRSF1B,cycling_tumor,IDH_WT,tumor,0.0,0.0,0.0,0.0,,,0.0,0.0,0.0,0.0,,0.0,1.0,0.0,0.0,0.0,0.0,0.0,0.0,,0.0,0.0,0.0,0.0,,2,0,1,1,1,6410,814,5847,663,663,0,0.0,0,0,0.0,0.0,0.0,0.0,2,,,,,0,0.2897382041432194,0.06719212248877533,cc_n_cells_e1=6.41e+03 (+0.18); cc_n_celltypes_total=1 (+0.08); cc_n_cells_e2=814 (+0.05),novel
658,MERTK,cycling_tumor,IDH_Mutant,tumor,0.0,0.0,0.0,0.0,,,0.0,0.0,0.0,0.0,,0.0,2.0,0.0,0.0,0.0,0.0,0.0,0.0,,0.0,0.0,0.0,0.0,,1,0,1,1,1,6410,814,270,136,136,0,0.0,1,0,0.0,0.0,0.0,0.0,2,,,,,0,0.28959293880986847,0.06870992710617904,cc_n_cells_e1=6.41e+03 (+0.19); cc_n_celltypes_total=1 (+0.07); cc_n_cells_e2=814 (+0.05),novel
659,MERTK,AC_like_tumor,IDH_Mutant,tumor,0.0,0.0,0.0,0.0,,,0.0,0.0,0.0,0.0,,0.0,2.0,0.0,0.0,0.0,0.0,0.0,0.0,,0.0,0.0,0.0,0.0,,1,0,1,1,1,72549,446,4249,283,283,0,0.0,1,0,0.0,0.0,0.0,0.0,2,,,,,0,0.28919168879345003,0.06753161221171586,cc_n_cells_e1=7.25e+04 (+0.19); cc_n_celltypes_total=1 (+0.07); cc_n_cells_e2=446 (+0.05),novel
660,PTGES3,AC_like_tumor,IDH_WT,tumor,0.0,0.0,0.0,0.0,,,0.0,0.0,0.0,0.0,,0.0,3.0,2.0,0.0,1.0,1.0,0.0074110138974112,0.0054116476705227,0.0,1.0,1.0,2.0,2.0,0.0,13,1,0,1,7,72549,446,64812,108,108,0,0.0,0,0,0.0,0.0,0.0,0.0,2,,,,,0,0.2891695922254027,0.07131104482495754,cc_edges_total=13 (+0.46); cc_n_cells_e1=7.25e+04 (+0.24); cc_mean_prob=0.00541 (+0.06),novel
661,LRRTM2,TAM1/TAM2/microglia,IDH_WT,TAM_microglia,0.0,0.0,0.0,0.0,,,0.0,0.0,0.0,0.0,,0.0,2.0,0.0,0.0,0.0,0.0,0.0,0.0,,0.0,0.0,0.0,0.0,,12,0,1,1,2,12086,25922,9696,2745,2745,0,0.0,0,0,0.5,0.5,2.0,0.0,2,,,,,0,0.28773652612804407,0.09185148126293007,llm_mention_rate=0.5 (+0.31); cc_n_cells_e1=1.21e+04 (+0.24); llm_mentions_per_run=2 (+0.10),novel
662,MERTK,OPC_GABA_AC_like_tumor,IDH_Mutant,tumor,0.0,0.0,0.0,0.0,,,0.0,0.0,0.0,0.0,,0.0,2.0,0.0,0.0,0.0,0.0,0.0,0.0,,0.0,0.0,0.0,0.0,,1,0,1,1,1,6202,1012,352,742,352,0,0.0,1,0,0.0,0.0,0.0,0.0,2,,,,,0,0.28695549902748585,0.06724072390549622,cc_n_cells_e1=6.2e+03 (+0.19); cc_n_celltypes_total=1 (+0.07); cc_n_cells_e2=1.01e+03 (+0.04),novel
663,APOE,AC_like_tumor,IDH_Mutant,tumor,1.0,-2.469452304338339,2.469452304338339,87.88636264094083,0.523,0.936,-0.41300000000000003,-1.0,1.0,1.0,-1.6879053025953432,1.0,5.0,6.0,0.0,3.0,3.0,0.1531399133496586,0.086822863458268,0.0,1.0,2.0,6.0,6.0,0.0,36,1,0,1,7,72549,446,4249,283,283,0,-0.0,1,1,1.0,0.5,5.0,0.0,2,2.0,TAM_microglia,myeloid_bridge,TAM lipid program (pathway-level),0,0.28686591683372,0.13823479117908047,cc_n_partners=2 (+0.41); cc_n_cells_e1=7.25e+04 (+0.23); llm_mention_rate=1 (+0.17),"literature gene, other compartment"
664,JAM3,AC_like_tumor,IDH_WT,tumor,1.0,2.570917308287093,2.570917308287093,5.122174430323846,0.12,0.025,0.095,1.0,0.0,0.0,1.475909573326524,1.0,3.0,0.0,0.0,0.0,0.0,0.0,0.0,,0.0,0.0,0.0,0.0,,3,1,1,1,1,72549,446,64812,108,108,0,0.0,0,0,0.0,0.0,0.0,0.0,2,,,,,0,0.2845620849624755,0.047603573436812915,deg_pooled_log2fc=1.48 (+0.37); cc_n_cells_e1=7.25e+04 (+0.19); deg_pct_diff=0.095 (+0.12),novel
665,GPR37L1,OPC_GABA_AC_like_tumor,IDH_WT,tumor,0.0,0.0,0.0,0.0,,,0.0,0.0,0.0,0.0,,0.0,0.0,0.0,0.0,0.0,0.0,0.0,0.0,,0.0,0.0,0.0,0.0,,9,0,1,1,1,6202,1012,5384,171,171,0,0.0,0,0,0.0,0.0,0.0,0.0,2,,,,,0,0.2845277290686749,0.08177707175555142,deg_n_celltypes_sig=0 (+0.44); cc_n_cells_e1=6.2e+03 (+0.19); cc_n_celltypes_total=1 (+0.08),novel
666,FPR1,TAM1/TAM2/microglia,IDH_Mutant,TAM_microglia,1.0,0.6963076000213524,0.6963076000213524,39.53221449842776,0.511,0.367,0.14400000000000002,1.0,1.0,1.0,0.6383606487062171,1.0,2.0,0.0,10.0,5.0,5.0,0.0086008858847479,0.00602697727173577,0.0,1.0,4.0,8.0,10.0,0.0,10,0,1,1,1,12086,25922,2106,21701,2106,0,0.0,1,1,0.0,0.0,0.0,0.0,2,,,,,0,0.28439371227592386,0.06253981922098525,cc_n_partners=4 (+0.24); cc_n_cells_e1=1.21e+04 (+0.18); cc_edges_e2=5 (+0.14),novel
667,GPR37L1,AC_like_tumor,IDH_WT,tumor,0.0,0.0,0.0,0.0,,,0.0,0.0,0.0,0.0,,0.0,0.0,0.0,0.0,0.0,0.0,0.0,0.0,,0.0,0.0,0.0,0.0,,9,0,1,1,1,72549,446,64812,108,108,0,0.0,0,0,0.0,0.0,0.0,0.0,2,,,,,0,0.2838105580566633,0.08241944875119632,deg_n_celltypes_sig=0 (+0.44); cc_n_cells_e1=7.25e+04 (+0.19); cc_n_celltypes_total=1 (+0.08),novel
668,NRXN2,AC_like_tumor,IDH_Mutant,tumor,1.0,0.7874073224983326,0.7874073224983326,2.7413452040349524,0.191,0.09,0.101,1.0,0.0,0.0,1.2901965486045013,1.0,3.0,0.0,0.0,0.0,0.0,0.0,0.0,,0.0,0.0,0.0,0.0,,10,1,0,1,1,72549,446,4249,283,283,0,0.0,1,0,0.0,0.0,0.0,0.0,2,,,,,0,0.2837052195945168,0.05704643196475624,cc_n_cells_e1=7.25e+04 (+0.20); deg_pct_diff=0.101 (+0.13); deg_pooled_log2fc=1.29 (+0.10),novel
669,P4HB,cycling_tumor,IDH_Mutant,tumor,0.0,0.0,0.0,0.0,,,0.0,0.0,0.0,0.0,,0.0,0.0,0.0,2.0,1.0,1.0,0.006613979542561,0.00406302455001975,0.0,1.0,1.0,2.0,2.0,0.0,5,0,1,1,3,6410,814,270,136,136,0,0.0,1,0,0.0,0.0,0.0,0.0,2,,,,,0,0.28369575282383985,0.0995894634455352,deg_n_celltypes_sig=0 (+0.36); cc_n_cells_e1=6.41e+03 (+0.21); cc_max_prob=0.00661 (+0.06),novel
670,APOE,AC_like_tumor,IDH_WT,tumor,1.0,-2.450072114398831,2.450072114398831,10.322505545962061,0.352,0.672,-0.32000000000000006,-1.0,1.0,1.0,-1.6879053025953432,1.0,6.0,6.0,0.0,3.0,3.0,0.1531399133496586,0.086822863458268,0.0,1.0,2.0,6.0,6.0,0.0,36,1,0,1,7,72549,446,64812,108,108,0,-0.0,0,1,1.0,0.5,5.0,0.0,2,2.0,TAM_microglia,myeloid_bridge,TAM lipid program (pathway-level),0,0.28357211542229444,0.12971146171893494,cc_n_partners=2 (+0.41); cc_n_cells_e1=7.25e+04 (+0.23); llm_mention_rate=1 (+0.17),"literature gene, other compartment"
671,HBEGF,OPC_GABA_AC_like_tumor,IDH_WT,tumor,0.0,0.0,0.0,0.0,,,0.0,0.0,0.0,0.0,,0.0,2.0,0.0,0.0,0.0,0.0,0.0,0.0,,0.0,0.0,0.0,0.0,,7,1,0,1,1,6202,1012,5384,171,171,0,0.0,0,0,0.5,0.5,0.5,0.5,2,,,,,0,0.283371324748752,0.096820011379321,llm_mention_rate=0.5 (+0.29); cc_n_cells_e1=6.2e+03 (+0.21); llm_ctx_mention_rate=0.5 (+0.17),novel
672,TGFBR1,TAM1/TAM2/microglia,IDH_Mutant,TAM_microglia,1.0,1.1879902171924317,1.1879902171924317,57.04143479649057,0.418,0.247,0.17099999999999999,1.0,1.0,1.0,1.00198735485986,1.0,2.0,0.0,4.0,2.0,2.0,0.0050238491740621,0.003124057670555575,0.0,1.0,1.0,0.0,4.0,0.0,4,0,1,1,1,12086,25922,2106,21701,2106,0,0.0,1,1,0.0,0.0,0.0,0.0,2,,,,,0,0.28269198210987695,0.10012111910978834,cc_n_cells_e1=1.21e+04 (+0.19); cc_edges_e2=2 (+0.15); deg_pct_diff=0.171 (+0.12),novel
673,HBEGF,AC_like_tumor,IDH_WT,tumor,0.0,0.0,0.0,0.0,,,0.0,0.0,0.0,0.0,,0.0,2.0,0.0,0.0,0.0,0.0,0.0,0.0,,0.0,0.0,0.0,0.0,,7,1,0,1,1,72549,446,64812,108,108,0,0.0,0,0,0.5,0.5,0.5,0.5,2,,,,,0,0.2824539135542762,0.0965930377150897,llm_mention_rate=0.5 (+0.29); cc_n_cells_e1=7.25e+04 (+0.21); llm_ctx_mention_rate=0.5 (+0.17),novel
674,SLC1A3,OPC_GABA_like_tumor,IDH_Mutant,tumor,1.0,-1.9963691418678584,1.9963691418678584,263.1056969840501,0.371,0.715,-0.344,-1.0,0.0,0.0,-1.3965175223638493,1.0,3.0,0.0,0.0,0.0,0.0,0.0,0.0,,0.0,0.0,0.0,0.0,,26,1,0,1,2,6741,14114,1658,11741,1658,0,-0.0,1,0,0.0,0.0,0.0,0.0,2,,,,,0,0.2811798554652512,0.0716058813898802,cc_n_cells_e1=6.74e+03 (+0.24); cc_edges_total=26 (+0.08); cc_n_celltypes_total=2 (+0.07),novel
675,GPR37L1,cycling_tumor,IDH_WT,tumor,0.0,0.0,0.0,0.0,,,0.0,0.0,0.0,0.0,,0.0,0.0,0.0,0.0,0.0,0.0,0.0,0.0,,0.0,0.0,0.0,0.0,,9,0,1,1,1,6410,814,5847,663,663,0,0.0,0,0,0.0,0.0,0.0,0.0,2,,,,,0,0.281120993460613,0.08210122043767921,deg_n_celltypes_sig=0 (+0.44); cc_n_cells_e1=6.41e+03 (+0.19); cc_n_celltypes_total=1 (+0.08),novel
676,PTPRD,OPC_GABA_AC_like_tumor,IDH_WT,tumor,0.0,0.0,0.0,0.0,,,0.0,0.0,0.0,0.0,,0.0,3.0,0.0,0.0,0.0,0.0,0.0,0.0,,0.0,0.0,0.0,0.0,,1,0,1,1,1,6202,1012,5384,171,171,0,0.0,0,0,0.0,0.0,0.0,0.0,2,,,,,0,0.2803605903780804,0.08410731783034017,cc_n_cells_e1=6.2e+03 (+0.19); cc_n_celltypes_total=1 (+0.07); cc_n_cells_e2=1.01e+03 (+0.04),novel
677,TGFBR1,TAM1/TAM2/microglia,IDH_WT,TAM_microglia,1.0,0.7085082473982679,0.7085082473982679,53.24782227465695,0.412,0.256,0.15599999999999997,1.0,1.0,1.0,1.00198735485986,1.0,2.0,0.0,4.0,2.0,2.0,0.0050238491740621,0.003124057670555575,0.0,1.0,1.0,0.0,4.0,0.0,4,0,1,1,1,12086,25922,9696,2745,2745,0,0.0,0,1,0.0,0.0,0.0,0.0,2,,,,,0,0.27926067640151836,0.09590811208973476,cc_n_cells_e1=1.21e+04 (+0.19); cc_edges_e2=2 (+0.15); deg_pct_diff=0.156 (+0.12),novel
678,PTGER4,T cell,IDH_Mutant,T_cell,0.0,0.0,0.0,0.0,,,0.0,0.0,0.0,0.0,,0.0,0.0,0.0,0.0,0.0,0.0,0.0,0.0,,0.0,0.0,0.0,0.0,,14,0,1,1,1,2662,1463,941,334,334,0,0.0,1,0,0.0,0.0,0.0,0.0,2,,,,,0,0.2790775490280533,0.11953774910402108,deg_n_celltypes_sig=0 (+0.36); cc_edges_total=14 (+0.23); cc_n_celltypes_total=1 (+0.18),novel
679,PCDHGC3,OPC_GABA_AC_like_tumor,IDH_WT,tumor,1.0,2.536771371473165,2.536771371473165,16.26857990252447,0.129,0.019,0.11,1.0,0.0,0.0,,0.0,3.0,0.0,0.0,0.0,0.0,0.0,0.0,,0.0,0.0,0.0,0.0,,2,1,1,1,1,6202,1012,5384,171,171,0,0.0,0,0,0.0,0.0,0.0,0.0,2,,,,,0,0.2785819683404452,0.06475541494347878,cc_n_cells_e1=6.2e+03 (+0.19); deg_pct_diff=0.11 (+0.10); deg_pct_e1=0.019 (+0.09),novel
680,ADORA3,OPC_GABA_like_tumor,IDH_WT,tumor,0.0,0.0,0.0,0.0,,,0.0,0.0,0.0,0.0,,0.0,1.0,0.0,0.0,0.0,0.0,0.0,0.0,,0.0,0.0,0.0,0.0,,1,1,0,1,1,6741,14114,5040,1935,1935,0,0.0,0,0,0.0,0.0,0.0,0.0,2,,,,,0,0.27825002364467244,0.04516454773346341,cc_n_cells_e1=6.74e+03 (+0.19); cc_n_celltypes_total=1 (+0.07); deg_n_celltypes_sig=1 (+0.04),novel
681,HAVCR2,AC_like_tumor,IDH_WT,tumor,0.0,0.0,0.0,0.0,,,0.0,0.0,0.0,0.0,,0.0,1.0,0.0,0.0,0.0,0.0,0.0,0.0,,0.0,0.0,0.0,0.0,,2,0,1,1,1,72549,446,64812,108,108,0,0.0,0,0,0.0,0.0,0.0,0.0,2,1.0,T_cell,immune_synapse,"Kim et al., Clin Cancer Res 2017",0,0.2782312709123511,0.05164394202018253,cc_n_cells_e1=7.25e+04 (+0.18); cc_n_celltypes_total=1 (+0.08); cc_n_cells_e2=446 (+0.05),"literature gene, other compartment"
682,HAVCR2,OPC_GABA_AC_like_tumor,IDH_WT,tumor,0.0,0.0,0.0,0.0,,,0.0,0.0,0.0,0.0,,0.0,1.0,0.0,0.0,0.0,0.0,0.0,0.0,,0.0,0.0,0.0,0.0,,2,0,1,1,1,6202,1012,5384,171,171,0,0.0,0,0,0.0,0.0,0.0,0.0,2,1.0,T_cell,immune_synapse,"Kim et al., Clin Cancer Res 2017",0,0.2782312709123511,0.05164394202018253,cc_n_cells_e1=6.2e+03 (+0.18); cc_n_celltypes_total=1 (+0.08); deg_n_celltypes_sig=1 (+0.04),"literature gene, other compartment"
683,CLEC2B,T cell,IDH_WT,T_cell,0.0,0.0,0.0,0.0,,,0.0,0.0,0.0,0.0,,0.0,2.0,4.0,0.0,2.0,2.0,0.0096511344119366,0.00826076587006,0.0,1.0,1.0,0.0,4.0,0.0,6,1,0,1,2,2662,1463,1681,1118,1118,0,0.0,0,0,1.0,1.0,3.5,1.0,2,,,,,0,0.27791296196896587,0.09578528500861641,llm_ctx_mention_rate=1 (+0.84); llm_mention_rate=1 (+0.32); cc_edges_e2=2 (+0.14),novel
684,CLEC2B,T cell,IDH_Mutant,T_cell,0.0,0.0,0.0,0.0,,,0.0,0.0,0.0,0.0,,0.0,2.0,4.0,0.0,2.0,2.0,0.0096511344119366,0.00826076587006,0.0,1.0,1.0,0.0,4.0,0.0,6,1,0,1,2,2662,1463,941,334,334,0,0.0,1,0,1.0,1.0,3.5,1.0,2,,,,,0,0.27791296196896587,0.09578528500861641,llm_ctx_mention_rate=1 (+0.84); llm_mention_rate=1 (+0.32); cc_edges_e2=2 (+0.14),novel
685,MERTK,OPC_GABA_like_tumor,IDH_Mutant,tumor,1.0,-2.3388235291459014,2.3388235291459014,70.6881251564773,0.019,0.1,-0.081,-1.0,0.0,0.0,,0.0,2.0,0.0,0.0,0.0,0.0,0.0,0.0,,0.0,0.0,0.0,0.0,,1,0,1,1,1,6741,14114,1658,11741,1658,0,-0.0,1,0,0.0,0.0,0.0,0.0,2,,,,,0,0.2777820284464011,0.053710197729445075,cc_n_cells_e1=6.74e+03 (+0.19); deg_pct_e1=0.1 (+0.11); cc_n_celltypes_total=1 (+0.06),novel
686,P4HB,AC_like_tumor,IDH_Mutant,tumor,0.0,0.0,0.0,0.0,,,0.0,0.0,0.0,0.0,,0.0,0.0,0.0,0.0,0.0,0.0,0.0,0.0,,0.0,0.0,0.0,0.0,,5,0,1,1,3,72549,446,4249,283,283,0,0.0,1,0,0.0,0.0,0.0,0.0,2,,,,,0,0.2774993686158423,0.10258305616553312,deg_n_celltypes_sig=0 (+0.37); cc_n_cells_e1=7.25e+04 (+0.21); cc_n_cells_e2=446 (+0.05),novel
687,HAVCR2,cycling_tumor,IDH_WT,tumor,0.0,0.0,0.0,0.0,,,0.0,0.0,0.0,0.0,,0.0,1.0,0.0,0.0,0.0,0.0,0.0,0.0,,0.0,0.0,0.0,0.0,,2,0,1,1,1,6410,814,5847,663,663,0,0.0,0,0,0.0,0.0,0.0,0.0,2,1.0,T_cell,immune_synapse,"Kim et al., Clin Cancer Res 2017",0,0.2772916089155769,0.05272080603128567,cc_n_cells_e1=6.41e+03 (+0.18); cc_n_celltypes_total=1 (+0.08); cc_n_cells_e2=814 (+0.05),"literature gene, other compartment"
688,CD99,AC_like_tumor,IDH_Mutant,tumor,1.0,-2.8581028430954847,2.8581028430954847,3.7843392613021116,0.131,0.266,-0.135,-1.0,0.0,0.0,,0.0,3.0,0.0,0.0,0.0,0.0,0.0,0.0,,0.0,0.0,0.0,0.0,,86,1,1,1,4,72549,446,4249,283,283,0,-0.0,1,0,0.0,0.0,0.0,0.0,2,2.0,tumor,immune_synapse,Glioma invasion marker (limited functional data),1,0.276084697999198,0.07790026507160182,cc_edges_total=86 (+1.25); cc_n_cells_e1=7.25e+04 (+0.24); deg_pct_e1=0.266 (+0.09),literature tier 2 (label)
689,P4HB,OPC_GABA_AC_like_tumor,IDH_Mutant,tumor,0.0,0.0,0.0,0.0,,,0.0,0.0,0.0,0.0,,0.0,0.0,0.0,0.0,0.0,0.0,0.0,0.0,,0.0,0.0,0.0,0.0,,5,0,1,1,3,6202,1012,352,742,352,0,0.0,1,0,0.0,0.0,0.0,0.0,2,,,,,0,0.2760810585833562,0.10260879481151099,deg_n_celltypes_sig=0 (+0.36); cc_n_cells_e1=6.2e+03 (+0.21); cc_n_cells_e2=1.01e+03 (+0.05),novel
690,NCL,T cell,IDH_Mutant,T_cell,0.0,0.0,0.0,0.0,,,0.0,0.0,0.0,0.0,,0.0,3.0,0.0,2.0,1.0,1.0,0.0030244750425369,0.0029730166141975004,0.0,1.0,1.0,2.0,2.0,0.0,70,0,1,2,7,2662,1463,941,334,334,0,0.0,1,0,0.5,0.5,1.0,0.0,2,,,,,0,0.2758387445736449,0.12548271192031013,cc_edges_total=70 (+0.79); llm_mentions_per_run=1 (+0.42); llm_mention_rate=0.5 (+0.21),novel
691,TNFRSF1B,TAM1/TAM2/microglia,IDH_WT,TAM_microglia,1.0,0.4711961123327896,0.4711961123327896,29.512725596677058,0.423,0.294,0.129,1.0,1.0,1.0,0.6814223135822395,1.0,1.0,0.0,2.0,1.0,1.0,0.0066747111237441,0.005640853623166599,0.0,1.0,1.0,0.0,2.0,0.0,2,0,1,1,1,12086,25922,9696,2745,2745,0,0.0,0,1,0.0,0.0,0.0,0.0,2,,,,,0,0.2757042606160577,0.05546769451124319,cc_n_cells_e1=1.21e+04 (+0.17); deg_pct_diff=0.129 (+0.10); cc_max_prob=0.00667 (+0.06),novel
692,CNTN1,TAM1/TAM2/microglia,IDH_Mutant,TAM_microglia,0.0,0.0,0.0,0.0,,,0.0,0.0,0.0,0.0,,0.0,2.0,0.0,0.0,0.0,0.0,0.0,0.0,,0.0,0.0,0.0,0.0,,16,1,0,1,2,12086,25922,2106,21701,2106,0,0.0,1,0,1.0,0.0,4.0,0.0,2,2.0,tumor,neuron_tumor,Synaptic adhesion (pathway-level),0,0.27473502032347463,0.07116543664269114,cc_edges_total=16 (+0.54); llm_mention_rate=1 (+0.28); cc_n_cells_e1=1.21e+04 (+0.25),"literature gene, other compartment"
693,KLRC2,TAM1/TAM2/microglia,IDH_WT,TAM_microglia,0.0,0.0,0.0,0.0,,,0.0,0.0,0.0,0.0,,0.0,0.0,0.0,0.0,0.0,0.0,0.0,0.0,,0.0,0.0,0.0,0.0,,6,0,1,1,1,12086,25922,9696,2745,2745,0,0.0,0,0,0.0,0.0,0.0,0.0,2,,,,,0,0.27419412391023357,0.08890542043658857,deg_n_celltypes_sig=0 (+0.44); cc_n_cells_e1=1.21e+04 (+0.19); cc_n_celltypes_total=1 (+0.06),novel
694,TGFBR2,AC_like_tumor,IDH_WT,tumor,0.0,0.0,0.0,0.0,,,0.0,0.0,0.0,0.0,,0.0,1.0,0.0,0.0,0.0,0.0,0.0,0.0,,0.0,0.0,0.0,0.0,,4,0,1,1,1,72549,446,64812,108,108,0,0.0,0,0,0.0,0.0,0.0,0.0,2,,,,,0,0.2726766445745602,0.030075909768753423,cc_n_cells_e1=7.25e+04 (+0.19); cc_n_celltypes_total=1 (+0.08); cc_n_cells_e2=446 (+0.05),novel
695,TGFBR2,OPC_GABA_AC_like_tumor,IDH_WT,tumor,0.0,0.0,0.0,0.0,,,0.0,0.0,0.0,0.0,,0.0,1.0,0.0,0.0,0.0,0.0,0.0,0.0,,0.0,0.0,0.0,0.0,,4,0,1,1,1,6202,1012,5384,171,171,0,0.0,0,0,0.0,0.0,0.0,0.0,2,,,,,0,0.2726766445745602,0.030075909768753423,cc_n_cells_e1=6.2e+03 (+0.19); cc_n_celltypes_total=1 (+0.08); deg_n_celltypes_sig=1 (+0.05),novel
696,PILRB,OPC_GABA_AC_like_tumor,IDH_Mutant,tumor,0.0,0.0,0.0,0.0,,,0.0,0.0,0.0,0.0,,0.0,0.0,0.0,0.0,0.0,0.0,0.0,0.0,,0.0,0.0,0.0,0.0,,7,0,1,1,1,6202,1012,352,742,352,0,0.0,1,0,0.0,0.0,0.0,0.0,2,,,,,0,0.2724480390732512,0.07937565311292957,deg_n_celltypes_sig=0 (+0.38); cc_n_cells_e1=6.2e+03 (+0.19); cc_n_celltypes_total=1 (+0.08),novel
697,SLITRK2,TAM1/TAM2/microglia,IDH_Mutant,TAM_microglia,0.0,0.0,0.0,0.0,,,0.0,0.0,0.0,0.0,,0.0,1.0,0.0,0.0,0.0,0.0,0.0,0.0,,0.0,0.0,0.0,0.0,,1,1,0,1,1,12086,25922,2106,21701,2106,0,0.0,1,0,0.0,0.0,0.0,0.0,2,,,,,0,0.27122755365690543,0.03901963480020694,cc_n_cells_e1=1.21e+04 (+0.19); cc_n_celltypes_total=1 (+0.06); deg_n_celltypes_sig=1 (+0.05),novel
698,LAIR1,OPC_GABA_AC_like_tumor,IDH_WT,tumor,0.0,0.0,0.0,0.0,,,0.0,0.0,0.0,0.0,,0.0,1.0,0.0,0.0,0.0,0.0,0.0,0.0,,0.0,0.0,0.0,0.0,,4,1,0,1,1,6202,1012,5384,171,171,0,0.0,0,0,0.0,0.0,0.0,0.0,2,,,,,0,0.2709238927110649,0.04329010847079761,cc_n_cells_e1=6.2e+03 (+0.19); cc_n_celltypes_total=1 (+0.08); deg_n_celltypes_sig=1 (+0.05),novel
699,LAIR1,AC_like_tumor,IDH_WT,tumor,0.0,0.0,0.0,0.0,,,0.0,0.0,0.0,0.0,,0.0,1.0,0.0,0.0,0.0,0.0,0.0,0.0,,0.0,0.0,0.0,0.0,,4,1,0,1,1,72549,446,64812,108,108,0,0.0,0,0,0.0,0.0,0.0,0.0,2,,,,,0,0.2709238927110649,0.04329010847079761,cc_n_cells_e1=7.25e+04 (+0.19); cc_n_celltypes_total=1 (+0.08); deg_n_celltypes_sig=1 (+0.05),novel
700,LAIR1,AC_like_tumor,IDH_Mutant,tumor,0.0,0.0,0.0,0.0,,,0.0,0.0,0.0,0.0,,0.0,1.0,0.0,0.0,0.0,0.0,0.0,0.0,,0.0,0.0,0.0,0.0,,4,1,0,1,1,72549,446,4249,283,283,0,0.0,1,0,0.0,0.0,0.0,0.0,2,,,,,0,0.2709238927110649,0.04329010847079761,cc_n_cells_e1=7.25e+04 (+0.19); cc_n_celltypes_total=1 (+0.08); deg_n_celltypes_sig=1 (+0.05),novel
701,HLA-DPB1,OPC_GABA_AC_like_tumor,IDH_WT,tumor,1.0,-4.098250410606293,4.098250410606293,5.378167038295328,0.029,0.236,-0.207,-1.0,1.0,1.0,-2.489416554329811,1.0,5.0,0.0,0.0,0.0,0.0,0.0,0.0,,0.0,0.0,0.0,0.0,,14,1,0,1,5,6202,1012,5384,171,171,0,-0.0,0,0,1.0,1.0,2.0,0.0,2,,,,,0,0.2707257482460948,0.07637300495107027,cc_edges_total=14 (+0.27); cc_n_cells_e1=6.2e+03 (+0.24); llm_mention_rate=1 (+0.22),novel
702,HLA-DPB1,OPC_GABA_AC_like_tumor,IDH_Mutant,tumor,1.0,-1.8830586279192316,1.8830586279192316,2.4143426019449548,0.055,0.148,-0.093,-1.0,1.0,1.0,-2.489416554329811,1.0,5.0,0.0,0.0,0.0,0.0,0.0,0.0,,0.0,0.0,0.0,0.0,,14,1,0,1,5,6202,1012,352,742,352,0,-0.0,1,0,1.0,1.0,2.0,0.0,2,,,,,0,0.2706458161678957,0.06505693634467515,cc_edges_total=14 (+0.27); cc_n_cells_e1=6.2e+03 (+0.24); llm_mention_rate=1 (+0.22),novel
703,LAIR1,cycling_tumor,IDH_Mutant,tumor,0.0,0.0,0.0,0.0,,,0.0,0.0,0.0,0.0,,0.0,1.0,0.0,0.0,0.0,0.0,0.0,0.0,,0.0,0.0,0.0,0.0,,4,1,0,1,1,6410,814,270,136,136,0,0.0,1,0,0.0,0.0,0.0,0.0,2,,,,,0,0.27005894016366155,0.04298909733231609,cc_n_cells_e1=6.41e+03 (+0.19); cc_n_celltypes_total=1 (+0.08); deg_n_celltypes_sig=1 (+0.05),novel
704,PTGES3,TAM1/TAM2/microglia,IDH_WT,TAM_microglia,0.0,0.0,0.0,0.0,,,0.0,0.0,0.0,0.0,,0.0,3.0,2.0,0.0,1.0,1.0,0.0070705546616578,0.00699289006561315,0.0,1.0,1.0,0.0,2.0,0.0,13,1,0,1,7,12086,25922,9696,2745,2745,0,0.0,0,0,0.0,0.0,0.0,0.0,2,,,,,0,0.26909328692341566,0.091196976329102,cc_edges_total=13 (+0.46); cc_n_cells_e1=1.21e+04 (+0.24); cc_mean_prob=0.00699 (+0.06),novel
705,TGFBR2,cycling_tumor,IDH_WT,tumor,0.0,0.0,0.0,0.0,,,0.0,0.0,0.0,0.0,,0.0,1.0,0.0,0.0,0.0,0.0,0.0,0.0,,0.0,0.0,0.0,0.0,,4,0,1,1,1,6410,814,5847,663,663,0,0.0,0,0,0.0,0.0,0.0,0.0,2,,,,,0,0.2690885354931388,0.0306108058101736,cc_n_cells_e1=6.41e+03 (+0.19); cc_n_celltypes_total=1 (+0.08); cc_n_cells_e2=814 (+0.05),novel
706,TREM2,T cell,IDH_WT,T_cell,0.0,0.0,0.0,0.0,,,0.0,0.0,0.0,0.0,,0.0,2.0,0.0,0.0,0.0,0.0,0.0,0.0,,0.0,0.0,0.0,0.0,,57,0,1,2,2,2662,1463,1681,1118,1118,0,0.0,0,0,1.0,1.0,4.5,0.0,2,2.0,TAM_microglia,myeloid_bridge,TAM marker (pathway-level),0,0.2688463827800779,0.06255440576298346,cc_edges_total=57 (+0.90); llm_mention_rate=1 (+0.24); llm_mentions_per_run=4.5 (+0.09),"literature gene, other compartment"
707,TNFRSF1B,TAM1/TAM2/microglia,IDH_Mutant,TAM_microglia,1.0,0.4559028803841813,0.4559028803841813,14.137941532261937,0.478,0.388,0.08999999999999997,1.0,1.0,1.0,0.6814223135822395,1.0,1.0,0.0,2.0,1.0,1.0,0.0066747111237441,0.005640853623166599,0.0,1.0,1.0,0.0,2.0,0.0,2,0,1,1,1,12086,25922,2106,21701,2106,0,0.0,1,1,0.0,0.0,0.0,0.0,2,,,,,0,0.2687723226576739,0.06408172455242438,cc_n_cells_e1=1.21e+04 (+0.17); deg_pct_diff=0.09 (+0.10); cc_max_prob=0.00667 (+0.06),novel
708,TNFRSF1B,OPC_GABA_like_tumor,IDH_WT,tumor,0.0,0.0,0.0,0.0,,,0.0,0.0,0.0,0.0,,0.0,1.0,0.0,0.0,0.0,0.0,0.0,0.0,,0.0,0.0,0.0,0.0,,2,0,1,1,1,6741,14114,5040,1935,1935,0,0.0,0,0,0.0,0.0,0.0,0.0,2,,,,,0,0.26826155157014303,0.06901024224459891,cc_n_cells_e1=6.74e+03 (+0.18); cc_n_celltypes_total=1 (+0.07); deg_n_celltypes_sig=1 (+0.04),novel
709,TNFRSF1B,OPC_GABA_like_tumor,IDH_Mutant,tumor,0.0,0.0,0.0,0.0,,,0.0,0.0,0.0,0.0,,0.0,1.0,0.0,0.0,0.0,0.0,0.0,0.0,,0.0,0.0,0.0,0.0,,2,0,1,1,1,6741,14114,1658,11741,1658,0,0.0,1,0,0.0,0.0,0.0,0.0,2,,,,,0,0.26826155157014303,0.06901024224459891,cc_n_cells_e1=6.74e+03 (+0.18); cc_n_celltypes_total=1 (+0.07); deg_n_celltypes_sig=1 (+0.05),novel
710,LAIR1,OPC_GABA_AC_like_tumor,IDH_Mutant,tumor,0.0,0.0,0.0,0.0,,,0.0,0.0,0.0,0.0,,0.0,1.0,0.0,0.0,0.0,0.0,0.0,0.0,,0.0,0.0,0.0,0.0,,4,1,0,1,1,6202,1012,352,742,352,0,0.0,1,0,0.0,0.0,0.0,0.0,2,,,,,0,0.26736680978373056,0.041774710380623595,cc_n_cells_e1=6.2e+03 (+0.19); cc_n_celltypes_total=1 (+0.08); deg_n_celltypes_sig=1 (+0.05),novel
711,NCL,T cell,IDH_WT,T_cell,0.0,0.0,0.0,0.0,,,0.0,0.0,0.0,0.0,,0.0,2.0,0.0,2.0,1.0,1.0,0.0030244750425369,0.0029730166141975004,0.0,1.0,1.0,2.0,2.0,0.0,70,0,1,2,7,2662,1463,1681,1118,1118,0,0.0,0,0,0.5,0.5,1.0,0.0,2,,,,,0,0.26734261964522865,0.11539618370447659,cc_edges_total=70 (+0.79); llm_mentions_per_run=1 (+0.42); llm_mention_rate=0.5 (+0.21),novel
712,CXCR4,OPC_GABA_like_tumor,IDH_Mutant,tumor,0.0,0.0,0.0,0.0,,,0.0,0.0,0.0,0.0,,0.0,3.0,0.0,0.0,0.0,0.0,0.0,0.0,,0.0,0.0,0.0,0.0,,44,0,1,1,2,6741,14114,1658,11741,1658,0,0.0,1,0,0.0,0.0,0.0,0.0,2,1.0,tumor,growth,"Rubin et al., PNAS 2003",1,0.2672726745281493,0.07841636449898587,cc_edges_total=44 (+1.30); cc_n_cells_e1=6.74e+03 (+0.25); cc_n_celltypes_total=2 (+0.07),literature tier 1 (label)
713,NRXN2,OPC_GABA_like_tumor,IDH_Mutant,tumor,1.0,0.5319644209094596,0.5319644209094596,3.4758479554755,0.271,0.216,0.05500000000000002,1.0,0.0,0.0,0.647356780047149,1.0,3.0,10.0,0.0,10.0,0.0,0.0021343800502624,0.0013051518474101863,0.0,1.0,3.0,0.0,10.0,1.0,10,1,0,1,1,6741,14114,1658,11741,1658,0,1.0,1,1,0.0,0.0,0.0,0.0,2,,,,,0,0.26723350242367117,0.06267814478594065,cc_n_partners=3 (+0.41); cc_n_cells_e1=6.74e+03 (+0.18); cc_edges_e2=10 (+0.14),novel
714,LAIR1,cycling_tumor,IDH_WT,tumor,0.0,0.0,0.0,0.0,,,0.0,0.0,0.0,0.0,,0.0,1.0,0.0,0.0,0.0,0.0,0.0,0.0,,0.0,0.0,0.0,0.0,,4,1,0,1,1,6410,814,5847,663,663,0,0.0,0,0,0.0,0.0,0.0,0.0,2,,,,,0,0.26648748481500995,0.04009056426537518,cc_n_cells_e1=6.41e+03 (+0.19); cc_n_celltypes_total=1 (+0.08); deg_n_celltypes_sig=1 (+0.05),novel
715,LAIR1,TAM1/TAM2/microglia,IDH_WT,TAM_microglia,1.0,0.2850417929534868,0.2850417929534868,10.426820846711482,0.327,0.244,0.08300000000000002,1.0,1.0,0.0,0.2810806141206695,1.0,1.0,4.0,0.0,2.0,2.0,0.0042054497069747,0.0031089893414732502,0.0,1.0,1.0,0.0,4.0,0.0,4,1,0,1,1,12086,25922,9696,2745,2745,0,0.0,0,1,0.0,0.0,0.0,0.0,2,,,,,0,0.2662936005917909,0.07625276609755631,cc_n_cells_e1=1.21e+04 (+0.19); cc_edges_e2=2 (+0.14); deg_pct_diff=0.083 (+0.08),novel
716,PTGES2,OPC_GABA_like_tumor,IDH_Mutant,tumor,1.0,0.5203070980984175,0.5203070980984175,4.752674253474743,0.214,0.153,0.061,1.0,1.0,1.0,0.4487218261609763,1.0,2.0,0.0,0.0,0.0,0.0,0.0,0.0,,0.0,0.0,0.0,0.0,,1,1,0,1,1,6741,14114,1658,11741,1658,0,0.0,1,0,0.0,0.0,0.0,0.0,2,,,,,0,0.26586205920445577,0.03001358155894443,cc_n_cells_e1=6.74e+03 (+0.19); cc_n_celltypes_total=1 (+0.06); deg_pct_e1=0.153 (+0.05),novel
717,CLEC2B,TAM1/TAM2/microglia,IDH_WT,TAM_microglia,1.0,-0.8327285231313564,0.8327285231313564,28.961802044762376,0.303,0.408,-0.10499999999999998,-1.0,1.0,1.0,-1.3330252851399822,1.0,2.0,2.0,0.0,0.0,2.0,0.0067936439601685,0.0061007050888057,0.0,1.0,1.0,2.0,2.0,-1.0,6,1,0,1,2,12086,25922,9696,2745,2745,0,1.0,0,1,1.0,1.0,3.5,0.0,2,,,,,0,0.26542940198180753,0.08091813714060032,llm_mention_rate=1 (+0.29); cc_n_cells_e1=1.21e+04 (+0.22); llm_mentions_per_run=3.5 (+0.05),novel
718,PTGES2,OPC_GABA_like_tumor,IDH_WT,tumor,1.0,0.6897206684758025,0.6897206684758025,95.1186861057939,0.324,0.1,0.224,1.0,1.0,1.0,0.4487218261609763,1.0,2.0,0.0,0.0,0.0,0.0,0.0,0.0,,0.0,0.0,0.0,0.0,,1,1,0,1,1,6741,14114,5040,1935,1935,0,0.0,0,0,0.0,0.0,0.0,0.0,2,,,,,0,0.2649103890242687,0.03625205442895245,cc_n_cells_e1=6.74e+03 (+0.18); deg_pct_diff=0.224 (+0.10); deg_pct_e1=0.1 (+0.08),novel
719,CXCR4,OPC_GABA_like_tumor,IDH_WT,tumor,0.0,0.0,0.0,0.0,,,0.0,0.0,0.0,0.0,,0.0,2.0,0.0,0.0,0.0,0.0,0.0,0.0,,0.0,0.0,0.0,0.0,,44,0,1,1,2,6741,14114,5040,1935,1935,0,0.0,0,0,0.0,0.0,0.0,0.0,2,1.0,tumor,growth,"Rubin et al., PNAS 2003",1,0.26483826551053313,0.07747205532382692,cc_edges_total=44 (+1.30); cc_n_cells_e1=6.74e+03 (+0.25); cc_n_celltypes_total=2 (+0.07),literature tier 1 (label)
720,NCAM2,OPC_GABA_like_tumor,IDH_WT,tumor,1.0,0.9460828142842912,0.9460828142842912,129.16628029383946,0.379,0.108,0.271,1.0,1.0,0.0,,0.0,2.0,0.0,0.0,0.0,0.0,0.0,0.0,,0.0,0.0,0.0,0.0,,5,0,1,1,1,6741,14114,5040,1935,1935,0,0.0,0,0,0.0,0.0,0.0,0.0,2,,,,,0,0.26458765700817233,0.04080938450747608,cc_n_cells_e1=6.74e+03 (+0.19); deg_pct_diff=0.271 (+0.12); deg_pct_e1=0.108 (+0.11),novel
721,CLEC2B,TAM1/TAM2/microglia,IDH_Mutant,TAM_microglia,1.0,-0.626433295092881,0.626433295092881,48.47711645175549,0.164,0.309,-0.145,-1.0,1.0,1.0,-1.3330252851399822,1.0,2.0,2.0,0.0,0.0,2.0,0.0067936439601685,0.0061007050888057,0.0,1.0,1.0,2.0,2.0,-1.0,6,1,0,1,2,12086,25922,2106,21701,2106,0,1.0,1,1,1.0,1.0,3.5,0.0,2,,,,,0,0.26449879958498723,0.0787015897180136,llm_mention_rate=1 (+0.29); cc_n_cells_e1=1.21e+04 (+0.22); llm_mentions_per_run=3.5 (+0.05),novel
722,MPZL1,OPC_GABA_like_tumor,IDH_WT,tumor,1.0,1.5909624238121245,1.5909624238121245,211.9303025670252,0.5,0.13,0.37,1.0,0.0,0.0,0.4241823273895091,1.0,4.0,0.0,0.0,0.0,0.0,0.0,0.0,,0.0,0.0,0.0,0.0,,8,1,1,1,2,6741,14114,5040,1935,1935,0,0.0,0,0,0.0,0.0,0.0,0.0,2,,,,,0,0.2642923347038078,0.06119658696915401,cc_n_cells_e1=6.74e+03 (+0.22); deg_pct_diff=0.37 (+0.17); deg_n_celltypes_sig=4 (+0.17),novel
723,PCDHGA10,cycling_tumor,IDH_WT,tumor,1.0,2.383876659691345,2.383876659691345,79.5937431068842,0.17,0.021,0.14900000000000002,1.0,1.0,1.0,2.410925101596722,1.0,2.0,0.0,0.0,0.0,0.0,0.0,0.0,,0.0,0.0,0.0,0.0,,2,1,1,1,1,6410,814,5847,663,663,0,0.0,0,0,0.0,0.0,0.0,0.0,2,,,,,0,0.26358173014481995,0.04328111679564297,deg_pooled_log2fc=2.41 (+0.38); cc_n_cells_e1=6.41e+03 (+0.19); deg_pct_diff=0.149 (+0.09),novel
724,APOE,T cell,IDH_WT,T_cell,1.0,0.8944727118022824,0.8944727118022824,14.578698204018728,0.662,0.545,0.11699999999999999,1.0,0.0,0.0,0.935825120187781,1.0,6.0,6.0,0.0,3.0,3.0,0.1125528420381205,0.06786869683633903,0.02,1.0,2.0,6.0,6.0,0.0,36,1,0,1,7,2662,1463,1681,1118,1118,0,0.0,0,1,1.0,0.5,5.0,0.0,2,2.0,TAM_microglia,myeloid_bridge,TAM lipid program (pathway-level),0,0.2635323765794221,0.09106405200985167,cc_n_partners=2 (+0.47); deg_n_celltypes_sig=6 (+0.21); deg_pct_diff=0.117 (+0.21),"literature gene, other compartment"
725,HLA-DRB5,TAM1/TAM2/microglia,IDH_Mutant,TAM_microglia,1.0,-1.110183303055599,1.110183303055599,231.84779931643314,0.489,0.829,-0.33999999999999997,-1.0,1.0,1.0,-0.7115592963088431,1.0,3.0,4.0,0.0,2.0,2.0,0.0153299905391955,0.005800008038656948,0.0,1.0,1.0,0.0,4.0,0.0,4,1,0,1,1,12086,25922,2106,21701,2106,0,-0.0,1,1,0.0,0.0,0.0,0.0,2,,,,,0,0.2632522716059926,0.04367900249980484,cc_n_cells_e1=1.21e+04 (+0.20); cc_edges_e2=2 (+0.14); deg_neglog10_padj=232 (+0.07),novel
726,ENTPD1,cycling_tumor,IDH_Mutant,tumor,0.0,0.0,0.0,0.0,,,0.0,0.0,0.0,0.0,,0.0,1.0,0.0,0.0,0.0,0.0,0.0,0.0,,0.0,0.0,0.0,0.0,,4,1,1,1,1,6410,814,270,136,136,0,0.0,1,0,0.0,0.0,0.0,0.0,2,1.0,TAM_microglia,myeloid_bridge,"Takenaka et al., Nat Neurosci 2019",0,0.2631785363347726,0.0560608620339033,cc_n_cells_e1=6.41e+03 (+0.19); cc_n_celltypes_total=1 (+0.08); deg_n_celltypes_sig=1 (+0.05),"literature gene, other compartment"
727,ENTPD1,OPC_GABA_AC_like_tumor,IDH_WT,tumor,0.0,0.0,0.0,0.0,,,0.0,0.0,0.0,0.0,,0.0,1.0,0.0,0.0,0.0,0.0,0.0,0.0,,0.0,0.0,0.0,0.0,,4,1,1,1,1,6202,1012,5384,171,171,0,0.0,0,0,0.0,0.0,0.0,0.0,2,1.0,TAM_microglia,myeloid_bridge,"Takenaka et al., Nat Neurosci 2019",0,0.2631785363347726,0.0560608620339033,cc_n_cells_e1=6.2e+03 (+0.19); cc_n_celltypes_total=1 (+0.08); deg_n_celltypes_sig=1 (+0.05),"literature gene, other compartment"
728,ENTPD1,AC_like_tumor,IDH_WT,tumor,0.0,0.0,0.0,0.0,,,0.0,0.0,0.0,0.0,,0.0,1.0,0.0,0.0,0.0,0.0,0.0,0.0,,0.0,0.0,0.0,0.0,,4,1,1,1,1,72549,446,64812,108,108,0,0.0,0,0,0.0,0.0,0.0,0.0,2,1.0,TAM_microglia,myeloid_bridge,"Takenaka et al., Nat Neurosci 2019",0,0.2631785363347726,0.0560608620339033,cc_n_cells_e1=7.25e+04 (+0.19); cc_n_celltypes_total=1 (+0.08); cc_n_cells_e2=446 (+0.05),"literature gene, other compartment"
729,ENTPD1,AC_like_tumor,IDH_Mutant,tumor,0.0,0.0,0.0,0.0,,,0.0,0.0,0.0,0.0,,0.0,1.0,0.0,0.0,0.0,0.0,0.0,0.0,,0.0,0.0,0.0,0.0,,4,1,1,1,1,72549,446,4249,283,283,0,0.0,1,0,0.0,0.0,0.0,0.0,2,1.0,TAM_microglia,myeloid_bridge,"Takenaka et al., Nat Neurosci 2019",0,0.2631785363347726,0.0560608620339033,cc_n_cells_e1=7.25e+04 (+0.19); cc_n_celltypes_total=1 (+0.08); deg_n_celltypes_sig=1 (+0.05),"literature gene, other compartment"
730,JAM3,AC_like_tumor,IDH_Mutant,tumor,0.0,0.0,0.0,0.0,,,0.0,0.0,0.0,0.0,,0.0,1.0,0.0,0.0,0.0,0.0,0.0,0.0,,0.0,0.0,0.0,0.0,,3,1,1,1,1,72549,446,4249,283,283,0,0.0,1,0,0.0,0.0,0.0,0.0,2,,,,,0,0.26190126478161335,0.039057740901501,cc_n_cells_e1=7.25e+04 (+0.19); cc_n_celltypes_total=1 (+0.08); deg_n_celltypes_sig=1 (+0.05),novel
731,TGFBR2,cycling_tumor,IDH_Mutant,tumor,1.0,-6.8844254226233375,6.8844254226233375,1.458308263742727,0.0,0.156,-0.156,-1.0,0.0,0.0,,0.0,2.0,0.0,0.0,0.0,0.0,0.0,0.0,,0.0,0.0,0.0,0.0,,4,0,1,1,1,6410,814,270,136,136,0,-0.0,1,0,0.0,0.0,0.0,0.0,2,,,,,0,0.2608386104817646,0.03806726317476195,cc_n_cells_e1=6.41e+03 (+0.19); deg_pct_e1=0.156 (+0.09); deg_abs_log2fc=6.88 (+0.07),novel
732,HAVCR2,OPC_GABA_like_tumor,IDH_WT,tumor,0.0,0.0,0.0,0.0,,,0.0,0.0,0.0,0.0,,0.0,1.0,0.0,0.0,0.0,0.0,0.0,0.0,,0.0,0.0,0.0,0.0,,2,0,1,1,1,6741,14114,5040,1935,1935,0,0.0,0,0,0.0,0.0,0.0,0.0,2,1.0,T_cell,immune_synapse,"Kim et al., Clin Cancer Res 2017",0,0.2607964784181248,0.046836667239006036,cc_n_cells_e1=6.74e+03 (+0.18); cc_n_celltypes_total=1 (+0.07); deg_n_celltypes_sig=1 (+0.04),"literature gene, other compartment"
733,GRIA2,OPC_GABA_AC_like_tumor,IDH_WT,tumor,0.0,0.0,0.0,0.0,,,0.0,0.0,0.0,0.0,,0.0,2.0,0.0,0.0,0.0,0.0,0.0,0.0,,0.0,0.0,0.0,0.0,,12,0,1,1,3,6202,1012,5384,171,171,0,0.0,0,0,1.0,0.5,4.5,0.5,2,1.0,tumor,neuron_tumor,"Venkatesh et al., Nature 2019; Venkataramani et al., Nature 2019",1,0.2607519706487501,0.07900667535745586,llm_ctx_mention_rate=0.5 (+0.35); llm_mention_rate=1 (+0.34); cc_n_cells_e1=6.2e+03 (+0.23),literature tier 1 (label)
734,ENTPD1,cycling_tumor,IDH_WT,tumor,0.0,0.0,0.0,0.0,,,0.0,0.0,0.0,0.0,,0.0,1.0,0.0,0.0,0.0,0.0,0.0,0.0,,0.0,0.0,0.0,0.0,,4,1,1,1,1,6410,814,5847,663,663,0,0.0,0,0,0.0,0.0,0.0,0.0,2,1.0,TAM_microglia,myeloid_bridge,"Takenaka et al., Nat Neurosci 2019",0,0.260324359165401,0.0570945945368162,cc_n_cells_e1=6.41e+03 (+0.19); cc_n_celltypes_total=1 (+0.08); cc_n_cells_e2=814 (+0.05),"literature gene, other compartment"
735,ENTPD1,OPC_GABA_AC_like_tumor,IDH_Mutant,tumor,0.0,0.0,0.0,0.0,,,0.0,0.0,0.0,0.0,,0.0,1.0,0.0,0.0,0.0,0.0,0.0,0.0,,0.0,0.0,0.0,0.0,,4,1,1,1,1,6202,1012,352,742,352,0,0.0,1,0,0.0,0.0,0.0,0.0,2,1.0,TAM_microglia,myeloid_bridge,"Takenaka et al., Nat Neurosci 2019",0,0.260324359165401,0.0570945945368162,cc_n_cells_e1=6.2e+03 (+0.19); cc_n_celltypes_total=1 (+0.08); deg_n_celltypes_sig=1 (+0.05),"literature gene, other compartment"
736,SLITRK2,AC_like_tumor,IDH_WT,tumor,0.0,0.0,0.0,0.0,,,0.0,0.0,0.0,0.0,,0.0,2.0,0.0,0.0,0.0,0.0,0.0,0.0,,0.0,0.0,0.0,0.0,,1,1,0,1,1,72549,446,64812,108,108,0,0.0,0,0,0.0,0.0,0.0,0.0,2,,,,,0,0.2600140683864194,0.05330723413531679,cc_n_cells_e1=7.25e+04 (+0.20); cc_n_celltypes_total=1 (+0.07); cc_n_cells_e2=446 (+0.05),novel
737,SLITRK2,OPC_GABA_AC_like_tumor,IDH_WT,tumor,0.0,0.0,0.0,0.0,,,0.0,0.0,0.0,0.0,,0.0,2.0,0.0,0.0,0.0,0.0,0.0,0.0,,0.0,0.0,0.0,0.0,,1,1,0,1,1,6202,1012,5384,171,171,0,0.0,0,0,0.0,0.0,0.0,0.0,2,,,,,0,0.2600140683864194,0.05330723413531679,cc_n_cells_e1=6.2e+03 (+0.20); cc_n_celltypes_total=1 (+0.07); cc_n_cells_e2=1.01e+03 (+0.04),novel
738,JAM3,OPC_GABA_AC_like_tumor,IDH_Mutant,tumor,0.0,0.0,0.0,0.0,,,0.0,0.0,0.0,0.0,,0.0,1.0,0.0,0.0,0.0,0.0,0.0,0.0,,0.0,0.0,0.0,0.0,,3,1,1,1,1,6202,1012,352,742,352,0,0.0,1,0,0.0,0.0,0.0,0.0,2,,,,,0,0.2594196279534917,0.03952869319487235,cc_n_cells_e1=6.2e+03 (+0.19); cc_n_celltypes_total=1 (+0.08); deg_n_celltypes_sig=1 (+0.05),novel
739,CD44,OPC_GABA_like_tumor,IDH_Mutant,tumor,1.0,-6.825348049382173,6.825348049382173,300.0,0.004,0.298,-0.294,-1.0,1.0,1.0,-4.828150112039511,1.0,1.0,0.0,0.0,0.0,0.0,0.0,0.0,,0.0,0.0,0.0,0.0,,48,0,1,4,1,6741,14114,1658,11741,1658,0,-0.0,1,0,1.0,1.0,2.0,0.0,2,1.0,tumor,myeloid_bridge,"Pietras et al., Cell Stem Cell 2014",1,0.2585789889665267,0.06281395426518642,cc_edges_total=48 (+1.16); llm_mention_rate=1 (+0.22); cc_n_cells_e1=6.74e+03 (+0.21),literature tier 1 (label)
740,GPR37L1,TAM1/TAM2/microglia,IDH_WT,TAM_microglia,0.0,0.0,0.0,0.0,,,0.0,0.0,0.0,0.0,,0.0,0.0,0.0,0.0,0.0,0.0,0.0,0.0,,0.0,0.0,0.0,0.0,,9,0,1,1,1,12086,25922,9696,2745,2745,0,0.0,0,0,0.0,0.0,0.0,0.0,2,,,,,0,0.2584414757749625,0.0792456754394816,deg_n_celltypes_sig=0 (+0.44); cc_n_cells_e1=1.21e+04 (+0.19); cc_n_celltypes_total=1 (+0.06),novel
741,SLIT1,OPC_GABA_AC_like_tumor,IDH_Mutant,tumor,0.0,0.0,0.0,0.0,,,0.0,0.0,0.0,0.0,,0.0,3.0,0.0,0.0,0.0,0.0,0.0,0.0,,0.0,0.0,0.0,0.0,,2,1,0,1,1,6202,1012,352,742,352,0,0.0,1,0,0.0,0.0,0.0,0.0,2,,,,,0,0.2575777027220143,0.044945579625299124,cc_n_cells_e1=6.2e+03 (+0.19); cc_n_celltypes_total=1 (+0.07); cc_n_cells_e2=1.01e+03 (+0.04),novel
742,LAIR1,TAM1/TAM2/microglia,IDH_Mutant,TAM_microglia,1.0,-0.2749596641487759,0.2749596641487759,3.676910983749499,0.326,0.385,-0.059,-1.0,1.0,0.0,0.2810806141206695,1.0,1.0,4.0,0.0,2.0,2.0,0.0042054497069747,0.0031089893414732502,0.0,1.0,1.0,0.0,4.0,0.0,4,1,0,1,1,12086,25922,2106,21701,2106,0,-0.0,1,1,0.0,0.0,0.0,0.0,2,,,,,0,0.25754600756429913,0.07411955436030289,cc_n_cells_e1=1.21e+04 (+0.19); cc_edges_e2=2 (+0.14); cc_max_prob=0.00421 (+0.06),novel
743,HLA-DMB,AC_like_tumor,IDH_WT,tumor,0.0,0.0,0.0,0.0,,,0.0,0.0,0.0,0.0,,0.0,1.0,0.0,0.0,0.0,0.0,0.0,0.0,,0.0,0.0,0.0,0.0,,4,1,0,1,1,72549,446,64812,108,108,0,0.0,0,0,0.0,0.0,0.0,0.0,2,,,,,0,0.25731771468933895,0.06320967125632798,cc_n_cells_e1=7.25e+04 (+0.19); cc_n_celltypes_total=1 (+0.08); deg_n_celltypes_sig=1 (+0.05),novel
744,HLA-DMB,OPC_GABA_AC_like_tumor,IDH_WT,tumor,0.0,0.0,0.0,0.0,,,0.0,0.0,0.0,0.0,,0.0,1.0,0.0,0.0,0.0,0.0,0.0,0.0,,0.0,0.0,0.0,0.0,,4,1,0,1,1,6202,1012,5384,171,171,0,0.0,0,0,0.0,0.0,0.0,0.0,2,,,,,0,0.25731771468933895,0.06320967125632798,cc_n_cells_e1=6.2e+03 (+0.19); cc_n_celltypes_total=1 (+0.08); deg_n_celltypes_sig=1 (+0.05),novel
745,TNF,AC_like_tumor,IDH_WT,tumor,0.0,0.0,0.0,0.0,,,0.0,0.0,0.0,0.0,,0.0,1.0,0.0,0.0,0.0,0.0,0.0,0.0,,0.0,0.0,0.0,0.0,,3,1,0,1,1,72549,446,64812,108,108,0,0.0,0,0,0.0,0.0,0.0,0.0,2,,,,,0,0.2565042632310885,0.08158339673168824,cc_n_cells_e1=7.25e+04 (+0.19); cc_n_celltypes_total=1 (+0.08); deg_n_celltypes_sig=1 (+0.05),novel
746,TNF,AC_like_tumor,IDH_Mutant,tumor,0.0,0.0,0.0,0.0,,,0.0,0.0,0.0,0.0,,0.0,1.0,0.0,0.0,0.0,0.0,0.0,0.0,,0.0,0.0,0.0,0.0,,3,1,0,1,1,72549,446,4249,283,283,0,0.0,1,0,0.0,0.0,0.0,0.0,2,,,,,0,0.2565042632310885,0.08158339673168824,cc_n_cells_e1=7.25e+04 (+0.19); cc_n_celltypes_total=1 (+0.08); deg_n_celltypes_sig=1 (+0.05),novel
747,TNF,OPC_GABA_AC_like_tumor,IDH_WT,tumor,0.0,0.0,0.0,0.0,,,0.0,0.0,0.0,0.0,,0.0,1.0,0.0,0.0,0.0,0.0,0.0,0.0,,0.0,0.0,0.0,0.0,,3,1,0,1,1,6202,1012,5384,171,171,0,0.0,0,0,0.0,0.0,0.0,0.0,2,,,,,0,0.2565042632310885,0.08158339673168824,cc_n_cells_e1=6.2e+03 (+0.19); cc_n_celltypes_total=1 (+0.08); deg_n_celltypes_sig=1 (+0.05),novel
748,NLGN1,T cell,IDH_Mutant,T_cell,0.0,0.0,0.0,0.0,,,0.0,0.0,0.0,0.0,,0.0,2.0,0.0,0.0,0.0,0.0,0.0,0.0,,0.0,0.0,0.0,0.0,,18,0,1,1,3,2662,1463,941,334,334,0,0.0,1,0,1.0,1.0,9.0,0.0,2,2.0,tumor,neuron_tumor,Neuroligin family (pathway-level),0,0.25609350713407497,0.026362316194679082,cc_edges_total=18 (+0.41); llm_mentions_per_run=9 (+0.27); llm_mention_rate=1 (+0.27),"literature gene, other compartment"
749,PILRB,OPC_GABA_like_tumor,IDH_Mutant,tumor,0.0,0.0,0.0,0.0,,,0.0,0.0,0.0,0.0,,0.0,0.0,0.0,0.0,0.0,0.0,0.0,0.0,,0.0,0.0,0.0,0.0,,7,0,1,1,1,6741,14114,1658,11741,1658,0,0.0,1,0,0.0,0.0,0.0,0.0,2,,,,,0,0.25605951269829347,0.07487217064972107,deg_n_celltypes_sig=0 (+0.38); cc_n_cells_e1=6.74e+03 (+0.19); cc_n_celltypes_total=1 (+0.07),novel
750,CLDN11,OPC_GABA_like_tumor,IDH_WT,tumor,1.0,1.0606088887957328,1.0606088887957328,57.393290997983975,0.228,0.079,0.14900000000000002,1.0,0.0,0.0,,0.0,2.0,0.0,0.0,0.0,0.0,0.0,0.0,,0.0,0.0,0.0,0.0,,2,1,1,1,1,6741,14114,5040,1935,1935,0,0.0,0,0,0.0,0.0,0.0,0.0,2,,,,,0,0.255848639228118,0.04502004336428386,cc_n_cells_e1=6.74e+03 (+0.19); deg_pct_e1=0.079 (+0.10); deg_pct_diff=0.149 (+0.10),novel
751,HBEGF,OPC_GABA_like_tumor,IDH_WT,tumor,0.0,0.0,0.0,0.0,,,0.0,0.0,0.0,0.0,,0.0,2.0,0.0,0.0,0.0,0.0,0.0,0.0,,0.0,0.0,0.0,0.0,,7,1,0,1,1,6741,14114,5040,1935,1935,0,0.0,0,0,0.5,0.5,0.5,0.5,2,,,,,0,0.25562855605469853,0.09079152313164691,llm_mention_rate=0.5 (+0.29); cc_n_cells_e1=6.74e+03 (+0.21); llm_ctx_mention_rate=0.5 (+0.17),novel
752,CD99,OPC_GABA_like_tumor,IDH_Mutant,tumor,1.0,-4.965495413104343,4.965495413104343,300.0,0.032,0.467,-0.43500000000000005,-1.0,0.0,0.0,-2.7545762012994364,1.0,3.0,6.0,4.0,0.0,10.0,0.0094000310679316,0.00473842761049317,0.03,1.0,3.0,9.0,10.0,-1.0,86,1,1,1,4,6741,14114,1658,11741,1658,0,1.0,1,1,0.0,0.0,0.0,0.0,2,2.0,tumor,immune_synapse,Glioma invasion marker (limited functional data),1,0.25556921029155744,0.0553450922066794,cc_edges_total=86 (+1.17); cc_n_partners=3 (+0.41); cc_n_cells_e1=6.74e+03 (+0.22),literature tier 2 (label)
753,HLA-E,AC_like_tumor,IDH_Mutant,tumor,0.0,0.0,0.0,0.0,,,0.0,0.0,0.0,0.0,,0.0,4.0,0.0,0.0,0.0,0.0,0.0,0.0,,0.0,0.0,0.0,0.0,,6,1,0,1,4,72549,446,4249,283,283,0,0.0,1,0,0.0,0.0,0.0,0.0,2,,,,,0,0.2554824715872912,0.04623400364211484,cc_n_cells_e1=7.25e+04 (+0.23); deg_n_celltypes_sig=4 (+0.11); cc_n_cells_e2=446 (+0.05),novel
754,SORL1,OPC_GABA_like_tumor,IDH_Mutant,tumor,1.0,-3.531974069723913,3.531974069723913,300.0,0.043,0.403,-0.36000000000000004,-1.0,1.0,1.0,-2.7243142298484098,1.0,3.0,0.0,0.0,0.0,0.0,0.0,0.0,,0.0,0.0,0.0,0.0,,14,0,1,1,1,6741,14114,1658,11741,1658,0,-0.0,1,0,0.0,0.0,0.0,0.0,2,,,,,0,0.25547563398128353,0.10268937823765817,cc_edges_total=14 (+0.42); cc_n_cells_e1=6.74e+03 (+0.21); cc_n_celltypes_total=1 (+0.11),novel
755,HLA-DPB1,OPC_GABA_like_tumor,IDH_Mutant,tumor,1.0,-1.4266918143601734,1.4266918143601734,14.734606906929478,0.078,0.144,-0.06599999999999999,-1.0,0.0,0.0,-1.7680734722803004,1.0,5.0,0.0,0.0,0.0,0.0,0.0,0.0,,0.0,0.0,0.0,0.0,,14,1,0,1,5,6741,14114,1658,11741,1658,0,-0.0,1,0,1.0,1.0,2.0,0.0,2,,,,,0,0.25508327721079915,0.05938577859562715,cc_edges_total=14 (+0.27); cc_n_cells_e1=6.74e+03 (+0.24); llm_mention_rate=1 (+0.22),novel
756,SLIT1,AC_like_tumor,IDH_WT,tumor,0.0,0.0,0.0,0.0,,,0.0,0.0,0.0,0.0,,0.0,2.0,0.0,0.0,0.0,0.0,0.0,0.0,,0.0,0.0,0.0,0.0,,2,1,0,1,1,72549,446,64812,108,108,0,0.0,0,0,0.0,0.0,0.0,0.0,2,,,,,0,0.2550371181211982,0.043611193512592454,cc_n_cells_e1=7.25e+04 (+0.19); cc_n_celltypes_total=1 (+0.07); cc_n_cells_e2=446 (+0.05),novel
757,SLIT1,OPC_GABA_AC_like_tumor,IDH_WT,tumor,0.0,0.0,0.0,0.0,,,0.0,0.0,0.0,0.0,,0.0,2.0,0.0,0.0,0.0,0.0,0.0,0.0,,0.0,0.0,0.0,0.0,,2,1,0,1,1,6202,1012,5384,171,171,0,0.0,0,0,0.0,0.0,0.0,0.0,2,,,,,0,0.2550371181211982,0.043611193512592454,cc_n_cells_e1=6.2e+03 (+0.19); cc_n_celltypes_total=1 (+0.07); cc_n_cells_e2=1.01e+03 (+0.04),novel
758,NLGN1,T cell,IDH_WT,T_cell,0.0,0.0,0.0,0.0,,,0.0,0.0,0.0,0.0,,0.0,2.0,0.0,0.0,0.0,0.0,0.0,0.0,,0.0,0.0,0.0,0.0,,18,0,1,1,3,2662,1463,1681,1118,1118,0,0.0,0,0,1.0,1.0,9.0,0.0,2,2.0,tumor,neuron_tumor,Neuroligin family (pathway-level),0,0.2547125654486682,0.02816909616031044,cc_edges_total=18 (+0.41); llm_mentions_per_run=9 (+0.27); llm_mention_rate=1 (+0.27),"literature gene, other compartment"
759,HLA-DPB1,T cell,IDH_WT,T_cell,1.0,0.6068722189030684,0.6068722189030684,2.7934385720594177,0.458,0.375,0.08300000000000002,1.0,1.0,1.0,0.7594494955326812,1.0,5.0,4.0,0.0,2.0,2.0,0.0064620288945377,0.0032153495971184065,0.0,1.0,1.0,4.0,4.0,0.0,14,1,0,1,5,2662,1463,1681,1118,1118,0,0.0,0,1,1.0,1.0,2.0,0.0,2,,,,,0,0.2546866349436939,0.09097153728631129,llm_mention_rate=1 (+0.21); cc_edges_total=14 (+0.20); deg_pooled_log2fc=0.759 (+0.18),novel
760,TNF,cycling_tumor,IDH_WT,tumor,0.0,0.0,0.0,0.0,,,0.0,0.0,0.0,0.0,,0.0,1.0,0.0,0.0,0.0,0.0,0.0,0.0,,0.0,0.0,0.0,0.0,,3,1,0,1,1,6410,814,5847,663,663,0,0.0,0,0,0.0,0.0,0.0,0.0,2,,,,,0,0.2542029539140695,0.08272928535326862,cc_n_cells_e1=6.41e+03 (+0.19); cc_n_celltypes_total=1 (+0.08); deg_n_celltypes_sig=1 (+0.05),novel
761,CLDN11,T cell,IDH_Mutant,T_cell,0.0,0.0,0.0,0.0,,,0.0,0.0,0.0,0.0,,0.0,0.0,0.0,0.0,0.0,0.0,0.0,0.0,,0.0,0.0,0.0,0.0,,2,1,1,1,1,2662,1463,941,334,334,0,0.0,1,0,0.0,0.0,0.0,0.0,2,,,,,0,0.25365066719777357,0.11104415266338212,deg_n_celltypes_sig=0 (+0.63); cc_n_celltypes_total=1 (+0.14); cc_edges_total=2 (+0.13),novel
762,PTGES2,TAM1/TAM2/microglia,IDH_Mutant,TAM_microglia,0.0,0.0,0.0,0.0,,,0.0,0.0,0.0,0.0,,0.0,2.0,0.0,0.0,0.0,0.0,0.0,0.0,,0.0,0.0,0.0,0.0,,1,1,0,1,1,12086,25922,2106,21701,2106,0,0.0,1,0,0.0,0.0,0.0,0.0,2,,,,,0,0.25342731934461155,0.02145279231837695,cc_n_cells_e1=1.21e+04 (+0.20); cc_n_celltypes_total=1 (+0.05); deg_pooled_log2fc=nan (+0.02),novel
763,TNF,cycling_tumor,IDH_Mutant,tumor,0.0,0.0,0.0,0.0,,,0.0,0.0,0.0,0.0,,0.0,1.0,0.0,0.0,0.0,0.0,0.0,0.0,,0.0,0.0,0.0,0.0,,3,1,0,1,1,6410,814,270,136,136,0,0.0,1,0,0.0,0.0,0.0,0.0,2,,,,,0,0.25277848806390274,0.07846096911599879,cc_n_cells_e1=6.41e+03 (+0.19); cc_n_celltypes_total=1 (+0.08); deg_n_celltypes_sig=1 (+0.05),novel
764,PTGES2,TAM1/TAM2/microglia,IDH_WT,TAM_microglia,0.0,0.0,0.0,0.0,,,0.0,0.0,0.0,0.0,,0.0,2.0,0.0,0.0,0.0,0.0,0.0,0.0,,0.0,0.0,0.0,0.0,,1,1,0,1,1,12086,25922,9696,2745,2745,0,0.0,0,0,0.0,0.0,0.0,0.0,2,,,,,0,0.2527441622556096,0.02249813268878047,cc_n_cells_e1=1.21e+04 (+0.20); cc_n_celltypes_total=1 (+0.05); deg_pooled_log2fc=nan (+0.02),novel
765,TNF,OPC_GABA_AC_like_tumor,IDH_Mutant,tumor,0.0,0.0,0.0,0.0,,,0.0,0.0,0.0,0.0,,0.0,1.0,0.0,0.0,0.0,0.0,0.0,0.0,,0.0,0.0,0.0,0.0,,3,1,0,1,1,6202,1012,352,742,352,0,0.0,1,0,0.0,0.0,0.0,0.0,2,,,,,0,0.25154081046986676,0.07985190269179325,cc_n_cells_e1=6.2e+03 (+0.19); cc_n_celltypes_total=1 (+0.08); deg_n_celltypes_sig=1 (+0.05),novel
766,DAG1,T cell,IDH_Mutant,T_cell,0.0,0.0,0.0,0.0,,,0.0,0.0,0.0,0.0,,0.0,2.0,0.0,0.0,0.0,0.0,0.0,0.0,,0.0,0.0,0.0,0.0,,6,0,1,1,1,2662,1463,941,334,334,0,0.0,1,0,0.5,0.5,1.5,0.0,2,,,,,0,0.25129394728689497,0.11330718309505823,llm_mentions_per_run=1.5 (+0.46); llm_mention_rate=0.5 (+0.32); cc_n_celltypes_total=1 (+0.15),novel
767,P4HB,OPC_GABA_like_tumor,IDH_Mutant,tumor,0.0,0.0,0.0,0.0,,,0.0,0.0,0.0,0.0,,0.0,0.0,0.0,2.0,1.0,1.0,0.0013611245332281,0.00135107769115995,0.0,1.0,1.0,2.0,2.0,0.0,5,0,1,1,3,6741,14114,1658,11741,1658,0,0.0,1,0,0.0,0.0,0.0,0.0,2,,,,,0,0.2509001508330455,0.09988540061178632,deg_n_celltypes_sig=0 (+0.36); cc_n_cells_e1=6.74e+03 (+0.21); cc_rec_edges=2 (+0.01),novel
768,TNFRSF1A,OPC_GABA_like_tumor,IDH_Mutant,tumor,1.0,-3.88817063153229,3.88817063153229,205.98384563800875,0.009,0.133,-0.12400000000000001,-1.0,0.0,0.0,-2.030791555039734,1.0,1.0,0.0,0.0,0.0,0.0,0.0,0.0,,0.0,0.0,0.0,0.0,,1,0,1,1,1,6741,14114,1658,11741,1658,0,-0.0,1,0,0.0,0.0,0.0,0.0,2,,,,,0,0.2504012920328723,0.052435196089162965,cc_n_cells_e1=6.74e+03 (+0.17); deg_pct_e1=0.133 (+0.07); cc_n_celltypes_total=1 (+0.07),novel
769,PTPRD,TAM1/TAM2/microglia,IDH_WT,TAM_microglia,0.0,0.0,0.0,0.0,,,0.0,0.0,0.0,0.0,,0.0,3.0,0.0,0.0,0.0,0.0,0.0,0.0,,0.0,0.0,0.0,0.0,,1,0,1,1,1,12086,25922,9696,2745,2745,0,0.0,0,0,0.0,0.0,0.0,0.0,2,,,,,0,0.24985061081186427,0.08303668911310166,cc_n_cells_e1=1.21e+04 (+0.19); cc_n_celltypes_total=1 (+0.05); deg_pooled_log2fc=nan (+0.02),novel
770,SPP1,T cell,IDH_WT,T_cell,0.0,0.0,0.0,0.0,,,0.0,0.0,0.0,0.0,,0.0,4.0,10.0,0.0,5.0,5.0,0.0326985528375827,0.014777730556444671,0.0,1.0,4.0,6.0,10.0,0.0,55,1,0,1,7,2662,1463,1681,1118,1118,0,0.0,0,0,0.5,0.0,1.5,0.0,2,1.0,TAM_microglia,myeloid_bridge,"Wei et al., J Clin Invest 2019",0,0.24847288525709005,0.07399910920731884,cc_edges_total=55 (+0.59); llm_mentions_per_run=1.5 (+0.41); llm_mention_rate=0.5 (+0.15),"literature gene, other compartment"
771,LILRB4,OPC_GABA_AC_like_tumor,IDH_WT,tumor,0.0,0.0,0.0,0.0,,,0.0,0.0,0.0,0.0,,0.0,1.0,0.0,0.0,0.0,0.0,0.0,0.0,,0.0,0.0,0.0,0.0,,4,0,1,1,1,6202,1012,5384,171,171,0,0.0,0,0,0.0,0.0,0.0,0.0,2,2.0,TAM_microglia,myeloid_bridge,Myeloid checkpoint (pathway-level),0,0.24838051547970016,0.047126080220931475,cc_n_cells_e1=6.2e+03 (+0.19); cc_n_celltypes_total=1 (+0.08); deg_n_celltypes_sig=1 (+0.05),"literature gene, other compartment"
772,LILRB4,AC_like_tumor,IDH_WT,tumor,0.0,0.0,0.0,0.0,,,0.0,0.0,0.0,0.0,,0.0,1.0,0.0,0.0,0.0,0.0,0.0,0.0,,0.0,0.0,0.0,0.0,,4,0,1,1,1,72549,446,64812,108,108,0,0.0,0,0,0.0,0.0,0.0,0.0,2,2.0,TAM_microglia,myeloid_bridge,Myeloid checkpoint (pathway-level),0,0.24838051547970016,0.047126080220931475,cc_n_cells_e1=7.25e+04 (+0.19); cc_n_celltypes_total=1 (+0.08); cc_n_cells_e2=446 (+0.05),"literature gene, other compartment"
773,FPR1,OPC_GABA_AC_like_tumor,IDH_WT,tumor,0.0,0.0,0.0,0.0,,,0.0,0.0,0.0,0.0,,0.0,1.0,0.0,0.0,0.0,0.0,0.0,0.0,,0.0,0.0,0.0,0.0,,10,0,1,1,1,6202,1012,5384,171,171,0,0.0,0,0,0.0,0.0,0.0,0.0,2,,,,,0,0.24833130887175683,0.03170830784060989,cc_n_cells_e1=6.2e+03 (+0.19); cc_n_celltypes_total=1 (+0.08); deg_n_celltypes_sig=1 (+0.05),novel
774,FPR1,AC_like_tumor,IDH_WT,tumor,0.0,0.0,0.0,0.0,,,0.0,0.0,0.0,0.0,,0.0,1.0,0.0,0.0,0.0,0.0,0.0,0.0,,0.0,0.0,0.0,0.0,,10,0,1,1,1,72549,446,64812,108,108,0,0.0,0,0,0.0,0.0,0.0,0.0,2,,,,,0,0.24833130887175683,0.03170830784060989,cc_n_cells_e1=7.25e+04 (+0.19); cc_n_celltypes_total=1 (+0.08); deg_n_celltypes_sig=1 (+0.05),novel
775,GRN,AC_like_tumor,IDH_WT,tumor,0.0,0.0,0.0,0.0,,,0.0,0.0,0.0,0.0,,0.0,1.0,0.0,0.0,0.0,0.0,0.0,0.0,,0.0,0.0,0.0,0.0,,3,1,0,1,2,72549,446,64812,108,108,0,0.0,0,0,0.0,0.0,0.0,0.0,2,,,,,0,0.24720120577311167,0.05443713628238085,cc_n_cells_e1=7.25e+04 (+0.21); cc_n_cells_e2=446 (+0.05); deg_n_celltypes_sig=1 (+0.04),novel
776,GRN,OPC_GABA_AC_like_tumor,IDH_WT,tumor,0.0,0.0,0.0,0.0,,,0.0,0.0,0.0,0.0,,0.0,1.0,0.0,0.0,0.0,0.0,0.0,0.0,,0.0,0.0,0.0,0.0,,3,1,0,1,2,6202,1012,5384,171,171,0,0.0,0,0,0.0,0.0,0.0,0.0,2,,,,,0,0.24720120577311167,0.05443713628238085,cc_n_cells_e1=6.2e+03 (+0.21); cc_n_cells_e2=1.01e+03 (+0.04); deg_n_celltypes_sig=1 (+0.04),novel
777,TGFBR2,OPC_GABA_like_tumor,IDH_WT,tumor,0.0,0.0,0.0,0.0,,,0.0,0.0,0.0,0.0,,0.0,1.0,0.0,0.0,0.0,0.0,0.0,0.0,,0.0,0.0,0.0,0.0,,4,0,1,1,1,6741,14114,5040,1935,1935,0,0.0,0,0,0.0,0.0,0.0,0.0,2,,,,,0,0.24699167184880136,0.029321026870651863,cc_n_cells_e1=6.74e+03 (+0.19); cc_n_celltypes_total=1 (+0.07); deg_n_celltypes_sig=1 (+0.05),novel
778,SPP1,T cell,IDH_Mutant,T_cell,0.0,0.0,0.0,0.0,,,0.0,0.0,0.0,0.0,,0.0,4.0,10.0,0.0,5.0,5.0,0.0326985528375827,0.014777730556444671,0.0,1.0,4.0,6.0,10.0,0.0,55,1,0,1,7,2662,1463,941,334,334,0,0.0,1,0,0.5,0.0,1.5,0.0,2,1.0,TAM_microglia,myeloid_bridge,"Wei et al., J Clin Invest 2019",0,0.2469380531401642,0.07568912709034986,cc_edges_total=55 (+0.59); llm_mentions_per_run=1.5 (+0.41); llm_mention_rate=0.5 (+0.15),"literature gene, other compartment"
779,NRXN2,AC_like_tumor,IDH_WT,tumor,0.0,0.0,0.0,0.0,,,0.0,0.0,0.0,0.0,,0.0,1.0,0.0,0.0,0.0,0.0,0.0,0.0,,0.0,0.0,0.0,0.0,,10,1,0,1,1,72549,446,64812,108,108,0,0.0,0,0,0.0,0.0,0.0,0.0,2,,,,,0,0.24673547652914354,0.048354024393574745,cc_n_cells_e1=7.25e+04 (+0.19); cc_n_celltypes_total=1 (+0.08); deg_n_celltypes_sig=1 (+0.06),novel
780,NRXN2,OPC_GABA_AC_like_tumor,IDH_WT,tumor,0.0,0.0,0.0,0.0,,,0.0,0.0,0.0,0.0,,0.0,1.0,0.0,0.0,0.0,0.0,0.0,0.0,,0.0,0.0,0.0,0.0,,10,1,0,1,1,6202,1012,5384,171,171,0,0.0,0,0,0.0,0.0,0.0,0.0,2,,,,,0,0.24673547652914354,0.048354024393574745,cc_n_cells_e1=6.2e+03 (+0.19); cc_n_celltypes_total=1 (+0.08); deg_n_celltypes_sig=1 (+0.06),novel
781,C3AR1,OPC_GABA_AC_like_tumor,IDH_WT,tumor,0.0,0.0,0.0,0.0,,,0.0,0.0,0.0,0.0,,0.0,1.0,0.0,0.0,0.0,0.0,0.0,0.0,,0.0,0.0,0.0,0.0,,4,0,1,1,1,6202,1012,5384,171,171,0,0.0,0,0,0.0,0.0,0.0,0.0,2,,,,,0,0.2464185197363134,0.058080924506641235,cc_n_cells_e1=6.2e+03 (+0.19); cc_n_celltypes_total=1 (+0.08); deg_n_celltypes_sig=1 (+0.05),novel
782,C3AR1,AC_like_tumor,IDH_WT,tumor,0.0,0.0,0.0,0.0,,,0.0,0.0,0.0,0.0,,0.0,1.0,0.0,0.0,0.0,0.0,0.0,0.0,,0.0,0.0,0.0,0.0,,4,0,1,1,1,72549,446,64812,108,108,0,0.0,0,0,0.0,0.0,0.0,0.0,2,,,,,0,0.2464185197363134,0.058080924506641235,cc_n_cells_e1=7.25e+04 (+0.19); cc_n_celltypes_total=1 (+0.08); cc_n_cells_e2=446 (+0.05),novel
783,LILRB4,cycling_tumor,IDH_WT,tumor,0.0,0.0,0.0,0.0,,,0.0,0.0,0.0,0.0,,0.0,1.0,0.0,0.0,0.0,0.0,0.0,0.0,,0.0,0.0,0.0,0.0,,4,0,1,1,1,6410,814,5847,663,663,0,0.0,0,0,0.0,0.0,0.0,0.0,2,2.0,TAM_microglia,myeloid_bridge,Myeloid checkpoint (pathway-level),0,0.24607272185187168,0.048262642537766645,cc_n_cells_e1=6.41e+03 (+0.19); cc_n_celltypes_total=1 (+0.08); cc_n_cells_e2=814 (+0.05),"literature gene, other compartment"
784,FPR1,cycling_tumor,IDH_WT,tumor,0.0,0.0,0.0,0.0,,,0.0,0.0,0.0,0.0,,0.0,1.0,0.0,0.0,0.0,0.0,0.0,0.0,,0.0,0.0,0.0,0.0,,10,0,1,1,1,6410,814,5847,663,663,0,0.0,0,0,0.0,0.0,0.0,0.0,2,,,,,0,0.2455103984163963,0.03100086030728729,cc_n_cells_e1=6.41e+03 (+0.19); cc_n_celltypes_total=1 (+0.08); deg_n_celltypes_sig=1 (+0.05),novel
785,LAIR1,OPC_GABA_like_tumor,IDH_Mutant,tumor,0.0,0.0,0.0,0.0,,,0.0,0.0,0.0,0.0,,0.0,1.0,0.0,0.0,0.0,0.0,0.0,0.0,,0.0,0.0,0.0,0.0,,4,1,0,1,1,6741,14114,1658,11741,1658,0,0.0,1,0,0.0,0.0,0.0,0.0,2,,,,,0,0.24531768799561923,0.0348359219688306,cc_n_cells_e1=6.74e+03 (+0.19); cc_n_celltypes_total=1 (+0.07); deg_n_celltypes_sig=1 (+0.05),novel
786,LAIR1,OPC_GABA_like_tumor,IDH_WT,tumor,0.0,0.0,0.0,0.0,,,0.0,0.0,0.0,0.0,,0.0,1.0,0.0,0.0,0.0,0.0,0.0,0.0,,0.0,0.0,0.0,0.0,,4,1,0,1,1,6741,14114,5040,1935,1935,0,0.0,0,0,0.0,0.0,0.0,0.0,2,,,,,0,0.24514565719247336,0.03442892753962522,cc_n_cells_e1=6.74e+03 (+0.19); cc_n_celltypes_total=1 (+0.07); deg_n_celltypes_sig=1 (+0.05),novel
787,THY1,TAM1/TAM2/microglia,IDH_WT,TAM_microglia,0.0,0.0,0.0,0.0,,,0.0,0.0,0.0,0.0,,0.0,4.0,0.0,0.0,0.0,0.0,0.0,0.0,,0.0,0.0,0.0,0.0,,2,1,0,1,2,12086,25922,9696,2745,2745,0,0.0,0,0,0.0,0.0,0.0,0.0,2,,,,,0,0.244873856717632,0.05790873465785103,cc_n_cells_e1=1.21e+04 (+0.22); deg_n_celltypes_sig=4 (+0.06); deg_pooled_log2fc=nan (+0.01),novel
788,C3AR1,cycling_tumor,IDH_WT,tumor,0.0,0.0,0.0,0.0,,,0.0,0.0,0.0,0.0,,0.0,1.0,0.0,0.0,0.0,0.0,0.0,0.0,,0.0,0.0,0.0,0.0,,4,0,1,1,1,6410,814,5847,663,663,0,0.0,0,0,0.0,0.0,0.0,0.0,2,,,,,0,0.24463115562814597,0.057041353153809385,cc_n_cells_e1=6.41e+03 (+0.19); cc_n_celltypes_total=1 (+0.08); cc_n_cells_e2=814 (+0.05),novel
789,HLA-DRB5,TAM1/TAM2/microglia,IDH_WT,TAM_microglia,1.0,-0.9532907349278568,0.9532907349278568,26.127445628592405,0.482,0.544,-0.062000000000000055,-1.0,1.0,1.0,-0.7115592963088431,1.0,2.0,4.0,0.0,2.0,2.0,0.0153299905391955,0.005800008038656948,0.0,1.0,1.0,0.0,4.0,0.0,4,1,0,1,1,12086,25922,9696,2745,2745,0,-0.0,0,1,0.0,0.0,0.0,0.0,2,,,,,0,0.24446219700072924,0.03161940111208277,cc_n_cells_e1=1.21e+04 (+0.20); cc_edges_e2=2 (+0.14); cc_mean_prob=0.0058 (+0.06),novel
790,HAVCR2,TAM1/TAM2/microglia,IDH_Mutant,TAM_microglia,1.0,0.6459388801766974,0.6459388801766974,39.23439518936956,0.622,0.499,0.123,1.0,1.0,1.0,1.1433285772866246,1.0,3.0,0.0,2.0,1.0,1.0,0.0101934918944621,0.00658942667833445,0.0,1.0,1.0,0.0,2.0,0.0,2,0,1,1,1,12086,25922,2106,21701,2106,0,0.0,1,1,0.0,0.0,0.0,0.0,2,1.0,T_cell,immune_synapse,"Kim et al., Clin Cancer Res 2017",0,0.24407088019276815,0.08491569539016527,cc_n_cells_e1=1.21e+04 (+0.19); deg_pct_diff=0.123 (+0.11); cc_max_prob=0.0102 (+0.06),"literature gene, other compartment"
791,APP,T cell,IDH_WT,T_cell,0.0,0.0,0.0,0.0,,,0.0,0.0,0.0,0.0,,0.0,1.0,0.0,0.0,0.0,0.0,0.0,0.0,,0.0,0.0,0.0,0.0,,78,1,0,1,4,2662,1463,1681,1118,1118,0,0.0,0,0,0.0,0.0,0.0,0.0,2,,,,,0,0.24361048619897155,0.10801324928470517,cc_edges_total=78 (+1.02); deg_n_celltypes_sig=1 (+0.08); llm_unprompted_mention_rate=0 (+0.02),novel
792,ENTPD1,OPC_GABA_like_tumor,IDH_WT,tumor,0.0,0.0,0.0,0.0,,,0.0,0.0,0.0,0.0,,0.0,1.0,0.0,0.0,0.0,0.0,0.0,0.0,,0.0,0.0,0.0,0.0,,4,1,1,1,1,6741,14114,5040,1935,1935,0,0.0,0,0,0.0,0.0,0.0,0.0,2,1.0,TAM_microglia,myeloid_bridge,"Takenaka et al., Nat Neurosci 2019",0,0.24230949468184657,0.05053902432392506,cc_n_cells_e1=6.74e+03 (+0.19); cc_n_celltypes_total=1 (+0.07); deg_n_celltypes_sig=1 (+0.05),"literature gene, other compartment"
793,ENTPD1,OPC_GABA_like_tumor,IDH_Mutant,tumor,0.0,0.0,0.0,0.0,,,0.0,0.0,0.0,0.0,,0.0,1.0,0.0,0.0,0.0,0.0,0.0,0.0,,0.0,0.0,0.0,0.0,,4,1,1,1,1,6741,14114,1658,11741,1658,0,0.0,1,0,0.0,0.0,0.0,0.0,2,1.0,TAM_microglia,myeloid_bridge,"Takenaka et al., Nat Neurosci 2019",0,0.24230949468184657,0.05053902432392506,cc_n_cells_e1=6.74e+03 (+0.19); cc_n_celltypes_total=1 (+0.07); deg_n_celltypes_sig=1 (+0.05),"literature gene, other compartment"
794,FPR1,cycling_tumor,IDH_Mutant,tumor,1.0,-3.886882400796423,3.886882400796423,2.1537092049596174,0.015,0.204,-0.189,-1.0,0.0,0.0,,0.0,2.0,0.0,0.0,0.0,0.0,0.0,0.0,,0.0,0.0,0.0,0.0,,10,0,1,1,1,6410,814,270,136,136,0,-0.0,1,0,0.0,0.0,0.0,0.0,2,,,,,0,0.2419376280114262,0.036212869516821705,cc_n_cells_e1=6.41e+03 (+0.19); deg_pct_e1=0.204 (+0.09); cc_n_celltypes_total=1 (+0.07),novel
795,PILRB,TAM1/TAM2/microglia,IDH_Mutant,TAM_microglia,0.0,0.0,0.0,0.0,,,0.0,0.0,0.0,0.0,,0.0,0.0,0.0,0.0,0.0,0.0,0.0,0.0,,0.0,0.0,0.0,0.0,,7,0,1,1,1,12086,25922,2106,21701,2106,0,0.0,1,0,0.0,0.0,0.0,0.0,2,,,,,0,0.24083534795282735,0.0707890021518374,deg_n_celltypes_sig=0 (+0.38); cc_n_cells_e1=1.21e+04 (+0.19); cc_n_celltypes_total=1 (+0.06),novel
796,CD74,T cell,IDH_WT,T_cell,1.0,0.6546071138404836,0.6546071138404836,1.950123902297721,0.44,0.371,0.069,1.0,0.0,0.0,0.7998421542708241,1.0,5.0,0.0,50.0,25.0,25.0,0.0485948380951234,0.015620824906069038,0.0,2.0,6.0,42.0,50.0,0.0,109,0,1,2,6,2662,1463,1681,1118,1118,0,0.0,0,1,0.0,0.0,0.0,0.0,2,1.0,TAM_microglia,myeloid_bridge,"Ghoochani et al., Oncotarget 2016",0,0.2406524706106913,0.0729593879471597,cc_edges_total=109 (+0.87); deg_n_celltypes_sig=5 (+0.28); deg_pooled_log2fc=0.8 (+0.13),"literature gene, other compartment"
797,HLA-DPB1,AC_like_tumor,IDH_WT,tumor,1.0,-3.190074886074954,3.190074886074954,3.215687969356039,0.093,0.333,-0.24000000000000002,-1.0,0.0,0.0,-2.435579781563539,1.0,5.0,2.0,0.0,0.0,2.0,0.0056623552726468,0.0030688153298774434,0.0,1.0,1.0,2.0,2.0,-1.0,14,1,0,1,5,72549,446,64812,108,108,0,1.0,0,1,1.0,1.0,2.0,0.0,2,,,,,0,0.2405912029933676,0.0525417819861868,cc_edges_total=14 (+0.26); cc_n_cells_e1=7.25e+04 (+0.24); llm_mention_rate=1 (+0.21),novel
798,NOTCH1,T cell,IDH_Mutant,T_cell,0.0,0.0,0.0,0.0,,,0.0,0.0,0.0,0.0,,0.0,0.0,0.0,0.0,0.0,0.0,0.0,0.0,,0.0,0.0,0.0,0.0,,16,0,1,2,2,2662,1463,941,334,334,0,0.0,1,0,0.5,0.5,1.0,0.0,2,2.0,tumor,growth,Notch pathway (pathway-level),0,0.24045158947082984,0.09238880721677312,llm_mentions_per_run=1 (+0.42); deg_n_celltypes_sig=0 (+0.32); cc_edges_total=16 (+0.28),"literature gene, other compartment"
799,JAM3,OPC_GABA_like_tumor,IDH_Mutant,tumor,0.0,0.0,0.0,0.0,,,0.0,0.0,0.0,0.0,,0.0,1.0,0.0,0.0,0.0,0.0,0.0,0.0,,0.0,0.0,0.0,0.0,,3,1,1,1,1,6741,14114,1658,11741,1658,0,0.0,1,0,0.0,0.0,0.0,0.0,2,,,,,0,0.23929005532755912,0.045541103322988316,cc_n_cells_e1=6.74e+03 (+0.19); cc_n_celltypes_total=1 (+0.07); deg_n_celltypes_sig=1 (+0.05),novel
800,GAS6,cycling_tumor,IDH_Mutant,tumor,1.0,-6.232159625747492,6.232159625747492,4.162071336067185,0.015,0.248,-0.23299999999999998,-1.0,0.0,0.0,,0.0,2.0,0.0,0.0,0.0,0.0,0.0,0.0,,0.0,0.0,0.0,0.0,,2,1,0,1,1,6410,814,270,136,136,0,-0.0,1,0,0.0,0.0,0.0,0.0,2,,,,,0,0.23916912150518113,0.06104129927358495,cc_n_cells_e1=6.41e+03 (+0.19); deg_pct_e1=0.248 (+0.08); deg_abs_log2fc=6.23 (+0.07),novel
801,ANXA1,AC_like_tumor,IDH_WT,tumor,0.0,0.0,0.0,0.0,,,0.0,0.0,0.0,0.0,,0.0,4.0,2.0,0.0,0.0,2.0,0.0059288892579909,0.0052353810136908,0.0,1.0,1.0,2.0,2.0,-1.0,10,1,0,1,4,72549,446,64812,108,108,0,-0.0,0,0,0.0,0.0,0.0,0.0,2,,,,,0,0.23800451844783904,0.048146257368973835,cc_n_cells_e1=7.25e+04 (+0.23); deg_n_celltypes_sig=4 (+0.10); cc_max_prob=0.00593 (+0.06),novel
802,TNF,OPC_GABA_like_tumor,IDH_WT,tumor,0.0,0.0,0.0,0.0,,,0.0,0.0,0.0,0.0,,0.0,1.0,0.0,0.0,0.0,0.0,0.0,0.0,,0.0,0.0,0.0,0.0,,3,1,0,1,1,6741,14114,5040,1935,1935,0,0.0,0,0,0.0,0.0,0.0,0.0,2,,,,,0,0.2374156469919851,0.0780949392127709,cc_n_cells_e1=6.74e+03 (+0.19); cc_n_celltypes_total=1 (+0.07); deg_n_celltypes_sig=1 (+0.05),novel
803,MPZL1,AC_like_tumor,IDH_WT,tumor,0.0,0.0,0.0,0.0,,,0.0,0.0,0.0,0.0,,0.0,4.0,0.0,0.0,0.0,0.0,0.0,0.0,,0.0,0.0,0.0,0.0,,8,1,1,1,2,72549,446,64812,108,108,0,0.0,0,0,0.0,0.0,0.0,0.0,2,,,,,0,0.23705176201882053,0.03199733654255209,cc_n_cells_e1=7.25e+04 (+0.23); deg_n_celltypes_sig=4 (+0.09); cc_n_cells_e2=446 (+0.05),novel
804,ITGB2,AC_like_tumor,IDH_WT,tumor,0.0,0.0,0.0,0.0,,,0.0,0.0,0.0,0.0,,0.0,2.0,0.0,0.0,0.0,0.0,0.0,0.0,,0.0,0.0,0.0,0.0,,4,0,1,2,1,72549,446,64812,108,108,0,0.0,0,0,0.0,0.0,0.0,0.0,2,,,,,0,0.23661416544671968,0.03702052336796057,cc_n_cells_e1=7.25e+04 (+0.20); cc_n_celltypes_total=1 (+0.07); cc_n_cells_e2=446 (+0.05),novel
805,ITGB2,AC_like_tumor,IDH_Mutant,tumor,0.0,0.0,0.0,0.0,,,0.0,0.0,0.0,0.0,,0.0,2.0,0.0,0.0,0.0,0.0,0.0,0.0,,0.0,0.0,0.0,0.0,,4,0,1,2,1,72549,446,4249,283,283,0,0.0,1,0,0.0,0.0,0.0,0.0,2,,,,,0,0.23661416544671968,0.03702052336796057,cc_n_cells_e1=7.25e+04 (+0.20); cc_n_celltypes_total=1 (+0.07); cc_n_cells_e2=446 (+0.05),novel
806,ITGB2,OPC_GABA_AC_like_tumor,IDH_WT,tumor,0.0,0.0,0.0,0.0,,,0.0,0.0,0.0,0.0,,0.0,2.0,0.0,0.0,0.0,0.0,0.0,0.0,,0.0,0.0,0.0,0.0,,4,0,1,2,1,6202,1012,5384,171,171,0,0.0,0,0,0.0,0.0,0.0,0.0,2,,,,,0,0.23661416544671968,0.03702052336796057,cc_n_cells_e1=6.2e+03 (+0.20); cc_n_celltypes_total=1 (+0.07); cc_n_cells_e2=1.01e+03 (+0.04),novel
807,HLA-DMB,OPC_GABA_like_tumor,IDH_WT,tumor,0.0,0.0,0.0,0.0,,,0.0,0.0,0.0,0.0,,0.0,1.0,0.0,0.0,0.0,0.0,0.0,0.0,,0.0,0.0,0.0,0.0,,4,1,0,1,1,6741,14114,5040,1935,1935,0,0.0,0,0,0.0,0.0,0.0,0.0,2,,,,,0,0.23624404616079958,0.054699155339762315,cc_n_cells_e1=6.74e+03 (+0.19); cc_n_celltypes_total=1 (+0.07); deg_n_celltypes_sig=1 (+0.05),novel
808,HLA-DRB5,AC_like_tumor,IDH_Mutant,tumor,0.0,0.0,0.0,0.0,,,0.0,0.0,0.0,0.0,,0.0,3.0,0.0,0.0,0.0,0.0,0.0,0.0,,0.0,0.0,0.0,0.0,,4,1,0,1,1,72549,446,4249,283,283,0,0.0,1,0,0.0,0.0,0.0,0.0,2,,,,,0,0.2362211424138571,0.016818641251544194,cc_n_cells_e1=7.25e+04 (+0.20); cc_n_celltypes_total=1 (+0.07); cc_n_cells_e2=446 (+0.05),novel
809,NCAM1,T cell,IDH_WT,T_cell,0.0,0.0,0.0,0.0,,,0.0,0.0,0.0,0.0,,0.0,4.0,0.0,0.0,0.0,0.0,0.0,0.0,,0.0,0.0,0.0,0.0,,55,1,1,1,4,2662,1463,1681,1118,1118,0,0.0,0,0,0.0,0.0,0.0,0.0,2,2.0,tumor,neuron_tumor,Synaptic adhesion (pathway-level),0,0.23553843972545305,0.06199415912062564,cc_edges_total=55 (+1.02); deg_n_celltypes_sig=4 (+0.09); llm_unprompted_mention_rate=0 (+0.02),"literature gene, other compartment"
810,PCDHGA10,OPC_GABA_like_tumor,IDH_Mutant,tumor,0.0,0.0,0.0,0.0,,,0.0,0.0,0.0,0.0,,0.0,1.0,1.0,1.0,2.0,0.0,0.0020400387040252,0.0020400387040252,0.0,1.0,1.0,0.0,2.0,1.0,2,1,1,1,1,6741,14114,1658,11741,1658,0,0.0,1,0,0.0,0.0,0.0,0.0,2,,,,,0,0.23523669807262867,0.07967049514016426,cc_n_cells_e1=6.74e+03 (+0.18); cc_edges_e2=2 (+0.13); cc_n_celltypes_total=1 (+0.05),novel
811,TNF,OPC_GABA_like_tumor,IDH_Mutant,tumor,0.0,0.0,0.0,0.0,,,0.0,0.0,0.0,0.0,,0.0,1.0,0.0,0.0,0.0,0.0,0.0,0.0,,0.0,0.0,0.0,0.0,,3,1,0,1,1,6741,14114,1658,11741,1658,0,0.0,1,0,0.0,0.0,0.0,0.0,2,,,,,0,0.2350417470690978,0.07532598194194741,cc_n_cells_e1=6.74e+03 (+0.19); cc_n_celltypes_total=1 (+0.07); deg_n_celltypes_sig=1 (+0.05),novel
812,GRIA2,TAM1/TAM2/microglia,IDH_Mutant,TAM_microglia,0.0,0.0,0.0,0.0,,,0.0,0.0,0.0,0.0,,0.0,4.0,0.0,0.0,0.0,0.0,0.0,0.0,,0.0,0.0,0.0,0.0,,12,0,1,1,3,12086,25922,2106,21701,2106,0,0.0,1,0,1.0,0.5,4.5,0.5,2,1.0,tumor,neuron_tumor,"Venkatesh et al., Nature 2019; Venkataramani et al., Nature 2019",0,0.2346320923597552,0.0794045648287423,llm_ctx_mention_rate=0.5 (+0.34); llm_mention_rate=1 (+0.34); cc_n_cells_e1=1.21e+04 (+0.23),"literature gene, other compartment"
813,C3AR1,OPC_GABA_like_tumor,IDH_WT,tumor,0.0,0.0,0.0,0.0,,,0.0,0.0,0.0,0.0,,0.0,1.0,0.0,0.0,0.0,0.0,0.0,0.0,,0.0,0.0,0.0,0.0,,4,0,1,1,1,6741,14114,5040,1935,1935,0,0.0,0,0,0.0,0.0,0.0,0.0,2,,,,,0,0.23424605499949264,0.0517548945459052,cc_n_cells_e1=6.74e+03 (+0.19); cc_n_celltypes_total=1 (+0.07); deg_n_celltypes_sig=1 (+0.05),novel
814,SLIT1,TAM1/TAM2/microglia,IDH_Mutant,TAM_microglia,0.0,0.0,0.0,0.0,,,0.0,0.0,0.0,0.0,,0.0,3.0,0.0,0.0,0.0,0.0,0.0,0.0,,0.0,0.0,0.0,0.0,,2,1,0,1,1,12086,25922,2106,21701,2106,0,0.0,1,0,0.0,0.0,0.0,0.0,2,,,,,0,0.23415772534133633,0.038614122866100824,cc_n_cells_e1=1.21e+04 (+0.19); cc_n_celltypes_total=1 (+0.05); deg_pooled_log2fc=nan (+0.02),novel
815,HLA-DRB5,OPC_GABA_AC_like_tumor,IDH_WT,tumor,0.0,0.0,0.0,0.0,,,0.0,0.0,0.0,0.0,,0.0,2.0,0.0,0.0,0.0,0.0,0.0,0.0,,0.0,0.0,0.0,0.0,,4,1,0,1,1,6202,1012,5384,171,171,0,0.0,0,0,0.0,0.0,0.0,0.0,2,,,,,0,0.2338821982389741,0.01704601607989413,cc_n_cells_e1=6.2e+03 (+0.20); cc_n_celltypes_total=1 (+0.07); cc_n_cells_e2=1.01e+03 (+0.04),novel
816,HLA-DRB5,AC_like_tumor,IDH_WT,tumor,0.0,0.0,0.0,0.0,,,0.0,0.0,0.0,0.0,,0.0,2.0,0.0,0.0,0.0,0.0,0.0,0.0,,0.0,0.0,0.0,0.0,,4,1,0,1,1,72549,446,64812,108,108,0,0.0,0,0,0.0,0.0,0.0,0.0,2,,,,,0,0.2338821982389741,0.01704601607989413,cc_n_cells_e1=7.25e+04 (+0.20); cc_n_celltypes_total=1 (+0.07); cc_n_cells_e2=446 (+0.05),novel
817,THY1,OPC_GABA_AC_like_tumor,IDH_Mutant,tumor,0.0,0.0,0.0,0.0,,,0.0,0.0,0.0,0.0,,0.0,3.0,0.0,0.0,0.0,0.0,0.0,0.0,,0.0,0.0,0.0,0.0,,2,1,0,1,2,6202,1012,352,742,352,0,0.0,1,0,0.0,0.0,0.0,0.0,2,,,,,0,0.23381847354951146,0.03806494752073425,cc_n_cells_e1=6.2e+03 (+0.22); cc_n_cells_e2=1.01e+03 (+0.04); cc_n_celltypes_total=2 (+0.03),novel
818,ITGB2,OPC_GABA_AC_like_tumor,IDH_Mutant,tumor,0.0,0.0,0.0,0.0,,,0.0,0.0,0.0,0.0,,0.0,2.0,0.0,0.0,0.0,0.0,0.0,0.0,,0.0,0.0,0.0,0.0,,4,0,1,2,1,6202,1012,352,742,352,0,0.0,1,0,0.0,0.0,0.0,0.0,2,,,,,0,0.23377382934250965,0.035029539765156076,cc_n_cells_e1=6.2e+03 (+0.20); cc_n_celltypes_total=1 (+0.07); cc_n_cells_e2=1.01e+03 (+0.04),novel
819,HLA-DRB1,OPC_GABA_AC_like_tumor,IDH_WT,tumor,1.0,-6.121355775572992,6.121355775572992,3.1711417563496536,0.006,0.164,-0.158,-1.0,1.0,1.0,-2.665883246001089,1.0,3.0,0.0,0.0,0.0,0.0,0.0,0.0,,0.0,0.0,0.0,0.0,,14,1,0,1,5,6202,1012,5384,171,171,0,-0.0,0,0,1.0,1.0,2.0,0.0,2,,,,,0,0.23341784108049177,0.06723223447023403,cc_edges_total=14 (+0.27); cc_n_cells_e1=6.2e+03 (+0.24); llm_mention_rate=1 (+0.23),novel
820,PPIA,T cell,IDH_Mutant,T_cell,0.0,0.0,0.0,0.0,,,0.0,0.0,0.0,0.0,,0.0,1.0,7.0,0.0,4.0,3.0,0.1059385738305193,0.044133901422716275,0.03,1.0,3.0,7.0,7.0,0.14285714285714285,56,1,0,1,7,2662,1463,941,334,334,0,0.0,1,0,0.5,0.5,0.5,0.0,2,,,,,0,0.23333891175874272,0.10608080525553504,cc_edges_total=56 (+0.65); cc_n_partners=3 (+0.28); llm_mention_rate=0.5 (+0.15),novel
821,HLA-DPB1,cycling_tumor,IDH_WT,tumor,1.0,-4.828056235059979,4.828056235059979,83.956454746946,0.133,0.508,-0.375,-1.0,1.0,1.0,-4.736421498877837,1.0,5.0,2.0,0.0,0.0,2.0,0.0102525480035964,0.0055583801922202076,0.0,1.0,1.0,2.0,2.0,-1.0,14,1,0,1,5,6410,814,5847,663,663,0,1.0,0,1,1.0,1.0,2.0,0.0,2,,,,,0,0.2330353598548418,0.04644941527071274,cc_edges_total=14 (+0.27); cc_n_cells_e1=6.41e+03 (+0.24); llm_mention_rate=1 (+0.21),novel
822,GPR37L1,OPC_GABA_like_tumor,IDH_Mutant,tumor,1.0,0.8292562148931141,0.8292562148931141,11.253425680509837,0.217,0.133,0.08399999999999999,1.0,0.0,0.0,-0.3643140305703578,1.0,1.0,0.0,9.0,9.0,0.0,0.0103328573239385,0.0037123086690787114,0.0,1.0,5.0,3.0,9.0,1.0,9,0,1,1,1,6741,14114,1658,11741,1658,0,1.0,1,1,0.0,0.0,0.0,0.0,2,,,,,0,0.23298150570659515,0.07321643249898982,cc_n_cells_e1=6.74e+03 (+0.17); cc_n_partners=5 (+0.14); cc_edges_e2=9 (+0.13),novel
823,HLA-DPB1,cycling_tumor,IDH_Mutant,tumor,1.0,-4.349260628345878,4.349260628345878,14.827909673894155,0.118,0.563,-0.44499999999999995,-1.0,1.0,1.0,-4.736421498877837,1.0,5.0,2.0,0.0,0.0,2.0,0.0102525480035964,0.0055583801922202076,0.0,1.0,1.0,2.0,2.0,-1.0,14,1,0,1,5,6410,814,270,136,136,0,1.0,1,1,1.0,1.0,2.0,0.0,2,,,,,0,0.23280691494118697,0.05023723181403198,cc_edges_total=14 (+0.27); cc_n_cells_e1=6.41e+03 (+0.24); llm_mention_rate=1 (+0.21),novel
824,SORL1,cycling_tumor,IDH_WT,tumor,1.0,-2.466763379747383,2.466763379747383,2.297328495447522,0.084,0.151,-0.06699999999999999,-1.0,1.0,1.0,-2.2103367780249705,1.0,3.0,0.0,0.0,0.0,0.0,0.0,0.0,,0.0,0.0,0.0,0.0,,14,0,1,1,1,6410,814,5847,663,663,0,-0.0,0,0,0.0,0.0,0.0,0.0,2,,,,,0,0.23192951400527767,0.08241565212140323,cc_edges_total=14 (+0.42); cc_n_cells_e1=6.41e+03 (+0.21); cc_n_celltypes_total=1 (+0.12),novel
825,C3,OPC_GABA_AC_like_tumor,IDH_Mutant,tumor,1.0,-3.2271467093959534,3.2271467093959534,6.20874983405437,0.019,0.111,-0.092,-1.0,0.0,0.0,,0.0,2.0,0.0,0.0,0.0,0.0,0.0,0.0,,0.0,0.0,0.0,0.0,,6,1,0,1,1,6202,1012,352,742,352,0,-0.0,1,0,0.0,0.0,0.0,0.0,2,,,,,0,0.2317378109955483,0.023636099187821474,cc_n_cells_e1=6.2e+03 (+0.20); deg_pct_e1=0.111 (+0.10); cc_n_celltypes_total=1 (+0.07),novel
826,HLA-DRB5,OPC_GABA_AC_like_tumor,IDH_Mutant,tumor,0.0,0.0,0.0,0.0,,,0.0,0.0,0.0,0.0,,0.0,3.0,0.0,0.0,0.0,0.0,0.0,0.0,,0.0,0.0,0.0,0.0,,4,1,0,1,1,6202,1012,352,742,352,0,0.0,1,0,0.0,0.0,0.0,0.0,2,,,,,0,0.23126805660273614,0.018572428535367193,cc_n_cells_e1=6.2e+03 (+0.20); cc_n_celltypes_total=1 (+0.07); cc_n_cells_e2=1.01e+03 (+0.04),novel
827,SLIT1,TAM1/TAM2/microglia,IDH_WT,TAM_microglia,0.0,0.0,0.0,0.0,,,0.0,0.0,0.0,0.0,,0.0,2.0,0.0,0.0,0.0,0.0,0.0,0.0,,0.0,0.0,0.0,0.0,,2,1,0,1,1,12086,25922,9696,2745,2745,0,0.0,0,0,0.0,0.0,0.0,0.0,2,,,,,0,0.23082243232872832,0.03791730368424301,cc_n_cells_e1=1.21e+04 (+0.19); cc_n_celltypes_total=1 (+0.05); deg_pooled_log2fc=nan (+0.02),novel
828,LILRB4,TAM1/TAM2/microglia,IDH_WT,TAM_microglia,1.0,0.4412907361417251,0.4412907361417251,22.2691437535559,0.414,0.299,0.11499999999999999,1.0,1.0,1.0,0.7510720576257953,1.0,1.0,0.0,4.0,2.0,2.0,0.0042054497069747,0.0031089893414732502,0.0,1.0,1.0,0.0,4.0,0.0,4,0,1,1,1,12086,25922,9696,2745,2745,0,0.0,0,1,0.0,0.0,0.0,0.0,2,2.0,TAM_microglia,myeloid_bridge,Myeloid checkpoint (pathway-level),1,0.23011938570267967,0.03256946402579617,cc_n_cells_e1=1.21e+04 (+0.18); cc_edges_e2=2 (+0.14); deg_pooled_log2fc=0.751 (+0.13),literature tier 2 (label)
829,PILRA,AC_like_tumor,IDH_Mutant,tumor,0.0,0.0,0.0,0.0,,,0.0,0.0,0.0,0.0,,0.0,1.0,0.0,0.0,0.0,0.0,0.0,0.0,,0.0,0.0,0.0,0.0,,7,0,1,1,1,72549,446,4249,283,283,0,0.0,1,0,0.0,0.0,0.0,0.0,2,,,,,0,0.22944847640580343,0.035714111455171005,cc_n_cells_e1=7.25e+04 (+0.19); cc_n_celltypes_total=1 (+0.08); deg_n_celltypes_sig=1 (+0.06),novel
830,PILRA,cycling_tumor,IDH_Mutant,tumor,0.0,0.0,0.0,0.0,,,0.0,0.0,0.0,0.0,,0.0,1.0,0.0,0.0,0.0,0.0,0.0,0.0,,0.0,0.0,0.0,0.0,,7,0,1,1,1,6410,814,270,136,136,0,0.0,1,0,0.0,0.0,0.0,0.0,2,,,,,0,0.22944847640580343,0.035714111455171005,cc_n_cells_e1=6.41e+03 (+0.19); cc_n_celltypes_total=1 (+0.08); deg_n_celltypes_sig=1 (+0.06),novel
831,P4HB,TAM1/TAM2/microglia,IDH_Mutant,TAM_microglia,0.0,0.0,0.0,0.0,,,0.0,0.0,0.0,0.0,,0.0,0.0,0.0,1.0,0.0,1.0,0.0024062850263849,0.0024062850263849,0.0,1.0,1.0,0.0,1.0,-1.0,5,0,1,1,3,12086,25922,2106,21701,2106,0,-0.0,1,0,0.0,0.0,0.0,0.0,2,,,,,0,0.22938115510606702,0.09382437486276504,deg_n_celltypes_sig=0 (+0.36); cc_n_cells_e1=1.21e+04 (+0.21); cc_mean_prob=0.00241 (+0.03),novel
832,CLDN11,OPC_GABA_AC_like_tumor,IDH_WT,tumor,0.0,0.0,0.0,0.0,,,0.0,0.0,0.0,0.0,,0.0,2.0,0.0,0.0,0.0,0.0,0.0,0.0,,0.0,0.0,0.0,0.0,,2,1,1,1,1,6202,1012,5384,171,171,0,0.0,0,0,0.0,0.0,0.0,0.0,2,,,,,0,0.2290395452891702,0.05175610143640256,cc_n_cells_e1=6.2e+03 (+0.19); cc_n_celltypes_total=1 (+0.07); cc_n_cells_e2=1.01e+03 (+0.04),novel
833,HLA-DQB1,TAM1/TAM2/microglia,IDH_WT,TAM_microglia,0.0,0.0,0.0,0.0,,,0.0,0.0,0.0,0.0,,0.0,1.0,4.0,0.0,2.0,2.0,0.018298993149735,0.00788969711259746,0.0,1.0,1.0,0.0,4.0,0.0,6,1,0,1,2,12086,25922,9696,2745,2745,0,0.0,0,0,0.0,0.0,0.0,0.0,2,,,,,0,0.2289306261767538,0.059426138696559466,cc_n_cells_e1=1.21e+04 (+0.22); cc_edges_e2=2 (+0.16); cc_mean_prob=0.00789 (+0.06),novel
834,FPR1,OPC_GABA_like_tumor,IDH_WT,tumor,0.0,0.0,0.0,0.0,,,0.0,0.0,0.0,0.0,,0.0,1.0,0.0,0.0,0.0,0.0,0.0,0.0,,0.0,0.0,0.0,0.0,,10,0,1,1,1,6741,14114,5040,1935,1935,0,0.0,0,0,0.0,0.0,0.0,0.0,2,,,,,0,0.22859738944841296,0.025217425014392673,cc_n_cells_e1=6.74e+03 (+0.19); cc_n_celltypes_total=1 (+0.07); deg_n_celltypes_sig=1 (+0.05),novel
835,CLDN11,AC_like_tumor,IDH_WT,tumor,0.0,0.0,0.0,0.0,,,0.0,0.0,0.0,0.0,,0.0,2.0,0.0,0.0,0.0,0.0,0.0,0.0,,0.0,0.0,0.0,0.0,,2,1,1,1,1,72549,446,64812,108,108,0,0.0,0,0,0.0,0.0,0.0,0.0,2,,,,,0,0.22850249894726135,0.05261050328272885,cc_n_cells_e1=7.25e+04 (+0.19); cc_n_celltypes_total=1 (+0.07); cc_n_cells_e2=446 (+0.05),novel
836,HLA-DQA1,TAM1/TAM2/microglia,IDH_WT,TAM_microglia,0.0,0.0,0.0,0.0,,,0.0,0.0,0.0,0.0,,0.0,2.0,4.0,0.0,2.0,2.0,0.0140740943328221,0.00499675499961522,0.0,1.0,1.0,0.0,4.0,0.0,4,1,0,1,1,12086,25922,9696,2745,2745,0,0.0,0,0,0.0,0.0,0.0,0.0,2,,,,,0,0.22840746660321684,0.0317377897101797,cc_n_cells_e1=1.21e+04 (+0.21); cc_edges_e2=2 (+0.15); cc_mean_prob=0.005 (+0.06),novel
837,TGFBR1,OPC_GABA_like_tumor,IDH_WT,tumor,1.0,1.231373244136207,1.231373244136207,85.7454350088719,0.231,0.06,0.171,1.0,1.0,1.0,0.8082512819379097,1.0,2.0,0.0,0.0,0.0,0.0,0.0,0.0,,0.0,0.0,0.0,0.0,,4,0,1,1,1,6741,14114,5040,1935,1935,0,0.0,0,0,0.0,0.0,0.0,0.0,2,,,,,0,0.22833764860039202,0.06808008498952406,cc_n_cells_e1=6.74e+03 (+0.19); deg_pct_diff=0.171 (+0.12); deg_pct_e1=0.06 (+0.10),novel
838,SORL1,cycling_tumor,IDH_Mutant,tumor,1.0,-2.9869407328145727,2.9869407328145727,3.1188414720966398,0.066,0.304,-0.238,-1.0,1.0,1.0,-2.2103367780249705,1.0,3.0,0.0,0.0,0.0,0.0,0.0,0.0,,0.0,0.0,0.0,0.0,,14,0,1,1,1,6410,814,270,136,136,0,-0.0,1,0,0.0,0.0,0.0,0.0,2,,,,,0,0.2275528805676883,0.09728255439061545,cc_edges_total=14 (+0.42); cc_n_cells_e1=6.41e+03 (+0.21); cc_n_celltypes_total=1 (+0.11),novel
839,PILRA,OPC_GABA_AC_like_tumor,IDH_Mutant,tumor,0.0,0.0,0.0,0.0,,,0.0,0.0,0.0,0.0,,0.0,1.0,0.0,0.0,0.0,0.0,0.0,0.0,,0.0,0.0,0.0,0.0,,7,0,1,1,1,6202,1012,352,742,352,0,0.0,1,0,0.0,0.0,0.0,0.0,2,,,,,0,0.22738075421376527,0.03357862428306932,cc_n_cells_e1=6.2e+03 (+0.19); cc_n_celltypes_total=1 (+0.08); deg_n_celltypes_sig=1 (+0.06),novel
840,P4HB,cycling_tumor,IDH_WT,tumor,1.0,0.4675273117630814,0.4675273117630814,62.59660512793237,0.704,0.27,0.43399999999999994,1.0,0.0,0.0,0.3466102924640853,1.0,2.0,0.0,2.0,1.0,1.0,0.006613979542561,0.00406302455001975,0.0,1.0,1.0,2.0,2.0,0.0,5,0,1,1,3,6410,814,5847,663,663,0,0.0,0,1,0.0,0.0,0.0,0.0,2,,,,,0,0.22696830216696182,0.05664117736319535,cc_n_cells_e1=6.41e+03 (+0.21); deg_pct_diff=0.434 (+0.13); cc_max_prob=0.00661 (+0.06),novel
841,PTPRC,TAM1/TAM2/microglia,IDH_WT,TAM_microglia,1.0,0.5505794805630595,0.5505794805630595,66.96322637680849,0.707,0.524,0.18299999999999994,1.0,0.0,0.0,0.5658096020231276,1.0,3.0,2.0,2.0,2.0,2.0,0.0145823282133185,0.01200059842780445,0.0,2.0,1.0,0.0,4.0,0.0,8,1,1,2,2,12086,25922,9696,2745,2745,0,0.0,0,1,0.0,0.0,0.0,0.0,2,,,,,0,0.22652368290395125,0.0399530438419542,cc_n_cells_e1=1.21e+04 (+0.22); cc_edges_e2=2 (+0.16); deg_pct_diff=0.183 (+0.13),novel
842,PDGFB,OPC_GABA_AC_like_tumor,IDH_WT,tumor,0.0,0.0,0.0,0.0,,,0.0,0.0,0.0,0.0,,0.0,1.0,0.0,0.0,0.0,0.0,0.0,0.0,,0.0,0.0,0.0,0.0,,3,1,0,1,1,6202,1012,5384,171,171,0,0.0,0,0,0.0,0.0,0.0,0.0,2,,,,,0,0.22631659976941476,0.06884000617319504,cc_n_cells_e1=6.2e+03 (+0.19); cc_n_celltypes_total=1 (+0.08); deg_n_celltypes_sig=1 (+0.05),novel
843,PDGFB,AC_like_tumor,IDH_WT,tumor,0.0,0.0,0.0,0.0,,,0.0,0.0,0.0,0.0,,0.0,1.0,0.0,0.0,0.0,0.0,0.0,0.0,,0.0,0.0,0.0,0.0,,3,1,0,1,1,72549,446,64812,108,108,0,0.0,0,0,0.0,0.0,0.0,0.0,2,,,,,0,0.22631659976941476,0.06884000617319504,cc_n_cells_e1=7.25e+04 (+0.19); cc_n_celltypes_total=1 (+0.08); deg_n_celltypes_sig=1 (+0.05),novel
844,PDGFB,AC_like_tumor,IDH_Mutant,tumor,0.0,0.0,0.0,0.0,,,0.0,0.0,0.0,0.0,,0.0,1.0,0.0,0.0,0.0,0.0,0.0,0.0,,0.0,0.0,0.0,0.0,,3,1,0,1,1,72549,446,4249,283,283,0,0.0,1,0,0.0,0.0,0.0,0.0,2,,,,,0,0.22631659976941476,0.06884000617319504,cc_n_cells_e1=7.25e+04 (+0.19); cc_n_celltypes_total=1 (+0.08); deg_n_celltypes_sig=1 (+0.05),novel
845,LILRB4,OPC_GABA_like_tumor,IDH_WT,tumor,0.0,0.0,0.0,0.0,,,0.0,0.0,0.0,0.0,,0.0,1.0,0.0,0.0,0.0,0.0,0.0,0.0,,0.0,0.0,0.0,0.0,,4,0,1,1,1,6741,14114,5040,1935,1935,0,0.0,0,0,0.0,0.0,0.0,0.0,2,2.0,TAM_microglia,myeloid_bridge,Myeloid checkpoint (pathway-level),0,0.22611614136707842,0.0457519082388356,cc_n_cells_e1=6.74e+03 (+0.19); cc_n_celltypes_total=1 (+0.07); deg_n_celltypes_sig=1 (+0.05),"literature gene, other compartment"
846,GRN,OPC_GABA_like_tumor,IDH_WT,tumor,0.0,0.0,0.0,0.0,,,0.0,0.0,0.0,0.0,,0.0,1.0,0.0,0.0,0.0,0.0,0.0,0.0,,0.0,0.0,0.0,0.0,,3,1,0,1,2,6741,14114,5040,1935,1935,0,0.0,0,0,0.0,0.0,0.0,0.0,2,,,,,0,0.22578305679702532,0.05268236292309844,cc_n_cells_e1=6.74e+03 (+0.21); deg_n_celltypes_sig=1 (+0.04); cc_n_celltypes_total=2 (+0.02),novel
847,PDGFB,cycling_tumor,IDH_WT,tumor,0.0,0.0,0.0,0.0,,,0.0,0.0,0.0,0.0,,0.0,1.0,0.0,0.0,0.0,0.0,0.0,0.0,,0.0,0.0,0.0,0.0,,3,1,0,1,1,6410,814,5847,663,663,0,0.0,0,0,0.0,0.0,0.0,0.0,2,,,,,0,0.2255710219965567,0.06960561625734012,cc_n_cells_e1=6.41e+03 (+0.19); cc_n_celltypes_total=1 (+0.08); deg_n_celltypes_sig=1 (+0.05),novel
848,NCAM2,OPC_GABA_AC_like_tumor,IDH_WT,tumor,0.0,0.0,0.0,0.0,,,0.0,0.0,0.0,0.0,,0.0,2.0,0.0,0.0,0.0,0.0,0.0,0.0,,0.0,0.0,0.0,0.0,,5,0,1,1,1,6202,1012,5384,171,171,0,0.0,0,0,0.0,0.0,0.0,0.0,2,,,,,0,0.22547069643240797,0.048252048603845785,cc_n_cells_e1=6.2e+03 (+0.20); cc_n_celltypes_total=1 (+0.07); cc_n_cells_e2=1.01e+03 (+0.05),novel
849,NCAM2,AC_like_tumor,IDH_Mutant,tumor,0.0,0.0,0.0,0.0,,,0.0,0.0,0.0,0.0,,0.0,2.0,0.0,0.0,0.0,0.0,0.0,0.0,,0.0,0.0,0.0,0.0,,5,0,1,1,1,72549,446,4249,283,283,0,0.0,1,0,0.0,0.0,0.0,0.0,2,,,,,0,0.22547069643240797,0.048252048603845785,cc_n_cells_e1=7.25e+04 (+0.20); cc_n_celltypes_total=1 (+0.07); cc_n_cells_e2=446 (+0.05),novel
850,NCAM2,AC_like_tumor,IDH_WT,tumor,0.0,0.0,0.0,0.0,,,0.0,0.0,0.0,0.0,,0.0,2.0,0.0,0.0,0.0,0.0,0.0,0.0,,0.0,0.0,0.0,0.0,,5,0,1,1,1,72549,446,64812,108,108,0,0.0,0,0,0.0,0.0,0.0,0.0,2,,,,,0,0.22547069643240797,0.048252048603845785,cc_n_cells_e1=7.25e+04 (+0.20); cc_n_celltypes_total=1 (+0.07); cc_n_cells_e2=446 (+0.05),novel
851,SORL1,OPC_GABA_like_tumor,IDH_WT,tumor,1.0,-2.095248528363715,2.095248528363715,7.077334313600507,0.079,0.133,-0.054000000000000006,-1.0,1.0,1.0,-2.7243142298484098,1.0,3.0,0.0,0.0,0.0,0.0,0.0,0.0,,0.0,0.0,0.0,0.0,,14,0,1,1,1,6741,14114,5040,1935,1935,0,-0.0,0,0,0.0,0.0,0.0,0.0,2,,,,,0,0.22535608295307843,0.0737538381341946,cc_edges_total=14 (+0.42); cc_n_cells_e1=6.74e+03 (+0.21); cc_n_celltypes_total=1 (+0.11),novel
852,PCDHGC3,AC_like_tumor,IDH_WT,tumor,0.0,0.0,0.0,0.0,,,0.0,0.0,0.0,0.0,,0.0,3.0,0.0,0.0,0.0,0.0,0.0,0.0,,0.0,0.0,0.0,0.0,,2,1,1,1,1,72549,446,64812,108,108,0,0.0,0,0,0.0,0.0,0.0,0.0,2,,,,,0,0.225339402279861,0.054066270301838484,cc_n_cells_e1=7.25e+04 (+0.19); cc_n_celltypes_total=1 (+0.07); cc_n_cells_e2=446 (+0.05),novel
853,SLITRK2,TAM1/TAM2/microglia,IDH_WT,TAM_microglia,0.0,0.0,0.0,0.0,,,0.0,0.0,0.0,0.0,,0.0,2.0,0.0,0.0,0.0,0.0,0.0,0.0,,0.0,0.0,0.0,0.0,,1,1,0,1,1,12086,25922,9696,2745,2745,0,0.0,0,0,0.0,0.0,0.0,0.0,2,,,,,0,0.22527763462168413,0.05840513308937973,cc_n_cells_e1=1.21e+04 (+0.20); cc_n_celltypes_total=1 (+0.05); deg_pooled_log2fc=nan (+0.02),novel
854,TGFBR2,AC_like_tumor,IDH_Mutant,tumor,0.0,0.0,0.0,0.0,,,0.0,0.0,0.0,0.0,,0.0,2.0,0.0,0.0,0.0,0.0,0.0,0.0,,0.0,0.0,0.0,0.0,,4,0,1,1,1,72549,446,4249,283,283,0,0.0,1,0,0.0,0.0,0.0,0.0,2,,,,,0,0.2250732328481267,0.030644565415408206,cc_n_cells_e1=7.25e+04 (+0.20); cc_n_celltypes_total=1 (+0.07); cc_n_cells_e2=446 (+0.05),novel
855,CD44,cycling_tumor,IDH_WT,tumor,1.0,-3.681574892229917,3.681574892229917,7.900324204016451,0.044,0.139,-0.09500000000000001,-1.0,0.0,0.0,-3.838968159960016,1.0,4.0,0.0,0.0,0.0,0.0,0.0,0.0,,0.0,0.0,0.0,0.0,,48,0,1,4,1,6410,814,5847,663,663,0,-0.0,0,0,1.0,1.0,2.0,0.0,2,1.0,tumor,myeloid_bridge,"Pietras et al., Cell Stem Cell 2014",1,0.22417487432676983,0.07148462861341498,cc_edges_total=48 (+1.18); llm_mention_rate=1 (+0.22); cc_n_cells_e1=6.41e+03 (+0.22),literature tier 1 (label)
856,HLA-DQB1,AC_like_tumor,IDH_WT,tumor,0.0,0.0,0.0,0.0,,,0.0,0.0,0.0,0.0,,0.0,1.0,0.0,0.0,0.0,0.0,0.0,0.0,,0.0,0.0,0.0,0.0,,6,1,0,1,2,72549,446,64812,108,108,0,0.0,0,0,0.0,0.0,0.0,0.0,2,,,,,0,0.2239495337494934,0.03482846911649432,cc_n_cells_e1=7.25e+04 (+0.22); cc_n_cells_e2=446 (+0.05); deg_n_celltypes_sig=1 (+0.05),novel
857,HLA-DQB1,OPC_GABA_AC_like_tumor,IDH_WT,tumor,0.0,0.0,0.0,0.0,,,0.0,0.0,0.0,0.0,,0.0,1.0,0.0,0.0,0.0,0.0,0.0,0.0,,0.0,0.0,0.0,0.0,,6,1,0,1,2,6202,1012,5384,171,171,0,0.0,0,0,0.0,0.0,0.0,0.0,2,,,,,0,0.2239495337494934,0.03482846911649432,cc_n_cells_e1=6.2e+03 (+0.22); deg_n_celltypes_sig=1 (+0.05); cc_n_cells_e2=1.01e+03 (+0.05),novel
858,SORT1,TAM1/TAM2/microglia,IDH_WT,TAM_microglia,1.0,0.6720279111030947,0.6720279111030947,22.752652152886284,0.195,0.114,0.081,1.0,1.0,1.0,0.9190227635249396,1.0,3.0,0.0,0.0,0.0,0.0,0.0,0.0,,0.0,0.0,0.0,0.0,,3,0,1,1,1,12086,25922,9696,2745,2745,0,0.0,0,0,0.0,0.0,0.0,0.0,2,,,,,0,0.22394018893834958,0.06012596126012087,cc_n_cells_e1=1.21e+04 (+0.19); deg_pct_e1=0.114 (+0.09); deg_pct_diff=0.081 (+0.08),novel
859,PDGFB,cycling_tumor,IDH_Mutant,tumor,0.0,0.0,0.0,0.0,,,0.0,0.0,0.0,0.0,,0.0,1.0,0.0,0.0,0.0,0.0,0.0,0.0,,0.0,0.0,0.0,0.0,,3,1,0,1,1,6410,814,270,136,136,0,0.0,1,0,0.0,0.0,0.0,0.0,2,,,,,0,0.22386793133582322,0.06436444234716354,cc_n_cells_e1=6.41e+03 (+0.19); cc_n_celltypes_total=1 (+0.08); deg_n_celltypes_sig=1 (+0.05),novel
860,TGFBR2,OPC_GABA_AC_like_tumor,IDH_Mutant,tumor,0.0,0.0,0.0,0.0,,,0.0,0.0,0.0,0.0,,0.0,2.0,0.0,0.0,0.0,0.0,0.0,0.0,,0.0,0.0,0.0,0.0,,4,0,1,1,1,6202,1012,352,742,352,0,0.0,1,0,0.0,0.0,0.0,0.0,2,,,,,0,0.2238452786326402,0.0283136764150017,cc_n_cells_e1=6.2e+03 (+0.20); cc_n_celltypes_total=1 (+0.07); cc_n_cells_e2=1.01e+03 (+0.04),novel
861,PPIA,T cell,IDH_WT,T_cell,1.0,0.4516688128334261,0.4516688128334261,13.342026310558602,0.787,0.688,0.09900000000000009,1.0,0.0,0.0,0.4357278404673268,1.0,2.0,7.0,0.0,4.0,3.0,0.1059385738305193,0.044133901422716275,0.03,1.0,3.0,7.0,7.0,0.14285714285714285,56,1,0,1,7,2662,1463,1681,1118,1118,0,0.14285714285714285,0,1,0.5,0.5,0.5,0.0,2,,,,,0,0.22384405307668973,0.08089051348311331,cc_edges_total=56 (+0.68); cc_n_partners=3 (+0.37); deg_pct_diff=0.099 (+0.15),novel
862,LRRTM3,OPC_GABA_AC_like_tumor,IDH_Mutant,tumor,0.0,0.0,0.0,0.0,,,0.0,0.0,0.0,0.0,,0.0,1.0,0.0,0.0,0.0,0.0,0.0,0.0,,0.0,0.0,0.0,0.0,,6,0,1,1,1,6202,1012,352,742,352,0,0.0,1,0,0.0,0.0,0.0,0.0,2,,,,,0,0.22345180317305294,0.027459632704923822,cc_n_cells_e1=6.2e+03 (+0.19); cc_n_celltypes_total=1 (+0.08); deg_n_celltypes_sig=1 (+0.06),novel
863,LRRTM3,AC_like_tumor,IDH_Mutant,tumor,0.0,0.0,0.0,0.0,,,0.0,0.0,0.0,0.0,,0.0,1.0,0.0,0.0,0.0,0.0,0.0,0.0,,0.0,0.0,0.0,0.0,,6,0,1,1,1,72549,446,4249,283,283,0,0.0,1,0,0.0,0.0,0.0,0.0,2,,,,,0,0.22345180317305294,0.027459632704923822,cc_n_cells_e1=7.25e+04 (+0.19); cc_n_celltypes_total=1 (+0.08); deg_n_celltypes_sig=1 (+0.06),novel
864,PDGFB,OPC_GABA_AC_like_tumor,IDH_Mutant,tumor,0.0,0.0,0.0,0.0,,,0.0,0.0,0.0,0.0,,0.0,1.0,0.0,0.0,0.0,0.0,0.0,0.0,,0.0,0.0,0.0,0.0,,3,1,0,1,1,6202,1012,352,742,352,0,0.0,1,0,0.0,0.0,0.0,0.0,2,,,,,0,0.22312235356296511,0.0651546272937351,cc_n_cells_e1=6.2e+03 (+0.19); cc_n_celltypes_total=1 (+0.08); deg_n_celltypes_sig=1 (+0.05),novel
865,LRP1,AC_like_tumor,IDH_Mutant,tumor,0.0,0.0,0.0,0.0,,,0.0,0.0,0.0,0.0,,0.0,1.0,0.0,2.0,1.0,1.0,0.0013213158667165,0.00126051260428745,0.0,1.0,1.0,0.0,2.0,0.0,7,0,1,1,4,72549,446,4249,283,283,0,0.0,1,0,0.0,0.0,0.0,0.0,2,,,,,0,0.22274659612081166,0.019780861397487692,cc_n_cells_e1=7.25e+04 (+0.21); cc_n_cells_e2=446 (+0.05); deg_n_celltypes_sig=1 (+0.03),novel
866,LRP1,cycling_tumor,IDH_Mutant,tumor,0.0,0.0,0.0,0.0,,,0.0,0.0,0.0,0.0,,0.0,1.0,0.0,1.0,1.0,0.0,0.0014757899052933,0.0014757899052933,0.0,1.0,1.0,0.0,1.0,1.0,7,0,1,1,4,6410,814,270,136,136,0,0.0,1,0,0.0,0.0,0.0,0.0,2,,,,,0,0.2225900487098143,0.019567266076623627,cc_n_cells_e1=6.41e+03 (+0.21); cc_n_cells_e2=814 (+0.05); deg_n_celltypes_sig=1 (+0.03),novel
867,GRN,TAM1/TAM2/microglia,IDH_WT,TAM_microglia,0.0,0.0,0.0,0.0,,,0.0,0.0,0.0,0.0,,0.0,1.0,2.0,0.0,1.0,1.0,0.005960292884092,0.00594661701763135,0.0,1.0,1.0,2.0,2.0,0.0,3,1,0,1,2,12086,25922,9696,2745,2745,0,0.0,0,0,0.0,0.0,0.0,0.0,2,,,,,0,0.22232252267057798,0.06451846051763216,cc_n_cells_e1=1.21e+04 (+0.21); cc_mean_prob=0.00595 (+0.06); cc_max_prob=0.00596 (+0.06),novel
868,ROBO1,OPC_GABA_AC_like_tumor,IDH_WT,tumor,0.0,0.0,0.0,0.0,,,0.0,0.0,0.0,0.0,,0.0,2.0,0.0,0.0,0.0,0.0,0.0,0.0,,0.0,0.0,0.0,0.0,,2,0,1,1,2,6202,1012,5384,171,171,0,0.0,0,0,0.0,0.0,0.0,0.0,2,,,,,0,0.22218016120567552,0.041879481593629,cc_n_cells_e1=6.2e+03 (+0.21); cc_n_cells_e2=1.01e+03 (+0.04); cc_n_celltypes_total=2 (+0.03),novel
869,ROBO1,AC_like_tumor,IDH_WT,tumor,0.0,0.0,0.0,0.0,,,0.0,0.0,0.0,0.0,,0.0,2.0,0.0,0.0,0.0,0.0,0.0,0.0,,0.0,0.0,0.0,0.0,,2,0,1,1,2,72549,446,64812,108,108,0,0.0,0,0,0.0,0.0,0.0,0.0,2,,,,,0,0.22218016120567552,0.041879481593629,cc_n_cells_e1=7.25e+04 (+0.21); cc_n_cells_e2=446 (+0.05); cc_n_celltypes_total=2 (+0.03),novel
870,GRN,cycling_tumor,IDH_WT,tumor,1.0,-0.6135540612557138,0.6135540612557138,14.200364024251824,0.43,0.207,0.223,-1.0,1.0,1.0,-0.8381617394508267,1.0,1.0,1.0,0.0,1.0,0.0,0.0010429007073132,0.0010429007073132,0.0,1.0,1.0,0.0,1.0,1.0,3,1,0,1,2,6410,814,5847,663,663,0,-1.0,0,1,0.0,0.0,0.0,0.0,2,,,,,0,0.22211777050069997,0.057878260605071404,cc_n_cells_e1=6.41e+03 (+0.20); deg_pct_diff=0.223 (+0.11); deg_pct_e1=0.207 (+0.05),novel
871,PCDHGC3,AC_like_tumor,IDH_Mutant,tumor,0.0,0.0,0.0,0.0,,,0.0,0.0,0.0,0.0,,0.0,2.0,0.0,0.0,0.0,0.0,0.0,0.0,,0.0,0.0,0.0,0.0,,2,1,1,1,1,72549,446,4249,283,283,0,0.0,1,0,0.0,0.0,0.0,0.0,2,,,,,0,0.2214899476380161,0.05334709378394573,cc_n_cells_e1=7.25e+04 (+0.19); cc_n_celltypes_total=1 (+0.07); cc_n_cells_e2=446 (+0.05),novel
872,JAM3,TAM1/TAM2/microglia,IDH_Mutant,TAM_microglia,0.0,0.0,0.0,0.0,,,0.0,0.0,0.0,0.0,,0.0,1.0,0.0,0.0,0.0,0.0,0.0,0.0,,0.0,0.0,0.0,0.0,,3,1,1,1,1,12086,25922,2106,21701,2106,0,0.0,1,0,0.0,0.0,0.0,0.0,2,,,,,0,0.22148985373842822,0.047471682357631,cc_n_cells_e1=1.21e+04 (+0.19); cc_n_celltypes_total=1 (+0.06); deg_n_celltypes_sig=1 (+0.05),novel
873,NCAM2,OPC_GABA_AC_like_tumor,IDH_Mutant,tumor,0.0,0.0,0.0,0.0,,,0.0,0.0,0.0,0.0,,0.0,2.0,0.0,0.0,0.0,0.0,0.0,0.0,,0.0,0.0,0.0,0.0,,5,0,1,1,1,6202,1012,352,742,352,0,0.0,1,0,0.0,0.0,0.0,0.0,2,,,,,0,0.22148592460292998,0.04704367764202876,cc_n_cells_e1=6.2e+03 (+0.20); cc_n_celltypes_total=1 (+0.07); cc_n_cells_e2=1.01e+03 (+0.05),novel
874,ROBO1,OPC_GABA_AC_like_tumor,IDH_Mutant,tumor,0.0,0.0,0.0,0.0,,,0.0,0.0,0.0,0.0,,0.0,3.0,0.0,0.0,0.0,0.0,0.0,0.0,,0.0,0.0,0.0,0.0,,2,0,1,1,2,6202,1012,352,742,352,0,0.0,1,0,0.0,0.0,0.0,0.0,2,,,,,0,0.22136729566726032,0.041729971394690035,cc_n_cells_e1=6.2e+03 (+0.21); cc_n_cells_e2=1.01e+03 (+0.04); cc_n_celltypes_total=2 (+0.03),novel
875,HAVCR2,cycling_tumor,IDH_Mutant,tumor,1.0,-8.033902757974692,8.033902757974692,5.449057838611597,0.0,0.256,-0.256,-1.0,0.0,0.0,,0.0,3.0,0.0,0.0,0.0,0.0,0.0,0.0,,0.0,0.0,0.0,0.0,,2,0,1,1,1,6410,814,270,136,136,0,-0.0,1,0,0.0,0.0,0.0,0.0,2,1.0,T_cell,immune_synapse,"Kim et al., Clin Cancer Res 2017",0,0.22035930327834255,0.06729568877515994,cc_n_cells_e1=6.41e+03 (+0.19); deg_pct_e1=0.256 (+0.08); deg_abs_log2fc=8.03 (+0.07),"literature gene, other compartment"
876,SORT1,TAM1/TAM2/microglia,IDH_Mutant,TAM_microglia,1.0,0.6508113762136554,0.6508113762136554,11.424311327706015,0.234,0.155,0.07900000000000001,1.0,1.0,1.0,0.9190227635249396,1.0,2.0,0.0,0.0,0.0,0.0,0.0,0.0,,0.0,0.0,0.0,0.0,,3,0,1,1,1,12086,25922,2106,21701,2106,0,0.0,1,0,0.0,0.0,0.0,0.0,2,,,,,0,0.2200971731259953,0.05965707546894208,cc_n_cells_e1=1.21e+04 (+0.19); deg_pct_diff=0.079 (+0.08); deg_pooled_log2fc=0.919 (+0.08),novel
877,ITGB8,cycling_tumor,IDH_Mutant,tumor,1.0,5.549588231393137,5.549588231393137,22.45225181148334,0.419,0.011,0.408,1.0,0.0,0.0,,0.0,2.0,0.0,1.0,1.0,0.0,0.0013090159462151,0.0013090159462151,0.0,1.0,1.0,0.0,1.0,1.0,3,0,1,1,2,6410,814,270,136,136,0,1.0,1,1,0.0,0.0,0.0,0.0,2,,,,,0,0.2197436490668328,0.05992127753937587,cc_n_cells_e1=6.41e+03 (+0.21); deg_pct_diff=0.408 (+0.12); deg_pct_e1=0.011 (+0.08),novel
878,JAM2,OPC_GABA_like_tumor,IDH_WT,tumor,1.0,0.2939359786475706,0.2939359786475706,58.72263953844598,0.335,0.135,0.2,1.0,1.0,0.0,,0.0,2.0,0.0,0.0,0.0,0.0,0.0,0.0,,0.0,0.0,0.0,0.0,,6,1,1,1,1,6741,14114,5040,1935,1935,0,0.0,0,0,0.0,0.0,0.0,0.0,2,,,,,0,0.2194613620988494,0.03138226869108453,cc_n_cells_e1=6.74e+03 (+0.20); deg_pct_diff=0.2 (+0.13); deg_pct_e1=0.135 (+0.10),novel
879,PCDHGC3,OPC_GABA_AC_like_tumor,IDH_Mutant,tumor,0.0,0.0,0.0,0.0,,,0.0,0.0,0.0,0.0,,0.0,2.0,0.0,0.0,0.0,0.0,0.0,0.0,,0.0,0.0,0.0,0.0,,2,1,1,1,1,6202,1012,352,742,352,0,0.0,1,0,0.0,0.0,0.0,0.0,2,,,,,0,0.2193832000336037,0.05480733366711498,cc_n_cells_e1=6.2e+03 (+0.19); cc_n_celltypes_total=1 (+0.07); cc_n_cells_e2=1.01e+03 (+0.04),novel
880,PTPRC,TAM1/TAM2/microglia,IDH_Mutant,TAM_microglia,0.0,0.0,0.0,0.0,,,0.0,0.0,0.0,0.0,,0.0,2.0,2.0,2.0,2.0,2.0,0.0145823282133185,0.01200059842780445,0.0,2.0,1.0,0.0,4.0,0.0,8,1,1,2,2,12086,25922,2106,21701,2106,0,0.0,1,0,0.0,0.0,0.0,0.0,2,,,,,0,0.21929164412846958,0.06090787869455516,cc_n_cells_e1=1.21e+04 (+0.23); cc_edges_e2=2 (+0.16); cc_max_prob=0.0146 (+0.04),novel
881,NCAM2,OPC_GABA_like_tumor,IDH_Mutant,tumor,1.0,-1.0657710328346646,1.0657710328346646,26.996001133225274,0.194,0.309,-0.11499999999999999,-1.0,1.0,0.0,,0.0,2.0,0.0,0.0,0.0,0.0,0.0,0.0,,0.0,0.0,0.0,0.0,,5,0,1,1,1,6741,14114,1658,11741,1658,0,-0.0,1,0,0.0,0.0,0.0,0.0,2,,,,,0,0.21888247929777366,0.03655395193789539,cc_n_cells_e1=6.74e+03 (+0.19); cc_n_celltypes_total=1 (+0.06); deg_pct_e1=0.309 (+0.02),novel
882,HLA-DRB1,OPC_GABA_like_tumor,IDH_WT,tumor,1.0,-2.102524416392644,2.102524416392644,2.8791467680297225,0.065,0.103,-0.03799999999999999,-1.0,1.0,1.0,-2.1010067905604157,1.0,3.0,0.0,0.0,0.0,0.0,0.0,0.0,,0.0,0.0,0.0,0.0,,14,1,0,1,5,6741,14114,5040,1935,1935,0,-0.0,0,0,1.0,1.0,2.0,0.0,2,,,,,0,0.21846424409501078,0.06324508522035988,cc_edges_total=14 (+0.27); llm_mention_rate=1 (+0.26); cc_n_cells_e1=6.74e+03 (+0.24),novel
883,HLA-DMA,AC_like_tumor,IDH_WT,tumor,0.0,0.0,0.0,0.0,,,0.0,0.0,0.0,0.0,,0.0,1.0,0.0,0.0,0.0,0.0,0.0,0.0,,0.0,0.0,0.0,0.0,,8,1,0,1,3,72549,446,64812,108,108,0,0.0,0,0,0.0,0.0,0.0,0.0,2,,,,,0,0.21816936863531647,0.052729480221142634,cc_n_cells_e1=7.25e+04 (+0.22); cc_n_cells_e2=446 (+0.05); deg_n_celltypes_sig=1 (+0.03),novel
884,HLA-DMA,OPC_GABA_AC_like_tumor,IDH_WT,tumor,0.0,0.0,0.0,0.0,,,0.0,0.0,0.0,0.0,,0.0,1.0,0.0,0.0,0.0,0.0,0.0,0.0,,0.0,0.0,0.0,0.0,,8,1,0,1,3,6202,1012,5384,171,171,0,0.0,0,0,0.0,0.0,0.0,0.0,2,,,,,0,0.21816936863531647,0.052729480221142634,cc_n_cells_e1=6.2e+03 (+0.22); cc_n_cells_e2=1.01e+03 (+0.05); deg_n_celltypes_sig=1 (+0.03),novel
885,PCDHGA10,AC_like_tumor,IDH_Mutant,tumor,0.0,0.0,0.0,0.0,,,0.0,0.0,0.0,0.0,,0.0,1.0,0.0,0.0,0.0,0.0,0.0,0.0,,0.0,0.0,0.0,0.0,,2,1,1,1,1,72549,446,4249,283,283,0,0.0,1,0,0.0,0.0,0.0,0.0,2,,,,,0,0.21785698299085993,0.06832973064629554,cc_n_cells_e1=7.25e+04 (+0.18); cc_n_celltypes_total=1 (+0.08); deg_n_celltypes_sig=1 (+0.05),novel
886,GRIA2,TAM1/TAM2/microglia,IDH_WT,TAM_microglia,0.0,0.0,0.0,0.0,,,0.0,0.0,0.0,0.0,,0.0,2.0,0.0,0.0,0.0,0.0,0.0,0.0,,0.0,0.0,0.0,0.0,,12,0,1,1,3,12086,25922,9696,2745,2745,0,0.0,0,0,1.0,0.5,4.5,0.5,2,1.0,tumor,neuron_tumor,"Venkatesh et al., Nature 2019; Venkataramani et al., Nature 2019",0,0.21677789538309358,0.07701924616509137,llm_ctx_mention_rate=0.5 (+0.35); llm_mention_rate=1 (+0.34); cc_n_cells_e1=1.21e+04 (+0.23),"literature gene, other compartment"
887,HLA-DPA1,OPC_GABA_AC_like_tumor,IDH_WT,tumor,1.0,-3.592023626396724,3.592023626396724,3.885823160280731,0.035,0.218,-0.183,-1.0,1.0,1.0,-2.7854179706402324,1.0,5.0,0.0,0.0,0.0,0.0,0.0,0.0,,0.0,0.0,0.0,0.0,,14,1,0,1,5,6202,1012,5384,171,171,0,-0.0,0,0,1.0,1.0,2.0,0.0,2,,,,,0,0.21648375639208228,0.05373618649975935,cc_edges_total=14 (+0.27); cc_n_cells_e1=6.2e+03 (+0.24); llm_mention_rate=1 (+0.22),novel
888,HLA-DMA,TAM1/TAM2/microglia,IDH_Mutant,TAM_microglia,1.0,-0.9004422843411573,0.9004422843411573,184.1624539878099,0.648,0.847,-0.19899999999999995,-1.0,0.0,0.0,-0.5872405186024281,1.0,2.0,4.0,0.0,2.0,2.0,0.017037430185218,0.00849364729375935,0.0,1.0,1.0,0.0,4.0,0.0,8,1,0,1,3,12086,25922,2106,21701,2106,0,-0.0,1,1,0.0,0.0,0.0,0.0,2,,,,,0,0.21585194897016202,0.06130520462953478,cc_n_cells_e1=1.21e+04 (+0.22); cc_edges_e2=2 (+0.16); cc_mean_prob=0.00849 (+0.06),novel
889,HLA-DPA1,OPC_GABA_like_tumor,IDH_WT,tumor,1.0,-2.1868810300022616,2.1868810300022616,10.241781102379683,0.071,0.134,-0.06300000000000001,-1.0,1.0,1.0,-2.044615793932649,1.0,5.0,0.0,0.0,0.0,0.0,0.0,0.0,,0.0,0.0,0.0,0.0,,14,1,0,1,5,6741,14114,5040,1935,1935,0,-0.0,0,0,1.0,1.0,2.0,0.0,2,,,,,0,0.21566411614152062,0.05371293003581605,cc_edges_total=14 (+0.27); cc_n_cells_e1=6.74e+03 (+0.24); llm_mention_rate=1 (+0.22),novel
890,PCDHGA10,OPC_GABA_AC_like_tumor,IDH_Mutant,tumor,0.0,0.0,0.0,0.0,,,0.0,0.0,0.0,0.0,,0.0,1.0,0.0,0.0,0.0,0.0,0.0,0.0,,0.0,0.0,0.0,0.0,,2,1,1,1,1,6202,1012,352,742,352,0,0.0,1,0,0.0,0.0,0.0,0.0,2,,,,,0,0.21536662193175632,0.06714670243115395,cc_n_cells_e1=6.2e+03 (+0.18); cc_n_celltypes_total=1 (+0.08); deg_n_celltypes_sig=1 (+0.05),novel
891,LRP1,OPC_GABA_AC_like_tumor,IDH_Mutant,tumor,0.0,0.0,0.0,0.0,,,0.0,0.0,0.0,0.0,,0.0,1.0,0.0,0.0,0.0,0.0,0.0,0.0,,0.0,0.0,0.0,0.0,,7,0,1,1,4,6202,1012,352,742,352,0,0.0,1,0,0.0,0.0,0.0,0.0,2,,,,,0,0.21534559374016124,0.018644735934815238,cc_n_cells_e1=6.2e+03 (+0.21); cc_n_cells_e2=1.01e+03 (+0.05); deg_n_celltypes_sig=1 (+0.04),novel
892,PDGFB,OPC_GABA_like_tumor,IDH_WT,tumor,0.0,0.0,0.0,0.0,,,0.0,0.0,0.0,0.0,,0.0,1.0,0.0,0.0,0.0,0.0,0.0,0.0,,0.0,0.0,0.0,0.0,,3,1,0,1,1,6741,14114,5040,1935,1935,0,0.0,0,0,0.0,0.0,0.0,0.0,2,,,,,0,0.21499035891422555,0.06369958534081994,cc_n_cells_e1=6.74e+03 (+0.19); cc_n_celltypes_total=1 (+0.07); deg_n_celltypes_sig=1 (+0.05),novel
893,LILRB4,cycling_tumor,IDH_Mutant,tumor,1.0,-6.44723680022447,6.44723680022447,3.3958658272093682,0.007,0.219,-0.212,-1.0,0.0,0.0,,0.0,2.0,0.0,0.0,0.0,0.0,0.0,0.0,,0.0,0.0,0.0,0.0,,4,0,1,1,1,6410,814,270,136,136,0,-0.0,1,0,0.0,0.0,0.0,0.0,2,2.0,TAM_microglia,myeloid_bridge,Myeloid checkpoint (pathway-level),0,0.21491294775227923,0.06140213526761134,cc_n_cells_e1=6.41e+03 (+0.19); deg_pct_e1=0.219 (+0.09); deg_abs_log2fc=6.45 (+0.07),"literature gene, other compartment"
894,HLA-DRB1,OPC_GABA_AC_like_tumor,IDH_Mutant,tumor,1.0,-3.609782457201693,3.609782457201693,13.083996487363262,0.032,0.182,-0.15,-1.0,1.0,1.0,-2.665883246001089,1.0,4.0,0.0,0.0,0.0,0.0,0.0,0.0,,0.0,0.0,0.0,0.0,,14,1,0,1,5,6202,1012,352,742,352,0,-0.0,1,0,1.0,1.0,2.0,0.0,2,,,,,0,0.2148089123856704,0.06178071768249399,cc_edges_total=14 (+0.27); cc_n_cells_e1=6.2e+03 (+0.24); llm_mention_rate=1 (+0.22),novel
895,APOE,OPC_GABA_AC_like_tumor,IDH_WT,tumor,1.0,-2.668709091510955,2.668709091510955,20.1000560887845,0.216,0.584,-0.368,-1.0,1.0,1.0,-2.253725601633628,1.0,6.0,3.0,0.0,0.0,3.0,0.122364695000407,0.10778539957778387,0.0,1.0,2.0,3.0,3.0,-1.0,36,1,0,1,7,6202,1012,5384,171,171,0,1.0,0,1,1.0,0.5,5.0,0.0,2,2.0,TAM_microglia,myeloid_bridge,TAM lipid program (pathway-level),0,0.21474550410080892,0.08034042851952969,cc_n_partners=2 (+0.40); cc_n_cells_e1=6.2e+03 (+0.23); llm_mention_rate=1 (+0.18),"literature gene, other compartment"
896,HLA-DRB5,OPC_GABA_like_tumor,IDH_WT,tumor,0.0,0.0,0.0,0.0,,,0.0,0.0,0.0,0.0,,0.0,2.0,0.0,0.0,0.0,0.0,0.0,0.0,,0.0,0.0,0.0,0.0,,4,1,0,1,1,6741,14114,5040,1935,1935,0,0.0,0,0,0.0,0.0,0.0,0.0,2,,,,,0,0.21411888420431655,0.021623911026881246,cc_n_cells_e1=6.74e+03 (+0.20); cc_n_celltypes_total=1 (+0.06); deg_pooled_log2fc=nan (+0.01),novel
897,HLA-DRB5,OPC_GABA_like_tumor,IDH_Mutant,tumor,0.0,0.0,0.0,0.0,,,0.0,0.0,0.0,0.0,,0.0,3.0,0.0,0.0,0.0,0.0,0.0,0.0,,0.0,0.0,0.0,0.0,,4,1,0,1,1,6741,14114,1658,11741,1658,0,0.0,1,0,0.0,0.0,0.0,0.0,2,,,,,0,0.2138113828691394,0.02193875286897605,cc_n_cells_e1=6.74e+03 (+0.20); cc_n_celltypes_total=1 (+0.06); deg_pooled_log2fc=nan (+0.01),novel
898,GPR37L1,OPC_GABA_AC_like_tumor,IDH_Mutant,tumor,0.0,0.0,0.0,0.0,,,0.0,0.0,0.0,0.0,,0.0,1.0,0.0,0.0,0.0,0.0,0.0,0.0,,0.0,0.0,0.0,0.0,,9,0,1,1,1,6202,1012,352,742,352,0,0.0,1,0,0.0,0.0,0.0,0.0,2,,,,,0,0.21380115810094188,0.041863875515257463,cc_n_cells_e1=6.2e+03 (+0.19); cc_n_celltypes_total=1 (+0.08); deg_n_celltypes_sig=1 (+0.06),novel
899,PDGFA,TAM1/TAM2/microglia,IDH_Mutant,TAM_microglia,1.0,1.8013384616413457,1.8013384616413457,18.0269292351144,0.1,0.034,0.066,1.0,1.0,1.0,1.0941414152147104,1.0,1.0,0.0,0.0,0.0,0.0,0.0,0.0,,0.0,0.0,0.0,0.0,,3,1,0,1,1,12086,25922,2106,21701,2106,0,0.0,1,0,0.0,0.0,0.0,0.0,2,,,,,0,0.21376155514224554,0.03983210379905499,cc_n_cells_e1=1.21e+04 (+0.18); deg_pct_e1=0.034 (+0.08); deg_pooled_log2fc=1.09 (+0.07),novel
900,GPR37L1,cycling_tumor,IDH_Mutant,tumor,0.0,0.0,0.0,0.0,,,0.0,0.0,0.0,0.0,,0.0,1.0,0.0,0.0,0.0,0.0,0.0,0.0,,0.0,0.0,0.0,0.0,,9,0,1,1,1,6410,814,270,136,136,0,0.0,1,0,0.0,0.0,0.0,0.0,2,,,,,0,0.21363773002855133,0.04164283459584302,cc_n_cells_e1=6.41e+03 (+0.19); cc_n_celltypes_total=1 (+0.08); deg_n_celltypes_sig=1 (+0.06),novel
901,GPR37L1,AC_like_tumor,IDH_Mutant,tumor,0.0,0.0,0.0,0.0,,,0.0,0.0,0.0,0.0,,0.0,1.0,0.0,0.0,0.0,0.0,0.0,0.0,,0.0,0.0,0.0,0.0,,9,0,1,1,1,72549,446,4249,283,283,0,0.0,1,0,0.0,0.0,0.0,0.0,2,,,,,0,0.21363773002855133,0.04164283459584302,cc_n_cells_e1=7.25e+04 (+0.19); cc_n_celltypes_total=1 (+0.08); deg_n_celltypes_sig=1 (+0.06),novel
902,COL9A1,OPC_GABA_like_tumor,IDH_WT,tumor,1.0,3.3090813573742643,3.3090813573742643,207.37671229646364,0.281,0.031,0.25,1.0,0.0,0.0,,0.0,2.0,0.0,0.0,0.0,0.0,0.0,0.0,,0.0,0.0,0.0,0.0,,5,1,0,1,1,6741,14114,5040,1935,1935,0,0.0,0,0,0.0,0.0,0.0,0.0,2,,,,,0,0.21338229289186325,0.05865500348377916,cc_n_cells_e1=6.74e+03 (+0.20); deg_pct_diff=0.25 (+0.12); deg_pct_e1=0.031 (+0.09),novel
903,TGFBR1,OPC_GABA_like_tumor,IDH_Mutant,tumor,1.0,0.7979879393682399,0.7979879393682399,7.420984590469203,0.126,0.066,0.06,1.0,1.0,1.0,0.8082512819379097,1.0,2.0,0.0,0.0,0.0,0.0,0.0,0.0,,0.0,0.0,0.0,0.0,,4,0,1,1,1,6741,14114,1658,11741,1658,0,0.0,1,0,0.0,0.0,0.0,0.0,2,,,,,0,0.213274581368437,0.0725878761319328,cc_n_cells_e1=6.74e+03 (+0.19); deg_pct_e1=0.066 (+0.10); deg_pooled_log2fc=0.808 (+0.09),novel
904,SLC1A1,T cell,IDH_Mutant,T_cell,0.0,0.0,0.0,0.0,,,0.0,0.0,0.0,0.0,,0.0,1.0,0.0,0.0,0.0,0.0,0.0,0.0,,0.0,0.0,0.0,0.0,,13,1,0,1,1,2662,1463,941,334,334,0,0.0,1,0,0.0,0.0,0.0,0.0,2,,,,,0,0.2131477913994651,0.09706269983696524,cc_edges_total=13 (+0.47); cc_n_celltypes_total=1 (+0.18); deg_n_celltypes_sig=1 (+0.11),novel
905,PDGFB,OPC_GABA_like_tumor,IDH_Mutant,tumor,0.0,0.0,0.0,0.0,,,0.0,0.0,0.0,0.0,,0.0,1.0,0.0,0.0,0.0,0.0,0.0,0.0,,0.0,0.0,0.0,0.0,,3,1,0,1,1,6741,14114,1658,11741,1658,0,0.0,1,0,0.0,0.0,0.0,0.0,2,,,,,0,0.21261645899133824,0.059383081918906594,cc_n_cells_e1=6.74e+03 (+0.19); cc_n_celltypes_total=1 (+0.07); deg_n_celltypes_sig=1 (+0.05),novel
906,C3,TAM1/TAM2/microglia,IDH_WT,TAM_microglia,1.0,0.9200044734354852,0.9200044734354852,195.78743316022954,0.808,0.543,0.265,1.0,0.0,0.0,0.6393895524981916,1.0,2.0,6.0,0.0,3.0,3.0,0.0977093082783739,0.04598645097470667,0.0,1.0,1.0,0.0,6.0,0.0,6,1,0,1,1,12086,25922,9696,2745,2745,0,0.0,0,1,0.0,0.0,0.0,0.0,2,,,,,0,0.21257830887238768,0.031950965865737396,cc_n_cells_e1=1.21e+04 (+0.20); cc_edges_e2=3 (+0.14); deg_pct_diff=0.265 (+0.13),novel
907,ITGB2,OPC_GABA_like_tumor,IDH_Mutant,tumor,0.0,0.0,0.0,0.0,,,0.0,0.0,0.0,0.0,,0.0,2.0,0.0,0.0,0.0,0.0,0.0,0.0,,0.0,0.0,0.0,0.0,,4,0,1,2,1,6741,14114,1658,11741,1658,0,0.0,1,0,0.0,0.0,0.0,0.0,2,,,,,0,0.21248687034942632,0.039168026142216275,cc_n_cells_e1=6.74e+03 (+0.20); cc_n_celltypes_total=1 (+0.06); llm_unprompted_mention_rate=0 (+0.01),novel
908,APOE,OPC_GABA_AC_like_tumor,IDH_Mutant,tumor,1.0,-2.609371925660078,2.609371925660078,55.955528044708835,0.225,0.682,-0.4570000000000001,-1.0,1.0,1.0,-2.253725601633628,1.0,5.0,3.0,0.0,0.0,3.0,0.122364695000407,0.10778539957778387,0.0,1.0,2.0,3.0,3.0,-1.0,36,1,0,1,7,6202,1012,352,742,352,0,1.0,1,1,1.0,0.5,5.0,0.0,2,2.0,TAM_microglia,myeloid_bridge,TAM lipid program (pathway-level),0,0.2124221631437419,0.0793649136929922,cc_n_partners=2 (+0.40); cc_n_cells_e1=6.2e+03 (+0.23); llm_mention_rate=1 (+0.18),"literature gene, other compartment"
909,HLA-DPA1,OPC_GABA_like_tumor,IDH_Mutant,tumor,1.0,-2.0794392844152565,2.0794392844152565,34.04359575430023,0.076,0.169,-0.09300000000000001,-1.0,1.0,1.0,-2.044615793932649,1.0,4.0,0.0,0.0,0.0,0.0,0.0,0.0,,0.0,0.0,0.0,0.0,,14,1,0,1,5,6741,14114,1658,11741,1658,0,-0.0,1,0,1.0,1.0,2.0,0.0,2,,,,,0,0.21235865735633971,0.0503270353829412,cc_edges_total=14 (+0.27); cc_n_cells_e1=6.74e+03 (+0.24); llm_mention_rate=1 (+0.22),novel
910,HLA-DMB,cycling_tumor,IDH_WT,tumor,1.0,-7.140410700892755,7.140410700892755,18.336986567521397,0.003,0.138,-0.135,-1.0,1.0,1.0,-6.1258997909701325,1.0,1.0,0.0,0.0,0.0,0.0,0.0,0.0,,0.0,0.0,0.0,0.0,,4,1,0,1,1,6410,814,5847,663,663,0,-0.0,0,0,0.0,0.0,0.0,0.0,2,,,,,0,0.21206171114550298,0.05814895190340181,cc_n_cells_e1=6.41e+03 (+0.18); cc_n_celltypes_total=1 (+0.08); deg_pct_e1=0.138 (+0.07),novel
911,ITGB2,OPC_GABA_like_tumor,IDH_WT,tumor,0.0,0.0,0.0,0.0,,,0.0,0.0,0.0,0.0,,0.0,2.0,0.0,0.0,0.0,0.0,0.0,0.0,,0.0,0.0,0.0,0.0,,4,0,1,2,1,6741,14114,5040,1935,1935,0,0.0,0,0,0.0,0.0,0.0,0.0,2,,,,,0,0.21180374232476779,0.04000445894927464,cc_n_cells_e1=6.74e+03 (+0.20); cc_n_celltypes_total=1 (+0.06); llm_unprompted_mention_rate=0 (+0.01),novel
912,HLA-DPA1,OPC_GABA_AC_like_tumor,IDH_Mutant,tumor,1.0,-2.898038598205624,2.898038598205624,10.204042220102679,0.055,0.205,-0.15,-1.0,1.0,1.0,-2.7854179706402324,1.0,4.0,0.0,0.0,0.0,0.0,0.0,0.0,,0.0,0.0,0.0,0.0,,14,1,0,1,5,6202,1012,352,742,352,0,-0.0,1,0,1.0,1.0,2.0,0.0,2,,,,,0,0.2115547728715665,0.04345795216742543,cc_edges_total=14 (+0.27); cc_n_cells_e1=6.2e+03 (+0.24); llm_mention_rate=1 (+0.22),novel
913,PCDHGC3,OPC_GABA_like_tumor,IDH_WT,tumor,1.0,2.1005042395025733,2.1005042395025733,247.05046728195472,0.421,0.075,0.346,1.0,1.0,0.0,0.5451015335846257,1.0,3.0,0.0,0.0,0.0,0.0,0.0,0.0,,0.0,0.0,0.0,0.0,,2,1,1,1,1,6741,14114,5040,1935,1935,0,0.0,0,0,0.0,0.0,0.0,0.0,2,,,,,0,0.21144445370585116,0.061140621694220736,cc_n_cells_e1=6.74e+03 (+0.18); deg_pct_diff=0.346 (+0.10); deg_pct_e1=0.075 (+0.08),novel
914,CD44,OPC_GABA_like_tumor,IDH_WT,tumor,1.0,-2.247235162422041,2.247235162422041,9.787569044410544,0.049,0.107,-0.057999999999999996,-1.0,1.0,1.0,-4.828150112039511,1.0,4.0,0.0,0.0,0.0,0.0,0.0,0.0,,0.0,0.0,0.0,0.0,,48,0,1,4,1,6741,14114,5040,1935,1935,0,-0.0,0,0,1.0,1.0,2.0,0.0,2,1.0,tumor,myeloid_bridge,"Pietras et al., Cell Stem Cell 2014",1,0.21096586384720317,0.06666010202895563,cc_edges_total=48 (+1.18); llm_mention_rate=1 (+0.24); cc_n_cells_e1=6.74e+03 (+0.22),literature tier 1 (label)
915,FPR1,AC_like_tumor,IDH_Mutant,tumor,0.0,0.0,0.0,0.0,,,0.0,0.0,0.0,0.0,,0.0,2.0,0.0,0.0,0.0,0.0,0.0,0.0,,0.0,0.0,0.0,0.0,,10,0,1,1,1,72549,446,4249,283,283,0,0.0,1,0,0.0,0.0,0.0,0.0,2,,,,,0,0.21091635264119554,0.028621337143637196,cc_n_cells_e1=7.25e+04 (+0.20); cc_n_celltypes_total=1 (+0.07); cc_n_cells_e2=446 (+0.05),novel
916,HAVCR2,AC_like_tumor,IDH_Mutant,tumor,0.0,0.0,0.0,0.0,,,0.0,0.0,0.0,0.0,,0.0,3.0,0.0,0.0,0.0,0.0,0.0,0.0,,0.0,0.0,0.0,0.0,,2,0,1,1,1,72549,446,4249,283,283,0,0.0,1,0,0.0,0.0,0.0,0.0,2,1.0,T_cell,immune_synapse,"Kim et al., Clin Cancer Res 2017",0,0.2104770339858555,0.04706659968734874,cc_n_cells_e1=7.25e+04 (+0.19); cc_n_celltypes_total=1 (+0.07); cc_n_cells_e2=446 (+0.05),"literature gene, other compartment"
917,GAS6,AC_like_tumor,IDH_Mutant,tumor,0.0,0.0,0.0,0.0,,,0.0,0.0,0.0,0.0,,0.0,2.0,0.0,0.0,0.0,0.0,0.0,0.0,,0.0,0.0,0.0,0.0,,2,1,0,1,1,72549,446,4249,283,283,0,0.0,1,0,0.0,0.0,0.0,0.0,2,,,,,0,0.21023472840505467,0.047954954106971426,cc_n_cells_e1=7.25e+04 (+0.19); cc_n_celltypes_total=1 (+0.07); cc_n_cells_e2=446 (+0.05),novel
918,CD44,T cell,IDH_WT,T_cell,1.0,-0.5177355818729936,0.5177355818729936,4.846343131158478,0.28,0.399,-0.119,-1.0,0.0,0.0,-0.5212805239261107,1.0,4.0,0.0,48.0,24.0,24.0,0.0602207357854614,0.016896345135416935,0.0,4.0,7.0,40.0,48.0,0.0,48,0,1,4,1,2662,1463,1681,1118,1118,0,-0.0,0,1,1.0,1.0,2.0,0.0,2,1.0,tumor,myeloid_bridge,"Pietras et al., Cell Stem Cell 2014",0,0.2099943966181726,0.04050781755607463,cc_edges_total=48 (+0.84); cc_n_celltypes_total=1 (+0.18); llm_mention_rate=1 (+0.16),"literature gene, other compartment"
919,HAVCR2,OPC_GABA_AC_like_tumor,IDH_Mutant,tumor,0.0,0.0,0.0,0.0,,,0.0,0.0,0.0,0.0,,0.0,3.0,0.0,0.0,0.0,0.0,0.0,0.0,,0.0,0.0,0.0,0.0,,2,0,1,1,1,6202,1012,352,742,352,0,0.0,1,0,0.0,0.0,0.0,0.0,2,1.0,T_cell,immune_synapse,"Kim et al., Clin Cancer Res 2017",0,0.20966043720178304,0.047571192507769255,cc_n_cells_e1=6.2e+03 (+0.19); cc_n_celltypes_total=1 (+0.07); cc_n_cells_e2=1.01e+03 (+0.04),"literature gene, other compartment"
920,MPZL1,AC_like_tumor,IDH_Mutant,tumor,0.0,0.0,0.0,0.0,,,0.0,0.0,0.0,0.0,,0.0,1.0,0.0,0.0,0.0,0.0,0.0,0.0,,0.0,0.0,0.0,0.0,,8,1,1,1,2,72549,446,4249,283,283,0,0.0,1,0,0.0,0.0,0.0,0.0,2,,,,,0,0.20965551303573418,0.022447006397759813,cc_n_cells_e1=7.25e+04 (+0.22); deg_n_celltypes_sig=1 (+0.05); cc_n_cells_e2=446 (+0.05),novel
921,PILRA,OPC_GABA_like_tumor,IDH_Mutant,tumor,0.0,0.0,0.0,0.0,,,0.0,0.0,0.0,0.0,,0.0,1.0,0.0,0.0,0.0,0.0,0.0,0.0,,0.0,0.0,0.0,0.0,,7,0,1,1,1,6741,14114,1658,11741,1658,0,0.0,1,0,0.0,0.0,0.0,0.0,2,,,,,0,0.20922733589281214,0.03566297412432122,cc_n_cells_e1=6.74e+03 (+0.19); cc_n_celltypes_total=1 (+0.07); deg_n_celltypes_sig=1 (+0.06),novel
922,HLA-E,OPC_GABA_AC_like_tumor,IDH_WT,tumor,0.0,0.0,0.0,0.0,,,0.0,0.0,0.0,0.0,,0.0,3.0,0.0,0.0,0.0,0.0,0.0,0.0,,0.0,0.0,0.0,0.0,,6,1,0,1,4,6202,1012,5384,171,171,0,0.0,0,0,0.0,0.0,0.0,0.0,2,,,,,0,0.20863296183691812,0.02537911004295477,cc_n_cells_e1=6.2e+03 (+0.23); cc_n_cells_e2=1.01e+03 (+0.05); cc_n_celltypes_total=4 (+0.03),novel
923,FPR1,OPC_GABA_AC_like_tumor,IDH_Mutant,tumor,0.0,0.0,0.0,0.0,,,0.0,0.0,0.0,0.0,,0.0,2.0,0.0,0.0,0.0,0.0,0.0,0.0,,0.0,0.0,0.0,0.0,,10,0,1,1,1,6202,1012,352,742,352,0,0.0,1,0,0.0,0.0,0.0,0.0,2,,,,,0,0.20831793114147895,0.02681099056422621,cc_n_cells_e1=6.2e+03 (+0.20); cc_n_celltypes_total=1 (+0.07); cc_n_cells_e2=1.01e+03 (+0.05),novel
924,MPZL1,OPC_GABA_AC_like_tumor,IDH_Mutant,tumor,0.0,0.0,0.0,0.0,,,0.0,0.0,0.0,0.0,,0.0,1.0,0.0,0.0,0.0,0.0,0.0,0.0,,0.0,0.0,0.0,0.0,,8,1,1,1,2,6202,1012,352,742,352,0,0.0,1,0,0.0,0.0,0.0,0.0,2,,,,,0,0.20811404949211285,0.023049859243417223,cc_n_cells_e1=6.2e+03 (+0.22); deg_n_celltypes_sig=1 (+0.05); cc_n_cells_e2=1.01e+03 (+0.05),novel
925,CD44,T cell,IDH_Mutant,T_cell,0.0,0.0,0.0,0.0,,,0.0,0.0,0.0,0.0,,0.0,1.0,0.0,48.0,24.0,24.0,0.0602207357854614,0.016896345135416935,0.0,4.0,7.0,40.0,48.0,0.0,48,0,1,4,1,2662,1463,941,334,334,0,0.0,1,0,1.0,1.0,2.0,0.0,2,1.0,tumor,myeloid_bridge,"Pietras et al., Cell Stem Cell 2014",0,0.20810743259632475,0.05425640598917124,cc_edges_total=48 (+0.80); llm_mention_rate=1 (+0.19); cc_n_celltypes_total=1 (+0.19),"literature gene, other compartment"
926,PCDHGA10,OPC_GABA_like_tumor,IDH_WT,tumor,1.0,0.840786297737504,0.840786297737504,72.55478677722016,0.252,0.078,0.174,1.0,0.0,0.0,0.8608372392302766,1.0,2.0,1.0,1.0,2.0,0.0,0.0020400387040252,0.0020400387040252,0.0,1.0,1.0,0.0,2.0,1.0,2,1,1,1,1,6741,14114,5040,1935,1935,0,1.0,0,1,0.0,0.0,0.0,0.0,2,,,,,0,0.208021709479029,0.07146524887671259,cc_n_cells_e1=6.74e+03 (+0.19); cc_edges_e2=2 (+0.14); deg_pct_diff=0.174 (+0.10),novel
927,HLA-E,AC_like_tumor,IDH_WT,tumor,0.0,0.0,0.0,0.0,,,0.0,0.0,0.0,0.0,,0.0,3.0,0.0,0.0,0.0,0.0,0.0,0.0,,0.0,0.0,0.0,0.0,,6,1,0,1,4,72549,446,64812,108,108,0,0.0,0,0,0.0,0.0,0.0,0.0,2,,,,,0,0.20785780298157502,0.024552204250493325,cc_n_cells_e1=7.25e+04 (+0.23); cc_n_cells_e2=446 (+0.05); cc_n_celltypes_total=4 (+0.03),novel
928,HLA-DMB,AC_like_tumor,IDH_Mutant,tumor,0.0,0.0,0.0,0.0,,,0.0,0.0,0.0,0.0,,0.0,2.0,0.0,0.0,0.0,0.0,0.0,0.0,,0.0,0.0,0.0,0.0,,4,1,0,1,1,72549,446,4249,283,283,0,0.0,1,0,0.0,0.0,0.0,0.0,2,,,,,0,0.20784105548323364,0.038554079228040126,cc_n_cells_e1=7.25e+04 (+0.20); cc_n_celltypes_total=1 (+0.07); cc_n_cells_e2=446 (+0.05),novel
929,SORT1,OPC_GABA_AC_like_tumor,IDH_WT,tumor,0.0,0.0,0.0,0.0,,,0.0,0.0,0.0,0.0,,0.0,3.0,0.0,0.0,0.0,0.0,0.0,0.0,,0.0,0.0,0.0,0.0,,3,0,1,1,1,6202,1012,5384,171,171,0,0.0,0,0,0.0,0.0,0.0,0.0,2,,,,,0,0.20658290977399818,0.038701921736798206,cc_n_cells_e1=6.2e+03 (+0.20); cc_n_celltypes_total=1 (+0.07); cc_n_cells_e2=1.01e+03 (+0.04),novel
930,SORT1,AC_like_tumor,IDH_WT,tumor,0.0,0.0,0.0,0.0,,,0.0,0.0,0.0,0.0,,0.0,3.0,0.0,0.0,0.0,0.0,0.0,0.0,,0.0,0.0,0.0,0.0,,3,0,1,1,1,72549,446,64812,108,108,0,0.0,0,0,0.0,0.0,0.0,0.0,2,,,,,0,0.20658290977399818,0.038701921736798206,cc_n_cells_e1=7.25e+04 (+0.20); cc_n_celltypes_total=1 (+0.07); cc_n_cells_e2=446 (+0.05),novel
931,HLA-DQA1,AC_like_tumor,IDH_Mutant,tumor,0.0,0.0,0.0,0.0,,,0.0,0.0,0.0,0.0,,0.0,2.0,0.0,0.0,0.0,0.0,0.0,0.0,,0.0,0.0,0.0,0.0,,4,1,0,1,1,72549,446,4249,283,283,0,0.0,1,0,0.0,0.0,0.0,0.0,2,,,,,0,0.20621177215400577,0.041452894973115904,cc_n_cells_e1=7.25e+04 (+0.20); cc_n_celltypes_total=1 (+0.07); cc_n_cells_e2=446 (+0.05),novel
932,HLA-DQA1,cycling_tumor,IDH_Mutant,tumor,0.0,0.0,0.0,0.0,,,0.0,0.0,0.0,0.0,,0.0,2.0,0.0,0.0,0.0,0.0,0.0,0.0,,0.0,0.0,0.0,0.0,,4,1,0,1,1,6410,814,270,136,136,0,0.0,1,0,0.0,0.0,0.0,0.0,2,,,,,0,0.20621177215400577,0.041452894973115904,cc_n_cells_e1=6.41e+03 (+0.20); cc_n_celltypes_total=1 (+0.07); cc_n_cells_e2=814 (+0.05),novel
933,HLA-DQA1,AC_like_tumor,IDH_WT,tumor,0.0,0.0,0.0,0.0,,,0.0,0.0,0.0,0.0,,0.0,2.0,0.0,0.0,0.0,0.0,0.0,0.0,,0.0,0.0,0.0,0.0,,4,1,0,1,1,72549,446,64812,108,108,0,0.0,0,0,0.0,0.0,0.0,0.0,2,,,,,0,0.20621177215400577,0.041452894973115904,cc_n_cells_e1=7.25e+04 (+0.20); cc_n_celltypes_total=1 (+0.07); cc_n_cells_e2=446 (+0.05),novel
934,HLA-DQA1,OPC_GABA_AC_like_tumor,IDH_WT,tumor,0.0,0.0,0.0,0.0,,,0.0,0.0,0.0,0.0,,0.0,2.0,0.0,0.0,0.0,0.0,0.0,0.0,,0.0,0.0,0.0,0.0,,4,1,0,1,1,6202,1012,5384,171,171,0,0.0,0,0,0.0,0.0,0.0,0.0,2,,,,,0,0.20621177215400577,0.041452894973115904,cc_n_cells_e1=6.2e+03 (+0.20); cc_n_celltypes_total=1 (+0.07); cc_n_cells_e2=1.01e+03 (+0.04),novel
935,ANXA1,OPC_GABA_AC_like_tumor,IDH_Mutant,tumor,0.0,0.0,0.0,0.0,,,0.0,0.0,0.0,0.0,,0.0,3.0,0.0,0.0,0.0,0.0,0.0,0.0,,0.0,0.0,0.0,0.0,,10,1,0,1,4,6202,1012,352,742,352,0,0.0,1,0,0.0,0.0,0.0,0.0,2,,,,,0,0.20614915980993498,0.03427368715368201,cc_n_cells_e1=6.2e+03 (+0.23); cc_n_cells_e2=1.01e+03 (+0.05); cc_n_celltypes_total=4 (+0.03),novel
936,PSAP,AC_like_tumor,IDH_WT,tumor,0.0,0.0,0.0,0.0,,,0.0,0.0,0.0,0.0,,0.0,0.0,2.0,0.0,1.0,1.0,0.0021302161985696,0.0018567956874288999,0.0,1.0,1.0,0.0,2.0,0.0,9,1,0,1,5,72549,446,64812,108,108,0,0.0,0,0,0.0,0.0,0.0,0.0,2,,,,,0,0.20600285987553332,0.08002856678267753,deg_n_celltypes_sig=0 (+0.41); cc_n_cells_e1=7.25e+04 (+0.22); cc_n_cells_e2=446 (+0.03),novel
937,TGFB1,TAM1/TAM2/microglia,IDH_WT,TAM_microglia,0.0,0.0,0.0,0.0,,,0.0,0.0,0.0,0.0,,0.0,0.0,4.0,0.0,2.0,2.0,0.0050238491740621,0.003124057670555575,0.0,1.0,1.0,0.0,4.0,0.0,4,1,0,1,1,12086,25922,9696,2745,2745,0,0.0,0,0,0.0,0.0,0.0,0.0,2,2.0,"tumor,TAM_microglia",immune_synapse,Immunosuppressive cytokine (pathway-level),1,0.20559237603455366,0.03568967678379049,deg_n_celltypes_sig=0 (+0.63); cc_n_cells_e1=1.21e+04 (+0.20); cc_edges_e2=2 (+0.14),literature tier 2 (label)
938,GAS6,OPC_GABA_AC_like_tumor,IDH_Mutant,tumor,0.0,0.0,0.0,0.0,,,0.0,0.0,0.0,0.0,,0.0,2.0,0.0,0.0,0.0,0.0,0.0,0.0,,0.0,0.0,0.0,0.0,,2,1,0,1,1,6202,1012,352,742,352,0,0.0,1,0,0.0,0.0,0.0,0.0,2,,,,,0,0.2053928753521091,0.04875005936645564,cc_n_cells_e1=6.2e+03 (+0.19); cc_n_celltypes_total=1 (+0.07); cc_n_cells_e2=1.01e+03 (+0.04),novel
939,C3,OPC_GABA_AC_like_tumor,IDH_WT,tumor,0.0,0.0,0.0,0.0,,,0.0,0.0,0.0,0.0,,0.0,2.0,0.0,0.0,0.0,0.0,0.0,0.0,,0.0,0.0,0.0,0.0,,6,1,0,1,1,6202,1012,5384,171,171,0,0.0,0,0,0.0,0.0,0.0,0.0,2,,,,,0,0.20482009011708327,0.026730954434812767,cc_n_cells_e1=6.2e+03 (+0.20); cc_n_celltypes_total=1 (+0.07); cc_n_cells_e2=1.01e+03 (+0.05),novel
940,C3,AC_like_tumor,IDH_Mutant,tumor,0.0,0.0,0.0,0.0,,,0.0,0.0,0.0,0.0,,0.0,2.0,0.0,0.0,0.0,0.0,0.0,0.0,,0.0,0.0,0.0,0.0,,6,1,0,1,1,72549,446,4249,283,283,0,0.0,1,0,0.0,0.0,0.0,0.0,2,,,,,0,0.20482009011708327,0.026730954434812767,cc_n_cells_e1=7.25e+04 (+0.20); cc_n_celltypes_total=1 (+0.07); cc_n_cells_e2=446 (+0.05),novel
941,C3,AC_like_tumor,IDH_WT,tumor,0.0,0.0,0.0,0.0,,,0.0,0.0,0.0,0.0,,0.0,2.0,0.0,0.0,0.0,0.0,0.0,0.0,,0.0,0.0,0.0,0.0,,6,1,0,1,1,72549,446,64812,108,108,0,0.0,0,0,0.0,0.0,0.0,0.0,2,,,,,0,0.20482009011708327,0.026730954434812767,cc_n_cells_e1=7.25e+04 (+0.20); cc_n_celltypes_total=1 (+0.07); cc_n_cells_e2=446 (+0.05),novel
942,PCDHGC3,TAM1/TAM2/microglia,IDH_WT,TAM_microglia,0.0,0.0,0.0,0.0,,,0.0,0.0,0.0,0.0,,0.0,3.0,0.0,0.0,0.0,0.0,0.0,0.0,,0.0,0.0,0.0,0.0,,2,1,1,1,1,12086,25922,9696,2745,2745,0,0.0,0,0,0.0,0.0,0.0,0.0,2,,,,,0,0.20475794347367055,0.05117515192625977,cc_n_cells_e1=1.21e+04 (+0.19); cc_n_celltypes_total=1 (+0.05); deg_pooled_log2fc=nan (+0.02),novel
943,HLA-DMB,OPC_GABA_AC_like_tumor,IDH_Mutant,tumor,0.0,0.0,0.0,0.0,,,0.0,0.0,0.0,0.0,,0.0,2.0,0.0,0.0,0.0,0.0,0.0,0.0,,0.0,0.0,0.0,0.0,,4,1,0,1,1,6202,1012,352,742,352,0,0.0,1,0,0.0,0.0,0.0,0.0,2,,,,,0,0.20447751476034215,0.03763408007014883,cc_n_cells_e1=6.2e+03 (+0.20); cc_n_celltypes_total=1 (+0.07); cc_n_cells_e2=1.01e+03 (+0.04),novel
944,ANXA1,AC_like_tumor,IDH_Mutant,tumor,0.0,0.0,0.0,0.0,,,0.0,0.0,0.0,0.0,,0.0,3.0,2.0,0.0,0.0,2.0,0.0059288892579909,0.0052353810136908,0.0,1.0,1.0,2.0,2.0,-1.0,10,1,0,1,4,72549,446,4249,283,283,0,-0.0,1,0,0.0,0.0,0.0,0.0,2,,,,,0,0.20420307703118407,0.026037752698187654,cc_n_cells_e1=7.25e+04 (+0.22); cc_max_prob=0.00593 (+0.06); cc_mean_prob=0.00524 (+0.06),novel
945,ANXA1,cycling_tumor,IDH_Mutant,tumor,0.0,0.0,0.0,0.0,,,0.0,0.0,0.0,0.0,,0.0,3.0,2.0,0.0,0.0,2.0,0.005857065867727,0.00517192095952055,0.0,1.0,1.0,2.0,2.0,-1.0,10,1,0,1,4,6410,814,270,136,136,0,-0.0,1,0,0.0,0.0,0.0,0.0,2,,,,,0,0.20420307703118407,0.026037752698187654,cc_n_cells_e1=6.41e+03 (+0.22); cc_max_prob=0.00586 (+0.06); cc_mean_prob=0.00517 (+0.06),novel
946,HLA-DQB1,OPC_GABA_like_tumor,IDH_WT,tumor,0.0,0.0,0.0,0.0,,,0.0,0.0,0.0,0.0,,0.0,1.0,0.0,0.0,0.0,0.0,0.0,0.0,,0.0,0.0,0.0,0.0,,6,1,0,1,2,6741,14114,5040,1935,1935,0,0.0,0,0,0.0,0.0,0.0,0.0,2,,,,,0,0.20407578401647947,0.03545032316575306,cc_n_cells_e1=6.74e+03 (+0.22); deg_n_celltypes_sig=1 (+0.05); cc_n_celltypes_total=2 (+0.02),novel
947,PSAP,OPC_GABA_AC_like_tumor,IDH_WT,tumor,0.0,0.0,0.0,0.0,,,0.0,0.0,0.0,0.0,,0.0,0.0,0.0,0.0,0.0,0.0,0.0,0.0,,0.0,0.0,0.0,0.0,,9,1,0,1,5,6202,1012,5384,171,171,0,0.0,0,0,0.0,0.0,0.0,0.0,2,,,,,0,0.2038922901015184,0.07724386183965515,deg_n_celltypes_sig=0 (+0.42); cc_n_cells_e1=6.2e+03 (+0.22); cc_n_cells_e2=1.01e+03 (+0.03),novel
948,TGFBR2,OPC_GABA_like_tumor,IDH_Mutant,tumor,0.0,0.0,0.0,0.0,,,0.0,0.0,0.0,0.0,,0.0,2.0,0.0,0.0,0.0,0.0,0.0,0.0,,0.0,0.0,0.0,0.0,,4,0,1,1,1,6741,14114,1658,11741,1658,0,0.0,1,0,0.0,0.0,0.0,0.0,2,,,,,0,0.20387121787684034,0.03337942763062029,cc_n_cells_e1=6.74e+03 (+0.20); cc_n_celltypes_total=1 (+0.06); llm_unprompted_mention_rate=0 (+0.01),novel
949,HLA-DQA1,OPC_GABA_AC_like_tumor,IDH_Mutant,tumor,0.0,0.0,0.0,0.0,,,0.0,0.0,0.0,0.0,,0.0,2.0,0.0,0.0,0.0,0.0,0.0,0.0,,0.0,0.0,0.0,0.0,,4,1,0,1,1,6202,1012,352,742,352,0,0.0,1,0,0.0,0.0,0.0,0.0,2,,,,,0,0.2038369648756942,0.04036678703550327,cc_n_cells_e1=6.2e+03 (+0.20); cc_n_celltypes_total=1 (+0.07); cc_n_cells_e2=1.01e+03 (+0.04),novel
950,HLA-DRB1,OPC_GABA_like_tumor,IDH_Mutant,tumor,1.0,-2.321572108689232,2.321572108689232,62.50989822527345,0.053,0.166,-0.11300000000000002,-1.0,1.0,1.0,-2.1010067905604157,1.0,4.0,0.0,0.0,0.0,0.0,0.0,0.0,,0.0,0.0,0.0,0.0,,14,1,0,1,5,6741,14114,1658,11741,1658,0,-0.0,1,0,1.0,1.0,2.0,0.0,2,,,,,0,0.20368063067141517,0.060566372453362806,cc_edges_total=14 (+0.27); cc_n_cells_e1=6.74e+03 (+0.24); llm_mention_rate=1 (+0.22),novel
951,JAM2,OPC_GABA_AC_like_tumor,IDH_WT,tumor,0.0,0.0,0.0,0.0,,,0.0,0.0,0.0,0.0,,0.0,2.0,0.0,0.0,0.0,0.0,0.0,0.0,,0.0,0.0,0.0,0.0,,6,1,1,1,1,6202,1012,5384,171,171,0,0.0,0,0,0.0,0.0,0.0,0.0,2,,,,,0,0.20333353784575853,0.04136971506051821,cc_n_cells_e1=6.2e+03 (+0.20); cc_n_celltypes_total=1 (+0.07); cc_n_cells_e2=1.01e+03 (+0.05),novel
952,JAM2,AC_like_tumor,IDH_WT,tumor,0.0,0.0,0.0,0.0,,,0.0,0.0,0.0,0.0,,0.0,2.0,0.0,0.0,0.0,0.0,0.0,0.0,,0.0,0.0,0.0,0.0,,6,1,1,1,1,72549,446,64812,108,108,0,0.0,0,0,0.0,0.0,0.0,0.0,2,,,,,0,0.20268683031030857,0.04167105897084008,cc_n_cells_e1=7.25e+04 (+0.20); cc_n_celltypes_total=1 (+0.07); cc_n_cells_e2=446 (+0.05),novel
953,ITGAX,OPC_GABA_AC_like_tumor,IDH_WT,tumor,0.0,0.0,0.0,0.0,,,0.0,0.0,0.0,0.0,,0.0,1.0,0.0,0.0,0.0,0.0,0.0,0.0,,0.0,0.0,0.0,0.0,,4,0,1,2,1,6202,1012,5384,171,171,0,0.0,0,0,0.0,0.0,0.0,0.0,2,,,,,0,0.20247988744265477,0.06679710948054284,cc_n_cells_e1=6.2e+03 (+0.19); cc_n_celltypes_total=1 (+0.08); deg_n_celltypes_sig=1 (+0.05),novel
954,ITGAX,AC_like_tumor,IDH_WT,tumor,0.0,0.0,0.0,0.0,,,0.0,0.0,0.0,0.0,,0.0,1.0,0.0,0.0,0.0,0.0,0.0,0.0,,0.0,0.0,0.0,0.0,,4,0,1,2,1,72549,446,64812,108,108,0,0.0,0,0,0.0,0.0,0.0,0.0,2,,,,,0,0.20247988744265477,0.06679710948054284,cc_n_cells_e1=7.25e+04 (+0.19); cc_n_celltypes_total=1 (+0.08); cc_n_cells_e2=446 (+0.05),novel
955,C3AR1,cycling_tumor,IDH_Mutant,tumor,1.0,-4.2010625640353165,4.2010625640353165,3.7295459675818354,0.037,0.274,-0.23700000000000002,-1.0,0.0,0.0,,0.0,2.0,0.0,0.0,0.0,0.0,0.0,0.0,,0.0,0.0,0.0,0.0,,4,0,1,1,1,6410,814,270,136,136,0,-0.0,1,0,0.0,0.0,0.0,0.0,2,,,,,0,0.20210582545716127,0.062125612338055775,cc_n_cells_e1=6.41e+03 (+0.19); deg_pct_e1=0.274 (+0.09); cc_n_celltypes_total=1 (+0.07),novel
956,CD44,TAM1/TAM2/microglia,IDH_WT,TAM_microglia,1.0,-1.2385395206382168,1.2385395206382168,40.20401467498641,0.15,0.275,-0.12500000000000003,-1.0,0.0,0.0,-3.14422938584434,1.0,4.0,0.0,0.0,0.0,0.0,0.0,0.0,,0.0,0.0,0.0,0.0,,48,0,1,4,1,12086,25922,9696,2745,2745,0,-0.0,0,0,1.0,1.0,2.0,0.0,2,1.0,tumor,myeloid_bridge,"Pietras et al., Cell Stem Cell 2014",0,0.20207271744589456,0.06079517295261457,cc_edges_total=48 (+1.18); llm_mention_rate=1 (+0.22); cc_n_cells_e1=1.21e+04 (+0.22),"literature gene, other compartment"
957,APP,T cell,IDH_Mutant,T_cell,0.0,0.0,0.0,0.0,,,0.0,0.0,0.0,0.0,,0.0,3.0,0.0,0.0,0.0,0.0,0.0,0.0,,0.0,0.0,0.0,0.0,,78,1,0,1,4,2662,1463,941,334,334,0,0.0,1,0,0.0,0.0,0.0,0.0,2,,,,,0,0.20174019005215413,0.0863393849755777,cc_edges_total=78 (+1.03); llm_unprompted_mention_rate=0 (+0.02); cc_mean_prob=0 (+0.01),novel
958,JAM2,AC_like_tumor,IDH_Mutant,tumor,0.0,0.0,0.0,0.0,,,0.0,0.0,0.0,0.0,,0.0,2.0,0.0,0.0,0.0,0.0,0.0,0.0,,0.0,0.0,0.0,0.0,,6,1,1,1,1,72549,446,4249,283,283,0,0.0,1,0,0.0,0.0,0.0,0.0,2,,,,,0,0.2015705525981184,0.04149920592052627,cc_n_cells_e1=7.25e+04 (+0.20); cc_n_celltypes_total=1 (+0.07); cc_n_cells_e2=446 (+0.05),novel
959,P4HB,OPC_GABA_AC_like_tumor,IDH_WT,tumor,0.0,0.0,0.0,0.0,,,0.0,0.0,0.0,0.0,,0.0,2.0,0.0,0.0,0.0,0.0,0.0,0.0,,0.0,0.0,0.0,0.0,,5,0,1,1,3,6202,1012,5384,171,171,0,0.0,0,0,0.0,0.0,0.0,0.0,2,,,,,0,0.20145737043801862,0.03369451637030887,cc_n_cells_e1=6.2e+03 (+0.22); cc_n_cells_e2=1.01e+03 (+0.05); cc_n_celltypes_total=3 (+0.03),novel
960,PSAP,cycling_tumor,IDH_WT,tumor,0.0,0.0,0.0,0.0,,,0.0,0.0,0.0,0.0,,0.0,0.0,2.0,0.0,1.0,1.0,0.0023740659443612,0.0017510849844291,0.0,1.0,1.0,0.0,2.0,0.0,9,1,0,1,5,6410,814,5847,663,663,0,0.0,0,0,0.0,0.0,0.0,0.0,2,,,,,0,0.20139641550158377,0.07878660217410369,deg_n_celltypes_sig=0 (+0.41); cc_n_cells_e1=6.41e+03 (+0.22); cc_n_cells_e2=814 (+0.03),novel
961,ITGAX,cycling_tumor,IDH_WT,tumor,0.0,0.0,0.0,0.0,,,0.0,0.0,0.0,0.0,,0.0,1.0,0.0,0.0,0.0,0.0,0.0,0.0,,0.0,0.0,0.0,0.0,,4,0,1,2,1,6410,814,5847,663,663,0,0.0,0,0,0.0,0.0,0.0,0.0,2,,,,,0,0.20120841860207897,0.06743635426435987,cc_n_cells_e1=6.41e+03 (+0.19); cc_n_celltypes_total=1 (+0.08); cc_n_cells_e2=814 (+0.05),novel
962,DLL1,AC_like_tumor,IDH_WT,tumor,0.0,0.0,0.0,0.0,,,0.0,0.0,0.0,0.0,,0.0,2.0,0.0,0.0,0.0,0.0,0.0,0.0,,0.0,0.0,0.0,0.0,,4,1,0,1,2,72549,446,64812,108,108,0,0.0,0,0,0.0,0.0,0.0,0.0,2,,,,,0,0.200995928156866,0.029022955860588315,cc_n_cells_e1=7.25e+04 (+0.23); cc_n_cells_e2=446 (+0.05); cc_n_celltypes_total=2 (+0.03),novel
963,DLL1,OPC_GABA_AC_like_tumor,IDH_WT,tumor,0.0,0.0,0.0,0.0,,,0.0,0.0,0.0,0.0,,0.0,2.0,0.0,0.0,0.0,0.0,0.0,0.0,,0.0,0.0,0.0,0.0,,4,1,0,1,2,6202,1012,5384,171,171,0,0.0,0,0,0.0,0.0,0.0,0.0,2,,,,,0,0.200995928156866,0.029022955860588315,cc_n_cells_e1=6.2e+03 (+0.23); cc_n_cells_e2=1.01e+03 (+0.04); cc_n_celltypes_total=2 (+0.03),novel
964,JAM2,OPC_GABA_AC_like_tumor,IDH_Mutant,tumor,0.0,0.0,0.0,0.0,,,0.0,0.0,0.0,0.0,,0.0,2.0,0.0,0.0,0.0,0.0,0.0,0.0,,0.0,0.0,0.0,0.0,,6,1,1,1,1,6202,1012,352,742,352,0,0.0,1,0,0.0,0.0,0.0,0.0,2,,,,,0,0.20095962986218496,0.04321487768385168,cc_n_cells_e1=6.2e+03 (+0.20); cc_n_celltypes_total=1 (+0.07); cc_n_cells_e2=1.01e+03 (+0.05),novel
965,P4HB,AC_like_tumor,IDH_WT,tumor,0.0,0.0,0.0,0.0,,,0.0,0.0,0.0,0.0,,0.0,2.0,0.0,0.0,0.0,0.0,0.0,0.0,,0.0,0.0,0.0,0.0,,5,0,1,1,3,72549,446,64812,108,108,0,0.0,0,0,0.0,0.0,0.0,0.0,2,,,,,0,0.200823060044873,0.034105930596479324,cc_n_cells_e1=7.25e+04 (+0.22); cc_n_cells_e2=446 (+0.05); cc_n_celltypes_total=3 (+0.03),novel
966,DLL1,OPC_GABA_AC_like_tumor,IDH_Mutant,tumor,0.0,0.0,0.0,0.0,,,0.0,0.0,0.0,0.0,,0.0,3.0,0.0,0.0,0.0,0.0,0.0,0.0,,0.0,0.0,0.0,0.0,,4,1,0,1,2,6202,1012,352,742,352,0,0.0,1,0,0.0,0.0,0.0,0.0,2,,,,,0,0.200736688961174,0.02968165340176879,cc_n_cells_e1=6.2e+03 (+0.23); cc_n_cells_e2=1.01e+03 (+0.04); cc_n_celltypes_total=2 (+0.03),novel
967,SORT1,OPC_GABA_AC_like_tumor,IDH_Mutant,tumor,0.0,0.0,0.0,0.0,,,0.0,0.0,0.0,0.0,,0.0,2.0,0.0,0.0,0.0,0.0,0.0,0.0,,0.0,0.0,0.0,0.0,,3,0,1,1,1,6202,1012,352,742,352,0,0.0,1,0,0.0,0.0,0.0,0.0,2,,,,,0,0.20072197841360878,0.03584874786800007,cc_n_cells_e1=6.2e+03 (+0.20); cc_n_celltypes_total=1 (+0.07); cc_n_cells_e2=1.01e+03 (+0.04),novel
968,SORT1,AC_like_tumor,IDH_Mutant,tumor,0.0,0.0,0.0,0.0,,,0.0,0.0,0.0,0.0,,0.0,2.0,0.0,0.0,0.0,0.0,0.0,0.0,,0.0,0.0,0.0,0.0,,3,0,1,1,1,72549,446,4249,283,283,0,0.0,1,0,0.0,0.0,0.0,0.0,2,,,,,0,0.20072197841360878,0.03584874786800007,cc_n_cells_e1=7.25e+04 (+0.20); cc_n_celltypes_total=1 (+0.07); cc_n_cells_e2=446 (+0.05),novel
969,PCDHGC3,TAM1/TAM2/microglia,IDH_Mutant,TAM_microglia,0.0,0.0,0.0,0.0,,,0.0,0.0,0.0,0.0,,0.0,2.0,0.0,0.0,0.0,0.0,0.0,0.0,,0.0,0.0,0.0,0.0,,2,1,1,1,1,12086,25922,2106,21701,2106,0,0.0,1,0,0.0,0.0,0.0,0.0,2,,,,,0,0.19997767930943558,0.05244820457985416,cc_n_cells_e1=1.21e+04 (+0.19); cc_n_celltypes_total=1 (+0.05); deg_pooled_log2fc=nan (+0.02),novel
970,PDGFA,AC_like_tumor,IDH_Mutant,tumor,0.0,0.0,0.0,0.0,,,0.0,0.0,0.0,0.0,,0.0,1.0,0.0,0.0,0.0,0.0,0.0,0.0,,0.0,0.0,0.0,0.0,,3,1,0,1,1,72549,446,4249,283,283,0,0.0,1,0,0.0,0.0,0.0,0.0,2,,,,,0,0.1999068980063491,0.06048312220818048,cc_n_cells_e1=7.25e+04 (+0.19); cc_n_celltypes_total=1 (+0.08); deg_n_celltypes_sig=1 (+0.05),novel
971,NRXN2,TAM1/TAM2/microglia,IDH_WT,TAM_microglia,0.0,0.0,0.0,0.0,,,0.0,0.0,0.0,0.0,,0.0,1.0,0.0,0.0,0.0,0.0,0.0,0.0,,0.0,0.0,0.0,0.0,,10,1,0,1,1,12086,25922,9696,2745,2745,0,0.0,0,0,0.0,0.0,0.0,0.0,2,,,,,0,0.19988326891793975,0.042438015293336996,cc_n_cells_e1=1.21e+04 (+0.19); cc_n_celltypes_total=1 (+0.06); deg_n_celltypes_sig=1 (+0.06),novel
972,ITGAX,TAM1/TAM2/microglia,IDH_WT,TAM_microglia,1.0,0.4162680857907228,0.4162680857907228,15.961042523381522,0.318,0.228,0.09,1.0,0.0,0.0,0.5453920909801828,1.0,1.0,0.0,4.0,4.0,0.0,0.0442420541942578,0.0234334586245721,0.0,2.0,3.0,2.0,4.0,1.0,4,0,1,2,1,12086,25922,9696,2745,2745,0,1.0,0,1,0.0,0.0,0.0,0.0,2,,,,,0,0.199686298104574,0.034403333483363045,cc_n_partners=3 (+0.31); cc_n_cells_e1=1.21e+04 (+0.16); cc_edges_e2=4 (+0.14),novel
973,CXCR4,cycling_tumor,IDH_WT,tumor,1.0,-3.752771544044781,3.752771544044781,8.281028437853859,0.026,0.117,-0.09100000000000001,-1.0,1.0,1.0,-3.621523269376044,1.0,2.0,0.0,0.0,0.0,0.0,0.0,0.0,,0.0,0.0,0.0,0.0,,44,0,1,1,2,6410,814,5847,663,663,0,-0.0,0,0,0.0,0.0,0.0,0.0,2,1.0,tumor,growth,"Rubin et al., PNAS 2003",1,0.19914141366859991,0.08404299649672445,cc_edges_total=44 (+1.32); cc_n_cells_e1=6.41e+03 (+0.23); deg_pct_e1=0.117 (+0.09),literature tier 1 (label)
974,HBEGF,T cell,IDH_Mutant,T_cell,0.0,0.0,0.0,0.0,,,0.0,0.0,0.0,0.0,,0.0,0.0,0.0,0.0,0.0,0.0,0.0,0.0,,0.0,0.0,0.0,0.0,,7,1,0,1,1,2662,1463,941,334,334,0,0.0,1,0,0.5,0.5,0.5,0.0,2,,,,,0,0.19899058381885548,0.07023904240728472,deg_n_celltypes_sig=0 (+0.40); llm_mention_rate=0.5 (+0.30); cc_n_celltypes_total=1 (+0.16),novel
975,TGFB1,AC_like_tumor,IDH_WT,tumor,0.0,0.0,0.0,0.0,,,0.0,0.0,0.0,0.0,,0.0,0.0,0.0,0.0,0.0,0.0,0.0,0.0,,0.0,0.0,0.0,0.0,,4,1,0,1,1,72549,446,64812,108,108,0,0.0,0,0,0.0,0.0,0.0,0.0,2,2.0,"tumor,TAM_microglia",immune_synapse,Immunosuppressive cytokine (pathway-level),1,0.19885028818277636,0.02207756514517998,deg_n_celltypes_sig=0 (+0.64); cc_n_cells_e1=7.25e+04 (+0.19); cc_n_celltypes_total=1 (+0.08),literature tier 2 (label)
976,TGFB1,OPC_GABA_AC_like_tumor,IDH_WT,tumor,0.0,0.0,0.0,0.0,,,0.0,0.0,0.0,0.0,,0.0,0.0,0.0,0.0,0.0,0.0,0.0,0.0,,0.0,0.0,0.0,0.0,,4,1,0,1,1,6202,1012,5384,171,171,0,0.0,0,0,0.0,0.0,0.0,0.0,2,2.0,"tumor,TAM_microglia",immune_synapse,Immunosuppressive cytokine (pathway-level),1,0.19885028818277636,0.02207756514517998,deg_n_celltypes_sig=0 (+0.64); cc_n_cells_e1=6.2e+03 (+0.19); cc_n_celltypes_total=1 (+0.08),literature tier 2 (label)
977,PDGFA,OPC_GABA_AC_like_tumor,IDH_Mutant,tumor,0.0,0.0,0.0,0.0,,,0.0,0.0,0.0,0.0,,0.0,1.0,0.0,0.0,0.0,0.0,0.0,0.0,,0.0,0.0,0.0,0.0,,3,1,0,1,1,6202,1012,352,742,352,0,0.0,1,0,0.0,0.0,0.0,0.0,2,,,,,0,0.19837774639963274,0.061379421432012506,cc_n_cells_e1=6.2e+03 (+0.19); cc_n_celltypes_total=1 (+0.08); deg_n_celltypes_sig=1 (+0.05),novel
978,CXCR4,cycling_tumor,IDH_Mutant,tumor,1.0,-5.197459349206778,5.197459349206778,3.432866052814531,0.015,0.233,-0.21800000000000003,-1.0,1.0,1.0,-3.621523269376044,1.0,3.0,0.0,0.0,0.0,0.0,0.0,0.0,,0.0,0.0,0.0,0.0,,44,0,1,1,2,6410,814,270,136,136,0,-0.0,1,0,0.0,0.0,0.0,0.0,2,1.0,tumor,growth,"Rubin et al., PNAS 2003",1,0.19793937405718864,0.08010137240844728,cc_edges_total=44 (+1.32); cc_n_cells_e1=6.41e+03 (+0.23); cc_n_celltypes_total=2 (+0.08),literature tier 1 (label)
979,KLRC2,OPC_GABA_AC_like_tumor,IDH_Mutant,tumor,0.0,0.0,0.0,0.0,,,0.0,0.0,0.0,0.0,,0.0,3.0,0.0,0.0,0.0,0.0,0.0,0.0,,0.0,0.0,0.0,0.0,,6,0,1,1,1,6202,1012,352,742,352,0,0.0,1,0,0.0,0.0,0.0,0.0,2,,,,,0,0.1976982371461818,0.02495457829297316,cc_n_cells_e1=6.2e+03 (+0.20); cc_n_celltypes_total=1 (+0.07); cc_n_cells_e2=1.01e+03 (+0.05),novel
980,ROBO1,TAM1/TAM2/microglia,IDH_Mutant,TAM_microglia,0.0,0.0,0.0,0.0,,,0.0,0.0,0.0,0.0,,0.0,3.0,0.0,0.0,0.0,0.0,0.0,0.0,,0.0,0.0,0.0,0.0,,2,0,1,1,2,12086,25922,2106,21701,2106,0,0.0,1,0,0.0,0.0,0.0,0.0,2,,,,,0,0.1975334699428101,0.0365291845933689,cc_n_cells_e1=1.21e+04 (+0.21); deg_pooled_log2fc=nan (+0.02); cc_n_celltypes_total=2 (+0.01),novel
981,ROBO1,TAM1/TAM2/microglia,IDH_WT,TAM_microglia,0.0,0.0,0.0,0.0,,,0.0,0.0,0.0,0.0,,0.0,2.0,0.0,0.0,0.0,0.0,0.0,0.0,,0.0,0.0,0.0,0.0,,2,0,1,1,2,12086,25922,9696,2745,2745,0,0.0,0,0,0.0,0.0,0.0,0.0,2,,,,,0,0.1975334699428101,0.0365291845933689,cc_n_cells_e1=1.21e+04 (+0.21); deg_pooled_log2fc=nan (+0.02); cc_n_celltypes_total=2 (+0.01),novel
982,LRP1,OPC_GABA_like_tumor,IDH_Mutant,tumor,1.0,0.5191434707941005,0.5191434707941005,20.01171849108677,0.464,0.334,0.13,1.0,1.0,0.0,-0.3970250506283217,1.0,1.0,0.0,2.0,1.0,1.0,0.0022437004159293,0.00209525130186495,0.0,1.0,1.0,0.0,2.0,0.0,7,0,1,1,4,6741,14114,1658,11741,1658,0,0.0,1,1,0.0,0.0,0.0,0.0,2,,,,,0,0.19748010374225283,0.03844553466860698,cc_n_cells_e1=6.74e+03 (+0.20); deg_pct_diff=0.13 (+0.15); deg_log2fc=0.519 (+0.05),novel
983,HLA-DRB1,cycling_tumor,IDH_WT,tumor,1.0,-6.54685114339685,6.54685114339685,88.82559256879834,0.047,0.463,-0.41600000000000004,-1.0,1.0,1.0,-5.978607762733578,1.0,3.0,2.0,0.0,0.0,2.0,0.0072428603962872,0.003925841771916736,0.0,1.0,1.0,2.0,2.0,-1.0,14,1,0,1,5,6410,814,5847,663,663,0,1.0,0,1,1.0,1.0,2.0,0.0,2,,,,,0,0.1971857195505386,0.07078231651392182,cc_edges_total=14 (+0.26); cc_n_cells_e1=6.41e+03 (+0.24); llm_mention_rate=1 (+0.22),novel
984,LRRTM3,TAM1/TAM2/microglia,IDH_Mutant,TAM_microglia,0.0,0.0,0.0,0.0,,,0.0,0.0,0.0,0.0,,0.0,1.0,0.0,0.0,0.0,0.0,0.0,0.0,,0.0,0.0,0.0,0.0,,6,0,1,1,1,12086,25922,2106,21701,2106,0,0.0,1,0,0.0,0.0,0.0,0.0,2,,,,,0,0.19700231298084545,0.027597214714163116,cc_n_cells_e1=1.21e+04 (+0.19); deg_n_celltypes_sig=1 (+0.06); cc_n_celltypes_total=1 (+0.06),novel
985,TGFB1,cycling_tumor,IDH_WT,tumor,0.0,0.0,0.0,0.0,,,0.0,0.0,0.0,0.0,,0.0,0.0,0.0,0.0,0.0,0.0,0.0,0.0,,0.0,0.0,0.0,0.0,,4,1,0,1,1,6410,814,5847,663,663,0,0.0,0,0,0.0,0.0,0.0,0.0,2,2.0,"tumor,TAM_microglia",immune_synapse,Immunosuppressive cytokine (pathway-level),1,0.19655691179472357,0.02242692584012443,deg_n_celltypes_sig=0 (+0.64); cc_n_cells_e1=6.41e+03 (+0.19); cc_n_celltypes_total=1 (+0.08),literature tier 2 (label)
986,SDC3,AC_like_tumor,IDH_Mutant,tumor,0.0,0.0,0.0,0.0,,,0.0,0.0,0.0,0.0,,0.0,1.0,0.0,0.0,0.0,0.0,0.0,0.0,,0.0,0.0,0.0,0.0,,11,0,1,1,1,72549,446,4249,283,283,0,0.0,1,0,0.0,0.0,0.0,0.0,2,,,,,0,0.19654736188038893,0.04631171309143489,cc_n_cells_e1=7.25e+04 (+0.19); cc_n_celltypes_total=1 (+0.08); deg_n_celltypes_sig=1 (+0.06),novel
987,THY1,TAM1/TAM2/microglia,IDH_Mutant,TAM_microglia,0.0,0.0,0.0,0.0,,,0.0,0.0,0.0,0.0,,0.0,3.0,0.0,0.0,0.0,0.0,0.0,0.0,,0.0,0.0,0.0,0.0,,2,1,0,1,2,12086,25922,2106,21701,2106,0,0.0,1,0,0.0,0.0,0.0,0.0,2,,,,,0,0.19647418363501634,0.037776347452891476,cc_n_cells_e1=1.21e+04 (+0.22); deg_pooled_log2fc=nan (+0.02); cc_n_celltypes_total=2 (+0.01),novel
988,HAVCR2,OPC_GABA_like_tumor,IDH_Mutant,tumor,0.0,0.0,0.0,0.0,,,0.0,0.0,0.0,0.0,,0.0,3.0,0.0,0.0,0.0,0.0,0.0,0.0,,0.0,0.0,0.0,0.0,,2,0,1,1,1,6741,14114,1658,11741,1658,0,0.0,1,0,0.0,0.0,0.0,0.0,2,1.0,T_cell,immune_synapse,"Kim et al., Clin Cancer Res 2017",0,0.19644604858391604,0.04552090862848614,cc_n_cells_e1=6.74e+03 (+0.19); cc_n_celltypes_total=1 (+0.06); deg_pooled_log2fc=nan (+0.02),"literature gene, other compartment"
989,HLA-DQB1,AC_like_tumor,IDH_Mutant,tumor,0.0,0.0,0.0,0.0,,,0.0,0.0,0.0,0.0,,0.0,2.0,0.0,0.0,0.0,0.0,0.0,0.0,,0.0,0.0,0.0,0.0,,6,1,0,1,2,72549,446,4249,283,283,0,0.0,1,0,0.0,0.0,0.0,0.0,2,,,,,0,0.19618346683068016,0.03299140241828555,cc_n_cells_e1=7.25e+04 (+0.23); cc_n_cells_e2=446 (+0.05); cc_n_celltypes_total=2 (+0.03),novel
990,C3,TAM1/TAM2/microglia,IDH_Mutant,TAM_microglia,0.0,0.0,0.0,0.0,,,0.0,0.0,0.0,0.0,,0.0,2.0,6.0,0.0,3.0,3.0,0.0977093082783739,0.04598645097470667,0.0,1.0,1.0,0.0,6.0,0.0,6,1,0,1,1,12086,25922,2106,21701,2106,0,0.0,1,0,0.0,0.0,0.0,0.0,2,,,,,0,0.19613021478481033,0.03983714769570125,cc_n_cells_e1=1.21e+04 (+0.20); cc_edges_e2=3 (+0.15); cc_n_celltypes_total=1 (+0.03),novel
991,CLDN11,TAM1/TAM2/microglia,IDH_WT,TAM_microglia,0.0,0.0,0.0,0.0,,,0.0,0.0,0.0,0.0,,0.0,2.0,0.0,0.0,0.0,0.0,0.0,0.0,,0.0,0.0,0.0,0.0,,2,1,1,1,1,12086,25922,9696,2745,2745,0,0.0,0,0,0.0,0.0,0.0,0.0,2,,,,,0,0.19599165793618537,0.04489179098170751,cc_n_cells_e1=1.21e+04 (+0.19); cc_n_celltypes_total=1 (+0.05); deg_pooled_log2fc=nan (+0.02),novel
992,HLA-DMA,OPC_GABA_like_tumor,IDH_WT,tumor,0.0,0.0,0.0,0.0,,,0.0,0.0,0.0,0.0,,0.0,1.0,0.0,0.0,0.0,0.0,0.0,0.0,,0.0,0.0,0.0,0.0,,8,1,0,1,3,6741,14114,5040,1935,1935,0,0.0,0,0,0.0,0.0,0.0,0.0,2,,,,,0,0.1955596343642237,0.054152985017078895,cc_n_cells_e1=6.74e+03 (+0.22); deg_n_celltypes_sig=1 (+0.03); llm_unprompted_mention_rate=0 (+0.01),novel
993,PILRA,TAM1/TAM2/microglia,IDH_Mutant,TAM_microglia,1.0,-0.4645349062652938,0.4645349062652938,7.194463352071841,0.289,0.351,-0.062,-1.0,0.0,0.0,0.2995228177781359,1.0,1.0,0.0,7.0,7.0,0.0,0.0082024937284372,0.0036620741932491857,0.0,1.0,4.0,5.0,7.0,1.0,7,0,1,1,1,12086,25922,2106,21701,2106,0,-1.0,1,1,0.0,0.0,0.0,0.0,2,,,,,0,0.19491646902326348,0.04375615453166916,cc_n_cells_e1=1.21e+04 (+0.17); cc_n_partners=4 (+0.14); cc_edges_e2=7 (+0.13),novel
994,HLA-E,TAM1/TAM2/microglia,IDH_Mutant,TAM_microglia,1.0,-0.4085553860479263,0.4085553860479263,54.38145665264017,0.865,0.927,-0.062000000000000055,-1.0,1.0,0.0,0.2621640472722299,1.0,4.0,2.0,0.0,1.0,1.0,0.0287367317117394,0.02515848644454735,0.0,1.0,1.0,2.0,2.0,0.0,6,1,0,1,4,12086,25922,2106,21701,2106,0,-0.0,1,1,0.0,0.0,0.0,0.0,2,,,,,0,0.19434903254381725,0.0357325547018081,cc_n_cells_e1=1.21e+04 (+0.23); deg_n_celltypes_sig=4 (+0.12); cc_max_prob=0.0287 (+0.03),novel
995,FPR1,OPC_GABA_like_tumor,IDH_Mutant,tumor,0.0,0.0,0.0,0.0,,,0.0,0.0,0.0,0.0,,0.0,2.0,0.0,0.0,0.0,0.0,0.0,0.0,,0.0,0.0,0.0,0.0,,10,0,1,1,1,6741,14114,1658,11741,1658,0,0.0,1,0,0.0,0.0,0.0,0.0,2,,,,,0,0.19391627302442882,0.028323844539552688,cc_n_cells_e1=6.74e+03 (+0.20); cc_n_celltypes_total=1 (+0.06); llm_unprompted_mention_rate=0 (+0.01),novel
996,SDC3,OPC_GABA_AC_like_tumor,IDH_Mutant,tumor,0.0,0.0,0.0,0.0,,,0.0,0.0,0.0,0.0,,0.0,1.0,0.0,0.0,0.0,0.0,0.0,0.0,,0.0,0.0,0.0,0.0,,11,0,1,1,1,6202,1012,352,742,352,0,0.0,1,0,0.0,0.0,0.0,0.0,2,,,,,0,0.19391606354720065,0.041374414246203244,cc_n_cells_e1=6.2e+03 (+0.19); cc_n_celltypes_total=1 (+0.08); deg_n_celltypes_sig=1 (+0.06),novel
997,C3AR1,AC_like_tumor,IDH_Mutant,tumor,0.0,0.0,0.0,0.0,,,0.0,0.0,0.0,0.0,,0.0,2.0,0.0,0.0,0.0,0.0,0.0,0.0,,0.0,0.0,0.0,0.0,,4,0,1,1,1,72549,446,4249,283,283,0,0.0,1,0,0.0,0.0,0.0,0.0,2,,,,,0,0.1934424768675775,0.044497599993754584,cc_n_cells_e1=7.25e+04 (+0.20); cc_n_celltypes_total=1 (+0.07); cc_n_cells_e2=446 (+0.05),novel
998,MDK,T cell,IDH_Mutant,T_cell,0.0,0.0,0.0,0.0,,,0.0,0.0,0.0,0.0,,0.0,1.0,0.0,0.0,0.0,0.0,0.0,0.0,,0.0,0.0,0.0,0.0,,28,1,0,1,1,2662,1463,941,334,334,0,0.0,1,0,0.0,0.0,0.0,0.0,2,,,,,0,0.19341085995398535,0.07546540928203133,cc_n_celltypes_total=1 (+0.18); deg_n_celltypes_sig=1 (+0.10); llm_unprompted_mention_rate=0 (+0.02),novel
999,HLA-DQB1,OPC_GABA_AC_like_tumor,IDH_Mutant,tumor,0.0,0.0,0.0,0.0,,,0.0,0.0,0.0,0.0,,0.0,2.0,0.0,0.0,0.0,0.0,0.0,0.0,,0.0,0.0,0.0,0.0,,6,1,0,1,2,6202,1012,352,742,352,0,0.0,1,0,0.0,0.0,0.0,0.0,2,,,,,0,0.19306190344526766,0.03134282344029792,cc_n_cells_e1=6.2e+03 (+0.23); cc_n_cells_e2=1.01e+03 (+0.05); cc_n_celltypes_total=2 (+0.03),novel
1000,GRN,AC_like_tumor,IDH_Mutant,tumor,0.0,0.0,0.0,0.0,,,0.0,0.0,0.0,0.0,,0.0,3.0,0.0,0.0,0.0,0.0,0.0,0.0,,0.0,0.0,0.0,0.0,,3,1,0,1,2,72549,446,4249,283,283,0,0.0,1,0,0.0,0.0,0.0,0.0,2,,,,,0,0.19300047294677863,0.013535135537057364,cc_n_cells_e1=7.25e+04 (+0.22); cc_n_cells_e2=446 (+0.05); cc_n_celltypes_total=2 (+0.03),novel
1001,HLA-E,TAM1/TAM2/microglia,IDH_WT,TAM_microglia,1.0,0.4478134585811877,0.4478134585811877,61.13491279946608,0.807,0.684,0.123,1.0,1.0,0.0,0.2621640472722299,1.0,3.0,2.0,0.0,1.0,1.0,0.0287367317117394,0.02515848644454735,0.0,1.0,1.0,2.0,2.0,0.0,6,1,0,1,4,12086,25922,9696,2745,2745,0,0.0,0,1,0.0,0.0,0.0,0.0,2,,,,,0,0.19272089337637074,0.04673403783378612,cc_n_cells_e1=1.21e+04 (+0.22); deg_pct_diff=0.123 (+0.15); deg_log2fc=0.448 (+0.05),novel
1002,GPR37L1,TAM1/TAM2/microglia,IDH_Mutant,TAM_microglia,0.0,0.0,0.0,0.0,,,0.0,0.0,0.0,0.0,,0.0,1.0,0.0,0.0,0.0,0.0,0.0,0.0,,0.0,0.0,0.0,0.0,,9,0,1,1,1,12086,25922,2106,21701,2106,0,0.0,1,0,0.0,0.0,0.0,0.0,2,,,,,0,0.19238818093731133,0.033642499760505436,cc_n_cells_e1=1.21e+04 (+0.19); deg_n_celltypes_sig=1 (+0.06); cc_n_celltypes_total=1 (+0.06),novel
1003,JAM3,OPC_GABA_AC_like_tumor,IDH_WT,tumor,0.0,0.0,0.0,0.0,,,0.0,0.0,0.0,0.0,,0.0,3.0,0.0,0.0,0.0,0.0,0.0,0.0,,0.0,0.0,0.0,0.0,,3,1,1,1,1,6202,1012,5384,171,171,0,0.0,0,0,0.0,0.0,0.0,0.0,2,,,,,0,0.19218606699848317,0.04684029943679904,cc_n_cells_e1=6.2e+03 (+0.20); cc_n_celltypes_total=1 (+0.07); cc_n_cells_e2=1.01e+03 (+0.04),novel
1004,C3,OPC_GABA_like_tumor,IDH_Mutant,tumor,0.0,0.0,0.0,0.0,,,0.0,0.0,0.0,0.0,,0.0,2.0,0.0,0.0,0.0,0.0,0.0,0.0,,0.0,0.0,0.0,0.0,,6,1,0,1,1,6741,14114,1658,11741,1658,0,0.0,1,0,0.0,0.0,0.0,0.0,2,,,,,0,0.1919903130806357,0.019488335174680408,cc_n_cells_e1=6.74e+03 (+0.20); cc_n_celltypes_total=1 (+0.06); llm_unprompted_mention_rate=0 (+0.01),novel
1005,C3,OPC_GABA_like_tumor,IDH_WT,tumor,0.0,0.0,0.0,0.0,,,0.0,0.0,0.0,0.0,,0.0,2.0,0.0,0.0,0.0,0.0,0.0,0.0,,0.0,0.0,0.0,0.0,,6,1,0,1,1,6741,14114,5040,1935,1935,0,0.0,0,0,0.0,0.0,0.0,0.0,2,,,,,0,0.1919903130806357,0.019488335174680408,cc_n_cells_e1=6.74e+03 (+0.20); cc_n_celltypes_total=1 (+0.06); llm_unprompted_mention_rate=0 (+0.01),novel
1006,PSAP,TAM1/TAM2/microglia,IDH_WT,TAM_microglia,0.0,0.0,0.0,0.0,,,0.0,0.0,0.0,0.0,,0.0,0.0,2.0,0.0,1.0,1.0,0.0103328573239385,0.0097178938974877,0.0,1.0,1.0,2.0,2.0,0.0,9,1,0,1,5,12086,25922,9696,2745,2745,0,0.0,0,0,0.0,0.0,0.0,0.0,2,,,,,0,0.1917252150666853,0.07081620214509426,deg_n_celltypes_sig=0 (+0.41); cc_n_cells_e1=1.21e+04 (+0.22); cc_mean_prob=0.00972 (+0.06),novel
1007,PSAP,OPC_GABA_like_tumor,IDH_WT,tumor,0.0,0.0,0.0,0.0,,,0.0,0.0,0.0,0.0,,0.0,0.0,2.0,0.0,1.0,1.0,0.0022598039211921,0.0019001285955775999,0.0,1.0,1.0,0.0,2.0,0.0,9,1,0,1,5,6741,14114,5040,1935,1935,0,0.0,0,0,0.0,0.0,0.0,0.0,2,,,,,0,0.19150981136380013,0.07363212305641695,deg_n_celltypes_sig=0 (+0.41); cc_n_cells_e1=6.74e+03 (+0.22); ctx_n_e1=5.04e+03 (+0.03),novel
1008,GRIA4,T cell,IDH_Mutant,T_cell,0.0,0.0,0.0,0.0,,,0.0,0.0,0.0,0.0,,0.0,4.0,0.0,0.0,0.0,0.0,0.0,0.0,,0.0,0.0,0.0,0.0,,15,0,1,1,4,2662,1463,941,334,334,0,0.0,1,0,1.0,1.0,1.0,0.0,2,2.0,tumor,neuron_tumor,"AMPAR subunit family; Venkatesh et al., Nature 2019",0,0.19148256162801805,0.06267647827450396,llm_mentions_per_run=1 (+0.41); cc_edges_total=15 (+0.34); llm_mention_rate=1 (+0.27),"literature gene, other compartment"
1009,C3AR1,OPC_GABA_AC_like_tumor,IDH_Mutant,tumor,0.0,0.0,0.0,0.0,,,0.0,0.0,0.0,0.0,,0.0,2.0,0.0,0.0,0.0,0.0,0.0,0.0,,0.0,0.0,0.0,0.0,,4,0,1,1,1,6202,1012,352,742,352,0,0.0,1,0,0.0,0.0,0.0,0.0,2,,,,,0,0.19120027635658016,0.043149741510479546,cc_n_cells_e1=6.2e+03 (+0.20); cc_n_celltypes_total=1 (+0.07); cc_n_cells_e2=1.01e+03 (+0.04),novel
1010,GAS6,OPC_GABA_like_tumor,IDH_Mutant,tumor,0.0,0.0,0.0,0.0,,,0.0,0.0,0.0,0.0,,0.0,2.0,0.0,0.0,0.0,0.0,0.0,0.0,,0.0,0.0,0.0,0.0,,2,1,0,1,1,6741,14114,1658,11741,1658,0,0.0,1,0,0.0,0.0,0.0,0.0,2,,,,,0,0.19117957837068938,0.04894400069008004,cc_n_cells_e1=6.74e+03 (+0.19); cc_n_celltypes_total=1 (+0.06); deg_pooled_log2fc=nan (+0.02),novel
1011,HLA-DQA1,OPC_GABA_like_tumor,IDH_Mutant,tumor,0.0,0.0,0.0,0.0,,,0.0,0.0,0.0,0.0,,0.0,2.0,0.0,0.0,0.0,0.0,0.0,0.0,,0.0,0.0,0.0,0.0,,4,1,0,1,1,6741,14114,1658,11741,1658,0,0.0,1,0,0.0,0.0,0.0,0.0,2,,,,,0,0.19103573066198304,0.037061032872860056,cc_n_cells_e1=6.74e+03 (+0.20); cc_n_celltypes_total=1 (+0.06); deg_pooled_log2fc=nan (+0.01),novel
1012,HLA-DQA1,OPC_GABA_like_tumor,IDH_WT,tumor,0.0,0.0,0.0,0.0,,,0.0,0.0,0.0,0.0,,0.0,2.0,0.0,0.0,0.0,0.0,0.0,0.0,,0.0,0.0,0.0,0.0,,4,1,0,1,1,6741,14114,5040,1935,1935,0,0.0,0,0,0.0,0.0,0.0,0.0,2,,,,,0,0.19103573066198304,0.037061032872860056,cc_n_cells_e1=6.74e+03 (+0.20); cc_n_celltypes_total=1 (+0.06); deg_pooled_log2fc=nan (+0.01),novel
1013,COL9A1,AC_like_tumor,IDH_WT,tumor,0.0,0.0,0.0,0.0,,,0.0,0.0,0.0,0.0,,0.0,2.0,0.0,0.0,0.0,0.0,0.0,0.0,,0.0,0.0,0.0,0.0,,5,1,0,1,1,72549,446,64812,108,108,0,0.0,0,0,0.0,0.0,0.0,0.0,2,,,,,0,0.19079240628003258,0.05464419415463824,cc_n_cells_e1=7.25e+04 (+0.20); cc_n_celltypes_total=1 (+0.07); cc_n_cells_e2=446 (+0.05),novel
1014,COL9A1,OPC_GABA_AC_like_tumor,IDH_WT,tumor,0.0,0.0,0.0,0.0,,,0.0,0.0,0.0,0.0,,0.0,2.0,0.0,0.0,0.0,0.0,0.0,0.0,,0.0,0.0,0.0,0.0,,5,1,0,1,1,6202,1012,5384,171,171,0,0.0,0,0,0.0,0.0,0.0,0.0,2,,,,,0,0.19079240628003258,0.05464419415463824,cc_n_cells_e1=6.2e+03 (+0.20); cc_n_celltypes_total=1 (+0.07); cc_n_cells_e2=1.01e+03 (+0.05),novel
1015,CLEC2D,AC_like_tumor,IDH_Mutant,tumor,0.0,0.0,0.0,0.0,,,0.0,0.0,0.0,0.0,,0.0,1.0,0.0,0.0,0.0,0.0,0.0,0.0,,0.0,0.0,0.0,0.0,,2,1,0,1,1,72549,446,4249,283,283,0,0.0,1,0,0.5,0.5,1.5,0.0,2,1.0,"tumor,TAM_microglia",immune_synapse,"Mathewson et al., Cell 2021",1,0.19055409719091163,0.052572284941096115,llm_mentions_per_run=1.5 (+0.50); llm_mention_rate=0.5 (+0.35); cc_n_cells_e1=7.25e+04 (+0.19),literature tier 1 (label)
1016,ITGAX,OPC_GABA_like_tumor,IDH_WT,tumor,0.0,0.0,0.0,0.0,,,0.0,0.0,0.0,0.0,,0.0,1.0,0.0,0.0,0.0,0.0,0.0,0.0,,0.0,0.0,0.0,0.0,,4,0,1,2,1,6741,14114,5040,1935,1935,0,0.0,0,0,0.0,0.0,0.0,0.0,2,,,,,0,0.19054658688677803,0.06290094198745287,cc_n_cells_e1=6.74e+03 (+0.19); cc_n_celltypes_total=1 (+0.07); deg_n_celltypes_sig=1 (+0.05),novel
1017,HLA-DQB1,cycling_tumor,IDH_WT,tumor,1.0,-6.823733393722145,6.823733393722145,31.39043150404676,0.011,0.215,-0.204,-1.0,1.0,1.0,-6.677965434719021,1.0,1.0,0.0,0.0,0.0,0.0,0.0,0.0,,0.0,0.0,0.0,0.0,,6,1,0,1,2,6410,814,5847,663,663,0,-0.0,0,0,0.0,0.0,0.0,0.0,2,,,,,0,0.19023374537630655,0.04747801392870123,cc_n_cells_e1=6.41e+03 (+0.20); deg_abs_log2fc=6.82 (+0.07); deg_n_celltypes_sig=1 (+0.05),novel
1018,HLA-DMB,OPC_GABA_like_tumor,IDH_Mutant,tumor,0.0,0.0,0.0,0.0,,,0.0,0.0,0.0,0.0,,0.0,2.0,0.0,0.0,0.0,0.0,0.0,0.0,,0.0,0.0,0.0,0.0,,4,1,0,1,1,6741,14114,1658,11741,1658,0,0.0,1,0,0.0,0.0,0.0,0.0,2,,,,,0,0.1900249136017839,0.03470503356176987,cc_n_cells_e1=6.74e+03 (+0.20); cc_n_celltypes_total=1 (+0.06); deg_pooled_log2fc=nan (+0.01),novel
1019,MRC1,T cell,IDH_WT,T_cell,0.0,0.0,0.0,0.0,,,0.0,0.0,0.0,0.0,,0.0,0.0,0.0,0.0,0.0,0.0,0.0,0.0,,0.0,0.0,0.0,0.0,,4,0,1,1,1,2662,1463,1681,1118,1118,0,0.0,0,0,0.0,0.0,0.0,0.0,2,,,,,0,0.18980075678670913,0.07559357276385283,deg_n_celltypes_sig=0 (+0.64); cc_n_celltypes_total=1 (+0.14); cc_is_ligand=0 (+0.02),novel
1020,CLEC2D,cycling_tumor,IDH_Mutant,tumor,0.0,0.0,0.0,0.0,,,0.0,0.0,0.0,0.0,,0.0,1.0,0.0,0.0,0.0,0.0,0.0,0.0,,0.0,0.0,0.0,0.0,,2,1,0,1,1,6410,814,270,136,136,0,0.0,1,0,0.5,0.5,1.5,0.0,2,1.0,"tumor,TAM_microglia",immune_synapse,"Mathewson et al., Cell 2021",1,0.18972127611902098,0.05131568549393939,llm_mentions_per_run=1.5 (+0.50); llm_mention_rate=0.5 (+0.35); cc_n_cells_e1=6.41e+03 (+0.19),literature tier 1 (label)
1021,GRN,OPC_GABA_AC_like_tumor,IDH_Mutant,tumor,0.0,0.0,0.0,0.0,,,0.0,0.0,0.0,0.0,,0.0,3.0,0.0,0.0,0.0,0.0,0.0,0.0,,0.0,0.0,0.0,0.0,,3,1,0,1,2,6202,1012,352,742,352,0,0.0,1,0,0.0,0.0,0.0,0.0,2,,,,,0,0.18956459517255475,0.011921603721076845,cc_n_cells_e1=6.2e+03 (+0.22); cc_n_cells_e2=1.01e+03 (+0.04); cc_n_celltypes_total=2 (+0.03),novel
1022,LILRB4,AC_like_tumor,IDH_Mutant,tumor,0.0,0.0,0.0,0.0,,,0.0,0.0,0.0,0.0,,0.0,2.0,0.0,0.0,0.0,0.0,0.0,0.0,,0.0,0.0,0.0,0.0,,4,0,1,1,1,72549,446,4249,283,283,0,0.0,1,0,0.0,0.0,0.0,0.0,2,2.0,TAM_microglia,myeloid_bridge,Myeloid checkpoint (pathway-level),0,0.1889674263652075,0.03663098050417768,cc_n_cells_e1=7.25e+04 (+0.20); cc_n_celltypes_total=1 (+0.07); cc_n_cells_e2=446 (+0.05),"literature gene, other compartment"
1023,SDC3,OPC_GABA_like_tumor,IDH_WT,tumor,1.0,0.4231309699266402,0.4231309699266402,46.08594189123909,0.335,0.154,0.18100000000000002,1.0,1.0,0.0,,0.0,2.0,0.0,0.0,0.0,0.0,0.0,0.0,,0.0,0.0,0.0,0.0,,11,0,1,1,1,6741,14114,5040,1935,1935,0,0.0,0,0,0.0,0.0,0.0,0.0,2,,,,,0,0.18884583841838992,0.018361634208769337,cc_n_cells_e1=6.74e+03 (+0.19); deg_pct_diff=0.181 (+0.13); deg_pct_e1=0.154 (+0.08),novel
1024,LILRB4,OPC_GABA_AC_like_tumor,IDH_Mutant,tumor,0.0,0.0,0.0,0.0,,,0.0,0.0,0.0,0.0,,0.0,2.0,0.0,0.0,0.0,0.0,0.0,0.0,,0.0,0.0,0.0,0.0,,4,0,1,1,1,6202,1012,352,742,352,0,0.0,1,0,0.0,0.0,0.0,0.0,2,2.0,TAM_microglia,myeloid_bridge,Myeloid checkpoint (pathway-level),0,0.18828209732202772,0.037429389871399626,cc_n_cells_e1=6.2e+03 (+0.20); cc_n_celltypes_total=1 (+0.07); cc_n_cells_e2=1.01e+03 (+0.04),"literature gene, other compartment"
1025,TGFB1,OPC_GABA_like_tumor,IDH_WT,tumor,0.0,0.0,0.0,0.0,,,0.0,0.0,0.0,0.0,,0.0,0.0,0.0,0.0,0.0,0.0,0.0,0.0,,0.0,0.0,0.0,0.0,,4,1,0,1,1,6741,14114,5040,1935,1935,0,0.0,0,0,0.0,0.0,0.0,0.0,2,2.0,"tumor,TAM_microglia",immune_synapse,Immunosuppressive cytokine (pathway-level),1,0.1881211393424957,0.022945604911816513,deg_n_celltypes_sig=0 (+0.64); cc_n_cells_e1=6.74e+03 (+0.19); cc_n_celltypes_total=1 (+0.07),literature tier 2 (label)
1026,HLA-DPA1,AC_like_tumor,IDH_WT,tumor,1.0,-3.751590719019638,3.751590719019638,3.9772946821387603,0.065,0.321,-0.256,-1.0,0.0,0.0,-2.2401095392091683,1.0,5.0,2.0,0.0,0.0,2.0,0.0056489295785856,0.003061536101100413,0.0,1.0,1.0,2.0,2.0,-1.0,14,1,0,1,5,72549,446,64812,108,108,0,1.0,0,1,1.0,1.0,2.0,0.0,2,,,,,0,0.18739529293105073,0.03372996839291383,cc_edges_total=14 (+0.26); cc_n_cells_e1=7.25e+04 (+0.24); llm_mention_rate=1 (+0.21),novel
1027,CLEC2D,OPC_GABA_AC_like_tumor,IDH_Mutant,tumor,0.0,0.0,0.0,0.0,,,0.0,0.0,0.0,0.0,,0.0,1.0,0.0,0.0,0.0,0.0,0.0,0.0,,0.0,0.0,0.0,0.0,,2,1,0,1,1,6202,1012,352,742,352,0,0.0,1,0,0.5,0.5,1.5,0.0,2,1.0,"tumor,TAM_microglia",immune_synapse,"Mathewson et al., Cell 2021",1,0.18734369180058602,0.04965834620434285,llm_mentions_per_run=1.5 (+0.50); llm_mention_rate=0.5 (+0.35); cc_n_cells_e1=6.2e+03 (+0.19),literature tier 1 (label)
1028,NRXN2,OPC_GABA_AC_like_tumor,IDH_Mutant,tumor,0.0,0.0,0.0,0.0,,,0.0,0.0,0.0,0.0,,0.0,3.0,0.0,0.0,0.0,0.0,0.0,0.0,,0.0,0.0,0.0,0.0,,10,1,0,1,1,6202,1012,352,742,352,0,0.0,1,0,0.0,0.0,0.0,0.0,2,,,,,0,0.18728965766840192,0.04823675342630488,cc_n_cells_e1=6.2e+03 (+0.20); cc_n_celltypes_total=1 (+0.07); cc_n_cells_e2=1.01e+03 (+0.05),novel
1029,HLA-DRB5,cycling_tumor,IDH_WT,tumor,1.0,-5.388167588528949,5.388167588528949,15.818416467018212,0.009,0.135,-0.126,-1.0,1.0,1.0,-5.030979118008403,1.0,2.0,0.0,0.0,0.0,0.0,0.0,0.0,,0.0,0.0,0.0,0.0,,4,1,0,1,1,6410,814,5847,663,663,0,-0.0,0,0,0.0,0.0,0.0,0.0,2,,,,,0,0.187087323758999,0.04367960548859852,cc_n_cells_e1=6.41e+03 (+0.19); deg_pct_e1=0.135 (+0.08); cc_n_celltypes_total=1 (+0.07),novel
1030,HLA-DMB,TAM1/TAM2/microglia,IDH_Mutant,TAM_microglia,1.0,-0.4243816677695475,0.4243816677695475,21.90939160542601,0.445,0.549,-0.10400000000000004,-1.0,0.0,0.0,-0.3182422023829683,1.0,2.0,4.0,0.0,2.0,2.0,0.0046828301407175,0.002460909781326619,0.0,1.0,1.0,0.0,4.0,0.0,4,1,0,1,1,12086,25922,2106,21701,2106,0,-0.0,1,1,0.0,0.0,0.0,0.0,2,,,,,0,0.18642381212001624,0.04623509184131099,cc_n_cells_e1=1.21e+04 (+0.20); cc_edges_e2=2 (+0.14); cc_max_prob=0.00468 (+0.06),novel
1031,MPZL1,OPC_GABA_like_tumor,IDH_Mutant,tumor,0.0,0.0,0.0,0.0,,,0.0,0.0,0.0,0.0,,0.0,1.0,0.0,0.0,0.0,0.0,0.0,0.0,,0.0,0.0,0.0,0.0,,8,1,1,1,2,6741,14114,1658,11741,1658,0,0.0,1,0,0.0,0.0,0.0,0.0,2,,,,,0,0.18619590417409043,0.02274612435824101,cc_n_cells_e1=6.74e+03 (+0.22); deg_n_celltypes_sig=1 (+0.05); cc_n_celltypes_total=2 (+0.01),novel
1032,MRC1,T cell,IDH_Mutant,T_cell,0.0,0.0,0.0,0.0,,,0.0,0.0,0.0,0.0,,0.0,0.0,0.0,0.0,0.0,0.0,0.0,0.0,,0.0,0.0,0.0,0.0,,4,0,1,1,1,2662,1463,941,334,334,0,0.0,1,0,0.0,0.0,0.0,0.0,2,,,,,0,0.18551946926748056,0.07104619920237804,deg_n_celltypes_sig=0 (+0.62); cc_n_celltypes_total=1 (+0.14); cc_is_ligand=0 (+0.02),novel
1033,HLA-DRB5,cycling_tumor,IDH_Mutant,tumor,1.0,-5.469553657520708,5.469553657520708,6.950520795754701,0.037,0.341,-0.30400000000000005,-1.0,1.0,1.0,-5.030979118008403,1.0,3.0,0.0,0.0,0.0,0.0,0.0,0.0,,0.0,0.0,0.0,0.0,,4,1,0,1,1,6410,814,270,136,136,0,-0.0,1,0,0.0,0.0,0.0,0.0,2,,,,,0,0.18543750896774855,0.04299507296924529,cc_n_cells_e1=6.41e+03 (+0.20); cc_n_celltypes_total=1 (+0.07); deg_abs_log2fc=5.47 (+0.07),novel
1034,MIF,T cell,IDH_Mutant,T_cell,0.0,0.0,0.0,0.0,,,0.0,0.0,0.0,0.0,,0.0,4.0,12.0,0.0,6.0,6.0,0.0339427181697322,0.01835433728957329,0.0,1.0,2.0,4.0,12.0,0.0,66,1,0,1,6,2662,1463,941,334,334,0,0.0,1,0,0.5,0.5,1.5,0.0,2,1.0,tumor,myeloid_bridge,"Ghoochani et al., Oncotarget 2016",0,0.18539098903145257,0.06041735609621804,cc_edges_total=66 (+0.70); cc_n_partners=2 (+0.49); llm_mentions_per_run=1.5 (+0.42),"literature gene, other compartment"
1035,JAM2,OPC_GABA_like_tumor,IDH_Mutant,tumor,1.0,-1.274293620355111,1.274293620355111,77.6154783934257,0.206,0.41,-0.204,-1.0,1.0,0.0,,0.0,2.0,0.0,0.0,0.0,0.0,0.0,0.0,,0.0,0.0,0.0,0.0,,6,1,1,1,1,6741,14114,1658,11741,1658,0,-0.0,1,0,0.0,0.0,0.0,0.0,2,,,,,0,0.1853660442340753,0.043044545688125706,cc_n_cells_e1=6.74e+03 (+0.20); cc_n_celltypes_total=1 (+0.06); deg_pooled_log2fc=nan (+0.01),novel
1036,NCAM2,TAM1/TAM2/microglia,IDH_Mutant,TAM_microglia,0.0,0.0,0.0,0.0,,,0.0,0.0,0.0,0.0,,0.0,2.0,0.0,0.0,0.0,0.0,0.0,0.0,,0.0,0.0,0.0,0.0,,5,0,1,1,1,12086,25922,2106,21701,2106,0,0.0,1,0,0.0,0.0,0.0,0.0,2,,,,,0,0.18507782673214784,0.047264823089692196,cc_n_cells_e1=1.21e+04 (+0.20); cc_n_celltypes_total=1 (+0.05); llm_unprompted_mention_rate=0 (+0.01),novel
1037,NCAM2,TAM1/TAM2/microglia,IDH_WT,TAM_microglia,0.0,0.0,0.0,0.0,,,0.0,0.0,0.0,0.0,,0.0,2.0,0.0,0.0,0.0,0.0,0.0,0.0,,0.0,0.0,0.0,0.0,,5,0,1,1,1,12086,25922,9696,2745,2745,0,0.0,0,0,0.0,0.0,0.0,0.0,2,,,,,0,0.18507782673214784,0.047264823089692196,cc_n_cells_e1=1.21e+04 (+0.20); cc_n_celltypes_total=1 (+0.05); llm_unprompted_mention_rate=0 (+0.01),novel
1038,HLA-DRB1,cycling_tumor,IDH_Mutant,tumor,1.0,-5.53062790437838,5.53062790437838,21.61862166400782,0.103,0.641,-0.538,-1.0,1.0,1.0,-5.978607762733578,1.0,4.0,2.0,0.0,0.0,2.0,0.0072428603962872,0.003925841771916736,0.0,1.0,1.0,2.0,2.0,-1.0,14,1,0,1,5,6410,814,270,136,136,0,1.0,1,1,1.0,1.0,2.0,0.0,2,,,,,0,0.18451436547338954,0.06790080020933233,cc_edges_total=14 (+0.26); cc_n_cells_e1=6.41e+03 (+0.24); llm_mention_rate=1 (+0.21),novel
1039,NOTCH1,T cell,IDH_WT,T_cell,0.0,0.0,0.0,0.0,,,0.0,0.0,0.0,0.0,,0.0,2.0,0.0,0.0,0.0,0.0,0.0,0.0,,0.0,0.0,0.0,0.0,,16,0,1,2,2,2662,1463,1681,1118,1118,0,0.0,0,0,0.5,0.5,1.0,0.0,2,2.0,tumor,growth,Notch pathway (pathway-level),0,0.18366161586165436,0.06833245585004141,llm_mentions_per_run=1 (+0.44); cc_edges_total=16 (+0.43); llm_mention_rate=0.5 (+0.26),"literature gene, other compartment"
1040,LRRTM3,OPC_GABA_AC_like_tumor,IDH_WT,tumor,0.0,0.0,0.0,0.0,,,0.0,0.0,0.0,0.0,,0.0,2.0,0.0,0.0,0.0,0.0,0.0,0.0,,0.0,0.0,0.0,0.0,,6,0,1,1,1,6202,1012,5384,171,171,0,0.0,0,0,0.0,0.0,0.0,0.0,2,,,,,0,0.18346422175348848,0.03444942801970305,cc_n_cells_e1=6.2e+03 (+0.20); cc_n_celltypes_total=1 (+0.07); cc_n_cells_e2=1.01e+03 (+0.05),novel
1041,LRRTM3,AC_like_tumor,IDH_WT,tumor,0.0,0.0,0.0,0.0,,,0.0,0.0,0.0,0.0,,0.0,2.0,0.0,0.0,0.0,0.0,0.0,0.0,,0.0,0.0,0.0,0.0,,6,0,1,1,1,72549,446,64812,108,108,0,0.0,0,0,0.0,0.0,0.0,0.0,2,,,,,0,0.18346422175348848,0.03444942801970305,cc_n_cells_e1=7.25e+04 (+0.20); cc_n_celltypes_total=1 (+0.07); cc_n_cells_e2=446 (+0.05),novel
1042,HLA-E,OPC_GABA_like_tumor,IDH_WT,tumor,0.0,0.0,0.0,0.0,,,0.0,0.0,0.0,0.0,,0.0,3.0,0.0,0.0,0.0,0.0,0.0,0.0,,0.0,0.0,0.0,0.0,,6,1,0,1,4,6741,14114,5040,1935,1935,0,0.0,0,0,0.0,0.0,0.0,0.0,2,,,,,0,0.18334890232381698,0.01824690692192972,cc_n_cells_e1=6.74e+03 (+0.23); cc_n_celltypes_total=4 (+0.03); llm_unprompted_mention_rate=0 (+0.01),novel
1043,TMIGD3,AC_like_tumor,IDH_Mutant,tumor,0.0,0.0,0.0,0.0,,,0.0,0.0,0.0,0.0,,0.0,2.0,0.0,0.0,0.0,0.0,0.0,0.0,,0.0,0.0,0.0,0.0,,3,0,1,1,2,72549,446,4249,283,283,0,0.0,1,0,0.0,0.0,0.0,0.0,2,,,,,0,0.18319575757109188,0.026684534786784283,cc_n_cells_e1=7.25e+04 (+0.22); cc_n_cells_e2=446 (+0.05); cc_n_celltypes_total=2 (+0.03),novel
1044,TMIGD3,AC_like_tumor,IDH_WT,tumor,0.0,0.0,0.0,0.0,,,0.0,0.0,0.0,0.0,,0.0,2.0,0.0,0.0,0.0,0.0,0.0,0.0,,0.0,0.0,0.0,0.0,,3,0,1,1,2,72549,446,64812,108,108,0,0.0,0,0,0.0,0.0,0.0,0.0,2,,,,,0,0.18319575757109188,0.026684534786784283,cc_n_cells_e1=7.25e+04 (+0.22); cc_n_cells_e2=446 (+0.05); cc_n_celltypes_total=2 (+0.03),novel
1045,TMIGD3,OPC_GABA_AC_like_tumor,IDH_WT,tumor,0.0,0.0,0.0,0.0,,,0.0,0.0,0.0,0.0,,0.0,2.0,0.0,0.0,0.0,0.0,0.0,0.0,,0.0,0.0,0.0,0.0,,3,0,1,1,2,6202,1012,5384,171,171,0,0.0,0,0,0.0,0.0,0.0,0.0,2,,,,,0,0.18319575757109188,0.026684534786784283,cc_n_cells_e1=6.2e+03 (+0.22); cc_n_cells_e2=1.01e+03 (+0.04); cc_n_celltypes_total=2 (+0.03),novel
1046,C3AR1,OPC_GABA_like_tumor,IDH_Mutant,tumor,0.0,0.0,0.0,0.0,,,0.0,0.0,0.0,0.0,,0.0,2.0,0.0,0.0,0.0,0.0,0.0,0.0,,0.0,0.0,0.0,0.0,,4,0,1,1,1,6741,14114,1658,11741,1658,0,0.0,1,0,0.0,0.0,0.0,0.0,2,,,,,0,0.1828097465507073,0.040241249825967995,cc_n_cells_e1=6.74e+03 (+0.20); cc_n_celltypes_total=1 (+0.06); llm_unprompted_mention_rate=0 (+0.01),novel
1047,NLGN3,OPC_GABA_like_tumor,IDH_WT,tumor,1.0,0.9871474974152122,0.9871474974152122,112.99767565638146,0.315,0.085,0.22999999999999998,1.0,1.0,1.0,0.735934578812126,1.0,2.0,0.0,0.0,0.0,0.0,0.0,0.0,,0.0,0.0,0.0,0.0,,6,0,1,1,1,6741,14114,5040,1935,1935,0,0.0,0,0,0.5,0.5,0.5,0.5,2,1.0,tumor,neuron_tumor,"Venkatesh et al., Cell 2015; Venkatesh et al., Nature 2017",1,0.1823826957203341,0.06832592126752218,llm_mention_rate=0.5 (+0.28); llm_ctx_mention_rate=0.5 (+0.27); cc_n_cells_e1=6.74e+03 (+0.19),literature tier 1 (label)
1048,ITGB2,cycling_tumor,IDH_WT,tumor,1.0,-5.68408205321323,5.68408205321323,13.836336925601357,0.011,0.126,-0.115,-1.0,1.0,1.0,-5.015485281475216,1.0,2.0,0.0,0.0,0.0,0.0,0.0,0.0,,0.0,0.0,0.0,0.0,,4,0,1,2,1,6410,814,5847,663,663,0,-0.0,0,0,0.0,0.0,0.0,0.0,2,,,,,0,0.18222007880190452,0.05314467485047415,cc_n_cells_e1=6.41e+03 (+0.19); deg_pct_e1=0.126 (+0.08); cc_n_celltypes_total=1 (+0.07),novel
1049,TMIGD3,OPC_GABA_AC_like_tumor,IDH_Mutant,tumor,0.0,0.0,0.0,0.0,,,0.0,0.0,0.0,0.0,,0.0,2.0,0.0,0.0,0.0,0.0,0.0,0.0,,0.0,0.0,0.0,0.0,,3,0,1,1,2,6202,1012,352,742,352,0,0.0,1,0,0.0,0.0,0.0,0.0,2,,,,,0,0.1817024790698752,0.026845303241516256,cc_n_cells_e1=6.2e+03 (+0.22); cc_n_cells_e2=1.01e+03 (+0.04); cc_n_celltypes_total=2 (+0.03),novel
1050,SDC3,AC_like_tumor,IDH_WT,tumor,0.0,0.0,0.0,0.0,,,0.0,0.0,0.0,0.0,,0.0,2.0,0.0,0.0,0.0,0.0,0.0,0.0,,0.0,0.0,0.0,0.0,,11,0,1,1,1,72549,446,64812,108,108,0,0.0,0,0,0.0,0.0,0.0,0.0,2,,,,,0,0.18154836891787865,0.028811766914881968,cc_n_cells_e1=7.25e+04 (+0.20); cc_n_celltypes_total=1 (+0.07); cc_n_cells_e2=446 (+0.05),novel
1051,SDC3,OPC_GABA_AC_like_tumor,IDH_WT,tumor,0.0,0.0,0.0,0.0,,,0.0,0.0,0.0,0.0,,0.0,2.0,0.0,0.0,0.0,0.0,0.0,0.0,,0.0,0.0,0.0,0.0,,11,0,1,1,1,6202,1012,5384,171,171,0,0.0,0,0,0.0,0.0,0.0,0.0,2,,,,,0,0.18154836891787865,0.028811766914881968,cc_n_cells_e1=6.2e+03 (+0.20); cc_n_celltypes_total=1 (+0.07); cc_n_cells_e2=1.01e+03 (+0.05),novel
1052,DLL1,TAM1/TAM2/microglia,IDH_Mutant,TAM_microglia,0.0,0.0,0.0,0.0,,,0.0,0.0,0.0,0.0,,0.0,3.0,0.0,0.0,0.0,0.0,0.0,0.0,,0.0,0.0,0.0,0.0,,4,1,0,1,2,12086,25922,2106,21701,2106,0,0.0,1,0,0.0,0.0,0.0,0.0,2,,,,,0,0.18081305931551267,0.028916890981414513,cc_n_cells_e1=1.21e+04 (+0.23); deg_pooled_log2fc=nan (+0.01); llm_unprompted_mention_rate=0 (+0.01),novel
1053,LRP1,TAM1/TAM2/microglia,IDH_Mutant,TAM_microglia,0.0,0.0,0.0,0.0,,,0.0,0.0,0.0,0.0,,0.0,1.0,0.0,2.0,1.0,1.0,0.0018372268831769,0.001612222102132,0.0,1.0,1.0,2.0,2.0,0.0,7,0,1,1,4,12086,25922,2106,21701,2106,0,0.0,1,0,0.0,0.0,0.0,0.0,2,,,,,0,0.18074382880664716,0.01881085130750195,cc_n_cells_e1=1.21e+04 (+0.21); deg_n_celltypes_sig=1 (+0.03); cc_rec_edges=2 (+0.01),novel
1054,PDGFA,OPC_GABA_like_tumor,IDH_Mutant,tumor,0.0,0.0,0.0,0.0,,,0.0,0.0,0.0,0.0,,0.0,1.0,0.0,0.0,0.0,0.0,0.0,0.0,,0.0,0.0,0.0,0.0,,3,1,0,1,1,6741,14114,1658,11741,1658,0,0.0,1,0,0.0,0.0,0.0,0.0,2,,,,,0,0.18011619378381596,0.04950781844785467,cc_n_cells_e1=6.74e+03 (+0.19); cc_n_celltypes_total=1 (+0.07); deg_n_celltypes_sig=1 (+0.05),novel
1055,DLL1,TAM1/TAM2/microglia,IDH_WT,TAM_microglia,0.0,0.0,0.0,0.0,,,0.0,0.0,0.0,0.0,,0.0,2.0,0.0,0.0,0.0,0.0,0.0,0.0,,0.0,0.0,0.0,0.0,,4,1,0,1,2,12086,25922,9696,2745,2745,0,0.0,0,0,0.0,0.0,0.0,0.0,2,,,,,0,0.18000120716634654,0.02708061432729809,cc_n_cells_e1=1.21e+04 (+0.23); deg_pooled_log2fc=nan (+0.01); llm_unprompted_mention_rate=0 (+0.01),novel
1056,TMIGD3,TAM1/TAM2/microglia,IDH_Mutant,TAM_microglia,1.0,0.5176325944833349,0.5176325944833349,33.76859297279575,0.587,0.438,0.14899999999999997,1.0,1.0,1.0,0.6447823146095524,1.0,2.0,0.0,2.0,1.0,1.0,0.0134956831199029,0.0091541146819648,0.0,1.0,1.0,0.0,2.0,0.0,3,0,1,1,2,12086,25922,2106,21701,2106,0,0.0,1,1,0.0,0.0,0.0,0.0,2,,,,,0,0.17993632442966936,0.01582425984835504,cc_n_cells_e1=1.21e+04 (+0.21); deg_pct_diff=0.149 (+0.13); cc_max_prob=0.0135 (+0.06),novel
1057,P4HB,OPC_GABA_like_tumor,IDH_WT,tumor,0.0,0.0,0.0,0.0,,,0.0,0.0,0.0,0.0,,0.0,2.0,0.0,2.0,1.0,1.0,0.0013611245332281,0.00135107769115995,0.0,1.0,1.0,2.0,2.0,0.0,5,0,1,1,3,6741,14114,5040,1935,1935,0,0.0,0,0,0.0,0.0,0.0,0.0,2,,,,,0,0.1798921874691131,0.03217418189672933,cc_n_cells_e1=6.74e+03 (+0.22); cc_n_celltypes_total=3 (+0.03); cc_rec_edges=2 (+0.01),novel
1058,PILRB,OPC_GABA_like_tumor,IDH_WT,tumor,1.0,1.0051135037907433,1.0051135037907433,90.86360947852387,0.254,0.069,0.185,1.0,0.0,0.0,,0.0,2.0,0.0,0.0,0.0,0.0,0.0,0.0,,0.0,0.0,0.0,0.0,,7,0,1,1,1,6741,14114,5040,1935,1935,0,0.0,0,0,0.0,0.0,0.0,0.0,2,,,,,0,0.17977304293004825,0.03719646020406344,cc_n_cells_e1=6.74e+03 (+0.19); deg_pct_diff=0.185 (+0.13); deg_pct_e1=0.069 (+0.11),novel
1059,NLGN3,OPC_GABA_AC_like_tumor,IDH_WT,tumor,0.0,0.0,0.0,0.0,,,0.0,0.0,0.0,0.0,,0.0,2.0,0.0,0.0,0.0,0.0,0.0,0.0,,0.0,0.0,0.0,0.0,,6,0,1,1,1,6202,1012,5384,171,171,0,0.0,0,0,0.5,0.5,0.5,0.5,2,1.0,tumor,neuron_tumor,"Venkatesh et al., Cell 2015; Venkatesh et al., Nature 2017",1,0.17907352130282722,0.050419024401093,llm_mention_rate=0.5 (+0.29); llm_ctx_mention_rate=0.5 (+0.27); cc_n_cells_e1=6.2e+03 (+0.20),literature tier 1 (label)
1060,PCDHGA10,TAM1/TAM2/microglia,IDH_Mutant,TAM_microglia,0.0,0.0,0.0,0.0,,,0.0,0.0,0.0,0.0,,0.0,1.0,0.0,0.0,0.0,0.0,0.0,0.0,,0.0,0.0,0.0,0.0,,2,1,1,1,1,12086,25922,2106,21701,2106,0,0.0,1,0,0.0,0.0,0.0,0.0,2,,,,,0,0.17901267607075072,0.05811885503055455,cc_n_cells_e1=1.21e+04 (+0.18); cc_n_celltypes_total=1 (+0.06); deg_n_celltypes_sig=1 (+0.05),novel
1061,ITGB2,cycling_tumor,IDH_Mutant,tumor,1.0,-5.376244031262254,5.376244031262254,11.710319236366402,0.015,0.415,-0.39999999999999997,-1.0,1.0,1.0,-5.015485281475216,1.0,2.0,0.0,0.0,0.0,0.0,0.0,0.0,,0.0,0.0,0.0,0.0,,4,0,1,2,1,6410,814,270,136,136,0,-0.0,1,0,0.0,0.0,0.0,0.0,2,,,,,0,0.17886252712878264,0.05077433104653545,cc_n_cells_e1=6.41e+03 (+0.19); cc_n_celltypes_total=1 (+0.07); deg_abs_log2fc=5.38 (+0.07),novel
1062,AXL,OPC_GABA_AC_like_tumor,IDH_WT,tumor,0.0,0.0,0.0,0.0,,,0.0,0.0,0.0,0.0,,0.0,0.0,0.0,0.0,0.0,0.0,0.0,0.0,,0.0,0.0,0.0,0.0,,1,0,1,1,1,6202,1012,5384,171,171,0,0.0,0,0,0.0,0.0,0.0,0.0,2,2.0,"TAM_microglia,tumor",myeloid_bridge,TAM receptor family (pathway-level),1,0.17849085615839433,0.03566747262979657,deg_n_celltypes_sig=0 (+0.69); cc_n_cells_e1=6.2e+03 (+0.18); cc_edges_total=1 (+0.11),literature tier 2 (label)
1063,NLGN3,AC_like_tumor,IDH_WT,tumor,0.0,0.0,0.0,0.0,,,0.0,0.0,0.0,0.0,,0.0,2.0,0.0,0.0,0.0,0.0,0.0,0.0,,0.0,0.0,0.0,0.0,,6,0,1,1,1,72549,446,64812,108,108,0,0.0,0,0,0.5,0.5,0.5,0.5,2,1.0,tumor,neuron_tumor,"Venkatesh et al., Cell 2015; Venkatesh et al., Nature 2017",1,0.17826709622878986,0.04928261782508123,llm_mention_rate=0.5 (+0.29); llm_ctx_mention_rate=0.5 (+0.27); cc_n_cells_e1=7.25e+04 (+0.20),literature tier 1 (label)
1064,AREG,TAM1/TAM2/microglia,IDH_Mutant,TAM_microglia,1.0,-3.777906881760644,3.777906881760644,168.48894456347006,0.016,0.115,-0.099,-1.0,1.0,1.0,-3.319258461992185,1.0,2.0,0.0,0.0,0.0,0.0,0.0,0.0,,0.0,0.0,0.0,0.0,,7,1,0,1,1,12086,25922,2106,21701,2106,0,-0.0,1,0,1.0,0.5,11.5,0.0,2,,,,,0,0.17813621639081792,0.0747636877747162,llm_mention_rate=1 (+0.30); cc_n_cells_e1=1.21e+04 (+0.17); llm_mentions_per_run=11.5 (+0.08),novel
1065,HLA-DQB1,OPC_GABA_like_tumor,IDH_Mutant,tumor,0.0,0.0,0.0,0.0,,,0.0,0.0,0.0,0.0,,0.0,2.0,0.0,0.0,0.0,0.0,0.0,0.0,,0.0,0.0,0.0,0.0,,6,1,0,1,2,6741,14114,1658,11741,1658,0,0.0,1,0,0.0,0.0,0.0,0.0,2,,,,,0,0.17812683181819547,0.035030132761268776,cc_n_cells_e1=6.74e+03 (+0.23); cc_n_celltypes_total=2 (+0.02); llm_unprompted_mention_rate=0 (+0.01),novel
1066,TMIGD3,TAM1/TAM2/microglia,IDH_WT,TAM_microglia,1.0,0.7440367137161494,0.7440367137161494,85.54630245605291,0.583,0.374,0.20899999999999996,1.0,1.0,1.0,0.6447823146095524,1.0,2.0,0.0,2.0,1.0,1.0,0.0134956831199029,0.0091541146819648,0.0,1.0,1.0,0.0,2.0,0.0,3,0,1,1,2,12086,25922,9696,2745,2745,0,0.0,0,1,0.0,0.0,0.0,0.0,2,,,,,0,0.17804524857901582,0.01789439378427121,cc_n_cells_e1=1.21e+04 (+0.21); deg_pct_diff=0.209 (+0.12); cc_max_prob=0.0135 (+0.06),novel
1067,AXL,AC_like_tumor,IDH_WT,tumor,0.0,0.0,0.0,0.0,,,0.0,0.0,0.0,0.0,,0.0,0.0,0.0,0.0,0.0,0.0,0.0,0.0,,0.0,0.0,0.0,0.0,,1,0,1,1,1,72549,446,64812,108,108,0,0.0,0,0,0.0,0.0,0.0,0.0,2,2.0,"TAM_microglia,tumor",myeloid_bridge,TAM receptor family (pathway-level),1,0.17791566663894579,0.035984447171997044,deg_n_celltypes_sig=0 (+0.69); cc_n_cells_e1=7.25e+04 (+0.18); cc_edges_total=1 (+0.11),literature tier 2 (label)
1068,AXL,AC_like_tumor,IDH_Mutant,tumor,0.0,0.0,0.0,0.0,,,0.0,0.0,0.0,0.0,,0.0,0.0,0.0,0.0,0.0,0.0,0.0,0.0,,0.0,0.0,0.0,0.0,,1,0,1,1,1,72549,446,4249,283,283,0,0.0,1,0,0.0,0.0,0.0,0.0,2,2.0,"TAM_microglia,tumor",myeloid_bridge,TAM receptor family (pathway-level),1,0.17791566663894579,0.035984447171997044,deg_n_celltypes_sig=0 (+0.65); cc_n_cells_e1=7.25e+04 (+0.18); cc_edges_total=1 (+0.11),literature tier 2 (label)
1069,NLGN3,OPC_GABA_AC_like_tumor,IDH_Mutant,tumor,0.0,0.0,0.0,0.0,,,0.0,0.0,0.0,0.0,,0.0,2.0,0.0,0.0,0.0,0.0,0.0,0.0,,0.0,0.0,0.0,0.0,,6,0,1,1,1,6202,1012,352,742,352,0,0.0,1,0,0.5,0.5,0.5,0.5,2,1.0,tumor,neuron_tumor,"Venkatesh et al., Cell 2015; Venkatesh et al., Nature 2017",1,0.17737923683779422,0.050070358151289164,llm_mention_rate=0.5 (+0.29); llm_ctx_mention_rate=0.5 (+0.27); cc_n_cells_e1=6.2e+03 (+0.20),literature tier 1 (label)
1070,NLGN3,AC_like_tumor,IDH_Mutant,tumor,0.0,0.0,0.0,0.0,,,0.0,0.0,0.0,0.0,,0.0,2.0,0.0,0.0,0.0,0.0,0.0,0.0,,0.0,0.0,0.0,0.0,,6,0,1,1,1,72549,446,4249,283,283,0,0.0,1,0,0.5,0.5,0.5,0.5,2,1.0,tumor,neuron_tumor,"Venkatesh et al., Cell 2015; Venkatesh et al., Nature 2017",1,0.1772233864199793,0.04824273911050267,llm_mention_rate=0.5 (+0.29); llm_ctx_mention_rate=0.5 (+0.27); cc_n_cells_e1=7.25e+04 (+0.20),literature tier 1 (label)
1071,LRP1,AC_like_tumor,IDH_WT,tumor,0.0,0.0,0.0,0.0,,,0.0,0.0,0.0,0.0,,0.0,2.0,0.0,2.0,1.0,1.0,0.0013213158667165,0.00126051260428745,0.0,1.0,1.0,0.0,2.0,0.0,7,0,1,1,4,72549,446,64812,108,108,0,0.0,0,0,0.0,0.0,0.0,0.0,2,,,,,0,0.17705372236113556,0.041729579736179724,cc_n_cells_e1=7.25e+04 (+0.22); cc_n_cells_e2=446 (+0.05); cc_n_celltypes_total=4 (+0.03),novel
1072,LGALS9,cycling_tumor,IDH_Mutant,tumor,1.0,-6.546732154157838,6.546732154157838,1.9312502498049535,0.007,0.181,-0.174,-1.0,0.0,0.0,,0.0,1.0,0.0,0.0,0.0,0.0,0.0,0.0,,0.0,0.0,0.0,0.0,,13,1,0,1,1,6410,814,270,136,136,0,-0.0,1,0,0.0,0.0,0.0,0.0,2,2.0,"tumor,TAM_microglia",immune_synapse,HAVCR2 ligand (pathway-level),1,0.17684011336665817,0.02954199220917504,cc_edges_total=13 (+0.54); cc_n_cells_e1=6.41e+03 (+0.21); cc_n_celltypes_total=1 (+0.12),literature tier 2 (label)
1073,PCDHGA10,AC_like_tumor,IDH_WT,tumor,0.0,0.0,0.0,0.0,,,0.0,0.0,0.0,0.0,,0.0,2.0,0.0,0.0,0.0,0.0,0.0,0.0,,0.0,0.0,0.0,0.0,,2,1,1,1,1,72549,446,64812,108,108,0,0.0,0,0,0.0,0.0,0.0,0.0,2,,,,,0,0.1767965285622645,0.06139852262685584,cc_n_cells_e1=7.25e+04 (+0.19); cc_n_celltypes_total=1 (+0.07); cc_n_cells_e2=446 (+0.05),novel
1074,PCDHGA10,OPC_GABA_AC_like_tumor,IDH_WT,tumor,0.0,0.0,0.0,0.0,,,0.0,0.0,0.0,0.0,,0.0,2.0,0.0,0.0,0.0,0.0,0.0,0.0,,0.0,0.0,0.0,0.0,,2,1,1,1,1,6202,1012,5384,171,171,0,0.0,0,0,0.0,0.0,0.0,0.0,2,,,,,0,0.1767965285622645,0.06139852262685584,cc_n_cells_e1=6.2e+03 (+0.19); cc_n_celltypes_total=1 (+0.07); cc_n_cells_e2=1.01e+03 (+0.04),novel
1075,LILRB4,TAM1/TAM2/microglia,IDH_Mutant,TAM_microglia,1.0,0.5650212558480195,0.5650212558480195,29.945221010661594,0.498,0.356,0.14200000000000002,1.0,1.0,1.0,0.7510720576257953,1.0,2.0,0.0,4.0,2.0,2.0,0.0042054497069747,0.0031089893414732502,0.0,1.0,1.0,0.0,4.0,0.0,4,0,1,1,1,12086,25922,2106,21701,2106,0,0.0,1,1,0.0,0.0,0.0,0.0,2,2.0,TAM_microglia,myeloid_bridge,Myeloid checkpoint (pathway-level),1,0.17645179097764488,0.03709298749070796,cc_n_cells_e1=1.21e+04 (+0.20); cc_edges_e2=2 (+0.15); deg_pct_diff=0.142 (+0.13),literature tier 2 (label)
1076,JAM2,TAM1/TAM2/microglia,IDH_WT,TAM_microglia,0.0,0.0,0.0,0.0,,,0.0,0.0,0.0,0.0,,0.0,2.0,0.0,0.0,0.0,0.0,0.0,0.0,,0.0,0.0,0.0,0.0,,6,1,1,1,1,12086,25922,9696,2745,2745,0,0.0,0,0,0.0,0.0,0.0,0.0,2,,,,,0,0.1762513850364701,0.03986805528178438,cc_n_cells_e1=1.21e+04 (+0.20); cc_n_celltypes_total=1 (+0.05); llm_unprompted_mention_rate=0 (+0.01),novel
1077,AXL,cycling_tumor,IDH_Mutant,tumor,0.0,0.0,0.0,0.0,,,0.0,0.0,0.0,0.0,,0.0,0.0,0.0,0.0,0.0,0.0,0.0,0.0,,0.0,0.0,0.0,0.0,,1,0,1,1,1,6410,814,270,136,136,0,0.0,1,0,0.0,0.0,0.0,0.0,2,2.0,"TAM_microglia,tumor",myeloid_bridge,TAM receptor family (pathway-level),1,0.17608440207896997,0.03483919200732403,deg_n_celltypes_sig=0 (+0.64); cc_n_cells_e1=6.41e+03 (+0.18); cc_edges_total=1 (+0.11),literature tier 2 (label)
1078,AXL,OPC_GABA_AC_like_tumor,IDH_Mutant,tumor,0.0,0.0,0.0,0.0,,,0.0,0.0,0.0,0.0,,0.0,0.0,0.0,0.0,0.0,0.0,0.0,0.0,,0.0,0.0,0.0,0.0,,1,0,1,1,1,6202,1012,352,742,352,0,0.0,1,0,0.0,0.0,0.0,0.0,2,2.0,"TAM_microglia,tumor",myeloid_bridge,TAM receptor family (pathway-level),1,0.17601596650149937,0.034378180329961226,deg_n_celltypes_sig=0 (+0.64); cc_n_cells_e1=6.2e+03 (+0.18); cc_edges_total=1 (+0.11),literature tier 2 (label)
1079,HLA-E,OPC_GABA_AC_like_tumor,IDH_Mutant,tumor,1.0,-3.0950851419943675,3.0950851419943675,8.232795862160836,0.022,0.131,-0.10900000000000001,-1.0,0.0,0.0,-2.0956343316487085,1.0,4.0,0.0,0.0,0.0,0.0,0.0,0.0,,0.0,0.0,0.0,0.0,,6,1,0,1,4,6202,1012,352,742,352,0,-0.0,1,0,0.0,0.0,0.0,0.0,2,,,,,0,0.17519214763211957,0.029186156659917653,cc_n_cells_e1=6.2e+03 (+0.22); deg_pct_e1=0.131 (+0.08); deg_n_celltypes_sig=4 (+0.07),novel
1080,JAM2,TAM1/TAM2/microglia,IDH_Mutant,TAM_microglia,0.0,0.0,0.0,0.0,,,0.0,0.0,0.0,0.0,,0.0,2.0,0.0,0.0,0.0,0.0,0.0,0.0,,0.0,0.0,0.0,0.0,,6,1,1,1,1,12086,25922,2106,21701,2106,0,0.0,1,0,0.0,0.0,0.0,0.0,2,,,,,0,0.17516042430170103,0.04152448804250276,cc_n_cells_e1=1.21e+04 (+0.20); cc_n_celltypes_total=1 (+0.05); llm_unprompted_mention_rate=0 (+0.01),novel
1081,SDC3,OPC_GABA_like_tumor,IDH_Mutant,tumor,1.0,-1.4206875002699166,1.4206875002699166,87.74539551126912,0.143,0.343,-0.20000000000000004,-1.0,1.0,0.0,,0.0,1.0,0.0,0.0,0.0,0.0,0.0,0.0,,0.0,0.0,0.0,0.0,,11,0,1,1,1,6741,14114,1658,11741,1658,0,-0.0,1,0,0.0,0.0,0.0,0.0,2,,,,,0,0.1748002994497213,0.04366956669093812,cc_n_cells_e1=6.74e+03 (+0.19); cc_n_celltypes_total=1 (+0.07); deg_n_celltypes_sig=1 (+0.06),novel
1082,HLA-DPA1,cycling_tumor,IDH_Mutant,tumor,1.0,-6.414590555331722,6.414590555331722,23.73277137125242,0.066,0.644,-0.5780000000000001,-1.0,1.0,1.0,-6.10068956686858,1.0,4.0,2.0,0.0,0.0,2.0,0.0128370136176889,0.00696083524510625,0.0,1.0,1.0,2.0,2.0,-1.0,14,1,0,1,5,6410,814,270,136,136,0,1.0,1,1,1.0,1.0,2.0,0.0,2,,,,,0,0.17477107149306986,0.03473455877888498,cc_edges_total=14 (+0.27); cc_n_cells_e1=6.41e+03 (+0.24); llm_mention_rate=1 (+0.21),novel
1083,HLA-DMB,cycling_tumor,IDH_Mutant,tumor,1.0,-5.173753514312838,5.173753514312838,2.713921114491697,0.022,0.226,-0.20400000000000001,-1.0,1.0,1.0,-6.1258997909701325,1.0,2.0,0.0,0.0,0.0,0.0,0.0,0.0,,0.0,0.0,0.0,0.0,,4,1,0,1,1,6410,814,270,136,136,0,-0.0,1,0,0.0,0.0,0.0,0.0,2,,,,,0,0.17450153760060572,0.03999371029662317,cc_n_cells_e1=6.41e+03 (+0.19); cc_n_celltypes_total=1 (+0.07); deg_abs_log2fc=5.17 (+0.07),novel
1084,TGFBR1,AC_like_tumor,IDH_Mutant,tumor,0.0,0.0,0.0,0.0,,,0.0,0.0,0.0,0.0,,0.0,2.0,0.0,0.0,0.0,0.0,0.0,0.0,,0.0,0.0,0.0,0.0,,4,0,1,1,1,72549,446,4249,283,283,0,0.0,1,0,0.0,0.0,0.0,0.0,2,,,,,0,0.17437918119513315,0.04093763188144813,cc_n_cells_e1=7.25e+04 (+0.20); cc_n_celltypes_total=1 (+0.07); cc_n_cells_e2=446 (+0.05),novel
1085,TGFBR1,AC_like_tumor,IDH_WT,tumor,0.0,0.0,0.0,0.0,,,0.0,0.0,0.0,0.0,,0.0,2.0,0.0,0.0,0.0,0.0,0.0,0.0,,0.0,0.0,0.0,0.0,,4,0,1,1,1,72549,446,64812,108,108,0,0.0,0,0,0.0,0.0,0.0,0.0,2,,,,,0,0.17437918119513315,0.04093763188144813,cc_n_cells_e1=7.25e+04 (+0.20); cc_n_celltypes_total=1 (+0.07); cc_n_cells_e2=446 (+0.05),novel
1086,TGFBR1,OPC_GABA_AC_like_tumor,IDH_WT,tumor,0.0,0.0,0.0,0.0,,,0.0,0.0,0.0,0.0,,0.0,2.0,0.0,0.0,0.0,0.0,0.0,0.0,,0.0,0.0,0.0,0.0,,4,0,1,1,1,6202,1012,5384,171,171,0,0.0,0,0,0.0,0.0,0.0,0.0,2,,,,,0,0.17437918119513315,0.04093763188144813,cc_n_cells_e1=6.2e+03 (+0.20); cc_n_celltypes_total=1 (+0.07); cc_n_cells_e2=1.01e+03 (+0.04),novel
1087,AXL,cycling_tumor,IDH_WT,tumor,0.0,0.0,0.0,0.0,,,0.0,0.0,0.0,0.0,,0.0,0.0,0.0,0.0,0.0,0.0,0.0,0.0,,0.0,0.0,0.0,0.0,,1,0,1,1,1,6410,814,5847,663,663,0,0.0,0,0,0.0,0.0,0.0,0.0,2,2.0,"TAM_microglia,tumor",myeloid_bridge,TAM receptor family (pathway-level),1,0.17437100456842286,0.03482566235209306,deg_n_celltypes_sig=0 (+0.69); cc_n_cells_e1=6.41e+03 (+0.18); cc_edges_total=1 (+0.11),literature tier 2 (label)
1088,HLA-DPA1,cycling_tumor,IDH_WT,tumor,1.0,-6.148412632684496,6.148412632684496,104.62802093879925,0.063,0.52,-0.457,-1.0,1.0,1.0,-6.10068956686858,1.0,5.0,2.0,0.0,0.0,2.0,0.0128370136176889,0.00696083524510625,0.0,1.0,1.0,2.0,2.0,-1.0,14,1,0,1,5,6410,814,5847,663,663,0,1.0,0,1,1.0,1.0,2.0,0.0,2,,,,,0,0.17313514273050776,0.034625602935284445,cc_edges_total=14 (+0.27); cc_n_cells_e1=6.41e+03 (+0.24); llm_mention_rate=1 (+0.21),novel
1089,GRIA4,T cell,IDH_WT,T_cell,0.0,0.0,0.0,0.0,,,0.0,0.0,0.0,0.0,,0.0,2.0,0.0,0.0,0.0,0.0,0.0,0.0,,0.0,0.0,0.0,0.0,,15,0,1,1,4,2662,1463,1681,1118,1118,0,0.0,0,0,1.0,1.0,1.0,0.0,2,2.0,tumor,neuron_tumor,"AMPAR subunit family; Venkatesh et al., Nature 2019",0,0.17278542436533578,0.052537218519924336,llm_mentions_per_run=1 (+0.44); cc_edges_total=15 (+0.34); llm_mention_rate=1 (+0.27),"literature gene, other compartment"
1090,TGFBR1,cycling_tumor,IDH_Mutant,tumor,0.0,0.0,0.0,0.0,,,0.0,0.0,0.0,0.0,,0.0,2.0,0.0,0.0,0.0,0.0,0.0,0.0,,0.0,0.0,0.0,0.0,,4,0,1,1,1,6410,814,270,136,136,0,0.0,1,0,0.0,0.0,0.0,0.0,2,,,,,0,0.17263821915870803,0.040327585288221834,cc_n_cells_e1=6.41e+03 (+0.20); cc_n_celltypes_total=1 (+0.07); cc_n_cells_e2=814 (+0.05),novel
1091,TGFBR1,cycling_tumor,IDH_WT,tumor,0.0,0.0,0.0,0.0,,,0.0,0.0,0.0,0.0,,0.0,2.0,0.0,0.0,0.0,0.0,0.0,0.0,,0.0,0.0,0.0,0.0,,4,0,1,1,1,6410,814,5847,663,663,0,0.0,0,0,0.0,0.0,0.0,0.0,2,,,,,0,0.17201584579822823,0.040552099188374394,cc_n_cells_e1=6.41e+03 (+0.20); cc_n_celltypes_total=1 (+0.07); cc_n_cells_e2=814 (+0.05),novel
1092,ANXA1,OPC_GABA_AC_like_tumor,IDH_WT,tumor,1.0,-3.3981163625903408,3.3981163625903408,3.7126320094508953,0.029,0.21,-0.181,-1.0,0.0,0.0,-5.405165505232273,1.0,4.0,0.0,0.0,0.0,0.0,0.0,0.0,,0.0,0.0,0.0,0.0,,10,1,0,1,4,6202,1012,5384,171,171,0,-0.0,0,0,0.0,0.0,0.0,0.0,2,,,,,0,0.17151639096031437,0.030381115545354054,cc_n_cells_e1=6.2e+03 (+0.22); deg_n_celltypes_sig=4 (+0.06); deg_pct_e1=0.21 (+0.06),novel
1093,HLA-E,OPC_GABA_like_tumor,IDH_Mutant,tumor,1.0,-3.530087658998165,3.530087658998165,300.0,0.051,0.417,-0.366,-1.0,0.0,0.0,-2.6572544460266494,1.0,4.0,0.0,0.0,0.0,0.0,0.0,0.0,,0.0,0.0,0.0,0.0,,6,1,0,1,4,6741,14114,1658,11741,1658,0,-0.0,1,0,0.0,0.0,0.0,0.0,2,,,,,0,0.17141607729734426,0.023955903413878054,cc_n_cells_e1=6.74e+03 (+0.22); deg_neglog10_padj=300 (+0.08); deg_n_celltypes_sig=4 (+0.07),novel
1094,TMIGD3,OPC_GABA_like_tumor,IDH_WT,tumor,0.0,0.0,0.0,0.0,,,0.0,0.0,0.0,0.0,,0.0,2.0,0.0,0.0,0.0,0.0,0.0,0.0,,0.0,0.0,0.0,0.0,,3,0,1,1,2,6741,14114,5040,1935,1935,0,0.0,0,0,0.0,0.0,0.0,0.0,2,,,,,0,0.17136232836364917,0.023312629572129363,cc_n_cells_e1=6.74e+03 (+0.22); cc_n_celltypes_total=2 (+0.02); llm_unprompted_mention_rate=0 (+0.01),novel
1095,TMIGD3,OPC_GABA_like_tumor,IDH_Mutant,tumor,0.0,0.0,0.0,0.0,,,0.0,0.0,0.0,0.0,,0.0,2.0,0.0,0.0,0.0,0.0,0.0,0.0,,0.0,0.0,0.0,0.0,,3,0,1,1,2,6741,14114,1658,11741,1658,0,0.0,1,0,0.0,0.0,0.0,0.0,2,,,,,0,0.17136232836364917,0.023312629572129363,cc_n_cells_e1=6.74e+03 (+0.22); cc_n_celltypes_total=2 (+0.02); llm_unprompted_mention_rate=0 (+0.01),novel
1096,TGFBR1,OPC_GABA_AC_like_tumor,IDH_Mutant,tumor,0.0,0.0,0.0,0.0,,,0.0,0.0,0.0,0.0,,0.0,2.0,0.0,0.0,0.0,0.0,0.0,0.0,,0.0,0.0,0.0,0.0,,4,0,1,1,1,6202,1012,352,742,352,0,0.0,1,0,0.0,0.0,0.0,0.0,2,,,,,0,0.17120731234267017,0.04108519789690236,cc_n_cells_e1=6.2e+03 (+0.20); cc_n_celltypes_total=1 (+0.07); cc_n_cells_e2=1.01e+03 (+0.04),novel
1097,LILRB4,OPC_GABA_like_tumor,IDH_Mutant,tumor,0.0,0.0,0.0,0.0,,,0.0,0.0,0.0,0.0,,0.0,2.0,0.0,0.0,0.0,0.0,0.0,0.0,,0.0,0.0,0.0,0.0,,4,0,1,1,1,6741,14114,1658,11741,1658,0,0.0,1,0,0.0,0.0,0.0,0.0,2,2.0,TAM_microglia,myeloid_bridge,Myeloid checkpoint (pathway-level),0,0.1711427978150996,0.0327565551610369,cc_n_cells_e1=6.74e+03 (+0.20); cc_n_celltypes_total=1 (+0.06); llm_unprompted_mention_rate=0 (+0.01),"literature gene, other compartment"
1098,LRP1,OPC_GABA_AC_like_tumor,IDH_WT,tumor,0.0,0.0,0.0,0.0,,,0.0,0.0,0.0,0.0,,0.0,2.0,0.0,0.0,0.0,0.0,0.0,0.0,,0.0,0.0,0.0,0.0,,7,0,1,1,4,6202,1012,5384,171,171,0,0.0,0,0,0.0,0.0,0.0,0.0,2,,,,,0,0.17109119110176735,0.03919567515358776,cc_n_cells_e1=6.2e+03 (+0.22); cc_n_cells_e2=1.01e+03 (+0.05); cc_n_celltypes_total=4 (+0.03),novel
1099,HLA-DRA,T cell,IDH_Mutant,T_cell,0.0,0.0,0.0,0.0,,,0.0,0.0,0.0,0.0,,0.0,5.0,4.0,0.0,2.0,2.0,0.0155067311054044,0.005776417214999927,0.0,1.0,1.0,4.0,4.0,0.0,20,1,0,1,7,2662,1463,941,334,334,0,0.0,1,0,1.0,1.0,41.0,0.0,2,2.0,TAM_microglia,immune_synapse,MHC-II antigen presentation (pathway-level),0,0.17103558085648443,0.052727488891958746,llm_mentions_per_run=41 (+0.26); llm_mention_rate=1 (+0.22); cc_edges_total=20 (+0.21),"literature gene, other compartment"
1100,SDC3,cycling_tumor,IDH_WT,tumor,1.0,0.6181945221876667,0.6181945221876667,45.43056657574756,0.291,0.087,0.204,1.0,0.0,0.0,0.6175999945696687,1.0,2.0,0.0,11.0,11.0,0.0,0.0141883084146195,0.008330391207846137,0.0,1.0,7.0,3.0,11.0,1.0,11,0,1,1,1,6410,814,5847,663,663,0,1.0,0,1,0.0,0.0,0.0,0.0,2,,,,,0,0.17101226452639823,0.029796155893311006,cc_n_partners=7 (+0.22); cc_n_cells_e1=6.41e+03 (+0.18); cc_edges_e2=11 (+0.12),novel
1101,APOE,T cell,IDH_Mutant,T_cell,0.0,0.0,0.0,0.0,,,0.0,0.0,0.0,0.0,,0.0,5.0,6.0,0.0,3.0,3.0,0.1125528420381205,0.06786869683633903,0.02,1.0,2.0,6.0,6.0,0.0,36,1,0,1,7,2662,1463,941,334,334,0,0.0,1,0,1.0,0.5,5.0,0.0,2,2.0,TAM_microglia,myeloid_bridge,TAM lipid program (pathway-level),0,0.17092121268998514,0.061565093367144864,cc_n_partners=2 (+0.47); llm_mention_rate=1 (+0.19); cc_edges_e2=3 (+0.16),"literature gene, other compartment"
1102,KLRC2,TAM1/TAM2/microglia,IDH_Mutant,TAM_microglia,0.0,0.0,0.0,0.0,,,0.0,0.0,0.0,0.0,,0.0,3.0,0.0,0.0,0.0,0.0,0.0,0.0,,0.0,0.0,0.0,0.0,,6,0,1,1,1,12086,25922,2106,21701,2106,0,0.0,1,0,0.0,0.0,0.0,0.0,2,,,,,0,0.17053554468329685,0.01838247071149619,cc_n_cells_e1=1.21e+04 (+0.20); cc_n_celltypes_total=1 (+0.05); llm_unprompted_mention_rate=0 (+0.01),novel
1103,CLEC2D,OPC_GABA_like_tumor,IDH_Mutant,tumor,0.0,0.0,0.0,0.0,,,0.0,0.0,0.0,0.0,,0.0,1.0,0.0,0.0,0.0,0.0,0.0,0.0,,0.0,0.0,0.0,0.0,,2,1,0,1,1,6741,14114,1658,11741,1658,0,0.0,1,0,0.5,0.5,1.5,0.0,2,1.0,"tumor,TAM_microglia",immune_synapse,"Mathewson et al., Cell 2021",1,0.17043263873016018,0.04540240107185388,llm_mentions_per_run=1.5 (+0.50); llm_mention_rate=0.5 (+0.35); cc_n_cells_e1=6.74e+03 (+0.19),literature tier 1 (label)
1104,CD69,T cell,IDH_Mutant,T_cell,1.0,-0.5267865336035498,0.5267865336035498,1.4711407130907908,0.716,0.799,-0.08300000000000007,-1.0,1.0,1.0,-0.8759182319456174,1.0,1.0,4.0,0.0,2.0,2.0,0.0319079660883083,0.019165476305495574,0.0,1.0,1.0,0.0,4.0,0.0,6,1,0,1,2,2662,1463,941,334,334,0,-0.0,1,1,1.0,1.0,2.0,1.0,2,,,,,0,0.16940954498717023,0.09519215420230548,llm_ctx_mention_rate=1 (+0.89); llm_mention_rate=1 (+0.28); cc_edges_e2=2 (+0.14),novel
1105,SDC3,cycling_tumor,IDH_Mutant,tumor,0.0,0.0,0.0,0.0,,,0.0,0.0,0.0,0.0,,0.0,1.0,0.0,11.0,11.0,0.0,0.0141883084146195,0.008330391207846137,0.0,1.0,7.0,3.0,11.0,1.0,11,0,1,1,1,6410,814,270,136,136,0,0.0,1,0,0.0,0.0,0.0,0.0,2,,,,,0,0.16926473902159275,0.04706813226735902,cc_n_cells_e1=6.41e+03 (+0.18); cc_n_partners=7 (+0.13); cc_edges_e2=11 (+0.12),novel
1106,PDGFA,TAM1/TAM2/microglia,IDH_WT,TAM_microglia,1.0,0.7501813064898899,0.7501813064898899,11.777955462787475,0.107,0.061,0.046,1.0,1.0,1.0,1.0941414152147104,1.0,2.0,0.0,0.0,0.0,0.0,0.0,0.0,,0.0,0.0,0.0,0.0,,3,1,0,1,1,12086,25922,9696,2745,2745,0,0.0,0,0,0.0,0.0,0.0,0.0,2,,,,,0,0.16906589282815088,0.028657752495953533,cc_n_cells_e1=1.21e+04 (+0.20); deg_pct_e1=0.061 (+0.10); deg_pooled_log2fc=1.09 (+0.07),novel
1107,LRP1,OPC_GABA_like_tumor,IDH_WT,tumor,1.0,-0.2986299695038781,0.2986299695038781,12.025838310554176,0.624,0.382,0.242,-1.0,1.0,0.0,-0.3970250506283217,1.0,2.0,0.0,2.0,1.0,1.0,0.0022437004159293,0.00209525130186495,0.0,1.0,1.0,0.0,2.0,0.0,7,0,1,1,4,6741,14114,5040,1935,1935,0,-0.0,0,1,0.0,0.0,0.0,0.0,2,,,,,0,0.16887340401818168,0.0595019250332251,cc_n_cells_e1=6.74e+03 (+0.22); deg_pct_diff=0.242 (+0.16); cc_n_celltypes_total=4 (+0.04),novel
1108,HLA-DMA,AC_like_tumor,IDH_Mutant,tumor,0.0,0.0,0.0,0.0,,,0.0,0.0,0.0,0.0,,0.0,2.0,0.0,0.0,0.0,0.0,0.0,0.0,,0.0,0.0,0.0,0.0,,8,1,0,1,3,72549,446,4249,283,283,0,0.0,1,0,0.0,0.0,0.0,0.0,2,,,,,0,0.16854280611044822,0.02968446344878933,cc_n_cells_e1=7.25e+04 (+0.23); cc_n_cells_e2=446 (+0.05); cc_n_celltypes_total=3 (+0.03),novel
1109,HLA-DQB1,cycling_tumor,IDH_Mutant,tumor,1.0,-6.389090176778849,6.389090176778849,8.159306206834312,0.029,0.356,-0.32699999999999996,-1.0,1.0,1.0,-6.677965434719021,1.0,2.0,0.0,0.0,0.0,0.0,0.0,0.0,,0.0,0.0,0.0,0.0,,6,1,0,1,2,6410,814,270,136,136,0,-0.0,1,0,0.0,0.0,0.0,0.0,2,,,,,0,0.1685125330712434,0.03833557049611049,cc_n_cells_e1=6.41e+03 (+0.22); deg_abs_log2fc=6.39 (+0.07); cc_n_cells_e2=814 (+0.05),novel
1110,LGALS9,AC_like_tumor,IDH_WT,tumor,0.0,0.0,0.0,0.0,,,0.0,0.0,0.0,0.0,,0.0,1.0,0.0,0.0,0.0,0.0,0.0,0.0,,0.0,0.0,0.0,0.0,,13,1,0,1,1,72549,446,64812,108,108,0,0.0,0,0,0.0,0.0,0.0,0.0,2,2.0,"tumor,TAM_microglia",immune_synapse,HAVCR2 ligand (pathway-level),1,0.16820918545331442,0.027975373335133634,cc_edges_total=13 (+0.55); cc_n_cells_e1=7.25e+04 (+0.21); cc_n_celltypes_total=1 (+0.12),literature tier 2 (label)
1111,LGALS9,OPC_GABA_AC_like_tumor,IDH_WT,tumor,0.0,0.0,0.0,0.0,,,0.0,0.0,0.0,0.0,,0.0,1.0,0.0,0.0,0.0,0.0,0.0,0.0,,0.0,0.0,0.0,0.0,,13,1,0,1,1,6202,1012,5384,171,171,0,0.0,0,0,0.0,0.0,0.0,0.0,2,2.0,"tumor,TAM_microglia",immune_synapse,HAVCR2 ligand (pathway-level),1,0.16820918545331442,0.027975373335133634,cc_edges_total=13 (+0.55); cc_n_cells_e1=6.2e+03 (+0.21); cc_n_celltypes_total=1 (+0.12),literature tier 2 (label)
1112,LGALS9,OPC_GABA_AC_like_tumor,IDH_Mutant,tumor,0.0,0.0,0.0,0.0,,,0.0,0.0,0.0,0.0,,0.0,1.0,0.0,0.0,0.0,0.0,0.0,0.0,,0.0,0.0,0.0,0.0,,13,1,0,1,1,6202,1012,352,742,352,0,0.0,1,0,0.0,0.0,0.0,0.0,2,2.0,"tumor,TAM_microglia",immune_synapse,HAVCR2 ligand (pathway-level),1,0.16743458358158342,0.028951944647621252,cc_edges_total=13 (+0.55); cc_n_cells_e1=6.2e+03 (+0.21); cc_n_celltypes_total=1 (+0.12),literature tier 2 (label)
1113,LGALS9,cycling_tumor,IDH_WT,tumor,0.0,0.0,0.0,0.0,,,0.0,0.0,0.0,0.0,,0.0,1.0,0.0,0.0,0.0,0.0,0.0,0.0,,0.0,0.0,0.0,0.0,,13,1,0,1,1,6410,814,5847,663,663,0,0.0,0,0,0.0,0.0,0.0,0.0,2,2.0,"tumor,TAM_microglia",immune_synapse,HAVCR2 ligand (pathway-level),1,0.16743458358158342,0.028951944647621252,cc_edges_total=13 (+0.55); cc_n_cells_e1=6.41e+03 (+0.21); cc_n_celltypes_total=1 (+0.12),literature tier 2 (label)
1114,LGALS9,AC_like_tumor,IDH_Mutant,tumor,0.0,0.0,0.0,0.0,,,0.0,0.0,0.0,0.0,,0.0,1.0,0.0,0.0,0.0,0.0,0.0,0.0,,0.0,0.0,0.0,0.0,,13,1,0,1,1,72549,446,4249,283,283,0,0.0,1,0,0.0,0.0,0.0,0.0,2,2.0,"tumor,TAM_microglia",immune_synapse,HAVCR2 ligand (pathway-level),1,0.16743458358158342,0.028951944647621252,cc_edges_total=13 (+0.55); cc_n_cells_e1=7.25e+04 (+0.21); cc_n_celltypes_total=1 (+0.12),literature tier 2 (label)
1115,AREG,TAM1/TAM2/microglia,IDH_WT,TAM_microglia,1.0,-0.8546221706978485,0.8546221706978485,9.049947087920996,0.163,0.226,-0.063,-1.0,1.0,1.0,-3.319258461992185,1.0,2.0,0.0,0.0,0.0,0.0,0.0,0.0,,0.0,0.0,0.0,0.0,,7,1,0,1,1,12086,25922,9696,2745,2745,0,-0.0,0,0,1.0,0.5,11.5,0.0,2,,,,,0,0.16733484227953005,0.06822154728397317,llm_mention_rate=1 (+0.30); cc_n_cells_e1=1.21e+04 (+0.17); llm_mentions_per_run=11.5 (+0.10),novel
1116,LRP1,cycling_tumor,IDH_WT,tumor,1.0,0.4402104935675045,0.4402104935675045,44.599803754901764,0.493,0.193,0.3,1.0,0.0,0.0,0.3361807236365826,1.0,2.0,0.0,1.0,1.0,0.0,0.0014757899052933,0.0014757899052933,0.0,1.0,1.0,0.0,1.0,1.0,7,0,1,1,4,6410,814,5847,663,663,0,1.0,0,1,0.0,0.0,0.0,0.0,2,,,,,0,0.16721243151097945,0.05399974856199454,cc_n_cells_e1=6.41e+03 (+0.21); deg_pct_diff=0.3 (+0.14); cc_n_celltypes_total=4 (+0.05),novel
1117,COL9A1,TAM1/TAM2/microglia,IDH_WT,TAM_microglia,0.0,0.0,0.0,0.0,,,0.0,0.0,0.0,0.0,,0.0,2.0,0.0,0.0,0.0,0.0,0.0,0.0,,0.0,0.0,0.0,0.0,,5,1,0,1,1,12086,25922,9696,2745,2745,0,0.0,0,0,0.0,0.0,0.0,0.0,2,,,,,0,0.16703874008217415,0.04692569198743178,cc_n_cells_e1=1.21e+04 (+0.20); cc_n_celltypes_total=1 (+0.05); deg_pooled_log2fc=nan (+0.01),novel
1118,SDC3,TAM1/TAM2/microglia,IDH_Mutant,TAM_microglia,0.0,0.0,0.0,0.0,,,0.0,0.0,0.0,0.0,,0.0,1.0,0.0,0.0,0.0,0.0,0.0,0.0,,0.0,0.0,0.0,0.0,,11,0,1,1,1,12086,25922,2106,21701,2106,0,0.0,1,0,0.0,0.0,0.0,0.0,2,,,,,0,0.16629809495461334,0.02483090739682007,cc_n_cells_e1=1.21e+04 (+0.19); deg_n_celltypes_sig=1 (+0.06); cc_n_celltypes_total=1 (+0.06),novel
1119,TGFB1,TAM1/TAM2/microglia,IDH_Mutant,TAM_microglia,0.0,0.0,0.0,0.0,,,0.0,0.0,0.0,0.0,,0.0,1.0,4.0,0.0,2.0,2.0,0.0050238491740621,0.003124057670555575,0.0,1.0,1.0,0.0,4.0,0.0,4,1,0,1,1,12086,25922,2106,21701,2106,0,0.0,1,0,0.0,0.0,0.0,0.0,2,2.0,"tumor,TAM_microglia",immune_synapse,Immunosuppressive cytokine (pathway-level),1,0.16542376414660842,0.022289788393269366,cc_n_cells_e1=1.21e+04 (+0.19); cc_edges_e2=2 (+0.14); cc_mean_prob=0.00312 (+0.07),literature tier 2 (label)
1120,ITGB8,AC_like_tumor,IDH_Mutant,tumor,0.0,0.0,0.0,0.0,,,0.0,0.0,0.0,0.0,,0.0,2.0,0.0,0.0,0.0,0.0,0.0,0.0,,0.0,0.0,0.0,0.0,,3,0,1,1,2,72549,446,4249,283,283,0,0.0,1,0,0.0,0.0,0.0,0.0,2,,,,,0,0.16532759212056242,0.03696028506187171,cc_n_cells_e1=7.25e+04 (+0.22); cc_n_cells_e2=446 (+0.05); cc_n_celltypes_total=2 (+0.03),novel
1121,PTPRC,OPC_GABA_AC_like_tumor,IDH_WT,tumor,0.0,0.0,0.0,0.0,,,0.0,0.0,0.0,0.0,,0.0,3.0,0.0,0.0,0.0,0.0,0.0,0.0,,0.0,0.0,0.0,0.0,,8,1,1,2,2,6202,1012,5384,171,171,0,0.0,0,0,0.0,0.0,0.0,0.0,2,,,,,0,0.16518237899787347,0.031029268450821875,cc_n_cells_e1=6.2e+03 (+0.23); cc_n_cells_e2=1.01e+03 (+0.05); cc_n_celltypes_total=2 (+0.03),novel
1122,HLA-DMA,OPC_GABA_AC_like_tumor,IDH_Mutant,tumor,0.0,0.0,0.0,0.0,,,0.0,0.0,0.0,0.0,,0.0,2.0,0.0,0.0,0.0,0.0,0.0,0.0,,0.0,0.0,0.0,0.0,,8,1,0,1,3,6202,1012,352,742,352,0,0.0,1,0,0.0,0.0,0.0,0.0,2,,,,,0,0.1649974454257666,0.027862543467031247,cc_n_cells_e1=6.2e+03 (+0.23); cc_n_cells_e2=1.01e+03 (+0.05); cc_n_celltypes_total=3 (+0.03),novel
1123,ITGB8,OPC_GABA_AC_like_tumor,IDH_Mutant,tumor,0.0,0.0,0.0,0.0,,,0.0,0.0,0.0,0.0,,0.0,2.0,0.0,0.0,0.0,0.0,0.0,0.0,,0.0,0.0,0.0,0.0,,3,0,1,1,2,6202,1012,352,742,352,0,0.0,1,0,0.0,0.0,0.0,0.0,2,,,,,0,0.1646532429887765,0.03736500901425895,cc_n_cells_e1=6.2e+03 (+0.22); cc_n_cells_e2=1.01e+03 (+0.04); cc_n_celltypes_total=2 (+0.03),novel
1124,PTPRC,AC_like_tumor,IDH_WT,tumor,0.0,0.0,0.0,0.0,,,0.0,0.0,0.0,0.0,,0.0,3.0,0.0,0.0,0.0,0.0,0.0,0.0,,0.0,0.0,0.0,0.0,,8,1,1,2,2,72549,446,64812,108,108,0,0.0,0,0,0.0,0.0,0.0,0.0,2,,,,,0,0.164630381773329,0.03128136730800903,cc_n_cells_e1=7.25e+04 (+0.23); cc_n_cells_e2=446 (+0.05); cc_n_celltypes_total=2 (+0.03),novel
1125,JAM3,OPC_GABA_like_tumor,IDH_WT,tumor,1.0,1.3398998392869823,1.3398998392869823,108.55574591193887,0.286,0.074,0.21199999999999997,1.0,0.0,0.0,0.5046479726210078,1.0,3.0,0.0,0.0,0.0,0.0,0.0,0.0,,0.0,0.0,0.0,0.0,,3,1,1,1,1,6741,14114,5040,1935,1935,0,0.0,0,0,0.0,0.0,0.0,0.0,2,,,,,0,0.16443795727211613,0.05531831791809631,cc_n_cells_e1=6.74e+03 (+0.19); deg_pct_diff=0.212 (+0.12); deg_pct_e1=0.074 (+0.08),novel
1126,PILRA,T cell,IDH_WT,T_cell,0.0,0.0,0.0,0.0,,,0.0,0.0,0.0,0.0,,0.0,0.0,0.0,0.0,0.0,0.0,0.0,0.0,,0.0,0.0,0.0,0.0,,7,0,1,1,1,2662,1463,1681,1118,1118,0,0.0,0,0,0.0,0.0,0.0,0.0,2,,,,,0,0.16316957907871843,0.031563294677055466,deg_n_celltypes_sig=0 (+0.44); cc_n_celltypes_total=1 (+0.14); cc_is_ligand=0 (+0.02),novel
1127,NLGN3,OPC_GABA_like_tumor,IDH_Mutant,tumor,1.0,0.7668658050127499,0.7668658050127499,7.131321079464726,0.192,0.125,0.067,1.0,1.0,1.0,0.735934578812126,1.0,2.0,0.0,0.0,0.0,0.0,0.0,0.0,,0.0,0.0,0.0,0.0,,6,0,1,1,1,6741,14114,1658,11741,1658,0,0.0,1,0,0.5,0.5,0.5,0.5,2,1.0,tumor,neuron_tumor,"Venkatesh et al., Cell 2015; Venkatesh et al., Nature 2017",1,0.16299445769961698,0.05517493237470823,llm_mention_rate=0.5 (+0.28); llm_ctx_mention_rate=0.5 (+0.27); cc_n_cells_e1=6.74e+03 (+0.20),literature tier 1 (label)
1128,HLA-E,cycling_tumor,IDH_Mutant,tumor,1.0,-5.300401047119455,5.300401047119455,18.74604355532581,0.066,0.578,-0.512,-1.0,1.0,1.0,-3.141242191234189,1.0,4.0,1.0,0.0,0.0,1.0,0.0040438839943757,0.0040438839943757,0.0,1.0,1.0,0.0,1.0,-1.0,6,1,0,1,4,6410,814,270,136,136,0,1.0,1,1,0.0,0.0,0.0,0.0,2,,,,,0,0.16244561145746322,0.03283819227078259,cc_n_cells_e1=6.41e+03 (+0.22); deg_n_celltypes_sig=4 (+0.07); deg_abs_log2fc=5.3 (+0.07),novel
1129,PTPRC,AC_like_tumor,IDH_Mutant,tumor,0.0,0.0,0.0,0.0,,,0.0,0.0,0.0,0.0,,0.0,2.0,0.0,0.0,0.0,0.0,0.0,0.0,,0.0,0.0,0.0,0.0,,8,1,1,2,2,72549,446,4249,283,283,0,0.0,1,0,0.0,0.0,0.0,0.0,2,,,,,0,0.16234707775892887,0.030462822906956493,cc_n_cells_e1=7.25e+04 (+0.23); cc_n_cells_e2=446 (+0.05); cc_n_celltypes_total=2 (+0.03),novel
1130,PTPRC,OPC_GABA_AC_like_tumor,IDH_Mutant,tumor,0.0,0.0,0.0,0.0,,,0.0,0.0,0.0,0.0,,0.0,2.0,0.0,0.0,0.0,0.0,0.0,0.0,,0.0,0.0,0.0,0.0,,8,1,1,2,2,6202,1012,352,742,352,0,0.0,1,0,0.0,0.0,0.0,0.0,2,,,,,0,0.1622333513518843,0.029632515571384417,cc_n_cells_e1=6.2e+03 (+0.23); cc_n_cells_e2=1.01e+03 (+0.05); cc_n_celltypes_total=2 (+0.03),novel
1131,HLA-DMA,cycling_tumor,IDH_WT,tumor,1.0,-6.038030044164264,6.038030044164264,38.419143754899444,0.024,0.263,-0.23900000000000002,-1.0,1.0,1.0,-5.239708435940198,1.0,1.0,2.0,0.0,0.0,2.0,0.0032317829215343,0.0017512198751586294,0.0,1.0,1.0,2.0,2.0,-1.0,8,1,0,1,3,6410,814,5847,663,663,0,1.0,0,1,0.0,0.0,0.0,0.0,2,,,,,0,0.16184771302618176,0.026605424158769195,cc_n_cells_e1=6.41e+03 (+0.20); deg_abs_log2fc=6.04 (+0.07); deg_pct_e1=0.263 (+0.05),novel
1132,HLA-DQA1,TAM1/TAM2/microglia,IDH_Mutant,TAM_microglia,1.0,-1.915022739295755,1.915022739295755,297.651399886943,0.317,0.669,-0.35200000000000004,-1.0,0.0,0.0,-1.3917598014019477,1.0,2.0,4.0,0.0,2.0,2.0,0.0140740943328221,0.00499675499961522,0.0,1.0,1.0,0.0,4.0,0.0,4,1,0,1,1,12086,25922,2106,21701,2106,0,-0.0,1,1,0.0,0.0,0.0,0.0,2,,,,,0,0.16179067488777774,0.03600605814444998,cc_n_cells_e1=1.21e+04 (+0.20); cc_edges_e2=2 (+0.14); deg_neglog10_padj=298 (+0.07),novel
1133,LRRTM3,TAM1/TAM2/microglia,IDH_WT,TAM_microglia,0.0,0.0,0.0,0.0,,,0.0,0.0,0.0,0.0,,0.0,2.0,0.0,0.0,0.0,0.0,0.0,0.0,,0.0,0.0,0.0,0.0,,6,0,1,1,1,12086,25922,9696,2745,2745,0,0.0,0,0,0.0,0.0,0.0,0.0,2,,,,,0,0.16052005499906574,0.031598962314926156,cc_n_cells_e1=1.21e+04 (+0.20); cc_n_celltypes_total=1 (+0.05); llm_unprompted_mention_rate=0 (+0.01),novel
1134,ITGB1,T cell,IDH_Mutant,T_cell,0.0,0.0,0.0,0.0,,,0.0,0.0,0.0,0.0,,0.0,1.0,0.0,0.0,0.0,0.0,0.0,0.0,,0.0,0.0,0.0,0.0,,36,0,1,2,3,2662,1463,941,334,334,0,0.0,1,0,1.0,1.0,2.0,0.0,2,,,,,0,0.16045883345322695,0.0645625641260706,llm_mention_rate=1 (+0.26); deg_n_celltypes_sig=1 (+0.07); llm_mentions_per_run=2 (+0.05),novel
1135,SLC1A1,T cell,IDH_WT,T_cell,0.0,0.0,0.0,0.0,,,0.0,0.0,0.0,0.0,,0.0,2.0,0.0,0.0,0.0,0.0,0.0,0.0,,0.0,0.0,0.0,0.0,,13,1,0,1,1,2662,1463,1681,1118,1118,0,0.0,0,0,0.0,0.0,0.0,0.0,2,,,,,0,0.16045141062499133,0.06798706001412103,cc_edges_total=13 (+0.48); cc_n_celltypes_total=1 (+0.17); llm_unprompted_mention_rate=0 (+0.02),novel
1136,TGFB1,AC_like_tumor,IDH_Mutant,tumor,0.0,0.0,0.0,0.0,,,0.0,0.0,0.0,0.0,,0.0,1.0,0.0,0.0,0.0,0.0,0.0,0.0,,0.0,0.0,0.0,0.0,,4,1,0,1,1,72549,446,4249,283,283,0,0.0,1,0,0.0,0.0,0.0,0.0,2,2.0,"tumor,TAM_microglia",immune_synapse,Immunosuppressive cytokine (pathway-level),1,0.15983294336555245,0.014455516240106001,cc_n_cells_e1=7.25e+04 (+0.19); cc_n_celltypes_total=1 (+0.08); deg_n_celltypes_sig=1 (+0.05),literature tier 2 (label)
1137,JAM3,TAM1/TAM2/microglia,IDH_WT,TAM_microglia,0.0,0.0,0.0,0.0,,,0.0,0.0,0.0,0.0,,0.0,3.0,0.0,0.0,0.0,0.0,0.0,0.0,,0.0,0.0,0.0,0.0,,3,1,1,1,1,12086,25922,9696,2745,2745,0,0.0,0,0,0.0,0.0,0.0,0.0,2,,,,,0,0.15909810479790204,0.04438086086316347,cc_n_cells_e1=1.21e+04 (+0.20); cc_n_celltypes_total=1 (+0.05); llm_unprompted_mention_rate=0 (+0.01),novel
1138,C3,cycling_tumor,IDH_WT,tumor,1.0,-5.515786341867351,5.515786341867351,19.951250467066693,0.012,0.161,-0.149,-1.0,1.0,1.0,-5.025493283963822,1.0,2.0,0.0,0.0,0.0,0.0,0.0,0.0,,0.0,0.0,0.0,0.0,,6,1,0,1,1,6410,814,5847,663,663,0,-0.0,0,0,0.0,0.0,0.0,0.0,2,,,,,0,0.1588781990038059,0.02992949257014831,cc_n_cells_e1=6.41e+03 (+0.19); cc_n_celltypes_total=1 (+0.07); deg_abs_log2fc=5.52 (+0.07),novel
1139,ANXA1,OPC_GABA_like_tumor,IDH_Mutant,tumor,1.0,-5.457329276245706,5.457329276245706,275.2474577239009,0.003,0.13,-0.127,-1.0,1.0,1.0,-6.165433524380917,1.0,3.0,0.0,0.0,0.0,0.0,0.0,0.0,,0.0,0.0,0.0,0.0,,10,1,0,1,4,6741,14114,1658,11741,1658,0,-0.0,1,0,0.0,0.0,0.0,0.0,2,,,,,0,0.15881820060161642,0.02486785624574793,cc_n_cells_e1=6.74e+03 (+0.21); deg_pct_e1=0.13 (+0.08); deg_abs_log2fc=5.46 (+0.07),novel
1140,PDGFA,OPC_GABA_AC_like_tumor,IDH_WT,tumor,0.0,0.0,0.0,0.0,,,0.0,0.0,0.0,0.0,,0.0,2.0,0.0,0.0,0.0,0.0,0.0,0.0,,0.0,0.0,0.0,0.0,,3,1,0,1,1,6202,1012,5384,171,171,0,0.0,0,0,0.0,0.0,0.0,0.0,2,,,,,0,0.1586221273754886,0.02890205395026709,cc_n_cells_e1=6.2e+03 (+0.20); cc_n_celltypes_total=1 (+0.07); cc_n_cells_e2=1.01e+03 (+0.04),novel
1141,PDGFA,AC_like_tumor,IDH_WT,tumor,0.0,0.0,0.0,0.0,,,0.0,0.0,0.0,0.0,,0.0,2.0,0.0,0.0,0.0,0.0,0.0,0.0,,0.0,0.0,0.0,0.0,,3,1,0,1,1,72549,446,64812,108,108,0,0.0,0,0,0.0,0.0,0.0,0.0,2,,,,,0,0.1586221273754886,0.02890205395026709,cc_n_cells_e1=7.25e+04 (+0.20); cc_n_celltypes_total=1 (+0.07); cc_n_cells_e2=446 (+0.05),novel
1142,CD74,T cell,IDH_Mutant,T_cell,0.0,0.0,0.0,0.0,,,0.0,0.0,0.0,0.0,,0.0,4.0,0.0,50.0,25.0,25.0,0.0485948380951234,0.015620824906069038,0.0,2.0,6.0,42.0,50.0,0.0,109,0,1,2,6,2662,1463,941,334,334,0,0.0,1,0,0.0,0.0,0.0,0.0,2,1.0,TAM_microglia,myeloid_bridge,"Ghoochani et al., Oncotarget 2016",0,0.15821993105114623,0.05178758176349989,cc_edges_total=109 (+0.88); deg_n_celltypes_sig=4 (+0.21); cc_n_partners=6 (+0.12),"literature gene, other compartment"
1143,HLA-DQA1,cycling_tumor,IDH_WT,tumor,1.0,-4.746705362321017,4.746705362321017,15.829126599692925,0.011,0.137,-0.126,-1.0,0.0,0.0,-4.588889315734522,1.0,2.0,0.0,0.0,0.0,0.0,0.0,0.0,,0.0,0.0,0.0,0.0,,4,1,0,1,1,6410,814,5847,663,663,0,-0.0,0,0,0.0,0.0,0.0,0.0,2,,,,,0,0.15790428699459716,0.044127420519776556,cc_n_cells_e1=6.41e+03 (+0.19); deg_pct_e1=0.137 (+0.08); cc_n_celltypes_total=1 (+0.07),novel
1144,TGFB1,OPC_GABA_AC_like_tumor,IDH_Mutant,tumor,0.0,0.0,0.0,0.0,,,0.0,0.0,0.0,0.0,,0.0,1.0,0.0,0.0,0.0,0.0,0.0,0.0,,0.0,0.0,0.0,0.0,,4,1,0,1,1,6202,1012,352,742,352,0,0.0,1,0,0.0,0.0,0.0,0.0,2,2.0,"tumor,TAM_microglia",immune_synapse,Immunosuppressive cytokine (pathway-level),1,0.15784968799865834,0.014286487470786166,cc_n_cells_e1=6.2e+03 (+0.19); cc_n_celltypes_total=1 (+0.08); deg_n_celltypes_sig=1 (+0.05),literature tier 2 (label)
1145,TMIGD3,cycling_tumor,IDH_Mutant,tumor,1.0,-5.246512447110795,5.246512447110795,5.594656120336014,0.007,0.274,-0.267,-1.0,1.0,1.0,-5.307012678244631,1.0,2.0,0.0,0.0,0.0,0.0,0.0,0.0,,0.0,0.0,0.0,0.0,,3,0,1,1,2,6410,814,270,136,136,0,-0.0,1,0,0.0,0.0,0.0,0.0,2,,,,,0,0.1577565129355685,0.03603662121001055,cc_n_cells_e1=6.41e+03 (+0.21); deg_abs_log2fc=5.25 (+0.07); deg_pct_e1=0.274 (+0.05),novel
1146,TMIGD3,cycling_tumor,IDH_WT,tumor,1.0,-5.366153677704372,5.366153677704372,26.88427138261898,0.018,0.204,-0.186,-1.0,1.0,1.0,-5.307012678244631,1.0,2.0,0.0,0.0,0.0,0.0,0.0,0.0,,0.0,0.0,0.0,0.0,,3,0,1,1,2,6410,814,5847,663,663,0,-0.0,0,0,0.0,0.0,0.0,0.0,2,,,,,0,0.1575711087230653,0.0376676167768364,cc_n_cells_e1=6.41e+03 (+0.21); deg_abs_log2fc=5.37 (+0.07); deg_pct_e1=0.204 (+0.05),novel
1147,ANXA1,cycling_tumor,IDH_WT,tumor,1.0,-3.9272321735779694,3.9272321735779694,50.643246931574936,0.056,0.353,-0.297,-1.0,0.0,0.0,-4.111965521490045,1.0,4.0,2.0,0.0,0.0,2.0,0.005857065867727,0.00517192095952055,0.0,1.0,1.0,2.0,2.0,-1.0,10,1,0,1,4,6410,814,5847,663,663,0,1.0,0,1,0.0,0.0,0.0,0.0,2,,,,,0,0.15736473996148173,0.04349188333481099,cc_n_cells_e1=6.41e+03 (+0.22); deg_n_celltypes_sig=4 (+0.06); deg_abs_log2fc=3.93 (+0.06),novel
1148,LGALS9,OPC_GABA_like_tumor,IDH_Mutant,tumor,0.0,0.0,0.0,0.0,,,0.0,0.0,0.0,0.0,,0.0,1.0,0.0,0.0,0.0,0.0,0.0,0.0,,0.0,0.0,0.0,0.0,,13,1,0,1,1,6741,14114,1658,11741,1658,0,0.0,1,0,0.0,0.0,0.0,0.0,2,2.0,"tumor,TAM_microglia",immune_synapse,HAVCR2 ligand (pathway-level),1,0.1573150932660922,0.02794872143887851,cc_edges_total=13 (+0.55); cc_n_cells_e1=6.74e+03 (+0.21); cc_n_celltypes_total=1 (+0.11),literature tier 2 (label)
1149,CLEC2D,TAM1/TAM2/microglia,IDH_Mutant,TAM_microglia,0.0,0.0,0.0,0.0,,,0.0,0.0,0.0,0.0,,0.0,1.0,0.0,0.0,0.0,0.0,0.0,0.0,,0.0,0.0,0.0,0.0,,2,1,0,1,1,12086,25922,2106,21701,2106,0,0.0,1,0,0.5,0.5,1.5,0.0,2,1.0,"tumor,TAM_microglia",immune_synapse,"Mathewson et al., Cell 2021",1,0.15631091121210264,0.033326904457047106,llm_mentions_per_run=1.5 (+0.50); llm_mention_rate=0.5 (+0.35); cc_n_cells_e1=1.21e+04 (+0.19),literature tier 1 (label)
1150,ANXA1,OPC_GABA_like_tumor,IDH_WT,tumor,1.0,-4.239461302670273,4.239461302670273,87.51851321505721,0.039,0.247,-0.208,-1.0,1.0,1.0,-6.165433524380917,1.0,4.0,0.0,0.0,0.0,0.0,0.0,0.0,,0.0,0.0,0.0,0.0,,10,1,0,1,4,6741,14114,5040,1935,1935,0,-0.0,0,0,0.0,0.0,0.0,0.0,2,,,,,0,0.15608444658062784,0.024577982779353216,cc_n_cells_e1=6.74e+03 (+0.22); deg_abs_log2fc=4.24 (+0.07); deg_n_celltypes_sig=4 (+0.06),novel
1151,LGALS9,OPC_GABA_like_tumor,IDH_WT,tumor,0.0,0.0,0.0,0.0,,,0.0,0.0,0.0,0.0,,0.0,1.0,0.0,0.0,0.0,0.0,0.0,0.0,,0.0,0.0,0.0,0.0,,13,1,0,1,1,6741,14114,5040,1935,1935,0,0.0,0,0,0.0,0.0,0.0,0.0,2,2.0,"tumor,TAM_microglia",immune_synapse,HAVCR2 ligand (pathway-level),1,0.15607416829702878,0.0296244102749789,cc_edges_total=13 (+0.55); cc_n_cells_e1=6.74e+03 (+0.21); cc_n_celltypes_total=1 (+0.11),literature tier 2 (label)
1152,MIF,T cell,IDH_WT,T_cell,0.0,0.0,0.0,0.0,,,0.0,0.0,0.0,0.0,,0.0,3.0,12.0,0.0,6.0,6.0,0.0339427181697322,0.01835433728957329,0.0,1.0,2.0,4.0,12.0,0.0,66,1,0,1,6,2662,1463,1681,1118,1118,0,0.0,0,0,0.5,0.5,1.5,0.0,2,1.0,tumor,myeloid_bridge,"Ghoochani et al., Oncotarget 2016",0,0.15575534491259396,0.059626585855392114,cc_edges_total=66 (+0.70); cc_n_partners=2 (+0.49); llm_mentions_per_run=1.5 (+0.45),"literature gene, other compartment"
1153,AXL,OPC_GABA_like_tumor,IDH_WT,tumor,0.0,0.0,0.0,0.0,,,0.0,0.0,0.0,0.0,,0.0,0.0,0.0,0.0,0.0,0.0,0.0,0.0,,0.0,0.0,0.0,0.0,,1,0,1,1,1,6741,14114,5040,1935,1935,0,0.0,0,0,0.0,0.0,0.0,0.0,2,2.0,"TAM_microglia,tumor",myeloid_bridge,TAM receptor family (pathway-level),1,0.1555515871307165,0.03114761086966332,deg_n_celltypes_sig=0 (+0.69); cc_n_cells_e1=6.74e+03 (+0.18); cc_edges_total=1 (+0.12),literature tier 2 (label)
1154,AXL,OPC_GABA_like_tumor,IDH_Mutant,tumor,0.0,0.0,0.0,0.0,,,0.0,0.0,0.0,0.0,,0.0,0.0,0.0,0.0,0.0,0.0,0.0,0.0,,0.0,0.0,0.0,0.0,,1,0,1,1,1,6741,14114,1658,11741,1658,0,0.0,1,0,0.0,0.0,0.0,0.0,2,2.0,"TAM_microglia,tumor",myeloid_bridge,TAM receptor family (pathway-level),1,0.15554148525790354,0.03157907407247513,deg_n_celltypes_sig=0 (+0.64); cc_n_cells_e1=6.74e+03 (+0.18); cc_edges_total=1 (+0.12),literature tier 2 (label)
1155,TGFB1,cycling_tumor,IDH_Mutant,tumor,1.0,-6.31110728427774,6.31110728427774,3.389996469301425,0.015,0.23,-0.21500000000000002,-1.0,0.0,0.0,,0.0,1.0,0.0,0.0,0.0,0.0,0.0,0.0,,0.0,0.0,0.0,0.0,,4,1,0,1,1,6410,814,270,136,136,0,-0.0,1,0,0.0,0.0,0.0,0.0,2,2.0,"tumor,TAM_microglia",immune_synapse,Immunosuppressive cytokine (pathway-level),1,0.15534571257936106,0.022915606779454614,cc_n_cells_e1=6.41e+03 (+0.19); deg_pct_e1=0.23 (+0.09); cc_n_celltypes_total=1 (+0.08),literature tier 2 (label)
1156,PILRB,AC_like_tumor,IDH_WT,tumor,0.0,0.0,0.0,0.0,,,0.0,0.0,0.0,0.0,,0.0,2.0,0.0,0.0,0.0,0.0,0.0,0.0,,0.0,0.0,0.0,0.0,,7,0,1,1,1,72549,446,64812,108,108,0,0.0,0,0,0.0,0.0,0.0,0.0,2,,,,,0,0.1553008141434658,0.04057537615268803,cc_n_cells_e1=7.25e+04 (+0.20); cc_n_celltypes_total=1 (+0.07); cc_n_cells_e2=446 (+0.05),novel
1157,PILRB,OPC_GABA_AC_like_tumor,IDH_WT,tumor,0.0,0.0,0.0,0.0,,,0.0,0.0,0.0,0.0,,0.0,2.0,0.0,0.0,0.0,0.0,0.0,0.0,,0.0,0.0,0.0,0.0,,7,0,1,1,1,6202,1012,5384,171,171,0,0.0,0,0,0.0,0.0,0.0,0.0,2,,,,,0,0.1553008141434658,0.04057537615268803,cc_n_cells_e1=6.2e+03 (+0.20); cc_n_celltypes_total=1 (+0.07); cc_n_cells_e2=1.01e+03 (+0.05),novel
1158,MERTK,T cell,IDH_WT,T_cell,0.0,0.0,0.0,0.0,,,0.0,0.0,0.0,0.0,,0.0,1.0,0.0,0.0,0.0,0.0,0.0,0.0,,0.0,0.0,0.0,0.0,,1,0,1,1,1,2662,1463,1681,1118,1118,0,0.0,0,0,0.0,0.0,0.0,0.0,2,,,,,0,0.15498311725392244,0.02608635377268117,cc_n_celltypes_total=1 (+0.14); deg_n_celltypes_sig=1 (+0.08); cc_is_ligand=0 (+0.02),novel
1159,NRXN2,TAM1/TAM2/microglia,IDH_Mutant,TAM_microglia,0.0,0.0,0.0,0.0,,,0.0,0.0,0.0,0.0,,0.0,3.0,0.0,0.0,0.0,0.0,0.0,0.0,,0.0,0.0,0.0,0.0,,10,1,0,1,1,12086,25922,2106,21701,2106,0,0.0,1,0,0.0,0.0,0.0,0.0,2,,,,,0,0.15444925940430032,0.043548666885833275,cc_n_cells_e1=1.21e+04 (+0.20); cc_n_celltypes_total=1 (+0.05); llm_unprompted_mention_rate=0 (+0.01),novel
1160,SLITRK2,T cell,IDH_Mutant,T_cell,0.0,0.0,0.0,0.0,,,0.0,0.0,0.0,0.0,,0.0,1.0,0.0,0.0,0.0,0.0,0.0,0.0,,0.0,0.0,0.0,0.0,,1,1,0,1,1,2662,1463,941,334,334,0,0.0,1,0,0.0,0.0,0.0,0.0,2,,,,,0,0.15390254573355494,0.03900309394089138,cc_n_celltypes_total=1 (+0.14); deg_n_celltypes_sig=1 (+0.09); deg_pooled_log2fc=nan (+0.02),novel
1161,ITGAV,T cell,IDH_Mutant,T_cell,0.0,0.0,0.0,0.0,,,0.0,0.0,0.0,0.0,,0.0,3.0,0.0,0.0,0.0,0.0,0.0,0.0,,0.0,0.0,0.0,0.0,,39,0,1,3,3,2662,1463,941,334,334,0,0.0,1,0,1.0,1.0,2.0,0.0,2,,,,,0,0.1534738981137595,0.05234360176910531,llm_mention_rate=1 (+0.27); llm_mentions_per_run=2 (+0.05); cc_is_ligand=0 (+0.02),novel
1162,TNFRSF1B,T cell,IDH_Mutant,T_cell,0.0,0.0,0.0,0.0,,,0.0,0.0,0.0,0.0,,0.0,1.0,0.0,0.0,0.0,0.0,0.0,0.0,,0.0,0.0,0.0,0.0,,2,0,1,1,1,2662,1463,941,334,334,0,0.0,1,0,0.0,0.0,0.0,0.0,2,,,,,0,0.15345443848704582,0.02729439267977625,cc_n_celltypes_total=1 (+0.14); deg_n_celltypes_sig=1 (+0.09); cc_is_ligand=0 (+0.02),novel
1163,TNFRSF1B,T cell,IDH_WT,T_cell,0.0,0.0,0.0,0.0,,,0.0,0.0,0.0,0.0,,0.0,1.0,0.0,0.0,0.0,0.0,0.0,0.0,,0.0,0.0,0.0,0.0,,2,0,1,1,1,2662,1463,1681,1118,1118,0,0.0,0,0,0.0,0.0,0.0,0.0,2,,,,,0,0.15345443848704582,0.02729439267977625,cc_n_celltypes_total=1 (+0.14); deg_n_celltypes_sig=1 (+0.09); cc_is_ligand=0 (+0.02),novel
1164,TNFRSF1A,T cell,IDH_WT,T_cell,0.0,0.0,0.0,0.0,,,0.0,0.0,0.0,0.0,,0.0,1.0,0.0,0.0,0.0,0.0,0.0,0.0,,0.0,0.0,0.0,0.0,,1,0,1,1,1,2662,1463,1681,1118,1118,0,0.0,0,0,0.0,0.0,0.0,0.0,2,,,,,0,0.15341659588088424,0.04127275938310234,cc_n_celltypes_total=1 (+0.14); deg_n_celltypes_sig=1 (+0.08); cc_is_ligand=0 (+0.02),novel
1165,TNFRSF1A,T cell,IDH_Mutant,T_cell,0.0,0.0,0.0,0.0,,,0.0,0.0,0.0,0.0,,0.0,1.0,0.0,0.0,0.0,0.0,0.0,0.0,,0.0,0.0,0.0,0.0,,1,0,1,1,1,2662,1463,941,334,334,0,0.0,1,0,0.0,0.0,0.0,0.0,2,,,,,0,0.15327960107558752,0.04128743842988281,cc_n_celltypes_total=1 (+0.14); deg_n_celltypes_sig=1 (+0.09); cc_is_ligand=0 (+0.02),novel
1166,GRN,cycling_tumor,IDH_Mutant,tumor,1.0,-3.3390010043527902,3.3390010043527902,2.1072722592230684,0.132,0.341,-0.20900000000000002,-1.0,1.0,1.0,-0.8381617394508267,1.0,3.0,1.0,0.0,1.0,0.0,0.0010429007073132,0.0010429007073132,0.0,1.0,1.0,0.0,1.0,1.0,3,1,0,1,2,6410,814,270,136,136,0,-1.0,1,1,0.0,0.0,0.0,0.0,2,,,,,0,0.15323012978484096,0.026333942517876532,cc_n_cells_e1=6.41e+03 (+0.22); cc_n_cells_e2=814 (+0.05); cc_n_celltypes_total=2 (+0.03),novel
1167,CADM1,T cell,IDH_WT,T_cell,0.0,0.0,0.0,0.0,,,0.0,0.0,0.0,0.0,,0.0,1.0,0.0,0.0,0.0,0.0,0.0,0.0,,0.0,0.0,0.0,0.0,,32,1,1,1,3,2662,1463,1681,1118,1118,0,0.0,0,0,0.0,0.0,0.0,0.0,2,,,,,0,0.15268873051109993,0.06544149550169989,deg_n_celltypes_sig=1 (+0.07); llm_unprompted_mention_rate=0 (+0.02); deg_cc_concordance=0 (+0.01),novel
1168,SORT1,OPC_GABA_like_tumor,IDH_WT,tumor,1.0,-0.4897114363380846,0.4897114363380846,5.179604958279772,0.227,0.148,0.07900000000000001,-1.0,1.0,1.0,-1.2758171498785147,1.0,3.0,0.0,0.0,0.0,0.0,0.0,0.0,,0.0,0.0,0.0,0.0,,3,0,1,1,1,6741,14114,5040,1935,1935,0,-0.0,0,0,0.0,0.0,0.0,0.0,2,,,,,0,0.15242421398511688,0.05612631563837731,cc_n_cells_e1=6.74e+03 (+0.19); deg_pct_diff=0.079 (+0.08); cc_n_celltypes_total=1 (+0.06),novel
1169,SDC3,TAM1/TAM2/microglia,IDH_WT,TAM_microglia,0.0,0.0,0.0,0.0,,,0.0,0.0,0.0,0.0,,0.0,2.0,0.0,0.0,0.0,0.0,0.0,0.0,,0.0,0.0,0.0,0.0,,11,0,1,1,1,12086,25922,9696,2745,2745,0,0.0,0,0,0.0,0.0,0.0,0.0,2,,,,,0,0.15237218511420117,0.012421248364469437,cc_n_cells_e1=1.21e+04 (+0.20); cc_n_celltypes_total=1 (+0.05); llm_unprompted_mention_rate=0 (+0.01),novel
1170,ANXA1,TAM1/TAM2/microglia,IDH_Mutant,TAM_microglia,1.0,-2.606964589265456,2.606964589265456,225.68513296772664,0.025,0.165,-0.14,-1.0,1.0,1.0,-3.531279895410132,1.0,3.0,2.0,0.0,0.0,2.0,0.0062273756011233,0.0054991206684735505,0.0,1.0,1.0,0.0,2.0,-1.0,10,1,0,1,4,12086,25922,2106,21701,2106,0,1.0,1,1,0.0,0.0,0.0,0.0,2,,,,,0,0.15171151267960323,0.012034836652378842,cc_n_cells_e1=1.21e+04 (+0.21); deg_neglog10_padj=226 (+0.07); cc_mean_prob=0.0055 (+0.06),novel
1171,AXL,TAM1/TAM2/microglia,IDH_WT,TAM_microglia,0.0,0.0,0.0,0.0,,,0.0,0.0,0.0,0.0,,0.0,0.0,0.0,1.0,1.0,0.0,0.0038266213753899,0.0038266213753899,0.0,1.0,1.0,0.0,1.0,1.0,1,0,1,1,1,12086,25922,9696,2745,2745,0,0.0,0,0,0.0,0.0,0.0,0.0,2,2.0,"TAM_microglia,tumor",myeloid_bridge,TAM receptor family (pathway-level),1,0.15164211819645318,0.020202695148994396,deg_n_celltypes_sig=0 (+0.69); cc_n_cells_e1=1.21e+04 (+0.18); cc_edges_total=1 (+0.12),literature tier 2 (label)
1172,ITGAV,T cell,IDH_WT,T_cell,0.0,0.0,0.0,0.0,,,0.0,0.0,0.0,0.0,,0.0,2.0,0.0,0.0,0.0,0.0,0.0,0.0,,0.0,0.0,0.0,0.0,,39,0,1,3,3,2662,1463,1681,1118,1118,0,0.0,0,0,1.0,1.0,2.0,0.0,2,,,,,0,0.15163866011264612,0.05381350982279618,llm_mention_rate=1 (+0.27); llm_mentions_per_run=2 (+0.05); cc_is_ligand=0 (+0.02),novel
1173,GRN,TAM1/TAM2/microglia,IDH_Mutant,TAM_microglia,1.0,-0.2640489282341633,0.2640489282341633,7.9801390891202555,0.586,0.643,-0.05700000000000005,-1.0,0.0,0.0,-0.2677956716570902,1.0,3.0,2.0,0.0,1.0,1.0,0.005960292884092,0.00594661701763135,0.0,1.0,1.0,2.0,2.0,0.0,3,1,0,1,2,12086,25922,2106,21701,2106,0,-0.0,1,1,0.0,0.0,0.0,0.0,2,,,,,0,0.15153880576606055,0.03877830539012373,cc_n_cells_e1=1.21e+04 (+0.22); cc_max_prob=0.00596 (+0.06); cc_mean_prob=0.00595 (+0.06),novel
1174,TGFB1,OPC_GABA_like_tumor,IDH_Mutant,tumor,0.0,0.0,0.0,0.0,,,0.0,0.0,0.0,0.0,,0.0,1.0,0.0,0.0,0.0,0.0,0.0,0.0,,0.0,0.0,0.0,0.0,,4,1,0,1,1,6741,14114,1658,11741,1658,0,0.0,1,0,0.0,0.0,0.0,0.0,2,2.0,"tumor,TAM_microglia",immune_synapse,Immunosuppressive cytokine (pathway-level),1,0.1512645290329077,0.014216201647912794,cc_n_cells_e1=6.74e+03 (+0.19); cc_n_celltypes_total=1 (+0.07); deg_n_celltypes_sig=1 (+0.05),literature tier 2 (label)
1175,CD99,T cell,IDH_WT,T_cell,0.0,0.0,0.0,0.0,,,0.0,0.0,0.0,0.0,,0.0,1.0,18.0,14.0,16.0,16.0,0.0173369733225027,0.0069529135025373345,0.01,1.0,4.0,24.0,32.0,0.0,86,1,1,1,4,2662,1463,1681,1118,1118,0,0.0,0,0,0.0,0.0,0.0,0.0,2,2.0,tumor,immune_synapse,Glioma invasion marker (limited functional data),0,0.15096706209484248,0.02262883739416658,cc_edges_total=86 (+0.92); cc_cross_compartment_edges=24 (+0.07); cc_mean_prob=0.00695 (+0.07),"literature gene, other compartment"
1176,AXL,TAM1/TAM2/microglia,IDH_Mutant,TAM_microglia,0.0,0.0,0.0,0.0,,,0.0,0.0,0.0,0.0,,0.0,0.0,0.0,1.0,1.0,0.0,0.0038266213753899,0.0038266213753899,0.0,1.0,1.0,0.0,1.0,1.0,1,0,1,1,1,12086,25922,2106,21701,2106,0,0.0,1,0,0.0,0.0,0.0,0.0,2,2.0,"TAM_microglia,tumor",myeloid_bridge,TAM receptor family (pathway-level),1,0.15096458580203223,0.020766668485980733,deg_n_celltypes_sig=0 (+0.64); cc_n_cells_e1=1.21e+04 (+0.18); cc_edges_total=1 (+0.12),literature tier 2 (label)
1177,ITGB8,TAM1/TAM2/microglia,IDH_Mutant,TAM_microglia,0.0,0.0,0.0,0.0,,,0.0,0.0,0.0,0.0,,0.0,2.0,0.0,0.0,0.0,0.0,0.0,0.0,,0.0,0.0,0.0,0.0,,3,0,1,1,2,12086,25922,2106,21701,2106,0,0.0,1,0,0.0,0.0,0.0,0.0,2,,,,,0,0.1498996830933639,0.037579650855310245,cc_n_cells_e1=1.21e+04 (+0.22); llm_unprompted_mention_rate=0 (+0.01); cc_n_celltypes_total=2 (+0.01),novel
1178,HLA-DMA,OPC_GABA_like_tumor,IDH_Mutant,tumor,0.0,0.0,0.0,0.0,,,0.0,0.0,0.0,0.0,,0.0,2.0,0.0,0.0,0.0,0.0,0.0,0.0,,0.0,0.0,0.0,0.0,,8,1,0,1,3,6741,14114,1658,11741,1658,0,0.0,1,0,0.0,0.0,0.0,0.0,2,,,,,0,0.14959566076363334,0.028101199128754535,cc_n_cells_e1=6.74e+03 (+0.23); cc_n_celltypes_total=3 (+0.03); llm_unprompted_mention_rate=0 (+0.01),novel
1179,PCDHGC3,OPC_GABA_like_tumor,IDH_Mutant,tumor,1.0,-0.5413855275816069,0.5413855275816069,5.706887393118725,0.124,0.182,-0.057999999999999996,-1.0,1.0,0.0,0.5451015335846257,1.0,2.0,0.0,0.0,0.0,0.0,0.0,0.0,,0.0,0.0,0.0,0.0,,2,1,1,1,1,6741,14114,1658,11741,1658,0,-0.0,1,0,0.0,0.0,0.0,0.0,2,,,,,0,0.14911026060729582,0.04349257492644378,cc_n_cells_e1=6.74e+03 (+0.19); cc_n_celltypes_total=1 (+0.06); deg_pct_e1=0.182 (+0.05),novel
1180,PTGER4,T cell,IDH_WT,T_cell,1.0,-1.0150101641759006,1.0150101641759006,2.7069500239619932,0.076,0.142,-0.06599999999999999,-1.0,0.0,0.0,-0.9382289511343168,1.0,2.0,0.0,0.0,0.0,0.0,0.0,0.0,,0.0,0.0,0.0,0.0,,14,0,1,1,1,2662,1463,1681,1118,1118,0,-0.0,0,0,0.0,0.0,0.0,0.0,2,,,,,0,0.1486508284975388,0.079816763759082,cc_edges_total=14 (+0.36); cc_n_celltypes_total=1 (+0.17); deg_pct_e1=0.142 (+0.10),novel
1181,C3,cycling_tumor,IDH_Mutant,tumor,1.0,-5.7893548254696,5.7893548254696,16.716723966679133,0.051,0.533,-0.48200000000000004,-1.0,1.0,1.0,-5.025493283963822,1.0,2.0,0.0,0.0,0.0,0.0,0.0,0.0,,0.0,0.0,0.0,0.0,,6,1,0,1,1,6410,814,270,136,136,0,-0.0,1,0,0.0,0.0,0.0,0.0,2,,,,,0,0.1484429177230123,0.032032117123984974,cc_n_cells_e1=6.41e+03 (+0.20); cc_n_celltypes_total=1 (+0.07); deg_abs_log2fc=5.79 (+0.07),novel
1182,PTPRC,OPC_GABA_like_tumor,IDH_WT,tumor,0.0,0.0,0.0,0.0,,,0.0,0.0,0.0,0.0,,0.0,3.0,0.0,0.0,0.0,0.0,0.0,0.0,,0.0,0.0,0.0,0.0,,8,1,1,2,2,6741,14114,5040,1935,1935,0,0.0,0,0,0.0,0.0,0.0,0.0,2,,,,,0,0.14778025920556725,0.03047406015757251,cc_n_cells_e1=6.74e+03 (+0.23); cc_n_celltypes_total=2 (+0.02); llm_unprompted_mention_rate=0 (+0.01),novel
1183,PDGFRA,TAM1/TAM2/microglia,IDH_WT,TAM_microglia,0.0,0.0,0.0,0.0,,,0.0,0.0,0.0,0.0,,0.0,4.0,0.0,0.0,0.0,0.0,0.0,0.0,,0.0,0.0,0.0,0.0,,6,0,1,1,3,12086,25922,9696,2745,2745,0,0.0,0,0,0.0,0.0,0.0,0.0,2,1.0,tumor,growth,"Brennan et al., Cell 2013; Verhaak et al., Cancer Cell 2010",0,0.1474024518716652,0.04467587327665132,cc_n_cells_e1=1.21e+04 (+0.22); deg_n_celltypes_sig=4 (+0.10); cc_n_celltypes_total=3 (+0.02),"literature gene, other compartment"
1184,CLEC2D,OPC_GABA_like_tumor,IDH_WT,tumor,1.0,0.5068661785778048,0.5068661785778048,42.930146994825115,0.148,0.044,0.104,1.0,0.0,0.0,,0.0,3.0,0.0,0.0,0.0,0.0,0.0,0.0,,0.0,0.0,0.0,0.0,,2,1,0,1,1,6741,14114,5040,1935,1935,0,0.0,0,0,0.5,0.5,1.5,0.0,2,1.0,"tumor,TAM_microglia",immune_synapse,"Mathewson et al., Cell 2021",1,0.1472435803450996,0.03321086559848598,llm_mentions_per_run=1.5 (+0.50); llm_mention_rate=0.5 (+0.36); cc_n_cells_e1=6.74e+03 (+0.19),literature tier 1 (label)
1185,PDGFRA,TAM1/TAM2/microglia,IDH_Mutant,TAM_microglia,0.0,0.0,0.0,0.0,,,0.0,0.0,0.0,0.0,,0.0,4.0,0.0,0.0,0.0,0.0,0.0,0.0,,0.0,0.0,0.0,0.0,,6,0,1,1,3,12086,25922,2106,21701,2106,0,0.0,1,0,0.0,0.0,0.0,0.0,2,1.0,tumor,growth,"Brennan et al., Cell 2013; Verhaak et al., Cancer Cell 2010",0,0.1467874110455224,0.045573523397207195,cc_n_cells_e1=1.21e+04 (+0.22); deg_n_celltypes_sig=4 (+0.11); cc_n_celltypes_total=3 (+0.02),"literature gene, other compartment"
1186,CLEC2D,AC_like_tumor,IDH_WT,tumor,0.0,0.0,0.0,0.0,,,0.0,0.0,0.0,0.0,,0.0,3.0,0.0,0.0,0.0,0.0,0.0,0.0,,0.0,0.0,0.0,0.0,,2,1,0,1,1,72549,446,64812,108,108,0,0.0,0,0,0.5,0.5,1.5,0.0,2,1.0,"tumor,TAM_microglia",immune_synapse,"Mathewson et al., Cell 2021",1,0.1465345352507349,0.03768094468306599,llm_mentions_per_run=1.5 (+0.50); llm_mention_rate=0.5 (+0.36); cc_n_cells_e1=7.25e+04 (+0.20),literature tier 1 (label)
1187,CLEC2D,OPC_GABA_AC_like_tumor,IDH_WT,tumor,0.0,0.0,0.0,0.0,,,0.0,0.0,0.0,0.0,,0.0,3.0,0.0,0.0,0.0,0.0,0.0,0.0,,0.0,0.0,0.0,0.0,,2,1,0,1,1,6202,1012,5384,171,171,0,0.0,0,0,0.5,0.5,1.5,0.0,2,1.0,"tumor,TAM_microglia",immune_synapse,"Mathewson et al., Cell 2021",1,0.1465345352507349,0.03768094468306599,llm_mentions_per_run=1.5 (+0.50); llm_mention_rate=0.5 (+0.36); cc_n_cells_e1=6.2e+03 (+0.20),literature tier 1 (label)
1188,PTPRC,OPC_GABA_like_tumor,IDH_Mutant,tumor,0.0,0.0,0.0,0.0,,,0.0,0.0,0.0,0.0,,0.0,2.0,0.0,0.0,0.0,0.0,0.0,0.0,,0.0,0.0,0.0,0.0,,8,1,1,2,2,6741,14114,1658,11741,1658,0,0.0,1,0,0.0,0.0,0.0,0.0,2,,,,,0,0.14572097232235706,0.029844701724961092,cc_n_cells_e1=6.74e+03 (+0.23); cc_n_celltypes_total=2 (+0.02); llm_unprompted_mention_rate=0 (+0.01),novel
1189,GRN,OPC_GABA_like_tumor,IDH_Mutant,tumor,1.0,-0.7791388283861211,0.7791388283861211,4.891738789273467,0.116,0.169,-0.053000000000000005,-1.0,0.0,0.0,-1.0374745400121972,1.0,3.0,0.0,0.0,0.0,0.0,0.0,0.0,,0.0,0.0,0.0,0.0,,3,1,0,1,2,6741,14114,1658,11741,1658,0,-0.0,1,0,0.0,0.0,0.0,0.0,2,,,,,0,0.14459147796669364,0.027669519424956334,cc_n_cells_e1=6.74e+03 (+0.21); deg_pct_e1=0.169 (+0.05); cc_n_celltypes_total=2 (+0.02),novel
1190,PCDHGA10,TAM1/TAM2/microglia,IDH_WT,TAM_microglia,0.0,0.0,0.0,0.0,,,0.0,0.0,0.0,0.0,,0.0,2.0,0.0,0.0,0.0,0.0,0.0,0.0,,0.0,0.0,0.0,0.0,,2,1,1,1,1,12086,25922,9696,2745,2745,0,0.0,0,0,0.0,0.0,0.0,0.0,2,,,,,0,0.1441710820038417,0.05209435290266776,cc_n_cells_e1=1.21e+04 (+0.19); cc_n_celltypes_total=1 (+0.05); deg_pooled_log2fc=nan (+0.02),novel
1191,PTPRD,T cell,IDH_Mutant,T_cell,0.0,0.0,0.0,0.0,,,0.0,0.0,0.0,0.0,,0.0,1.0,0.0,0.0,0.0,0.0,0.0,0.0,,0.0,0.0,0.0,0.0,,1,0,1,1,1,2662,1463,941,334,334,0,0.0,1,0,0.0,0.0,0.0,0.0,2,,,,,0,0.14390007902679539,0.04153541199563007,cc_n_celltypes_total=1 (+0.14); deg_n_celltypes_sig=1 (+0.09); cc_is_ligand=0 (+0.02),novel
1192,MDK,T cell,IDH_WT,T_cell,0.0,0.0,0.0,0.0,,,0.0,0.0,0.0,0.0,,0.0,2.0,0.0,0.0,0.0,0.0,0.0,0.0,,0.0,0.0,0.0,0.0,,28,1,0,1,1,2662,1463,1681,1118,1118,0,0.0,0,0,0.0,0.0,0.0,0.0,2,,,,,0,0.1438199031266386,0.04376796045278016,cc_n_celltypes_total=1 (+0.17); llm_unprompted_mention_rate=0 (+0.02); cc_edges_total=28 (+0.02),novel
1193,ADORA3,T cell,IDH_WT,T_cell,0.0,0.0,0.0,0.0,,,0.0,0.0,0.0,0.0,,0.0,1.0,0.0,0.0,0.0,0.0,0.0,0.0,,0.0,0.0,0.0,0.0,,1,1,0,1,1,2662,1463,1681,1118,1118,0,0.0,0,0,0.0,0.0,0.0,0.0,2,,,,,0,0.1435450004850715,0.03488381568219057,cc_n_celltypes_total=1 (+0.14); deg_n_celltypes_sig=1 (+0.09); deg_pooled_log2fc=nan (+0.02),novel
1194,HLA-DQB1,TAM1/TAM2/microglia,IDH_Mutant,TAM_microglia,1.0,-1.6316148284320091,1.6316148284320091,134.0464141805525,0.475,0.681,-0.20600000000000007,-1.0,0.0,0.0,-1.3977999715061902,1.0,2.0,4.0,0.0,2.0,2.0,0.018298993149735,0.00788969711259746,0.0,1.0,1.0,0.0,4.0,0.0,6,1,0,1,2,12086,25922,2106,21701,2106,0,-0.0,1,1,0.0,0.0,0.0,0.0,2,,,,,0,0.14348765934012625,0.03664407078057859,cc_n_cells_e1=1.21e+04 (+0.22); cc_edges_e2=2 (+0.16); cc_mean_prob=0.00789 (+0.06),novel
1195,SLC1A3,T cell,IDH_Mutant,T_cell,0.0,0.0,0.0,0.0,,,0.0,0.0,0.0,0.0,,0.0,3.0,0.0,0.0,0.0,0.0,0.0,0.0,,0.0,0.0,0.0,0.0,,26,1,0,1,2,2662,1463,941,334,334,0,0.0,1,0,0.0,0.0,0.0,0.0,2,,,,,0,0.1432914813863968,0.03373543080276478,llm_unprompted_mention_rate=0 (+0.02); cc_edges_total=26 (+0.02); cc_n_celltypes_total=2 (+0.01),novel
1196,HLA-DPA1,T cell,IDH_WT,T_cell,1.0,0.6387378387373901,0.6387378387373901,5.048767892887816,0.42,0.316,0.10399999999999998,1.0,0.0,0.0,0.6837834330624064,1.0,5.0,4.0,0.0,2.0,2.0,0.0064586265870979,0.0031475290013926347,0.0,1.0,1.0,4.0,4.0,0.0,14,1,0,1,5,2662,1463,1681,1118,1118,0,0.0,0,1,1.0,1.0,2.0,0.0,2,,,,,0,0.1427488255721578,0.03143045887032114,llm_mention_rate=1 (+0.22); deg_pct_diff=0.104 (+0.21); cc_edges_total=14 (+0.19),novel
1197,PTPRC,cycling_tumor,IDH_WT,tumor,1.0,-5.81135211004621,5.81135211004621,12.986010701771058,0.008,0.116,-0.10800000000000001,-1.0,1.0,1.0,-5.434248611522105,1.0,3.0,0.0,0.0,0.0,0.0,0.0,0.0,,0.0,0.0,0.0,0.0,,8,1,1,2,2,6410,814,5847,663,663,0,-0.0,0,0,0.0,0.0,0.0,0.0,2,,,,,0,0.14255414321298626,0.03421666293257804,cc_n_cells_e1=6.41e+03 (+0.21); deg_pct_e1=0.116 (+0.08); deg_abs_log2fc=5.81 (+0.07),novel
1198,SORT1,OPC_GABA_like_tumor,IDH_Mutant,tumor,1.0,-1.013349127742366,1.013349127742366,14.98635608123007,0.084,0.154,-0.06999999999999999,-1.0,1.0,1.0,-1.2758171498785147,1.0,2.0,0.0,0.0,0.0,0.0,0.0,0.0,,0.0,0.0,0.0,0.0,,3,0,1,1,1,6741,14114,1658,11741,1658,0,-0.0,1,0,0.0,0.0,0.0,0.0,2,,,,,0,0.14220406194126242,0.04750355633715308,cc_n_cells_e1=6.74e+03 (+0.19); cc_n_celltypes_total=1 (+0.06); deg_pct_e1=0.154 (+0.05),novel
1199,PDGFA,OPC_GABA_like_tumor,IDH_WT,tumor,0.0,0.0,0.0,0.0,,,0.0,0.0,0.0,0.0,,0.0,2.0,0.0,0.0,0.0,0.0,0.0,0.0,,0.0,0.0,0.0,0.0,,3,1,0,1,1,6741,14114,5040,1935,1935,0,0.0,0,0,0.0,0.0,0.0,0.0,2,,,,,0,0.14217292550896246,0.023342583488387043,cc_n_cells_e1=6.74e+03 (+0.20); cc_n_celltypes_total=1 (+0.06); deg_pooled_log2fc=nan (+0.01),novel
1200,LRP1,TAM1/TAM2/microglia,IDH_WT,TAM_microglia,0.0,0.0,0.0,0.0,,,0.0,0.0,0.0,0.0,,0.0,2.0,0.0,2.0,1.0,1.0,0.0018372268831769,0.001612222102132,0.0,1.0,1.0,2.0,2.0,0.0,7,0,1,1,4,12086,25922,9696,2745,2745,0,0.0,0,0,0.0,0.0,0.0,0.0,2,,,,,0,0.141907276319824,0.03858003408911687,cc_n_cells_e1=1.21e+04 (+0.22); cc_n_celltypes_total=4 (+0.02); cc_rec_edges=2 (+0.01),novel
1201,SLC1A3,T cell,IDH_WT,T_cell,0.0,0.0,0.0,0.0,,,0.0,0.0,0.0,0.0,,0.0,2.0,0.0,0.0,0.0,0.0,0.0,0.0,,0.0,0.0,0.0,0.0,,26,1,0,1,2,2662,1463,1681,1118,1118,0,0.0,0,0,0.0,0.0,0.0,0.0,2,,,,,0,0.14026268494752728,0.03431292302232044,llm_unprompted_mention_rate=0 (+0.02); cc_edges_total=26 (+0.02); cc_n_celltypes_total=2 (+0.01),novel
1202,PTGES3,T cell,IDH_Mutant,T_cell,0.0,0.0,0.0,0.0,,,0.0,0.0,0.0,0.0,,0.0,0.0,2.0,0.0,1.0,1.0,0.0036836510154045,0.00361958430436245,0.0,1.0,1.0,2.0,2.0,0.0,13,1,0,1,7,2662,1463,941,334,334,0,0.0,1,0,0.0,0.0,0.0,0.0,2,,,,,0,0.13957288114208047,0.03390001842590238,deg_n_celltypes_sig=0 (+0.34); cc_edges_total=13 (+0.24); cc_mean_prob=0.00362 (+0.06),novel
1203,HLA-E,cycling_tumor,IDH_WT,tumor,1.0,-2.98578670334208,2.98578670334208,11.220255953942393,0.164,0.276,-0.11200000000000002,-1.0,1.0,1.0,-3.141242191234189,1.0,3.0,1.0,0.0,0.0,1.0,0.0040438839943757,0.0040438839943757,0.0,1.0,1.0,0.0,1.0,-1.0,6,1,0,1,4,6410,814,5847,663,663,0,1.0,0,1,0.0,0.0,0.0,0.0,2,,,,,0,0.13698867771448323,0.03429024229119291,cc_n_cells_e1=6.41e+03 (+0.21); cc_max_prob=0.00404 (+0.06); cc_mean_prob=0.00404 (+0.06),novel
1204,CD99,T cell,IDH_Mutant,T_cell,0.0,0.0,0.0,0.0,,,0.0,0.0,0.0,0.0,,0.0,3.0,18.0,14.0,16.0,16.0,0.0173369733225027,0.0069529135025373345,0.01,1.0,4.0,24.0,32.0,0.0,86,1,1,1,4,2662,1463,941,334,334,0,0.0,1,0,0.0,0.0,0.0,0.0,2,2.0,tumor,immune_synapse,Glioma invasion marker (limited functional data),0,0.13690859616798332,0.03917265503076597,cc_edges_total=86 (+0.93); cc_n_partners=4 (+0.13); cc_cross_compartment_edges=24 (+0.07),"literature gene, other compartment"
1205,ITGB1,T cell,IDH_WT,T_cell,0.0,0.0,0.0,0.0,,,0.0,0.0,0.0,0.0,,0.0,2.0,0.0,0.0,0.0,0.0,0.0,0.0,,0.0,0.0,0.0,0.0,,36,0,1,2,3,2662,1463,1681,1118,1118,0,0.0,0,0,1.0,1.0,2.0,0.0,2,,,,,0,0.13684964540529806,0.05593265666459878,llm_mention_rate=1 (+0.27); llm_mentions_per_run=2 (+0.05); cc_is_ligand=0 (+0.02),novel
1206,ANXA1,TAM1/TAM2/microglia,IDH_WT,TAM_microglia,1.0,-1.6688803158048915,1.6688803158048915,147.10238376776053,0.192,0.461,-0.269,-1.0,1.0,1.0,-3.531279895410132,1.0,4.0,2.0,0.0,0.0,2.0,0.0062273756011233,0.0054991206684735505,0.0,1.0,1.0,0.0,2.0,-1.0,10,1,0,1,4,12086,25922,9696,2745,2745,0,1.0,0,1,0.0,0.0,0.0,0.0,2,,,,,0,0.1367036698183176,0.01877716624451551,cc_n_cells_e1=1.21e+04 (+0.22); deg_n_celltypes_sig=4 (+0.06); cc_max_prob=0.00623 (+0.06),novel
1207,PTPRC,cycling_tumor,IDH_Mutant,tumor,1.0,-5.517572124585554,5.517572124585554,6.292604876961501,0.022,0.307,-0.285,-1.0,1.0,1.0,-5.434248611522105,1.0,2.0,0.0,0.0,0.0,0.0,0.0,0.0,,0.0,0.0,0.0,0.0,,8,1,1,2,2,6410,814,270,136,136,0,-0.0,1,0,0.0,0.0,0.0,0.0,2,,,,,0,0.136664804590113,0.03142219812357783,cc_n_cells_e1=6.41e+03 (+0.21); deg_abs_log2fc=5.52 (+0.07); cc_n_cells_e2=814 (+0.05),novel
1208,ITGB8,T cell,IDH_WT,T_cell,0.0,0.0,0.0,0.0,,,0.0,0.0,0.0,0.0,,0.0,0.0,0.0,0.0,0.0,0.0,0.0,0.0,,0.0,0.0,0.0,0.0,,3,0,1,1,2,2662,1463,1681,1118,1118,0,0.0,0,0,0.0,0.0,0.0,0.0,2,,,,,0,0.13639959998820836,0.07157162541358432,deg_n_celltypes_sig=0 (+0.64); cc_is_ligand=0 (+0.02); idh_mutant=0 (+0.02),novel
1209,CXCR4,T cell,IDH_Mutant,T_cell,1.0,-0.4630383510607161,0.4630383510607161,4.7046834136164355,0.823,0.905,-0.08200000000000007,-1.0,1.0,1.0,-0.7432503531791435,1.0,3.0,0.0,22.0,11.0,11.0,0.0485948380951234,0.020411046457200894,0.0,1.0,6.0,18.0,22.0,0.0,44,0,1,1,2,2662,1463,941,334,334,0,-0.0,1,1,0.0,0.0,0.0,0.0,2,1.0,tumor,growth,"Rubin et al., PNAS 2003",0,0.1356897613061766,0.09188372764759191,cc_edges_total=44 (+1.00); cc_n_partners=6 (+0.15); cc_edges_e2=11 (+0.13),"literature gene, other compartment"
1210,NLGN3,TAM1/TAM2/microglia,IDH_WT,TAM_microglia,0.0,0.0,0.0,0.0,,,0.0,0.0,0.0,0.0,,0.0,2.0,0.0,0.0,0.0,0.0,0.0,0.0,,0.0,0.0,0.0,0.0,,6,0,1,1,1,12086,25922,9696,2745,2745,0,0.0,0,0,0.5,0.5,0.5,0.0,2,1.0,tumor,neuron_tumor,"Venkatesh et al., Cell 2015; Venkatesh et al., Nature 2017",0,0.13518168029740615,0.03841571444168405,llm_mention_rate=0.5 (+0.33); cc_n_cells_e1=1.21e+04 (+0.20); llm_unprompted_mention_rate=0.5 (+0.08),"literature gene, other compartment"
1211,HLA-DRB1,T cell,IDH_Mutant,T_cell,0.0,0.0,0.0,0.0,,,0.0,0.0,0.0,0.0,,0.0,4.0,4.0,0.0,2.0,2.0,0.0055041634560057,0.00280821876967937,0.0,1.0,1.0,4.0,4.0,0.0,14,1,0,1,5,2662,1463,941,334,334,0,0.0,1,0,1.0,1.0,2.0,0.0,2,,,,,0,0.1341288881558349,0.07032906762695752,llm_mention_rate=1 (+0.22); cc_edges_total=14 (+0.20); cc_edges_e2=2 (+0.14),novel
1212,NLGN3,TAM1/TAM2/microglia,IDH_Mutant,TAM_microglia,0.0,0.0,0.0,0.0,,,0.0,0.0,0.0,0.0,,0.0,2.0,0.0,0.0,0.0,0.0,0.0,0.0,,0.0,0.0,0.0,0.0,,6,0,1,1,1,12086,25922,2106,21701,2106,0,0.0,1,0,0.5,0.5,0.5,0.0,2,1.0,tumor,neuron_tumor,"Venkatesh et al., Cell 2015; Venkatesh et al., Nature 2017",0,0.13400908901182412,0.03908083198548453,llm_mention_rate=0.5 (+0.33); cc_n_cells_e1=1.21e+04 (+0.20); llm_unprompted_mention_rate=0.5 (+0.08),"literature gene, other compartment"
1213,KLRC2,T cell,IDH_WT,T_cell,0.0,0.0,0.0,0.0,,,0.0,0.0,0.0,0.0,,0.0,0.0,0.0,0.0,0.0,0.0,0.0,0.0,,0.0,0.0,0.0,0.0,,6,0,1,1,1,2662,1463,1681,1118,1118,0,0.0,0,0,0.0,0.0,0.0,0.0,2,,,,,0,0.1337110013369561,0.05735593950578964,deg_n_celltypes_sig=0 (+0.44); cc_n_celltypes_total=1 (+0.14); cc_is_ligand=0 (+0.02),novel
1214,CXCR4,T cell,IDH_WT,T_cell,1.0,-0.7068557756501592,0.7068557756501592,17.379151935254022,0.515,0.663,-0.14800000000000002,-1.0,1.0,1.0,-0.7432503531791435,1.0,2.0,0.0,22.0,11.0,11.0,0.0485948380951234,0.020411046457200894,0.0,1.0,6.0,18.0,22.0,0.0,44,0,1,1,2,2662,1463,1681,1118,1118,0,-0.0,0,1,0.0,0.0,0.0,0.0,2,1.0,tumor,growth,"Rubin et al., PNAS 2003",0,0.13305137947002937,0.08845926183739675,cc_edges_total=44 (+1.00); cc_n_partners=6 (+0.15); cc_edges_e2=11 (+0.13),"literature gene, other compartment"
1215,PILRB,TAM1/TAM2/microglia,IDH_WT,TAM_microglia,0.0,0.0,0.0,0.0,,,0.0,0.0,0.0,0.0,,0.0,2.0,0.0,0.0,0.0,0.0,0.0,0.0,,0.0,0.0,0.0,0.0,,7,0,1,1,1,12086,25922,9696,2745,2745,0,0.0,0,0,0.0,0.0,0.0,0.0,2,,,,,0,0.13270499266396832,0.03302857634758892,cc_n_cells_e1=1.21e+04 (+0.20); cc_n_celltypes_total=1 (+0.05); llm_unprompted_mention_rate=0 (+0.01),novel
1216,COL9A1,T cell,IDH_Mutant,T_cell,0.0,0.0,0.0,0.0,,,0.0,0.0,0.0,0.0,,0.0,0.0,0.0,0.0,0.0,0.0,0.0,0.0,,0.0,0.0,0.0,0.0,,5,1,0,1,1,2662,1463,941,334,334,0,0.0,1,0,0.0,0.0,0.0,0.0,2,,,,,0,0.1314491879027315,0.06091087223375668,deg_n_celltypes_sig=0 (+0.42); cc_n_celltypes_total=1 (+0.14); deg_pooled_log2fc=nan (+0.01),novel
1217,GAS6,T cell,IDH_WT,T_cell,0.0,0.0,0.0,0.0,,,0.0,0.0,0.0,0.0,,0.0,1.0,0.0,0.0,0.0,0.0,0.0,0.0,,0.0,0.0,0.0,0.0,,2,1,0,1,1,2662,1463,1681,1118,1118,0,0.0,0,0,0.0,0.0,0.0,0.0,2,,,,,0,0.12961660185240453,0.04566558828483564,cc_n_celltypes_total=1 (+0.14); deg_n_celltypes_sig=1 (+0.09); deg_pooled_log2fc=nan (+0.02),novel
1218,CLEC2D,cycling_tumor,IDH_WT,tumor,1.0,0.4232851334045273,0.4232851334045273,25.581682812448022,0.142,0.037,0.10499999999999998,1.0,0.0,0.0,0.4673652569920334,1.0,3.0,0.0,0.0,0.0,0.0,0.0,0.0,,0.0,0.0,0.0,0.0,,2,1,0,1,1,6410,814,5847,663,663,0,0.0,0,0,0.5,0.5,1.5,0.0,2,1.0,"tumor,TAM_microglia",immune_synapse,"Mathewson et al., Cell 2021",1,0.1296086577403616,0.04883180431923925,llm_mentions_per_run=1.5 (+0.50); llm_mention_rate=0.5 (+0.36); cc_n_cells_e1=6.41e+03 (+0.19),literature tier 1 (label)
1219,CLSTN1,T cell,IDH_Mutant,T_cell,0.0,0.0,0.0,0.0,,,0.0,0.0,0.0,0.0,,0.0,1.0,0.0,0.0,0.0,0.0,0.0,0.0,,0.0,0.0,0.0,0.0,,12,0,1,1,2,2662,1463,941,334,334,0,0.0,1,0,0.5,0.5,3.0,0.0,2,,,,,0,0.12756462746579686,0.01618920996035522,llm_mention_rate=0.5 (+0.28); deg_n_celltypes_sig=1 (+0.08); llm_unprompted_mention_rate=0.5 (+0.07),novel
1220,PILRB,T cell,IDH_Mutant,T_cell,0.0,0.0,0.0,0.0,,,0.0,0.0,0.0,0.0,,0.0,0.0,0.0,0.0,0.0,0.0,0.0,0.0,,0.0,0.0,0.0,0.0,,7,0,1,1,1,2662,1463,941,334,334,0,0.0,1,0,0.0,0.0,0.0,0.0,2,,,,,0,0.1268965761817343,0.05682861501700853,deg_n_celltypes_sig=0 (+0.42); cc_n_celltypes_total=1 (+0.14); cc_is_ligand=0 (+0.02),novel
1221,NRCAM,T cell,IDH_WT,T_cell,0.0,0.0,0.0,0.0,,,0.0,0.0,0.0,0.0,,0.0,1.0,0.0,0.0,0.0,0.0,0.0,0.0,,0.0,0.0,0.0,0.0,,12,0,1,1,4,2662,1463,1681,1118,1118,0,0.0,0,0,1.0,1.0,3.0,0.0,2,,,,,0,0.1263414845273122,0.0410549144214504,llm_mention_rate=1 (+0.30); deg_n_celltypes_sig=1 (+0.07); llm_mentions_per_run=3 (+0.06),novel
1222,LAIR1,T cell,IDH_Mutant,T_cell,0.0,0.0,0.0,0.0,,,0.0,0.0,0.0,0.0,,0.0,1.0,0.0,0.0,0.0,0.0,0.0,0.0,,0.0,0.0,0.0,0.0,,4,1,0,1,1,2662,1463,941,334,334,0,0.0,1,0,0.0,0.0,0.0,0.0,2,,,,,0,0.12585473315434498,0.033219789730628446,cc_n_celltypes_total=1 (+0.14); deg_n_celltypes_sig=1 (+0.09); deg_pooled_log2fc=nan (+0.01),novel
1223,HLA-DRB5,T cell,IDH_Mutant,T_cell,1.0,0.967642772811686,0.967642772811686,1.4481237247366432,0.186,0.085,0.10099999999999999,1.0,0.0,0.0,0.7803796499122759,1.0,3.0,0.0,0.0,0.0,0.0,0.0,0.0,,0.0,0.0,0.0,0.0,,4,1,0,1,1,2662,1463,941,334,334,0,0.0,1,0,0.0,0.0,0.0,0.0,2,,,,,0,0.12521929891619815,0.06000286237414841,deg_pct_diff=0.101 (+0.14); deg_pct_e1=0.085 (+0.12); cc_n_celltypes_total=1 (+0.10),novel
1224,CADM1,T cell,IDH_Mutant,T_cell,0.0,0.0,0.0,0.0,,,0.0,0.0,0.0,0.0,,0.0,2.0,0.0,0.0,0.0,0.0,0.0,0.0,,0.0,0.0,0.0,0.0,,32,1,1,1,3,2662,1463,941,334,334,0,0.0,1,0,0.0,0.0,0.0,0.0,2,,,,,0,0.12495571692127272,0.06398993430557093,llm_unprompted_mention_rate=0 (+0.02); deg_cc_concordance=0 (+0.01); cc_mean_prob=0 (+0.01),novel
1225,LAIR1,T cell,IDH_WT,T_cell,0.0,0.0,0.0,0.0,,,0.0,0.0,0.0,0.0,,0.0,1.0,0.0,0.0,0.0,0.0,0.0,0.0,,0.0,0.0,0.0,0.0,,4,1,0,1,1,2662,1463,1681,1118,1118,0,0.0,0,0,0.0,0.0,0.0,0.0,2,,,,,0,0.12478646268060785,0.03217135988119854,cc_n_celltypes_total=1 (+0.14); deg_n_celltypes_sig=1 (+0.09); deg_pooled_log2fc=nan (+0.01),novel
1226,CD69,T cell,IDH_WT,T_cell,1.0,-0.9019146998420502,0.9019146998420502,16.352325035005265,0.389,0.542,-0.15300000000000002,-1.0,1.0,1.0,-0.8759182319456174,1.0,2.0,4.0,0.0,2.0,2.0,0.0319079660883083,0.019165476305495574,0.0,1.0,1.0,0.0,4.0,0.0,6,1,0,1,2,2662,1463,1681,1118,1118,0,-0.0,0,1,1.0,1.0,2.0,1.0,2,,,,,0,0.12328888503093134,0.062012198622692624,llm_ctx_mention_rate=1 (+0.90); llm_mention_rate=1 (+0.29); cc_edges_e2=2 (+0.14),novel
1227,CDH2,T cell,IDH_Mutant,T_cell,0.0,0.0,0.0,0.0,,,0.0,0.0,0.0,0.0,,0.0,1.0,0.0,0.0,0.0,0.0,0.0,0.0,,0.0,0.0,0.0,0.0,,32,1,1,1,3,2662,1463,941,334,334,0,0.0,1,0,0.0,0.0,0.0,0.0,2,,,,,0,0.12251124864327949,0.05245973496982479,deg_n_celltypes_sig=1 (+0.08); llm_unprompted_mention_rate=0 (+0.02); deg_cc_concordance=0 (+0.01),novel
1228,CDH2,T cell,IDH_WT,T_cell,0.0,0.0,0.0,0.0,,,0.0,0.0,0.0,0.0,,0.0,1.0,0.0,0.0,0.0,0.0,0.0,0.0,,0.0,0.0,0.0,0.0,,32,1,1,1,3,2662,1463,1681,1118,1118,0,0.0,0,0,0.0,0.0,0.0,0.0,2,,,,,0,0.12251124864327949,0.05245973496982479,deg_n_celltypes_sig=1 (+0.07); llm_unprompted_mention_rate=0 (+0.02); deg_cc_concordance=0 (+0.01),novel
1229,GLS,T cell,IDH_WT,T_cell,0.0,0.0,0.0,0.0,,,0.0,0.0,0.0,0.0,,0.0,3.0,0.0,0.0,0.0,0.0,0.0,0.0,,0.0,0.0,0.0,0.0,,39,1,0,1,2,2662,1463,1681,1118,1118,0,0.0,0,0,1.0,1.0,2.0,0.0,2,,,,,0,0.12200292948221891,0.0298593833860341,llm_mention_rate=1 (+0.27); llm_mentions_per_run=2 (+0.05); deg_pooled_log2fc=nan (+0.02),novel
1230,HLA-DMB,T cell,IDH_WT,T_cell,0.0,0.0,0.0,0.0,,,0.0,0.0,0.0,0.0,,0.0,1.0,0.0,0.0,0.0,0.0,0.0,0.0,,0.0,0.0,0.0,0.0,,4,1,0,1,1,2662,1463,1681,1118,1118,0,0.0,0,0,0.0,0.0,0.0,0.0,2,,,,,0,0.12197059854013181,0.038343699591589585,cc_n_celltypes_total=1 (+0.14); deg_n_celltypes_sig=1 (+0.09); deg_pooled_log2fc=nan (+0.01),novel
1231,HLA-DRB1,T cell,IDH_WT,T_cell,0.0,0.0,0.0,0.0,,,0.0,0.0,0.0,0.0,,0.0,3.0,4.0,0.0,2.0,2.0,0.0055041634560057,0.00280821876967937,0.0,1.0,1.0,4.0,4.0,0.0,14,1,0,1,5,2662,1463,1681,1118,1118,0,0.0,0,0,1.0,1.0,2.0,0.0,2,,,,,0,0.12126368435052823,0.060779550549749366,llm_mention_rate=1 (+0.23); cc_edges_total=14 (+0.20); cc_edges_e2=2 (+0.13),novel
1232,GLS,T cell,IDH_Mutant,T_cell,0.0,0.0,0.0,0.0,,,0.0,0.0,0.0,0.0,,0.0,2.0,0.0,0.0,0.0,0.0,0.0,0.0,,0.0,0.0,0.0,0.0,,39,1,0,1,2,2662,1463,941,334,334,0,0.0,1,0,1.0,1.0,2.0,0.0,2,,,,,0,0.11951654464909045,0.030138838107993456,llm_mention_rate=1 (+0.27); llm_mentions_per_run=2 (+0.05); deg_pooled_log2fc=nan (+0.02),novel
1233,CLEC2D,TAM1/TAM2/microglia,IDH_WT,TAM_microglia,0.0,0.0,0.0,0.0,,,0.0,0.0,0.0,0.0,,0.0,3.0,0.0,0.0,0.0,0.0,0.0,0.0,,0.0,0.0,0.0,0.0,,2,1,0,1,1,12086,25922,9696,2745,2745,0,0.0,0,0,0.5,0.5,1.5,0.0,2,1.0,"tumor,TAM_microglia",immune_synapse,"Mathewson et al., Cell 2021",1,0.11844686562732912,0.019578055689037734,llm_mentions_per_run=1.5 (+0.50); llm_mention_rate=0.5 (+0.36); cc_n_cells_e1=1.21e+04 (+0.20),literature tier 1 (label)
1234,GRIA3,T cell,IDH_WT,T_cell,0.0,0.0,0.0,0.0,,,0.0,0.0,0.0,0.0,,0.0,1.0,0.0,0.0,0.0,0.0,0.0,0.0,,0.0,0.0,0.0,0.0,,6,0,1,1,2,2662,1463,1681,1118,1118,0,0.0,0,0,1.0,1.0,1.0,0.0,2,2.0,tumor,neuron_tumor,"AMPAR subunit family; Venkatesh et al., Nature 2019",0,0.11770056329550069,0.06017345550959815,llm_mentions_per_run=1 (+0.45); llm_mention_rate=1 (+0.32); deg_n_celltypes_sig=1 (+0.08),"literature gene, other compartment"
1235,DLL3,TAM1/TAM2/microglia,IDH_WT,TAM_microglia,0.0,0.0,0.0,0.0,,,0.0,0.0,0.0,0.0,,0.0,4.0,0.0,0.0,0.0,0.0,0.0,0.0,,0.0,0.0,0.0,0.0,,8,1,0,1,4,12086,25922,9696,2745,2745,0,0.0,0,0,0.0,0.0,0.0,0.0,2,1.0,tumor,growth,"Spino et al., Clin Cancer Res 2019 (IDH-mutant glioma)",0,0.1166796404948269,0.019226259543166306,cc_n_cells_e1=1.21e+04 (+0.23); deg_n_celltypes_sig=4 (+0.10); cc_n_celltypes_total=4 (+0.02),"literature gene, other compartment"
1236,DLL3,TAM1/TAM2/microglia,IDH_Mutant,TAM_microglia,0.0,0.0,0.0,0.0,,,0.0,0.0,0.0,0.0,,0.0,4.0,0.0,0.0,0.0,0.0,0.0,0.0,,0.0,0.0,0.0,0.0,,8,1,0,1,4,12086,25922,2106,21701,2106,0,0.0,1,0,0.0,0.0,0.0,0.0,2,1.0,tumor,growth,"Spino et al., Clin Cancer Res 2019 (IDH-mutant glioma)",0,0.1166796404948269,0.019226259543166306,cc_n_cells_e1=1.21e+04 (+0.23); deg_n_celltypes_sig=4 (+0.11); cc_n_celltypes_total=4 (+0.02),"literature gene, other compartment"
1237,HLA-DQA1,T cell,IDH_Mutant,T_cell,1.0,1.6232308556617745,1.6232308556617745,2.1531669995221825,0.165,0.07,0.095,1.0,1.0,1.0,1.1255376384244378,1.0,2.0,0.0,0.0,0.0,0.0,0.0,0.0,,0.0,0.0,0.0,0.0,,4,1,0,1,1,2662,1463,941,334,334,0,0.0,1,0,0.0,0.0,0.0,0.0,2,,,,,0,0.1161110880079181,0.015669277155966527,deg_pct_diff=0.095 (+0.14); deg_pct_e1=0.07 (+0.12); cc_n_celltypes_total=1 (+0.10),novel
1238,PCDHGA10,T cell,IDH_Mutant,T_cell,0.0,0.0,0.0,0.0,,,0.0,0.0,0.0,0.0,,0.0,1.0,0.0,0.0,0.0,0.0,0.0,0.0,,0.0,0.0,0.0,0.0,,2,1,1,1,1,2662,1463,941,334,334,0,0.0,1,0,0.0,0.0,0.0,0.0,2,,,,,0,0.11584626766997448,0.029161938447279576,cc_n_celltypes_total=1 (+0.14); deg_n_celltypes_sig=1 (+0.09); deg_pooled_log2fc=nan (+0.02),novel
1239,P4HB,TAM1/TAM2/microglia,IDH_WT,TAM_microglia,1.0,-0.5629102175258354,0.5629102175258354,2.315406836498125,0.285,0.317,-0.03200000000000003,-1.0,0.0,0.0,-0.8764560737777898,1.0,2.0,0.0,1.0,0.0,1.0,0.0024062850263849,0.0024062850263849,0.0,1.0,1.0,0.0,1.0,-1.0,5,0,1,1,3,12086,25922,9696,2745,2745,0,1.0,0,1,0.0,0.0,0.0,0.0,2,,,,,0,0.11549510633829682,0.025339992977737376,cc_n_cells_e1=1.21e+04 (+0.21); cc_mean_prob=0.00241 (+0.03); cc_n_celltypes_total=3 (+0.02),novel
1240,TGFBR2,T cell,IDH_WT,T_cell,0.0,0.0,0.0,0.0,,,0.0,0.0,0.0,0.0,,0.0,1.0,0.0,0.0,0.0,0.0,0.0,0.0,,0.0,0.0,0.0,0.0,,4,0,1,1,1,2662,1463,1681,1118,1118,0,0.0,0,0,0.0,0.0,0.0,0.0,2,,,,,0,0.11371917987516475,0.03220308269056967,cc_n_celltypes_total=1 (+0.14); deg_n_celltypes_sig=1 (+0.09); cc_is_ligand=0 (+0.02),novel
1241,MERTK,T cell,IDH_Mutant,T_cell,0.0,0.0,0.0,0.0,,,0.0,0.0,0.0,0.0,,0.0,2.0,0.0,0.0,0.0,0.0,0.0,0.0,,0.0,0.0,0.0,0.0,,1,0,1,1,1,2662,1463,941,334,334,0,0.0,1,0,0.0,0.0,0.0,0.0,2,,,,,0,0.1133975785182757,0.02210524632442988,cc_n_celltypes_total=1 (+0.13); cc_is_ligand=0 (+0.02); deg_pooled_log2fc=nan (+0.02),novel
1242,PSAP,AC_like_tumor,IDH_Mutant,tumor,0.0,0.0,0.0,0.0,,,0.0,0.0,0.0,0.0,,0.0,3.0,2.0,0.0,1.0,1.0,0.0021302161985696,0.0018567956874288999,0.0,1.0,1.0,0.0,2.0,0.0,9,1,0,1,5,72549,446,4249,283,283,0,0.0,1,0,0.0,0.0,0.0,0.0,2,,,,,0,0.11319908958895501,0.03893853070366453,cc_n_cells_e1=7.25e+04 (+0.23); cc_n_cells_e2=446 (+0.03); llm_unprompted_mention_rate=0 (+0.01),novel
1243,AXL,T cell,IDH_Mutant,T_cell,0.0,0.0,0.0,0.0,,,0.0,0.0,0.0,0.0,,0.0,0.0,0.0,0.0,0.0,0.0,0.0,0.0,,0.0,0.0,0.0,0.0,,1,0,1,1,1,2662,1463,941,334,334,0,0.0,1,0,0.0,0.0,0.0,0.0,2,2.0,"TAM_microglia,tumor",myeloid_bridge,TAM receptor family (pathway-level),0,0.1129518110459486,0.02438660812357615,deg_n_celltypes_sig=0 (+0.67); cc_edges_total=1 (+0.20); cc_n_celltypes_total=1 (+0.14),"literature gene, other compartment"
1244,HLA-DPA1,T cell,IDH_Mutant,T_cell,0.0,0.0,0.0,0.0,,,0.0,0.0,0.0,0.0,,0.0,4.0,4.0,0.0,2.0,2.0,0.0064586265870979,0.0031475290013926347,0.0,1.0,1.0,4.0,4.0,0.0,14,1,0,1,5,2662,1463,941,334,334,0,0.0,1,0,1.0,1.0,2.0,0.0,2,,,,,0,0.11244061108491628,0.02128268514861989,llm_mention_rate=1 (+0.22); cc_edges_total=14 (+0.20); cc_edges_e2=2 (+0.14),novel
1245,PILRA,T cell,IDH_Mutant,T_cell,0.0,0.0,0.0,0.0,,,0.0,0.0,0.0,0.0,,0.0,1.0,0.0,0.0,0.0,0.0,0.0,0.0,,0.0,0.0,0.0,0.0,,7,0,1,1,1,2662,1463,941,334,334,0,0.0,1,0,0.0,0.0,0.0,0.0,2,,,,,0,0.11197259656611795,0.021200241337327532,cc_n_celltypes_total=1 (+0.14); deg_n_celltypes_sig=1 (+0.10); cc_is_ligand=0 (+0.02),novel
1246,SLITRK2,T cell,IDH_WT,T_cell,0.0,0.0,0.0,0.0,,,0.0,0.0,0.0,0.0,,0.0,2.0,0.0,0.0,0.0,0.0,0.0,0.0,,0.0,0.0,0.0,0.0,,1,1,0,1,1,2662,1463,1681,1118,1118,0,0.0,0,0,0.0,0.0,0.0,0.0,2,,,,,0,0.1119621454878219,0.03195890868435265,cc_n_celltypes_total=1 (+0.13); deg_pooled_log2fc=nan (+0.02); llm_unprompted_mention_rate=0 (+0.01),novel
1247,CLSTN1,T cell,IDH_WT,T_cell,0.0,0.0,0.0,0.0,,,0.0,0.0,0.0,0.0,,0.0,2.0,0.0,0.0,0.0,0.0,0.0,0.0,,0.0,0.0,0.0,0.0,,12,0,1,1,2,2662,1463,1681,1118,1118,0,0.0,0,0,0.5,0.5,3.0,0.0,2,,,,,0,0.11182310641434032,0.01680536839680953,llm_mention_rate=0.5 (+0.29); llm_unprompted_mention_rate=0.5 (+0.07); llm_mentions_per_run=3 (+0.06),novel
1248,HLA-DMA,cycling_tumor,IDH_Mutant,tumor,1.0,-5.393978081590536,5.393978081590536,11.33642968877675,0.051,0.441,-0.39,-1.0,1.0,1.0,-5.239708435940198,1.0,2.0,2.0,0.0,0.0,2.0,0.0032317829215343,0.0017512198751586294,0.0,1.0,1.0,2.0,2.0,-1.0,8,1,0,1,3,6410,814,270,136,136,0,1.0,1,1,0.0,0.0,0.0,0.0,2,,,,,0,0.11173705594267425,0.013664888543690263,cc_n_cells_e1=6.41e+03 (+0.22); deg_abs_log2fc=5.39 (+0.07); cc_n_cells_e2=814 (+0.05),novel
1249,AXL,T cell,IDH_WT,T_cell,0.0,0.0,0.0,0.0,,,0.0,0.0,0.0,0.0,,0.0,0.0,0.0,0.0,0.0,0.0,0.0,0.0,,0.0,0.0,0.0,0.0,,1,0,1,1,1,2662,1463,1681,1118,1118,0,0.0,0,0,0.0,0.0,0.0,0.0,2,2.0,"TAM_microglia,tumor",myeloid_bridge,TAM receptor family (pathway-level),0,0.1116181030979753,0.024200247405293758,deg_n_celltypes_sig=0 (+0.70); cc_edges_total=1 (+0.20); cc_n_celltypes_total=1 (+0.14),"literature gene, other compartment"
1250,ITGAX,T cell,IDH_Mutant,T_cell,0.0,0.0,0.0,0.0,,,0.0,0.0,0.0,0.0,,0.0,0.0,0.0,0.0,0.0,0.0,0.0,0.0,,0.0,0.0,0.0,0.0,,4,0,1,2,1,2662,1463,941,334,334,0,0.0,1,0,0.0,0.0,0.0,0.0,2,,,,,0,0.11108729433247407,0.06960868962594187,deg_n_celltypes_sig=0 (+0.62); cc_n_celltypes_total=1 (+0.14); cc_is_ligand=0 (+0.02),novel
1251,TNF,T cell,IDH_WT,T_cell,0.0,0.0,0.0,0.0,,,0.0,0.0,0.0,0.0,,0.0,1.0,0.0,0.0,0.0,0.0,0.0,0.0,,0.0,0.0,0.0,0.0,,3,1,0,1,1,2662,1463,1681,1118,1118,0,0.0,0,0,0.0,0.0,0.0,0.0,2,,,,,0,0.11078505544365047,0.06010727984931985,cc_n_celltypes_total=1 (+0.14); deg_n_celltypes_sig=1 (+0.09); deg_pooled_log2fc=nan (+0.01),novel
1252,TNF,T cell,IDH_Mutant,T_cell,0.0,0.0,0.0,0.0,,,0.0,0.0,0.0,0.0,,0.0,1.0,0.0,0.0,0.0,0.0,0.0,0.0,,0.0,0.0,0.0,0.0,,3,1,0,1,1,2662,1463,941,334,334,0,0.0,1,0,0.0,0.0,0.0,0.0,2,,,,,0,0.11063335806272465,0.05996033045128134,cc_n_celltypes_total=1 (+0.14); deg_n_celltypes_sig=1 (+0.09); deg_pooled_log2fc=nan (+0.01),novel
1253,PSAP,OPC_GABA_AC_like_tumor,IDH_Mutant,tumor,0.0,0.0,0.0,0.0,,,0.0,0.0,0.0,0.0,,0.0,3.0,0.0,0.0,0.0,0.0,0.0,0.0,,0.0,0.0,0.0,0.0,,9,1,0,1,5,6202,1012,352,742,352,0,0.0,1,0,0.0,0.0,0.0,0.0,2,,,,,0,0.11043822447636735,0.037777629278602974,cc_n_cells_e1=6.2e+03 (+0.23); cc_n_cells_e2=1.01e+03 (+0.03); llm_unprompted_mention_rate=0 (+0.01),novel
1254,P4HB,T cell,IDH_Mutant,T_cell,0.0,0.0,0.0,0.0,,,0.0,0.0,0.0,0.0,,0.0,0.0,0.0,0.0,0.0,0.0,0.0,0.0,,0.0,0.0,0.0,0.0,,5,0,1,1,3,2662,1463,941,334,334,0,0.0,1,0,0.0,0.0,0.0,0.0,2,,,,,0,0.11008516254164266,0.05134767273544172,deg_n_celltypes_sig=0 (+0.40); cc_is_ligand=0 (+0.02); llm_unprompted_mention_rate=0 (+0.01),novel
1255,NRXN2,T cell,IDH_WT,T_cell,0.0,0.0,0.0,0.0,,,0.0,0.0,0.0,0.0,,0.0,1.0,0.0,0.0,0.0,0.0,0.0,0.0,,0.0,0.0,0.0,0.0,,10,1,0,1,1,2662,1463,1681,1118,1118,0,0.0,0,0,0.0,0.0,0.0,0.0,2,,,,,0,0.10964794416570031,0.025858026321674887,cc_n_celltypes_total=1 (+0.14); deg_n_celltypes_sig=1 (+0.10); llm_unprompted_mention_rate=0 (+0.01),novel
1256,CNTN1,T cell,IDH_WT,T_cell,0.0,0.0,0.0,0.0,,,0.0,0.0,0.0,0.0,,0.0,4.0,0.0,0.0,0.0,0.0,0.0,0.0,,0.0,0.0,0.0,0.0,,16,1,0,1,2,2662,1463,1681,1118,1118,0,0.0,0,0,1.0,0.0,4.0,0.0,2,2.0,tumor,neuron_tumor,Synaptic adhesion (pathway-level),0,0.10934694476374285,0.05319512757642793,cc_edges_total=16 (+0.46); llm_mention_rate=1 (+0.26); llm_mentions_per_run=4 (+0.08),"literature gene, other compartment"
1257,LGALS9,TAM1/TAM2/microglia,IDH_WT,TAM_microglia,1.0,0.3557137866024683,0.3557137866024683,9.642147284133971,0.29,0.215,0.07499999999999998,1.0,0.0,0.0,,0.0,1.0,13.0,0.0,13.0,0.0,0.0161731728416982,0.006557732812207392,0.0,1.0,4.0,8.0,13.0,1.0,13,1,0,1,1,12086,25922,9696,2745,2745,0,1.0,0,1,0.0,0.0,0.0,0.0,2,2.0,"tumor,TAM_microglia",immune_synapse,HAVCR2 ligand (pathway-level),1,0.10875517600710087,0.03838291251549111,cc_edges_total=13 (+0.55); cc_n_cells_e1=1.21e+04 (+0.19); cc_n_partners=4 (+0.11),literature tier 2 (label)
1258,ANXA1,T cell,IDH_WT,T_cell,0.0,0.0,0.0,0.0,,,0.0,0.0,0.0,0.0,,0.0,4.0,4.0,0.0,2.0,2.0,0.0086008858847479,0.007114231858496975,0.0,1.0,1.0,4.0,4.0,0.0,10,1,0,1,4,2662,1463,1681,1118,1118,0,0.0,0,0,0.0,0.0,0.0,0.0,2,,,,,0,0.10867170796176813,0.025604904170319884,cc_edges_e2=2 (+0.16); deg_n_celltypes_sig=4 (+0.09); cc_max_prob=0.0086 (+0.06),novel
1259,CLDN11,T cell,IDH_WT,T_cell,0.0,0.0,0.0,0.0,,,0.0,0.0,0.0,0.0,,0.0,2.0,0.0,0.0,0.0,0.0,0.0,0.0,,0.0,0.0,0.0,0.0,,2,1,1,1,1,2662,1463,1681,1118,1118,0,0.0,0,0,0.0,0.0,0.0,0.0,2,,,,,0,0.1075034255950477,0.02654846732510545,cc_n_celltypes_total=1 (+0.13); deg_pooled_log2fc=nan (+0.02); llm_unprompted_mention_rate=0 (+0.01),novel
1260,LGALS9,TAM1/TAM2/microglia,IDH_Mutant,TAM_microglia,0.0,0.0,0.0,0.0,,,0.0,0.0,0.0,0.0,,0.0,1.0,13.0,0.0,13.0,0.0,0.0161731728416982,0.006557732812207392,0.0,1.0,4.0,8.0,13.0,1.0,13,1,0,1,1,12086,25922,2106,21701,2106,0,0.0,1,0,0.0,0.0,0.0,0.0,2,2.0,"tumor,TAM_microglia",immune_synapse,HAVCR2 ligand (pathway-level),1,0.10744653398923595,0.036639168841842866,cc_edges_total=13 (+0.55); cc_n_cells_e1=1.21e+04 (+0.20); cc_n_partners=4 (+0.12),literature tier 2 (label)
1261,PSAP,cycling_tumor,IDH_Mutant,tumor,1.0,-2.436264167218373,2.436264167218373,2.305200049796671,0.39,0.519,-0.129,-1.0,0.0,0.0,,0.0,3.0,2.0,0.0,1.0,1.0,0.0023740659443612,0.0017510849844291,0.0,1.0,1.0,0.0,2.0,0.0,9,1,0,1,5,6410,814,270,136,136,0,-0.0,1,1,0.0,0.0,0.0,0.0,2,,,,,0,0.10647095879057641,0.0379245643305141,cc_n_cells_e1=6.41e+03 (+0.22); cc_n_cells_e2=814 (+0.03); llm_unprompted_mention_rate=0 (+0.01),novel
1262,HLA-DQA1,T cell,IDH_WT,T_cell,1.0,0.9120736919079188,0.9120736919079188,2.3570250095401675,0.124,0.066,0.057999999999999996,1.0,1.0,1.0,1.1255376384244378,1.0,2.0,0.0,0.0,0.0,0.0,0.0,0.0,,0.0,0.0,0.0,0.0,,4,1,0,1,1,2662,1463,1681,1118,1118,0,0.0,0,0,0.0,0.0,0.0,0.0,2,,,,,0,0.10616676086105689,0.014290148420188126,deg_pct_e1=0.066 (+0.13); cc_n_celltypes_total=1 (+0.11); deg_log2fc=0.912 (+0.06),novel
1263,NRCAM,T cell,IDH_Mutant,T_cell,0.0,0.0,0.0,0.0,,,0.0,0.0,0.0,0.0,,0.0,4.0,0.0,0.0,0.0,0.0,0.0,0.0,,0.0,0.0,0.0,0.0,,12,0,1,1,4,2662,1463,941,334,334,0,0.0,1,0,1.0,1.0,3.0,0.0,2,,,,,0,0.10596764868533826,0.04175918240039351,llm_mention_rate=1 (+0.30); deg_n_celltypes_sig=4 (+0.04); llm_mentions_per_run=3 (+0.03),novel
1264,SORL1,T cell,IDH_Mutant,T_cell,0.0,0.0,0.0,0.0,,,0.0,0.0,0.0,0.0,,0.0,3.0,0.0,0.0,0.0,0.0,0.0,0.0,,0.0,0.0,0.0,0.0,,14,0,1,1,1,2662,1463,941,334,334,0,0.0,1,0,0.0,0.0,0.0,0.0,2,,,,,0,0.10407866896793723,0.06470808329809843,cc_edges_total=14 (+0.37); cc_n_celltypes_total=1 (+0.17); cc_is_ligand=0 (+0.02),novel
1265,FPR1,T cell,IDH_WT,T_cell,0.0,0.0,0.0,0.0,,,0.0,0.0,0.0,0.0,,0.0,1.0,0.0,0.0,0.0,0.0,0.0,0.0,,0.0,0.0,0.0,0.0,,10,0,1,1,1,2662,1463,1681,1118,1118,0,0.0,0,0,0.0,0.0,0.0,0.0,2,,,,,0,0.1033330606555938,0.03175299163558519,cc_n_celltypes_total=1 (+0.14); deg_n_celltypes_sig=1 (+0.10); cc_is_ligand=0 (+0.02),novel
1266,SORL1,T cell,IDH_WT,T_cell,0.0,0.0,0.0,0.0,,,0.0,0.0,0.0,0.0,,0.0,3.0,0.0,0.0,0.0,0.0,0.0,0.0,,0.0,0.0,0.0,0.0,,14,0,1,1,1,2662,1463,1681,1118,1118,0,0.0,0,0,0.0,0.0,0.0,0.0,2,,,,,0,0.10330994847336952,0.06318901187032641,cc_edges_total=14 (+0.37); cc_n_celltypes_total=1 (+0.17); cc_is_ligand=0 (+0.02),novel
1267,CNTN1,T cell,IDH_Mutant,T_cell,0.0,0.0,0.0,0.0,,,0.0,0.0,0.0,0.0,,0.0,2.0,0.0,0.0,0.0,0.0,0.0,0.0,,0.0,0.0,0.0,0.0,,16,1,0,1,2,2662,1463,941,334,334,0,0.0,1,0,1.0,0.0,4.0,0.0,2,2.0,tumor,neuron_tumor,Synaptic adhesion (pathway-level),0,0.10318432757466729,0.05093731166798633,cc_edges_total=16 (+0.46); llm_mention_rate=1 (+0.27); llm_mentions_per_run=4 (+0.11),"literature gene, other compartment"
1268,GPR37L1,T cell,IDH_WT,T_cell,0.0,0.0,0.0,0.0,,,0.0,0.0,0.0,0.0,,0.0,0.0,0.0,0.0,0.0,0.0,0.0,0.0,,0.0,0.0,0.0,0.0,,9,0,1,1,1,2662,1463,1681,1118,1118,0,0.0,0,0,0.0,0.0,0.0,0.0,2,,,,,0,0.10313348916057832,0.03833259622088973,deg_n_celltypes_sig=0 (+0.44); cc_n_celltypes_total=1 (+0.14); cc_is_ligand=0 (+0.02),novel
1269,PTPRD,T cell,IDH_WT,T_cell,0.0,0.0,0.0,0.0,,,0.0,0.0,0.0,0.0,,0.0,3.0,0.0,0.0,0.0,0.0,0.0,0.0,,0.0,0.0,0.0,0.0,,1,0,1,1,1,2662,1463,1681,1118,1118,0,0.0,0,0,0.0,0.0,0.0,0.0,2,,,,,0,0.10227672811066849,0.037071596806368276,cc_n_celltypes_total=1 (+0.13); cc_is_ligand=0 (+0.02); deg_pooled_log2fc=nan (+0.02),novel
1270,HBEGF,T cell,IDH_WT,T_cell,0.0,0.0,0.0,0.0,,,0.0,0.0,0.0,0.0,,0.0,2.0,0.0,0.0,0.0,0.0,0.0,0.0,,0.0,0.0,0.0,0.0,,7,1,0,1,1,2662,1463,1681,1118,1118,0,0.0,0,0,0.5,0.5,0.5,0.0,2,,,,,0,0.10158498970239456,0.041547555594416995,llm_mention_rate=0.5 (+0.31); cc_n_celltypes_total=1 (+0.15); llm_unprompted_mention_rate=0.5 (+0.07),novel
1271,CLEC2D,T cell,IDH_Mutant,T_cell,1.0,-1.355669581626439,1.355669581626439,7.7936293880574565,0.192,0.396,-0.20400000000000001,-1.0,1.0,1.0,-1.2622850555175171,1.0,1.0,2.0,0.0,0.0,2.0,0.0064186582730417,0.0057637704942803,0.0,1.0,1.0,0.0,2.0,-1.0,2,1,0,1,1,2662,1463,941,334,334,0,1.0,1,1,0.5,0.5,1.5,0.5,2,1.0,"tumor,TAM_microglia",immune_synapse,"Mathewson et al., Cell 2021",0,0.10132383186327587,0.032902884165517655,llm_mentions_per_run=1.5 (+0.41); llm_mention_rate=0.5 (+0.25); llm_ctx_mention_rate=0.5 (+0.17),"literature gene, other compartment"
1272,LRRTM2,T cell,IDH_Mutant,T_cell,0.0,0.0,0.0,0.0,,,0.0,0.0,0.0,0.0,,0.0,3.0,0.0,0.0,0.0,0.0,0.0,0.0,,0.0,0.0,0.0,0.0,,12,0,1,1,2,2662,1463,941,334,334,0,0.0,1,0,0.5,0.5,2.0,0.0,2,,,,,0,0.10050959534993949,0.02445215834592274,llm_mention_rate=0.5 (+0.29); llm_unprompted_mention_rate=0.5 (+0.07); llm_mentions_per_run=2 (+0.06),novel
1273,GRIA3,T cell,IDH_Mutant,T_cell,0.0,0.0,0.0,0.0,,,0.0,0.0,0.0,0.0,,0.0,2.0,0.0,0.0,0.0,0.0,0.0,0.0,,0.0,0.0,0.0,0.0,,6,0,1,1,2,2662,1463,941,334,334,0,0.0,1,0,1.0,1.0,1.0,0.0,2,2.0,tumor,neuron_tumor,"AMPAR subunit family; Venkatesh et al., Nature 2019",0,0.09969966756570395,0.05586011216719732,llm_mentions_per_run=1 (+0.45); llm_mention_rate=1 (+0.33); cc_is_ligand=0 (+0.02),"literature gene, other compartment"
1274,LRRTM2,T cell,IDH_WT,T_cell,0.0,0.0,0.0,0.0,,,0.0,0.0,0.0,0.0,,0.0,2.0,0.0,0.0,0.0,0.0,0.0,0.0,,0.0,0.0,0.0,0.0,,12,0,1,1,2,2662,1463,1681,1118,1118,0,0.0,0,0,0.5,0.5,2.0,0.0,2,,,,,0,0.09908242920401948,0.022182837240119675,llm_mention_rate=0.5 (+0.29); llm_unprompted_mention_rate=0.5 (+0.07); llm_mentions_per_run=2 (+0.06),novel
1275,PTGES2,T cell,IDH_Mutant,T_cell,0.0,0.0,0.0,0.0,,,0.0,0.0,0.0,0.0,,0.0,2.0,0.0,0.0,0.0,0.0,0.0,0.0,,0.0,0.0,0.0,0.0,,1,1,0,1,1,2662,1463,941,334,334,0,0.0,1,0,0.0,0.0,0.0,0.0,2,,,,,0,0.0988153743064547,0.033328910662681496,cc_n_celltypes_total=1 (+0.13); deg_pooled_log2fc=nan (+0.02); llm_unprompted_mention_rate=0 (+0.01),novel
1276,PTGES2,T cell,IDH_WT,T_cell,0.0,0.0,0.0,0.0,,,0.0,0.0,0.0,0.0,,0.0,2.0,0.0,0.0,0.0,0.0,0.0,0.0,,0.0,0.0,0.0,0.0,,1,1,0,1,1,2662,1463,1681,1118,1118,0,0.0,0,0,0.0,0.0,0.0,0.0,2,,,,,0,0.0988153743064547,0.033328910662681496,cc_n_celltypes_total=1 (+0.13); deg_pooled_log2fc=nan (+0.02); llm_unprompted_mention_rate=0 (+0.01),novel
1277,PDGFB,T cell,IDH_WT,T_cell,0.0,0.0,0.0,0.0,,,0.0,0.0,0.0,0.0,,0.0,1.0,0.0,0.0,0.0,0.0,0.0,0.0,,0.0,0.0,0.0,0.0,,3,1,0,1,1,2662,1463,1681,1118,1118,0,0.0,0,0,0.0,0.0,0.0,0.0,2,,,,,0,0.09795946505746148,0.04994634185779147,cc_n_celltypes_total=1 (+0.14); deg_n_celltypes_sig=1 (+0.09); deg_pooled_log2fc=nan (+0.01),novel
1278,PDGFB,T cell,IDH_Mutant,T_cell,0.0,0.0,0.0,0.0,,,0.0,0.0,0.0,0.0,,0.0,1.0,0.0,0.0,0.0,0.0,0.0,0.0,,0.0,0.0,0.0,0.0,,3,1,0,1,1,2662,1463,941,334,334,0,0.0,1,0,0.0,0.0,0.0,0.0,2,,,,,0,0.09795946505746148,0.04994634185779147,cc_n_celltypes_total=1 (+0.14); deg_n_celltypes_sig=1 (+0.09); deg_pooled_log2fc=nan (+0.01),novel
1279,GRN,T cell,IDH_WT,T_cell,0.0,0.0,0.0,0.0,,,0.0,0.0,0.0,0.0,,0.0,1.0,0.0,0.0,0.0,0.0,0.0,0.0,,0.0,0.0,0.0,0.0,,3,1,0,1,2,2662,1463,1681,1118,1118,0,0.0,0,0,0.0,0.0,0.0,0.0,2,,,,,0,0.09794598246186334,0.028038358634222146,deg_n_celltypes_sig=1 (+0.08); deg_pooled_log2fc=nan (+0.01); llm_unprompted_mention_rate=0 (+0.01),novel
1280,THY1,T cell,IDH_WT,T_cell,0.0,0.0,0.0,0.0,,,0.0,0.0,0.0,0.0,,0.0,4.0,0.0,0.0,0.0,0.0,0.0,0.0,,0.0,0.0,0.0,0.0,,2,1,0,1,2,2662,1463,1681,1118,1118,0,0.0,0,0,0.0,0.0,0.0,0.0,2,,,,,0,0.09734232242911016,0.034815885619506035,deg_n_celltypes_sig=4 (+0.04); deg_pooled_log2fc=nan (+0.01); llm_unprompted_mention_rate=0 (+0.01),novel
1281,ITGB2,T cell,IDH_Mutant,T_cell,0.0,0.0,0.0,0.0,,,0.0,0.0,0.0,0.0,,0.0,2.0,0.0,0.0,0.0,0.0,0.0,0.0,,0.0,0.0,0.0,0.0,,4,0,1,2,1,2662,1463,941,334,334,0,0.0,1,0,0.0,0.0,0.0,0.0,2,,,,,0,0.0970397069077654,0.029650971069558326,cc_n_celltypes_total=1 (+0.13); cc_is_ligand=0 (+0.02); llm_unprompted_mention_rate=0 (+0.01),novel
1282,ITGB8,OPC_GABA_like_tumor,IDH_Mutant,tumor,1.0,-0.5206364989184884,0.5206364989184884,19.21809113925056,0.338,0.47,-0.13199999999999995,-1.0,0.0,0.0,-1.174668896138416,1.0,2.0,0.0,2.0,1.0,1.0,0.001639426134793,0.0013962872285488,0.0,1.0,1.0,0.0,2.0,0.0,3,0,1,1,2,6741,14114,1658,11741,1658,0,-0.0,1,1,0.0,0.0,0.0,0.0,2,,,,,0,0.09699166152843616,0.03229714411225215,cc_n_cells_e1=6.74e+03 (+0.21); cc_n_celltypes_total=2 (+0.02); cc_rec_edges=2 (+0.01),novel
1283,ITGB2,T cell,IDH_WT,T_cell,0.0,0.0,0.0,0.0,,,0.0,0.0,0.0,0.0,,0.0,2.0,0.0,0.0,0.0,0.0,0.0,0.0,,0.0,0.0,0.0,0.0,,4,0,1,2,1,2662,1463,1681,1118,1118,0,0.0,0,0,0.0,0.0,0.0,0.0,2,,,,,0,0.09636888729640383,0.029764074017647794,cc_n_celltypes_total=1 (+0.13); cc_is_ligand=0 (+0.02); llm_unprompted_mention_rate=0 (+0.01),novel
1284,JAM3,T cell,IDH_Mutant,T_cell,0.0,0.0,0.0,0.0,,,0.0,0.0,0.0,0.0,,0.0,1.0,0.0,0.0,0.0,0.0,0.0,0.0,,0.0,0.0,0.0,0.0,,3,1,1,1,1,2662,1463,941,334,334,0,0.0,1,0,0.0,0.0,0.0,0.0,2,,,,,0,0.09590522795886461,0.02493585091788487,cc_n_celltypes_total=1 (+0.14); deg_n_celltypes_sig=1 (+0.09); llm_unprompted_mention_rate=0 (+0.01),novel
1285,NCAM2,T cell,IDH_Mutant,T_cell,0.0,0.0,0.0,0.0,,,0.0,0.0,0.0,0.0,,0.0,2.0,0.0,0.0,0.0,0.0,0.0,0.0,,0.0,0.0,0.0,0.0,,5,0,1,1,1,2662,1463,941,334,334,0,0.0,1,0,0.0,0.0,0.0,0.0,2,,,,,0,0.09523475473384374,0.029513460769894542,cc_n_celltypes_total=1 (+0.13); cc_is_ligand=0 (+0.02); llm_unprompted_mention_rate=0 (+0.01),novel
1286,NCAM2,T cell,IDH_WT,T_cell,0.0,0.0,0.0,0.0,,,0.0,0.0,0.0,0.0,,0.0,2.0,0.0,0.0,0.0,0.0,0.0,0.0,,0.0,0.0,0.0,0.0,,5,0,1,1,1,2662,1463,1681,1118,1118,0,0.0,0,0,0.0,0.0,0.0,0.0,2,,,,,0,0.09471070882357194,0.02975568202873054,cc_n_celltypes_total=1 (+0.13); cc_is_ligand=0 (+0.02); llm_unprompted_mention_rate=0 (+0.01),novel
1287,PCDHGC3,T cell,IDH_WT,T_cell,0.0,0.0,0.0,0.0,,,0.0,0.0,0.0,0.0,,0.0,3.0,0.0,0.0,0.0,0.0,0.0,0.0,,0.0,0.0,0.0,0.0,,2,1,1,1,1,2662,1463,1681,1118,1118,0,0.0,0,0,0.0,0.0,0.0,0.0,2,,,,,0,0.09438163739102959,0.03781999746982848,cc_n_celltypes_total=1 (+0.13); deg_pooled_log2fc=nan (+0.02); llm_unprompted_mention_rate=0 (+0.01),novel
1288,LILRB4,T cell,IDH_WT,T_cell,0.0,0.0,0.0,0.0,,,0.0,0.0,0.0,0.0,,0.0,1.0,0.0,0.0,0.0,0.0,0.0,0.0,,0.0,0.0,0.0,0.0,,4,0,1,1,1,2662,1463,1681,1118,1118,0,0.0,0,0,0.0,0.0,0.0,0.0,2,2.0,TAM_microglia,myeloid_bridge,Myeloid checkpoint (pathway-level),0,0.09359431401518933,0.03826458907825737,cc_n_celltypes_total=1 (+0.14); deg_n_celltypes_sig=1 (+0.09); cc_is_ligand=0 (+0.02),"literature gene, other compartment"
1289,PCDHGC3,T cell,IDH_Mutant,T_cell,0.0,0.0,0.0,0.0,,,0.0,0.0,0.0,0.0,,0.0,2.0,0.0,0.0,0.0,0.0,0.0,0.0,,0.0,0.0,0.0,0.0,,2,1,1,1,1,2662,1463,941,334,334,0,0.0,1,0,0.0,0.0,0.0,0.0,2,,,,,0,0.09168877260648522,0.03695367149317925,cc_n_celltypes_total=1 (+0.13); deg_pooled_log2fc=nan (+0.02); llm_unprompted_mention_rate=0 (+0.01),novel
1290,GRIK2,T cell,IDH_Mutant,T_cell,0.0,0.0,0.0,0.0,,,0.0,0.0,0.0,0.0,,0.0,3.0,0.0,0.0,0.0,0.0,0.0,0.0,,0.0,0.0,0.0,0.0,,6,0,1,1,2,2662,1463,941,334,334,0,0.0,1,0,0.5,0.5,0.5,0.0,2,,,,,0,0.09163292794955352,0.03420292400604868,llm_mention_rate=0.5 (+0.31); llm_unprompted_mention_rate=0.5 (+0.07); cc_is_ligand=0 (+0.02),novel
1291,GRIK2,T cell,IDH_WT,T_cell,0.0,0.0,0.0,0.0,,,0.0,0.0,0.0,0.0,,0.0,2.0,0.0,0.0,0.0,0.0,0.0,0.0,,0.0,0.0,0.0,0.0,,6,0,1,1,2,2662,1463,1681,1118,1118,0,0.0,0,0,0.5,0.5,0.5,0.0,2,,,,,0,0.08941847028092362,0.03172683530217885,llm_mention_rate=0.5 (+0.31); llm_unprompted_mention_rate=0.5 (+0.07); cc_is_ligand=0 (+0.02),novel
1292,PTGES3,T cell,IDH_WT,T_cell,0.0,0.0,0.0,0.0,,,0.0,0.0,0.0,0.0,,0.0,3.0,2.0,0.0,1.0,1.0,0.0036836510154045,0.00361958430436245,0.0,1.0,1.0,2.0,2.0,0.0,13,1,0,1,7,2662,1463,1681,1118,1118,0,0.0,0,0,0.0,0.0,0.0,0.0,2,,,,,0,0.08767371156354013,0.021748088683331907,cc_edges_total=13 (+0.39); cc_mean_prob=0.00362 (+0.06); cc_max_prob=0.00368 (+0.04),novel
1293,LRRTM3,T cell,IDH_Mutant,T_cell,0.0,0.0,0.0,0.0,,,0.0,0.0,0.0,0.0,,0.0,1.0,0.0,0.0,0.0,0.0,0.0,0.0,,0.0,0.0,0.0,0.0,,6,0,1,1,1,2662,1463,941,334,334,0,0.0,1,0,0.0,0.0,0.0,0.0,2,,,,,0,0.08602775179500208,0.027287675587399845,cc_n_celltypes_total=1 (+0.14); deg_n_celltypes_sig=1 (+0.10); cc_is_ligand=0 (+0.02),novel
1294,ENTPD1,T cell,IDH_Mutant,T_cell,0.0,0.0,0.0,0.0,,,0.0,0.0,0.0,0.0,,0.0,1.0,0.0,0.0,0.0,0.0,0.0,0.0,,0.0,0.0,0.0,0.0,,4,1,1,1,1,2662,1463,941,334,334,0,0.0,1,0,0.0,0.0,0.0,0.0,2,1.0,TAM_microglia,myeloid_bridge,"Takenaka et al., Nat Neurosci 2019",0,0.08514431003121947,0.031160541322809463,cc_n_celltypes_total=1 (+0.14); deg_n_celltypes_sig=1 (+0.09); llm_unprompted_mention_rate=0 (+0.01),"literature gene, other compartment"
1295,ENTPD1,T cell,IDH_WT,T_cell,0.0,0.0,0.0,0.0,,,0.0,0.0,0.0,0.0,,0.0,1.0,0.0,0.0,0.0,0.0,0.0,0.0,,0.0,0.0,0.0,0.0,,4,1,1,1,1,2662,1463,1681,1118,1118,0,0.0,0,0,0.0,0.0,0.0,0.0,2,1.0,TAM_microglia,myeloid_bridge,"Takenaka et al., Nat Neurosci 2019",0,0.08514431003121947,0.031160541322809463,cc_n_celltypes_total=1 (+0.14); deg_n_celltypes_sig=1 (+0.09); llm_unprompted_mention_rate=0 (+0.01),"literature gene, other compartment"
1296,HLA-DMB,T cell,IDH_Mutant,T_cell,0.0,0.0,0.0,0.0,,,0.0,0.0,0.0,0.0,,0.0,2.0,0.0,0.0,0.0,0.0,0.0,0.0,,0.0,0.0,0.0,0.0,,4,1,0,1,1,2662,1463,941,334,334,0,0.0,1,0,0.0,0.0,0.0,0.0,2,,,,,0,0.08497399448443319,0.014317663208305713,cc_n_celltypes_total=1 (+0.13); deg_pooled_log2fc=nan (+0.01); llm_unprompted_mention_rate=0 (+0.01),novel
1297,SDC3,T cell,IDH_Mutant,T_cell,0.0,0.0,0.0,0.0,,,0.0,0.0,0.0,0.0,,0.0,1.0,0.0,0.0,0.0,0.0,0.0,0.0,,0.0,0.0,0.0,0.0,,11,0,1,1,1,2662,1463,941,334,334,0,0.0,1,0,0.0,0.0,0.0,0.0,2,,,,,0,0.08376739536999347,0.03475558041916404,cc_n_celltypes_total=1 (+0.14); deg_n_celltypes_sig=1 (+0.10); cc_is_ligand=0 (+0.02),novel
1298,TGFBR2,T cell,IDH_Mutant,T_cell,0.0,0.0,0.0,0.0,,,0.0,0.0,0.0,0.0,,0.0,2.0,0.0,0.0,0.0,0.0,0.0,0.0,,0.0,0.0,0.0,0.0,,4,0,1,1,1,2662,1463,941,334,334,0,0.0,1,0,0.0,0.0,0.0,0.0,2,,,,,0,0.0830092338802616,0.027121827858111326,cc_n_celltypes_total=1 (+0.13); cc_is_ligand=0 (+0.02); llm_unprompted_mention_rate=0 (+0.01),novel
1299,PSAP,TAM1/TAM2/microglia,IDH_Mutant,TAM_microglia,1.0,-0.2812494639765921,0.2812494639765921,11.093660131024475,0.799,0.832,-0.03299999999999992,-1.0,0.0,0.0,-0.4280789159029763,1.0,3.0,2.0,0.0,1.0,1.0,0.0103328573239385,0.0097178938974877,0.0,1.0,1.0,2.0,2.0,0.0,9,1,0,1,5,12086,25922,2106,21701,2106,0,-0.0,1,1,0.0,0.0,0.0,0.0,2,,,,,0,0.08215959050370056,0.03270745844853627,cc_n_cells_e1=1.21e+04 (+0.22); cc_max_prob=0.0103 (+0.06); cc_mean_prob=0.00972 (+0.06),novel
1300,GPR37L1,T cell,IDH_Mutant,T_cell,0.0,0.0,0.0,0.0,,,0.0,0.0,0.0,0.0,,0.0,1.0,0.0,0.0,0.0,0.0,0.0,0.0,,0.0,0.0,0.0,0.0,,9,0,1,1,1,2662,1463,941,334,334,0,0.0,1,0,0.0,0.0,0.0,0.0,2,,,,,0,0.08134068622436454,0.028511524367111837,cc_n_celltypes_total=1 (+0.14); deg_n_celltypes_sig=1 (+0.10); cc_is_ligand=0 (+0.02),novel
1301,SLIT1,T cell,IDH_Mutant,T_cell,0.0,0.0,0.0,0.0,,,0.0,0.0,0.0,0.0,,0.0,3.0,0.0,0.0,0.0,0.0,0.0,0.0,,0.0,0.0,0.0,0.0,,2,1,0,1,1,2662,1463,941,334,334,0,0.0,1,0,0.0,0.0,0.0,0.0,2,,,,,0,0.08015378956040692,0.029803919680305473,cc_n_celltypes_total=1 (+0.13); deg_pooled_log2fc=nan (+0.02); llm_unprompted_mention_rate=0 (+0.01),novel
1302,PCDHGA10,T cell,IDH_WT,T_cell,0.0,0.0,0.0,0.0,,,0.0,0.0,0.0,0.0,,0.0,2.0,0.0,0.0,0.0,0.0,0.0,0.0,,0.0,0.0,0.0,0.0,,2,1,1,1,1,2662,1463,1681,1118,1118,0,0.0,0,0,0.0,0.0,0.0,0.0,2,,,,,0,0.08003274655744738,0.020599148179719803,cc_n_celltypes_total=1 (+0.13); deg_pooled_log2fc=nan (+0.02); llm_unprompted_mention_rate=0 (+0.01),novel
1303,SORT1,T cell,IDH_WT,T_cell,0.0,0.0,0.0,0.0,,,0.0,0.0,0.0,0.0,,0.0,3.0,0.0,0.0,0.0,0.0,0.0,0.0,,0.0,0.0,0.0,0.0,,3,0,1,1,1,2662,1463,1681,1118,1118,0,0.0,0,0,0.0,0.0,0.0,0.0,2,,,,,0,0.07960601550780018,0.019816322239470552,cc_n_celltypes_total=1 (+0.13); cc_is_ligand=0 (+0.02); llm_unprompted_mention_rate=0 (+0.01),novel
1304,HLA-DRB5,T cell,IDH_WT,T_cell,0.0,0.0,0.0,0.0,,,0.0,0.0,0.0,0.0,,0.0,2.0,0.0,0.0,0.0,0.0,0.0,0.0,,0.0,0.0,0.0,0.0,,4,1,0,1,1,2662,1463,1681,1118,1118,0,0.0,0,0,0.0,0.0,0.0,0.0,2,,,,,0,0.0789691234817358,0.026744659674290735,cc_n_celltypes_total=1 (+0.13); deg_pooled_log2fc=nan (+0.01); llm_unprompted_mention_rate=0 (+0.01),novel
1305,FPR1,T cell,IDH_Mutant,T_cell,0.0,0.0,0.0,0.0,,,0.0,0.0,0.0,0.0,,0.0,2.0,0.0,0.0,0.0,0.0,0.0,0.0,,0.0,0.0,0.0,0.0,,10,0,1,1,1,2662,1463,941,334,334,0,0.0,1,0,0.0,0.0,0.0,0.0,2,,,,,0,0.07838233573051796,0.02669169583977804,cc_n_celltypes_total=1 (+0.13); cc_is_ligand=0 (+0.02); llm_unprompted_mention_rate=0 (+0.01),novel
1306,HLA-E,T cell,IDH_Mutant,T_cell,0.0,0.0,0.0,0.0,,,0.0,0.0,0.0,0.0,,0.0,4.0,2.0,0.0,1.0,1.0,0.0243335020236749,0.0230551639814484,0.0,1.0,1.0,2.0,2.0,0.0,6,1,0,1,4,2662,1463,941,334,334,0,0.0,1,0,0.0,0.0,0.0,0.0,2,,,,,0,0.07823313818053187,0.019257664348984734,deg_n_celltypes_sig=4 (+0.10); cc_max_prob=0.0243 (+0.03); deg_cc_concordance=0 (+0.01),novel
1307,THY1,T cell,IDH_Mutant,T_cell,0.0,0.0,0.0,0.0,,,0.0,0.0,0.0,0.0,,0.0,3.0,0.0,0.0,0.0,0.0,0.0,0.0,,0.0,0.0,0.0,0.0,,2,1,0,1,2,2662,1463,941,334,334,0,0.0,1,0,0.0,0.0,0.0,0.0,2,,,,,0,0.07809284953016657,0.025986139516330303,deg_pooled_log2fc=nan (+0.02); llm_unprompted_mention_rate=0 (+0.01); deg_cc_concordance=0 (+0.01),novel
1308,HLA-DMA,T cell,IDH_WT,T_cell,0.0,0.0,0.0,0.0,,,0.0,0.0,0.0,0.0,,0.0,1.0,0.0,0.0,0.0,0.0,0.0,0.0,,0.0,0.0,0.0,0.0,,8,1,0,1,3,2662,1463,1681,1118,1118,0,0.0,0,0,0.0,0.0,0.0,0.0,2,,,,,0,0.0780177621853794,0.01945562106729686,deg_n_celltypes_sig=1 (+0.08); llm_unprompted_mention_rate=0 (+0.01); deg_cc_concordance=0 (+0.01),novel
1309,SLIT1,T cell,IDH_WT,T_cell,0.0,0.0,0.0,0.0,,,0.0,0.0,0.0,0.0,,0.0,2.0,0.0,0.0,0.0,0.0,0.0,0.0,,0.0,0.0,0.0,0.0,,2,1,0,1,1,2662,1463,1681,1118,1118,0,0.0,0,0,0.0,0.0,0.0,0.0,2,,,,,0,0.0777344132167532,0.027147054514744293,cc_n_celltypes_total=1 (+0.13); deg_pooled_log2fc=nan (+0.02); llm_unprompted_mention_rate=0 (+0.01),novel
1310,SORT1,T cell,IDH_Mutant,T_cell,0.0,0.0,0.0,0.0,,,0.0,0.0,0.0,0.0,,0.0,2.0,0.0,0.0,0.0,0.0,0.0,0.0,,0.0,0.0,0.0,0.0,,3,0,1,1,1,2662,1463,941,334,334,0,0.0,1,0,0.0,0.0,0.0,0.0,2,,,,,0,0.07688008453790535,0.0176298040157209,cc_n_celltypes_total=1 (+0.13); cc_is_ligand=0 (+0.02); llm_unprompted_mention_rate=0 (+0.01),novel
1311,PSAP,OPC_GABA_like_tumor,IDH_Mutant,tumor,1.0,-1.3612885720879864,1.3612885720879864,150.07892328767193,0.449,0.698,-0.24899999999999994,-1.0,0.0,0.0,-0.911250745259244,1.0,3.0,2.0,0.0,1.0,1.0,0.0022598039211921,0.0019001285955775999,0.0,1.0,1.0,0.0,2.0,0.0,9,1,0,1,5,6741,14114,1658,11741,1658,0,-0.0,1,1,0.0,0.0,0.0,0.0,2,,,,,0,0.07544597880509232,0.028228196376632854,cc_n_cells_e1=6.74e+03 (+0.22); llm_unprompted_mention_rate=0 (+0.01); ctx_n_e2=1.17e+04 (+0.01),novel
1312,GAS6,T cell,IDH_Mutant,T_cell,0.0,0.0,0.0,0.0,,,0.0,0.0,0.0,0.0,,0.0,2.0,0.0,0.0,0.0,0.0,0.0,0.0,,0.0,0.0,0.0,0.0,,2,1,0,1,1,2662,1463,941,334,334,0,0.0,1,0,0.0,0.0,0.0,0.0,2,,,,,0,0.07490812670803546,0.02683512699037958,cc_n_celltypes_total=1 (+0.13); deg_pooled_log2fc=nan (+0.02); llm_unprompted_mention_rate=0 (+0.01),novel
1313,KLRC2,T cell,IDH_Mutant,T_cell,0.0,0.0,0.0,0.0,,,0.0,0.0,0.0,0.0,,0.0,3.0,0.0,0.0,0.0,0.0,0.0,0.0,,0.0,0.0,0.0,0.0,,6,0,1,1,1,2662,1463,941,334,334,0,0.0,1,0,0.0,0.0,0.0,0.0,2,,,,,0,0.07457441115566874,0.023643807751797728,cc_n_celltypes_total=1 (+0.13); cc_is_ligand=0 (+0.02); llm_unprompted_mention_rate=0 (+0.01),novel
1314,C3AR1,T cell,IDH_WT,T_cell,0.0,0.0,0.0,0.0,,,0.0,0.0,0.0,0.0,,0.0,1.0,0.0,0.0,0.0,0.0,0.0,0.0,,0.0,0.0,0.0,0.0,,4,0,1,1,1,2662,1463,1681,1118,1118,0,0.0,0,0,0.0,0.0,0.0,0.0,2,,,,,0,0.07359397038084506,0.03751557327123189,cc_n_celltypes_total=1 (+0.14); deg_n_celltypes_sig=1 (+0.09); cc_is_ligand=0 (+0.02),novel
1315,NRXN2,T cell,IDH_Mutant,T_cell,0.0,0.0,0.0,0.0,,,0.0,0.0,0.0,0.0,,0.0,3.0,0.0,0.0,0.0,0.0,0.0,0.0,,0.0,0.0,0.0,0.0,,10,1,0,1,1,2662,1463,941,334,334,0,0.0,1,0,0.0,0.0,0.0,0.0,2,,,,,0,0.07320371018086347,0.02148791804568353,cc_n_celltypes_total=1 (+0.13); llm_unprompted_mention_rate=0 (+0.01); deg_cc_concordance=0 (+0.01),novel
1316,CLEC2D,T cell,IDH_WT,T_cell,1.0,-1.0287148092193548,1.0287148092193548,4.532803883123424,0.105,0.187,-0.082,-1.0,1.0,1.0,-1.2622850555175171,1.0,3.0,2.0,0.0,0.0,2.0,0.0064186582730417,0.0057637704942803,0.0,1.0,1.0,0.0,2.0,-1.0,2,1,0,1,1,2662,1463,1681,1118,1118,0,1.0,0,1,0.5,0.5,1.5,0.5,2,1.0,"tumor,TAM_microglia",immune_synapse,"Mathewson et al., Cell 2021",0,0.07231712882944659,0.023249241255298165,llm_mentions_per_run=1.5 (+0.41); llm_mention_rate=0.5 (+0.26); llm_ctx_mention_rate=0.5 (+0.17),"literature gene, other compartment"
1317,HLA-DQB1,T cell,IDH_WT,T_cell,0.0,0.0,0.0,0.0,,,0.0,0.0,0.0,0.0,,0.0,1.0,0.0,0.0,0.0,0.0,0.0,0.0,,0.0,0.0,0.0,0.0,,6,1,0,1,2,2662,1463,1681,1118,1118,0,0.0,0,0,0.0,0.0,0.0,0.0,2,,,,,0,0.06988907300155958,0.02796250101366394,deg_n_celltypes_sig=1 (+0.09); llm_unprompted_mention_rate=0 (+0.01); deg_cc_concordance=0 (+0.01),novel
1318,ANXA1,T cell,IDH_Mutant,T_cell,1.0,-1.4755624160204823,1.4755624160204823,13.02362697618783,0.389,0.615,-0.22599999999999998,-1.0,0.0,0.0,-0.7321958216918238,1.0,3.0,4.0,0.0,2.0,2.0,0.0086008858847479,0.007114231858496975,0.0,1.0,1.0,4.0,4.0,0.0,10,1,0,1,4,2662,1463,941,334,334,0,-0.0,1,1,0.0,0.0,0.0,0.0,2,,,,,0,0.06961441159147327,0.010642606764901249,cc_edges_e2=2 (+0.15); cc_mean_prob=0.00711 (+0.06); cc_max_prob=0.0086 (+0.06),novel
1319,ROBO1,T cell,IDH_Mutant,T_cell,0.0,0.0,0.0,0.0,,,0.0,0.0,0.0,0.0,,0.0,3.0,0.0,0.0,0.0,0.0,0.0,0.0,,0.0,0.0,0.0,0.0,,2,0,1,1,2,2662,1463,941,334,334,0,0.0,1,0,0.0,0.0,0.0,0.0,2,,,,,0,0.06761349936141994,0.02954769989496788,cc_is_ligand=0 (+0.02); deg_pooled_log2fc=nan (+0.02); llm_unprompted_mention_rate=0 (+0.01),novel
1320,ROBO1,T cell,IDH_WT,T_cell,0.0,0.0,0.0,0.0,,,0.0,0.0,0.0,0.0,,0.0,2.0,0.0,0.0,0.0,0.0,0.0,0.0,,0.0,0.0,0.0,0.0,,2,0,1,1,2,2662,1463,1681,1118,1118,0,0.0,0,0,0.0,0.0,0.0,0.0,2,,,,,0,0.06713450996225595,0.02932667003312193,cc_is_ligand=0 (+0.02); deg_pooled_log2fc=nan (+0.02); llm_unprompted_mention_rate=0 (+0.01),novel
1321,C3,T cell,IDH_WT,T_cell,0.0,0.0,0.0,0.0,,,0.0,0.0,0.0,0.0,,0.0,2.0,0.0,0.0,0.0,0.0,0.0,0.0,,0.0,0.0,0.0,0.0,,6,1,0,1,1,2662,1463,1681,1118,1118,0,0.0,0,0,0.0,0.0,0.0,0.0,2,,,,,0,0.06690988980426398,0.017441676154299857,cc_n_celltypes_total=1 (+0.13); llm_unprompted_mention_rate=0 (+0.01); deg_cc_concordance=0 (+0.01),novel
1322,C3,T cell,IDH_Mutant,T_cell,0.0,0.0,0.0,0.0,,,0.0,0.0,0.0,0.0,,0.0,2.0,0.0,0.0,0.0,0.0,0.0,0.0,,0.0,0.0,0.0,0.0,,6,1,0,1,1,2662,1463,941,334,334,0,0.0,1,0,0.0,0.0,0.0,0.0,2,,,,,0,0.06690988980426398,0.017441676154299857,cc_n_celltypes_total=1 (+0.13); llm_unprompted_mention_rate=0 (+0.01); deg_cc_concordance=0 (+0.01),novel
1323,PDGFA,T cell,IDH_Mutant,T_cell,0.0,0.0,0.0,0.0,,,0.0,0.0,0.0,0.0,,0.0,1.0,0.0,0.0,0.0,0.0,0.0,0.0,,0.0,0.0,0.0,0.0,,3,1,0,1,1,2662,1463,941,334,334,0,0.0,1,0,0.0,0.0,0.0,0.0,2,,,,,0,0.06505893951932466,0.04161279176491587,cc_n_celltypes_total=1 (+0.14); deg_n_celltypes_sig=1 (+0.09); deg_pooled_log2fc=nan (+0.01),novel
1324,MPZL1,T cell,IDH_Mutant,T_cell,0.0,0.0,0.0,0.0,,,0.0,0.0,0.0,0.0,,0.0,1.0,0.0,0.0,0.0,0.0,0.0,0.0,,0.0,0.0,0.0,0.0,,8,1,1,1,2,2662,1463,941,334,334,0,0.0,1,0,0.0,0.0,0.0,0.0,2,,,,,0,0.06492988141066114,0.02007802302698044,deg_n_celltypes_sig=1 (+0.09); llm_unprompted_mention_rate=0 (+0.01); deg_cc_concordance=0 (+0.01),novel
1325,SDC3,T cell,IDH_WT,T_cell,0.0,0.0,0.0,0.0,,,0.0,0.0,0.0,0.0,,0.0,2.0,0.0,0.0,0.0,0.0,0.0,0.0,,0.0,0.0,0.0,0.0,,11,0,1,1,1,2662,1463,1681,1118,1118,0,0.0,0,0,0.0,0.0,0.0,0.0,2,,,,,0,0.06488096189184492,0.021990300766582968,cc_n_celltypes_total=1 (+0.13); cc_is_ligand=0 (+0.02); llm_unprompted_mention_rate=0 (+0.01),novel
1326,GRN,T cell,IDH_Mutant,T_cell,0.0,0.0,0.0,0.0,,,0.0,0.0,0.0,0.0,,0.0,3.0,0.0,0.0,0.0,0.0,0.0,0.0,,0.0,0.0,0.0,0.0,,3,1,0,1,2,2662,1463,941,334,334,0,0.0,1,0,0.0,0.0,0.0,0.0,2,,,,,0,0.0648245215098079,0.009796947909543406,llm_unprompted_mention_rate=0 (+0.01); deg_pooled_log2fc=nan (+0.01); deg_cc_concordance=0 (+0.01),novel
1327,MPZL1,T cell,IDH_WT,T_cell,0.0,0.0,0.0,0.0,,,0.0,0.0,0.0,0.0,,0.0,4.0,0.0,0.0,0.0,0.0,0.0,0.0,,0.0,0.0,0.0,0.0,,8,1,1,1,2,2662,1463,1681,1118,1118,0,0.0,0,0,0.0,0.0,0.0,0.0,2,,,,,0,0.06448488697137271,0.017085186918495174,deg_n_celltypes_sig=4 (+0.07); llm_unprompted_mention_rate=0 (+0.01); deg_cc_concordance=0 (+0.01),novel
1328,LILRB4,T cell,IDH_Mutant,T_cell,0.0,0.0,0.0,0.0,,,0.0,0.0,0.0,0.0,,0.0,2.0,0.0,0.0,0.0,0.0,0.0,0.0,,0.0,0.0,0.0,0.0,,4,0,1,1,1,2662,1463,941,334,334,0,0.0,1,0,0.0,0.0,0.0,0.0,2,2.0,TAM_microglia,myeloid_bridge,Myeloid checkpoint (pathway-level),0,0.06429373214096244,0.03090227222002239,cc_n_celltypes_total=1 (+0.13); cc_is_ligand=0 (+0.02); llm_unprompted_mention_rate=0 (+0.01),"literature gene, other compartment"
1329,GRIA2,T cell,IDH_Mutant,T_cell,0.0,0.0,0.0,0.0,,,0.0,0.0,0.0,0.0,,0.0,4.0,0.0,0.0,0.0,0.0,0.0,0.0,,0.0,0.0,0.0,0.0,,12,0,1,1,3,2662,1463,941,334,334,0,0.0,1,0,1.0,0.5,4.5,0.0,2,1.0,tumor,neuron_tumor,"Venkatesh et al., Nature 2019; Venkataramani et al., Nature 2019",0,0.06415949391466579,0.0281820260767268,llm_mention_rate=1 (+0.30); llm_mentions_per_run=4.5 (+0.08); llm_unprompted_mention_rate=0.5 (+0.07),"literature gene, other compartment"
1330,PSAP,T cell,IDH_WT,T_cell,0.0,0.0,0.0,0.0,,,0.0,0.0,0.0,0.0,,0.0,0.0,0.0,0.0,0.0,0.0,0.0,0.0,,0.0,0.0,0.0,0.0,,9,1,0,1,5,2662,1463,1681,1118,1118,0,0.0,0,0,0.0,0.0,0.0,0.0,2,,,,,0,0.06400310154511893,0.031080016811392695,deg_n_celltypes_sig=0 (+0.42); idh_mutant=0 (+0.02); llm_unprompted_mention_rate=0 (+0.01),novel
1331,LGALS9,T cell,IDH_WT,T_cell,0.0,0.0,0.0,0.0,,,0.0,0.0,0.0,0.0,,0.0,1.0,0.0,0.0,0.0,0.0,0.0,0.0,,0.0,0.0,0.0,0.0,,13,1,0,1,1,2662,1463,1681,1118,1118,0,0.0,0,0,0.0,0.0,0.0,0.0,2,2.0,"tumor,TAM_microglia",immune_synapse,HAVCR2 ligand (pathway-level),0,0.06368939300195484,0.008203697463329374,cc_edges_total=13 (+0.47); cc_n_celltypes_total=1 (+0.18); deg_n_celltypes_sig=1 (+0.11),"literature gene, other compartment"
1332,LGALS9,T cell,IDH_Mutant,T_cell,0.0,0.0,0.0,0.0,,,0.0,0.0,0.0,0.0,,0.0,1.0,0.0,0.0,0.0,0.0,0.0,0.0,,0.0,0.0,0.0,0.0,,13,1,0,1,1,2662,1463,941,334,334,0,0.0,1,0,0.0,0.0,0.0,0.0,2,2.0,"tumor,TAM_microglia",immune_synapse,HAVCR2 ligand (pathway-level),0,0.06368939300195484,0.008203697463329374,cc_edges_total=13 (+0.47); cc_n_celltypes_total=1 (+0.18); deg_n_celltypes_sig=1 (+0.11),"literature gene, other compartment"
1333,LRRTM3,T cell,IDH_WT,T_cell,0.0,0.0,0.0,0.0,,,0.0,0.0,0.0,0.0,,0.0,2.0,0.0,0.0,0.0,0.0,0.0,0.0,,0.0,0.0,0.0,0.0,,6,0,1,1,1,2662,1463,1681,1118,1118,0,0.0,0,0,0.0,0.0,0.0,0.0,2,,,,,0,0.06343375675336009,0.02141330840949957,cc_n_celltypes_total=1 (+0.13); cc_is_ligand=0 (+0.02); llm_unprompted_mention_rate=0 (+0.01),novel
1334,P4HB,T cell,IDH_WT,T_cell,0.0,0.0,0.0,0.0,,,0.0,0.0,0.0,0.0,,0.0,2.0,0.0,0.0,0.0,0.0,0.0,0.0,,0.0,0.0,0.0,0.0,,5,0,1,1,3,2662,1463,1681,1118,1118,0,0.0,0,0,0.0,0.0,0.0,0.0,2,,,,,0,0.0633303412795612,0.01747603854013728,cc_is_ligand=0 (+0.02); llm_unprompted_mention_rate=0 (+0.01); deg_cc_concordance=0 (+0.01),novel
1335,NLGN3,T cell,IDH_Mutant,T_cell,0.0,0.0,0.0,0.0,,,0.0,0.0,0.0,0.0,,0.0,2.0,0.0,0.0,0.0,0.0,0.0,0.0,,0.0,0.0,0.0,0.0,,6,0,1,1,1,2662,1463,941,334,334,0,0.0,1,0,0.5,0.5,0.5,0.0,2,1.0,tumor,neuron_tumor,"Venkatesh et al., Cell 2015; Venkatesh et al., Nature 2017",0,0.06282578666255166,0.029295257482505294,llm_mention_rate=0.5 (+0.32); cc_n_celltypes_total=1 (+0.15); llm_unprompted_mention_rate=0.5 (+0.07),"literature gene, other compartment"
1336,TGFBR1,T cell,IDH_WT,T_cell,0.0,0.0,0.0,0.0,,,0.0,0.0,0.0,0.0,,0.0,2.0,0.0,0.0,0.0,0.0,0.0,0.0,,0.0,0.0,0.0,0.0,,4,0,1,1,1,2662,1463,1681,1118,1118,0,0.0,0,0,0.0,0.0,0.0,0.0,2,,,,,0,0.06251067250763351,0.02697334640203375,cc_n_celltypes_total=1 (+0.13); cc_is_ligand=0 (+0.02); llm_unprompted_mention_rate=0 (+0.01),novel
1337,TGFBR1,T cell,IDH_Mutant,T_cell,0.0,0.0,0.0,0.0,,,0.0,0.0,0.0,0.0,,0.0,2.0,0.0,0.0,0.0,0.0,0.0,0.0,,0.0,0.0,0.0,0.0,,4,0,1,1,1,2662,1463,941,334,334,0,0.0,1,0,0.0,0.0,0.0,0.0,2,,,,,0,0.06241100168410764,0.02682395510568035,cc_n_celltypes_total=1 (+0.13); cc_is_ligand=0 (+0.02); llm_unprompted_mention_rate=0 (+0.01),novel
1338,NLGN3,T cell,IDH_WT,T_cell,0.0,0.0,0.0,0.0,,,0.0,0.0,0.0,0.0,,0.0,2.0,0.0,0.0,0.0,0.0,0.0,0.0,,0.0,0.0,0.0,0.0,,6,0,1,1,1,2662,1463,1681,1118,1118,0,0.0,0,0,0.5,0.5,0.5,0.0,2,1.0,tumor,neuron_tumor,"Venkatesh et al., Cell 2015; Venkatesh et al., Nature 2017",0,0.062220979029204745,0.02826634665439963,llm_mention_rate=0.5 (+0.32); cc_n_celltypes_total=1 (+0.15); llm_unprompted_mention_rate=0.5 (+0.07),"literature gene, other compartment"
1339,JAM3,T cell,IDH_WT,T_cell,0.0,0.0,0.0,0.0,,,0.0,0.0,0.0,0.0,,0.0,3.0,0.0,0.0,0.0,0.0,0.0,0.0,,0.0,0.0,0.0,0.0,,3,1,1,1,1,2662,1463,1681,1118,1118,0,0.0,0,0,0.0,0.0,0.0,0.0,2,,,,,0,0.062193105149915384,0.02039362381399388,cc_n_celltypes_total=1 (+0.13); llm_unprompted_mention_rate=0 (+0.01); deg_cc_concordance=0 (+0.01),novel
1340,HAVCR2,T cell,IDH_WT,T_cell,0.0,0.0,0.0,0.0,,,0.0,0.0,0.0,0.0,,0.0,1.0,0.0,0.0,0.0,0.0,0.0,0.0,,0.0,0.0,0.0,0.0,,2,0,1,1,1,2662,1463,1681,1118,1118,0,0.0,0,0,0.0,0.0,0.0,0.0,2,1.0,T_cell,immune_synapse,"Kim et al., Clin Cancer Res 2017",1,0.06205781467060103,0.0143913169425338,cc_n_celltypes_total=1 (+0.14); deg_n_celltypes_sig=1 (+0.09); cc_is_ligand=0 (+0.02),literature tier 1 (label)
1341,LRP1,T cell,IDH_Mutant,T_cell,0.0,0.0,0.0,0.0,,,0.0,0.0,0.0,0.0,,0.0,1.0,0.0,0.0,0.0,0.0,0.0,0.0,,0.0,0.0,0.0,0.0,,7,0,1,1,4,2662,1463,941,334,334,0,0.0,1,0,0.0,0.0,0.0,0.0,2,,,,,0,0.061578532422426155,0.019593637982406476,deg_n_celltypes_sig=1 (+0.08); cc_is_ligand=0 (+0.02); llm_unprompted_mention_rate=0 (+0.01),novel
1342,ITGAX,T cell,IDH_WT,T_cell,0.0,0.0,0.0,0.0,,,0.0,0.0,0.0,0.0,,0.0,1.0,0.0,0.0,0.0,0.0,0.0,0.0,,0.0,0.0,0.0,0.0,,4,0,1,2,1,2662,1463,1681,1118,1118,0,0.0,0,0,0.0,0.0,0.0,0.0,2,,,,,0,0.06059140149767507,0.024216279811364805,cc_n_celltypes_total=1 (+0.14); deg_n_celltypes_sig=1 (+0.09); cc_is_ligand=0 (+0.02),novel
1343,DLL1,T cell,IDH_Mutant,T_cell,0.0,0.0,0.0,0.0,,,0.0,0.0,0.0,0.0,,0.0,3.0,0.0,0.0,0.0,0.0,0.0,0.0,,0.0,0.0,0.0,0.0,,4,1,0,1,2,2662,1463,941,334,334,0,0.0,1,0,0.0,0.0,0.0,0.0,2,,,,,0,0.05986356022250491,0.01700544788793656,llm_unprompted_mention_rate=0 (+0.01); deg_pooled_log2fc=nan (+0.01); deg_cc_concordance=0 (+0.01),novel
1344,PDGFRA,T cell,IDH_WT,T_cell,0.0,0.0,0.0,0.0,,,0.0,0.0,0.0,0.0,,0.0,4.0,0.0,0.0,0.0,0.0,0.0,0.0,,0.0,0.0,0.0,0.0,,6,0,1,1,3,2662,1463,1681,1118,1118,0,0.0,0,0,0.0,0.0,0.0,0.0,2,1.0,tumor,growth,"Brennan et al., Cell 2013; Verhaak et al., Cancer Cell 2010",0,0.05983638924671222,0.021352080360461868,deg_n_celltypes_sig=4 (+0.07); cc_is_ligand=0 (+0.02); llm_unprompted_mention_rate=0 (+0.01),"literature gene, other compartment"
1345,PDGFRA,T cell,IDH_Mutant,T_cell,0.0,0.0,0.0,0.0,,,0.0,0.0,0.0,0.0,,0.0,4.0,0.0,0.0,0.0,0.0,0.0,0.0,,0.0,0.0,0.0,0.0,,6,0,1,1,3,2662,1463,941,334,334,0,0.0,1,0,0.0,0.0,0.0,0.0,2,1.0,tumor,growth,"Brennan et al., Cell 2013; Verhaak et al., Cancer Cell 2010",0,0.05983638924671222,0.021352080360461868,deg_n_celltypes_sig=4 (+0.08); cc_is_ligand=0 (+0.02); llm_unprompted_mention_rate=0 (+0.01),"literature gene, other compartment"
1346,GRIA2,T cell,IDH_WT,T_cell,0.0,0.0,0.0,0.0,,,0.0,0.0,0.0,0.0,,0.0,2.0,0.0,0.0,0.0,0.0,0.0,0.0,,0.0,0.0,0.0,0.0,,12,0,1,1,3,2662,1463,1681,1118,1118,0,0.0,0,0,1.0,0.5,4.5,0.0,2,1.0,tumor,neuron_tumor,"Venkatesh et al., Nature 2019; Venkataramani et al., Nature 2019",0,0.05964729866835835,0.0268921633623643,llm_mention_rate=1 (+0.31); llm_mentions_per_run=4.5 (+0.11); llm_unprompted_mention_rate=0.5 (+0.07),"literature gene, other compartment"
1347,JAM2,T cell,IDH_Mutant,T_cell,0.0,0.0,0.0,0.0,,,0.0,0.0,0.0,0.0,,0.0,2.0,0.0,0.0,0.0,0.0,0.0,0.0,,0.0,0.0,0.0,0.0,,6,1,1,1,1,2662,1463,941,334,334,0,0.0,1,0,0.0,0.0,0.0,0.0,2,,,,,0,0.05924892578879666,0.012518703900786242,cc_n_celltypes_total=1 (+0.13); llm_unprompted_mention_rate=0 (+0.01); deg_cc_concordance=0 (+0.01),novel
1348,JAM2,T cell,IDH_WT,T_cell,0.0,0.0,0.0,0.0,,,0.0,0.0,0.0,0.0,,0.0,2.0,0.0,0.0,0.0,0.0,0.0,0.0,,0.0,0.0,0.0,0.0,,6,1,1,1,1,2662,1463,1681,1118,1118,0,0.0,0,0,0.0,0.0,0.0,0.0,2,,,,,0,0.0588582397092839,0.012213663031276944,cc_n_celltypes_total=1 (+0.13); llm_unprompted_mention_rate=0 (+0.01); deg_cc_concordance=0 (+0.01),novel
1349,DLL1,T cell,IDH_WT,T_cell,0.0,0.0,0.0,0.0,,,0.0,0.0,0.0,0.0,,0.0,2.0,0.0,0.0,0.0,0.0,0.0,0.0,,0.0,0.0,0.0,0.0,,4,1,0,1,2,2662,1463,1681,1118,1118,0,0.0,0,0,0.0,0.0,0.0,0.0,2,,,,,0,0.05851698279172805,0.01610368147402696,llm_unprompted_mention_rate=0 (+0.01); deg_pooled_log2fc=nan (+0.01); deg_cc_concordance=0 (+0.01),novel
1350,PILRB,T cell,IDH_WT,T_cell,0.0,0.0,0.0,0.0,,,0.0,0.0,0.0,0.0,,0.0,2.0,0.0,0.0,0.0,0.0,0.0,0.0,,0.0,0.0,0.0,0.0,,7,0,1,1,1,2662,1463,1681,1118,1118,0,0.0,0,0,0.0,0.0,0.0,0.0,2,,,,,0,0.05756732496538085,0.022723661222277067,cc_n_celltypes_total=1 (+0.13); cc_is_ligand=0 (+0.02); llm_unprompted_mention_rate=0 (+0.01),novel
1351,TGFB1,T cell,IDH_WT,T_cell,0.0,0.0,0.0,0.0,,,0.0,0.0,0.0,0.0,,0.0,0.0,0.0,0.0,0.0,0.0,0.0,0.0,,0.0,0.0,0.0,0.0,,4,1,0,1,1,2662,1463,1681,1118,1118,0,0.0,0,0,0.0,0.0,0.0,0.0,2,2.0,"tumor,TAM_microglia",immune_synapse,Immunosuppressive cytokine (pathway-level),0,0.05709138757196619,0.020559199448854742,deg_n_celltypes_sig=0 (+0.64); cc_n_celltypes_total=1 (+0.14); idh_mutant=0 (+0.02),"literature gene, other compartment"
1352,PTPRC,T cell,IDH_Mutant,T_cell,1.0,-0.6311738239259213,0.6311738239259213,5.434409448048717,0.728,0.818,-0.08999999999999997,-1.0,1.0,1.0,-0.7802312468627823,1.0,2.0,2.0,2.0,2.0,2.0,0.0190396652672054,0.015650702062507026,0.0,2.0,1.0,4.0,4.0,0.0,8,1,1,2,2,2662,1463,941,334,334,0,-0.0,1,1,0.0,0.0,0.0,0.0,2,,,,,0,0.05571086661188783,0.01748519154834111,cc_edges_e2=2 (+0.15); cc_max_prob=0.019 (+0.03); deg_cc_concordance=-0 (+0.01),novel
1353,PTPRC,T cell,IDH_WT,T_cell,1.0,-0.7666020759789496,0.7666020759789496,29.045799687220544,0.494,0.694,-0.19999999999999996,-1.0,1.0,1.0,-0.7802312468627823,1.0,3.0,2.0,2.0,2.0,2.0,0.0190396652672054,0.015650702062507026,0.0,2.0,1.0,4.0,4.0,0.0,8,1,1,2,2,2662,1463,1681,1118,1118,0,-0.0,0,1,0.0,0.0,0.0,0.0,2,,,,,0,0.05315427139082539,0.01865058217494703,cc_edges_e2=2 (+0.15); cc_max_prob=0.019 (+0.03); deg_cc_concordance=-0 (+0.01),novel
1354,HLA-DMA,T cell,IDH_Mutant,T_cell,0.0,0.0,0.0,0.0,,,0.0,0.0,0.0,0.0,,0.0,2.0,0.0,0.0,0.0,0.0,0.0,0.0,,0.0,0.0,0.0,0.0,,8,1,0,1,3,2662,1463,941,334,334,0,0.0,1,0,0.0,0.0,0.0,0.0,2,,,,,0,0.05272615891602883,0.010186930101416537,llm_unprompted_mention_rate=0 (+0.01); deg_cc_concordance=0 (+0.01); cc_cross_compartment_edges=0 (+0.00),novel
1355,HLA-DQB1,T cell,IDH_Mutant,T_cell,0.0,0.0,0.0,0.0,,,0.0,0.0,0.0,0.0,,0.0,2.0,0.0,0.0,0.0,0.0,0.0,0.0,,0.0,0.0,0.0,0.0,,6,1,0,1,2,2662,1463,941,334,334,0,0.0,1,0,0.0,0.0,0.0,0.0,2,,,,,0,0.05241548188196995,0.01674590199251,llm_unprompted_mention_rate=0 (+0.01); deg_cc_concordance=0 (+0.01); cc_cross_compartment_edges=0 (+0.00),novel
1356,TMIGD3,T cell,IDH_Mutant,T_cell,0.0,0.0,0.0,0.0,,,0.0,0.0,0.0,0.0,,0.0,2.0,0.0,0.0,0.0,0.0,0.0,0.0,,0.0,0.0,0.0,0.0,,3,0,1,1,2,2662,1463,941,334,334,0,0.0,1,0,0.0,0.0,0.0,0.0,2,,,,,0,0.050801678108753315,0.020241191996737823,cc_is_ligand=0 (+0.02); llm_unprompted_mention_rate=0 (+0.01); deg_cc_concordance=0 (+0.01),novel
1357,TMIGD3,T cell,IDH_WT,T_cell,0.0,0.0,0.0,0.0,,,0.0,0.0,0.0,0.0,,0.0,2.0,0.0,0.0,0.0,0.0,0.0,0.0,,0.0,0.0,0.0,0.0,,3,0,1,1,2,2662,1463,1681,1118,1118,0,0.0,0,0,0.0,0.0,0.0,0.0,2,,,,,0,0.050801678108753315,0.020241191996737823,cc_is_ligand=0 (+0.02); llm_unprompted_mention_rate=0 (+0.01); deg_cc_concordance=0 (+0.01),novel
1358,C3AR1,T cell,IDH_Mutant,T_cell,0.0,0.0,0.0,0.0,,,0.0,0.0,0.0,0.0,,0.0,2.0,0.0,0.0,0.0,0.0,0.0,0.0,,0.0,0.0,0.0,0.0,,4,0,1,1,1,2662,1463,941,334,334,0,0.0,1,0,0.0,0.0,0.0,0.0,2,,,,,0,0.05057191585599889,0.024393522168114662,cc_n_celltypes_total=1 (+0.13); cc_is_ligand=0 (+0.02); llm_unprompted_mention_rate=0 (+0.01),novel
1359,COL9A1,T cell,IDH_WT,T_cell,0.0,0.0,0.0,0.0,,,0.0,0.0,0.0,0.0,,0.0,2.0,0.0,0.0,0.0,0.0,0.0,0.0,,0.0,0.0,0.0,0.0,,5,1,0,1,1,2662,1463,1681,1118,1118,0,0.0,0,0,0.0,0.0,0.0,0.0,2,,,,,0,0.05056565333983143,0.024977892731808088,cc_n_celltypes_total=1 (+0.13); deg_pooled_log2fc=nan (+0.01); llm_unprompted_mention_rate=0 (+0.01),novel
1360,HLA-E,T cell,IDH_WT,T_cell,1.0,-0.5038481542141051,0.5038481542141051,11.83486321570158,0.523,0.663,-0.14,-1.0,0.0,0.0,-0.3183570483078131,1.0,3.0,2.0,0.0,1.0,1.0,0.0243335020236749,0.0230551639814484,0.0,1.0,1.0,2.0,2.0,0.0,6,1,0,1,4,2662,1463,1681,1118,1118,0,-0.0,0,1,0.0,0.0,0.0,0.0,2,,,,,0,0.05009917514931804,0.017280891498249712,cc_max_prob=0.0243 (+0.03); deg_cc_concordance=-0 (+0.01); llm_unprompted_mention_rate=0 (+0.01),novel
1361,TGFB1,T cell,IDH_Mutant,T_cell,0.0,0.0,0.0,0.0,,,0.0,0.0,0.0,0.0,,0.0,1.0,0.0,0.0,0.0,0.0,0.0,0.0,,0.0,0.0,0.0,0.0,,4,1,0,1,1,2662,1463,941,334,334,0,0.0,1,0,0.0,0.0,0.0,0.0,2,2.0,"tumor,TAM_microglia",immune_synapse,Immunosuppressive cytokine (pathway-level),0,0.04532574281275361,0.015381738400650267,cc_n_celltypes_total=1 (+0.14); deg_n_celltypes_sig=1 (+0.09); deg_pooled_log2fc=nan (+0.01),"literature gene, other compartment"
1362,LRP1,T cell,IDH_WT,T_cell,0.0,0.0,0.0,0.0,,,0.0,0.0,0.0,0.0,,0.0,2.0,0.0,0.0,0.0,0.0,0.0,0.0,,0.0,0.0,0.0,0.0,,7,0,1,1,4,2662,1463,1681,1118,1118,0,0.0,0,0,0.0,0.0,0.0,0.0,2,,,,,0,0.044957447983756685,0.018281580805708592,cc_is_ligand=0 (+0.02); llm_unprompted_mention_rate=0 (+0.01); deg_cc_concordance=0 (+0.01),novel
1363,PDGFA,T cell,IDH_WT,T_cell,0.0,0.0,0.0,0.0,,,0.0,0.0,0.0,0.0,,0.0,2.0,0.0,0.0,0.0,0.0,0.0,0.0,,0.0,0.0,0.0,0.0,,3,1,0,1,1,2662,1463,1681,1118,1118,0,0.0,0,0,0.0,0.0,0.0,0.0,2,,,,,0,0.042879834295299124,0.019525147158640573,cc_n_celltypes_total=1 (+0.13); deg_pooled_log2fc=nan (+0.01); llm_unprompted_mention_rate=0 (+0.01),novel
1364,HAVCR2,T cell,IDH_Mutant,T_cell,1.0,1.9362697654948275,1.9362697654948275,3.13850499040765,0.129,0.043,0.08600000000000001,1.0,0.0,0.0,,0.0,3.0,0.0,0.0,0.0,0.0,0.0,0.0,,0.0,0.0,0.0,0.0,,2,0,1,1,1,2662,1463,941,334,334,0,0.0,1,0,0.0,0.0,0.0,0.0,2,1.0,T_cell,immune_synapse,"Kim et al., Clin Cancer Res 2017",1,0.04245790065661155,0.009158153364438535,deg_pct_e1=0.043 (+0.15); deg_pct_diff=0.086 (+0.12); cc_n_celltypes_total=1 (+0.11),literature tier 1 (label)
1365,ITGB8,T cell,IDH_Mutant,T_cell,0.0,0.0,0.0,0.0,,,0.0,0.0,0.0,0.0,,0.0,2.0,0.0,0.0,0.0,0.0,0.0,0.0,,0.0,0.0,0.0,0.0,,3,0,1,1,2,2662,1463,941,334,334,0,0.0,1,0,0.0,0.0,0.0,0.0,2,,,,,0,0.0402792547903299,0.016305553438774482,cc_is_ligand=0 (+0.02); llm_unprompted_mention_rate=0 (+0.01); deg_cc_concordance=0 (+0.01),novel
1366,DLL3,T cell,IDH_WT,T_cell,0.0,0.0,0.0,0.0,,,0.0,0.0,0.0,0.0,,0.0,4.0,0.0,0.0,0.0,0.0,0.0,0.0,,0.0,0.0,0.0,0.0,,8,1,0,1,4,2662,1463,1681,1118,1118,0,0.0,0,0,0.0,0.0,0.0,0.0,2,1.0,tumor,growth,"Spino et al., Clin Cancer Res 2019 (IDH-mutant glioma)",0,0.034268896318602665,0.008590673610708838,deg_n_celltypes_sig=4 (+0.07); llm_unprompted_mention_rate=0 (+0.01); deg_cc_concordance=0 (+0.01),"literature gene, other compartment"
1367,DLL3,T cell,IDH_Mutant,T_cell,0.0,0.0,0.0,0.0,,,0.0,0.0,0.0,0.0,,0.0,4.0,0.0,0.0,0.0,0.0,0.0,0.0,,0.0,0.0,0.0,0.0,,8,1,0,1,4,2662,1463,941,334,334,0,0.0,1,0,0.0,0.0,0.0,0.0,2,1.0,tumor,growth,"Spino et al., Clin Cancer Res 2019 (IDH-mutant glioma)",0,0.03423385137783218,0.008593539270551306,deg_n_celltypes_sig=4 (+0.08); llm_unprompted_mention_rate=0 (+0.01); deg_cc_concordance=0 (+0.01),"literature gene, other compartment"
1368,PSAP,T cell,IDH_Mutant,T_cell,0.0,0.0,0.0,0.0,,,0.0,0.0,0.0,0.0,,0.0,3.0,0.0,0.0,0.0,0.0,0.0,0.0,,0.0,0.0,0.0,0.0,,9,1,0,1,5,2662,1463,941,334,334,0,0.0,1,0,0.0,0.0,0.0,0.0,2,,,,,0,0.031233881544229496,0.011983781880020812,llm_unprompted_mention_rate=0 (+0.01); deg_cc_concordance=0 (+0.01); cc_mean_prob=0 (+0.00),novel
