gene,IDH_status,compartment,celltype_id,is_ligand,is_receptor,edge_count,sender_edge_count,receiver_edge_count,self_edge_count,ephys1_edge_count,ephys2_edge_count,ephys_edge_delta,mean_prob,max_prob,sum_prob,sender_mean_prob,receiver_mean_prob,ephys1_mean_prob,ephys2_mean_prob,ephys_prob_delta,pathway_count,partner_gene_count,source_celltype_count,target_celltype_count,same_ephys_edge_count,cross_ephys_edge_count,deg_present,avg_log2FC,abs_log2FC,ephys2_high,ephys1_high,neg_log10_padj,pct_ephys2,pct_1,pct_2,pct_delta,idh_direction_agreement,other_idh_abs_log2fc,n_ephys1,n_ephys2,min_group_size,low_count_flag,label
ADORA3,IDH_Mutant,tumor,AC_like_tumor,1.0,0.0,0.0,0.0,0.0,0.0,0.0,0.0,0.0,0.0,0.0,0.0,0.0,0.0,0.0,0.0,0.0,0.0,0.0,0.0,0.0,0.0,0.0,0.0,0.0,0.0,0.0,0.0,0.0,0.0,0.0,0.0,0.0,0.0,0.0,72549.0,446.0,446.0,0.0,0
ADORA3,IDH_Mutant,tumor,OPC_GABA_AC_like_tumor,1.0,0.0,0.0,0.0,0.0,0.0,0.0,0.0,0.0,0.0,0.0,0.0,0.0,0.0,0.0,0.0,0.0,0.0,0.0,0.0,0.0,0.0,0.0,0.0,0.0,0.0,0.0,0.0,0.0,0.0,0.0,0.0,0.0,0.0,0.0,6202.0,1012.0,1012.0,0.0,0
ADORA3,IDH_Mutant,tumor,OPC_GABA_like_tumor,1.0,0.0,0.0,0.0,0.0,0.0,0.0,0.0,0.0,0.0,0.0,0.0,0.0,0.0,0.0,0.0,0.0,0.0,0.0,0.0,0.0,0.0,0.0,0.0,0.0,0.0,0.0,0.0,0.0,0.0,0.0,0.0,0.0,0.0,0.0,6741.0,14114.0,6741.0,0.0,0
ADORA3,IDH_Mutant,T_cell,T cell,1.0,0.0,0.0,0.0,0.0,0.0,0.0,0.0,0.0,0.0,0.0,0.0,0.0,0.0,0.0,0.0,0.0,0.0,0.0,0.0,0.0,0.0,0.0,0.0,0.0,0.0,0.0,0.0,0.0,0.0,0.0,0.0,0.0,0.0,0.0,2662.0,1463.0,1463.0,0.0,0
ADORA3,IDH_Mutant,TAM_microglia,TAM1/TAM2/microglia,1.0,0.0,1.0,1.0,0.0,1.0,0.0,1.0,1.0,0.0039014203393133,0.0039014203393133,0.0039014203393133,0.0039014203393133,0.0,0.0,0.0039014203393133,0.0039014203393133,1.0,1.0,1.0,1.0,1.0,0.0,0.0,0.0,0.0,0.0,0.0,0.0,0.0,0.0,0.0,0.0,0.0,0.5865694265585446,12086.0,25922.0,12086.0,0.0,0
ADORA3,IDH_Mutant,tumor,cycling_tumor,1.0,0.0,0.0,0.0,0.0,0.0,0.0,0.0,0.0,0.0,0.0,0.0,0.0,0.0,0.0,0.0,0.0,0.0,0.0,0.0,0.0,0.0,0.0,0.0,0.0,0.0,0.0,0.0,0.0,0.0,0.0,0.0,0.0,0.0,0.0,6410.0,814.0,814.0,0.0,0
ADORA3,IDH_WT,tumor,AC_like_tumor,1.0,0.0,0.0,0.0,0.0,0.0,0.0,0.0,0.0,0.0,0.0,0.0,0.0,0.0,0.0,0.0,0.0,0.0,0.0,0.0,0.0,0.0,0.0,0.0,0.0,0.0,0.0,0.0,0.0,0.0,0.0,0.0,0.0,0.0,0.0,72549.0,446.0,446.0,0.0,0
ADORA3,IDH_WT,tumor,OPC_GABA_AC_like_tumor,1.0,0.0,0.0,0.0,0.0,0.0,0.0,0.0,0.0,0.0,0.0,0.0,0.0,0.0,0.0,0.0,0.0,0.0,0.0,0.0,0.0,0.0,0.0,0.0,0.0,0.0,0.0,0.0,0.0,0.0,0.0,0.0,0.0,0.0,0.0,6202.0,1012.0,1012.0,0.0,0
ADORA3,IDH_WT,tumor,OPC_GABA_like_tumor,1.0,0.0,0.0,0.0,0.0,0.0,0.0,0.0,0.0,0.0,0.0,0.0,0.0,0.0,0.0,0.0,0.0,0.0,0.0,0.0,0.0,0.0,0.0,0.0,0.0,0.0,0.0,0.0,0.0,0.0,0.0,0.0,0.0,0.0,0.0,6741.0,14114.0,6741.0,0.0,0
ADORA3,IDH_WT,T_cell,T cell,1.0,0.0,0.0,0.0,0.0,0.0,0.0,0.0,0.0,0.0,0.0,0.0,0.0,0.0,0.0,0.0,0.0,0.0,0.0,0.0,0.0,0.0,0.0,0.0,0.0,0.0,0.0,0.0,0.0,0.0,0.0,0.0,0.0,0.0,0.0,2662.0,1463.0,1463.0,0.0,0
ADORA3,IDH_WT,TAM_microglia,TAM1/TAM2/microglia,1.0,0.0,1.0,1.0,0.0,1.0,0.0,1.0,1.0,0.0039014203393133,0.0039014203393133,0.0039014203393133,0.0039014203393133,0.0,0.0,0.0039014203393133,0.0039014203393133,1.0,1.0,1.0,1.0,1.0,0.0,1.0,0.5865694265585446,0.5865694265585446,1.0,0.0,32.10623758005057,22.064142753797928,0.319,0.2,-0.119,0.0,0.0,12086.0,25922.0,12086.0,0.0,0
ADORA3,IDH_WT,tumor,cycling_tumor,1.0,0.0,0.0,0.0,0.0,0.0,0.0,0.0,0.0,0.0,0.0,0.0,0.0,0.0,0.0,0.0,0.0,0.0,0.0,0.0,0.0,0.0,0.0,0.0,0.0,0.0,0.0,0.0,0.0,0.0,0.0,0.0,0.0,0.0,0.0,6410.0,814.0,814.0,0.0,0
ANXA1,IDH_Mutant,tumor,AC_like_tumor,1.0,0.0,2.0,2.0,0.0,0.0,2.0,0.0,-2.0,0.0052353810136908,0.0059288892579909,0.0104707620273816,0.0052353810136908,0.0,0.0052353810136908,0.0,-0.0052353810136908,1.0,1.0,1.0,1.0,1.0,1.0,0.0,0.0,0.0,0.0,0.0,0.0,0.0,0.0,0.0,0.0,0.0,0.0,72549.0,446.0,446.0,0.0,0
ANXA1,IDH_Mutant,tumor,OPC_GABA_AC_like_tumor,1.0,0.0,0.0,0.0,0.0,0.0,0.0,0.0,0.0,0.0,0.0,0.0,0.0,0.0,0.0,0.0,0.0,0.0,0.0,0.0,0.0,0.0,0.0,0.0,0.0,0.0,0.0,0.0,0.0,0.0,0.0,0.0,0.0,0.0,3.3981163625903408,6202.0,1012.0,1012.0,0.0,0
ANXA1,IDH_Mutant,tumor,OPC_GABA_like_tumor,1.0,0.0,0.0,0.0,0.0,0.0,0.0,0.0,0.0,0.0,0.0,0.0,0.0,0.0,0.0,0.0,0.0,0.0,0.0,0.0,0.0,0.0,0.0,1.0,-5.457329276245706,5.457329276245706,0.0,1.0,275.2474577239009,87.62594223449511,0.003,0.13,0.127,1.0,4.239461302670273,6741.0,14114.0,6741.0,0.0,0
ANXA1,IDH_Mutant,T_cell,T cell,1.0,0.0,4.0,4.0,0.0,0.0,2.0,2.0,0.0,0.007114231858496975,0.0086008858847479,0.0284569274339879,0.007114231858496975,0.0,0.0075969043431481,0.0066315593738458505,-0.0009653449693022495,1.0,1.0,1.0,1.0,2.0,2.0,1.0,-1.4755624160204823,1.4755624160204823,0.0,1.0,13.02362697618783,26.19607843137255,0.389,0.615,0.22599999999999998,0.0,0.0,2662.0,1463.0,1463.0,0.0,0
ANXA1,IDH_Mutant,TAM_microglia,TAM1/TAM2/microglia,1.0,0.0,2.0,2.0,0.0,2.0,2.0,0.0,-2.0,0.0054991206684735505,0.0062273756011233,0.010998241336947101,0.0054991206684735505,0.0,0.0054991206684735505,0.0,-0.0054991206684735505,1.0,1.0,1.0,1.0,1.0,1.0,1.0,-2.606964589265456,2.606964589265456,0.0,1.0,225.68513296772664,91.1538623094048,0.025,0.165,0.14,1.0,1.6688803158048915,12086.0,25922.0,12086.0,0.0,0
ANXA1,IDH_Mutant,tumor,cycling_tumor,1.0,0.0,2.0,2.0,0.0,0.0,2.0,0.0,-2.0,0.00517192095952055,0.005857065867727,0.0103438419190411,0.00517192095952055,0.0,0.00517192095952055,0.0,-0.00517192095952055,1.0,1.0,1.0,1.0,1.0,1.0,0.0,0.0,0.0,0.0,0.0,0.0,0.0,0.0,0.0,0.0,0.0,3.9272321735779694,6410.0,814.0,814.0,0.0,0
ANXA1,IDH_WT,tumor,AC_like_tumor,1.0,0.0,2.0,2.0,0.0,0.0,2.0,0.0,-2.0,0.0052353810136908,0.0059288892579909,0.0104707620273816,0.0052353810136908,0.0,0.0052353810136908,0.0,-0.0052353810136908,1.0,1.0,1.0,1.0,1.0,1.0,0.0,0.0,0.0,0.0,0.0,0.0,0.0,0.0,0.0,0.0,0.0,0.0,72549.0,446.0,446.0,0.0,0
ANXA1,IDH_WT,tumor,OPC_GABA_AC_like_tumor,1.0,0.0,0.0,0.0,0.0,0.0,0.0,0.0,0.0,0.0,0.0,0.0,0.0,0.0,0.0,0.0,0.0,0.0,0.0,0.0,0.0,0.0,0.0,1.0,-3.3981163625903408,3.3981163625903408,0.0,1.0,3.7126320094508953,3.0783078307830785,0.029,0.21,0.181,0.0,0.0,6202.0,1012.0,1012.0,0.0,0
ANXA1,IDH_WT,tumor,OPC_GABA_like_tumor,1.0,0.0,0.0,0.0,0.0,0.0,0.0,0.0,0.0,0.0,0.0,0.0,0.0,0.0,0.0,0.0,0.0,0.0,0.0,0.0,0.0,0.0,0.0,1.0,-4.239461302670273,4.239461302670273,0.0,1.0,87.51851321505721,27.741935483870968,0.039,0.247,0.208,1.0,5.457329276245706,6741.0,14114.0,6741.0,0.0,0
ANXA1,IDH_WT,T_cell,T cell,1.0,0.0,4.0,4.0,0.0,0.0,2.0,2.0,0.0,0.007114231858496975,0.0086008858847479,0.0284569274339879,0.007114231858496975,0.0,0.0075969043431481,0.0066315593738458505,-0.0009653449693022495,1.0,1.0,1.0,1.0,2.0,2.0,0.0,0.0,0.0,0.0,0.0,0.0,0.0,0.0,0.0,0.0,0.0,1.4755624160204823,2662.0,1463.0,1463.0,0.0,0
ANXA1,IDH_WT,TAM_microglia,TAM1/TAM2/microglia,1.0,0.0,2.0,2.0,0.0,2.0,2.0,0.0,-2.0,0.0054991206684735505,0.0062273756011233,0.010998241336947101,0.0054991206684735505,0.0,0.0054991206684735505,0.0,-0.0054991206684735505,1.0,1.0,1.0,1.0,1.0,1.0,1.0,-1.6688803158048915,1.6688803158048915,0.0,1.0,147.10238376776053,22.064142753797928,0.192,0.461,0.269,1.0,2.606964589265456,12086.0,25922.0,12086.0,0.0,0
ANXA1,IDH_WT,tumor,cycling_tumor,1.0,0.0,2.0,2.0,0.0,0.0,2.0,0.0,-2.0,0.00517192095952055,0.005857065867727,0.0103438419190411,0.00517192095952055,0.0,0.00517192095952055,0.0,-0.00517192095952055,1.0,1.0,1.0,1.0,1.0,1.0,1.0,-3.9272321735779694,3.9272321735779694,0.0,1.0,50.643246931574936,10.184331797235023,0.056,0.353,0.297,0.0,0.0,6410.0,814.0,814.0,0.0,0
APOE,IDH_Mutant,tumor,AC_like_tumor,1.0,0.0,6.0,6.0,0.0,0.0,3.0,3.0,0.0,0.086822863458268,0.1531399133496586,0.5209371807496079,0.086822863458268,0.0,0.13537675490725487,0.0382689720092811,-0.09710778289797377,1.0,2.0,1.0,2.0,3.0,3.0,1.0,-2.469452304338339,2.469452304338339,0.0,1.0,87.88636264094083,6.244483671668138,0.523,0.936,0.41300000000000003,1.0,2.450072114398831,72549.0,446.0,446.0,0.0,0
APOE,IDH_Mutant,tumor,OPC_GABA_AC_like_tumor,1.0,0.0,3.0,3.0,0.0,0.0,3.0,0.0,-3.0,0.10778539957778388,0.122364695000407,0.32335619873335164,0.10778539957778388,0.0,0.10778539957778388,0.0,-0.10778539957778388,1.0,2.0,1.0,2.0,2.0,1.0,1.0,-2.609371925660078,2.609371925660078,0.0,1.0,55.955528044708835,67.82449725776965,0.225,0.682,0.4570000000000001,1.0,2.668709091510955,6202.0,1012.0,1012.0,0.0,0
APOE,IDH_Mutant,tumor,OPC_GABA_like_tumor,1.0,0.0,6.0,6.0,0.0,0.0,3.0,3.0,0.0,0.052596146898227066,0.1006178802379461,0.3155768813893624,0.052596146898227066,0.0,0.08840866029864468,0.016783633497809466,-0.07162502680083521,1.0,2.0,1.0,2.0,3.0,3.0,1.0,-5.737107541929249,5.737107541929249,0.0,1.0,307.6526555685888,87.62594223449511,0.317,0.91,0.593,1.0,2.254642753807273,6741.0,14114.0,6741.0,0.0,0
APOE,IDH_Mutant,T_cell,T cell,1.0,0.0,6.0,6.0,0.0,0.0,3.0,3.0,0.0,0.06786869683633905,0.1125528420381205,0.40721218101803425,0.06786869683633905,0.0,0.0367066935816527,0.09903070009102537,0.06232400650937267,1.0,2.0,1.0,2.0,3.0,3.0,0.0,0.0,0.0,0.0,0.0,0.0,0.0,0.0,0.0,0.0,0.0,0.8944727118022824,2662.0,1463.0,1463.0,0.0,0
APOE,IDH_Mutant,TAM_microglia,TAM1/TAM2/microglia,1.0,0.0,6.0,6.0,0.0,4.0,3.0,3.0,0.0,0.20058439002568906,0.2392234722575476,1.2035063401541344,0.20058439002568906,0.0,0.21365574502343154,0.1875130350279466,-0.02614270999548493,1.0,2.0,1.0,2.0,3.0,3.0,1.0,-0.3471822166621594,0.3471822166621594,0.0,1.0,25.414853480777044,91.1538623094048,0.985,0.892,-0.09299999999999997,1.0,0.2688031221302287,12086.0,25922.0,12086.0,0.0,1
APOE,IDH_Mutant,tumor,cycling_tumor,1.0,0.0,6.0,6.0,0.0,0.0,3.0,3.0,0.0,0.0738258962895385,0.1534655254557488,0.44295537773723104,0.0738258962895385,0.0,0.13566976256593233,0.0119820300131447,-0.12368773255278763,1.0,2.0,1.0,2.0,3.0,3.0,1.0,-4.071242219853939,4.071242219853939,0.0,1.0,40.5734791065612,33.49753694581281,0.404,0.926,0.522,1.0,4.621149299509157,6410.0,814.0,814.0,0.0,0
APOE,IDH_WT,tumor,AC_like_tumor,1.0,0.0,6.0,6.0,0.0,0.0,3.0,3.0,0.0,0.086822863458268,0.1531399133496586,0.5209371807496079,0.086822863458268,0.0,0.13537675490725487,0.0382689720092811,-0.09710778289797377,1.0,2.0,1.0,2.0,3.0,3.0,1.0,-2.450072114398831,2.450072114398831,0.0,1.0,10.322505545962061,0.166358595194085,0.352,0.672,0.32000000000000006,1.0,2.469452304338339,72549.0,446.0,446.0,0.0,0
APOE,IDH_WT,tumor,OPC_GABA_AC_like_tumor,1.0,0.0,3.0,3.0,0.0,0.0,3.0,0.0,-3.0,0.10778539957778388,0.122364695000407,0.32335619873335164,0.10778539957778388,0.0,0.10778539957778388,0.0,-0.10778539957778388,1.0,2.0,1.0,2.0,2.0,1.0,1.0,-2.668709091510955,2.668709091510955,0.0,1.0,20.1000560887845,3.0783078307830785,0.216,0.584,0.368,1.0,2.609371925660078,6202.0,1012.0,1012.0,0.0,0
APOE,IDH_WT,tumor,OPC_GABA_like_tumor,1.0,0.0,6.0,6.0,0.0,0.0,3.0,3.0,0.0,0.052596146898227066,0.1006178802379461,0.3155768813893624,0.052596146898227066,0.0,0.08840866029864468,0.016783633497809466,-0.07162502680083521,1.0,2.0,1.0,2.0,3.0,3.0,1.0,-2.254642753807273,2.254642753807273,0.0,1.0,11.809222181100063,27.741935483870968,0.411,0.416,0.0050000000000000044,1.0,5.737107541929249,6741.0,14114.0,6741.0,0.0,0
APOE,IDH_WT,T_cell,T cell,1.0,0.0,6.0,6.0,0.0,0.0,3.0,3.0,0.0,0.06786869683633905,0.1125528420381205,0.40721218101803425,0.06786869683633905,0.0,0.0367066935816527,0.09903070009102537,0.06232400650937267,1.0,2.0,1.0,2.0,3.0,3.0,1.0,0.8944727118022824,0.8944727118022824,1.0,0.0,14.578698204018728,39.94283672740264,0.662,0.545,-0.11699999999999999,0.0,0.0,2662.0,1463.0,1463.0,0.0,0
APOE,IDH_WT,TAM_microglia,TAM1/TAM2/microglia,1.0,0.0,6.0,6.0,0.0,4.0,3.0,3.0,0.0,0.20058439002568906,0.2392234722575476,1.2035063401541344,0.20058439002568906,0.0,0.21365574502343154,0.1875130350279466,-0.02614270999548493,1.0,2.0,1.0,2.0,3.0,3.0,1.0,-0.2688031221302287,0.2688031221302287,0.0,1.0,13.176939930705021,22.064142753797928,0.995,0.978,-0.017000000000000015,1.0,0.3471822166621594,12086.0,25922.0,12086.0,0.0,1
APOE,IDH_WT,tumor,cycling_tumor,1.0,0.0,6.0,6.0,0.0,0.0,3.0,3.0,0.0,0.0738258962895385,0.1534655254557488,0.44295537773723104,0.0738258962895385,0.0,0.13566976256593233,0.0119820300131447,-0.12368773255278763,1.0,2.0,1.0,2.0,3.0,3.0,1.0,-4.621149299509157,4.621149299509157,0.0,1.0,149.35901737537023,10.184331797235023,0.379,0.744,0.365,1.0,4.071242219853939,6410.0,814.0,814.0,0.0,0
APP,IDH_Mutant,tumor,AC_like_tumor,1.0,0.0,20.0,20.0,0.0,2.0,10.0,10.0,0.0,0.024942428872302927,0.0466729998846793,0.49884857744605854,0.024942428872302927,0.0,0.02384785889691816,0.026036998847687697,0.0021891399507695357,1.0,4.0,1.0,4.0,10.0,10.0,0.0,0.0,0.0,0.0,0.0,0.0,0.0,0.0,0.0,0.0,0.0,0.0,72549.0,446.0,446.0,0.0,0
APP,IDH_Mutant,tumor,OPC_GABA_AC_like_tumor,1.0,0.0,19.0,19.0,0.0,0.0,10.0,9.0,-1.0,0.021942976615914607,0.0432295489429381,0.4169165557023775,0.021942976615914607,0.0,0.02409094794602648,0.01955634180467919,-0.0045346061413472916,1.0,4.0,1.0,4.0,10.0,9.0,0.0,0.0,0.0,0.0,0.0,0.0,0.0,0.0,0.0,0.0,0.0,0.0,6202.0,1012.0,1012.0,0.0,0
APP,IDH_Mutant,tumor,OPC_GABA_like_tumor,1.0,0.0,26.0,26.0,0.0,0.0,13.0,13.0,0.0,0.0531219860188931,0.1172844910109071,1.3811716364912205,0.0531219860188931,0.0,0.05039398524866581,0.05584998678912038,0.005456001540454565,1.0,4.0,1.0,6.0,13.0,13.0,1.0,-0.3167626362650033,0.3167626362650033,0.0,1.0,7.989395620186939,87.62594223449511,0.665,0.7,0.03499999999999992,0.0,0.0,6741.0,14114.0,6741.0,0.0,0
APP,IDH_Mutant,T_cell,T cell,1.0,0.0,0.0,0.0,0.0,0.0,0.0,0.0,0.0,0.0,0.0,0.0,0.0,0.0,0.0,0.0,0.0,0.0,0.0,0.0,0.0,0.0,0.0,0.0,0.0,0.0,0.0,0.0,0.0,0.0,0.0,0.0,0.0,0.0,0.0,2662.0,1463.0,1463.0,0.0,0
APP,IDH_Mutant,TAM_microglia,TAM1/TAM2/microglia,1.0,0.0,0.0,0.0,0.0,0.0,0.0,0.0,0.0,0.0,0.0,0.0,0.0,0.0,0.0,0.0,0.0,0.0,0.0,0.0,0.0,0.0,0.0,1.0,0.9549248139270824,0.9549248139270824,1.0,0.0,14.02637333862547,91.1538623094048,0.15,0.078,-0.072,0.0,0.0,12086.0,25922.0,12086.0,0.0,0
APP,IDH_Mutant,tumor,cycling_tumor,1.0,0.0,13.0,13.0,0.0,1.0,0.0,13.0,13.0,0.04503520625305321,0.0953371521546039,0.5854576812896918,0.04503520625305321,0.0,0.0,0.04503520625305321,0.04503520625305321,1.0,4.0,1.0,6.0,4.0,9.0,1.0,3.047695379909121,3.047695379909121,1.0,0.0,30.167954522455883,33.49753694581281,0.662,0.074,-0.5880000000000001,1.0,0.5635272019122394,6410.0,814.0,814.0,0.0,0
APP,IDH_WT,tumor,AC_like_tumor,1.0,0.0,20.0,20.0,0.0,2.0,10.0,10.0,0.0,0.024942428872302927,0.0466729998846793,0.49884857744605854,0.024942428872302927,0.0,0.02384785889691816,0.026036998847687697,0.0021891399507695357,1.0,4.0,1.0,4.0,10.0,10.0,0.0,0.0,0.0,0.0,0.0,0.0,0.0,0.0,0.0,0.0,0.0,0.0,72549.0,446.0,446.0,0.0,0
APP,IDH_WT,tumor,OPC_GABA_AC_like_tumor,1.0,0.0,19.0,19.0,0.0,0.0,10.0,9.0,-1.0,0.021942976615914607,0.0432295489429381,0.4169165557023775,0.021942976615914607,0.0,0.02409094794602648,0.01955634180467919,-0.0045346061413472916,1.0,4.0,1.0,4.0,10.0,9.0,0.0,0.0,0.0,0.0,0.0,0.0,0.0,0.0,0.0,0.0,0.0,0.0,6202.0,1012.0,1012.0,0.0,0
APP,IDH_WT,tumor,OPC_GABA_like_tumor,1.0,0.0,26.0,26.0,0.0,0.0,13.0,13.0,0.0,0.0531219860188931,0.1172844910109071,1.3811716364912205,0.0531219860188931,0.0,0.05039398524866581,0.05584998678912038,0.005456001540454565,1.0,4.0,1.0,6.0,13.0,13.0,0.0,0.0,0.0,0.0,0.0,0.0,0.0,0.0,0.0,0.0,0.0,0.3167626362650033,6741.0,14114.0,6741.0,0.0,0
APP,IDH_WT,T_cell,T cell,1.0,0.0,0.0,0.0,0.0,0.0,0.0,0.0,0.0,0.0,0.0,0.0,0.0,0.0,0.0,0.0,0.0,0.0,0.0,0.0,0.0,0.0,0.0,0.0,0.0,0.0,0.0,0.0,0.0,0.0,0.0,0.0,0.0,0.0,0.0,2662.0,1463.0,1463.0,0.0,0
APP,IDH_WT,TAM_microglia,TAM1/TAM2/microglia,1.0,0.0,0.0,0.0,0.0,0.0,0.0,0.0,0.0,0.0,0.0,0.0,0.0,0.0,0.0,0.0,0.0,0.0,0.0,0.0,0.0,0.0,0.0,0.0,0.0,0.0,0.0,0.0,0.0,0.0,0.0,0.0,0.0,0.0,0.9549248139270824,12086.0,25922.0,12086.0,0.0,0
APP,IDH_WT,tumor,cycling_tumor,1.0,0.0,13.0,13.0,0.0,1.0,0.0,13.0,13.0,0.04503520625305321,0.0953371521546039,0.5854576812896918,0.04503520625305321,0.0,0.0,0.04503520625305321,0.04503520625305321,1.0,4.0,1.0,6.0,4.0,9.0,1.0,0.5635272019122394,0.5635272019122394,1.0,0.0,78.444029319751,10.184331797235023,0.695,0.241,-0.45399999999999996,1.0,3.047695379909121,6410.0,814.0,814.0,0.0,0
AREG,IDH_Mutant,tumor,AC_like_tumor,1.0,0.0,0.0,0.0,0.0,0.0,0.0,0.0,0.0,0.0,0.0,0.0,0.0,0.0,0.0,0.0,0.0,0.0,0.0,0.0,0.0,0.0,0.0,0.0,0.0,0.0,0.0,0.0,0.0,0.0,0.0,0.0,0.0,0.0,0.0,72549.0,446.0,446.0,0.0,0
AREG,IDH_Mutant,tumor,OPC_GABA_AC_like_tumor,1.0,0.0,0.0,0.0,0.0,0.0,0.0,0.0,0.0,0.0,0.0,0.0,0.0,0.0,0.0,0.0,0.0,0.0,0.0,0.0,0.0,0.0,0.0,0.0,0.0,0.0,0.0,0.0,0.0,0.0,0.0,0.0,0.0,0.0,0.0,6202.0,1012.0,1012.0,0.0,0
AREG,IDH_Mutant,tumor,OPC_GABA_like_tumor,1.0,0.0,0.0,0.0,0.0,0.0,0.0,0.0,0.0,0.0,0.0,0.0,0.0,0.0,0.0,0.0,0.0,0.0,0.0,0.0,0.0,0.0,0.0,0.0,0.0,0.0,0.0,0.0,0.0,0.0,0.0,0.0,0.0,0.0,0.0,6741.0,14114.0,6741.0,0.0,0
AREG,IDH_Mutant,T_cell,T cell,1.0,0.0,7.0,7.0,0.0,0.0,0.0,7.0,7.0,0.012891952110335541,0.0324842206972956,0.09024366477234878,0.012891952110335541,0.0,0.0,0.012891952110335541,0.012891952110335541,1.0,1.0,1.0,4.0,3.0,4.0,1.0,2.621978049134785,2.621978049134785,1.0,0.0,45.230029365178375,26.19607843137255,0.524,0.143,-0.381,1.0,0.9672239572986688,2662.0,1463.0,1463.0,0.0,1
AREG,IDH_Mutant,TAM_microglia,TAM1/TAM2/microglia,1.0,0.0,0.0,0.0,0.0,0.0,0.0,0.0,0.0,0.0,0.0,0.0,0.0,0.0,0.0,0.0,0.0,0.0,0.0,0.0,0.0,0.0,0.0,1.0,-3.777906881760644,3.777906881760644,0.0,1.0,168.48894456347006,91.1538623094048,0.016,0.115,0.099,1.0,0.8546221706978485,12086.0,25922.0,12086.0,0.0,0
AREG,IDH_Mutant,tumor,cycling_tumor,1.0,0.0,0.0,0.0,0.0,0.0,0.0,0.0,0.0,0.0,0.0,0.0,0.0,0.0,0.0,0.0,0.0,0.0,0.0,0.0,0.0,0.0,0.0,0.0,0.0,0.0,0.0,0.0,0.0,0.0,0.0,0.0,0.0,0.0,0.0,6410.0,814.0,814.0,0.0,0
AREG,IDH_WT,tumor,AC_like_tumor,1.0,0.0,0.0,0.0,0.0,0.0,0.0,0.0,0.0,0.0,0.0,0.0,0.0,0.0,0.0,0.0,0.0,0.0,0.0,0.0,0.0,0.0,0.0,0.0,0.0,0.0,0.0,0.0,0.0,0.0,0.0,0.0,0.0,0.0,0.0,72549.0,446.0,446.0,0.0,0
AREG,IDH_WT,tumor,OPC_GABA_AC_like_tumor,1.0,0.0,0.0,0.0,0.0,0.0,0.0,0.0,0.0,0.0,0.0,0.0,0.0,0.0,0.0,0.0,0.0,0.0,0.0,0.0,0.0,0.0,0.0,0.0,0.0,0.0,0.0,0.0,0.0,0.0,0.0,0.0,0.0,0.0,0.0,6202.0,1012.0,1012.0,0.0,0
AREG,IDH_WT,tumor,OPC_GABA_like_tumor,1.0,0.0,0.0,0.0,0.0,0.0,0.0,0.0,0.0,0.0,0.0,0.0,0.0,0.0,0.0,0.0,0.0,0.0,0.0,0.0,0.0,0.0,0.0,0.0,0.0,0.0,0.0,0.0,0.0,0.0,0.0,0.0,0.0,0.0,0.0,6741.0,14114.0,6741.0,0.0,0
AREG,IDH_WT,T_cell,T cell,1.0,0.0,7.0,7.0,0.0,0.0,0.0,7.0,7.0,0.012891952110335541,0.0324842206972956,0.09024366477234878,0.012891952110335541,0.0,0.0,0.012891952110335541,0.012891952110335541,1.0,1.0,1.0,4.0,3.0,4.0,1.0,0.9672239572986688,0.9672239572986688,1.0,0.0,4.436011743196359,39.94283672740264,0.226,0.141,-0.08500000000000002,1.0,2.621978049134785,2662.0,1463.0,1463.0,0.0,1
AREG,IDH_WT,TAM_microglia,TAM1/TAM2/microglia,1.0,0.0,0.0,0.0,0.0,0.0,0.0,0.0,0.0,0.0,0.0,0.0,0.0,0.0,0.0,0.0,0.0,0.0,0.0,0.0,0.0,0.0,0.0,1.0,-0.8546221706978485,0.8546221706978485,0.0,1.0,9.049947087920996,22.064142753797928,0.163,0.226,0.063,1.0,3.777906881760644,12086.0,25922.0,12086.0,0.0,0
AREG,IDH_WT,tumor,cycling_tumor,1.0,0.0,0.0,0.0,0.0,0.0,0.0,0.0,0.0,0.0,0.0,0.0,0.0,0.0,0.0,0.0,0.0,0.0,0.0,0.0,0.0,0.0,0.0,0.0,0.0,0.0,0.0,0.0,0.0,0.0,0.0,0.0,0.0,0.0,0.0,6410.0,814.0,814.0,0.0,0
AXL,IDH_Mutant,tumor,AC_like_tumor,0.0,1.0,0.0,0.0,0.0,0.0,0.0,0.0,0.0,0.0,0.0,0.0,0.0,0.0,0.0,0.0,0.0,0.0,0.0,0.0,0.0,0.0,0.0,0.0,0.0,0.0,0.0,0.0,0.0,0.0,0.0,0.0,0.0,0.0,0.0,72549.0,446.0,446.0,0.0,0
AXL,IDH_Mutant,tumor,OPC_GABA_AC_like_tumor,0.0,1.0,0.0,0.0,0.0,0.0,0.0,0.0,0.0,0.0,0.0,0.0,0.0,0.0,0.0,0.0,0.0,0.0,0.0,0.0,0.0,0.0,0.0,0.0,0.0,0.0,0.0,0.0,0.0,0.0,0.0,0.0,0.0,0.0,0.0,6202.0,1012.0,1012.0,0.0,0
AXL,IDH_Mutant,tumor,OPC_GABA_like_tumor,0.0,1.0,0.0,0.0,0.0,0.0,0.0,0.0,0.0,0.0,0.0,0.0,0.0,0.0,0.0,0.0,0.0,0.0,0.0,0.0,0.0,0.0,0.0,0.0,0.0,0.0,0.0,0.0,0.0,0.0,0.0,0.0,0.0,0.0,0.0,6741.0,14114.0,6741.0,0.0,0
AXL,IDH_Mutant,T_cell,T cell,0.0,1.0,0.0,0.0,0.0,0.0,0.0,0.0,0.0,0.0,0.0,0.0,0.0,0.0,0.0,0.0,0.0,0.0,0.0,0.0,0.0,0.0,0.0,0.0,0.0,0.0,0.0,0.0,0.0,0.0,0.0,0.0,0.0,0.0,0.0,2662.0,1463.0,1463.0,0.0,0
AXL,IDH_Mutant,TAM_microglia,TAM1/TAM2/microglia,0.0,1.0,1.0,0.0,1.0,1.0,0.0,1.0,1.0,0.0038266213753899,0.0038266213753899,0.0038266213753899,0.0,0.0038266213753899,0.0,0.0038266213753899,0.0038266213753899,1.0,1.0,1.0,1.0,1.0,0.0,0.0,0.0,0.0,0.0,0.0,0.0,0.0,0.0,0.0,0.0,0.0,0.0,12086.0,25922.0,12086.0,0.0,0
AXL,IDH_Mutant,tumor,cycling_tumor,0.0,1.0,0.0,0.0,0.0,0.0,0.0,0.0,0.0,0.0,0.0,0.0,0.0,0.0,0.0,0.0,0.0,0.0,0.0,0.0,0.0,0.0,0.0,0.0,0.0,0.0,0.0,0.0,0.0,0.0,0.0,0.0,0.0,0.0,0.0,6410.0,814.0,814.0,0.0,0
AXL,IDH_WT,tumor,AC_like_tumor,0.0,1.0,0.0,0.0,0.0,0.0,0.0,0.0,0.0,0.0,0.0,0.0,0.0,0.0,0.0,0.0,0.0,0.0,0.0,0.0,0.0,0.0,0.0,0.0,0.0,0.0,0.0,0.0,0.0,0.0,0.0,0.0,0.0,0.0,0.0,72549.0,446.0,446.0,0.0,0
AXL,IDH_WT,tumor,OPC_GABA_AC_like_tumor,0.0,1.0,0.0,0.0,0.0,0.0,0.0,0.0,0.0,0.0,0.0,0.0,0.0,0.0,0.0,0.0,0.0,0.0,0.0,0.0,0.0,0.0,0.0,0.0,0.0,0.0,0.0,0.0,0.0,0.0,0.0,0.0,0.0,0.0,0.0,6202.0,1012.0,1012.0,0.0,0
AXL,IDH_WT,tumor,OPC_GABA_like_tumor,0.0,1.0,0.0,0.0,0.0,0.0,0.0,0.0,0.0,0.0,0.0,0.0,0.0,0.0,0.0,0.0,0.0,0.0,0.0,0.0,0.0,0.0,0.0,0.0,0.0,0.0,0.0,0.0,0.0,0.0,0.0,0.0,0.0,0.0,0.0,6741.0,14114.0,6741.0,0.0,0
AXL,IDH_WT,T_cell,T cell,0.0,1.0,0.0,0.0,0.0,0.0,0.0,0.0,0.0,0.0,0.0,0.0,0.0,0.0,0.0,0.0,0.0,0.0,0.0,0.0,0.0,0.0,0.0,0.0,0.0,0.0,0.0,0.0,0.0,0.0,0.0,0.0,0.0,0.0,0.0,2662.0,1463.0,1463.0,0.0,0
AXL,IDH_WT,TAM_microglia,TAM1/TAM2/microglia,0.0,1.0,1.0,0.0,1.0,1.0,0.0,1.0,1.0,0.0038266213753899,0.0038266213753899,0.0038266213753899,0.0,0.0038266213753899,0.0,0.0038266213753899,0.0038266213753899,1.0,1.0,1.0,1.0,1.0,0.0,0.0,0.0,0.0,0.0,0.0,0.0,0.0,0.0,0.0,0.0,0.0,0.0,12086.0,25922.0,12086.0,0.0,0
AXL,IDH_WT,tumor,cycling_tumor,0.0,1.0,0.0,0.0,0.0,0.0,0.0,0.0,0.0,0.0,0.0,0.0,0.0,0.0,0.0,0.0,0.0,0.0,0.0,0.0,0.0,0.0,0.0,0.0,0.0,0.0,0.0,0.0,0.0,0.0,0.0,0.0,0.0,0.0,0.0,6410.0,814.0,814.0,0.0,0
BSG,IDH_Mutant,tumor,AC_like_tumor,0.0,1.0,6.0,0.0,6.0,1.0,0.0,6.0,6.0,0.025150494375411853,0.027815192477311,0.15090296625247113,0.0,0.025150494375411853,0.0,0.025150494375411853,0.025150494375411853,1.0,1.0,4.0,1.0,2.0,4.0,0.0,0.0,0.0,0.0,0.0,0.0,0.0,0.0,0.0,0.0,0.0,0.0,72549.0,446.0,446.0,0.0,0
BSG,IDH_Mutant,tumor,OPC_GABA_AC_like_tumor,0.0,1.0,11.0,0.0,11.0,2.0,0.0,11.0,11.0,0.030268695875044747,0.0364716239047509,0.3329556546254922,0.0,0.030268695875044747,0.0,0.030268695875044747,0.030268695875044747,1.0,1.0,7.0,1.0,5.0,6.0,1.0,0.5692270483188733,0.5692270483188733,1.0,0.0,1.3611990434991594,67.82449725776965,0.247,0.111,-0.136,1.0,1.3234847186944911,6202.0,1012.0,1012.0,0.0,0
BSG,IDH_Mutant,tumor,OPC_GABA_like_tumor,0.0,1.0,26.0,0.0,26.0,4.0,13.0,13.0,0.0,0.028620767883067635,0.0371646066923417,0.7441399649597585,0.0,0.028620767883067635,0.02796249041227291,0.029279045353862363,0.0013165549415894533,1.0,1.0,7.0,1.0,13.0,13.0,0.0,0.0,0.0,0.0,0.0,0.0,0.0,0.0,0.0,0.0,0.0,1.0060499171543125,6741.0,14114.0,6741.0,0.0,0
BSG,IDH_Mutant,T_cell,T cell,0.0,1.0,0.0,0.0,0.0,0.0,0.0,0.0,0.0,0.0,0.0,0.0,0.0,0.0,0.0,0.0,0.0,0.0,0.0,0.0,0.0,0.0,0.0,0.0,0.0,0.0,0.0,0.0,0.0,0.0,0.0,0.0,0.0,0.0,0.0,2662.0,1463.0,1463.0,0.0,0
BSG,IDH_Mutant,TAM_microglia,TAM1/TAM2/microglia,0.0,1.0,0.0,0.0,0.0,0.0,0.0,0.0,0.0,0.0,0.0,0.0,0.0,0.0,0.0,0.0,0.0,0.0,0.0,0.0,0.0,0.0,0.0,0.0,0.0,0.0,0.0,0.0,0.0,0.0,0.0,0.0,0.0,0.0,0.0,12086.0,25922.0,12086.0,0.0,0
BSG,IDH_Mutant,tumor,cycling_tumor,0.0,1.0,13.0,0.0,13.0,2.0,0.0,13.0,13.0,0.10899925749619777,0.1356608701322122,1.416990347450571,0.0,0.10899925749619777,0.0,0.10899925749619777,0.10899925749619777,1.0,1.0,7.0,1.0,6.0,7.0,0.0,0.0,0.0,0.0,0.0,0.0,0.0,0.0,0.0,0.0,0.0,1.634504647128292,6410.0,814.0,814.0,0.0,0
BSG,IDH_WT,tumor,AC_like_tumor,0.0,1.0,6.0,0.0,6.0,1.0,0.0,6.0,6.0,0.025150494375411853,0.027815192477311,0.15090296625247113,0.0,0.025150494375411853,0.0,0.025150494375411853,0.025150494375411853,1.0,1.0,4.0,1.0,2.0,4.0,0.0,0.0,0.0,0.0,0.0,0.0,0.0,0.0,0.0,0.0,0.0,0.0,72549.0,446.0,446.0,0.0,0
BSG,IDH_WT,tumor,OPC_GABA_AC_like_tumor,0.0,1.0,11.0,0.0,11.0,2.0,0.0,11.0,11.0,0.030268695875044747,0.0364716239047509,0.3329556546254922,0.0,0.030268695875044747,0.0,0.030268695875044747,0.030268695875044747,1.0,1.0,7.0,1.0,5.0,6.0,1.0,1.3234847186944911,1.3234847186944911,1.0,0.0,14.531889683304207,3.0783078307830785,0.503,0.203,-0.3,1.0,0.5692270483188733,6202.0,1012.0,1012.0,0.0,0
BSG,IDH_WT,tumor,OPC_GABA_like_tumor,0.0,1.0,26.0,0.0,26.0,4.0,13.0,13.0,0.0,0.028620767883067635,0.0371646066923417,0.7441399649597585,0.0,0.028620767883067635,0.02796249041227291,0.029279045353862363,0.0013165549415894533,1.0,1.0,7.0,1.0,13.0,13.0,1.0,1.0060499171543125,1.0060499171543125,1.0,0.0,184.95248526242392,27.741935483870968,0.777,0.317,-0.46,0.0,0.0,6741.0,14114.0,6741.0,0.0,0
BSG,IDH_WT,T_cell,T cell,0.0,1.0,0.0,0.0,0.0,0.0,0.0,0.0,0.0,0.0,0.0,0.0,0.0,0.0,0.0,0.0,0.0,0.0,0.0,0.0,0.0,0.0,0.0,0.0,0.0,0.0,0.0,0.0,0.0,0.0,0.0,0.0,0.0,0.0,0.0,2662.0,1463.0,1463.0,0.0,0
BSG,IDH_WT,TAM_microglia,TAM1/TAM2/microglia,0.0,1.0,0.0,0.0,0.0,0.0,0.0,0.0,0.0,0.0,0.0,0.0,0.0,0.0,0.0,0.0,0.0,0.0,0.0,0.0,0.0,0.0,0.0,0.0,0.0,0.0,0.0,0.0,0.0,0.0,0.0,0.0,0.0,0.0,0.0,12086.0,25922.0,12086.0,0.0,0
BSG,IDH_WT,tumor,cycling_tumor,0.0,1.0,13.0,0.0,13.0,2.0,0.0,13.0,13.0,0.10899925749619777,0.1356608701322122,1.416990347450571,0.0,0.10899925749619777,0.0,0.10899925749619777,0.10899925749619777,1.0,1.0,7.0,1.0,6.0,7.0,1.0,1.634504647128292,1.634504647128292,1.0,0.0,200.83427001293353,10.184331797235023,0.851,0.25,-0.601,0.0,0.0,6410.0,814.0,814.0,0.0,0
C3,IDH_Mutant,tumor,AC_like_tumor,1.0,0.0,0.0,0.0,0.0,0.0,0.0,0.0,0.0,0.0,0.0,0.0,0.0,0.0,0.0,0.0,0.0,0.0,0.0,0.0,0.0,0.0,0.0,0.0,0.0,0.0,0.0,0.0,0.0,0.0,0.0,0.0,0.0,0.0,0.0,72549.0,446.0,446.0,0.0,0
C3,IDH_Mutant,tumor,OPC_GABA_AC_like_tumor,1.0,0.0,0.0,0.0,0.0,0.0,0.0,0.0,0.0,0.0,0.0,0.0,0.0,0.0,0.0,0.0,0.0,0.0,0.0,0.0,0.0,0.0,0.0,1.0,-3.2271467093959534,3.2271467093959534,0.0,1.0,6.20874983405437,67.82449725776965,0.019,0.111,0.092,0.0,0.0,6202.0,1012.0,1012.0,0.0,0
C3,IDH_Mutant,tumor,OPC_GABA_like_tumor,1.0,0.0,0.0,0.0,0.0,0.0,0.0,0.0,0.0,0.0,0.0,0.0,0.0,0.0,0.0,0.0,0.0,0.0,0.0,0.0,0.0,0.0,0.0,0.0,0.0,0.0,0.0,0.0,0.0,0.0,0.0,0.0,0.0,0.0,0.0,6741.0,14114.0,6741.0,0.0,0
C3,IDH_Mutant,T_cell,T cell,1.0,0.0,0.0,0.0,0.0,0.0,0.0,0.0,0.0,0.0,0.0,0.0,0.0,0.0,0.0,0.0,0.0,0.0,0.0,0.0,0.0,0.0,0.0,0.0,0.0,0.0,0.0,0.0,0.0,0.0,0.0,0.0,0.0,0.0,0.0,2662.0,1463.0,1463.0,0.0,0
C3,IDH_Mutant,TAM_microglia,TAM1/TAM2/microglia,1.0,0.0,6.0,6.0,0.0,6.0,3.0,3.0,0.0,0.04598645097470667,0.0977093082783739,0.27591870584824,0.04598645097470667,0.0,0.03568890984691883,0.0562839921024945,0.020595082255575665,1.0,3.0,1.0,1.0,3.0,3.0,0.0,0.0,0.0,0.0,0.0,0.0,0.0,0.0,0.0,0.0,0.0,0.9200044734354852,12086.0,25922.0,12086.0,0.0,0
C3,IDH_Mutant,tumor,cycling_tumor,1.0,0.0,0.0,0.0,0.0,0.0,0.0,0.0,0.0,0.0,0.0,0.0,0.0,0.0,0.0,0.0,0.0,0.0,0.0,0.0,0.0,0.0,0.0,1.0,-5.7893548254696,5.7893548254696,0.0,1.0,16.716723966679133,33.49753694581281,0.051,0.533,0.48200000000000004,1.0,5.515786341867351,6410.0,814.0,814.0,0.0,0
C3,IDH_WT,tumor,AC_like_tumor,1.0,0.0,0.0,0.0,0.0,0.0,0.0,0.0,0.0,0.0,0.0,0.0,0.0,0.0,0.0,0.0,0.0,0.0,0.0,0.0,0.0,0.0,0.0,0.0,0.0,0.0,0.0,0.0,0.0,0.0,0.0,0.0,0.0,0.0,0.0,72549.0,446.0,446.0,0.0,0
C3,IDH_WT,tumor,OPC_GABA_AC_like_tumor,1.0,0.0,0.0,0.0,0.0,0.0,0.0,0.0,0.0,0.0,0.0,0.0,0.0,0.0,0.0,0.0,0.0,0.0,0.0,0.0,0.0,0.0,0.0,0.0,0.0,0.0,0.0,0.0,0.0,0.0,0.0,0.0,0.0,0.0,3.2271467093959534,6202.0,1012.0,1012.0,0.0,0
C3,IDH_WT,tumor,OPC_GABA_like_tumor,1.0,0.0,0.0,0.0,0.0,0.0,0.0,0.0,0.0,0.0,0.0,0.0,0.0,0.0,0.0,0.0,0.0,0.0,0.0,0.0,0.0,0.0,0.0,0.0,0.0,0.0,0.0,0.0,0.0,0.0,0.0,0.0,0.0,0.0,0.0,6741.0,14114.0,6741.0,0.0,0
C3,IDH_WT,T_cell,T cell,1.0,0.0,0.0,0.0,0.0,0.0,0.0,0.0,0.0,0.0,0.0,0.0,0.0,0.0,0.0,0.0,0.0,0.0,0.0,0.0,0.0,0.0,0.0,0.0,0.0,0.0,0.0,0.0,0.0,0.0,0.0,0.0,0.0,0.0,0.0,2662.0,1463.0,1463.0,0.0,0
C3,IDH_WT,TAM_microglia,TAM1/TAM2/microglia,1.0,0.0,6.0,6.0,0.0,6.0,3.0,3.0,0.0,0.04598645097470667,0.0977093082783739,0.27591870584824,0.04598645097470667,0.0,0.03568890984691883,0.0562839921024945,0.020595082255575665,1.0,3.0,1.0,1.0,3.0,3.0,1.0,0.9200044734354852,0.9200044734354852,1.0,0.0,195.78743316022954,22.064142753797928,0.808,0.543,-0.265,0.0,0.0,12086.0,25922.0,12086.0,0.0,0
C3,IDH_WT,tumor,cycling_tumor,1.0,0.0,0.0,0.0,0.0,0.0,0.0,0.0,0.0,0.0,0.0,0.0,0.0,0.0,0.0,0.0,0.0,0.0,0.0,0.0,0.0,0.0,0.0,1.0,-5.515786341867351,5.515786341867351,0.0,1.0,19.951250467066693,10.184331797235023,0.012,0.161,0.149,1.0,5.7893548254696,6410.0,814.0,814.0,0.0,0
C3AR1,IDH_Mutant,tumor,AC_like_tumor,0.0,1.0,0.0,0.0,0.0,0.0,0.0,0.0,0.0,0.0,0.0,0.0,0.0,0.0,0.0,0.0,0.0,0.0,0.0,0.0,0.0,0.0,0.0,0.0,0.0,0.0,0.0,0.0,0.0,0.0,0.0,0.0,0.0,0.0,0.0,72549.0,446.0,446.0,0.0,0
C3AR1,IDH_Mutant,tumor,OPC_GABA_AC_like_tumor,0.0,1.0,0.0,0.0,0.0,0.0,0.0,0.0,0.0,0.0,0.0,0.0,0.0,0.0,0.0,0.0,0.0,0.0,0.0,0.0,0.0,0.0,0.0,0.0,0.0,0.0,0.0,0.0,0.0,0.0,0.0,0.0,0.0,0.0,0.0,6202.0,1012.0,1012.0,0.0,0
C3AR1,IDH_Mutant,tumor,OPC_GABA_like_tumor,0.0,1.0,0.0,0.0,0.0,0.0,0.0,0.0,0.0,0.0,0.0,0.0,0.0,0.0,0.0,0.0,0.0,0.0,0.0,0.0,0.0,0.0,0.0,0.0,0.0,0.0,0.0,0.0,0.0,0.0,0.0,0.0,0.0,0.0,0.0,6741.0,14114.0,6741.0,0.0,0
C3AR1,IDH_Mutant,T_cell,T cell,0.0,1.0,0.0,0.0,0.0,0.0,0.0,0.0,0.0,0.0,0.0,0.0,0.0,0.0,0.0,0.0,0.0,0.0,0.0,0.0,0.0,0.0,0.0,0.0,0.0,0.0,0.0,0.0,0.0,0.0,0.0,0.0,0.0,0.0,0.0,2662.0,1463.0,1463.0,0.0,0
C3AR1,IDH_Mutant,TAM_microglia,TAM1/TAM2/microglia,0.0,1.0,4.0,0.0,4.0,4.0,2.0,2.0,0.0,0.05098393546440894,0.0977093082783739,0.20393574185763577,0.0,0.05098393546440894,0.02182730673618615,0.08014056419263174,0.05831325745644559,1.0,1.0,1.0,1.0,2.0,2.0,1.0,0.893722014349404,0.893722014349404,1.0,0.0,107.45626348949514,91.1538623094048,0.745,0.589,-0.15600000000000003,1.0,0.8191693115065118,12086.0,25922.0,12086.0,0.0,0
C3AR1,IDH_Mutant,tumor,cycling_tumor,0.0,1.0,0.0,0.0,0.0,0.0,0.0,0.0,0.0,0.0,0.0,0.0,0.0,0.0,0.0,0.0,0.0,0.0,0.0,0.0,0.0,0.0,0.0,1.0,-4.2010625640353165,4.2010625640353165,0.0,1.0,3.7295459675818354,33.49753694581281,0.037,0.274,0.23700000000000002,0.0,0.0,6410.0,814.0,814.0,0.0,0
C3AR1,IDH_WT,tumor,AC_like_tumor,0.0,1.0,0.0,0.0,0.0,0.0,0.0,0.0,0.0,0.0,0.0,0.0,0.0,0.0,0.0,0.0,0.0,0.0,0.0,0.0,0.0,0.0,0.0,0.0,0.0,0.0,0.0,0.0,0.0,0.0,0.0,0.0,0.0,0.0,0.0,72549.0,446.0,446.0,0.0,0
C3AR1,IDH_WT,tumor,OPC_GABA_AC_like_tumor,0.0,1.0,0.0,0.0,0.0,0.0,0.0,0.0,0.0,0.0,0.0,0.0,0.0,0.0,0.0,0.0,0.0,0.0,0.0,0.0,0.0,0.0,0.0,0.0,0.0,0.0,0.0,0.0,0.0,0.0,0.0,0.0,0.0,0.0,0.0,6202.0,1012.0,1012.0,0.0,0
C3AR1,IDH_WT,tumor,OPC_GABA_like_tumor,0.0,1.0,0.0,0.0,0.0,0.0,0.0,0.0,0.0,0.0,0.0,0.0,0.0,0.0,0.0,0.0,0.0,0.0,0.0,0.0,0.0,0.0,0.0,0.0,0.0,0.0,0.0,0.0,0.0,0.0,0.0,0.0,0.0,0.0,0.0,6741.0,14114.0,6741.0,0.0,0
C3AR1,IDH_WT,T_cell,T cell,0.0,1.0,0.0,0.0,0.0,0.0,0.0,0.0,0.0,0.0,0.0,0.0,0.0,0.0,0.0,0.0,0.0,0.0,0.0,0.0,0.0,0.0,0.0,0.0,0.0,0.0,0.0,0.0,0.0,0.0,0.0,0.0,0.0,0.0,0.0,2662.0,1463.0,1463.0,0.0,0
C3AR1,IDH_WT,TAM_microglia,TAM1/TAM2/microglia,0.0,1.0,4.0,0.0,4.0,4.0,2.0,2.0,0.0,0.05098393546440894,0.0977093082783739,0.20393574185763577,0.0,0.05098393546440894,0.02182730673618615,0.08014056419263174,0.05831325745644559,1.0,1.0,1.0,1.0,2.0,2.0,1.0,0.8191693115065118,0.8191693115065118,1.0,0.0,93.9981608544624,22.064142753797928,0.574,0.363,-0.21099999999999997,1.0,0.893722014349404,12086.0,25922.0,12086.0,0.0,0
C3AR1,IDH_WT,tumor,cycling_tumor,0.0,1.0,0.0,0.0,0.0,0.0,0.0,0.0,0.0,0.0,0.0,0.0,0.0,0.0,0.0,0.0,0.0,0.0,0.0,0.0,0.0,0.0,0.0,0.0,0.0,0.0,0.0,0.0,0.0,0.0,0.0,0.0,0.0,0.0,4.2010625640353165,6410.0,814.0,814.0,0.0,0
CADM1,IDH_Mutant,tumor,AC_like_tumor,1.0,1.0,7.0,4.0,4.0,1.0,0.0,7.0,7.0,0.0035014016136039002,0.0047318087990022,0.0245098112952273,0.0033035204842957002,0.0033035204842957002,0.0,0.0035014016136039002,0.0035014016136039002,1.0,0.0,3.0,3.0,5.0,2.0,0.0,0.0,0.0,0.0,0.0,0.0,0.0,0.0,0.0,0.0,0.0,0.0,72549.0,446.0,446.0,0.0,0
CADM1,IDH_Mutant,tumor,OPC_GABA_AC_like_tumor,1.0,1.0,0.0,0.0,0.0,0.0,0.0,0.0,0.0,0.0,0.0,0.0,0.0,0.0,0.0,0.0,0.0,0.0,0.0,0.0,0.0,0.0,0.0,0.0,0.0,0.0,0.0,0.0,0.0,0.0,0.0,0.0,0.0,0.0,0.0,6202.0,1012.0,1012.0,0.0,0
CADM1,IDH_Mutant,tumor,OPC_GABA_like_tumor,1.0,1.0,12.0,8.0,8.0,4.0,7.0,7.0,0.0,0.0060249810602351905,0.0116234274434474,0.07229977272282229,0.006223641285348925,0.006223641285348925,0.004468066066698328,0.0076278376701131145,0.0031597716034147865,1.0,0.0,3.0,3.0,6.0,6.0,1.0,0.3166143080291086,0.3166143080291086,1.0,0.0,6.401929440123118,87.62594223449511,0.49,0.408,-0.08200000000000002,0.0,0.0,6741.0,14114.0,6741.0,0.0,0
CADM1,IDH_Mutant,T_cell,T cell,1.0,1.0,0.0,0.0,0.0,0.0,0.0,0.0,0.0,0.0,0.0,0.0,0.0,0.0,0.0,0.0,0.0,0.0,0.0,0.0,0.0,0.0,0.0,0.0,0.0,0.0,0.0,0.0,0.0,0.0,0.0,0.0,0.0,0.0,0.0,2662.0,1463.0,1463.0,0.0,0
CADM1,IDH_Mutant,TAM_microglia,TAM1/TAM2/microglia,1.0,1.0,0.0,0.0,0.0,0.0,0.0,0.0,0.0,0.0,0.0,0.0,0.0,0.0,0.0,0.0,0.0,0.0,0.0,0.0,0.0,0.0,0.0,0.0,0.0,0.0,0.0,0.0,0.0,0.0,0.0,0.0,0.0,0.0,0.8550974990046181,12086.0,25922.0,12086.0,0.0,0
CADM1,IDH_Mutant,tumor,cycling_tumor,1.0,1.0,7.0,4.0,4.0,1.0,0.0,7.0,7.0,0.006741722588283287,0.0099681326072411,0.04719205811798301,0.00696732355166845,0.00696732355166845,0.0,0.006741722588283287,0.006741722588283287,1.0,0.0,3.0,3.0,5.0,2.0,1.0,3.528013664644946,3.528013664644946,1.0,0.0,17.323256391110135,33.49753694581281,0.434,0.044,-0.39,0.0,0.0,6410.0,814.0,814.0,0.0,0
CADM1,IDH_WT,tumor,AC_like_tumor,1.0,1.0,7.0,4.0,4.0,1.0,0.0,7.0,7.0,0.0035014016136039002,0.0047318087990022,0.0245098112952273,0.0033035204842957002,0.0033035204842957002,0.0,0.0035014016136039002,0.0035014016136039002,1.0,0.0,3.0,3.0,5.0,2.0,0.0,0.0,0.0,0.0,0.0,0.0,0.0,0.0,0.0,0.0,0.0,0.0,72549.0,446.0,446.0,0.0,0
CADM1,IDH_WT,tumor,OPC_GABA_AC_like_tumor,1.0,1.0,0.0,0.0,0.0,0.0,0.0,0.0,0.0,0.0,0.0,0.0,0.0,0.0,0.0,0.0,0.0,0.0,0.0,0.0,0.0,0.0,0.0,0.0,0.0,0.0,0.0,0.0,0.0,0.0,0.0,0.0,0.0,0.0,0.0,6202.0,1012.0,1012.0,0.0,0
CADM1,IDH_WT,tumor,OPC_GABA_like_tumor,1.0,1.0,12.0,8.0,8.0,4.0,7.0,7.0,0.0,0.0060249810602351905,0.0116234274434474,0.07229977272282229,0.006223641285348925,0.006223641285348925,0.004468066066698328,0.0076278376701131145,0.0031597716034147865,1.0,0.0,3.0,3.0,6.0,6.0,0.0,0.0,0.0,0.0,0.0,0.0,0.0,0.0,0.0,0.0,0.0,0.3166143080291086,6741.0,14114.0,6741.0,0.0,0
CADM1,IDH_WT,T_cell,T cell,1.0,1.0,0.0,0.0,0.0,0.0,0.0,0.0,0.0,0.0,0.0,0.0,0.0,0.0,0.0,0.0,0.0,0.0,0.0,0.0,0.0,0.0,0.0,0.0,0.0,0.0,0.0,0.0,0.0,0.0,0.0,0.0,0.0,0.0,0.0,2662.0,1463.0,1463.0,0.0,0
CADM1,IDH_WT,TAM_microglia,TAM1/TAM2/microglia,1.0,1.0,0.0,0.0,0.0,0.0,0.0,0.0,0.0,0.0,0.0,0.0,0.0,0.0,0.0,0.0,0.0,0.0,0.0,0.0,0.0,0.0,0.0,1.0,-0.8550974990046181,0.8550974990046181,0.0,1.0,15.726103602900293,22.064142753797928,0.156,0.234,0.07800000000000001,0.0,0.0,12086.0,25922.0,12086.0,0.0,0
CADM1,IDH_WT,tumor,cycling_tumor,1.0,1.0,7.0,4.0,4.0,1.0,0.0,7.0,7.0,0.006741722588283287,0.0099681326072411,0.04719205811798301,0.00696732355166845,0.00696732355166845,0.0,0.006741722588283287,0.006741722588283287,1.0,0.0,3.0,3.0,5.0,2.0,0.0,0.0,0.0,0.0,0.0,0.0,0.0,0.0,0.0,0.0,0.0,3.528013664644946,6410.0,814.0,814.0,0.0,0
CD4,IDH_Mutant,tumor,AC_like_tumor,0.0,1.0,0.0,0.0,0.0,0.0,0.0,0.0,0.0,0.0,0.0,0.0,0.0,0.0,0.0,0.0,0.0,0.0,0.0,0.0,0.0,0.0,0.0,0.0,0.0,0.0,0.0,0.0,0.0,0.0,0.0,0.0,0.0,0.0,0.0,72549.0,446.0,446.0,0.0,0
CD4,IDH_Mutant,tumor,OPC_GABA_AC_like_tumor,0.0,1.0,0.0,0.0,0.0,0.0,0.0,0.0,0.0,0.0,0.0,0.0,0.0,0.0,0.0,0.0,0.0,0.0,0.0,0.0,0.0,0.0,0.0,0.0,0.0,0.0,0.0,0.0,0.0,0.0,0.0,0.0,0.0,0.0,0.0,6202.0,1012.0,1012.0,0.0,0
CD4,IDH_Mutant,tumor,OPC_GABA_like_tumor,0.0,1.0,0.0,0.0,0.0,0.0,0.0,0.0,0.0,0.0,0.0,0.0,0.0,0.0,0.0,0.0,0.0,0.0,0.0,0.0,0.0,0.0,0.0,0.0,0.0,0.0,0.0,0.0,0.0,0.0,0.0,0.0,0.0,0.0,0.0,6741.0,14114.0,6741.0,0.0,0
CD4,IDH_Mutant,T_cell,T cell,0.0,1.0,0.0,0.0,0.0,0.0,0.0,0.0,0.0,0.0,0.0,0.0,0.0,0.0,0.0,0.0,0.0,0.0,0.0,0.0,0.0,0.0,0.0,0.0,0.0,0.0,0.0,0.0,0.0,0.0,0.0,0.0,0.0,0.0,0.0,2662.0,1463.0,1463.0,0.0,1
CD4,IDH_Mutant,TAM_microglia,TAM1/TAM2/microglia,0.0,1.0,88.0,0.0,88.0,36.0,44.0,44.0,0.0,0.007870965558880417,0.0431531889546866,0.6926449691814767,0.0,0.007870965558880417,0.0012379632625481836,0.01450396785521265,0.013266004592664467,1.0,9.0,7.0,1.0,44.0,44.0,0.0,0.0,0.0,0.0,0.0,0.0,0.0,0.0,0.0,0.0,0.0,0.4949366086264276,12086.0,25922.0,12086.0,0.0,0
CD4,IDH_Mutant,tumor,cycling_tumor,0.0,1.0,0.0,0.0,0.0,0.0,0.0,0.0,0.0,0.0,0.0,0.0,0.0,0.0,0.0,0.0,0.0,0.0,0.0,0.0,0.0,0.0,0.0,1.0,-5.401511792661634,5.401511792661634,0.0,1.0,2.188992436607403,33.49753694581281,0.007,0.189,0.182,0.0,0.0,6410.0,814.0,814.0,0.0,0
CD4,IDH_WT,tumor,AC_like_tumor,0.0,1.0,0.0,0.0,0.0,0.0,0.0,0.0,0.0,0.0,0.0,0.0,0.0,0.0,0.0,0.0,0.0,0.0,0.0,0.0,0.0,0.0,0.0,0.0,0.0,0.0,0.0,0.0,0.0,0.0,0.0,0.0,0.0,0.0,0.0,72549.0,446.0,446.0,0.0,0
CD4,IDH_WT,tumor,OPC_GABA_AC_like_tumor,0.0,1.0,0.0,0.0,0.0,0.0,0.0,0.0,0.0,0.0,0.0,0.0,0.0,0.0,0.0,0.0,0.0,0.0,0.0,0.0,0.0,0.0,0.0,0.0,0.0,0.0,0.0,0.0,0.0,0.0,0.0,0.0,0.0,0.0,0.0,6202.0,1012.0,1012.0,0.0,0
CD4,IDH_WT,tumor,OPC_GABA_like_tumor,0.0,1.0,0.0,0.0,0.0,0.0,0.0,0.0,0.0,0.0,0.0,0.0,0.0,0.0,0.0,0.0,0.0,0.0,0.0,0.0,0.0,0.0,0.0,0.0,0.0,0.0,0.0,0.0,0.0,0.0,0.0,0.0,0.0,0.0,0.0,6741.0,14114.0,6741.0,0.0,0
CD4,IDH_WT,T_cell,T cell,0.0,1.0,0.0,0.0,0.0,0.0,0.0,0.0,0.0,0.0,0.0,0.0,0.0,0.0,0.0,0.0,0.0,0.0,0.0,0.0,0.0,0.0,0.0,0.0,0.0,0.0,0.0,0.0,0.0,0.0,0.0,0.0,0.0,0.0,0.0,2662.0,1463.0,1463.0,0.0,1
CD4,IDH_WT,TAM_microglia,TAM1/TAM2/microglia,0.0,1.0,88.0,0.0,88.0,36.0,44.0,44.0,0.0,0.007870965558880417,0.0431531889546866,0.6926449691814767,0.0,0.007870965558880417,0.0012379632625481836,0.01450396785521265,0.013266004592664467,1.0,9.0,7.0,1.0,44.0,44.0,1.0,0.4949366086264276,0.4949366086264276,1.0,0.0,32.26112882942621,22.064142753797928,0.344,0.221,-0.12299999999999997,0.0,0.0,12086.0,25922.0,12086.0,0.0,0
CD4,IDH_WT,tumor,cycling_tumor,0.0,1.0,0.0,0.0,0.0,0.0,0.0,0.0,0.0,0.0,0.0,0.0,0.0,0.0,0.0,0.0,0.0,0.0,0.0,0.0,0.0,0.0,0.0,0.0,0.0,0.0,0.0,0.0,0.0,0.0,0.0,0.0,0.0,0.0,5.401511792661634,6410.0,814.0,814.0,0.0,0
CD44,IDH_Mutant,tumor,AC_like_tumor,0.0,1.0,0.0,0.0,0.0,0.0,0.0,0.0,0.0,0.0,0.0,0.0,0.0,0.0,0.0,0.0,0.0,0.0,0.0,0.0,0.0,0.0,0.0,0.0,0.0,0.0,0.0,0.0,0.0,0.0,0.0,0.0,0.0,0.0,0.0,72549.0,446.0,446.0,0.0,0
CD44,IDH_Mutant,tumor,OPC_GABA_AC_like_tumor,0.0,1.0,0.0,0.0,0.0,0.0,0.0,0.0,0.0,0.0,0.0,0.0,0.0,0.0,0.0,0.0,0.0,0.0,0.0,0.0,0.0,0.0,0.0,0.0,0.0,0.0,0.0,0.0,0.0,0.0,0.0,0.0,0.0,0.0,0.0,6202.0,1012.0,1012.0,0.0,0
CD44,IDH_Mutant,tumor,OPC_GABA_like_tumor,0.0,1.0,0.0,0.0,0.0,0.0,0.0,0.0,0.0,0.0,0.0,0.0,0.0,0.0,0.0,0.0,0.0,0.0,0.0,0.0,0.0,0.0,0.0,1.0,-6.825348049382173,6.825348049382173,0.0,1.0,307.6526555685888,87.62594223449511,0.004,0.298,0.294,1.0,2.247235162422041,6741.0,14114.0,6741.0,0.0,0
CD44,IDH_Mutant,T_cell,T cell,0.0,1.0,48.0,0.0,48.0,8.0,24.0,24.0,0.0,0.01689634513541693,0.0602207357854614,0.8110245665000128,0.0,0.01689634513541693,0.018161731119146825,0.01563095915168704,-0.0025307719674597835,4.0,4.0,7.0,1.0,24.0,24.0,0.0,0.0,0.0,0.0,0.0,0.0,0.0,0.0,0.0,0.0,0.0,0.5177355818729936,2662.0,1463.0,1463.0,0.0,0
CD44,IDH_Mutant,TAM_microglia,TAM1/TAM2/microglia,0.0,1.0,0.0,0.0,0.0,0.0,0.0,0.0,0.0,0.0,0.0,0.0,0.0,0.0,0.0,0.0,0.0,0.0,0.0,0.0,0.0,0.0,0.0,0.0,0.0,0.0,0.0,0.0,0.0,0.0,0.0,0.0,0.0,0.0,1.2385395206382168,12086.0,25922.0,12086.0,0.0,1
CD44,IDH_Mutant,tumor,cycling_tumor,0.0,1.0,0.0,0.0,0.0,0.0,0.0,0.0,0.0,0.0,0.0,0.0,0.0,0.0,0.0,0.0,0.0,0.0,0.0,0.0,0.0,0.0,0.0,0.0,0.0,0.0,0.0,0.0,0.0,0.0,0.0,0.0,0.0,0.0,3.681574892229917,6410.0,814.0,814.0,0.0,0
CD44,IDH_WT,tumor,AC_like_tumor,0.0,1.0,0.0,0.0,0.0,0.0,0.0,0.0,0.0,0.0,0.0,0.0,0.0,0.0,0.0,0.0,0.0,0.0,0.0,0.0,0.0,0.0,0.0,0.0,0.0,0.0,0.0,0.0,0.0,0.0,0.0,0.0,0.0,0.0,0.0,72549.0,446.0,446.0,0.0,0
CD44,IDH_WT,tumor,OPC_GABA_AC_like_tumor,0.0,1.0,0.0,0.0,0.0,0.0,0.0,0.0,0.0,0.0,0.0,0.0,0.0,0.0,0.0,0.0,0.0,0.0,0.0,0.0,0.0,0.0,0.0,0.0,0.0,0.0,0.0,0.0,0.0,0.0,0.0,0.0,0.0,0.0,0.0,6202.0,1012.0,1012.0,0.0,0
CD44,IDH_WT,tumor,OPC_GABA_like_tumor,0.0,1.0,0.0,0.0,0.0,0.0,0.0,0.0,0.0,0.0,0.0,0.0,0.0,0.0,0.0,0.0,0.0,0.0,0.0,0.0,0.0,0.0,0.0,1.0,-2.247235162422041,2.247235162422041,0.0,1.0,9.787569044410544,27.741935483870968,0.049,0.107,0.057999999999999996,1.0,6.825348049382173,6741.0,14114.0,6741.0,0.0,0
CD44,IDH_WT,T_cell,T cell,0.0,1.0,48.0,0.0,48.0,8.0,24.0,24.0,0.0,0.01689634513541693,0.0602207357854614,0.8110245665000128,0.0,0.01689634513541693,0.018161731119146825,0.01563095915168704,-0.0025307719674597835,4.0,4.0,7.0,1.0,24.0,24.0,1.0,-0.5177355818729936,0.5177355818729936,0.0,1.0,4.846343131158478,39.94283672740264,0.28,0.399,0.119,0.0,0.0,2662.0,1463.0,1463.0,0.0,0
CD44,IDH_WT,TAM_microglia,TAM1/TAM2/microglia,0.0,1.0,0.0,0.0,0.0,0.0,0.0,0.0,0.0,0.0,0.0,0.0,0.0,0.0,0.0,0.0,0.0,0.0,0.0,0.0,0.0,0.0,0.0,1.0,-1.2385395206382168,1.2385395206382168,0.0,1.0,40.20401467498641,22.064142753797928,0.15,0.275,0.12500000000000003,0.0,0.0,12086.0,25922.0,12086.0,0.0,1
CD44,IDH_WT,tumor,cycling_tumor,0.0,1.0,0.0,0.0,0.0,0.0,0.0,0.0,0.0,0.0,0.0,0.0,0.0,0.0,0.0,0.0,0.0,0.0,0.0,0.0,0.0,0.0,0.0,1.0,-3.681574892229917,3.681574892229917,0.0,1.0,7.900324204016451,10.184331797235023,0.044,0.139,0.09500000000000001,0.0,0.0,6410.0,814.0,814.0,0.0,0
CD69,IDH_Mutant,tumor,AC_like_tumor,1.0,0.0,0.0,0.0,0.0,0.0,0.0,0.0,0.0,0.0,0.0,0.0,0.0,0.0,0.0,0.0,0.0,0.0,0.0,0.0,0.0,0.0,0.0,0.0,0.0,0.0,0.0,0.0,0.0,0.0,0.0,0.0,0.0,0.0,0.0,72549.0,446.0,446.0,0.0,0
CD69,IDH_Mutant,tumor,OPC_GABA_AC_like_tumor,1.0,0.0,0.0,0.0,0.0,0.0,0.0,0.0,0.0,0.0,0.0,0.0,0.0,0.0,0.0,0.0,0.0,0.0,0.0,0.0,0.0,0.0,0.0,0.0,0.0,0.0,0.0,0.0,0.0,0.0,0.0,0.0,0.0,0.0,0.0,6202.0,1012.0,1012.0,0.0,0
CD69,IDH_Mutant,tumor,OPC_GABA_like_tumor,1.0,0.0,0.0,0.0,0.0,0.0,0.0,0.0,0.0,0.0,0.0,0.0,0.0,0.0,0.0,0.0,0.0,0.0,0.0,0.0,0.0,0.0,0.0,0.0,0.0,0.0,0.0,0.0,0.0,0.0,0.0,0.0,0.0,0.0,0.0,6741.0,14114.0,6741.0,0.0,0
CD69,IDH_Mutant,T_cell,T cell,1.0,0.0,4.0,4.0,0.0,4.0,2.0,2.0,0.0,0.019165476305495574,0.0319079660883083,0.0766619052219823,0.019165476305495574,0.0,0.0287192604778189,0.009611692133172249,-0.01910756834464665,1.0,1.0,1.0,1.0,2.0,2.0,1.0,-0.5267865336035498,0.5267865336035498,0.0,1.0,1.4711407130907908,26.19607843137255,0.716,0.799,0.08300000000000007,1.0,0.9019146998420502,2662.0,1463.0,1463.0,0.0,1
CD69,IDH_Mutant,TAM_microglia,TAM1/TAM2/microglia,1.0,0.0,2.0,2.0,0.0,0.0,0.0,2.0,2.0,0.0049009474620876,0.0054582771010761,0.0098018949241752,0.0049009474620876,0.0,0.0,0.0049009474620876,0.0049009474620876,1.0,1.0,1.0,1.0,1.0,1.0,0.0,0.0,0.0,0.0,0.0,0.0,0.0,0.0,0.0,0.0,0.0,1.0733640866463734,12086.0,25922.0,12086.0,0.0,0
CD69,IDH_Mutant,tumor,cycling_tumor,1.0,0.0,0.0,0.0,0.0,0.0,0.0,0.0,0.0,0.0,0.0,0.0,0.0,0.0,0.0,0.0,0.0,0.0,0.0,0.0,0.0,0.0,0.0,0.0,0.0,0.0,0.0,0.0,0.0,0.0,0.0,0.0,0.0,0.0,0.0,6410.0,814.0,814.0,0.0,0
CD69,IDH_WT,tumor,AC_like_tumor,1.0,0.0,0.0,0.0,0.0,0.0,0.0,0.0,0.0,0.0,0.0,0.0,0.0,0.0,0.0,0.0,0.0,0.0,0.0,0.0,0.0,0.0,0.0,0.0,0.0,0.0,0.0,0.0,0.0,0.0,0.0,0.0,0.0,0.0,0.0,72549.0,446.0,446.0,0.0,0
CD69,IDH_WT,tumor,OPC_GABA_AC_like_tumor,1.0,0.0,0.0,0.0,0.0,0.0,0.0,0.0,0.0,0.0,0.0,0.0,0.0,0.0,0.0,0.0,0.0,0.0,0.0,0.0,0.0,0.0,0.0,0.0,0.0,0.0,0.0,0.0,0.0,0.0,0.0,0.0,0.0,0.0,0.0,6202.0,1012.0,1012.0,0.0,0
CD69,IDH_WT,tumor,OPC_GABA_like_tumor,1.0,0.0,0.0,0.0,0.0,0.0,0.0,0.0,0.0,0.0,0.0,0.0,0.0,0.0,0.0,0.0,0.0,0.0,0.0,0.0,0.0,0.0,0.0,0.0,0.0,0.0,0.0,0.0,0.0,0.0,0.0,0.0,0.0,0.0,0.0,6741.0,14114.0,6741.0,0.0,0
CD69,IDH_WT,T_cell,T cell,1.0,0.0,4.0,4.0,0.0,4.0,2.0,2.0,0.0,0.019165476305495574,0.0319079660883083,0.0766619052219823,0.019165476305495574,0.0,0.0287192604778189,0.009611692133172249,-0.01910756834464665,1.0,1.0,1.0,1.0,2.0,2.0,1.0,-0.9019146998420502,0.9019146998420502,0.0,1.0,16.352325035005265,39.94283672740264,0.389,0.542,0.15300000000000002,1.0,0.5267865336035498,2662.0,1463.0,1463.0,0.0,1
CD69,IDH_WT,TAM_microglia,TAM1/TAM2/microglia,1.0,0.0,2.0,2.0,0.0,0.0,0.0,2.0,2.0,0.0049009474620876,0.0054582771010761,0.0098018949241752,0.0049009474620876,0.0,0.0,0.0049009474620876,0.0049009474620876,1.0,1.0,1.0,1.0,1.0,1.0,1.0,1.0733640866463734,1.0733640866463734,1.0,0.0,83.44111632462776,22.064142753797928,0.365,0.189,-0.176,0.0,0.0,12086.0,25922.0,12086.0,0.0,0
CD69,IDH_WT,tumor,cycling_tumor,1.0,0.0,0.0,0.0,0.0,0.0,0.0,0.0,0.0,0.0,0.0,0.0,0.0,0.0,0.0,0.0,0.0,0.0,0.0,0.0,0.0,0.0,0.0,0.0,0.0,0.0,0.0,0.0,0.0,0.0,0.0,0.0,0.0,0.0,0.0,6410.0,814.0,814.0,0.0,0
CD74,IDH_Mutant,tumor,AC_like_tumor,0.0,1.0,6.0,0.0,6.0,2.0,6.0,0.0,-6.0,0.013996717026047665,0.0223694210384319,0.08398030215628599,0.0,0.013996717026047665,0.013996717026047665,0.0,-0.013996717026047665,1.0,1.0,4.0,1.0,3.0,3.0,0.0,0.0,0.0,0.0,0.0,0.0,0.0,0.0,0.0,0.0,0.0,2.534226072156967,72549.0,446.0,446.0,0.0,0
CD74,IDH_Mutant,tumor,OPC_GABA_AC_like_tumor,0.0,1.0,3.0,0.0,3.0,0.0,3.0,0.0,-3.0,0.013638357598851734,0.0151993918896934,0.0409150727965552,0.0,0.013638357598851734,0.013638357598851734,0.0,-0.013638357598851734,1.0,1.0,2.0,1.0,1.0,2.0,1.0,-3.614543750610336,3.614543750610336,0.0,1.0,23.210025313781884,67.82449725776965,0.049,0.276,0.22700000000000004,1.0,5.750809206703872,6202.0,1012.0,1012.0,0.0,0
CD74,IDH_Mutant,tumor,OPC_GABA_like_tumor,0.0,1.0,0.0,0.0,0.0,0.0,0.0,0.0,0.0,0.0,0.0,0.0,0.0,0.0,0.0,0.0,0.0,0.0,0.0,0.0,0.0,0.0,0.0,1.0,-2.342910580514916,2.342910580514916,0.0,1.0,52.573378704302705,87.62594223449511,0.092,0.218,0.126,1.0,2.952578685908728,6741.0,14114.0,6741.0,0.0,0
CD74,IDH_Mutant,T_cell,T cell,0.0,1.0,50.0,0.0,50.0,8.0,25.0,25.0,0.0,0.015620824906069038,0.0485948380951234,0.7810412453034519,0.0,0.015620824906069038,0.015912234737401727,0.015329415074736348,-0.0005828196626653792,2.0,2.0,6.0,1.0,25.0,25.0,0.0,0.0,0.0,0.0,0.0,0.0,0.0,0.0,0.0,0.0,0.0,0.6546071138404836,2662.0,1463.0,1463.0,0.0,0
CD74,IDH_Mutant,TAM_microglia,TAM1/TAM2/microglia,0.0,1.0,36.0,0.0,36.0,2.0,18.0,18.0,0.0,0.050131935746055345,0.1172844910109071,1.8047496868579924,0.0,0.050131935746055345,0.05209754876805515,0.048166322724055535,-0.0039312260439996125,2.0,2.0,6.0,1.0,18.0,18.0,1.0,-0.6488107755664014,0.6488107755664014,0.0,1.0,154.4193713096651,91.1538623094048,0.961,0.979,0.018000000000000016,0.0,0.0,12086.0,25922.0,12086.0,0.0,1
CD74,IDH_Mutant,tumor,cycling_tumor,0.0,1.0,7.0,0.0,7.0,1.0,7.0,0.0,-7.0,0.03553958875203499,0.0612864457630957,0.2487771212642449,0.0,0.03553958875203499,0.03553958875203499,0.0,-0.03553958875203499,1.0,1.0,4.0,1.0,3.0,4.0,1.0,-5.536727835775332,5.536727835775332,0.0,1.0,28.934841700234518,33.49753694581281,0.162,0.752,0.59,1.0,6.387483746847463,6410.0,814.0,814.0,0.0,0
CD74,IDH_WT,tumor,AC_like_tumor,0.0,1.0,6.0,0.0,6.0,2.0,6.0,0.0,-6.0,0.013996717026047665,0.0223694210384319,0.08398030215628599,0.0,0.013996717026047665,0.013996717026047665,0.0,-0.013996717026047665,1.0,1.0,4.0,1.0,3.0,3.0,1.0,-2.534226072156967,2.534226072156967,0.0,1.0,2.836070694942039,0.166358595194085,0.157,0.389,0.232,0.0,0.0,72549.0,446.0,446.0,0.0,0
CD74,IDH_WT,tumor,OPC_GABA_AC_like_tumor,0.0,1.0,3.0,0.0,3.0,0.0,3.0,0.0,-3.0,0.013638357598851734,0.0151993918896934,0.0409150727965552,0.0,0.013638357598851734,0.013638357598851734,0.0,-0.013638357598851734,1.0,1.0,2.0,1.0,1.0,2.0,1.0,-5.750809206703872,5.750809206703872,0.0,1.0,8.57196556734812,3.0783078307830785,0.012,0.266,0.254,1.0,3.614543750610336,6202.0,1012.0,1012.0,0.0,0
CD74,IDH_WT,tumor,OPC_GABA_like_tumor,0.0,1.0,0.0,0.0,0.0,0.0,0.0,0.0,0.0,0.0,0.0,0.0,0.0,0.0,0.0,0.0,0.0,0.0,0.0,0.0,0.0,0.0,0.0,1.0,-2.952578685908728,2.952578685908728,0.0,1.0,34.839183550101225,27.741935483870968,0.067,0.188,0.121,1.0,2.342910580514916,6741.0,14114.0,6741.0,0.0,0
CD74,IDH_WT,T_cell,T cell,0.0,1.0,50.0,0.0,50.0,8.0,25.0,25.0,0.0,0.015620824906069038,0.0485948380951234,0.7810412453034519,0.0,0.015620824906069038,0.015912234737401727,0.015329415074736348,-0.0005828196626653792,2.0,2.0,6.0,1.0,25.0,25.0,1.0,0.6546071138404836,0.6546071138404836,1.0,0.0,1.950123902297721,39.94283672740264,0.44,0.371,-0.069,0.0,0.0,2662.0,1463.0,1463.0,0.0,0
CD74,IDH_WT,TAM_microglia,TAM1/TAM2/microglia,0.0,1.0,36.0,0.0,36.0,2.0,18.0,18.0,0.0,0.050131935746055345,0.1172844910109071,1.8047496868579924,0.0,0.050131935746055345,0.05209754876805515,0.048166322724055535,-0.0039312260439996125,2.0,2.0,6.0,1.0,18.0,18.0,0.0,0.0,0.0,0.0,0.0,0.0,0.0,0.0,0.0,0.0,0.0,0.6488107755664014,12086.0,25922.0,12086.0,0.0,1
CD74,IDH_WT,tumor,cycling_tumor,0.0,1.0,7.0,0.0,7.0,1.0,7.0,0.0,-7.0,0.03553958875203499,0.0612864457630957,0.2487771212642449,0.0,0.03553958875203499,0.03553958875203499,0.0,-0.03553958875203499,1.0,1.0,4.0,1.0,3.0,4.0,1.0,-6.387483746847463,6.387483746847463,0.0,1.0,121.72889883276908,10.184331797235023,0.057,0.56,0.503,1.0,5.536727835775332,6410.0,814.0,814.0,0.0,0
CD99,IDH_Mutant,tumor,AC_like_tumor,1.0,1.0,0.0,0.0,0.0,0.0,0.0,0.0,0.0,0.0,0.0,0.0,0.0,0.0,0.0,0.0,0.0,0.0,0.0,0.0,0.0,0.0,0.0,1.0,-2.8581028430954847,2.8581028430954847,0.0,1.0,3.7843392613021116,6.244483671668138,0.131,0.266,0.135,0.0,0.0,72549.0,446.0,446.0,0.0,0
CD99,IDH_Mutant,tumor,OPC_GABA_AC_like_tumor,1.0,1.0,0.0,0.0,0.0,0.0,0.0,0.0,0.0,0.0,0.0,0.0,0.0,0.0,0.0,0.0,0.0,0.0,0.0,0.0,0.0,0.0,0.0,0.0,0.0,0.0,0.0,0.0,0.0,0.0,0.0,0.0,0.0,0.0,0.0,6202.0,1012.0,1012.0,0.0,0
CD99,IDH_Mutant,tumor,OPC_GABA_like_tumor,1.0,1.0,10.0,6.0,4.0,0.0,10.0,0.0,-10.0,0.00473842761049317,0.0094000310679316,0.0473842761049317,0.004221500715508533,0.0055138179529701245,0.00473842761049317,0.0,-0.00473842761049317,1.0,2.0,3.0,4.0,4.0,6.0,1.0,-4.965495413104343,4.965495413104343,0.0,1.0,307.6526555685888,87.62594223449511,0.032,0.467,0.43500000000000005,0.0,0.0,6741.0,14114.0,6741.0,0.0,0
CD99,IDH_Mutant,T_cell,T cell,1.0,1.0,28.0,18.0,14.0,4.0,15.0,15.0,0.0,0.006755570501797434,0.0173369733225027,0.18915597405032816,0.006507291845630789,0.007525855632845751,0.007064965241365121,0.0066555101726402804,-0.00040945506872484046,1.0,2.0,4.0,4.0,14.0,14.0,0.0,0.0,0.0,0.0,0.0,0.0,0.0,0.0,0.0,0.0,0.0,0.0,2662.0,1463.0,1463.0,0.0,1
CD99,IDH_Mutant,TAM_microglia,TAM1/TAM2/microglia,1.0,1.0,24.0,16.0,12.0,6.0,11.0,15.0,4.0,0.00957790011109371,0.0335568293583414,0.229869602666249,0.009635976480003432,0.011500049632702384,0.005806279655183182,0.012692185316050427,0.006885905660867245,1.0,2.0,4.0,4.0,12.0,12.0,0.0,0.0,0.0,0.0,0.0,0.0,0.0,0.0,0.0,0.0,0.0,0.0,12086.0,25922.0,12086.0,0.0,0
CD99,IDH_Mutant,tumor,cycling_tumor,1.0,1.0,16.0,10.0,6.0,2.0,8.0,8.0,0.0,0.004668256872639797,0.0093598934920334,0.07469210996223676,0.004035179460107697,0.005723385893526635,0.004275621004230019,0.005060892741049575,0.0007852717368195556,1.0,2.0,3.0,3.0,8.0,8.0,1.0,-3.2447778625322616,3.2447778625322616,0.0,1.0,2.9915981843791757,33.49753694581281,0.096,0.33,0.234,1.0,0.4001546013152632,6410.0,814.0,814.0,0.0,0
CD99,IDH_WT,tumor,AC_like_tumor,1.0,1.0,0.0,0.0,0.0,0.0,0.0,0.0,0.0,0.0,0.0,0.0,0.0,0.0,0.0,0.0,0.0,0.0,0.0,0.0,0.0,0.0,0.0,0.0,0.0,0.0,0.0,0.0,0.0,0.0,0.0,0.0,0.0,0.0,2.8581028430954847,72549.0,446.0,446.0,0.0,0
CD99,IDH_WT,tumor,OPC_GABA_AC_like_tumor,1.0,1.0,0.0,0.0,0.0,0.0,0.0,0.0,0.0,0.0,0.0,0.0,0.0,0.0,0.0,0.0,0.0,0.0,0.0,0.0,0.0,0.0,0.0,0.0,0.0,0.0,0.0,0.0,0.0,0.0,0.0,0.0,0.0,0.0,0.0,6202.0,1012.0,1012.0,0.0,0
CD99,IDH_WT,tumor,OPC_GABA_like_tumor,1.0,1.0,10.0,6.0,4.0,0.0,10.0,0.0,-10.0,0.00473842761049317,0.0094000310679316,0.0473842761049317,0.004221500715508533,0.0055138179529701245,0.00473842761049317,0.0,-0.00473842761049317,1.0,2.0,3.0,4.0,4.0,6.0,0.0,0.0,0.0,0.0,0.0,0.0,0.0,0.0,0.0,0.0,0.0,4.965495413104343,6741.0,14114.0,6741.0,0.0,0
CD99,IDH_WT,T_cell,T cell,1.0,1.0,28.0,18.0,14.0,4.0,15.0,15.0,0.0,0.006755570501797434,0.0173369733225027,0.18915597405032816,0.006507291845630789,0.007525855632845751,0.007064965241365121,0.0066555101726402804,-0.00040945506872484046,1.0,2.0,4.0,4.0,14.0,14.0,0.0,0.0,0.0,0.0,0.0,0.0,0.0,0.0,0.0,0.0,0.0,0.0,2662.0,1463.0,1463.0,0.0,1
CD99,IDH_WT,TAM_microglia,TAM1/TAM2/microglia,1.0,1.0,24.0,16.0,12.0,6.0,11.0,15.0,4.0,0.00957790011109371,0.0335568293583414,0.229869602666249,0.009635976480003432,0.011500049632702384,0.005806279655183182,0.012692185316050427,0.006885905660867245,1.0,2.0,4.0,4.0,12.0,12.0,0.0,0.0,0.0,0.0,0.0,0.0,0.0,0.0,0.0,0.0,0.0,0.0,12086.0,25922.0,12086.0,0.0,0
CD99,IDH_WT,tumor,cycling_tumor,1.0,1.0,16.0,10.0,6.0,2.0,8.0,8.0,0.0,0.004668256872639797,0.0093598934920334,0.07469210996223676,0.004035179460107697,0.005723385893526635,0.004275621004230019,0.005060892741049575,0.0007852717368195556,1.0,2.0,3.0,3.0,8.0,8.0,1.0,-0.4001546013152632,0.4001546013152632,0.0,1.0,20.568767120890698,10.184331797235023,0.572,0.267,-0.30499999999999994,1.0,3.2447778625322616,6410.0,814.0,814.0,0.0,0
CDH2,IDH_Mutant,tumor,AC_like_tumor,1.0,1.0,7.0,4.0,4.0,1.0,0.0,7.0,7.0,0.0022104762461725718,0.0034390918544762,0.015473333723208001,0.00212677993686345,0.00212677993686345,0.0,0.0022104762461725718,0.0022104762461725718,1.0,0.0,3.0,3.0,5.0,2.0,0.0,0.0,0.0,0.0,0.0,0.0,0.0,0.0,0.0,0.0,0.0,0.0,72549.0,446.0,446.0,0.0,0
CDH2,IDH_Mutant,tumor,OPC_GABA_AC_like_tumor,1.0,1.0,0.0,0.0,0.0,0.0,0.0,0.0,0.0,0.0,0.0,0.0,0.0,0.0,0.0,0.0,0.0,0.0,0.0,0.0,0.0,0.0,0.0,0.0,0.0,0.0,0.0,0.0,0.0,0.0,0.0,0.0,0.0,0.0,0.0,6202.0,1012.0,1012.0,0.0,0
CDH2,IDH_Mutant,tumor,OPC_GABA_like_tumor,1.0,1.0,12.0,8.0,8.0,4.0,7.0,7.0,0.0,0.0025722219237523827,0.0044510612440127,0.030866663085028594,0.0024337427361116625,0.0024337427361116625,0.0021985630064289144,0.0027776745862894566,0.0005791115798605422,1.0,0.0,3.0,3.0,6.0,6.0,0.0,0.0,0.0,0.0,0.0,0.0,0.0,0.0,0.0,0.0,0.0,0.0,6741.0,14114.0,6741.0,0.0,0
CDH2,IDH_Mutant,T_cell,T cell,1.0,1.0,0.0,0.0,0.0,0.0,0.0,0.0,0.0,0.0,0.0,0.0,0.0,0.0,0.0,0.0,0.0,0.0,0.0,0.0,0.0,0.0,0.0,0.0,0.0,0.0,0.0,0.0,0.0,0.0,0.0,0.0,0.0,0.0,0.0,2662.0,1463.0,1463.0,0.0,0
CDH2,IDH_Mutant,TAM_microglia,TAM1/TAM2/microglia,1.0,1.0,0.0,0.0,0.0,0.0,0.0,0.0,0.0,0.0,0.0,0.0,0.0,0.0,0.0,0.0,0.0,0.0,0.0,0.0,0.0,0.0,0.0,0.0,0.0,0.0,0.0,0.0,0.0,0.0,0.0,0.0,0.0,0.0,0.0,12086.0,25922.0,12086.0,0.0,0
CDH2,IDH_Mutant,tumor,cycling_tumor,1.0,1.0,7.0,4.0,4.0,1.0,0.0,7.0,7.0,0.004325004714135357,0.0076576511402805,0.0302750329989475,0.0047415855174035,0.0047415855174035,0.0,0.004325004714135357,0.004325004714135357,1.0,0.0,3.0,3.0,5.0,2.0,1.0,2.6981053725906845,2.6981053725906845,1.0,0.0,16.020476888215608,33.49753694581281,0.39,0.03,-0.36,1.0,0.8278787438929278,6410.0,814.0,814.0,0.0,0
CDH2,IDH_WT,tumor,AC_like_tumor,1.0,1.0,7.0,4.0,4.0,1.0,0.0,7.0,7.0,0.0022104762461725718,0.0034390918544762,0.015473333723208001,0.00212677993686345,0.00212677993686345,0.0,0.0022104762461725718,0.0022104762461725718,1.0,0.0,3.0,3.0,5.0,2.0,0.0,0.0,0.0,0.0,0.0,0.0,0.0,0.0,0.0,0.0,0.0,0.0,72549.0,446.0,446.0,0.0,0
CDH2,IDH_WT,tumor,OPC_GABA_AC_like_tumor,1.0,1.0,0.0,0.0,0.0,0.0,0.0,0.0,0.0,0.0,0.0,0.0,0.0,0.0,0.0,0.0,0.0,0.0,0.0,0.0,0.0,0.0,0.0,0.0,0.0,0.0,0.0,0.0,0.0,0.0,0.0,0.0,0.0,0.0,0.0,6202.0,1012.0,1012.0,0.0,0
CDH2,IDH_WT,tumor,OPC_GABA_like_tumor,1.0,1.0,12.0,8.0,8.0,4.0,7.0,7.0,0.0,0.0025722219237523827,0.0044510612440127,0.030866663085028594,0.0024337427361116625,0.0024337427361116625,0.0021985630064289144,0.0027776745862894566,0.0005791115798605422,1.0,0.0,3.0,3.0,6.0,6.0,0.0,0.0,0.0,0.0,0.0,0.0,0.0,0.0,0.0,0.0,0.0,0.0,6741.0,14114.0,6741.0,0.0,0
CDH2,IDH_WT,T_cell,T cell,1.0,1.0,0.0,0.0,0.0,0.0,0.0,0.0,0.0,0.0,0.0,0.0,0.0,0.0,0.0,0.0,0.0,0.0,0.0,0.0,0.0,0.0,0.0,0.0,0.0,0.0,0.0,0.0,0.0,0.0,0.0,0.0,0.0,0.0,0.0,2662.0,1463.0,1463.0,0.0,0
CDH2,IDH_WT,TAM_microglia,TAM1/TAM2/microglia,1.0,1.0,0.0,0.0,0.0,0.0,0.0,0.0,0.0,0.0,0.0,0.0,0.0,0.0,0.0,0.0,0.0,0.0,0.0,0.0,0.0,0.0,0.0,0.0,0.0,0.0,0.0,0.0,0.0,0.0,0.0,0.0,0.0,0.0,0.0,12086.0,25922.0,12086.0,0.0,0
CDH2,IDH_WT,tumor,cycling_tumor,1.0,1.0,7.0,4.0,4.0,1.0,0.0,7.0,7.0,0.004325004714135357,0.0076576511402805,0.0302750329989475,0.0047415855174035,0.0047415855174035,0.0,0.004325004714135357,0.004325004714135357,1.0,0.0,3.0,3.0,5.0,2.0,1.0,0.8278787438929278,0.8278787438929278,1.0,0.0,108.72235858210092,10.184331797235023,0.534,0.135,-0.399,1.0,2.6981053725906845,6410.0,814.0,814.0,0.0,0
CLDN11,IDH_Mutant,tumor,AC_like_tumor,1.0,1.0,0.0,0.0,0.0,0.0,0.0,0.0,0.0,0.0,0.0,0.0,0.0,0.0,0.0,0.0,0.0,0.0,0.0,0.0,0.0,0.0,0.0,0.0,0.0,0.0,0.0,0.0,0.0,0.0,0.0,0.0,0.0,0.0,0.0,72549.0,446.0,446.0,0.0,0
CLDN11,IDH_Mutant,tumor,OPC_GABA_AC_like_tumor,1.0,1.0,0.0,0.0,0.0,0.0,0.0,0.0,0.0,0.0,0.0,0.0,0.0,0.0,0.0,0.0,0.0,0.0,0.0,0.0,0.0,0.0,0.0,0.0,0.0,0.0,0.0,0.0,0.0,0.0,0.0,0.0,0.0,0.0,0.0,6202.0,1012.0,1012.0,0.0,0
CLDN11,IDH_Mutant,tumor,OPC_GABA_like_tumor,1.0,1.0,0.0,0.0,0.0,0.0,0.0,0.0,0.0,0.0,0.0,0.0,0.0,0.0,0.0,0.0,0.0,0.0,0.0,0.0,0.0,0.0,0.0,0.0,0.0,0.0,0.0,0.0,0.0,0.0,0.0,0.0,0.0,0.0,1.0606088887957328,6741.0,14114.0,6741.0,0.0,0
CLDN11,IDH_Mutant,T_cell,T cell,1.0,1.0,0.0,0.0,0.0,0.0,0.0,0.0,0.0,0.0,0.0,0.0,0.0,0.0,0.0,0.0,0.0,0.0,0.0,0.0,0.0,0.0,0.0,0.0,0.0,0.0,0.0,0.0,0.0,0.0,0.0,0.0,0.0,0.0,0.0,2662.0,1463.0,1463.0,0.0,0
CLDN11,IDH_Mutant,TAM_microglia,TAM1/TAM2/microglia,1.0,1.0,0.0,0.0,0.0,0.0,0.0,0.0,0.0,0.0,0.0,0.0,0.0,0.0,0.0,0.0,0.0,0.0,0.0,0.0,0.0,0.0,0.0,0.0,0.0,0.0,0.0,0.0,0.0,0.0,0.0,0.0,0.0,0.0,0.0,12086.0,25922.0,12086.0,0.0,0
CLDN11,IDH_Mutant,tumor,cycling_tumor,1.0,1.0,1.0,1.0,1.0,1.0,0.0,1.0,1.0,0.0009540821944767284,0.0009540821944767284,0.0009540821944767284,0.0009540821944767284,0.0009540821944767284,0.0,0.0009540821944767284,0.0009540821944767284,1.0,0.0,1.0,1.0,1.0,0.0,0.0,0.0,0.0,0.0,0.0,0.0,0.0,0.0,0.0,0.0,0.0,4.00677585319188,6410.0,814.0,814.0,0.0,0
CLDN11,IDH_WT,tumor,AC_like_tumor,1.0,1.0,0.0,0.0,0.0,0.0,0.0,0.0,0.0,0.0,0.0,0.0,0.0,0.0,0.0,0.0,0.0,0.0,0.0,0.0,0.0,0.0,0.0,0.0,0.0,0.0,0.0,0.0,0.0,0.0,0.0,0.0,0.0,0.0,0.0,72549.0,446.0,446.0,0.0,0
CLDN11,IDH_WT,tumor,OPC_GABA_AC_like_tumor,1.0,1.0,0.0,0.0,0.0,0.0,0.0,0.0,0.0,0.0,0.0,0.0,0.0,0.0,0.0,0.0,0.0,0.0,0.0,0.0,0.0,0.0,0.0,0.0,0.0,0.0,0.0,0.0,0.0,0.0,0.0,0.0,0.0,0.0,0.0,6202.0,1012.0,1012.0,0.0,0
CLDN11,IDH_WT,tumor,OPC_GABA_like_tumor,1.0,1.0,0.0,0.0,0.0,0.0,0.0,0.0,0.0,0.0,0.0,0.0,0.0,0.0,0.0,0.0,0.0,0.0,0.0,0.0,0.0,0.0,0.0,1.0,1.0606088887957328,1.0606088887957328,1.0,0.0,57.393290997983975,27.741935483870968,0.228,0.079,-0.14900000000000002,0.0,0.0,6741.0,14114.0,6741.0,0.0,0
CLDN11,IDH_WT,T_cell,T cell,1.0,1.0,0.0,0.0,0.0,0.0,0.0,0.0,0.0,0.0,0.0,0.0,0.0,0.0,0.0,0.0,0.0,0.0,0.0,0.0,0.0,0.0,0.0,0.0,0.0,0.0,0.0,0.0,0.0,0.0,0.0,0.0,0.0,0.0,0.0,2662.0,1463.0,1463.0,0.0,0
CLDN11,IDH_WT,TAM_microglia,TAM1/TAM2/microglia,1.0,1.0,0.0,0.0,0.0,0.0,0.0,0.0,0.0,0.0,0.0,0.0,0.0,0.0,0.0,0.0,0.0,0.0,0.0,0.0,0.0,0.0,0.0,0.0,0.0,0.0,0.0,0.0,0.0,0.0,0.0,0.0,0.0,0.0,0.0,12086.0,25922.0,12086.0,0.0,0
CLDN11,IDH_WT,tumor,cycling_tumor,1.0,1.0,1.0,1.0,1.0,1.0,0.0,1.0,1.0,0.0009540821944767284,0.0009540821944767284,0.0009540821944767284,0.0009540821944767284,0.0009540821944767284,0.0,0.0009540821944767284,0.0009540821944767284,1.0,0.0,1.0,1.0,1.0,0.0,1.0,4.00677585319188,4.00677585319188,1.0,0.0,307.6526555685888,10.184331797235023,0.354,0.015,-0.33899999999999997,0.0,0.0,6410.0,814.0,814.0,0.0,0
CLEC2B,IDH_Mutant,tumor,AC_like_tumor,1.0,0.0,0.0,0.0,0.0,0.0,0.0,0.0,0.0,0.0,0.0,0.0,0.0,0.0,0.0,0.0,0.0,0.0,0.0,0.0,0.0,0.0,0.0,0.0,0.0,0.0,0.0,0.0,0.0,0.0,0.0,0.0,0.0,0.0,0.0,72549.0,446.0,446.0,0.0,0
CLEC2B,IDH_Mutant,tumor,OPC_GABA_AC_like_tumor,1.0,0.0,0.0,0.0,0.0,0.0,0.0,0.0,0.0,0.0,0.0,0.0,0.0,0.0,0.0,0.0,0.0,0.0,0.0,0.0,0.0,0.0,0.0,0.0,0.0,0.0,0.0,0.0,0.0,0.0,0.0,0.0,0.0,0.0,0.0,6202.0,1012.0,1012.0,0.0,0
CLEC2B,IDH_Mutant,tumor,OPC_GABA_like_tumor,1.0,0.0,0.0,0.0,0.0,0.0,0.0,0.0,0.0,0.0,0.0,0.0,0.0,0.0,0.0,0.0,0.0,0.0,0.0,0.0,0.0,0.0,0.0,0.0,0.0,0.0,0.0,0.0,0.0,0.0,0.0,0.0,0.0,0.0,0.0,6741.0,14114.0,6741.0,0.0,0
CLEC2B,IDH_Mutant,T_cell,T cell,1.0,0.0,4.0,4.0,0.0,4.0,2.0,2.0,0.0,0.00826076587006,0.0096511344119366,0.03304306348024,0.00826076587006,0.0,0.0086689926272727,0.0078525391128473,-0.0008164535144253998,1.0,1.0,1.0,1.0,2.0,2.0,0.0,0.0,0.0,0.0,0.0,0.0,0.0,0.0,0.0,0.0,0.0,0.0,2662.0,1463.0,1463.0,0.0,0
CLEC2B,IDH_Mutant,TAM_microglia,TAM1/TAM2/microglia,1.0,0.0,2.0,2.0,0.0,0.0,2.0,0.0,-2.0,0.0061007050888057,0.0067936439601685,0.0122014101776114,0.0061007050888057,0.0,0.0061007050888057,0.0,-0.0061007050888057,1.0,1.0,1.0,1.0,1.0,1.0,1.0,-0.626433295092881,0.626433295092881,0.0,1.0,48.47711645175549,91.1538623094048,0.164,0.309,0.145,1.0,0.8327285231313564,12086.0,25922.0,12086.0,0.0,0
CLEC2B,IDH_Mutant,tumor,cycling_tumor,1.0,0.0,0.0,0.0,0.0,0.0,0.0,0.0,0.0,0.0,0.0,0.0,0.0,0.0,0.0,0.0,0.0,0.0,0.0,0.0,0.0,0.0,0.0,1.0,-7.542738597519156,7.542738597519156,0.0,1.0,3.0280366247551256,33.49753694581281,0.0,0.196,0.196,1.0,7.447999442166703,6410.0,814.0,814.0,0.0,0
CLEC2B,IDH_WT,tumor,AC_like_tumor,1.0,0.0,0.0,0.0,0.0,0.0,0.0,0.0,0.0,0.0,0.0,0.0,0.0,0.0,0.0,0.0,0.0,0.0,0.0,0.0,0.0,0.0,0.0,0.0,0.0,0.0,0.0,0.0,0.0,0.0,0.0,0.0,0.0,0.0,0.0,72549.0,446.0,446.0,0.0,0
CLEC2B,IDH_WT,tumor,OPC_GABA_AC_like_tumor,1.0,0.0,0.0,0.0,0.0,0.0,0.0,0.0,0.0,0.0,0.0,0.0,0.0,0.0,0.0,0.0,0.0,0.0,0.0,0.0,0.0,0.0,0.0,0.0,0.0,0.0,0.0,0.0,0.0,0.0,0.0,0.0,0.0,0.0,0.0,6202.0,1012.0,1012.0,0.0,0
CLEC2B,IDH_WT,tumor,OPC_GABA_like_tumor,1.0,0.0,0.0,0.0,0.0,0.0,0.0,0.0,0.0,0.0,0.0,0.0,0.0,0.0,0.0,0.0,0.0,0.0,0.0,0.0,0.0,0.0,0.0,0.0,0.0,0.0,0.0,0.0,0.0,0.0,0.0,0.0,0.0,0.0,0.0,6741.0,14114.0,6741.0,0.0,0
CLEC2B,IDH_WT,T_cell,T cell,1.0,0.0,4.0,4.0,0.0,4.0,2.0,2.0,0.0,0.00826076587006,0.0096511344119366,0.03304306348024,0.00826076587006,0.0,0.0086689926272727,0.0078525391128473,-0.0008164535144253998,1.0,1.0,1.0,1.0,2.0,2.0,0.0,0.0,0.0,0.0,0.0,0.0,0.0,0.0,0.0,0.0,0.0,0.0,2662.0,1463.0,1463.0,0.0,0
CLEC2B,IDH_WT,TAM_microglia,TAM1/TAM2/microglia,1.0,0.0,2.0,2.0,0.0,0.0,2.0,0.0,-2.0,0.0061007050888057,0.0067936439601685,0.0122014101776114,0.0061007050888057,0.0,0.0061007050888057,0.0,-0.0061007050888057,1.0,1.0,1.0,1.0,1.0,1.0,1.0,-0.8327285231313564,0.8327285231313564,0.0,1.0,28.961802044762376,22.064142753797928,0.303,0.408,0.10499999999999998,1.0,0.626433295092881,12086.0,25922.0,12086.0,0.0,0
CLEC2B,IDH_WT,tumor,cycling_tumor,1.0,0.0,0.0,0.0,0.0,0.0,0.0,0.0,0.0,0.0,0.0,0.0,0.0,0.0,0.0,0.0,0.0,0.0,0.0,0.0,0.0,0.0,0.0,1.0,-7.447999442166703,7.447999442166703,0.0,1.0,18.680394969210795,10.184331797235023,0.005,0.142,0.13699999999999998,1.0,7.542738597519156,6410.0,814.0,814.0,0.0,0
CLEC2D,IDH_Mutant,tumor,AC_like_tumor,1.0,0.0,0.0,0.0,0.0,0.0,0.0,0.0,0.0,0.0,0.0,0.0,0.0,0.0,0.0,0.0,0.0,0.0,0.0,0.0,0.0,0.0,0.0,0.0,0.0,0.0,0.0,0.0,0.0,0.0,0.0,0.0,0.0,0.0,0.0,72549.0,446.0,446.0,0.0,0
CLEC2D,IDH_Mutant,tumor,OPC_GABA_AC_like_tumor,1.0,0.0,0.0,0.0,0.0,0.0,0.0,0.0,0.0,0.0,0.0,0.0,0.0,0.0,0.0,0.0,0.0,0.0,0.0,0.0,0.0,0.0,0.0,0.0,0.0,0.0,0.0,0.0,0.0,0.0,0.0,0.0,0.0,0.0,0.0,6202.0,1012.0,1012.0,0.0,0
CLEC2D,IDH_Mutant,tumor,OPC_GABA_like_tumor,1.0,0.0,0.0,0.0,0.0,0.0,0.0,0.0,0.0,0.0,0.0,0.0,0.0,0.0,0.0,0.0,0.0,0.0,0.0,0.0,0.0,0.0,0.0,0.0,0.0,0.0,0.0,0.0,0.0,0.0,0.0,0.0,0.0,0.0,0.5068661785778048,6741.0,14114.0,6741.0,0.0,0
CLEC2D,IDH_Mutant,T_cell,T cell,1.0,0.0,2.0,2.0,0.0,2.0,2.0,0.0,-2.0,0.0057637704942803,0.0064186582730417,0.0115275409885606,0.0057637704942803,0.0,0.0057637704942803,0.0,-0.0057637704942803,1.0,1.0,1.0,1.0,1.0,1.0,1.0,-1.355669581626439,1.355669581626439,0.0,1.0,7.7936293880574565,26.19607843137255,0.192,0.396,0.20400000000000001,1.0,1.0287148092193548,2662.0,1463.0,1463.0,0.0,0
CLEC2D,IDH_Mutant,TAM_microglia,TAM1/TAM2/microglia,1.0,0.0,0.0,0.0,0.0,0.0,0.0,0.0,0.0,0.0,0.0,0.0,0.0,0.0,0.0,0.0,0.0,0.0,0.0,0.0,0.0,0.0,0.0,0.0,0.0,0.0,0.0,0.0,0.0,0.0,0.0,0.0,0.0,0.0,0.0,12086.0,25922.0,12086.0,0.0,0
CLEC2D,IDH_Mutant,tumor,cycling_tumor,1.0,0.0,0.0,0.0,0.0,0.0,0.0,0.0,0.0,0.0,0.0,0.0,0.0,0.0,0.0,0.0,0.0,0.0,0.0,0.0,0.0,0.0,0.0,0.0,0.0,0.0,0.0,0.0,0.0,0.0,0.0,0.0,0.0,0.0,0.4232851334045273,6410.0,814.0,814.0,0.0,0
CLEC2D,IDH_WT,tumor,AC_like_tumor,1.0,0.0,0.0,0.0,0.0,0.0,0.0,0.0,0.0,0.0,0.0,0.0,0.0,0.0,0.0,0.0,0.0,0.0,0.0,0.0,0.0,0.0,0.0,0.0,0.0,0.0,0.0,0.0,0.0,0.0,0.0,0.0,0.0,0.0,0.0,72549.0,446.0,446.0,0.0,0
CLEC2D,IDH_WT,tumor,OPC_GABA_AC_like_tumor,1.0,0.0,0.0,0.0,0.0,0.0,0.0,0.0,0.0,0.0,0.0,0.0,0.0,0.0,0.0,0.0,0.0,0.0,0.0,0.0,0.0,0.0,0.0,0.0,0.0,0.0,0.0,0.0,0.0,0.0,0.0,0.0,0.0,0.0,0.0,6202.0,1012.0,1012.0,0.0,0
CLEC2D,IDH_WT,tumor,OPC_GABA_like_tumor,1.0,0.0,0.0,0.0,0.0,0.0,0.0,0.0,0.0,0.0,0.0,0.0,0.0,0.0,0.0,0.0,0.0,0.0,0.0,0.0,0.0,0.0,0.0,1.0,0.5068661785778048,0.5068661785778048,1.0,0.0,42.930146994825115,27.741935483870968,0.148,0.044,-0.104,0.0,0.0,6741.0,14114.0,6741.0,0.0,0
CLEC2D,IDH_WT,T_cell,T cell,1.0,0.0,2.0,2.0,0.0,2.0,2.0,0.0,-2.0,0.0057637704942803,0.0064186582730417,0.0115275409885606,0.0057637704942803,0.0,0.0057637704942803,0.0,-0.0057637704942803,1.0,1.0,1.0,1.0,1.0,1.0,1.0,-1.0287148092193548,1.0287148092193548,0.0,1.0,4.532803883123424,39.94283672740264,0.105,0.187,0.082,1.0,1.355669581626439,2662.0,1463.0,1463.0,0.0,0
CLEC2D,IDH_WT,TAM_microglia,TAM1/TAM2/microglia,1.0,0.0,0.0,0.0,0.0,0.0,0.0,0.0,0.0,0.0,0.0,0.0,0.0,0.0,0.0,0.0,0.0,0.0,0.0,0.0,0.0,0.0,0.0,0.0,0.0,0.0,0.0,0.0,0.0,0.0,0.0,0.0,0.0,0.0,0.0,12086.0,25922.0,12086.0,0.0,0
CLEC2D,IDH_WT,tumor,cycling_tumor,1.0,0.0,0.0,0.0,0.0,0.0,0.0,0.0,0.0,0.0,0.0,0.0,0.0,0.0,0.0,0.0,0.0,0.0,0.0,0.0,0.0,0.0,0.0,1.0,0.4232851334045273,0.4232851334045273,1.0,0.0,25.581682812448022,10.184331797235023,0.142,0.037,-0.10499999999999998,0.0,0.0,6410.0,814.0,814.0,0.0,0
CLSTN1,IDH_Mutant,tumor,AC_like_tumor,0.0,1.0,0.0,0.0,0.0,0.0,0.0,0.0,0.0,0.0,0.0,0.0,0.0,0.0,0.0,0.0,0.0,0.0,0.0,0.0,0.0,0.0,0.0,0.0,0.0,0.0,0.0,0.0,0.0,0.0,0.0,0.0,0.0,0.0,0.0,72549.0,446.0,446.0,0.0,0
CLSTN1,IDH_Mutant,tumor,OPC_GABA_AC_like_tumor,0.0,1.0,0.0,0.0,0.0,0.0,0.0,0.0,0.0,0.0,0.0,0.0,0.0,0.0,0.0,0.0,0.0,0.0,0.0,0.0,0.0,0.0,0.0,0.0,0.0,0.0,0.0,0.0,0.0,0.0,0.0,0.0,0.0,0.0,0.0,6202.0,1012.0,1012.0,0.0,0
CLSTN1,IDH_Mutant,tumor,OPC_GABA_like_tumor,0.0,1.0,6.0,0.0,6.0,3.0,0.0,6.0,6.0,0.004119700281260217,0.012676328998952,0.0247182016875613,0.0,0.004119700281260217,0.0,0.004119700281260217,0.004119700281260217,1.0,2.0,4.0,1.0,5.0,1.0,0.0,0.0,0.0,0.0,0.0,0.0,0.0,0.0,0.0,0.0,0.0,0.0,6741.0,14114.0,6741.0,0.0,0
CLSTN1,IDH_Mutant,T_cell,T cell,0.0,1.0,0.0,0.0,0.0,0.0,0.0,0.0,0.0,0.0,0.0,0.0,0.0,0.0,0.0,0.0,0.0,0.0,0.0,0.0,0.0,0.0,0.0,0.0,0.0,0.0,0.0,0.0,0.0,0.0,0.0,0.0,0.0,0.0,0.0,2662.0,1463.0,1463.0,0.0,0
CLSTN1,IDH_Mutant,TAM_microglia,TAM1/TAM2/microglia,0.0,1.0,0.0,0.0,0.0,0.0,0.0,0.0,0.0,0.0,0.0,0.0,0.0,0.0,0.0,0.0,0.0,0.0,0.0,0.0,0.0,0.0,0.0,1.0,0.562912599527329,0.562912599527329,1.0,0.0,4.935691868432048,91.1538623094048,0.132,0.084,-0.048,1.0,0.5704274130975062,12086.0,25922.0,12086.0,0.0,0
CLSTN1,IDH_Mutant,tumor,cycling_tumor,0.0,1.0,6.0,0.0,6.0,1.0,0.0,6.0,6.0,0.002734139854995377,0.0084269247922976,0.016404839129972263,0.0,0.002734139854995377,0.0,0.002734139854995377,0.002734139854995377,1.0,2.0,4.0,1.0,5.0,1.0,0.0,0.0,0.0,0.0,0.0,0.0,0.0,0.0,0.0,0.0,0.0,0.3741938401972891,6410.0,814.0,814.0,0.0,0
CLSTN1,IDH_WT,tumor,AC_like_tumor,0.0,1.0,0.0,0.0,0.0,0.0,0.0,0.0,0.0,0.0,0.0,0.0,0.0,0.0,0.0,0.0,0.0,0.0,0.0,0.0,0.0,0.0,0.0,0.0,0.0,0.0,0.0,0.0,0.0,0.0,0.0,0.0,0.0,0.0,0.0,72549.0,446.0,446.0,0.0,0
CLSTN1,IDH_WT,tumor,OPC_GABA_AC_like_tumor,0.0,1.0,0.0,0.0,0.0,0.0,0.0,0.0,0.0,0.0,0.0,0.0,0.0,0.0,0.0,0.0,0.0,0.0,0.0,0.0,0.0,0.0,0.0,0.0,0.0,0.0,0.0,0.0,0.0,0.0,0.0,0.0,0.0,0.0,0.0,6202.0,1012.0,1012.0,0.0,0
CLSTN1,IDH_WT,tumor,OPC_GABA_like_tumor,0.0,1.0,6.0,0.0,6.0,3.0,0.0,6.0,6.0,0.004119700281260217,0.012676328998952,0.0247182016875613,0.0,0.004119700281260217,0.0,0.004119700281260217,0.004119700281260217,1.0,2.0,4.0,1.0,5.0,1.0,0.0,0.0,0.0,0.0,0.0,0.0,0.0,0.0,0.0,0.0,0.0,0.0,6741.0,14114.0,6741.0,0.0,0
CLSTN1,IDH_WT,T_cell,T cell,0.0,1.0,0.0,0.0,0.0,0.0,0.0,0.0,0.0,0.0,0.0,0.0,0.0,0.0,0.0,0.0,0.0,0.0,0.0,0.0,0.0,0.0,0.0,0.0,0.0,0.0,0.0,0.0,0.0,0.0,0.0,0.0,0.0,0.0,0.0,2662.0,1463.0,1463.0,0.0,0
CLSTN1,IDH_WT,TAM_microglia,TAM1/TAM2/microglia,0.0,1.0,0.0,0.0,0.0,0.0,0.0,0.0,0.0,0.0,0.0,0.0,0.0,0.0,0.0,0.0,0.0,0.0,0.0,0.0,0.0,0.0,0.0,1.0,0.5704274130975062,0.5704274130975062,1.0,0.0,14.513223633066772,22.064142753797928,0.129,0.073,-0.05600000000000001,1.0,0.562912599527329,12086.0,25922.0,12086.0,0.0,0
CLSTN1,IDH_WT,tumor,cycling_tumor,0.0,1.0,6.0,0.0,6.0,1.0,0.0,6.0,6.0,0.002734139854995377,0.0084269247922976,0.016404839129972263,0.0,0.002734139854995377,0.0,0.002734139854995377,0.002734139854995377,1.0,2.0,4.0,1.0,5.0,1.0,1.0,0.3741938401972891,0.3741938401972891,1.0,0.0,42.137859847371836,10.184331797235023,0.314,0.101,-0.213,0.0,0.0,6410.0,814.0,814.0,0.0,0
CNTN1,IDH_Mutant,tumor,AC_like_tumor,1.0,0.0,0.0,0.0,0.0,0.0,0.0,0.0,0.0,0.0,0.0,0.0,0.0,0.0,0.0,0.0,0.0,0.0,0.0,0.0,0.0,0.0,0.0,0.0,0.0,0.0,0.0,0.0,0.0,0.0,0.0,0.0,0.0,0.0,1.794278055377577,72549.0,446.0,446.0,0.0,1
CNTN1,IDH_Mutant,tumor,OPC_GABA_AC_like_tumor,1.0,0.0,0.0,0.0,0.0,0.0,0.0,0.0,0.0,0.0,0.0,0.0,0.0,0.0,0.0,0.0,0.0,0.0,0.0,0.0,0.0,0.0,0.0,0.0,0.0,0.0,0.0,0.0,0.0,0.0,0.0,0.0,0.0,0.0,3.2457320655466555,6202.0,1012.0,1012.0,0.0,1
CNTN1,IDH_Mutant,tumor,OPC_GABA_like_tumor,1.0,0.0,8.0,8.0,0.0,3.0,0.0,8.0,8.0,0.00413992983265115,0.0122804136302003,0.0331194386612092,0.00413992983265115,0.0,0.0,0.00413992983265115,0.00413992983265115,1.0,2.0,1.0,4.0,6.0,2.0,1.0,-0.854435922059237,0.854435922059237,0.0,1.0,47.18491590991191,87.62594223449511,0.223,0.395,0.17200000000000001,0.0,2.582221557836003,6741.0,14114.0,6741.0,0.0,1
CNTN1,IDH_Mutant,T_cell,T cell,1.0,0.0,0.0,0.0,0.0,0.0,0.0,0.0,0.0,0.0,0.0,0.0,0.0,0.0,0.0,0.0,0.0,0.0,0.0,0.0,0.0,0.0,0.0,0.0,0.0,0.0,0.0,0.0,0.0,0.0,0.0,0.0,0.0,0.0,0.0,2662.0,1463.0,1463.0,0.0,0
CNTN1,IDH_Mutant,TAM_microglia,TAM1/TAM2/microglia,1.0,0.0,0.0,0.0,0.0,0.0,0.0,0.0,0.0,0.0,0.0,0.0,0.0,0.0,0.0,0.0,0.0,0.0,0.0,0.0,0.0,0.0,0.0,0.0,0.0,0.0,0.0,0.0,0.0,0.0,0.0,0.0,0.0,0.0,0.0,12086.0,25922.0,12086.0,0.0,0
CNTN1,IDH_Mutant,tumor,cycling_tumor,1.0,0.0,8.0,8.0,0.0,2.0,0.0,8.0,8.0,0.003926612890837995,0.0116509341895663,0.03141290312670396,0.003926612890837995,0.0,0.0,0.003926612890837995,0.003926612890837995,1.0,2.0,1.0,4.0,6.0,2.0,1.0,2.3951382460271518,2.3951382460271518,1.0,0.0,11.256414135215593,33.49753694581281,0.272,0.011,-0.261,1.0,4.193702883339663,6410.0,814.0,814.0,0.0,1
CNTN1,IDH_WT,tumor,AC_like_tumor,1.0,0.0,0.0,0.0,0.0,0.0,0.0,0.0,0.0,0.0,0.0,0.0,0.0,0.0,0.0,0.0,0.0,0.0,0.0,0.0,0.0,0.0,0.0,1.0,1.794278055377577,1.794278055377577,1.0,0.0,3.7547594681386682,0.166358595194085,0.13,0.031,-0.099,0.0,0.0,72549.0,446.0,446.0,0.0,1
CNTN1,IDH_WT,tumor,OPC_GABA_AC_like_tumor,1.0,0.0,0.0,0.0,0.0,0.0,0.0,0.0,0.0,0.0,0.0,0.0,0.0,0.0,0.0,0.0,0.0,0.0,0.0,0.0,0.0,0.0,0.0,1.0,3.2457320655466555,3.2457320655466555,1.0,0.0,52.87836963837663,3.0783078307830785,0.216,0.019,-0.197,0.0,0.0,6202.0,1012.0,1012.0,0.0,1
CNTN1,IDH_WT,tumor,OPC_GABA_like_tumor,1.0,0.0,8.0,8.0,0.0,3.0,0.0,8.0,8.0,0.00413992983265115,0.0122804136302003,0.0331194386612092,0.00413992983265115,0.0,0.0,0.00413992983265115,0.00413992983265115,1.0,2.0,1.0,4.0,6.0,2.0,1.0,2.582221557836003,2.582221557836003,1.0,0.0,307.6526555685888,27.741935483870968,0.575,0.089,-0.486,0.0,0.854435922059237,6741.0,14114.0,6741.0,0.0,1
CNTN1,IDH_WT,T_cell,T cell,1.0,0.0,0.0,0.0,0.0,0.0,0.0,0.0,0.0,0.0,0.0,0.0,0.0,0.0,0.0,0.0,0.0,0.0,0.0,0.0,0.0,0.0,0.0,0.0,0.0,0.0,0.0,0.0,0.0,0.0,0.0,0.0,0.0,0.0,0.0,2662.0,1463.0,1463.0,0.0,0
CNTN1,IDH_WT,TAM_microglia,TAM1/TAM2/microglia,1.0,0.0,0.0,0.0,0.0,0.0,0.0,0.0,0.0,0.0,0.0,0.0,0.0,0.0,0.0,0.0,0.0,0.0,0.0,0.0,0.0,0.0,0.0,0.0,0.0,0.0,0.0,0.0,0.0,0.0,0.0,0.0,0.0,0.0,0.0,12086.0,25922.0,12086.0,0.0,0
CNTN1,IDH_WT,tumor,cycling_tumor,1.0,0.0,8.0,8.0,0.0,2.0,0.0,8.0,8.0,0.003926612890837995,0.0116509341895663,0.03141290312670396,0.003926612890837995,0.0,0.0,0.003926612890837995,0.003926612890837995,1.0,2.0,1.0,4.0,6.0,2.0,1.0,4.193702883339663,4.193702883339663,1.0,0.0,307.6526555685888,10.184331797235023,0.428,0.015,-0.413,1.0,2.3951382460271518,6410.0,814.0,814.0,0.0,1
COL9A1,IDH_Mutant,tumor,AC_like_tumor,1.0,0.0,0.0,0.0,0.0,0.0,0.0,0.0,0.0,0.0,0.0,0.0,0.0,0.0,0.0,0.0,0.0,0.0,0.0,0.0,0.0,0.0,0.0,0.0,0.0,0.0,0.0,0.0,0.0,0.0,0.0,0.0,0.0,0.0,0.0,72549.0,446.0,446.0,0.0,0
COL9A1,IDH_Mutant,tumor,OPC_GABA_AC_like_tumor,1.0,0.0,0.0,0.0,0.0,0.0,0.0,0.0,0.0,0.0,0.0,0.0,0.0,0.0,0.0,0.0,0.0,0.0,0.0,0.0,0.0,0.0,0.0,0.0,0.0,0.0,0.0,0.0,0.0,0.0,0.0,0.0,0.0,0.0,0.0,6202.0,1012.0,1012.0,0.0,0
COL9A1,IDH_Mutant,tumor,OPC_GABA_like_tumor,1.0,0.0,0.0,0.0,0.0,0.0,0.0,0.0,0.0,0.0,0.0,0.0,0.0,0.0,0.0,0.0,0.0,0.0,0.0,0.0,0.0,0.0,0.0,0.0,0.0,0.0,0.0,0.0,0.0,0.0,0.0,0.0,0.0,0.0,3.3090813573742643,6741.0,14114.0,6741.0,0.0,0
COL9A1,IDH_Mutant,T_cell,T cell,1.0,0.0,0.0,0.0,0.0,0.0,0.0,0.0,0.0,0.0,0.0,0.0,0.0,0.0,0.0,0.0,0.0,0.0,0.0,0.0,0.0,0.0,0.0,0.0,0.0,0.0,0.0,0.0,0.0,0.0,0.0,0.0,0.0,0.0,0.0,2662.0,1463.0,1463.0,0.0,0
COL9A1,IDH_Mutant,TAM_microglia,TAM1/TAM2/microglia,1.0,0.0,0.0,0.0,0.0,0.0,0.0,0.0,0.0,0.0,0.0,0.0,0.0,0.0,0.0,0.0,0.0,0.0,0.0,0.0,0.0,0.0,0.0,0.0,0.0,0.0,0.0,0.0,0.0,0.0,0.0,0.0,0.0,0.0,0.0,12086.0,25922.0,12086.0,0.0,0
COL9A1,IDH_Mutant,tumor,cycling_tumor,1.0,0.0,5.0,5.0,0.0,1.0,0.0,5.0,5.0,0.00177275463141162,0.0026257015067272,0.0088637731570581,0.00177275463141162,0.0,0.0,0.00177275463141162,0.00177275463141162,1.0,3.0,1.0,3.0,3.0,2.0,0.0,0.0,0.0,0.0,0.0,0.0,0.0,0.0,0.0,0.0,0.0,4.55887403212976,6410.0,814.0,814.0,0.0,0
COL9A1,IDH_WT,tumor,AC_like_tumor,1.0,0.0,0.0,0.0,0.0,0.0,0.0,0.0,0.0,0.0,0.0,0.0,0.0,0.0,0.0,0.0,0.0,0.0,0.0,0.0,0.0,0.0,0.0,0.0,0.0,0.0,0.0,0.0,0.0,0.0,0.0,0.0,0.0,0.0,0.0,72549.0,446.0,446.0,0.0,0
COL9A1,IDH_WT,tumor,OPC_GABA_AC_like_tumor,1.0,0.0,0.0,0.0,0.0,0.0,0.0,0.0,0.0,0.0,0.0,0.0,0.0,0.0,0.0,0.0,0.0,0.0,0.0,0.0,0.0,0.0,0.0,0.0,0.0,0.0,0.0,0.0,0.0,0.0,0.0,0.0,0.0,0.0,0.0,6202.0,1012.0,1012.0,0.0,0
COL9A1,IDH_WT,tumor,OPC_GABA_like_tumor,1.0,0.0,0.0,0.0,0.0,0.0,0.0,0.0,0.0,0.0,0.0,0.0,0.0,0.0,0.0,0.0,0.0,0.0,0.0,0.0,0.0,0.0,0.0,1.0,3.3090813573742643,3.3090813573742643,1.0,0.0,207.37671229646364,27.741935483870968,0.281,0.031,-0.25,0.0,0.0,6741.0,14114.0,6741.0,0.0,0
COL9A1,IDH_WT,T_cell,T cell,1.0,0.0,0.0,0.0,0.0,0.0,0.0,0.0,0.0,0.0,0.0,0.0,0.0,0.0,0.0,0.0,0.0,0.0,0.0,0.0,0.0,0.0,0.0,0.0,0.0,0.0,0.0,0.0,0.0,0.0,0.0,0.0,0.0,0.0,0.0,2662.0,1463.0,1463.0,0.0,0
COL9A1,IDH_WT,TAM_microglia,TAM1/TAM2/microglia,1.0,0.0,0.0,0.0,0.0,0.0,0.0,0.0,0.0,0.0,0.0,0.0,0.0,0.0,0.0,0.0,0.0,0.0,0.0,0.0,0.0,0.0,0.0,0.0,0.0,0.0,0.0,0.0,0.0,0.0,0.0,0.0,0.0,0.0,0.0,12086.0,25922.0,12086.0,0.0,0
COL9A1,IDH_WT,tumor,cycling_tumor,1.0,0.0,5.0,5.0,0.0,1.0,0.0,5.0,5.0,0.00177275463141162,0.0026257015067272,0.0088637731570581,0.00177275463141162,0.0,0.0,0.00177275463141162,0.00177275463141162,1.0,3.0,1.0,3.0,3.0,2.0,1.0,4.55887403212976,4.55887403212976,1.0,0.0,307.6526555685888,10.184331797235023,0.341,0.011,-0.33,0.0,0.0,6410.0,814.0,814.0,0.0,0
CXCR4,IDH_Mutant,tumor,AC_like_tumor,0.0,1.0,0.0,0.0,0.0,0.0,0.0,0.0,0.0,0.0,0.0,0.0,0.0,0.0,0.0,0.0,0.0,0.0,0.0,0.0,0.0,0.0,0.0,0.0,0.0,0.0,0.0,0.0,0.0,0.0,0.0,0.0,0.0,0.0,0.0,72549.0,446.0,446.0,0.0,0
CXCR4,IDH_Mutant,tumor,OPC_GABA_AC_like_tumor,0.0,1.0,0.0,0.0,0.0,0.0,0.0,0.0,0.0,0.0,0.0,0.0,0.0,0.0,0.0,0.0,0.0,0.0,0.0,0.0,0.0,0.0,0.0,0.0,0.0,0.0,0.0,0.0,0.0,0.0,0.0,0.0,0.0,0.0,0.0,6202.0,1012.0,1012.0,0.0,0
CXCR4,IDH_Mutant,tumor,OPC_GABA_like_tumor,0.0,1.0,0.0,0.0,0.0,0.0,0.0,0.0,0.0,0.0,0.0,0.0,0.0,0.0,0.0,0.0,0.0,0.0,0.0,0.0,0.0,0.0,0.0,0.0,0.0,0.0,0.0,0.0,0.0,0.0,0.0,0.0,0.0,0.0,0.0,6741.0,14114.0,6741.0,0.0,0
CXCR4,IDH_Mutant,T_cell,T cell,0.0,1.0,22.0,0.0,22.0,4.0,11.0,11.0,0.0,0.020411046457200897,0.0485948380951234,0.4490430220584197,0.0,0.020411046457200897,0.021393340124592816,0.019428752789808976,-0.00196458733478384,1.0,1.0,6.0,1.0,11.0,11.0,1.0,-0.4630383510607161,0.4630383510607161,0.0,1.0,4.7046834136164355,26.19607843137255,0.823,0.905,0.08200000000000007,1.0,0.7068557756501592,2662.0,1463.0,1463.0,0.0,0
CXCR4,IDH_Mutant,TAM_microglia,TAM1/TAM2/microglia,0.0,1.0,22.0,0.0,22.0,2.0,11.0,11.0,0.0,0.03878429271831301,0.0917041673934359,0.8532544398028863,0.0,0.03878429271831301,0.04122266520645066,0.036345920230175376,-0.004876744976275285,1.0,1.0,6.0,1.0,11.0,11.0,1.0,-0.4659316323543718,0.4659316323543718,0.0,1.0,44.34663990905859,91.1538623094048,0.499,0.658,0.15900000000000003,0.0,0.0,12086.0,25922.0,12086.0,0.0,1
CXCR4,IDH_Mutant,tumor,cycling_tumor,0.0,1.0,0.0,0.0,0.0,0.0,0.0,0.0,0.0,0.0,0.0,0.0,0.0,0.0,0.0,0.0,0.0,0.0,0.0,0.0,0.0,0.0,0.0,1.0,-5.197459349206778,5.197459349206778,0.0,1.0,3.432866052814531,33.49753694581281,0.015,0.233,0.21800000000000003,1.0,3.752771544044781,6410.0,814.0,814.0,0.0,0
CXCR4,IDH_WT,tumor,AC_like_tumor,0.0,1.0,0.0,0.0,0.0,0.0,0.0,0.0,0.0,0.0,0.0,0.0,0.0,0.0,0.0,0.0,0.0,0.0,0.0,0.0,0.0,0.0,0.0,0.0,0.0,0.0,0.0,0.0,0.0,0.0,0.0,0.0,0.0,0.0,0.0,72549.0,446.0,446.0,0.0,0
CXCR4,IDH_WT,tumor,OPC_GABA_AC_like_tumor,0.0,1.0,0.0,0.0,0.0,0.0,0.0,0.0,0.0,0.0,0.0,0.0,0.0,0.0,0.0,0.0,0.0,0.0,0.0,0.0,0.0,0.0,0.0,0.0,0.0,0.0,0.0,0.0,0.0,0.0,0.0,0.0,0.0,0.0,0.0,6202.0,1012.0,1012.0,0.0,0
CXCR4,IDH_WT,tumor,OPC_GABA_like_tumor,0.0,1.0,0.0,0.0,0.0,0.0,0.0,0.0,0.0,0.0,0.0,0.0,0.0,0.0,0.0,0.0,0.0,0.0,0.0,0.0,0.0,0.0,0.0,0.0,0.0,0.0,0.0,0.0,0.0,0.0,0.0,0.0,0.0,0.0,0.0,6741.0,14114.0,6741.0,0.0,0
CXCR4,IDH_WT,T_cell,T cell,0.0,1.0,22.0,0.0,22.0,4.0,11.0,11.0,0.0,0.020411046457200897,0.0485948380951234,0.4490430220584197,0.0,0.020411046457200897,0.021393340124592816,0.019428752789808976,-0.00196458733478384,1.0,1.0,6.0,1.0,11.0,11.0,1.0,-0.7068557756501592,0.7068557756501592,0.0,1.0,17.379151935254022,39.94283672740264,0.515,0.663,0.14800000000000002,1.0,0.4630383510607161,2662.0,1463.0,1463.0,0.0,0
CXCR4,IDH_WT,TAM_microglia,TAM1/TAM2/microglia,0.0,1.0,22.0,0.0,22.0,2.0,11.0,11.0,0.0,0.03878429271831301,0.0917041673934359,0.8532544398028863,0.0,0.03878429271831301,0.04122266520645066,0.036345920230175376,-0.004876744976275285,1.0,1.0,6.0,1.0,11.0,11.0,0.0,0.0,0.0,0.0,0.0,0.0,0.0,0.0,0.0,0.0,0.0,0.4659316323543718,12086.0,25922.0,12086.0,0.0,1
CXCR4,IDH_WT,tumor,cycling_tumor,0.0,1.0,0.0,0.0,0.0,0.0,0.0,0.0,0.0,0.0,0.0,0.0,0.0,0.0,0.0,0.0,0.0,0.0,0.0,0.0,0.0,0.0,0.0,1.0,-3.752771544044781,3.752771544044781,0.0,1.0,8.281028437853859,10.184331797235023,0.026,0.117,0.09100000000000001,1.0,5.197459349206778,6410.0,814.0,814.0,0.0,0
DAG1,IDH_Mutant,tumor,AC_like_tumor,0.0,1.0,0.0,0.0,0.0,0.0,0.0,0.0,0.0,0.0,0.0,0.0,0.0,0.0,0.0,0.0,0.0,0.0,0.0,0.0,0.0,0.0,0.0,0.0,0.0,0.0,0.0,0.0,0.0,0.0,0.0,0.0,0.0,0.0,0.0,72549.0,446.0,446.0,0.0,0
DAG1,IDH_Mutant,tumor,OPC_GABA_AC_like_tumor,0.0,1.0,0.0,0.0,0.0,0.0,0.0,0.0,0.0,0.0,0.0,0.0,0.0,0.0,0.0,0.0,0.0,0.0,0.0,0.0,0.0,0.0,0.0,0.0,0.0,0.0,0.0,0.0,0.0,0.0,0.0,0.0,0.0,0.0,0.0,6202.0,1012.0,1012.0,0.0,0
DAG1,IDH_Mutant,tumor,OPC_GABA_like_tumor,0.0,1.0,0.0,0.0,0.0,0.0,0.0,0.0,0.0,0.0,0.0,0.0,0.0,0.0,0.0,0.0,0.0,0.0,0.0,0.0,0.0,0.0,0.0,1.0,-0.5659966388372857,0.5659966388372857,0.0,1.0,7.401699025526686,87.62594223449511,0.147,0.217,0.07,0.0,0.0,6741.0,14114.0,6741.0,0.0,0
DAG1,IDH_Mutant,T_cell,T cell,0.0,1.0,0.0,0.0,0.0,0.0,0.0,0.0,0.0,0.0,0.0,0.0,0.0,0.0,0.0,0.0,0.0,0.0,0.0,0.0,0.0,0.0,0.0,0.0,0.0,0.0,0.0,0.0,0.0,0.0,0.0,0.0,0.0,0.0,0.0,2662.0,1463.0,1463.0,0.0,0
DAG1,IDH_Mutant,TAM_microglia,TAM1/TAM2/microglia,0.0,1.0,0.0,0.0,0.0,0.0,0.0,0.0,0.0,0.0,0.0,0.0,0.0,0.0,0.0,0.0,0.0,0.0,0.0,0.0,0.0,0.0,0.0,0.0,0.0,0.0,0.0,0.0,0.0,0.0,0.0,0.0,0.0,0.0,0.0,12086.0,25922.0,12086.0,0.0,0
DAG1,IDH_Mutant,tumor,cycling_tumor,0.0,1.0,6.0,0.0,6.0,1.0,0.0,6.0,6.0,0.004370217139411732,0.0134431326010437,0.026221302836470395,0.0,0.004370217139411732,0.0,0.004370217139411732,0.004370217139411732,1.0,2.0,4.0,1.0,5.0,1.0,1.0,2.3691077077899365,2.3691077077899365,1.0,0.0,7.607543301074982,33.49753694581281,0.257,0.026,-0.231,1.0,1.1621359187782838,6410.0,814.0,814.0,0.0,0
DAG1,IDH_WT,tumor,AC_like_tumor,0.0,1.0,0.0,0.0,0.0,0.0,0.0,0.0,0.0,0.0,0.0,0.0,0.0,0.0,0.0,0.0,0.0,0.0,0.0,0.0,0.0,0.0,0.0,0.0,0.0,0.0,0.0,0.0,0.0,0.0,0.0,0.0,0.0,0.0,0.0,72549.0,446.0,446.0,0.0,0
DAG1,IDH_WT,tumor,OPC_GABA_AC_like_tumor,0.0,1.0,0.0,0.0,0.0,0.0,0.0,0.0,0.0,0.0,0.0,0.0,0.0,0.0,0.0,0.0,0.0,0.0,0.0,0.0,0.0,0.0,0.0,0.0,0.0,0.0,0.0,0.0,0.0,0.0,0.0,0.0,0.0,0.0,0.0,6202.0,1012.0,1012.0,0.0,0
DAG1,IDH_WT,tumor,OPC_GABA_like_tumor,0.0,1.0,0.0,0.0,0.0,0.0,0.0,0.0,0.0,0.0,0.0,0.0,0.0,0.0,0.0,0.0,0.0,0.0,0.0,0.0,0.0,0.0,0.0,0.0,0.0,0.0,0.0,0.0,0.0,0.0,0.0,0.0,0.0,0.0,0.5659966388372857,6741.0,14114.0,6741.0,0.0,0
DAG1,IDH_WT,T_cell,T cell,0.0,1.0,0.0,0.0,0.0,0.0,0.0,0.0,0.0,0.0,0.0,0.0,0.0,0.0,0.0,0.0,0.0,0.0,0.0,0.0,0.0,0.0,0.0,0.0,0.0,0.0,0.0,0.0,0.0,0.0,0.0,0.0,0.0,0.0,0.0,2662.0,1463.0,1463.0,0.0,0
DAG1,IDH_WT,TAM_microglia,TAM1/TAM2/microglia,0.0,1.0,0.0,0.0,0.0,0.0,0.0,0.0,0.0,0.0,0.0,0.0,0.0,0.0,0.0,0.0,0.0,0.0,0.0,0.0,0.0,0.0,0.0,0.0,0.0,0.0,0.0,0.0,0.0,0.0,0.0,0.0,0.0,0.0,0.0,12086.0,25922.0,12086.0,0.0,0
DAG1,IDH_WT,tumor,cycling_tumor,0.0,1.0,6.0,0.0,6.0,1.0,0.0,6.0,6.0,0.004370217139411732,0.0134431326010437,0.026221302836470395,0.0,0.004370217139411732,0.0,0.004370217139411732,0.004370217139411732,1.0,2.0,4.0,1.0,5.0,1.0,1.0,1.1621359187782838,1.1621359187782838,1.0,0.0,127.72158240460338,10.184331797235023,0.463,0.096,-0.367,1.0,2.3691077077899365,6410.0,814.0,814.0,0.0,0
DLL1,IDH_Mutant,tumor,AC_like_tumor,1.0,0.0,0.0,0.0,0.0,0.0,0.0,0.0,0.0,0.0,0.0,0.0,0.0,0.0,0.0,0.0,0.0,0.0,0.0,0.0,0.0,0.0,0.0,1.0,1.8687986210370748,1.8687986210370748,1.0,0.0,8.494743350033454,6.244483671668138,0.148,0.046,-0.102,0.0,0.0,72549.0,446.0,446.0,0.0,0
DLL1,IDH_Mutant,tumor,OPC_GABA_AC_like_tumor,1.0,0.0,0.0,0.0,0.0,0.0,0.0,0.0,0.0,0.0,0.0,0.0,0.0,0.0,0.0,0.0,0.0,0.0,0.0,0.0,0.0,0.0,0.0,0.0,0.0,0.0,0.0,0.0,0.0,0.0,0.0,0.0,0.0,0.0,0.0,6202.0,1012.0,1012.0,0.0,0
DLL1,IDH_Mutant,tumor,OPC_GABA_like_tumor,1.0,0.0,2.0,2.0,0.0,1.0,0.0,2.0,2.0,0.0008217039288996302,0.000913646620500901,0.0016434078577992604,0.0008217039288996302,0.0,0.0,0.0008217039288996302,0.0008217039288996302,1.0,1.0,1.0,2.0,2.0,0.0,1.0,2.042191813925619,2.042191813925619,1.0,0.0,65.90282349589543,87.62594223449511,0.248,0.052,-0.196,1.0,3.431461094504926,6741.0,14114.0,6741.0,0.0,0
DLL1,IDH_Mutant,T_cell,T cell,1.0,0.0,0.0,0.0,0.0,0.0,0.0,0.0,0.0,0.0,0.0,0.0,0.0,0.0,0.0,0.0,0.0,0.0,0.0,0.0,0.0,0.0,0.0,0.0,0.0,0.0,0.0,0.0,0.0,0.0,0.0,0.0,0.0,0.0,0.0,2662.0,1463.0,1463.0,0.0,0
DLL1,IDH_Mutant,TAM_microglia,TAM1/TAM2/microglia,1.0,0.0,0.0,0.0,0.0,0.0,0.0,0.0,0.0,0.0,0.0,0.0,0.0,0.0,0.0,0.0,0.0,0.0,0.0,0.0,0.0,0.0,0.0,0.0,0.0,0.0,0.0,0.0,0.0,0.0,0.0,0.0,0.0,0.0,0.0,12086.0,25922.0,12086.0,0.0,0
DLL1,IDH_Mutant,tumor,cycling_tumor,1.0,0.0,2.0,2.0,0.0,1.0,0.0,2.0,2.0,0.0006363527970828948,0.000707569088656626,0.0012727055941657895,0.0006363527970828948,0.0,0.0,0.0006363527970828948,0.0006363527970828948,1.0,1.0,1.0,2.0,2.0,0.0,1.0,3.886858107459028,3.886858107459028,1.0,0.0,2.604609347040156,33.49753694581281,0.147,0.015,-0.132,1.0,5.679976711877195,6410.0,814.0,814.0,0.0,0
DLL1,IDH_WT,tumor,AC_like_tumor,1.0,0.0,0.0,0.0,0.0,0.0,0.0,0.0,0.0,0.0,0.0,0.0,0.0,0.0,0.0,0.0,0.0,0.0,0.0,0.0,0.0,0.0,0.0,0.0,0.0,0.0,0.0,0.0,0.0,0.0,0.0,0.0,0.0,0.0,1.8687986210370748,72549.0,446.0,446.0,0.0,0
DLL1,IDH_WT,tumor,OPC_GABA_AC_like_tumor,1.0,0.0,0.0,0.0,0.0,0.0,0.0,0.0,0.0,0.0,0.0,0.0,0.0,0.0,0.0,0.0,0.0,0.0,0.0,0.0,0.0,0.0,0.0,0.0,0.0,0.0,0.0,0.0,0.0,0.0,0.0,0.0,0.0,0.0,0.0,6202.0,1012.0,1012.0,0.0,0
DLL1,IDH_WT,tumor,OPC_GABA_like_tumor,1.0,0.0,2.0,2.0,0.0,1.0,0.0,2.0,2.0,0.0008217039288996302,0.000913646620500901,0.0016434078577992604,0.0008217039288996302,0.0,0.0,0.0008217039288996302,0.0008217039288996302,1.0,1.0,1.0,2.0,2.0,0.0,1.0,3.431461094504926,3.431461094504926,1.0,0.0,285.6993976242018,27.741935483870968,0.333,0.026,-0.307,1.0,2.042191813925619,6741.0,14114.0,6741.0,0.0,0
DLL1,IDH_WT,T_cell,T cell,1.0,0.0,0.0,0.0,0.0,0.0,0.0,0.0,0.0,0.0,0.0,0.0,0.0,0.0,0.0,0.0,0.0,0.0,0.0,0.0,0.0,0.0,0.0,0.0,0.0,0.0,0.0,0.0,0.0,0.0,0.0,0.0,0.0,0.0,0.0,2662.0,1463.0,1463.0,0.0,0
DLL1,IDH_WT,TAM_microglia,TAM1/TAM2/microglia,1.0,0.0,0.0,0.0,0.0,0.0,0.0,0.0,0.0,0.0,0.0,0.0,0.0,0.0,0.0,0.0,0.0,0.0,0.0,0.0,0.0,0.0,0.0,0.0,0.0,0.0,0.0,0.0,0.0,0.0,0.0,0.0,0.0,0.0,0.0,12086.0,25922.0,12086.0,0.0,0
DLL1,IDH_WT,tumor,cycling_tumor,1.0,0.0,2.0,2.0,0.0,1.0,0.0,2.0,2.0,0.0006363527970828948,0.000707569088656626,0.0012727055941657895,0.0006363527970828948,0.0,0.0,0.0006363527970828948,0.0006363527970828948,1.0,1.0,1.0,2.0,2.0,0.0,1.0,5.679976711877195,5.679976711877195,1.0,0.0,307.6526555685888,10.184331797235023,0.287,0.004,-0.283,1.0,3.886858107459028,6410.0,814.0,814.0,0.0,0
DLL3,IDH_Mutant,tumor,AC_like_tumor,1.0,0.0,2.0,2.0,0.0,0.0,0.0,2.0,2.0,0.0032895772168579,0.0036567591714335,0.0065791544337158,0.0032895772168579,0.0,0.0,0.0032895772168579,0.0032895772168579,1.0,1.0,1.0,2.0,2.0,0.0,1.0,2.840524073739076,2.840524073739076,1.0,0.0,82.25445682802959,6.244483671668138,0.491,0.101,-0.39,1.0,4.882733549903664,72549.0,446.0,446.0,0.0,0
DLL3,IDH_Mutant,tumor,OPC_GABA_AC_like_tumor,1.0,0.0,2.0,2.0,0.0,0.0,0.0,2.0,2.0,0.0080346715704097,0.0089272829550743,0.0160693431408194,0.0080346715704097,0.0,0.0,0.0080346715704097,0.0080346715704097,1.0,1.0,1.0,2.0,2.0,0.0,1.0,1.6916183380530057,1.6916183380530057,1.0,0.0,17.69848372220046,67.82449725776965,0.567,0.247,-0.31999999999999995,1.0,4.580287125563434,6202.0,1012.0,1012.0,0.0,0
DLL3,IDH_Mutant,tumor,OPC_GABA_like_tumor,1.0,0.0,2.0,2.0,0.0,1.0,0.0,2.0,2.0,0.00926053756614685,0.0102880806075418,0.0185210751322937,0.00926053756614685,0.0,0.0,0.00926053756614685,0.00926053756614685,1.0,1.0,1.0,2.0,2.0,0.0,1.0,2.934704346904793,2.934704346904793,1.0,0.0,307.6526555685888,87.62594223449511,0.769,0.133,-0.636,1.0,4.5360143154011725,6741.0,14114.0,6741.0,0.0,0
DLL3,IDH_Mutant,T_cell,T cell,1.0,0.0,0.0,0.0,0.0,0.0,0.0,0.0,0.0,0.0,0.0,0.0,0.0,0.0,0.0,0.0,0.0,0.0,0.0,0.0,0.0,0.0,0.0,0.0,0.0,0.0,0.0,0.0,0.0,0.0,0.0,0.0,0.0,0.0,0.0,2662.0,1463.0,1463.0,0.0,0
DLL3,IDH_Mutant,TAM_microglia,TAM1/TAM2/microglia,1.0,0.0,0.0,0.0,0.0,0.0,0.0,0.0,0.0,0.0,0.0,0.0,0.0,0.0,0.0,0.0,0.0,0.0,0.0,0.0,0.0,0.0,0.0,0.0,0.0,0.0,0.0,0.0,0.0,0.0,0.0,0.0,0.0,0.0,0.0,12086.0,25922.0,12086.0,0.0,0
DLL3,IDH_Mutant,tumor,cycling_tumor,1.0,0.0,2.0,2.0,0.0,1.0,0.0,2.0,2.0,0.00480623530933965,0.0053419001169697,0.0096124706186793,0.00480623530933965,0.0,0.0,0.00480623530933965,0.00480623530933965,1.0,1.0,1.0,2.0,2.0,0.0,1.0,4.335342191136341,4.335342191136341,1.0,0.0,22.566148752467672,33.49753694581281,0.485,0.037,-0.448,1.0,5.320873161724935,6410.0,814.0,814.0,0.0,0
DLL3,IDH_WT,tumor,AC_like_tumor,1.0,0.0,2.0,2.0,0.0,0.0,0.0,2.0,2.0,0.0032895772168579,0.0036567591714335,0.0065791544337158,0.0032895772168579,0.0,0.0,0.0032895772168579,0.0032895772168579,1.0,1.0,1.0,2.0,2.0,0.0,1.0,4.882733549903664,4.882733549903664,1.0,0.0,75.67565799261446,0.166358595194085,0.222,0.013,-0.209,1.0,2.840524073739076,72549.0,446.0,446.0,0.0,0
DLL3,IDH_WT,tumor,OPC_GABA_AC_like_tumor,1.0,0.0,2.0,2.0,0.0,0.0,0.0,2.0,2.0,0.0080346715704097,0.0089272829550743,0.0160693431408194,0.0080346715704097,0.0,0.0,0.0080346715704097,0.0080346715704097,1.0,1.0,1.0,2.0,2.0,0.0,1.0,4.580287125563434,4.580287125563434,1.0,0.0,146.18534377114162,3.0783078307830785,0.509,0.044,-0.465,1.0,1.6916183380530057,6202.0,1012.0,1012.0,0.0,0
DLL3,IDH_WT,tumor,OPC_GABA_like_tumor,1.0,0.0,2.0,2.0,0.0,1.0,0.0,2.0,2.0,0.00926053756614685,0.0102880806075418,0.0185210751322937,0.00926053756614685,0.0,0.0,0.00926053756614685,0.00926053756614685,1.0,1.0,1.0,2.0,2.0,0.0,1.0,4.5360143154011725,4.5360143154011725,1.0,0.0,307.6526555685888,27.741935483870968,0.71,0.066,-0.6439999999999999,1.0,2.934704346904793,6741.0,14114.0,6741.0,0.0,0
DLL3,IDH_WT,T_cell,T cell,1.0,0.0,0.0,0.0,0.0,0.0,0.0,0.0,0.0,0.0,0.0,0.0,0.0,0.0,0.0,0.0,0.0,0.0,0.0,0.0,0.0,0.0,0.0,0.0,0.0,0.0,0.0,0.0,0.0,0.0,0.0,0.0,0.0,0.0,0.0,2662.0,1463.0,1463.0,0.0,0
DLL3,IDH_WT,TAM_microglia,TAM1/TAM2/microglia,1.0,0.0,0.0,0.0,0.0,0.0,0.0,0.0,0.0,0.0,0.0,0.0,0.0,0.0,0.0,0.0,0.0,0.0,0.0,0.0,0.0,0.0,0.0,0.0,0.0,0.0,0.0,0.0,0.0,0.0,0.0,0.0,0.0,0.0,0.0,12086.0,25922.0,12086.0,0.0,0
DLL3,IDH_WT,tumor,cycling_tumor,1.0,0.0,2.0,2.0,0.0,1.0,0.0,2.0,2.0,0.00480623530933965,0.0053419001169697,0.0096124706186793,0.00480623530933965,0.0,0.0,0.00480623530933965,0.00480623530933965,1.0,1.0,1.0,2.0,2.0,0.0,1.0,5.320873161724935,5.320873161724935,1.0,0.0,307.6526555685888,10.184331797235023,0.587,0.016,-0.571,1.0,4.335342191136341,6410.0,814.0,814.0,0.0,0
DMA,IDH_Mutant,tumor,AC_like_tumor,1.0,0.0,0.0,0.0,0.0,0.0,0.0,0.0,0.0,0.0,0.0,0.0,0.0,0.0,0.0,0.0,0.0,0.0,0.0,0.0,0.0,0.0,0.0,0.0,0.0,0.0,0.0,0.0,0.0,0.0,0.0,0.0,0.0,0.0,0.0,72549.0,446.0,446.0,0.0,0
DMA,IDH_Mutant,tumor,OPC_GABA_AC_like_tumor,1.0,0.0,0.0,0.0,0.0,0.0,0.0,0.0,0.0,0.0,0.0,0.0,0.0,0.0,0.0,0.0,0.0,0.0,0.0,0.0,0.0,0.0,0.0,0.0,0.0,0.0,0.0,0.0,0.0,0.0,0.0,0.0,0.0,0.0,0.0,6202.0,1012.0,1012.0,0.0,0
DMA,IDH_Mutant,tumor,OPC_GABA_like_tumor,1.0,0.0,0.0,0.0,0.0,0.0,0.0,0.0,0.0,0.0,0.0,0.0,0.0,0.0,0.0,0.0,0.0,0.0,0.0,0.0,0.0,0.0,0.0,0.0,0.0,0.0,0.0,0.0,0.0,0.0,0.0,0.0,0.0,0.0,0.0,6741.0,14114.0,6741.0,0.0,0
DMA,IDH_Mutant,T_cell,T cell,1.0,0.0,0.0,0.0,0.0,0.0,0.0,0.0,0.0,0.0,0.0,0.0,0.0,0.0,0.0,0.0,0.0,0.0,0.0,0.0,0.0,0.0,0.0,0.0,0.0,0.0,0.0,0.0,0.0,0.0,0.0,0.0,0.0,0.0,0.0,2662.0,1463.0,1463.0,0.0,0
DMA,IDH_Mutant,TAM_microglia,TAM1/TAM2/microglia,1.0,0.0,4.0,4.0,0.0,4.0,2.0,2.0,0.0,0.00849364729375935,0.017037430185218,0.0339745891750374,0.00849364729375935,0.0,0.0092413144430431,0.0077459801444756,-0.001495334298567499,1.0,1.0,1.0,1.0,2.0,2.0,0.0,0.0,0.0,0.0,0.0,0.0,0.0,0.0,0.0,0.0,0.0,0.0,12086.0,25922.0,12086.0,0.0,0
DMA,IDH_Mutant,tumor,cycling_tumor,1.0,0.0,2.0,2.0,0.0,0.0,2.0,0.0,-2.0,0.0017512198751586294,0.0032317829215343,0.003502439750317259,0.0017512198751586294,0.0,0.0017512198751586294,0.0,-0.0017512198751586294,1.0,1.0,1.0,1.0,1.0,1.0,0.0,0.0,0.0,0.0,0.0,0.0,0.0,0.0,0.0,0.0,0.0,0.0,6410.0,814.0,814.0,0.0,0
DMA,IDH_WT,tumor,AC_like_tumor,1.0,0.0,0.0,0.0,0.0,0.0,0.0,0.0,0.0,0.0,0.0,0.0,0.0,0.0,0.0,0.0,0.0,0.0,0.0,0.0,0.0,0.0,0.0,0.0,0.0,0.0,0.0,0.0,0.0,0.0,0.0,0.0,0.0,0.0,0.0,72549.0,446.0,446.0,0.0,0
DMA,IDH_WT,tumor,OPC_GABA_AC_like_tumor,1.0,0.0,0.0,0.0,0.0,0.0,0.0,0.0,0.0,0.0,0.0,0.0,0.0,0.0,0.0,0.0,0.0,0.0,0.0,0.0,0.0,0.0,0.0,0.0,0.0,0.0,0.0,0.0,0.0,0.0,0.0,0.0,0.0,0.0,0.0,6202.0,1012.0,1012.0,0.0,0
DMA,IDH_WT,tumor,OPC_GABA_like_tumor,1.0,0.0,0.0,0.0,0.0,0.0,0.0,0.0,0.0,0.0,0.0,0.0,0.0,0.0,0.0,0.0,0.0,0.0,0.0,0.0,0.0,0.0,0.0,0.0,0.0,0.0,0.0,0.0,0.0,0.0,0.0,0.0,0.0,0.0,0.0,6741.0,14114.0,6741.0,0.0,0
DMA,IDH_WT,T_cell,T cell,1.0,0.0,0.0,0.0,0.0,0.0,0.0,0.0,0.0,0.0,0.0,0.0,0.0,0.0,0.0,0.0,0.0,0.0,0.0,0.0,0.0,0.0,0.0,0.0,0.0,0.0,0.0,0.0,0.0,0.0,0.0,0.0,0.0,0.0,0.0,2662.0,1463.0,1463.0,0.0,0
DMA,IDH_WT,TAM_microglia,TAM1/TAM2/microglia,1.0,0.0,4.0,4.0,0.0,4.0,2.0,2.0,0.0,0.00849364729375935,0.017037430185218,0.0339745891750374,0.00849364729375935,0.0,0.0092413144430431,0.0077459801444756,-0.001495334298567499,1.0,1.0,1.0,1.0,2.0,2.0,0.0,0.0,0.0,0.0,0.0,0.0,0.0,0.0,0.0,0.0,0.0,0.0,12086.0,25922.0,12086.0,0.0,0
DMA,IDH_WT,tumor,cycling_tumor,1.0,0.0,2.0,2.0,0.0,0.0,2.0,0.0,-2.0,0.0017512198751586294,0.0032317829215343,0.003502439750317259,0.0017512198751586294,0.0,0.0017512198751586294,0.0,-0.0017512198751586294,1.0,1.0,1.0,1.0,1.0,1.0,0.0,0.0,0.0,0.0,0.0,0.0,0.0,0.0,0.0,0.0,0.0,0.0,6410.0,814.0,814.0,0.0,0
DMB,IDH_Mutant,tumor,AC_like_tumor,1.0,0.0,0.0,0.0,0.0,0.0,0.0,0.0,0.0,0.0,0.0,0.0,0.0,0.0,0.0,0.0,0.0,0.0,0.0,0.0,0.0,0.0,0.0,0.0,0.0,0.0,0.0,0.0,0.0,0.0,0.0,0.0,0.0,0.0,0.0,72549.0,446.0,446.0,0.0,0
DMB,IDH_Mutant,tumor,OPC_GABA_AC_like_tumor,1.0,0.0,0.0,0.0,0.0,0.0,0.0,0.0,0.0,0.0,0.0,0.0,0.0,0.0,0.0,0.0,0.0,0.0,0.0,0.0,0.0,0.0,0.0,0.0,0.0,0.0,0.0,0.0,0.0,0.0,0.0,0.0,0.0,0.0,0.0,6202.0,1012.0,1012.0,0.0,0
DMB,IDH_Mutant,tumor,OPC_GABA_like_tumor,1.0,0.0,0.0,0.0,0.0,0.0,0.0,0.0,0.0,0.0,0.0,0.0,0.0,0.0,0.0,0.0,0.0,0.0,0.0,0.0,0.0,0.0,0.0,0.0,0.0,0.0,0.0,0.0,0.0,0.0,0.0,0.0,0.0,0.0,0.0,6741.0,14114.0,6741.0,0.0,0
DMB,IDH_Mutant,T_cell,T cell,1.0,0.0,0.0,0.0,0.0,0.0,0.0,0.0,0.0,0.0,0.0,0.0,0.0,0.0,0.0,0.0,0.0,0.0,0.0,0.0,0.0,0.0,0.0,0.0,0.0,0.0,0.0,0.0,0.0,0.0,0.0,0.0,0.0,0.0,0.0,2662.0,1463.0,1463.0,0.0,0
DMB,IDH_Mutant,TAM_microglia,TAM1/TAM2/microglia,1.0,0.0,4.0,4.0,0.0,4.0,2.0,2.0,0.0,0.002460909781326619,0.0046828301407175,0.009843639125306477,0.002460909781326619,0.0,0.002537766867499182,0.002384052695154056,-0.00015371417234512613,1.0,1.0,1.0,1.0,2.0,2.0,0.0,0.0,0.0,0.0,0.0,0.0,0.0,0.0,0.0,0.0,0.0,0.0,12086.0,25922.0,12086.0,0.0,0
DMB,IDH_Mutant,tumor,cycling_tumor,1.0,0.0,0.0,0.0,0.0,0.0,0.0,0.0,0.0,0.0,0.0,0.0,0.0,0.0,0.0,0.0,0.0,0.0,0.0,0.0,0.0,0.0,0.0,0.0,0.0,0.0,0.0,0.0,0.0,0.0,0.0,0.0,0.0,0.0,0.0,6410.0,814.0,814.0,0.0,0
DMB,IDH_WT,tumor,AC_like_tumor,1.0,0.0,0.0,0.0,0.0,0.0,0.0,0.0,0.0,0.0,0.0,0.0,0.0,0.0,0.0,0.0,0.0,0.0,0.0,0.0,0.0,0.0,0.0,0.0,0.0,0.0,0.0,0.0,0.0,0.0,0.0,0.0,0.0,0.0,0.0,72549.0,446.0,446.0,0.0,0
DMB,IDH_WT,tumor,OPC_GABA_AC_like_tumor,1.0,0.0,0.0,0.0,0.0,0.0,0.0,0.0,0.0,0.0,0.0,0.0,0.0,0.0,0.0,0.0,0.0,0.0,0.0,0.0,0.0,0.0,0.0,0.0,0.0,0.0,0.0,0.0,0.0,0.0,0.0,0.0,0.0,0.0,0.0,6202.0,1012.0,1012.0,0.0,0
DMB,IDH_WT,tumor,OPC_GABA_like_tumor,1.0,0.0,0.0,0.0,0.0,0.0,0.0,0.0,0.0,0.0,0.0,0.0,0.0,0.0,0.0,0.0,0.0,0.0,0.0,0.0,0.0,0.0,0.0,0.0,0.0,0.0,0.0,0.0,0.0,0.0,0.0,0.0,0.0,0.0,0.0,6741.0,14114.0,6741.0,0.0,0
DMB,IDH_WT,T_cell,T cell,1.0,0.0,0.0,0.0,0.0,0.0,0.0,0.0,0.0,0.0,0.0,0.0,0.0,0.0,0.0,0.0,0.0,0.0,0.0,0.0,0.0,0.0,0.0,0.0,0.0,0.0,0.0,0.0,0.0,0.0,0.0,0.0,0.0,0.0,0.0,2662.0,1463.0,1463.0,0.0,0
DMB,IDH_WT,TAM_microglia,TAM1/TAM2/microglia,1.0,0.0,4.0,4.0,0.0,4.0,2.0,2.0,0.0,0.002460909781326619,0.0046828301407175,0.009843639125306477,0.002460909781326619,0.0,0.002537766867499182,0.002384052695154056,-0.00015371417234512613,1.0,1.0,1.0,1.0,2.0,2.0,0.0,0.0,0.0,0.0,0.0,0.0,0.0,0.0,0.0,0.0,0.0,0.0,12086.0,25922.0,12086.0,0.0,0
DMB,IDH_WT,tumor,cycling_tumor,1.0,0.0,0.0,0.0,0.0,0.0,0.0,0.0,0.0,0.0,0.0,0.0,0.0,0.0,0.0,0.0,0.0,0.0,0.0,0.0,0.0,0.0,0.0,0.0,0.0,0.0,0.0,0.0,0.0,0.0,0.0,0.0,0.0,0.0,0.0,6410.0,814.0,814.0,0.0,0
DPA1,IDH_Mutant,tumor,AC_like_tumor,1.0,0.0,2.0,2.0,0.0,0.0,2.0,0.0,-2.0,0.003061536101100413,0.0056489295785856,0.006123072202200826,0.003061536101100413,0.0,0.003061536101100413,0.0,-0.003061536101100413,1.0,1.0,1.0,1.0,1.0,1.0,0.0,0.0,0.0,0.0,0.0,0.0,0.0,0.0,0.0,0.0,0.0,0.0,72549.0,446.0,446.0,0.0,0
DPA1,IDH_Mutant,tumor,OPC_GABA_AC_like_tumor,1.0,0.0,0.0,0.0,0.0,0.0,0.0,0.0,0.0,0.0,0.0,0.0,0.0,0.0,0.0,0.0,0.0,0.0,0.0,0.0,0.0,0.0,0.0,0.0,0.0,0.0,0.0,0.0,0.0,0.0,0.0,0.0,0.0,0.0,0.0,6202.0,1012.0,1012.0,0.0,0
DPA1,IDH_Mutant,tumor,OPC_GABA_like_tumor,1.0,0.0,0.0,0.0,0.0,0.0,0.0,0.0,0.0,0.0,0.0,0.0,0.0,0.0,0.0,0.0,0.0,0.0,0.0,0.0,0.0,0.0,0.0,0.0,0.0,0.0,0.0,0.0,0.0,0.0,0.0,0.0,0.0,0.0,0.0,6741.0,14114.0,6741.0,0.0,0
DPA1,IDH_Mutant,T_cell,T cell,1.0,0.0,4.0,4.0,0.0,0.0,2.0,2.0,0.0,0.0031475290013926347,0.0064586265870979,0.012590116005570539,0.0031475290013926347,0.0,0.002794490116254415,0.0035005678865308544,0.0007060777702764393,1.0,1.0,1.0,1.0,2.0,2.0,0.0,0.0,0.0,0.0,0.0,0.0,0.0,0.0,0.0,0.0,0.0,0.0,2662.0,1463.0,1463.0,0.0,0
DPA1,IDH_Mutant,TAM_microglia,TAM1/TAM2/microglia,1.0,0.0,4.0,4.0,0.0,4.0,2.0,2.0,0.0,0.016534185100048025,0.0333971442545754,0.0661367404001921,0.016534185100048025,0.0,0.0181369356657788,0.014931434534317249,-0.003205501131461551,1.0,1.0,1.0,1.0,2.0,2.0,0.0,0.0,0.0,0.0,0.0,0.0,0.0,0.0,0.0,0.0,0.0,0.0,12086.0,25922.0,12086.0,0.0,0
DPA1,IDH_Mutant,tumor,cycling_tumor,1.0,0.0,2.0,2.0,0.0,0.0,2.0,0.0,-2.0,0.00696083524510625,0.0128370136176889,0.0139216704902125,0.00696083524510625,0.0,0.00696083524510625,0.0,-0.00696083524510625,1.0,1.0,1.0,1.0,1.0,1.0,0.0,0.0,0.0,0.0,0.0,0.0,0.0,0.0,0.0,0.0,0.0,0.0,6410.0,814.0,814.0,0.0,0
DPA1,IDH_WT,tumor,AC_like_tumor,1.0,0.0,2.0,2.0,0.0,0.0,2.0,0.0,-2.0,0.003061536101100413,0.0056489295785856,0.006123072202200826,0.003061536101100413,0.0,0.003061536101100413,0.0,-0.003061536101100413,1.0,1.0,1.0,1.0,1.0,1.0,0.0,0.0,0.0,0.0,0.0,0.0,0.0,0.0,0.0,0.0,0.0,0.0,72549.0,446.0,446.0,0.0,0
DPA1,IDH_WT,tumor,OPC_GABA_AC_like_tumor,1.0,0.0,0.0,0.0,0.0,0.0,0.0,0.0,0.0,0.0,0.0,0.0,0.0,0.0,0.0,0.0,0.0,0.0,0.0,0.0,0.0,0.0,0.0,0.0,0.0,0.0,0.0,0.0,0.0,0.0,0.0,0.0,0.0,0.0,0.0,6202.0,1012.0,1012.0,0.0,0
DPA1,IDH_WT,tumor,OPC_GABA_like_tumor,1.0,0.0,0.0,0.0,0.0,0.0,0.0,0.0,0.0,0.0,0.0,0.0,0.0,0.0,0.0,0.0,0.0,0.0,0.0,0.0,0.0,0.0,0.0,0.0,0.0,0.0,0.0,0.0,0.0,0.0,0.0,0.0,0.0,0.0,0.0,6741.0,14114.0,6741.0,0.0,0
DPA1,IDH_WT,T_cell,T cell,1.0,0.0,4.0,4.0,0.0,0.0,2.0,2.0,0.0,0.0031475290013926347,0.0064586265870979,0.012590116005570539,0.0031475290013926347,0.0,0.002794490116254415,0.0035005678865308544,0.0007060777702764393,1.0,1.0,1.0,1.0,2.0,2.0,0.0,0.0,0.0,0.0,0.0,0.0,0.0,0.0,0.0,0.0,0.0,0.0,2662.0,1463.0,1463.0,0.0,0
DPA1,IDH_WT,TAM_microglia,TAM1/TAM2/microglia,1.0,0.0,4.0,4.0,0.0,4.0,2.0,2.0,0.0,0.016534185100048025,0.0333971442545754,0.0661367404001921,0.016534185100048025,0.0,0.0181369356657788,0.014931434534317249,-0.003205501131461551,1.0,1.0,1.0,1.0,2.0,2.0,0.0,0.0,0.0,0.0,0.0,0.0,0.0,0.0,0.0,0.0,0.0,0.0,12086.0,25922.0,12086.0,0.0,0
DPA1,IDH_WT,tumor,cycling_tumor,1.0,0.0,2.0,2.0,0.0,0.0,2.0,0.0,-2.0,0.00696083524510625,0.0128370136176889,0.0139216704902125,0.00696083524510625,0.0,0.00696083524510625,0.0,-0.00696083524510625,1.0,1.0,1.0,1.0,1.0,1.0,0.0,0.0,0.0,0.0,0.0,0.0,0.0,0.0,0.0,0.0,0.0,0.0,6410.0,814.0,814.0,0.0,0
DPB1,IDH_Mutant,tumor,AC_like_tumor,1.0,0.0,2.0,2.0,0.0,0.0,2.0,0.0,-2.0,0.0030688153298774434,0.0056623552726468,0.006137630659754887,0.0030688153298774434,0.0,0.0030688153298774434,0.0,-0.0030688153298774434,1.0,1.0,1.0,1.0,1.0,1.0,0.0,0.0,0.0,0.0,0.0,0.0,0.0,0.0,0.0,0.0,0.0,0.0,72549.0,446.0,446.0,0.0,0
DPB1,IDH_Mutant,tumor,OPC_GABA_AC_like_tumor,1.0,0.0,0.0,0.0,0.0,0.0,0.0,0.0,0.0,0.0,0.0,0.0,0.0,0.0,0.0,0.0,0.0,0.0,0.0,0.0,0.0,0.0,0.0,0.0,0.0,0.0,0.0,0.0,0.0,0.0,0.0,0.0,0.0,0.0,0.0,6202.0,1012.0,1012.0,0.0,0
DPB1,IDH_Mutant,tumor,OPC_GABA_like_tumor,1.0,0.0,0.0,0.0,0.0,0.0,0.0,0.0,0.0,0.0,0.0,0.0,0.0,0.0,0.0,0.0,0.0,0.0,0.0,0.0,0.0,0.0,0.0,0.0,0.0,0.0,0.0,0.0,0.0,0.0,0.0,0.0,0.0,0.0,0.0,6741.0,14114.0,6741.0,0.0,0
DPB1,IDH_Mutant,T_cell,T cell,1.0,0.0,4.0,4.0,0.0,0.0,2.0,2.0,0.0,0.003215349597118407,0.0064620288945377,0.012861398388473628,0.003215349597118407,0.0,0.0029282864098251443,0.0035024127844116683,0.000574126374586524,1.0,1.0,1.0,1.0,2.0,2.0,0.0,0.0,0.0,0.0,0.0,0.0,0.0,0.0,0.0,0.0,0.0,0.0,2662.0,1463.0,1463.0,0.0,0
DPB1,IDH_Mutant,TAM_microglia,TAM1/TAM2/microglia,1.0,0.0,4.0,4.0,0.0,4.0,2.0,2.0,0.0,0.013363812357826549,0.0313832325589142,0.053455249431306195,0.013363812357826549,0.0,0.017040675097960298,0.0096869496176928,-0.007353725480267498,1.0,1.0,1.0,1.0,2.0,2.0,0.0,0.0,0.0,0.0,0.0,0.0,0.0,0.0,0.0,0.0,0.0,0.0,12086.0,25922.0,12086.0,0.0,0
DPB1,IDH_Mutant,tumor,cycling_tumor,1.0,0.0,2.0,2.0,0.0,0.0,2.0,0.0,-2.0,0.0055583801922202076,0.0102525480035964,0.011116760384440415,0.0055583801922202076,0.0,0.0055583801922202076,0.0,-0.0055583801922202076,1.0,1.0,1.0,1.0,1.0,1.0,0.0,0.0,0.0,0.0,0.0,0.0,0.0,0.0,0.0,0.0,0.0,0.0,6410.0,814.0,814.0,0.0,0
DPB1,IDH_WT,tumor,AC_like_tumor,1.0,0.0,2.0,2.0,0.0,0.0,2.0,0.0,-2.0,0.0030688153298774434,0.0056623552726468,0.006137630659754887,0.0030688153298774434,0.0,0.0030688153298774434,0.0,-0.0030688153298774434,1.0,1.0,1.0,1.0,1.0,1.0,0.0,0.0,0.0,0.0,0.0,0.0,0.0,0.0,0.0,0.0,0.0,0.0,72549.0,446.0,446.0,0.0,0
DPB1,IDH_WT,tumor,OPC_GABA_AC_like_tumor,1.0,0.0,0.0,0.0,0.0,0.0,0.0,0.0,0.0,0.0,0.0,0.0,0.0,0.0,0.0,0.0,0.0,0.0,0.0,0.0,0.0,0.0,0.0,0.0,0.0,0.0,0.0,0.0,0.0,0.0,0.0,0.0,0.0,0.0,0.0,6202.0,1012.0,1012.0,0.0,0
DPB1,IDH_WT,tumor,OPC_GABA_like_tumor,1.0,0.0,0.0,0.0,0.0,0.0,0.0,0.0,0.0,0.0,0.0,0.0,0.0,0.0,0.0,0.0,0.0,0.0,0.0,0.0,0.0,0.0,0.0,0.0,0.0,0.0,0.0,0.0,0.0,0.0,0.0,0.0,0.0,0.0,0.0,6741.0,14114.0,6741.0,0.0,0
DPB1,IDH_WT,T_cell,T cell,1.0,0.0,4.0,4.0,0.0,0.0,2.0,2.0,0.0,0.003215349597118407,0.0064620288945377,0.012861398388473628,0.003215349597118407,0.0,0.0029282864098251443,0.0035024127844116683,0.000574126374586524,1.0,1.0,1.0,1.0,2.0,2.0,0.0,0.0,0.0,0.0,0.0,0.0,0.0,0.0,0.0,0.0,0.0,0.0,2662.0,1463.0,1463.0,0.0,0
DPB1,IDH_WT,TAM_microglia,TAM1/TAM2/microglia,1.0,0.0,4.0,4.0,0.0,4.0,2.0,2.0,0.0,0.013363812357826549,0.0313832325589142,0.053455249431306195,0.013363812357826549,0.0,0.017040675097960298,0.0096869496176928,-0.007353725480267498,1.0,1.0,1.0,1.0,2.0,2.0,0.0,0.0,0.0,0.0,0.0,0.0,0.0,0.0,0.0,0.0,0.0,0.0,12086.0,25922.0,12086.0,0.0,0
DPB1,IDH_WT,tumor,cycling_tumor,1.0,0.0,2.0,2.0,0.0,0.0,2.0,0.0,-2.0,0.0055583801922202076,0.0102525480035964,0.011116760384440415,0.0055583801922202076,0.0,0.0055583801922202076,0.0,-0.0055583801922202076,1.0,1.0,1.0,1.0,1.0,1.0,0.0,0.0,0.0,0.0,0.0,0.0,0.0,0.0,0.0,0.0,0.0,0.0,6410.0,814.0,814.0,0.0,0
DQA1,IDH_Mutant,tumor,AC_like_tumor,1.0,0.0,0.0,0.0,0.0,0.0,0.0,0.0,0.0,0.0,0.0,0.0,0.0,0.0,0.0,0.0,0.0,0.0,0.0,0.0,0.0,0.0,0.0,0.0,0.0,0.0,0.0,0.0,0.0,0.0,0.0,0.0,0.0,0.0,0.0,72549.0,446.0,446.0,0.0,0
DQA1,IDH_Mutant,tumor,OPC_GABA_AC_like_tumor,1.0,0.0,0.0,0.0,0.0,0.0,0.0,0.0,0.0,0.0,0.0,0.0,0.0,0.0,0.0,0.0,0.0,0.0,0.0,0.0,0.0,0.0,0.0,0.0,0.0,0.0,0.0,0.0,0.0,0.0,0.0,0.0,0.0,0.0,0.0,6202.0,1012.0,1012.0,0.0,0
DQA1,IDH_Mutant,tumor,OPC_GABA_like_tumor,1.0,0.0,0.0,0.0,0.0,0.0,0.0,0.0,0.0,0.0,0.0,0.0,0.0,0.0,0.0,0.0,0.0,0.0,0.0,0.0,0.0,0.0,0.0,0.0,0.0,0.0,0.0,0.0,0.0,0.0,0.0,0.0,0.0,0.0,0.0,6741.0,14114.0,6741.0,0.0,0
DQA1,IDH_Mutant,T_cell,T cell,1.0,0.0,0.0,0.0,0.0,0.0,0.0,0.0,0.0,0.0,0.0,0.0,0.0,0.0,0.0,0.0,0.0,0.0,0.0,0.0,0.0,0.0,0.0,0.0,0.0,0.0,0.0,0.0,0.0,0.0,0.0,0.0,0.0,0.0,0.0,2662.0,1463.0,1463.0,0.0,0
DQA1,IDH_Mutant,TAM_microglia,TAM1/TAM2/microglia,1.0,0.0,4.0,4.0,0.0,4.0,2.0,2.0,0.0,0.00499675499961522,0.0140740943328221,0.01998701999846088,0.00499675499961522,0.0,0.0076323218003088,0.002361188198921641,-0.00527113360138716,1.0,1.0,1.0,1.0,2.0,2.0,0.0,0.0,0.0,0.0,0.0,0.0,0.0,0.0,0.0,0.0,0.0,0.0,12086.0,25922.0,12086.0,0.0,0
DQA1,IDH_Mutant,tumor,cycling_tumor,1.0,0.0,0.0,0.0,0.0,0.0,0.0,0.0,0.0,0.0,0.0,0.0,0.0,0.0,0.0,0.0,0.0,0.0,0.0,0.0,0.0,0.0,0.0,0.0,0.0,0.0,0.0,0.0,0.0,0.0,0.0,0.0,0.0,0.0,0.0,6410.0,814.0,814.0,0.0,0
DQA1,IDH_WT,tumor,AC_like_tumor,1.0,0.0,0.0,0.0,0.0,0.0,0.0,0.0,0.0,0.0,0.0,0.0,0.0,0.0,0.0,0.0,0.0,0.0,0.0,0.0,0.0,0.0,0.0,0.0,0.0,0.0,0.0,0.0,0.0,0.0,0.0,0.0,0.0,0.0,0.0,72549.0,446.0,446.0,0.0,0
DQA1,IDH_WT,tumor,OPC_GABA_AC_like_tumor,1.0,0.0,0.0,0.0,0.0,0.0,0.0,0.0,0.0,0.0,0.0,0.0,0.0,0.0,0.0,0.0,0.0,0.0,0.0,0.0,0.0,0.0,0.0,0.0,0.0,0.0,0.0,0.0,0.0,0.0,0.0,0.0,0.0,0.0,0.0,6202.0,1012.0,1012.0,0.0,0
DQA1,IDH_WT,tumor,OPC_GABA_like_tumor,1.0,0.0,0.0,0.0,0.0,0.0,0.0,0.0,0.0,0.0,0.0,0.0,0.0,0.0,0.0,0.0,0.0,0.0,0.0,0.0,0.0,0.0,0.0,0.0,0.0,0.0,0.0,0.0,0.0,0.0,0.0,0.0,0.0,0.0,0.0,6741.0,14114.0,6741.0,0.0,0
DQA1,IDH_WT,T_cell,T cell,1.0,0.0,0.0,0.0,0.0,0.0,0.0,0.0,0.0,0.0,0.0,0.0,0.0,0.0,0.0,0.0,0.0,0.0,0.0,0.0,0.0,0.0,0.0,0.0,0.0,0.0,0.0,0.0,0.0,0.0,0.0,0.0,0.0,0.0,0.0,2662.0,1463.0,1463.0,0.0,0
DQA1,IDH_WT,TAM_microglia,TAM1/TAM2/microglia,1.0,0.0,4.0,4.0,0.0,4.0,2.0,2.0,0.0,0.00499675499961522,0.0140740943328221,0.01998701999846088,0.00499675499961522,0.0,0.0076323218003088,0.002361188198921641,-0.00527113360138716,1.0,1.0,1.0,1.0,2.0,2.0,0.0,0.0,0.0,0.0,0.0,0.0,0.0,0.0,0.0,0.0,0.0,0.0,12086.0,25922.0,12086.0,0.0,0
DQA1,IDH_WT,tumor,cycling_tumor,1.0,0.0,0.0,0.0,0.0,0.0,0.0,0.0,0.0,0.0,0.0,0.0,0.0,0.0,0.0,0.0,0.0,0.0,0.0,0.0,0.0,0.0,0.0,0.0,0.0,0.0,0.0,0.0,0.0,0.0,0.0,0.0,0.0,0.0,0.0,6410.0,814.0,814.0,0.0,0
DQB1,IDH_Mutant,tumor,AC_like_tumor,1.0,0.0,0.0,0.0,0.0,0.0,0.0,0.0,0.0,0.0,0.0,0.0,0.0,0.0,0.0,0.0,0.0,0.0,0.0,0.0,0.0,0.0,0.0,0.0,0.0,0.0,0.0,0.0,0.0,0.0,0.0,0.0,0.0,0.0,0.0,72549.0,446.0,446.0,0.0,0
DQB1,IDH_Mutant,tumor,OPC_GABA_AC_like_tumor,1.0,0.0,0.0,0.0,0.0,0.0,0.0,0.0,0.0,0.0,0.0,0.0,0.0,0.0,0.0,0.0,0.0,0.0,0.0,0.0,0.0,0.0,0.0,0.0,0.0,0.0,0.0,0.0,0.0,0.0,0.0,0.0,0.0,0.0,0.0,6202.0,1012.0,1012.0,0.0,0
DQB1,IDH_Mutant,tumor,OPC_GABA_like_tumor,1.0,0.0,0.0,0.0,0.0,0.0,0.0,0.0,0.0,0.0,0.0,0.0,0.0,0.0,0.0,0.0,0.0,0.0,0.0,0.0,0.0,0.0,0.0,0.0,0.0,0.0,0.0,0.0,0.0,0.0,0.0,0.0,0.0,0.0,0.0,6741.0,14114.0,6741.0,0.0,0
DQB1,IDH_Mutant,T_cell,T cell,1.0,0.0,0.0,0.0,0.0,0.0,0.0,0.0,0.0,0.0,0.0,0.0,0.0,0.0,0.0,0.0,0.0,0.0,0.0,0.0,0.0,0.0,0.0,0.0,0.0,0.0,0.0,0.0,0.0,0.0,0.0,0.0,0.0,0.0,0.0,2662.0,1463.0,1463.0,0.0,0
DQB1,IDH_Mutant,TAM_microglia,TAM1/TAM2/microglia,1.0,0.0,4.0,4.0,0.0,4.0,2.0,2.0,0.0,0.00788969711259746,0.018298993149735,0.03155878845038984,0.00788969711259746,0.0,0.0099265145720729,0.00585287965312202,-0.00407363491895088,1.0,1.0,1.0,1.0,2.0,2.0,0.0,0.0,0.0,0.0,0.0,0.0,0.0,0.0,0.0,0.0,0.0,0.0,12086.0,25922.0,12086.0,0.0,0
DQB1,IDH_Mutant,tumor,cycling_tumor,1.0,0.0,0.0,0.0,0.0,0.0,0.0,0.0,0.0,0.0,0.0,0.0,0.0,0.0,0.0,0.0,0.0,0.0,0.0,0.0,0.0,0.0,0.0,0.0,0.0,0.0,0.0,0.0,0.0,0.0,0.0,0.0,0.0,0.0,0.0,6410.0,814.0,814.0,0.0,0
DQB1,IDH_WT,tumor,AC_like_tumor,1.0,0.0,0.0,0.0,0.0,0.0,0.0,0.0,0.0,0.0,0.0,0.0,0.0,0.0,0.0,0.0,0.0,0.0,0.0,0.0,0.0,0.0,0.0,0.0,0.0,0.0,0.0,0.0,0.0,0.0,0.0,0.0,0.0,0.0,0.0,72549.0,446.0,446.0,0.0,0
DQB1,IDH_WT,tumor,OPC_GABA_AC_like_tumor,1.0,0.0,0.0,0.0,0.0,0.0,0.0,0.0,0.0,0.0,0.0,0.0,0.0,0.0,0.0,0.0,0.0,0.0,0.0,0.0,0.0,0.0,0.0,0.0,0.0,0.0,0.0,0.0,0.0,0.0,0.0,0.0,0.0,0.0,0.0,6202.0,1012.0,1012.0,0.0,0
DQB1,IDH_WT,tumor,OPC_GABA_like_tumor,1.0,0.0,0.0,0.0,0.0,0.0,0.0,0.0,0.0,0.0,0.0,0.0,0.0,0.0,0.0,0.0,0.0,0.0,0.0,0.0,0.0,0.0,0.0,0.0,0.0,0.0,0.0,0.0,0.0,0.0,0.0,0.0,0.0,0.0,0.0,6741.0,14114.0,6741.0,0.0,0
DQB1,IDH_WT,T_cell,T cell,1.0,0.0,0.0,0.0,0.0,0.0,0.0,0.0,0.0,0.0,0.0,0.0,0.0,0.0,0.0,0.0,0.0,0.0,0.0,0.0,0.0,0.0,0.0,0.0,0.0,0.0,0.0,0.0,0.0,0.0,0.0,0.0,0.0,0.0,0.0,2662.0,1463.0,1463.0,0.0,0
DQB1,IDH_WT,TAM_microglia,TAM1/TAM2/microglia,1.0,0.0,4.0,4.0,0.0,4.0,2.0,2.0,0.0,0.00788969711259746,0.018298993149735,0.03155878845038984,0.00788969711259746,0.0,0.0099265145720729,0.00585287965312202,-0.00407363491895088,1.0,1.0,1.0,1.0,2.0,2.0,0.0,0.0,0.0,0.0,0.0,0.0,0.0,0.0,0.0,0.0,0.0,0.0,12086.0,25922.0,12086.0,0.0,0
DQB1,IDH_WT,tumor,cycling_tumor,1.0,0.0,0.0,0.0,0.0,0.0,0.0,0.0,0.0,0.0,0.0,0.0,0.0,0.0,0.0,0.0,0.0,0.0,0.0,0.0,0.0,0.0,0.0,0.0,0.0,0.0,0.0,0.0,0.0,0.0,0.0,0.0,0.0,0.0,0.0,6410.0,814.0,814.0,0.0,0
DRA,IDH_Mutant,tumor,AC_like_tumor,1.0,0.0,4.0,4.0,0.0,0.0,2.0,2.0,0.0,0.002627653342575854,0.0076760484327047,0.010510613370303417,0.002627653342575854,0.0,0.004160771325733281,0.001094535359418427,-0.003066235966314854,1.0,1.0,1.0,1.0,2.0,2.0,0.0,0.0,0.0,0.0,0.0,0.0,0.0,0.0,0.0,0.0,0.0,0.0,72549.0,446.0,446.0,0.0,0
DRA,IDH_Mutant,tumor,OPC_GABA_AC_like_tumor,1.0,0.0,2.0,2.0,0.0,0.0,2.0,0.0,-2.0,0.0033839399211915686,0.0062435412835112,0.006767879842383137,0.0033839399211915686,0.0,0.0033839399211915686,0.0,-0.0033839399211915686,1.0,1.0,1.0,1.0,1.0,1.0,0.0,0.0,0.0,0.0,0.0,0.0,0.0,0.0,0.0,0.0,0.0,0.0,6202.0,1012.0,1012.0,0.0,0
DRA,IDH_Mutant,tumor,OPC_GABA_like_tumor,1.0,0.0,2.0,2.0,0.0,0.0,2.0,0.0,-2.0,0.0015940634976052007,0.0029418197824012,0.0031881269952104014,0.0015940634976052007,0.0,0.0015940634976052007,0.0,-0.0015940634976052007,1.0,1.0,1.0,1.0,1.0,1.0,0.0,0.0,0.0,0.0,0.0,0.0,0.0,0.0,0.0,0.0,0.0,0.0,6741.0,14114.0,6741.0,0.0,0
DRA,IDH_Mutant,T_cell,T cell,1.0,0.0,4.0,4.0,0.0,0.0,2.0,2.0,0.0,0.005776417214999927,0.0155067311054044,0.02310566885999971,0.005776417214999927,0.0,0.0031427261917155057,0.00841010823828435,0.005267382046568844,1.0,1.0,1.0,1.0,2.0,2.0,0.0,0.0,0.0,0.0,0.0,0.0,0.0,0.0,0.0,0.0,0.0,0.0,2662.0,1463.0,1463.0,0.0,0
DRA,IDH_Mutant,TAM_microglia,TAM1/TAM2/microglia,1.0,0.0,4.0,4.0,0.0,4.0,2.0,2.0,0.0,0.02156299090804295,0.0431531889546866,0.0862519636321718,0.02156299090804295,0.0,0.02345243811267015,0.01967354370341575,-0.003778894409254399,1.0,1.0,1.0,1.0,2.0,2.0,0.0,0.0,0.0,0.0,0.0,0.0,0.0,0.0,0.0,0.0,0.0,0.0,12086.0,25922.0,12086.0,0.0,0
DRA,IDH_Mutant,tumor,cycling_tumor,1.0,0.0,2.0,2.0,0.0,0.0,2.0,0.0,-2.0,0.0122774795947623,0.0226256983458374,0.0245549591895246,0.0122774795947623,0.0,0.0122774795947623,0.0,-0.0122774795947623,1.0,1.0,1.0,1.0,1.0,1.0,0.0,0.0,0.0,0.0,0.0,0.0,0.0,0.0,0.0,0.0,0.0,0.0,6410.0,814.0,814.0,0.0,0
DRA,IDH_WT,tumor,AC_like_tumor,1.0,0.0,4.0,4.0,0.0,0.0,2.0,2.0,0.0,0.002627653342575854,0.0076760484327047,0.010510613370303417,0.002627653342575854,0.0,0.004160771325733281,0.001094535359418427,-0.003066235966314854,1.0,1.0,1.0,1.0,2.0,2.0,0.0,0.0,0.0,0.0,0.0,0.0,0.0,0.0,0.0,0.0,0.0,0.0,72549.0,446.0,446.0,0.0,0
DRA,IDH_WT,tumor,OPC_GABA_AC_like_tumor,1.0,0.0,2.0,2.0,0.0,0.0,2.0,0.0,-2.0,0.0033839399211915686,0.0062435412835112,0.006767879842383137,0.0033839399211915686,0.0,0.0033839399211915686,0.0,-0.0033839399211915686,1.0,1.0,1.0,1.0,1.0,1.0,0.0,0.0,0.0,0.0,0.0,0.0,0.0,0.0,0.0,0.0,0.0,0.0,6202.0,1012.0,1012.0,0.0,0
DRA,IDH_WT,tumor,OPC_GABA_like_tumor,1.0,0.0,2.0,2.0,0.0,0.0,2.0,0.0,-2.0,0.0015940634976052007,0.0029418197824012,0.0031881269952104014,0.0015940634976052007,0.0,0.0015940634976052007,0.0,-0.0015940634976052007,1.0,1.0,1.0,1.0,1.0,1.0,0.0,0.0,0.0,0.0,0.0,0.0,0.0,0.0,0.0,0.0,0.0,0.0,6741.0,14114.0,6741.0,0.0,0
DRA,IDH_WT,T_cell,T cell,1.0,0.0,4.0,4.0,0.0,0.0,2.0,2.0,0.0,0.005776417214999927,0.0155067311054044,0.02310566885999971,0.005776417214999927,0.0,0.0031427261917155057,0.00841010823828435,0.005267382046568844,1.0,1.0,1.0,1.0,2.0,2.0,0.0,0.0,0.0,0.0,0.0,0.0,0.0,0.0,0.0,0.0,0.0,0.0,2662.0,1463.0,1463.0,0.0,0
DRA,IDH_WT,TAM_microglia,TAM1/TAM2/microglia,1.0,0.0,4.0,4.0,0.0,4.0,2.0,2.0,0.0,0.02156299090804295,0.0431531889546866,0.0862519636321718,0.02156299090804295,0.0,0.02345243811267015,0.01967354370341575,-0.003778894409254399,1.0,1.0,1.0,1.0,2.0,2.0,0.0,0.0,0.0,0.0,0.0,0.0,0.0,0.0,0.0,0.0,0.0,0.0,12086.0,25922.0,12086.0,0.0,0
DRA,IDH_WT,tumor,cycling_tumor,1.0,0.0,2.0,2.0,0.0,0.0,2.0,0.0,-2.0,0.0122774795947623,0.0226256983458374,0.0245549591895246,0.0122774795947623,0.0,0.0122774795947623,0.0,-0.0122774795947623,1.0,1.0,1.0,1.0,1.0,1.0,0.0,0.0,0.0,0.0,0.0,0.0,0.0,0.0,0.0,0.0,0.0,0.0,6410.0,814.0,814.0,0.0,0
DRB1,IDH_Mutant,tumor,AC_like_tumor,1.0,0.0,2.0,2.0,0.0,0.0,2.0,0.0,-2.0,0.0022543680300073665,0.0041600414779594,0.004508736060014733,0.0022543680300073665,0.0,0.0022543680300073665,0.0,-0.0022543680300073665,1.0,1.0,1.0,1.0,1.0,1.0,0.0,0.0,0.0,0.0,0.0,0.0,0.0,0.0,0.0,0.0,0.0,0.0,72549.0,446.0,446.0,0.0,0
DRB1,IDH_Mutant,tumor,OPC_GABA_AC_like_tumor,1.0,0.0,0.0,0.0,0.0,0.0,0.0,0.0,0.0,0.0,0.0,0.0,0.0,0.0,0.0,0.0,0.0,0.0,0.0,0.0,0.0,0.0,0.0,0.0,0.0,0.0,0.0,0.0,0.0,0.0,0.0,0.0,0.0,0.0,0.0,6202.0,1012.0,1012.0,0.0,0
DRB1,IDH_Mutant,tumor,OPC_GABA_like_tumor,1.0,0.0,0.0,0.0,0.0,0.0,0.0,0.0,0.0,0.0,0.0,0.0,0.0,0.0,0.0,0.0,0.0,0.0,0.0,0.0,0.0,0.0,0.0,0.0,0.0,0.0,0.0,0.0,0.0,0.0,0.0,0.0,0.0,0.0,0.0,6741.0,14114.0,6741.0,0.0,0
DRB1,IDH_Mutant,T_cell,T cell,1.0,0.0,4.0,4.0,0.0,0.0,2.0,2.0,0.0,0.00280821876967937,0.0055041634560057,0.01123287507871748,0.00280821876967937,0.0,0.0026333907716808327,0.002983046767677907,0.00034965599599707424,1.0,1.0,1.0,1.0,2.0,2.0,0.0,0.0,0.0,0.0,0.0,0.0,0.0,0.0,0.0,0.0,0.0,0.0,2662.0,1463.0,1463.0,0.0,0
DRB1,IDH_Mutant,TAM_microglia,TAM1/TAM2/microglia,1.0,0.0,4.0,4.0,0.0,4.0,2.0,2.0,0.0,0.017249044865644922,0.0334073134215138,0.06899617946257969,0.017249044865644922,0.0,0.018142472052824248,0.0163556176784656,-0.0017868543743586492,1.0,1.0,1.0,1.0,2.0,2.0,0.0,0.0,0.0,0.0,0.0,0.0,0.0,0.0,0.0,0.0,0.0,0.0,12086.0,25922.0,12086.0,0.0,0
DRB1,IDH_Mutant,tumor,cycling_tumor,1.0,0.0,2.0,2.0,0.0,0.0,2.0,0.0,-2.0,0.003925841771916736,0.0072428603962872,0.007851683543833471,0.003925841771916736,0.0,0.003925841771916736,0.0,-0.003925841771916736,1.0,1.0,1.0,1.0,1.0,1.0,0.0,0.0,0.0,0.0,0.0,0.0,0.0,0.0,0.0,0.0,0.0,0.0,6410.0,814.0,814.0,0.0,0
DRB1,IDH_WT,tumor,AC_like_tumor,1.0,0.0,2.0,2.0,0.0,0.0,2.0,0.0,-2.0,0.0022543680300073665,0.0041600414779594,0.004508736060014733,0.0022543680300073665,0.0,0.0022543680300073665,0.0,-0.0022543680300073665,1.0,1.0,1.0,1.0,1.0,1.0,0.0,0.0,0.0,0.0,0.0,0.0,0.0,0.0,0.0,0.0,0.0,0.0,72549.0,446.0,446.0,0.0,0
DRB1,IDH_WT,tumor,OPC_GABA_AC_like_tumor,1.0,0.0,0.0,0.0,0.0,0.0,0.0,0.0,0.0,0.0,0.0,0.0,0.0,0.0,0.0,0.0,0.0,0.0,0.0,0.0,0.0,0.0,0.0,0.0,0.0,0.0,0.0,0.0,0.0,0.0,0.0,0.0,0.0,0.0,0.0,6202.0,1012.0,1012.0,0.0,0
DRB1,IDH_WT,tumor,OPC_GABA_like_tumor,1.0,0.0,0.0,0.0,0.0,0.0,0.0,0.0,0.0,0.0,0.0,0.0,0.0,0.0,0.0,0.0,0.0,0.0,0.0,0.0,0.0,0.0,0.0,0.0,0.0,0.0,0.0,0.0,0.0,0.0,0.0,0.0,0.0,0.0,0.0,6741.0,14114.0,6741.0,0.0,0
DRB1,IDH_WT,T_cell,T cell,1.0,0.0,4.0,4.0,0.0,0.0,2.0,2.0,0.0,0.00280821876967937,0.0055041634560057,0.01123287507871748,0.00280821876967937,0.0,0.0026333907716808327,0.002983046767677907,0.00034965599599707424,1.0,1.0,1.0,1.0,2.0,2.0,0.0,0.0,0.0,0.0,0.0,0.0,0.0,0.0,0.0,0.0,0.0,0.0,2662.0,1463.0,1463.0,0.0,0
DRB1,IDH_WT,TAM_microglia,TAM1/TAM2/microglia,1.0,0.0,4.0,4.0,0.0,4.0,2.0,2.0,0.0,0.017249044865644922,0.0334073134215138,0.06899617946257969,0.017249044865644922,0.0,0.018142472052824248,0.0163556176784656,-0.0017868543743586492,1.0,1.0,1.0,1.0,2.0,2.0,0.0,0.0,0.0,0.0,0.0,0.0,0.0,0.0,0.0,0.0,0.0,0.0,12086.0,25922.0,12086.0,0.0,0
DRB1,IDH_WT,tumor,cycling_tumor,1.0,0.0,2.0,2.0,0.0,0.0,2.0,0.0,-2.0,0.003925841771916736,0.0072428603962872,0.007851683543833471,0.003925841771916736,0.0,0.003925841771916736,0.0,-0.003925841771916736,1.0,1.0,1.0,1.0,1.0,1.0,0.0,0.0,0.0,0.0,0.0,0.0,0.0,0.0,0.0,0.0,0.0,0.0,6410.0,814.0,814.0,0.0,0
DRB5,IDH_Mutant,tumor,AC_like_tumor,1.0,0.0,0.0,0.0,0.0,0.0,0.0,0.0,0.0,0.0,0.0,0.0,0.0,0.0,0.0,0.0,0.0,0.0,0.0,0.0,0.0,0.0,0.0,0.0,0.0,0.0,0.0,0.0,0.0,0.0,0.0,0.0,0.0,0.0,0.0,72549.0,446.0,446.0,0.0,0
DRB5,IDH_Mutant,tumor,OPC_GABA_AC_like_tumor,1.0,0.0,0.0,0.0,0.0,0.0,0.0,0.0,0.0,0.0,0.0,0.0,0.0,0.0,0.0,0.0,0.0,0.0,0.0,0.0,0.0,0.0,0.0,0.0,0.0,0.0,0.0,0.0,0.0,0.0,0.0,0.0,0.0,0.0,0.0,6202.0,1012.0,1012.0,0.0,0
DRB5,IDH_Mutant,tumor,OPC_GABA_like_tumor,1.0,0.0,0.0,0.0,0.0,0.0,0.0,0.0,0.0,0.0,0.0,0.0,0.0,0.0,0.0,0.0,0.0,0.0,0.0,0.0,0.0,0.0,0.0,0.0,0.0,0.0,0.0,0.0,0.0,0.0,0.0,0.0,0.0,0.0,0.0,6741.0,14114.0,6741.0,0.0,0
DRB5,IDH_Mutant,T_cell,T cell,1.0,0.0,0.0,0.0,0.0,0.0,0.0,0.0,0.0,0.0,0.0,0.0,0.0,0.0,0.0,0.0,0.0,0.0,0.0,0.0,0.0,0.0,0.0,0.0,0.0,0.0,0.0,0.0,0.0,0.0,0.0,0.0,0.0,0.0,0.0,2662.0,1463.0,1463.0,0.0,0
DRB5,IDH_Mutant,TAM_microglia,TAM1/TAM2/microglia,1.0,0.0,4.0,4.0,0.0,4.0,2.0,2.0,0.0,0.005800008038656948,0.0153299905391955,0.023200032154627792,0.005800008038656948,0.0,0.00831414595327485,0.0032858701240390453,-0.005028275829235805,1.0,1.0,1.0,1.0,2.0,2.0,0.0,0.0,0.0,0.0,0.0,0.0,0.0,0.0,0.0,0.0,0.0,0.0,12086.0,25922.0,12086.0,0.0,0
DRB5,IDH_Mutant,tumor,cycling_tumor,1.0,0.0,0.0,0.0,0.0,0.0,0.0,0.0,0.0,0.0,0.0,0.0,0.0,0.0,0.0,0.0,0.0,0.0,0.0,0.0,0.0,0.0,0.0,0.0,0.0,0.0,0.0,0.0,0.0,0.0,0.0,0.0,0.0,0.0,0.0,6410.0,814.0,814.0,0.0,0
DRB5,IDH_WT,tumor,AC_like_tumor,1.0,0.0,0.0,0.0,0.0,0.0,0.0,0.0,0.0,0.0,0.0,0.0,0.0,0.0,0.0,0.0,0.0,0.0,0.0,0.0,0.0,0.0,0.0,0.0,0.0,0.0,0.0,0.0,0.0,0.0,0.0,0.0,0.0,0.0,0.0,72549.0,446.0,446.0,0.0,0
DRB5,IDH_WT,tumor,OPC_GABA_AC_like_tumor,1.0,0.0,0.0,0.0,0.0,0.0,0.0,0.0,0.0,0.0,0.0,0.0,0.0,0.0,0.0,0.0,0.0,0.0,0.0,0.0,0.0,0.0,0.0,0.0,0.0,0.0,0.0,0.0,0.0,0.0,0.0,0.0,0.0,0.0,0.0,6202.0,1012.0,1012.0,0.0,0
DRB5,IDH_WT,tumor,OPC_GABA_like_tumor,1.0,0.0,0.0,0.0,0.0,0.0,0.0,0.0,0.0,0.0,0.0,0.0,0.0,0.0,0.0,0.0,0.0,0.0,0.0,0.0,0.0,0.0,0.0,0.0,0.0,0.0,0.0,0.0,0.0,0.0,0.0,0.0,0.0,0.0,0.0,6741.0,14114.0,6741.0,0.0,0
DRB5,IDH_WT,T_cell,T cell,1.0,0.0,0.0,0.0,0.0,0.0,0.0,0.0,0.0,0.0,0.0,0.0,0.0,0.0,0.0,0.0,0.0,0.0,0.0,0.0,0.0,0.0,0.0,0.0,0.0,0.0,0.0,0.0,0.0,0.0,0.0,0.0,0.0,0.0,0.0,2662.0,1463.0,1463.0,0.0,0
DRB5,IDH_WT,TAM_microglia,TAM1/TAM2/microglia,1.0,0.0,4.0,4.0,0.0,4.0,2.0,2.0,0.0,0.005800008038656948,0.0153299905391955,0.023200032154627792,0.005800008038656948,0.0,0.00831414595327485,0.0032858701240390453,-0.005028275829235805,1.0,1.0,1.0,1.0,2.0,2.0,0.0,0.0,0.0,0.0,0.0,0.0,0.0,0.0,0.0,0.0,0.0,0.0,12086.0,25922.0,12086.0,0.0,0
DRB5,IDH_WT,tumor,cycling_tumor,1.0,0.0,0.0,0.0,0.0,0.0,0.0,0.0,0.0,0.0,0.0,0.0,0.0,0.0,0.0,0.0,0.0,0.0,0.0,0.0,0.0,0.0,0.0,0.0,0.0,0.0,0.0,0.0,0.0,0.0,0.0,0.0,0.0,0.0,0.0,6410.0,814.0,814.0,0.0,0
E,IDH_Mutant,tumor,AC_like_tumor,1.0,0.0,0.0,0.0,0.0,0.0,0.0,0.0,0.0,0.0,0.0,0.0,0.0,0.0,0.0,0.0,0.0,0.0,0.0,0.0,0.0,0.0,0.0,0.0,0.0,0.0,0.0,0.0,0.0,0.0,0.0,0.0,0.0,0.0,0.0,72549.0,446.0,446.0,0.0,0
E,IDH_Mutant,tumor,OPC_GABA_AC_like_tumor,1.0,0.0,0.0,0.0,0.0,0.0,0.0,0.0,0.0,0.0,0.0,0.0,0.0,0.0,0.0,0.0,0.0,0.0,0.0,0.0,0.0,0.0,0.0,0.0,0.0,0.0,0.0,0.0,0.0,0.0,0.0,0.0,0.0,0.0,0.0,6202.0,1012.0,1012.0,0.0,0
E,IDH_Mutant,tumor,OPC_GABA_like_tumor,1.0,0.0,0.0,0.0,0.0,0.0,0.0,0.0,0.0,0.0,0.0,0.0,0.0,0.0,0.0,0.0,0.0,0.0,0.0,0.0,0.0,0.0,0.0,0.0,0.0,0.0,0.0,0.0,0.0,0.0,0.0,0.0,0.0,0.0,0.0,6741.0,14114.0,6741.0,0.0,0
E,IDH_Mutant,T_cell,T cell,1.0,0.0,2.0,2.0,0.0,0.0,1.0,1.0,0.0,0.0230551639814484,0.0243335020236749,0.0461103279628968,0.0230551639814484,0.0,0.0243335020236749,0.0217768259392219,-0.0025566760844529975,1.0,1.0,1.0,1.0,1.0,1.0,0.0,0.0,0.0,0.0,0.0,0.0,0.0,0.0,0.0,0.0,0.0,0.0,2662.0,1463.0,1463.0,0.0,0
E,IDH_Mutant,TAM_microglia,TAM1/TAM2/microglia,1.0,0.0,2.0,2.0,0.0,0.0,1.0,1.0,0.0,0.02515848644454735,0.0287367317117394,0.0503169728890947,0.02515848644454735,0.0,0.0215802411773553,0.0287367317117394,0.007156490534384101,1.0,1.0,1.0,1.0,1.0,1.0,0.0,0.0,0.0,0.0,0.0,0.0,0.0,0.0,0.0,0.0,0.0,0.0,12086.0,25922.0,12086.0,0.0,0
E,IDH_Mutant,tumor,cycling_tumor,1.0,0.0,1.0,1.0,0.0,0.0,1.0,0.0,-1.0,0.0040438839943757,0.0040438839943757,0.0040438839943757,0.0040438839943757,0.0,0.0040438839943757,0.0,-0.0040438839943757,1.0,1.0,1.0,1.0,0.0,1.0,0.0,0.0,0.0,0.0,0.0,0.0,0.0,0.0,0.0,0.0,0.0,0.0,6410.0,814.0,814.0,0.0,0
E,IDH_WT,tumor,AC_like_tumor,1.0,0.0,0.0,0.0,0.0,0.0,0.0,0.0,0.0,0.0,0.0,0.0,0.0,0.0,0.0,0.0,0.0,0.0,0.0,0.0,0.0,0.0,0.0,0.0,0.0,0.0,0.0,0.0,0.0,0.0,0.0,0.0,0.0,0.0,0.0,72549.0,446.0,446.0,0.0,0
E,IDH_WT,tumor,OPC_GABA_AC_like_tumor,1.0,0.0,0.0,0.0,0.0,0.0,0.0,0.0,0.0,0.0,0.0,0.0,0.0,0.0,0.0,0.0,0.0,0.0,0.0,0.0,0.0,0.0,0.0,0.0,0.0,0.0,0.0,0.0,0.0,0.0,0.0,0.0,0.0,0.0,0.0,6202.0,1012.0,1012.0,0.0,0
E,IDH_WT,tumor,OPC_GABA_like_tumor,1.0,0.0,0.0,0.0,0.0,0.0,0.0,0.0,0.0,0.0,0.0,0.0,0.0,0.0,0.0,0.0,0.0,0.0,0.0,0.0,0.0,0.0,0.0,0.0,0.0,0.0,0.0,0.0,0.0,0.0,0.0,0.0,0.0,0.0,0.0,6741.0,14114.0,6741.0,0.0,0
E,IDH_WT,T_cell,T cell,1.0,0.0,2.0,2.0,0.0,0.0,1.0,1.0,0.0,0.0230551639814484,0.0243335020236749,0.0461103279628968,0.0230551639814484,0.0,0.0243335020236749,0.0217768259392219,-0.0025566760844529975,1.0,1.0,1.0,1.0,1.0,1.0,0.0,0.0,0.0,0.0,0.0,0.0,0.0,0.0,0.0,0.0,0.0,0.0,2662.0,1463.0,1463.0,0.0,0
E,IDH_WT,TAM_microglia,TAM1/TAM2/microglia,1.0,0.0,2.0,2.0,0.0,0.0,1.0,1.0,0.0,0.02515848644454735,0.0287367317117394,0.0503169728890947,0.02515848644454735,0.0,0.0215802411773553,0.0287367317117394,0.007156490534384101,1.0,1.0,1.0,1.0,1.0,1.0,0.0,0.0,0.0,0.0,0.0,0.0,0.0,0.0,0.0,0.0,0.0,0.0,12086.0,25922.0,12086.0,0.0,0
E,IDH_WT,tumor,cycling_tumor,1.0,0.0,1.0,1.0,0.0,0.0,1.0,0.0,-1.0,0.0040438839943757,0.0040438839943757,0.0040438839943757,0.0040438839943757,0.0,0.0040438839943757,0.0,-0.0040438839943757,1.0,1.0,1.0,1.0,0.0,1.0,0.0,0.0,0.0,0.0,0.0,0.0,0.0,0.0,0.0,0.0,0.0,0.0,6410.0,814.0,814.0,0.0,0
EGFR,IDH_Mutant,tumor,AC_like_tumor,0.0,1.0,4.0,0.0,4.0,0.0,2.0,2.0,0.0,0.007759912703063149,0.0139104095399897,0.031039650812252597,0.0,0.007759912703063149,0.01102272089224575,0.00449710451388055,-0.006525616378365199,1.0,2.0,2.0,1.0,2.0,2.0,1.0,0.9910509980827282,0.9910509980827282,1.0,0.0,6.212669893078216,6.244483671668138,0.371,0.2,-0.17099999999999999,0.0,0.0,72549.0,446.0,446.0,0.0,0
EGFR,IDH_Mutant,tumor,OPC_GABA_AC_like_tumor,0.0,1.0,2.0,0.0,2.0,0.0,2.0,0.0,-2.0,0.0103901636652432,0.0131137600897326,0.0207803273304864,0.0,0.0103901636652432,0.0103901636652432,0.0,-0.0103901636652432,1.0,2.0,2.0,1.0,1.0,1.0,0.0,0.0,0.0,0.0,0.0,0.0,0.0,0.0,0.0,0.0,0.0,3.884741073233089,6202.0,1012.0,1012.0,0.0,0
EGFR,IDH_Mutant,tumor,OPC_GABA_like_tumor,0.0,1.0,4.0,0.0,4.0,0.0,2.0,2.0,0.0,0.01927997356641785,0.0324842206972956,0.0771198942656714,0.0,0.01927997356641785,0.025815626960540197,0.012744320172295499,-0.013071306788244698,1.0,2.0,2.0,1.0,2.0,2.0,1.0,0.9416551344956996,0.9416551344956996,1.0,0.0,60.08480607195075,87.62594223449511,0.613,0.427,-0.186,0.0,4.810347400142153,6741.0,14114.0,6741.0,0.0,0
EGFR,IDH_Mutant,T_cell,T cell,0.0,1.0,0.0,0.0,0.0,0.0,0.0,0.0,0.0,0.0,0.0,0.0,0.0,0.0,0.0,0.0,0.0,0.0,0.0,0.0,0.0,0.0,0.0,0.0,0.0,0.0,0.0,0.0,0.0,0.0,0.0,0.0,0.0,0.0,0.0,2662.0,1463.0,1463.0,0.0,1
EGFR,IDH_Mutant,TAM_microglia,TAM1/TAM2/microglia,0.0,1.0,0.0,0.0,0.0,0.0,0.0,0.0,0.0,0.0,0.0,0.0,0.0,0.0,0.0,0.0,0.0,0.0,0.0,0.0,0.0,0.0,0.0,0.0,0.0,0.0,0.0,0.0,0.0,0.0,0.0,0.0,0.0,0.0,0.0,12086.0,25922.0,12086.0,0.0,0
EGFR,IDH_Mutant,tumor,cycling_tumor,0.0,1.0,4.0,0.0,4.0,0.0,2.0,2.0,0.0,0.003551269548778375,0.0064027402138418,0.0142050781951135,0.0,0.003551269548778375,0.00506768358793725,0.0020348555096195,-0.00303282807831775,1.0,2.0,2.0,1.0,2.0,2.0,1.0,3.583022084327702,3.583022084327702,1.0,0.0,35.3294962415499,33.49753694581281,0.669,0.041,-0.628,0.0,2.992594636900289,6410.0,814.0,814.0,0.0,0
EGFR,IDH_WT,tumor,AC_like_tumor,0.0,1.0,4.0,0.0,4.0,0.0,2.0,2.0,0.0,0.007759912703063149,0.0139104095399897,0.031039650812252597,0.0,0.007759912703063149,0.01102272089224575,0.00449710451388055,-0.006525616378365199,1.0,2.0,2.0,1.0,2.0,2.0,0.0,0.0,0.0,0.0,0.0,0.0,0.0,0.0,0.0,0.0,0.0,0.9910509980827282,72549.0,446.0,446.0,0.0,0
EGFR,IDH_WT,tumor,OPC_GABA_AC_like_tumor,0.0,1.0,2.0,0.0,2.0,0.0,2.0,0.0,-2.0,0.0103901636652432,0.0131137600897326,0.0207803273304864,0.0,0.0103901636652432,0.0103901636652432,0.0,-0.0103901636652432,1.0,2.0,2.0,1.0,1.0,1.0,1.0,-3.884741073233089,3.884741073233089,0.0,1.0,14.342600748057844,3.0783078307830785,0.064,0.407,0.34299999999999997,0.0,0.0,6202.0,1012.0,1012.0,0.0,0
EGFR,IDH_WT,tumor,OPC_GABA_like_tumor,0.0,1.0,4.0,0.0,4.0,0.0,2.0,2.0,0.0,0.01927997356641785,0.0324842206972956,0.0771198942656714,0.0,0.01927997356641785,0.025815626960540197,0.012744320172295499,-0.013071306788244698,1.0,2.0,2.0,1.0,2.0,2.0,1.0,-4.810347400142153,4.810347400142153,0.0,1.0,307.6526555685888,27.741935483870968,0.239,0.664,0.42500000000000004,0.0,0.9416551344956996,6741.0,14114.0,6741.0,0.0,0
EGFR,IDH_WT,T_cell,T cell,0.0,1.0,0.0,0.0,0.0,0.0,0.0,0.0,0.0,0.0,0.0,0.0,0.0,0.0,0.0,0.0,0.0,0.0,0.0,0.0,0.0,0.0,0.0,0.0,0.0,0.0,0.0,0.0,0.0,0.0,0.0,0.0,0.0,0.0,0.0,2662.0,1463.0,1463.0,0.0,1
EGFR,IDH_WT,TAM_microglia,TAM1/TAM2/microglia,0.0,1.0,0.0,0.0,0.0,0.0,0.0,0.0,0.0,0.0,0.0,0.0,0.0,0.0,0.0,0.0,0.0,0.0,0.0,0.0,0.0,0.0,0.0,0.0,0.0,0.0,0.0,0.0,0.0,0.0,0.0,0.0,0.0,0.0,0.0,12086.0,25922.0,12086.0,0.0,0
EGFR,IDH_WT,tumor,cycling_tumor,0.0,1.0,4.0,0.0,4.0,0.0,2.0,2.0,0.0,0.003551269548778375,0.0064027402138418,0.0142050781951135,0.0,0.003551269548778375,0.00506768358793725,0.0020348555096195,-0.00303282807831775,1.0,2.0,2.0,1.0,2.0,2.0,1.0,-2.992594636900289,2.992594636900289,0.0,1.0,10.242048894764032,10.184331797235023,0.17,0.28,0.11000000000000001,0.0,3.583022084327702,6410.0,814.0,814.0,0.0,0
ENTPD1,IDH_Mutant,tumor,AC_like_tumor,1.0,1.0,0.0,0.0,0.0,0.0,0.0,0.0,0.0,0.0,0.0,0.0,0.0,0.0,0.0,0.0,0.0,0.0,0.0,0.0,0.0,0.0,0.0,0.0,0.0,0.0,0.0,0.0,0.0,0.0,0.0,0.0,0.0,0.0,0.0,72549.0,446.0,446.0,0.0,0
ENTPD1,IDH_Mutant,tumor,OPC_GABA_AC_like_tumor,1.0,1.0,0.0,0.0,0.0,0.0,0.0,0.0,0.0,0.0,0.0,0.0,0.0,0.0,0.0,0.0,0.0,0.0,0.0,0.0,0.0,0.0,0.0,0.0,0.0,0.0,0.0,0.0,0.0,0.0,0.0,0.0,0.0,0.0,0.0,6202.0,1012.0,1012.0,0.0,0
ENTPD1,IDH_Mutant,tumor,OPC_GABA_like_tumor,1.0,1.0,0.0,0.0,0.0,0.0,0.0,0.0,0.0,0.0,0.0,0.0,0.0,0.0,0.0,0.0,0.0,0.0,0.0,0.0,0.0,0.0,0.0,0.0,0.0,0.0,0.0,0.0,0.0,0.0,0.0,0.0,0.0,0.0,0.0,6741.0,14114.0,6741.0,0.0,0
ENTPD1,IDH_Mutant,T_cell,T cell,1.0,1.0,0.0,0.0,0.0,0.0,0.0,0.0,0.0,0.0,0.0,0.0,0.0,0.0,0.0,0.0,0.0,0.0,0.0,0.0,0.0,0.0,0.0,0.0,0.0,0.0,0.0,0.0,0.0,0.0,0.0,0.0,0.0,0.0,0.0,2662.0,1463.0,1463.0,0.0,0
ENTPD1,IDH_Mutant,TAM_microglia,TAM1/TAM2/microglia,1.0,1.0,4.0,3.0,1.0,3.0,0.0,4.0,4.0,0.007203532889106999,0.0134956831199029,0.028814131556427997,0.008304237072371566,0.0039014203393133,0.0,0.007203532889106999,0.007203532889106999,1.0,2.0,1.0,2.0,2.0,2.0,1.0,1.0096441126957014,1.0096441126957014,1.0,0.0,41.50421303315566,91.1538623094048,0.355,0.205,-0.15,1.0,0.6512541342894388,12086.0,25922.0,12086.0,0.0,0
ENTPD1,IDH_Mutant,tumor,cycling_tumor,1.0,1.0,0.0,0.0,0.0,0.0,0.0,0.0,0.0,0.0,0.0,0.0,0.0,0.0,0.0,0.0,0.0,0.0,0.0,0.0,0.0,0.0,0.0,0.0,0.0,0.0,0.0,0.0,0.0,0.0,0.0,0.0,0.0,0.0,0.0,6410.0,814.0,814.0,0.0,0
ENTPD1,IDH_WT,tumor,AC_like_tumor,1.0,1.0,0.0,0.0,0.0,0.0,0.0,0.0,0.0,0.0,0.0,0.0,0.0,0.0,0.0,0.0,0.0,0.0,0.0,0.0,0.0,0.0,0.0,0.0,0.0,0.0,0.0,0.0,0.0,0.0,0.0,0.0,0.0,0.0,0.0,72549.0,446.0,446.0,0.0,0
ENTPD1,IDH_WT,tumor,OPC_GABA_AC_like_tumor,1.0,1.0,0.0,0.0,0.0,0.0,0.0,0.0,0.0,0.0,0.0,0.0,0.0,0.0,0.0,0.0,0.0,0.0,0.0,0.0,0.0,0.0,0.0,0.0,0.0,0.0,0.0,0.0,0.0,0.0,0.0,0.0,0.0,0.0,0.0,6202.0,1012.0,1012.0,0.0,0
ENTPD1,IDH_WT,tumor,OPC_GABA_like_tumor,1.0,1.0,0.0,0.0,0.0,0.0,0.0,0.0,0.0,0.0,0.0,0.0,0.0,0.0,0.0,0.0,0.0,0.0,0.0,0.0,0.0,0.0,0.0,0.0,0.0,0.0,0.0,0.0,0.0,0.0,0.0,0.0,0.0,0.0,0.0,6741.0,14114.0,6741.0,0.0,0
ENTPD1,IDH_WT,T_cell,T cell,1.0,1.0,0.0,0.0,0.0,0.0,0.0,0.0,0.0,0.0,0.0,0.0,0.0,0.0,0.0,0.0,0.0,0.0,0.0,0.0,0.0,0.0,0.0,0.0,0.0,0.0,0.0,0.0,0.0,0.0,0.0,0.0,0.0,0.0,0.0,2662.0,1463.0,1463.0,0.0,0
ENTPD1,IDH_WT,TAM_microglia,TAM1/TAM2/microglia,1.0,1.0,4.0,3.0,1.0,3.0,0.0,4.0,4.0,0.007203532889106999,0.0134956831199029,0.028814131556427997,0.008304237072371566,0.0039014203393133,0.0,0.007203532889106999,0.007203532889106999,1.0,2.0,1.0,2.0,2.0,2.0,1.0,0.6512541342894388,0.6512541342894388,1.0,0.0,28.708785406810396,22.064142753797928,0.234,0.137,-0.097,1.0,1.0096441126957014,12086.0,25922.0,12086.0,0.0,0
ENTPD1,IDH_WT,tumor,cycling_tumor,1.0,1.0,0.0,0.0,0.0,0.0,0.0,0.0,0.0,0.0,0.0,0.0,0.0,0.0,0.0,0.0,0.0,0.0,0.0,0.0,0.0,0.0,0.0,0.0,0.0,0.0,0.0,0.0,0.0,0.0,0.0,0.0,0.0,0.0,0.0,6410.0,814.0,814.0,0.0,0
FPR1,IDH_Mutant,tumor,AC_like_tumor,0.0,1.0,0.0,0.0,0.0,0.0,0.0,0.0,0.0,0.0,0.0,0.0,0.0,0.0,0.0,0.0,0.0,0.0,0.0,0.0,0.0,0.0,0.0,0.0,0.0,0.0,0.0,0.0,0.0,0.0,0.0,0.0,0.0,0.0,0.0,72549.0,446.0,446.0,0.0,0
FPR1,IDH_Mutant,tumor,OPC_GABA_AC_like_tumor,0.0,1.0,0.0,0.0,0.0,0.0,0.0,0.0,0.0,0.0,0.0,0.0,0.0,0.0,0.0,0.0,0.0,0.0,0.0,0.0,0.0,0.0,0.0,0.0,0.0,0.0,0.0,0.0,0.0,0.0,0.0,0.0,0.0,0.0,0.0,6202.0,1012.0,1012.0,0.0,0
FPR1,IDH_Mutant,tumor,OPC_GABA_like_tumor,0.0,1.0,0.0,0.0,0.0,0.0,0.0,0.0,0.0,0.0,0.0,0.0,0.0,0.0,0.0,0.0,0.0,0.0,0.0,0.0,0.0,0.0,0.0,0.0,0.0,0.0,0.0,0.0,0.0,0.0,0.0,0.0,0.0,0.0,0.0,6741.0,14114.0,6741.0,0.0,0
FPR1,IDH_Mutant,T_cell,T cell,0.0,1.0,0.0,0.0,0.0,0.0,0.0,0.0,0.0,0.0,0.0,0.0,0.0,0.0,0.0,0.0,0.0,0.0,0.0,0.0,0.0,0.0,0.0,0.0,0.0,0.0,0.0,0.0,0.0,0.0,0.0,0.0,0.0,0.0,0.0,2662.0,1463.0,1463.0,0.0,0
FPR1,IDH_Mutant,TAM_microglia,TAM1/TAM2/microglia,0.0,1.0,10.0,0.0,10.0,2.0,5.0,5.0,0.0,0.00602697727173577,0.0086008858847479,0.0602697727173577,0.0,0.00602697727173577,0.00522935085167118,0.00682460369180036,0.00159525284012918,1.0,1.0,4.0,1.0,5.0,5.0,1.0,0.6963076000213524,0.6963076000213524,1.0,0.0,39.53221449842776,91.1538623094048,0.511,0.367,-0.14400000000000002,1.0,0.5470222097655603,12086.0,25922.0,12086.0,0.0,0
FPR1,IDH_Mutant,tumor,cycling_tumor,0.0,1.0,0.0,0.0,0.0,0.0,0.0,0.0,0.0,0.0,0.0,0.0,0.0,0.0,0.0,0.0,0.0,0.0,0.0,0.0,0.0,0.0,0.0,1.0,-3.886882400796423,3.886882400796423,0.0,1.0,2.1537092049596174,33.49753694581281,0.015,0.204,0.189,0.0,0.0,6410.0,814.0,814.0,0.0,0
FPR1,IDH_WT,tumor,AC_like_tumor,0.0,1.0,0.0,0.0,0.0,0.0,0.0,0.0,0.0,0.0,0.0,0.0,0.0,0.0,0.0,0.0,0.0,0.0,0.0,0.0,0.0,0.0,0.0,0.0,0.0,0.0,0.0,0.0,0.0,0.0,0.0,0.0,0.0,0.0,0.0,72549.0,446.0,446.0,0.0,0
FPR1,IDH_WT,tumor,OPC_GABA_AC_like_tumor,0.0,1.0,0.0,0.0,0.0,0.0,0.0,0.0,0.0,0.0,0.0,0.0,0.0,0.0,0.0,0.0,0.0,0.0,0.0,0.0,0.0,0.0,0.0,0.0,0.0,0.0,0.0,0.0,0.0,0.0,0.0,0.0,0.0,0.0,0.0,6202.0,1012.0,1012.0,0.0,0
FPR1,IDH_WT,tumor,OPC_GABA_like_tumor,0.0,1.0,0.0,0.0,0.0,0.0,0.0,0.0,0.0,0.0,0.0,0.0,0.0,0.0,0.0,0.0,0.0,0.0,0.0,0.0,0.0,0.0,0.0,0.0,0.0,0.0,0.0,0.0,0.0,0.0,0.0,0.0,0.0,0.0,0.0,6741.0,14114.0,6741.0,0.0,0
FPR1,IDH_WT,T_cell,T cell,0.0,1.0,0.0,0.0,0.0,0.0,0.0,0.0,0.0,0.0,0.0,0.0,0.0,0.0,0.0,0.0,0.0,0.0,0.0,0.0,0.0,0.0,0.0,0.0,0.0,0.0,0.0,0.0,0.0,0.0,0.0,0.0,0.0,0.0,0.0,2662.0,1463.0,1463.0,0.0,0
FPR1,IDH_WT,TAM_microglia,TAM1/TAM2/microglia,0.0,1.0,10.0,0.0,10.0,2.0,5.0,5.0,0.0,0.00602697727173577,0.0086008858847479,0.0602697727173577,0.0,0.00602697727173577,0.00522935085167118,0.00682460369180036,0.00159525284012918,1.0,1.0,4.0,1.0,5.0,5.0,1.0,0.5470222097655603,0.5470222097655603,1.0,0.0,46.002602613239794,22.064142753797928,0.493,0.332,-0.16099999999999998,1.0,0.6963076000213524,12086.0,25922.0,12086.0,0.0,0
FPR1,IDH_WT,tumor,cycling_tumor,0.0,1.0,0.0,0.0,0.0,0.0,0.0,0.0,0.0,0.0,0.0,0.0,0.0,0.0,0.0,0.0,0.0,0.0,0.0,0.0,0.0,0.0,0.0,0.0,0.0,0.0,0.0,0.0,0.0,0.0,0.0,0.0,0.0,0.0,3.886882400796423,6410.0,814.0,814.0,0.0,0
GAS6,IDH_Mutant,tumor,AC_like_tumor,1.0,0.0,0.0,0.0,0.0,0.0,0.0,0.0,0.0,0.0,0.0,0.0,0.0,0.0,0.0,0.0,0.0,0.0,0.0,0.0,0.0,0.0,0.0,0.0,0.0,0.0,0.0,0.0,0.0,0.0,0.0,0.0,0.0,0.0,0.0,72549.0,446.0,446.0,0.0,0
GAS6,IDH_Mutant,tumor,OPC_GABA_AC_like_tumor,1.0,0.0,0.0,0.0,0.0,0.0,0.0,0.0,0.0,0.0,0.0,0.0,0.0,0.0,0.0,0.0,0.0,0.0,0.0,0.0,0.0,0.0,0.0,0.0,0.0,0.0,0.0,0.0,0.0,0.0,0.0,0.0,0.0,0.0,0.0,6202.0,1012.0,1012.0,0.0,0
GAS6,IDH_Mutant,tumor,OPC_GABA_like_tumor,1.0,0.0,0.0,0.0,0.0,0.0,0.0,0.0,0.0,0.0,0.0,0.0,0.0,0.0,0.0,0.0,0.0,0.0,0.0,0.0,0.0,0.0,0.0,0.0,0.0,0.0,0.0,0.0,0.0,0.0,0.0,0.0,0.0,0.0,0.0,6741.0,14114.0,6741.0,0.0,0
GAS6,IDH_Mutant,T_cell,T cell,1.0,0.0,0.0,0.0,0.0,0.0,0.0,0.0,0.0,0.0,0.0,0.0,0.0,0.0,0.0,0.0,0.0,0.0,0.0,0.0,0.0,0.0,0.0,0.0,0.0,0.0,0.0,0.0,0.0,0.0,0.0,0.0,0.0,0.0,0.0,2662.0,1463.0,1463.0,0.0,0
GAS6,IDH_Mutant,TAM_microglia,TAM1/TAM2/microglia,1.0,0.0,2.0,2.0,0.0,2.0,0.0,2.0,2.0,0.00795189203387295,0.012077162692356,0.0159037840677459,0.00795189203387295,0.0,0.0,0.00795189203387295,0.00795189203387295,1.0,2.0,1.0,1.0,2.0,0.0,1.0,0.3876737388378609,0.3876737388378609,1.0,0.0,7.680681181946396,91.1538623094048,0.363,0.28,-0.08299999999999996,1.0,1.0297449427302867,12086.0,25922.0,12086.0,0.0,0
GAS6,IDH_Mutant,tumor,cycling_tumor,1.0,0.0,0.0,0.0,0.0,0.0,0.0,0.0,0.0,0.0,0.0,0.0,0.0,0.0,0.0,0.0,0.0,0.0,0.0,0.0,0.0,0.0,0.0,1.0,-6.232159625747492,6.232159625747492,0.0,1.0,4.162071336067185,33.49753694581281,0.015,0.248,0.23299999999999998,0.0,0.0,6410.0,814.0,814.0,0.0,0
GAS6,IDH_WT,tumor,AC_like_tumor,1.0,0.0,0.0,0.0,0.0,0.0,0.0,0.0,0.0,0.0,0.0,0.0,0.0,0.0,0.0,0.0,0.0,0.0,0.0,0.0,0.0,0.0,0.0,0.0,0.0,0.0,0.0,0.0,0.0,0.0,0.0,0.0,0.0,0.0,0.0,72549.0,446.0,446.0,0.0,0
GAS6,IDH_WT,tumor,OPC_GABA_AC_like_tumor,1.0,0.0,0.0,0.0,0.0,0.0,0.0,0.0,0.0,0.0,0.0,0.0,0.0,0.0,0.0,0.0,0.0,0.0,0.0,0.0,0.0,0.0,0.0,0.0,0.0,0.0,0.0,0.0,0.0,0.0,0.0,0.0,0.0,0.0,0.0,6202.0,1012.0,1012.0,0.0,0
GAS6,IDH_WT,tumor,OPC_GABA_like_tumor,1.0,0.0,0.0,0.0,0.0,0.0,0.0,0.0,0.0,0.0,0.0,0.0,0.0,0.0,0.0,0.0,0.0,0.0,0.0,0.0,0.0,0.0,0.0,0.0,0.0,0.0,0.0,0.0,0.0,0.0,0.0,0.0,0.0,0.0,0.0,6741.0,14114.0,6741.0,0.0,0
GAS6,IDH_WT,T_cell,T cell,1.0,0.0,0.0,0.0,0.0,0.0,0.0,0.0,0.0,0.0,0.0,0.0,0.0,0.0,0.0,0.0,0.0,0.0,0.0,0.0,0.0,0.0,0.0,0.0,0.0,0.0,0.0,0.0,0.0,0.0,0.0,0.0,0.0,0.0,0.0,2662.0,1463.0,1463.0,0.0,0
GAS6,IDH_WT,TAM_microglia,TAM1/TAM2/microglia,1.0,0.0,2.0,2.0,0.0,2.0,0.0,2.0,2.0,0.00795189203387295,0.012077162692356,0.0159037840677459,0.00795189203387295,0.0,0.0,0.00795189203387295,0.00795189203387295,1.0,2.0,1.0,1.0,2.0,0.0,1.0,1.0297449427302867,1.0297449427302867,1.0,0.0,51.35063053791812,22.064142753797928,0.254,0.13,-0.124,1.0,0.3876737388378609,12086.0,25922.0,12086.0,0.0,0
GAS6,IDH_WT,tumor,cycling_tumor,1.0,0.0,0.0,0.0,0.0,0.0,0.0,0.0,0.0,0.0,0.0,0.0,0.0,0.0,0.0,0.0,0.0,0.0,0.0,0.0,0.0,0.0,0.0,0.0,0.0,0.0,0.0,0.0,0.0,0.0,0.0,0.0,0.0,0.0,6.232159625747492,6410.0,814.0,814.0,0.0,0
GLS,IDH_Mutant,tumor,AC_like_tumor,1.0,0.0,0.0,0.0,0.0,0.0,0.0,0.0,0.0,0.0,0.0,0.0,0.0,0.0,0.0,0.0,0.0,0.0,0.0,0.0,0.0,0.0,0.0,1.0,0.5776595965084482,0.5776595965084482,1.0,0.0,1.6526299934287525,6.244483671668138,0.216,0.113,-0.103,0.0,0.0,72549.0,446.0,446.0,0.0,0
GLS,IDH_Mutant,tumor,OPC_GABA_AC_like_tumor,1.0,0.0,0.0,0.0,0.0,0.0,0.0,0.0,0.0,0.0,0.0,0.0,0.0,0.0,0.0,0.0,0.0,0.0,0.0,0.0,0.0,0.0,0.0,0.0,0.0,0.0,0.0,0.0,0.0,0.0,0.0,0.0,0.0,0.0,0.0,6202.0,1012.0,1012.0,0.0,0
GLS,IDH_Mutant,tumor,OPC_GABA_like_tumor,1.0,0.0,0.0,0.0,0.0,0.0,0.0,0.0,0.0,0.0,0.0,0.0,0.0,0.0,0.0,0.0,0.0,0.0,0.0,0.0,0.0,0.0,0.0,0.0,0.0,0.0,0.0,0.0,0.0,0.0,0.0,0.0,0.0,0.0,1.189970242600572,6741.0,14114.0,6741.0,0.0,0
GLS,IDH_Mutant,T_cell,T cell,1.0,0.0,0.0,0.0,0.0,0.0,0.0,0.0,0.0,0.0,0.0,0.0,0.0,0.0,0.0,0.0,0.0,0.0,0.0,0.0,0.0,0.0,0.0,0.0,0.0,0.0,0.0,0.0,0.0,0.0,0.0,0.0,0.0,0.0,0.0,2662.0,1463.0,1463.0,0.0,0
GLS,IDH_Mutant,TAM_microglia,TAM1/TAM2/microglia,1.0,0.0,13.0,13.0,0.0,0.0,0.0,13.0,13.0,0.014240210546249894,0.0580182501147297,0.18512273710124863,0.014240210546249894,0.0,0.0,0.014240210546249894,0.014240210546249894,1.0,4.0,1.0,4.0,11.0,2.0,1.0,1.1064324236649108,1.1064324236649108,1.0,0.0,59.4595764004668,91.1538623094048,0.46,0.286,-0.17400000000000004,1.0,0.8886823854089718,12086.0,25922.0,12086.0,0.0,0
GLS,IDH_Mutant,tumor,cycling_tumor,1.0,0.0,26.0,26.0,0.0,8.0,0.0,26.0,26.0,0.0031970323399380892,0.0180971001094363,0.08312284083839032,0.0031970323399380892,0.0,0.0,0.0031970323399380892,0.0031970323399380892,1.0,4.0,1.0,4.0,22.0,4.0,0.0,0.0,0.0,0.0,0.0,0.0,0.0,0.0,0.0,0.0,0.0,0.9918381704077932,6410.0,814.0,814.0,0.0,0
GLS,IDH_WT,tumor,AC_like_tumor,1.0,0.0,0.0,0.0,0.0,0.0,0.0,0.0,0.0,0.0,0.0,0.0,0.0,0.0,0.0,0.0,0.0,0.0,0.0,0.0,0.0,0.0,0.0,0.0,0.0,0.0,0.0,0.0,0.0,0.0,0.0,0.0,0.0,0.0,0.5776595965084482,72549.0,446.0,446.0,0.0,0
GLS,IDH_WT,tumor,OPC_GABA_AC_like_tumor,1.0,0.0,0.0,0.0,0.0,0.0,0.0,0.0,0.0,0.0,0.0,0.0,0.0,0.0,0.0,0.0,0.0,0.0,0.0,0.0,0.0,0.0,0.0,0.0,0.0,0.0,0.0,0.0,0.0,0.0,0.0,0.0,0.0,0.0,0.0,6202.0,1012.0,1012.0,0.0,0
GLS,IDH_WT,tumor,OPC_GABA_like_tumor,1.0,0.0,0.0,0.0,0.0,0.0,0.0,0.0,0.0,0.0,0.0,0.0,0.0,0.0,0.0,0.0,0.0,0.0,0.0,0.0,0.0,0.0,0.0,1.0,1.189970242600572,1.189970242600572,1.0,0.0,125.73392048350394,27.741935483870968,0.332,0.087,-0.24500000000000002,0.0,0.0,6741.0,14114.0,6741.0,0.0,0
GLS,IDH_WT,T_cell,T cell,1.0,0.0,0.0,0.0,0.0,0.0,0.0,0.0,0.0,0.0,0.0,0.0,0.0,0.0,0.0,0.0,0.0,0.0,0.0,0.0,0.0,0.0,0.0,0.0,0.0,0.0,0.0,0.0,0.0,0.0,0.0,0.0,0.0,0.0,0.0,2662.0,1463.0,1463.0,0.0,0
GLS,IDH_WT,TAM_microglia,TAM1/TAM2/microglia,1.0,0.0,13.0,13.0,0.0,0.0,0.0,13.0,13.0,0.014240210546249894,0.0580182501147297,0.18512273710124863,0.014240210546249894,0.0,0.0,0.014240210546249894,0.014240210546249894,1.0,4.0,1.0,4.0,11.0,2.0,1.0,0.8886823854089718,0.8886823854089718,1.0,0.0,71.8248014029961,22.064142753797928,0.386,0.214,-0.17200000000000001,1.0,1.1064324236649108,12086.0,25922.0,12086.0,0.0,0
GLS,IDH_WT,tumor,cycling_tumor,1.0,0.0,26.0,26.0,0.0,8.0,0.0,26.0,26.0,0.0031970323399380892,0.0180971001094363,0.08312284083839032,0.0031970323399380892,0.0,0.0,0.0031970323399380892,0.0031970323399380892,1.0,4.0,1.0,4.0,22.0,4.0,1.0,0.9918381704077932,0.9918381704077932,1.0,0.0,90.22591303170422,10.184331797235023,0.339,0.073,-0.266,0.0,0.0,6410.0,814.0,814.0,0.0,0
GPR37L1,IDH_Mutant,tumor,AC_like_tumor,0.0,1.0,0.0,0.0,0.0,0.0,0.0,0.0,0.0,0.0,0.0,0.0,0.0,0.0,0.0,0.0,0.0,0.0,0.0,0.0,0.0,0.0,0.0,0.0,0.0,0.0,0.0,0.0,0.0,0.0,0.0,0.0,0.0,0.0,0.0,72549.0,446.0,446.0,0.0,0
GPR37L1,IDH_Mutant,tumor,OPC_GABA_AC_like_tumor,0.0,1.0,0.0,0.0,0.0,0.0,0.0,0.0,0.0,0.0,0.0,0.0,0.0,0.0,0.0,0.0,0.0,0.0,0.0,0.0,0.0,0.0,0.0,0.0,0.0,0.0,0.0,0.0,0.0,0.0,0.0,0.0,0.0,0.0,0.0,6202.0,1012.0,1012.0,0.0,0
GPR37L1,IDH_Mutant,tumor,OPC_GABA_like_tumor,0.0,1.0,9.0,0.0,9.0,2.0,0.0,9.0,9.0,0.0037123086690787114,0.0103328573239385,0.0334107780217084,0.0,0.0037123086690787114,0.0,0.0037123086690787114,0.0037123086690787114,1.0,1.0,5.0,1.0,4.0,5.0,1.0,0.8292562148931141,0.8292562148931141,1.0,0.0,11.253425680509837,87.62594223449511,0.217,0.133,-0.08399999999999999,0.0,0.0,6741.0,14114.0,6741.0,0.0,0
GPR37L1,IDH_Mutant,T_cell,T cell,0.0,1.0,0.0,0.0,0.0,0.0,0.0,0.0,0.0,0.0,0.0,0.0,0.0,0.0,0.0,0.0,0.0,0.0,0.0,0.0,0.0,0.0,0.0,0.0,0.0,0.0,0.0,0.0,0.0,0.0,0.0,0.0,0.0,0.0,0.0,2662.0,1463.0,1463.0,0.0,0
GPR37L1,IDH_Mutant,TAM_microglia,TAM1/TAM2/microglia,0.0,1.0,0.0,0.0,0.0,0.0,0.0,0.0,0.0,0.0,0.0,0.0,0.0,0.0,0.0,0.0,0.0,0.0,0.0,0.0,0.0,0.0,0.0,0.0,0.0,0.0,0.0,0.0,0.0,0.0,0.0,0.0,0.0,0.0,0.0,12086.0,25922.0,12086.0,0.0,0
GPR37L1,IDH_Mutant,tumor,cycling_tumor,0.0,1.0,0.0,0.0,0.0,0.0,0.0,0.0,0.0,0.0,0.0,0.0,0.0,0.0,0.0,0.0,0.0,0.0,0.0,0.0,0.0,0.0,0.0,0.0,0.0,0.0,0.0,0.0,0.0,0.0,0.0,0.0,0.0,0.0,0.0,6410.0,814.0,814.0,0.0,0
GPR37L1,IDH_WT,tumor,AC_like_tumor,0.0,1.0,0.0,0.0,0.0,0.0,0.0,0.0,0.0,0.0,0.0,0.0,0.0,0.0,0.0,0.0,0.0,0.0,0.0,0.0,0.0,0.0,0.0,0.0,0.0,0.0,0.0,0.0,0.0,0.0,0.0,0.0,0.0,0.0,0.0,72549.0,446.0,446.0,0.0,0
GPR37L1,IDH_WT,tumor,OPC_GABA_AC_like_tumor,0.0,1.0,0.0,0.0,0.0,0.0,0.0,0.0,0.0,0.0,0.0,0.0,0.0,0.0,0.0,0.0,0.0,0.0,0.0,0.0,0.0,0.0,0.0,0.0,0.0,0.0,0.0,0.0,0.0,0.0,0.0,0.0,0.0,0.0,0.0,6202.0,1012.0,1012.0,0.0,0
GPR37L1,IDH_WT,tumor,OPC_GABA_like_tumor,0.0,1.0,9.0,0.0,9.0,2.0,0.0,9.0,9.0,0.0037123086690787114,0.0103328573239385,0.0334107780217084,0.0,0.0037123086690787114,0.0,0.0037123086690787114,0.0037123086690787114,1.0,1.0,5.0,1.0,4.0,5.0,0.0,0.0,0.0,0.0,0.0,0.0,0.0,0.0,0.0,0.0,0.0,0.8292562148931141,6741.0,14114.0,6741.0,0.0,0
GPR37L1,IDH_WT,T_cell,T cell,0.0,1.0,0.0,0.0,0.0,0.0,0.0,0.0,0.0,0.0,0.0,0.0,0.0,0.0,0.0,0.0,0.0,0.0,0.0,0.0,0.0,0.0,0.0,0.0,0.0,0.0,0.0,0.0,0.0,0.0,0.0,0.0,0.0,0.0,0.0,2662.0,1463.0,1463.0,0.0,0
GPR37L1,IDH_WT,TAM_microglia,TAM1/TAM2/microglia,0.0,1.0,0.0,0.0,0.0,0.0,0.0,0.0,0.0,0.0,0.0,0.0,0.0,0.0,0.0,0.0,0.0,0.0,0.0,0.0,0.0,0.0,0.0,0.0,0.0,0.0,0.0,0.0,0.0,0.0,0.0,0.0,0.0,0.0,0.0,12086.0,25922.0,12086.0,0.0,0
GPR37L1,IDH_WT,tumor,cycling_tumor,0.0,1.0,0.0,0.0,0.0,0.0,0.0,0.0,0.0,0.0,0.0,0.0,0.0,0.0,0.0,0.0,0.0,0.0,0.0,0.0,0.0,0.0,0.0,0.0,0.0,0.0,0.0,0.0,0.0,0.0,0.0,0.0,0.0,0.0,0.0,6410.0,814.0,814.0,0.0,0
GRIA2,IDH_Mutant,tumor,AC_like_tumor,0.0,1.0,3.0,0.0,3.0,0.0,0.0,3.0,3.0,0.006415987940346834,0.01334006204483,0.019247963821040503,0.0,0.006415987940346834,0.0,0.006415987940346834,0.006415987940346834,1.0,3.0,2.0,1.0,3.0,0.0,1.0,1.2753291835796072,1.2753291835796072,1.0,0.0,12.021992749400278,6.244483671668138,0.452,0.256,-0.196,0.0,0.0,72549.0,446.0,446.0,0.0,1
GRIA2,IDH_Mutant,tumor,OPC_GABA_AC_like_tumor,0.0,1.0,0.0,0.0,0.0,0.0,0.0,0.0,0.0,0.0,0.0,0.0,0.0,0.0,0.0,0.0,0.0,0.0,0.0,0.0,0.0,0.0,0.0,1.0,1.0039010485398163,1.0039010485398163,1.0,0.0,3.086937256619465,67.82449725776965,0.276,0.119,-0.15700000000000003,0.0,0.0,6202.0,1012.0,1012.0,0.0,1
GRIA2,IDH_Mutant,tumor,OPC_GABA_like_tumor,0.0,1.0,6.0,0.0,6.0,0.0,3.0,3.0,0.0,0.01588006951036475,0.0580182501147297,0.0952804170621885,0.0,0.01588006951036475,0.003555008729007767,0.028205130291721735,0.02465012156271397,1.0,3.0,2.0,1.0,3.0,3.0,1.0,1.2280166001478816,1.2280166001478816,1.0,0.0,223.51190941461152,87.62594223449511,0.857,0.589,-0.268,1.0,0.9728237493385066,6741.0,14114.0,6741.0,0.0,1
GRIA2,IDH_Mutant,T_cell,T cell,0.0,1.0,0.0,0.0,0.0,0.0,0.0,0.0,0.0,0.0,0.0,0.0,0.0,0.0,0.0,0.0,0.0,0.0,0.0,0.0,0.0,0.0,0.0,0.0,0.0,0.0,0.0,0.0,0.0,0.0,0.0,0.0,0.0,0.0,0.0,2662.0,1463.0,1463.0,0.0,0
GRIA2,IDH_Mutant,TAM_microglia,TAM1/TAM2/microglia,0.0,1.0,0.0,0.0,0.0,0.0,0.0,0.0,0.0,0.0,0.0,0.0,0.0,0.0,0.0,0.0,0.0,0.0,0.0,0.0,0.0,0.0,0.0,0.0,0.0,0.0,0.0,0.0,0.0,0.0,0.0,0.0,0.0,0.0,0.0,12086.0,25922.0,12086.0,0.0,0
GRIA2,IDH_Mutant,tumor,cycling_tumor,0.0,1.0,3.0,0.0,3.0,2.0,0.0,3.0,3.0,0.003928664324832367,0.0081782421612816,0.0117859929744971,0.0,0.003928664324832367,0.0,0.003928664324832367,0.003928664324832367,1.0,3.0,2.0,1.0,3.0,0.0,1.0,4.653403958396013,4.653403958396013,1.0,0.0,37.39719059706227,33.49753694581281,0.647,0.03,-0.617,1.0,2.075188020547772,6410.0,814.0,814.0,0.0,1
GRIA2,IDH_WT,tumor,AC_like_tumor,0.0,1.0,3.0,0.0,3.0,0.0,0.0,3.0,3.0,0.006415987940346834,0.01334006204483,0.019247963821040503,0.0,0.006415987940346834,0.0,0.006415987940346834,0.006415987940346834,1.0,3.0,2.0,1.0,3.0,0.0,0.0,0.0,0.0,0.0,0.0,0.0,0.0,0.0,0.0,0.0,0.0,1.2753291835796072,72549.0,446.0,446.0,0.0,1
GRIA2,IDH_WT,tumor,OPC_GABA_AC_like_tumor,0.0,1.0,0.0,0.0,0.0,0.0,0.0,0.0,0.0,0.0,0.0,0.0,0.0,0.0,0.0,0.0,0.0,0.0,0.0,0.0,0.0,0.0,0.0,0.0,0.0,0.0,0.0,0.0,0.0,0.0,0.0,0.0,0.0,0.0,1.0039010485398163,6202.0,1012.0,1012.0,0.0,1
GRIA2,IDH_WT,tumor,OPC_GABA_like_tumor,0.0,1.0,6.0,0.0,6.0,0.0,3.0,3.0,0.0,0.01588006951036475,0.0580182501147297,0.0952804170621885,0.0,0.01588006951036475,0.003555008729007767,0.028205130291721735,0.02465012156271397,1.0,3.0,2.0,1.0,3.0,3.0,1.0,0.9728237493385066,0.9728237493385066,1.0,0.0,191.16403911691194,27.741935483870968,0.594,0.182,-0.412,1.0,1.2280166001478816,6741.0,14114.0,6741.0,0.0,1
GRIA2,IDH_WT,T_cell,T cell,0.0,1.0,0.0,0.0,0.0,0.0,0.0,0.0,0.0,0.0,0.0,0.0,0.0,0.0,0.0,0.0,0.0,0.0,0.0,0.0,0.0,0.0,0.0,0.0,0.0,0.0,0.0,0.0,0.0,0.0,0.0,0.0,0.0,0.0,0.0,2662.0,1463.0,1463.0,0.0,0
GRIA2,IDH_WT,TAM_microglia,TAM1/TAM2/microglia,0.0,1.0,0.0,0.0,0.0,0.0,0.0,0.0,0.0,0.0,0.0,0.0,0.0,0.0,0.0,0.0,0.0,0.0,0.0,0.0,0.0,0.0,0.0,0.0,0.0,0.0,0.0,0.0,0.0,0.0,0.0,0.0,0.0,0.0,0.0,12086.0,25922.0,12086.0,0.0,0
GRIA2,IDH_WT,tumor,cycling_tumor,0.0,1.0,3.0,0.0,3.0,2.0,0.0,3.0,3.0,0.003928664324832367,0.0081782421612816,0.0117859929744971,0.0,0.003928664324832367,0.0,0.003928664324832367,0.003928664324832367,1.0,3.0,2.0,1.0,3.0,0.0,1.0,2.075188020547772,2.075188020547772,1.0,0.0,187.21850578965217,10.184331797235023,0.377,0.043,-0.334,1.0,4.653403958396013,6410.0,814.0,814.0,0.0,1
GRIA3,IDH_Mutant,tumor,AC_like_tumor,0.0,1.0,0.0,0.0,0.0,0.0,0.0,0.0,0.0,0.0,0.0,0.0,0.0,0.0,0.0,0.0,0.0,0.0,0.0,0.0,0.0,0.0,0.0,1.0,0.48452149802399,0.48452149802399,1.0,0.0,1.5931581494345577,6.244483671668138,0.205,0.106,-0.09899999999999999,0.0,0.0,72549.0,446.0,446.0,0.0,1
GRIA3,IDH_Mutant,tumor,OPC_GABA_AC_like_tumor,0.0,1.0,0.0,0.0,0.0,0.0,0.0,0.0,0.0,0.0,0.0,0.0,0.0,0.0,0.0,0.0,0.0,0.0,0.0,0.0,0.0,0.0,0.0,0.0,0.0,0.0,0.0,0.0,0.0,0.0,0.0,0.0,0.0,0.0,0.0,6202.0,1012.0,1012.0,0.0,1
GRIA3,IDH_Mutant,tumor,OPC_GABA_like_tumor,0.0,1.0,3.0,0.0,3.0,0.0,0.0,3.0,3.0,0.003973284274476866,0.0082709493177436,0.0119198528234306,0.0,0.003973284274476866,0.0,0.003973284274476866,0.003973284274476866,1.0,3.0,2.0,1.0,3.0,0.0,0.0,0.0,0.0,0.0,0.0,0.0,0.0,0.0,0.0,0.0,0.0,0.0,6741.0,14114.0,6741.0,0.0,1
GRIA3,IDH_Mutant,T_cell,T cell,0.0,1.0,0.0,0.0,0.0,0.0,0.0,0.0,0.0,0.0,0.0,0.0,0.0,0.0,0.0,0.0,0.0,0.0,0.0,0.0,0.0,0.0,0.0,0.0,0.0,0.0,0.0,0.0,0.0,0.0,0.0,0.0,0.0,0.0,0.0,2662.0,1463.0,1463.0,0.0,0
GRIA3,IDH_Mutant,TAM_microglia,TAM1/TAM2/microglia,0.0,1.0,0.0,0.0,0.0,0.0,0.0,0.0,0.0,0.0,0.0,0.0,0.0,0.0,0.0,0.0,0.0,0.0,0.0,0.0,0.0,0.0,0.0,0.0,0.0,0.0,0.0,0.0,0.0,0.0,0.0,0.0,0.0,0.0,0.0,12086.0,25922.0,12086.0,0.0,0
GRIA3,IDH_Mutant,tumor,cycling_tumor,0.0,1.0,3.0,0.0,3.0,2.0,0.0,3.0,3.0,0.0019373749634117178,0.0040368629211877,0.005812124890235153,0.0,0.0019373749634117178,0.0,0.0019373749634117178,0.0019373749634117178,1.0,3.0,2.0,1.0,3.0,0.0,1.0,5.380637217529915,5.380637217529915,1.0,0.0,13.383804944810485,33.49753694581281,0.287,0.007,-0.27999999999999997,1.0,1.2123710868250694,6410.0,814.0,814.0,0.0,1
GRIA3,IDH_WT,tumor,AC_like_tumor,0.0,1.0,0.0,0.0,0.0,0.0,0.0,0.0,0.0,0.0,0.0,0.0,0.0,0.0,0.0,0.0,0.0,0.0,0.0,0.0,0.0,0.0,0.0,0.0,0.0,0.0,0.0,0.0,0.0,0.0,0.0,0.0,0.0,0.0,0.48452149802399,72549.0,446.0,446.0,0.0,1
GRIA3,IDH_WT,tumor,OPC_GABA_AC_like_tumor,0.0,1.0,0.0,0.0,0.0,0.0,0.0,0.0,0.0,0.0,0.0,0.0,0.0,0.0,0.0,0.0,0.0,0.0,0.0,0.0,0.0,0.0,0.0,0.0,0.0,0.0,0.0,0.0,0.0,0.0,0.0,0.0,0.0,0.0,0.0,6202.0,1012.0,1012.0,0.0,1
GRIA3,IDH_WT,tumor,OPC_GABA_like_tumor,0.0,1.0,3.0,0.0,3.0,0.0,0.0,3.0,3.0,0.003973284274476866,0.0082709493177436,0.0119198528234306,0.0,0.003973284274476866,0.0,0.003973284274476866,0.003973284274476866,1.0,3.0,2.0,1.0,3.0,0.0,0.0,0.0,0.0,0.0,0.0,0.0,0.0,0.0,0.0,0.0,0.0,0.0,6741.0,14114.0,6741.0,0.0,1
GRIA3,IDH_WT,T_cell,T cell,0.0,1.0,0.0,0.0,0.0,0.0,0.0,0.0,0.0,0.0,0.0,0.0,0.0,0.0,0.0,0.0,0.0,0.0,0.0,0.0,0.0,0.0,0.0,0.0,0.0,0.0,0.0,0.0,0.0,0.0,0.0,0.0,0.0,0.0,0.0,2662.0,1463.0,1463.0,0.0,0
GRIA3,IDH_WT,TAM_microglia,TAM1/TAM2/microglia,0.0,1.0,0.0,0.0,0.0,0.0,0.0,0.0,0.0,0.0,0.0,0.0,0.0,0.0,0.0,0.0,0.0,0.0,0.0,0.0,0.0,0.0,0.0,0.0,0.0,0.0,0.0,0.0,0.0,0.0,0.0,0.0,0.0,0.0,0.0,12086.0,25922.0,12086.0,0.0,0
GRIA3,IDH_WT,tumor,cycling_tumor,0.0,1.0,3.0,0.0,3.0,2.0,0.0,3.0,3.0,0.0019373749634117178,0.0040368629211877,0.005812124890235153,0.0,0.0019373749634117178,0.0,0.0019373749634117178,0.0019373749634117178,1.0,3.0,2.0,1.0,3.0,0.0,1.0,1.2123710868250694,1.2123710868250694,1.0,0.0,63.0246063381897,10.184331797235023,0.252,0.055,-0.197,1.0,5.380637217529915,6410.0,814.0,814.0,0.0,1
GRIA4,IDH_Mutant,tumor,AC_like_tumor,0.0,1.0,3.0,0.0,3.0,0.0,0.0,3.0,3.0,0.0055284985840857335,0.0114997280346777,0.0165854957522572,0.0,0.0055284985840857335,0.0,0.0055284985840857335,0.0055284985840857335,1.0,3.0,2.0,1.0,3.0,0.0,1.0,1.7343749854518906,1.7343749854518906,1.0,0.0,22.540380180773678,6.244483671668138,0.442,0.195,-0.247,0.0,0.0,72549.0,446.0,446.0,0.0,1
GRIA4,IDH_Mutant,tumor,OPC_GABA_AC_like_tumor,0.0,1.0,3.0,0.0,3.0,0.0,0.0,3.0,3.0,0.0009341804119280841,0.0019474653876835,0.0028025412357842523,0.0,0.0009341804119280841,0.0,0.0009341804119280841,0.0009341804119280841,1.0,3.0,2.0,1.0,3.0,0.0,1.0,1.2109919608963953,1.2109919608963953,1.0,0.0,4.885473816716232,67.82449725776965,0.295,0.116,-0.179,0.0,0.0,6202.0,1012.0,1012.0,0.0,1
GRIA4,IDH_Mutant,tumor,OPC_GABA_like_tumor,0.0,1.0,6.0,0.0,6.0,0.0,3.0,3.0,0.0,0.0114206450315461,0.0396835918506492,0.0685238701892766,0.0,0.0114206450315461,0.003635610948281867,0.019205679114810335,0.015570068166528468,1.0,3.0,2.0,1.0,3.0,3.0,1.0,1.402974154449864,1.402974154449864,1.0,0.0,204.40813729381244,87.62594223449511,0.774,0.46,-0.314,0.0,0.5617661326101477,6741.0,14114.0,6741.0,0.0,1
GRIA4,IDH_Mutant,T_cell,T cell,0.0,1.0,0.0,0.0,0.0,0.0,0.0,0.0,0.0,0.0,0.0,0.0,0.0,0.0,0.0,0.0,0.0,0.0,0.0,0.0,0.0,0.0,0.0,0.0,0.0,0.0,0.0,0.0,0.0,0.0,0.0,0.0,0.0,0.0,0.0,2662.0,1463.0,1463.0,0.0,0
GRIA4,IDH_Mutant,TAM_microglia,TAM1/TAM2/microglia,0.0,1.0,0.0,0.0,0.0,0.0,0.0,0.0,0.0,0.0,0.0,0.0,0.0,0.0,0.0,0.0,0.0,0.0,0.0,0.0,0.0,0.0,0.0,0.0,0.0,0.0,0.0,0.0,0.0,0.0,0.0,0.0,0.0,0.0,0.0,12086.0,25922.0,12086.0,0.0,0
GRIA4,IDH_Mutant,tumor,cycling_tumor,0.0,1.0,3.0,0.0,3.0,2.0,0.0,3.0,3.0,0.003932559284510067,0.0081863349032921,0.0117976778535302,0.0,0.003932559284510067,0.0,0.003932559284510067,0.003932559284510067,1.0,3.0,2.0,1.0,3.0,0.0,1.0,3.821438449183044,3.821438449183044,1.0,0.0,38.10029134533499,33.49753694581281,0.654,0.026,-0.628,1.0,1.3035883785292304,6410.0,814.0,814.0,0.0,1
GRIA4,IDH_WT,tumor,AC_like_tumor,0.0,1.0,3.0,0.0,3.0,0.0,0.0,3.0,3.0,0.0055284985840857335,0.0114997280346777,0.0165854957522572,0.0,0.0055284985840857335,0.0,0.0055284985840857335,0.0055284985840857335,1.0,3.0,2.0,1.0,3.0,0.0,0.0,0.0,0.0,0.0,0.0,0.0,0.0,0.0,0.0,0.0,0.0,1.7343749854518906,72549.0,446.0,446.0,0.0,1
GRIA4,IDH_WT,tumor,OPC_GABA_AC_like_tumor,0.0,1.0,3.0,0.0,3.0,0.0,0.0,3.0,3.0,0.0009341804119280841,0.0019474653876835,0.0028025412357842523,0.0,0.0009341804119280841,0.0,0.0009341804119280841,0.0009341804119280841,1.0,3.0,2.0,1.0,3.0,0.0,0.0,0.0,0.0,0.0,0.0,0.0,0.0,0.0,0.0,0.0,0.0,1.2109919608963953,6202.0,1012.0,1012.0,0.0,1
GRIA4,IDH_WT,tumor,OPC_GABA_like_tumor,0.0,1.0,6.0,0.0,6.0,0.0,3.0,3.0,0.0,0.0114206450315461,0.0396835918506492,0.0685238701892766,0.0,0.0114206450315461,0.003635610948281867,0.019205679114810335,0.015570068166528468,1.0,3.0,2.0,1.0,3.0,3.0,1.0,-0.5617661326101477,0.5617661326101477,0.0,1.0,10.56906676096856,27.741935483870968,0.343,0.205,-0.13800000000000004,0.0,1.402974154449864,6741.0,14114.0,6741.0,0.0,1
GRIA4,IDH_WT,T_cell,T cell,0.0,1.0,0.0,0.0,0.0,0.0,0.0,0.0,0.0,0.0,0.0,0.0,0.0,0.0,0.0,0.0,0.0,0.0,0.0,0.0,0.0,0.0,0.0,0.0,0.0,0.0,0.0,0.0,0.0,0.0,0.0,0.0,0.0,0.0,0.0,2662.0,1463.0,1463.0,0.0,0
GRIA4,IDH_WT,TAM_microglia,TAM1/TAM2/microglia,0.0,1.0,0.0,0.0,0.0,0.0,0.0,0.0,0.0,0.0,0.0,0.0,0.0,0.0,0.0,0.0,0.0,0.0,0.0,0.0,0.0,0.0,0.0,0.0,0.0,0.0,0.0,0.0,0.0,0.0,0.0,0.0,0.0,0.0,0.0,12086.0,25922.0,12086.0,0.0,0
GRIA4,IDH_WT,tumor,cycling_tumor,0.0,1.0,3.0,0.0,3.0,2.0,0.0,3.0,3.0,0.003932559284510067,0.0081863349032921,0.0117976778535302,0.0,0.003932559284510067,0.0,0.003932559284510067,0.003932559284510067,1.0,3.0,2.0,1.0,3.0,0.0,1.0,1.3035883785292304,1.3035883785292304,1.0,0.0,133.11939523115862,10.184331797235023,0.412,0.074,-0.33799999999999997,1.0,3.821438449183044,6410.0,814.0,814.0,0.0,1
GRIK2,IDH_Mutant,tumor,AC_like_tumor,0.0,1.0,0.0,0.0,0.0,0.0,0.0,0.0,0.0,0.0,0.0,0.0,0.0,0.0,0.0,0.0,0.0,0.0,0.0,0.0,0.0,0.0,0.0,1.0,0.5109836578628133,0.5109836578628133,1.0,0.0,5.752684337080595,6.244483671668138,0.247,0.111,-0.136,0.0,0.0,72549.0,446.0,446.0,0.0,1
GRIK2,IDH_Mutant,tumor,OPC_GABA_AC_like_tumor,0.0,1.0,0.0,0.0,0.0,0.0,0.0,0.0,0.0,0.0,0.0,0.0,0.0,0.0,0.0,0.0,0.0,0.0,0.0,0.0,0.0,0.0,0.0,0.0,0.0,0.0,0.0,0.0,0.0,0.0,0.0,0.0,0.0,0.0,0.0,6202.0,1012.0,1012.0,0.0,1
GRIK2,IDH_Mutant,tumor,OPC_GABA_like_tumor,0.0,1.0,3.0,0.0,3.0,0.0,0.0,3.0,3.0,0.0050132069452765,0.0104304704349845,0.015039620835829501,0.0,0.0050132069452765,0.0,0.0050132069452765,0.0050132069452765,1.0,3.0,2.0,1.0,3.0,0.0,1.0,0.7077504020705077,0.7077504020705077,1.0,0.0,46.94851154767892,87.62594223449511,0.442,0.237,-0.20500000000000002,1.0,2.355477324856107,6741.0,14114.0,6741.0,0.0,1
GRIK2,IDH_Mutant,T_cell,T cell,0.0,1.0,0.0,0.0,0.0,0.0,0.0,0.0,0.0,0.0,0.0,0.0,0.0,0.0,0.0,0.0,0.0,0.0,0.0,0.0,0.0,0.0,0.0,0.0,0.0,0.0,0.0,0.0,0.0,0.0,0.0,0.0,0.0,0.0,0.0,2662.0,1463.0,1463.0,0.0,0
GRIK2,IDH_Mutant,TAM_microglia,TAM1/TAM2/microglia,0.0,1.0,0.0,0.0,0.0,0.0,0.0,0.0,0.0,0.0,0.0,0.0,0.0,0.0,0.0,0.0,0.0,0.0,0.0,0.0,0.0,0.0,0.0,0.0,0.0,0.0,0.0,0.0,0.0,0.0,0.0,0.0,0.0,0.0,0.0,12086.0,25922.0,12086.0,0.0,0
GRIK2,IDH_Mutant,tumor,cycling_tumor,0.0,1.0,3.0,0.0,3.0,2.0,0.0,3.0,3.0,0.0031500068338564404,0.0065597772960454,0.00945002050156932,0.0,0.0031500068338564404,0.0,0.0031500068338564404,0.0031500068338564404,1.0,3.0,2.0,1.0,3.0,0.0,1.0,4.395623567045501,4.395623567045501,1.0,0.0,18.556434461649925,33.49753694581281,0.39,0.019,-0.371,1.0,4.528205178189482,6410.0,814.0,814.0,0.0,1
GRIK2,IDH_WT,tumor,AC_like_tumor,0.0,1.0,0.0,0.0,0.0,0.0,0.0,0.0,0.0,0.0,0.0,0.0,0.0,0.0,0.0,0.0,0.0,0.0,0.0,0.0,0.0,0.0,0.0,0.0,0.0,0.0,0.0,0.0,0.0,0.0,0.0,0.0,0.0,0.0,0.5109836578628133,72549.0,446.0,446.0,0.0,1
GRIK2,IDH_WT,tumor,OPC_GABA_AC_like_tumor,0.0,1.0,0.0,0.0,0.0,0.0,0.0,0.0,0.0,0.0,0.0,0.0,0.0,0.0,0.0,0.0,0.0,0.0,0.0,0.0,0.0,0.0,0.0,0.0,0.0,0.0,0.0,0.0,0.0,0.0,0.0,0.0,0.0,0.0,0.0,6202.0,1012.0,1012.0,0.0,1
GRIK2,IDH_WT,tumor,OPC_GABA_like_tumor,0.0,1.0,3.0,0.0,3.0,0.0,0.0,3.0,3.0,0.0050132069452765,0.0104304704349845,0.015039620835829501,0.0,0.0050132069452765,0.0,0.0050132069452765,0.0050132069452765,1.0,3.0,2.0,1.0,3.0,0.0,1.0,2.355477324856107,2.355477324856107,1.0,0.0,254.8408924152123,27.741935483870968,0.415,0.069,-0.346,1.0,0.7077504020705077,6741.0,14114.0,6741.0,0.0,1
GRIK2,IDH_WT,T_cell,T cell,0.0,1.0,0.0,0.0,0.0,0.0,0.0,0.0,0.0,0.0,0.0,0.0,0.0,0.0,0.0,0.0,0.0,0.0,0.0,0.0,0.0,0.0,0.0,0.0,0.0,0.0,0.0,0.0,0.0,0.0,0.0,0.0,0.0,0.0,0.0,2662.0,1463.0,1463.0,0.0,0
GRIK2,IDH_WT,TAM_microglia,TAM1/TAM2/microglia,0.0,1.0,0.0,0.0,0.0,0.0,0.0,0.0,0.0,0.0,0.0,0.0,0.0,0.0,0.0,0.0,0.0,0.0,0.0,0.0,0.0,0.0,0.0,0.0,0.0,0.0,0.0,0.0,0.0,0.0,0.0,0.0,0.0,0.0,0.0,12086.0,25922.0,12086.0,0.0,0
GRIK2,IDH_WT,tumor,cycling_tumor,0.0,1.0,3.0,0.0,3.0,2.0,0.0,3.0,3.0,0.0031500068338564404,0.0065597772960454,0.00945002050156932,0.0,0.0031500068338564404,0.0,0.0031500068338564404,0.0031500068338564404,1.0,3.0,2.0,1.0,3.0,0.0,1.0,4.528205178189482,4.528205178189482,1.0,0.0,307.6526555685888,10.184331797235023,0.389,0.012,-0.377,1.0,4.395623567045501,6410.0,814.0,814.0,0.0,1
GRN,IDH_Mutant,tumor,AC_like_tumor,1.0,0.0,0.0,0.0,0.0,0.0,0.0,0.0,0.0,0.0,0.0,0.0,0.0,0.0,0.0,0.0,0.0,0.0,0.0,0.0,0.0,0.0,0.0,0.0,0.0,0.0,0.0,0.0,0.0,0.0,0.0,0.0,0.0,0.0,0.0,72549.0,446.0,446.0,0.0,0
GRN,IDH_Mutant,tumor,OPC_GABA_AC_like_tumor,1.0,0.0,0.0,0.0,0.0,0.0,0.0,0.0,0.0,0.0,0.0,0.0,0.0,0.0,0.0,0.0,0.0,0.0,0.0,0.0,0.0,0.0,0.0,0.0,0.0,0.0,0.0,0.0,0.0,0.0,0.0,0.0,0.0,0.0,0.0,6202.0,1012.0,1012.0,0.0,0
GRN,IDH_Mutant,tumor,OPC_GABA_like_tumor,1.0,0.0,0.0,0.0,0.0,0.0,0.0,0.0,0.0,0.0,0.0,0.0,0.0,0.0,0.0,0.0,0.0,0.0,0.0,0.0,0.0,0.0,0.0,1.0,-0.7791388283861211,0.7791388283861211,0.0,1.0,4.891738789273467,87.62594223449511,0.116,0.169,0.053000000000000005,0.0,0.0,6741.0,14114.0,6741.0,0.0,0
GRN,IDH_Mutant,T_cell,T cell,1.0,0.0,0.0,0.0,0.0,0.0,0.0,0.0,0.0,0.0,0.0,0.0,0.0,0.0,0.0,0.0,0.0,0.0,0.0,0.0,0.0,0.0,0.0,0.0,0.0,0.0,0.0,0.0,0.0,0.0,0.0,0.0,0.0,0.0,0.0,2662.0,1463.0,1463.0,0.0,0
GRN,IDH_Mutant,TAM_microglia,TAM1/TAM2/microglia,1.0,0.0,2.0,2.0,0.0,0.0,1.0,1.0,0.0,0.00594661701763135,0.005960292884092,0.0118932340352627,0.00594661701763135,0.0,0.0059329411511707,0.005960292884092,2.735173292130015e-05,1.0,1.0,1.0,1.0,1.0,1.0,1.0,-0.2640489282341633,0.2640489282341633,0.0,1.0,7.9801390891202555,91.1538623094048,0.586,0.643,0.05700000000000005,0.0,0.0,12086.0,25922.0,12086.0,0.0,0
GRN,IDH_Mutant,tumor,cycling_tumor,1.0,0.0,1.0,1.0,0.0,1.0,0.0,1.0,1.0,0.0010429007073132,0.0010429007073132,0.0010429007073132,0.0010429007073132,0.0,0.0,0.0010429007073132,0.0010429007073132,1.0,1.0,1.0,1.0,1.0,0.0,1.0,-3.3390010043527902,3.3390010043527902,0.0,1.0,2.1072722592230684,33.49753694581281,0.132,0.341,0.20900000000000002,1.0,0.6135540612557138,6410.0,814.0,814.0,0.0,0
GRN,IDH_WT,tumor,AC_like_tumor,1.0,0.0,0.0,0.0,0.0,0.0,0.0,0.0,0.0,0.0,0.0,0.0,0.0,0.0,0.0,0.0,0.0,0.0,0.0,0.0,0.0,0.0,0.0,0.0,0.0,0.0,0.0,0.0,0.0,0.0,0.0,0.0,0.0,0.0,0.0,72549.0,446.0,446.0,0.0,0
GRN,IDH_WT,tumor,OPC_GABA_AC_like_tumor,1.0,0.0,0.0,0.0,0.0,0.0,0.0,0.0,0.0,0.0,0.0,0.0,0.0,0.0,0.0,0.0,0.0,0.0,0.0,0.0,0.0,0.0,0.0,0.0,0.0,0.0,0.0,0.0,0.0,0.0,0.0,0.0,0.0,0.0,0.0,6202.0,1012.0,1012.0,0.0,0
GRN,IDH_WT,tumor,OPC_GABA_like_tumor,1.0,0.0,0.0,0.0,0.0,0.0,0.0,0.0,0.0,0.0,0.0,0.0,0.0,0.0,0.0,0.0,0.0,0.0,0.0,0.0,0.0,0.0,0.0,0.0,0.0,0.0,0.0,0.0,0.0,0.0,0.0,0.0,0.0,0.0,0.7791388283861211,6741.0,14114.0,6741.0,0.0,0
GRN,IDH_WT,T_cell,T cell,1.0,0.0,0.0,0.0,0.0,0.0,0.0,0.0,0.0,0.0,0.0,0.0,0.0,0.0,0.0,0.0,0.0,0.0,0.0,0.0,0.0,0.0,0.0,0.0,0.0,0.0,0.0,0.0,0.0,0.0,0.0,0.0,0.0,0.0,0.0,2662.0,1463.0,1463.0,0.0,0
GRN,IDH_WT,TAM_microglia,TAM1/TAM2/microglia,1.0,0.0,2.0,2.0,0.0,0.0,1.0,1.0,0.0,0.00594661701763135,0.005960292884092,0.0118932340352627,0.00594661701763135,0.0,0.0059329411511707,0.005960292884092,2.735173292130015e-05,1.0,1.0,1.0,1.0,1.0,1.0,0.0,0.0,0.0,0.0,0.0,0.0,0.0,0.0,0.0,0.0,0.0,0.2640489282341633,12086.0,25922.0,12086.0,0.0,0
GRN,IDH_WT,tumor,cycling_tumor,1.0,0.0,1.0,1.0,0.0,1.0,0.0,1.0,1.0,0.0010429007073132,0.0010429007073132,0.0010429007073132,0.0010429007073132,0.0,0.0,0.0010429007073132,0.0010429007073132,1.0,1.0,1.0,1.0,1.0,0.0,1.0,-0.6135540612557138,0.6135540612557138,0.0,1.0,14.200364024251824,10.184331797235023,0.43,0.207,-0.223,1.0,3.3390010043527902,6410.0,814.0,814.0,0.0,0
HAVCR2,IDH_Mutant,tumor,AC_like_tumor,0.0,1.0,0.0,0.0,0.0,0.0,0.0,0.0,0.0,0.0,0.0,0.0,0.0,0.0,0.0,0.0,0.0,0.0,0.0,0.0,0.0,0.0,0.0,0.0,0.0,0.0,0.0,0.0,0.0,0.0,0.0,0.0,0.0,0.0,0.0,72549.0,446.0,446.0,0.0,0
HAVCR2,IDH_Mutant,tumor,OPC_GABA_AC_like_tumor,0.0,1.0,0.0,0.0,0.0,0.0,0.0,0.0,0.0,0.0,0.0,0.0,0.0,0.0,0.0,0.0,0.0,0.0,0.0,0.0,0.0,0.0,0.0,0.0,0.0,0.0,0.0,0.0,0.0,0.0,0.0,0.0,0.0,0.0,0.0,6202.0,1012.0,1012.0,0.0,0
HAVCR2,IDH_Mutant,tumor,OPC_GABA_like_tumor,0.0,1.0,0.0,0.0,0.0,0.0,0.0,0.0,0.0,0.0,0.0,0.0,0.0,0.0,0.0,0.0,0.0,0.0,0.0,0.0,0.0,0.0,0.0,0.0,0.0,0.0,0.0,0.0,0.0,0.0,0.0,0.0,0.0,0.0,0.0,6741.0,14114.0,6741.0,0.0,0
HAVCR2,IDH_Mutant,T_cell,T cell,0.0,1.0,0.0,0.0,0.0,0.0,0.0,0.0,0.0,0.0,0.0,0.0,0.0,0.0,0.0,0.0,0.0,0.0,0.0,0.0,0.0,0.0,0.0,1.0,1.9362697654948275,1.9362697654948275,1.0,0.0,3.13850499040765,26.19607843137255,0.129,0.043,-0.08600000000000001,0.0,0.0,2662.0,1463.0,1463.0,0.0,0
HAVCR2,IDH_Mutant,TAM_microglia,TAM1/TAM2/microglia,0.0,1.0,2.0,0.0,2.0,2.0,1.0,1.0,0.0,0.00658942667833445,0.0101934918944621,0.0131788533566689,0.0,0.00658942667833445,0.0029853614622068,0.0101934918944621,0.007208130432255301,1.0,1.0,1.0,1.0,1.0,1.0,1.0,0.6459388801766974,0.6459388801766974,1.0,0.0,39.23439518936956,91.1538623094048,0.622,0.499,-0.123,1.0,0.9651001381198132,12086.0,25922.0,12086.0,0.0,1
HAVCR2,IDH_Mutant,tumor,cycling_tumor,0.0,1.0,0.0,0.0,0.0,0.0,0.0,0.0,0.0,0.0,0.0,0.0,0.0,0.0,0.0,0.0,0.0,0.0,0.0,0.0,0.0,0.0,0.0,1.0,-8.033902757974692,8.033902757974692,0.0,1.0,5.449057838611597,33.49753694581281,0.0,0.256,0.256,0.0,0.0,6410.0,814.0,814.0,0.0,0
HAVCR2,IDH_WT,tumor,AC_like_tumor,0.0,1.0,0.0,0.0,0.0,0.0,0.0,0.0,0.0,0.0,0.0,0.0,0.0,0.0,0.0,0.0,0.0,0.0,0.0,0.0,0.0,0.0,0.0,0.0,0.0,0.0,0.0,0.0,0.0,0.0,0.0,0.0,0.0,0.0,0.0,72549.0,446.0,446.0,0.0,0
HAVCR2,IDH_WT,tumor,OPC_GABA_AC_like_tumor,0.0,1.0,0.0,0.0,0.0,0.0,0.0,0.0,0.0,0.0,0.0,0.0,0.0,0.0,0.0,0.0,0.0,0.0,0.0,0.0,0.0,0.0,0.0,0.0,0.0,0.0,0.0,0.0,0.0,0.0,0.0,0.0,0.0,0.0,0.0,6202.0,1012.0,1012.0,0.0,0
HAVCR2,IDH_WT,tumor,OPC_GABA_like_tumor,0.0,1.0,0.0,0.0,0.0,0.0,0.0,0.0,0.0,0.0,0.0,0.0,0.0,0.0,0.0,0.0,0.0,0.0,0.0,0.0,0.0,0.0,0.0,0.0,0.0,0.0,0.0,0.0,0.0,0.0,0.0,0.0,0.0,0.0,0.0,6741.0,14114.0,6741.0,0.0,0
HAVCR2,IDH_WT,T_cell,T cell,0.0,1.0,0.0,0.0,0.0,0.0,0.0,0.0,0.0,0.0,0.0,0.0,0.0,0.0,0.0,0.0,0.0,0.0,0.0,0.0,0.0,0.0,0.0,0.0,0.0,0.0,0.0,0.0,0.0,0.0,0.0,0.0,0.0,0.0,1.9362697654948275,2662.0,1463.0,1463.0,0.0,0
HAVCR2,IDH_WT,TAM_microglia,TAM1/TAM2/microglia,0.0,1.0,2.0,0.0,2.0,2.0,1.0,1.0,0.0,0.00658942667833445,0.0101934918944621,0.0131788533566689,0.0,0.00658942667833445,0.0029853614622068,0.0101934918944621,0.007208130432255301,1.0,1.0,1.0,1.0,1.0,1.0,1.0,0.9651001381198132,0.9651001381198132,1.0,0.0,108.82802450474641,22.064142753797928,0.546,0.331,-0.21500000000000002,1.0,0.6459388801766974,12086.0,25922.0,12086.0,0.0,1
HAVCR2,IDH_WT,tumor,cycling_tumor,0.0,1.0,0.0,0.0,0.0,0.0,0.0,0.0,0.0,0.0,0.0,0.0,0.0,0.0,0.0,0.0,0.0,0.0,0.0,0.0,0.0,0.0,0.0,0.0,0.0,0.0,0.0,0.0,0.0,0.0,0.0,0.0,0.0,0.0,8.033902757974692,6410.0,814.0,814.0,0.0,0
HBEGF,IDH_Mutant,tumor,AC_like_tumor,1.0,0.0,0.0,0.0,0.0,0.0,0.0,0.0,0.0,0.0,0.0,0.0,0.0,0.0,0.0,0.0,0.0,0.0,0.0,0.0,0.0,0.0,0.0,0.0,0.0,0.0,0.0,0.0,0.0,0.0,0.0,0.0,0.0,0.0,0.0,72549.0,446.0,446.0,0.0,0
HBEGF,IDH_Mutant,tumor,OPC_GABA_AC_like_tumor,1.0,0.0,0.0,0.0,0.0,0.0,0.0,0.0,0.0,0.0,0.0,0.0,0.0,0.0,0.0,0.0,0.0,0.0,0.0,0.0,0.0,0.0,0.0,0.0,0.0,0.0,0.0,0.0,0.0,0.0,0.0,0.0,0.0,0.0,0.0,6202.0,1012.0,1012.0,0.0,0
HBEGF,IDH_Mutant,tumor,OPC_GABA_like_tumor,1.0,0.0,0.0,0.0,0.0,0.0,0.0,0.0,0.0,0.0,0.0,0.0,0.0,0.0,0.0,0.0,0.0,0.0,0.0,0.0,0.0,0.0,0.0,0.0,0.0,0.0,0.0,0.0,0.0,0.0,0.0,0.0,0.0,0.0,0.0,6741.0,14114.0,6741.0,0.0,0
HBEGF,IDH_Mutant,T_cell,T cell,1.0,0.0,0.0,0.0,0.0,0.0,0.0,0.0,0.0,0.0,0.0,0.0,0.0,0.0,0.0,0.0,0.0,0.0,0.0,0.0,0.0,0.0,0.0,0.0,0.0,0.0,0.0,0.0,0.0,0.0,0.0,0.0,0.0,0.0,0.0,2662.0,1463.0,1463.0,0.0,0
HBEGF,IDH_Mutant,TAM_microglia,TAM1/TAM2/microglia,1.0,0.0,7.0,7.0,0.0,0.0,7.0,0.0,-7.0,0.0075573265473107285,0.0191470332237848,0.0529012858311751,0.0075573265473107285,0.0,0.0075573265473107285,0.0,-0.0075573265473107285,1.0,1.0,1.0,4.0,4.0,3.0,0.0,0.0,0.0,0.0,0.0,0.0,0.0,0.0,0.0,0.0,0.0,0.9095021993511432,12086.0,25922.0,12086.0,0.0,0
HBEGF,IDH_Mutant,tumor,cycling_tumor,1.0,0.0,0.0,0.0,0.0,0.0,0.0,0.0,0.0,0.0,0.0,0.0,0.0,0.0,0.0,0.0,0.0,0.0,0.0,0.0,0.0,0.0,0.0,0.0,0.0,0.0,0.0,0.0,0.0,0.0,0.0,0.0,0.0,0.0,0.9029527762983448,6410.0,814.0,814.0,0.0,0
HBEGF,IDH_WT,tumor,AC_like_tumor,1.0,0.0,0.0,0.0,0.0,0.0,0.0,0.0,0.0,0.0,0.0,0.0,0.0,0.0,0.0,0.0,0.0,0.0,0.0,0.0,0.0,0.0,0.0,0.0,0.0,0.0,0.0,0.0,0.0,0.0,0.0,0.0,0.0,0.0,0.0,72549.0,446.0,446.0,0.0,0
HBEGF,IDH_WT,tumor,OPC_GABA_AC_like_tumor,1.0,0.0,0.0,0.0,0.0,0.0,0.0,0.0,0.0,0.0,0.0,0.0,0.0,0.0,0.0,0.0,0.0,0.0,0.0,0.0,0.0,0.0,0.0,0.0,0.0,0.0,0.0,0.0,0.0,0.0,0.0,0.0,0.0,0.0,0.0,6202.0,1012.0,1012.0,0.0,0
HBEGF,IDH_WT,tumor,OPC_GABA_like_tumor,1.0,0.0,0.0,0.0,0.0,0.0,0.0,0.0,0.0,0.0,0.0,0.0,0.0,0.0,0.0,0.0,0.0,0.0,0.0,0.0,0.0,0.0,0.0,0.0,0.0,0.0,0.0,0.0,0.0,0.0,0.0,0.0,0.0,0.0,0.0,6741.0,14114.0,6741.0,0.0,0
HBEGF,IDH_WT,T_cell,T cell,1.0,0.0,0.0,0.0,0.0,0.0,0.0,0.0,0.0,0.0,0.0,0.0,0.0,0.0,0.0,0.0,0.0,0.0,0.0,0.0,0.0,0.0,0.0,0.0,0.0,0.0,0.0,0.0,0.0,0.0,0.0,0.0,0.0,0.0,0.0,2662.0,1463.0,1463.0,0.0,0
HBEGF,IDH_WT,TAM_microglia,TAM1/TAM2/microglia,1.0,0.0,7.0,7.0,0.0,0.0,7.0,0.0,-7.0,0.0075573265473107285,0.0191470332237848,0.0529012858311751,0.0075573265473107285,0.0,0.0075573265473107285,0.0,-0.0075573265473107285,1.0,1.0,1.0,4.0,4.0,3.0,1.0,0.9095021993511432,0.9095021993511432,1.0,0.0,64.75167939892984,22.064142753797928,0.485,0.316,-0.16899999999999998,0.0,0.0,12086.0,25922.0,12086.0,0.0,0
HBEGF,IDH_WT,tumor,cycling_tumor,1.0,0.0,0.0,0.0,0.0,0.0,0.0,0.0,0.0,0.0,0.0,0.0,0.0,0.0,0.0,0.0,0.0,0.0,0.0,0.0,0.0,0.0,0.0,1.0,-0.9029527762983448,0.9029527762983448,0.0,1.0,2.017577129885317,10.184331797235023,0.143,0.077,-0.06599999999999999,0.0,0.0,6410.0,814.0,814.0,0.0,0
ITGAV,IDH_Mutant,tumor,AC_like_tumor,0.0,1.0,0.0,0.0,0.0,0.0,0.0,0.0,0.0,0.0,0.0,0.0,0.0,0.0,0.0,0.0,0.0,0.0,0.0,0.0,0.0,0.0,0.0,0.0,0.0,0.0,0.0,0.0,0.0,0.0,0.0,0.0,0.0,0.0,0.0,72549.0,446.0,446.0,0.0,0
ITGAV,IDH_Mutant,tumor,OPC_GABA_AC_like_tumor,0.0,1.0,0.0,0.0,0.0,0.0,0.0,0.0,0.0,0.0,0.0,0.0,0.0,0.0,0.0,0.0,0.0,0.0,0.0,0.0,0.0,0.0,0.0,0.0,0.0,0.0,0.0,0.0,0.0,0.0,0.0,0.0,0.0,0.0,0.0,6202.0,1012.0,1012.0,0.0,0
ITGAV,IDH_Mutant,tumor,OPC_GABA_like_tumor,0.0,1.0,14.0,0.0,14.0,1.0,1.0,13.0,12.0,0.007934104333780162,0.0204651750303783,0.11107746067292226,0.0,0.007934104333780162,0.001639426134793,0.008418310349086867,0.006778884214293867,3.0,3.0,7.0,1.0,6.0,8.0,1.0,-0.9361237616918576,0.9361237616918576,0.0,1.0,54.22678460579605,87.62594223449511,0.218,0.399,0.18100000000000002,0.0,0.0,6741.0,14114.0,6741.0,0.0,0
ITGAV,IDH_Mutant,T_cell,T cell,0.0,1.0,0.0,0.0,0.0,0.0,0.0,0.0,0.0,0.0,0.0,0.0,0.0,0.0,0.0,0.0,0.0,0.0,0.0,0.0,0.0,0.0,0.0,0.0,0.0,0.0,0.0,0.0,0.0,0.0,0.0,0.0,0.0,0.0,0.0,2662.0,1463.0,1463.0,0.0,0
ITGAV,IDH_Mutant,TAM_microglia,TAM1/TAM2/microglia,0.0,1.0,12.0,0.0,12.0,2.0,0.0,12.0,12.0,0.015166613567541004,0.0342673920775937,0.18199936281049206,0.0,0.015166613567541004,0.0,0.015166613567541004,0.015166613567541004,2.0,2.0,7.0,1.0,5.0,7.0,1.0,1.4214269757136222,1.4214269757136222,1.0,0.0,51.61833925135819,91.1538623094048,0.299,0.138,-0.16099999999999998,1.0,0.6594635228753861,12086.0,25922.0,12086.0,0.0,0
ITGAV,IDH_Mutant,tumor,cycling_tumor,0.0,1.0,13.0,0.0,13.0,4.0,0.0,13.0,13.0,0.012036451921385891,0.029255088299547,0.1564738749780166,0.0,0.012036451921385891,0.0,0.012036451921385891,0.012036451921385891,3.0,3.0,7.0,1.0,6.0,7.0,1.0,0.539067686834929,0.539067686834929,1.0,0.0,1.8568969586238986,33.49753694581281,0.368,0.13,-0.238,1.0,0.2979974162568404,6410.0,814.0,814.0,0.0,0
ITGAV,IDH_WT,tumor,AC_like_tumor,0.0,1.0,0.0,0.0,0.0,0.0,0.0,0.0,0.0,0.0,0.0,0.0,0.0,0.0,0.0,0.0,0.0,0.0,0.0,0.0,0.0,0.0,0.0,0.0,0.0,0.0,0.0,0.0,0.0,0.0,0.0,0.0,0.0,0.0,0.0,72549.0,446.0,446.0,0.0,0
ITGAV,IDH_WT,tumor,OPC_GABA_AC_like_tumor,0.0,1.0,0.0,0.0,0.0,0.0,0.0,0.0,0.0,0.0,0.0,0.0,0.0,0.0,0.0,0.0,0.0,0.0,0.0,0.0,0.0,0.0,0.0,0.0,0.0,0.0,0.0,0.0,0.0,0.0,0.0,0.0,0.0,0.0,0.0,6202.0,1012.0,1012.0,0.0,0
ITGAV,IDH_WT,tumor,OPC_GABA_like_tumor,0.0,1.0,14.0,0.0,14.0,1.0,1.0,13.0,12.0,0.007934104333780162,0.0204651750303783,0.11107746067292226,0.0,0.007934104333780162,0.001639426134793,0.008418310349086867,0.006778884214293867,3.0,3.0,7.0,1.0,6.0,8.0,0.0,0.0,0.0,0.0,0.0,0.0,0.0,0.0,0.0,0.0,0.0,0.9361237616918576,6741.0,14114.0,6741.0,0.0,0
ITGAV,IDH_WT,T_cell,T cell,0.0,1.0,0.0,0.0,0.0,0.0,0.0,0.0,0.0,0.0,0.0,0.0,0.0,0.0,0.0,0.0,0.0,0.0,0.0,0.0,0.0,0.0,0.0,0.0,0.0,0.0,0.0,0.0,0.0,0.0,0.0,0.0,0.0,0.0,0.0,2662.0,1463.0,1463.0,0.0,0
ITGAV,IDH_WT,TAM_microglia,TAM1/TAM2/microglia,0.0,1.0,12.0,0.0,12.0,2.0,0.0,12.0,12.0,0.015166613567541004,0.0342673920775937,0.18199936281049206,0.0,0.015166613567541004,0.0,0.015166613567541004,0.015166613567541004,2.0,2.0,7.0,1.0,5.0,7.0,1.0,0.6594635228753861,0.6594635228753861,1.0,0.0,47.98864885266488,22.064142753797928,0.4,0.25,-0.15000000000000002,1.0,1.4214269757136222,12086.0,25922.0,12086.0,0.0,0
ITGAV,IDH_WT,tumor,cycling_tumor,0.0,1.0,13.0,0.0,13.0,4.0,0.0,13.0,13.0,0.012036451921385891,0.029255088299547,0.1564738749780166,0.0,0.012036451921385891,0.0,0.012036451921385891,0.012036451921385891,3.0,3.0,7.0,1.0,6.0,7.0,1.0,0.2979974162568404,0.2979974162568404,1.0,0.0,54.56349993519065,10.184331797235023,0.501,0.177,-0.324,1.0,0.539067686834929,6410.0,814.0,814.0,0.0,0
ITGAX,IDH_Mutant,tumor,AC_like_tumor,0.0,1.0,0.0,0.0,0.0,0.0,0.0,0.0,0.0,0.0,0.0,0.0,0.0,0.0,0.0,0.0,0.0,0.0,0.0,0.0,0.0,0.0,0.0,0.0,0.0,0.0,0.0,0.0,0.0,0.0,0.0,0.0,0.0,0.0,0.0,72549.0,446.0,446.0,0.0,0
ITGAX,IDH_Mutant,tumor,OPC_GABA_AC_like_tumor,0.0,1.0,0.0,0.0,0.0,0.0,0.0,0.0,0.0,0.0,0.0,0.0,0.0,0.0,0.0,0.0,0.0,0.0,0.0,0.0,0.0,0.0,0.0,0.0,0.0,0.0,0.0,0.0,0.0,0.0,0.0,0.0,0.0,0.0,0.0,6202.0,1012.0,1012.0,0.0,0
ITGAX,IDH_Mutant,tumor,OPC_GABA_like_tumor,0.0,1.0,0.0,0.0,0.0,0.0,0.0,0.0,0.0,0.0,0.0,0.0,0.0,0.0,0.0,0.0,0.0,0.0,0.0,0.0,0.0,0.0,0.0,0.0,0.0,0.0,0.0,0.0,0.0,0.0,0.0,0.0,0.0,0.0,0.0,6741.0,14114.0,6741.0,0.0,0
ITGAX,IDH_Mutant,T_cell,T cell,0.0,1.0,0.0,0.0,0.0,0.0,0.0,0.0,0.0,0.0,0.0,0.0,0.0,0.0,0.0,0.0,0.0,0.0,0.0,0.0,0.0,0.0,0.0,0.0,0.0,0.0,0.0,0.0,0.0,0.0,0.0,0.0,0.0,0.0,0.0,2662.0,1463.0,1463.0,0.0,0
ITGAX,IDH_Mutant,TAM_microglia,TAM1/TAM2/microglia,0.0,1.0,4.0,0.0,4.0,2.0,0.0,4.0,4.0,0.023433458624572096,0.0442420541942578,0.09373383449828838,0.0,0.023433458624572096,0.0,0.023433458624572096,0.023433458624572096,2.0,2.0,3.0,1.0,3.0,1.0,0.0,0.0,0.0,0.0,0.0,0.0,0.0,0.0,0.0,0.0,0.0,0.4162680857907228,12086.0,25922.0,12086.0,0.0,0
ITGAX,IDH_Mutant,tumor,cycling_tumor,0.0,1.0,0.0,0.0,0.0,0.0,0.0,0.0,0.0,0.0,0.0,0.0,0.0,0.0,0.0,0.0,0.0,0.0,0.0,0.0,0.0,0.0,0.0,0.0,0.0,0.0,0.0,0.0,0.0,0.0,0.0,0.0,0.0,0.0,0.0,6410.0,814.0,814.0,0.0,0
ITGAX,IDH_WT,tumor,AC_like_tumor,0.0,1.0,0.0,0.0,0.0,0.0,0.0,0.0,0.0,0.0,0.0,0.0,0.0,0.0,0.0,0.0,0.0,0.0,0.0,0.0,0.0,0.0,0.0,0.0,0.0,0.0,0.0,0.0,0.0,0.0,0.0,0.0,0.0,0.0,0.0,72549.0,446.0,446.0,0.0,0
ITGAX,IDH_WT,tumor,OPC_GABA_AC_like_tumor,0.0,1.0,0.0,0.0,0.0,0.0,0.0,0.0,0.0,0.0,0.0,0.0,0.0,0.0,0.0,0.0,0.0,0.0,0.0,0.0,0.0,0.0,0.0,0.0,0.0,0.0,0.0,0.0,0.0,0.0,0.0,0.0,0.0,0.0,0.0,6202.0,1012.0,1012.0,0.0,0
ITGAX,IDH_WT,tumor,OPC_GABA_like_tumor,0.0,1.0,0.0,0.0,0.0,0.0,0.0,0.0,0.0,0.0,0.0,0.0,0.0,0.0,0.0,0.0,0.0,0.0,0.0,0.0,0.0,0.0,0.0,0.0,0.0,0.0,0.0,0.0,0.0,0.0,0.0,0.0,0.0,0.0,0.0,6741.0,14114.0,6741.0,0.0,0
ITGAX,IDH_WT,T_cell,T cell,0.0,1.0,0.0,0.0,0.0,0.0,0.0,0.0,0.0,0.0,0.0,0.0,0.0,0.0,0.0,0.0,0.0,0.0,0.0,0.0,0.0,0.0,0.0,0.0,0.0,0.0,0.0,0.0,0.0,0.0,0.0,0.0,0.0,0.0,0.0,2662.0,1463.0,1463.0,0.0,0
ITGAX,IDH_WT,TAM_microglia,TAM1/TAM2/microglia,0.0,1.0,4.0,0.0,4.0,2.0,0.0,4.0,4.0,0.023433458624572096,0.0442420541942578,0.09373383449828838,0.0,0.023433458624572096,0.0,0.023433458624572096,0.023433458624572096,2.0,2.0,3.0,1.0,3.0,1.0,1.0,0.4162680857907228,0.4162680857907228,1.0,0.0,15.961042523381522,22.064142753797928,0.318,0.228,-0.09,0.0,0.0,12086.0,25922.0,12086.0,0.0,0
ITGAX,IDH_WT,tumor,cycling_tumor,0.0,1.0,0.0,0.0,0.0,0.0,0.0,0.0,0.0,0.0,0.0,0.0,0.0,0.0,0.0,0.0,0.0,0.0,0.0,0.0,0.0,0.0,0.0,0.0,0.0,0.0,0.0,0.0,0.0,0.0,0.0,0.0,0.0,0.0,0.0,6410.0,814.0,814.0,0.0,0
ITGB1,IDH_Mutant,tumor,AC_like_tumor,0.0,1.0,0.0,0.0,0.0,0.0,0.0,0.0,0.0,0.0,0.0,0.0,0.0,0.0,0.0,0.0,0.0,0.0,0.0,0.0,0.0,0.0,0.0,0.0,0.0,0.0,0.0,0.0,0.0,0.0,0.0,0.0,0.0,0.0,0.0,72549.0,446.0,446.0,0.0,0
ITGB1,IDH_Mutant,tumor,OPC_GABA_AC_like_tumor,0.0,1.0,0.0,0.0,0.0,0.0,0.0,0.0,0.0,0.0,0.0,0.0,0.0,0.0,0.0,0.0,0.0,0.0,0.0,0.0,0.0,0.0,0.0,0.0,0.0,0.0,0.0,0.0,0.0,0.0,0.0,0.0,0.0,0.0,0.0,6202.0,1012.0,1012.0,0.0,0
ITGB1,IDH_Mutant,tumor,OPC_GABA_like_tumor,0.0,1.0,12.0,0.0,12.0,1.0,0.0,12.0,12.0,0.009023740517985388,0.0204651750303783,0.10828488621582466,0.0,0.009023740517985388,0.0,0.009023740517985388,0.009023740517985388,2.0,2.0,7.0,1.0,5.0,7.0,1.0,0.4572861542023095,0.4572861542023095,1.0,0.0,2.338109442974838,87.62594223449511,0.247,0.195,-0.05199999999999999,1.0,0.4100098388857025,6741.0,14114.0,6741.0,0.0,0
ITGB1,IDH_Mutant,T_cell,T cell,0.0,1.0,0.0,0.0,0.0,0.0,0.0,0.0,0.0,0.0,0.0,0.0,0.0,0.0,0.0,0.0,0.0,0.0,0.0,0.0,0.0,0.0,0.0,0.0,0.0,0.0,0.0,0.0,0.0,0.0,0.0,0.0,0.0,0.0,0.0,2662.0,1463.0,1463.0,0.0,0
ITGB1,IDH_Mutant,TAM_microglia,TAM1/TAM2/microglia,0.0,1.0,12.0,0.0,12.0,2.0,0.0,12.0,12.0,0.015166613567541004,0.0342673920775937,0.18199936281049206,0.0,0.015166613567541004,0.0,0.015166613567541004,0.015166613567541004,2.0,2.0,7.0,1.0,5.0,7.0,0.0,0.0,0.0,0.0,0.0,0.0,0.0,0.0,0.0,0.0,0.0,0.0,12086.0,25922.0,12086.0,0.0,0
ITGB1,IDH_Mutant,tumor,cycling_tumor,0.0,1.0,12.0,0.0,12.0,3.0,0.0,12.0,12.0,0.01293040491931679,0.029255088299547,0.1551648590318015,0.0,0.01293040491931679,0.0,0.01293040491931679,0.01293040491931679,2.0,2.0,7.0,1.0,5.0,7.0,0.0,0.0,0.0,0.0,0.0,0.0,0.0,0.0,0.0,0.0,0.0,0.3451924412793004,6410.0,814.0,814.0,0.0,0
ITGB1,IDH_WT,tumor,AC_like_tumor,0.0,1.0,0.0,0.0,0.0,0.0,0.0,0.0,0.0,0.0,0.0,0.0,0.0,0.0,0.0,0.0,0.0,0.0,0.0,0.0,0.0,0.0,0.0,0.0,0.0,0.0,0.0,0.0,0.0,0.0,0.0,0.0,0.0,0.0,0.0,72549.0,446.0,446.0,0.0,0
ITGB1,IDH_WT,tumor,OPC_GABA_AC_like_tumor,0.0,1.0,0.0,0.0,0.0,0.0,0.0,0.0,0.0,0.0,0.0,0.0,0.0,0.0,0.0,0.0,0.0,0.0,0.0,0.0,0.0,0.0,0.0,0.0,0.0,0.0,0.0,0.0,0.0,0.0,0.0,0.0,0.0,0.0,0.0,6202.0,1012.0,1012.0,0.0,0
ITGB1,IDH_WT,tumor,OPC_GABA_like_tumor,0.0,1.0,12.0,0.0,12.0,1.0,0.0,12.0,12.0,0.009023740517985388,0.0204651750303783,0.10828488621582466,0.0,0.009023740517985388,0.0,0.009023740517985388,0.009023740517985388,2.0,2.0,7.0,1.0,5.0,7.0,1.0,0.4100098388857025,0.4100098388857025,1.0,0.0,88.859551487124,27.741935483870968,0.447,0.175,-0.272,1.0,0.4572861542023095,6741.0,14114.0,6741.0,0.0,0
ITGB1,IDH_WT,T_cell,T cell,0.0,1.0,0.0,0.0,0.0,0.0,0.0,0.0,0.0,0.0,0.0,0.0,0.0,0.0,0.0,0.0,0.0,0.0,0.0,0.0,0.0,0.0,0.0,0.0,0.0,0.0,0.0,0.0,0.0,0.0,0.0,0.0,0.0,0.0,0.0,2662.0,1463.0,1463.0,0.0,0
ITGB1,IDH_WT,TAM_microglia,TAM1/TAM2/microglia,0.0,1.0,12.0,0.0,12.0,2.0,0.0,12.0,12.0,0.015166613567541004,0.0342673920775937,0.18199936281049206,0.0,0.015166613567541004,0.0,0.015166613567541004,0.015166613567541004,2.0,2.0,7.0,1.0,5.0,7.0,0.0,0.0,0.0,0.0,0.0,0.0,0.0,0.0,0.0,0.0,0.0,0.0,12086.0,25922.0,12086.0,0.0,0
ITGB1,IDH_WT,tumor,cycling_tumor,0.0,1.0,12.0,0.0,12.0,3.0,0.0,12.0,12.0,0.01293040491931679,0.029255088299547,0.1551648590318015,0.0,0.01293040491931679,0.0,0.01293040491931679,0.01293040491931679,2.0,2.0,7.0,1.0,5.0,7.0,1.0,0.3451924412793004,0.3451924412793004,1.0,0.0,53.24341452936317,10.184331797235023,0.51,0.181,-0.329,0.0,0.0,6410.0,814.0,814.0,0.0,0
ITGB2,IDH_Mutant,tumor,AC_like_tumor,0.0,1.0,0.0,0.0,0.0,0.0,0.0,0.0,0.0,0.0,0.0,0.0,0.0,0.0,0.0,0.0,0.0,0.0,0.0,0.0,0.0,0.0,0.0,0.0,0.0,0.0,0.0,0.0,0.0,0.0,0.0,0.0,0.0,0.0,0.0,72549.0,446.0,446.0,0.0,0
ITGB2,IDH_Mutant,tumor,OPC_GABA_AC_like_tumor,0.0,1.0,0.0,0.0,0.0,0.0,0.0,0.0,0.0,0.0,0.0,0.0,0.0,0.0,0.0,0.0,0.0,0.0,0.0,0.0,0.0,0.0,0.0,0.0,0.0,0.0,0.0,0.0,0.0,0.0,0.0,0.0,0.0,0.0,0.0,6202.0,1012.0,1012.0,0.0,0
ITGB2,IDH_Mutant,tumor,OPC_GABA_like_tumor,0.0,1.0,0.0,0.0,0.0,0.0,0.0,0.0,0.0,0.0,0.0,0.0,0.0,0.0,0.0,0.0,0.0,0.0,0.0,0.0,0.0,0.0,0.0,0.0,0.0,0.0,0.0,0.0,0.0,0.0,0.0,0.0,0.0,0.0,0.0,6741.0,14114.0,6741.0,0.0,0
ITGB2,IDH_Mutant,T_cell,T cell,0.0,1.0,0.0,0.0,0.0,0.0,0.0,0.0,0.0,0.0,0.0,0.0,0.0,0.0,0.0,0.0,0.0,0.0,0.0,0.0,0.0,0.0,0.0,0.0,0.0,0.0,0.0,0.0,0.0,0.0,0.0,0.0,0.0,0.0,0.0,2662.0,1463.0,1463.0,0.0,0
ITGB2,IDH_Mutant,TAM_microglia,TAM1/TAM2/microglia,0.0,1.0,4.0,0.0,4.0,2.0,0.0,4.0,4.0,0.023433458624572096,0.0442420541942578,0.09373383449828838,0.0,0.023433458624572096,0.0,0.023433458624572096,0.023433458624572096,2.0,2.0,3.0,1.0,3.0,1.0,1.0,-0.5566476131317764,0.5566476131317764,0.0,1.0,34.70903012964246,91.1538623094048,0.596,0.695,0.09899999999999998,0.0,0.2804559967618028,12086.0,25922.0,12086.0,0.0,0
ITGB2,IDH_Mutant,tumor,cycling_tumor,0.0,1.0,0.0,0.0,0.0,0.0,0.0,0.0,0.0,0.0,0.0,0.0,0.0,0.0,0.0,0.0,0.0,0.0,0.0,0.0,0.0,0.0,0.0,1.0,-5.376244031262254,5.376244031262254,0.0,1.0,11.710319236366402,33.49753694581281,0.015,0.415,0.39999999999999997,1.0,5.68408205321323,6410.0,814.0,814.0,0.0,0
ITGB2,IDH_WT,tumor,AC_like_tumor,0.0,1.0,0.0,0.0,0.0,0.0,0.0,0.0,0.0,0.0,0.0,0.0,0.0,0.0,0.0,0.0,0.0,0.0,0.0,0.0,0.0,0.0,0.0,0.0,0.0,0.0,0.0,0.0,0.0,0.0,0.0,0.0,0.0,0.0,0.0,72549.0,446.0,446.0,0.0,0
ITGB2,IDH_WT,tumor,OPC_GABA_AC_like_tumor,0.0,1.0,0.0,0.0,0.0,0.0,0.0,0.0,0.0,0.0,0.0,0.0,0.0,0.0,0.0,0.0,0.0,0.0,0.0,0.0,0.0,0.0,0.0,0.0,0.0,0.0,0.0,0.0,0.0,0.0,0.0,0.0,0.0,0.0,0.0,6202.0,1012.0,1012.0,0.0,0
ITGB2,IDH_WT,tumor,OPC_GABA_like_tumor,0.0,1.0,0.0,0.0,0.0,0.0,0.0,0.0,0.0,0.0,0.0,0.0,0.0,0.0,0.0,0.0,0.0,0.0,0.0,0.0,0.0,0.0,0.0,0.0,0.0,0.0,0.0,0.0,0.0,0.0,0.0,0.0,0.0,0.0,0.0,6741.0,14114.0,6741.0,0.0,0
ITGB2,IDH_WT,T_cell,T cell,0.0,1.0,0.0,0.0,0.0,0.0,0.0,0.0,0.0,0.0,0.0,0.0,0.0,0.0,0.0,0.0,0.0,0.0,0.0,0.0,0.0,0.0,0.0,0.0,0.0,0.0,0.0,0.0,0.0,0.0,0.0,0.0,0.0,0.0,0.0,2662.0,1463.0,1463.0,0.0,0
ITGB2,IDH_WT,TAM_microglia,TAM1/TAM2/microglia,0.0,1.0,4.0,0.0,4.0,2.0,0.0,4.0,4.0,0.023433458624572096,0.0442420541942578,0.09373383449828838,0.0,0.023433458624572096,0.0,0.023433458624572096,0.023433458624572096,2.0,2.0,3.0,1.0,3.0,1.0,1.0,0.2804559967618028,0.2804559967618028,1.0,0.0,15.993354138889703,22.064142753797928,0.598,0.489,-0.10899999999999999,0.0,0.5566476131317764,12086.0,25922.0,12086.0,0.0,0
ITGB2,IDH_WT,tumor,cycling_tumor,0.0,1.0,0.0,0.0,0.0,0.0,0.0,0.0,0.0,0.0,0.0,0.0,0.0,0.0,0.0,0.0,0.0,0.0,0.0,0.0,0.0,0.0,0.0,1.0,-5.68408205321323,5.68408205321323,0.0,1.0,13.836336925601357,10.184331797235023,0.011,0.126,0.115,1.0,5.376244031262254,6410.0,814.0,814.0,0.0,0
ITGB8,IDH_Mutant,tumor,AC_like_tumor,0.0,1.0,0.0,0.0,0.0,0.0,0.0,0.0,0.0,0.0,0.0,0.0,0.0,0.0,0.0,0.0,0.0,0.0,0.0,0.0,0.0,0.0,0.0,0.0,0.0,0.0,0.0,0.0,0.0,0.0,0.0,0.0,0.0,0.0,0.0,72549.0,446.0,446.0,0.0,0
ITGB8,IDH_Mutant,tumor,OPC_GABA_AC_like_tumor,0.0,1.0,0.0,0.0,0.0,0.0,0.0,0.0,0.0,0.0,0.0,0.0,0.0,0.0,0.0,0.0,0.0,0.0,0.0,0.0,0.0,0.0,0.0,0.0,0.0,0.0,0.0,0.0,0.0,0.0,0.0,0.0,0.0,0.0,0.0,6202.0,1012.0,1012.0,0.0,0
ITGB8,IDH_Mutant,tumor,OPC_GABA_like_tumor,0.0,1.0,2.0,0.0,2.0,0.0,1.0,1.0,0.0,0.0013962872285488,0.001639426134793,0.0027925744570976,0.0,0.0013962872285488,0.001639426134793,0.0011531483223046,-0.00048627781248839993,1.0,1.0,1.0,1.0,1.0,1.0,1.0,-0.5206364989184884,0.5206364989184884,0.0,1.0,19.21809113925056,87.62594223449511,0.338,0.47,0.13199999999999995,0.0,0.0,6741.0,14114.0,6741.0,0.0,0
ITGB8,IDH_Mutant,T_cell,T cell,0.0,1.0,0.0,0.0,0.0,0.0,0.0,0.0,0.0,0.0,0.0,0.0,0.0,0.0,0.0,0.0,0.0,0.0,0.0,0.0,0.0,0.0,0.0,0.0,0.0,0.0,0.0,0.0,0.0,0.0,0.0,0.0,0.0,0.0,0.0,2662.0,1463.0,1463.0,0.0,0
ITGB8,IDH_Mutant,TAM_microglia,TAM1/TAM2/microglia,0.0,1.0,0.0,0.0,0.0,0.0,0.0,0.0,0.0,0.0,0.0,0.0,0.0,0.0,0.0,0.0,0.0,0.0,0.0,0.0,0.0,0.0,0.0,0.0,0.0,0.0,0.0,0.0,0.0,0.0,0.0,0.0,0.0,0.0,0.0,12086.0,25922.0,12086.0,0.0,0
ITGB8,IDH_Mutant,tumor,cycling_tumor,0.0,1.0,1.0,0.0,1.0,1.0,0.0,1.0,1.0,0.0013090159462151,0.0013090159462151,0.0013090159462151,0.0,0.0013090159462151,0.0,0.0013090159462151,0.0013090159462151,1.0,1.0,1.0,1.0,1.0,0.0,1.0,5.549588231393137,5.549588231393137,1.0,0.0,22.45225181148334,33.49753694581281,0.419,0.011,-0.408,0.0,0.0,6410.0,814.0,814.0,0.0,0
ITGB8,IDH_WT,tumor,AC_like_tumor,0.0,1.0,0.0,0.0,0.0,0.0,0.0,0.0,0.0,0.0,0.0,0.0,0.0,0.0,0.0,0.0,0.0,0.0,0.0,0.0,0.0,0.0,0.0,0.0,0.0,0.0,0.0,0.0,0.0,0.0,0.0,0.0,0.0,0.0,0.0,72549.0,446.0,446.0,0.0,0
ITGB8,IDH_WT,tumor,OPC_GABA_AC_like_tumor,0.0,1.0,0.0,0.0,0.0,0.0,0.0,0.0,0.0,0.0,0.0,0.0,0.0,0.0,0.0,0.0,0.0,0.0,0.0,0.0,0.0,0.0,0.0,0.0,0.0,0.0,0.0,0.0,0.0,0.0,0.0,0.0,0.0,0.0,0.0,6202.0,1012.0,1012.0,0.0,0
ITGB8,IDH_WT,tumor,OPC_GABA_like_tumor,0.0,1.0,2.0,0.0,2.0,0.0,1.0,1.0,0.0,0.0013962872285488,0.001639426134793,0.0027925744570976,0.0,0.0013962872285488,0.001639426134793,0.0011531483223046,-0.00048627781248839993,1.0,1.0,1.0,1.0,1.0,1.0,0.0,0.0,0.0,0.0,0.0,0.0,0.0,0.0,0.0,0.0,0.0,0.5206364989184884,6741.0,14114.0,6741.0,0.0,0
ITGB8,IDH_WT,T_cell,T cell,0.0,1.0,0.0,0.0,0.0,0.0,0.0,0.0,0.0,0.0,0.0,0.0,0.0,0.0,0.0,0.0,0.0,0.0,0.0,0.0,0.0,0.0,0.0,0.0,0.0,0.0,0.0,0.0,0.0,0.0,0.0,0.0,0.0,0.0,0.0,2662.0,1463.0,1463.0,0.0,0
ITGB8,IDH_WT,TAM_microglia,TAM1/TAM2/microglia,0.0,1.0,0.0,0.0,0.0,0.0,0.0,0.0,0.0,0.0,0.0,0.0,0.0,0.0,0.0,0.0,0.0,0.0,0.0,0.0,0.0,0.0,0.0,0.0,0.0,0.0,0.0,0.0,0.0,0.0,0.0,0.0,0.0,0.0,0.0,12086.0,25922.0,12086.0,0.0,0
ITGB8,IDH_WT,tumor,cycling_tumor,0.0,1.0,1.0,0.0,1.0,1.0,0.0,1.0,1.0,0.0013090159462151,0.0013090159462151,0.0013090159462151,0.0,0.0013090159462151,0.0,0.0013090159462151,0.0013090159462151,1.0,1.0,1.0,1.0,1.0,0.0,0.0,0.0,0.0,0.0,0.0,0.0,0.0,0.0,0.0,0.0,0.0,5.549588231393137,6410.0,814.0,814.0,0.0,0
JAM2,IDH_Mutant,tumor,AC_like_tumor,1.0,1.0,0.0,0.0,0.0,0.0,0.0,0.0,0.0,0.0,0.0,0.0,0.0,0.0,0.0,0.0,0.0,0.0,0.0,0.0,0.0,0.0,0.0,0.0,0.0,0.0,0.0,0.0,0.0,0.0,0.0,0.0,0.0,0.0,0.0,72549.0,446.0,446.0,0.0,0
JAM2,IDH_Mutant,tumor,OPC_GABA_AC_like_tumor,1.0,1.0,0.0,0.0,0.0,0.0,0.0,0.0,0.0,0.0,0.0,0.0,0.0,0.0,0.0,0.0,0.0,0.0,0.0,0.0,0.0,0.0,0.0,0.0,0.0,0.0,0.0,0.0,0.0,0.0,0.0,0.0,0.0,0.0,0.0,6202.0,1012.0,1012.0,0.0,0
JAM2,IDH_Mutant,tumor,OPC_GABA_like_tumor,1.0,1.0,0.0,0.0,0.0,0.0,0.0,0.0,0.0,0.0,0.0,0.0,0.0,0.0,0.0,0.0,0.0,0.0,0.0,0.0,0.0,0.0,0.0,1.0,-1.274293620355111,1.274293620355111,0.0,1.0,77.6154783934257,87.62594223449511,0.206,0.41,0.204,0.0,0.2939359786475706,6741.0,14114.0,6741.0,0.0,0
JAM2,IDH_Mutant,T_cell,T cell,1.0,1.0,0.0,0.0,0.0,0.0,0.0,0.0,0.0,0.0,0.0,0.0,0.0,0.0,0.0,0.0,0.0,0.0,0.0,0.0,0.0,0.0,0.0,0.0,0.0,0.0,0.0,0.0,0.0,0.0,0.0,0.0,0.0,0.0,0.0,2662.0,1463.0,1463.0,0.0,0
JAM2,IDH_Mutant,TAM_microglia,TAM1/TAM2/microglia,1.0,1.0,0.0,0.0,0.0,0.0,0.0,0.0,0.0,0.0,0.0,0.0,0.0,0.0,0.0,0.0,0.0,0.0,0.0,0.0,0.0,0.0,0.0,0.0,0.0,0.0,0.0,0.0,0.0,0.0,0.0,0.0,0.0,0.0,0.0,12086.0,25922.0,12086.0,0.0,0
JAM2,IDH_Mutant,tumor,cycling_tumor,1.0,1.0,5.0,5.0,1.0,3.0,0.0,5.0,5.0,0.00160473963598942,0.0021428578601446,0.0080236981799471,0.00160473963598942,0.0016384362916382,0.0,0.00160473963598942,0.00160473963598942,1.0,3.0,1.0,3.0,5.0,0.0,1.0,0.7960758978451711,0.7960758978451711,1.0,0.0,7.596818806928833,33.49753694581281,0.441,0.104,-0.337,1.0,0.814318605370147,6410.0,814.0,814.0,0.0,0
JAM2,IDH_WT,tumor,AC_like_tumor,1.0,1.0,0.0,0.0,0.0,0.0,0.0,0.0,0.0,0.0,0.0,0.0,0.0,0.0,0.0,0.0,0.0,0.0,0.0,0.0,0.0,0.0,0.0,0.0,0.0,0.0,0.0,0.0,0.0,0.0,0.0,0.0,0.0,0.0,0.0,72549.0,446.0,446.0,0.0,0
JAM2,IDH_WT,tumor,OPC_GABA_AC_like_tumor,1.0,1.0,0.0,0.0,0.0,0.0,0.0,0.0,0.0,0.0,0.0,0.0,0.0,0.0,0.0,0.0,0.0,0.0,0.0,0.0,0.0,0.0,0.0,0.0,0.0,0.0,0.0,0.0,0.0,0.0,0.0,0.0,0.0,0.0,0.0,6202.0,1012.0,1012.0,0.0,0
JAM2,IDH_WT,tumor,OPC_GABA_like_tumor,1.0,1.0,0.0,0.0,0.0,0.0,0.0,0.0,0.0,0.0,0.0,0.0,0.0,0.0,0.0,0.0,0.0,0.0,0.0,0.0,0.0,0.0,0.0,1.0,0.2939359786475706,0.2939359786475706,1.0,0.0,58.72263953844598,27.741935483870968,0.335,0.135,-0.2,0.0,1.274293620355111,6741.0,14114.0,6741.0,0.0,0
JAM2,IDH_WT,T_cell,T cell,1.0,1.0,0.0,0.0,0.0,0.0,0.0,0.0,0.0,0.0,0.0,0.0,0.0,0.0,0.0,0.0,0.0,0.0,0.0,0.0,0.0,0.0,0.0,0.0,0.0,0.0,0.0,0.0,0.0,0.0,0.0,0.0,0.0,0.0,0.0,2662.0,1463.0,1463.0,0.0,0
JAM2,IDH_WT,TAM_microglia,TAM1/TAM2/microglia,1.0,1.0,0.0,0.0,0.0,0.0,0.0,0.0,0.0,0.0,0.0,0.0,0.0,0.0,0.0,0.0,0.0,0.0,0.0,0.0,0.0,0.0,0.0,0.0,0.0,0.0,0.0,0.0,0.0,0.0,0.0,0.0,0.0,0.0,0.0,12086.0,25922.0,12086.0,0.0,0
JAM2,IDH_WT,tumor,cycling_tumor,1.0,1.0,5.0,5.0,1.0,3.0,0.0,5.0,5.0,0.00160473963598942,0.0021428578601446,0.0080236981799471,0.00160473963598942,0.0016384362916382,0.0,0.00160473963598942,0.00160473963598942,1.0,3.0,1.0,3.0,5.0,0.0,1.0,0.814318605370147,0.814318605370147,1.0,0.0,87.44936647563978,10.184331797235023,0.407,0.1,-0.30699999999999994,1.0,0.7960758978451711,6410.0,814.0,814.0,0.0,0
JAM3,IDH_Mutant,tumor,AC_like_tumor,1.0,1.0,0.0,0.0,0.0,0.0,0.0,0.0,0.0,0.0,0.0,0.0,0.0,0.0,0.0,0.0,0.0,0.0,0.0,0.0,0.0,0.0,0.0,0.0,0.0,0.0,0.0,0.0,0.0,0.0,0.0,0.0,0.0,0.0,2.570917308287093,72549.0,446.0,446.0,0.0,0
JAM3,IDH_Mutant,tumor,OPC_GABA_AC_like_tumor,1.0,1.0,0.0,0.0,0.0,0.0,0.0,0.0,0.0,0.0,0.0,0.0,0.0,0.0,0.0,0.0,0.0,0.0,0.0,0.0,0.0,0.0,0.0,0.0,0.0,0.0,0.0,0.0,0.0,0.0,0.0,0.0,0.0,0.0,0.0,6202.0,1012.0,1012.0,0.0,0
JAM3,IDH_Mutant,tumor,OPC_GABA_like_tumor,1.0,1.0,0.0,0.0,0.0,0.0,0.0,0.0,0.0,0.0,0.0,0.0,0.0,0.0,0.0,0.0,0.0,0.0,0.0,0.0,0.0,0.0,0.0,0.0,0.0,0.0,0.0,0.0,0.0,0.0,0.0,0.0,0.0,0.0,1.3398998392869823,6741.0,14114.0,6741.0,0.0,0
JAM3,IDH_Mutant,T_cell,T cell,1.0,1.0,0.0,0.0,0.0,0.0,0.0,0.0,0.0,0.0,0.0,0.0,0.0,0.0,0.0,0.0,0.0,0.0,0.0,0.0,0.0,0.0,0.0,0.0,0.0,0.0,0.0,0.0,0.0,0.0,0.0,0.0,0.0,0.0,0.0,2662.0,1463.0,1463.0,0.0,0
JAM3,IDH_Mutant,TAM_microglia,TAM1/TAM2/microglia,1.0,1.0,0.0,0.0,0.0,0.0,0.0,0.0,0.0,0.0,0.0,0.0,0.0,0.0,0.0,0.0,0.0,0.0,0.0,0.0,0.0,0.0,0.0,0.0,0.0,0.0,0.0,0.0,0.0,0.0,0.0,0.0,0.0,0.0,0.0,12086.0,25922.0,12086.0,0.0,0
JAM3,IDH_Mutant,tumor,cycling_tumor,1.0,1.0,2.0,1.0,2.0,2.0,0.0,2.0,2.0,0.0009893736867179702,0.001159002926699,0.0019787473734359405,0.0008197444467369405,0.0009893736867179702,0.0,0.0009893736867179702,0.0009893736867179702,1.0,1.0,1.0,1.0,2.0,0.0,1.0,2.592247044781339,2.592247044781339,1.0,0.0,2.8828515932834065,33.49753694581281,0.132,0.007,-0.125,1.0,2.630915976788741,6410.0,814.0,814.0,0.0,0
JAM3,IDH_WT,tumor,AC_like_tumor,1.0,1.0,0.0,0.0,0.0,0.0,0.0,0.0,0.0,0.0,0.0,0.0,0.0,0.0,0.0,0.0,0.0,0.0,0.0,0.0,0.0,0.0,0.0,1.0,2.570917308287093,2.570917308287093,1.0,0.0,5.122174430323846,0.166358595194085,0.12,0.025,-0.095,0.0,0.0,72549.0,446.0,446.0,0.0,0
JAM3,IDH_WT,tumor,OPC_GABA_AC_like_tumor,1.0,1.0,0.0,0.0,0.0,0.0,0.0,0.0,0.0,0.0,0.0,0.0,0.0,0.0,0.0,0.0,0.0,0.0,0.0,0.0,0.0,0.0,0.0,0.0,0.0,0.0,0.0,0.0,0.0,0.0,0.0,0.0,0.0,0.0,0.0,6202.0,1012.0,1012.0,0.0,0
JAM3,IDH_WT,tumor,OPC_GABA_like_tumor,1.0,1.0,0.0,0.0,0.0,0.0,0.0,0.0,0.0,0.0,0.0,0.0,0.0,0.0,0.0,0.0,0.0,0.0,0.0,0.0,0.0,0.0,0.0,1.0,1.3398998392869823,1.3398998392869823,1.0,0.0,108.55574591193887,27.741935483870968,0.286,0.074,-0.21199999999999997,0.0,0.0,6741.0,14114.0,6741.0,0.0,0
JAM3,IDH_WT,T_cell,T cell,1.0,1.0,0.0,0.0,0.0,0.0,0.0,0.0,0.0,0.0,0.0,0.0,0.0,0.0,0.0,0.0,0.0,0.0,0.0,0.0,0.0,0.0,0.0,0.0,0.0,0.0,0.0,0.0,0.0,0.0,0.0,0.0,0.0,0.0,0.0,2662.0,1463.0,1463.0,0.0,0
JAM3,IDH_WT,TAM_microglia,TAM1/TAM2/microglia,1.0,1.0,0.0,0.0,0.0,0.0,0.0,0.0,0.0,0.0,0.0,0.0,0.0,0.0,0.0,0.0,0.0,0.0,0.0,0.0,0.0,0.0,0.0,0.0,0.0,0.0,0.0,0.0,0.0,0.0,0.0,0.0,0.0,0.0,0.0,12086.0,25922.0,12086.0,0.0,0
JAM3,IDH_WT,tumor,cycling_tumor,1.0,1.0,2.0,1.0,2.0,2.0,0.0,2.0,2.0,0.0009893736867179702,0.001159002926699,0.0019787473734359405,0.0008197444467369405,0.0009893736867179702,0.0,0.0009893736867179702,0.0009893736867179702,1.0,1.0,1.0,1.0,2.0,0.0,1.0,2.630915976788741,2.630915976788741,1.0,0.0,204.82074201969834,10.184331797235023,0.33,0.028,-0.302,1.0,2.592247044781339,6410.0,814.0,814.0,0.0,0
KLRB1,IDH_Mutant,tumor,AC_like_tumor,0.0,1.0,0.0,0.0,0.0,0.0,0.0,0.0,0.0,0.0,0.0,0.0,0.0,0.0,0.0,0.0,0.0,0.0,0.0,0.0,0.0,0.0,0.0,0.0,0.0,0.0,0.0,0.0,0.0,0.0,0.0,0.0,0.0,0.0,0.0,72549.0,446.0,446.0,0.0,0
KLRB1,IDH_Mutant,tumor,OPC_GABA_AC_like_tumor,0.0,1.0,0.0,0.0,0.0,0.0,0.0,0.0,0.0,0.0,0.0,0.0,0.0,0.0,0.0,0.0,0.0,0.0,0.0,0.0,0.0,0.0,0.0,0.0,0.0,0.0,0.0,0.0,0.0,0.0,0.0,0.0,0.0,0.0,0.0,6202.0,1012.0,1012.0,0.0,0
KLRB1,IDH_Mutant,tumor,OPC_GABA_like_tumor,0.0,1.0,0.0,0.0,0.0,0.0,0.0,0.0,0.0,0.0,0.0,0.0,0.0,0.0,0.0,0.0,0.0,0.0,0.0,0.0,0.0,0.0,0.0,0.0,0.0,0.0,0.0,0.0,0.0,0.0,0.0,0.0,0.0,0.0,0.0,6741.0,14114.0,6741.0,0.0,0
KLRB1,IDH_Mutant,T_cell,T cell,0.0,1.0,14.0,0.0,14.0,10.0,7.0,7.0,0.0,0.010231129628040679,0.0319079660883083,0.1432358147925695,0.0,0.010231129628040679,0.009080516611512813,0.011381742644568543,0.00230122603305573,1.0,3.0,2.0,1.0,7.0,7.0,1.0,0.9926731949392452,0.9926731949392452,1.0,0.0,16.27715074713764,26.19607843137255,0.59,0.298,-0.292,0.0,0.0,2662.0,1463.0,1463.0,0.0,1
KLRB1,IDH_Mutant,TAM_microglia,TAM1/TAM2/microglia,0.0,1.0,0.0,0.0,0.0,0.0,0.0,0.0,0.0,0.0,0.0,0.0,0.0,0.0,0.0,0.0,0.0,0.0,0.0,0.0,0.0,0.0,0.0,0.0,0.0,0.0,0.0,0.0,0.0,0.0,0.0,0.0,0.0,0.0,0.0,12086.0,25922.0,12086.0,0.0,0
KLRB1,IDH_Mutant,tumor,cycling_tumor,0.0,1.0,0.0,0.0,0.0,0.0,0.0,0.0,0.0,0.0,0.0,0.0,0.0,0.0,0.0,0.0,0.0,0.0,0.0,0.0,0.0,0.0,0.0,0.0,0.0,0.0,0.0,0.0,0.0,0.0,0.0,0.0,0.0,0.0,0.0,6410.0,814.0,814.0,0.0,0
KLRB1,IDH_WT,tumor,AC_like_tumor,0.0,1.0,0.0,0.0,0.0,0.0,0.0,0.0,0.0,0.0,0.0,0.0,0.0,0.0,0.0,0.0,0.0,0.0,0.0,0.0,0.0,0.0,0.0,0.0,0.0,0.0,0.0,0.0,0.0,0.0,0.0,0.0,0.0,0.0,0.0,72549.0,446.0,446.0,0.0,0
KLRB1,IDH_WT,tumor,OPC_GABA_AC_like_tumor,0.0,1.0,0.0,0.0,0.0,0.0,0.0,0.0,0.0,0.0,0.0,0.0,0.0,0.0,0.0,0.0,0.0,0.0,0.0,0.0,0.0,0.0,0.0,0.0,0.0,0.0,0.0,0.0,0.0,0.0,0.0,0.0,0.0,0.0,0.0,6202.0,1012.0,1012.0,0.0,0
KLRB1,IDH_WT,tumor,OPC_GABA_like_tumor,0.0,1.0,0.0,0.0,0.0,0.0,0.0,0.0,0.0,0.0,0.0,0.0,0.0,0.0,0.0,0.0,0.0,0.0,0.0,0.0,0.0,0.0,0.0,0.0,0.0,0.0,0.0,0.0,0.0,0.0,0.0,0.0,0.0,0.0,0.0,6741.0,14114.0,6741.0,0.0,0
KLRB1,IDH_WT,T_cell,T cell,0.0,1.0,14.0,0.0,14.0,10.0,7.0,7.0,0.0,0.010231129628040679,0.0319079660883083,0.1432358147925695,0.0,0.010231129628040679,0.009080516611512813,0.011381742644568543,0.00230122603305573,1.0,3.0,2.0,1.0,7.0,7.0,0.0,0.0,0.0,0.0,0.0,0.0,0.0,0.0,0.0,0.0,0.0,0.9926731949392452,2662.0,1463.0,1463.0,0.0,1
KLRB1,IDH_WT,TAM_microglia,TAM1/TAM2/microglia,0.0,1.0,0.0,0.0,0.0,0.0,0.0,0.0,0.0,0.0,0.0,0.0,0.0,0.0,0.0,0.0,0.0,0.0,0.0,0.0,0.0,0.0,0.0,0.0,0.0,0.0,0.0,0.0,0.0,0.0,0.0,0.0,0.0,0.0,0.0,12086.0,25922.0,12086.0,0.0,0
KLRB1,IDH_WT,tumor,cycling_tumor,0.0,1.0,0.0,0.0,0.0,0.0,0.0,0.0,0.0,0.0,0.0,0.0,0.0,0.0,0.0,0.0,0.0,0.0,0.0,0.0,0.0,0.0,0.0,0.0,0.0,0.0,0.0,0.0,0.0,0.0,0.0,0.0,0.0,0.0,0.0,6410.0,814.0,814.0,0.0,0
KLRC2,IDH_Mutant,tumor,AC_like_tumor,0.0,1.0,0.0,0.0,0.0,0.0,0.0,0.0,0.0,0.0,0.0,0.0,0.0,0.0,0.0,0.0,0.0,0.0,0.0,0.0,0.0,0.0,0.0,1.0,2.8021189931330643,2.8021189931330643,1.0,0.0,38.5073853247511,6.244483671668138,0.314,0.076,-0.238,0.0,0.0,72549.0,446.0,446.0,0.0,0
KLRC2,IDH_Mutant,tumor,OPC_GABA_AC_like_tumor,0.0,1.0,0.0,0.0,0.0,0.0,0.0,0.0,0.0,0.0,0.0,0.0,0.0,0.0,0.0,0.0,0.0,0.0,0.0,0.0,0.0,0.0,0.0,0.0,0.0,0.0,0.0,0.0,0.0,0.0,0.0,0.0,0.0,0.0,0.0,6202.0,1012.0,1012.0,0.0,0
KLRC2,IDH_Mutant,tumor,OPC_GABA_like_tumor,0.0,1.0,6.0,0.0,6.0,0.0,0.0,6.0,6.0,0.018077051350929785,0.0287367317117394,0.1084623081055787,0.0,0.018077051350929785,0.0,0.018077051350929785,0.018077051350929785,1.0,1.0,4.0,1.0,2.0,4.0,1.0,1.8705339182188103,1.8705339182188103,1.0,0.0,170.01044008276833,87.62594223449511,0.563,0.195,-0.36799999999999994,0.0,0.0,6741.0,14114.0,6741.0,0.0,0
KLRC2,IDH_Mutant,T_cell,T cell,0.0,1.0,0.0,0.0,0.0,0.0,0.0,0.0,0.0,0.0,0.0,0.0,0.0,0.0,0.0,0.0,0.0,0.0,0.0,0.0,0.0,0.0,0.0,0.0,0.0,0.0,0.0,0.0,0.0,0.0,0.0,0.0,0.0,0.0,0.0,2662.0,1463.0,1463.0,0.0,0
KLRC2,IDH_Mutant,TAM_microglia,TAM1/TAM2/microglia,0.0,1.0,0.0,0.0,0.0,0.0,0.0,0.0,0.0,0.0,0.0,0.0,0.0,0.0,0.0,0.0,0.0,0.0,0.0,0.0,0.0,0.0,0.0,0.0,0.0,0.0,0.0,0.0,0.0,0.0,0.0,0.0,0.0,0.0,0.0,12086.0,25922.0,12086.0,0.0,0
KLRC2,IDH_Mutant,tumor,cycling_tumor,0.0,1.0,0.0,0.0,0.0,0.0,0.0,0.0,0.0,0.0,0.0,0.0,0.0,0.0,0.0,0.0,0.0,0.0,0.0,0.0,0.0,0.0,0.0,1.0,4.705482006974403,4.705482006974403,1.0,0.0,16.48061373591137,33.49753694581281,0.331,0.007,-0.324,0.0,0.0,6410.0,814.0,814.0,0.0,0
KLRC2,IDH_WT,tumor,AC_like_tumor,0.0,1.0,0.0,0.0,0.0,0.0,0.0,0.0,0.0,0.0,0.0,0.0,0.0,0.0,0.0,0.0,0.0,0.0,0.0,0.0,0.0,0.0,0.0,0.0,0.0,0.0,0.0,0.0,0.0,0.0,0.0,0.0,0.0,0.0,2.8021189931330643,72549.0,446.0,446.0,0.0,0
KLRC2,IDH_WT,tumor,OPC_GABA_AC_like_tumor,0.0,1.0,0.0,0.0,0.0,0.0,0.0,0.0,0.0,0.0,0.0,0.0,0.0,0.0,0.0,0.0,0.0,0.0,0.0,0.0,0.0,0.0,0.0,0.0,0.0,0.0,0.0,0.0,0.0,0.0,0.0,0.0,0.0,0.0,0.0,6202.0,1012.0,1012.0,0.0,0
KLRC2,IDH_WT,tumor,OPC_GABA_like_tumor,0.0,1.0,6.0,0.0,6.0,0.0,0.0,6.0,6.0,0.018077051350929785,0.0287367317117394,0.1084623081055787,0.0,0.018077051350929785,0.0,0.018077051350929785,0.018077051350929785,1.0,1.0,4.0,1.0,2.0,4.0,0.0,0.0,0.0,0.0,0.0,0.0,0.0,0.0,0.0,0.0,0.0,1.8705339182188103,6741.0,14114.0,6741.0,0.0,0
KLRC2,IDH_WT,T_cell,T cell,0.0,1.0,0.0,0.0,0.0,0.0,0.0,0.0,0.0,0.0,0.0,0.0,0.0,0.0,0.0,0.0,0.0,0.0,0.0,0.0,0.0,0.0,0.0,0.0,0.0,0.0,0.0,0.0,0.0,0.0,0.0,0.0,0.0,0.0,0.0,2662.0,1463.0,1463.0,0.0,0
KLRC2,IDH_WT,TAM_microglia,TAM1/TAM2/microglia,0.0,1.0,0.0,0.0,0.0,0.0,0.0,0.0,0.0,0.0,0.0,0.0,0.0,0.0,0.0,0.0,0.0,0.0,0.0,0.0,0.0,0.0,0.0,0.0,0.0,0.0,0.0,0.0,0.0,0.0,0.0,0.0,0.0,0.0,0.0,12086.0,25922.0,12086.0,0.0,0
KLRC2,IDH_WT,tumor,cycling_tumor,0.0,1.0,0.0,0.0,0.0,0.0,0.0,0.0,0.0,0.0,0.0,0.0,0.0,0.0,0.0,0.0,0.0,0.0,0.0,0.0,0.0,0.0,0.0,0.0,0.0,0.0,0.0,0.0,0.0,0.0,0.0,0.0,0.0,0.0,4.705482006974403,6410.0,814.0,814.0,0.0,0
LAIR1,IDH_Mutant,tumor,AC_like_tumor,1.0,0.0,0.0,0.0,0.0,0.0,0.0,0.0,0.0,0.0,0.0,0.0,0.0,0.0,0.0,0.0,0.0,0.0,0.0,0.0,0.0,0.0,0.0,0.0,0.0,0.0,0.0,0.0,0.0,0.0,0.0,0.0,0.0,0.0,0.0,72549.0,446.0,446.0,0.0,0
LAIR1,IDH_Mutant,tumor,OPC_GABA_AC_like_tumor,1.0,0.0,0.0,0.0,0.0,0.0,0.0,0.0,0.0,0.0,0.0,0.0,0.0,0.0,0.0,0.0,0.0,0.0,0.0,0.0,0.0,0.0,0.0,0.0,0.0,0.0,0.0,0.0,0.0,0.0,0.0,0.0,0.0,0.0,0.0,6202.0,1012.0,1012.0,0.0,0
LAIR1,IDH_Mutant,tumor,OPC_GABA_like_tumor,1.0,0.0,0.0,0.0,0.0,0.0,0.0,0.0,0.0,0.0,0.0,0.0,0.0,0.0,0.0,0.0,0.0,0.0,0.0,0.0,0.0,0.0,0.0,0.0,0.0,0.0,0.0,0.0,0.0,0.0,0.0,0.0,0.0,0.0,0.0,6741.0,14114.0,6741.0,0.0,0
LAIR1,IDH_Mutant,T_cell,T cell,1.0,0.0,0.0,0.0,0.0,0.0,0.0,0.0,0.0,0.0,0.0,0.0,0.0,0.0,0.0,0.0,0.0,0.0,0.0,0.0,0.0,0.0,0.0,0.0,0.0,0.0,0.0,0.0,0.0,0.0,0.0,0.0,0.0,0.0,0.0,2662.0,1463.0,1463.0,0.0,0
LAIR1,IDH_Mutant,TAM_microglia,TAM1/TAM2/microglia,1.0,0.0,4.0,4.0,0.0,4.0,2.0,2.0,0.0,0.0031089893414732502,0.0042054497069747,0.012435957365893001,0.0031089893414732502,0.0,0.00257863855438875,0.00363934012855775,0.001060701574169,1.0,1.0,1.0,1.0,2.0,2.0,1.0,-0.2749596641487759,0.2749596641487759,0.0,1.0,3.676910983749499,91.1538623094048,0.326,0.385,0.059,0.0,0.2850417929534868,12086.0,25922.0,12086.0,0.0,0
LAIR1,IDH_Mutant,tumor,cycling_tumor,1.0,0.0,0.0,0.0,0.0,0.0,0.0,0.0,0.0,0.0,0.0,0.0,0.0,0.0,0.0,0.0,0.0,0.0,0.0,0.0,0.0,0.0,0.0,0.0,0.0,0.0,0.0,0.0,0.0,0.0,0.0,0.0,0.0,0.0,0.0,6410.0,814.0,814.0,0.0,0
LAIR1,IDH_WT,tumor,AC_like_tumor,1.0,0.0,0.0,0.0,0.0,0.0,0.0,0.0,0.0,0.0,0.0,0.0,0.0,0.0,0.0,0.0,0.0,0.0,0.0,0.0,0.0,0.0,0.0,0.0,0.0,0.0,0.0,0.0,0.0,0.0,0.0,0.0,0.0,0.0,0.0,72549.0,446.0,446.0,0.0,0
LAIR1,IDH_WT,tumor,OPC_GABA_AC_like_tumor,1.0,0.0,0.0,0.0,0.0,0.0,0.0,0.0,0.0,0.0,0.0,0.0,0.0,0.0,0.0,0.0,0.0,0.0,0.0,0.0,0.0,0.0,0.0,0.0,0.0,0.0,0.0,0.0,0.0,0.0,0.0,0.0,0.0,0.0,0.0,6202.0,1012.0,1012.0,0.0,0
LAIR1,IDH_WT,tumor,OPC_GABA_like_tumor,1.0,0.0,0.0,0.0,0.0,0.0,0.0,0.0,0.0,0.0,0.0,0.0,0.0,0.0,0.0,0.0,0.0,0.0,0.0,0.0,0.0,0.0,0.0,0.0,0.0,0.0,0.0,0.0,0.0,0.0,0.0,0.0,0.0,0.0,0.0,6741.0,14114.0,6741.0,0.0,0
LAIR1,IDH_WT,T_cell,T cell,1.0,0.0,0.0,0.0,0.0,0.0,0.0,0.0,0.0,0.0,0.0,0.0,0.0,0.0,0.0,0.0,0.0,0.0,0.0,0.0,0.0,0.0,0.0,0.0,0.0,0.0,0.0,0.0,0.0,0.0,0.0,0.0,0.0,0.0,0.0,2662.0,1463.0,1463.0,0.0,0
LAIR1,IDH_WT,TAM_microglia,TAM1/TAM2/microglia,1.0,0.0,4.0,4.0,0.0,4.0,2.0,2.0,0.0,0.0031089893414732502,0.0042054497069747,0.012435957365893001,0.0031089893414732502,0.0,0.00257863855438875,0.00363934012855775,0.001060701574169,1.0,1.0,1.0,1.0,2.0,2.0,1.0,0.2850417929534868,0.2850417929534868,1.0,0.0,10.426820846711482,22.064142753797928,0.327,0.244,-0.08300000000000002,0.0,0.2749596641487759,12086.0,25922.0,12086.0,0.0,0
LAIR1,IDH_WT,tumor,cycling_tumor,1.0,0.0,0.0,0.0,0.0,0.0,0.0,0.0,0.0,0.0,0.0,0.0,0.0,0.0,0.0,0.0,0.0,0.0,0.0,0.0,0.0,0.0,0.0,0.0,0.0,0.0,0.0,0.0,0.0,0.0,0.0,0.0,0.0,0.0,0.0,6410.0,814.0,814.0,0.0,0
LGALS9,IDH_Mutant,tumor,AC_like_tumor,1.0,0.0,0.0,0.0,0.0,0.0,0.0,0.0,0.0,0.0,0.0,0.0,0.0,0.0,0.0,0.0,0.0,0.0,0.0,0.0,0.0,0.0,0.0,0.0,0.0,0.0,0.0,0.0,0.0,0.0,0.0,0.0,0.0,0.0,0.0,72549.0,446.0,446.0,0.0,0
LGALS9,IDH_Mutant,tumor,OPC_GABA_AC_like_tumor,1.0,0.0,0.0,0.0,0.0,0.0,0.0,0.0,0.0,0.0,0.0,0.0,0.0,0.0,0.0,0.0,0.0,0.0,0.0,0.0,0.0,0.0,0.0,0.0,0.0,0.0,0.0,0.0,0.0,0.0,0.0,0.0,0.0,0.0,0.0,6202.0,1012.0,1012.0,0.0,0
LGALS9,IDH_Mutant,tumor,OPC_GABA_like_tumor,1.0,0.0,0.0,0.0,0.0,0.0,0.0,0.0,0.0,0.0,0.0,0.0,0.0,0.0,0.0,0.0,0.0,0.0,0.0,0.0,0.0,0.0,0.0,0.0,0.0,0.0,0.0,0.0,0.0,0.0,0.0,0.0,0.0,0.0,0.0,6741.0,14114.0,6741.0,0.0,0
LGALS9,IDH_Mutant,T_cell,T cell,1.0,0.0,0.0,0.0,0.0,0.0,0.0,0.0,0.0,0.0,0.0,0.0,0.0,0.0,0.0,0.0,0.0,0.0,0.0,0.0,0.0,0.0,0.0,0.0,0.0,0.0,0.0,0.0,0.0,0.0,0.0,0.0,0.0,0.0,0.0,2662.0,1463.0,1463.0,0.0,0
LGALS9,IDH_Mutant,TAM_microglia,TAM1/TAM2/microglia,1.0,0.0,13.0,13.0,0.0,5.0,0.0,13.0,13.0,0.006557732812207394,0.0161731728416982,0.08525052655869612,0.006557732812207394,0.0,0.0,0.006557732812207394,0.006557732812207394,1.0,4.0,1.0,4.0,6.0,7.0,0.0,0.0,0.0,0.0,0.0,0.0,0.0,0.0,0.0,0.0,0.0,0.3557137866024683,12086.0,25922.0,12086.0,0.0,1
LGALS9,IDH_Mutant,tumor,cycling_tumor,1.0,0.0,0.0,0.0,0.0,0.0,0.0,0.0,0.0,0.0,0.0,0.0,0.0,0.0,0.0,0.0,0.0,0.0,0.0,0.0,0.0,0.0,0.0,1.0,-6.546732154157838,6.546732154157838,0.0,1.0,1.9312502498049535,33.49753694581281,0.007,0.181,0.174,0.0,0.0,6410.0,814.0,814.0,0.0,0
LGALS9,IDH_WT,tumor,AC_like_tumor,1.0,0.0,0.0,0.0,0.0,0.0,0.0,0.0,0.0,0.0,0.0,0.0,0.0,0.0,0.0,0.0,0.0,0.0,0.0,0.0,0.0,0.0,0.0,0.0,0.0,0.0,0.0,0.0,0.0,0.0,0.0,0.0,0.0,0.0,0.0,72549.0,446.0,446.0,0.0,0
LGALS9,IDH_WT,tumor,OPC_GABA_AC_like_tumor,1.0,0.0,0.0,0.0,0.0,0.0,0.0,0.0,0.0,0.0,0.0,0.0,0.0,0.0,0.0,0.0,0.0,0.0,0.0,0.0,0.0,0.0,0.0,0.0,0.0,0.0,0.0,0.0,0.0,0.0,0.0,0.0,0.0,0.0,0.0,6202.0,1012.0,1012.0,0.0,0
LGALS9,IDH_WT,tumor,OPC_GABA_like_tumor,1.0,0.0,0.0,0.0,0.0,0.0,0.0,0.0,0.0,0.0,0.0,0.0,0.0,0.0,0.0,0.0,0.0,0.0,0.0,0.0,0.0,0.0,0.0,0.0,0.0,0.0,0.0,0.0,0.0,0.0,0.0,0.0,0.0,0.0,0.0,6741.0,14114.0,6741.0,0.0,0
LGALS9,IDH_WT,T_cell,T cell,1.0,0.0,0.0,0.0,0.0,0.0,0.0,0.0,0.0,0.0,0.0,0.0,0.0,0.0,0.0,0.0,0.0,0.0,0.0,0.0,0.0,0.0,0.0,0.0,0.0,0.0,0.0,0.0,0.0,0.0,0.0,0.0,0.0,0.0,0.0,2662.0,1463.0,1463.0,0.0,0
LGALS9,IDH_WT,TAM_microglia,TAM1/TAM2/microglia,1.0,0.0,13.0,13.0,0.0,5.0,0.0,13.0,13.0,0.006557732812207394,0.0161731728416982,0.08525052655869612,0.006557732812207394,0.0,0.0,0.006557732812207394,0.006557732812207394,1.0,4.0,1.0,4.0,6.0,7.0,1.0,0.3557137866024683,0.3557137866024683,1.0,0.0,9.642147284133971,22.064142753797928,0.29,0.215,-0.07499999999999998,0.0,0.0,12086.0,25922.0,12086.0,0.0,1
LGALS9,IDH_WT,tumor,cycling_tumor,1.0,0.0,0.0,0.0,0.0,0.0,0.0,0.0,0.0,0.0,0.0,0.0,0.0,0.0,0.0,0.0,0.0,0.0,0.0,0.0,0.0,0.0,0.0,0.0,0.0,0.0,0.0,0.0,0.0,0.0,0.0,0.0,0.0,0.0,6.546732154157838,6410.0,814.0,814.0,0.0,0
LILRB4,IDH_Mutant,tumor,AC_like_tumor,0.0,1.0,0.0,0.0,0.0,0.0,0.0,0.0,0.0,0.0,0.0,0.0,0.0,0.0,0.0,0.0,0.0,0.0,0.0,0.0,0.0,0.0,0.0,0.0,0.0,0.0,0.0,0.0,0.0,0.0,0.0,0.0,0.0,0.0,0.0,72549.0,446.0,446.0,0.0,0
LILRB4,IDH_Mutant,tumor,OPC_GABA_AC_like_tumor,0.0,1.0,0.0,0.0,0.0,0.0,0.0,0.0,0.0,0.0,0.0,0.0,0.0,0.0,0.0,0.0,0.0,0.0,0.0,0.0,0.0,0.0,0.0,0.0,0.0,0.0,0.0,0.0,0.0,0.0,0.0,0.0,0.0,0.0,0.0,6202.0,1012.0,1012.0,0.0,0
LILRB4,IDH_Mutant,tumor,OPC_GABA_like_tumor,0.0,1.0,0.0,0.0,0.0,0.0,0.0,0.0,0.0,0.0,0.0,0.0,0.0,0.0,0.0,0.0,0.0,0.0,0.0,0.0,0.0,0.0,0.0,0.0,0.0,0.0,0.0,0.0,0.0,0.0,0.0,0.0,0.0,0.0,0.0,6741.0,14114.0,6741.0,0.0,0
LILRB4,IDH_Mutant,T_cell,T cell,0.0,1.0,0.0,0.0,0.0,0.0,0.0,0.0,0.0,0.0,0.0,0.0,0.0,0.0,0.0,0.0,0.0,0.0,0.0,0.0,0.0,0.0,0.0,0.0,0.0,0.0,0.0,0.0,0.0,0.0,0.0,0.0,0.0,0.0,0.0,2662.0,1463.0,1463.0,0.0,0
LILRB4,IDH_Mutant,TAM_microglia,TAM1/TAM2/microglia,0.0,1.0,4.0,0.0,4.0,4.0,2.0,2.0,0.0,0.0031089893414732502,0.0042054497069747,0.012435957365893001,0.0,0.0031089893414732502,0.0026251689676214498,0.00359280971532505,0.0009676407477036001,1.0,1.0,1.0,1.0,2.0,2.0,1.0,0.5650212558480195,0.5650212558480195,1.0,0.0,29.945221010661594,91.1538623094048,0.498,0.356,-0.14200000000000002,1.0,0.4412907361417251,12086.0,25922.0,12086.0,0.0,0
LILRB4,IDH_Mutant,tumor,cycling_tumor,0.0,1.0,0.0,0.0,0.0,0.0,0.0,0.0,0.0,0.0,0.0,0.0,0.0,0.0,0.0,0.0,0.0,0.0,0.0,0.0,0.0,0.0,0.0,1.0,-6.44723680022447,6.44723680022447,0.0,1.0,3.3958658272093682,33.49753694581281,0.007,0.219,0.212,0.0,0.0,6410.0,814.0,814.0,0.0,0
LILRB4,IDH_WT,tumor,AC_like_tumor,0.0,1.0,0.0,0.0,0.0,0.0,0.0,0.0,0.0,0.0,0.0,0.0,0.0,0.0,0.0,0.0,0.0,0.0,0.0,0.0,0.0,0.0,0.0,0.0,0.0,0.0,0.0,0.0,0.0,0.0,0.0,0.0,0.0,0.0,0.0,72549.0,446.0,446.0,0.0,0
LILRB4,IDH_WT,tumor,OPC_GABA_AC_like_tumor,0.0,1.0,0.0,0.0,0.0,0.0,0.0,0.0,0.0,0.0,0.0,0.0,0.0,0.0,0.0,0.0,0.0,0.0,0.0,0.0,0.0,0.0,0.0,0.0,0.0,0.0,0.0,0.0,0.0,0.0,0.0,0.0,0.0,0.0,0.0,6202.0,1012.0,1012.0,0.0,0
LILRB4,IDH_WT,tumor,OPC_GABA_like_tumor,0.0,1.0,0.0,0.0,0.0,0.0,0.0,0.0,0.0,0.0,0.0,0.0,0.0,0.0,0.0,0.0,0.0,0.0,0.0,0.0,0.0,0.0,0.0,0.0,0.0,0.0,0.0,0.0,0.0,0.0,0.0,0.0,0.0,0.0,0.0,6741.0,14114.0,6741.0,0.0,0
LILRB4,IDH_WT,T_cell,T cell,0.0,1.0,0.0,0.0,0.0,0.0,0.0,0.0,0.0,0.0,0.0,0.0,0.0,0.0,0.0,0.0,0.0,0.0,0.0,0.0,0.0,0.0,0.0,0.0,0.0,0.0,0.0,0.0,0.0,0.0,0.0,0.0,0.0,0.0,0.0,2662.0,1463.0,1463.0,0.0,0
LILRB4,IDH_WT,TAM_microglia,TAM1/TAM2/microglia,0.0,1.0,4.0,0.0,4.0,4.0,2.0,2.0,0.0,0.0031089893414732502,0.0042054497069747,0.012435957365893001,0.0,0.0031089893414732502,0.0026251689676214498,0.00359280971532505,0.0009676407477036001,1.0,1.0,1.0,1.0,2.0,2.0,1.0,0.4412907361417251,0.4412907361417251,1.0,0.0,22.2691437535559,22.064142753797928,0.414,0.299,-0.11499999999999999,1.0,0.5650212558480195,12086.0,25922.0,12086.0,0.0,0
LILRB4,IDH_WT,tumor,cycling_tumor,0.0,1.0,0.0,0.0,0.0,0.0,0.0,0.0,0.0,0.0,0.0,0.0,0.0,0.0,0.0,0.0,0.0,0.0,0.0,0.0,0.0,0.0,0.0,0.0,0.0,0.0,0.0,0.0,0.0,0.0,0.0,0.0,0.0,0.0,6.44723680022447,6410.0,814.0,814.0,0.0,0
LRP1,IDH_Mutant,tumor,AC_like_tumor,0.0,1.0,2.0,0.0,2.0,0.0,1.0,1.0,0.0,0.00126051260428745,0.0013213158667165,0.0025210252085749,0.0,0.00126051260428745,0.0013213158667165,0.0011997093418584,-0.00012160652485809992,1.0,1.0,1.0,1.0,1.0,1.0,0.0,0.0,0.0,0.0,0.0,0.0,0.0,0.0,0.0,0.0,0.0,0.0,72549.0,446.0,446.0,0.0,0
LRP1,IDH_Mutant,tumor,OPC_GABA_AC_like_tumor,0.0,1.0,0.0,0.0,0.0,0.0,0.0,0.0,0.0,0.0,0.0,0.0,0.0,0.0,0.0,0.0,0.0,0.0,0.0,0.0,0.0,0.0,0.0,0.0,0.0,0.0,0.0,0.0,0.0,0.0,0.0,0.0,0.0,0.0,0.0,6202.0,1012.0,1012.0,0.0,0
LRP1,IDH_Mutant,tumor,OPC_GABA_like_tumor,0.0,1.0,2.0,0.0,2.0,0.0,1.0,1.0,0.0,0.00209525130186495,0.0022437004159293,0.0041905026037299,0.0,0.00209525130186495,0.0022437004159293,0.0019468021878006,-0.00029689822812870004,1.0,1.0,1.0,1.0,1.0,1.0,1.0,0.5191434707941005,0.5191434707941005,1.0,0.0,20.01171849108677,87.62594223449511,0.464,0.334,-0.13,0.0,0.2986299695038781,6741.0,14114.0,6741.0,0.0,0
LRP1,IDH_Mutant,T_cell,T cell,0.0,1.0,0.0,0.0,0.0,0.0,0.0,0.0,0.0,0.0,0.0,0.0,0.0,0.0,0.0,0.0,0.0,0.0,0.0,0.0,0.0,0.0,0.0,0.0,0.0,0.0,0.0,0.0,0.0,0.0,0.0,0.0,0.0,0.0,0.0,2662.0,1463.0,1463.0,0.0,0
LRP1,IDH_Mutant,TAM_microglia,TAM1/TAM2/microglia,0.0,1.0,2.0,0.0,2.0,0.0,1.0,1.0,0.0,0.001612222102132,0.0018372268831769,0.003224444204264,0.0,0.001612222102132,0.0013872173210871,0.0018372268831769,0.00045000956208979996,1.0,1.0,1.0,1.0,1.0,1.0,0.0,0.0,0.0,0.0,0.0,0.0,0.0,0.0,0.0,0.0,0.0,0.0,12086.0,25922.0,12086.0,0.0,0
LRP1,IDH_Mutant,tumor,cycling_tumor,0.0,1.0,1.0,0.0,1.0,1.0,0.0,1.0,1.0,0.0014757899052933,0.0014757899052933,0.0014757899052933,0.0,0.0014757899052933,0.0,0.0014757899052933,0.0014757899052933,1.0,1.0,1.0,1.0,1.0,0.0,0.0,0.0,0.0,0.0,0.0,0.0,0.0,0.0,0.0,0.0,0.0,0.4402104935675045,6410.0,814.0,814.0,0.0,0
LRP1,IDH_WT,tumor,AC_like_tumor,0.0,1.0,2.0,0.0,2.0,0.0,1.0,1.0,0.0,0.00126051260428745,0.0013213158667165,0.0025210252085749,0.0,0.00126051260428745,0.0013213158667165,0.0011997093418584,-0.00012160652485809992,1.0,1.0,1.0,1.0,1.0,1.0,0.0,0.0,0.0,0.0,0.0,0.0,0.0,0.0,0.0,0.0,0.0,0.0,72549.0,446.0,446.0,0.0,0
LRP1,IDH_WT,tumor,OPC_GABA_AC_like_tumor,0.0,1.0,0.0,0.0,0.0,0.0,0.0,0.0,0.0,0.0,0.0,0.0,0.0,0.0,0.0,0.0,0.0,0.0,0.0,0.0,0.0,0.0,0.0,0.0,0.0,0.0,0.0,0.0,0.0,0.0,0.0,0.0,0.0,0.0,0.0,6202.0,1012.0,1012.0,0.0,0
LRP1,IDH_WT,tumor,OPC_GABA_like_tumor,0.0,1.0,2.0,0.0,2.0,0.0,1.0,1.0,0.0,0.00209525130186495,0.0022437004159293,0.0041905026037299,0.0,0.00209525130186495,0.0022437004159293,0.0019468021878006,-0.00029689822812870004,1.0,1.0,1.0,1.0,1.0,1.0,1.0,-0.2986299695038781,0.2986299695038781,0.0,1.0,12.025838310554176,27.741935483870968,0.624,0.382,-0.242,0.0,0.5191434707941005,6741.0,14114.0,6741.0,0.0,0
LRP1,IDH_WT,T_cell,T cell,0.0,1.0,0.0,0.0,0.0,0.0,0.0,0.0,0.0,0.0,0.0,0.0,0.0,0.0,0.0,0.0,0.0,0.0,0.0,0.0,0.0,0.0,0.0,0.0,0.0,0.0,0.0,0.0,0.0,0.0,0.0,0.0,0.0,0.0,0.0,2662.0,1463.0,1463.0,0.0,0
LRP1,IDH_WT,TAM_microglia,TAM1/TAM2/microglia,0.0,1.0,2.0,0.0,2.0,0.0,1.0,1.0,0.0,0.001612222102132,0.0018372268831769,0.003224444204264,0.0,0.001612222102132,0.0013872173210871,0.0018372268831769,0.00045000956208979996,1.0,1.0,1.0,1.0,1.0,1.0,0.0,0.0,0.0,0.0,0.0,0.0,0.0,0.0,0.0,0.0,0.0,0.0,12086.0,25922.0,12086.0,0.0,0
LRP1,IDH_WT,tumor,cycling_tumor,0.0,1.0,1.0,0.0,1.0,1.0,0.0,1.0,1.0,0.0014757899052933,0.0014757899052933,0.0014757899052933,0.0,0.0014757899052933,0.0,0.0014757899052933,0.0014757899052933,1.0,1.0,1.0,1.0,1.0,0.0,1.0,0.4402104935675045,0.4402104935675045,1.0,0.0,44.599803754901764,10.184331797235023,0.493,0.193,-0.3,0.0,0.0,6410.0,814.0,814.0,0.0,0
LRRTM2,IDH_Mutant,tumor,AC_like_tumor,0.0,1.0,0.0,0.0,0.0,0.0,0.0,0.0,0.0,0.0,0.0,0.0,0.0,0.0,0.0,0.0,0.0,0.0,0.0,0.0,0.0,0.0,0.0,1.0,1.6209291707314872,1.6209291707314872,1.0,0.0,4.293315804316049,6.244483671668138,0.177,0.074,-0.103,0.0,0.0,72549.0,446.0,446.0,0.0,0
LRRTM2,IDH_Mutant,tumor,OPC_GABA_AC_like_tumor,0.0,1.0,0.0,0.0,0.0,0.0,0.0,0.0,0.0,0.0,0.0,0.0,0.0,0.0,0.0,0.0,0.0,0.0,0.0,0.0,0.0,0.0,0.0,0.0,0.0,0.0,0.0,0.0,0.0,0.0,0.0,0.0,0.0,0.0,0.0,6202.0,1012.0,1012.0,0.0,0
LRRTM2,IDH_Mutant,tumor,OPC_GABA_like_tumor,0.0,1.0,6.0,0.0,6.0,3.0,0.0,6.0,6.0,0.005079151850641467,0.0156105918756343,0.030474911103848798,0.0,0.005079151850641467,0.0,0.005079151850641467,0.005079151850641467,1.0,2.0,4.0,1.0,5.0,1.0,1.0,0.4967458162778178,0.4967458162778178,1.0,0.0,15.476820739469032,87.62594223449511,0.317,0.201,-0.11599999999999999,0.0,0.6935439039610407,6741.0,14114.0,6741.0,0.0,0
LRRTM2,IDH_Mutant,T_cell,T cell,0.0,1.0,0.0,0.0,0.0,0.0,0.0,0.0,0.0,0.0,0.0,0.0,0.0,0.0,0.0,0.0,0.0,0.0,0.0,0.0,0.0,0.0,0.0,0.0,0.0,0.0,0.0,0.0,0.0,0.0,0.0,0.0,0.0,0.0,0.0,2662.0,1463.0,1463.0,0.0,0
LRRTM2,IDH_Mutant,TAM_microglia,TAM1/TAM2/microglia,0.0,1.0,0.0,0.0,0.0,0.0,0.0,0.0,0.0,0.0,0.0,0.0,0.0,0.0,0.0,0.0,0.0,0.0,0.0,0.0,0.0,0.0,0.0,0.0,0.0,0.0,0.0,0.0,0.0,0.0,0.0,0.0,0.0,0.0,0.0,12086.0,25922.0,12086.0,0.0,0
LRRTM2,IDH_Mutant,tumor,cycling_tumor,0.0,1.0,6.0,0.0,6.0,1.0,0.0,6.0,6.0,0.00337061154555855,0.0103806915753576,0.0202236692733513,0.0,0.00337061154555855,0.0,0.00337061154555855,0.00337061154555855,1.0,2.0,4.0,1.0,5.0,1.0,1.0,4.007836668405867,4.007836668405867,1.0,0.0,5.2846177479249645,33.49753694581281,0.169,0.007,-0.162,1.0,1.0132404394620282,6410.0,814.0,814.0,0.0,0
LRRTM2,IDH_WT,tumor,AC_like_tumor,0.0,1.0,0.0,0.0,0.0,0.0,0.0,0.0,0.0,0.0,0.0,0.0,0.0,0.0,0.0,0.0,0.0,0.0,0.0,0.0,0.0,0.0,0.0,0.0,0.0,0.0,0.0,0.0,0.0,0.0,0.0,0.0,0.0,0.0,1.6209291707314872,72549.0,446.0,446.0,0.0,0
LRRTM2,IDH_WT,tumor,OPC_GABA_AC_like_tumor,0.0,1.0,0.0,0.0,0.0,0.0,0.0,0.0,0.0,0.0,0.0,0.0,0.0,0.0,0.0,0.0,0.0,0.0,0.0,0.0,0.0,0.0,0.0,0.0,0.0,0.0,0.0,0.0,0.0,0.0,0.0,0.0,0.0,0.0,0.0,6202.0,1012.0,1012.0,0.0,0
LRRTM2,IDH_WT,tumor,OPC_GABA_like_tumor,0.0,1.0,6.0,0.0,6.0,3.0,0.0,6.0,6.0,0.005079151850641467,0.0156105918756343,0.030474911103848798,0.0,0.005079151850641467,0.0,0.005079151850641467,0.005079151850641467,1.0,2.0,4.0,1.0,5.0,1.0,1.0,-0.6935439039610407,0.6935439039610407,0.0,1.0,12.85607413289099,27.741935483870968,0.328,0.19,-0.138,0.0,0.4967458162778178,6741.0,14114.0,6741.0,0.0,0
LRRTM2,IDH_WT,T_cell,T cell,0.0,1.0,0.0,0.0,0.0,0.0,0.0,0.0,0.0,0.0,0.0,0.0,0.0,0.0,0.0,0.0,0.0,0.0,0.0,0.0,0.0,0.0,0.0,0.0,0.0,0.0,0.0,0.0,0.0,0.0,0.0,0.0,0.0,0.0,0.0,2662.0,1463.0,1463.0,0.0,0
LRRTM2,IDH_WT,TAM_microglia,TAM1/TAM2/microglia,0.0,1.0,0.0,0.0,0.0,0.0,0.0,0.0,0.0,0.0,0.0,0.0,0.0,0.0,0.0,0.0,0.0,0.0,0.0,0.0,0.0,0.0,0.0,0.0,0.0,0.0,0.0,0.0,0.0,0.0,0.0,0.0,0.0,0.0,0.0,12086.0,25922.0,12086.0,0.0,0
LRRTM2,IDH_WT,tumor,cycling_tumor,0.0,1.0,6.0,0.0,6.0,1.0,0.0,6.0,6.0,0.00337061154555855,0.0103806915753576,0.0202236692733513,0.0,0.00337061154555855,0.0,0.00337061154555855,0.00337061154555855,1.0,2.0,4.0,1.0,5.0,1.0,1.0,1.0132404394620282,1.0132404394620282,1.0,0.0,99.16417413485708,10.184331797235023,0.359,0.072,-0.287,1.0,4.007836668405867,6410.0,814.0,814.0,0.0,0
LRRTM3,IDH_Mutant,tumor,AC_like_tumor,0.0,1.0,0.0,0.0,0.0,0.0,0.0,0.0,0.0,0.0,0.0,0.0,0.0,0.0,0.0,0.0,0.0,0.0,0.0,0.0,0.0,0.0,0.0,0.0,0.0,0.0,0.0,0.0,0.0,0.0,0.0,0.0,0.0,0.0,0.0,72549.0,446.0,446.0,0.0,0
LRRTM3,IDH_Mutant,tumor,OPC_GABA_AC_like_tumor,0.0,1.0,0.0,0.0,0.0,0.0,0.0,0.0,0.0,0.0,0.0,0.0,0.0,0.0,0.0,0.0,0.0,0.0,0.0,0.0,0.0,0.0,0.0,0.0,0.0,0.0,0.0,0.0,0.0,0.0,0.0,0.0,0.0,0.0,0.0,6202.0,1012.0,1012.0,0.0,0
LRRTM3,IDH_Mutant,tumor,OPC_GABA_like_tumor,0.0,1.0,6.0,0.0,6.0,3.0,0.0,6.0,6.0,0.004251251790534683,0.0130790509330356,0.0255075107432081,0.0,0.004251251790534683,0.0,0.004251251790534683,0.004251251790534683,1.0,2.0,4.0,1.0,5.0,1.0,0.0,0.0,0.0,0.0,0.0,0.0,0.0,0.0,0.0,0.0,0.0,1.1239498134434314,6741.0,14114.0,6741.0,0.0,0
LRRTM3,IDH_Mutant,T_cell,T cell,0.0,1.0,0.0,0.0,0.0,0.0,0.0,0.0,0.0,0.0,0.0,0.0,0.0,0.0,0.0,0.0,0.0,0.0,0.0,0.0,0.0,0.0,0.0,0.0,0.0,0.0,0.0,0.0,0.0,0.0,0.0,0.0,0.0,0.0,0.0,2662.0,1463.0,1463.0,0.0,0
LRRTM3,IDH_Mutant,TAM_microglia,TAM1/TAM2/microglia,0.0,1.0,0.0,0.0,0.0,0.0,0.0,0.0,0.0,0.0,0.0,0.0,0.0,0.0,0.0,0.0,0.0,0.0,0.0,0.0,0.0,0.0,0.0,0.0,0.0,0.0,0.0,0.0,0.0,0.0,0.0,0.0,0.0,0.0,0.0,12086.0,25922.0,12086.0,0.0,0
LRRTM3,IDH_Mutant,tumor,cycling_tumor,0.0,1.0,0.0,0.0,0.0,0.0,0.0,0.0,0.0,0.0,0.0,0.0,0.0,0.0,0.0,0.0,0.0,0.0,0.0,0.0,0.0,0.0,0.0,1.0,5.510581338267147,5.510581338267147,1.0,0.0,10.916043997926128,33.49753694581281,0.25,0.007,-0.243,1.0,2.229641767151908,6410.0,814.0,814.0,0.0,0
LRRTM3,IDH_WT,tumor,AC_like_tumor,0.0,1.0,0.0,0.0,0.0,0.0,0.0,0.0,0.0,0.0,0.0,0.0,0.0,0.0,0.0,0.0,0.0,0.0,0.0,0.0,0.0,0.0,0.0,0.0,0.0,0.0,0.0,0.0,0.0,0.0,0.0,0.0,0.0,0.0,0.0,72549.0,446.0,446.0,0.0,0
LRRTM3,IDH_WT,tumor,OPC_GABA_AC_like_tumor,0.0,1.0,0.0,0.0,0.0,0.0,0.0,0.0,0.0,0.0,0.0,0.0,0.0,0.0,0.0,0.0,0.0,0.0,0.0,0.0,0.0,0.0,0.0,0.0,0.0,0.0,0.0,0.0,0.0,0.0,0.0,0.0,0.0,0.0,0.0,6202.0,1012.0,1012.0,0.0,0
LRRTM3,IDH_WT,tumor,OPC_GABA_like_tumor,0.0,1.0,6.0,0.0,6.0,3.0,0.0,6.0,6.0,0.004251251790534683,0.0130790509330356,0.0255075107432081,0.0,0.004251251790534683,0.0,0.004251251790534683,0.004251251790534683,1.0,2.0,4.0,1.0,5.0,1.0,1.0,1.1239498134434314,1.1239498134434314,1.0,0.0,82.02165362923598,27.741935483870968,0.217,0.054,-0.163,0.0,0.0,6741.0,14114.0,6741.0,0.0,0
LRRTM3,IDH_WT,T_cell,T cell,0.0,1.0,0.0,0.0,0.0,0.0,0.0,0.0,0.0,0.0,0.0,0.0,0.0,0.0,0.0,0.0,0.0,0.0,0.0,0.0,0.0,0.0,0.0,0.0,0.0,0.0,0.0,0.0,0.0,0.0,0.0,0.0,0.0,0.0,0.0,2662.0,1463.0,1463.0,0.0,0
LRRTM3,IDH_WT,TAM_microglia,TAM1/TAM2/microglia,0.0,1.0,0.0,0.0,0.0,0.0,0.0,0.0,0.0,0.0,0.0,0.0,0.0,0.0,0.0,0.0,0.0,0.0,0.0,0.0,0.0,0.0,0.0,0.0,0.0,0.0,0.0,0.0,0.0,0.0,0.0,0.0,0.0,0.0,0.0,12086.0,25922.0,12086.0,0.0,0
LRRTM3,IDH_WT,tumor,cycling_tumor,0.0,1.0,0.0,0.0,0.0,0.0,0.0,0.0,0.0,0.0,0.0,0.0,0.0,0.0,0.0,0.0,0.0,0.0,0.0,0.0,0.0,0.0,0.0,1.0,2.229641767151908,2.229641767151908,1.0,0.0,94.016110190004,10.184331797235023,0.145,0.011,-0.13399999999999998,1.0,5.510581338267147,6410.0,814.0,814.0,0.0,0
MDK,IDH_Mutant,tumor,AC_like_tumor,1.0,0.0,0.0,0.0,0.0,0.0,0.0,0.0,0.0,0.0,0.0,0.0,0.0,0.0,0.0,0.0,0.0,0.0,0.0,0.0,0.0,0.0,0.0,0.0,0.0,0.0,0.0,0.0,0.0,0.0,0.0,0.0,0.0,0.0,0.0,72549.0,446.0,446.0,0.0,1
MDK,IDH_Mutant,tumor,OPC_GABA_AC_like_tumor,1.0,0.0,0.0,0.0,0.0,0.0,0.0,0.0,0.0,0.0,0.0,0.0,0.0,0.0,0.0,0.0,0.0,0.0,0.0,0.0,0.0,0.0,0.0,0.0,0.0,0.0,0.0,0.0,0.0,0.0,0.0,0.0,0.0,0.0,0.0,6202.0,1012.0,1012.0,0.0,1
MDK,IDH_Mutant,tumor,OPC_GABA_like_tumor,1.0,0.0,0.0,0.0,0.0,0.0,0.0,0.0,0.0,0.0,0.0,0.0,0.0,0.0,0.0,0.0,0.0,0.0,0.0,0.0,0.0,0.0,0.0,0.0,0.0,0.0,0.0,0.0,0.0,0.0,0.0,0.0,0.0,0.0,0.4880890728665839,6741.0,14114.0,6741.0,0.0,1
MDK,IDH_Mutant,T_cell,T cell,1.0,0.0,0.0,0.0,0.0,0.0,0.0,0.0,0.0,0.0,0.0,0.0,0.0,0.0,0.0,0.0,0.0,0.0,0.0,0.0,0.0,0.0,0.0,0.0,0.0,0.0,0.0,0.0,0.0,0.0,0.0,0.0,0.0,0.0,0.0,2662.0,1463.0,1463.0,0.0,0
MDK,IDH_Mutant,TAM_microglia,TAM1/TAM2/microglia,1.0,0.0,0.0,0.0,0.0,0.0,0.0,0.0,0.0,0.0,0.0,0.0,0.0,0.0,0.0,0.0,0.0,0.0,0.0,0.0,0.0,0.0,0.0,0.0,0.0,0.0,0.0,0.0,0.0,0.0,0.0,0.0,0.0,0.0,0.0,12086.0,25922.0,12086.0,0.0,0
MDK,IDH_Mutant,tumor,cycling_tumor,1.0,0.0,28.0,28.0,0.0,5.0,0.0,28.0,28.0,0.006582525478666674,0.0180550672770162,0.18431071340266686,0.006582525478666674,0.0,0.0,0.006582525478666674,0.006582525478666674,1.0,3.0,1.0,7.0,14.0,14.0,1.0,0.9113864741046732,0.9113864741046732,1.0,0.0,2.8696231249311794,33.49753694581281,0.257,0.059,-0.198,0.0,0.411493642920383,6410.0,814.0,814.0,0.0,1
MDK,IDH_WT,tumor,AC_like_tumor,1.0,0.0,0.0,0.0,0.0,0.0,0.0,0.0,0.0,0.0,0.0,0.0,0.0,0.0,0.0,0.0,0.0,0.0,0.0,0.0,0.0,0.0,0.0,0.0,0.0,0.0,0.0,0.0,0.0,0.0,0.0,0.0,0.0,0.0,0.0,72549.0,446.0,446.0,0.0,1
MDK,IDH_WT,tumor,OPC_GABA_AC_like_tumor,1.0,0.0,0.0,0.0,0.0,0.0,0.0,0.0,0.0,0.0,0.0,0.0,0.0,0.0,0.0,0.0,0.0,0.0,0.0,0.0,0.0,0.0,0.0,0.0,0.0,0.0,0.0,0.0,0.0,0.0,0.0,0.0,0.0,0.0,0.0,6202.0,1012.0,1012.0,0.0,1
MDK,IDH_WT,tumor,OPC_GABA_like_tumor,1.0,0.0,0.0,0.0,0.0,0.0,0.0,0.0,0.0,0.0,0.0,0.0,0.0,0.0,0.0,0.0,0.0,0.0,0.0,0.0,0.0,0.0,0.0,1.0,0.4880890728665839,0.4880890728665839,1.0,0.0,54.96951463507859,27.741935483870968,0.306,0.125,-0.181,0.0,0.0,6741.0,14114.0,6741.0,0.0,1
MDK,IDH_WT,T_cell,T cell,1.0,0.0,0.0,0.0,0.0,0.0,0.0,0.0,0.0,0.0,0.0,0.0,0.0,0.0,0.0,0.0,0.0,0.0,0.0,0.0,0.0,0.0,0.0,0.0,0.0,0.0,0.0,0.0,0.0,0.0,0.0,0.0,0.0,0.0,0.0,2662.0,1463.0,1463.0,0.0,0
MDK,IDH_WT,TAM_microglia,TAM1/TAM2/microglia,1.0,0.0,0.0,0.0,0.0,0.0,0.0,0.0,0.0,0.0,0.0,0.0,0.0,0.0,0.0,0.0,0.0,0.0,0.0,0.0,0.0,0.0,0.0,0.0,0.0,0.0,0.0,0.0,0.0,0.0,0.0,0.0,0.0,0.0,0.0,12086.0,25922.0,12086.0,0.0,0
MDK,IDH_WT,tumor,cycling_tumor,1.0,0.0,28.0,28.0,0.0,5.0,0.0,28.0,28.0,0.006582525478666674,0.0180550672770162,0.18431071340266686,0.006582525478666674,0.0,0.0,0.006582525478666674,0.006582525478666674,1.0,3.0,1.0,7.0,14.0,14.0,1.0,-0.411493642920383,0.411493642920383,0.0,1.0,11.40062959582873,10.184331797235023,0.312,0.152,-0.16,0.0,0.9113864741046732,6410.0,814.0,814.0,0.0,1
MERTK,IDH_Mutant,tumor,AC_like_tumor,0.0,1.0,0.0,0.0,0.0,0.0,0.0,0.0,0.0,0.0,0.0,0.0,0.0,0.0,0.0,0.0,0.0,0.0,0.0,0.0,0.0,0.0,0.0,0.0,0.0,0.0,0.0,0.0,0.0,0.0,0.0,0.0,0.0,0.0,0.0,72549.0,446.0,446.0,0.0,0
MERTK,IDH_Mutant,tumor,OPC_GABA_AC_like_tumor,0.0,1.0,0.0,0.0,0.0,0.0,0.0,0.0,0.0,0.0,0.0,0.0,0.0,0.0,0.0,0.0,0.0,0.0,0.0,0.0,0.0,0.0,0.0,0.0,0.0,0.0,0.0,0.0,0.0,0.0,0.0,0.0,0.0,0.0,0.0,6202.0,1012.0,1012.0,0.0,0
MERTK,IDH_Mutant,tumor,OPC_GABA_like_tumor,0.0,1.0,0.0,0.0,0.0,0.0,0.0,0.0,0.0,0.0,0.0,0.0,0.0,0.0,0.0,0.0,0.0,0.0,0.0,0.0,0.0,0.0,0.0,1.0,-2.3388235291459014,2.3388235291459014,0.0,1.0,70.6881251564773,87.62594223449511,0.019,0.1,0.081,0.0,0.0,6741.0,14114.0,6741.0,0.0,0
MERTK,IDH_Mutant,T_cell,T cell,0.0,1.0,0.0,0.0,0.0,0.0,0.0,0.0,0.0,0.0,0.0,0.0,0.0,0.0,0.0,0.0,0.0,0.0,0.0,0.0,0.0,0.0,0.0,0.0,0.0,0.0,0.0,0.0,0.0,0.0,0.0,0.0,0.0,0.0,0.0,2662.0,1463.0,1463.0,0.0,0
MERTK,IDH_Mutant,TAM_microglia,TAM1/TAM2/microglia,0.0,1.0,1.0,0.0,1.0,1.0,0.0,1.0,1.0,0.012077162692356,0.012077162692356,0.012077162692356,0.0,0.012077162692356,0.0,0.012077162692356,0.012077162692356,1.0,1.0,1.0,1.0,1.0,0.0,1.0,1.037790316934118,1.037790316934118,1.0,0.0,74.79312828350913,91.1538623094048,0.588,0.4,-0.18799999999999994,1.0,0.9037251374118256,12086.0,25922.0,12086.0,0.0,0
MERTK,IDH_Mutant,tumor,cycling_tumor,0.0,1.0,0.0,0.0,0.0,0.0,0.0,0.0,0.0,0.0,0.0,0.0,0.0,0.0,0.0,0.0,0.0,0.0,0.0,0.0,0.0,0.0,0.0,0.0,0.0,0.0,0.0,0.0,0.0,0.0,0.0,0.0,0.0,0.0,0.0,6410.0,814.0,814.0,0.0,0
MERTK,IDH_WT,tumor,AC_like_tumor,0.0,1.0,0.0,0.0,0.0,0.0,0.0,0.0,0.0,0.0,0.0,0.0,0.0,0.0,0.0,0.0,0.0,0.0,0.0,0.0,0.0,0.0,0.0,0.0,0.0,0.0,0.0,0.0,0.0,0.0,0.0,0.0,0.0,0.0,0.0,72549.0,446.0,446.0,0.0,0
MERTK,IDH_WT,tumor,OPC_GABA_AC_like_tumor,0.0,1.0,0.0,0.0,0.0,0.0,0.0,0.0,0.0,0.0,0.0,0.0,0.0,0.0,0.0,0.0,0.0,0.0,0.0,0.0,0.0,0.0,0.0,0.0,0.0,0.0,0.0,0.0,0.0,0.0,0.0,0.0,0.0,0.0,0.0,6202.0,1012.0,1012.0,0.0,0
MERTK,IDH_WT,tumor,OPC_GABA_like_tumor,0.0,1.0,0.0,0.0,0.0,0.0,0.0,0.0,0.0,0.0,0.0,0.0,0.0,0.0,0.0,0.0,0.0,0.0,0.0,0.0,0.0,0.0,0.0,0.0,0.0,0.0,0.0,0.0,0.0,0.0,0.0,0.0,0.0,0.0,2.3388235291459014,6741.0,14114.0,6741.0,0.0,0
MERTK,IDH_WT,T_cell,T cell,0.0,1.0,0.0,0.0,0.0,0.0,0.0,0.0,0.0,0.0,0.0,0.0,0.0,0.0,0.0,0.0,0.0,0.0,0.0,0.0,0.0,0.0,0.0,0.0,0.0,0.0,0.0,0.0,0.0,0.0,0.0,0.0,0.0,0.0,0.0,2662.0,1463.0,1463.0,0.0,0
MERTK,IDH_WT,TAM_microglia,TAM1/TAM2/microglia,0.0,1.0,1.0,0.0,1.0,1.0,0.0,1.0,1.0,0.012077162692356,0.012077162692356,0.012077162692356,0.0,0.012077162692356,0.0,0.012077162692356,0.012077162692356,1.0,1.0,1.0,1.0,1.0,0.0,1.0,0.9037251374118256,0.9037251374118256,1.0,0.0,54.62848412842265,22.064142753797928,0.336,0.193,-0.14300000000000002,1.0,1.037790316934118,12086.0,25922.0,12086.0,0.0,0
MERTK,IDH_WT,tumor,cycling_tumor,0.0,1.0,0.0,0.0,0.0,0.0,0.0,0.0,0.0,0.0,0.0,0.0,0.0,0.0,0.0,0.0,0.0,0.0,0.0,0.0,0.0,0.0,0.0,0.0,0.0,0.0,0.0,0.0,0.0,0.0,0.0,0.0,0.0,0.0,0.0,6410.0,814.0,814.0,0.0,0
MIF,IDH_Mutant,tumor,AC_like_tumor,1.0,0.0,12.0,12.0,0.0,0.0,6.0,6.0,0.0,0.015790693117182807,0.0301326100099938,0.18948831740619368,0.015790693117182807,0.0,0.016741452458402566,0.014839933775963049,-0.0019015186824395177,1.0,3.0,1.0,2.0,6.0,6.0,1.0,0.5947941119482809,0.5947941119482809,1.0,0.0,3.026633942473719,6.244483671668138,0.463,0.297,-0.16600000000000004,0.0,0.0,72549.0,446.0,446.0,0.0,0
MIF,IDH_Mutant,tumor,OPC_GABA_AC_like_tumor,1.0,0.0,12.0,12.0,0.0,0.0,6.0,6.0,0.0,0.020401029579696084,0.0397126271796259,0.244812354956353,0.020401029579696084,0.0,0.01867446782942875,0.022127591329963416,0.0034531235005346647,1.0,3.0,1.0,2.0,6.0,6.0,0.0,0.0,0.0,0.0,0.0,0.0,0.0,0.0,0.0,0.0,0.0,0.8205378996943107,6202.0,1012.0,1012.0,0.0,0
MIF,IDH_Mutant,tumor,OPC_GABA_like_tumor,1.0,0.0,12.0,12.0,0.0,0.0,6.0,6.0,0.0,0.027424934791117336,0.07070325655545,0.32909921749340804,0.027424934791117336,0.0,0.015079651527607749,0.03977021805462692,0.02469056652701917,1.0,3.0,1.0,2.0,6.0,6.0,1.0,0.4138481077866298,0.4138481077866298,1.0,0.0,19.995133091697035,87.62594223449511,0.623,0.507,-0.11599999999999999,1.0,0.5105359474324811,6741.0,14114.0,6741.0,0.0,0
MIF,IDH_Mutant,T_cell,T cell,1.0,0.0,12.0,12.0,0.0,8.0,6.0,6.0,0.0,0.01835433728957329,0.0339427181697322,0.2202520474748795,0.01835433728957329,0.0,0.017828823447914234,0.01887985113123235,0.0010510276833181169,1.0,3.0,1.0,2.0,6.0,6.0,0.0,0.0,0.0,0.0,0.0,0.0,0.0,0.0,0.0,0.0,0.0,0.0,2662.0,1463.0,1463.0,0.0,0
MIF,IDH_Mutant,TAM_microglia,TAM1/TAM2/microglia,1.0,0.0,6.0,6.0,0.0,2.0,6.0,0.0,-6.0,0.016768099215291734,0.0301801420527412,0.1006085952917504,0.016768099215291734,0.0,0.016768099215291734,0.0,-0.016768099215291734,1.0,3.0,1.0,2.0,3.0,3.0,1.0,-0.5368933237581076,0.5368933237581076,0.0,1.0,11.671983520987483,91.1538623094048,0.126,0.191,0.065,1.0,1.7007417161567784,12086.0,25922.0,12086.0,0.0,1
MIF,IDH_Mutant,tumor,cycling_tumor,1.0,0.0,12.0,12.0,0.0,0.0,6.0,6.0,0.0,0.03640828598905309,0.0917041673934359,0.43689943186863706,0.03640828598905309,0.0,0.020893583943074046,0.05192298803503211,0.031029404091958066,1.0,3.0,1.0,2.0,6.0,6.0,1.0,0.4621335145429552,0.4621335145429552,1.0,0.0,4.692467784437853,33.49753694581281,0.662,0.259,-0.403,0.0,0.0,6410.0,814.0,814.0,0.0,0
MIF,IDH_WT,tumor,AC_like_tumor,1.0,0.0,12.0,12.0,0.0,0.0,6.0,6.0,0.0,0.015790693117182807,0.0301326100099938,0.18948831740619368,0.015790693117182807,0.0,0.016741452458402566,0.014839933775963049,-0.0019015186824395177,1.0,3.0,1.0,2.0,6.0,6.0,0.0,0.0,0.0,0.0,0.0,0.0,0.0,0.0,0.0,0.0,0.0,0.5947941119482809,72549.0,446.0,446.0,0.0,0
MIF,IDH_WT,tumor,OPC_GABA_AC_like_tumor,1.0,0.0,12.0,12.0,0.0,0.0,6.0,6.0,0.0,0.020401029579696084,0.0397126271796259,0.244812354956353,0.020401029579696084,0.0,0.01867446782942875,0.022127591329963416,0.0034531235005346647,1.0,3.0,1.0,2.0,6.0,6.0,1.0,0.8205378996943107,0.8205378996943107,1.0,0.0,2.5517273503598554,3.0783078307830785,0.468,0.264,-0.20400000000000001,0.0,0.0,6202.0,1012.0,1012.0,0.0,0
MIF,IDH_WT,tumor,OPC_GABA_like_tumor,1.0,0.0,12.0,12.0,0.0,0.0,6.0,6.0,0.0,0.027424934791117336,0.07070325655545,0.32909921749340804,0.027424934791117336,0.0,0.015079651527607749,0.03977021805462692,0.02469056652701917,1.0,3.0,1.0,2.0,6.0,6.0,1.0,0.5105359474324811,0.5105359474324811,1.0,0.0,99.86773086790213,27.741935483870968,0.726,0.335,-0.39099999999999996,1.0,0.4138481077866298,6741.0,14114.0,6741.0,0.0,0
MIF,IDH_WT,T_cell,T cell,1.0,0.0,12.0,12.0,0.0,8.0,6.0,6.0,0.0,0.01835433728957329,0.0339427181697322,0.2202520474748795,0.01835433728957329,0.0,0.017828823447914234,0.01887985113123235,0.0010510276833181169,1.0,3.0,1.0,2.0,6.0,6.0,0.0,0.0,0.0,0.0,0.0,0.0,0.0,0.0,0.0,0.0,0.0,0.0,2662.0,1463.0,1463.0,0.0,0
MIF,IDH_WT,TAM_microglia,TAM1/TAM2/microglia,1.0,0.0,6.0,6.0,0.0,2.0,6.0,0.0,-6.0,0.016768099215291734,0.0301801420527412,0.1006085952917504,0.016768099215291734,0.0,0.016768099215291734,0.0,-0.016768099215291734,1.0,3.0,1.0,2.0,3.0,3.0,1.0,-1.7007417161567784,1.7007417161567784,0.0,1.0,103.14721343765696,22.064142753797928,0.254,0.452,0.198,1.0,0.5368933237581076,12086.0,25922.0,12086.0,0.0,1
MIF,IDH_WT,tumor,cycling_tumor,1.0,0.0,12.0,12.0,0.0,0.0,6.0,6.0,0.0,0.03640828598905309,0.0917041673934359,0.43689943186863706,0.03640828598905309,0.0,0.020893583943074046,0.05192298803503211,0.031029404091958066,1.0,3.0,1.0,2.0,6.0,6.0,0.0,0.0,0.0,0.0,0.0,0.0,0.0,0.0,0.0,0.0,0.0,0.4621335145429552,6410.0,814.0,814.0,0.0,0
MPZL1,IDH_Mutant,tumor,AC_like_tumor,1.0,1.0,0.0,0.0,0.0,0.0,0.0,0.0,0.0,0.0,0.0,0.0,0.0,0.0,0.0,0.0,0.0,0.0,0.0,0.0,0.0,0.0,0.0,0.0,0.0,0.0,0.0,0.0,0.0,0.0,0.0,0.0,0.0,0.0,0.0,72549.0,446.0,446.0,0.0,0
MPZL1,IDH_Mutant,tumor,OPC_GABA_AC_like_tumor,1.0,1.0,0.0,0.0,0.0,0.0,0.0,0.0,0.0,0.0,0.0,0.0,0.0,0.0,0.0,0.0,0.0,0.0,0.0,0.0,0.0,0.0,0.0,0.0,0.0,0.0,0.0,0.0,0.0,0.0,0.0,0.0,0.0,0.0,2.018500626331633,6202.0,1012.0,1012.0,0.0,0
MPZL1,IDH_Mutant,tumor,OPC_GABA_like_tumor,1.0,1.0,0.0,0.0,0.0,0.0,0.0,0.0,0.0,0.0,0.0,0.0,0.0,0.0,0.0,0.0,0.0,0.0,0.0,0.0,0.0,0.0,0.0,0.0,0.0,0.0,0.0,0.0,0.0,0.0,0.0,0.0,0.0,0.0,1.5909624238121245,6741.0,14114.0,6741.0,0.0,0
MPZL1,IDH_Mutant,T_cell,T cell,1.0,1.0,0.0,0.0,0.0,0.0,0.0,0.0,0.0,0.0,0.0,0.0,0.0,0.0,0.0,0.0,0.0,0.0,0.0,0.0,0.0,0.0,0.0,0.0,0.0,0.0,0.0,0.0,0.0,0.0,0.0,0.0,0.0,0.0,0.0,2662.0,1463.0,1463.0,0.0,0
MPZL1,IDH_Mutant,TAM_microglia,TAM1/TAM2/microglia,1.0,1.0,3.0,2.0,2.0,1.0,0.0,3.0,3.0,0.0019964219064189334,0.0020758691199662,0.0059892657192568,0.0019566982996453,0.0019566982996453,0.0,0.0019964219064189334,0.0019964219064189334,1.0,0.0,2.0,2.0,3.0,0.0,1.0,0.4276836194255389,0.4276836194255389,1.0,0.0,5.594055246589277,91.1538623094048,0.268,0.201,-0.067,1.0,0.5439794830751375,12086.0,25922.0,12086.0,0.0,0
MPZL1,IDH_Mutant,tumor,cycling_tumor,1.0,1.0,3.0,2.0,2.0,1.0,0.0,3.0,3.0,0.0021655970464569997,0.0023450528994386,0.006496791139370999,0.0022104610097024,0.0022104610097024,0.0,0.0021655970464569997,0.0021655970464569997,1.0,0.0,2.0,2.0,3.0,0.0,0.0,0.0,0.0,0.0,0.0,0.0,0.0,0.0,0.0,0.0,0.0,2.127937477347736,6410.0,814.0,814.0,0.0,0
MPZL1,IDH_WT,tumor,AC_like_tumor,1.0,1.0,0.0,0.0,0.0,0.0,0.0,0.0,0.0,0.0,0.0,0.0,0.0,0.0,0.0,0.0,0.0,0.0,0.0,0.0,0.0,0.0,0.0,0.0,0.0,0.0,0.0,0.0,0.0,0.0,0.0,0.0,0.0,0.0,0.0,72549.0,446.0,446.0,0.0,0
MPZL1,IDH_WT,tumor,OPC_GABA_AC_like_tumor,1.0,1.0,0.0,0.0,0.0,0.0,0.0,0.0,0.0,0.0,0.0,0.0,0.0,0.0,0.0,0.0,0.0,0.0,0.0,0.0,0.0,0.0,0.0,1.0,2.018500626331633,2.018500626331633,1.0,0.0,16.693818731605994,3.0783078307830785,0.181,0.035,-0.146,0.0,0.0,6202.0,1012.0,1012.0,0.0,0
MPZL1,IDH_WT,tumor,OPC_GABA_like_tumor,1.0,1.0,0.0,0.0,0.0,0.0,0.0,0.0,0.0,0.0,0.0,0.0,0.0,0.0,0.0,0.0,0.0,0.0,0.0,0.0,0.0,0.0,0.0,1.0,1.5909624238121245,1.5909624238121245,1.0,0.0,211.9303025670252,27.741935483870968,0.5,0.13,-0.37,0.0,0.0,6741.0,14114.0,6741.0,0.0,0
MPZL1,IDH_WT,T_cell,T cell,1.0,1.0,0.0,0.0,0.0,0.0,0.0,0.0,0.0,0.0,0.0,0.0,0.0,0.0,0.0,0.0,0.0,0.0,0.0,0.0,0.0,0.0,0.0,0.0,0.0,0.0,0.0,0.0,0.0,0.0,0.0,0.0,0.0,0.0,0.0,2662.0,1463.0,1463.0,0.0,0
MPZL1,IDH_WT,TAM_microglia,TAM1/TAM2/microglia,1.0,1.0,3.0,2.0,2.0,1.0,0.0,3.0,3.0,0.0019964219064189334,0.0020758691199662,0.0059892657192568,0.0019566982996453,0.0019566982996453,0.0,0.0019964219064189334,0.0019964219064189334,1.0,0.0,2.0,2.0,3.0,0.0,1.0,0.5439794830751375,0.5439794830751375,1.0,0.0,13.78804312919027,22.064142753797928,0.198,0.13,-0.068,1.0,0.4276836194255389,12086.0,25922.0,12086.0,0.0,0
MPZL1,IDH_WT,tumor,cycling_tumor,1.0,1.0,3.0,2.0,2.0,1.0,0.0,3.0,3.0,0.0021655970464569997,0.0023450528994386,0.006496791139370999,0.0022104610097024,0.0022104610097024,0.0,0.0021655970464569997,0.0021655970464569997,1.0,0.0,2.0,2.0,3.0,0.0,1.0,2.127937477347736,2.127937477347736,1.0,0.0,191.79615545642392,10.184331797235023,0.493,0.081,-0.412,0.0,0.0,6410.0,814.0,814.0,0.0,0
MRC1,IDH_Mutant,tumor,AC_like_tumor,0.0,1.0,0.0,0.0,0.0,0.0,0.0,0.0,0.0,0.0,0.0,0.0,0.0,0.0,0.0,0.0,0.0,0.0,0.0,0.0,0.0,0.0,0.0,0.0,0.0,0.0,0.0,0.0,0.0,0.0,0.0,0.0,0.0,0.0,0.0,72549.0,446.0,446.0,0.0,0
MRC1,IDH_Mutant,tumor,OPC_GABA_AC_like_tumor,0.0,1.0,0.0,0.0,0.0,0.0,0.0,0.0,0.0,0.0,0.0,0.0,0.0,0.0,0.0,0.0,0.0,0.0,0.0,0.0,0.0,0.0,0.0,0.0,0.0,0.0,0.0,0.0,0.0,0.0,0.0,0.0,0.0,0.0,0.0,6202.0,1012.0,1012.0,0.0,0
MRC1,IDH_Mutant,tumor,OPC_GABA_like_tumor,0.0,1.0,0.0,0.0,0.0,0.0,0.0,0.0,0.0,0.0,0.0,0.0,0.0,0.0,0.0,0.0,0.0,0.0,0.0,0.0,0.0,0.0,0.0,0.0,0.0,0.0,0.0,0.0,0.0,0.0,0.0,0.0,0.0,0.0,0.0,6741.0,14114.0,6741.0,0.0,0
MRC1,IDH_Mutant,T_cell,T cell,0.0,1.0,0.0,0.0,0.0,0.0,0.0,0.0,0.0,0.0,0.0,0.0,0.0,0.0,0.0,0.0,0.0,0.0,0.0,0.0,0.0,0.0,0.0,0.0,0.0,0.0,0.0,0.0,0.0,0.0,0.0,0.0,0.0,0.0,0.0,2662.0,1463.0,1463.0,0.0,0
MRC1,IDH_Mutant,TAM_microglia,TAM1/TAM2/microglia,0.0,1.0,4.0,0.0,4.0,2.0,0.0,4.0,4.0,0.014954905079611875,0.0190396652672054,0.0598196203184475,0.0,0.014954905079611875,0.0,0.014954905079611875,0.014954905079611875,1.0,1.0,2.0,1.0,2.0,2.0,0.0,0.0,0.0,0.0,0.0,0.0,0.0,0.0,0.0,0.0,0.0,0.0,12086.0,25922.0,12086.0,0.0,0
MRC1,IDH_Mutant,tumor,cycling_tumor,0.0,1.0,0.0,0.0,0.0,0.0,0.0,0.0,0.0,0.0,0.0,0.0,0.0,0.0,0.0,0.0,0.0,0.0,0.0,0.0,0.0,0.0,0.0,0.0,0.0,0.0,0.0,0.0,0.0,0.0,0.0,0.0,0.0,0.0,0.0,6410.0,814.0,814.0,0.0,0
MRC1,IDH_WT,tumor,AC_like_tumor,0.0,1.0,0.0,0.0,0.0,0.0,0.0,0.0,0.0,0.0,0.0,0.0,0.0,0.0,0.0,0.0,0.0,0.0,0.0,0.0,0.0,0.0,0.0,0.0,0.0,0.0,0.0,0.0,0.0,0.0,0.0,0.0,0.0,0.0,0.0,72549.0,446.0,446.0,0.0,0
MRC1,IDH_WT,tumor,OPC_GABA_AC_like_tumor,0.0,1.0,0.0,0.0,0.0,0.0,0.0,0.0,0.0,0.0,0.0,0.0,0.0,0.0,0.0,0.0,0.0,0.0,0.0,0.0,0.0,0.0,0.0,0.0,0.0,0.0,0.0,0.0,0.0,0.0,0.0,0.0,0.0,0.0,0.0,6202.0,1012.0,1012.0,0.0,0
MRC1,IDH_WT,tumor,OPC_GABA_like_tumor,0.0,1.0,0.0,0.0,0.0,0.0,0.0,0.0,0.0,0.0,0.0,0.0,0.0,0.0,0.0,0.0,0.0,0.0,0.0,0.0,0.0,0.0,0.0,0.0,0.0,0.0,0.0,0.0,0.0,0.0,0.0,0.0,0.0,0.0,0.0,6741.0,14114.0,6741.0,0.0,0
MRC1,IDH_WT,T_cell,T cell,0.0,1.0,0.0,0.0,0.0,0.0,0.0,0.0,0.0,0.0,0.0,0.0,0.0,0.0,0.0,0.0,0.0,0.0,0.0,0.0,0.0,0.0,0.0,0.0,0.0,0.0,0.0,0.0,0.0,0.0,0.0,0.0,0.0,0.0,0.0,2662.0,1463.0,1463.0,0.0,0
MRC1,IDH_WT,TAM_microglia,TAM1/TAM2/microglia,0.0,1.0,4.0,0.0,4.0,2.0,0.0,4.0,4.0,0.014954905079611875,0.0190396652672054,0.0598196203184475,0.0,0.014954905079611875,0.0,0.014954905079611875,0.014954905079611875,1.0,1.0,2.0,1.0,2.0,2.0,0.0,0.0,0.0,0.0,0.0,0.0,0.0,0.0,0.0,0.0,0.0,0.0,12086.0,25922.0,12086.0,0.0,0
MRC1,IDH_WT,tumor,cycling_tumor,0.0,1.0,0.0,0.0,0.0,0.0,0.0,0.0,0.0,0.0,0.0,0.0,0.0,0.0,0.0,0.0,0.0,0.0,0.0,0.0,0.0,0.0,0.0,0.0,0.0,0.0,0.0,0.0,0.0,0.0,0.0,0.0,0.0,0.0,0.0,6410.0,814.0,814.0,0.0,0
NCAM1,IDH_Mutant,tumor,AC_like_tumor,1.0,1.0,10.0,6.0,5.0,1.0,0.0,10.0,10.0,0.01017027117143751,0.0240611309936104,0.1017027117143751,0.009125449177417031,0.010558297755121838,0.0,0.01017027117143751,0.01017027117143751,1.0,1.0,4.0,4.0,8.0,2.0,1.0,0.7769346462815693,0.7769346462815693,1.0,0.0,5.175877672512749,6.244483671668138,0.463,0.3,-0.16300000000000003,1.0,1.2998359248681246,72549.0,446.0,446.0,0.0,1
NCAM1,IDH_Mutant,tumor,OPC_GABA_AC_like_tumor,1.0,1.0,10.0,6.0,5.0,1.0,0.0,10.0,10.0,0.009688576656914107,0.0228642376149114,0.09688576656914108,0.008667685605553668,0.01002891244535754,0.0,0.009688576656914107,0.009688576656914107,1.0,1.0,4.0,4.0,8.0,2.0,1.0,0.5713532922208646,0.5713532922208646,1.0,0.0,1.6095869100475486,67.82449725776965,0.334,0.168,-0.166,1.0,1.5368251044595398,6202.0,1012.0,1012.0,0.0,1
NCAM1,IDH_Mutant,tumor,OPC_GABA_like_tumor,1.0,1.0,18.0,12.0,10.0,4.0,10.0,10.0,0.0,0.020766507503789517,0.0937493977547745,0.37379713506821133,0.021350168256435584,0.024670138331858733,0.00702015399781037,0.03362897829853366,0.02660882430072329,1.0,1.0,4.0,4.0,9.0,9.0,1.0,0.8179474277147007,0.8179474277147007,1.0,0.0,112.0896766779872,87.62594223449511,0.836,0.671,-0.16499999999999992,1.0,1.9092615944633489,6741.0,14114.0,6741.0,0.0,1
NCAM1,IDH_Mutant,T_cell,T cell,1.0,1.0,0.0,0.0,0.0,0.0,0.0,0.0,0.0,0.0,0.0,0.0,0.0,0.0,0.0,0.0,0.0,0.0,0.0,0.0,0.0,0.0,0.0,1.0,3.3377055436951317,3.3377055436951317,1.0,0.0,17.58587983808966,26.19607843137255,0.147,0.013,-0.13399999999999998,0.0,0.0,2662.0,1463.0,1463.0,0.0,0
NCAM1,IDH_Mutant,TAM_microglia,TAM1/TAM2/microglia,1.0,1.0,0.0,0.0,0.0,0.0,0.0,0.0,0.0,0.0,0.0,0.0,0.0,0.0,0.0,0.0,0.0,0.0,0.0,0.0,0.0,0.0,0.0,0.0,0.0,0.0,0.0,0.0,0.0,0.0,0.0,0.0,0.0,0.0,0.0,12086.0,25922.0,12086.0,0.0,0
NCAM1,IDH_Mutant,tumor,cycling_tumor,1.0,1.0,10.0,6.0,5.0,2.0,0.0,10.0,10.0,0.02131566652823915,0.0539088305225066,0.2131566652823915,0.020675706380722064,0.023906633253089758,0.0,0.02131566652823915,0.02131566652823915,1.0,1.0,4.0,4.0,8.0,2.0,1.0,4.828096259857139,4.828096259857139,1.0,0.0,49.45073162514205,33.49753694581281,0.787,0.037,-0.75,1.0,2.4549849661677747,6410.0,814.0,814.0,0.0,1
NCAM1,IDH_WT,tumor,AC_like_tumor,1.0,1.0,10.0,6.0,5.0,1.0,0.0,10.0,10.0,0.01017027117143751,0.0240611309936104,0.1017027117143751,0.009125449177417031,0.010558297755121838,0.0,0.01017027117143751,0.01017027117143751,1.0,1.0,4.0,4.0,8.0,2.0,1.0,1.2998359248681246,1.2998359248681246,1.0,0.0,1.8793646417452232,0.166358595194085,0.213,0.079,-0.134,1.0,0.7769346462815693,72549.0,446.0,446.0,0.0,1
NCAM1,IDH_WT,tumor,OPC_GABA_AC_like_tumor,1.0,1.0,10.0,6.0,5.0,1.0,0.0,10.0,10.0,0.009688576656914107,0.0228642376149114,0.09688576656914108,0.008667685605553668,0.01002891244535754,0.0,0.009688576656914107,0.009688576656914107,1.0,1.0,4.0,4.0,8.0,2.0,1.0,1.5368251044595398,1.5368251044595398,1.0,0.0,4.561371074498678,3.0783078307830785,0.152,0.047,-0.105,1.0,0.5713532922208646,6202.0,1012.0,1012.0,0.0,1
NCAM1,IDH_WT,tumor,OPC_GABA_like_tumor,1.0,1.0,18.0,12.0,10.0,4.0,10.0,10.0,0.0,0.020766507503789517,0.0937493977547745,0.37379713506821133,0.021350168256435584,0.024670138331858733,0.00702015399781037,0.03362897829853366,0.02660882430072329,1.0,1.0,4.0,4.0,9.0,9.0,1.0,1.9092615944633489,1.9092615944633489,1.0,0.0,307.6526555685888,27.741935483870968,0.761,0.194,-0.567,1.0,0.8179474277147007,6741.0,14114.0,6741.0,0.0,1
NCAM1,IDH_WT,T_cell,T cell,1.0,1.0,0.0,0.0,0.0,0.0,0.0,0.0,0.0,0.0,0.0,0.0,0.0,0.0,0.0,0.0,0.0,0.0,0.0,0.0,0.0,0.0,0.0,0.0,0.0,0.0,0.0,0.0,0.0,0.0,0.0,0.0,0.0,0.0,3.3377055436951317,2662.0,1463.0,1463.0,0.0,0
NCAM1,IDH_WT,TAM_microglia,TAM1/TAM2/microglia,1.0,1.0,0.0,0.0,0.0,0.0,0.0,0.0,0.0,0.0,0.0,0.0,0.0,0.0,0.0,0.0,0.0,0.0,0.0,0.0,0.0,0.0,0.0,0.0,0.0,0.0,0.0,0.0,0.0,0.0,0.0,0.0,0.0,0.0,0.0,12086.0,25922.0,12086.0,0.0,0
NCAM1,IDH_WT,tumor,cycling_tumor,1.0,1.0,10.0,6.0,5.0,2.0,0.0,10.0,10.0,0.02131566652823915,0.0539088305225066,0.2131566652823915,0.020675706380722064,0.023906633253089758,0.0,0.02131566652823915,0.02131566652823915,1.0,1.0,4.0,4.0,8.0,2.0,1.0,2.4549849661677747,2.4549849661677747,1.0,0.0,307.6526555685888,10.184331797235023,0.691,0.094,-0.597,1.0,4.828096259857139,6410.0,814.0,814.0,0.0,1
NCAM2,IDH_Mutant,tumor,AC_like_tumor,0.0,1.0,0.0,0.0,0.0,0.0,0.0,0.0,0.0,0.0,0.0,0.0,0.0,0.0,0.0,0.0,0.0,0.0,0.0,0.0,0.0,0.0,0.0,0.0,0.0,0.0,0.0,0.0,0.0,0.0,0.0,0.0,0.0,0.0,0.0,72549.0,446.0,446.0,0.0,1
NCAM2,IDH_Mutant,tumor,OPC_GABA_AC_like_tumor,0.0,1.0,0.0,0.0,0.0,0.0,0.0,0.0,0.0,0.0,0.0,0.0,0.0,0.0,0.0,0.0,0.0,0.0,0.0,0.0,0.0,0.0,0.0,0.0,0.0,0.0,0.0,0.0,0.0,0.0,0.0,0.0,0.0,0.0,0.0,6202.0,1012.0,1012.0,0.0,1
NCAM2,IDH_Mutant,tumor,OPC_GABA_like_tumor,0.0,1.0,0.0,0.0,0.0,0.0,0.0,0.0,0.0,0.0,0.0,0.0,0.0,0.0,0.0,0.0,0.0,0.0,0.0,0.0,0.0,0.0,0.0,1.0,-1.0657710328346646,1.0657710328346646,0.0,1.0,26.996001133225274,87.62594223449511,0.194,0.309,0.11499999999999999,0.0,0.9460828142842912,6741.0,14114.0,6741.0,0.0,1
NCAM2,IDH_Mutant,T_cell,T cell,0.0,1.0,0.0,0.0,0.0,0.0,0.0,0.0,0.0,0.0,0.0,0.0,0.0,0.0,0.0,0.0,0.0,0.0,0.0,0.0,0.0,0.0,0.0,0.0,0.0,0.0,0.0,0.0,0.0,0.0,0.0,0.0,0.0,0.0,0.0,2662.0,1463.0,1463.0,0.0,0
NCAM2,IDH_Mutant,TAM_microglia,TAM1/TAM2/microglia,0.0,1.0,0.0,0.0,0.0,0.0,0.0,0.0,0.0,0.0,0.0,0.0,0.0,0.0,0.0,0.0,0.0,0.0,0.0,0.0,0.0,0.0,0.0,0.0,0.0,0.0,0.0,0.0,0.0,0.0,0.0,0.0,0.0,0.0,0.0,12086.0,25922.0,12086.0,0.0,0
NCAM2,IDH_Mutant,tumor,cycling_tumor,0.0,1.0,5.0,0.0,5.0,1.0,0.0,5.0,5.0,0.0035688930945901192,0.0081777990732763,0.017844465472950596,0.0,0.0035688930945901192,0.0,0.0035688930945901192,0.0035688930945901192,1.0,1.0,4.0,1.0,4.0,1.0,1.0,4.01083004443889,4.01083004443889,1.0,0.0,9.949480699379908,33.49753694581281,0.25,0.011,-0.239,1.0,1.865944413135866,6410.0,814.0,814.0,0.0,1
NCAM2,IDH_WT,tumor,AC_like_tumor,0.0,1.0,0.0,0.0,0.0,0.0,0.0,0.0,0.0,0.0,0.0,0.0,0.0,0.0,0.0,0.0,0.0,0.0,0.0,0.0,0.0,0.0,0.0,0.0,0.0,0.0,0.0,0.0,0.0,0.0,0.0,0.0,0.0,0.0,0.0,72549.0,446.0,446.0,0.0,1
NCAM2,IDH_WT,tumor,OPC_GABA_AC_like_tumor,0.0,1.0,0.0,0.0,0.0,0.0,0.0,0.0,0.0,0.0,0.0,0.0,0.0,0.0,0.0,0.0,0.0,0.0,0.0,0.0,0.0,0.0,0.0,0.0,0.0,0.0,0.0,0.0,0.0,0.0,0.0,0.0,0.0,0.0,0.0,6202.0,1012.0,1012.0,0.0,1
NCAM2,IDH_WT,tumor,OPC_GABA_like_tumor,0.0,1.0,0.0,0.0,0.0,0.0,0.0,0.0,0.0,0.0,0.0,0.0,0.0,0.0,0.0,0.0,0.0,0.0,0.0,0.0,0.0,0.0,0.0,1.0,0.9460828142842912,0.9460828142842912,1.0,0.0,129.16628029383946,27.741935483870968,0.379,0.108,-0.271,0.0,1.0657710328346646,6741.0,14114.0,6741.0,0.0,1
NCAM2,IDH_WT,T_cell,T cell,0.0,1.0,0.0,0.0,0.0,0.0,0.0,0.0,0.0,0.0,0.0,0.0,0.0,0.0,0.0,0.0,0.0,0.0,0.0,0.0,0.0,0.0,0.0,0.0,0.0,0.0,0.0,0.0,0.0,0.0,0.0,0.0,0.0,0.0,0.0,2662.0,1463.0,1463.0,0.0,0
NCAM2,IDH_WT,TAM_microglia,TAM1/TAM2/microglia,0.0,1.0,0.0,0.0,0.0,0.0,0.0,0.0,0.0,0.0,0.0,0.0,0.0,0.0,0.0,0.0,0.0,0.0,0.0,0.0,0.0,0.0,0.0,0.0,0.0,0.0,0.0,0.0,0.0,0.0,0.0,0.0,0.0,0.0,0.0,12086.0,25922.0,12086.0,0.0,0
NCAM2,IDH_WT,tumor,cycling_tumor,0.0,1.0,5.0,0.0,5.0,1.0,0.0,5.0,5.0,0.0035688930945901192,0.0081777990732763,0.017844465472950596,0.0,0.0035688930945901192,0.0,0.0035688930945901192,0.0035688930945901192,1.0,1.0,4.0,1.0,4.0,1.0,1.0,1.865944413135866,1.865944413135866,1.0,0.0,140.9311777197438,10.184331797235023,0.305,0.038,-0.267,1.0,4.01083004443889,6410.0,814.0,814.0,0.0,1
NCL,IDH_Mutant,tumor,AC_like_tumor,0.0,1.0,10.0,0.0,10.0,2.0,1.0,9.0,8.0,0.08741232974037678,0.1384156467333893,0.8741232974037678,0.0,0.08741232974037678,0.003098119574376,0.09678057531437687,0.09368245574000086,2.0,2.0,4.0,1.0,5.0,5.0,1.0,0.7528633734722951,0.7528633734722951,1.0,0.0,13.188503693061056,6.244483671668138,0.664,0.419,-0.24500000000000005,0.0,0.0,72549.0,446.0,446.0,0.0,1
NCL,IDH_Mutant,tumor,OPC_GABA_AC_like_tumor,0.0,1.0,9.0,0.0,9.0,1.0,2.0,7.0,5.0,0.06558699115813464,0.1031600242652839,0.5902829204232117,0.0,0.06558699115813464,0.0319808946783331,0.07518873300950649,0.043207838331173386,2.0,2.0,4.0,1.0,3.0,6.0,0.0,0.0,0.0,0.0,0.0,0.0,0.0,0.0,0.0,0.0,0.0,0.0,6202.0,1012.0,1012.0,0.0,1
NCL,IDH_Mutant,tumor,OPC_GABA_like_tumor,0.0,1.0,18.0,0.0,18.0,4.0,9.0,9.0,0.0,0.10325294408622411,0.1742786165151618,1.858552993552034,0.0,0.10325294408622411,0.08362987415979685,0.12287601401265134,0.039246139852854495,2.0,2.0,4.0,1.0,9.0,9.0,1.0,0.5853743688956974,0.5853743688956974,1.0,0.0,75.52939428058913,87.62594223449511,0.834,0.706,-0.128,1.0,0.8775570359008116,6741.0,14114.0,6741.0,0.0,1
NCL,IDH_Mutant,T_cell,T cell,0.0,1.0,2.0,0.0,2.0,0.0,1.0,1.0,0.0,0.0029730166141975004,0.0030244750425369,0.005946033228395001,0.0,0.0029730166141975004,0.0029215581858581,0.0030244750425369,0.00010291685667880015,1.0,1.0,1.0,1.0,1.0,1.0,0.0,0.0,0.0,0.0,0.0,0.0,0.0,0.0,0.0,0.0,0.0,0.0,2662.0,1463.0,1463.0,0.0,0
NCL,IDH_Mutant,TAM_microglia,TAM1/TAM2/microglia,0.0,1.0,14.0,0.0,14.0,0.0,7.0,7.0,0.0,0.0727554193810908,0.0999996120429012,1.0185758713352713,0.0,0.0727554193810908,0.07284631498924432,0.07266452377293732,-0.00018179121630700068,2.0,2.0,4.0,1.0,7.0,7.0,0.0,0.0,0.0,0.0,0.0,0.0,0.0,0.0,0.0,0.0,0.0,0.0,12086.0,25922.0,12086.0,0.0,0
NCL,IDH_Mutant,tumor,cycling_tumor,0.0,1.0,16.0,0.0,16.0,6.0,7.0,9.0,2.0,0.1103782357502406,0.1944223049077292,1.7660517720038496,0.0,0.1103782357502406,0.07520923262481384,0.1377319048477947,0.06252267222298087,2.0,2.0,4.0,1.0,9.0,7.0,1.0,0.5154348925750831,0.5154348925750831,1.0,0.0,2.8279806111916863,33.49753694581281,0.853,0.452,-0.40099999999999997,1.0,0.9511838022011868,6410.0,814.0,814.0,0.0,1
NCL,IDH_WT,tumor,AC_like_tumor,0.0,1.0,10.0,0.0,10.0,2.0,1.0,9.0,8.0,0.08741232974037678,0.1384156467333893,0.8741232974037678,0.0,0.08741232974037678,0.003098119574376,0.09678057531437687,0.09368245574000086,2.0,2.0,4.0,1.0,5.0,5.0,0.0,0.0,0.0,0.0,0.0,0.0,0.0,0.0,0.0,0.0,0.0,0.7528633734722951,72549.0,446.0,446.0,0.0,1
NCL,IDH_WT,tumor,OPC_GABA_AC_like_tumor,0.0,1.0,9.0,0.0,9.0,1.0,2.0,7.0,5.0,0.06558699115813464,0.1031600242652839,0.5902829204232117,0.0,0.06558699115813464,0.0319808946783331,0.07518873300950649,0.043207838331173386,2.0,2.0,4.0,1.0,3.0,6.0,0.0,0.0,0.0,0.0,0.0,0.0,0.0,0.0,0.0,0.0,0.0,0.0,6202.0,1012.0,1012.0,0.0,1
NCL,IDH_WT,tumor,OPC_GABA_like_tumor,0.0,1.0,18.0,0.0,18.0,4.0,9.0,9.0,0.0,0.10325294408622411,0.1742786165151618,1.858552993552034,0.0,0.10325294408622411,0.08362987415979685,0.12287601401265134,0.039246139852854495,2.0,2.0,4.0,1.0,9.0,9.0,1.0,0.8775570359008116,0.8775570359008116,1.0,0.0,168.6242011385509,27.741935483870968,0.9,0.519,-0.381,1.0,0.5853743688956974,6741.0,14114.0,6741.0,0.0,1
NCL,IDH_WT,T_cell,T cell,0.0,1.0,2.0,0.0,2.0,0.0,1.0,1.0,0.0,0.0029730166141975004,0.0030244750425369,0.005946033228395001,0.0,0.0029730166141975004,0.0029215581858581,0.0030244750425369,0.00010291685667880015,1.0,1.0,1.0,1.0,1.0,1.0,0.0,0.0,0.0,0.0,0.0,0.0,0.0,0.0,0.0,0.0,0.0,0.0,2662.0,1463.0,1463.0,0.0,0
NCL,IDH_WT,TAM_microglia,TAM1/TAM2/microglia,0.0,1.0,14.0,0.0,14.0,0.0,7.0,7.0,0.0,0.0727554193810908,0.0999996120429012,1.0185758713352713,0.0,0.0727554193810908,0.07284631498924432,0.07266452377293732,-0.00018179121630700068,2.0,2.0,4.0,1.0,7.0,7.0,0.0,0.0,0.0,0.0,0.0,0.0,0.0,0.0,0.0,0.0,0.0,0.0,12086.0,25922.0,12086.0,0.0,0
NCL,IDH_WT,tumor,cycling_tumor,0.0,1.0,16.0,0.0,16.0,6.0,7.0,9.0,2.0,0.1103782357502406,0.1944223049077292,1.7660517720038496,0.0,0.1103782357502406,0.07520923262481384,0.1377319048477947,0.06252267222298087,2.0,2.0,4.0,1.0,9.0,7.0,1.0,0.9511838022011868,0.9511838022011868,1.0,0.0,81.64712147971439,10.184331797235023,0.908,0.51,-0.398,1.0,0.5154348925750831,6410.0,814.0,814.0,0.0,1
NLGN1,IDH_Mutant,tumor,AC_like_tumor,0.0,1.0,6.0,0.0,6.0,1.0,0.0,6.0,6.0,0.002365786006153625,0.0072948300004392,0.014194716036921748,0.0,0.002365786006153625,0.0,0.002365786006153625,0.002365786006153625,1.0,2.0,4.0,1.0,5.0,1.0,1.0,0.7595203165593838,0.7595203165593838,1.0,0.0,2.4222764046244936,6.244483671668138,0.279,0.156,-0.12300000000000003,0.0,0.0,72549.0,446.0,446.0,0.0,1
NLGN1,IDH_Mutant,tumor,OPC_GABA_AC_like_tumor,0.0,1.0,0.0,0.0,0.0,0.0,0.0,0.0,0.0,0.0,0.0,0.0,0.0,0.0,0.0,0.0,0.0,0.0,0.0,0.0,0.0,0.0,0.0,0.0,0.0,0.0,0.0,0.0,0.0,0.0,0.0,0.0,0.0,0.0,0.0,6202.0,1012.0,1012.0,0.0,1
NLGN1,IDH_Mutant,tumor,OPC_GABA_like_tumor,0.0,1.0,6.0,0.0,6.0,3.0,0.0,6.0,6.0,0.006589425534351515,0.0202156564962208,0.03953655320610909,0.0,0.006589425534351515,0.0,0.006589425534351515,0.006589425534351515,1.0,2.0,4.0,1.0,5.0,1.0,0.0,0.0,0.0,0.0,0.0,0.0,0.0,0.0,0.0,0.0,0.0,1.0585738938253402,6741.0,14114.0,6741.0,0.0,1
NLGN1,IDH_Mutant,T_cell,T cell,0.0,1.0,0.0,0.0,0.0,0.0,0.0,0.0,0.0,0.0,0.0,0.0,0.0,0.0,0.0,0.0,0.0,0.0,0.0,0.0,0.0,0.0,0.0,0.0,0.0,0.0,0.0,0.0,0.0,0.0,0.0,0.0,0.0,0.0,0.0,2662.0,1463.0,1463.0,0.0,0
NLGN1,IDH_Mutant,TAM_microglia,TAM1/TAM2/microglia,0.0,1.0,0.0,0.0,0.0,0.0,0.0,0.0,0.0,0.0,0.0,0.0,0.0,0.0,0.0,0.0,0.0,0.0,0.0,0.0,0.0,0.0,0.0,0.0,0.0,0.0,0.0,0.0,0.0,0.0,0.0,0.0,0.0,0.0,0.0,12086.0,25922.0,12086.0,0.0,0
NLGN1,IDH_Mutant,tumor,cycling_tumor,0.0,1.0,6.0,0.0,6.0,1.0,0.0,6.0,6.0,0.004876576865905467,0.0149916283128588,0.029259461195432802,0.0,0.004876576865905467,0.0,0.004876576865905467,0.004876576865905467,1.0,2.0,4.0,1.0,5.0,1.0,1.0,4.222105667455327,4.222105667455327,1.0,0.0,20.223256249987532,33.49753694581281,0.419,0.022,-0.39699999999999996,1.0,1.8692054620801803,6410.0,814.0,814.0,0.0,1
NLGN1,IDH_WT,tumor,AC_like_tumor,0.0,1.0,6.0,0.0,6.0,1.0,0.0,6.0,6.0,0.002365786006153625,0.0072948300004392,0.014194716036921748,0.0,0.002365786006153625,0.0,0.002365786006153625,0.002365786006153625,1.0,2.0,4.0,1.0,5.0,1.0,0.0,0.0,0.0,0.0,0.0,0.0,0.0,0.0,0.0,0.0,0.0,0.7595203165593838,72549.0,446.0,446.0,0.0,1
NLGN1,IDH_WT,tumor,OPC_GABA_AC_like_tumor,0.0,1.0,0.0,0.0,0.0,0.0,0.0,0.0,0.0,0.0,0.0,0.0,0.0,0.0,0.0,0.0,0.0,0.0,0.0,0.0,0.0,0.0,0.0,0.0,0.0,0.0,0.0,0.0,0.0,0.0,0.0,0.0,0.0,0.0,0.0,6202.0,1012.0,1012.0,0.0,1
NLGN1,IDH_WT,tumor,OPC_GABA_like_tumor,0.0,1.0,6.0,0.0,6.0,3.0,0.0,6.0,6.0,0.006589425534351515,0.0202156564962208,0.03953655320610909,0.0,0.006589425534351515,0.0,0.006589425534351515,0.006589425534351515,1.0,2.0,4.0,1.0,5.0,1.0,1.0,1.0585738938253402,1.0585738938253402,1.0,0.0,152.14806400699962,27.741935483870968,0.456,0.137,-0.319,0.0,0.0,6741.0,14114.0,6741.0,0.0,1
NLGN1,IDH_WT,T_cell,T cell,0.0,1.0,0.0,0.0,0.0,0.0,0.0,0.0,0.0,0.0,0.0,0.0,0.0,0.0,0.0,0.0,0.0,0.0,0.0,0.0,0.0,0.0,0.0,0.0,0.0,0.0,0.0,0.0,0.0,0.0,0.0,0.0,0.0,0.0,0.0,2662.0,1463.0,1463.0,0.0,0
NLGN1,IDH_WT,TAM_microglia,TAM1/TAM2/microglia,0.0,1.0,0.0,0.0,0.0,0.0,0.0,0.0,0.0,0.0,0.0,0.0,0.0,0.0,0.0,0.0,0.0,0.0,0.0,0.0,0.0,0.0,0.0,0.0,0.0,0.0,0.0,0.0,0.0,0.0,0.0,0.0,0.0,0.0,0.0,12086.0,25922.0,12086.0,0.0,0
NLGN1,IDH_WT,tumor,cycling_tumor,0.0,1.0,6.0,0.0,6.0,1.0,0.0,6.0,6.0,0.004876576865905467,0.0149916283128588,0.029259461195432802,0.0,0.004876576865905467,0.0,0.004876576865905467,0.004876576865905467,1.0,2.0,4.0,1.0,5.0,1.0,1.0,1.8692054620801803,1.8692054620801803,1.0,0.0,214.48714471695223,10.184331797235023,0.472,0.062,-0.41,1.0,4.222105667455327,6410.0,814.0,814.0,0.0,1
NLGN3,IDH_Mutant,tumor,AC_like_tumor,0.0,1.0,0.0,0.0,0.0,0.0,0.0,0.0,0.0,0.0,0.0,0.0,0.0,0.0,0.0,0.0,0.0,0.0,0.0,0.0,0.0,0.0,0.0,0.0,0.0,0.0,0.0,0.0,0.0,0.0,0.0,0.0,0.0,0.0,0.0,72549.0,446.0,446.0,0.0,1
NLGN3,IDH_Mutant,tumor,OPC_GABA_AC_like_tumor,0.0,1.0,0.0,0.0,0.0,0.0,0.0,0.0,0.0,0.0,0.0,0.0,0.0,0.0,0.0,0.0,0.0,0.0,0.0,0.0,0.0,0.0,0.0,0.0,0.0,0.0,0.0,0.0,0.0,0.0,0.0,0.0,0.0,0.0,0.0,6202.0,1012.0,1012.0,0.0,1
NLGN3,IDH_Mutant,tumor,OPC_GABA_like_tumor,0.0,1.0,0.0,0.0,0.0,0.0,0.0,0.0,0.0,0.0,0.0,0.0,0.0,0.0,0.0,0.0,0.0,0.0,0.0,0.0,0.0,0.0,0.0,1.0,0.7668658050127499,0.7668658050127499,1.0,0.0,7.131321079464726,87.62594223449511,0.192,0.125,-0.067,1.0,0.9871474974152122,6741.0,14114.0,6741.0,0.0,1
NLGN3,IDH_Mutant,T_cell,T cell,0.0,1.0,0.0,0.0,0.0,0.0,0.0,0.0,0.0,0.0,0.0,0.0,0.0,0.0,0.0,0.0,0.0,0.0,0.0,0.0,0.0,0.0,0.0,0.0,0.0,0.0,0.0,0.0,0.0,0.0,0.0,0.0,0.0,0.0,0.0,2662.0,1463.0,1463.0,0.0,0
NLGN3,IDH_Mutant,TAM_microglia,TAM1/TAM2/microglia,0.0,1.0,0.0,0.0,0.0,0.0,0.0,0.0,0.0,0.0,0.0,0.0,0.0,0.0,0.0,0.0,0.0,0.0,0.0,0.0,0.0,0.0,0.0,0.0,0.0,0.0,0.0,0.0,0.0,0.0,0.0,0.0,0.0,0.0,0.0,12086.0,25922.0,12086.0,0.0,0
NLGN3,IDH_Mutant,tumor,cycling_tumor,0.0,1.0,6.0,0.0,6.0,1.0,0.0,6.0,6.0,0.0026747700108033256,0.0082445257936692,0.016048620064819955,0.0,0.0026747700108033256,0.0,0.0026747700108033256,0.0026747700108033256,1.0,2.0,4.0,1.0,5.0,1.0,1.0,4.10352156299052,4.10352156299052,1.0,0.0,2.3100557200330885,33.49753694581281,0.132,0.011,-0.12100000000000001,1.0,1.961368791254672,6410.0,814.0,814.0,0.0,1
NLGN3,IDH_WT,tumor,AC_like_tumor,0.0,1.0,0.0,0.0,0.0,0.0,0.0,0.0,0.0,0.0,0.0,0.0,0.0,0.0,0.0,0.0,0.0,0.0,0.0,0.0,0.0,0.0,0.0,0.0,0.0,0.0,0.0,0.0,0.0,0.0,0.0,0.0,0.0,0.0,0.0,72549.0,446.0,446.0,0.0,1
NLGN3,IDH_WT,tumor,OPC_GABA_AC_like_tumor,0.0,1.0,0.0,0.0,0.0,0.0,0.0,0.0,0.0,0.0,0.0,0.0,0.0,0.0,0.0,0.0,0.0,0.0,0.0,0.0,0.0,0.0,0.0,0.0,0.0,0.0,0.0,0.0,0.0,0.0,0.0,0.0,0.0,0.0,0.0,6202.0,1012.0,1012.0,0.0,1
NLGN3,IDH_WT,tumor,OPC_GABA_like_tumor,0.0,1.0,0.0,0.0,0.0,0.0,0.0,0.0,0.0,0.0,0.0,0.0,0.0,0.0,0.0,0.0,0.0,0.0,0.0,0.0,0.0,0.0,0.0,1.0,0.9871474974152122,0.9871474974152122,1.0,0.0,112.99767565638146,27.741935483870968,0.315,0.085,-0.22999999999999998,1.0,0.7668658050127499,6741.0,14114.0,6741.0,0.0,1
NLGN3,IDH_WT,T_cell,T cell,0.0,1.0,0.0,0.0,0.0,0.0,0.0,0.0,0.0,0.0,0.0,0.0,0.0,0.0,0.0,0.0,0.0,0.0,0.0,0.0,0.0,0.0,0.0,0.0,0.0,0.0,0.0,0.0,0.0,0.0,0.0,0.0,0.0,0.0,0.0,2662.0,1463.0,1463.0,0.0,0
NLGN3,IDH_WT,TAM_microglia,TAM1/TAM2/microglia,0.0,1.0,0.0,0.0,0.0,0.0,0.0,0.0,0.0,0.0,0.0,0.0,0.0,0.0,0.0,0.0,0.0,0.0,0.0,0.0,0.0,0.0,0.0,0.0,0.0,0.0,0.0,0.0,0.0,0.0,0.0,0.0,0.0,0.0,0.0,12086.0,25922.0,12086.0,0.0,0
NLGN3,IDH_WT,tumor,cycling_tumor,0.0,1.0,6.0,0.0,6.0,1.0,0.0,6.0,6.0,0.0026747700108033256,0.0082445257936692,0.016048620064819955,0.0,0.0026747700108033256,0.0,0.0026747700108033256,0.0026747700108033256,1.0,2.0,4.0,1.0,5.0,1.0,1.0,1.961368791254672,1.961368791254672,1.0,0.0,161.61789112875945,10.184331797235023,0.315,0.035,-0.28,1.0,4.10352156299052,6410.0,814.0,814.0,0.0,1
NOTCH1,IDH_Mutant,tumor,AC_like_tumor,0.0,1.0,0.0,0.0,0.0,0.0,0.0,0.0,0.0,0.0,0.0,0.0,0.0,0.0,0.0,0.0,0.0,0.0,0.0,0.0,0.0,0.0,0.0,0.0,0.0,0.0,0.0,0.0,0.0,0.0,0.0,0.0,0.0,0.0,0.0,72549.0,446.0,446.0,0.0,1
NOTCH1,IDH_Mutant,tumor,OPC_GABA_AC_like_tumor,0.0,1.0,0.0,0.0,0.0,0.0,0.0,0.0,0.0,0.0,0.0,0.0,0.0,0.0,0.0,0.0,0.0,0.0,0.0,0.0,0.0,0.0,0.0,0.0,0.0,0.0,0.0,0.0,0.0,0.0,0.0,0.0,0.0,0.0,0.0,6202.0,1012.0,1012.0,0.0,1
NOTCH1,IDH_Mutant,tumor,OPC_GABA_like_tumor,0.0,1.0,8.0,0.0,8.0,3.0,0.0,8.0,8.0,0.0032351133071600855,0.0082329945247519,0.025880906457280684,0.0,0.0032351133071600855,0.0,0.0032351133071600855,0.0032351133071600855,2.0,3.0,4.0,1.0,8.0,0.0,0.0,0.0,0.0,0.0,0.0,0.0,0.0,0.0,0.0,0.0,0.0,1.948206935844322,6741.0,14114.0,6741.0,0.0,1
NOTCH1,IDH_Mutant,T_cell,T cell,0.0,1.0,0.0,0.0,0.0,0.0,0.0,0.0,0.0,0.0,0.0,0.0,0.0,0.0,0.0,0.0,0.0,0.0,0.0,0.0,0.0,0.0,0.0,0.0,0.0,0.0,0.0,0.0,0.0,0.0,0.0,0.0,0.0,0.0,0.0,2662.0,1463.0,1463.0,0.0,0
NOTCH1,IDH_Mutant,TAM_microglia,TAM1/TAM2/microglia,0.0,1.0,0.0,0.0,0.0,0.0,0.0,0.0,0.0,0.0,0.0,0.0,0.0,0.0,0.0,0.0,0.0,0.0,0.0,0.0,0.0,0.0,0.0,0.0,0.0,0.0,0.0,0.0,0.0,0.0,0.0,0.0,0.0,0.0,0.0,12086.0,25922.0,12086.0,0.0,0
NOTCH1,IDH_Mutant,tumor,cycling_tumor,0.0,1.0,8.0,0.0,8.0,3.0,0.0,8.0,8.0,0.004045192693051015,0.0102880806075418,0.03236154154440812,0.0,0.004045192693051015,0.0,0.004045192693051015,0.004045192693051015,2.0,3.0,4.0,1.0,8.0,0.0,0.0,0.0,0.0,0.0,0.0,0.0,0.0,0.0,0.0,0.0,0.0,2.186278539926624,6410.0,814.0,814.0,0.0,1
NOTCH1,IDH_WT,tumor,AC_like_tumor,0.0,1.0,0.0,0.0,0.0,0.0,0.0,0.0,0.0,0.0,0.0,0.0,0.0,0.0,0.0,0.0,0.0,0.0,0.0,0.0,0.0,0.0,0.0,0.0,0.0,0.0,0.0,0.0,0.0,0.0,0.0,0.0,0.0,0.0,0.0,72549.0,446.0,446.0,0.0,1
NOTCH1,IDH_WT,tumor,OPC_GABA_AC_like_tumor,0.0,1.0,0.0,0.0,0.0,0.0,0.0,0.0,0.0,0.0,0.0,0.0,0.0,0.0,0.0,0.0,0.0,0.0,0.0,0.0,0.0,0.0,0.0,0.0,0.0,0.0,0.0,0.0,0.0,0.0,0.0,0.0,0.0,0.0,0.0,6202.0,1012.0,1012.0,0.0,1
NOTCH1,IDH_WT,tumor,OPC_GABA_like_tumor,0.0,1.0,8.0,0.0,8.0,3.0,0.0,8.0,8.0,0.0032351133071600855,0.0082329945247519,0.025880906457280684,0.0,0.0032351133071600855,0.0,0.0032351133071600855,0.0032351133071600855,2.0,3.0,4.0,1.0,8.0,0.0,1.0,1.948206935844322,1.948206935844322,1.0,0.0,219.237885823532,27.741935483870968,0.381,0.066,-0.315,0.0,0.0,6741.0,14114.0,6741.0,0.0,1
NOTCH1,IDH_WT,T_cell,T cell,0.0,1.0,0.0,0.0,0.0,0.0,0.0,0.0,0.0,0.0,0.0,0.0,0.0,0.0,0.0,0.0,0.0,0.0,0.0,0.0,0.0,0.0,0.0,0.0,0.0,0.0,0.0,0.0,0.0,0.0,0.0,0.0,0.0,0.0,0.0,2662.0,1463.0,1463.0,0.0,0
NOTCH1,IDH_WT,TAM_microglia,TAM1/TAM2/microglia,0.0,1.0,0.0,0.0,0.0,0.0,0.0,0.0,0.0,0.0,0.0,0.0,0.0,0.0,0.0,0.0,0.0,0.0,0.0,0.0,0.0,0.0,0.0,0.0,0.0,0.0,0.0,0.0,0.0,0.0,0.0,0.0,0.0,0.0,0.0,12086.0,25922.0,12086.0,0.0,0
NOTCH1,IDH_WT,tumor,cycling_tumor,0.0,1.0,8.0,0.0,8.0,3.0,0.0,8.0,8.0,0.004045192693051015,0.0102880806075418,0.03236154154440812,0.0,0.004045192693051015,0.0,0.004045192693051015,0.004045192693051015,2.0,3.0,4.0,1.0,8.0,0.0,1.0,2.186278539926624,2.186278539926624,1.0,0.0,186.2528481982885,10.184331797235023,0.383,0.046,-0.337,0.0,0.0,6410.0,814.0,814.0,0.0,1
NRCAM,IDH_Mutant,tumor,AC_like_tumor,0.0,1.0,4.0,0.0,4.0,0.0,2.0,2.0,0.0,0.00316495639881815,0.0036696350326655,0.0126598255952726,0.0,0.00316495639881815,0.0027551058772454,0.0035748069203909,0.0008197010431455001,1.0,1.0,2.0,1.0,2.0,2.0,1.0,1.418778113763021,1.418778113763021,1.0,0.0,17.882406924454987,6.244483671668138,0.495,0.253,-0.242,0.0,0.0,72549.0,446.0,446.0,0.0,1
NRCAM,IDH_Mutant,tumor,OPC_GABA_AC_like_tumor,0.0,1.0,2.0,0.0,2.0,0.0,0.0,2.0,2.0,0.00273160202415355,0.0028041239019692,0.0054632040483071,0.0,0.00273160202415355,0.0,0.00273160202415355,0.00273160202415355,1.0,1.0,2.0,1.0,2.0,0.0,1.0,0.6382263569517461,0.6382263569517461,1.0,0.0,2.0352546465739065,67.82449725776965,0.309,0.151,-0.158,0.0,0.0,6202.0,1012.0,1012.0,0.0,1
NRCAM,IDH_Mutant,tumor,OPC_GABA_like_tumor,0.0,1.0,4.0,0.0,4.0,2.0,2.0,2.0,0.0,0.00784968670479935,0.0122804136302003,0.0313987468191974,0.0,0.00784968670479935,0.0037336994997154,0.0119656739098833,0.0082319744101679,1.0,1.0,2.0,1.0,2.0,2.0,1.0,1.3087184686449176,1.3087184686449176,1.0,0.0,181.6424703645547,87.62594223449511,0.789,0.517,-0.272,0.0,0.0,6741.0,14114.0,6741.0,0.0,1
NRCAM,IDH_Mutant,T_cell,T cell,0.0,1.0,0.0,0.0,0.0,0.0,0.0,0.0,0.0,0.0,0.0,0.0,0.0,0.0,0.0,0.0,0.0,0.0,0.0,0.0,0.0,0.0,0.0,0.0,0.0,0.0,0.0,0.0,0.0,0.0,0.0,0.0,0.0,0.0,0.0,2662.0,1463.0,1463.0,0.0,0
NRCAM,IDH_Mutant,TAM_microglia,TAM1/TAM2/microglia,0.0,1.0,0.0,0.0,0.0,0.0,0.0,0.0,0.0,0.0,0.0,0.0,0.0,0.0,0.0,0.0,0.0,0.0,0.0,0.0,0.0,0.0,0.0,0.0,0.0,0.0,0.0,0.0,0.0,0.0,0.0,0.0,0.0,0.0,0.0,12086.0,25922.0,12086.0,0.0,0
NRCAM,IDH_Mutant,tumor,cycling_tumor,0.0,1.0,2.0,0.0,2.0,1.0,0.0,2.0,2.0,0.005233137050460249,0.005371724448235,0.010466274100920499,0.0,0.005233137050460249,0.0,0.005233137050460249,0.005233137050460249,1.0,1.0,2.0,1.0,2.0,0.0,1.0,3.4835751532088644,3.4835751532088644,1.0,0.0,26.77674310433104,33.49753694581281,0.559,0.041,-0.518,1.0,0.2765338723748298,6410.0,814.0,814.0,0.0,1
NRCAM,IDH_WT,tumor,AC_like_tumor,0.0,1.0,4.0,0.0,4.0,0.0,2.0,2.0,0.0,0.00316495639881815,0.0036696350326655,0.0126598255952726,0.0,0.00316495639881815,0.0027551058772454,0.0035748069203909,0.0008197010431455001,1.0,1.0,2.0,1.0,2.0,2.0,0.0,0.0,0.0,0.0,0.0,0.0,0.0,0.0,0.0,0.0,0.0,1.418778113763021,72549.0,446.0,446.0,0.0,1
NRCAM,IDH_WT,tumor,OPC_GABA_AC_like_tumor,0.0,1.0,2.0,0.0,2.0,0.0,0.0,2.0,2.0,0.00273160202415355,0.0028041239019692,0.0054632040483071,0.0,0.00273160202415355,0.0,0.00273160202415355,0.00273160202415355,1.0,1.0,2.0,1.0,2.0,0.0,0.0,0.0,0.0,0.0,0.0,0.0,0.0,0.0,0.0,0.0,0.0,0.6382263569517461,6202.0,1012.0,1012.0,0.0,1
NRCAM,IDH_WT,tumor,OPC_GABA_like_tumor,0.0,1.0,4.0,0.0,4.0,2.0,2.0,2.0,0.0,0.00784968670479935,0.0122804136302003,0.0313987468191974,0.0,0.00784968670479935,0.0037336994997154,0.0119656739098833,0.0082319744101679,1.0,1.0,2.0,1.0,2.0,2.0,0.0,0.0,0.0,0.0,0.0,0.0,0.0,0.0,0.0,0.0,0.0,1.3087184686449176,6741.0,14114.0,6741.0,0.0,1
NRCAM,IDH_WT,T_cell,T cell,0.0,1.0,0.0,0.0,0.0,0.0,0.0,0.0,0.0,0.0,0.0,0.0,0.0,0.0,0.0,0.0,0.0,0.0,0.0,0.0,0.0,0.0,0.0,0.0,0.0,0.0,0.0,0.0,0.0,0.0,0.0,0.0,0.0,0.0,0.0,2662.0,1463.0,1463.0,0.0,0
NRCAM,IDH_WT,TAM_microglia,TAM1/TAM2/microglia,0.0,1.0,0.0,0.0,0.0,0.0,0.0,0.0,0.0,0.0,0.0,0.0,0.0,0.0,0.0,0.0,0.0,0.0,0.0,0.0,0.0,0.0,0.0,0.0,0.0,0.0,0.0,0.0,0.0,0.0,0.0,0.0,0.0,0.0,0.0,12086.0,25922.0,12086.0,0.0,0
NRCAM,IDH_WT,tumor,cycling_tumor,0.0,1.0,2.0,0.0,2.0,1.0,0.0,2.0,2.0,0.005233137050460249,0.005371724448235,0.010466274100920499,0.0,0.005233137050460249,0.0,0.005233137050460249,0.005233137050460249,1.0,1.0,2.0,1.0,2.0,0.0,1.0,0.2765338723748298,0.2765338723748298,1.0,0.0,51.43144348375306,10.184331797235023,0.603,0.228,-0.375,1.0,3.4835751532088644,6410.0,814.0,814.0,0.0,1
NRXN1,IDH_Mutant,tumor,AC_like_tumor,1.0,0.0,10.0,10.0,0.0,1.0,0.0,10.0,10.0,0.0030419247478572194,0.0049699357888254,0.030419247478572196,0.0030419247478572194,0.0,0.0,0.0030419247478572194,0.0030419247478572194,1.0,6.0,1.0,3.0,10.0,0.0,1.0,0.6008951540009626,0.6008951540009626,1.0,0.0,5.218712506067573,6.244483671668138,0.583,0.377,-0.20599999999999996,0.0,0.0,72549.0,446.0,446.0,0.0,1
NRXN1,IDH_Mutant,tumor,OPC_GABA_AC_like_tumor,1.0,0.0,10.0,10.0,0.0,0.0,0.0,10.0,10.0,0.0028490387553084797,0.0046552822689749,0.0284903875530848,0.0028490387553084797,0.0,0.0,0.0028490387553084797,0.0028490387553084797,1.0,6.0,1.0,3.0,10.0,0.0,1.0,0.9711430925721845,0.9711430925721845,1.0,0.0,7.351884471257842,67.82449725776965,0.371,0.145,-0.226,0.0,0.0,6202.0,1012.0,1012.0,0.0,1
NRXN1,IDH_Mutant,tumor,OPC_GABA_like_tumor,1.0,0.0,20.0,20.0,0.0,8.0,10.0,10.0,0.0,0.007657003490098835,0.0202156564962208,0.1531400698019767,0.007657003490098835,0.0,0.0028776708422467902,0.01243633613795088,0.00955866529570409,1.0,6.0,1.0,3.0,10.0,10.0,0.0,0.0,0.0,0.0,0.0,0.0,0.0,0.0,0.0,0.0,0.0,0.4389322273675187,6741.0,14114.0,6741.0,0.0,1
NRXN1,IDH_Mutant,T_cell,T cell,1.0,0.0,0.0,0.0,0.0,0.0,0.0,0.0,0.0,0.0,0.0,0.0,0.0,0.0,0.0,0.0,0.0,0.0,0.0,0.0,0.0,0.0,0.0,0.0,0.0,0.0,0.0,0.0,0.0,0.0,0.0,0.0,0.0,0.0,0.0,2662.0,1463.0,1463.0,0.0,0
NRXN1,IDH_Mutant,TAM_microglia,TAM1/TAM2/microglia,1.0,0.0,0.0,0.0,0.0,0.0,0.0,0.0,0.0,0.0,0.0,0.0,0.0,0.0,0.0,0.0,0.0,0.0,0.0,0.0,0.0,0.0,0.0,0.0,0.0,0.0,0.0,0.0,0.0,0.0,0.0,0.0,0.0,0.0,0.0,12086.0,25922.0,12086.0,0.0,0
NRXN1,IDH_Mutant,tumor,cycling_tumor,1.0,0.0,10.0,10.0,0.0,5.0,0.0,10.0,10.0,0.0017488561969960202,0.0028593048615199,0.017488561969960202,0.0017488561969960202,0.0,0.0,0.0017488561969960202,0.0017488561969960202,1.0,6.0,1.0,3.0,10.0,0.0,1.0,3.708429971077246,3.708429971077246,1.0,0.0,44.15627315584702,33.49753694581281,0.779,0.048,-0.731,1.0,0.9602406200106864,6410.0,814.0,814.0,0.0,1
NRXN1,IDH_WT,tumor,AC_like_tumor,1.0,0.0,10.0,10.0,0.0,1.0,0.0,10.0,10.0,0.0030419247478572194,0.0049699357888254,0.030419247478572196,0.0030419247478572194,0.0,0.0,0.0030419247478572194,0.0030419247478572194,1.0,6.0,1.0,3.0,10.0,0.0,0.0,0.0,0.0,0.0,0.0,0.0,0.0,0.0,0.0,0.0,0.0,0.6008951540009626,72549.0,446.0,446.0,0.0,1
NRXN1,IDH_WT,tumor,OPC_GABA_AC_like_tumor,1.0,0.0,10.0,10.0,0.0,0.0,0.0,10.0,10.0,0.0028490387553084797,0.0046552822689749,0.0284903875530848,0.0028490387553084797,0.0,0.0,0.0028490387553084797,0.0028490387553084797,1.0,6.0,1.0,3.0,10.0,0.0,0.0,0.0,0.0,0.0,0.0,0.0,0.0,0.0,0.0,0.0,0.0,0.9711430925721845,6202.0,1012.0,1012.0,0.0,1
NRXN1,IDH_WT,tumor,OPC_GABA_like_tumor,1.0,0.0,20.0,20.0,0.0,8.0,10.0,10.0,0.0,0.007657003490098835,0.0202156564962208,0.1531400698019767,0.007657003490098835,0.0,0.0028776708422467902,0.01243633613795088,0.00955866529570409,1.0,6.0,1.0,3.0,10.0,10.0,1.0,0.4389322273675187,0.4389322273675187,1.0,0.0,39.704888127724416,27.741935483870968,0.396,0.201,-0.195,0.0,0.0,6741.0,14114.0,6741.0,0.0,1
NRXN1,IDH_WT,T_cell,T cell,1.0,0.0,0.0,0.0,0.0,0.0,0.0,0.0,0.0,0.0,0.0,0.0,0.0,0.0,0.0,0.0,0.0,0.0,0.0,0.0,0.0,0.0,0.0,0.0,0.0,0.0,0.0,0.0,0.0,0.0,0.0,0.0,0.0,0.0,0.0,2662.0,1463.0,1463.0,0.0,0
NRXN1,IDH_WT,TAM_microglia,TAM1/TAM2/microglia,1.0,0.0,0.0,0.0,0.0,0.0,0.0,0.0,0.0,0.0,0.0,0.0,0.0,0.0,0.0,0.0,0.0,0.0,0.0,0.0,0.0,0.0,0.0,0.0,0.0,0.0,0.0,0.0,0.0,0.0,0.0,0.0,0.0,0.0,0.0,12086.0,25922.0,12086.0,0.0,0
NRXN1,IDH_WT,tumor,cycling_tumor,1.0,0.0,10.0,10.0,0.0,5.0,0.0,10.0,10.0,0.0017488561969960202,0.0028593048615199,0.017488561969960202,0.0017488561969960202,0.0,0.0,0.0017488561969960202,0.0017488561969960202,1.0,6.0,1.0,3.0,10.0,0.0,1.0,0.9602406200106864,0.9602406200106864,1.0,0.0,36.6289552866046,10.184331797235023,0.259,0.083,-0.176,1.0,3.708429971077246,6410.0,814.0,814.0,0.0,1
NRXN2,IDH_Mutant,tumor,AC_like_tumor,1.0,0.0,0.0,0.0,0.0,0.0,0.0,0.0,0.0,0.0,0.0,0.0,0.0,0.0,0.0,0.0,0.0,0.0,0.0,0.0,0.0,0.0,0.0,1.0,0.7874073224983326,0.7874073224983326,1.0,0.0,2.7413452040349524,6.244483671668138,0.191,0.09,-0.101,0.0,0.0,72549.0,446.0,446.0,0.0,1
NRXN2,IDH_Mutant,tumor,OPC_GABA_AC_like_tumor,1.0,0.0,0.0,0.0,0.0,0.0,0.0,0.0,0.0,0.0,0.0,0.0,0.0,0.0,0.0,0.0,0.0,0.0,0.0,0.0,0.0,0.0,0.0,0.0,0.0,0.0,0.0,0.0,0.0,0.0,0.0,0.0,0.0,0.0,0.0,6202.0,1012.0,1012.0,0.0,1
NRXN2,IDH_Mutant,tumor,OPC_GABA_like_tumor,1.0,0.0,10.0,10.0,0.0,4.0,0.0,10.0,10.0,0.0013051518474101863,0.0021343800502624,0.013051518474101863,0.0013051518474101863,0.0,0.0,0.0013051518474101863,0.0013051518474101863,1.0,6.0,1.0,3.0,10.0,0.0,1.0,0.5319644209094596,0.5319644209094596,1.0,0.0,3.4758479554755,87.62594223449511,0.271,0.216,-0.05500000000000002,0.0,0.0,6741.0,14114.0,6741.0,0.0,1
NRXN2,IDH_Mutant,T_cell,T cell,1.0,0.0,0.0,0.0,0.0,0.0,0.0,0.0,0.0,0.0,0.0,0.0,0.0,0.0,0.0,0.0,0.0,0.0,0.0,0.0,0.0,0.0,0.0,0.0,0.0,0.0,0.0,0.0,0.0,0.0,0.0,0.0,0.0,0.0,0.0,2662.0,1463.0,1463.0,0.0,0
NRXN2,IDH_Mutant,TAM_microglia,TAM1/TAM2/microglia,1.0,0.0,0.0,0.0,0.0,0.0,0.0,0.0,0.0,0.0,0.0,0.0,0.0,0.0,0.0,0.0,0.0,0.0,0.0,0.0,0.0,0.0,0.0,0.0,0.0,0.0,0.0,0.0,0.0,0.0,0.0,0.0,0.0,0.0,0.0,12086.0,25922.0,12086.0,0.0,0
NRXN2,IDH_Mutant,tumor,cycling_tumor,1.0,0.0,0.0,0.0,0.0,0.0,0.0,0.0,0.0,0.0,0.0,0.0,0.0,0.0,0.0,0.0,0.0,0.0,0.0,0.0,0.0,0.0,0.0,1.0,5.363354862664815,5.363354862664815,1.0,0.0,7.377522825770371,33.49753694581281,0.199,0.007,-0.192,1.0,0.8403773221055575,6410.0,814.0,814.0,0.0,1
NRXN2,IDH_WT,tumor,AC_like_tumor,1.0,0.0,0.0,0.0,0.0,0.0,0.0,0.0,0.0,0.0,0.0,0.0,0.0,0.0,0.0,0.0,0.0,0.0,0.0,0.0,0.0,0.0,0.0,0.0,0.0,0.0,0.0,0.0,0.0,0.0,0.0,0.0,0.0,0.0,0.7874073224983326,72549.0,446.0,446.0,0.0,1
NRXN2,IDH_WT,tumor,OPC_GABA_AC_like_tumor,1.0,0.0,0.0,0.0,0.0,0.0,0.0,0.0,0.0,0.0,0.0,0.0,0.0,0.0,0.0,0.0,0.0,0.0,0.0,0.0,0.0,0.0,0.0,0.0,0.0,0.0,0.0,0.0,0.0,0.0,0.0,0.0,0.0,0.0,0.0,6202.0,1012.0,1012.0,0.0,1
NRXN2,IDH_WT,tumor,OPC_GABA_like_tumor,1.0,0.0,10.0,10.0,0.0,4.0,0.0,10.0,10.0,0.0013051518474101863,0.0021343800502624,0.013051518474101863,0.0013051518474101863,0.0,0.0,0.0013051518474101863,0.0013051518474101863,1.0,6.0,1.0,3.0,10.0,0.0,0.0,0.0,0.0,0.0,0.0,0.0,0.0,0.0,0.0,0.0,0.0,0.5319644209094596,6741.0,14114.0,6741.0,0.0,1
NRXN2,IDH_WT,T_cell,T cell,1.0,0.0,0.0,0.0,0.0,0.0,0.0,0.0,0.0,0.0,0.0,0.0,0.0,0.0,0.0,0.0,0.0,0.0,0.0,0.0,0.0,0.0,0.0,0.0,0.0,0.0,0.0,0.0,0.0,0.0,0.0,0.0,0.0,0.0,0.0,2662.0,1463.0,1463.0,0.0,0
NRXN2,IDH_WT,TAM_microglia,TAM1/TAM2/microglia,1.0,0.0,0.0,0.0,0.0,0.0,0.0,0.0,0.0,0.0,0.0,0.0,0.0,0.0,0.0,0.0,0.0,0.0,0.0,0.0,0.0,0.0,0.0,0.0,0.0,0.0,0.0,0.0,0.0,0.0,0.0,0.0,0.0,0.0,0.0,12086.0,25922.0,12086.0,0.0,0
NRXN2,IDH_WT,tumor,cycling_tumor,1.0,0.0,0.0,0.0,0.0,0.0,0.0,0.0,0.0,0.0,0.0,0.0,0.0,0.0,0.0,0.0,0.0,0.0,0.0,0.0,0.0,0.0,0.0,1.0,0.8403773221055575,0.8403773221055575,1.0,0.0,40.97247610785651,10.184331797235023,0.175,0.039,-0.13599999999999998,1.0,5.363354862664815,6410.0,814.0,814.0,0.0,1
P4HB,IDH_Mutant,tumor,AC_like_tumor,0.0,1.0,0.0,0.0,0.0,0.0,0.0,0.0,0.0,0.0,0.0,0.0,0.0,0.0,0.0,0.0,0.0,0.0,0.0,0.0,0.0,0.0,0.0,0.0,0.0,0.0,0.0,0.0,0.0,0.0,0.0,0.0,0.0,0.0,0.0,72549.0,446.0,446.0,0.0,0
P4HB,IDH_Mutant,tumor,OPC_GABA_AC_like_tumor,0.0,1.0,0.0,0.0,0.0,0.0,0.0,0.0,0.0,0.0,0.0,0.0,0.0,0.0,0.0,0.0,0.0,0.0,0.0,0.0,0.0,0.0,0.0,0.0,0.0,0.0,0.0,0.0,0.0,0.0,0.0,0.0,0.0,0.0,0.0,6202.0,1012.0,1012.0,0.0,0
P4HB,IDH_Mutant,tumor,OPC_GABA_like_tumor,0.0,1.0,2.0,0.0,2.0,0.0,1.0,1.0,0.0,0.00135107769115995,0.0013611245332281,0.0027021553823199,0.0,0.00135107769115995,0.0013410308490918,0.0013611245332281,2.009368413630002e-05,1.0,1.0,1.0,1.0,1.0,1.0,0.0,0.0,0.0,0.0,0.0,0.0,0.0,0.0,0.0,0.0,0.0,0.0,6741.0,14114.0,6741.0,0.0,0
P4HB,IDH_Mutant,T_cell,T cell,0.0,1.0,0.0,0.0,0.0,0.0,0.0,0.0,0.0,0.0,0.0,0.0,0.0,0.0,0.0,0.0,0.0,0.0,0.0,0.0,0.0,0.0,0.0,0.0,0.0,0.0,0.0,0.0,0.0,0.0,0.0,0.0,0.0,0.0,0.0,2662.0,1463.0,1463.0,0.0,0
P4HB,IDH_Mutant,TAM_microglia,TAM1/TAM2/microglia,0.0,1.0,1.0,0.0,1.0,1.0,1.0,0.0,-1.0,0.0024062850263849,0.0024062850263849,0.0024062850263849,0.0,0.0024062850263849,0.0024062850263849,0.0,-0.0024062850263849,1.0,1.0,1.0,1.0,0.0,1.0,0.0,0.0,0.0,0.0,0.0,0.0,0.0,0.0,0.0,0.0,0.0,0.5629102175258354,12086.0,25922.0,12086.0,0.0,0
P4HB,IDH_Mutant,tumor,cycling_tumor,0.0,1.0,2.0,0.0,2.0,0.0,1.0,1.0,0.0,0.00406302455001975,0.006613979542561,0.0081260491000395,0.0,0.00406302455001975,0.0015120695574785,0.006613979542561,0.0051019099850825,1.0,1.0,1.0,1.0,1.0,1.0,0.0,0.0,0.0,0.0,0.0,0.0,0.0,0.0,0.0,0.0,0.0,0.4675273117630814,6410.0,814.0,814.0,0.0,0
P4HB,IDH_WT,tumor,AC_like_tumor,0.0,1.0,0.0,0.0,0.0,0.0,0.0,0.0,0.0,0.0,0.0,0.0,0.0,0.0,0.0,0.0,0.0,0.0,0.0,0.0,0.0,0.0,0.0,0.0,0.0,0.0,0.0,0.0,0.0,0.0,0.0,0.0,0.0,0.0,0.0,72549.0,446.0,446.0,0.0,0
P4HB,IDH_WT,tumor,OPC_GABA_AC_like_tumor,0.0,1.0,0.0,0.0,0.0,0.0,0.0,0.0,0.0,0.0,0.0,0.0,0.0,0.0,0.0,0.0,0.0,0.0,0.0,0.0,0.0,0.0,0.0,0.0,0.0,0.0,0.0,0.0,0.0,0.0,0.0,0.0,0.0,0.0,0.0,6202.0,1012.0,1012.0,0.0,0
P4HB,IDH_WT,tumor,OPC_GABA_like_tumor,0.0,1.0,2.0,0.0,2.0,0.0,1.0,1.0,0.0,0.00135107769115995,0.0013611245332281,0.0027021553823199,0.0,0.00135107769115995,0.0013410308490918,0.0013611245332281,2.009368413630002e-05,1.0,1.0,1.0,1.0,1.0,1.0,0.0,0.0,0.0,0.0,0.0,0.0,0.0,0.0,0.0,0.0,0.0,0.0,6741.0,14114.0,6741.0,0.0,0
P4HB,IDH_WT,T_cell,T cell,0.0,1.0,0.0,0.0,0.0,0.0,0.0,0.0,0.0,0.0,0.0,0.0,0.0,0.0,0.0,0.0,0.0,0.0,0.0,0.0,0.0,0.0,0.0,0.0,0.0,0.0,0.0,0.0,0.0,0.0,0.0,0.0,0.0,0.0,0.0,2662.0,1463.0,1463.0,0.0,0
P4HB,IDH_WT,TAM_microglia,TAM1/TAM2/microglia,0.0,1.0,1.0,0.0,1.0,1.0,1.0,0.0,-1.0,0.0024062850263849,0.0024062850263849,0.0024062850263849,0.0,0.0024062850263849,0.0024062850263849,0.0,-0.0024062850263849,1.0,1.0,1.0,1.0,0.0,1.0,1.0,-0.5629102175258354,0.5629102175258354,0.0,1.0,2.315406836498125,22.064142753797928,0.285,0.317,0.03200000000000003,0.0,0.0,12086.0,25922.0,12086.0,0.0,0
P4HB,IDH_WT,tumor,cycling_tumor,0.0,1.0,2.0,0.0,2.0,0.0,1.0,1.0,0.0,0.00406302455001975,0.006613979542561,0.0081260491000395,0.0,0.00406302455001975,0.0015120695574785,0.006613979542561,0.0051019099850825,1.0,1.0,1.0,1.0,1.0,1.0,1.0,0.4675273117630814,0.4675273117630814,1.0,0.0,62.59660512793237,10.184331797235023,0.704,0.27,-0.43399999999999994,0.0,0.0,6410.0,814.0,814.0,0.0,0
PCDHGA10,IDH_Mutant,tumor,AC_like_tumor,1.0,1.0,0.0,0.0,0.0,0.0,0.0,0.0,0.0,0.0,0.0,0.0,0.0,0.0,0.0,0.0,0.0,0.0,0.0,0.0,0.0,0.0,0.0,0.0,0.0,0.0,0.0,0.0,0.0,0.0,0.0,0.0,0.0,0.0,0.0,72549.0,446.0,446.0,0.0,0
PCDHGA10,IDH_Mutant,tumor,OPC_GABA_AC_like_tumor,1.0,1.0,0.0,0.0,0.0,0.0,0.0,0.0,0.0,0.0,0.0,0.0,0.0,0.0,0.0,0.0,0.0,0.0,0.0,0.0,0.0,0.0,0.0,0.0,0.0,0.0,0.0,0.0,0.0,0.0,0.0,0.0,0.0,0.0,0.0,6202.0,1012.0,1012.0,0.0,0
PCDHGA10,IDH_Mutant,tumor,OPC_GABA_like_tumor,1.0,1.0,1.0,1.0,1.0,1.0,0.0,1.0,1.0,0.0020400387040252,0.0020400387040252,0.0020400387040252,0.0020400387040252,0.0020400387040252,0.0,0.0020400387040252,0.0020400387040252,1.0,0.0,1.0,1.0,1.0,0.0,0.0,0.0,0.0,0.0,0.0,0.0,0.0,0.0,0.0,0.0,0.0,0.840786297737504,6741.0,14114.0,6741.0,0.0,0
PCDHGA10,IDH_Mutant,T_cell,T cell,1.0,1.0,0.0,0.0,0.0,0.0,0.0,0.0,0.0,0.0,0.0,0.0,0.0,0.0,0.0,0.0,0.0,0.0,0.0,0.0,0.0,0.0,0.0,0.0,0.0,0.0,0.0,0.0,0.0,0.0,0.0,0.0,0.0,0.0,0.0,2662.0,1463.0,1463.0,0.0,0
PCDHGA10,IDH_Mutant,TAM_microglia,TAM1/TAM2/microglia,1.0,1.0,0.0,0.0,0.0,0.0,0.0,0.0,0.0,0.0,0.0,0.0,0.0,0.0,0.0,0.0,0.0,0.0,0.0,0.0,0.0,0.0,0.0,0.0,0.0,0.0,0.0,0.0,0.0,0.0,0.0,0.0,0.0,0.0,0.0,12086.0,25922.0,12086.0,0.0,0
PCDHGA10,IDH_Mutant,tumor,cycling_tumor,1.0,1.0,0.0,0.0,0.0,0.0,0.0,0.0,0.0,0.0,0.0,0.0,0.0,0.0,0.0,0.0,0.0,0.0,0.0,0.0,0.0,0.0,0.0,1.0,3.7778153773002607,3.7778153773002607,1.0,0.0,6.261467363513313,33.49753694581281,0.213,0.019,-0.194,1.0,2.383876659691345,6410.0,814.0,814.0,0.0,0
PCDHGA10,IDH_WT,tumor,AC_like_tumor,1.0,1.0,0.0,0.0,0.0,0.0,0.0,0.0,0.0,0.0,0.0,0.0,0.0,0.0,0.0,0.0,0.0,0.0,0.0,0.0,0.0,0.0,0.0,0.0,0.0,0.0,0.0,0.0,0.0,0.0,0.0,0.0,0.0,0.0,0.0,72549.0,446.0,446.0,0.0,0
PCDHGA10,IDH_WT,tumor,OPC_GABA_AC_like_tumor,1.0,1.0,0.0,0.0,0.0,0.0,0.0,0.0,0.0,0.0,0.0,0.0,0.0,0.0,0.0,0.0,0.0,0.0,0.0,0.0,0.0,0.0,0.0,0.0,0.0,0.0,0.0,0.0,0.0,0.0,0.0,0.0,0.0,0.0,0.0,6202.0,1012.0,1012.0,0.0,0
PCDHGA10,IDH_WT,tumor,OPC_GABA_like_tumor,1.0,1.0,1.0,1.0,1.0,1.0,0.0,1.0,1.0,0.0020400387040252,0.0020400387040252,0.0020400387040252,0.0020400387040252,0.0020400387040252,0.0,0.0020400387040252,0.0020400387040252,1.0,0.0,1.0,1.0,1.0,0.0,1.0,0.840786297737504,0.840786297737504,1.0,0.0,72.55478677722016,27.741935483870968,0.252,0.078,-0.174,0.0,0.0,6741.0,14114.0,6741.0,0.0,0
PCDHGA10,IDH_WT,T_cell,T cell,1.0,1.0,0.0,0.0,0.0,0.0,0.0,0.0,0.0,0.0,0.0,0.0,0.0,0.0,0.0,0.0,0.0,0.0,0.0,0.0,0.0,0.0,0.0,0.0,0.0,0.0,0.0,0.0,0.0,0.0,0.0,0.0,0.0,0.0,0.0,2662.0,1463.0,1463.0,0.0,0
PCDHGA10,IDH_WT,TAM_microglia,TAM1/TAM2/microglia,1.0,1.0,0.0,0.0,0.0,0.0,0.0,0.0,0.0,0.0,0.0,0.0,0.0,0.0,0.0,0.0,0.0,0.0,0.0,0.0,0.0,0.0,0.0,0.0,0.0,0.0,0.0,0.0,0.0,0.0,0.0,0.0,0.0,0.0,0.0,12086.0,25922.0,12086.0,0.0,0
PCDHGA10,IDH_WT,tumor,cycling_tumor,1.0,1.0,0.0,0.0,0.0,0.0,0.0,0.0,0.0,0.0,0.0,0.0,0.0,0.0,0.0,0.0,0.0,0.0,0.0,0.0,0.0,0.0,0.0,1.0,2.383876659691345,2.383876659691345,1.0,0.0,79.5937431068842,10.184331797235023,0.17,0.021,-0.14900000000000002,1.0,3.7778153773002607,6410.0,814.0,814.0,0.0,0
PCDHGC3,IDH_Mutant,tumor,AC_like_tumor,1.0,1.0,0.0,0.0,0.0,0.0,0.0,0.0,0.0,0.0,0.0,0.0,0.0,0.0,0.0,0.0,0.0,0.0,0.0,0.0,0.0,0.0,0.0,0.0,0.0,0.0,0.0,0.0,0.0,0.0,0.0,0.0,0.0,0.0,0.0,72549.0,446.0,446.0,0.0,0
PCDHGC3,IDH_Mutant,tumor,OPC_GABA_AC_like_tumor,1.0,1.0,0.0,0.0,0.0,0.0,0.0,0.0,0.0,0.0,0.0,0.0,0.0,0.0,0.0,0.0,0.0,0.0,0.0,0.0,0.0,0.0,0.0,0.0,0.0,0.0,0.0,0.0,0.0,0.0,0.0,0.0,0.0,0.0,2.536771371473165,6202.0,1012.0,1012.0,0.0,0
PCDHGC3,IDH_Mutant,tumor,OPC_GABA_like_tumor,1.0,1.0,0.0,0.0,0.0,0.0,0.0,0.0,0.0,0.0,0.0,0.0,0.0,0.0,0.0,0.0,0.0,0.0,0.0,0.0,0.0,0.0,0.0,1.0,-0.5413855275816069,0.5413855275816069,0.0,1.0,5.706887393118725,87.62594223449511,0.124,0.182,0.057999999999999996,0.0,2.1005042395025733,6741.0,14114.0,6741.0,0.0,0
PCDHGC3,IDH_Mutant,T_cell,T cell,1.0,1.0,0.0,0.0,0.0,0.0,0.0,0.0,0.0,0.0,0.0,0.0,0.0,0.0,0.0,0.0,0.0,0.0,0.0,0.0,0.0,0.0,0.0,0.0,0.0,0.0,0.0,0.0,0.0,0.0,0.0,0.0,0.0,0.0,0.0,2662.0,1463.0,1463.0,0.0,0
PCDHGC3,IDH_Mutant,TAM_microglia,TAM1/TAM2/microglia,1.0,1.0,0.0,0.0,0.0,0.0,0.0,0.0,0.0,0.0,0.0,0.0,0.0,0.0,0.0,0.0,0.0,0.0,0.0,0.0,0.0,0.0,0.0,0.0,0.0,0.0,0.0,0.0,0.0,0.0,0.0,0.0,0.0,0.0,0.0,12086.0,25922.0,12086.0,0.0,0
PCDHGC3,IDH_Mutant,tumor,cycling_tumor,1.0,1.0,1.0,1.0,1.0,1.0,0.0,1.0,1.0,0.000909242078728849,0.000909242078728849,0.000909242078728849,0.000909242078728849,0.000909242078728849,0.0,0.000909242078728849,0.000909242078728849,1.0,0.0,1.0,1.0,1.0,0.0,1.0,2.8886950190210867,2.8886950190210867,1.0,0.0,2.231402592410646,33.49753694581281,0.11,0.004,-0.106,1.0,2.997778423563167,6410.0,814.0,814.0,0.0,0
PCDHGC3,IDH_WT,tumor,AC_like_tumor,1.0,1.0,0.0,0.0,0.0,0.0,0.0,0.0,0.0,0.0,0.0,0.0,0.0,0.0,0.0,0.0,0.0,0.0,0.0,0.0,0.0,0.0,0.0,0.0,0.0,0.0,0.0,0.0,0.0,0.0,0.0,0.0,0.0,0.0,0.0,72549.0,446.0,446.0,0.0,0
PCDHGC3,IDH_WT,tumor,OPC_GABA_AC_like_tumor,1.0,1.0,0.0,0.0,0.0,0.0,0.0,0.0,0.0,0.0,0.0,0.0,0.0,0.0,0.0,0.0,0.0,0.0,0.0,0.0,0.0,0.0,0.0,1.0,2.536771371473165,2.536771371473165,1.0,0.0,16.26857990252447,3.0783078307830785,0.129,0.019,-0.11,0.0,0.0,6202.0,1012.0,1012.0,0.0,0
PCDHGC3,IDH_WT,tumor,OPC_GABA_like_tumor,1.0,1.0,0.0,0.0,0.0,0.0,0.0,0.0,0.0,0.0,0.0,0.0,0.0,0.0,0.0,0.0,0.0,0.0,0.0,0.0,0.0,0.0,0.0,1.0,2.1005042395025733,2.1005042395025733,1.0,0.0,247.05046728195472,27.741935483870968,0.421,0.075,-0.346,0.0,0.5413855275816069,6741.0,14114.0,6741.0,0.0,0
PCDHGC3,IDH_WT,T_cell,T cell,1.0,1.0,0.0,0.0,0.0,0.0,0.0,0.0,0.0,0.0,0.0,0.0,0.0,0.0,0.0,0.0,0.0,0.0,0.0,0.0,0.0,0.0,0.0,0.0,0.0,0.0,0.0,0.0,0.0,0.0,0.0,0.0,0.0,0.0,0.0,2662.0,1463.0,1463.0,0.0,0
PCDHGC3,IDH_WT,TAM_microglia,TAM1/TAM2/microglia,1.0,1.0,0.0,0.0,0.0,0.0,0.0,0.0,0.0,0.0,0.0,0.0,0.0,0.0,0.0,0.0,0.0,0.0,0.0,0.0,0.0,0.0,0.0,0.0,0.0,0.0,0.0,0.0,0.0,0.0,0.0,0.0,0.0,0.0,0.0,12086.0,25922.0,12086.0,0.0,0
PCDHGC3,IDH_WT,tumor,cycling_tumor,1.0,1.0,1.0,1.0,1.0,1.0,0.0,1.0,1.0,0.000909242078728849,0.000909242078728849,0.000909242078728849,0.000909242078728849,0.000909242078728849,0.0,0.000909242078728849,0.000909242078728849,1.0,0.0,1.0,1.0,1.0,0.0,1.0,2.997778423563167,2.997778423563167,1.0,0.0,256.31077114322164,10.184331797235023,0.353,0.023,-0.32999999999999996,1.0,2.8886950190210867,6410.0,814.0,814.0,0.0,0
PDGFA,IDH_Mutant,tumor,AC_like_tumor,1.0,0.0,0.0,0.0,0.0,0.0,0.0,0.0,0.0,0.0,0.0,0.0,0.0,0.0,0.0,0.0,0.0,0.0,0.0,0.0,0.0,0.0,0.0,0.0,0.0,0.0,0.0,0.0,0.0,0.0,0.0,0.0,0.0,0.0,0.0,72549.0,446.0,446.0,0.0,0
PDGFA,IDH_Mutant,tumor,OPC_GABA_AC_like_tumor,1.0,0.0,0.0,0.0,0.0,0.0,0.0,0.0,0.0,0.0,0.0,0.0,0.0,0.0,0.0,0.0,0.0,0.0,0.0,0.0,0.0,0.0,0.0,0.0,0.0,0.0,0.0,0.0,0.0,0.0,0.0,0.0,0.0,0.0,0.0,6202.0,1012.0,1012.0,0.0,0
PDGFA,IDH_Mutant,tumor,OPC_GABA_like_tumor,1.0,0.0,0.0,0.0,0.0,0.0,0.0,0.0,0.0,0.0,0.0,0.0,0.0,0.0,0.0,0.0,0.0,0.0,0.0,0.0,0.0,0.0,0.0,0.0,0.0,0.0,0.0,0.0,0.0,0.0,0.0,0.0,0.0,0.0,0.0,6741.0,14114.0,6741.0,0.0,0
PDGFA,IDH_Mutant,T_cell,T cell,1.0,0.0,0.0,0.0,0.0,0.0,0.0,0.0,0.0,0.0,0.0,0.0,0.0,0.0,0.0,0.0,0.0,0.0,0.0,0.0,0.0,0.0,0.0,0.0,0.0,0.0,0.0,0.0,0.0,0.0,0.0,0.0,0.0,0.0,0.0,2662.0,1463.0,1463.0,0.0,0
PDGFA,IDH_Mutant,TAM_microglia,TAM1/TAM2/microglia,1.0,0.0,0.0,0.0,0.0,0.0,0.0,0.0,0.0,0.0,0.0,0.0,0.0,0.0,0.0,0.0,0.0,0.0,0.0,0.0,0.0,0.0,0.0,1.0,1.8013384616413457,1.8013384616413457,1.0,0.0,18.0269292351144,91.1538623094048,0.1,0.034,-0.066,1.0,0.7501813064898899,12086.0,25922.0,12086.0,0.0,0
PDGFA,IDH_Mutant,tumor,cycling_tumor,1.0,0.0,3.0,3.0,0.0,1.0,0.0,3.0,3.0,0.002852574179893333,0.0039862277869608,0.008557722539679999,0.002852574179893333,0.0,0.0,0.002852574179893333,0.002852574179893333,1.0,1.0,1.0,3.0,3.0,0.0,0.0,0.0,0.0,0.0,0.0,0.0,0.0,0.0,0.0,0.0,0.0,1.0299781770199166,6410.0,814.0,814.0,0.0,0
PDGFA,IDH_WT,tumor,AC_like_tumor,1.0,0.0,0.0,0.0,0.0,0.0,0.0,0.0,0.0,0.0,0.0,0.0,0.0,0.0,0.0,0.0,0.0,0.0,0.0,0.0,0.0,0.0,0.0,0.0,0.0,0.0,0.0,0.0,0.0,0.0,0.0,0.0,0.0,0.0,0.0,72549.0,446.0,446.0,0.0,0
PDGFA,IDH_WT,tumor,OPC_GABA_AC_like_tumor,1.0,0.0,0.0,0.0,0.0,0.0,0.0,0.0,0.0,0.0,0.0,0.0,0.0,0.0,0.0,0.0,0.0,0.0,0.0,0.0,0.0,0.0,0.0,0.0,0.0,0.0,0.0,0.0,0.0,0.0,0.0,0.0,0.0,0.0,0.0,6202.0,1012.0,1012.0,0.0,0
PDGFA,IDH_WT,tumor,OPC_GABA_like_tumor,1.0,0.0,0.0,0.0,0.0,0.0,0.0,0.0,0.0,0.0,0.0,0.0,0.0,0.0,0.0,0.0,0.0,0.0,0.0,0.0,0.0,0.0,0.0,0.0,0.0,0.0,0.0,0.0,0.0,0.0,0.0,0.0,0.0,0.0,0.0,6741.0,14114.0,6741.0,0.0,0
PDGFA,IDH_WT,T_cell,T cell,1.0,0.0,0.0,0.0,0.0,0.0,0.0,0.0,0.0,0.0,0.0,0.0,0.0,0.0,0.0,0.0,0.0,0.0,0.0,0.0,0.0,0.0,0.0,0.0,0.0,0.0,0.0,0.0,0.0,0.0,0.0,0.0,0.0,0.0,0.0,2662.0,1463.0,1463.0,0.0,0
PDGFA,IDH_WT,TAM_microglia,TAM1/TAM2/microglia,1.0,0.0,0.0,0.0,0.0,0.0,0.0,0.0,0.0,0.0,0.0,0.0,0.0,0.0,0.0,0.0,0.0,0.0,0.0,0.0,0.0,0.0,0.0,1.0,0.7501813064898899,0.7501813064898899,1.0,0.0,11.777955462787475,22.064142753797928,0.107,0.061,-0.046,1.0,1.8013384616413457,12086.0,25922.0,12086.0,0.0,0
PDGFA,IDH_WT,tumor,cycling_tumor,1.0,0.0,3.0,3.0,0.0,1.0,0.0,3.0,3.0,0.002852574179893333,0.0039862277869608,0.008557722539679999,0.002852574179893333,0.0,0.0,0.002852574179893333,0.002852574179893333,1.0,1.0,1.0,3.0,3.0,0.0,1.0,1.0299781770199166,1.0299781770199166,1.0,0.0,76.43040977958185,10.184331797235023,0.299,0.065,-0.23399999999999999,0.0,0.0,6410.0,814.0,814.0,0.0,0
PDGFB,IDH_Mutant,tumor,AC_like_tumor,1.0,0.0,0.0,0.0,0.0,0.0,0.0,0.0,0.0,0.0,0.0,0.0,0.0,0.0,0.0,0.0,0.0,0.0,0.0,0.0,0.0,0.0,0.0,0.0,0.0,0.0,0.0,0.0,0.0,0.0,0.0,0.0,0.0,0.0,0.0,72549.0,446.0,446.0,0.0,0
PDGFB,IDH_Mutant,tumor,OPC_GABA_AC_like_tumor,1.0,0.0,0.0,0.0,0.0,0.0,0.0,0.0,0.0,0.0,0.0,0.0,0.0,0.0,0.0,0.0,0.0,0.0,0.0,0.0,0.0,0.0,0.0,0.0,0.0,0.0,0.0,0.0,0.0,0.0,0.0,0.0,0.0,0.0,0.0,6202.0,1012.0,1012.0,0.0,0
PDGFB,IDH_Mutant,tumor,OPC_GABA_like_tumor,1.0,0.0,0.0,0.0,0.0,0.0,0.0,0.0,0.0,0.0,0.0,0.0,0.0,0.0,0.0,0.0,0.0,0.0,0.0,0.0,0.0,0.0,0.0,0.0,0.0,0.0,0.0,0.0,0.0,0.0,0.0,0.0,0.0,0.0,0.0,6741.0,14114.0,6741.0,0.0,0
PDGFB,IDH_Mutant,T_cell,T cell,1.0,0.0,0.0,0.0,0.0,0.0,0.0,0.0,0.0,0.0,0.0,0.0,0.0,0.0,0.0,0.0,0.0,0.0,0.0,0.0,0.0,0.0,0.0,0.0,0.0,0.0,0.0,0.0,0.0,0.0,0.0,0.0,0.0,0.0,0.0,2662.0,1463.0,1463.0,0.0,0
PDGFB,IDH_Mutant,TAM_microglia,TAM1/TAM2/microglia,1.0,0.0,3.0,3.0,0.0,0.0,0.0,3.0,3.0,0.009743488234454733,0.0135999473904176,0.0292304647033642,0.009743488234454733,0.0,0.0,0.009743488234454733,0.009743488234454733,1.0,1.0,1.0,3.0,3.0,0.0,1.0,0.6381750604527303,0.6381750604527303,1.0,0.0,16.712892227312814,91.1538623094048,0.396,0.299,-0.09700000000000003,1.0,0.8549951478664709,12086.0,25922.0,12086.0,0.0,0
PDGFB,IDH_Mutant,tumor,cycling_tumor,1.0,0.0,0.0,0.0,0.0,0.0,0.0,0.0,0.0,0.0,0.0,0.0,0.0,0.0,0.0,0.0,0.0,0.0,0.0,0.0,0.0,0.0,0.0,0.0,0.0,0.0,0.0,0.0,0.0,0.0,0.0,0.0,0.0,0.0,0.0,6410.0,814.0,814.0,0.0,0
PDGFB,IDH_WT,tumor,AC_like_tumor,1.0,0.0,0.0,0.0,0.0,0.0,0.0,0.0,0.0,0.0,0.0,0.0,0.0,0.0,0.0,0.0,0.0,0.0,0.0,0.0,0.0,0.0,0.0,0.0,0.0,0.0,0.0,0.0,0.0,0.0,0.0,0.0,0.0,0.0,0.0,72549.0,446.0,446.0,0.0,0
PDGFB,IDH_WT,tumor,OPC_GABA_AC_like_tumor,1.0,0.0,0.0,0.0,0.0,0.0,0.0,0.0,0.0,0.0,0.0,0.0,0.0,0.0,0.0,0.0,0.0,0.0,0.0,0.0,0.0,0.0,0.0,0.0,0.0,0.0,0.0,0.0,0.0,0.0,0.0,0.0,0.0,0.0,0.0,6202.0,1012.0,1012.0,0.0,0
PDGFB,IDH_WT,tumor,OPC_GABA_like_tumor,1.0,0.0,0.0,0.0,0.0,0.0,0.0,0.0,0.0,0.0,0.0,0.0,0.0,0.0,0.0,0.0,0.0,0.0,0.0,0.0,0.0,0.0,0.0,0.0,0.0,0.0,0.0,0.0,0.0,0.0,0.0,0.0,0.0,0.0,0.0,6741.0,14114.0,6741.0,0.0,0
PDGFB,IDH_WT,T_cell,T cell,1.0,0.0,0.0,0.0,0.0,0.0,0.0,0.0,0.0,0.0,0.0,0.0,0.0,0.0,0.0,0.0,0.0,0.0,0.0,0.0,0.0,0.0,0.0,0.0,0.0,0.0,0.0,0.0,0.0,0.0,0.0,0.0,0.0,0.0,0.0,2662.0,1463.0,1463.0,0.0,0
PDGFB,IDH_WT,TAM_microglia,TAM1/TAM2/microglia,1.0,0.0,3.0,3.0,0.0,0.0,0.0,3.0,3.0,0.009743488234454733,0.0135999473904176,0.0292304647033642,0.009743488234454733,0.0,0.0,0.009743488234454733,0.009743488234454733,1.0,1.0,1.0,3.0,3.0,0.0,1.0,0.8549951478664709,0.8549951478664709,1.0,0.0,49.691500856358125,22.064142753797928,0.246,0.124,-0.122,1.0,0.6381750604527303,12086.0,25922.0,12086.0,0.0,0
PDGFB,IDH_WT,tumor,cycling_tumor,1.0,0.0,0.0,0.0,0.0,0.0,0.0,0.0,0.0,0.0,0.0,0.0,0.0,0.0,0.0,0.0,0.0,0.0,0.0,0.0,0.0,0.0,0.0,0.0,0.0,0.0,0.0,0.0,0.0,0.0,0.0,0.0,0.0,0.0,0.0,6410.0,814.0,814.0,0.0,0
PDGFRA,IDH_Mutant,tumor,AC_like_tumor,0.0,1.0,2.0,0.0,2.0,0.0,0.0,2.0,2.0,0.0023634613000852,0.0036612226418427,0.0047269226001704,0.0,0.0023634613000852,0.0,0.0023634613000852,0.0023634613000852,1.0,2.0,2.0,1.0,2.0,0.0,1.0,1.4255408215478016,1.4255408215478016,1.0,0.0,13.220185656542728,6.244483671668138,0.307,0.123,-0.184,1.0,4.767666592412518,72549.0,446.0,446.0,0.0,0
PDGFRA,IDH_Mutant,tumor,OPC_GABA_AC_like_tumor,0.0,1.0,0.0,0.0,0.0,0.0,0.0,0.0,0.0,0.0,0.0,0.0,0.0,0.0,0.0,0.0,0.0,0.0,0.0,0.0,0.0,0.0,0.0,1.0,0.8930651334301924,0.8930651334301924,1.0,0.0,2.9745111319393667,67.82449725776965,0.222,0.08,-0.14200000000000002,1.0,4.321853541570501,6202.0,1012.0,1012.0,0.0,0
PDGFRA,IDH_Mutant,tumor,OPC_GABA_like_tumor,0.0,1.0,2.0,0.0,2.0,0.0,0.0,2.0,2.0,0.0087930875886892,0.0135999473904176,0.0175861751773784,0.0,0.0087930875886892,0.0,0.0087930875886892,0.0087930875886892,1.0,2.0,2.0,1.0,2.0,0.0,1.0,2.0619251384266706,2.0619251384266706,1.0,0.0,207.62676451085866,87.62594223449511,0.615,0.183,-0.432,1.0,3.474013477544889,6741.0,14114.0,6741.0,0.0,0
PDGFRA,IDH_Mutant,T_cell,T cell,0.0,1.0,0.0,0.0,0.0,0.0,0.0,0.0,0.0,0.0,0.0,0.0,0.0,0.0,0.0,0.0,0.0,0.0,0.0,0.0,0.0,0.0,0.0,0.0,0.0,0.0,0.0,0.0,0.0,0.0,0.0,0.0,0.0,0.0,0.0,2662.0,1463.0,1463.0,0.0,0
PDGFRA,IDH_Mutant,TAM_microglia,TAM1/TAM2/microglia,0.0,1.0,0.0,0.0,0.0,0.0,0.0,0.0,0.0,0.0,0.0,0.0,0.0,0.0,0.0,0.0,0.0,0.0,0.0,0.0,0.0,0.0,0.0,0.0,0.0,0.0,0.0,0.0,0.0,0.0,0.0,0.0,0.0,0.0,0.0,12086.0,25922.0,12086.0,0.0,0
PDGFRA,IDH_Mutant,tumor,cycling_tumor,0.0,1.0,2.0,0.0,2.0,1.0,0.0,2.0,2.0,0.0077375447327477,0.0119692946711039,0.0154750894654954,0.0,0.0077375447327477,0.0,0.0077375447327477,0.0077375447327477,1.0,2.0,2.0,1.0,2.0,0.0,1.0,3.761880760378688,3.761880760378688,1.0,0.0,30.936948110625547,33.49753694581281,0.551,0.019,-0.532,1.0,4.463580373741013,6410.0,814.0,814.0,0.0,0
PDGFRA,IDH_WT,tumor,AC_like_tumor,0.0,1.0,2.0,0.0,2.0,0.0,0.0,2.0,2.0,0.0023634613000852,0.0036612226418427,0.0047269226001704,0.0,0.0023634613000852,0.0,0.0023634613000852,0.0023634613000852,1.0,2.0,2.0,1.0,2.0,0.0,1.0,4.767666592412518,4.767666592412518,1.0,0.0,65.41537255550234,0.166358595194085,0.231,0.016,-0.21500000000000002,1.0,1.4255408215478016,72549.0,446.0,446.0,0.0,0
PDGFRA,IDH_WT,tumor,OPC_GABA_AC_like_tumor,0.0,1.0,0.0,0.0,0.0,0.0,0.0,0.0,0.0,0.0,0.0,0.0,0.0,0.0,0.0,0.0,0.0,0.0,0.0,0.0,0.0,0.0,0.0,1.0,4.321853541570501,4.321853541570501,1.0,0.0,101.86863129492527,3.0783078307830785,0.298,0.019,-0.27899999999999997,1.0,0.8930651334301924,6202.0,1012.0,1012.0,0.0,0
PDGFRA,IDH_WT,tumor,OPC_GABA_like_tumor,0.0,1.0,2.0,0.0,2.0,0.0,0.0,2.0,2.0,0.0087930875886892,0.0135999473904176,0.0175861751773784,0.0,0.0087930875886892,0.0,0.0087930875886892,0.0087930875886892,1.0,2.0,2.0,1.0,2.0,0.0,1.0,3.474013477544889,3.474013477544889,1.0,0.0,307.6526555685888,27.741935483870968,0.758,0.108,-0.65,1.0,2.0619251384266706,6741.0,14114.0,6741.0,0.0,0
PDGFRA,IDH_WT,T_cell,T cell,0.0,1.0,0.0,0.0,0.0,0.0,0.0,0.0,0.0,0.0,0.0,0.0,0.0,0.0,0.0,0.0,0.0,0.0,0.0,0.0,0.0,0.0,0.0,0.0,0.0,0.0,0.0,0.0,0.0,0.0,0.0,0.0,0.0,0.0,0.0,2662.0,1463.0,1463.0,0.0,0
PDGFRA,IDH_WT,TAM_microglia,TAM1/TAM2/microglia,0.0,1.0,0.0,0.0,0.0,0.0,0.0,0.0,0.0,0.0,0.0,0.0,0.0,0.0,0.0,0.0,0.0,0.0,0.0,0.0,0.0,0.0,0.0,0.0,0.0,0.0,0.0,0.0,0.0,0.0,0.0,0.0,0.0,0.0,0.0,12086.0,25922.0,12086.0,0.0,0
PDGFRA,IDH_WT,tumor,cycling_tumor,0.0,1.0,2.0,0.0,2.0,1.0,0.0,2.0,2.0,0.0077375447327477,0.0119692946711039,0.0154750894654954,0.0,0.0077375447327477,0.0,0.0077375447327477,0.0077375447327477,1.0,2.0,2.0,1.0,2.0,0.0,1.0,4.463580373741013,4.463580373741013,1.0,0.0,307.6526555685888,10.184331797235023,0.664,0.036,-0.628,1.0,3.761880760378688,6410.0,814.0,814.0,0.0,0
PILRA,IDH_Mutant,tumor,AC_like_tumor,0.0,1.0,0.0,0.0,0.0,0.0,0.0,0.0,0.0,0.0,0.0,0.0,0.0,0.0,0.0,0.0,0.0,0.0,0.0,0.0,0.0,0.0,0.0,0.0,0.0,0.0,0.0,0.0,0.0,0.0,0.0,0.0,0.0,0.0,0.0,72549.0,446.0,446.0,0.0,0
PILRA,IDH_Mutant,tumor,OPC_GABA_AC_like_tumor,0.0,1.0,0.0,0.0,0.0,0.0,0.0,0.0,0.0,0.0,0.0,0.0,0.0,0.0,0.0,0.0,0.0,0.0,0.0,0.0,0.0,0.0,0.0,0.0,0.0,0.0,0.0,0.0,0.0,0.0,0.0,0.0,0.0,0.0,0.0,6202.0,1012.0,1012.0,0.0,0
PILRA,IDH_Mutant,tumor,OPC_GABA_like_tumor,0.0,1.0,0.0,0.0,0.0,0.0,0.0,0.0,0.0,0.0,0.0,0.0,0.0,0.0,0.0,0.0,0.0,0.0,0.0,0.0,0.0,0.0,0.0,0.0,0.0,0.0,0.0,0.0,0.0,0.0,0.0,0.0,0.0,0.0,0.0,6741.0,14114.0,6741.0,0.0,0
PILRA,IDH_Mutant,T_cell,T cell,0.0,1.0,0.0,0.0,0.0,0.0,0.0,0.0,0.0,0.0,0.0,0.0,0.0,0.0,0.0,0.0,0.0,0.0,0.0,0.0,0.0,0.0,0.0,0.0,0.0,0.0,0.0,0.0,0.0,0.0,0.0,0.0,0.0,0.0,0.0,2662.0,1463.0,1463.0,0.0,0
PILRA,IDH_Mutant,TAM_microglia,TAM1/TAM2/microglia,0.0,1.0,7.0,0.0,7.0,2.0,0.0,7.0,7.0,0.0036620741932491857,0.0082024937284372,0.0256345193527443,0.0,0.0036620741932491857,0.0,0.0036620741932491857,0.0036620741932491857,1.0,1.0,4.0,1.0,3.0,4.0,1.0,-0.4645349062652938,0.4645349062652938,0.0,1.0,7.194463352071841,91.1538623094048,0.289,0.351,0.062,0.0,0.0,12086.0,25922.0,12086.0,0.0,0
PILRA,IDH_Mutant,tumor,cycling_tumor,0.0,1.0,0.0,0.0,0.0,0.0,0.0,0.0,0.0,0.0,0.0,0.0,0.0,0.0,0.0,0.0,0.0,0.0,0.0,0.0,0.0,0.0,0.0,0.0,0.0,0.0,0.0,0.0,0.0,0.0,0.0,0.0,0.0,0.0,0.0,6410.0,814.0,814.0,0.0,0
PILRA,IDH_WT,tumor,AC_like_tumor,0.0,1.0,0.0,0.0,0.0,0.0,0.0,0.0,0.0,0.0,0.0,0.0,0.0,0.0,0.0,0.0,0.0,0.0,0.0,0.0,0.0,0.0,0.0,0.0,0.0,0.0,0.0,0.0,0.0,0.0,0.0,0.0,0.0,0.0,0.0,72549.0,446.0,446.0,0.0,0
PILRA,IDH_WT,tumor,OPC_GABA_AC_like_tumor,0.0,1.0,0.0,0.0,0.0,0.0,0.0,0.0,0.0,0.0,0.0,0.0,0.0,0.0,0.0,0.0,0.0,0.0,0.0,0.0,0.0,0.0,0.0,0.0,0.0,0.0,0.0,0.0,0.0,0.0,0.0,0.0,0.0,0.0,0.0,6202.0,1012.0,1012.0,0.0,0
PILRA,IDH_WT,tumor,OPC_GABA_like_tumor,0.0,1.0,0.0,0.0,0.0,0.0,0.0,0.0,0.0,0.0,0.0,0.0,0.0,0.0,0.0,0.0,0.0,0.0,0.0,0.0,0.0,0.0,0.0,0.0,0.0,0.0,0.0,0.0,0.0,0.0,0.0,0.0,0.0,0.0,0.0,6741.0,14114.0,6741.0,0.0,0
PILRA,IDH_WT,T_cell,T cell,0.0,1.0,0.0,0.0,0.0,0.0,0.0,0.0,0.0,0.0,0.0,0.0,0.0,0.0,0.0,0.0,0.0,0.0,0.0,0.0,0.0,0.0,0.0,0.0,0.0,0.0,0.0,0.0,0.0,0.0,0.0,0.0,0.0,0.0,0.0,2662.0,1463.0,1463.0,0.0,0
PILRA,IDH_WT,TAM_microglia,TAM1/TAM2/microglia,0.0,1.0,7.0,0.0,7.0,2.0,0.0,7.0,7.0,0.0036620741932491857,0.0082024937284372,0.0256345193527443,0.0,0.0036620741932491857,0.0,0.0036620741932491857,0.0036620741932491857,1.0,1.0,4.0,1.0,3.0,4.0,0.0,0.0,0.0,0.0,0.0,0.0,0.0,0.0,0.0,0.0,0.0,0.4645349062652938,12086.0,25922.0,12086.0,0.0,0
PILRA,IDH_WT,tumor,cycling_tumor,0.0,1.0,0.0,0.0,0.0,0.0,0.0,0.0,0.0,0.0,0.0,0.0,0.0,0.0,0.0,0.0,0.0,0.0,0.0,0.0,0.0,0.0,0.0,0.0,0.0,0.0,0.0,0.0,0.0,0.0,0.0,0.0,0.0,0.0,0.0,6410.0,814.0,814.0,0.0,0
PILRB,IDH_Mutant,tumor,AC_like_tumor,0.0,1.0,0.0,0.0,0.0,0.0,0.0,0.0,0.0,0.0,0.0,0.0,0.0,0.0,0.0,0.0,0.0,0.0,0.0,0.0,0.0,0.0,0.0,0.0,0.0,0.0,0.0,0.0,0.0,0.0,0.0,0.0,0.0,0.0,0.0,72549.0,446.0,446.0,0.0,0
PILRB,IDH_Mutant,tumor,OPC_GABA_AC_like_tumor,0.0,1.0,0.0,0.0,0.0,0.0,0.0,0.0,0.0,0.0,0.0,0.0,0.0,0.0,0.0,0.0,0.0,0.0,0.0,0.0,0.0,0.0,0.0,0.0,0.0,0.0,0.0,0.0,0.0,0.0,0.0,0.0,0.0,0.0,0.0,6202.0,1012.0,1012.0,0.0,0
PILRB,IDH_Mutant,tumor,OPC_GABA_like_tumor,0.0,1.0,0.0,0.0,0.0,0.0,0.0,0.0,0.0,0.0,0.0,0.0,0.0,0.0,0.0,0.0,0.0,0.0,0.0,0.0,0.0,0.0,0.0,0.0,0.0,0.0,0.0,0.0,0.0,0.0,0.0,0.0,0.0,0.0,1.0051135037907433,6741.0,14114.0,6741.0,0.0,0
PILRB,IDH_Mutant,T_cell,T cell,0.0,1.0,0.0,0.0,0.0,0.0,0.0,0.0,0.0,0.0,0.0,0.0,0.0,0.0,0.0,0.0,0.0,0.0,0.0,0.0,0.0,0.0,0.0,0.0,0.0,0.0,0.0,0.0,0.0,0.0,0.0,0.0,0.0,0.0,0.0,2662.0,1463.0,1463.0,0.0,0
PILRB,IDH_Mutant,TAM_microglia,TAM1/TAM2/microglia,0.0,1.0,0.0,0.0,0.0,0.0,0.0,0.0,0.0,0.0,0.0,0.0,0.0,0.0,0.0,0.0,0.0,0.0,0.0,0.0,0.0,0.0,0.0,0.0,0.0,0.0,0.0,0.0,0.0,0.0,0.0,0.0,0.0,0.0,0.0,12086.0,25922.0,12086.0,0.0,0
PILRB,IDH_Mutant,tumor,cycling_tumor,0.0,1.0,7.0,0.0,7.0,2.0,0.0,7.0,7.0,0.0016564278310690797,0.0037171475539804,0.011594994817483557,0.0,0.0016564278310690797,0.0,0.0016564278310690797,0.0016564278310690797,1.0,1.0,4.0,1.0,3.0,4.0,0.0,0.0,0.0,0.0,0.0,0.0,0.0,0.0,0.0,0.0,0.0,1.8090647293403197,6410.0,814.0,814.0,0.0,0
PILRB,IDH_WT,tumor,AC_like_tumor,0.0,1.0,0.0,0.0,0.0,0.0,0.0,0.0,0.0,0.0,0.0,0.0,0.0,0.0,0.0,0.0,0.0,0.0,0.0,0.0,0.0,0.0,0.0,0.0,0.0,0.0,0.0,0.0,0.0,0.0,0.0,0.0,0.0,0.0,0.0,72549.0,446.0,446.0,0.0,0
PILRB,IDH_WT,tumor,OPC_GABA_AC_like_tumor,0.0,1.0,0.0,0.0,0.0,0.0,0.0,0.0,0.0,0.0,0.0,0.0,0.0,0.0,0.0,0.0,0.0,0.0,0.0,0.0,0.0,0.0,0.0,0.0,0.0,0.0,0.0,0.0,0.0,0.0,0.0,0.0,0.0,0.0,0.0,6202.0,1012.0,1012.0,0.0,0
PILRB,IDH_WT,tumor,OPC_GABA_like_tumor,0.0,1.0,0.0,0.0,0.0,0.0,0.0,0.0,0.0,0.0,0.0,0.0,0.0,0.0,0.0,0.0,0.0,0.0,0.0,0.0,0.0,0.0,0.0,1.0,1.0051135037907433,1.0051135037907433,1.0,0.0,90.86360947852387,27.741935483870968,0.254,0.069,-0.185,0.0,0.0,6741.0,14114.0,6741.0,0.0,0
PILRB,IDH_WT,T_cell,T cell,0.0,1.0,0.0,0.0,0.0,0.0,0.0,0.0,0.0,0.0,0.0,0.0,0.0,0.0,0.0,0.0,0.0,0.0,0.0,0.0,0.0,0.0,0.0,0.0,0.0,0.0,0.0,0.0,0.0,0.0,0.0,0.0,0.0,0.0,0.0,2662.0,1463.0,1463.0,0.0,0
PILRB,IDH_WT,TAM_microglia,TAM1/TAM2/microglia,0.0,1.0,0.0,0.0,0.0,0.0,0.0,0.0,0.0,0.0,0.0,0.0,0.0,0.0,0.0,0.0,0.0,0.0,0.0,0.0,0.0,0.0,0.0,0.0,0.0,0.0,0.0,0.0,0.0,0.0,0.0,0.0,0.0,0.0,0.0,12086.0,25922.0,12086.0,0.0,0
PILRB,IDH_WT,tumor,cycling_tumor,0.0,1.0,7.0,0.0,7.0,2.0,0.0,7.0,7.0,0.0016564278310690797,0.0037171475539804,0.011594994817483557,0.0,0.0016564278310690797,0.0,0.0016564278310690797,0.0016564278310690797,1.0,1.0,4.0,1.0,3.0,4.0,1.0,1.8090647293403197,1.8090647293403197,1.0,0.0,124.71699438149511,10.184331797235023,0.278,0.036,-0.24200000000000002,0.0,0.0,6410.0,814.0,814.0,0.0,0
PPIA,IDH_Mutant,tumor,AC_like_tumor,1.0,0.0,9.0,9.0,0.0,1.0,5.0,4.0,-1.0,0.048219189004845106,0.1186820423196334,0.43397270104360597,0.048219189004845106,0.0,0.047354067515262124,0.049300590866823854,0.0019465233515617297,1.0,1.0,1.0,4.0,4.0,5.0,0.0,0.0,0.0,0.0,0.0,0.0,0.0,0.0,0.0,0.0,0.0,0.0,72549.0,446.0,446.0,0.0,0
PPIA,IDH_Mutant,tumor,OPC_GABA_AC_like_tumor,1.0,0.0,10.0,10.0,0.0,2.0,5.0,5.0,0.0,0.04804807287943773,0.1265256391696476,0.48048072879437725,0.04804807287943773,0.0,0.05065245137616884,0.04544369438270662,-0.005208756993462217,1.0,1.0,1.0,4.0,5.0,5.0,0.0,0.0,0.0,0.0,0.0,0.0,0.0,0.0,0.0,0.0,0.0,0.0,6202.0,1012.0,1012.0,0.0,0
PPIA,IDH_Mutant,tumor,OPC_GABA_like_tumor,1.0,0.0,9.0,9.0,0.0,4.0,5.0,4.0,-1.0,0.046670473629039685,0.1147245041987962,0.4200342626613572,0.046670473629039685,0.0,0.04569856182183126,0.04788536338805023,0.0021868015662189697,1.0,1.0,1.0,4.0,4.0,5.0,0.0,0.0,0.0,0.0,0.0,0.0,0.0,0.0,0.0,0.0,0.0,0.0,6741.0,14114.0,6741.0,0.0,0
PPIA,IDH_Mutant,T_cell,T cell,1.0,0.0,7.0,7.0,0.0,0.0,3.0,4.0,1.0,0.044133901422716275,0.1059385738305193,0.3089373099590139,0.044133901422716275,0.0,0.039953822999187864,0.047268960240362576,0.0073151372411747115,1.0,1.0,1.0,3.0,4.0,3.0,0.0,0.0,0.0,0.0,0.0,0.0,0.0,0.0,0.0,0.0,0.0,0.4516688128334261,2662.0,1463.0,1463.0,0.0,0
PPIA,IDH_Mutant,TAM_microglia,TAM1/TAM2/microglia,1.0,0.0,7.0,7.0,0.0,0.0,4.0,3.0,-1.0,0.04184953839754515,0.0978378557322367,0.29294676878281606,0.04184953839754515,0.0,0.04352692999900875,0.03961301626226037,-0.0039139137367483826,1.0,1.0,1.0,3.0,3.0,4.0,1.0,-0.4132315534024129,0.4132315534024129,0.0,1.0,55.166869464907194,91.1538623094048,0.768,0.848,0.07999999999999996,1.0,0.367224250145898,12086.0,25922.0,12086.0,0.0,0
PPIA,IDH_Mutant,tumor,cycling_tumor,1.0,0.0,10.0,10.0,0.0,2.0,5.0,5.0,0.0,0.05412273350452988,0.1356608701322122,0.5412273350452989,0.05412273350452988,0.0,0.05372200729413305,0.054523459714926725,0.0008014524207936718,1.0,1.0,1.0,4.0,5.0,5.0,0.0,0.0,0.0,0.0,0.0,0.0,0.0,0.0,0.0,0.0,0.0,0.0,6410.0,814.0,814.0,0.0,0
PPIA,IDH_WT,tumor,AC_like_tumor,1.0,0.0,9.0,9.0,0.0,1.0,5.0,4.0,-1.0,0.048219189004845106,0.1186820423196334,0.43397270104360597,0.048219189004845106,0.0,0.047354067515262124,0.049300590866823854,0.0019465233515617297,1.0,1.0,1.0,4.0,4.0,5.0,0.0,0.0,0.0,0.0,0.0,0.0,0.0,0.0,0.0,0.0,0.0,0.0,72549.0,446.0,446.0,0.0,0
PPIA,IDH_WT,tumor,OPC_GABA_AC_like_tumor,1.0,0.0,10.0,10.0,0.0,2.0,5.0,5.0,0.0,0.04804807287943773,0.1265256391696476,0.48048072879437725,0.04804807287943773,0.0,0.05065245137616884,0.04544369438270662,-0.005208756993462217,1.0,1.0,1.0,4.0,5.0,5.0,0.0,0.0,0.0,0.0,0.0,0.0,0.0,0.0,0.0,0.0,0.0,0.0,6202.0,1012.0,1012.0,0.0,0
PPIA,IDH_WT,tumor,OPC_GABA_like_tumor,1.0,0.0,9.0,9.0,0.0,4.0,5.0,4.0,-1.0,0.046670473629039685,0.1147245041987962,0.4200342626613572,0.046670473629039685,0.0,0.04569856182183126,0.04788536338805023,0.0021868015662189697,1.0,1.0,1.0,4.0,4.0,5.0,0.0,0.0,0.0,0.0,0.0,0.0,0.0,0.0,0.0,0.0,0.0,0.0,6741.0,14114.0,6741.0,0.0,0
PPIA,IDH_WT,T_cell,T cell,1.0,0.0,7.0,7.0,0.0,0.0,3.0,4.0,1.0,0.044133901422716275,0.1059385738305193,0.3089373099590139,0.044133901422716275,0.0,0.039953822999187864,0.047268960240362576,0.0073151372411747115,1.0,1.0,1.0,3.0,4.0,3.0,1.0,0.4516688128334261,0.4516688128334261,1.0,0.0,13.342026310558602,39.94283672740264,0.787,0.688,-0.09900000000000009,0.0,0.0,2662.0,1463.0,1463.0,0.0,0
PPIA,IDH_WT,TAM_microglia,TAM1/TAM2/microglia,1.0,0.0,7.0,7.0,0.0,0.0,4.0,3.0,-1.0,0.04184953839754515,0.0978378557322367,0.29294676878281606,0.04184953839754515,0.0,0.04352692999900875,0.03961301626226037,-0.0039139137367483826,1.0,1.0,1.0,3.0,3.0,4.0,1.0,-0.367224250145898,0.367224250145898,0.0,1.0,32.65124251150428,22.064142753797928,0.835,0.842,0.007000000000000006,1.0,0.4132315534024129,12086.0,25922.0,12086.0,0.0,0
PPIA,IDH_WT,tumor,cycling_tumor,1.0,0.0,10.0,10.0,0.0,2.0,5.0,5.0,0.0,0.05412273350452988,0.1356608701322122,0.5412273350452989,0.05412273350452988,0.0,0.05372200729413305,0.054523459714926725,0.0008014524207936718,1.0,1.0,1.0,4.0,5.0,5.0,0.0,0.0,0.0,0.0,0.0,0.0,0.0,0.0,0.0,0.0,0.0,0.0,6410.0,814.0,814.0,0.0,0
PSAP,IDH_Mutant,tumor,AC_like_tumor,1.0,0.0,2.0,2.0,0.0,0.0,1.0,1.0,0.0,0.0018567956874288999,0.0021302161985696,0.0037135913748577998,0.0018567956874288999,0.0,0.0021302161985696,0.0015833751762882,-0.0005468410222814,1.0,1.0,1.0,1.0,1.0,1.0,0.0,0.0,0.0,0.0,0.0,0.0,0.0,0.0,0.0,0.0,0.0,0.0,72549.0,446.0,446.0,0.0,0
PSAP,IDH_Mutant,tumor,OPC_GABA_AC_like_tumor,1.0,0.0,0.0,0.0,0.0,0.0,0.0,0.0,0.0,0.0,0.0,0.0,0.0,0.0,0.0,0.0,0.0,0.0,0.0,0.0,0.0,0.0,0.0,0.0,0.0,0.0,0.0,0.0,0.0,0.0,0.0,0.0,0.0,0.0,0.0,6202.0,1012.0,1012.0,0.0,0
PSAP,IDH_Mutant,tumor,OPC_GABA_like_tumor,1.0,0.0,2.0,2.0,0.0,2.0,1.0,1.0,0.0,0.0019001285955775999,0.0022598039211921,0.0038002571911551998,0.0019001285955775999,0.0,0.0022598039211921,0.0015404532699631,-0.0007193506512289999,1.0,1.0,1.0,1.0,1.0,1.0,1.0,-1.3612885720879864,1.3612885720879864,0.0,1.0,150.07892328767193,87.62594223449511,0.449,0.698,0.24899999999999994,0.0,0.0,6741.0,14114.0,6741.0,0.0,0
PSAP,IDH_Mutant,T_cell,T cell,1.0,0.0,0.0,0.0,0.0,0.0,0.0,0.0,0.0,0.0,0.0,0.0,0.0,0.0,0.0,0.0,0.0,0.0,0.0,0.0,0.0,0.0,0.0,0.0,0.0,0.0,0.0,0.0,0.0,0.0,0.0,0.0,0.0,0.0,0.0,2662.0,1463.0,1463.0,0.0,0
PSAP,IDH_Mutant,TAM_microglia,TAM1/TAM2/microglia,1.0,0.0,2.0,2.0,0.0,0.0,1.0,1.0,0.0,0.0097178938974877,0.0103328573239385,0.0194357877949754,0.0097178938974877,0.0,0.0103328573239385,0.0091029304710369,-0.0012299268529015993,1.0,1.0,1.0,1.0,1.0,1.0,1.0,-0.2812494639765921,0.2812494639765921,0.0,1.0,11.093660131024475,91.1538623094048,0.799,0.832,0.03299999999999992,0.0,0.0,12086.0,25922.0,12086.0,0.0,0
PSAP,IDH_Mutant,tumor,cycling_tumor,1.0,0.0,2.0,2.0,0.0,0.0,1.0,1.0,0.0,0.0017510849844291,0.0023740659443612,0.0035021699688582,0.0017510849844291,0.0,0.0023740659443612,0.001128104024497,-0.0012459619198642003,1.0,1.0,1.0,1.0,1.0,1.0,1.0,-2.436264167218373,2.436264167218373,0.0,1.0,2.305200049796671,33.49753694581281,0.39,0.519,0.129,0.0,0.0,6410.0,814.0,814.0,0.0,0
PSAP,IDH_WT,tumor,AC_like_tumor,1.0,0.0,2.0,2.0,0.0,0.0,1.0,1.0,0.0,0.0018567956874288999,0.0021302161985696,0.0037135913748577998,0.0018567956874288999,0.0,0.0021302161985696,0.0015833751762882,-0.0005468410222814,1.0,1.0,1.0,1.0,1.0,1.0,0.0,0.0,0.0,0.0,0.0,0.0,0.0,0.0,0.0,0.0,0.0,0.0,72549.0,446.0,446.0,0.0,0
PSAP,IDH_WT,tumor,OPC_GABA_AC_like_tumor,1.0,0.0,0.0,0.0,0.0,0.0,0.0,0.0,0.0,0.0,0.0,0.0,0.0,0.0,0.0,0.0,0.0,0.0,0.0,0.0,0.0,0.0,0.0,0.0,0.0,0.0,0.0,0.0,0.0,0.0,0.0,0.0,0.0,0.0,0.0,6202.0,1012.0,1012.0,0.0,0
PSAP,IDH_WT,tumor,OPC_GABA_like_tumor,1.0,0.0,2.0,2.0,0.0,2.0,1.0,1.0,0.0,0.0019001285955775999,0.0022598039211921,0.0038002571911551998,0.0019001285955775999,0.0,0.0022598039211921,0.0015404532699631,-0.0007193506512289999,1.0,1.0,1.0,1.0,1.0,1.0,0.0,0.0,0.0,0.0,0.0,0.0,0.0,0.0,0.0,0.0,0.0,1.3612885720879864,6741.0,14114.0,6741.0,0.0,0
PSAP,IDH_WT,T_cell,T cell,1.0,0.0,0.0,0.0,0.0,0.0,0.0,0.0,0.0,0.0,0.0,0.0,0.0,0.0,0.0,0.0,0.0,0.0,0.0,0.0,0.0,0.0,0.0,0.0,0.0,0.0,0.0,0.0,0.0,0.0,0.0,0.0,0.0,0.0,0.0,2662.0,1463.0,1463.0,0.0,0
PSAP,IDH_WT,TAM_microglia,TAM1/TAM2/microglia,1.0,0.0,2.0,2.0,0.0,0.0,1.0,1.0,0.0,0.0097178938974877,0.0103328573239385,0.0194357877949754,0.0097178938974877,0.0,0.0103328573239385,0.0091029304710369,-0.0012299268529015993,1.0,1.0,1.0,1.0,1.0,1.0,0.0,0.0,0.0,0.0,0.0,0.0,0.0,0.0,0.0,0.0,0.0,0.2812494639765921,12086.0,25922.0,12086.0,0.0,0
PSAP,IDH_WT,tumor,cycling_tumor,1.0,0.0,2.0,2.0,0.0,0.0,1.0,1.0,0.0,0.0017510849844291,0.0023740659443612,0.0035021699688582,0.0017510849844291,0.0,0.0023740659443612,0.001128104024497,-0.0012459619198642003,1.0,1.0,1.0,1.0,1.0,1.0,0.0,0.0,0.0,0.0,0.0,0.0,0.0,0.0,0.0,0.0,0.0,2.436264167218373,6410.0,814.0,814.0,0.0,0
PTGER4,IDH_Mutant,tumor,AC_like_tumor,0.0,1.0,0.0,0.0,0.0,0.0,0.0,0.0,0.0,0.0,0.0,0.0,0.0,0.0,0.0,0.0,0.0,0.0,0.0,0.0,0.0,0.0,0.0,0.0,0.0,0.0,0.0,0.0,0.0,0.0,0.0,0.0,0.0,0.0,0.0,72549.0,446.0,446.0,0.0,0
PTGER4,IDH_Mutant,tumor,OPC_GABA_AC_like_tumor,0.0,1.0,0.0,0.0,0.0,0.0,0.0,0.0,0.0,0.0,0.0,0.0,0.0,0.0,0.0,0.0,0.0,0.0,0.0,0.0,0.0,0.0,0.0,0.0,0.0,0.0,0.0,0.0,0.0,0.0,0.0,0.0,0.0,0.0,0.0,6202.0,1012.0,1012.0,0.0,0
PTGER4,IDH_Mutant,tumor,OPC_GABA_like_tumor,0.0,1.0,0.0,0.0,0.0,0.0,0.0,0.0,0.0,0.0,0.0,0.0,0.0,0.0,0.0,0.0,0.0,0.0,0.0,0.0,0.0,0.0,0.0,0.0,0.0,0.0,0.0,0.0,0.0,0.0,0.0,0.0,0.0,0.0,0.0,6741.0,14114.0,6741.0,0.0,0
PTGER4,IDH_Mutant,T_cell,T cell,0.0,1.0,0.0,0.0,0.0,0.0,0.0,0.0,0.0,0.0,0.0,0.0,0.0,0.0,0.0,0.0,0.0,0.0,0.0,0.0,0.0,0.0,0.0,0.0,0.0,0.0,0.0,0.0,0.0,0.0,0.0,0.0,0.0,0.0,1.0150101641759006,2662.0,1463.0,1463.0,0.0,0
PTGER4,IDH_Mutant,TAM_microglia,TAM1/TAM2/microglia,0.0,1.0,14.0,0.0,14.0,2.0,0.0,14.0,14.0,0.0057523660417539,0.0142202862652484,0.0805331245845546,0.0,0.0057523660417539,0.0,0.0057523660417539,0.0057523660417539,1.0,2.0,7.0,1.0,7.0,7.0,0.0,0.0,0.0,0.0,0.0,0.0,0.0,0.0,0.0,0.0,0.0,0.7164989116131302,12086.0,25922.0,12086.0,0.0,0
PTGER4,IDH_Mutant,tumor,cycling_tumor,0.0,1.0,0.0,0.0,0.0,0.0,0.0,0.0,0.0,0.0,0.0,0.0,0.0,0.0,0.0,0.0,0.0,0.0,0.0,0.0,0.0,0.0,0.0,0.0,0.0,0.0,0.0,0.0,0.0,0.0,0.0,0.0,0.0,0.0,0.0,6410.0,814.0,814.0,0.0,0
PTGER4,IDH_WT,tumor,AC_like_tumor,0.0,1.0,0.0,0.0,0.0,0.0,0.0,0.0,0.0,0.0,0.0,0.0,0.0,0.0,0.0,0.0,0.0,0.0,0.0,0.0,0.0,0.0,0.0,0.0,0.0,0.0,0.0,0.0,0.0,0.0,0.0,0.0,0.0,0.0,0.0,72549.0,446.0,446.0,0.0,0
PTGER4,IDH_WT,tumor,OPC_GABA_AC_like_tumor,0.0,1.0,0.0,0.0,0.0,0.0,0.0,0.0,0.0,0.0,0.0,0.0,0.0,0.0,0.0,0.0,0.0,0.0,0.0,0.0,0.0,0.0,0.0,0.0,0.0,0.0,0.0,0.0,0.0,0.0,0.0,0.0,0.0,0.0,0.0,6202.0,1012.0,1012.0,0.0,0
PTGER4,IDH_WT,tumor,OPC_GABA_like_tumor,0.0,1.0,0.0,0.0,0.0,0.0,0.0,0.0,0.0,0.0,0.0,0.0,0.0,0.0,0.0,0.0,0.0,0.0,0.0,0.0,0.0,0.0,0.0,0.0,0.0,0.0,0.0,0.0,0.0,0.0,0.0,0.0,0.0,0.0,0.0,6741.0,14114.0,6741.0,0.0,0
PTGER4,IDH_WT,T_cell,T cell,0.0,1.0,0.0,0.0,0.0,0.0,0.0,0.0,0.0,0.0,0.0,0.0,0.0,0.0,0.0,0.0,0.0,0.0,0.0,0.0,0.0,0.0,0.0,1.0,-1.0150101641759006,1.0150101641759006,0.0,1.0,2.7069500239619932,39.94283672740264,0.076,0.142,0.06599999999999999,0.0,0.0,2662.0,1463.0,1463.0,0.0,0
PTGER4,IDH_WT,TAM_microglia,TAM1/TAM2/microglia,0.0,1.0,14.0,0.0,14.0,2.0,0.0,14.0,14.0,0.0057523660417539,0.0142202862652484,0.0805331245845546,0.0,0.0057523660417539,0.0,0.0057523660417539,0.0057523660417539,1.0,2.0,7.0,1.0,7.0,7.0,1.0,0.7164989116131302,0.7164989116131302,1.0,0.0,45.615669939247255,22.064142753797928,0.33,0.195,-0.135,0.0,0.0,12086.0,25922.0,12086.0,0.0,0
PTGER4,IDH_WT,tumor,cycling_tumor,0.0,1.0,0.0,0.0,0.0,0.0,0.0,0.0,0.0,0.0,0.0,0.0,0.0,0.0,0.0,0.0,0.0,0.0,0.0,0.0,0.0,0.0,0.0,0.0,0.0,0.0,0.0,0.0,0.0,0.0,0.0,0.0,0.0,0.0,0.0,6410.0,814.0,814.0,0.0,0
PTGES2,IDH_Mutant,tumor,AC_like_tumor,1.0,0.0,0.0,0.0,0.0,0.0,0.0,0.0,0.0,0.0,0.0,0.0,0.0,0.0,0.0,0.0,0.0,0.0,0.0,0.0,0.0,0.0,0.0,1.0,1.0875593556585337,1.0875593556585337,1.0,0.0,2.558557645756527,6.244483671668138,0.177,0.083,-0.09399999999999999,0.0,0.0,72549.0,446.0,446.0,0.0,0
PTGES2,IDH_Mutant,tumor,OPC_GABA_AC_like_tumor,1.0,0.0,0.0,0.0,0.0,0.0,0.0,0.0,0.0,0.0,0.0,0.0,0.0,0.0,0.0,0.0,0.0,0.0,0.0,0.0,0.0,0.0,0.0,0.0,0.0,0.0,0.0,0.0,0.0,0.0,0.0,0.0,0.0,0.0,0.0,6202.0,1012.0,1012.0,0.0,0
PTGES2,IDH_Mutant,tumor,OPC_GABA_like_tumor,1.0,0.0,0.0,0.0,0.0,0.0,0.0,0.0,0.0,0.0,0.0,0.0,0.0,0.0,0.0,0.0,0.0,0.0,0.0,0.0,0.0,0.0,0.0,1.0,0.5203070980984175,0.5203070980984175,1.0,0.0,4.752674253474743,87.62594223449511,0.214,0.153,-0.061,1.0,0.6897206684758025,6741.0,14114.0,6741.0,0.0,0
PTGES2,IDH_Mutant,T_cell,T cell,1.0,0.0,0.0,0.0,0.0,0.0,0.0,0.0,0.0,0.0,0.0,0.0,0.0,0.0,0.0,0.0,0.0,0.0,0.0,0.0,0.0,0.0,0.0,0.0,0.0,0.0,0.0,0.0,0.0,0.0,0.0,0.0,0.0,0.0,0.0,2662.0,1463.0,1463.0,0.0,0
PTGES2,IDH_Mutant,TAM_microglia,TAM1/TAM2/microglia,1.0,0.0,0.0,0.0,0.0,0.0,0.0,0.0,0.0,0.0,0.0,0.0,0.0,0.0,0.0,0.0,0.0,0.0,0.0,0.0,0.0,0.0,0.0,0.0,0.0,0.0,0.0,0.0,0.0,0.0,0.0,0.0,0.0,0.0,0.0,12086.0,25922.0,12086.0,0.0,0
PTGES2,IDH_Mutant,tumor,cycling_tumor,1.0,0.0,1.0,1.0,0.0,0.0,0.0,1.0,1.0,0.0010258920066067,0.0010258920066067,0.0010258920066067,0.0010258920066067,0.0,0.0,0.0010258920066067,0.0010258920066067,1.0,1.0,1.0,1.0,1.0,0.0,0.0,0.0,0.0,0.0,0.0,0.0,0.0,0.0,0.0,0.0,0.0,0.91692452860917,6410.0,814.0,814.0,0.0,0
PTGES2,IDH_WT,tumor,AC_like_tumor,1.0,0.0,0.0,0.0,0.0,0.0,0.0,0.0,0.0,0.0,0.0,0.0,0.0,0.0,0.0,0.0,0.0,0.0,0.0,0.0,0.0,0.0,0.0,0.0,0.0,0.0,0.0,0.0,0.0,0.0,0.0,0.0,0.0,0.0,1.0875593556585337,72549.0,446.0,446.0,0.0,0
PTGES2,IDH_WT,tumor,OPC_GABA_AC_like_tumor,1.0,0.0,0.0,0.0,0.0,0.0,0.0,0.0,0.0,0.0,0.0,0.0,0.0,0.0,0.0,0.0,0.0,0.0,0.0,0.0,0.0,0.0,0.0,0.0,0.0,0.0,0.0,0.0,0.0,0.0,0.0,0.0,0.0,0.0,0.0,6202.0,1012.0,1012.0,0.0,0
PTGES2,IDH_WT,tumor,OPC_GABA_like_tumor,1.0,0.0,0.0,0.0,0.0,0.0,0.0,0.0,0.0,0.0,0.0,0.0,0.0,0.0,0.0,0.0,0.0,0.0,0.0,0.0,0.0,0.0,0.0,1.0,0.6897206684758025,0.6897206684758025,1.0,0.0,95.1186861057939,27.741935483870968,0.324,0.1,-0.224,1.0,0.5203070980984175,6741.0,14114.0,6741.0,0.0,0
PTGES2,IDH_WT,T_cell,T cell,1.0,0.0,0.0,0.0,0.0,0.0,0.0,0.0,0.0,0.0,0.0,0.0,0.0,0.0,0.0,0.0,0.0,0.0,0.0,0.0,0.0,0.0,0.0,0.0,0.0,0.0,0.0,0.0,0.0,0.0,0.0,0.0,0.0,0.0,0.0,2662.0,1463.0,1463.0,0.0,0
PTGES2,IDH_WT,TAM_microglia,TAM1/TAM2/microglia,1.0,0.0,0.0,0.0,0.0,0.0,0.0,0.0,0.0,0.0,0.0,0.0,0.0,0.0,0.0,0.0,0.0,0.0,0.0,0.0,0.0,0.0,0.0,0.0,0.0,0.0,0.0,0.0,0.0,0.0,0.0,0.0,0.0,0.0,0.0,12086.0,25922.0,12086.0,0.0,0
PTGES2,IDH_WT,tumor,cycling_tumor,1.0,0.0,1.0,1.0,0.0,0.0,0.0,1.0,1.0,0.0010258920066067,0.0010258920066067,0.0010258920066067,0.0010258920066067,0.0,0.0,0.0010258920066067,0.0010258920066067,1.0,1.0,1.0,1.0,1.0,0.0,1.0,0.91692452860917,0.91692452860917,1.0,0.0,108.21754135330681,10.184331797235023,0.341,0.062,-0.279,0.0,0.0,6410.0,814.0,814.0,0.0,0
PTGES3,IDH_Mutant,tumor,AC_like_tumor,1.0,0.0,2.0,2.0,0.0,0.0,1.0,1.0,0.0,0.0054116476705227,0.0074110138974112,0.0108232953410454,0.0054116476705227,0.0,0.0034122814436342,0.0074110138974112,0.003998732453777,1.0,1.0,1.0,1.0,1.0,1.0,0.0,0.0,0.0,0.0,0.0,0.0,0.0,0.0,0.0,0.0,0.0,0.0,72549.0,446.0,446.0,0.0,0
PTGES3,IDH_Mutant,tumor,OPC_GABA_AC_like_tumor,1.0,0.0,2.0,2.0,0.0,0.0,1.0,1.0,0.0,0.00599865319317245,0.0083171818782097,0.0119973063863449,0.00599865319317245,0.0,0.0036801245081352,0.0083171818782097,0.004637057370074499,1.0,1.0,1.0,1.0,1.0,1.0,0.0,0.0,0.0,0.0,0.0,0.0,0.0,0.0,0.0,0.0,0.0,1.0975112537670988,6202.0,1012.0,1012.0,0.0,0
PTGES3,IDH_Mutant,tumor,OPC_GABA_like_tumor,1.0,0.0,2.0,2.0,0.0,0.0,1.0,1.0,0.0,0.0067944103372843,0.0101086430064245,0.0135888206745686,0.0067944103372843,0.0,0.0034801776681441,0.0101086430064245,0.0066284653382804,1.0,1.0,1.0,1.0,1.0,1.0,0.0,0.0,0.0,0.0,0.0,0.0,0.0,0.0,0.0,0.0,0.0,0.5399867921172341,6741.0,14114.0,6741.0,0.0,0
PTGES3,IDH_Mutant,T_cell,T cell,1.0,0.0,2.0,2.0,0.0,0.0,1.0,1.0,0.0,0.00361958430436245,0.0036836510154045,0.0072391686087249,0.00361958430436245,0.0,0.0036836510154045,0.0035555175933204,-0.0001281334220841002,1.0,1.0,1.0,1.0,1.0,1.0,0.0,0.0,0.0,0.0,0.0,0.0,0.0,0.0,0.0,0.0,0.0,0.0,2662.0,1463.0,1463.0,0.0,0
PTGES3,IDH_Mutant,TAM_microglia,TAM1/TAM2/microglia,1.0,0.0,2.0,2.0,0.0,2.0,1.0,1.0,0.0,0.00699289006561315,0.0070705546616578,0.0139857801312263,0.00699289006561315,0.0,0.0069152254695685,0.0070705546616578,0.00015532919208930025,1.0,1.0,1.0,1.0,1.0,1.0,0.0,0.0,0.0,0.0,0.0,0.0,0.0,0.0,0.0,0.0,0.0,0.0,12086.0,25922.0,12086.0,0.0,0
PTGES3,IDH_Mutant,tumor,cycling_tumor,1.0,0.0,2.0,2.0,0.0,0.0,1.0,1.0,0.0,0.0090526384523239,0.0142202862652484,0.0181052769046478,0.0090526384523239,0.0,0.0038849906393994,0.0142202862652484,0.010335295625849,1.0,1.0,1.0,1.0,1.0,1.0,0.0,0.0,0.0,0.0,0.0,0.0,0.0,0.0,0.0,0.0,0.0,0.6006606876266547,6410.0,814.0,814.0,0.0,0
PTGES3,IDH_WT,tumor,AC_like_tumor,1.0,0.0,2.0,2.0,0.0,0.0,1.0,1.0,0.0,0.0054116476705227,0.0074110138974112,0.0108232953410454,0.0054116476705227,0.0,0.0034122814436342,0.0074110138974112,0.003998732453777,1.0,1.0,1.0,1.0,1.0,1.0,0.0,0.0,0.0,0.0,0.0,0.0,0.0,0.0,0.0,0.0,0.0,0.0,72549.0,446.0,446.0,0.0,0
PTGES3,IDH_WT,tumor,OPC_GABA_AC_like_tumor,1.0,0.0,2.0,2.0,0.0,0.0,1.0,1.0,0.0,0.00599865319317245,0.0083171818782097,0.0119973063863449,0.00599865319317245,0.0,0.0036801245081352,0.0083171818782097,0.004637057370074499,1.0,1.0,1.0,1.0,1.0,1.0,1.0,1.0975112537670988,1.0975112537670988,1.0,0.0,17.78369834434546,3.0783078307830785,0.69,0.313,-0.37699999999999995,0.0,0.0,6202.0,1012.0,1012.0,0.0,0
PTGES3,IDH_WT,tumor,OPC_GABA_like_tumor,1.0,0.0,2.0,2.0,0.0,0.0,1.0,1.0,0.0,0.0067944103372843,0.0101086430064245,0.0135888206745686,0.0067944103372843,0.0,0.0034801776681441,0.0101086430064245,0.0066284653382804,1.0,1.0,1.0,1.0,1.0,1.0,1.0,0.5399867921172341,0.5399867921172341,1.0,0.0,98.23142148732953,27.741935483870968,0.84,0.427,-0.413,0.0,0.0,6741.0,14114.0,6741.0,0.0,0
PTGES3,IDH_WT,T_cell,T cell,1.0,0.0,2.0,2.0,0.0,0.0,1.0,1.0,0.0,0.00361958430436245,0.0036836510154045,0.0072391686087249,0.00361958430436245,0.0,0.0036836510154045,0.0035555175933204,-0.0001281334220841002,1.0,1.0,1.0,1.0,1.0,1.0,0.0,0.0,0.0,0.0,0.0,0.0,0.0,0.0,0.0,0.0,0.0,0.0,2662.0,1463.0,1463.0,0.0,0
PTGES3,IDH_WT,TAM_microglia,TAM1/TAM2/microglia,1.0,0.0,2.0,2.0,0.0,2.0,1.0,1.0,0.0,0.00699289006561315,0.0070705546616578,0.0139857801312263,0.00699289006561315,0.0,0.0069152254695685,0.0070705546616578,0.00015532919208930025,1.0,1.0,1.0,1.0,1.0,1.0,0.0,0.0,0.0,0.0,0.0,0.0,0.0,0.0,0.0,0.0,0.0,0.0,12086.0,25922.0,12086.0,0.0,0
PTGES3,IDH_WT,tumor,cycling_tumor,1.0,0.0,2.0,2.0,0.0,0.0,1.0,1.0,0.0,0.0090526384523239,0.0142202862652484,0.0181052769046478,0.0090526384523239,0.0,0.0038849906393994,0.0142202862652484,0.010335295625849,1.0,1.0,1.0,1.0,1.0,1.0,1.0,0.6006606876266547,0.6006606876266547,1.0,0.0,51.20752449890364,10.184331797235023,0.925,0.502,-0.42300000000000004,0.0,0.0,6410.0,814.0,814.0,0.0,0
PTN,IDH_Mutant,tumor,AC_like_tumor,1.0,0.0,29.0,29.0,0.0,6.0,17.0,12.0,-5.0,0.12107655797708906,0.2396805306048765,3.511220181335583,0.12107655797708906,0.0,0.1351480263224207,0.10114197782120256,-0.03400604850121815,1.0,3.0,1.0,5.0,15.0,14.0,0.0,0.0,0.0,0.0,0.0,0.0,0.0,0.0,0.0,0.0,0.0,0.0,72549.0,446.0,446.0,0.0,1
PTN,IDH_Mutant,tumor,OPC_GABA_AC_like_tumor,1.0,0.0,29.0,29.0,0.0,5.0,17.0,12.0,-5.0,0.12399226609018335,0.2435689856404543,3.595775716615317,0.12399226609018335,0.0,0.1375733614182705,0.10475238104205982,-0.03282098037621069,1.0,3.0,1.0,5.0,15.0,14.0,0.0,0.0,0.0,0.0,0.0,0.0,0.0,0.0,0.0,0.0,0.0,0.0,6202.0,1012.0,1012.0,0.0,1
PTN,IDH_Mutant,tumor,OPC_GABA_like_tumor,1.0,0.0,34.0,34.0,0.0,8.0,17.0,17.0,0.0,0.1188353571612105,0.2305449409125061,4.040402143481157,0.1188353571612105,0.0,0.12948324995305538,0.1081874643693656,-0.021295785583689775,1.0,3.0,1.0,5.0,17.0,17.0,0.0,0.0,0.0,0.0,0.0,0.0,0.0,0.0,0.0,0.0,0.0,0.7469822389516407,6741.0,14114.0,6741.0,0.0,1
PTN,IDH_Mutant,T_cell,T cell,1.0,0.0,2.0,2.0,0.0,0.0,0.0,2.0,2.0,0.0213998994445401,0.0410665978377485,0.0427997988890802,0.0213998994445401,0.0,0.0,0.0213998994445401,0.0213998994445401,1.0,2.0,1.0,2.0,2.0,0.0,0.0,0.0,0.0,0.0,0.0,0.0,0.0,0.0,0.0,0.0,0.0,1.3269534362612545,2662.0,1463.0,1463.0,0.0,0
PTN,IDH_Mutant,TAM_microglia,TAM1/TAM2/microglia,1.0,0.0,1.0,1.0,0.0,0.0,1.0,0.0,-1.0,0.0010558520129411,0.0010558520129411,0.0010558520129411,0.0010558520129411,0.0,0.0010558520129411,0.0,-0.0010558520129411,1.0,1.0,1.0,1.0,0.0,1.0,0.0,0.0,0.0,0.0,0.0,0.0,0.0,0.0,0.0,0.0,0.0,0.0,12086.0,25922.0,12086.0,0.0,0
PTN,IDH_Mutant,tumor,cycling_tumor,1.0,0.0,35.0,35.0,0.0,10.0,17.0,18.0,1.0,0.12375513685284249,0.2619954091305924,4.331429789849487,0.12375513685284249,0.0,0.10203958540382597,0.14426426877691365,0.04222468337308767,1.0,3.0,1.0,5.0,17.0,18.0,1.0,3.4586284775785563,3.4586284775785563,1.0,0.0,52.05251881221618,33.49753694581281,0.926,0.089,-0.8370000000000001,1.0,0.9780783020521522,6410.0,814.0,814.0,0.0,1
PTN,IDH_WT,tumor,AC_like_tumor,1.0,0.0,29.0,29.0,0.0,6.0,17.0,12.0,-5.0,0.12107655797708906,0.2396805306048765,3.511220181335583,0.12107655797708906,0.0,0.1351480263224207,0.10114197782120256,-0.03400604850121815,1.0,3.0,1.0,5.0,15.0,14.0,0.0,0.0,0.0,0.0,0.0,0.0,0.0,0.0,0.0,0.0,0.0,0.0,72549.0,446.0,446.0,0.0,1
PTN,IDH_WT,tumor,OPC_GABA_AC_like_tumor,1.0,0.0,29.0,29.0,0.0,5.0,17.0,12.0,-5.0,0.12399226609018335,0.2435689856404543,3.595775716615317,0.12399226609018335,0.0,0.1375733614182705,0.10475238104205982,-0.03282098037621069,1.0,3.0,1.0,5.0,15.0,14.0,0.0,0.0,0.0,0.0,0.0,0.0,0.0,0.0,0.0,0.0,0.0,0.0,6202.0,1012.0,1012.0,0.0,1
PTN,IDH_WT,tumor,OPC_GABA_like_tumor,1.0,0.0,34.0,34.0,0.0,8.0,17.0,17.0,0.0,0.1188353571612105,0.2305449409125061,4.040402143481157,0.1188353571612105,0.0,0.12948324995305538,0.1081874643693656,-0.021295785583689775,1.0,3.0,1.0,5.0,17.0,17.0,1.0,0.7469822389516407,0.7469822389516407,1.0,0.0,139.8483440448737,27.741935483870968,0.988,0.896,-0.09199999999999997,0.0,0.0,6741.0,14114.0,6741.0,0.0,1
PTN,IDH_WT,T_cell,T cell,1.0,0.0,2.0,2.0,0.0,0.0,0.0,2.0,2.0,0.0213998994445401,0.0410665978377485,0.0427997988890802,0.0213998994445401,0.0,0.0,0.0213998994445401,0.0213998994445401,1.0,2.0,1.0,2.0,2.0,0.0,1.0,1.3269534362612545,1.3269534362612545,1.0,0.0,16.507693913022326,39.94283672740264,0.333,0.184,-0.14900000000000002,0.0,0.0,2662.0,1463.0,1463.0,0.0,0
PTN,IDH_WT,TAM_microglia,TAM1/TAM2/microglia,1.0,0.0,1.0,1.0,0.0,0.0,1.0,0.0,-1.0,0.0010558520129411,0.0010558520129411,0.0010558520129411,0.0010558520129411,0.0,0.0010558520129411,0.0,-0.0010558520129411,1.0,1.0,1.0,1.0,0.0,1.0,0.0,0.0,0.0,0.0,0.0,0.0,0.0,0.0,0.0,0.0,0.0,0.0,12086.0,25922.0,12086.0,0.0,0
PTN,IDH_WT,tumor,cycling_tumor,1.0,0.0,35.0,35.0,0.0,10.0,17.0,18.0,1.0,0.12375513685284249,0.2619954091305924,4.331429789849487,0.12375513685284249,0.0,0.10203958540382597,0.14426426877691365,0.04222468337308767,1.0,3.0,1.0,5.0,17.0,18.0,1.0,0.9780783020521522,0.9780783020521522,1.0,0.0,87.89866688909946,10.184331797235023,0.985,0.716,-0.269,1.0,3.4586284775785563,6410.0,814.0,814.0,0.0,1
PTPRC,IDH_Mutant,tumor,AC_like_tumor,1.0,1.0,0.0,0.0,0.0,0.0,0.0,0.0,0.0,0.0,0.0,0.0,0.0,0.0,0.0,0.0,0.0,0.0,0.0,0.0,0.0,0.0,0.0,0.0,0.0,0.0,0.0,0.0,0.0,0.0,0.0,0.0,0.0,0.0,0.0,72549.0,446.0,446.0,0.0,0
PTPRC,IDH_Mutant,tumor,OPC_GABA_AC_like_tumor,1.0,1.0,0.0,0.0,0.0,0.0,0.0,0.0,0.0,0.0,0.0,0.0,0.0,0.0,0.0,0.0,0.0,0.0,0.0,0.0,0.0,0.0,0.0,0.0,0.0,0.0,0.0,0.0,0.0,0.0,0.0,0.0,0.0,0.0,0.0,6202.0,1012.0,1012.0,0.0,0
PTPRC,IDH_Mutant,tumor,OPC_GABA_like_tumor,1.0,1.0,0.0,0.0,0.0,0.0,0.0,0.0,0.0,0.0,0.0,0.0,0.0,0.0,0.0,0.0,0.0,0.0,0.0,0.0,0.0,0.0,0.0,0.0,0.0,0.0,0.0,0.0,0.0,0.0,0.0,0.0,0.0,0.0,0.0,6741.0,14114.0,6741.0,0.0,0
PTPRC,IDH_Mutant,T_cell,T cell,1.0,1.0,4.0,2.0,2.0,0.0,2.0,2.0,0.0,0.015650702062507026,0.0190396652672054,0.0626028082500281,0.01692694843441475,0.014374455690599301,0.017606419054451802,0.01369498507056225,-0.003911433983889552,2.0,2.0,2.0,2.0,2.0,2.0,1.0,-0.6311738239259213,0.6311738239259213,0.0,1.0,5.434409448048717,26.19607843137255,0.728,0.818,0.08999999999999997,1.0,0.7666020759789496,2662.0,1463.0,1463.0,0.0,0
PTPRC,IDH_Mutant,TAM_microglia,TAM1/TAM2/microglia,1.0,1.0,4.0,2.0,2.0,4.0,2.0,2.0,0.0,0.01200059842780445,0.0145823282133185,0.0480023937112178,0.012982861724809,0.0110183351307999,0.010520814523094349,0.01348038233251455,0.0029595678094202008,2.0,2.0,1.0,1.0,2.0,2.0,0.0,0.0,0.0,0.0,0.0,0.0,0.0,0.0,0.0,0.0,0.0,0.5505794805630595,12086.0,25922.0,12086.0,0.0,0
PTPRC,IDH_Mutant,tumor,cycling_tumor,1.0,1.0,0.0,0.0,0.0,0.0,0.0,0.0,0.0,0.0,0.0,0.0,0.0,0.0,0.0,0.0,0.0,0.0,0.0,0.0,0.0,0.0,0.0,1.0,-5.517572124585554,5.517572124585554,0.0,1.0,6.292604876961501,33.49753694581281,0.022,0.307,0.285,1.0,5.81135211004621,6410.0,814.0,814.0,0.0,0
PTPRC,IDH_WT,tumor,AC_like_tumor,1.0,1.0,0.0,0.0,0.0,0.0,0.0,0.0,0.0,0.0,0.0,0.0,0.0,0.0,0.0,0.0,0.0,0.0,0.0,0.0,0.0,0.0,0.0,0.0,0.0,0.0,0.0,0.0,0.0,0.0,0.0,0.0,0.0,0.0,0.0,72549.0,446.0,446.0,0.0,0
PTPRC,IDH_WT,tumor,OPC_GABA_AC_like_tumor,1.0,1.0,0.0,0.0,0.0,0.0,0.0,0.0,0.0,0.0,0.0,0.0,0.0,0.0,0.0,0.0,0.0,0.0,0.0,0.0,0.0,0.0,0.0,0.0,0.0,0.0,0.0,0.0,0.0,0.0,0.0,0.0,0.0,0.0,0.0,6202.0,1012.0,1012.0,0.0,0
PTPRC,IDH_WT,tumor,OPC_GABA_like_tumor,1.0,1.0,0.0,0.0,0.0,0.0,0.0,0.0,0.0,0.0,0.0,0.0,0.0,0.0,0.0,0.0,0.0,0.0,0.0,0.0,0.0,0.0,0.0,0.0,0.0,0.0,0.0,0.0,0.0,0.0,0.0,0.0,0.0,0.0,0.0,6741.0,14114.0,6741.0,0.0,0
PTPRC,IDH_WT,T_cell,T cell,1.0,1.0,4.0,2.0,2.0,0.0,2.0,2.0,0.0,0.015650702062507026,0.0190396652672054,0.0626028082500281,0.01692694843441475,0.014374455690599301,0.017606419054451802,0.01369498507056225,-0.003911433983889552,2.0,2.0,2.0,2.0,2.0,2.0,1.0,-0.7666020759789496,0.7666020759789496,0.0,1.0,29.045799687220544,39.94283672740264,0.494,0.694,0.19999999999999996,1.0,0.6311738239259213,2662.0,1463.0,1463.0,0.0,0
PTPRC,IDH_WT,TAM_microglia,TAM1/TAM2/microglia,1.0,1.0,4.0,2.0,2.0,4.0,2.0,2.0,0.0,0.01200059842780445,0.0145823282133185,0.0480023937112178,0.012982861724809,0.0110183351307999,0.010520814523094349,0.01348038233251455,0.0029595678094202008,2.0,2.0,1.0,1.0,2.0,2.0,1.0,0.5505794805630595,0.5505794805630595,1.0,0.0,66.96322637680849,22.064142753797928,0.707,0.524,-0.18299999999999994,0.0,0.0,12086.0,25922.0,12086.0,0.0,0
PTPRC,IDH_WT,tumor,cycling_tumor,1.0,1.0,0.0,0.0,0.0,0.0,0.0,0.0,0.0,0.0,0.0,0.0,0.0,0.0,0.0,0.0,0.0,0.0,0.0,0.0,0.0,0.0,0.0,1.0,-5.81135211004621,5.81135211004621,0.0,1.0,12.986010701771058,10.184331797235023,0.008,0.116,0.10800000000000001,1.0,5.517572124585554,6410.0,814.0,814.0,0.0,0
PTPRD,IDH_Mutant,tumor,AC_like_tumor,0.0,1.0,0.0,0.0,0.0,0.0,0.0,0.0,0.0,0.0,0.0,0.0,0.0,0.0,0.0,0.0,0.0,0.0,0.0,0.0,0.0,0.0,0.0,0.0,0.0,0.0,0.0,0.0,0.0,0.0,0.0,0.0,0.0,0.0,2.9682478856266057,72549.0,446.0,446.0,0.0,0
PTPRD,IDH_Mutant,tumor,OPC_GABA_AC_like_tumor,0.0,1.0,0.0,0.0,0.0,0.0,0.0,0.0,0.0,0.0,0.0,0.0,0.0,0.0,0.0,0.0,0.0,0.0,0.0,0.0,0.0,0.0,0.0,0.0,0.0,0.0,0.0,0.0,0.0,0.0,0.0,0.0,0.0,0.0,0.0,6202.0,1012.0,1012.0,0.0,0
PTPRD,IDH_Mutant,tumor,OPC_GABA_like_tumor,0.0,1.0,1.0,0.0,1.0,0.0,0.0,1.0,1.0,0.0011930593981233,0.0011930593981233,0.0011930593981233,0.0,0.0011930593981233,0.0,0.0011930593981233,0.0011930593981233,1.0,1.0,1.0,1.0,1.0,0.0,0.0,0.0,0.0,0.0,0.0,0.0,0.0,0.0,0.0,0.0,0.0,2.24469629915764,6741.0,14114.0,6741.0,0.0,0
PTPRD,IDH_Mutant,T_cell,T cell,0.0,1.0,0.0,0.0,0.0,0.0,0.0,0.0,0.0,0.0,0.0,0.0,0.0,0.0,0.0,0.0,0.0,0.0,0.0,0.0,0.0,0.0,0.0,0.0,0.0,0.0,0.0,0.0,0.0,0.0,0.0,0.0,0.0,0.0,0.0,2662.0,1463.0,1463.0,0.0,0
PTPRD,IDH_Mutant,TAM_microglia,TAM1/TAM2/microglia,0.0,1.0,0.0,0.0,0.0,0.0,0.0,0.0,0.0,0.0,0.0,0.0,0.0,0.0,0.0,0.0,0.0,0.0,0.0,0.0,0.0,0.0,0.0,0.0,0.0,0.0,0.0,0.0,0.0,0.0,0.0,0.0,0.0,0.0,0.0,12086.0,25922.0,12086.0,0.0,0
PTPRD,IDH_Mutant,tumor,cycling_tumor,0.0,1.0,0.0,0.0,0.0,0.0,0.0,0.0,0.0,0.0,0.0,0.0,0.0,0.0,0.0,0.0,0.0,0.0,0.0,0.0,0.0,0.0,0.0,1.0,2.676089364051008,2.676089364051008,1.0,0.0,6.426116947992638,33.49753694581281,0.199,0.011,-0.188,1.0,3.184850354471642,6410.0,814.0,814.0,0.0,0
PTPRD,IDH_WT,tumor,AC_like_tumor,0.0,1.0,0.0,0.0,0.0,0.0,0.0,0.0,0.0,0.0,0.0,0.0,0.0,0.0,0.0,0.0,0.0,0.0,0.0,0.0,0.0,0.0,0.0,1.0,2.9682478856266057,2.9682478856266057,1.0,0.0,9.399019584061854,0.166358595194085,0.12,0.019,-0.10099999999999999,0.0,0.0,72549.0,446.0,446.0,0.0,0
PTPRD,IDH_WT,tumor,OPC_GABA_AC_like_tumor,0.0,1.0,0.0,0.0,0.0,0.0,0.0,0.0,0.0,0.0,0.0,0.0,0.0,0.0,0.0,0.0,0.0,0.0,0.0,0.0,0.0,0.0,0.0,0.0,0.0,0.0,0.0,0.0,0.0,0.0,0.0,0.0,0.0,0.0,0.0,6202.0,1012.0,1012.0,0.0,0
PTPRD,IDH_WT,tumor,OPC_GABA_like_tumor,0.0,1.0,1.0,0.0,1.0,0.0,0.0,1.0,1.0,0.0011930593981233,0.0011930593981233,0.0011930593981233,0.0,0.0011930593981233,0.0,0.0011930593981233,0.0011930593981233,1.0,1.0,1.0,1.0,1.0,0.0,1.0,2.24469629915764,2.24469629915764,1.0,0.0,153.68192307334738,27.741935483870968,0.265,0.043,-0.22200000000000003,0.0,0.0,6741.0,14114.0,6741.0,0.0,0
PTPRD,IDH_WT,T_cell,T cell,0.0,1.0,0.0,0.0,0.0,0.0,0.0,0.0,0.0,0.0,0.0,0.0,0.0,0.0,0.0,0.0,0.0,0.0,0.0,0.0,0.0,0.0,0.0,0.0,0.0,0.0,0.0,0.0,0.0,0.0,0.0,0.0,0.0,0.0,0.0,2662.0,1463.0,1463.0,0.0,0
PTPRD,IDH_WT,TAM_microglia,TAM1/TAM2/microglia,0.0,1.0,0.0,0.0,0.0,0.0,0.0,0.0,0.0,0.0,0.0,0.0,0.0,0.0,0.0,0.0,0.0,0.0,0.0,0.0,0.0,0.0,0.0,0.0,0.0,0.0,0.0,0.0,0.0,0.0,0.0,0.0,0.0,0.0,0.0,12086.0,25922.0,12086.0,0.0,0
PTPRD,IDH_WT,tumor,cycling_tumor,0.0,1.0,0.0,0.0,0.0,0.0,0.0,0.0,0.0,0.0,0.0,0.0,0.0,0.0,0.0,0.0,0.0,0.0,0.0,0.0,0.0,0.0,0.0,1.0,3.184850354471642,3.184850354471642,1.0,0.0,120.30182883676825,10.184331797235023,0.178,0.012,-0.16599999999999998,1.0,2.676089364051008,6410.0,814.0,814.0,0.0,0
PTPRZ1,IDH_Mutant,tumor,AC_like_tumor,0.0,1.0,19.0,0.0,19.0,4.0,9.0,10.0,1.0,0.12154979763396631,0.1953178125352112,2.30944615504536,0.0,0.12154979763396631,0.11328552613496726,0.1289876419830655,0.015702115848098247,2.0,2.0,5.0,1.0,9.0,10.0,1.0,1.1924080438665343,1.1924080438665343,1.0,0.0,22.332642659821058,6.244483671668138,0.689,0.453,-0.23599999999999993,1.0,1.4127205516116723,72549.0,446.0,446.0,0.0,1
PTPRZ1,IDH_Mutant,tumor,OPC_GABA_AC_like_tumor,0.0,1.0,20.0,0.0,20.0,4.0,10.0,10.0,0.0,0.1144304780832373,0.1818786977548719,2.288609561664746,0.0,0.1144304780832373,0.10916941054844857,0.119691545618026,0.010522135069577429,2.0,2.0,5.0,1.0,10.0,10.0,1.0,0.6193622334057673,0.6193622334057673,1.0,0.0,8.918134252223007,67.82449725776965,0.712,0.415,-0.297,1.0,1.3972861912109875,6202.0,1012.0,1012.0,0.0,1
PTPRZ1,IDH_Mutant,tumor,OPC_GABA_like_tumor,0.0,1.0,21.0,0.0,21.0,4.0,10.0,11.0,1.0,0.15587502599335218,0.2619954091305924,3.2733755458603957,0.0,0.15587502599335218,0.14708173592423646,0.16386892605618456,0.0167871901319481,2.0,2.0,6.0,1.0,11.0,10.0,1.0,1.4270032774712194,1.4270032774712194,1.0,0.0,307.6526555685888,87.62594223449511,0.975,0.848,-0.127,1.0,1.3379625570858416,6741.0,14114.0,6741.0,0.0,1
PTPRZ1,IDH_Mutant,T_cell,T cell,0.0,1.0,0.0,0.0,0.0,0.0,0.0,0.0,0.0,0.0,0.0,0.0,0.0,0.0,0.0,0.0,0.0,0.0,0.0,0.0,0.0,0.0,0.0,0.0,0.0,0.0,0.0,0.0,0.0,0.0,0.0,0.0,0.0,0.0,1.5626918692468383,2662.0,1463.0,1463.0,0.0,0
PTPRZ1,IDH_Mutant,TAM_microglia,TAM1/TAM2/microglia,0.0,1.0,0.0,0.0,0.0,0.0,0.0,0.0,0.0,0.0,0.0,0.0,0.0,0.0,0.0,0.0,0.0,0.0,0.0,0.0,0.0,0.0,0.0,0.0,0.0,0.0,0.0,0.0,0.0,0.0,0.0,0.0,0.0,0.0,0.0,12086.0,25922.0,12086.0,0.0,0
PTPRZ1,IDH_Mutant,tumor,cycling_tumor,0.0,1.0,17.0,0.0,17.0,6.0,7.0,10.0,3.0,0.11252141689864228,0.2412077448909423,1.912864087276919,0.0,0.11252141689864228,0.042902442499221795,0.16125469897823663,0.11835225647901484,2.0,2.0,5.0,1.0,9.0,8.0,1.0,3.9950683487464,3.9950683487464,1.0,0.0,54.06263865962284,33.49753694581281,0.882,0.063,-0.819,1.0,2.072682953667877,6410.0,814.0,814.0,0.0,1
PTPRZ1,IDH_WT,tumor,AC_like_tumor,0.0,1.0,19.0,0.0,19.0,4.0,9.0,10.0,1.0,0.12154979763396631,0.1953178125352112,2.30944615504536,0.0,0.12154979763396631,0.11328552613496726,0.1289876419830655,0.015702115848098247,2.0,2.0,5.0,1.0,9.0,10.0,1.0,1.4127205516116723,1.4127205516116723,1.0,0.0,3.264752982945147,0.166358595194085,0.685,0.597,-0.08800000000000008,1.0,1.1924080438665343,72549.0,446.0,446.0,0.0,1
PTPRZ1,IDH_WT,tumor,OPC_GABA_AC_like_tumor,0.0,1.0,20.0,0.0,20.0,4.0,10.0,10.0,0.0,0.1144304780832373,0.1818786977548719,2.288609561664746,0.0,0.1144304780832373,0.10916941054844857,0.119691545618026,0.010522135069577429,2.0,2.0,5.0,1.0,10.0,10.0,1.0,1.3972861912109875,1.3972861912109875,1.0,0.0,18.340556017846417,3.0783078307830785,0.871,0.614,-0.257,1.0,0.6193622334057673,6202.0,1012.0,1012.0,0.0,1
PTPRZ1,IDH_WT,tumor,OPC_GABA_like_tumor,0.0,1.0,21.0,0.0,21.0,4.0,10.0,11.0,1.0,0.15587502599335218,0.2619954091305924,3.2733755458603957,0.0,0.15587502599335218,0.14708173592423646,0.16386892605618456,0.0167871901319481,2.0,2.0,6.0,1.0,11.0,10.0,1.0,1.3379625570858416,1.3379625570858416,1.0,0.0,307.6526555685888,27.741935483870968,0.983,0.86,-0.123,1.0,1.4270032774712194,6741.0,14114.0,6741.0,0.0,1
PTPRZ1,IDH_WT,T_cell,T cell,0.0,1.0,0.0,0.0,0.0,0.0,0.0,0.0,0.0,0.0,0.0,0.0,0.0,0.0,0.0,0.0,0.0,0.0,0.0,0.0,0.0,0.0,0.0,1.0,1.5626918692468383,1.5626918692468383,1.0,0.0,7.295678250287096,39.94283672740264,0.114,0.043,-0.07100000000000001,0.0,0.0,2662.0,1463.0,1463.0,0.0,0
PTPRZ1,IDH_WT,TAM_microglia,TAM1/TAM2/microglia,0.0,1.0,0.0,0.0,0.0,0.0,0.0,0.0,0.0,0.0,0.0,0.0,0.0,0.0,0.0,0.0,0.0,0.0,0.0,0.0,0.0,0.0,0.0,0.0,0.0,0.0,0.0,0.0,0.0,0.0,0.0,0.0,0.0,0.0,0.0,12086.0,25922.0,12086.0,0.0,0
PTPRZ1,IDH_WT,tumor,cycling_tumor,0.0,1.0,17.0,0.0,17.0,6.0,7.0,10.0,3.0,0.11252141689864228,0.2412077448909423,1.912864087276919,0.0,0.11252141689864228,0.042902442499221795,0.16125469897823663,0.11835225647901484,2.0,2.0,5.0,1.0,9.0,8.0,1.0,2.072682953667877,2.072682953667877,1.0,0.0,201.28664276591905,10.184331797235023,0.941,0.403,-0.5379999999999999,1.0,3.9950683487464,6410.0,814.0,814.0,0.0,1
ROBO1,IDH_Mutant,tumor,AC_like_tumor,0.0,1.0,0.0,0.0,0.0,0.0,0.0,0.0,0.0,0.0,0.0,0.0,0.0,0.0,0.0,0.0,0.0,0.0,0.0,0.0,0.0,0.0,0.0,1.0,0.9483749138816352,0.9483749138816352,1.0,0.0,3.8017152446429767,6.244483671668138,0.244,0.123,-0.121,0.0,0.0,72549.0,446.0,446.0,0.0,0
ROBO1,IDH_Mutant,tumor,OPC_GABA_AC_like_tumor,0.0,1.0,0.0,0.0,0.0,0.0,0.0,0.0,0.0,0.0,0.0,0.0,0.0,0.0,0.0,0.0,0.0,0.0,0.0,0.0,0.0,0.0,0.0,0.0,0.0,0.0,0.0,0.0,0.0,0.0,0.0,0.0,0.0,0.0,0.0,6202.0,1012.0,1012.0,0.0,0
ROBO1,IDH_Mutant,tumor,OPC_GABA_like_tumor,0.0,1.0,1.0,0.0,1.0,1.0,0.0,1.0,1.0,0.0026014314511136,0.0026014314511136,0.0026014314511136,0.0,0.0026014314511136,0.0,0.0026014314511136,0.0026014314511136,1.0,1.0,1.0,1.0,1.0,0.0,1.0,1.2380361790727927,1.2380361790727927,1.0,0.0,59.073468799273066,87.62594223449511,0.439,0.238,-0.201,1.0,1.510352374701229,6741.0,14114.0,6741.0,0.0,0
ROBO1,IDH_Mutant,T_cell,T cell,0.0,1.0,0.0,0.0,0.0,0.0,0.0,0.0,0.0,0.0,0.0,0.0,0.0,0.0,0.0,0.0,0.0,0.0,0.0,0.0,0.0,0.0,0.0,0.0,0.0,0.0,0.0,0.0,0.0,0.0,0.0,0.0,0.0,0.0,0.0,2662.0,1463.0,1463.0,0.0,0
ROBO1,IDH_Mutant,TAM_microglia,TAM1/TAM2/microglia,0.0,1.0,0.0,0.0,0.0,0.0,0.0,0.0,0.0,0.0,0.0,0.0,0.0,0.0,0.0,0.0,0.0,0.0,0.0,0.0,0.0,0.0,0.0,0.0,0.0,0.0,0.0,0.0,0.0,0.0,0.0,0.0,0.0,0.0,0.0,12086.0,25922.0,12086.0,0.0,0
ROBO1,IDH_Mutant,tumor,cycling_tumor,0.0,1.0,1.0,0.0,1.0,0.0,0.0,1.0,1.0,0.0012599632610479,0.0012599632610479,0.0012599632610479,0.0,0.0012599632610479,0.0,0.0012599632610479,0.0012599632610479,1.0,1.0,1.0,1.0,1.0,0.0,1.0,3.2409438371447967,3.2409438371447967,1.0,0.0,18.521222297210237,33.49753694581281,0.404,0.022,-0.382,1.0,2.5105739662255626,6410.0,814.0,814.0,0.0,0
ROBO1,IDH_WT,tumor,AC_like_tumor,0.0,1.0,0.0,0.0,0.0,0.0,0.0,0.0,0.0,0.0,0.0,0.0,0.0,0.0,0.0,0.0,0.0,0.0,0.0,0.0,0.0,0.0,0.0,0.0,0.0,0.0,0.0,0.0,0.0,0.0,0.0,0.0,0.0,0.0,0.9483749138816352,72549.0,446.0,446.0,0.0,0
ROBO1,IDH_WT,tumor,OPC_GABA_AC_like_tumor,0.0,1.0,0.0,0.0,0.0,0.0,0.0,0.0,0.0,0.0,0.0,0.0,0.0,0.0,0.0,0.0,0.0,0.0,0.0,0.0,0.0,0.0,0.0,0.0,0.0,0.0,0.0,0.0,0.0,0.0,0.0,0.0,0.0,0.0,0.0,6202.0,1012.0,1012.0,0.0,0
ROBO1,IDH_WT,tumor,OPC_GABA_like_tumor,0.0,1.0,1.0,0.0,1.0,1.0,0.0,1.0,1.0,0.0026014314511136,0.0026014314511136,0.0026014314511136,0.0,0.0026014314511136,0.0,0.0026014314511136,0.0026014314511136,1.0,1.0,1.0,1.0,1.0,0.0,1.0,1.510352374701229,1.510352374701229,1.0,0.0,129.75483408769708,27.741935483870968,0.339,0.091,-0.24800000000000003,1.0,1.2380361790727927,6741.0,14114.0,6741.0,0.0,0
ROBO1,IDH_WT,T_cell,T cell,0.0,1.0,0.0,0.0,0.0,0.0,0.0,0.0,0.0,0.0,0.0,0.0,0.0,0.0,0.0,0.0,0.0,0.0,0.0,0.0,0.0,0.0,0.0,0.0,0.0,0.0,0.0,0.0,0.0,0.0,0.0,0.0,0.0,0.0,0.0,2662.0,1463.0,1463.0,0.0,0
ROBO1,IDH_WT,TAM_microglia,TAM1/TAM2/microglia,0.0,1.0,0.0,0.0,0.0,0.0,0.0,0.0,0.0,0.0,0.0,0.0,0.0,0.0,0.0,0.0,0.0,0.0,0.0,0.0,0.0,0.0,0.0,0.0,0.0,0.0,0.0,0.0,0.0,0.0,0.0,0.0,0.0,0.0,0.0,12086.0,25922.0,12086.0,0.0,0
ROBO1,IDH_WT,tumor,cycling_tumor,0.0,1.0,1.0,0.0,1.0,0.0,0.0,1.0,1.0,0.0012599632610479,0.0012599632610479,0.0012599632610479,0.0,0.0012599632610479,0.0,0.0012599632610479,0.0012599632610479,1.0,1.0,1.0,1.0,1.0,0.0,1.0,2.5105739662255626,2.5105739662255626,1.0,0.0,175.6872582312553,10.184331797235023,0.279,0.023,-0.256,1.0,3.2409438371447967,6410.0,814.0,814.0,0.0,0
SDC3,IDH_Mutant,tumor,AC_like_tumor,0.0,1.0,0.0,0.0,0.0,0.0,0.0,0.0,0.0,0.0,0.0,0.0,0.0,0.0,0.0,0.0,0.0,0.0,0.0,0.0,0.0,0.0,0.0,0.0,0.0,0.0,0.0,0.0,0.0,0.0,0.0,0.0,0.0,0.0,0.0,72549.0,446.0,446.0,0.0,0
SDC3,IDH_Mutant,tumor,OPC_GABA_AC_like_tumor,0.0,1.0,0.0,0.0,0.0,0.0,0.0,0.0,0.0,0.0,0.0,0.0,0.0,0.0,0.0,0.0,0.0,0.0,0.0,0.0,0.0,0.0,0.0,0.0,0.0,0.0,0.0,0.0,0.0,0.0,0.0,0.0,0.0,0.0,0.0,6202.0,1012.0,1012.0,0.0,0
SDC3,IDH_Mutant,tumor,OPC_GABA_like_tumor,0.0,1.0,0.0,0.0,0.0,0.0,0.0,0.0,0.0,0.0,0.0,0.0,0.0,0.0,0.0,0.0,0.0,0.0,0.0,0.0,0.0,0.0,0.0,1.0,-1.4206875002699166,1.4206875002699166,0.0,1.0,87.74539551126912,87.62594223449511,0.143,0.343,0.20000000000000004,0.0,0.4231309699266402,6741.0,14114.0,6741.0,0.0,0
SDC3,IDH_Mutant,T_cell,T cell,0.0,1.0,0.0,0.0,0.0,0.0,0.0,0.0,0.0,0.0,0.0,0.0,0.0,0.0,0.0,0.0,0.0,0.0,0.0,0.0,0.0,0.0,0.0,0.0,0.0,0.0,0.0,0.0,0.0,0.0,0.0,0.0,0.0,0.0,0.0,2662.0,1463.0,1463.0,0.0,0
SDC3,IDH_Mutant,TAM_microglia,TAM1/TAM2/microglia,0.0,1.0,0.0,0.0,0.0,0.0,0.0,0.0,0.0,0.0,0.0,0.0,0.0,0.0,0.0,0.0,0.0,0.0,0.0,0.0,0.0,0.0,0.0,0.0,0.0,0.0,0.0,0.0,0.0,0.0,0.0,0.0,0.0,0.0,0.0,12086.0,25922.0,12086.0,0.0,0
SDC3,IDH_Mutant,tumor,cycling_tumor,0.0,1.0,11.0,0.0,11.0,2.0,0.0,11.0,11.0,0.008330391207846137,0.0141883084146195,0.09163430328630752,0.0,0.008330391207846137,0.0,0.008330391207846137,0.008330391207846137,1.0,1.0,7.0,1.0,5.0,6.0,0.0,0.0,0.0,0.0,0.0,0.0,0.0,0.0,0.0,0.0,0.0,0.6181945221876667,6410.0,814.0,814.0,0.0,0
SDC3,IDH_WT,tumor,AC_like_tumor,0.0,1.0,0.0,0.0,0.0,0.0,0.0,0.0,0.0,0.0,0.0,0.0,0.0,0.0,0.0,0.0,0.0,0.0,0.0,0.0,0.0,0.0,0.0,0.0,0.0,0.0,0.0,0.0,0.0,0.0,0.0,0.0,0.0,0.0,0.0,72549.0,446.0,446.0,0.0,0
SDC3,IDH_WT,tumor,OPC_GABA_AC_like_tumor,0.0,1.0,0.0,0.0,0.0,0.0,0.0,0.0,0.0,0.0,0.0,0.0,0.0,0.0,0.0,0.0,0.0,0.0,0.0,0.0,0.0,0.0,0.0,0.0,0.0,0.0,0.0,0.0,0.0,0.0,0.0,0.0,0.0,0.0,0.0,6202.0,1012.0,1012.0,0.0,0
SDC3,IDH_WT,tumor,OPC_GABA_like_tumor,0.0,1.0,0.0,0.0,0.0,0.0,0.0,0.0,0.0,0.0,0.0,0.0,0.0,0.0,0.0,0.0,0.0,0.0,0.0,0.0,0.0,0.0,0.0,1.0,0.4231309699266402,0.4231309699266402,1.0,0.0,46.08594189123909,27.741935483870968,0.335,0.154,-0.18100000000000002,0.0,1.4206875002699166,6741.0,14114.0,6741.0,0.0,0
SDC3,IDH_WT,T_cell,T cell,0.0,1.0,0.0,0.0,0.0,0.0,0.0,0.0,0.0,0.0,0.0,0.0,0.0,0.0,0.0,0.0,0.0,0.0,0.0,0.0,0.0,0.0,0.0,0.0,0.0,0.0,0.0,0.0,0.0,0.0,0.0,0.0,0.0,0.0,0.0,2662.0,1463.0,1463.0,0.0,0
SDC3,IDH_WT,TAM_microglia,TAM1/TAM2/microglia,0.0,1.0,0.0,0.0,0.0,0.0,0.0,0.0,0.0,0.0,0.0,0.0,0.0,0.0,0.0,0.0,0.0,0.0,0.0,0.0,0.0,0.0,0.0,0.0,0.0,0.0,0.0,0.0,0.0,0.0,0.0,0.0,0.0,0.0,0.0,12086.0,25922.0,12086.0,0.0,0
SDC3,IDH_WT,tumor,cycling_tumor,0.0,1.0,11.0,0.0,11.0,2.0,0.0,11.0,11.0,0.008330391207846137,0.0141883084146195,0.09163430328630752,0.0,0.008330391207846137,0.0,0.008330391207846137,0.008330391207846137,1.0,1.0,7.0,1.0,5.0,6.0,1.0,0.6181945221876667,0.6181945221876667,1.0,0.0,45.43056657574756,10.184331797235023,0.291,0.087,-0.204,0.0,0.0,6410.0,814.0,814.0,0.0,0
SLC1A1,IDH_Mutant,tumor,AC_like_tumor,1.0,0.0,0.0,0.0,0.0,0.0,0.0,0.0,0.0,0.0,0.0,0.0,0.0,0.0,0.0,0.0,0.0,0.0,0.0,0.0,0.0,0.0,0.0,0.0,0.0,0.0,0.0,0.0,0.0,0.0,0.0,0.0,0.0,0.0,0.0,72549.0,446.0,446.0,0.0,0
SLC1A1,IDH_Mutant,tumor,OPC_GABA_AC_like_tumor,1.0,0.0,0.0,0.0,0.0,0.0,0.0,0.0,0.0,0.0,0.0,0.0,0.0,0.0,0.0,0.0,0.0,0.0,0.0,0.0,0.0,0.0,0.0,0.0,0.0,0.0,0.0,0.0,0.0,0.0,0.0,0.0,0.0,0.0,0.0,6202.0,1012.0,1012.0,0.0,0
SLC1A1,IDH_Mutant,tumor,OPC_GABA_like_tumor,1.0,0.0,0.0,0.0,0.0,0.0,0.0,0.0,0.0,0.0,0.0,0.0,0.0,0.0,0.0,0.0,0.0,0.0,0.0,0.0,0.0,0.0,0.0,1.0,2.579610842378,2.579610842378,1.0,0.0,54.441250844640095,87.62594223449511,0.177,0.021,-0.156,1.0,1.0278539750876812,6741.0,14114.0,6741.0,0.0,0
SLC1A1,IDH_Mutant,T_cell,T cell,1.0,0.0,0.0,0.0,0.0,0.0,0.0,0.0,0.0,0.0,0.0,0.0,0.0,0.0,0.0,0.0,0.0,0.0,0.0,0.0,0.0,0.0,0.0,0.0,0.0,0.0,0.0,0.0,0.0,0.0,0.0,0.0,0.0,0.0,0.0,2662.0,1463.0,1463.0,0.0,0
SLC1A1,IDH_Mutant,TAM_microglia,TAM1/TAM2/microglia,1.0,0.0,0.0,0.0,0.0,0.0,0.0,0.0,0.0,0.0,0.0,0.0,0.0,0.0,0.0,0.0,0.0,0.0,0.0,0.0,0.0,0.0,0.0,0.0,0.0,0.0,0.0,0.0,0.0,0.0,0.0,0.0,0.0,0.0,0.0,12086.0,25922.0,12086.0,0.0,0
SLC1A1,IDH_Mutant,tumor,cycling_tumor,1.0,0.0,13.0,13.0,0.0,4.0,0.0,13.0,13.0,0.002037173081619591,0.0085000406509992,0.026483250061054682,0.002037173081619591,0.0,0.0,0.002037173081619591,0.002037173081619591,1.0,4.0,1.0,4.0,11.0,2.0,0.0,0.0,0.0,0.0,0.0,0.0,0.0,0.0,0.0,0.0,0.0,2.32828688324089,6410.0,814.0,814.0,0.0,0
SLC1A1,IDH_WT,tumor,AC_like_tumor,1.0,0.0,0.0,0.0,0.0,0.0,0.0,0.0,0.0,0.0,0.0,0.0,0.0,0.0,0.0,0.0,0.0,0.0,0.0,0.0,0.0,0.0,0.0,0.0,0.0,0.0,0.0,0.0,0.0,0.0,0.0,0.0,0.0,0.0,0.0,72549.0,446.0,446.0,0.0,0
SLC1A1,IDH_WT,tumor,OPC_GABA_AC_like_tumor,1.0,0.0,0.0,0.0,0.0,0.0,0.0,0.0,0.0,0.0,0.0,0.0,0.0,0.0,0.0,0.0,0.0,0.0,0.0,0.0,0.0,0.0,0.0,0.0,0.0,0.0,0.0,0.0,0.0,0.0,0.0,0.0,0.0,0.0,0.0,6202.0,1012.0,1012.0,0.0,0
SLC1A1,IDH_WT,tumor,OPC_GABA_like_tumor,1.0,0.0,0.0,0.0,0.0,0.0,0.0,0.0,0.0,0.0,0.0,0.0,0.0,0.0,0.0,0.0,0.0,0.0,0.0,0.0,0.0,0.0,0.0,1.0,1.0278539750876812,1.0278539750876812,1.0,0.0,157.27479345786205,27.741935483870968,0.344,0.073,-0.27099999999999996,1.0,2.579610842378,6741.0,14114.0,6741.0,0.0,0
SLC1A1,IDH_WT,T_cell,T cell,1.0,0.0,0.0,0.0,0.0,0.0,0.0,0.0,0.0,0.0,0.0,0.0,0.0,0.0,0.0,0.0,0.0,0.0,0.0,0.0,0.0,0.0,0.0,0.0,0.0,0.0,0.0,0.0,0.0,0.0,0.0,0.0,0.0,0.0,0.0,2662.0,1463.0,1463.0,0.0,0
SLC1A1,IDH_WT,TAM_microglia,TAM1/TAM2/microglia,1.0,0.0,0.0,0.0,0.0,0.0,0.0,0.0,0.0,0.0,0.0,0.0,0.0,0.0,0.0,0.0,0.0,0.0,0.0,0.0,0.0,0.0,0.0,0.0,0.0,0.0,0.0,0.0,0.0,0.0,0.0,0.0,0.0,0.0,0.0,12086.0,25922.0,12086.0,0.0,0
SLC1A1,IDH_WT,tumor,cycling_tumor,1.0,0.0,13.0,13.0,0.0,4.0,0.0,13.0,13.0,0.002037173081619591,0.0085000406509992,0.026483250061054682,0.002037173081619591,0.0,0.0,0.002037173081619591,0.002037173081619591,1.0,4.0,1.0,4.0,11.0,2.0,1.0,2.32828688324089,2.32828688324089,1.0,0.0,177.71930105276633,10.184331797235023,0.312,0.03,-0.28200000000000003,0.0,0.0,6410.0,814.0,814.0,0.0,0
SLC1A3,IDH_Mutant,tumor,AC_like_tumor,1.0,0.0,0.0,0.0,0.0,0.0,0.0,0.0,0.0,0.0,0.0,0.0,0.0,0.0,0.0,0.0,0.0,0.0,0.0,0.0,0.0,0.0,0.0,1.0,-1.4792910063223057,1.4792910063223057,0.0,1.0,5.530476937737077,6.244483671668138,0.396,0.513,0.11699999999999999,0.0,0.0,72549.0,446.0,446.0,0.0,0
SLC1A3,IDH_Mutant,tumor,OPC_GABA_AC_like_tumor,1.0,0.0,0.0,0.0,0.0,0.0,0.0,0.0,0.0,0.0,0.0,0.0,0.0,0.0,0.0,0.0,0.0,0.0,0.0,0.0,0.0,0.0,0.0,0.0,0.0,0.0,0.0,0.0,0.0,0.0,0.0,0.0,0.0,0.0,0.0,6202.0,1012.0,1012.0,0.0,0
SLC1A3,IDH_Mutant,tumor,OPC_GABA_like_tumor,1.0,0.0,0.0,0.0,0.0,0.0,0.0,0.0,0.0,0.0,0.0,0.0,0.0,0.0,0.0,0.0,0.0,0.0,0.0,0.0,0.0,0.0,0.0,1.0,-1.9963691418678584,1.9963691418678584,0.0,1.0,263.1056969840501,87.62594223449511,0.371,0.715,0.344,0.0,0.0,6741.0,14114.0,6741.0,0.0,0
SLC1A3,IDH_Mutant,T_cell,T cell,1.0,0.0,0.0,0.0,0.0,0.0,0.0,0.0,0.0,0.0,0.0,0.0,0.0,0.0,0.0,0.0,0.0,0.0,0.0,0.0,0.0,0.0,0.0,0.0,0.0,0.0,0.0,0.0,0.0,0.0,0.0,0.0,0.0,0.0,0.0,2662.0,1463.0,1463.0,0.0,0
SLC1A3,IDH_Mutant,TAM_microglia,TAM1/TAM2/microglia,1.0,0.0,13.0,13.0,0.0,0.0,0.0,13.0,13.0,0.014240210546249894,0.0580182501147297,0.18512273710124863,0.014240210546249894,0.0,0.0,0.014240210546249894,0.014240210546249894,1.0,4.0,1.0,4.0,11.0,2.0,1.0,0.5232657214623875,0.5232657214623875,1.0,0.0,70.94462165138104,91.1538623094048,0.9,0.783,-0.11699999999999999,1.0,0.7048990104468937,12086.0,25922.0,12086.0,0.0,0
SLC1A3,IDH_Mutant,tumor,cycling_tumor,1.0,0.0,13.0,13.0,0.0,4.0,0.0,13.0,13.0,0.004356891598256588,0.0180971001094363,0.056639590777335644,0.004356891598256588,0.0,0.0,0.004356891598256588,0.004356891598256588,1.0,4.0,1.0,4.0,11.0,2.0,0.0,0.0,0.0,0.0,0.0,0.0,0.0,0.0,0.0,0.0,0.0,0.340864629736845,6410.0,814.0,814.0,0.0,0
SLC1A3,IDH_WT,tumor,AC_like_tumor,1.0,0.0,0.0,0.0,0.0,0.0,0.0,0.0,0.0,0.0,0.0,0.0,0.0,0.0,0.0,0.0,0.0,0.0,0.0,0.0,0.0,0.0,0.0,0.0,0.0,0.0,0.0,0.0,0.0,0.0,0.0,0.0,0.0,0.0,1.4792910063223057,72549.0,446.0,446.0,0.0,0
SLC1A3,IDH_WT,tumor,OPC_GABA_AC_like_tumor,1.0,0.0,0.0,0.0,0.0,0.0,0.0,0.0,0.0,0.0,0.0,0.0,0.0,0.0,0.0,0.0,0.0,0.0,0.0,0.0,0.0,0.0,0.0,0.0,0.0,0.0,0.0,0.0,0.0,0.0,0.0,0.0,0.0,0.0,0.0,6202.0,1012.0,1012.0,0.0,0
SLC1A3,IDH_WT,tumor,OPC_GABA_like_tumor,1.0,0.0,0.0,0.0,0.0,0.0,0.0,0.0,0.0,0.0,0.0,0.0,0.0,0.0,0.0,0.0,0.0,0.0,0.0,0.0,0.0,0.0,0.0,0.0,0.0,0.0,0.0,0.0,0.0,0.0,0.0,0.0,0.0,0.0,1.9963691418678584,6741.0,14114.0,6741.0,0.0,0
SLC1A3,IDH_WT,T_cell,T cell,1.0,0.0,0.0,0.0,0.0,0.0,0.0,0.0,0.0,0.0,0.0,0.0,0.0,0.0,0.0,0.0,0.0,0.0,0.0,0.0,0.0,0.0,0.0,0.0,0.0,0.0,0.0,0.0,0.0,0.0,0.0,0.0,0.0,0.0,0.0,2662.0,1463.0,1463.0,0.0,0
SLC1A3,IDH_WT,TAM_microglia,TAM1/TAM2/microglia,1.0,0.0,13.0,13.0,0.0,0.0,0.0,13.0,13.0,0.014240210546249894,0.0580182501147297,0.18512273710124863,0.014240210546249894,0.0,0.0,0.014240210546249894,0.014240210546249894,1.0,4.0,1.0,4.0,11.0,2.0,1.0,0.7048990104468937,0.7048990104468937,1.0,0.0,110.2670297906098,22.064142753797928,0.737,0.51,-0.22699999999999998,1.0,0.5232657214623875,12086.0,25922.0,12086.0,0.0,0
SLC1A3,IDH_WT,tumor,cycling_tumor,1.0,0.0,13.0,13.0,0.0,4.0,0.0,13.0,13.0,0.004356891598256588,0.0180971001094363,0.056639590777335644,0.004356891598256588,0.0,0.0,0.004356891598256588,0.004356891598256588,1.0,4.0,1.0,4.0,11.0,2.0,1.0,-0.340864629736845,0.340864629736845,0.0,1.0,7.475719378462074,10.184331797235023,0.558,0.312,-0.24600000000000005,0.0,0.0,6410.0,814.0,814.0,0.0,0
SLIT1,IDH_Mutant,tumor,AC_like_tumor,1.0,0.0,0.0,0.0,0.0,0.0,0.0,0.0,0.0,0.0,0.0,0.0,0.0,0.0,0.0,0.0,0.0,0.0,0.0,0.0,0.0,0.0,0.0,1.0,2.6990954050249907,2.6990954050249907,1.0,0.0,27.0414179322696,6.244483671668138,0.177,0.032,-0.145,0.0,0.0,72549.0,446.0,446.0,0.0,0
SLIT1,IDH_Mutant,tumor,OPC_GABA_AC_like_tumor,1.0,0.0,0.0,0.0,0.0,0.0,0.0,0.0,0.0,0.0,0.0,0.0,0.0,0.0,0.0,0.0,0.0,0.0,0.0,0.0,0.0,0.0,0.0,0.0,0.0,0.0,0.0,0.0,0.0,0.0,0.0,0.0,0.0,0.0,0.0,6202.0,1012.0,1012.0,0.0,0
SLIT1,IDH_Mutant,tumor,OPC_GABA_like_tumor,1.0,0.0,2.0,2.0,0.0,1.0,0.0,2.0,2.0,0.00193069735608075,0.0026014314511136,0.0038613947121615,0.00193069735608075,0.0,0.0,0.00193069735608075,0.00193069735608075,1.0,1.0,1.0,2.0,2.0,0.0,1.0,1.4881294612799278,1.4881294612799278,1.0,0.0,75.18350582055096,87.62594223449511,0.302,0.071,-0.23099999999999998,1.0,2.292751832614345,6741.0,14114.0,6741.0,0.0,0
SLIT1,IDH_Mutant,T_cell,T cell,1.0,0.0,0.0,0.0,0.0,0.0,0.0,0.0,0.0,0.0,0.0,0.0,0.0,0.0,0.0,0.0,0.0,0.0,0.0,0.0,0.0,0.0,0.0,0.0,0.0,0.0,0.0,0.0,0.0,0.0,0.0,0.0,0.0,0.0,0.0,2662.0,1463.0,1463.0,0.0,0
SLIT1,IDH_Mutant,TAM_microglia,TAM1/TAM2/microglia,1.0,0.0,0.0,0.0,0.0,0.0,0.0,0.0,0.0,0.0,0.0,0.0,0.0,0.0,0.0,0.0,0.0,0.0,0.0,0.0,0.0,0.0,0.0,0.0,0.0,0.0,0.0,0.0,0.0,0.0,0.0,0.0,0.0,0.0,0.0,12086.0,25922.0,12086.0,0.0,0
SLIT1,IDH_Mutant,tumor,cycling_tumor,1.0,0.0,0.0,0.0,0.0,0.0,0.0,0.0,0.0,0.0,0.0,0.0,0.0,0.0,0.0,0.0,0.0,0.0,0.0,0.0,0.0,0.0,0.0,1.0,1.5041912208461443,1.5041912208461443,1.0,0.0,1.4560958694825672,33.49753694581281,0.11,0.007,-0.103,1.0,3.0824325708061653,6410.0,814.0,814.0,0.0,0
SLIT1,IDH_WT,tumor,AC_like_tumor,1.0,0.0,0.0,0.0,0.0,0.0,0.0,0.0,0.0,0.0,0.0,0.0,0.0,0.0,0.0,0.0,0.0,0.0,0.0,0.0,0.0,0.0,0.0,0.0,0.0,0.0,0.0,0.0,0.0,0.0,0.0,0.0,0.0,0.0,2.6990954050249907,72549.0,446.0,446.0,0.0,0
SLIT1,IDH_WT,tumor,OPC_GABA_AC_like_tumor,1.0,0.0,0.0,0.0,0.0,0.0,0.0,0.0,0.0,0.0,0.0,0.0,0.0,0.0,0.0,0.0,0.0,0.0,0.0,0.0,0.0,0.0,0.0,0.0,0.0,0.0,0.0,0.0,0.0,0.0,0.0,0.0,0.0,0.0,0.0,6202.0,1012.0,1012.0,0.0,0
SLIT1,IDH_WT,tumor,OPC_GABA_like_tumor,1.0,0.0,2.0,2.0,0.0,1.0,0.0,2.0,2.0,0.00193069735608075,0.0026014314511136,0.0038613947121615,0.00193069735608075,0.0,0.0,0.00193069735608075,0.00193069735608075,1.0,1.0,1.0,2.0,2.0,0.0,1.0,2.292751832614345,2.292751832614345,1.0,0.0,68.99620307387318,27.741935483870968,0.128,0.021,-0.107,1.0,1.4881294612799278,6741.0,14114.0,6741.0,0.0,0
SLIT1,IDH_WT,T_cell,T cell,1.0,0.0,0.0,0.0,0.0,0.0,0.0,0.0,0.0,0.0,0.0,0.0,0.0,0.0,0.0,0.0,0.0,0.0,0.0,0.0,0.0,0.0,0.0,0.0,0.0,0.0,0.0,0.0,0.0,0.0,0.0,0.0,0.0,0.0,0.0,2662.0,1463.0,1463.0,0.0,0
SLIT1,IDH_WT,TAM_microglia,TAM1/TAM2/microglia,1.0,0.0,0.0,0.0,0.0,0.0,0.0,0.0,0.0,0.0,0.0,0.0,0.0,0.0,0.0,0.0,0.0,0.0,0.0,0.0,0.0,0.0,0.0,0.0,0.0,0.0,0.0,0.0,0.0,0.0,0.0,0.0,0.0,0.0,0.0,12086.0,25922.0,12086.0,0.0,0
SLIT1,IDH_WT,tumor,cycling_tumor,1.0,0.0,0.0,0.0,0.0,0.0,0.0,0.0,0.0,0.0,0.0,0.0,0.0,0.0,0.0,0.0,0.0,0.0,0.0,0.0,0.0,0.0,0.0,1.0,3.0824325708061653,3.0824325708061653,1.0,0.0,119.62328321696671,10.184331797235023,0.143,0.006,-0.13699999999999998,1.0,1.5041912208461443,6410.0,814.0,814.0,0.0,0
SLITRK2,IDH_Mutant,tumor,AC_like_tumor,1.0,0.0,0.0,0.0,0.0,0.0,0.0,0.0,0.0,0.0,0.0,0.0,0.0,0.0,0.0,0.0,0.0,0.0,0.0,0.0,0.0,0.0,0.0,0.0,0.0,0.0,0.0,0.0,0.0,0.0,0.0,0.0,0.0,0.0,0.0,72549.0,446.0,446.0,0.0,0
SLITRK2,IDH_Mutant,tumor,OPC_GABA_AC_like_tumor,1.0,0.0,0.0,0.0,0.0,0.0,0.0,0.0,0.0,0.0,0.0,0.0,0.0,0.0,0.0,0.0,0.0,0.0,0.0,0.0,0.0,0.0,0.0,0.0,0.0,0.0,0.0,0.0,0.0,0.0,0.0,0.0,0.0,0.0,0.0,6202.0,1012.0,1012.0,0.0,0
SLITRK2,IDH_Mutant,tumor,OPC_GABA_like_tumor,1.0,0.0,0.0,0.0,0.0,0.0,0.0,0.0,0.0,0.0,0.0,0.0,0.0,0.0,0.0,0.0,0.0,0.0,0.0,0.0,0.0,0.0,0.0,0.0,0.0,0.0,0.0,0.0,0.0,0.0,0.0,0.0,0.0,0.0,2.365256056536932,6741.0,14114.0,6741.0,0.0,0
SLITRK2,IDH_Mutant,T_cell,T cell,1.0,0.0,0.0,0.0,0.0,0.0,0.0,0.0,0.0,0.0,0.0,0.0,0.0,0.0,0.0,0.0,0.0,0.0,0.0,0.0,0.0,0.0,0.0,0.0,0.0,0.0,0.0,0.0,0.0,0.0,0.0,0.0,0.0,0.0,0.0,2662.0,1463.0,1463.0,0.0,0
SLITRK2,IDH_Mutant,TAM_microglia,TAM1/TAM2/microglia,1.0,0.0,0.0,0.0,0.0,0.0,0.0,0.0,0.0,0.0,0.0,0.0,0.0,0.0,0.0,0.0,0.0,0.0,0.0,0.0,0.0,0.0,0.0,0.0,0.0,0.0,0.0,0.0,0.0,0.0,0.0,0.0,0.0,0.0,0.0,12086.0,25922.0,12086.0,0.0,0
SLITRK2,IDH_Mutant,tumor,cycling_tumor,1.0,0.0,1.0,1.0,0.0,0.0,0.0,1.0,1.0,0.0011930593981233,0.0011930593981233,0.0011930593981233,0.0011930593981233,0.0,0.0,0.0011930593981233,0.0011930593981233,1.0,1.0,1.0,1.0,1.0,0.0,1.0,5.80559623923372,5.80559623923372,1.0,0.0,8.628322959583064,33.49753694581281,0.206,0.004,-0.20199999999999999,1.0,2.495374877771578,6410.0,814.0,814.0,0.0,0
SLITRK2,IDH_WT,tumor,AC_like_tumor,1.0,0.0,0.0,0.0,0.0,0.0,0.0,0.0,0.0,0.0,0.0,0.0,0.0,0.0,0.0,0.0,0.0,0.0,0.0,0.0,0.0,0.0,0.0,0.0,0.0,0.0,0.0,0.0,0.0,0.0,0.0,0.0,0.0,0.0,0.0,72549.0,446.0,446.0,0.0,0
SLITRK2,IDH_WT,tumor,OPC_GABA_AC_like_tumor,1.0,0.0,0.0,0.0,0.0,0.0,0.0,0.0,0.0,0.0,0.0,0.0,0.0,0.0,0.0,0.0,0.0,0.0,0.0,0.0,0.0,0.0,0.0,0.0,0.0,0.0,0.0,0.0,0.0,0.0,0.0,0.0,0.0,0.0,0.0,6202.0,1012.0,1012.0,0.0,0
SLITRK2,IDH_WT,tumor,OPC_GABA_like_tumor,1.0,0.0,0.0,0.0,0.0,0.0,0.0,0.0,0.0,0.0,0.0,0.0,0.0,0.0,0.0,0.0,0.0,0.0,0.0,0.0,0.0,0.0,0.0,1.0,2.365256056536932,2.365256056536932,1.0,0.0,232.18221614121134,27.741935483870968,0.367,0.057,-0.31,0.0,0.0,6741.0,14114.0,6741.0,0.0,0
SLITRK2,IDH_WT,T_cell,T cell,1.0,0.0,0.0,0.0,0.0,0.0,0.0,0.0,0.0,0.0,0.0,0.0,0.0,0.0,0.0,0.0,0.0,0.0,0.0,0.0,0.0,0.0,0.0,0.0,0.0,0.0,0.0,0.0,0.0,0.0,0.0,0.0,0.0,0.0,0.0,2662.0,1463.0,1463.0,0.0,0
SLITRK2,IDH_WT,TAM_microglia,TAM1/TAM2/microglia,1.0,0.0,0.0,0.0,0.0,0.0,0.0,0.0,0.0,0.0,0.0,0.0,0.0,0.0,0.0,0.0,0.0,0.0,0.0,0.0,0.0,0.0,0.0,0.0,0.0,0.0,0.0,0.0,0.0,0.0,0.0,0.0,0.0,0.0,0.0,12086.0,25922.0,12086.0,0.0,0
SLITRK2,IDH_WT,tumor,cycling_tumor,1.0,0.0,1.0,1.0,0.0,0.0,0.0,1.0,1.0,0.0011930593981233,0.0011930593981233,0.0011930593981233,0.0011930593981233,0.0,0.0,0.0011930593981233,0.0011930593981233,1.0,1.0,1.0,1.0,1.0,0.0,1.0,2.495374877771578,2.495374877771578,1.0,0.0,168.2567280558554,10.184331797235023,0.299,0.029,-0.26999999999999996,1.0,5.80559623923372,6410.0,814.0,814.0,0.0,0
SORL1,IDH_Mutant,tumor,AC_like_tumor,0.0,1.0,0.0,0.0,0.0,0.0,0.0,0.0,0.0,0.0,0.0,0.0,0.0,0.0,0.0,0.0,0.0,0.0,0.0,0.0,0.0,0.0,0.0,0.0,0.0,0.0,0.0,0.0,0.0,0.0,0.0,0.0,0.0,0.0,0.0,72549.0,446.0,446.0,0.0,0
SORL1,IDH_Mutant,tumor,OPC_GABA_AC_like_tumor,0.0,1.0,0.0,0.0,0.0,0.0,0.0,0.0,0.0,0.0,0.0,0.0,0.0,0.0,0.0,0.0,0.0,0.0,0.0,0.0,0.0,0.0,0.0,0.0,0.0,0.0,0.0,0.0,0.0,0.0,0.0,0.0,0.0,0.0,0.0,6202.0,1012.0,1012.0,0.0,0
SORL1,IDH_Mutant,tumor,OPC_GABA_like_tumor,0.0,1.0,0.0,0.0,0.0,0.0,0.0,0.0,0.0,0.0,0.0,0.0,0.0,0.0,0.0,0.0,0.0,0.0,0.0,0.0,0.0,0.0,0.0,1.0,-3.531974069723913,3.531974069723913,0.0,1.0,307.6526555685888,87.62594223449511,0.043,0.403,0.36000000000000004,1.0,2.095248528363715,6741.0,14114.0,6741.0,0.0,0
SORL1,IDH_Mutant,T_cell,T cell,0.0,1.0,0.0,0.0,0.0,0.0,0.0,0.0,0.0,0.0,0.0,0.0,0.0,0.0,0.0,0.0,0.0,0.0,0.0,0.0,0.0,0.0,0.0,0.0,0.0,0.0,0.0,0.0,0.0,0.0,0.0,0.0,0.0,0.0,0.0,2662.0,1463.0,1463.0,0.0,0
SORL1,IDH_Mutant,TAM_microglia,TAM1/TAM2/microglia,0.0,1.0,14.0,0.0,14.0,0.0,7.0,7.0,0.0,0.019258193673017704,0.0511641001611375,0.26961471142224785,0.0,0.019258193673017704,0.00893568858030967,0.02958069876572574,0.02064501018541607,1.0,1.0,4.0,1.0,7.0,7.0,1.0,0.4988742202019969,0.4988742202019969,1.0,0.0,52.23560904181951,91.1538623094048,0.712,0.585,-0.127,1.0,0.6752151769204435,12086.0,25922.0,12086.0,0.0,0
SORL1,IDH_Mutant,tumor,cycling_tumor,0.0,1.0,0.0,0.0,0.0,0.0,0.0,0.0,0.0,0.0,0.0,0.0,0.0,0.0,0.0,0.0,0.0,0.0,0.0,0.0,0.0,0.0,0.0,1.0,-2.9869407328145727,2.9869407328145727,0.0,1.0,3.1188414720966398,33.49753694581281,0.066,0.304,0.238,1.0,2.466763379747383,6410.0,814.0,814.0,0.0,0
SORL1,IDH_WT,tumor,AC_like_tumor,0.0,1.0,0.0,0.0,0.0,0.0,0.0,0.0,0.0,0.0,0.0,0.0,0.0,0.0,0.0,0.0,0.0,0.0,0.0,0.0,0.0,0.0,0.0,0.0,0.0,0.0,0.0,0.0,0.0,0.0,0.0,0.0,0.0,0.0,0.0,72549.0,446.0,446.0,0.0,0
SORL1,IDH_WT,tumor,OPC_GABA_AC_like_tumor,0.0,1.0,0.0,0.0,0.0,0.0,0.0,0.0,0.0,0.0,0.0,0.0,0.0,0.0,0.0,0.0,0.0,0.0,0.0,0.0,0.0,0.0,0.0,0.0,0.0,0.0,0.0,0.0,0.0,0.0,0.0,0.0,0.0,0.0,0.0,6202.0,1012.0,1012.0,0.0,0
SORL1,IDH_WT,tumor,OPC_GABA_like_tumor,0.0,1.0,0.0,0.0,0.0,0.0,0.0,0.0,0.0,0.0,0.0,0.0,0.0,0.0,0.0,0.0,0.0,0.0,0.0,0.0,0.0,0.0,0.0,1.0,-2.095248528363715,2.095248528363715,0.0,1.0,7.077334313600507,27.741935483870968,0.079,0.133,0.054000000000000006,1.0,3.531974069723913,6741.0,14114.0,6741.0,0.0,0
SORL1,IDH_WT,T_cell,T cell,0.0,1.0,0.0,0.0,0.0,0.0,0.0,0.0,0.0,0.0,0.0,0.0,0.0,0.0,0.0,0.0,0.0,0.0,0.0,0.0,0.0,0.0,0.0,0.0,0.0,0.0,0.0,0.0,0.0,0.0,0.0,0.0,0.0,0.0,0.0,2662.0,1463.0,1463.0,0.0,0
SORL1,IDH_WT,TAM_microglia,TAM1/TAM2/microglia,0.0,1.0,14.0,0.0,14.0,0.0,7.0,7.0,0.0,0.019258193673017704,0.0511641001611375,0.26961471142224785,0.0,0.019258193673017704,0.00893568858030967,0.02958069876572574,0.02064501018541607,1.0,1.0,4.0,1.0,7.0,7.0,1.0,0.6752151769204435,0.6752151769204435,1.0,0.0,92.25877261688396,22.064142753797928,0.629,0.404,-0.22499999999999998,1.0,0.4988742202019969,12086.0,25922.0,12086.0,0.0,0
SORL1,IDH_WT,tumor,cycling_tumor,0.0,1.0,0.0,0.0,0.0,0.0,0.0,0.0,0.0,0.0,0.0,0.0,0.0,0.0,0.0,0.0,0.0,0.0,0.0,0.0,0.0,0.0,0.0,1.0,-2.466763379747383,2.466763379747383,0.0,1.0,2.297328495447522,10.184331797235023,0.084,0.151,0.06699999999999999,1.0,2.9869407328145727,6410.0,814.0,814.0,0.0,0
SORT1,IDH_Mutant,tumor,AC_like_tumor,0.0,1.0,0.0,0.0,0.0,0.0,0.0,0.0,0.0,0.0,0.0,0.0,0.0,0.0,0.0,0.0,0.0,0.0,0.0,0.0,0.0,0.0,0.0,0.0,0.0,0.0,0.0,0.0,0.0,0.0,0.0,0.0,0.0,0.0,0.0,72549.0,446.0,446.0,0.0,0
SORT1,IDH_Mutant,tumor,OPC_GABA_AC_like_tumor,0.0,1.0,0.0,0.0,0.0,0.0,0.0,0.0,0.0,0.0,0.0,0.0,0.0,0.0,0.0,0.0,0.0,0.0,0.0,0.0,0.0,0.0,0.0,0.0,0.0,0.0,0.0,0.0,0.0,0.0,0.0,0.0,0.0,0.0,0.0,6202.0,1012.0,1012.0,0.0,0
SORT1,IDH_Mutant,tumor,OPC_GABA_like_tumor,0.0,1.0,0.0,0.0,0.0,0.0,0.0,0.0,0.0,0.0,0.0,0.0,0.0,0.0,0.0,0.0,0.0,0.0,0.0,0.0,0.0,0.0,0.0,1.0,-1.013349127742366,1.013349127742366,0.0,1.0,14.98635608123007,87.62594223449511,0.084,0.154,0.06999999999999999,1.0,0.4897114363380846,6741.0,14114.0,6741.0,0.0,0
SORT1,IDH_Mutant,T_cell,T cell,0.0,1.0,0.0,0.0,0.0,0.0,0.0,0.0,0.0,0.0,0.0,0.0,0.0,0.0,0.0,0.0,0.0,0.0,0.0,0.0,0.0,0.0,0.0,0.0,0.0,0.0,0.0,0.0,0.0,0.0,0.0,0.0,0.0,0.0,0.0,2662.0,1463.0,1463.0,0.0,0
SORT1,IDH_Mutant,TAM_microglia,TAM1/TAM2/microglia,0.0,1.0,0.0,0.0,0.0,0.0,0.0,0.0,0.0,0.0,0.0,0.0,0.0,0.0,0.0,0.0,0.0,0.0,0.0,0.0,0.0,0.0,0.0,1.0,0.6508113762136554,0.6508113762136554,1.0,0.0,11.424311327706015,91.1538623094048,0.234,0.155,-0.07900000000000001,1.0,0.6720279111030947,12086.0,25922.0,12086.0,0.0,0
SORT1,IDH_Mutant,tumor,cycling_tumor,0.0,1.0,3.0,0.0,3.0,1.0,0.0,3.0,3.0,0.004312044914191967,0.005960292884092,0.0129361347425759,0.0,0.004312044914191967,0.0,0.004312044914191967,0.004312044914191967,1.0,1.0,2.0,1.0,2.0,1.0,0.0,0.0,0.0,0.0,0.0,0.0,0.0,0.0,0.0,0.0,0.0,0.4802925311537963,6410.0,814.0,814.0,0.0,0
SORT1,IDH_WT,tumor,AC_like_tumor,0.0,1.0,0.0,0.0,0.0,0.0,0.0,0.0,0.0,0.0,0.0,0.0,0.0,0.0,0.0,0.0,0.0,0.0,0.0,0.0,0.0,0.0,0.0,0.0,0.0,0.0,0.0,0.0,0.0,0.0,0.0,0.0,0.0,0.0,0.0,72549.0,446.0,446.0,0.0,0
SORT1,IDH_WT,tumor,OPC_GABA_AC_like_tumor,0.0,1.0,0.0,0.0,0.0,0.0,0.0,0.0,0.0,0.0,0.0,0.0,0.0,0.0,0.0,0.0,0.0,0.0,0.0,0.0,0.0,0.0,0.0,0.0,0.0,0.0,0.0,0.0,0.0,0.0,0.0,0.0,0.0,0.0,0.0,6202.0,1012.0,1012.0,0.0,0
SORT1,IDH_WT,tumor,OPC_GABA_like_tumor,0.0,1.0,0.0,0.0,0.0,0.0,0.0,0.0,0.0,0.0,0.0,0.0,0.0,0.0,0.0,0.0,0.0,0.0,0.0,0.0,0.0,0.0,0.0,1.0,-0.4897114363380846,0.4897114363380846,0.0,1.0,5.179604958279772,27.741935483870968,0.227,0.148,-0.07900000000000001,1.0,1.013349127742366,6741.0,14114.0,6741.0,0.0,0
SORT1,IDH_WT,T_cell,T cell,0.0,1.0,0.0,0.0,0.0,0.0,0.0,0.0,0.0,0.0,0.0,0.0,0.0,0.0,0.0,0.0,0.0,0.0,0.0,0.0,0.0,0.0,0.0,0.0,0.0,0.0,0.0,0.0,0.0,0.0,0.0,0.0,0.0,0.0,0.0,2662.0,1463.0,1463.0,0.0,0
SORT1,IDH_WT,TAM_microglia,TAM1/TAM2/microglia,0.0,1.0,0.0,0.0,0.0,0.0,0.0,0.0,0.0,0.0,0.0,0.0,0.0,0.0,0.0,0.0,0.0,0.0,0.0,0.0,0.0,0.0,0.0,1.0,0.6720279111030947,0.6720279111030947,1.0,0.0,22.752652152886284,22.064142753797928,0.195,0.114,-0.081,1.0,0.6508113762136554,12086.0,25922.0,12086.0,0.0,0
SORT1,IDH_WT,tumor,cycling_tumor,0.0,1.0,3.0,0.0,3.0,1.0,0.0,3.0,3.0,0.004312044914191967,0.005960292884092,0.0129361347425759,0.0,0.004312044914191967,0.0,0.004312044914191967,0.004312044914191967,1.0,1.0,2.0,1.0,2.0,1.0,1.0,0.4802925311537963,0.4802925311537963,1.0,0.0,47.401025083636924,10.184331797235023,0.344,0.11,-0.23399999999999999,0.0,0.0,6410.0,814.0,814.0,0.0,0
SPP1,IDH_Mutant,tumor,AC_like_tumor,1.0,0.0,10.0,10.0,0.0,0.0,5.0,5.0,0.0,0.01142515717792402,0.0305221727622704,0.1142515717792402,0.01142515717792402,0.0,0.019474658749573596,0.00337565560627444,-0.016099003143299158,1.0,3.0,1.0,4.0,5.0,5.0,0.0,0.0,0.0,0.0,0.0,0.0,0.0,0.0,0.0,0.0,0.0,2.2244099767214216,72549.0,446.0,446.0,0.0,0
SPP1,IDH_Mutant,tumor,OPC_GABA_AC_like_tumor,1.0,0.0,5.0,5.0,0.0,0.0,5.0,0.0,-5.0,0.0071331209569268,0.0112397372446153,0.035665604784634,0.0071331209569268,0.0,0.0071331209569268,0.0,-0.0071331209569268,1.0,3.0,1.0,4.0,1.0,4.0,1.0,-4.330442522087505,4.330442522087505,0.0,1.0,31.423975934425094,67.82449725776965,0.035,0.295,0.26,1.0,2.26653344561614,6202.0,1012.0,1012.0,0.0,0
SPP1,IDH_Mutant,tumor,OPC_GABA_like_tumor,1.0,0.0,5.0,5.0,0.0,1.0,5.0,0.0,-5.0,0.0053990624157255595,0.0085137702615473,0.0269953120786278,0.0053990624157255595,0.0,0.0053990624157255595,0.0,-0.0053990624157255595,1.0,3.0,1.0,4.0,1.0,4.0,1.0,-2.144547480960237,2.144547480960237,0.0,1.0,17.584618427709376,87.62594223449511,0.104,0.181,0.077,1.0,1.524564223802985,6741.0,14114.0,6741.0,0.0,0
SPP1,IDH_Mutant,T_cell,T cell,1.0,0.0,10.0,10.0,0.0,4.0,5.0,5.0,0.0,0.014777730556444671,0.0326985528375827,0.1477773055644467,0.014777730556444671,0.0,0.008679425831672659,0.02087603528121668,0.01219660944954402,1.0,3.0,1.0,4.0,5.0,5.0,0.0,0.0,0.0,0.0,0.0,0.0,0.0,0.0,0.0,0.0,0.0,0.0,2662.0,1463.0,1463.0,0.0,0
SPP1,IDH_Mutant,TAM_microglia,TAM1/TAM2/microglia,1.0,0.0,10.0,10.0,0.0,2.0,5.0,5.0,0.0,0.03767848687725736,0.0600743503220592,0.3767848687725736,0.03767848687725736,0.0,0.0367044319430384,0.03865254181147632,0.0019481098684379222,1.0,3.0,1.0,4.0,5.0,5.0,1.0,0.9724987470856216,0.9724987470856216,1.0,0.0,228.2688017447793,91.1538623094048,0.896,0.63,-0.266,0.0,0.0,12086.0,25922.0,12086.0,0.0,1
SPP1,IDH_Mutant,tumor,cycling_tumor,1.0,0.0,10.0,10.0,0.0,2.0,5.0,5.0,0.0,0.012435470878227977,0.0364060099743201,0.12435470878227976,0.012435470878227977,0.0,0.02326725096241196,0.0016036907940439947,-0.021663560168367964,1.0,3.0,1.0,4.0,5.0,5.0,1.0,-6.361783731764467,6.361783731764467,0.0,1.0,19.630313068343398,33.49753694581281,0.132,0.626,0.494,1.0,5.034519235889427,6410.0,814.0,814.0,0.0,0
SPP1,IDH_WT,tumor,AC_like_tumor,1.0,0.0,10.0,10.0,0.0,0.0,5.0,5.0,0.0,0.01142515717792402,0.0305221727622704,0.1142515717792402,0.01142515717792402,0.0,0.019474658749573596,0.00337565560627444,-0.016099003143299158,1.0,3.0,1.0,4.0,5.0,5.0,1.0,-2.2244099767214216,2.2244099767214216,0.0,1.0,8.994884358375353,0.166358595194085,0.269,0.606,0.33699999999999997,0.0,0.0,72549.0,446.0,446.0,0.0,0
SPP1,IDH_WT,tumor,OPC_GABA_AC_like_tumor,1.0,0.0,5.0,5.0,0.0,0.0,5.0,0.0,-5.0,0.0071331209569268,0.0112397372446153,0.035665604784634,0.0071331209569268,0.0,0.0071331209569268,0.0,-0.0071331209569268,1.0,3.0,1.0,4.0,1.0,4.0,1.0,-2.26653344561614,2.26653344561614,0.0,1.0,9.573747032509344,3.0783078307830785,0.164,0.462,0.29800000000000004,1.0,4.330442522087505,6202.0,1012.0,1012.0,0.0,0
SPP1,IDH_WT,tumor,OPC_GABA_like_tumor,1.0,0.0,5.0,5.0,0.0,1.0,5.0,0.0,-5.0,0.0053990624157255595,0.0085137702615473,0.0269953120786278,0.0053990624157255595,0.0,0.0053990624157255595,0.0,-0.0053990624157255595,1.0,3.0,1.0,4.0,1.0,4.0,1.0,-1.524564223802985,1.524564223802985,0.0,1.0,15.838803479491808,27.741935483870968,0.352,0.406,0.05400000000000005,1.0,2.144547480960237,6741.0,14114.0,6741.0,0.0,0
SPP1,IDH_WT,T_cell,T cell,1.0,0.0,10.0,10.0,0.0,4.0,5.0,5.0,0.0,0.014777730556444671,0.0326985528375827,0.1477773055644467,0.014777730556444671,0.0,0.008679425831672659,0.02087603528121668,0.01219660944954402,1.0,3.0,1.0,4.0,5.0,5.0,0.0,0.0,0.0,0.0,0.0,0.0,0.0,0.0,0.0,0.0,0.0,0.0,2662.0,1463.0,1463.0,0.0,0
SPP1,IDH_WT,TAM_microglia,TAM1/TAM2/microglia,1.0,0.0,10.0,10.0,0.0,2.0,5.0,5.0,0.0,0.03767848687725736,0.0600743503220592,0.3767848687725736,0.03767848687725736,0.0,0.0367044319430384,0.03865254181147632,0.0019481098684379222,1.0,3.0,1.0,4.0,5.0,5.0,0.0,0.0,0.0,0.0,0.0,0.0,0.0,0.0,0.0,0.0,0.0,0.9724987470856216,12086.0,25922.0,12086.0,0.0,1
SPP1,IDH_WT,tumor,cycling_tumor,1.0,0.0,10.0,10.0,0.0,2.0,5.0,5.0,0.0,0.012435470878227977,0.0364060099743201,0.12435470878227976,0.012435470878227977,0.0,0.02326725096241196,0.0016036907940439947,-0.021663560168367964,1.0,3.0,1.0,4.0,5.0,5.0,1.0,-5.034519235889427,5.034519235889427,0.0,1.0,122.415346717611,10.184331797235023,0.327,0.689,0.36199999999999993,1.0,6.361783731764467,6410.0,814.0,814.0,0.0,0
TGFB1,IDH_Mutant,tumor,AC_like_tumor,1.0,0.0,0.0,0.0,0.0,0.0,0.0,0.0,0.0,0.0,0.0,0.0,0.0,0.0,0.0,0.0,0.0,0.0,0.0,0.0,0.0,0.0,0.0,0.0,0.0,0.0,0.0,0.0,0.0,0.0,0.0,0.0,0.0,0.0,0.0,72549.0,446.0,446.0,0.0,0
TGFB1,IDH_Mutant,tumor,OPC_GABA_AC_like_tumor,1.0,0.0,0.0,0.0,0.0,0.0,0.0,0.0,0.0,0.0,0.0,0.0,0.0,0.0,0.0,0.0,0.0,0.0,0.0,0.0,0.0,0.0,0.0,0.0,0.0,0.0,0.0,0.0,0.0,0.0,0.0,0.0,0.0,0.0,0.0,6202.0,1012.0,1012.0,0.0,0
TGFB1,IDH_Mutant,tumor,OPC_GABA_like_tumor,1.0,0.0,0.0,0.0,0.0,0.0,0.0,0.0,0.0,0.0,0.0,0.0,0.0,0.0,0.0,0.0,0.0,0.0,0.0,0.0,0.0,0.0,0.0,0.0,0.0,0.0,0.0,0.0,0.0,0.0,0.0,0.0,0.0,0.0,0.0,6741.0,14114.0,6741.0,0.0,0
TGFB1,IDH_Mutant,T_cell,T cell,1.0,0.0,0.0,0.0,0.0,0.0,0.0,0.0,0.0,0.0,0.0,0.0,0.0,0.0,0.0,0.0,0.0,0.0,0.0,0.0,0.0,0.0,0.0,0.0,0.0,0.0,0.0,0.0,0.0,0.0,0.0,0.0,0.0,0.0,0.0,2662.0,1463.0,1463.0,0.0,0
TGFB1,IDH_Mutant,TAM_microglia,TAM1/TAM2/microglia,1.0,0.0,4.0,4.0,0.0,4.0,2.0,2.0,0.0,0.003124057670555575,0.0050238491740621,0.0124962306822223,0.003124057670555575,0.0,0.0024356743697237,0.00381244097138745,0.0013767666016637498,1.0,2.0,1.0,1.0,2.0,2.0,0.0,0.0,0.0,0.0,0.0,0.0,0.0,0.0,0.0,0.0,0.0,0.0,12086.0,25922.0,12086.0,0.0,0
TGFB1,IDH_Mutant,tumor,cycling_tumor,1.0,0.0,0.0,0.0,0.0,0.0,0.0,0.0,0.0,0.0,0.0,0.0,0.0,0.0,0.0,0.0,0.0,0.0,0.0,0.0,0.0,0.0,0.0,1.0,-6.31110728427774,6.31110728427774,0.0,1.0,3.389996469301425,33.49753694581281,0.015,0.23,0.21500000000000002,0.0,0.0,6410.0,814.0,814.0,0.0,0
TGFB1,IDH_WT,tumor,AC_like_tumor,1.0,0.0,0.0,0.0,0.0,0.0,0.0,0.0,0.0,0.0,0.0,0.0,0.0,0.0,0.0,0.0,0.0,0.0,0.0,0.0,0.0,0.0,0.0,0.0,0.0,0.0,0.0,0.0,0.0,0.0,0.0,0.0,0.0,0.0,0.0,72549.0,446.0,446.0,0.0,0
TGFB1,IDH_WT,tumor,OPC_GABA_AC_like_tumor,1.0,0.0,0.0,0.0,0.0,0.0,0.0,0.0,0.0,0.0,0.0,0.0,0.0,0.0,0.0,0.0,0.0,0.0,0.0,0.0,0.0,0.0,0.0,0.0,0.0,0.0,0.0,0.0,0.0,0.0,0.0,0.0,0.0,0.0,0.0,6202.0,1012.0,1012.0,0.0,0
TGFB1,IDH_WT,tumor,OPC_GABA_like_tumor,1.0,0.0,0.0,0.0,0.0,0.0,0.0,0.0,0.0,0.0,0.0,0.0,0.0,0.0,0.0,0.0,0.0,0.0,0.0,0.0,0.0,0.0,0.0,0.0,0.0,0.0,0.0,0.0,0.0,0.0,0.0,0.0,0.0,0.0,0.0,6741.0,14114.0,6741.0,0.0,0
TGFB1,IDH_WT,T_cell,T cell,1.0,0.0,0.0,0.0,0.0,0.0,0.0,0.0,0.0,0.0,0.0,0.0,0.0,0.0,0.0,0.0,0.0,0.0,0.0,0.0,0.0,0.0,0.0,0.0,0.0,0.0,0.0,0.0,0.0,0.0,0.0,0.0,0.0,0.0,0.0,2662.0,1463.0,1463.0,0.0,0
TGFB1,IDH_WT,TAM_microglia,TAM1/TAM2/microglia,1.0,0.0,4.0,4.0,0.0,4.0,2.0,2.0,0.0,0.003124057670555575,0.0050238491740621,0.0124962306822223,0.003124057670555575,0.0,0.0024356743697237,0.00381244097138745,0.0013767666016637498,1.0,2.0,1.0,1.0,2.0,2.0,0.0,0.0,0.0,0.0,0.0,0.0,0.0,0.0,0.0,0.0,0.0,0.0,12086.0,25922.0,12086.0,0.0,0
TGFB1,IDH_WT,tumor,cycling_tumor,1.0,0.0,0.0,0.0,0.0,0.0,0.0,0.0,0.0,0.0,0.0,0.0,0.0,0.0,0.0,0.0,0.0,0.0,0.0,0.0,0.0,0.0,0.0,0.0,0.0,0.0,0.0,0.0,0.0,0.0,0.0,0.0,0.0,0.0,6.31110728427774,6410.0,814.0,814.0,0.0,0
TGFBR1,IDH_Mutant,tumor,AC_like_tumor,0.0,1.0,0.0,0.0,0.0,0.0,0.0,0.0,0.0,0.0,0.0,0.0,0.0,0.0,0.0,0.0,0.0,0.0,0.0,0.0,0.0,0.0,0.0,0.0,0.0,0.0,0.0,0.0,0.0,0.0,0.0,0.0,0.0,0.0,0.0,72549.0,446.0,446.0,0.0,0
TGFBR1,IDH_Mutant,tumor,OPC_GABA_AC_like_tumor,0.0,1.0,0.0,0.0,0.0,0.0,0.0,0.0,0.0,0.0,0.0,0.0,0.0,0.0,0.0,0.0,0.0,0.0,0.0,0.0,0.0,0.0,0.0,0.0,0.0,0.0,0.0,0.0,0.0,0.0,0.0,0.0,0.0,0.0,0.0,6202.0,1012.0,1012.0,0.0,0
TGFBR1,IDH_Mutant,tumor,OPC_GABA_like_tumor,0.0,1.0,0.0,0.0,0.0,0.0,0.0,0.0,0.0,0.0,0.0,0.0,0.0,0.0,0.0,0.0,0.0,0.0,0.0,0.0,0.0,0.0,0.0,1.0,0.7979879393682399,0.7979879393682399,1.0,0.0,7.420984590469203,87.62594223449511,0.126,0.066,-0.06,1.0,1.231373244136207,6741.0,14114.0,6741.0,0.0,0
TGFBR1,IDH_Mutant,T_cell,T cell,0.0,1.0,0.0,0.0,0.0,0.0,0.0,0.0,0.0,0.0,0.0,0.0,0.0,0.0,0.0,0.0,0.0,0.0,0.0,0.0,0.0,0.0,0.0,0.0,0.0,0.0,0.0,0.0,0.0,0.0,0.0,0.0,0.0,0.0,0.0,2662.0,1463.0,1463.0,0.0,0
TGFBR1,IDH_Mutant,TAM_microglia,TAM1/TAM2/microglia,0.0,1.0,4.0,0.0,4.0,4.0,2.0,2.0,0.0,0.003124057670555575,0.0050238491740621,0.0124962306822223,0.0,0.003124057670555575,0.00213090331962035,0.0041172120214908,0.0019863087018704498,1.0,1.0,1.0,1.0,2.0,2.0,1.0,1.1879902171924317,1.1879902171924317,1.0,0.0,57.04143479649057,91.1538623094048,0.418,0.247,-0.17099999999999999,1.0,0.7085082473982679,12086.0,25922.0,12086.0,0.0,0
TGFBR1,IDH_Mutant,tumor,cycling_tumor,0.0,1.0,0.0,0.0,0.0,0.0,0.0,0.0,0.0,0.0,0.0,0.0,0.0,0.0,0.0,0.0,0.0,0.0,0.0,0.0,0.0,0.0,0.0,0.0,0.0,0.0,0.0,0.0,0.0,0.0,0.0,0.0,0.0,0.0,0.0,6410.0,814.0,814.0,0.0,0
TGFBR1,IDH_WT,tumor,AC_like_tumor,0.0,1.0,0.0,0.0,0.0,0.0,0.0,0.0,0.0,0.0,0.0,0.0,0.0,0.0,0.0,0.0,0.0,0.0,0.0,0.0,0.0,0.0,0.0,0.0,0.0,0.0,0.0,0.0,0.0,0.0,0.0,0.0,0.0,0.0,0.0,72549.0,446.0,446.0,0.0,0
TGFBR1,IDH_WT,tumor,OPC_GABA_AC_like_tumor,0.0,1.0,0.0,0.0,0.0,0.0,0.0,0.0,0.0,0.0,0.0,0.0,0.0,0.0,0.0,0.0,0.0,0.0,0.0,0.0,0.0,0.0,0.0,0.0,0.0,0.0,0.0,0.0,0.0,0.0,0.0,0.0,0.0,0.0,0.0,6202.0,1012.0,1012.0,0.0,0
TGFBR1,IDH_WT,tumor,OPC_GABA_like_tumor,0.0,1.0,0.0,0.0,0.0,0.0,0.0,0.0,0.0,0.0,0.0,0.0,0.0,0.0,0.0,0.0,0.0,0.0,0.0,0.0,0.0,0.0,0.0,1.0,1.231373244136207,1.231373244136207,1.0,0.0,85.7454350088719,27.741935483870968,0.231,0.06,-0.171,1.0,0.7979879393682399,6741.0,14114.0,6741.0,0.0,0
TGFBR1,IDH_WT,T_cell,T cell,0.0,1.0,0.0,0.0,0.0,0.0,0.0,0.0,0.0,0.0,0.0,0.0,0.0,0.0,0.0,0.0,0.0,0.0,0.0,0.0,0.0,0.0,0.0,0.0,0.0,0.0,0.0,0.0,0.0,0.0,0.0,0.0,0.0,0.0,0.0,2662.0,1463.0,1463.0,0.0,0
TGFBR1,IDH_WT,TAM_microglia,TAM1/TAM2/microglia,0.0,1.0,4.0,0.0,4.0,4.0,2.0,2.0,0.0,0.003124057670555575,0.0050238491740621,0.0124962306822223,0.0,0.003124057670555575,0.00213090331962035,0.0041172120214908,0.0019863087018704498,1.0,1.0,1.0,1.0,2.0,2.0,1.0,0.7085082473982679,0.7085082473982679,1.0,0.0,53.24782227465695,22.064142753797928,0.412,0.256,-0.15599999999999997,1.0,1.1879902171924317,12086.0,25922.0,12086.0,0.0,0
TGFBR1,IDH_WT,tumor,cycling_tumor,0.0,1.0,0.0,0.0,0.0,0.0,0.0,0.0,0.0,0.0,0.0,0.0,0.0,0.0,0.0,0.0,0.0,0.0,0.0,0.0,0.0,0.0,0.0,0.0,0.0,0.0,0.0,0.0,0.0,0.0,0.0,0.0,0.0,0.0,0.0,6410.0,814.0,814.0,0.0,0
TGFBR2,IDH_Mutant,tumor,AC_like_tumor,0.0,1.0,0.0,0.0,0.0,0.0,0.0,0.0,0.0,0.0,0.0,0.0,0.0,0.0,0.0,0.0,0.0,0.0,0.0,0.0,0.0,0.0,0.0,0.0,0.0,0.0,0.0,0.0,0.0,0.0,0.0,0.0,0.0,0.0,0.0,72549.0,446.0,446.0,0.0,0
TGFBR2,IDH_Mutant,tumor,OPC_GABA_AC_like_tumor,0.0,1.0,0.0,0.0,0.0,0.0,0.0,0.0,0.0,0.0,0.0,0.0,0.0,0.0,0.0,0.0,0.0,0.0,0.0,0.0,0.0,0.0,0.0,0.0,0.0,0.0,0.0,0.0,0.0,0.0,0.0,0.0,0.0,0.0,0.0,6202.0,1012.0,1012.0,0.0,0
TGFBR2,IDH_Mutant,tumor,OPC_GABA_like_tumor,0.0,1.0,0.0,0.0,0.0,0.0,0.0,0.0,0.0,0.0,0.0,0.0,0.0,0.0,0.0,0.0,0.0,0.0,0.0,0.0,0.0,0.0,0.0,0.0,0.0,0.0,0.0,0.0,0.0,0.0,0.0,0.0,0.0,0.0,0.0,6741.0,14114.0,6741.0,0.0,0
TGFBR2,IDH_Mutant,T_cell,T cell,0.0,1.0,0.0,0.0,0.0,0.0,0.0,0.0,0.0,0.0,0.0,0.0,0.0,0.0,0.0,0.0,0.0,0.0,0.0,0.0,0.0,0.0,0.0,0.0,0.0,0.0,0.0,0.0,0.0,0.0,0.0,0.0,0.0,0.0,0.0,2662.0,1463.0,1463.0,0.0,0
TGFBR2,IDH_Mutant,TAM_microglia,TAM1/TAM2/microglia,0.0,1.0,4.0,0.0,4.0,4.0,2.0,2.0,0.0,0.003124057670555575,0.0050238491740621,0.0124962306822223,0.0,0.003124057670555575,0.00213090331962035,0.0041172120214908,0.0019863087018704498,1.0,1.0,1.0,1.0,2.0,2.0,1.0,0.5832972303272868,0.5832972303272868,1.0,0.0,27.11970147496809,91.1538623094048,0.481,0.353,-0.128,1.0,0.5692720779110882,12086.0,25922.0,12086.0,0.0,0
TGFBR2,IDH_Mutant,tumor,cycling_tumor,0.0,1.0,0.0,0.0,0.0,0.0,0.0,0.0,0.0,0.0,0.0,0.0,0.0,0.0,0.0,0.0,0.0,0.0,0.0,0.0,0.0,0.0,0.0,1.0,-6.8844254226233375,6.8844254226233375,0.0,1.0,1.458308263742727,33.49753694581281,0.0,0.156,0.156,0.0,0.0,6410.0,814.0,814.0,0.0,0
TGFBR2,IDH_WT,tumor,AC_like_tumor,0.0,1.0,0.0,0.0,0.0,0.0,0.0,0.0,0.0,0.0,0.0,0.0,0.0,0.0,0.0,0.0,0.0,0.0,0.0,0.0,0.0,0.0,0.0,0.0,0.0,0.0,0.0,0.0,0.0,0.0,0.0,0.0,0.0,0.0,0.0,72549.0,446.0,446.0,0.0,0
TGFBR2,IDH_WT,tumor,OPC_GABA_AC_like_tumor,0.0,1.0,0.0,0.0,0.0,0.0,0.0,0.0,0.0,0.0,0.0,0.0,0.0,0.0,0.0,0.0,0.0,0.0,0.0,0.0,0.0,0.0,0.0,0.0,0.0,0.0,0.0,0.0,0.0,0.0,0.0,0.0,0.0,0.0,0.0,6202.0,1012.0,1012.0,0.0,0
TGFBR2,IDH_WT,tumor,OPC_GABA_like_tumor,0.0,1.0,0.0,0.0,0.0,0.0,0.0,0.0,0.0,0.0,0.0,0.0,0.0,0.0,0.0,0.0,0.0,0.0,0.0,0.0,0.0,0.0,0.0,0.0,0.0,0.0,0.0,0.0,0.0,0.0,0.0,0.0,0.0,0.0,0.0,6741.0,14114.0,6741.0,0.0,0
TGFBR2,IDH_WT,T_cell,T cell,0.0,1.0,0.0,0.0,0.0,0.0,0.0,0.0,0.0,0.0,0.0,0.0,0.0,0.0,0.0,0.0,0.0,0.0,0.0,0.0,0.0,0.0,0.0,0.0,0.0,0.0,0.0,0.0,0.0,0.0,0.0,0.0,0.0,0.0,0.0,2662.0,1463.0,1463.0,0.0,0
TGFBR2,IDH_WT,TAM_microglia,TAM1/TAM2/microglia,0.0,1.0,4.0,0.0,4.0,4.0,2.0,2.0,0.0,0.003124057670555575,0.0050238491740621,0.0124962306822223,0.0,0.003124057670555575,0.00213090331962035,0.0041172120214908,0.0019863087018704498,1.0,1.0,1.0,1.0,2.0,2.0,1.0,0.5692720779110882,0.5692720779110882,1.0,0.0,44.060814643964726,22.064142753797928,0.389,0.246,-0.14300000000000002,1.0,0.5832972303272868,12086.0,25922.0,12086.0,0.0,0
TGFBR2,IDH_WT,tumor,cycling_tumor,0.0,1.0,0.0,0.0,0.0,0.0,0.0,0.0,0.0,0.0,0.0,0.0,0.0,0.0,0.0,0.0,0.0,0.0,0.0,0.0,0.0,0.0,0.0,0.0,0.0,0.0,0.0,0.0,0.0,0.0,0.0,0.0,0.0,0.0,6.8844254226233375,6410.0,814.0,814.0,0.0,0
THY1,IDH_Mutant,tumor,AC_like_tumor,1.0,0.0,0.0,0.0,0.0,0.0,0.0,0.0,0.0,0.0,0.0,0.0,0.0,0.0,0.0,0.0,0.0,0.0,0.0,0.0,0.0,0.0,0.0,1.0,2.3129413973167683,2.3129413973167683,1.0,0.0,22.475625012904374,6.244483671668138,0.279,0.084,-0.195,1.0,2.52139659583966,72549.0,446.0,446.0,0.0,0
THY1,IDH_Mutant,tumor,OPC_GABA_AC_like_tumor,1.0,0.0,0.0,0.0,0.0,0.0,0.0,0.0,0.0,0.0,0.0,0.0,0.0,0.0,0.0,0.0,0.0,0.0,0.0,0.0,0.0,0.0,0.0,0.0,0.0,0.0,0.0,0.0,0.0,0.0,0.0,0.0,0.0,0.0,2.818797499216989,6202.0,1012.0,1012.0,0.0,0
THY1,IDH_Mutant,tumor,OPC_GABA_like_tumor,1.0,0.0,1.0,1.0,0.0,0.0,0.0,1.0,1.0,0.0075597332050079,0.0075597332050079,0.0075597332050079,0.0075597332050079,0.0,0.0,0.0075597332050079,0.0075597332050079,1.0,2.0,1.0,1.0,1.0,0.0,1.0,1.6376439269674128,1.6376439269674128,1.0,0.0,131.8425047459547,87.62594223449511,0.461,0.129,-0.332,1.0,2.4060124996105,6741.0,14114.0,6741.0,0.0,0
THY1,IDH_Mutant,T_cell,T cell,1.0,0.0,0.0,0.0,0.0,0.0,0.0,0.0,0.0,0.0,0.0,0.0,0.0,0.0,0.0,0.0,0.0,0.0,0.0,0.0,0.0,0.0,0.0,0.0,0.0,0.0,0.0,0.0,0.0,0.0,0.0,0.0,0.0,0.0,0.0,2662.0,1463.0,1463.0,0.0,0
THY1,IDH_Mutant,TAM_microglia,TAM1/TAM2/microglia,1.0,0.0,0.0,0.0,0.0,0.0,0.0,0.0,0.0,0.0,0.0,0.0,0.0,0.0,0.0,0.0,0.0,0.0,0.0,0.0,0.0,0.0,0.0,0.0,0.0,0.0,0.0,0.0,0.0,0.0,0.0,0.0,0.0,0.0,0.0,12086.0,25922.0,12086.0,0.0,0
THY1,IDH_Mutant,tumor,cycling_tumor,1.0,0.0,1.0,1.0,0.0,0.0,0.0,1.0,1.0,0.0141911373026763,0.0141911373026763,0.0141911373026763,0.0141911373026763,0.0,0.0,0.0141911373026763,0.0141911373026763,1.0,2.0,1.0,1.0,1.0,0.0,1.0,5.287322438007705,5.287322438007705,1.0,0.0,17.07447583658411,33.49753694581281,0.338,0.007,-0.331,1.0,2.086533598784398,6410.0,814.0,814.0,0.0,0
THY1,IDH_WT,tumor,AC_like_tumor,1.0,0.0,0.0,0.0,0.0,0.0,0.0,0.0,0.0,0.0,0.0,0.0,0.0,0.0,0.0,0.0,0.0,0.0,0.0,0.0,0.0,0.0,0.0,1.0,2.52139659583966,2.52139659583966,1.0,0.0,2.4490698577526384,0.166358595194085,0.139,0.04,-0.099,1.0,2.3129413973167683,72549.0,446.0,446.0,0.0,0
THY1,IDH_WT,tumor,OPC_GABA_AC_like_tumor,1.0,0.0,0.0,0.0,0.0,0.0,0.0,0.0,0.0,0.0,0.0,0.0,0.0,0.0,0.0,0.0,0.0,0.0,0.0,0.0,0.0,0.0,0.0,1.0,2.818797499216989,2.818797499216989,1.0,0.0,43.1572602022785,3.0783078307830785,0.263,0.035,-0.228,0.0,0.0,6202.0,1012.0,1012.0,0.0,0
THY1,IDH_WT,tumor,OPC_GABA_like_tumor,1.0,0.0,1.0,1.0,0.0,0.0,0.0,1.0,1.0,0.0075597332050079,0.0075597332050079,0.0075597332050079,0.0075597332050079,0.0,0.0,0.0075597332050079,0.0075597332050079,1.0,2.0,1.0,1.0,1.0,0.0,1.0,2.4060124996105,2.4060124996105,1.0,0.0,307.6526555685888,27.741935483870968,0.617,0.102,-0.515,1.0,1.6376439269674128,6741.0,14114.0,6741.0,0.0,0
THY1,IDH_WT,T_cell,T cell,1.0,0.0,0.0,0.0,0.0,0.0,0.0,0.0,0.0,0.0,0.0,0.0,0.0,0.0,0.0,0.0,0.0,0.0,0.0,0.0,0.0,0.0,0.0,0.0,0.0,0.0,0.0,0.0,0.0,0.0,0.0,0.0,0.0,0.0,0.0,2662.0,1463.0,1463.0,0.0,0
THY1,IDH_WT,TAM_microglia,TAM1/TAM2/microglia,1.0,0.0,0.0,0.0,0.0,0.0,0.0,0.0,0.0,0.0,0.0,0.0,0.0,0.0,0.0,0.0,0.0,0.0,0.0,0.0,0.0,0.0,0.0,0.0,0.0,0.0,0.0,0.0,0.0,0.0,0.0,0.0,0.0,0.0,0.0,12086.0,25922.0,12086.0,0.0,0
THY1,IDH_WT,tumor,cycling_tumor,1.0,0.0,1.0,1.0,0.0,0.0,0.0,1.0,1.0,0.0141911373026763,0.0141911373026763,0.0141911373026763,0.0141911373026763,0.0,0.0,0.0141911373026763,0.0141911373026763,1.0,2.0,1.0,1.0,1.0,0.0,1.0,2.086533598784398,2.086533598784398,1.0,0.0,307.6526555685888,10.184331797235023,0.617,0.071,-0.546,1.0,5.287322438007705,6410.0,814.0,814.0,0.0,0
TMIGD3,IDH_Mutant,tumor,AC_like_tumor,0.0,1.0,0.0,0.0,0.0,0.0,0.0,0.0,0.0,0.0,0.0,0.0,0.0,0.0,0.0,0.0,0.0,0.0,0.0,0.0,0.0,0.0,0.0,0.0,0.0,0.0,0.0,0.0,0.0,0.0,0.0,0.0,0.0,0.0,0.0,72549.0,446.0,446.0,0.0,0
TMIGD3,IDH_Mutant,tumor,OPC_GABA_AC_like_tumor,0.0,1.0,0.0,0.0,0.0,0.0,0.0,0.0,0.0,0.0,0.0,0.0,0.0,0.0,0.0,0.0,0.0,0.0,0.0,0.0,0.0,0.0,0.0,0.0,0.0,0.0,0.0,0.0,0.0,0.0,0.0,0.0,0.0,0.0,0.0,6202.0,1012.0,1012.0,0.0,0
TMIGD3,IDH_Mutant,tumor,OPC_GABA_like_tumor,0.0,1.0,0.0,0.0,0.0,0.0,0.0,0.0,0.0,0.0,0.0,0.0,0.0,0.0,0.0,0.0,0.0,0.0,0.0,0.0,0.0,0.0,0.0,0.0,0.0,0.0,0.0,0.0,0.0,0.0,0.0,0.0,0.0,0.0,0.0,6741.0,14114.0,6741.0,0.0,0
TMIGD3,IDH_Mutant,T_cell,T cell,0.0,1.0,0.0,0.0,0.0,0.0,0.0,0.0,0.0,0.0,0.0,0.0,0.0,0.0,0.0,0.0,0.0,0.0,0.0,0.0,0.0,0.0,0.0,0.0,0.0,0.0,0.0,0.0,0.0,0.0,0.0,0.0,0.0,0.0,0.0,2662.0,1463.0,1463.0,0.0,0
TMIGD3,IDH_Mutant,TAM_microglia,TAM1/TAM2/microglia,0.0,1.0,2.0,0.0,2.0,2.0,1.0,1.0,0.0,0.0091541146819648,0.0134956831199029,0.0183082293639296,0.0,0.0091541146819648,0.0048125462440267,0.0134956831199029,0.008683136875876199,1.0,1.0,1.0,1.0,1.0,1.0,1.0,0.5176325944833349,0.5176325944833349,1.0,0.0,33.76859297279575,91.1538623094048,0.587,0.438,-0.14899999999999997,1.0,0.7440367137161494,12086.0,25922.0,12086.0,0.0,0
TMIGD3,IDH_Mutant,tumor,cycling_tumor,0.0,1.0,0.0,0.0,0.0,0.0,0.0,0.0,0.0,0.0,0.0,0.0,0.0,0.0,0.0,0.0,0.0,0.0,0.0,0.0,0.0,0.0,0.0,1.0,-5.246512447110795,5.246512447110795,0.0,1.0,5.594656120336014,33.49753694581281,0.007,0.274,0.267,1.0,5.366153677704372,6410.0,814.0,814.0,0.0,0
TMIGD3,IDH_WT,tumor,AC_like_tumor,0.0,1.0,0.0,0.0,0.0,0.0,0.0,0.0,0.0,0.0,0.0,0.0,0.0,0.0,0.0,0.0,0.0,0.0,0.0,0.0,0.0,0.0,0.0,0.0,0.0,0.0,0.0,0.0,0.0,0.0,0.0,0.0,0.0,0.0,0.0,72549.0,446.0,446.0,0.0,0
TMIGD3,IDH_WT,tumor,OPC_GABA_AC_like_tumor,0.0,1.0,0.0,0.0,0.0,0.0,0.0,0.0,0.0,0.0,0.0,0.0,0.0,0.0,0.0,0.0,0.0,0.0,0.0,0.0,0.0,0.0,0.0,0.0,0.0,0.0,0.0,0.0,0.0,0.0,0.0,0.0,0.0,0.0,0.0,6202.0,1012.0,1012.0,0.0,0
TMIGD3,IDH_WT,tumor,OPC_GABA_like_tumor,0.0,1.0,0.0,0.0,0.0,0.0,0.0,0.0,0.0,0.0,0.0,0.0,0.0,0.0,0.0,0.0,0.0,0.0,0.0,0.0,0.0,0.0,0.0,0.0,0.0,0.0,0.0,0.0,0.0,0.0,0.0,0.0,0.0,0.0,0.0,6741.0,14114.0,6741.0,0.0,0
TMIGD3,IDH_WT,T_cell,T cell,0.0,1.0,0.0,0.0,0.0,0.0,0.0,0.0,0.0,0.0,0.0,0.0,0.0,0.0,0.0,0.0,0.0,0.0,0.0,0.0,0.0,0.0,0.0,0.0,0.0,0.0,0.0,0.0,0.0,0.0,0.0,0.0,0.0,0.0,0.0,2662.0,1463.0,1463.0,0.0,0
TMIGD3,IDH_WT,TAM_microglia,TAM1/TAM2/microglia,0.0,1.0,2.0,0.0,2.0,2.0,1.0,1.0,0.0,0.0091541146819648,0.0134956831199029,0.0183082293639296,0.0,0.0091541146819648,0.0048125462440267,0.0134956831199029,0.008683136875876199,1.0,1.0,1.0,1.0,1.0,1.0,1.0,0.7440367137161494,0.7440367137161494,1.0,0.0,85.54630245605291,22.064142753797928,0.583,0.374,-0.20899999999999996,1.0,0.5176325944833349,12086.0,25922.0,12086.0,0.0,0
TMIGD3,IDH_WT,tumor,cycling_tumor,0.0,1.0,0.0,0.0,0.0,0.0,0.0,0.0,0.0,0.0,0.0,0.0,0.0,0.0,0.0,0.0,0.0,0.0,0.0,0.0,0.0,0.0,0.0,1.0,-5.366153677704372,5.366153677704372,0.0,1.0,26.88427138261898,10.184331797235023,0.018,0.204,0.186,1.0,5.246512447110795,6410.0,814.0,814.0,0.0,0
TNF,IDH_Mutant,tumor,AC_like_tumor,1.0,0.0,0.0,0.0,0.0,0.0,0.0,0.0,0.0,0.0,0.0,0.0,0.0,0.0,0.0,0.0,0.0,0.0,0.0,0.0,0.0,0.0,0.0,0.0,0.0,0.0,0.0,0.0,0.0,0.0,0.0,0.0,0.0,0.0,0.0,72549.0,446.0,446.0,0.0,0
TNF,IDH_Mutant,tumor,OPC_GABA_AC_like_tumor,1.0,0.0,0.0,0.0,0.0,0.0,0.0,0.0,0.0,0.0,0.0,0.0,0.0,0.0,0.0,0.0,0.0,0.0,0.0,0.0,0.0,0.0,0.0,0.0,0.0,0.0,0.0,0.0,0.0,0.0,0.0,0.0,0.0,0.0,0.0,6202.0,1012.0,1012.0,0.0,0
TNF,IDH_Mutant,tumor,OPC_GABA_like_tumor,1.0,0.0,0.0,0.0,0.0,0.0,0.0,0.0,0.0,0.0,0.0,0.0,0.0,0.0,0.0,0.0,0.0,0.0,0.0,0.0,0.0,0.0,0.0,0.0,0.0,0.0,0.0,0.0,0.0,0.0,0.0,0.0,0.0,0.0,0.0,6741.0,14114.0,6741.0,0.0,0
TNF,IDH_Mutant,T_cell,T cell,1.0,0.0,0.0,0.0,0.0,0.0,0.0,0.0,0.0,0.0,0.0,0.0,0.0,0.0,0.0,0.0,0.0,0.0,0.0,0.0,0.0,0.0,0.0,0.0,0.0,0.0,0.0,0.0,0.0,0.0,0.0,0.0,0.0,0.0,0.0,2662.0,1463.0,1463.0,0.0,0
TNF,IDH_Mutant,TAM_microglia,TAM1/TAM2/microglia,1.0,0.0,3.0,3.0,0.0,3.0,0.0,3.0,3.0,0.005627865693459934,0.0066747111237441,0.0168835970803798,0.005627865693459934,0.0,0.0,0.005627865693459934,0.005627865693459934,1.0,2.0,1.0,1.0,2.0,1.0,1.0,1.3132675410875527,1.3132675410875527,1.0,0.0,80.4831079865942,91.1538623094048,0.506,0.299,-0.20700000000000002,1.0,1.3848520706951286,12086.0,25922.0,12086.0,0.0,0
TNF,IDH_Mutant,tumor,cycling_tumor,1.0,0.0,0.0,0.0,0.0,0.0,0.0,0.0,0.0,0.0,0.0,0.0,0.0,0.0,0.0,0.0,0.0,0.0,0.0,0.0,0.0,0.0,0.0,0.0,0.0,0.0,0.0,0.0,0.0,0.0,0.0,0.0,0.0,0.0,0.0,6410.0,814.0,814.0,0.0,0
TNF,IDH_WT,tumor,AC_like_tumor,1.0,0.0,0.0,0.0,0.0,0.0,0.0,0.0,0.0,0.0,0.0,0.0,0.0,0.0,0.0,0.0,0.0,0.0,0.0,0.0,0.0,0.0,0.0,0.0,0.0,0.0,0.0,0.0,0.0,0.0,0.0,0.0,0.0,0.0,0.0,72549.0,446.0,446.0,0.0,0
TNF,IDH_WT,tumor,OPC_GABA_AC_like_tumor,1.0,0.0,0.0,0.0,0.0,0.0,0.0,0.0,0.0,0.0,0.0,0.0,0.0,0.0,0.0,0.0,0.0,0.0,0.0,0.0,0.0,0.0,0.0,0.0,0.0,0.0,0.0,0.0,0.0,0.0,0.0,0.0,0.0,0.0,0.0,6202.0,1012.0,1012.0,0.0,0
TNF,IDH_WT,tumor,OPC_GABA_like_tumor,1.0,0.0,0.0,0.0,0.0,0.0,0.0,0.0,0.0,0.0,0.0,0.0,0.0,0.0,0.0,0.0,0.0,0.0,0.0,0.0,0.0,0.0,0.0,0.0,0.0,0.0,0.0,0.0,0.0,0.0,0.0,0.0,0.0,0.0,0.0,6741.0,14114.0,6741.0,0.0,0
TNF,IDH_WT,T_cell,T cell,1.0,0.0,0.0,0.0,0.0,0.0,0.0,0.0,0.0,0.0,0.0,0.0,0.0,0.0,0.0,0.0,0.0,0.0,0.0,0.0,0.0,0.0,0.0,0.0,0.0,0.0,0.0,0.0,0.0,0.0,0.0,0.0,0.0,0.0,0.0,2662.0,1463.0,1463.0,0.0,0
TNF,IDH_WT,TAM_microglia,TAM1/TAM2/microglia,1.0,0.0,3.0,3.0,0.0,3.0,0.0,3.0,3.0,0.005627865693459934,0.0066747111237441,0.0168835970803798,0.005627865693459934,0.0,0.0,0.005627865693459934,0.005627865693459934,1.0,2.0,1.0,1.0,2.0,1.0,1.0,1.3848520706951286,1.3848520706951286,1.0,0.0,103.47837557536793,22.064142753797928,0.332,0.146,-0.18600000000000003,1.0,1.3132675410875527,12086.0,25922.0,12086.0,0.0,0
TNF,IDH_WT,tumor,cycling_tumor,1.0,0.0,0.0,0.0,0.0,0.0,0.0,0.0,0.0,0.0,0.0,0.0,0.0,0.0,0.0,0.0,0.0,0.0,0.0,0.0,0.0,0.0,0.0,0.0,0.0,0.0,0.0,0.0,0.0,0.0,0.0,0.0,0.0,0.0,0.0,6410.0,814.0,814.0,0.0,0
TNFRSF1A,IDH_Mutant,tumor,AC_like_tumor,0.0,1.0,0.0,0.0,0.0,0.0,0.0,0.0,0.0,0.0,0.0,0.0,0.0,0.0,0.0,0.0,0.0,0.0,0.0,0.0,0.0,0.0,0.0,0.0,0.0,0.0,0.0,0.0,0.0,0.0,0.0,0.0,0.0,0.0,0.0,72549.0,446.0,446.0,0.0,0
TNFRSF1A,IDH_Mutant,tumor,OPC_GABA_AC_like_tumor,0.0,1.0,0.0,0.0,0.0,0.0,0.0,0.0,0.0,0.0,0.0,0.0,0.0,0.0,0.0,0.0,0.0,0.0,0.0,0.0,0.0,0.0,0.0,0.0,0.0,0.0,0.0,0.0,0.0,0.0,0.0,0.0,0.0,0.0,0.0,6202.0,1012.0,1012.0,0.0,0
TNFRSF1A,IDH_Mutant,tumor,OPC_GABA_like_tumor,0.0,1.0,0.0,0.0,0.0,0.0,0.0,0.0,0.0,0.0,0.0,0.0,0.0,0.0,0.0,0.0,0.0,0.0,0.0,0.0,0.0,0.0,0.0,1.0,-3.88817063153229,3.88817063153229,0.0,1.0,205.98384563800875,87.62594223449511,0.009,0.133,0.12400000000000001,0.0,0.0,6741.0,14114.0,6741.0,0.0,0
TNFRSF1A,IDH_Mutant,T_cell,T cell,0.0,1.0,0.0,0.0,0.0,0.0,0.0,0.0,0.0,0.0,0.0,0.0,0.0,0.0,0.0,0.0,0.0,0.0,0.0,0.0,0.0,0.0,0.0,0.0,0.0,0.0,0.0,0.0,0.0,0.0,0.0,0.0,0.0,0.0,0.0,2662.0,1463.0,1463.0,0.0,0
TNFRSF1A,IDH_Mutant,TAM_microglia,TAM1/TAM2/microglia,0.0,1.0,1.0,0.0,1.0,1.0,0.0,1.0,1.0,0.0056018898340466,0.0056018898340466,0.0056018898340466,0.0,0.0056018898340466,0.0,0.0056018898340466,0.0056018898340466,1.0,1.0,1.0,1.0,1.0,0.0,0.0,0.0,0.0,0.0,0.0,0.0,0.0,0.0,0.0,0.0,0.0,0.2563705336594064,12086.0,25922.0,12086.0,0.0,0
TNFRSF1A,IDH_Mutant,tumor,cycling_tumor,0.0,1.0,0.0,0.0,0.0,0.0,0.0,0.0,0.0,0.0,0.0,0.0,0.0,0.0,0.0,0.0,0.0,0.0,0.0,0.0,0.0,0.0,0.0,0.0,0.0,0.0,0.0,0.0,0.0,0.0,0.0,0.0,0.0,0.0,0.0,6410.0,814.0,814.0,0.0,0
TNFRSF1A,IDH_WT,tumor,AC_like_tumor,0.0,1.0,0.0,0.0,0.0,0.0,0.0,0.0,0.0,0.0,0.0,0.0,0.0,0.0,0.0,0.0,0.0,0.0,0.0,0.0,0.0,0.0,0.0,0.0,0.0,0.0,0.0,0.0,0.0,0.0,0.0,0.0,0.0,0.0,0.0,72549.0,446.0,446.0,0.0,0
TNFRSF1A,IDH_WT,tumor,OPC_GABA_AC_like_tumor,0.0,1.0,0.0,0.0,0.0,0.0,0.0,0.0,0.0,0.0,0.0,0.0,0.0,0.0,0.0,0.0,0.0,0.0,0.0,0.0,0.0,0.0,0.0,0.0,0.0,0.0,0.0,0.0,0.0,0.0,0.0,0.0,0.0,0.0,0.0,6202.0,1012.0,1012.0,0.0,0
TNFRSF1A,IDH_WT,tumor,OPC_GABA_like_tumor,0.0,1.0,0.0,0.0,0.0,0.0,0.0,0.0,0.0,0.0,0.0,0.0,0.0,0.0,0.0,0.0,0.0,0.0,0.0,0.0,0.0,0.0,0.0,0.0,0.0,0.0,0.0,0.0,0.0,0.0,0.0,0.0,0.0,0.0,3.88817063153229,6741.0,14114.0,6741.0,0.0,0
TNFRSF1A,IDH_WT,T_cell,T cell,0.0,1.0,0.0,0.0,0.0,0.0,0.0,0.0,0.0,0.0,0.0,0.0,0.0,0.0,0.0,0.0,0.0,0.0,0.0,0.0,0.0,0.0,0.0,0.0,0.0,0.0,0.0,0.0,0.0,0.0,0.0,0.0,0.0,0.0,0.0,2662.0,1463.0,1463.0,0.0,0
TNFRSF1A,IDH_WT,TAM_microglia,TAM1/TAM2/microglia,0.0,1.0,1.0,0.0,1.0,1.0,0.0,1.0,1.0,0.0056018898340466,0.0056018898340466,0.0056018898340466,0.0,0.0056018898340466,0.0,0.0056018898340466,0.0056018898340466,1.0,1.0,1.0,1.0,1.0,0.0,1.0,0.2563705336594064,0.2563705336594064,1.0,0.0,9.384461729052925,22.064142753797928,0.265,0.192,-0.07300000000000001,0.0,0.0,12086.0,25922.0,12086.0,0.0,0
TNFRSF1A,IDH_WT,tumor,cycling_tumor,0.0,1.0,0.0,0.0,0.0,0.0,0.0,0.0,0.0,0.0,0.0,0.0,0.0,0.0,0.0,0.0,0.0,0.0,0.0,0.0,0.0,0.0,0.0,0.0,0.0,0.0,0.0,0.0,0.0,0.0,0.0,0.0,0.0,0.0,0.0,6410.0,814.0,814.0,0.0,0
TNFRSF1B,IDH_Mutant,tumor,AC_like_tumor,0.0,1.0,0.0,0.0,0.0,0.0,0.0,0.0,0.0,0.0,0.0,0.0,0.0,0.0,0.0,0.0,0.0,0.0,0.0,0.0,0.0,0.0,0.0,0.0,0.0,0.0,0.0,0.0,0.0,0.0,0.0,0.0,0.0,0.0,0.0,72549.0,446.0,446.0,0.0,0
TNFRSF1B,IDH_Mutant,tumor,OPC_GABA_AC_like_tumor,0.0,1.0,0.0,0.0,0.0,0.0,0.0,0.0,0.0,0.0,0.0,0.0,0.0,0.0,0.0,0.0,0.0,0.0,0.0,0.0,0.0,0.0,0.0,0.0,0.0,0.0,0.0,0.0,0.0,0.0,0.0,0.0,0.0,0.0,0.0,6202.0,1012.0,1012.0,0.0,0
TNFRSF1B,IDH_Mutant,tumor,OPC_GABA_like_tumor,0.0,1.0,0.0,0.0,0.0,0.0,0.0,0.0,0.0,0.0,0.0,0.0,0.0,0.0,0.0,0.0,0.0,0.0,0.0,0.0,0.0,0.0,0.0,0.0,0.0,0.0,0.0,0.0,0.0,0.0,0.0,0.0,0.0,0.0,0.0,6741.0,14114.0,6741.0,0.0,0
TNFRSF1B,IDH_Mutant,T_cell,T cell,0.0,1.0,0.0,0.0,0.0,0.0,0.0,0.0,0.0,0.0,0.0,0.0,0.0,0.0,0.0,0.0,0.0,0.0,0.0,0.0,0.0,0.0,0.0,0.0,0.0,0.0,0.0,0.0,0.0,0.0,0.0,0.0,0.0,0.0,0.0,2662.0,1463.0,1463.0,0.0,0
TNFRSF1B,IDH_Mutant,TAM_microglia,TAM1/TAM2/microglia,0.0,1.0,2.0,0.0,2.0,2.0,1.0,1.0,0.0,0.005640853623166599,0.0066747111237441,0.011281707246333199,0.0,0.005640853623166599,0.0046069961225891,0.0066747111237441,0.002067715001155,1.0,1.0,1.0,1.0,1.0,1.0,1.0,0.4559028803841813,0.4559028803841813,1.0,0.0,14.137941532261937,91.1538623094048,0.478,0.388,-0.08999999999999997,1.0,0.4711961123327896,12086.0,25922.0,12086.0,0.0,0
TNFRSF1B,IDH_Mutant,tumor,cycling_tumor,0.0,1.0,0.0,0.0,0.0,0.0,0.0,0.0,0.0,0.0,0.0,0.0,0.0,0.0,0.0,0.0,0.0,0.0,0.0,0.0,0.0,0.0,0.0,0.0,0.0,0.0,0.0,0.0,0.0,0.0,0.0,0.0,0.0,0.0,0.0,6410.0,814.0,814.0,0.0,0
TNFRSF1B,IDH_WT,tumor,AC_like_tumor,0.0,1.0,0.0,0.0,0.0,0.0,0.0,0.0,0.0,0.0,0.0,0.0,0.0,0.0,0.0,0.0,0.0,0.0,0.0,0.0,0.0,0.0,0.0,0.0,0.0,0.0,0.0,0.0,0.0,0.0,0.0,0.0,0.0,0.0,0.0,72549.0,446.0,446.0,0.0,0
TNFRSF1B,IDH_WT,tumor,OPC_GABA_AC_like_tumor,0.0,1.0,0.0,0.0,0.0,0.0,0.0,0.0,0.0,0.0,0.0,0.0,0.0,0.0,0.0,0.0,0.0,0.0,0.0,0.0,0.0,0.0,0.0,0.0,0.0,0.0,0.0,0.0,0.0,0.0,0.0,0.0,0.0,0.0,0.0,6202.0,1012.0,1012.0,0.0,0
TNFRSF1B,IDH_WT,tumor,OPC_GABA_like_tumor,0.0,1.0,0.0,0.0,0.0,0.0,0.0,0.0,0.0,0.0,0.0,0.0,0.0,0.0,0.0,0.0,0.0,0.0,0.0,0.0,0.0,0.0,0.0,0.0,0.0,0.0,0.0,0.0,0.0,0.0,0.0,0.0,0.0,0.0,0.0,6741.0,14114.0,6741.0,0.0,0
TNFRSF1B,IDH_WT,T_cell,T cell,0.0,1.0,0.0,0.0,0.0,0.0,0.0,0.0,0.0,0.0,0.0,0.0,0.0,0.0,0.0,0.0,0.0,0.0,0.0,0.0,0.0,0.0,0.0,0.0,0.0,0.0,0.0,0.0,0.0,0.0,0.0,0.0,0.0,0.0,0.0,2662.0,1463.0,1463.0,0.0,0
TNFRSF1B,IDH_WT,TAM_microglia,TAM1/TAM2/microglia,0.0,1.0,2.0,0.0,2.0,2.0,1.0,1.0,0.0,0.005640853623166599,0.0066747111237441,0.011281707246333199,0.0,0.005640853623166599,0.0046069961225891,0.0066747111237441,0.002067715001155,1.0,1.0,1.0,1.0,1.0,1.0,1.0,0.4711961123327896,0.4711961123327896,1.0,0.0,29.512725596677058,22.064142753797928,0.423,0.294,-0.129,1.0,0.4559028803841813,12086.0,25922.0,12086.0,0.0,0
TNFRSF1B,IDH_WT,tumor,cycling_tumor,0.0,1.0,0.0,0.0,0.0,0.0,0.0,0.0,0.0,0.0,0.0,0.0,0.0,0.0,0.0,0.0,0.0,0.0,0.0,0.0,0.0,0.0,0.0,0.0,0.0,0.0,0.0,0.0,0.0,0.0,0.0,0.0,0.0,0.0,0.0,6410.0,814.0,814.0,0.0,0
TREM2,IDH_Mutant,tumor,AC_like_tumor,0.0,1.0,0.0,0.0,0.0,0.0,0.0,0.0,0.0,0.0,0.0,0.0,0.0,0.0,0.0,0.0,0.0,0.0,0.0,0.0,0.0,0.0,0.0,0.0,0.0,0.0,0.0,0.0,0.0,0.0,0.0,0.0,0.0,0.0,0.0,72549.0,446.0,446.0,0.0,0
TREM2,IDH_Mutant,tumor,OPC_GABA_AC_like_tumor,0.0,1.0,0.0,0.0,0.0,0.0,0.0,0.0,0.0,0.0,0.0,0.0,0.0,0.0,0.0,0.0,0.0,0.0,0.0,0.0,0.0,0.0,0.0,0.0,0.0,0.0,0.0,0.0,0.0,0.0,0.0,0.0,0.0,0.0,0.0,6202.0,1012.0,1012.0,0.0,0
TREM2,IDH_Mutant,tumor,OPC_GABA_like_tumor,0.0,1.0,0.0,0.0,0.0,0.0,0.0,0.0,0.0,0.0,0.0,0.0,0.0,0.0,0.0,0.0,0.0,0.0,0.0,0.0,0.0,0.0,0.0,0.0,0.0,0.0,0.0,0.0,0.0,0.0,0.0,0.0,0.0,0.0,0.0,6741.0,14114.0,6741.0,0.0,0
TREM2,IDH_Mutant,T_cell,T cell,0.0,1.0,0.0,0.0,0.0,0.0,0.0,0.0,0.0,0.0,0.0,0.0,0.0,0.0,0.0,0.0,0.0,0.0,0.0,0.0,0.0,0.0,0.0,0.0,0.0,0.0,0.0,0.0,0.0,0.0,0.0,0.0,0.0,0.0,0.0,2662.0,1463.0,1463.0,0.0,0
TREM2,IDH_Mutant,TAM_microglia,TAM1/TAM2/microglia,0.0,1.0,38.0,0.0,38.0,4.0,19.0,19.0,0.0,0.08750399753816232,0.2392234722575476,3.3251519064501682,0.0,0.08750399753816232,0.090336930322949,0.08467106475337566,-0.005665865569573339,2.0,2.0,7.0,1.0,19.0,19.0,0.0,0.0,0.0,0.0,0.0,0.0,0.0,0.0,0.0,0.0,0.0,0.4580206192774372,12086.0,25922.0,12086.0,0.0,1
TREM2,IDH_Mutant,tumor,cycling_tumor,0.0,1.0,0.0,0.0,0.0,0.0,0.0,0.0,0.0,0.0,0.0,0.0,0.0,0.0,0.0,0.0,0.0,0.0,0.0,0.0,0.0,0.0,0.0,1.0,-5.887620041796613,5.887620041796613,0.0,1.0,8.05588985656043,33.49753694581281,0.051,0.378,0.327,1.0,6.7851625968802,6410.0,814.0,814.0,0.0,0
TREM2,IDH_WT,tumor,AC_like_tumor,0.0,1.0,0.0,0.0,0.0,0.0,0.0,0.0,0.0,0.0,0.0,0.0,0.0,0.0,0.0,0.0,0.0,0.0,0.0,0.0,0.0,0.0,0.0,0.0,0.0,0.0,0.0,0.0,0.0,0.0,0.0,0.0,0.0,0.0,0.0,72549.0,446.0,446.0,0.0,0
TREM2,IDH_WT,tumor,OPC_GABA_AC_like_tumor,0.0,1.0,0.0,0.0,0.0,0.0,0.0,0.0,0.0,0.0,0.0,0.0,0.0,0.0,0.0,0.0,0.0,0.0,0.0,0.0,0.0,0.0,0.0,0.0,0.0,0.0,0.0,0.0,0.0,0.0,0.0,0.0,0.0,0.0,0.0,6202.0,1012.0,1012.0,0.0,0
TREM2,IDH_WT,tumor,OPC_GABA_like_tumor,0.0,1.0,0.0,0.0,0.0,0.0,0.0,0.0,0.0,0.0,0.0,0.0,0.0,0.0,0.0,0.0,0.0,0.0,0.0,0.0,0.0,0.0,0.0,0.0,0.0,0.0,0.0,0.0,0.0,0.0,0.0,0.0,0.0,0.0,0.0,6741.0,14114.0,6741.0,0.0,0
TREM2,IDH_WT,T_cell,T cell,0.0,1.0,0.0,0.0,0.0,0.0,0.0,0.0,0.0,0.0,0.0,0.0,0.0,0.0,0.0,0.0,0.0,0.0,0.0,0.0,0.0,0.0,0.0,0.0,0.0,0.0,0.0,0.0,0.0,0.0,0.0,0.0,0.0,0.0,0.0,2662.0,1463.0,1463.0,0.0,0
TREM2,IDH_WT,TAM_microglia,TAM1/TAM2/microglia,0.0,1.0,38.0,0.0,38.0,4.0,19.0,19.0,0.0,0.08750399753816232,0.2392234722575476,3.3251519064501682,0.0,0.08750399753816232,0.090336930322949,0.08467106475337566,-0.005665865569573339,2.0,2.0,7.0,1.0,19.0,19.0,1.0,0.4580206192774372,0.4580206192774372,1.0,0.0,64.2337844280178,22.064142753797928,0.777,0.571,-0.20600000000000007,0.0,0.0,12086.0,25922.0,12086.0,0.0,1
TREM2,IDH_WT,tumor,cycling_tumor,0.0,1.0,0.0,0.0,0.0,0.0,0.0,0.0,0.0,0.0,0.0,0.0,0.0,0.0,0.0,0.0,0.0,0.0,0.0,0.0,0.0,0.0,0.0,1.0,-6.7851625968802,6.7851625968802,0.0,1.0,36.551837621686865,10.184331797235023,0.012,0.24,0.22799999999999998,1.0,5.887620041796613,6410.0,814.0,814.0,0.0,0
TYROBP,IDH_Mutant,tumor,AC_like_tumor,0.0,1.0,0.0,0.0,0.0,0.0,0.0,0.0,0.0,0.0,0.0,0.0,0.0,0.0,0.0,0.0,0.0,0.0,0.0,0.0,0.0,0.0,0.0,1.0,-2.040433949003196,2.040433949003196,0.0,1.0,1.9330292016245856,6.244483671668138,0.346,0.412,0.066,1.0,2.907676299760296,72549.0,446.0,446.0,0.0,0
TYROBP,IDH_Mutant,tumor,OPC_GABA_AC_like_tumor,0.0,1.0,0.0,0.0,0.0,0.0,0.0,0.0,0.0,0.0,0.0,0.0,0.0,0.0,0.0,0.0,0.0,0.0,0.0,0.0,0.0,0.0,0.0,1.0,-3.477348411641988,3.477348411641988,0.0,1.0,30.553483819257792,67.82449725776965,0.053,0.324,0.271,1.0,4.419009973403889,6202.0,1012.0,1012.0,0.0,0
TYROBP,IDH_Mutant,tumor,OPC_GABA_like_tumor,0.0,1.0,0.0,0.0,0.0,0.0,0.0,0.0,0.0,0.0,0.0,0.0,0.0,0.0,0.0,0.0,0.0,0.0,0.0,0.0,0.0,0.0,0.0,1.0,-1.7901404802287604,1.7901404802287604,0.0,1.0,17.353977302000875,87.62594223449511,0.108,0.185,0.077,1.0,2.0097468367970213,6741.0,14114.0,6741.0,0.0,0
TYROBP,IDH_Mutant,T_cell,T cell,0.0,1.0,0.0,0.0,0.0,0.0,0.0,0.0,0.0,0.0,0.0,0.0,0.0,0.0,0.0,0.0,0.0,0.0,0.0,0.0,0.0,0.0,0.0,1.0,2.763077394886178,2.763077394886178,1.0,0.0,63.33832579476073,26.19607843137255,0.653,0.192,-0.461,1.0,1.2607220385718412,2662.0,1463.0,1463.0,0.0,0
TYROBP,IDH_Mutant,TAM_microglia,TAM1/TAM2/microglia,0.0,1.0,38.0,0.0,38.0,4.0,19.0,19.0,0.0,0.08750399753816232,0.2392234722575476,3.3251519064501682,0.0,0.08750399753816232,0.090336930322949,0.08467106475337566,-0.005665865569573339,2.0,2.0,7.0,1.0,19.0,19.0,1.0,-0.7382940458645026,0.7382940458645026,0.0,1.0,265.51725895517706,91.1538623094048,0.92,0.973,0.052999999999999936,0.0,0.0,12086.0,25922.0,12086.0,0.0,1
TYROBP,IDH_Mutant,tumor,cycling_tumor,0.0,1.0,0.0,0.0,0.0,0.0,0.0,0.0,0.0,0.0,0.0,0.0,0.0,0.0,0.0,0.0,0.0,0.0,0.0,0.0,0.0,0.0,0.0,1.0,-6.014119325408155,6.014119325408155,0.0,1.0,31.160106747980016,33.49753694581281,0.059,0.737,0.6779999999999999,1.0,5.788001085697912,6410.0,814.0,814.0,0.0,0
TYROBP,IDH_WT,tumor,AC_like_tumor,0.0,1.0,0.0,0.0,0.0,0.0,0.0,0.0,0.0,0.0,0.0,0.0,0.0,0.0,0.0,0.0,0.0,0.0,0.0,0.0,0.0,0.0,0.0,1.0,-2.907676299760296,2.907676299760296,0.0,1.0,2.6351556806273595,0.166358595194085,0.102,0.33,0.22800000000000004,1.0,2.040433949003196,72549.0,446.0,446.0,0.0,0
TYROBP,IDH_WT,tumor,OPC_GABA_AC_like_tumor,0.0,1.0,0.0,0.0,0.0,0.0,0.0,0.0,0.0,0.0,0.0,0.0,0.0,0.0,0.0,0.0,0.0,0.0,0.0,0.0,0.0,0.0,0.0,1.0,-4.419009973403889,4.419009973403889,0.0,1.0,5.529212901490993,3.0783078307830785,0.018,0.225,0.20700000000000002,1.0,3.477348411641988,6202.0,1012.0,1012.0,0.0,0
TYROBP,IDH_WT,tumor,OPC_GABA_like_tumor,0.0,1.0,0.0,0.0,0.0,0.0,0.0,0.0,0.0,0.0,0.0,0.0,0.0,0.0,0.0,0.0,0.0,0.0,0.0,0.0,0.0,0.0,0.0,1.0,-2.0097468367970213,2.0097468367970213,0.0,1.0,7.3440244443724705,27.741935483870968,0.079,0.134,0.05500000000000001,1.0,1.7901404802287604,6741.0,14114.0,6741.0,0.0,0
TYROBP,IDH_WT,T_cell,T cell,0.0,1.0,0.0,0.0,0.0,0.0,0.0,0.0,0.0,0.0,0.0,0.0,0.0,0.0,0.0,0.0,0.0,0.0,0.0,0.0,0.0,0.0,0.0,1.0,1.2607220385718412,1.2607220385718412,1.0,0.0,32.24922802084761,39.94283672740264,0.453,0.234,-0.219,1.0,2.763077394886178,2662.0,1463.0,1463.0,0.0,0
TYROBP,IDH_WT,TAM_microglia,TAM1/TAM2/microglia,0.0,1.0,38.0,0.0,38.0,4.0,19.0,19.0,0.0,0.08750399753816232,0.2392234722575476,3.3251519064501682,0.0,0.08750399753816232,0.090336930322949,0.08467106475337566,-0.005665865569573339,2.0,2.0,7.0,1.0,19.0,19.0,0.0,0.0,0.0,0.0,0.0,0.0,0.0,0.0,0.0,0.0,0.0,0.7382940458645026,12086.0,25922.0,12086.0,0.0,1
TYROBP,IDH_WT,tumor,cycling_tumor,0.0,1.0,0.0,0.0,0.0,0.0,0.0,0.0,0.0,0.0,0.0,0.0,0.0,0.0,0.0,0.0,0.0,0.0,0.0,0.0,0.0,0.0,0.0,1.0,-5.788001085697912,5.788001085697912,0.0,1.0,90.99910315405569,10.184331797235023,0.066,0.483,0.417,1.0,6.014119325408155,6410.0,814.0,814.0,0.0,0
