gene,IDH_status,compartment,celltype_id,label,oof_score,cellchat_probability_score,three_table_rule_score,rank
PTPRZ1,IDH_WT,tumor,cycling_tumor,1,0.9721654974948791,0.2412077448909423,1.0,1
PTPRZ1,IDH_WT,tumor,OPC_GABA_AC_like_tumor,1,0.9719437424499302,0.1818786977548719,1.0,2
GRIA2,IDH_WT,tumor,cycling_tumor,1,0.9707618767901867,0.0081782421612816,1.0,3
GRIA2,IDH_Mutant,tumor,cycling_tumor,1,0.9704516816005831,0.0081782421612816,1.0,4
PTPRZ1,IDH_Mutant,tumor,cycling_tumor,1,0.9698187766681727,0.2412077448909423,1.0,5
PTPRZ1,IDH_Mutant,tumor,AC_like_tumor,1,0.9682773512349229,0.1953178125352112,1.0,6
PTPRZ1,IDH_Mutant,tumor,OPC_GABA_AC_like_tumor,1,0.9674882958274523,0.1818786977548719,1.0,7
PTPRZ1,IDH_Mutant,tumor,OPC_GABA_like_tumor,1,0.9660680014585751,0.2619954091305924,1.0,8
PTPRZ1,IDH_WT,tumor,OPC_GABA_like_tumor,1,0.9660680014585751,0.2619954091305924,1.0,9
PTPRZ1,IDH_WT,tumor,AC_like_tumor,1,0.9625645502309441,0.1953178125352112,1.0,10
GRIA4,IDH_Mutant,tumor,cycling_tumor,1,0.9619816362717222,0.0081863349032921,1.0,11
GRIA4,IDH_WT,tumor,cycling_tumor,1,0.956348025423495,0.0081863349032921,1.0,12
TREM2,IDH_WT,TAM_microglia,TAM1/TAM2/microglia,1,0.951749582468411,0.2392234722575476,1.0,13
GRIA4,IDH_Mutant,tumor,AC_like_tumor,1,0.9504315245610082,0.0114997280346777,1.0,14
NCL,IDH_WT,tumor,OPC_GABA_like_tumor,1,0.9475702075839172,0.1742786165151618,1.0,15
GRIA4,IDH_Mutant,tumor,OPC_GABA_AC_like_tumor,1,0.9438109602867849,0.0019474653876835,1.0,16
GRIK2,IDH_WT,tumor,cycling_tumor,1,0.9435720263137902,0.0065597772960454,1.0,17
TREM2,IDH_Mutant,TAM_microglia,TAM1/TAM2/microglia,1,0.9429416078671407,0.2392234722575476,0.6666666666666666,18
GRIA2,IDH_WT,tumor,AC_like_tumor,1,0.9426777458721223,0.01334006204483,0.6666666666666666,19
GRIA4,IDH_WT,tumor,OPC_GABA_AC_like_tumor,1,0.9421123538373607,0.0019474653876835,0.6666666666666666,20
GRIA4,IDH_WT,tumor,AC_like_tumor,1,0.9421036360186562,0.0114997280346777,0.6666666666666666,21
GRIK2,IDH_WT,tumor,OPC_GABA_like_tumor,1,0.9402266136895433,0.0104304704349845,1.0,22
GRIA2,IDH_Mutant,tumor,OPC_GABA_like_tumor,1,0.9401566905027006,0.0580182501147297,1.0,23
GRIA2,IDH_Mutant,tumor,AC_like_tumor,1,0.9383467877364584,0.01334006204483,1.0,24
GRIK2,IDH_Mutant,tumor,cycling_tumor,1,0.9301219958523996,0.0065597772960454,1.0,25
GRIA2,IDH_WT,tumor,OPC_GABA_like_tumor,1,0.9274280551390064,0.0580182501147297,1.0,26
BSG,IDH_WT,tumor,OPC_GABA_like_tumor,0,0.9170277907142139,0.0371646066923417,1.0,27
NRXN2,IDH_WT,tumor,OPC_GABA_like_tumor,1,0.9142527975795918,0.0021343800502624,0.6666666666666666,28
NCL,IDH_Mutant,tumor,OPC_GABA_like_tumor,1,0.9133025321666659,0.1742786165151618,1.0,29
NCL,IDH_Mutant,tumor,cycling_tumor,1,0.8978928666886347,0.1944223049077292,1.0,30
TYROBP,IDH_Mutant,TAM_microglia,TAM1/TAM2/microglia,1,0.8969162305959774,0.2392234722575476,1.0,31
TYROBP,IDH_WT,TAM_microglia,TAM1/TAM2/microglia,1,0.8935738248863305,0.2392234722575476,0.6666666666666666,32
NOTCH1,IDH_WT,tumor,OPC_GABA_like_tumor,1,0.8886038832232768,0.0082329945247519,1.0,33
BSG,IDH_Mutant,tumor,OPC_GABA_like_tumor,0,0.8832340616499421,0.0371646066923417,0.6666666666666666,34
NCL,IDH_WT,tumor,cycling_tumor,1,0.8812388558115659,0.1944223049077292,1.0,35
NOTCH1,IDH_Mutant,tumor,OPC_GABA_like_tumor,1,0.8760807989594097,0.0082329945247519,0.6666666666666666,36
GRIK2,IDH_Mutant,tumor,OPC_GABA_like_tumor,1,0.8729611717557871,0.0104304704349845,1.0,37
NRXN2,IDH_Mutant,tumor,OPC_GABA_like_tumor,1,0.8708360348829457,0.0021343800502624,1.0,38
GRIA3,IDH_Mutant,tumor,cycling_tumor,1,0.8613138924310624,0.0040368629211877,1.0,39
NOTCH1,IDH_WT,tumor,cycling_tumor,1,0.8398661074482654,0.0102880806075418,1.0,40
JAM2,IDH_Mutant,tumor,cycling_tumor,0,0.8327272607390315,0.0021428578601446,1.0,41
JAM2,IDH_WT,tumor,cycling_tumor,0,0.8292712838581574,0.0021428578601446,1.0,42
NCL,IDH_Mutant,TAM_microglia,TAM1/TAM2/microglia,0,0.8194849447565385,0.0999996120429012,0.6666666666666666,43
NCL,IDH_WT,TAM_microglia,TAM1/TAM2/microglia,0,0.8194849447565385,0.0999996120429012,0.6666666666666666,44
NOTCH1,IDH_Mutant,tumor,cycling_tumor,1,0.8132920698235366,0.0102880806075418,0.6666666666666666,45
DAG1,IDH_WT,tumor,cycling_tumor,0,0.8019173739864481,0.0134431326010437,1.0,46
GRIA4,IDH_Mutant,tumor,OPC_GABA_like_tumor,1,0.7986840232440582,0.0396835918506492,1.0,47
SORT1,IDH_Mutant,tumor,cycling_tumor,0,0.7904238441916914,0.005960292884092,0.6666666666666666,48
C3,IDH_WT,TAM_microglia,TAM1/TAM2/microglia,0,0.7799015807935449,0.0977093082783739,1.0,49
SORT1,IDH_WT,tumor,cycling_tumor,0,0.7783733142014669,0.005960292884092,1.0,50
C3,IDH_Mutant,TAM_microglia,TAM1/TAM2/microglia,0,0.7716031991837765,0.0977093082783739,0.6666666666666666,51
NRXN1,IDH_Mutant,tumor,cycling_tumor,1,0.768630514922697,0.0028593048615199,1.0,52
ROBO1,IDH_Mutant,tumor,AC_like_tumor,0,0.7661158109053304,0.0,0.6666666666666666,53
CD74,IDH_Mutant,TAM_microglia,TAM1/TAM2/microglia,1,0.7632522103457106,0.1172844910109071,1.0,54
GRIA3,IDH_WT,tumor,cycling_tumor,1,0.7443644832352835,0.0040368629211877,1.0,55
PDGFRA,IDH_WT,tumor,cycling_tumor,0,0.7322737542093888,0.0119692946711039,1.0,56
DAG1,IDH_Mutant,tumor,cycling_tumor,0,0.7250135151167817,0.0134431326010437,1.0,57
PDGFRA,IDH_Mutant,tumor,cycling_tumor,0,0.719339907970596,0.0119692946711039,1.0,58
BSG,IDH_WT,tumor,cycling_tumor,0,0.7156687510322162,0.1356608701322122,1.0,59
GRIA3,IDH_Mutant,tumor,OPC_GABA_like_tumor,1,0.6982073223515489,0.0082709493177436,0.6666666666666666,60
GRIA3,IDH_WT,tumor,OPC_GABA_like_tumor,1,0.6982073223515489,0.0082709493177436,0.6666666666666666,61
CD74,IDH_WT,TAM_microglia,TAM1/TAM2/microglia,1,0.698076847518063,0.1172844910109071,0.6666666666666666,62
GRIK2,IDH_Mutant,tumor,AC_like_tumor,1,0.6971676257988213,0.0,0.6666666666666666,63
NCL,IDH_WT,tumor,AC_like_tumor,1,0.6695800790052847,0.1384156467333893,0.6666666666666666,64
NRXN1,IDH_WT,tumor,cycling_tumor,1,0.6623859189366854,0.0028593048615199,1.0,65
GLS,IDH_Mutant,tumor,AC_like_tumor,0,0.6597827064300781,0.0,0.6666666666666666,66
LRRTM2,IDH_Mutant,tumor,cycling_tumor,0,0.6490615623478997,0.0103806915753576,1.0,67
CLSTN1,IDH_WT,tumor,cycling_tumor,0,0.6464171382967516,0.0084269247922976,1.0,68
PTN,IDH_WT,tumor,OPC_GABA_like_tumor,1,0.6375814606393992,0.2305449409125061,1.0,69
APOE,IDH_Mutant,T_cell,T cell,0,0.6034375734097079,0.1125528420381205,0.6666666666666666,70
NCL,IDH_Mutant,tumor,AC_like_tumor,1,0.6021160930982006,0.1384156467333893,1.0,71
BSG,IDH_Mutant,tumor,cycling_tumor,0,0.598381334945281,0.1356608701322122,0.6666666666666666,72
PTN,IDH_Mutant,tumor,cycling_tumor,1,0.597334087772419,0.2619954091305924,1.0,73
LRRTM2,IDH_WT,tumor,cycling_tumor,0,0.5942700203100848,0.0103806915753576,1.0,74
APOE,IDH_Mutant,TAM_microglia,TAM1/TAM2/microglia,1,0.5714123537702519,0.2392234722575476,1.0,75
GRIA4,IDH_WT,tumor,OPC_GABA_like_tumor,1,0.5670276536840261,0.0396835918506492,1.0,76
APOE,IDH_WT,TAM_microglia,TAM1/TAM2/microglia,1,0.5665991613916218,0.2392234722575476,1.0,77
GRIA2,IDH_Mutant,tumor,OPC_GABA_AC_like_tumor,1,0.5606244570508897,0.0,0.6666666666666666,78
NRXN1,IDH_WT,tumor,AC_like_tumor,1,0.5553280172887642,0.0049699357888254,0.6666666666666666,79
SORT1,IDH_WT,tumor,OPC_GABA_like_tumor,0,0.553723837200533,0.0,0.6666666666666666,80
NRXN1,IDH_WT,tumor,OPC_GABA_AC_like_tumor,1,0.5489162800797052,0.0046552822689749,0.6666666666666666,81
EGFR,IDH_Mutant,tumor,AC_like_tumor,0,0.5463598747166966,0.0139104095399897,1.0,82
PTN,IDH_Mutant,tumor,OPC_GABA_like_tumor,1,0.5351526652710712,0.2305449409125061,0.6666666666666666,83
BSG,IDH_Mutant,tumor,OPC_GABA_AC_like_tumor,0,0.5323755595333247,0.0364716239047509,1.0,84
PTN,IDH_Mutant,tumor,OPC_GABA_AC_like_tumor,1,0.5302355949008024,0.2435689856404543,0.6666666666666666,85
PTN,IDH_WT,tumor,OPC_GABA_AC_like_tumor,1,0.5302355949008024,0.2435689856404543,0.6666666666666666,86
PDGFRA,IDH_WT,tumor,AC_like_tumor,0,0.5207133179227135,0.0036612226418427,1.0,87
APOE,IDH_WT,T_cell,T cell,0,0.5181728735994587,0.1125528420381205,1.0,88
CLSTN1,IDH_Mutant,tumor,cycling_tumor,0,0.5177916107302802,0.0084269247922976,0.6666666666666666,89
BSG,IDH_WT,tumor,OPC_GABA_AC_like_tumor,0,0.5070818105879601,0.0364716239047509,1.0,90
NLGN3,IDH_WT,tumor,cycling_tumor,1,0.4878114743369685,0.0082445257936692,1.0,91
CD99,IDH_WT,tumor,cycling_tumor,0,0.47985373199271397,0.0093598934920334,1.0,92
TGFBR1,IDH_WT,tumor,OPC_GABA_like_tumor,0,0.4615165074108322,0.0,0.6666666666666666,93
PDGFRA,IDH_WT,tumor,OPC_GABA_like_tumor,0,0.45774586351692587,0.0135999473904176,1.0,94
SPP1,IDH_Mutant,tumor,AC_like_tumor,0,0.4492328690539641,0.0305221727622704,0.6666666666666666,95
SORT1,IDH_WT,TAM_microglia,TAM1/TAM2/microglia,0,0.4449344835928487,0.0,0.6666666666666666,96
NCL,IDH_Mutant,tumor,OPC_GABA_AC_like_tumor,1,0.4446516657570174,0.1031600242652839,0.6666666666666666,97
NCL,IDH_WT,tumor,OPC_GABA_AC_like_tumor,1,0.4446516657570174,0.1031600242652839,0.6666666666666666,98
ROBO1,IDH_WT,tumor,AC_like_tumor,0,0.4338753019724316,0.0,0.3333333333333333,99
NRXN1,IDH_Mutant,tumor,OPC_GABA_AC_like_tumor,1,0.43122036591433266,0.0046552822689749,1.0,100
EGFR,IDH_WT,tumor,AC_like_tumor,0,0.4289667993194731,0.0139104095399897,0.6666666666666666,101
KLRB1,IDH_Mutant,T_cell,T cell,1,0.4284048954179009,0.0319079660883083,1.0,102
PDGFRA,IDH_Mutant,tumor,OPC_GABA_AC_like_tumor,0,0.4229125993920565,0.0,0.6666666666666666,103
PDGFRA,IDH_Mutant,tumor,AC_like_tumor,0,0.4168430446476877,0.0036612226418427,1.0,104
KLRC2,IDH_Mutant,tumor,AC_like_tumor,0,0.415469297431882,0.0,0.6666666666666666,105
C3AR1,IDH_WT,TAM_microglia,TAM1/TAM2/microglia,0,0.41321444860458,0.0977093082783739,1.0,106
PTGES2,IDH_Mutant,tumor,AC_like_tumor,0,0.4069054928827233,0.0,0.6666666666666666,107
SLC1A3,IDH_WT,tumor,cycling_tumor,0,0.4058568271347152,0.0180971001094363,1.0,108
GRIA3,IDH_Mutant,tumor,AC_like_tumor,1,0.4021353932924148,0.0,0.6666666666666666,109
C3AR1,IDH_Mutant,TAM_microglia,TAM1/TAM2/microglia,0,0.39988810393721536,0.0977093082783739,1.0,110
PDGFRA,IDH_Mutant,tumor,OPC_GABA_like_tumor,0,0.39852609039292564,0.0135999473904176,1.0,111
NCAM2,IDH_WT,tumor,OPC_GABA_like_tumor,1,0.3963534224887444,0.0,0.6666666666666666,112
NRXN1,IDH_Mutant,tumor,AC_like_tumor,1,0.3960672858286516,0.0049699357888254,1.0,113
SLC1A3,IDH_Mutant,tumor,cycling_tumor,0,0.3881548503701636,0.0180971001094363,0.6666666666666666,114
NLGN3,IDH_Mutant,tumor,cycling_tumor,1,0.3831378110521723,0.0082445257936692,1.0,115
PTN,IDH_WT,tumor,cycling_tumor,1,0.3819268326762106,0.2619954091305924,1.0,116
GRIA3,IDH_WT,tumor,AC_like_tumor,1,0.3687836661780599,0.0,0.3333333333333333,117
GRIK2,IDH_WT,tumor,AC_like_tumor,1,0.3648848299858036,0.0,0.3333333333333333,118
APP,IDH_WT,tumor,OPC_GABA_like_tumor,0,0.35802848114009994,0.1172844910109071,0.6666666666666666,119
MERTK,IDH_WT,TAM_microglia,TAM1/TAM2/microglia,0,0.35630174933908965,0.012077162692356,1.0,120
PPIA,IDH_WT,TAM_microglia,TAM1/TAM2/microglia,0,0.35557542958650307,0.0978378557322367,1.0,121
PDGFRA,IDH_WT,tumor,OPC_GABA_AC_like_tumor,0,0.3517213741213788,0.0,0.6666666666666666,122
SLC1A1,IDH_WT,tumor,cycling_tumor,0,0.34708187984378364,0.0085000406509992,1.0,123
SORT1,IDH_Mutant,TAM_microglia,TAM1/TAM2/microglia,0,0.34436116061358907,0.0,0.6666666666666666,124
APP,IDH_Mutant,tumor,OPC_GABA_like_tumor,0,0.3437728951809203,0.1172844910109071,1.0,125
LRRTM3,IDH_Mutant,tumor,OPC_GABA_like_tumor,0,0.3386002994011097,0.0130790509330356,0.6666666666666666,126
PTN,IDH_Mutant,tumor,AC_like_tumor,1,0.33142654743164757,0.2396805306048765,0.6666666666666666,127
PTN,IDH_WT,tumor,AC_like_tumor,1,0.33142654743164757,0.2396805306048765,0.6666666666666666,128
GLS,IDH_Mutant,tumor,cycling_tumor,0,0.32473438525955906,0.0180971001094363,0.6666666666666666,129
TMIGD3,IDH_WT,TAM_microglia,TAM1/TAM2/microglia,0,0.32329756068409204,0.0134956831199029,1.0,130
APP,IDH_Mutant,tumor,AC_like_tumor,0,0.3201552575017116,0.0466729998846793,0.6666666666666666,131
APP,IDH_WT,tumor,AC_like_tumor,0,0.3201552575017116,0.0466729998846793,0.6666666666666666,132
P4HB,IDH_WT,tumor,cycling_tumor,0,0.3138908057443364,0.006613979542561,1.0,133
SLIT1,IDH_Mutant,tumor,AC_like_tumor,0,0.3126531294394366,0.0,0.6666666666666666,134
APP,IDH_Mutant,tumor,cycling_tumor,0,0.3111586317530538,0.0953371521546039,1.0,135
PPIA,IDH_Mutant,tumor,OPC_GABA_AC_like_tumor,0,0.30985275810325463,0.1265256391696476,0.6666666666666666,136
PPIA,IDH_WT,tumor,OPC_GABA_AC_like_tumor,0,0.30985275810325463,0.1265256391696476,0.6666666666666666,137
KLRB1,IDH_WT,T_cell,T cell,1,0.30746199759844617,0.0319079660883083,0.6666666666666666,138
GLS,IDH_WT,tumor,cycling_tumor,0,0.30464227956610046,0.0180971001094363,1.0,139
LRRTM2,IDH_Mutant,tumor,AC_like_tumor,0,0.30456357184874466,0.0,0.6666666666666666,140
THY1,IDH_WT,tumor,OPC_GABA_AC_like_tumor,0,0.3042004582590293,0.0,0.6666666666666666,141
NCAM2,IDH_Mutant,tumor,OPC_GABA_like_tumor,1,0.29994362030002086,0.0,0.6666666666666666,142
MERTK,IDH_Mutant,TAM_microglia,TAM1/TAM2/microglia,0,0.2958477862577606,0.012077162692356,1.0,143
PPIA,IDH_Mutant,TAM_microglia,TAM1/TAM2/microglia,0,0.29508427507010476,0.0978378557322367,1.0,144
SLC1A1,IDH_Mutant,tumor,cycling_tumor,0,0.2929427391475242,0.0085000406509992,0.6666666666666666,145
SLC1A3,IDH_WT,tumor,AC_like_tumor,0,0.29288739945377346,0.0,0.3333333333333333,146
GRIA2,IDH_WT,tumor,OPC_GABA_AC_like_tumor,1,0.28470717564009906,0.0,0.3333333333333333,147
PILRB,IDH_Mutant,tumor,OPC_GABA_like_tumor,0,0.2823582139098158,0.0,0.3333333333333333,148
TMIGD3,IDH_Mutant,TAM_microglia,TAM1/TAM2/microglia,0,0.2789084084360488,0.0134956831199029,1.0,149
PTGES2,IDH_WT,tumor,AC_like_tumor,0,0.2705029205199275,0.0,0.3333333333333333,150
SORT1,IDH_Mutant,tumor,OPC_GABA_like_tumor,0,0.2653717964441814,0.0,0.6666666666666666,151
GLS,IDH_Mutant,TAM_microglia,TAM1/TAM2/microglia,0,0.26464886082730044,0.0580182501147297,1.0,152
APP,IDH_Mutant,tumor,OPC_GABA_AC_like_tumor,0,0.2527478734500037,0.0432295489429381,0.6666666666666666,153
APP,IDH_WT,tumor,OPC_GABA_AC_like_tumor,0,0.2527478734500037,0.0432295489429381,0.6666666666666666,154
DLL1,IDH_Mutant,tumor,AC_like_tumor,0,0.2517926587059179,0.0,0.6666666666666666,155
GLS,IDH_WT,tumor,AC_like_tumor,0,0.2516368755948627,0.0,0.3333333333333333,156
SDC3,IDH_WT,tumor,OPC_GABA_like_tumor,0,0.25012674463279766,0.0,0.6666666666666666,157
DLL1,IDH_WT,tumor,AC_like_tumor,0,0.2491158393550413,0.0,0.3333333333333333,158
PTGER4,IDH_Mutant,T_cell,T cell,0,0.24909048817211188,0.0,0.3333333333333333,159
CD74,IDH_WT,T_cell,T cell,0,0.2461001106331207,0.0485948380951234,1.0,160
CD74,IDH_Mutant,T_cell,T cell,0,0.24151041907343768,0.0485948380951234,0.6666666666666666,161
GLS,IDH_WT,TAM_microglia,TAM1/TAM2/microglia,0,0.23144392930656119,0.0580182501147297,1.0,162
LRRTM2,IDH_WT,tumor,AC_like_tumor,0,0.22800863574044844,0.0,0.3333333333333333,163
PPIA,IDH_Mutant,tumor,OPC_GABA_like_tumor,0,0.22737039812359922,0.1147245041987962,0.6666666666666666,164
PPIA,IDH_WT,tumor,OPC_GABA_like_tumor,0,0.22737039812359922,0.1147245041987962,0.6666666666666666,165
HBEGF,IDH_Mutant,tumor,cycling_tumor,0,0.22601380552189299,0.0,0.3333333333333333,166
NRCAM,IDH_Mutant,tumor,OPC_GABA_AC_like_tumor,1,0.22545265648739674,0.0028041239019692,1.0,167
EGFR,IDH_Mutant,tumor,cycling_tumor,0,0.2211783805809063,0.0064027402138418,1.0,168
NRCAM,IDH_WT,tumor,OPC_GABA_AC_like_tumor,1,0.21907015065046015,0.0028041239019692,0.6666666666666666,169
CNTN1,IDH_WT,tumor,OPC_GABA_like_tumor,1,0.21434818312678489,0.0122804136302003,1.0,170
PILRB,IDH_WT,tumor,OPC_GABA_like_tumor,0,0.21352593982642673,0.0,0.6666666666666666,171
APP,IDH_WT,tumor,cycling_tumor,0,0.21313222141849714,0.0953371521546039,1.0,172
SLC1A3,IDH_Mutant,tumor,AC_like_tumor,0,0.20689683356300295,0.0,0.6666666666666666,173
LRRTM3,IDH_WT,tumor,OPC_GABA_like_tumor,0,0.20644930220825392,0.0130790509330356,1.0,174
PPIA,IDH_Mutant,tumor,cycling_tumor,0,0.20532464860292682,0.1356608701322122,0.6666666666666666,175
PPIA,IDH_WT,tumor,cycling_tumor,0,0.20532464860292682,0.1356608701322122,0.6666666666666666,176
SPP1,IDH_Mutant,T_cell,T cell,0,0.19636382091573532,0.0326985528375827,0.6666666666666666,177
SPP1,IDH_WT,T_cell,T cell,0,0.19636382091573532,0.0326985528375827,0.6666666666666666,178
TGFBR1,IDH_Mutant,tumor,OPC_GABA_like_tumor,0,0.19390282240340279,0.0,0.6666666666666666,179
PDGFB,IDH_WT,TAM_microglia,TAM1/TAM2/microglia,0,0.1928677432279155,0.0135999473904176,1.0,180
SPP1,IDH_WT,tumor,cycling_tumor,0,0.19216633908678868,0.0364060099743201,1.0,181
CD74,IDH_Mutant,tumor,AC_like_tumor,0,0.19100785962386868,0.0223694210384319,0.6666666666666666,182
NLGN1,IDH_WT,tumor,cycling_tumor,1,0.1893158236971872,0.0149916283128588,1.0,183
HBEGF,IDH_WT,TAM_microglia,TAM1/TAM2/microglia,0,0.18887619579545722,0.0191470332237848,1.0,184
JAM2,IDH_Mutant,tumor,OPC_GABA_like_tumor,0,0.18809720183640094,0.0,0.6666666666666666,185
SPP1,IDH_WT,tumor,AC_like_tumor,0,0.18581721550827135,0.0305221727622704,1.0,186
LRP1,IDH_WT,tumor,OPC_GABA_like_tumor,0,0.18509681138102937,0.0022437004159293,1.0,187
SPP1,IDH_Mutant,tumor,cycling_tumor,0,0.18455119104537857,0.0364060099743201,1.0,188
NLGN1,IDH_Mutant,tumor,cycling_tumor,1,0.1799964951876871,0.0149916283128588,1.0,189
SDC3,IDH_Mutant,tumor,cycling_tumor,0,0.17836345335862525,0.0141883084146195,0.6666666666666666,190
MPZL1,IDH_WT,tumor,cycling_tumor,0,0.1770435715940396,0.0023450528994386,1.0,191
NLGN1,IDH_WT,tumor,AC_like_tumor,1,0.1763015015583007,0.0072948300004392,0.6666666666666666,192
EGFR,IDH_Mutant,tumor,OPC_GABA_like_tumor,0,0.17561101953612268,0.0324842206972956,1.0,193
CNTN1,IDH_WT,tumor,cycling_tumor,1,0.17491225759640067,0.0116509341895663,1.0,194
SDC3,IDH_WT,tumor,cycling_tumor,0,0.17341701651142863,0.0141883084146195,1.0,195
NRXN1,IDH_Mutant,tumor,OPC_GABA_like_tumor,1,0.1705675989930038,0.0202156564962208,0.6666666666666666,196
LRP1,IDH_Mutant,tumor,OPC_GABA_like_tumor,0,0.16801034340664042,0.0022437004159293,1.0,197
PPIA,IDH_Mutant,T_cell,T cell,0,0.1659749621805921,0.1059385738305193,0.6666666666666666,198
TYROBP,IDH_Mutant,T_cell,T cell,0,0.1644722474871274,0.0,0.6666666666666666,199
MPZL1,IDH_WT,tumor,OPC_GABA_AC_like_tumor,0,0.16348944252339917,0.0,0.6666666666666666,200
PILRB,IDH_Mutant,tumor,cycling_tumor,0,0.15958517237512962,0.0037171475539804,0.6666666666666666,201
NLGN3,IDH_WT,tumor,OPC_GABA_like_tumor,1,0.15890834861189465,0.0,0.6666666666666666,202
CD44,IDH_Mutant,tumor,OPC_GABA_AC_like_tumor,0,0.15772544038510145,0.0,0.3333333333333333,203
CD44,IDH_WT,tumor,OPC_GABA_AC_like_tumor,0,0.15772544038510145,0.0,0.3333333333333333,204
GPR37L1,IDH_Mutant,tumor,OPC_GABA_AC_like_tumor,0,0.15772544038510145,0.0,0.3333333333333333,205
GPR37L1,IDH_WT,tumor,OPC_GABA_AC_like_tumor,0,0.15772544038510145,0.0,0.3333333333333333,206
ITGB1,IDH_Mutant,tumor,OPC_GABA_AC_like_tumor,0,0.15772544038510145,0.0,0.3333333333333333,207
ITGB1,IDH_WT,tumor,OPC_GABA_AC_like_tumor,0,0.15772544038510145,0.0,0.3333333333333333,208
KLRB1,IDH_Mutant,tumor,OPC_GABA_AC_like_tumor,0,0.15772544038510145,0.0,0.3333333333333333,209
KLRB1,IDH_WT,tumor,OPC_GABA_AC_like_tumor,0,0.15772544038510145,0.0,0.3333333333333333,210
LRP1,IDH_Mutant,tumor,OPC_GABA_AC_like_tumor,0,0.15772544038510145,0.0,0.3333333333333333,211
LRP1,IDH_WT,tumor,OPC_GABA_AC_like_tumor,0,0.15772544038510145,0.0,0.3333333333333333,212
SDC3,IDH_Mutant,tumor,OPC_GABA_AC_like_tumor,0,0.15772544038510145,0.0,0.3333333333333333,213
SDC3,IDH_WT,tumor,OPC_GABA_AC_like_tumor,0,0.15772544038510145,0.0,0.3333333333333333,214
SORL1,IDH_Mutant,tumor,OPC_GABA_AC_like_tumor,0,0.15772544038510145,0.0,0.3333333333333333,215
SORL1,IDH_WT,tumor,OPC_GABA_AC_like_tumor,0,0.15772544038510145,0.0,0.3333333333333333,216
TGFBR2,IDH_Mutant,tumor,OPC_GABA_AC_like_tumor,0,0.15772544038510145,0.0,0.3333333333333333,217
TGFBR2,IDH_WT,tumor,OPC_GABA_AC_like_tumor,0,0.15772544038510145,0.0,0.3333333333333333,218
TNFRSF1B,IDH_Mutant,tumor,OPC_GABA_AC_like_tumor,0,0.15772544038510145,0.0,0.3333333333333333,219
TNFRSF1B,IDH_WT,tumor,OPC_GABA_AC_like_tumor,0,0.15772544038510145,0.0,0.3333333333333333,220
TYROBP,IDH_WT,T_cell,T cell,0,0.15605593913020296,0.0,0.6666666666666666,221
SLIT1,IDH_WT,tumor,cycling_tumor,0,0.15468009922621695,0.0,0.6666666666666666,222
MPZL1,IDH_WT,tumor,OPC_GABA_like_tumor,0,0.15348523635808314,0.0,0.6666666666666666,223
CLEC2D,IDH_Mutant,tumor,OPC_GABA_like_tumor,0,0.15271258508624613,0.0,0.3333333333333333,224
LRRTM3,IDH_Mutant,tumor,cycling_tumor,0,0.15224740683644863,0.0,0.6666666666666666,225
NCAM1,IDH_WT,tumor,OPC_GABA_like_tumor,1,0.15163494355229776,0.0937493977547745,1.0,226
HBEGF,IDH_Mutant,TAM_microglia,TAM1/TAM2/microglia,0,0.14890539758571,0.0191470332237848,0.6666666666666666,227
CD4,IDH_WT,TAM_microglia,TAM1/TAM2/microglia,0,0.14733350650424124,0.0431531889546866,1.0,228
NRXN2,IDH_Mutant,tumor,AC_like_tumor,1,0.14671208683509054,0.0,0.6666666666666666,229
CNTN1,IDH_Mutant,tumor,cycling_tumor,1,0.1465507627620265,0.0116509341895663,1.0,230
PILRB,IDH_WT,tumor,cycling_tumor,0,0.14540622192377145,0.0037171475539804,1.0,231
CDH2,IDH_Mutant,tumor,cycling_tumor,0,0.14461984847473155,0.0076576511402805,1.0,232
MPZL1,IDH_Mutant,tumor,cycling_tumor,0,0.14393151579879312,0.0023450528994386,0.6666666666666666,233
NLGN1,IDH_Mutant,tumor,AC_like_tumor,1,0.14383625644831005,0.0072948300004392,1.0,234
KLRC2,IDH_Mutant,tumor,cycling_tumor,0,0.14269847744597813,0.0,0.6666666666666666,235
NCAM2,IDH_WT,tumor,cycling_tumor,1,0.14030847618721326,0.0081777990732763,1.0,236
PCDHGA10,IDH_Mutant,tumor,cycling_tumor,0,0.13892122861716963,0.0,0.6666666666666666,237
PPIA,IDH_WT,T_cell,T cell,0,0.13890018233897466,0.1059385738305193,1.0,238
GLS,IDH_WT,tumor,OPC_GABA_like_tumor,0,0.13764512719262692,0.0,0.6666666666666666,239
NCAM1,IDH_WT,tumor,AC_like_tumor,1,0.13437698173971394,0.0240611309936104,1.0,240
PTGES2,IDH_Mutant,tumor,OPC_GABA_like_tumor,0,0.13284650713920262,0.0,0.6666666666666666,241
NCAM1,IDH_WT,tumor,cycling_tumor,1,0.13283019327173723,0.0539088305225066,1.0,242
CD4,IDH_Mutant,TAM_microglia,TAM1/TAM2/microglia,0,0.1299447814177397,0.0431531889546866,0.6666666666666666,243
ANXA1,IDH_Mutant,tumor,OPC_GABA_AC_like_tumor,0,0.12499311291649336,0.0,0.3333333333333333,244
CXCR4,IDH_Mutant,tumor,OPC_GABA_AC_like_tumor,0,0.1240808080984741,0.0,0.3333333333333333,245
CXCR4,IDH_WT,tumor,OPC_GABA_AC_like_tumor,0,0.1240808080984741,0.0,0.3333333333333333,246
HAVCR2,IDH_Mutant,tumor,OPC_GABA_AC_like_tumor,0,0.1240808080984741,0.0,0.3333333333333333,247
HAVCR2,IDH_WT,tumor,OPC_GABA_AC_like_tumor,0,0.1240808080984741,0.0,0.3333333333333333,248
ITGB2,IDH_Mutant,tumor,OPC_GABA_AC_like_tumor,0,0.1240808080984741,0.0,0.3333333333333333,249
ITGB2,IDH_WT,tumor,OPC_GABA_AC_like_tumor,0,0.1240808080984741,0.0,0.3333333333333333,250
KLRC2,IDH_Mutant,tumor,OPC_GABA_AC_like_tumor,0,0.1240808080984741,0.0,0.3333333333333333,251
KLRC2,IDH_WT,tumor,OPC_GABA_AC_like_tumor,0,0.1240808080984741,0.0,0.3333333333333333,252
LRRTM2,IDH_Mutant,tumor,OPC_GABA_AC_like_tumor,0,0.1240808080984741,0.0,0.3333333333333333,253
LRRTM2,IDH_WT,tumor,OPC_GABA_AC_like_tumor,0,0.1240808080984741,0.0,0.3333333333333333,254
NLGN1,IDH_Mutant,tumor,OPC_GABA_AC_like_tumor,1,0.1240808080984741,0.0,0.3333333333333333,255
NLGN1,IDH_WT,tumor,OPC_GABA_AC_like_tumor,1,0.1240808080984741,0.0,0.3333333333333333,256
SORT1,IDH_Mutant,tumor,OPC_GABA_AC_like_tumor,0,0.1240808080984741,0.0,0.3333333333333333,257
SORT1,IDH_WT,tumor,OPC_GABA_AC_like_tumor,0,0.1240808080984741,0.0,0.3333333333333333,258
TREM2,IDH_Mutant,tumor,OPC_GABA_AC_like_tumor,0,0.1240808080984741,0.0,0.3333333333333333,259
TREM2,IDH_WT,tumor,OPC_GABA_AC_like_tumor,0,0.1240808080984741,0.0,0.3333333333333333,260
NCAM1,IDH_WT,tumor,OPC_GABA_AC_like_tumor,1,0.1229410689207148,0.0228642376149114,1.0,261
CLSTN1,IDH_Mutant,tumor,OPC_GABA_AC_like_tumor,0,0.12247805076252835,0.0,0.3333333333333333,262
CLSTN1,IDH_WT,tumor,OPC_GABA_AC_like_tumor,0,0.12247805076252835,0.0,0.3333333333333333,263
ITGAV,IDH_Mutant,tumor,OPC_GABA_AC_like_tumor,0,0.12247805076252835,0.0,0.3333333333333333,264
ITGAV,IDH_WT,tumor,OPC_GABA_AC_like_tumor,0,0.12247805076252835,0.0,0.3333333333333333,265
NOTCH1,IDH_Mutant,tumor,OPC_GABA_AC_like_tumor,1,0.12247805076252835,0.0,0.3333333333333333,266
NOTCH1,IDH_WT,tumor,OPC_GABA_AC_like_tumor,1,0.12247805076252835,0.0,0.3333333333333333,267
PILRA,IDH_Mutant,tumor,OPC_GABA_AC_like_tumor,0,0.12247805076252835,0.0,0.3333333333333333,268
PILRA,IDH_WT,tumor,OPC_GABA_AC_like_tumor,0,0.12247805076252835,0.0,0.3333333333333333,269
APP,IDH_WT,TAM_microglia,TAM1/TAM2/microglia,0,0.12184895789899172,0.0,0.3333333333333333,270
CLEC2D,IDH_WT,tumor,cycling_tumor,0,0.1216407897797261,0.0,0.6666666666666666,271
PPIA,IDH_Mutant,tumor,AC_like_tumor,0,0.12056807788386144,0.1186820423196334,0.6666666666666666,272
PPIA,IDH_WT,tumor,AC_like_tumor,0,0.12056807788386144,0.1186820423196334,0.6666666666666666,273
NCAM2,IDH_Mutant,tumor,cycling_tumor,1,0.11998690124638764,0.0081777990732763,1.0,274
C3AR1,IDH_Mutant,tumor,OPC_GABA_AC_like_tumor,0,0.11896496050113767,0.0,0.3333333333333333,275
C3AR1,IDH_WT,tumor,OPC_GABA_AC_like_tumor,0,0.11896496050113767,0.0,0.3333333333333333,276
DAG1,IDH_Mutant,tumor,OPC_GABA_AC_like_tumor,0,0.11896496050113767,0.0,0.3333333333333333,277
DAG1,IDH_WT,tumor,OPC_GABA_AC_like_tumor,0,0.11896496050113767,0.0,0.3333333333333333,278
FPR1,IDH_Mutant,tumor,OPC_GABA_AC_like_tumor,0,0.11896496050113767,0.0,0.3333333333333333,279
FPR1,IDH_WT,tumor,OPC_GABA_AC_like_tumor,0,0.11896496050113767,0.0,0.3333333333333333,280
GRIA3,IDH_Mutant,tumor,OPC_GABA_AC_like_tumor,1,0.11896496050113767,0.0,0.3333333333333333,281
GRIA3,IDH_WT,tumor,OPC_GABA_AC_like_tumor,1,0.11896496050113767,0.0,0.3333333333333333,282
ITGB8,IDH_Mutant,tumor,OPC_GABA_AC_like_tumor,0,0.11896496050113767,0.0,0.3333333333333333,283
ITGB8,IDH_WT,tumor,OPC_GABA_AC_like_tumor,0,0.11896496050113767,0.0,0.3333333333333333,284
LRRTM3,IDH_Mutant,tumor,OPC_GABA_AC_like_tumor,0,0.11896496050113767,0.0,0.3333333333333333,285
LRRTM3,IDH_WT,tumor,OPC_GABA_AC_like_tumor,0,0.11896496050113767,0.0,0.3333333333333333,286
MRC1,IDH_Mutant,tumor,OPC_GABA_AC_like_tumor,0,0.11896496050113767,0.0,0.3333333333333333,287
MRC1,IDH_WT,tumor,OPC_GABA_AC_like_tumor,0,0.11896496050113767,0.0,0.3333333333333333,288
NLGN3,IDH_Mutant,tumor,OPC_GABA_AC_like_tumor,1,0.11896496050113767,0.0,0.3333333333333333,289
NLGN3,IDH_WT,tumor,OPC_GABA_AC_like_tumor,1,0.11896496050113767,0.0,0.3333333333333333,290
P4HB,IDH_Mutant,tumor,OPC_GABA_AC_like_tumor,0,0.11896496050113767,0.0,0.3333333333333333,291
P4HB,IDH_WT,tumor,OPC_GABA_AC_like_tumor,0,0.11896496050113767,0.0,0.3333333333333333,292
PTGER4,IDH_Mutant,tumor,OPC_GABA_AC_like_tumor,0,0.11896496050113767,0.0,0.3333333333333333,293
PTGER4,IDH_WT,tumor,OPC_GABA_AC_like_tumor,0,0.11896496050113767,0.0,0.3333333333333333,294
PTPRD,IDH_Mutant,tumor,OPC_GABA_AC_like_tumor,0,0.11896496050113767,0.0,0.3333333333333333,295
PTPRD,IDH_WT,tumor,OPC_GABA_AC_like_tumor,0,0.11896496050113767,0.0,0.3333333333333333,296
TMIGD3,IDH_Mutant,tumor,OPC_GABA_AC_like_tumor,0,0.11896496050113767,0.0,0.3333333333333333,297
TMIGD3,IDH_WT,tumor,OPC_GABA_AC_like_tumor,0,0.11896496050113767,0.0,0.3333333333333333,298
DAG1,IDH_WT,tumor,OPC_GABA_like_tumor,0,0.11886705879722129,0.0,0.3333333333333333,299
NRXN1,IDH_WT,tumor,OPC_GABA_like_tumor,1,0.11466490684384938,0.0202156564962208,1.0,300
NCAM1,IDH_Mutant,tumor,AC_like_tumor,1,0.11375836942347428,0.0240611309936104,1.0,301
KLRC2,IDH_WT,tumor,AC_like_tumor,0,0.11366762038805112,0.0,0.3333333333333333,302
NRXN2,IDH_WT,tumor,AC_like_tumor,1,0.11253267790246042,0.0,0.3333333333333333,303
AXL,IDH_Mutant,tumor,OPC_GABA_AC_like_tumor,0,0.11154561127079354,0.0,0.3333333333333333,304
AXL,IDH_WT,tumor,OPC_GABA_AC_like_tumor,0,0.11154561127079354,0.0,0.3333333333333333,305
CD4,IDH_Mutant,tumor,OPC_GABA_AC_like_tumor,0,0.11154561127079354,0.0,0.3333333333333333,306
CD4,IDH_WT,tumor,OPC_GABA_AC_like_tumor,0,0.11154561127079354,0.0,0.3333333333333333,307
GRIK2,IDH_Mutant,tumor,OPC_GABA_AC_like_tumor,1,0.11154561127079354,0.0,0.3333333333333333,308
GRIK2,IDH_WT,tumor,OPC_GABA_AC_like_tumor,1,0.11154561127079354,0.0,0.3333333333333333,309
ITGAX,IDH_Mutant,tumor,OPC_GABA_AC_like_tumor,0,0.11154561127079354,0.0,0.3333333333333333,310
ITGAX,IDH_WT,tumor,OPC_GABA_AC_like_tumor,0,0.11154561127079354,0.0,0.3333333333333333,311
LILRB4,IDH_Mutant,tumor,OPC_GABA_AC_like_tumor,0,0.11154561127079354,0.0,0.3333333333333333,312
LILRB4,IDH_WT,tumor,OPC_GABA_AC_like_tumor,0,0.11154561127079354,0.0,0.3333333333333333,313
MERTK,IDH_Mutant,tumor,OPC_GABA_AC_like_tumor,0,0.11154561127079354,0.0,0.3333333333333333,314
MERTK,IDH_WT,tumor,OPC_GABA_AC_like_tumor,0,0.11154561127079354,0.0,0.3333333333333333,315
NCAM2,IDH_Mutant,tumor,OPC_GABA_AC_like_tumor,1,0.11154561127079354,0.0,0.3333333333333333,316
NCAM2,IDH_WT,tumor,OPC_GABA_AC_like_tumor,1,0.11154561127079354,0.0,0.3333333333333333,317
PILRB,IDH_Mutant,tumor,OPC_GABA_AC_like_tumor,0,0.11154561127079354,0.0,0.3333333333333333,318
PILRB,IDH_WT,tumor,OPC_GABA_AC_like_tumor,0,0.11154561127079354,0.0,0.3333333333333333,319
ROBO1,IDH_Mutant,tumor,OPC_GABA_AC_like_tumor,0,0.11154561127079354,0.0,0.3333333333333333,320
ROBO1,IDH_WT,tumor,OPC_GABA_AC_like_tumor,0,0.11154561127079354,0.0,0.3333333333333333,321
TGFBR1,IDH_Mutant,tumor,OPC_GABA_AC_like_tumor,0,0.11154561127079354,0.0,0.3333333333333333,322
TGFBR1,IDH_WT,tumor,OPC_GABA_AC_like_tumor,0,0.11154561127079354,0.0,0.3333333333333333,323
TNFRSF1A,IDH_Mutant,tumor,OPC_GABA_AC_like_tumor,0,0.11154561127079354,0.0,0.3333333333333333,324
TNFRSF1A,IDH_WT,tumor,OPC_GABA_AC_like_tumor,0,0.11154561127079354,0.0,0.3333333333333333,325
SORL1,IDH_Mutant,TAM_microglia,TAM1/TAM2/microglia,0,0.11082819488523107,0.0511641001611375,1.0,326
GRN,IDH_WT,tumor,OPC_GABA_like_tumor,0,0.11056602585967545,0.0,0.3333333333333333,327
APOE,IDH_WT,tumor,AC_like_tumor,0,0.10795932468347705,0.1531399133496586,1.0,328
CLSTN1,IDH_Mutant,TAM_microglia,TAM1/TAM2/microglia,0,0.10725875836501846,0.0,0.6666666666666666,329
KLRC2,IDH_Mutant,tumor,OPC_GABA_like_tumor,0,0.10692232403042452,0.0287367317117394,1.0,330
APOE,IDH_WT,tumor,cycling_tumor,0,0.10569452770855355,0.1534655254557488,1.0,331
CD44,IDH_Mutant,tumor,AC_like_tumor,0,0.10474571012767035,0.0,0.3333333333333333,332
CD44,IDH_WT,tumor,AC_like_tumor,0,0.10474571012767035,0.0,0.3333333333333333,333
GPR37L1,IDH_Mutant,tumor,AC_like_tumor,0,0.10474571012767035,0.0,0.3333333333333333,334
GPR37L1,IDH_WT,tumor,AC_like_tumor,0,0.10474571012767035,0.0,0.3333333333333333,335
ITGB1,IDH_Mutant,tumor,AC_like_tumor,0,0.10474571012767035,0.0,0.3333333333333333,336
ITGB1,IDH_WT,tumor,AC_like_tumor,0,0.10474571012767035,0.0,0.3333333333333333,337
KLRB1,IDH_Mutant,tumor,AC_like_tumor,0,0.10474571012767035,0.0,0.3333333333333333,338
KLRB1,IDH_WT,tumor,AC_like_tumor,0,0.10474571012767035,0.0,0.3333333333333333,339
SDC3,IDH_Mutant,tumor,AC_like_tumor,0,0.10474571012767035,0.0,0.3333333333333333,340
SDC3,IDH_WT,tumor,AC_like_tumor,0,0.10474571012767035,0.0,0.3333333333333333,341
SORL1,IDH_Mutant,tumor,AC_like_tumor,0,0.10474571012767035,0.0,0.3333333333333333,342
SORL1,IDH_WT,tumor,AC_like_tumor,0,0.10474571012767035,0.0,0.3333333333333333,343
TGFBR2,IDH_Mutant,tumor,AC_like_tumor,0,0.10474571012767035,0.0,0.3333333333333333,344
TGFBR2,IDH_WT,tumor,AC_like_tumor,0,0.10474571012767035,0.0,0.3333333333333333,345
TNFRSF1B,IDH_Mutant,tumor,AC_like_tumor,0,0.10474571012767035,0.0,0.3333333333333333,346
TNFRSF1B,IDH_WT,tumor,AC_like_tumor,0,0.10474571012767035,0.0,0.3333333333333333,347
PTPRD,IDH_Mutant,tumor,cycling_tumor,0,0.10450648607427689,0.0,0.6666666666666666,348
APOE,IDH_Mutant,tumor,AC_like_tumor,0,0.10416931842484634,0.1531399133496586,1.0,349
C3,IDH_WT,tumor,OPC_GABA_AC_like_tumor,0,0.10386412368236594,0.0,0.3333333333333333,350
GPR37L1,IDH_Mutant,tumor,OPC_GABA_like_tumor,0,0.1030941685742663,0.0103328573239385,1.0,351
NCAM1,IDH_Mutant,tumor,cycling_tumor,1,0.1021074134840251,0.0539088305225066,1.0,352
MPZL1,IDH_Mutant,TAM_microglia,TAM1/TAM2/microglia,0,0.10205993353990135,0.0020758691199662,1.0,353
GPR37L1,IDH_WT,tumor,OPC_GABA_like_tumor,0,0.10149617232609014,0.0103328573239385,0.6666666666666666,354
NCAM1,IDH_Mutant,tumor,OPC_GABA_AC_like_tumor,1,0.10039203031185191,0.0228642376149114,1.0,355
SLIT1,IDH_WT,tumor,AC_like_tumor,0,0.09913992956459863,0.0,0.3333333333333333,356
NLGN3,IDH_Mutant,tumor,OPC_GABA_like_tumor,1,0.09911073366001202,0.0,0.6666666666666666,357
LRP1,IDH_WT,tumor,cycling_tumor,0,0.09859387181227146,0.0014757899052933,1.0,358
PTPRZ1,IDH_Mutant,T_cell,T cell,0,0.09842710162154247,0.0,0.3333333333333333,359
THY1,IDH_Mutant,tumor,OPC_GABA_AC_like_tumor,0,0.09827995513182328,0.0,0.3333333333333333,360
APOE,IDH_Mutant,tumor,cycling_tumor,0,0.09688320016602608,0.1534655254557488,1.0,361
CXCR4,IDH_Mutant,tumor,AC_like_tumor,0,0.09466252003657806,0.0,0.3333333333333333,362
CXCR4,IDH_WT,tumor,AC_like_tumor,0,0.09466252003657806,0.0,0.3333333333333333,363
HAVCR2,IDH_Mutant,tumor,AC_like_tumor,0,0.09466252003657806,0.0,0.3333333333333333,364
HAVCR2,IDH_WT,tumor,AC_like_tumor,0,0.09466252003657806,0.0,0.3333333333333333,365
ITGB2,IDH_Mutant,tumor,AC_like_tumor,0,0.09466252003657806,0.0,0.3333333333333333,366
ITGB2,IDH_WT,tumor,AC_like_tumor,0,0.09466252003657806,0.0,0.3333333333333333,367
SORT1,IDH_Mutant,tumor,AC_like_tumor,0,0.09466252003657806,0.0,0.3333333333333333,368
SORT1,IDH_WT,tumor,AC_like_tumor,0,0.09466252003657806,0.0,0.3333333333333333,369
TREM2,IDH_Mutant,tumor,AC_like_tumor,0,0.09466252003657806,0.0,0.3333333333333333,370
TREM2,IDH_WT,tumor,AC_like_tumor,0,0.09466252003657806,0.0,0.3333333333333333,371
NLGN1,IDH_WT,tumor,OPC_GABA_like_tumor,1,0.0938945286006564,0.0202156564962208,1.0,372
PDGFB,IDH_Mutant,TAM_microglia,TAM1/TAM2/microglia,0,0.09263749995838925,0.0135999473904176,1.0,373
SORL1,IDH_WT,TAM_microglia,TAM1/TAM2/microglia,0,0.09147287762897019,0.0511641001611375,1.0,374
AREG,IDH_WT,TAM_microglia,TAM1/TAM2/microglia,0,0.08982008436617489,0.0,0.6666666666666666,375
MPZL1,IDH_WT,TAM_microglia,TAM1/TAM2/microglia,0,0.08886739594574158,0.0020758691199662,1.0,376
P4HB,IDH_Mutant,tumor,cycling_tumor,0,0.08884161105768261,0.006613979542561,0.6666666666666666,377
SLC1A3,IDH_WT,TAM_microglia,TAM1/TAM2/microglia,0,0.08823187995058746,0.0580182501147297,1.0,378
PCDHGA10,IDH_WT,tumor,cycling_tumor,0,0.08749559434692163,0.0,0.6666666666666666,379
TGFBR1,IDH_WT,TAM_microglia,TAM1/TAM2/microglia,0,0.08706052902446479,0.0050238491740621,1.0,380
PTGES2,IDH_WT,tumor,OPC_GABA_like_tumor,0,0.08605956039585062,0.0,0.6666666666666666,381
CD99,IDH_Mutant,TAM_microglia,TAM1/TAM2/microglia,0,0.08562037500584954,0.0335568293583414,0.6666666666666666,382
CD99,IDH_WT,TAM_microglia,TAM1/TAM2/microglia,0,0.08562037500584954,0.0335568293583414,0.6666666666666666,383
PTGER4,IDH_WT,T_cell,T cell,0,0.08281054623835334,0.0,0.6666666666666666,384
SLIT1,IDH_Mutant,tumor,cycling_tumor,0,0.08236452718545276,0.0,0.6666666666666666,385
BSG,IDH_Mutant,tumor,AC_like_tumor,0,0.08134721750804363,0.027815192477311,0.6666666666666666,386
BSG,IDH_WT,tumor,AC_like_tumor,0,0.08134721750804363,0.027815192477311,0.6666666666666666,387
CLEC2D,IDH_WT,tumor,OPC_GABA_like_tumor,0,0.0811876275184122,0.0,0.6666666666666666,388
CLDN11,IDH_WT,tumor,OPC_GABA_like_tumor,0,0.08060988609996253,0.0,0.6666666666666666,389
APOE,IDH_Mutant,tumor,OPC_GABA_like_tumor,0,0.08035536071940334,0.1006178802379461,1.0,390
MPZL1,IDH_Mutant,tumor,OPC_GABA_AC_like_tumor,0,0.07707841506156063,0.0,0.3333333333333333,391
NCAM1,IDH_Mutant,tumor,OPC_GABA_like_tumor,1,0.07678258294903356,0.0937493977547745,1.0,392
LRP1,IDH_Mutant,tumor,cycling_tumor,0,0.07476584731956089,0.0014757899052933,0.6666666666666666,393
SPP1,IDH_Mutant,TAM_microglia,TAM1/TAM2/microglia,1,0.07474385793146324,0.0600743503220592,1.0,394
PTPRD,IDH_Mutant,tumor,AC_like_tumor,0,0.07403171337681529,0.0,0.3333333333333333,395
THY1,IDH_WT,tumor,AC_like_tumor,0,0.0734567861881962,0.0,0.6666666666666666,396
CD99,IDH_Mutant,tumor,cycling_tumor,0,0.07345553845788558,0.0093598934920334,1.0,397
COL9A1,IDH_WT,tumor,cycling_tumor,0,0.07302138162167084,0.0026257015067272,1.0,398
CD99,IDH_Mutant,T_cell,T cell,1,0.07262365385128888,0.0173369733225027,0.6666666666666666,399
CD99,IDH_WT,T_cell,T cell,1,0.07262365385128888,0.0173369733225027,0.6666666666666666,400
JAM2,IDH_WT,tumor,OPC_GABA_like_tumor,0,0.0718823019896206,0.0,0.6666666666666666,401
ITGAV,IDH_WT,tumor,OPC_GABA_like_tumor,0,0.07166163768968721,0.0204651750303783,0.6666666666666666,402
CXCR4,IDH_Mutant,TAM_microglia,TAM1/TAM2/microglia,1,0.07148286876479165,0.0917041673934359,1.0,403
KLRC2,IDH_WT,tumor,OPC_GABA_like_tumor,0,0.07137690220630503,0.0287367317117394,0.6666666666666666,404
APOE,IDH_WT,tumor,OPC_GABA_like_tumor,0,0.07121790659381794,0.1006178802379461,1.0,405
MPZL1,IDH_Mutant,tumor,OPC_GABA_like_tumor,0,0.07106627739294441,0.0,0.3333333333333333,406
AXL,IDH_Mutant,tumor,AC_like_tumor,0,0.07092095137738949,0.0,0.3333333333333333,407
AXL,IDH_WT,tumor,AC_like_tumor,0,0.07092095137738949,0.0,0.3333333333333333,408
CD4,IDH_Mutant,tumor,AC_like_tumor,0,0.07092095137738949,0.0,0.3333333333333333,409
CD4,IDH_WT,tumor,AC_like_tumor,0,0.07092095137738949,0.0,0.3333333333333333,410
ITGAX,IDH_Mutant,tumor,AC_like_tumor,0,0.07092095137738949,0.0,0.3333333333333333,411
ITGAX,IDH_WT,tumor,AC_like_tumor,0,0.07092095137738949,0.0,0.3333333333333333,412
LILRB4,IDH_Mutant,tumor,AC_like_tumor,0,0.07092095137738949,0.0,0.3333333333333333,413
LILRB4,IDH_WT,tumor,AC_like_tumor,0,0.07092095137738949,0.0,0.3333333333333333,414
MERTK,IDH_Mutant,tumor,AC_like_tumor,0,0.07092095137738949,0.0,0.3333333333333333,415
MERTK,IDH_WT,tumor,AC_like_tumor,0,0.07092095137738949,0.0,0.3333333333333333,416
NCAM2,IDH_Mutant,tumor,AC_like_tumor,1,0.07092095137738949,0.0,0.3333333333333333,417
NCAM2,IDH_WT,tumor,AC_like_tumor,1,0.07092095137738949,0.0,0.3333333333333333,418
PILRB,IDH_Mutant,tumor,AC_like_tumor,0,0.07092095137738949,0.0,0.3333333333333333,419
PILRB,IDH_WT,tumor,AC_like_tumor,0,0.07092095137738949,0.0,0.3333333333333333,420
TGFBR1,IDH_Mutant,tumor,AC_like_tumor,0,0.07092095137738949,0.0,0.3333333333333333,421
TGFBR1,IDH_WT,tumor,AC_like_tumor,0,0.07092095137738949,0.0,0.3333333333333333,422
TNFRSF1A,IDH_Mutant,tumor,AC_like_tumor,0,0.07092095137738949,0.0,0.3333333333333333,423
TNFRSF1A,IDH_WT,tumor,AC_like_tumor,0,0.07092095137738949,0.0,0.3333333333333333,424
LRP1,IDH_Mutant,tumor,AC_like_tumor,0,0.07034576770795645,0.0013213158667165,0.6666666666666666,425
LRP1,IDH_WT,tumor,AC_like_tumor,0,0.07034576770795645,0.0013213158667165,0.6666666666666666,426
CD74,IDH_WT,tumor,AC_like_tumor,0,0.06996896951167544,0.0223694210384319,1.0,427
SLC1A3,IDH_Mutant,TAM_microglia,TAM1/TAM2/microglia,0,0.06950011940595667,0.0580182501147297,1.0,428
CD99,IDH_WT,tumor,AC_like_tumor,0,0.0690136185532128,0.0,0.3333333333333333,429
HBEGF,IDH_WT,tumor,cycling_tumor,0,0.06881815753275215,0.0,0.6666666666666666,430
C3AR1,IDH_Mutant,tumor,AC_like_tumor,0,0.06746900260347938,0.0,0.3333333333333333,431
C3AR1,IDH_WT,tumor,AC_like_tumor,0,0.06746900260347938,0.0,0.3333333333333333,432
DAG1,IDH_Mutant,tumor,AC_like_tumor,0,0.06746900260347938,0.0,0.3333333333333333,433
DAG1,IDH_WT,tumor,AC_like_tumor,0,0.06746900260347938,0.0,0.3333333333333333,434
FPR1,IDH_Mutant,tumor,AC_like_tumor,0,0.06746900260347938,0.0,0.3333333333333333,435
FPR1,IDH_WT,tumor,AC_like_tumor,0,0.06746900260347938,0.0,0.3333333333333333,436
ITGB8,IDH_Mutant,tumor,AC_like_tumor,0,0.06746900260347938,0.0,0.3333333333333333,437
ITGB8,IDH_WT,tumor,AC_like_tumor,0,0.06746900260347938,0.0,0.3333333333333333,438
LRRTM3,IDH_Mutant,tumor,AC_like_tumor,0,0.06746900260347938,0.0,0.3333333333333333,439
LRRTM3,IDH_WT,tumor,AC_like_tumor,0,0.06746900260347938,0.0,0.3333333333333333,440
MRC1,IDH_Mutant,tumor,AC_like_tumor,0,0.06746900260347938,0.0,0.3333333333333333,441
MRC1,IDH_WT,tumor,AC_like_tumor,0,0.06746900260347938,0.0,0.3333333333333333,442
NLGN3,IDH_Mutant,tumor,AC_like_tumor,1,0.06746900260347938,0.0,0.3333333333333333,443
NLGN3,IDH_WT,tumor,AC_like_tumor,1,0.06746900260347938,0.0,0.3333333333333333,444
P4HB,IDH_Mutant,tumor,AC_like_tumor,0,0.06746900260347938,0.0,0.3333333333333333,445
P4HB,IDH_WT,tumor,AC_like_tumor,0,0.06746900260347938,0.0,0.3333333333333333,446
PTGER4,IDH_Mutant,tumor,AC_like_tumor,0,0.06746900260347938,0.0,0.3333333333333333,447
PTGER4,IDH_WT,tumor,AC_like_tumor,0,0.06746900260347938,0.0,0.3333333333333333,448
TMIGD3,IDH_Mutant,tumor,AC_like_tumor,0,0.06746900260347938,0.0,0.3333333333333333,449
TMIGD3,IDH_WT,tumor,AC_like_tumor,0,0.06746900260347938,0.0,0.3333333333333333,450
CLSTN1,IDH_WT,TAM_microglia,TAM1/TAM2/microglia,0,0.06714849683099926,0.0,0.6666666666666666,451
FPR1,IDH_Mutant,TAM_microglia,TAM1/TAM2/microglia,0,0.06703399484531965,0.0086008858847479,1.0,452
CD44,IDH_Mutant,T_cell,T cell,0,0.06701249245181144,0.0602207357854614,0.6666666666666666,453
HAVCR2,IDH_WT,T_cell,T cell,0,0.06678445091641201,0.0,0.3333333333333333,454
CXCR4,IDH_Mutant,T_cell,T cell,0,0.06653069970116718,0.0485948380951234,1.0,455
ITGB8,IDH_Mutant,tumor,cycling_tumor,0,0.066529096163026,0.0013090159462151,1.0,456
TGFBR1,IDH_Mutant,TAM_microglia,TAM1/TAM2/microglia,0,0.06636546227371694,0.0050238491740621,1.0,457
ITGB8,IDH_WT,tumor,OPC_GABA_like_tumor,0,0.06484540524071393,0.001639426134793,0.6666666666666666,458
NLGN1,IDH_Mutant,tumor,OPC_GABA_like_tumor,1,0.06459558730793884,0.0202156564962208,0.6666666666666666,459
TNFRSF1B,IDH_WT,TAM_microglia,TAM1/TAM2/microglia,0,0.06353978358422552,0.0066747111237441,1.0,460
EGFR,IDH_WT,tumor,OPC_GABA_like_tumor,0,0.06347737725026603,0.0324842206972956,1.0,461
CD99,IDH_WT,tumor,OPC_GABA_like_tumor,0,0.06250812379189295,0.0094000310679316,0.6666666666666666,462
PDGFA,IDH_Mutant,tumor,cycling_tumor,0,0.06223489704666065,0.0039862277869608,0.6666666666666666,463
PTPRD,IDH_WT,tumor,cycling_tumor,0,0.06152684176000621,0.0,0.6666666666666666,464
ITGAV,IDH_Mutant,tumor,OPC_GABA_like_tumor,0,0.060891949848003446,0.0204651750303783,1.0,465
EGFR,IDH_Mutant,tumor,OPC_GABA_AC_like_tumor,0,0.06006473109022546,0.0131137600897326,0.6666666666666666,466
TNFRSF1B,IDH_Mutant,TAM_microglia,TAM1/TAM2/microglia,0,0.060055340460317665,0.0066747111237441,1.0,467
SPP1,IDH_WT,TAM_microglia,TAM1/TAM2/microglia,1,0.059948398391569,0.0600743503220592,0.6666666666666666,468
MIF,IDH_Mutant,tumor,AC_like_tumor,0,0.05976728544523015,0.0301326100099938,1.0,469
COL9A1,IDH_Mutant,tumor,OPC_GABA_AC_like_tumor,0,0.05967060241209974,0.0,0.3333333333333333,470
COL9A1,IDH_WT,tumor,OPC_GABA_AC_like_tumor,0,0.05967060241209974,0.0,0.3333333333333333,471
DMA,IDH_Mutant,tumor,OPC_GABA_AC_like_tumor,0,0.05967060241209974,0.0,0.3333333333333333,472
DMA,IDH_WT,tumor,OPC_GABA_AC_like_tumor,0,0.05967060241209974,0.0,0.3333333333333333,473
DQB1,IDH_Mutant,tumor,OPC_GABA_AC_like_tumor,0,0.05967060241209974,0.0,0.3333333333333333,474
DQB1,IDH_WT,tumor,OPC_GABA_AC_like_tumor,0,0.05967060241209974,0.0,0.3333333333333333,475
GRN,IDH_Mutant,tumor,OPC_GABA_AC_like_tumor,0,0.05967060241209974,0.0,0.3333333333333333,476
GRN,IDH_WT,tumor,OPC_GABA_AC_like_tumor,0,0.05967060241209974,0.0,0.3333333333333333,477
PDGFA,IDH_Mutant,tumor,OPC_GABA_AC_like_tumor,0,0.05967060241209974,0.0,0.3333333333333333,478
PDGFA,IDH_WT,tumor,OPC_GABA_AC_like_tumor,0,0.05967060241209974,0.0,0.3333333333333333,479
CLSTN1,IDH_Mutant,tumor,AC_like_tumor,0,0.05963165171410323,0.0,0.3333333333333333,480
CLSTN1,IDH_WT,tumor,AC_like_tumor,0,0.05963165171410323,0.0,0.3333333333333333,481
ITGAV,IDH_Mutant,tumor,AC_like_tumor,0,0.05963165171410323,0.0,0.3333333333333333,482
ITGAV,IDH_WT,tumor,AC_like_tumor,0,0.05963165171410323,0.0,0.3333333333333333,483
NOTCH1,IDH_Mutant,tumor,AC_like_tumor,1,0.05963165171410323,0.0,0.3333333333333333,484
NOTCH1,IDH_WT,tumor,AC_like_tumor,1,0.05963165171410323,0.0,0.3333333333333333,485
PILRA,IDH_Mutant,tumor,AC_like_tumor,0,0.05963165171410323,0.0,0.3333333333333333,486
PILRA,IDH_WT,tumor,AC_like_tumor,0,0.05963165171410323,0.0,0.3333333333333333,487
GLS,IDH_Mutant,tumor,OPC_GABA_like_tumor,0,0.05949912229518621,0.0,0.3333333333333333,488
ITGB1,IDH_Mutant,tumor,OPC_GABA_like_tumor,0,0.05917208998617254,0.0204651750303783,1.0,489
MIF,IDH_Mutant,tumor,OPC_GABA_like_tumor,0,0.05914878180813232,0.07070325655545,1.0,490
ITGB2,IDH_WT,TAM_microglia,TAM1/TAM2/microglia,0,0.05861055880409083,0.0442420541942578,1.0,491
ITGAX,IDH_WT,TAM_microglia,TAM1/TAM2/microglia,0,0.05840950150823547,0.0442420541942578,1.0,492
MIF,IDH_Mutant,TAM_microglia,TAM1/TAM2/microglia,1,0.058016559220629094,0.0301801420527412,1.0,493
APP,IDH_Mutant,TAM_microglia,TAM1/TAM2/microglia,0,0.05800163309020616,0.0,0.6666666666666666,494
MDK,IDH_WT,tumor,cycling_tumor,1,0.05766407399557355,0.0180550672770162,1.0,495
FPR1,IDH_WT,TAM_microglia,TAM1/TAM2/microglia,0,0.0575599736996137,0.0086008858847479,1.0,496
CLEC2D,IDH_Mutant,tumor,OPC_GABA_AC_like_tumor,0,0.05740111411369435,0.0,0.3333333333333333,497
CLEC2D,IDH_WT,tumor,OPC_GABA_AC_like_tumor,0,0.05740111411369435,0.0,0.3333333333333333,498
DPA1,IDH_Mutant,tumor,OPC_GABA_AC_like_tumor,0,0.05740111411369435,0.0,0.3333333333333333,499
DPA1,IDH_WT,tumor,OPC_GABA_AC_like_tumor,0,0.05740111411369435,0.0,0.3333333333333333,500
DRB1,IDH_Mutant,tumor,OPC_GABA_AC_like_tumor,0,0.05740111411369435,0.0,0.3333333333333333,501
DRB1,IDH_WT,tumor,OPC_GABA_AC_like_tumor,0,0.05740111411369435,0.0,0.3333333333333333,502
HBEGF,IDH_Mutant,tumor,OPC_GABA_AC_like_tumor,0,0.05740111411369435,0.0,0.3333333333333333,503
HBEGF,IDH_WT,tumor,OPC_GABA_AC_like_tumor,0,0.05740111411369435,0.0,0.3333333333333333,504
LAIR1,IDH_Mutant,tumor,OPC_GABA_AC_like_tumor,0,0.05740111411369435,0.0,0.3333333333333333,505
LAIR1,IDH_WT,tumor,OPC_GABA_AC_like_tumor,0,0.05740111411369435,0.0,0.3333333333333333,506
SLC1A3,IDH_Mutant,tumor,OPC_GABA_AC_like_tumor,0,0.05740111411369435,0.0,0.3333333333333333,507
SLC1A3,IDH_WT,tumor,OPC_GABA_AC_like_tumor,0,0.05740111411369435,0.0,0.3333333333333333,508
SLC1A3,IDH_Mutant,tumor,OPC_GABA_like_tumor,0,0.05708279377102169,0.0,0.6666666666666666,509
TYROBP,IDH_Mutant,tumor,AC_like_tumor,0,0.057063942389976405,0.0,0.6666666666666666,510
DAG1,IDH_Mutant,tumor,OPC_GABA_like_tumor,0,0.05657105188980129,0.0,0.6666666666666666,511
CADM1,IDH_Mutant,TAM_microglia,TAM1/TAM2/microglia,0,0.05652140627940757,0.0,0.3333333333333333,512
SPP1,IDH_WT,tumor,OPC_GABA_like_tumor,0,0.056473573372122866,0.0085137702615473,1.0,513
CD44,IDH_WT,T_cell,T cell,0,0.056256602118976026,0.0602207357854614,1.0,514
MDK,IDH_Mutant,tumor,cycling_tumor,1,0.05487175561170503,0.0180550672770162,1.0,515
MIF,IDH_WT,tumor,OPC_GABA_AC_like_tumor,0,0.05484693617022644,0.0397126271796259,1.0,516
TNFRSF1A,IDH_WT,TAM_microglia,TAM1/TAM2/microglia,0,0.05443416056788021,0.0056018898340466,1.0,517
PTPRD,IDH_WT,tumor,AC_like_tumor,0,0.054156501486020935,0.0,0.6666666666666666,518
SLC1A1,IDH_Mutant,tumor,OPC_GABA_like_tumor,0,0.05357745066688695,0.0,0.6666666666666666,519
GAS6,IDH_WT,tumor,cycling_tumor,0,0.053052168086224274,0.0,0.3333333333333333,520
LGALS9,IDH_WT,tumor,cycling_tumor,0,0.053052168086224274,0.0,0.3333333333333333,521
TGFB1,IDH_WT,tumor,cycling_tumor,0,0.053052168086224274,0.0,0.3333333333333333,522
ADORA3,IDH_Mutant,tumor,OPC_GABA_AC_like_tumor,0,0.05282521634539974,0.0,0.3333333333333333,523
ADORA3,IDH_WT,tumor,OPC_GABA_AC_like_tumor,0,0.05282521634539974,0.0,0.3333333333333333,524
DQA1,IDH_Mutant,tumor,OPC_GABA_AC_like_tumor,0,0.05282521634539974,0.0,0.3333333333333333,525
DQA1,IDH_WT,tumor,OPC_GABA_AC_like_tumor,0,0.05282521634539974,0.0,0.3333333333333333,526
E,IDH_Mutant,tumor,OPC_GABA_AC_like_tumor,0,0.05282521634539974,0.0,0.3333333333333333,527
E,IDH_WT,tumor,OPC_GABA_AC_like_tumor,0,0.05282521634539974,0.0,0.3333333333333333,528
GLS,IDH_Mutant,tumor,OPC_GABA_AC_like_tumor,0,0.05282521634539974,0.0,0.3333333333333333,529
GLS,IDH_WT,tumor,OPC_GABA_AC_like_tumor,0,0.05282521634539974,0.0,0.3333333333333333,530
SLITRK2,IDH_Mutant,tumor,OPC_GABA_AC_like_tumor,0,0.05282521634539974,0.0,0.3333333333333333,531
SLITRK2,IDH_WT,tumor,OPC_GABA_AC_like_tumor,0,0.05282521634539974,0.0,0.3333333333333333,532
CNTN1,IDH_Mutant,tumor,OPC_GABA_like_tumor,1,0.052695751225088225,0.0122804136302003,1.0,533
COL9A1,IDH_WT,tumor,OPC_GABA_like_tumor,0,0.05235307338452314,0.0,0.6666666666666666,534
P4HB,IDH_Mutant,TAM_microglia,TAM1/TAM2/microglia,0,0.05230184012474152,0.0024062850263849,0.6666666666666666,535
NRCAM,IDH_WT,tumor,OPC_GABA_like_tumor,1,0.05220863825608428,0.0122804136302003,0.6666666666666666,536
PILRA,IDH_Mutant,TAM_microglia,TAM1/TAM2/microglia,0,0.05218367783385426,0.0082024937284372,1.0,537
CXCR4,IDH_WT,T_cell,T cell,0,0.051888747879782746,0.0485948380951234,1.0,538
MIF,IDH_Mutant,tumor,OPC_GABA_AC_like_tumor,0,0.05148121960180323,0.0397126271796259,0.6666666666666666,539
MIF,IDH_WT,tumor,AC_like_tumor,0,0.05091619806179256,0.0301326100099938,0.6666666666666666,540
ROBO1,IDH_WT,tumor,OPC_GABA_like_tumor,0,0.05027632886473228,0.0026014314511136,1.0,541
HAVCR2,IDH_Mutant,T_cell,T cell,0,0.05009282569980571,0.0,0.6666666666666666,542
CNTN1,IDH_Mutant,tumor,AC_like_tumor,1,0.0497591883765102,0.0,0.3333333333333333,543
CDH2,IDH_Mutant,tumor,AC_like_tumor,0,0.049123990022141815,0.0034390918544762,0.6666666666666666,544
CDH2,IDH_WT,tumor,AC_like_tumor,0,0.049123990022141815,0.0034390918544762,0.6666666666666666,545
ITGAX,IDH_Mutant,TAM_microglia,TAM1/TAM2/microglia,0,0.04886175282039808,0.0442420541942578,0.6666666666666666,546
CXCR4,IDH_WT,TAM_microglia,TAM1/TAM2/microglia,1,0.048700606549774615,0.0917041673934359,0.6666666666666666,547
C3AR1,IDH_Mutant,T_cell,T cell,0,0.04849144633838408,0.0,0.3333333333333333,548
C3AR1,IDH_WT,T_cell,T cell,0,0.04849144633838408,0.0,0.3333333333333333,549
DAG1,IDH_Mutant,T_cell,T cell,0,0.04849144633838408,0.0,0.3333333333333333,550
DAG1,IDH_WT,T_cell,T cell,0,0.04849144633838408,0.0,0.3333333333333333,551
FPR1,IDH_Mutant,T_cell,T cell,0,0.04849144633838408,0.0,0.3333333333333333,552
FPR1,IDH_WT,T_cell,T cell,0,0.04849144633838408,0.0,0.3333333333333333,553
GRIA3,IDH_Mutant,T_cell,T cell,0,0.04849144633838408,0.0,0.3333333333333333,554
GRIA3,IDH_WT,T_cell,T cell,0,0.04849144633838408,0.0,0.3333333333333333,555
ITGB8,IDH_Mutant,T_cell,T cell,0,0.04849144633838408,0.0,0.3333333333333333,556
ITGB8,IDH_WT,T_cell,T cell,0,0.04849144633838408,0.0,0.3333333333333333,557
LRRTM3,IDH_Mutant,T_cell,T cell,0,0.04849144633838408,0.0,0.3333333333333333,558
LRRTM3,IDH_WT,T_cell,T cell,0,0.04849144633838408,0.0,0.3333333333333333,559
MRC1,IDH_Mutant,T_cell,T cell,0,0.04849144633838408,0.0,0.3333333333333333,560
MRC1,IDH_WT,T_cell,T cell,0,0.04849144633838408,0.0,0.3333333333333333,561
NLGN3,IDH_Mutant,T_cell,T cell,0,0.04849144633838408,0.0,0.3333333333333333,562
NLGN3,IDH_WT,T_cell,T cell,0,0.04849144633838408,0.0,0.3333333333333333,563
P4HB,IDH_Mutant,T_cell,T cell,0,0.04849144633838408,0.0,0.3333333333333333,564
P4HB,IDH_WT,T_cell,T cell,0,0.04849144633838408,0.0,0.3333333333333333,565
PDGFRA,IDH_Mutant,T_cell,T cell,0,0.04849144633838408,0.0,0.3333333333333333,566
PDGFRA,IDH_WT,T_cell,T cell,0,0.04849144633838408,0.0,0.3333333333333333,567
PTPRD,IDH_Mutant,T_cell,T cell,0,0.04849144633838408,0.0,0.3333333333333333,568
PTPRD,IDH_WT,T_cell,T cell,0,0.04849144633838408,0.0,0.3333333333333333,569
TMIGD3,IDH_Mutant,T_cell,T cell,0,0.04849144633838408,0.0,0.3333333333333333,570
TMIGD3,IDH_WT,T_cell,T cell,0,0.04849144633838408,0.0,0.3333333333333333,571
PDGFA,IDH_WT,tumor,cycling_tumor,0,0.04792786094022178,0.0039862277869608,1.0,572
ITGB8,IDH_Mutant,tumor,OPC_GABA_like_tumor,0,0.047665010532123644,0.001639426134793,1.0,573
ITGB1,IDH_WT,tumor,OPC_GABA_like_tumor,0,0.047433132519469345,0.0204651750303783,1.0,574
CLDN11,IDH_Mutant,tumor,OPC_GABA_AC_like_tumor,0,0.04722512279978881,0.0,0.3333333333333333,575
CLDN11,IDH_WT,tumor,OPC_GABA_AC_like_tumor,0,0.04722512279978881,0.0,0.3333333333333333,576
SPP1,IDH_WT,tumor,OPC_GABA_AC_like_tumor,0,0.04692933795138013,0.0112397372446153,1.0,577
ITGAV,IDH_WT,tumor,cycling_tumor,0,0.046653096717323886,0.029255088299547,1.0,578
CDH2,IDH_WT,tumor,cycling_tumor,0,0.04641870392130844,0.0076576511402805,1.0,579
COL9A1,IDH_Mutant,tumor,AC_like_tumor,0,0.04578855513161961,0.0,0.3333333333333333,580
COL9A1,IDH_WT,tumor,AC_like_tumor,0,0.04578855513161961,0.0,0.3333333333333333,581
DMA,IDH_Mutant,tumor,AC_like_tumor,0,0.04578855513161961,0.0,0.3333333333333333,582
DMA,IDH_WT,tumor,AC_like_tumor,0,0.04578855513161961,0.0,0.3333333333333333,583
DQB1,IDH_Mutant,tumor,AC_like_tumor,0,0.04578855513161961,0.0,0.3333333333333333,584
DQB1,IDH_WT,tumor,AC_like_tumor,0,0.04578855513161961,0.0,0.3333333333333333,585
GRN,IDH_Mutant,tumor,AC_like_tumor,0,0.04578855513161961,0.0,0.3333333333333333,586
GRN,IDH_WT,tumor,AC_like_tumor,0,0.04578855513161961,0.0,0.3333333333333333,587
PDGFA,IDH_Mutant,tumor,AC_like_tumor,0,0.04578855513161961,0.0,0.3333333333333333,588
PDGFA,IDH_WT,tumor,AC_like_tumor,0,0.04578855513161961,0.0,0.3333333333333333,589
LRRTM2,IDH_WT,tumor,OPC_GABA_like_tumor,0,0.04559256045304831,0.0156105918756343,1.0,590
NRCAM,IDH_Mutant,tumor,OPC_GABA_like_tumor,1,0.04551558508793378,0.0122804136302003,1.0,591
CLSTN1,IDH_Mutant,tumor,OPC_GABA_like_tumor,0,0.04490523251463764,0.012676328998952,0.6666666666666666,592
CLSTN1,IDH_WT,tumor,OPC_GABA_like_tumor,0,0.04490523251463764,0.012676328998952,0.6666666666666666,593
ITGAV,IDH_Mutant,tumor,cycling_tumor,0,0.04476055479014106,0.029255088299547,1.0,594
CADM1,IDH_Mutant,tumor,cycling_tumor,0,0.044601334062763676,0.0099681326072411,1.0,595
COL9A1,IDH_Mutant,tumor,cycling_tumor,0,0.04446297762038824,0.0026257015067272,0.6666666666666666,596
GRIA2,IDH_Mutant,T_cell,T cell,0,0.04427603459652942,0.0,0.3333333333333333,597
GRIA2,IDH_WT,T_cell,T cell,0,0.04427603459652942,0.0,0.3333333333333333,598
ITGB2,IDH_Mutant,T_cell,T cell,0,0.04427603459652942,0.0,0.3333333333333333,599
ITGB2,IDH_WT,T_cell,T cell,0,0.04427603459652942,0.0,0.3333333333333333,600
KLRC2,IDH_Mutant,T_cell,T cell,0,0.04427603459652942,0.0,0.3333333333333333,601
KLRC2,IDH_WT,T_cell,T cell,0,0.04427603459652942,0.0,0.3333333333333333,602
LRRTM2,IDH_Mutant,T_cell,T cell,0,0.04427603459652942,0.0,0.3333333333333333,603
LRRTM2,IDH_WT,T_cell,T cell,0,0.04427603459652942,0.0,0.3333333333333333,604
NLGN1,IDH_Mutant,T_cell,T cell,0,0.04427603459652942,0.0,0.3333333333333333,605
NLGN1,IDH_WT,T_cell,T cell,0,0.04427603459652942,0.0,0.3333333333333333,606
SORT1,IDH_Mutant,T_cell,T cell,0,0.04427603459652942,0.0,0.3333333333333333,607
SORT1,IDH_WT,T_cell,T cell,0,0.04427603459652942,0.0,0.3333333333333333,608
TREM2,IDH_Mutant,T_cell,T cell,0,0.04427603459652942,0.0,0.3333333333333333,609
TREM2,IDH_WT,T_cell,T cell,0,0.04427603459652942,0.0,0.3333333333333333,610
CLEC2D,IDH_Mutant,tumor,AC_like_tumor,0,0.0440486436265372,0.0,0.3333333333333333,611
CLEC2D,IDH_WT,tumor,AC_like_tumor,0,0.0440486436265372,0.0,0.3333333333333333,612
HBEGF,IDH_Mutant,tumor,AC_like_tumor,0,0.0440486436265372,0.0,0.3333333333333333,613
HBEGF,IDH_WT,tumor,AC_like_tumor,0,0.0440486436265372,0.0,0.3333333333333333,614
LAIR1,IDH_Mutant,tumor,AC_like_tumor,0,0.0440486436265372,0.0,0.3333333333333333,615
LAIR1,IDH_WT,tumor,AC_like_tumor,0,0.0440486436265372,0.0,0.3333333333333333,616
TNF,IDH_Mutant,TAM_microglia,TAM1/TAM2/microglia,0,0.04386192537021085,0.0066747111237441,1.0,617
PCDHGC3,IDH_WT,tumor,OPC_GABA_like_tumor,0,0.0435145622994715,0.0,0.6666666666666666,618
PTGES2,IDH_Mutant,tumor,cycling_tumor,0,0.0430143403493471,0.0010258920066067,0.6666666666666666,619
CNTN1,IDH_WT,tumor,OPC_GABA_AC_like_tumor,1,0.04237142434254343,0.0,0.6666666666666666,620
CADM1,IDH_WT,TAM_microglia,TAM1/TAM2/microglia,0,0.04235706723109144,0.0,0.6666666666666666,621
CDH2,IDH_Mutant,tumor,OPC_GABA_AC_like_tumor,0,0.042136920147402404,0.0,0.3333333333333333,622
CDH2,IDH_WT,tumor,OPC_GABA_AC_like_tumor,0,0.042136920147402404,0.0,0.3333333333333333,623
JAM3,IDH_Mutant,tumor,OPC_GABA_AC_like_tumor,0,0.042136920147402404,0.0,0.3333333333333333,624
JAM3,IDH_WT,tumor,OPC_GABA_AC_like_tumor,0,0.042136920147402404,0.0,0.3333333333333333,625
MIF,IDH_WT,tumor,OPC_GABA_like_tumor,0,0.04198926305661913,0.07070325655545,1.0,626
CLSTN1,IDH_Mutant,T_cell,T cell,0,0.04114950536660392,0.0,0.3333333333333333,627
CLSTN1,IDH_WT,T_cell,T cell,0,0.04114950536660392,0.0,0.3333333333333333,628
GRIA4,IDH_Mutant,T_cell,T cell,0,0.04114950536660392,0.0,0.3333333333333333,629
GRIA4,IDH_WT,T_cell,T cell,0,0.04114950536660392,0.0,0.3333333333333333,630
ITGAV,IDH_Mutant,T_cell,T cell,0,0.04114950536660392,0.0,0.3333333333333333,631
ITGAV,IDH_WT,T_cell,T cell,0,0.04114950536660392,0.0,0.3333333333333333,632
NOTCH1,IDH_Mutant,T_cell,T cell,0,0.04114950536660392,0.0,0.3333333333333333,633
NOTCH1,IDH_WT,T_cell,T cell,0,0.04114950536660392,0.0,0.3333333333333333,634
PILRA,IDH_Mutant,T_cell,T cell,0,0.04114950536660392,0.0,0.3333333333333333,635
PILRA,IDH_WT,T_cell,T cell,0,0.04114950536660392,0.0,0.3333333333333333,636
ITGB2,IDH_Mutant,TAM_microglia,TAM1/TAM2/microglia,0,0.040763526915829684,0.0442420541942578,1.0,637
NCL,IDH_Mutant,T_cell,T cell,0,0.0404749329345348,0.0030244750425369,0.6666666666666666,638
NCL,IDH_WT,T_cell,T cell,0,0.0404749329345348,0.0030244750425369,0.6666666666666666,639
PTPRZ1,IDH_WT,T_cell,T cell,0,0.03979984861798318,0.0,0.6666666666666666,640
NRCAM,IDH_WT,tumor,AC_like_tumor,1,0.039704075828410255,0.0036696350326655,0.6666666666666666,641
C3,IDH_Mutant,tumor,AC_like_tumor,0,0.039632091497411405,0.0,0.3333333333333333,642
C3,IDH_WT,tumor,AC_like_tumor,0,0.039632091497411405,0.0,0.3333333333333333,643
CD69,IDH_Mutant,tumor,AC_like_tumor,0,0.039632091497411405,0.0,0.3333333333333333,644
CD69,IDH_WT,tumor,AC_like_tumor,0,0.039632091497411405,0.0,0.3333333333333333,645
CLEC2B,IDH_Mutant,tumor,AC_like_tumor,0,0.039632091497411405,0.0,0.3333333333333333,646
CLEC2B,IDH_WT,tumor,AC_like_tumor,0,0.039632091497411405,0.0,0.3333333333333333,647
DMB,IDH_Mutant,tumor,AC_like_tumor,0,0.039632091497411405,0.0,0.3333333333333333,648
DMB,IDH_WT,tumor,AC_like_tumor,0,0.039632091497411405,0.0,0.3333333333333333,649
PDGFB,IDH_Mutant,tumor,AC_like_tumor,0,0.039632091497411405,0.0,0.3333333333333333,650
PDGFB,IDH_WT,tumor,AC_like_tumor,0,0.039632091497411405,0.0,0.3333333333333333,651
SLC1A1,IDH_Mutant,tumor,AC_like_tumor,0,0.039632091497411405,0.0,0.3333333333333333,652
SLC1A1,IDH_WT,tumor,AC_like_tumor,0,0.039632091497411405,0.0,0.3333333333333333,653
SPP1,IDH_Mutant,tumor,OPC_GABA_like_tumor,0,0.03874723728986699,0.0085137702615473,1.0,654
CLEC2D,IDH_Mutant,T_cell,T cell,0,0.03851751704325152,0.0064186582730417,1.0,655
ADORA3,IDH_Mutant,tumor,AC_like_tumor,0,0.03837833725028831,0.0,0.3333333333333333,656
ADORA3,IDH_WT,tumor,AC_like_tumor,0,0.03837833725028831,0.0,0.3333333333333333,657
DQA1,IDH_Mutant,tumor,AC_like_tumor,0,0.03837833725028831,0.0,0.3333333333333333,658
DQA1,IDH_WT,tumor,AC_like_tumor,0,0.03837833725028831,0.0,0.3333333333333333,659
E,IDH_Mutant,tumor,AC_like_tumor,0,0.03837833725028831,0.0,0.3333333333333333,660
E,IDH_WT,tumor,AC_like_tumor,0,0.03837833725028831,0.0,0.3333333333333333,661
SLITRK2,IDH_Mutant,tumor,AC_like_tumor,0,0.03837833725028831,0.0,0.3333333333333333,662
SLITRK2,IDH_WT,tumor,AC_like_tumor,0,0.03837833725028831,0.0,0.3333333333333333,663
NRXN2,IDH_Mutant,tumor,cycling_tumor,1,0.038348187417773,0.0,0.6666666666666666,664
MIF,IDH_WT,tumor,cycling_tumor,0,0.03746848826574248,0.0917041673934359,0.6666666666666666,665
TNF,IDH_WT,TAM_microglia,TAM1/TAM2/microglia,0,0.036461875892715614,0.0066747111237441,1.0,666
MIF,IDH_Mutant,T_cell,T cell,0,0.036297985206934516,0.0339427181697322,0.6666666666666666,667
MIF,IDH_WT,T_cell,T cell,0,0.036297985206934516,0.0339427181697322,0.6666666666666666,668
NRCAM,IDH_Mutant,tumor,AC_like_tumor,1,0.03627479854275318,0.0036696350326655,1.0,669
CLDN11,IDH_Mutant,tumor,AC_like_tumor,0,0.03600582380501104,0.0,0.3333333333333333,670
CLDN11,IDH_WT,tumor,AC_like_tumor,0,0.03600582380501104,0.0,0.3333333333333333,671
PILRA,IDH_WT,TAM_microglia,TAM1/TAM2/microglia,0,0.03579107686658043,0.0082024937284372,0.6666666666666666,672
THY1,IDH_Mutant,tumor,AC_like_tumor,0,0.035735536487064214,0.0,0.6666666666666666,673
NRXN2,IDH_WT,tumor,cycling_tumor,1,0.03536776743383948,0.0,0.6666666666666666,674
CD44,IDH_Mutant,tumor,cycling_tumor,0,0.03503136922121598,0.0,0.3333333333333333,675
TGFBR2,IDH_WT,tumor,cycling_tumor,0,0.03503136922121598,0.0,0.3333333333333333,676
LRRTM3,IDH_WT,tumor,cycling_tumor,0,0.03502032999566396,0.0,0.6666666666666666,677
LGALS9,IDH_WT,TAM_microglia,TAM1/TAM2/microglia,1,0.03495517857500152,0.0161731728416982,1.0,678
CD69,IDH_Mutant,tumor,OPC_GABA_AC_like_tumor,0,0.034678564242048446,0.0,0.3333333333333333,679
CD69,IDH_WT,tumor,OPC_GABA_AC_like_tumor,0,0.034678564242048446,0.0,0.3333333333333333,680
CLEC2B,IDH_Mutant,tumor,OPC_GABA_AC_like_tumor,0,0.034678564242048446,0.0,0.3333333333333333,681
CLEC2B,IDH_WT,tumor,OPC_GABA_AC_like_tumor,0,0.034678564242048446,0.0,0.3333333333333333,682
DMB,IDH_Mutant,tumor,OPC_GABA_AC_like_tumor,0,0.034678564242048446,0.0,0.3333333333333333,683
DMB,IDH_WT,tumor,OPC_GABA_AC_like_tumor,0,0.034678564242048446,0.0,0.3333333333333333,684
NRXN2,IDH_Mutant,tumor,OPC_GABA_AC_like_tumor,1,0.034678564242048446,0.0,0.3333333333333333,685
NRXN2,IDH_WT,tumor,OPC_GABA_AC_like_tumor,1,0.034678564242048446,0.0,0.3333333333333333,686
PDGFB,IDH_Mutant,tumor,OPC_GABA_AC_like_tumor,0,0.034678564242048446,0.0,0.3333333333333333,687
PDGFB,IDH_WT,tumor,OPC_GABA_AC_like_tumor,0,0.034678564242048446,0.0,0.3333333333333333,688
PSAP,IDH_Mutant,tumor,OPC_GABA_AC_like_tumor,0,0.034678564242048446,0.0,0.3333333333333333,689
PSAP,IDH_WT,tumor,OPC_GABA_AC_like_tumor,0,0.034678564242048446,0.0,0.3333333333333333,690
SLC1A1,IDH_Mutant,tumor,OPC_GABA_AC_like_tumor,0,0.034678564242048446,0.0,0.3333333333333333,691
SLC1A1,IDH_WT,tumor,OPC_GABA_AC_like_tumor,0,0.034678564242048446,0.0,0.3333333333333333,692
C3AR1,IDH_WT,tumor,cycling_tumor,0,0.0346316294058481,0.0,0.3333333333333333,693
FPR1,IDH_WT,tumor,cycling_tumor,0,0.0346316294058481,0.0,0.3333333333333333,694
GPR37L1,IDH_Mutant,tumor,cycling_tumor,0,0.034601385429558276,0.0,0.3333333333333333,695
GPR37L1,IDH_WT,tumor,cycling_tumor,0,0.034601385429558276,0.0,0.3333333333333333,696
KLRB1,IDH_Mutant,tumor,cycling_tumor,0,0.034601385429558276,0.0,0.3333333333333333,697
KLRB1,IDH_WT,tumor,cycling_tumor,0,0.034601385429558276,0.0,0.3333333333333333,698
TNFRSF1B,IDH_Mutant,tumor,cycling_tumor,0,0.034601385429558276,0.0,0.3333333333333333,699
TNFRSF1B,IDH_WT,tumor,cycling_tumor,0,0.034601385429558276,0.0,0.3333333333333333,700
SPP1,IDH_Mutant,tumor,OPC_GABA_AC_like_tumor,0,0.03425764852201692,0.0112397372446153,1.0,701
EGFR,IDH_WT,tumor,cycling_tumor,0,0.03409223496006893,0.0064027402138418,1.0,702
AREG,IDH_Mutant,tumor,OPC_GABA_AC_like_tumor,0,0.03341043015064917,0.0,0.3333333333333333,703
AREG,IDH_WT,tumor,OPC_GABA_AC_like_tumor,0,0.03341043015064917,0.0,0.3333333333333333,704
DLL1,IDH_Mutant,tumor,OPC_GABA_AC_like_tumor,0,0.03341043015064917,0.0,0.3333333333333333,705
DLL1,IDH_WT,tumor,OPC_GABA_AC_like_tumor,0,0.03341043015064917,0.0,0.3333333333333333,706
DPB1,IDH_Mutant,tumor,OPC_GABA_AC_like_tumor,0,0.03341043015064917,0.0,0.3333333333333333,707
DPB1,IDH_WT,tumor,OPC_GABA_AC_like_tumor,0,0.03341043015064917,0.0,0.3333333333333333,708
DRB5,IDH_Mutant,tumor,OPC_GABA_AC_like_tumor,0,0.03341043015064917,0.0,0.3333333333333333,709
DRB5,IDH_WT,tumor,OPC_GABA_AC_like_tumor,0,0.03341043015064917,0.0,0.3333333333333333,710
GAS6,IDH_Mutant,tumor,OPC_GABA_AC_like_tumor,0,0.03341043015064917,0.0,0.3333333333333333,711
GAS6,IDH_WT,tumor,OPC_GABA_AC_like_tumor,0,0.03341043015064917,0.0,0.3333333333333333,712
LGALS9,IDH_Mutant,tumor,OPC_GABA_AC_like_tumor,0,0.03341043015064917,0.0,0.3333333333333333,713
LGALS9,IDH_WT,tumor,OPC_GABA_AC_like_tumor,0,0.03341043015064917,0.0,0.3333333333333333,714
MDK,IDH_Mutant,tumor,OPC_GABA_AC_like_tumor,1,0.03341043015064917,0.0,0.3333333333333333,715
MDK,IDH_WT,tumor,OPC_GABA_AC_like_tumor,1,0.03341043015064917,0.0,0.3333333333333333,716
PTGES2,IDH_Mutant,tumor,OPC_GABA_AC_like_tumor,0,0.03341043015064917,0.0,0.3333333333333333,717
PTGES2,IDH_WT,tumor,OPC_GABA_AC_like_tumor,0,0.03341043015064917,0.0,0.3333333333333333,718
SLIT1,IDH_Mutant,tumor,OPC_GABA_AC_like_tumor,0,0.03341043015064917,0.0,0.3333333333333333,719
SLIT1,IDH_WT,tumor,OPC_GABA_AC_like_tumor,0,0.03341043015064917,0.0,0.3333333333333333,720
TGFB1,IDH_Mutant,tumor,OPC_GABA_AC_like_tumor,0,0.03341043015064917,0.0,0.3333333333333333,721
TGFB1,IDH_WT,tumor,OPC_GABA_AC_like_tumor,0,0.03341043015064917,0.0,0.3333333333333333,722
TNF,IDH_Mutant,tumor,OPC_GABA_AC_like_tumor,0,0.03341043015064917,0.0,0.3333333333333333,723
TNF,IDH_WT,tumor,OPC_GABA_AC_like_tumor,0,0.03341043015064917,0.0,0.3333333333333333,724
ENTPD1,IDH_Mutant,tumor,AC_like_tumor,0,0.033343779100352224,0.0,0.3333333333333333,725
ENTPD1,IDH_WT,tumor,AC_like_tumor,0,0.033343779100352224,0.0,0.3333333333333333,726
MPZL1,IDH_Mutant,tumor,AC_like_tumor,0,0.033343779100352224,0.0,0.3333333333333333,727
MPZL1,IDH_WT,tumor,AC_like_tumor,0,0.033343779100352224,0.0,0.3333333333333333,728
PTPRC,IDH_Mutant,tumor,AC_like_tumor,0,0.033343779100352224,0.0,0.3333333333333333,729
PTPRC,IDH_WT,tumor,AC_like_tumor,0,0.033343779100352224,0.0,0.3333333333333333,730
P4HB,IDH_WT,TAM_microglia,TAM1/TAM2/microglia,0,0.03327363888259925,0.0024062850263849,1.0,731
PTGES3,IDH_WT,tumor,OPC_GABA_like_tumor,0,0.03304300217381319,0.0101086430064245,1.0,732
MIF,IDH_Mutant,tumor,cycling_tumor,0,0.03301766726736864,0.0917041673934359,1.0,733
GRN,IDH_WT,tumor,cycling_tumor,0,0.032845763922122406,0.0010429007073132,1.0,734
PCDHGC3,IDH_WT,tumor,OPC_GABA_AC_like_tumor,0,0.03276465149941931,0.0,0.6666666666666666,735
CNTN1,IDH_WT,tumor,AC_like_tumor,1,0.03216755210595269,0.0,0.6666666666666666,736
NCAM1,IDH_Mutant,T_cell,T cell,0,0.032005685862207055,0.0,0.6666666666666666,737
TYROBP,IDH_WT,tumor,OPC_GABA_like_tumor,0,0.0320034487915897,0.0,0.6666666666666666,738
PTGES2,IDH_WT,tumor,cycling_tumor,0,0.03193012689261563,0.0010258920066067,1.0,739
CADM1,IDH_WT,tumor,cycling_tumor,0,0.03155786793004069,0.0099681326072411,0.6666666666666666,740
CADM1,IDH_Mutant,tumor,OPC_GABA_AC_like_tumor,0,0.030985220609124807,0.0,0.3333333333333333,741
CADM1,IDH_WT,tumor,OPC_GABA_AC_like_tumor,0,0.030985220609124807,0.0,0.3333333333333333,742
CD99,IDH_Mutant,tumor,OPC_GABA_AC_like_tumor,0,0.030985220609124807,0.0,0.3333333333333333,743
CD99,IDH_WT,tumor,OPC_GABA_AC_like_tumor,0,0.030985220609124807,0.0,0.3333333333333333,744
JAM2,IDH_Mutant,tumor,OPC_GABA_AC_like_tumor,0,0.030985220609124807,0.0,0.3333333333333333,745
JAM2,IDH_WT,tumor,OPC_GABA_AC_like_tumor,0,0.030985220609124807,0.0,0.3333333333333333,746
PCDHGA10,IDH_Mutant,tumor,OPC_GABA_AC_like_tumor,0,0.030985220609124807,0.0,0.3333333333333333,747
PCDHGA10,IDH_WT,tumor,OPC_GABA_AC_like_tumor,0,0.030985220609124807,0.0,0.3333333333333333,748
PTGER4,IDH_WT,TAM_microglia,TAM1/TAM2/microglia,0,0.03072215507720886,0.0142202862652484,1.0,749
PCDHGC3,IDH_Mutant,tumor,AC_like_tumor,0,0.030517401103703556,0.0,0.3333333333333333,750
PCDHGC3,IDH_WT,tumor,AC_like_tumor,0,0.030517401103703556,0.0,0.3333333333333333,751
CD74,IDH_Mutant,tumor,cycling_tumor,0,0.03047925007973896,0.0612864457630957,1.0,752
ENTPD1,IDH_Mutant,tumor,OPC_GABA_AC_like_tumor,0,0.03007632356079823,0.0,0.3333333333333333,753
ENTPD1,IDH_WT,tumor,OPC_GABA_AC_like_tumor,0,0.03007632356079823,0.0,0.3333333333333333,754
PTPRC,IDH_Mutant,tumor,OPC_GABA_AC_like_tumor,0,0.03007632356079823,0.0,0.3333333333333333,755
PTPRC,IDH_WT,tumor,OPC_GABA_AC_like_tumor,0,0.03007632356079823,0.0,0.3333333333333333,756
PTGES3,IDH_Mutant,tumor,OPC_GABA_AC_like_tumor,0,0.02988838508593788,0.0083171818782097,0.6666666666666666,757
AXL,IDH_Mutant,tumor,cycling_tumor,0,0.029604056742163255,0.0,0.3333333333333333,758
AXL,IDH_WT,tumor,cycling_tumor,0,0.029604056742163255,0.0,0.3333333333333333,759
ITGAX,IDH_Mutant,tumor,cycling_tumor,0,0.029604056742163255,0.0,0.3333333333333333,760
ITGAX,IDH_WT,tumor,cycling_tumor,0,0.029604056742163255,0.0,0.3333333333333333,761
MERTK,IDH_Mutant,tumor,cycling_tumor,0,0.029604056742163255,0.0,0.3333333333333333,762
MERTK,IDH_WT,tumor,cycling_tumor,0,0.029604056742163255,0.0,0.3333333333333333,763
TGFBR1,IDH_Mutant,tumor,cycling_tumor,0,0.029604056742163255,0.0,0.3333333333333333,764
TGFBR1,IDH_WT,tumor,cycling_tumor,0,0.029604056742163255,0.0,0.3333333333333333,765
TNFRSF1A,IDH_Mutant,tumor,cycling_tumor,0,0.029604056742163255,0.0,0.3333333333333333,766
TNFRSF1A,IDH_WT,tumor,cycling_tumor,0,0.029604056742163255,0.0,0.3333333333333333,767
ITGB8,IDH_WT,tumor,cycling_tumor,0,0.029336868446016802,0.0013090159462151,0.6666666666666666,768
CLDN11,IDH_Mutant,tumor,OPC_GABA_like_tumor,0,0.02933289961569821,0.0,0.3333333333333333,769
LGALS9,IDH_Mutant,TAM_microglia,TAM1/TAM2/microglia,1,0.029316414090916725,0.0161731728416982,0.6666666666666666,770
LRRTM2,IDH_Mutant,tumor,OPC_GABA_like_tumor,0,0.02929015282774239,0.0156105918756343,1.0,771
SLC1A1,IDH_WT,tumor,OPC_GABA_like_tumor,0,0.02877668887813639,0.0,0.6666666666666666,772
SLC1A3,IDH_WT,tumor,OPC_GABA_like_tumor,0,0.028559576311477475,0.0,0.3333333333333333,773
HAVCR2,IDH_WT,tumor,cycling_tumor,0,0.028508288118791747,0.0,0.3333333333333333,774
KLRC2,IDH_WT,tumor,cycling_tumor,0,0.028508288118791747,0.0,0.3333333333333333,775
PTGES3,IDH_WT,tumor,cycling_tumor,0,0.027944742235413867,0.0142202862652484,1.0,776
DLL1,IDH_Mutant,tumor,cycling_tumor,0,0.027879381559983585,0.000707569088656626,1.0,777
COL9A1,IDH_Mutant,tumor,OPC_GABA_like_tumor,0,0.02765082029551802,0.0,0.3333333333333333,778
ITGB1,IDH_WT,tumor,cycling_tumor,0,0.0270267791278688,0.029255088299547,1.0,779
CD74,IDH_WT,tumor,cycling_tumor,0,0.026915786918654004,0.0612864457630957,1.0,780
JAM3,IDH_Mutant,tumor,OPC_GABA_like_tumor,0,0.026898449350558205,0.0,0.3333333333333333,781
ITGB1,IDH_Mutant,tumor,cycling_tumor,0,0.026758684128855355,0.029255088299547,0.6666666666666666,782
MDK,IDH_WT,tumor,OPC_GABA_like_tumor,1,0.02666135380680621,0.0,0.6666666666666666,783
NCAM1,IDH_WT,T_cell,T cell,0,0.026542058815025582,0.0,0.3333333333333333,784
ROBO1,IDH_Mutant,tumor,OPC_GABA_like_tumor,0,0.026265467872627006,0.0026014314511136,1.0,785
PTGER4,IDH_Mutant,TAM_microglia,TAM1/TAM2/microglia,0,0.02536514831958366,0.0142202862652484,0.6666666666666666,786
PILRA,IDH_Mutant,tumor,cycling_tumor,0,0.024931551727876228,0.0,0.3333333333333333,787
PILRA,IDH_WT,tumor,cycling_tumor,0,0.024931551727876228,0.0,0.3333333333333333,788
TGFBR2,IDH_Mutant,TAM_microglia,TAM1/TAM2/microglia,0,0.024150691956530388,0.0050238491740621,1.0,789
JAM3,IDH_WT,tumor,AC_like_tumor,0,0.024110434234900786,0.0,0.6666666666666666,790
AXL,IDH_Mutant,T_cell,T cell,0,0.023703319003355688,0.0,0.3333333333333333,791
AXL,IDH_WT,T_cell,T cell,0,0.023703319003355688,0.0,0.3333333333333333,792
CD4,IDH_Mutant,T_cell,T cell,1,0.023703319003355688,0.0,0.3333333333333333,793
CD4,IDH_WT,T_cell,T cell,1,0.023703319003355688,0.0,0.3333333333333333,794
GRIK2,IDH_Mutant,T_cell,T cell,0,0.023703319003355688,0.0,0.3333333333333333,795
GRIK2,IDH_WT,T_cell,T cell,0,0.023703319003355688,0.0,0.3333333333333333,796
ITGAX,IDH_Mutant,T_cell,T cell,0,0.023703319003355688,0.0,0.3333333333333333,797
ITGAX,IDH_WT,T_cell,T cell,0,0.023703319003355688,0.0,0.3333333333333333,798
LILRB4,IDH_Mutant,T_cell,T cell,0,0.023703319003355688,0.0,0.3333333333333333,799
LILRB4,IDH_WT,T_cell,T cell,0,0.023703319003355688,0.0,0.3333333333333333,800
MERTK,IDH_Mutant,T_cell,T cell,0,0.023703319003355688,0.0,0.3333333333333333,801
MERTK,IDH_WT,T_cell,T cell,0,0.023703319003355688,0.0,0.3333333333333333,802
NCAM2,IDH_Mutant,T_cell,T cell,0,0.023703319003355688,0.0,0.3333333333333333,803
NCAM2,IDH_WT,T_cell,T cell,0,0.023703319003355688,0.0,0.3333333333333333,804
NRCAM,IDH_Mutant,T_cell,T cell,0,0.023703319003355688,0.0,0.3333333333333333,805
NRCAM,IDH_WT,T_cell,T cell,0,0.023703319003355688,0.0,0.3333333333333333,806
PILRB,IDH_Mutant,T_cell,T cell,0,0.023703319003355688,0.0,0.3333333333333333,807
PILRB,IDH_WT,T_cell,T cell,0,0.023703319003355688,0.0,0.3333333333333333,808
ROBO1,IDH_Mutant,T_cell,T cell,0,0.023703319003355688,0.0,0.3333333333333333,809
ROBO1,IDH_WT,T_cell,T cell,0,0.023703319003355688,0.0,0.3333333333333333,810
TGFBR1,IDH_Mutant,T_cell,T cell,0,0.023703319003355688,0.0,0.3333333333333333,811
TGFBR1,IDH_WT,T_cell,T cell,0,0.023703319003355688,0.0,0.3333333333333333,812
TNFRSF1A,IDH_Mutant,T_cell,T cell,0,0.023703319003355688,0.0,0.3333333333333333,813
TNFRSF1A,IDH_WT,T_cell,T cell,0,0.023703319003355688,0.0,0.3333333333333333,814
PTGES3,IDH_Mutant,tumor,OPC_GABA_like_tumor,0,0.023499147726234383,0.0101086430064245,0.6666666666666666,815
DLL1,IDH_WT,tumor,cycling_tumor,0,0.023269798815986655,0.000707569088656626,1.0,816
EGFR,IDH_WT,tumor,OPC_GABA_AC_like_tumor,0,0.02316573871740015,0.0131137600897326,1.0,817
PDGFA,IDH_Mutant,TAM_microglia,TAM1/TAM2/microglia,0,0.023032832570592715,0.0,0.6666666666666666,818
PTPRD,IDH_Mutant,tumor,OPC_GABA_like_tumor,0,0.02291141314141346,0.0011930593981233,0.6666666666666666,819
CNTN1,IDH_Mutant,tumor,OPC_GABA_AC_like_tumor,1,0.02260506218296563,0.0,0.3333333333333333,820
CLEC2D,IDH_Mutant,tumor,cycling_tumor,0,0.022522762307237636,0.0,0.3333333333333333,821
HAVCR2,IDH_WT,TAM_microglia,TAM1/TAM2/microglia,1,0.02183831865670375,0.0101934918944621,1.0,822
TYROBP,IDH_Mutant,tumor,OPC_GABA_like_tumor,0,0.021822522225364672,0.0,0.6666666666666666,823
PTPRD,IDH_WT,tumor,OPC_GABA_like_tumor,0,0.021653910253981803,0.0011930593981233,1.0,824
GAS6,IDH_Mutant,TAM_microglia,TAM1/TAM2/microglia,0,0.02163762903619463,0.012077162692356,1.0,825
HAVCR2,IDH_Mutant,TAM_microglia,TAM1/TAM2/microglia,1,0.02163425611426886,0.0101934918944621,1.0,826
PTN,IDH_WT,T_cell,T cell,0,0.021625872477956696,0.0410665978377485,1.0,827
ADORA3,IDH_WT,TAM_microglia,TAM1/TAM2/microglia,0,0.021538274106093547,0.0039014203393133,1.0,828
BSG,IDH_Mutant,T_cell,T cell,0,0.021476339041394073,0.0,0.3333333333333333,829
BSG,IDH_WT,T_cell,T cell,0,0.021476339041394073,0.0,0.3333333333333333,830
EGFR,IDH_Mutant,T_cell,T cell,1,0.021476339041394073,0.0,0.3333333333333333,831
EGFR,IDH_WT,T_cell,T cell,1,0.021476339041394073,0.0,0.3333333333333333,832
GPR37L1,IDH_Mutant,T_cell,T cell,0,0.021476339041394073,0.0,0.3333333333333333,833
GPR37L1,IDH_WT,T_cell,T cell,0,0.021476339041394073,0.0,0.3333333333333333,834
ITGB1,IDH_Mutant,T_cell,T cell,0,0.021476339041394073,0.0,0.3333333333333333,835
ITGB1,IDH_WT,T_cell,T cell,0,0.021476339041394073,0.0,0.3333333333333333,836
LRP1,IDH_Mutant,T_cell,T cell,0,0.021476339041394073,0.0,0.3333333333333333,837
LRP1,IDH_WT,T_cell,T cell,0,0.021476339041394073,0.0,0.3333333333333333,838
SDC3,IDH_Mutant,T_cell,T cell,0,0.021476339041394073,0.0,0.3333333333333333,839
SDC3,IDH_WT,T_cell,T cell,0,0.021476339041394073,0.0,0.3333333333333333,840
SORL1,IDH_Mutant,T_cell,T cell,0,0.021476339041394073,0.0,0.3333333333333333,841
SORL1,IDH_WT,T_cell,T cell,0,0.021476339041394073,0.0,0.3333333333333333,842
TGFBR2,IDH_Mutant,T_cell,T cell,0,0.021476339041394073,0.0,0.3333333333333333,843
TGFBR2,IDH_WT,T_cell,T cell,0,0.021476339041394073,0.0,0.3333333333333333,844
TNFRSF1B,IDH_Mutant,T_cell,T cell,0,0.021476339041394073,0.0,0.3333333333333333,845
TNFRSF1B,IDH_WT,T_cell,T cell,0,0.021476339041394073,0.0,0.3333333333333333,846
LILRB4,IDH_Mutant,TAM_microglia,TAM1/TAM2/microglia,0,0.021113738116046537,0.0042054497069747,1.0,847
TGFBR2,IDH_WT,TAM_microglia,TAM1/TAM2/microglia,0,0.020581640838062482,0.0050238491740621,1.0,848
CD4,IDH_WT,tumor,cycling_tumor,0,0.020184628365420804,0.0,0.3333333333333333,849
LILRB4,IDH_WT,tumor,cycling_tumor,0,0.020184628365420804,0.0,0.3333333333333333,850
GRN,IDH_Mutant,tumor,OPC_GABA_like_tumor,0,0.020059207356807787,0.0,0.6666666666666666,851
ANXA1,IDH_WT,tumor,OPC_GABA_AC_like_tumor,0,0.019880073234254583,0.0,0.6666666666666666,852
TYROBP,IDH_Mutant,tumor,OPC_GABA_AC_like_tumor,0,0.01963870114853867,0.0,0.6666666666666666,853
AREG,IDH_Mutant,tumor,AC_like_tumor,0,0.019293788417054463,0.0,0.3333333333333333,854
AREG,IDH_WT,tumor,AC_like_tumor,0,0.019293788417054463,0.0,0.3333333333333333,855
DRB5,IDH_Mutant,tumor,AC_like_tumor,0,0.019293788417054463,0.0,0.3333333333333333,856
DRB5,IDH_WT,tumor,AC_like_tumor,0,0.019293788417054463,0.0,0.3333333333333333,857
GAS6,IDH_Mutant,tumor,AC_like_tumor,0,0.019293788417054463,0.0,0.3333333333333333,858
GAS6,IDH_WT,tumor,AC_like_tumor,0,0.019293788417054463,0.0,0.3333333333333333,859
LGALS9,IDH_Mutant,tumor,AC_like_tumor,0,0.019293788417054463,0.0,0.3333333333333333,860
LGALS9,IDH_WT,tumor,AC_like_tumor,0,0.019293788417054463,0.0,0.3333333333333333,861
MDK,IDH_Mutant,tumor,AC_like_tumor,1,0.019293788417054463,0.0,0.3333333333333333,862
MDK,IDH_WT,tumor,AC_like_tumor,1,0.019293788417054463,0.0,0.3333333333333333,863
TGFB1,IDH_Mutant,tumor,AC_like_tumor,0,0.019293788417054463,0.0,0.3333333333333333,864
TGFB1,IDH_WT,tumor,AC_like_tumor,0,0.019293788417054463,0.0,0.3333333333333333,865
TNF,IDH_Mutant,tumor,AC_like_tumor,0,0.019293788417054463,0.0,0.3333333333333333,866
TNF,IDH_WT,tumor,AC_like_tumor,0,0.019293788417054463,0.0,0.3333333333333333,867
DQB1,IDH_Mutant,tumor,cycling_tumor,0,0.018750687934464976,0.0,0.3333333333333333,868
DQB1,IDH_WT,tumor,cycling_tumor,0,0.018750687934464976,0.0,0.3333333333333333,869
TYROBP,IDH_WT,tumor,OPC_GABA_AC_like_tumor,0,0.018676560783206224,0.0,0.6666666666666666,870
CLEC2D,IDH_WT,T_cell,T cell,0,0.018667591810999994,0.0064186582730417,1.0,871
PCDHGC3,IDH_Mutant,tumor,OPC_GABA_AC_like_tumor,0,0.018642941808924517,0.0,0.3333333333333333,872
ADORA3,IDH_Mutant,TAM_microglia,TAM1/TAM2/microglia,0,0.01858391295437925,0.0039014203393133,0.6666666666666666,873
PTN,IDH_Mutant,T_cell,T cell,0,0.018534035517675313,0.0410665978377485,0.6666666666666666,874
JAM2,IDH_Mutant,tumor,AC_like_tumor,0,0.018402628953535664,0.0,0.3333333333333333,875
JAM2,IDH_WT,tumor,AC_like_tumor,0,0.018402628953535664,0.0,0.3333333333333333,876
PCDHGA10,IDH_Mutant,tumor,AC_like_tumor,0,0.018402628953535664,0.0,0.3333333333333333,877
PCDHGA10,IDH_WT,tumor,AC_like_tumor,0,0.018402628953535664,0.0,0.3333333333333333,878
PCDHGA10,IDH_Mutant,tumor,OPC_GABA_like_tumor,0,0.017844474475540207,0.0020400387040252,0.6666666666666666,879
CADM1,IDH_Mutant,tumor,OPC_GABA_like_tumor,0,0.017813438301462696,0.0116234274434474,1.0,880
NRCAM,IDH_WT,tumor,cycling_tumor,1,0.017780448726675526,0.005371724448235,1.0,881
CD99,IDH_Mutant,tumor,OPC_GABA_like_tumor,0,0.017740073086535114,0.0094000310679316,1.0,882
MRC1,IDH_Mutant,tumor,cycling_tumor,0,0.017441387515424747,0.0,0.3333333333333333,883
MRC1,IDH_WT,tumor,cycling_tumor,0,0.017441387515424747,0.0,0.3333333333333333,884
PTGER4,IDH_Mutant,tumor,cycling_tumor,0,0.017441387515424747,0.0,0.3333333333333333,885
PTGER4,IDH_WT,tumor,cycling_tumor,0,0.017441387515424747,0.0,0.3333333333333333,886
JAM3,IDH_Mutant,tumor,AC_like_tumor,0,0.01723543046054924,0.0,0.3333333333333333,887
NRCAM,IDH_Mutant,tumor,cycling_tumor,1,0.017023120077230624,0.005371724448235,1.0,888
ADORA3,IDH_Mutant,tumor,cycling_tumor,0,0.016644284015692505,0.0,0.3333333333333333,889
ADORA3,IDH_WT,tumor,cycling_tumor,0,0.016644284015692505,0.0,0.3333333333333333,890
DQA1,IDH_Mutant,tumor,cycling_tumor,0,0.016644284015692505,0.0,0.3333333333333333,891
DQA1,IDH_WT,tumor,cycling_tumor,0,0.016644284015692505,0.0,0.3333333333333333,892
APP,IDH_Mutant,T_cell,T cell,0,0.016604577717638284,0.0,0.3333333333333333,893
APP,IDH_WT,T_cell,T cell,0,0.016604577717638284,0.0,0.3333333333333333,894
HBEGF,IDH_Mutant,T_cell,T cell,0,0.016604577717638284,0.0,0.3333333333333333,895
HBEGF,IDH_WT,T_cell,T cell,0,0.016604577717638284,0.0,0.3333333333333333,896
LAIR1,IDH_Mutant,T_cell,T cell,0,0.016604577717638284,0.0,0.3333333333333333,897
LAIR1,IDH_WT,T_cell,T cell,0,0.016604577717638284,0.0,0.3333333333333333,898
SLC1A3,IDH_Mutant,T_cell,T cell,0,0.016604577717638284,0.0,0.3333333333333333,899
SLC1A3,IDH_WT,T_cell,T cell,0,0.016604577717638284,0.0,0.3333333333333333,900
CADM1,IDH_Mutant,tumor,AC_like_tumor,0,0.01642271759594008,0.0047318087990022,0.6666666666666666,901
CADM1,IDH_WT,tumor,AC_like_tumor,0,0.01642271759594008,0.0047318087990022,0.6666666666666666,902
PDGFA,IDH_WT,TAM_microglia,TAM1/TAM2/microglia,0,0.01626020310838004,0.0,0.6666666666666666,903
PTGES3,IDH_Mutant,tumor,cycling_tumor,0,0.016123315910411877,0.0142202862652484,0.6666666666666666,904
CLEC2B,IDH_Mutant,TAM_microglia,TAM1/TAM2/microglia,0,0.016078251487243907,0.0067936439601685,1.0,905
MIF,IDH_WT,TAM_microglia,TAM1/TAM2/microglia,1,0.015983759553537046,0.0301801420527412,1.0,906
MDK,IDH_Mutant,tumor,OPC_GABA_like_tumor,1,0.015767401307350836,0.0,0.3333333333333333,907
ROBO1,IDH_WT,tumor,cycling_tumor,0,0.015559259548897603,0.0012599632610479,1.0,908
APOE,IDH_Mutant,tumor,OPC_GABA_AC_like_tumor,0,0.015471378573903743,0.122364695000407,1.0,909
CD74,IDH_WT,tumor,OPC_GABA_AC_like_tumor,0,0.015351597610567688,0.0151993918896934,1.0,910
CD74,IDH_Mutant,tumor,OPC_GABA_AC_like_tumor,0,0.01524195265749978,0.0151993918896934,1.0,911
CLEC2B,IDH_WT,TAM_microglia,TAM1/TAM2/microglia,0,0.015050050019839875,0.0067936439601685,1.0,912
LAIR1,IDH_Mutant,tumor,cycling_tumor,0,0.0150005148400397,0.0,0.3333333333333333,913
LAIR1,IDH_WT,tumor,cycling_tumor,0,0.0150005148400397,0.0,0.3333333333333333,914
CD69,IDH_Mutant,tumor,cycling_tumor,0,0.014954900379461284,0.0,0.3333333333333333,915
CD69,IDH_WT,tumor,cycling_tumor,0,0.014954900379461284,0.0,0.3333333333333333,916
DMB,IDH_Mutant,tumor,cycling_tumor,0,0.014954900379461284,0.0,0.3333333333333333,917
DMB,IDH_WT,tumor,cycling_tumor,0,0.014954900379461284,0.0,0.3333333333333333,918
PDGFB,IDH_Mutant,tumor,cycling_tumor,0,0.014954900379461284,0.0,0.3333333333333333,919
PDGFB,IDH_WT,tumor,cycling_tumor,0,0.014954900379461284,0.0,0.3333333333333333,920
JAM3,IDH_WT,tumor,OPC_GABA_like_tumor,0,0.014914798695323186,0.0,0.6666666666666666,921
APOE,IDH_WT,tumor,OPC_GABA_AC_like_tumor,0,0.014684676980393732,0.122364695000407,1.0,922
TYROBP,IDH_WT,tumor,AC_like_tumor,0,0.01439268255057401,0.0,0.6666666666666666,923
C3,IDH_Mutant,T_cell,T cell,0,0.014280848091386933,0.0,0.3333333333333333,924
C3,IDH_WT,T_cell,T cell,0,0.014280848091386933,0.0,0.3333333333333333,925
DMB,IDH_Mutant,T_cell,T cell,0,0.014280848091386933,0.0,0.3333333333333333,926
DMB,IDH_WT,T_cell,T cell,0,0.014280848091386933,0.0,0.3333333333333333,927
NRXN2,IDH_Mutant,T_cell,T cell,0,0.014280848091386933,0.0,0.3333333333333333,928
NRXN2,IDH_WT,T_cell,T cell,0,0.014280848091386933,0.0,0.3333333333333333,929
PDGFB,IDH_Mutant,T_cell,T cell,0,0.014280848091386933,0.0,0.3333333333333333,930
PDGFB,IDH_WT,T_cell,T cell,0,0.014280848091386933,0.0,0.3333333333333333,931
PSAP,IDH_Mutant,T_cell,T cell,0,0.014280848091386933,0.0,0.3333333333333333,932
PSAP,IDH_WT,T_cell,T cell,0,0.014280848091386933,0.0,0.3333333333333333,933
SLC1A1,IDH_Mutant,T_cell,T cell,0,0.014280848091386933,0.0,0.3333333333333333,934
SLC1A1,IDH_WT,T_cell,T cell,0,0.014280848091386933,0.0,0.3333333333333333,935
THY1,IDH_Mutant,T_cell,T cell,0,0.014280848091386933,0.0,0.3333333333333333,936
THY1,IDH_WT,T_cell,T cell,0,0.014280848091386933,0.0,0.3333333333333333,937
ANXA1,IDH_WT,T_cell,T cell,0,0.014230508644974174,0.0086008858847479,0.6666666666666666,938
ENTPD1,IDH_Mutant,T_cell,T cell,0,0.01404296699534531,0.0,0.3333333333333333,939
ENTPD1,IDH_WT,T_cell,T cell,0,0.01404296699534531,0.0,0.3333333333333333,940
MPZL1,IDH_Mutant,T_cell,T cell,0,0.01404296699534531,0.0,0.3333333333333333,941
MPZL1,IDH_WT,T_cell,T cell,0,0.01404296699534531,0.0,0.3333333333333333,942
COL9A1,IDH_Mutant,T_cell,T cell,0,0.013849669489859207,0.0,0.3333333333333333,943
COL9A1,IDH_WT,T_cell,T cell,0,0.013849669489859207,0.0,0.3333333333333333,944
DMA,IDH_Mutant,T_cell,T cell,0,0.013849669489859207,0.0,0.3333333333333333,945
DMA,IDH_WT,T_cell,T cell,0,0.013849669489859207,0.0,0.3333333333333333,946
DQB1,IDH_Mutant,T_cell,T cell,0,0.013849669489859207,0.0,0.3333333333333333,947
DQB1,IDH_WT,T_cell,T cell,0,0.013849669489859207,0.0,0.3333333333333333,948
GRN,IDH_Mutant,T_cell,T cell,0,0.013849669489859207,0.0,0.3333333333333333,949
GRN,IDH_WT,T_cell,T cell,0,0.013849669489859207,0.0,0.3333333333333333,950
NRXN1,IDH_Mutant,T_cell,T cell,0,0.013849669489859207,0.0,0.3333333333333333,951
NRXN1,IDH_WT,T_cell,T cell,0,0.013849669489859207,0.0,0.3333333333333333,952
PDGFA,IDH_Mutant,T_cell,T cell,0,0.013849669489859207,0.0,0.3333333333333333,953
PDGFA,IDH_WT,T_cell,T cell,0,0.013849669489859207,0.0,0.3333333333333333,954
PTGES3,IDH_WT,tumor,OPC_GABA_AC_like_tumor,0,0.013701570080996508,0.0083171818782097,1.0,955
GAS6,IDH_WT,TAM_microglia,TAM1/TAM2/microglia,0,0.013513372635984644,0.012077162692356,1.0,956
ADORA3,IDH_Mutant,T_cell,T cell,0,0.013503612599492542,0.0,0.3333333333333333,957
ADORA3,IDH_WT,T_cell,T cell,0,0.013503612599492542,0.0,0.3333333333333333,958
CNTN1,IDH_Mutant,T_cell,T cell,0,0.013503612599492542,0.0,0.3333333333333333,959
CNTN1,IDH_WT,T_cell,T cell,0,0.013503612599492542,0.0,0.3333333333333333,960
DLL3,IDH_Mutant,T_cell,T cell,0,0.013503612599492542,0.0,0.3333333333333333,961
DLL3,IDH_WT,T_cell,T cell,0,0.013503612599492542,0.0,0.3333333333333333,962
DQA1,IDH_Mutant,T_cell,T cell,0,0.013503612599492542,0.0,0.3333333333333333,963
DQA1,IDH_WT,T_cell,T cell,0,0.013503612599492542,0.0,0.3333333333333333,964
GLS,IDH_Mutant,T_cell,T cell,0,0.013503612599492542,0.0,0.3333333333333333,965
GLS,IDH_WT,T_cell,T cell,0,0.013503612599492542,0.0,0.3333333333333333,966
SLITRK2,IDH_Mutant,T_cell,T cell,0,0.013503612599492542,0.0,0.3333333333333333,967
SLITRK2,IDH_WT,T_cell,T cell,0,0.013503612599492542,0.0,0.3333333333333333,968
DLL3,IDH_WT,tumor,OPC_GABA_AC_like_tumor,0,0.01309786424509873,0.0089272829550743,1.0,969
MRC1,IDH_Mutant,TAM_microglia,TAM1/TAM2/microglia,0,0.013043188619674217,0.0190396652672054,0.6666666666666666,970
MRC1,IDH_WT,TAM_microglia,TAM1/TAM2/microglia,0,0.013043188619674217,0.0190396652672054,0.6666666666666666,971
CLDN11,IDH_WT,tumor,cycling_tumor,0,0.012962689928685687,0.0009540821944767284,1.0,972
CD4,IDH_Mutant,tumor,cycling_tumor,0,0.012804684136585243,0.0,0.6666666666666666,973
CD99,IDH_Mutant,tumor,AC_like_tumor,0,0.012704975964508217,0.0,0.6666666666666666,974
C3,IDH_Mutant,tumor,OPC_GABA_AC_like_tumor,0,0.012618264181900096,0.0,0.6666666666666666,975
ENTPD1,IDH_Mutant,tumor,cycling_tumor,0,0.0125346421809607,0.0,0.3333333333333333,976
ENTPD1,IDH_WT,tumor,cycling_tumor,0,0.0125346421809607,0.0,0.3333333333333333,977
CD69,IDH_Mutant,TAM_microglia,TAM1/TAM2/microglia,0,0.012393214042235822,0.0054582771010761,0.6666666666666666,978
PCDHGA10,IDH_WT,tumor,OPC_GABA_like_tumor,0,0.012387736293414742,0.0020400387040252,1.0,979
LILRB4,IDH_Mutant,tumor,cycling_tumor,0,0.01227527502244773,0.0,0.6666666666666666,980
SLITRK2,IDH_WT,tumor,OPC_GABA_like_tumor,0,0.01197765841589927,0.0,0.6666666666666666,981
DLL1,IDH_WT,tumor,OPC_GABA_like_tumor,0,0.011927292025363046,0.000913646620500901,1.0,982
CLDN11,IDH_Mutant,T_cell,T cell,0,0.011897878344003592,0.0,0.3333333333333333,983
CLDN11,IDH_WT,T_cell,T cell,0,0.011897878344003592,0.0,0.3333333333333333,984
LILRB4,IDH_WT,TAM_microglia,TAM1/TAM2/microglia,0,0.011866404625894167,0.0042054497069747,1.0,985
SLITRK2,IDH_WT,tumor,cycling_tumor,0,0.011701216862668172,0.0011930593981233,1.0,986
SDC3,IDH_Mutant,tumor,OPC_GABA_like_tumor,0,0.011523704550326402,0.0,0.6666666666666666,987
CDH2,IDH_Mutant,T_cell,T cell,0,0.011498824241202127,0.0,0.3333333333333333,988
CDH2,IDH_WT,T_cell,T cell,0,0.011498824241202127,0.0,0.3333333333333333,989
JAM3,IDH_Mutant,T_cell,T cell,0,0.011498824241202127,0.0,0.3333333333333333,990
JAM3,IDH_WT,T_cell,T cell,0,0.011498824241202127,0.0,0.3333333333333333,991
PCDHGC3,IDH_Mutant,T_cell,T cell,0,0.011498824241202127,0.0,0.3333333333333333,992
PCDHGC3,IDH_WT,T_cell,T cell,0,0.011498824241202127,0.0,0.3333333333333333,993
AREG,IDH_Mutant,TAM_microglia,TAM1/TAM2/microglia,0,0.011247155395327738,0.0,0.6666666666666666,994
DRB1,IDH_Mutant,tumor,AC_like_tumor,0,0.011074873010578148,0.0041600414779594,0.6666666666666666,995
DRB1,IDH_WT,tumor,AC_like_tumor,0,0.011074873010578148,0.0041600414779594,0.6666666666666666,996
SLITRK2,IDH_Mutant,tumor,cycling_tumor,0,0.010761148042282318,0.0011930593981233,1.0,997
CXCR4,IDH_Mutant,tumor,OPC_GABA_like_tumor,0,0.010752181360309877,0.0,0.3333333333333333,998
CXCR4,IDH_WT,tumor,OPC_GABA_like_tumor,0,0.010752181360309877,0.0,0.3333333333333333,999
HAVCR2,IDH_Mutant,tumor,OPC_GABA_like_tumor,0,0.010752181360309877,0.0,0.3333333333333333,1000
HAVCR2,IDH_WT,tumor,OPC_GABA_like_tumor,0,0.010752181360309877,0.0,0.3333333333333333,1001
ITGB2,IDH_Mutant,tumor,OPC_GABA_like_tumor,0,0.010752181360309877,0.0,0.3333333333333333,1002
ITGB2,IDH_WT,tumor,OPC_GABA_like_tumor,0,0.010752181360309877,0.0,0.3333333333333333,1003
TREM2,IDH_Mutant,tumor,OPC_GABA_like_tumor,0,0.010752181360309877,0.0,0.3333333333333333,1004
TREM2,IDH_WT,tumor,OPC_GABA_like_tumor,0,0.010752181360309877,0.0,0.3333333333333333,1005
ROBO1,IDH_Mutant,tumor,cycling_tumor,0,0.010736879077018344,0.0012599632610479,1.0,1006
THY1,IDH_WT,tumor,OPC_GABA_like_tumor,0,0.010705708087259624,0.0075597332050079,1.0,1007
MERTK,IDH_WT,tumor,OPC_GABA_like_tumor,0,0.010695644045366302,0.0,0.3333333333333333,1008
PTPRC,IDH_Mutant,T_cell,T cell,0,0.010648724377151784,0.0190396652672054,1.0,1009
TNFRSF1A,IDH_WT,tumor,OPC_GABA_like_tumor,0,0.010641298547400493,0.0,0.3333333333333333,1010
TNFRSF1A,IDH_Mutant,tumor,OPC_GABA_like_tumor,0,0.010591043164538513,0.0,0.6666666666666666,1011
CADM1,IDH_WT,tumor,OPC_GABA_like_tumor,0,0.010506119048758655,0.0116234274434474,0.6666666666666666,1012
AREG,IDH_Mutant,T_cell,T cell,1,0.010506085418160555,0.0324842206972956,1.0,1013
ANXA1,IDH_Mutant,T_cell,T cell,0,0.010491485739020586,0.0086008858847479,1.0,1014
DLL3,IDH_WT,tumor,cycling_tumor,0,0.010486570132852318,0.0053419001169697,1.0,1015
ITGAV,IDH_WT,TAM_microglia,TAM1/TAM2/microglia,0,0.010483791315397882,0.0342673920775937,1.0,1016
DPA1,IDH_Mutant,tumor,AC_like_tumor,0,0.010463902074606093,0.0056489295785856,0.6666666666666666,1017
DPA1,IDH_WT,tumor,AC_like_tumor,0,0.010463902074606093,0.0056489295785856,0.6666666666666666,1018
MERTK,IDH_Mutant,tumor,OPC_GABA_like_tumor,0,0.010382530738473035,0.0,0.6666666666666666,1019
CD44,IDH_Mutant,TAM_microglia,TAM1/TAM2/microglia,1,0.01033064619594185,0.0,0.3333333333333333,1020
GRN,IDH_Mutant,TAM_microglia,TAM1/TAM2/microglia,0,0.01025370843803666,0.005960292884092,1.0,1021
PTPRC,IDH_WT,T_cell,T cell,0,0.01024520919740938,0.0190396652672054,1.0,1022
CD74,IDH_WT,tumor,OPC_GABA_like_tumor,0,0.010204484623858149,0.0,0.6666666666666666,1023
DLL3,IDH_WT,tumor,OPC_GABA_like_tumor,0,0.01019355599116187,0.0102880806075418,1.0,1024
AREG,IDH_Mutant,tumor,cycling_tumor,0,0.00996012536314363,0.0,0.3333333333333333,1025
AREG,IDH_WT,tumor,cycling_tumor,0,0.00996012536314363,0.0,0.3333333333333333,1026
DRB5,IDH_Mutant,tumor,cycling_tumor,0,0.00996012536314363,0.0,0.3333333333333333,1027
DRB5,IDH_WT,tumor,cycling_tumor,0,0.00996012536314363,0.0,0.3333333333333333,1028
TNF,IDH_Mutant,tumor,cycling_tumor,0,0.00996012536314363,0.0,0.3333333333333333,1029
TNF,IDH_WT,tumor,cycling_tumor,0,0.00996012536314363,0.0,0.3333333333333333,1030
TNFRSF1A,IDH_Mutant,TAM_microglia,TAM1/TAM2/microglia,0,0.00987665886049855,0.0056018898340466,0.6666666666666666,1031
TYROBP,IDH_Mutant,tumor,cycling_tumor,0,0.009863228962304542,0.0,0.6666666666666666,1032
KLRB1,IDH_Mutant,tumor,OPC_GABA_like_tumor,0,0.009771529310611428,0.0,0.3333333333333333,1033
KLRB1,IDH_WT,tumor,OPC_GABA_like_tumor,0,0.009771529310611428,0.0,0.3333333333333333,1034
TGFBR2,IDH_Mutant,tumor,OPC_GABA_like_tumor,0,0.009771529310611428,0.0,0.3333333333333333,1035
TGFBR2,IDH_WT,tumor,OPC_GABA_like_tumor,0,0.009771529310611428,0.0,0.3333333333333333,1036
TNFRSF1B,IDH_Mutant,tumor,OPC_GABA_like_tumor,0,0.009771529310611428,0.0,0.3333333333333333,1037
TNFRSF1B,IDH_WT,tumor,OPC_GABA_like_tumor,0,0.009771529310611428,0.0,0.3333333333333333,1038
CD44,IDH_WT,TAM_microglia,TAM1/TAM2/microglia,1,0.009769855226557725,0.0,0.6666666666666666,1039
ITGB1,IDH_Mutant,TAM_microglia,TAM1/TAM2/microglia,0,0.009699831122804854,0.0342673920775937,0.6666666666666666,1040
ITGB1,IDH_WT,TAM_microglia,TAM1/TAM2/microglia,0,0.009699831122804854,0.0342673920775937,0.6666666666666666,1041
TGFBR2,IDH_Mutant,tumor,cycling_tumor,0,0.00966287108027564,0.0,0.6666666666666666,1042
JAM3,IDH_Mutant,tumor,cycling_tumor,0,0.009638269933200808,0.001159002926699,1.0,1043
DLL3,IDH_Mutant,tumor,cycling_tumor,0,0.00961166657076744,0.0053419001169697,1.0,1044
DAG1,IDH_Mutant,TAM_microglia,TAM1/TAM2/microglia,0,0.009598040882301845,0.0,0.3333333333333333,1045
DAG1,IDH_WT,TAM_microglia,TAM1/TAM2/microglia,0,0.009598040882301845,0.0,0.3333333333333333,1046
GRIA3,IDH_Mutant,TAM_microglia,TAM1/TAM2/microglia,0,0.009598040882301845,0.0,0.3333333333333333,1047
GRIA3,IDH_WT,TAM_microglia,TAM1/TAM2/microglia,0,0.009598040882301845,0.0,0.3333333333333333,1048
ITGB8,IDH_Mutant,TAM_microglia,TAM1/TAM2/microglia,0,0.009598040882301845,0.0,0.3333333333333333,1049
ITGB8,IDH_WT,TAM_microglia,TAM1/TAM2/microglia,0,0.009598040882301845,0.0,0.3333333333333333,1050
LRRTM3,IDH_Mutant,TAM_microglia,TAM1/TAM2/microglia,0,0.009598040882301845,0.0,0.3333333333333333,1051
LRRTM3,IDH_WT,TAM_microglia,TAM1/TAM2/microglia,0,0.009598040882301845,0.0,0.3333333333333333,1052
NLGN3,IDH_Mutant,TAM_microglia,TAM1/TAM2/microglia,0,0.009598040882301845,0.0,0.3333333333333333,1053
NLGN3,IDH_WT,TAM_microglia,TAM1/TAM2/microglia,0,0.009598040882301845,0.0,0.3333333333333333,1054
PDGFRA,IDH_Mutant,TAM_microglia,TAM1/TAM2/microglia,0,0.009598040882301845,0.0,0.3333333333333333,1055
PDGFRA,IDH_WT,TAM_microglia,TAM1/TAM2/microglia,0,0.009598040882301845,0.0,0.3333333333333333,1056
PTPRD,IDH_Mutant,TAM_microglia,TAM1/TAM2/microglia,0,0.009598040882301845,0.0,0.3333333333333333,1057
PTPRD,IDH_WT,TAM_microglia,TAM1/TAM2/microglia,0,0.009598040882301845,0.0,0.3333333333333333,1058
GRIK2,IDH_Mutant,TAM_microglia,TAM1/TAM2/microglia,0,0.009581602761661446,0.0,0.3333333333333333,1059
GRIK2,IDH_WT,TAM_microglia,TAM1/TAM2/microglia,0,0.009581602761661446,0.0,0.3333333333333333,1060
NCAM2,IDH_Mutant,TAM_microglia,TAM1/TAM2/microglia,0,0.009581602761661446,0.0,0.3333333333333333,1061
NCAM2,IDH_WT,TAM_microglia,TAM1/TAM2/microglia,0,0.009581602761661446,0.0,0.3333333333333333,1062
NRCAM,IDH_Mutant,TAM_microglia,TAM1/TAM2/microglia,0,0.009581602761661446,0.0,0.3333333333333333,1063
NRCAM,IDH_WT,TAM_microglia,TAM1/TAM2/microglia,0,0.009581602761661446,0.0,0.3333333333333333,1064
PILRB,IDH_Mutant,TAM_microglia,TAM1/TAM2/microglia,0,0.009581602761661446,0.0,0.3333333333333333,1065
PILRB,IDH_WT,TAM_microglia,TAM1/TAM2/microglia,0,0.009581602761661446,0.0,0.3333333333333333,1066
ROBO1,IDH_Mutant,TAM_microglia,TAM1/TAM2/microglia,0,0.009581602761661446,0.0,0.3333333333333333,1067
ROBO1,IDH_WT,TAM_microglia,TAM1/TAM2/microglia,0,0.009581602761661446,0.0,0.3333333333333333,1068
CADM1,IDH_Mutant,T_cell,T cell,0,0.009439944732773278,0.0,0.3333333333333333,1069
CADM1,IDH_WT,T_cell,T cell,0,0.009439944732773278,0.0,0.3333333333333333,1070
JAM2,IDH_Mutant,T_cell,T cell,0,0.009439944732773278,0.0,0.3333333333333333,1071
JAM2,IDH_WT,T_cell,T cell,0,0.009439944732773278,0.0,0.3333333333333333,1072
PCDHGA10,IDH_Mutant,T_cell,T cell,0,0.009439944732773278,0.0,0.3333333333333333,1073
PCDHGA10,IDH_WT,T_cell,T cell,0,0.009439944732773278,0.0,0.3333333333333333,1074
ENTPD1,IDH_WT,TAM_microglia,TAM1/TAM2/microglia,0,0.009420954383700105,0.0134956831199029,1.0,1075
GRIA2,IDH_Mutant,TAM_microglia,TAM1/TAM2/microglia,0,0.009358958883083569,0.0,0.3333333333333333,1076
GRIA2,IDH_WT,TAM_microglia,TAM1/TAM2/microglia,0,0.009358958883083569,0.0,0.3333333333333333,1077
KLRC2,IDH_Mutant,TAM_microglia,TAM1/TAM2/microglia,0,0.009358958883083569,0.0,0.3333333333333333,1078
KLRC2,IDH_WT,TAM_microglia,TAM1/TAM2/microglia,0,0.009358958883083569,0.0,0.3333333333333333,1079
LRRTM2,IDH_Mutant,TAM_microglia,TAM1/TAM2/microglia,0,0.009358958883083569,0.0,0.3333333333333333,1080
LRRTM2,IDH_WT,TAM_microglia,TAM1/TAM2/microglia,0,0.009358958883083569,0.0,0.3333333333333333,1081
NLGN1,IDH_Mutant,TAM_microglia,TAM1/TAM2/microglia,0,0.009358958883083569,0.0,0.3333333333333333,1082
NLGN1,IDH_WT,TAM_microglia,TAM1/TAM2/microglia,0,0.009358958883083569,0.0,0.3333333333333333,1083
TMIGD3,IDH_WT,tumor,cycling_tumor,0,0.009331103958803825,0.0,0.6666666666666666,1084
SLITRK2,IDH_Mutant,tumor,OPC_GABA_like_tumor,0,0.00928707811872544,0.0,0.3333333333333333,1085
DLL1,IDH_Mutant,T_cell,T cell,0,0.009262280906731497,0.0,0.3333333333333333,1086
DLL1,IDH_WT,T_cell,T cell,0,0.009262280906731497,0.0,0.3333333333333333,1087
DRB5,IDH_Mutant,T_cell,T cell,0,0.009262280906731497,0.0,0.3333333333333333,1088
DRB5,IDH_WT,T_cell,T cell,0,0.009262280906731497,0.0,0.3333333333333333,1089
GAS6,IDH_Mutant,T_cell,T cell,0,0.009262280906731497,0.0,0.3333333333333333,1090
GAS6,IDH_WT,T_cell,T cell,0,0.009262280906731497,0.0,0.3333333333333333,1091
LGALS9,IDH_Mutant,T_cell,T cell,0,0.009262280906731497,0.0,0.3333333333333333,1092
LGALS9,IDH_WT,T_cell,T cell,0,0.009262280906731497,0.0,0.3333333333333333,1093
MDK,IDH_Mutant,T_cell,T cell,0,0.009262280906731497,0.0,0.3333333333333333,1094
MDK,IDH_WT,T_cell,T cell,0,0.009262280906731497,0.0,0.3333333333333333,1095
PTGES2,IDH_Mutant,T_cell,T cell,0,0.009262280906731497,0.0,0.3333333333333333,1096
PTGES2,IDH_WT,T_cell,T cell,0,0.009262280906731497,0.0,0.3333333333333333,1097
SLIT1,IDH_Mutant,T_cell,T cell,0,0.009262280906731497,0.0,0.3333333333333333,1098
SLIT1,IDH_WT,T_cell,T cell,0,0.009262280906731497,0.0,0.3333333333333333,1099
TGFB1,IDH_Mutant,T_cell,T cell,0,0.009262280906731497,0.0,0.3333333333333333,1100
TGFB1,IDH_WT,T_cell,T cell,0,0.009262280906731497,0.0,0.3333333333333333,1101
TNF,IDH_Mutant,T_cell,T cell,0,0.009262280906731497,0.0,0.3333333333333333,1102
TNF,IDH_WT,T_cell,T cell,0,0.009262280906731497,0.0,0.3333333333333333,1103
CD44,IDH_WT,tumor,cycling_tumor,0,0.009231070501916508,0.0,0.6666666666666666,1104
DLL3,IDH_WT,tumor,AC_like_tumor,0,0.009215447796947083,0.0036567591714335,1.0,1105
AXL,IDH_Mutant,tumor,OPC_GABA_like_tumor,0,0.009206292648149598,0.0,0.3333333333333333,1106
AXL,IDH_WT,tumor,OPC_GABA_like_tumor,0,0.009206292648149598,0.0,0.3333333333333333,1107
CD4,IDH_Mutant,tumor,OPC_GABA_like_tumor,0,0.009206292648149598,0.0,0.3333333333333333,1108
CD4,IDH_WT,tumor,OPC_GABA_like_tumor,0,0.009206292648149598,0.0,0.3333333333333333,1109
ITGAX,IDH_Mutant,tumor,OPC_GABA_like_tumor,0,0.009206292648149598,0.0,0.3333333333333333,1110
ITGAX,IDH_WT,tumor,OPC_GABA_like_tumor,0,0.009206292648149598,0.0,0.3333333333333333,1111
LILRB4,IDH_Mutant,tumor,OPC_GABA_like_tumor,0,0.009206292648149598,0.0,0.3333333333333333,1112
LILRB4,IDH_WT,tumor,OPC_GABA_like_tumor,0,0.009206292648149598,0.0,0.3333333333333333,1113
HAVCR2,IDH_Mutant,tumor,cycling_tumor,0,0.009196907849459458,0.0,0.6666666666666666,1114
THY1,IDH_Mutant,tumor,OPC_GABA_like_tumor,0,0.009173988146016927,0.0075597332050079,1.0,1115
C3AR1,IDH_Mutant,tumor,cycling_tumor,0,0.009011675290141378,0.0,0.6666666666666666,1116
CD74,IDH_Mutant,tumor,OPC_GABA_like_tumor,0,0.008913253733918155,0.0,0.6666666666666666,1117
C3AR1,IDH_Mutant,tumor,OPC_GABA_like_tumor,0,0.008831061675596436,0.0,0.3333333333333333,1118
C3AR1,IDH_WT,tumor,OPC_GABA_like_tumor,0,0.008831061675596436,0.0,0.3333333333333333,1119
FPR1,IDH_Mutant,tumor,OPC_GABA_like_tumor,0,0.008831061675596436,0.0,0.3333333333333333,1120
FPR1,IDH_WT,tumor,OPC_GABA_like_tumor,0,0.008831061675596436,0.0,0.3333333333333333,1121
MRC1,IDH_Mutant,tumor,OPC_GABA_like_tumor,0,0.008831061675596436,0.0,0.3333333333333333,1122
MRC1,IDH_WT,tumor,OPC_GABA_like_tumor,0,0.008831061675596436,0.0,0.3333333333333333,1123
PTGER4,IDH_Mutant,tumor,OPC_GABA_like_tumor,0,0.008831061675596436,0.0,0.3333333333333333,1124
PTGER4,IDH_WT,tumor,OPC_GABA_like_tumor,0,0.008831061675596436,0.0,0.3333333333333333,1125
TMIGD3,IDH_Mutant,tumor,OPC_GABA_like_tumor,0,0.008831061675596436,0.0,0.3333333333333333,1126
TMIGD3,IDH_WT,tumor,OPC_GABA_like_tumor,0,0.008831061675596436,0.0,0.3333333333333333,1127
CD69,IDH_WT,T_cell,T cell,1,0.008795983832030922,0.0319079660883083,1.0,1128
DLL3,IDH_Mutant,tumor,OPC_GABA_like_tumor,0,0.00875441420491784,0.0102880806075418,1.0,1129
PTGES3,IDH_Mutant,tumor,AC_like_tumor,0,0.00872996689121845,0.0074110138974112,0.6666666666666666,1130
PTGES3,IDH_WT,tumor,AC_like_tumor,0,0.00872996689121845,0.0074110138974112,0.6666666666666666,1131
FPR1,IDH_Mutant,tumor,cycling_tumor,0,0.008665362746702359,0.0,0.6666666666666666,1132
DLL1,IDH_Mutant,tumor,OPC_GABA_like_tumor,0,0.008581785951404726,0.000913646620500901,1.0,1133
CLDN11,IDH_Mutant,tumor,cycling_tumor,0,0.008529131360164598,0.0009540821944767284,0.6666666666666666,1134
GRIA4,IDH_Mutant,TAM_microglia,TAM1/TAM2/microglia,0,0.008348097836544017,0.0,0.3333333333333333,1135
GRIA4,IDH_WT,TAM_microglia,TAM1/TAM2/microglia,0,0.008348097836544017,0.0,0.3333333333333333,1136
NOTCH1,IDH_Mutant,TAM_microglia,TAM1/TAM2/microglia,0,0.008348097836544017,0.0,0.3333333333333333,1137
NOTCH1,IDH_WT,TAM_microglia,TAM1/TAM2/microglia,0,0.008348097836544017,0.0,0.3333333333333333,1138
PTPRZ1,IDH_Mutant,TAM_microglia,TAM1/TAM2/microglia,0,0.008348097836544017,0.0,0.3333333333333333,1139
PTPRZ1,IDH_WT,TAM_microglia,TAM1/TAM2/microglia,0,0.008348097836544017,0.0,0.3333333333333333,1140
PSAP,IDH_WT,tumor,OPC_GABA_like_tumor,0,0.008338242768643428,0.0022598039211921,0.6666666666666666,1141
LAIR1,IDH_WT,TAM_microglia,TAM1/TAM2/microglia,0,0.008249008712122339,0.0042054497069747,1.0,1142
DMA,IDH_Mutant,tumor,OPC_GABA_like_tumor,0,0.008237242741210732,0.0,0.3333333333333333,1143
DMA,IDH_WT,tumor,OPC_GABA_like_tumor,0,0.008237242741210732,0.0,0.3333333333333333,1144
DQB1,IDH_Mutant,tumor,OPC_GABA_like_tumor,0,0.008237242741210732,0.0,0.3333333333333333,1145
DQB1,IDH_WT,tumor,OPC_GABA_like_tumor,0,0.008237242741210732,0.0,0.3333333333333333,1146
PDGFA,IDH_Mutant,tumor,OPC_GABA_like_tumor,0,0.008237242741210732,0.0,0.3333333333333333,1147
PDGFA,IDH_WT,tumor,OPC_GABA_like_tumor,0,0.008237242741210732,0.0,0.3333333333333333,1148
AREG,IDH_WT,T_cell,T cell,1,0.008219091059464004,0.0324842206972956,1.0,1149
JAM3,IDH_WT,tumor,cycling_tumor,0,0.008213267303239036,0.001159002926699,1.0,1150
LAIR1,IDH_Mutant,TAM_microglia,TAM1/TAM2/microglia,0,0.00813537827566371,0.0042054497069747,1.0,1151
CD69,IDH_Mutant,T_cell,T cell,1,0.00812572178582235,0.0319079660883083,1.0,1152
TYROBP,IDH_WT,tumor,cycling_tumor,0,0.008124526186057555,0.0,0.6666666666666666,1153
DLL3,IDH_Mutant,tumor,OPC_GABA_AC_like_tumor,0,0.007986804155079569,0.0089272829550743,1.0,1154
SLIT1,IDH_WT,tumor,OPC_GABA_like_tumor,0,0.0079803432543604,0.0026014314511136,1.0,1155
C3,IDH_Mutant,tumor,OPC_GABA_like_tumor,0,0.007921751734300039,0.0,0.3333333333333333,1156
C3,IDH_WT,tumor,OPC_GABA_like_tumor,0,0.007921751734300039,0.0,0.3333333333333333,1157
CD69,IDH_Mutant,tumor,OPC_GABA_like_tumor,0,0.007921751734300039,0.0,0.3333333333333333,1158
CD69,IDH_WT,tumor,OPC_GABA_like_tumor,0,0.007921751734300039,0.0,0.3333333333333333,1159
CLEC2B,IDH_Mutant,tumor,OPC_GABA_like_tumor,0,0.007921751734300039,0.0,0.3333333333333333,1160
CLEC2B,IDH_WT,tumor,OPC_GABA_like_tumor,0,0.007921751734300039,0.0,0.3333333333333333,1161
DMB,IDH_Mutant,tumor,OPC_GABA_like_tumor,0,0.007921751734300039,0.0,0.3333333333333333,1162
DMB,IDH_WT,tumor,OPC_GABA_like_tumor,0,0.007921751734300039,0.0,0.3333333333333333,1163
PDGFB,IDH_Mutant,tumor,OPC_GABA_like_tumor,0,0.007921751734300039,0.0,0.3333333333333333,1164
PDGFB,IDH_WT,tumor,OPC_GABA_like_tumor,0,0.007921751734300039,0.0,0.3333333333333333,1165
CDH2,IDH_Mutant,tumor,OPC_GABA_like_tumor,0,0.007801443773731695,0.0044510612440127,0.6666666666666666,1166
CDH2,IDH_WT,tumor,OPC_GABA_like_tumor,0,0.007801443773731695,0.0044510612440127,0.6666666666666666,1167
PCDHGC3,IDH_Mutant,tumor,cycling_tumor,0,0.007791305424661593,0.000909242078728849,1.0,1168
PILRA,IDH_Mutant,tumor,OPC_GABA_like_tumor,0,0.007565214320948047,0.0,0.3333333333333333,1169
PILRA,IDH_WT,tumor,OPC_GABA_like_tumor,0,0.007565214320948047,0.0,0.3333333333333333,1170
CD69,IDH_WT,TAM_microglia,TAM1/TAM2/microglia,0,0.007526810440251083,0.0054582771010761,1.0,1171
AXL,IDH_Mutant,TAM_microglia,TAM1/TAM2/microglia,0,0.007517941032949565,0.0038266213753899,0.6666666666666666,1172
AXL,IDH_WT,TAM_microglia,TAM1/TAM2/microglia,0,0.007517941032949565,0.0038266213753899,0.6666666666666666,1173
DLL3,IDH_Mutant,tumor,AC_like_tumor,0,0.007477726310382585,0.0036567591714335,1.0,1174
ENTPD1,IDH_Mutant,TAM_microglia,TAM1/TAM2/microglia,0,0.0074764038304167835,0.0134956831199029,1.0,1175
PTPRC,IDH_Mutant,TAM_microglia,TAM1/TAM2/microglia,0,0.007352539684004894,0.0145823282133185,0.6666666666666666,1176
DQB1,IDH_Mutant,TAM_microglia,TAM1/TAM2/microglia,0,0.007309569501515273,0.018298993149735,0.6666666666666666,1177
DQB1,IDH_WT,TAM_microglia,TAM1/TAM2/microglia,0,0.007309569501515273,0.018298993149735,0.6666666666666666,1178
GRN,IDH_Mutant,tumor,cycling_tumor,0,0.007281220282913265,0.0010429007073132,1.0,1179
ENTPD1,IDH_Mutant,tumor,OPC_GABA_like_tumor,0,0.007239794900493262,0.0,0.3333333333333333,1180
ENTPD1,IDH_WT,tumor,OPC_GABA_like_tumor,0,0.007239794900493262,0.0,0.3333333333333333,1181
PTPRC,IDH_Mutant,tumor,OPC_GABA_like_tumor,0,0.007239794900493262,0.0,0.3333333333333333,1182
PTPRC,IDH_WT,tumor,OPC_GABA_like_tumor,0,0.007239794900493262,0.0,0.3333333333333333,1183
ANXA1,IDH_Mutant,tumor,OPC_GABA_like_tumor,0,0.007216461807958534,0.0,0.6666666666666666,1184
SLIT1,IDH_Mutant,tumor,OPC_GABA_like_tumor,0,0.007162286728800239,0.0026014314511136,1.0,1185
ITGAV,IDH_Mutant,TAM_microglia,TAM1/TAM2/microglia,0,0.007084965355266026,0.0342673920775937,1.0,1186
NRXN2,IDH_Mutant,TAM_microglia,TAM1/TAM2/microglia,0,0.007033221630563044,0.0,0.3333333333333333,1187
NRXN2,IDH_WT,TAM_microglia,TAM1/TAM2/microglia,0,0.007033221630563044,0.0,0.3333333333333333,1188
SLC1A1,IDH_Mutant,TAM_microglia,TAM1/TAM2/microglia,0,0.007033221630563044,0.0,0.3333333333333333,1189
SLC1A1,IDH_WT,TAM_microglia,TAM1/TAM2/microglia,0,0.007033221630563044,0.0,0.3333333333333333,1190
THY1,IDH_Mutant,TAM_microglia,TAM1/TAM2/microglia,0,0.007033221630563044,0.0,0.3333333333333333,1191
THY1,IDH_WT,TAM_microglia,TAM1/TAM2/microglia,0,0.007033221630563044,0.0,0.3333333333333333,1192
PCDHGC3,IDH_Mutant,tumor,OPC_GABA_like_tumor,0,0.007007356690056787,0.0,0.6666666666666666,1193
TMIGD3,IDH_Mutant,tumor,cycling_tumor,0,0.0069050421136058315,0.0,0.6666666666666666,1194
TREM2,IDH_WT,tumor,cycling_tumor,0,0.006824914972911865,0.0,0.6666666666666666,1195
CXCR4,IDH_WT,tumor,cycling_tumor,0,0.006662504997222549,0.0,0.6666666666666666,1196
PSAP,IDH_Mutant,tumor,OPC_GABA_like_tumor,0,0.00662505952177207,0.0022598039211921,1.0,1197
ITGB2,IDH_WT,tumor,cycling_tumor,0,0.00656122106095821,0.0,0.6666666666666666,1198
PCDHGC3,IDH_WT,tumor,cycling_tumor,0,0.006543323545120459,0.000909242078728849,1.0,1199
DMA,IDH_Mutant,TAM_microglia,TAM1/TAM2/microglia,0,0.006502478389111714,0.017037430185218,0.6666666666666666,1200
DMA,IDH_WT,TAM_microglia,TAM1/TAM2/microglia,0,0.006502478389111714,0.017037430185218,0.6666666666666666,1201
CXCR4,IDH_Mutant,tumor,cycling_tumor,0,0.006444357881103554,0.0,0.6666666666666666,1202
ANXA1,IDH_Mutant,tumor,AC_like_tumor,0,0.006403976270008395,0.0059288892579909,0.6666666666666666,1203
ANXA1,IDH_WT,tumor,AC_like_tumor,0,0.006403976270008395,0.0059288892579909,0.6666666666666666,1204
ANXA1,IDH_WT,tumor,OPC_GABA_like_tumor,0,0.006402198833314818,0.0,0.6666666666666666,1205
ITGB2,IDH_Mutant,tumor,cycling_tumor,0,0.00639061137172364,0.0,0.6666666666666666,1206
TREM2,IDH_Mutant,tumor,cycling_tumor,0,0.00639061137172364,0.0,0.6666666666666666,1207
DPA1,IDH_Mutant,T_cell,T cell,0,0.006349057853909099,0.0064586265870979,0.6666666666666666,1208
DPA1,IDH_WT,T_cell,T cell,0,0.006349057853909099,0.0064586265870979,0.6666666666666666,1209
C3,IDH_Mutant,tumor,cycling_tumor,0,0.006316677124889777,0.0,0.6666666666666666,1210
CLEC2B,IDH_Mutant,tumor,cycling_tumor,0,0.006283652587842997,0.0,0.6666666666666666,1211
C3,IDH_WT,tumor,cycling_tumor,0,0.006268096935865561,0.0,0.6666666666666666,1212
CLEC2B,IDH_WT,tumor,cycling_tumor,0,0.006268096935865561,0.0,0.6666666666666666,1213
CNTN1,IDH_Mutant,TAM_microglia,TAM1/TAM2/microglia,0,0.006262359776230057,0.0,0.3333333333333333,1214
CNTN1,IDH_WT,TAM_microglia,TAM1/TAM2/microglia,0,0.006262359776230057,0.0,0.3333333333333333,1215
DLL3,IDH_Mutant,TAM_microglia,TAM1/TAM2/microglia,0,0.006262359776230057,0.0,0.3333333333333333,1216
DLL3,IDH_WT,TAM_microglia,TAM1/TAM2/microglia,0,0.006262359776230057,0.0,0.3333333333333333,1217
SLITRK2,IDH_Mutant,TAM_microglia,TAM1/TAM2/microglia,0,0.006262359776230057,0.0,0.3333333333333333,1218
SLITRK2,IDH_WT,TAM_microglia,TAM1/TAM2/microglia,0,0.006262359776230057,0.0,0.3333333333333333,1219
SORL1,IDH_Mutant,tumor,cycling_tumor,0,0.006210376969391843,0.0,0.6666666666666666,1220
ADORA3,IDH_Mutant,tumor,OPC_GABA_like_tumor,0,0.006195279415185573,0.0,0.3333333333333333,1221
ADORA3,IDH_WT,tumor,OPC_GABA_like_tumor,0,0.006195279415185573,0.0,0.3333333333333333,1222
DQA1,IDH_Mutant,tumor,OPC_GABA_like_tumor,0,0.006195279415185573,0.0,0.3333333333333333,1223
DQA1,IDH_WT,tumor,OPC_GABA_like_tumor,0,0.006195279415185573,0.0,0.3333333333333333,1224
E,IDH_Mutant,tumor,OPC_GABA_like_tumor,0,0.006195279415185573,0.0,0.3333333333333333,1225
E,IDH_WT,tumor,OPC_GABA_like_tumor,0,0.006195279415185573,0.0,0.3333333333333333,1226
GAS6,IDH_Mutant,tumor,cycling_tumor,0,0.006189139896161854,0.0,0.6666666666666666,1227
TGFB1,IDH_Mutant,tumor,cycling_tumor,0,0.006189139896161854,0.0,0.6666666666666666,1228
SORL1,IDH_WT,tumor,cycling_tumor,0,0.006170792056269537,0.0,0.6666666666666666,1229
PTPRC,IDH_WT,TAM_microglia,TAM1/TAM2/microglia,0,0.006136470608484671,0.0145823282133185,1.0,1230
SORL1,IDH_Mutant,tumor,OPC_GABA_like_tumor,0,0.0061364530360246295,0.0,0.6666666666666666,1231
DRB1,IDH_Mutant,T_cell,T cell,0,0.006073726331514152,0.0055041634560057,0.6666666666666666,1232
DRB1,IDH_WT,T_cell,T cell,0,0.006073726331514152,0.0055041634560057,0.6666666666666666,1233
DPB1,IDH_Mutant,TAM_microglia,TAM1/TAM2/microglia,0,0.006062647835552627,0.0313832325589142,0.6666666666666666,1234
DPB1,IDH_WT,TAM_microglia,TAM1/TAM2/microglia,0,0.006062647835552627,0.0313832325589142,0.6666666666666666,1235
CLEC2D,IDH_Mutant,TAM_microglia,TAM1/TAM2/microglia,0,0.006032043526868395,0.0,0.3333333333333333,1236
CLEC2D,IDH_WT,TAM_microglia,TAM1/TAM2/microglia,0,0.006032043526868395,0.0,0.3333333333333333,1237
DPA1,IDH_Mutant,tumor,OPC_GABA_like_tumor,0,0.00599614876488199,0.0,0.3333333333333333,1238
DPA1,IDH_WT,tumor,OPC_GABA_like_tumor,0,0.00599614876488199,0.0,0.3333333333333333,1239
DRB1,IDH_Mutant,tumor,OPC_GABA_like_tumor,0,0.00599614876488199,0.0,0.3333333333333333,1240
DRB1,IDH_WT,tumor,OPC_GABA_like_tumor,0,0.00599614876488199,0.0,0.3333333333333333,1241
HBEGF,IDH_Mutant,tumor,OPC_GABA_like_tumor,0,0.00599614876488199,0.0,0.3333333333333333,1242
HBEGF,IDH_WT,tumor,OPC_GABA_like_tumor,0,0.00599614876488199,0.0,0.3333333333333333,1243
LAIR1,IDH_Mutant,tumor,OPC_GABA_like_tumor,0,0.00599614876488199,0.0,0.3333333333333333,1244
LAIR1,IDH_WT,tumor,OPC_GABA_like_tumor,0,0.00599614876488199,0.0,0.3333333333333333,1245
P4HB,IDH_Mutant,tumor,OPC_GABA_like_tumor,0,0.005952933324530186,0.0013611245332281,0.6666666666666666,1246
P4HB,IDH_WT,tumor,OPC_GABA_like_tumor,0,0.005952933324530186,0.0013611245332281,0.6666666666666666,1247
PSAP,IDH_Mutant,tumor,AC_like_tumor,0,0.005951644565519874,0.0021302161985696,0.6666666666666666,1248
PSAP,IDH_WT,tumor,AC_like_tumor,0,0.005951644565519874,0.0021302161985696,0.6666666666666666,1249
PTPRC,IDH_WT,tumor,cycling_tumor,0,0.005877605920628643,0.0,0.6666666666666666,1250
LGALS9,IDH_Mutant,tumor,cycling_tumor,0,0.005806801194419597,0.0,0.6666666666666666,1251
PTPRC,IDH_Mutant,tumor,cycling_tumor,0,0.005717752130265541,0.0,0.6666666666666666,1252
THY1,IDH_WT,tumor,cycling_tumor,0,0.005639596096326258,0.0141911373026763,1.0,1253
ANXA1,IDH_WT,TAM_microglia,TAM1/TAM2/microglia,0,0.005593971983090933,0.0062273756011233,1.0,1254
CD44,IDH_WT,tumor,OPC_GABA_like_tumor,0,0.005495241900825715,0.0,0.6666666666666666,1255
CD44,IDH_Mutant,tumor,OPC_GABA_like_tumor,0,0.005487199736668665,0.0,0.6666666666666666,1256
E,IDH_Mutant,T_cell,T cell,0,0.005469607548432734,0.0243335020236749,0.6666666666666666,1257
E,IDH_WT,T_cell,T cell,0,0.005469607548432734,0.0243335020236749,0.6666666666666666,1258
PSAP,IDH_Mutant,TAM_microglia,TAM1/TAM2/microglia,0,0.005430685977547299,0.0103328573239385,1.0,1259
TGFB1,IDH_Mutant,TAM_microglia,TAM1/TAM2/microglia,0,0.005420343691788704,0.0050238491740621,0.6666666666666666,1260
TGFB1,IDH_WT,TAM_microglia,TAM1/TAM2/microglia,0,0.005420343691788704,0.0050238491740621,0.6666666666666666,1261
DRA,IDH_Mutant,tumor,AC_like_tumor,0,0.005406109996968894,0.0076760484327047,0.6666666666666666,1262
DRA,IDH_WT,tumor,AC_like_tumor,0,0.005406109996968894,0.0076760484327047,0.6666666666666666,1263
DRA,IDH_Mutant,T_cell,T cell,0,0.005393924250976572,0.0155067311054044,0.6666666666666666,1264
DRA,IDH_WT,T_cell,T cell,0,0.005393924250976572,0.0155067311054044,0.6666666666666666,1265
PTGES3,IDH_Mutant,TAM_microglia,TAM1/TAM2/microglia,0,0.005388291619135985,0.0070705546616578,0.6666666666666666,1266
PTGES3,IDH_WT,TAM_microglia,TAM1/TAM2/microglia,0,0.005388291619135985,0.0070705546616578,0.6666666666666666,1267
THY1,IDH_Mutant,tumor,cycling_tumor,0,0.005387221242903114,0.0141911373026763,1.0,1268
DRA,IDH_Mutant,tumor,OPC_GABA_AC_like_tumor,0,0.0053554561682100255,0.0062435412835112,0.6666666666666666,1269
DRA,IDH_WT,tumor,OPC_GABA_AC_like_tumor,0,0.0053554561682100255,0.0062435412835112,0.6666666666666666,1270
DPB1,IDH_Mutant,T_cell,T cell,0,0.0052968291746527075,0.0064620288945377,0.6666666666666666,1271
DPB1,IDH_WT,T_cell,T cell,0,0.0052968291746527075,0.0064620288945377,0.6666666666666666,1272
ANXA1,IDH_Mutant,tumor,cycling_tumor,0,0.005273240742753841,0.005857065867727,0.6666666666666666,1273
CDH2,IDH_Mutant,TAM_microglia,TAM1/TAM2/microglia,0,0.005166166773631774,0.0,0.3333333333333333,1274
CDH2,IDH_WT,TAM_microglia,TAM1/TAM2/microglia,0,0.005166166773631774,0.0,0.3333333333333333,1275
JAM3,IDH_Mutant,TAM_microglia,TAM1/TAM2/microglia,0,0.005166166773631774,0.0,0.3333333333333333,1276
JAM3,IDH_WT,TAM_microglia,TAM1/TAM2/microglia,0,0.005166166773631774,0.0,0.3333333333333333,1277
PCDHGC3,IDH_Mutant,TAM_microglia,TAM1/TAM2/microglia,0,0.005166166773631774,0.0,0.3333333333333333,1278
PCDHGC3,IDH_WT,TAM_microglia,TAM1/TAM2/microglia,0,0.005166166773631774,0.0,0.3333333333333333,1279
BSG,IDH_Mutant,TAM_microglia,TAM1/TAM2/microglia,0,0.0049445056006054006,0.0,0.3333333333333333,1280
BSG,IDH_WT,TAM_microglia,TAM1/TAM2/microglia,0,0.0049445056006054006,0.0,0.3333333333333333,1281
EGFR,IDH_Mutant,TAM_microglia,TAM1/TAM2/microglia,0,0.0049445056006054006,0.0,0.3333333333333333,1282
EGFR,IDH_WT,TAM_microglia,TAM1/TAM2/microglia,0,0.0049445056006054006,0.0,0.3333333333333333,1283
GPR37L1,IDH_Mutant,TAM_microglia,TAM1/TAM2/microglia,0,0.0049445056006054006,0.0,0.3333333333333333,1284
GPR37L1,IDH_WT,TAM_microglia,TAM1/TAM2/microglia,0,0.0049445056006054006,0.0,0.3333333333333333,1285
KLRB1,IDH_Mutant,TAM_microglia,TAM1/TAM2/microglia,0,0.0049445056006054006,0.0,0.3333333333333333,1286
KLRB1,IDH_WT,TAM_microglia,TAM1/TAM2/microglia,0,0.0049445056006054006,0.0,0.3333333333333333,1287
SDC3,IDH_Mutant,TAM_microglia,TAM1/TAM2/microglia,0,0.0049445056006054006,0.0,0.3333333333333333,1288
SDC3,IDH_WT,TAM_microglia,TAM1/TAM2/microglia,0,0.0049445056006054006,0.0,0.3333333333333333,1289
SORL1,IDH_WT,tumor,OPC_GABA_like_tumor,0,0.0049204793677383556,0.0,0.6666666666666666,1290
DPB1,IDH_Mutant,tumor,AC_like_tumor,0,0.004796274966304057,0.0056623552726468,0.6666666666666666,1291
DPB1,IDH_WT,tumor,AC_like_tumor,0,0.004796274966304057,0.0056623552726468,0.6666666666666666,1292
PSAP,IDH_WT,tumor,cycling_tumor,0,0.0047862659667392395,0.0023740659443612,0.6666666666666666,1293
DRA,IDH_Mutant,TAM_microglia,TAM1/TAM2/microglia,0,0.004688584856455242,0.0431531889546866,0.6666666666666666,1294
DRA,IDH_WT,TAM_microglia,TAM1/TAM2/microglia,0,0.004688584856455242,0.0431531889546866,0.6666666666666666,1295
COL9A1,IDH_Mutant,TAM_microglia,TAM1/TAM2/microglia,0,0.004529238804623322,0.0,0.3333333333333333,1296
COL9A1,IDH_WT,TAM_microglia,TAM1/TAM2/microglia,0,0.004529238804623322,0.0,0.3333333333333333,1297
NRXN1,IDH_Mutant,TAM_microglia,TAM1/TAM2/microglia,0,0.004529238804623322,0.0,0.3333333333333333,1298
NRXN1,IDH_WT,TAM_microglia,TAM1/TAM2/microglia,0,0.004529238804623322,0.0,0.3333333333333333,1299
CLEC2B,IDH_Mutant,T_cell,T cell,0,0.004337684577870559,0.0096511344119366,0.6666666666666666,1300
CLEC2B,IDH_WT,T_cell,T cell,0,0.004337684577870559,0.0096511344119366,0.6666666666666666,1301
PTGES3,IDH_Mutant,T_cell,T cell,0,0.004232043795408319,0.0036836510154045,0.6666666666666666,1302
PTGES3,IDH_WT,T_cell,T cell,0,0.004232043795408319,0.0036836510154045,0.6666666666666666,1303
CLDN11,IDH_Mutant,TAM_microglia,TAM1/TAM2/microglia,0,0.003969833846783755,0.0,0.3333333333333333,1304
CLDN11,IDH_WT,TAM_microglia,TAM1/TAM2/microglia,0,0.003969833846783755,0.0,0.3333333333333333,1305
GRN,IDH_WT,TAM_microglia,TAM1/TAM2/microglia,0,0.0038509757157764355,0.005960292884092,0.6666666666666666,1306
ANXA1,IDH_Mutant,TAM_microglia,TAM1/TAM2/microglia,0,0.0038220902253033665,0.0062273756011233,1.0,1307
DPA1,IDH_Mutant,TAM_microglia,TAM1/TAM2/microglia,0,0.003815719955383652,0.0333971442545754,0.6666666666666666,1308
DPA1,IDH_WT,TAM_microglia,TAM1/TAM2/microglia,0,0.003815719955383652,0.0333971442545754,0.6666666666666666,1309
DRB1,IDH_Mutant,TAM_microglia,TAM1/TAM2/microglia,0,0.003815719955383652,0.0334073134215138,0.6666666666666666,1310
DRB1,IDH_WT,TAM_microglia,TAM1/TAM2/microglia,0,0.003815719955383652,0.0334073134215138,0.6666666666666666,1311
LRP1,IDH_Mutant,TAM_microglia,TAM1/TAM2/microglia,0,0.003766187588598159,0.0018372268831769,0.6666666666666666,1312
LRP1,IDH_WT,TAM_microglia,TAM1/TAM2/microglia,0,0.003766187588598159,0.0018372268831769,0.6666666666666666,1313
JAM2,IDH_Mutant,TAM_microglia,TAM1/TAM2/microglia,0,0.0036124023220442114,0.0,0.3333333333333333,1314
JAM2,IDH_WT,TAM_microglia,TAM1/TAM2/microglia,0,0.0036124023220442114,0.0,0.3333333333333333,1315
NCAM1,IDH_Mutant,TAM_microglia,TAM1/TAM2/microglia,0,0.0036124023220442114,0.0,0.3333333333333333,1316
NCAM1,IDH_WT,TAM_microglia,TAM1/TAM2/microglia,0,0.0036124023220442114,0.0,0.3333333333333333,1317
PCDHGA10,IDH_Mutant,TAM_microglia,TAM1/TAM2/microglia,0,0.0036124023220442114,0.0,0.3333333333333333,1318
PCDHGA10,IDH_WT,TAM_microglia,TAM1/TAM2/microglia,0,0.0036124023220442114,0.0,0.3333333333333333,1319
DLL1,IDH_Mutant,TAM_microglia,TAM1/TAM2/microglia,0,0.003599330554932023,0.0,0.3333333333333333,1320
DLL1,IDH_WT,TAM_microglia,TAM1/TAM2/microglia,0,0.003599330554932023,0.0,0.3333333333333333,1321
MDK,IDH_Mutant,TAM_microglia,TAM1/TAM2/microglia,0,0.003599330554932023,0.0,0.3333333333333333,1322
MDK,IDH_WT,TAM_microglia,TAM1/TAM2/microglia,0,0.003599330554932023,0.0,0.3333333333333333,1323
PTGES2,IDH_Mutant,TAM_microglia,TAM1/TAM2/microglia,0,0.003599330554932023,0.0,0.3333333333333333,1324
PTGES2,IDH_WT,TAM_microglia,TAM1/TAM2/microglia,0,0.003599330554932023,0.0,0.3333333333333333,1325
SLIT1,IDH_Mutant,TAM_microglia,TAM1/TAM2/microglia,0,0.003599330554932023,0.0,0.3333333333333333,1326
SLIT1,IDH_WT,TAM_microglia,TAM1/TAM2/microglia,0,0.003599330554932023,0.0,0.3333333333333333,1327
DPA1,IDH_Mutant,tumor,cycling_tumor,0,0.003547372246866652,0.0128370136176889,0.6666666666666666,1328
DPA1,IDH_WT,tumor,cycling_tumor,0,0.003547372246866652,0.0128370136176889,0.6666666666666666,1329
AREG,IDH_Mutant,tumor,OPC_GABA_like_tumor,0,0.0032764759207204197,0.0,0.3333333333333333,1330
AREG,IDH_WT,tumor,OPC_GABA_like_tumor,0,0.0032764759207204197,0.0,0.3333333333333333,1331
DPB1,IDH_Mutant,tumor,OPC_GABA_like_tumor,0,0.0032764759207204197,0.0,0.3333333333333333,1332
DPB1,IDH_WT,tumor,OPC_GABA_like_tumor,0,0.0032764759207204197,0.0,0.3333333333333333,1333
DRB5,IDH_Mutant,tumor,OPC_GABA_like_tumor,0,0.0032764759207204197,0.0,0.3333333333333333,1334
DRB5,IDH_WT,tumor,OPC_GABA_like_tumor,0,0.0032764759207204197,0.0,0.3333333333333333,1335
GAS6,IDH_Mutant,tumor,OPC_GABA_like_tumor,0,0.0032764759207204197,0.0,0.3333333333333333,1336
GAS6,IDH_WT,tumor,OPC_GABA_like_tumor,0,0.0032764759207204197,0.0,0.3333333333333333,1337
LGALS9,IDH_Mutant,tumor,OPC_GABA_like_tumor,0,0.0032764759207204197,0.0,0.3333333333333333,1338
LGALS9,IDH_WT,tumor,OPC_GABA_like_tumor,0,0.0032764759207204197,0.0,0.3333333333333333,1339
TGFB1,IDH_Mutant,tumor,OPC_GABA_like_tumor,0,0.0032764759207204197,0.0,0.3333333333333333,1340
TGFB1,IDH_WT,tumor,OPC_GABA_like_tumor,0,0.0032764759207204197,0.0,0.3333333333333333,1341
TNF,IDH_Mutant,tumor,OPC_GABA_like_tumor,0,0.0032764759207204197,0.0,0.3333333333333333,1342
TNF,IDH_WT,tumor,OPC_GABA_like_tumor,0,0.0032764759207204197,0.0,0.3333333333333333,1343
DMB,IDH_Mutant,TAM_microglia,TAM1/TAM2/microglia,0,0.0032655462629863677,0.0046828301407175,0.6666666666666666,1344
DMB,IDH_WT,TAM_microglia,TAM1/TAM2/microglia,0,0.0032655462629863677,0.0046828301407175,0.6666666666666666,1345
E,IDH_Mutant,tumor,cycling_tumor,0,0.0032379669485744977,0.0040438839943757,0.6666666666666666,1346
E,IDH_WT,tumor,cycling_tumor,0,0.0032379669485744977,0.0040438839943757,0.6666666666666666,1347
E,IDH_Mutant,TAM_microglia,TAM1/TAM2/microglia,0,0.003216133918012602,0.0287367317117394,0.6666666666666666,1348
E,IDH_WT,TAM_microglia,TAM1/TAM2/microglia,0,0.003216133918012602,0.0287367317117394,0.6666666666666666,1349
DRB1,IDH_Mutant,tumor,cycling_tumor,0,0.0030356015265436383,0.0072428603962872,0.6666666666666666,1350
DRB1,IDH_WT,tumor,cycling_tumor,0,0.0030356015265436383,0.0072428603962872,0.6666666666666666,1351
PSAP,IDH_WT,TAM_microglia,TAM1/TAM2/microglia,0,0.0029850792875826216,0.0103328573239385,0.6666666666666666,1352
ANXA1,IDH_WT,tumor,cycling_tumor,0,0.002984946880183866,0.005857065867727,1.0,1353
DRA,IDH_Mutant,tumor,OPC_GABA_like_tumor,0,0.0028263510246889175,0.0029418197824012,0.6666666666666666,1354
DRA,IDH_WT,tumor,OPC_GABA_like_tumor,0,0.0028263510246889175,0.0029418197824012,0.6666666666666666,1355
DRB5,IDH_Mutant,TAM_microglia,TAM1/TAM2/microglia,0,0.002758066047447029,0.0153299905391955,0.6666666666666666,1356
DRB5,IDH_WT,TAM_microglia,TAM1/TAM2/microglia,0,0.002758066047447029,0.0153299905391955,0.6666666666666666,1357
DRA,IDH_Mutant,tumor,cycling_tumor,0,0.002734338331083152,0.0226256983458374,0.6666666666666666,1358
DRA,IDH_WT,tumor,cycling_tumor,0,0.002734338331083152,0.0226256983458374,0.6666666666666666,1359
PSAP,IDH_Mutant,tumor,cycling_tumor,0,0.0027045136066834925,0.0023740659443612,1.0,1360
DMA,IDH_Mutant,tumor,cycling_tumor,0,0.0026558275364334154,0.0032317829215343,0.6666666666666666,1361
DMA,IDH_WT,tumor,cycling_tumor,0,0.0026558275364334154,0.0032317829215343,0.6666666666666666,1362
DQA1,IDH_Mutant,TAM_microglia,TAM1/TAM2/microglia,0,0.002384617039902567,0.0140740943328221,0.6666666666666666,1363
DQA1,IDH_WT,TAM_microglia,TAM1/TAM2/microglia,0,0.002384617039902567,0.0140740943328221,0.6666666666666666,1364
PTN,IDH_Mutant,TAM_microglia,TAM1/TAM2/microglia,0,0.002287695515928559,0.0010558520129411,0.6666666666666666,1365
PTN,IDH_WT,TAM_microglia,TAM1/TAM2/microglia,0,0.002287695515928559,0.0010558520129411,0.6666666666666666,1366
DPB1,IDH_Mutant,tumor,cycling_tumor,0,0.0019291620929132655,0.0102525480035964,0.6666666666666666,1367
DPB1,IDH_WT,tumor,cycling_tumor,0,0.0019291620929132655,0.0102525480035964,0.6666666666666666,1368
